# Blender 4.0.2
# www.blender.org
mtllib 2distph_r.mtl
o 2distph_r
v 0.002804 -0.017267 0.002189
v 0.003096 -0.017229 0.002096
v 0.002978 -0.017042 0.002271
v 0.002795 -0.017251 0.002198
v 0.002950 -0.017441 0.002028
v 0.002628 -0.017482 0.002106
v 0.002763 -0.017582 0.001935
v 0.003121 -0.017199 0.002108
v 0.003274 -0.017227 0.001943
v 0.003252 -0.017267 0.001933
v 0.002802 -0.016669 0.002409
v 0.003508 -0.016293 0.002272
v 0.003264 -0.016307 0.002390
v 0.002469 -0.017226 0.002257
v 0.003076 -0.017480 0.001849
v 0.002886 -0.017604 0.001755
v 0.002290 -0.017417 0.002171
v 0.002569 -0.017676 0.001837
v 0.002242 -0.017682 0.001910
v 0.002691 -0.017688 0.001655
v 0.003422 -0.017017 0.002012
v 0.003344 -0.017239 0.001782
v 0.003366 -0.017234 0.001746
v 0.003189 -0.017440 0.001661
v 0.002230 -0.016864 0.002361
v 0.002694 -0.016362 0.002465
v 0.002992 -0.015893 0.002475
v 0.003699 -0.016677 0.001897
v 0.003837 -0.016213 0.001950
v 0.003749 -0.015846 0.002134
v 0.003335 -0.015861 0.002409
v 0.001989 -0.017346 0.002178
v 0.002999 -0.017561 0.001567
v 0.002803 -0.017641 0.001466
v 0.001901 -0.017600 0.001974
v 0.002489 -0.017735 0.001551
v 0.002370 -0.017737 0.001734
v 0.002038 -0.017713 0.001804
v 0.002602 -0.017688 0.001362
v 0.003543 -0.017027 0.001830
v 0.003314 -0.017286 0.001415
v 0.003478 -0.017178 0.001556
v 0.001633 -0.016491 0.002419
v 0.001521 -0.016950 0.002323
v 0.001585 -0.017097 0.002278
v 0.002604 -0.015941 0.002453
v 0.003084 -0.015458 0.002404
v 0.003655 -0.016977 0.001641
v 0.003814 -0.016650 0.001711
v 0.004009 -0.015860 0.001780
v 0.003438 -0.015431 0.002283
v 0.004023 -0.015425 0.001768
v 0.001759 -0.017382 0.002112
v 0.003174 -0.017325 0.001216
v 0.003001 -0.017367 0.001067
v 0.001693 -0.017604 0.001864
v 0.001828 -0.017700 0.001693
v 0.002283 -0.017745 0.001442
v 0.002395 -0.017696 0.001253
v 0.001953 -0.017739 0.001515
v 0.002592 -0.017414 0.000852
v 0.003579 -0.017057 0.001358
v 0.000893 -0.016591 0.002299
v 0.001259 -0.016100 0.002423
v 0.001396 -0.017221 0.002183
v 0.001284 -0.016983 0.002269
v 0.001544 -0.017410 0.002023
v 0.002793 -0.015235 0.002342
v 0.002303 -0.015555 0.002347
v 0.003411 -0.015015 0.002166
v 0.003753 -0.016798 0.001439
v 0.004117 -0.015900 0.001345
v 0.003959 -0.016360 0.001282
v 0.004222 -0.015017 0.001363
v 0.003658 -0.015000 0.002049
v 0.004152 -0.015000 0.001571
v 0.003849 -0.014995 0.001904
v 0.004028 -0.014993 0.001752
v 0.003506 -0.016881 0.000979
v 0.003364 -0.016811 0.000742
v 0.002890 -0.017219 0.000755
v 0.001480 -0.017571 0.001750
v 0.001613 -0.017659 0.001578
v 0.001737 -0.017683 0.001398
v 0.002070 -0.017720 0.001330
v 0.002191 -0.017478 0.000890
v 0.001852 -0.017654 0.001211
v 0.002718 -0.017027 0.000522
v 0.002455 -0.017093 0.000520
v 0.002148 -0.017233 0.000610
v 0.003806 -0.016184 0.000701
v 0.001069 -0.017018 0.002183
v 0.000689 -0.016626 0.002197
v 0.000816 -0.016934 0.002111
v 0.000777 -0.016168 0.002326
v 0.000608 -0.016350 0.002222
v 0.000883 -0.015720 0.002340
v 0.001195 -0.017268 0.002079
v 0.001338 -0.017422 0.001915
v 0.002614 -0.014667 0.002223
v 0.003048 -0.014208 0.002014
v 0.003525 -0.014592 0.001961
v 0.001934 -0.015164 0.002344
v 0.004126 -0.015547 0.000843
v 0.004227 -0.015066 0.000946
v 0.004240 -0.014582 0.001353
v 0.004229 -0.014854 0.000867
v 0.003993 -0.014567 0.001715
v 0.004144 -0.014570 0.001548
v 0.003834 -0.014576 0.001802
v 0.003678 -0.015925 0.000376
v 0.002962 -0.016899 0.000533
v 0.003500 -0.015682 0.000134
v 0.003253 -0.016132 0.000243
v 0.001259 -0.017483 0.001629
v 0.001290 -0.017499 0.001587
v 0.001513 -0.017582 0.001275
v 0.000920 -0.017205 0.001192
v 0.001877 -0.017504 0.000972
v 0.001394 -0.017381 0.000958
v 0.002774 -0.016615 0.000290
v 0.001902 -0.016988 0.000470
v 0.002809 -0.015785 -0.000059
v 0.002247 -0.016309 0.000130
v 0.001583 -0.017048 0.000550
v 0.001251 -0.017021 0.000620
v 0.004014 -0.015567 0.000592
v 0.000983 -0.017247 0.001966
v 0.000880 -0.017056 0.002056
v 0.000593 -0.016835 0.001989
v 0.000520 -0.016666 0.002040
v 0.000462 -0.015780 0.002243
v 0.000383 -0.016238 0.002098
v 0.001440 -0.014786 0.002347
v 0.001142 -0.013963 0.002271
v 0.000380 -0.014942 0.002070
v 0.000637 -0.013612 0.002062
v 0.001126 -0.017397 0.001802
v 0.002850 -0.013789 0.002063
v 0.001880 -0.013874 0.002294
v 0.003818 -0.014159 0.001677
v 0.001430 -0.014356 0.002323
v 0.003875 -0.015192 0.000244
v 0.004137 -0.014827 0.000571
v 0.004259 -0.014465 0.001112
v 0.004070 -0.014151 0.001492
v 0.004124 -0.013739 0.001256
v 0.004232 -0.014234 0.000644
v 0.004260 -0.013683 0.000833
v 0.004240 -0.014186 0.001042
v 0.003896 -0.014153 0.001646
v 0.003702 -0.015645 0.000241
v 0.003688 -0.014813 -0.000034
v 0.003397 -0.015281 -0.000046
v 0.001036 -0.017386 0.001507
v 0.000793 -0.017160 0.001370
v 0.000785 -0.016900 0.000862
v 0.001148 -0.017132 0.000817
v 0.001644 -0.016737 0.000347
v 0.001390 -0.016356 0.000172
v 0.001975 -0.016293 0.000113
v 0.002280 -0.015737 -0.000123
v 0.003039 -0.015040 -0.000245
v 0.001332 -0.016768 0.000407
v 0.000754 -0.017107 0.001839
v 0.000904 -0.017308 0.001681
v 0.000744 -0.017098 0.001834
v 0.000448 -0.016690 0.001906
v 0.000202 -0.015397 0.002075
v 0.000048 -0.015867 0.001906
v 0.000104 -0.016320 0.001708
v 0.001398 -0.013931 0.002288
v 0.001398 -0.013898 0.002286
v 0.000169 -0.014977 0.001977
v -0.000318 -0.013380 0.001299
v 0.000377 -0.013228 0.001895
v 0.000360 -0.011963 0.001901
v 0.003978 -0.013736 0.001425
v 0.002486 -0.013387 0.002155
v 0.002812 -0.013365 0.002025
v 0.003849 -0.013327 0.001339
v 0.001839 -0.013268 0.002245
v 0.004001 -0.014319 0.000169
v 0.004215 -0.013752 0.001059
v 0.003942 -0.012908 0.001124
v 0.004204 -0.013843 0.000318
v 0.004292 -0.013798 0.000608
v 0.004226 -0.012946 0.000536
v 0.003642 -0.014105 -0.000214
v 0.003434 -0.014107 -0.000324
v 0.000403 -0.016752 0.001393
v 0.000193 -0.016391 0.001020
v 0.000400 -0.016525 0.000888
v 0.001047 -0.016382 0.000277
v 0.000594 -0.016401 0.000549
v 0.000234 -0.016016 0.000533
v 0.001913 -0.015889 -0.000064
v 0.000874 -0.015151 -0.000152
v 0.001716 -0.015558 -0.000182
v 0.001187 -0.015126 -0.000234
v 0.002095 -0.015454 -0.000233
v 0.002748 -0.014531 -0.000410
v 0.000371 -0.016732 0.001621
v -0.000087 -0.015461 0.001816
v 0.000097 -0.016309 0.001704
v -0.000053 -0.015895 0.001785
v 0.000102 -0.016321 0.001700
v 0.001506 -0.013055 0.002250
v 0.001360 -0.012211 0.002193
v 0.000934 -0.011402 0.002110
v -0.000195 -0.015053 0.001703
v -0.000438 -0.014253 0.001363
v -0.000616 -0.013875 0.001072
v -0.000658 -0.013040 0.000840
v -0.000369 -0.012128 0.000931
v -0.000167 -0.012924 0.001334
v -0.000207 -0.012506 0.001246
v 0.000100 -0.011544 0.001722
v -0.000117 -0.012045 0.001374
v 0.000476 -0.011472 0.001978
v 0.002145 -0.012130 0.002112
v 0.001993 -0.012572 0.002191
v 0.003310 -0.012933 0.001530
v 0.002811 -0.011236 0.001686
v 0.002364 -0.011257 0.001943
v 0.003742 -0.012916 0.001265
v 0.003808 -0.013824 -0.000139
v 0.003961 -0.012504 0.000870
v 0.003826 -0.012497 0.001045
v 0.004264 -0.013400 0.000330
v 0.004258 -0.013403 0.000310
v 0.004215 -0.012977 0.000286
v 0.004061 -0.012514 0.000677
v 0.004127 -0.012532 0.000467
v 0.003787 -0.013521 -0.000214
v 0.003267 -0.012753 -0.000548
v 0.002657 -0.014118 -0.000487
v 0.002908 -0.013660 -0.000535
v 0.000068 -0.016355 0.001444
v 0.000075 -0.016009 0.000695
v -0.000134 -0.015953 0.001074
v -0.000175 -0.015966 0.001300
v 0.000250 -0.015606 0.000277
v -0.000276 -0.014806 0.000211
v 0.000695 -0.014519 -0.000274
v 0.001828 -0.014638 -0.000409
v 0.001561 -0.014236 -0.000413
v -0.000272 -0.015512 0.001557
v -0.000153 -0.015933 0.001556
v 0.001710 -0.010890 0.002025
v 0.001054 -0.010529 0.002044
v 0.000336 -0.010630 0.001893
v -0.000352 -0.015092 0.001529
v -0.000499 -0.014701 0.001320
v -0.000539 -0.014713 0.001251
v -0.000661 -0.013463 0.000934
v -0.000653 -0.014325 0.000976
v -0.000719 -0.013917 0.000817
v -0.000777 -0.013081 0.000611
v -0.000639 -0.012620 0.000663
v -0.000642 -0.012625 0.000662
v -0.000437 -0.011792 0.000488
v -0.000347 -0.011248 0.001014
v -0.000539 -0.012206 0.000452
v -0.000034 -0.010705 0.001628
v -0.000201 -0.010743 0.001468
v 0.003134 -0.011572 0.001378
v 0.003442 -0.012507 0.001335
v 0.003052 -0.010388 0.001284
v 0.002303 -0.010412 0.001808
v 0.002710 -0.010392 0.001596
v 0.003360 -0.011256 0.000991
v 0.003577 -0.011678 0.000878
v 0.004082 -0.013025 0.000016
v 0.004126 -0.012562 0.000213
v 0.004118 -0.012538 0.000216
v 0.003959 -0.012135 0.000316
v 0.003735 -0.011709 0.000470
v 0.003689 -0.012682 -0.000362
v 0.003873 -0.012645 -0.000228
v 0.002620 -0.012829 -0.000562
v 0.003400 -0.012296 -0.000486
v 0.002642 -0.012394 -0.000578
v 0.002830 -0.011941 -0.000597
v 0.003283 -0.011873 -0.000458
v 0.002873 -0.011062 -0.000546
v 0.002356 -0.013723 -0.000526
v 0.002605 -0.013554 -0.000539
v -0.000452 -0.015182 0.000873
v -0.000335 -0.015563 0.001198
v -0.000553 -0.014798 0.000557
v -0.000525 -0.014389 0.000308
v 0.000307 -0.014122 -0.000250
v -0.000602 -0.013971 0.000249
v -0.000523 -0.013556 0.000026
v -0.000095 -0.013959 -0.000123
v 0.001425 -0.013395 -0.000505
v 0.001809 -0.013778 -0.000457
v -0.000424 -0.015118 0.001378
v 0.001572 -0.010133 0.001969
v 0.000602 -0.009300 0.001871
v 0.000700 -0.008424 0.001839
v 0.001115 -0.009665 0.001954
v 0.000301 -0.008913 0.001766
v 0.000075 -0.008949 0.001694
v -0.000098 -0.010283 0.001577
v -0.000162 -0.009864 0.001525
v -0.000457 -0.015133 0.001277
v -0.000603 -0.014748 0.001021
v -0.000813 -0.013520 0.000611
v -0.000778 -0.013085 0.000611
v -0.000670 -0.014338 0.000891
v -0.000756 -0.013941 0.000659
v -0.000777 -0.013081 0.000610
v -0.000722 -0.012660 0.000375
v -0.000725 -0.012669 0.000382
v -0.000444 -0.011325 0.000464
v -0.000400 -0.011347 0.000242
v -0.000417 -0.011780 0.000252
v -0.000420 -0.010831 0.000948
v -0.000628 -0.012490 0.000171
v -0.000479 -0.012101 0.000233
v -0.000328 -0.009902 0.001364
v 0.003203 -0.009990 0.000854
v 0.003124 -0.009973 0.001058
v 0.002828 -0.009536 0.001375
v 0.002366 -0.009127 0.001605
v 0.001782 -0.008742 0.001773
v 0.002568 -0.008690 0.001447
v 0.003601 -0.011497 0.000636
v 0.003393 -0.010911 0.000747
v 0.003294 -0.010428 0.000727
v 0.003924 -0.012182 -0.000042
v 0.003739 -0.011766 -0.000018
v 0.003629 -0.011479 0.000158
v 0.003373 -0.010478 0.000226
v 0.003454 -0.010903 0.000223
v 0.003605 -0.012261 -0.000383
v 0.003767 -0.012178 -0.000232
v 0.001828 -0.012906 -0.000436
v 0.002034 -0.012454 -0.000484
v 0.002486 -0.011551 -0.000637
v 0.002666 -0.011099 -0.000646
v 0.003321 -0.011409 -0.000251
v 0.003360 -0.010947 -0.000047
v 0.003283 -0.010525 -0.000079
v 0.003102 -0.010147 -0.000364
v 0.002960 -0.010397 -0.000488
v -0.000694 -0.014362 0.000710
v -0.000636 -0.014381 0.000495
v -0.000710 -0.013961 0.000438
v 0.000174 -0.013520 -0.000346
v -0.000672 -0.013577 0.000195
v -0.000783 -0.013544 0.000382
v -0.000676 -0.013546 0.000191
v -0.000673 -0.013554 0.000189
v -0.000249 -0.013116 -0.000187
v -0.000551 -0.013129 -0.000007
v -0.000703 -0.013127 0.000159
v 0.000349 -0.012639 -0.000412
v 0.000949 -0.012581 -0.000493
v 0.000371 -0.008904 0.001775
v 0.001386 -0.007920 0.001775
v -0.000001 -0.008527 0.001662
v 0.000429 -0.008030 0.001767
v -0.000473 -0.008178 0.001404
v -0.000342 -0.009032 0.001404
v -0.000799 -0.013115 0.000354
v -0.000726 -0.012670 0.000374
v -0.000686 -0.012692 0.000149
v -0.000744 -0.009605 0.000611
v -0.000779 -0.009658 0.000215
v -0.000412 -0.010945 -0.000028
v -0.000343 -0.011366 0.000027
v -0.000373 -0.012010 0.000039
v -0.000627 -0.009100 0.001108
v -0.000505 -0.012510 -0.000009
v -0.000443 -0.012246 0.000012
v 0.003231 -0.009225 -0.000032
v 0.003232 -0.008392 -0.000329
v 0.003308 -0.010058 0.000174
v 0.003117 -0.008710 0.000753
v 0.003027 -0.008264 0.000932
v 0.002705 -0.008158 0.001250
v 0.001706 -0.007461 0.001672
v 0.003380 -0.010939 0.000003
v 0.003369 -0.010482 0.000203
v 0.001916 -0.011167 -0.000759
v 0.001175 -0.012130 -0.000571
v 0.001378 -0.011262 -0.000762
v 0.002397 -0.010715 -0.000800
v 0.002744 -0.009806 -0.000795
v 0.002943 -0.010185 -0.000536
v 0.003217 -0.009672 -0.000138
v 0.003154 -0.009269 -0.000327
v -0.000345 -0.012690 -0.000163
v -0.000120 -0.012679 -0.000291
v 0.000552 -0.012187 -0.000450
v 0.000082 -0.011790 -0.000306
v 0.000809 -0.011739 -0.000578
v 0.001371 -0.007059 0.001730
v 0.000102 -0.006770 0.001737
v -0.000283 -0.008141 0.001527
v -0.000965 -0.008760 0.000648
v -0.001342 -0.007487 0.000773
v -0.000852 -0.007371 0.001267
v -0.000492 -0.007129 0.001488
v -0.000981 -0.008994 0.000326
v -0.000502 -0.009725 -0.000621
v -0.000939 -0.009067 -0.000141
v -0.000298 -0.010956 -0.000214
v -0.000224 -0.011374 -0.000156
v -0.000206 -0.011803 -0.000128
v -0.000272 -0.012245 -0.000144
v 0.003312 -0.007931 -0.000187
v 0.003277 -0.008308 0.000327
v 0.002963 -0.008912 -0.000797
v 0.003171 -0.008248 -0.000716
v 0.003134 -0.008275 0.000743
v 0.002875 -0.007400 0.001061
v 0.003152 -0.007365 0.000713
v 0.002279 -0.007418 0.001486
v 0.001868 -0.005800 0.001692
v 0.001240 -0.010023 -0.001166
v 0.001337 -0.009310 -0.001391
v 0.002140 -0.009914 -0.001118
v 0.001253 -0.010856 -0.000877
v 0.001083 -0.011376 -0.000698
v 0.002718 -0.009388 -0.000904
v -0.000007 -0.011797 -0.000270
v -0.000040 -0.011371 -0.000306
v 0.000283 -0.010940 -0.000646
v 0.000348 -0.005802 0.001874
v 0.001104 -0.006214 0.001799
v -0.000353 -0.006840 0.001601
v -0.001425 -0.007643 0.000526
v -0.001135 -0.007014 0.001144
v -0.001790 -0.006675 0.000740
v -0.000966 -0.006948 0.001291
v -0.000956 -0.006235 0.001451
v -0.001393 -0.007999 0.000175
v -0.001217 -0.008441 -0.000069
v -0.000526 -0.009327 -0.000896
v 0.000015 -0.010818 -0.000547
v 0.003346 -0.007895 0.000100
v 0.003432 -0.007446 0.000126
v 0.003351 -0.007478 -0.000408
v 0.003203 -0.008284 0.000533
v 0.003289 -0.008064 0.000323
v 0.002919 -0.008540 -0.001083
v 0.003096 -0.008066 -0.001094
v 0.003163 -0.007641 -0.001239
v 0.003281 -0.007394 -0.001187
v 0.003330 -0.007566 -0.000772
v 0.003419 -0.007135 -0.000633
v 0.003261 -0.007418 0.000527
v 0.002716 -0.006853 0.001199
v 0.003095 -0.005822 0.001109
v 0.003113 -0.006521 0.000902
v 0.003456 -0.006982 0.000364
v 0.002167 -0.005681 0.001598
v 0.002450 -0.004726 0.001706
v 0.000742 -0.009710 -0.001196
v 0.001327 -0.008761 -0.001570
v 0.001601 -0.008313 -0.001720
v 0.001791 -0.008287 -0.001689
v 0.002340 -0.009046 -0.001304
v 0.002762 -0.008559 -0.001265
v 0.000079 -0.009711 -0.001053
v 0.000756 -0.005368 0.001953
v 0.000216 -0.005430 0.001945
v 0.001818 -0.004882 0.001871
v 0.001461 -0.004849 0.001976
v -0.001579 -0.007583 0.000195
v -0.001750 -0.007152 0.000333
v -0.001578 -0.006253 0.001123
v -0.002050 -0.006470 0.000637
v -0.001375 -0.005632 0.001450
v -0.001295 -0.008082 -0.000618
v -0.001616 -0.007552 -0.000071
v -0.000694 -0.008895 -0.001004
v -0.000733 -0.008530 -0.001286
v -0.000011 -0.010129 -0.000837
v -0.000992 -0.008519 -0.000932
v 0.003620 -0.006706 0.000193
v 0.002950 -0.008105 -0.001286
v 0.003130 -0.007236 -0.001442
v 0.002782 -0.007728 -0.001591
v 0.003284 -0.006623 -0.001465
v 0.003417 -0.007155 -0.001051
v 0.003373 -0.007173 -0.001149
v 0.003439 -0.007060 -0.001118
v 0.003518 -0.006995 -0.000834
v 0.003672 -0.006639 -0.000768
v 0.003717 -0.006558 -0.000009
v 0.002781 -0.006085 0.001255
v 0.003242 -0.005998 0.000947
v 0.003387 -0.005584 0.001006
v 0.002562 -0.005655 0.001437
v 0.003481 -0.004701 0.001264
v 0.003435 -0.006524 0.000580
v 0.001729 -0.004377 0.002048
v 0.002437 -0.004056 0.001916
v 0.002959 -0.004285 0.001627
v 0.002902 -0.004169 0.001674
v 0.000386 -0.009685 -0.001139
v 0.001288 -0.007926 -0.001807
v 0.000429 -0.009018 -0.001391
v 0.000702 -0.008653 -0.001509
v 0.000831 -0.007968 -0.001717
v 0.002354 -0.007799 -0.001769
v -0.000508 -0.008521 -0.001421
v -0.000179 -0.008909 -0.001357
v 0.000805 -0.004024 0.002259
v 0.000359 -0.003627 0.002371
v -0.000416 -0.005088 0.001933
v -0.002025 -0.007017 -0.000064
v -0.001971 -0.005782 0.001128
v -0.002489 -0.006324 0.000400
v -0.002769 -0.005926 0.000687
v -0.002220 -0.006141 0.000780
v -0.001981 -0.005762 0.001136
v -0.002210 -0.005350 0.001340
v -0.001260 -0.004732 0.001964
v -0.001810 -0.004811 0.001823
v -0.001910 -0.005062 0.001636
v -0.001508 -0.007687 -0.000747
v -0.001165 -0.008118 -0.001040
v -0.001271 -0.008043 -0.000853
v -0.000880 -0.008527 -0.001118
v -0.000866 -0.008122 -0.001374
v -0.001017 -0.008142 -0.001207
v 0.003960 -0.005596 0.000570
v 0.002920 -0.006969 -0.001643
v 0.002542 -0.007345 -0.001788
v 0.002485 -0.006924 -0.001850
v 0.002609 -0.006051 -0.001921
v 0.002783 -0.005598 -0.001920
v 0.003468 -0.006461 -0.001375
v 0.003210 -0.005527 -0.001741
v 0.003663 -0.006689 -0.001017
v 0.003740 -0.006502 -0.000491
v 0.003974 -0.006163 -0.000542
v 0.003902 -0.006216 -0.000911
v 0.004083 -0.006021 -0.000331
v 0.004150 -0.005874 -0.000056
v 0.004193 -0.005575 0.000200
v 0.003696 -0.005451 0.000917
v 0.003834 -0.004994 0.000970
v 0.003872 -0.004690 0.000977
v 0.003696 -0.004262 0.001112
v 0.003116 -0.003844 0.001527
v 0.003440 -0.003845 0.001205
v 0.003269 -0.003846 0.001361
v 0.003967 -0.005135 0.000801
v 0.001322 -0.003527 0.002290
v 0.001675 -0.003492 0.002228
v 0.002261 -0.003681 0.002053
v 0.002005 -0.003464 0.002155
v 0.002734 -0.003851 0.001818
v 0.002952 -0.003844 0.001686
v 0.002320 -0.007379 -0.001865
v 0.001059 -0.007525 -0.001862
v -0.000166 -0.008632 -0.001476
v 0.000131 -0.008464 -0.001560
v 0.000453 -0.008005 -0.001668
v 0.000638 -0.007443 -0.001842
v 0.000049 -0.007626 -0.001733
v -0.000756 -0.007700 -0.001581
v 0.000934 -0.003566 0.002327
v -0.000696 -0.003757 0.002316
v -0.000269 -0.003270 0.002348
v 0.000552 -0.003232 0.002363
v -0.000028 -0.002943 0.002291
v -0.000656 -0.004653 0.002033
v -0.000945 -0.003789 0.002280
v -0.001852 -0.007163 -0.000705
v -0.001753 -0.007271 -0.000648
v -0.002355 -0.006800 -0.000494
v -0.002190 -0.006887 -0.000649
v -0.002487 -0.006719 -0.000321
v -0.002403 -0.006684 -0.000032
v -0.002183 -0.005801 0.001031
v -0.002290 -0.005837 0.000976
v -0.002704 -0.006285 0.000285
v -0.002394 -0.005851 0.000944
v -0.003021 -0.005771 0.000588
v -0.002947 -0.005492 0.000861
v -0.002746 -0.005628 0.000972
v -0.002336 -0.005582 0.001187
v -0.002430 -0.005385 0.001261
v -0.002530 -0.005088 0.001309
v -0.001488 -0.004512 0.002081
v -0.001140 -0.004645 0.002024
v -0.001969 -0.004385 0.001915
v -0.002116 -0.004492 0.001748
v -0.001778 -0.004349 0.002037
v -0.002003 -0.004849 0.001703
v -0.001472 -0.007710 -0.000973
v -0.001555 -0.007544 -0.001024
v -0.001726 -0.007296 -0.000879
v -0.001369 -0.007723 -0.001165
v -0.000988 -0.007712 -0.001457
v 0.004195 -0.005153 0.000429
v 0.001975 -0.006575 -0.002052
v 0.002143 -0.005969 -0.002096
v 0.001988 -0.005721 -0.002189
v 0.002275 -0.005247 -0.002125
v 0.002931 -0.005142 -0.001879
v 0.003801 -0.006250 -0.001103
v 0.003638 -0.006211 -0.001296
v 0.003745 -0.005410 -0.001275
v 0.003333 -0.005069 -0.001664
v 0.003929 -0.005792 -0.001033
v 0.004163 -0.005754 -0.000547
v 0.004222 -0.005667 -0.000273
v 0.004324 -0.005189 0.000006
v 0.004007 -0.004697 0.000803
v 0.003969 -0.004272 0.000764
v 0.003751 -0.003850 0.000877
v 0.003172 -0.003432 0.001292
v 0.002917 -0.003420 0.001649
v 0.003317 -0.003435 0.001122
v 0.003465 -0.003438 0.000954
v 0.004192 -0.004723 0.000409
v 0.001430 -0.003084 0.002255
v 0.001118 -0.003114 0.002314
v 0.001753 -0.003057 0.002180
v 0.002546 -0.003426 0.001946
v 0.002259 -0.003016 0.002023
v 0.002755 -0.003418 0.001810
v 0.001826 -0.007016 -0.001972
v 0.001441 -0.007054 -0.001922
v 0.000531 -0.006324 -0.002192
v 0.000302 -0.006766 -0.002048
v 0.000236 -0.007182 -0.001819
v 0.000309 -0.007434 -0.001769
v 0.000294 -0.007177 -0.001839
v -0.000826 -0.007282 -0.001636
v 0.000816 -0.003143 0.002357
v -0.001031 -0.003368 0.002262
v -0.000530 -0.003302 0.002329
v -0.000562 -0.002884 0.002230
v 0.000496 -0.002755 0.002281
v -0.000958 -0.004463 0.002112
v -0.001058 -0.004248 0.002187
v -0.001156 -0.003952 0.002232
v -0.001449 -0.003855 0.002217
v -0.001280 -0.003400 0.002226
v -0.002100 -0.006900 -0.000848
v -0.002226 -0.006857 -0.000670
v -0.002687 -0.006485 -0.000437
v -0.002364 -0.006529 -0.001003
v -0.002780 -0.006364 0.000001
v -0.002534 -0.005647 0.001085
v -0.002933 -0.006141 0.000157
v -0.003174 -0.005562 0.000498
v -0.003103 -0.005811 0.000300
v -0.003117 -0.005537 0.000652
v -0.002629 -0.005420 0.001150
v -0.002746 -0.004997 0.001179
v -0.003122 -0.005092 0.000751
v -0.002572 -0.004960 0.001326
v -0.001314 -0.004280 0.002162
v -0.001566 -0.004312 0.002130
v -0.002137 -0.004423 0.001757
v -0.001874 -0.003925 0.002035
v -0.002250 -0.004015 0.001657
v -0.002305 -0.004462 0.001598
v -0.001673 -0.003889 0.002143
v -0.002478 -0.004500 0.001448
v -0.001433 -0.007554 -0.001206
v -0.001690 -0.007319 -0.001105
v -0.001961 -0.007025 -0.001015
v -0.001834 -0.007070 -0.001192
v -0.001332 -0.007314 -0.001409
v -0.001367 -0.006483 -0.001688
v 0.004304 -0.004761 -0.000023
v 0.001716 -0.006687 -0.002044
v 0.000723 -0.005441 -0.002253
v 0.002035 -0.005253 -0.002184
v 0.000493 -0.005699 -0.002239
v -0.000027 -0.005957 -0.002210
v 0.001576 -0.003224 -0.001775
v 0.002071 -0.003936 -0.001850
v 0.002766 -0.003996 -0.001606
v 0.001641 -0.004816 -0.002165
v 0.001267 -0.003933 -0.001908
v 0.001409 -0.003494 -0.001852
v 0.003233 -0.004647 -0.001660
v 0.004119 -0.004874 -0.000792
v 0.003581 -0.004570 -0.001362
v 0.004271 -0.005251 -0.000462
v 0.004318 -0.005220 -0.000242
v 0.004060 -0.004284 0.000566
v 0.003895 -0.003880 0.000483
v 0.003579 -0.003449 0.000769
v 0.003094 -0.003066 0.000989
v 0.002968 -0.003038 0.001167
v 0.002965 -0.003036 0.001176
v 0.002776 -0.003012 0.001558
v 0.002646 -0.003007 0.001734
v 0.003215 -0.003072 0.000807
v 0.003341 -0.003109 0.000628
v 0.004230 -0.004342 -0.000080
v 0.001765 -0.002640 0.002013
v 0.001417 -0.002668 0.002126
v 0.001089 -0.002695 0.002209
v 0.002121 -0.002756 0.001939
v 0.001791 -0.002638 0.002006
v 0.002475 -0.003007 0.001890
v 0.002523 -0.003008 0.001841
v 0.002236 -0.002618 0.001748
v 0.000023 -0.006376 -0.002137
v -0.000821 -0.002916 0.002208
v -0.001055 -0.002949 0.002151
v -0.001277 -0.002985 0.002072
v -0.001279 -0.003136 0.002131
v -0.000626 -0.002892 0.002219
v -0.000288 -0.002600 0.002139
v -0.000738 -0.002504 0.001937
v -0.000802 -0.002747 0.002120
v -0.000502 -0.002471 0.001991
v 0.000252 -0.002373 0.002089
v 0.001105 -0.002547 0.002133
v 0.000542 -0.002343 0.002063
v 0.000869 -0.002313 0.001998
v -0.001508 -0.003434 0.002158
v -0.002899 -0.006091 -0.000566
v -0.002980 -0.006076 -0.000363
v -0.002237 -0.006523 -0.001183
v -0.002538 -0.006115 -0.001113
v -0.002382 -0.006117 -0.001276
v -0.003015 -0.006053 -0.000136
v -0.003020 -0.006024 0.000107
v -0.003212 -0.005629 -0.000028
v -0.003266 -0.005147 0.000431
v -0.002799 -0.004573 0.001145
v -0.002975 -0.004616 0.000964
v -0.002814 -0.004575 0.001132
v -0.003197 -0.004604 0.000444
v -0.003100 -0.004657 0.000744
v -0.002061 -0.003546 0.001758
v -0.001907 -0.003508 0.001936
v -0.001720 -0.003471 0.002067
v -0.002357 -0.004042 0.001530
v -0.002303 -0.003622 0.001366
v -0.002330 -0.003665 0.001353
v -0.002661 -0.004228 0.001203
v -0.002609 -0.004109 0.001225
v -0.001549 -0.007322 -0.001277
v -0.001726 -0.006922 -0.001388
v -0.002037 -0.006920 -0.001060
v -0.001763 -0.006922 -0.001354
v -0.001922 -0.006927 -0.001245
v -0.001493 -0.006911 -0.001511
v -0.001723 -0.006508 -0.001563
v -0.000596 -0.006005 -0.002062
v -0.001747 -0.006093 -0.001681
v 0.004227 -0.004832 -0.000544
v 0.004217 -0.004374 -0.000332
v 0.001483 -0.005150 -0.002233
v -0.000300 -0.005549 -0.002172
v 0.000214 -0.004626 -0.002194
v 0.000988 -0.004528 -0.002126
v 0.001768 -0.003109 -0.001679
v 0.001297 -0.003152 -0.001802
v 0.001752 -0.003083 -0.001665
v 0.003296 -0.003720 -0.001229
v 0.002342 -0.003439 -0.001584
v 0.001971 -0.003073 -0.001574
v 0.003168 -0.003892 -0.001399
v 0.001055 -0.004066 -0.001964
v 0.000822 -0.003218 -0.001908
v 0.004044 -0.004454 -0.000828
v 0.003867 -0.004381 -0.001009
v 0.003608 -0.004050 -0.001160
v 0.004054 -0.003942 -0.000190
v 0.003743 -0.003507 0.000119
v 0.003617 -0.003356 0.000292
v 0.003657 -0.003463 0.000564
v 0.003475 -0.003203 0.000457
v 0.003076 -0.003047 0.000978
v 0.002839 -0.002964 0.001342
v 0.002731 -0.002837 0.001034
v 0.002858 -0.002879 0.000856
v 0.002711 -0.002910 0.001519
v 0.002593 -0.002918 0.001703
v 0.003190 -0.003056 0.000793
v 0.003274 -0.003070 0.000591
v 0.001433 -0.002549 0.002060
v 0.001771 -0.002611 0.001994
v 0.001863 -0.002430 0.001789
v 0.002216 -0.002596 0.001736
v 0.002379 -0.002622 0.001577
v 0.002332 -0.002571 0.001550
v -0.001017 -0.002707 0.002005
v -0.001484 -0.003021 0.001974
v -0.001219 -0.002742 0.001899
v -0.001494 -0.003091 0.002016
v -0.000257 -0.002438 0.002033
v -0.000923 -0.002543 0.001804
v -0.000726 -0.002461 0.001902
v -0.000216 -0.002285 0.001917
v -0.000424 -0.002285 0.001807
v 0.000307 -0.002193 0.001942
v 0.000001 -0.002341 0.002034
v 0.001188 -0.002307 0.001920
v 0.000859 -0.002303 0.001992
v 0.000628 -0.002148 0.001863
v 0.000957 -0.002155 0.001791
v -0.003014 -0.005680 -0.000644
v -0.003194 -0.005653 -0.000248
v -0.001890 -0.006519 -0.001492
v -0.002290 -0.005698 -0.001492
v -0.003280 -0.005207 -0.000066
v -0.003252 -0.005233 -0.000296
v -0.003262 -0.004744 0.000169
v -0.002663 -0.004121 0.001168
v -0.002816 -0.004160 0.000988
v -0.003031 -0.004241 0.000516
v -0.003113 -0.004372 0.000232
v -0.002159 -0.003415 0.001433
v -0.001886 -0.003260 0.001816
v -0.001980 -0.003219 0.001519
v -0.001698 -0.003127 0.001910
v -0.002246 -0.003427 0.001141
v -0.002486 -0.003683 0.001026
v -0.002606 -0.003799 0.000967
v -0.001567 -0.005658 -0.001851
v 0.004026 -0.003986 -0.000537
v -0.000903 -0.005166 -0.002007
v -0.000445 -0.004681 -0.002024
v -0.000563 -0.004256 -0.001994
v 0.000235 -0.003745 -0.002110
v 0.000608 -0.004137 -0.002113
v 0.001948 -0.003047 -0.001550
v 0.001405 -0.002884 -0.001634
v 0.001020 -0.003088 -0.001829
v 0.001210 -0.002967 -0.001734
v 0.001609 -0.002857 -0.001527
v 0.002698 -0.003363 -0.001298
v 0.003417 -0.003583 -0.001034
v 0.002183 -0.003102 -0.001460
v 0.002399 -0.003151 -0.001344
v 0.002088 -0.003005 -0.001349
v 0.000133 -0.003315 -0.002041
v 0.000278 -0.003110 -0.001973
v 0.000659 -0.002873 -0.001782
v 0.003788 -0.004069 -0.000999
v 0.003888 -0.003941 -0.000770
v 0.003557 -0.003334 -0.000479
v 0.003651 -0.003368 -0.000182
v 0.003714 -0.003584 -0.000631
v 0.003510 -0.003235 -0.000015
v 0.003241 -0.003036 0.000326
v 0.002983 -0.002916 0.000678
v 0.002598 -0.002747 0.001206
v 0.002514 -0.002779 0.000917
v 0.002646 -0.002856 0.000743
v 0.002769 -0.002881 0.000563
v 0.002465 -0.002655 0.001378
v 0.002422 -0.002633 0.001435
v 0.003108 -0.002953 0.000499
v 0.001523 -0.002350 0.001852
v 0.001637 -0.002313 0.001665
v 0.001978 -0.002397 0.001602
v 0.001762 -0.002345 0.001486
v 0.002104 -0.002445 0.001425
v 0.002433 -0.002642 0.001360
v 0.002239 -0.002539 0.001253
v -0.001116 -0.002633 0.001703
v -0.001675 -0.003057 0.001851
v -0.001418 -0.002807 0.001798
v -0.001309 -0.002733 0.001605
v -0.000818 -0.002438 0.001606
v -0.000926 -0.002542 0.001799
v -0.000625 -0.002332 0.001703
v -0.000310 -0.002252 0.001620
v -0.000110 -0.002193 0.001722
v -0.000503 -0.002348 0.001522
v 0.000414 -0.002111 0.001749
v 0.000093 -0.002162 0.001828
v 0.000209 -0.002136 0.001642
v 0.001369 -0.002281 0.001768
v 0.001229 -0.002289 0.001851
v 0.000741 -0.002105 0.001675
v 0.000534 -0.002117 0.001567
v 0.001297 -0.002235 0.001728
v 0.001076 -0.002156 0.001608
v 0.000869 -0.002156 0.001499
v -0.002479 -0.005272 -0.001364
v -0.003173 -0.005247 -0.000500
v -0.001830 -0.005523 -0.001749
v -0.002093 -0.005260 -0.001653
v -0.003217 -0.004855 -0.000295
v -0.002974 -0.004290 -0.000437
v -0.002787 -0.003977 0.000879
v -0.002956 -0.004032 0.000300
v -0.002880 -0.003948 0.000583
v -0.002920 -0.004063 -0.000172
v -0.002060 -0.003279 0.001233
v -0.001820 -0.003098 0.001658
v -0.001799 -0.003045 0.001607
v -0.001860 -0.003140 0.001332
v -0.002408 -0.003524 0.000567
v -0.002515 -0.003610 0.000761
v -0.002698 -0.003780 0.000672
v -0.001237 -0.005106 -0.001947
v -0.000908 -0.004284 -0.001885
v -0.001018 -0.004294 -0.001867
v -0.000468 -0.003381 -0.002021
v -0.001009 -0.003862 -0.001881
v -0.000719 -0.003839 -0.001975
v 0.001819 -0.002868 -0.001416
v 0.001476 -0.002765 -0.001356
v 0.001267 -0.002759 -0.001466
v 0.001061 -0.002775 -0.001574
v 0.000859 -0.002818 -0.001679
v 0.001689 -0.002799 -0.001242
v 0.002833 -0.003267 -0.001110
v 0.003478 -0.003399 -0.000764
v 0.003260 -0.003337 -0.000882
v 0.002259 -0.003016 -0.001178
v 0.002473 -0.003056 -0.001063
v 0.002038 -0.002938 -0.001298
v -0.000249 -0.003173 -0.002002
v -0.000070 -0.002979 -0.001916
v 0.000368 -0.002824 -0.001784
v 0.000119 -0.002846 -0.001822
v 0.000510 -0.002682 -0.001622
v 0.000786 -0.002752 -0.001590
v 0.003419 -0.003218 -0.000310
v 0.003336 -0.003252 -0.000599
v 0.003306 -0.003124 0.000118
v 0.002941 -0.003017 -0.000079
v 0.003022 -0.002968 0.000208
v 0.002903 -0.003144 -0.000832
v 0.002894 -0.002916 0.000384
v 0.002380 -0.002683 0.001088
v 0.002308 -0.002789 0.000808
v 0.002076 -0.003012 -0.000043
v 0.001627 -0.003005 0.000212
v 0.001472 -0.002292 0.001577
v 0.001554 -0.002353 0.001376
v 0.001892 -0.002419 0.001311
v 0.001689 -0.002449 0.001205
v 0.002030 -0.002533 0.001143
v 0.002173 -0.002693 0.000979
v -0.000943 -0.002575 0.001545
v -0.001190 -0.002731 0.001422
v -0.001612 -0.002901 0.001699
v -0.001502 -0.002835 0.001508
v -0.000686 -0.002520 0.001433
v -0.000180 -0.002319 0.001445
v 0.000012 -0.002207 0.001541
v 0.000338 -0.002194 0.001466
v 0.000149 -0.002323 0.001372
v 0.001423 -0.002275 0.001550
v 0.000671 -0.002227 0.001397
v 0.000482 -0.002356 0.001303
v 0.001212 -0.002261 0.001438
v 0.001012 -0.002311 0.001335
v -0.002262 -0.004829 -0.001515
v -0.002741 -0.004833 -0.001029
v -0.002598 -0.004830 -0.001200
v -0.002893 -0.004824 -0.000863
v -0.003037 -0.004822 -0.000693
v -0.003119 -0.004709 -0.000495
v -0.002090 -0.004820 -0.001601
v -0.002865 -0.004222 -0.000628
v -0.002726 -0.003815 0.000166
v -0.002579 -0.003942 -0.000736
v -0.002293 -0.003493 0.000380
v -0.001587 -0.003152 0.000985
v -0.001900 -0.003338 0.000581
v -0.001690 -0.002972 0.001415
v -0.001568 -0.002984 0.001233
v -0.002488 -0.003579 0.000281
v -0.001629 -0.004094 -0.001706
v -0.001202 -0.004313 -0.001853
v -0.000994 -0.003427 -0.001892
v -0.000904 -0.003175 -0.001855
v -0.001146 -0.003436 -0.001821
v 0.001907 -0.002860 -0.001124
v 0.001225 -0.002694 -0.000998
v 0.001140 -0.002714 -0.001289
v 0.000933 -0.002712 -0.001402
v 0.002688 -0.003099 -0.000948
v 0.002345 -0.002999 -0.000887
v 0.002125 -0.002960 -0.001005
v 0.002560 -0.003042 -0.000772
v -0.000727 -0.002972 -0.001771
v -0.000402 -0.002952 -0.001846
v -0.000216 -0.002801 -0.001754
v 0.000310 -0.002733 -0.001726
v 0.000175 -0.002631 -0.001556
v -0.000025 -0.002690 -0.001658
v 0.000717 -0.002672 -0.001514
v 0.000591 -0.002628 -0.001336
v 0.000380 -0.002615 -0.001448
v 0.002815 -0.002972 0.000098
v 0.002772 -0.003069 -0.000659
v 0.001299 -0.003002 0.000285
v 0.000713 -0.002886 0.000709
v 0.001491 -0.002956 -0.000355
v 0.001776 -0.002991 -0.000449
v 0.001010 -0.003055 -0.000112
v 0.001327 -0.002989 -0.000193
v 0.001278 -0.002341 0.001367
v 0.000051 -0.002849 0.000851
v -0.000930 -0.002868 0.001073
v 0.000108 -0.002637 0.001118
v 0.000251 -0.002470 0.001269
v -0.002492 -0.004316 -0.001166
v -0.002143 -0.003916 -0.001246
v -0.001971 -0.003915 -0.001401
v -0.002672 -0.004382 -0.001012
v -0.002804 -0.004378 -0.000836
v -0.001780 -0.003889 -0.001548
v -0.002217 -0.003583 -0.000561
v -0.002290 -0.003689 -0.000840
v -0.002309 -0.003916 -0.001087
v -0.001818 -0.003469 -0.000355
v -0.000658 -0.003078 0.000733
v -0.000855 -0.003156 0.000633
v -0.001905 -0.003477 -0.000647
v -0.001330 -0.003903 -0.001802
v -0.001336 -0.003889 -0.001799
v -0.001502 -0.003565 -0.001661
v -0.001042 -0.003055 -0.001687
v -0.001210 -0.003325 -0.001764
v -0.001329 -0.003888 -0.001802
v -0.001252 -0.003444 -0.001781
v 0.001549 -0.002870 -0.000574
v 0.001313 -0.002687 -0.000706
v 0.000882 -0.002594 -0.000938
v 0.001091 -0.002594 -0.000828
v 0.000931 -0.002710 -0.001399
v 0.000948 -0.002679 -0.001146
v -0.000541 -0.002823 -0.001679
v -0.000790 -0.002944 -0.001684
v -0.000901 -0.002949 -0.001617
v -0.000149 -0.002662 -0.001479
v -0.000347 -0.002727 -0.001581
v 0.000261 -0.002619 -0.001264
v 0.000054 -0.002625 -0.001373
v 0.000805 -0.002669 -0.001221
v 0.000679 -0.002626 -0.001043
v 0.000768 -0.003039 0.000252
v 0.000892 -0.003070 0.000073
v 0.000565 -0.003078 0.000147
v 0.001391 -0.002960 -0.000300
v 0.001435 -0.002905 -0.000387
v 0.000811 -0.003021 -0.000249
v 0.000799 -0.003040 -0.000223
v -0.000404 -0.003180 0.000379
v -0.002047 -0.003709 -0.001204
v -0.002171 -0.003681 -0.001024
v -0.001918 -0.003768 -0.001380
v -0.001753 -0.003486 -0.001305
v -0.001632 -0.003495 -0.001486
v -0.002102 -0.003554 -0.000747
v -0.000893 -0.003283 -0.000121
v -0.001791 -0.003437 -0.000835
v -0.001985 -0.003531 -0.000933
v -0.001456 -0.003451 -0.001642
v -0.001164 -0.003043 -0.001505
v -0.001346 -0.003216 -0.001594
v 0.001192 -0.002679 -0.000524
v 0.000970 -0.002584 -0.000646
v 0.000761 -0.002586 -0.000755
v -0.000464 -0.002746 -0.001395
v -0.000666 -0.002789 -0.001500
v -0.000857 -0.002903 -0.001596
v -0.000973 -0.002930 -0.001409
v -0.000055 -0.002695 -0.001182
v -0.000262 -0.002707 -0.001290
v 0.000358 -0.002677 -0.000964
v 0.000152 -0.002688 -0.001073
v 0.000688 -0.003094 -0.000034
v 0.000480 -0.003099 -0.000143
v 0.000157 -0.003128 -0.000066
v 0.001106 -0.002897 -0.000314
v 0.000578 -0.002960 -0.000344
v 0.000878 -0.002773 -0.000439
v -0.001870 -0.003506 -0.001119
v -0.001599 -0.003447 -0.001471
v -0.001682 -0.003369 -0.001026
v -0.001576 -0.003277 -0.001220
v -0.000207 -0.003141 -0.000257
v -0.000755 -0.003215 -0.000356
v -0.001085 -0.003186 -0.000719
v -0.001490 -0.003263 -0.000929
v -0.001464 -0.003225 -0.001410
v -0.001278 -0.003078 -0.001318
v -0.001082 -0.003002 -0.001218
v 0.000958 -0.002614 -0.000617
v 0.000728 -0.002650 -0.000682
v 0.000517 -0.002684 -0.000775
v -0.000569 -0.002845 -0.001200
v -0.000775 -0.002863 -0.001308
v 0.000299 -0.003080 -0.000239
v -0.001385 -0.003164 -0.001125
v -0.001187 -0.003097 -0.001023
vn 0.2097 -0.4997 0.8404
vn 0.4171 -0.5651 0.7118
vn 0.2688 -0.3816 0.8844
vn 0.1180 -0.4035 0.9073
vn 0.3400 -0.6744 0.6555
vn 0.1888 -0.6429 0.7423
vn 0.2751 -0.8211 0.5002
vn 0.4472 -0.5307 0.7200
vn 0.6554 -0.5636 0.5028
vn 0.6505 -0.5877 0.4811
vn 0.1036 -0.2226 0.9694
vn 0.5727 -0.2124 0.7918
vn 0.3108 -0.1799 0.9333
vn 0.0415 -0.3683 0.9288
vn 0.5255 -0.7819 0.3353
vn 0.3864 -0.8993 0.2047
vn -0.0268 -0.5429 0.8394
vn 0.1862 -0.9121 0.3652
vn 0.0061 -0.8533 0.5214
vn 0.2747 -0.9571 0.0920
vn 0.6115 -0.4769 0.6314
vn 0.6958 -0.6394 0.3272
vn 0.6784 -0.6993 0.2252
vn 0.6432 -0.7643 0.0465
vn -0.0193 -0.2525 0.9674
vn 0.0336 -0.0905 0.9953
vn 0.0635 0.0467 0.9969
vn 0.7597 -0.3617 0.5404
vn 0.8071 -0.2235 0.5465
vn 0.6858 0.0151 0.7277
vn 0.3706 0.0378 0.9280
vn -0.0875 -0.4862 0.8694
vn 0.4943 -0.8638 -0.0981
vn 0.3884 -0.9014 -0.1917
vn -0.1920 -0.7596 0.6214
vn 0.1577 -0.9873 -0.0200
vn 0.0780 -0.9800 0.1831
vn -0.1215 -0.9470 0.2975
vn 0.2693 -0.9222 -0.2774
vn 0.7199 -0.5773 0.3853
vn 0.6146 -0.7702 -0.1706
vn 0.6529 -0.7566 0.0359
vn -0.0630 -0.1210 0.9907
vn -0.1075 -0.2740 0.9557
vn -0.0975 -0.4268 0.8991
vn -0.0629 0.1038 0.9926
vn 0.1190 0.2447 0.9623
vn 0.8123 -0.5621 0.1559
vn 0.8846 -0.3843 0.2641
vn 0.8959 -0.1266 0.4259
vn 0.4590 0.1993 0.8658
vn 0.8081 0.0226 0.5886
vn -0.1964 -0.6124 0.7657
vn 0.5553 -0.7465 -0.3665
vn 0.4662 -0.7646 -0.4450
vn -0.2940 -0.8320 0.4705
vn -0.2244 -0.9542 0.1981
vn 0.0341 -0.9934 -0.1093
vn 0.1078 -0.9179 -0.3818
vn -0.1338 -0.9905 -0.0330
vn 0.2060 -0.7794 -0.5916
vn 0.7365 -0.6316 -0.2422
vn -0.2834 -0.2389 0.9288
vn -0.0979 0.0219 0.9950
vn -0.1667 -0.5849 0.7938
vn -0.2229 -0.3632 0.9046
vn -0.2332 -0.7153 0.6587
vn 0.0461 0.2331 0.9714
vn -0.0412 0.1220 0.9917
vn 0.2610 0.3443 0.9018
vn 0.8715 -0.4715 -0.1350
vn 0.9718 -0.2313 0.0469
vn 0.9003 -0.4068 -0.1549
vn 0.9824 -0.0720 0.1721
vn 0.5352 0.2238 0.8146
vn 0.8934 -0.0191 0.4489
vn 0.5992 0.1304 0.7899
vn 0.7325 0.0842 0.6756
vn 0.6673 -0.5769 -0.4710
vn 0.5700 -0.5424 -0.6172
vn 0.3886 -0.6825 -0.6190
vn -0.3885 -0.8672 0.3116
vn -0.3444 -0.9375 0.0495
vn -0.2389 -0.9583 -0.1567
vn -0.0644 -0.9512 -0.3018
vn -0.0108 -0.8051 -0.5931
vn -0.1453 -0.9029 -0.4045
vn 0.2249 -0.5764 -0.7856
vn 0.0820 -0.5695 -0.8179
vn -0.0371 -0.6599 -0.7504
vn 0.7475 -0.4422 -0.4957
vn -0.3386 -0.4563 0.8229
vn -0.4969 -0.3201 0.8066
vn -0.4802 -0.4842 0.7314
vn -0.2865 -0.0831 0.9545
vn -0.4882 -0.2042 0.8485
vn -0.1734 0.0779 0.9818
vn -0.3072 -0.6753 0.6706
vn -0.2992 -0.8260 0.4777
vn 0.1655 0.1629 0.9727
vn 0.3500 0.1496 0.9247
vn 0.3644 0.2929 0.8840
vn 0.0283 0.0385 0.9989
vn 0.9336 -0.2229 -0.2806
vn 0.9807 -0.1084 -0.1625
vn 0.9661 0.0594 0.2511
vn 0.9842 -0.0759 -0.1601
vn 0.6140 0.1855 0.7672
vn 0.8174 0.1415 0.5584
vn 0.4621 0.2280 0.8570
vn 0.5920 -0.4245 -0.6851
vn 0.4015 -0.5214 -0.7529
vn 0.4197 -0.3480 -0.8383
vn 0.4040 -0.4245 -0.8103
vn -0.4094 -0.9030 0.1306
vn -0.4164 -0.9050 -0.0871
vn -0.4025 -0.8821 -0.2446
vn -0.5647 -0.7548 -0.3336
vn -0.1392 -0.7912 -0.5956
vn -0.3295 -0.7831 -0.5275
vn 0.1478 -0.4311 -0.8901
vn -0.0559 -0.5073 -0.8599
vn 0.1784 -0.3478 -0.9204
vn 0.0530 -0.4270 -0.9027
vn -0.1619 -0.6586 -0.7349
vn -0.3574 -0.6118 -0.7056
vn 0.8453 -0.2460 -0.4743
vn -0.4926 -0.6990 0.5184
vn -0.5052 -0.5793 0.6397
vn -0.6751 -0.5418 0.5007
vn -0.6859 -0.3805 0.6203
vn -0.4265 -0.0023 0.9045
vn -0.6425 -0.2578 0.7216
vn -0.0250 0.0409 0.9989
vn -0.1882 0.1768 0.9661
vn -0.3850 0.1103 0.9163
vn -0.4264 0.0727 0.9016
vn -0.3820 -0.8781 0.2880
vn 0.3733 0.1145 0.9206
vn 0.0889 0.0694 0.9936
vn 0.3920 0.2946 0.8715
vn -0.0422 0.0550 0.9976
vn 0.7458 -0.2174 -0.6298
vn 0.9009 -0.1742 -0.3976
vn 0.9994 0.0340 0.0101
vn 0.7493 0.2169 0.6257
vn 0.8290 0.2325 0.5087
vn 0.9706 -0.1075 -0.2153
vn 0.9753 0.1031 0.1952
vn 0.9998 0.0222 -0.0012
vn 0.4748 0.2944 0.8294
vn 0.6051 -0.3012 -0.7370
vn 0.5526 -0.2043 -0.8080
vn 0.3724 -0.2724 -0.8872
vn -0.4376 -0.8812 -0.1791
vn -0.6759 -0.7102 -0.1971
vn -0.5689 -0.6406 -0.5158
vn -0.4619 -0.7022 -0.5418
vn -0.0238 -0.4493 -0.8931
vn -0.1524 -0.4116 -0.8985
vn -0.0056 -0.4294 -0.9031
vn 0.0599 -0.3524 -0.9339
vn 0.2346 -0.2504 -0.9393
vn -0.2713 -0.5261 -0.8060
vn -0.6689 -0.6593 0.3432
vn -0.6067 -0.7880 0.1043
vn -0.7386 -0.6391 0.2146
vn -0.7702 -0.4893 0.4091
vn -0.5474 0.0741 0.8336
vn -0.6869 -0.1894 0.7016
vn -0.7918 -0.4423 0.4213
vn -0.1743 0.0634 0.9826
vn -0.0904 0.0910 0.9917
vn -0.5404 0.1285 0.8316
vn -0.6875 0.1419 0.7122
vn -0.6272 -0.0244 0.7785
vn -0.4696 -0.0092 0.8828
vn 0.6101 0.3163 0.7265
vn 0.2650 0.0720 0.9615
vn 0.4688 0.1401 0.8721
vn 0.5518 0.2817 0.7850
vn 0.0864 0.0603 0.9944
vn 0.7926 -0.1579 -0.5889
vn 0.9373 0.1557 0.3117
vn 0.7353 0.2719 0.6209
vn 0.8718 -0.1476 -0.4672
vn 0.9968 -0.0738 -0.0307
vn 0.9682 0.1882 0.1649
vn 0.5539 -0.1611 -0.8168
vn 0.3542 -0.1623 -0.9210
vn -0.7337 -0.6668 -0.1302
vn -0.7323 -0.6058 -0.3110
vn -0.6392 -0.6228 -0.4512
vn -0.3428 -0.4602 -0.8190
vn -0.4978 -0.5454 -0.6743
vn -0.5602 -0.4961 -0.6633
vn -0.0295 -0.3827 -0.9234
vn -0.2882 -0.3025 -0.9085
vn -0.0983 -0.3018 -0.9483
vn -0.1627 -0.2511 -0.9542
vn 0.0145 -0.2795 -0.9600
vn 0.1251 -0.1878 -0.9742
vn -0.7583 -0.6417 0.1150
vn -0.7303 -0.0281 0.6825
vn -0.8404 -0.4046 0.3605
vn -0.7842 -0.2663 0.5604
vn -0.8376 -0.4995 0.2209
vn -0.0110 0.0563 0.9984
vn -0.0000 0.0947 0.9955
vn -0.1368 0.0542 0.9891
vn -0.6870 0.0449 0.7253
vn -0.7305 0.1000 0.6756
vn -0.8516 0.0735 0.5190
vn -0.8256 0.1655 0.5394
vn -0.9039 0.1119 0.4128
vn -0.6973 0.1351 0.7039
vn -0.8289 0.0113 0.5592
vn -0.7114 -0.0366 0.7018
vn -0.8307 -0.0255 0.5561
vn -0.4017 -0.0172 0.9156
vn 0.2049 0.1182 0.9716
vn 0.1337 0.0936 0.9866
vn 0.5711 0.2228 0.7901
vn 0.6153 0.1406 0.7756
vn 0.3504 0.1501 0.9245
vn 0.5300 0.2766 0.8016
vn 0.6822 -0.1416 -0.7174
vn 0.8221 0.3084 0.4785
vn 0.6429 0.3290 0.6917
vn 0.9860 0.0163 -0.1661
vn 0.8921 -0.0564 -0.4482
vn 0.9587 0.1288 -0.2534
vn 0.8823 0.3219 0.3435
vn 0.9391 0.3251 0.1115
vn 0.6026 -0.1102 -0.7904
vn 0.2417 -0.0383 -0.9696
vn 0.0774 -0.1470 -0.9861
vn 0.1306 -0.1115 -0.9851
vn -0.8217 -0.5700 0.0033
vn -0.7122 -0.5029 -0.4897
vn -0.8329 -0.4863 -0.2641
vn -0.8930 -0.4495 -0.0218
vn -0.4506 -0.3903 -0.8029
vn -0.5878 -0.3524 -0.7282
vn -0.2353 -0.2003 -0.9511
vn -0.0737 -0.1553 -0.9851
vn -0.0955 -0.1050 -0.9899
vn -0.8912 -0.1934 0.4103
vn -0.8961 -0.3562 0.2649
vn 0.1410 0.1107 0.9838
vn -0.0613 0.0827 0.9947
vn -0.4150 0.0380 0.9090
vn -0.8148 -0.0602 0.5766
vn -0.8389 -0.0017 0.5442
vn -0.9073 -0.0734 0.4139
vn -0.8181 0.1034 0.5657
vn -0.9550 -0.0483 0.2928
vn -0.9482 -0.0366 0.3157
vn -0.9463 0.2281 0.2292
vn -0.8763 0.3277 0.3532
vn -0.8462 0.3508 0.4011
vn -0.9927 0.1014 0.0657
vn -0.9353 -0.0845 0.3435
vn -0.9470 0.3083 0.0900
vn -0.6374 -0.0095 0.7704
vn -0.8161 -0.0762 0.5728
vn 0.7626 0.1653 0.6254
vn 0.5750 0.2153 0.7893
vn 0.7897 0.1319 0.5992
vn 0.3550 0.1340 0.9252
vn 0.5612 0.1320 0.8171
vn 0.8420 0.2010 0.5006
vn 0.8373 0.3303 0.4357
vn 0.8077 -0.0036 -0.5896
vn 0.9406 0.2136 -0.2638
vn 0.9288 0.3481 -0.1272
vn 0.9057 0.4237 -0.0126
vn 0.9099 0.3898 0.1423
vn 0.5053 -0.0223 -0.8626
vn 0.7200 0.0546 -0.6919
vn -0.0662 -0.0306 -0.9973
vn 0.3008 0.0962 -0.9488
vn -0.0540 -0.0551 -0.9970
vn 0.1233 -0.0099 -0.9923
vn 0.4292 0.1383 -0.8926
vn 0.5381 0.0775 -0.8393
vn -0.0675 -0.0341 -0.9971
vn -0.0429 -0.0251 -0.9988
vn -0.8907 -0.3909 -0.2320
vn -0.9352 -0.3530 0.0280
vn -0.8451 -0.3941 -0.3612
vn -0.7564 -0.2398 -0.6086
vn -0.2780 -0.2153 -0.9361
vn -0.7784 -0.2279 -0.5849
vn -0.6110 -0.1611 -0.7750
vn -0.4380 -0.2203 -0.8716
vn 0.0026 -0.0371 -0.9993
vn -0.0426 -0.0426 -0.9982
vn -0.9135 -0.1745 0.3676
vn 0.1566 0.1040 0.9822
vn -0.2326 0.0645 0.9704
vn -0.1090 0.0875 0.9902
vn 0.0617 0.1056 0.9925
vn -0.2223 0.1003 0.9698
vn -0.4142 0.0082 0.9102
vn -0.6393 -0.0023 0.7689
vn -0.6395 -0.0166 0.7686
vn -0.9361 -0.2479 0.2497
vn -0.9712 -0.2082 0.1159
vn -0.9887 -0.0349 0.1456
vn -0.9889 0.1481 -0.0095
vn -0.9784 -0.0999 0.1809
vn -0.9907 -0.1354 0.0166
vn -0.9803 0.1955 0.0280
vn -0.9264 0.3764 -0.0001
vn -0.9382 0.3106 0.1528
vn -0.9952 -0.0981 -0.0007
vn -0.9761 -0.0752 -0.2039
vn -0.9765 0.1056 -0.1881
vn -0.9366 -0.1382 0.3221
vn -0.8827 0.3306 -0.3341
vn -0.9254 0.2782 -0.2576
vn -0.7787 -0.0807 0.6222
vn 0.9591 0.1104 0.2607
vn 0.8876 0.1006 0.4496
vn 0.7168 0.1230 0.6864
vn 0.3979 0.1308 0.9081
vn 0.2619 0.1019 0.9597
vn 0.5098 0.1360 0.8495
vn 0.8917 0.3131 0.3268
vn 0.9209 0.2362 0.3101
vn 0.9702 0.1672 0.1752
vn 0.8579 0.3052 -0.4133
vn 0.8166 0.4415 -0.3719
vn 0.8924 0.3695 -0.2588
vn 0.9822 0.1851 -0.0314
vn 0.9049 0.2083 -0.3712
vn 0.5276 0.1680 -0.8327
vn 0.6771 0.2542 -0.6906
vn -0.0228 -0.0192 -0.9996
vn -0.0575 -0.1157 -0.9916
vn 0.0686 -0.1223 -0.9901
vn 0.3769 -0.0662 -0.9239
vn 0.7183 0.3364 -0.6090
vn 0.8103 0.1816 -0.5572
vn 0.8770 0.0824 -0.4734
vn 0.8281 -0.0165 -0.5603
vn 0.6753 -0.0675 -0.7345
vn -0.9821 -0.1806 -0.0543
vn -0.9061 -0.2162 -0.3637
vn -0.9224 -0.2008 -0.3300
vn -0.2801 -0.1311 -0.9510
vn -0.9350 -0.1110 0.3367
vn -0.9434 -0.1358 -0.3026
vn -0.8088 -0.1316 -0.5731
vn -0.7703 -0.1597 -0.6174
vn -0.4463 -0.0748 -0.8918
vn -0.6385 -0.0518 -0.7679
vn -0.8347 -0.0085 -0.5507
vn -0.1949 -0.0117 -0.9807
vn -0.0784 -0.0793 -0.9938
vn -0.2129 0.1008 0.9719
vn 0.1030 0.0779 0.9916
vn -0.3784 -0.0065 0.9256
vn -0.1311 0.0253 0.9910
vn -0.6235 -0.1214 0.7723
vn -0.8179 -0.1079 0.5652
vn -0.9737 0.0765 -0.2148
vn -0.9647 0.2518 -0.0767
vn -0.8813 0.1364 -0.4523
vn -0.9428 -0.2106 0.2584
vn -0.9591 -0.2734 -0.0732
vn -0.9038 -0.2310 -0.3603
vn -0.9065 -0.1009 -0.4100
vn -0.8418 0.1742 -0.5110
vn -0.8114 -0.1195 0.5721
vn -0.6856 0.1747 -0.7067
vn -0.7612 0.2750 -0.5873
vn 0.9960 0.0076 -0.0893
vn 0.9783 -0.1384 -0.1542
vn 0.9902 0.1052 -0.0918
vn 0.9500 0.0045 0.3122
vn 0.8109 0.0332 0.5842
vn 0.6069 0.0959 0.7890
vn 0.2740 0.0209 0.9615
vn 0.9025 0.2220 -0.3691
vn 0.9558 0.1509 -0.2525
vn 0.0767 -0.2374 -0.9684
vn -0.0465 -0.1739 -0.9837
vn -0.0221 -0.2428 -0.9698
vn 0.2828 -0.2016 -0.9377
vn 0.6360 -0.1425 -0.7584
vn 0.7232 -0.0813 -0.6858
vn 0.9481 -0.0115 -0.3176
vn 0.9141 -0.0782 -0.3979
vn -0.5600 0.0377 -0.8277
vn -0.3995 0.0027 -0.9167
vn -0.2514 -0.0493 -0.9666
vn -0.3527 -0.0497 -0.9344
vn -0.2410 -0.1702 -0.9555
vn 0.0956 -0.0085 0.9954
vn -0.1805 -0.0698 0.9811
vn -0.4887 -0.0566 0.8706
vn -0.8648 -0.2526 0.4339
vn -0.7245 -0.3134 0.6139
vn -0.5715 -0.1748 0.8018
vn -0.4040 -0.1222 0.9065
vn -0.9400 -0.3204 0.1176
vn -0.8392 -0.3399 -0.4246
vn -0.9098 -0.3558 -0.2136
vn -0.7782 -0.2815 -0.5614
vn -0.7333 -0.1510 -0.6629
vn -0.6717 0.0304 -0.7402
vn -0.6111 0.1416 -0.7788
vn 0.9792 -0.1626 -0.1212
vn 0.9733 -0.1899 0.1289
vn 0.8543 -0.2175 -0.4720
vn 0.9362 -0.2380 -0.2585
vn 0.9090 -0.0241 0.4161
vn 0.6845 -0.0123 0.7289
vn 0.8164 -0.0572 0.5747
vn 0.4300 -0.0375 0.9021
vn 0.2751 -0.1091 0.9552
vn -0.0598 -0.3178 -0.9463
vn -0.0078 -0.3083 -0.9512
vn 0.2969 -0.2674 -0.9167
vn -0.0862 -0.3044 -0.9486
vn -0.1589 -0.2180 -0.9629
vn 0.6011 -0.2374 -0.7631
vn -0.4627 -0.0451 -0.8853
vn -0.5299 -0.2201 -0.8190
vn -0.3379 -0.3212 -0.8847
vn -0.1001 -0.1690 0.9805
vn 0.1098 -0.0892 0.9899
vn -0.3027 -0.1584 0.9398
vn -0.8432 -0.3661 0.3937
vn -0.6029 -0.2829 0.7460
vn -0.6457 -0.4124 0.6426
vn -0.5001 -0.2119 0.8396
vn -0.3655 -0.1877 0.9117
vn -0.9153 -0.3858 0.1159
vn -0.9137 -0.3955 -0.0935
vn -0.7595 -0.4214 -0.4957
vn -0.4895 -0.3248 -0.8092
vn 0.9824 -0.1869 -0.0033
vn 0.9741 -0.1931 0.1181
vn 0.9736 -0.2069 -0.0968
vn 0.9387 0.1520 0.3095
vn 0.9674 -0.1017 0.2319
vn 0.8055 -0.2959 -0.5135
vn 0.8607 -0.2935 -0.4159
vn 0.7894 -0.2894 -0.5414
vn 0.8489 -0.2811 -0.4476
vn 0.9682 -0.2415 -0.0652
vn 0.9413 -0.3374 -0.0131
vn 0.8796 -0.1130 0.4621
vn 0.4940 -0.0548 0.8677
vn 0.5219 -0.2233 0.8233
vn 0.7725 -0.1704 0.6117
vn 0.8403 -0.2116 0.4992
vn 0.3732 -0.1844 0.9092
vn 0.3460 -0.2414 0.9067
vn -0.1608 -0.3100 -0.9370
vn -0.0763 -0.2929 -0.9531
vn 0.0960 -0.2382 -0.9665
vn 0.1441 -0.2771 -0.9500
vn 0.3955 -0.3125 -0.8637
vn 0.5948 -0.3286 -0.7336
vn -0.2667 -0.3854 -0.8834
vn 0.0454 -0.1895 0.9808
vn -0.1092 -0.2384 0.9650
vn 0.2816 -0.2344 0.9304
vn 0.1842 -0.2187 0.9583
vn -0.8907 -0.4120 0.1920
vn -0.8048 -0.4771 0.3531
vn -0.5039 -0.3386 0.7946
vn -0.5479 -0.5548 0.6261
vn -0.2929 -0.3901 0.8729
vn -0.8694 -0.4741 -0.1392
vn -0.8586 -0.5103 0.0493
vn -0.7344 -0.4334 -0.5223
vn -0.5828 -0.4123 -0.7003
vn -0.3954 -0.3754 -0.8383
vn -0.8234 -0.4753 -0.3100
vn 0.8997 -0.3443 0.2683
vn 0.7162 -0.2960 -0.6320
vn 0.6774 -0.2084 -0.7055
vn 0.5353 -0.2495 -0.8070
vn 0.5908 -0.2089 -0.7793
vn 0.9429 -0.2983 -0.1484
vn 0.8269 -0.2882 -0.4828
vn 0.8393 -0.3649 -0.4031
vn 0.8590 -0.5120 0.0048
vn 0.8872 -0.4604 0.0298
vn 0.8775 -0.4666 0.1109
vn 0.4648 -0.1122 0.8783
vn 0.5522 -0.2822 0.7845
vn 0.4417 -0.2811 0.8520
vn 0.4071 -0.2041 0.8903
vn 0.5111 -0.1285 0.8498
vn 0.7028 -0.3165 0.6371
vn 0.2206 -0.2348 0.9467
vn 0.3507 -0.2176 0.9108
vn 0.4572 -0.1620 0.8745
vn 0.4389 -0.1671 0.8828
vn -0.1636 -0.4735 -0.8655
vn -0.0558 -0.2140 -0.9752
vn -0.0876 -0.3265 -0.9411
vn -0.0868 -0.2517 -0.9639
vn -0.1313 -0.2629 -0.9559
vn 0.2537 -0.2656 -0.9301
vn -0.3469 -0.3371 -0.8752
vn -0.2384 -0.4003 -0.8848
vn 0.0898 -0.2107 0.9734
vn 0.0040 -0.0976 0.9952
vn -0.1542 -0.3333 0.9301
vn -0.7046 -0.6779 0.2099
vn -0.3651 -0.4621 0.8082
vn -0.4746 -0.7109 0.5190
vn -0.5016 -0.6174 0.6059
vn -0.3286 -0.5389 0.7756
vn -0.2837 -0.5312 0.7984
vn -0.2955 -0.4480 0.8438
vn -0.1099 -0.4898 0.8649
vn -0.3332 -0.4255 0.8414
vn -0.3323 -0.4782 0.8129
vn -0.8552 -0.5114 -0.0846
vn -0.7677 -0.5025 -0.3976
vn -0.7982 -0.5738 -0.1834
vn -0.7276 -0.4450 -0.5221
vn -0.5698 -0.3340 -0.7509
vn -0.6726 -0.4135 -0.6137
vn 0.7432 -0.3596 0.5642
vn 0.4872 -0.1454 -0.8611
vn 0.4660 -0.1032 -0.8788
vn 0.3713 -0.1095 -0.9220
vn 0.3524 -0.1373 -0.9257
vn 0.3785 -0.1011 -0.9201
vn 0.6410 -0.2483 -0.7262
vn 0.5210 -0.0884 -0.8490
vn 0.8682 -0.4025 -0.2903
vn 0.8573 -0.5147 0.0113
vn 0.8412 -0.5373 -0.0611
vn 0.8980 -0.3437 -0.2747
vn 0.8837 -0.4664 -0.0392
vn 0.8904 -0.4142 0.1886
vn 0.8836 -0.3209 0.3409
vn 0.5526 -0.3240 0.7679
vn 0.6326 -0.1722 0.7551
vn 0.7145 -0.0102 0.6996
vn 0.6430 0.1372 0.7535
vn 0.7091 0.1030 0.6975
vn 0.6604 0.2471 0.7091
vn 0.7007 0.1970 0.6858
vn 0.7677 -0.1945 0.6106
vn 0.1493 -0.0875 0.9849
vn 0.2041 -0.0624 0.9770
vn 0.3263 -0.1204 0.9376
vn 0.2721 -0.0262 0.9619
vn 0.4680 -0.0980 0.8783
vn 0.6230 -0.0111 0.7822
vn 0.2026 -0.1677 -0.9648
vn -0.0366 -0.2196 -0.9749
vn -0.1817 -0.3055 -0.9347
vn -0.0717 -0.2561 -0.9640
vn -0.0622 -0.2347 -0.9701
vn -0.1581 -0.2975 -0.9415
vn -0.1038 -0.1790 -0.9784
vn -0.3143 -0.2245 -0.9224
vn 0.0982 -0.1002 0.9901
vn -0.0861 -0.1417 0.9862
vn -0.0460 0.1105 0.9928
vn -0.0132 0.0648 0.9978
vn -0.0543 0.2088 0.9764
vn -0.1265 -0.3214 0.9385
vn -0.1000 -0.1125 0.9886
vn -0.7065 -0.7070 -0.0314
vn -0.8150 -0.5715 -0.0962
vn -0.6169 -0.7685 -0.1701
vn -0.5831 -0.8024 -0.1274
vn -0.6616 -0.7494 0.0265
vn -0.5865 -0.7242 0.3627
vn -0.3026 -0.4585 0.8356
vn -0.1822 -0.6286 0.7561
vn -0.5376 -0.7040 0.4640
vn -0.2646 -0.6245 0.7349
vn -0.6998 -0.5271 0.4821
vn -0.6776 -0.3018 0.6706
vn -0.5319 -0.4848 0.6943
vn -0.2070 -0.5365 0.8181
vn -0.3467 -0.3368 0.8754
vn -0.5072 -0.3163 0.8017
vn -0.1536 -0.4084 0.8998
vn -0.0317 -0.4671 0.8836
vn -0.5863 -0.2052 0.7837
vn -0.5991 -0.3026 0.7413
vn -0.4255 -0.2376 0.8732
vn -0.4739 -0.3277 0.8174
vn -0.8288 -0.5049 -0.2411
vn -0.7979 -0.5337 -0.2803
vn -0.8073 -0.5843 -0.0825
vn -0.6970 -0.4449 -0.5624
vn -0.4910 -0.3152 -0.8121
vn 0.9007 -0.0999 0.4228
vn 0.1370 -0.1242 -0.9828
vn 0.2863 -0.1626 -0.9443
vn 0.1812 -0.0953 -0.9788
vn 0.2883 0.1016 -0.9521
vn 0.3712 0.1040 -0.9227
vn 0.8044 -0.2459 -0.5408
vn 0.6805 -0.1661 -0.7137
vn 0.7278 0.0001 -0.6858
vn 0.5952 0.0591 -0.8014
vn 0.8314 -0.0994 -0.5467
vn 0.9354 -0.2335 -0.2655
vn 0.9636 -0.2631 -0.0470
vn 0.9874 -0.0756 0.1389
vn 0.8510 0.0178 0.5249
vn 0.8485 0.2363 0.4735
vn 0.7985 0.3627 0.4805
vn 0.7437 0.3852 0.5464
vn 0.7382 0.2546 0.6246
vn 0.6749 0.4580 0.5786
vn 0.6931 0.5069 0.5125
vn 0.9388 0.0858 0.3336
vn 0.1900 0.1817 0.9648
vn 0.1466 0.1322 0.9803
vn 0.2338 0.2281 0.9451
vn 0.4701 0.0671 0.8801
vn 0.3851 0.3078 0.8700
vn 0.6127 0.1584 0.7743
vn -0.0278 -0.2796 -0.9597
vn 0.0177 -0.2368 -0.9714
vn -0.0064 -0.1685 -0.9857
vn -0.1638 -0.3518 -0.9216
vn -0.2162 -0.2981 -0.9297
vn 0.1449 -0.1508 -0.9779
vn -0.2878 -0.3694 -0.8836
vn -0.2364 -0.1992 -0.9510
vn 0.0706 0.0997 0.9925
vn -0.1778 0.1360 0.9746
vn -0.1075 0.1100 0.9881
vn -0.1529 0.3507 0.9239
vn 0.0036 0.3281 0.9446
vn 0.0144 -0.3301 0.9438
vn 0.0367 -0.2609 0.9647
vn -0.0941 -0.1659 0.9816
vn -0.2158 -0.0358 0.9758
vn -0.2229 0.1886 0.9564
vn -0.7177 -0.6559 -0.2338
vn -0.6405 -0.7249 -0.2537
vn -0.7664 -0.6122 -0.1946
vn -0.7039 -0.5464 -0.4538
vn -0.7149 -0.6754 0.1811
vn -0.3401 -0.5662 0.7508
vn -0.7484 -0.6171 0.2429
vn -0.9165 -0.3030 0.2612
vn -0.8689 -0.4551 0.1946
vn -0.8079 -0.2907 0.5127
vn -0.5039 -0.2943 0.8121
vn -0.6559 -0.1328 0.7431
vn -0.8470 -0.0450 0.5297
vn -0.5823 -0.1733 0.7943
vn -0.0643 -0.2516 0.9657
vn -0.2461 -0.2222 0.9434
vn -0.6602 -0.1491 0.7361
vn -0.5977 0.0206 0.8014
vn -0.7581 0.1149 0.6420
vn -0.6527 -0.1293 0.7465
vn -0.3963 -0.0025 0.9181
vn -0.6617 -0.0146 0.7496
vn -0.6414 -0.4607 -0.6135
vn -0.7791 -0.5351 -0.3268
vn -0.7103 -0.6691 -0.2184
vn -0.6234 -0.5987 -0.5029
vn -0.4696 -0.3638 -0.8044
vn -0.2814 -0.2791 -0.9181
vn 0.9912 0.1134 0.0681
vn 0.0307 -0.2123 -0.9767
vn -0.0027 0.0122 -0.9999
vn 0.1743 0.0960 -0.9800
vn -0.0179 -0.0742 -0.9971
vn -0.1306 -0.0886 -0.9875
vn 0.1949 0.3150 -0.9289
vn 0.2780 0.2629 -0.9239
vn 0.3284 0.3772 -0.8660
vn 0.1758 0.2807 -0.9436
vn 0.0821 0.1822 -0.9798
vn 0.0427 0.1681 -0.9849
vn 0.4570 0.2349 -0.8579
vn 0.8464 0.0449 -0.5306
vn 0.6681 0.1746 -0.7233
vn 0.9431 -0.0761 -0.3235
vn 0.9920 -0.0659 -0.1077
vn 0.9049 0.2827 0.3182
vn 0.8701 0.4400 0.2219
vn 0.7703 0.5372 0.3434
vn 0.6474 0.6508 0.3968
vn 0.6890 0.6862 0.2335
vn 0.6809 0.7199 0.1350
vn 0.7350 0.5047 0.4527
vn 0.6550 0.4488 0.6080
vn 0.5783 0.7562 0.3062
vn 0.6136 0.7721 0.1655
vn 0.9528 0.2962 0.0665
vn 0.2270 0.4203 0.8785
vn 0.2258 0.3661 0.9028
vn 0.1390 0.3504 0.9262
vn 0.3937 0.5028 0.7695
vn 0.2928 0.4826 0.8254
vn 0.5785 0.3924 0.7151
vn 0.6064 0.4281 0.6700
vn 0.4918 0.6433 0.5867
vn -0.1825 -0.2766 -0.9435
vn -0.1836 0.3466 0.9199
vn -0.3252 0.3736 0.8687
vn -0.3982 0.4407 0.8045
vn -0.2703 0.3605 0.8927
vn -0.1561 0.3159 0.9359
vn -0.1628 0.4778 0.8633
vn -0.3877 0.6100 0.6911
vn -0.1935 0.5853 0.7874
vn -0.2495 0.6193 0.7445
vn -0.0530 0.5327 0.8446
vn 0.1314 0.5231 0.8421
vn 0.0745 0.5723 0.8167
vn 0.1455 0.6159 0.7743
vn -0.3652 0.2282 0.9025
vn -0.8202 -0.4163 -0.3924
vn -0.8592 -0.4720 -0.1975
vn -0.6854 -0.4525 -0.5705
vn -0.7394 -0.3152 -0.5949
vn -0.6402 -0.3008 -0.7069
vn -0.8552 -0.5177 -0.0232
vn -0.8564 -0.5053 0.1060
vn -0.9582 -0.2859 0.0144
vn -0.9725 -0.0359 0.2302
vn -0.6712 0.0634 0.7385
vn -0.8132 0.1329 0.5666
vn -0.7043 0.0865 0.7046
vn -0.9423 0.2584 0.2127
vn -0.8972 0.1879 0.3996
vn -0.7939 0.2940 0.5322
vn -0.6814 0.2384 0.6920
vn -0.5033 0.2486 0.8276
vn -0.7655 0.1843 0.6165
vn -0.8179 0.4156 0.3979
vn -0.8032 0.3652 0.4706
vn -0.7198 0.1811 0.6701
vn -0.7512 0.2873 0.5943
vn -0.5745 -0.4597 -0.6772
vn -0.5128 -0.4185 -0.7496
vn -0.7698 -0.5637 -0.2995
vn -0.5673 -0.4431 -0.6941
vn -0.6171 -0.5072 -0.6016
vn -0.3280 -0.3465 -0.8788
vn -0.3380 -0.3043 -0.8906
vn -0.2590 -0.1787 -0.9492
vn -0.3921 -0.2341 -0.8896
vn 0.9480 0.0950 -0.3039
vn 0.9499 0.2417 -0.1983
vn 0.0505 0.0486 -0.9975
vn -0.1844 0.0183 -0.9827
vn -0.0816 0.0850 -0.9930
vn 0.0834 0.2089 -0.9744
vn 0.2722 0.4574 -0.8466
vn 0.1804 0.3093 -0.9337
vn 0.2475 0.5682 -0.7848
vn 0.4911 0.4591 -0.7404
vn 0.4021 0.3854 -0.8305
vn 0.3576 0.6150 -0.7028
vn 0.4090 0.4342 -0.8026
vn 0.1758 0.2336 -0.9563
vn 0.1767 0.2600 -0.9493
vn 0.8350 0.1831 -0.5188
vn 0.7227 0.1811 -0.6670
vn 0.5983 0.3239 -0.7329
vn 0.8736 0.4865 -0.0084
vn 0.8176 0.5689 0.0886
vn 0.7729 0.6319 0.0577
vn 0.8296 0.5243 0.1921
vn 0.6927 0.7197 0.0471
vn 0.5358 0.7970 0.2788
vn 0.6910 0.6806 0.2435
vn 0.4650 0.8853 -0.0043
vn 0.3624 0.9296 0.0678
vn 0.6441 0.6860 0.3383
vn 0.5821 0.6231 0.5224
vn 0.4624 0.8658 0.1911
vn 0.5189 0.8517 0.0738
vn 0.2252 0.5529 0.8022
vn 0.2930 0.6038 0.7413
vn 0.2552 0.8066 0.5332
vn 0.4402 0.7481 0.4965
vn 0.6603 0.6711 0.3371
vn 0.5168 0.8312 0.2052
vn -0.3404 0.7119 0.6143
vn -0.4697 0.5501 0.6905
vn -0.4412 0.7732 0.4555
vn -0.4166 0.4618 0.7830
vn -0.2006 0.5858 0.7852
vn -0.4561 0.7885 0.4127
vn -0.4147 0.7531 0.5107
vn -0.1888 0.8345 0.5176
vn -0.2610 0.9236 0.2808
vn -0.0628 0.8225 0.5653
vn -0.1737 0.6218 0.7637
vn 0.2185 0.7573 0.6155
vn 0.1652 0.7033 0.6914
vn 0.1175 0.8847 0.4510
vn 0.1104 0.9230 0.3687
vn -0.8338 -0.2129 -0.5094
vn -0.9388 -0.2818 -0.1981
vn -0.4893 -0.3223 -0.8103
vn -0.5976 -0.1649 -0.7846
vn -0.9977 -0.0441 -0.0522
vn -0.9703 -0.0394 -0.2386
vn -0.9756 0.2189 -0.0160
vn -0.7335 0.3339 0.5921
vn -0.8087 0.3242 0.4908
vn -0.8992 0.3789 0.2190
vn -0.9161 0.3997 -0.0320
vn -0.7812 0.5540 0.2880
vn -0.7206 0.4874 0.4931
vn -0.7372 0.6544 0.1681
vn -0.5682 0.5356 0.6247
vn -0.7107 0.6846 0.1618
vn -0.7692 0.5449 0.3336
vn -0.7319 0.5449 0.4092
vn -0.3279 -0.1033 -0.9391
vn 0.8603 0.4301 -0.2738
vn -0.1966 0.0774 -0.9774
vn -0.2293 0.0789 -0.9702
vn -0.2440 -0.0057 -0.9697
vn 0.0203 0.1216 -0.9924
vn 0.1649 0.1492 -0.9750
vn 0.3585 0.7399 -0.5692
vn 0.1592 0.7090 -0.6870
vn 0.1537 0.4379 -0.8858
vn 0.1346 0.5803 -0.8032
vn 0.2486 0.8158 -0.5222
vn 0.4581 0.5777 -0.6756
vn 0.5639 0.5550 -0.6115
vn 0.4406 0.6890 -0.5754
vn 0.4525 0.6967 -0.5567
vn 0.4509 0.7766 -0.4399
vn 0.0415 0.2249 -0.9735
vn 0.0947 0.3731 -0.9230
vn 0.1723 0.5935 -0.7862
vn 0.7080 0.3277 -0.6256
vn 0.7703 0.4302 -0.4707
vn 0.6322 0.7420 -0.2231
vn 0.7328 0.6766 -0.0722
vn 0.7505 0.5747 -0.3264
vn 0.6002 0.7991 -0.0345
vn 0.4950 0.8634 -0.0972
vn 0.3526 0.9335 0.0659
vn 0.5209 0.8528 -0.0374
vn 0.2495 0.9299 -0.2704
vn 0.1155 0.9767 -0.1807
vn 0.0742 0.9900 -0.1200
vn 0.5547 0.8308 0.0450
vn 0.6343 0.7663 0.1021
vn 0.3955 0.9185 -0.0017
vn 0.3156 0.7891 0.5270
vn 0.2660 0.9497 0.1651
vn 0.3436 0.9242 0.1666
vn 0.1904 0.9734 -0.1275
vn 0.3689 0.9262 -0.0777
vn 0.4830 0.8645 -0.1393
vn 0.3896 0.8723 -0.2954
vn -0.4592 0.8863 0.0607
vn -0.6003 0.6288 0.4942
vn -0.4897 0.8052 0.3344
vn -0.4219 0.9050 -0.0547
vn -0.4920 0.8329 -0.2534
vn -0.4779 0.8314 0.2835
vn -0.3859 0.9222 -0.0242
vn -0.2310 0.9528 -0.1972
vn -0.2365 0.9701 0.0538
vn -0.3200 0.8125 -0.4872
vn -0.0723 0.9917 0.1061
vn -0.1949 0.9351 0.2960
vn -0.1395 0.9746 -0.1754
vn 0.2680 0.9163 0.2977
vn 0.2325 0.8791 0.4161
vn 0.0762 0.9966 0.0309
vn -0.0376 0.9495 -0.3116
vn 0.3298 0.9205 0.2096
vn 0.2161 0.9640 -0.1547
vn 0.0895 0.9102 -0.4043
vn -0.7025 -0.0271 -0.7111
vn -0.8796 -0.0492 -0.4732
vn -0.3919 -0.0738 -0.9170
vn -0.4629 0.0090 -0.8864
vn -0.9530 0.1900 -0.2360
vn -0.8727 0.4126 -0.2610
vn -0.7840 0.4789 0.3949
vn -0.8275 0.5613 -0.0148
vn -0.8008 0.5780 0.1569
vn -0.7861 0.5904 -0.1828
vn -0.5578 0.8288 -0.0446
vn -0.7029 0.6181 0.3520
vn -0.6861 0.7136 0.1415
vn -0.5570 0.7976 -0.2317
vn -0.5377 0.8424 -0.0353
vn -0.6826 0.7233 0.1041
vn -0.7104 0.6907 0.1350
vn -0.2354 0.0519 -0.9705
vn -0.2208 0.0250 -0.9750
vn -0.1249 0.0495 -0.9909
vn -0.1696 0.1434 -0.9750
vn -0.2690 -0.0021 -0.9631
vn -0.2402 -0.0216 -0.9705
vn 0.3502 0.8583 -0.3751
vn 0.1956 0.9539 -0.2278
vn 0.1401 0.9171 -0.3732
vn 0.1320 0.8468 -0.5152
vn 0.1846 0.7486 -0.6368
vn 0.2539 0.9628 -0.0924
vn 0.4293 0.7197 -0.5456
vn 0.5790 0.6880 -0.4375
vn 0.4360 0.7541 -0.4911
vn 0.3503 0.9050 -0.2415
vn 0.3337 0.9038 -0.2680
vn 0.4534 0.8443 -0.2856
vn -0.0948 0.3368 -0.9368
vn -0.0389 0.5144 -0.8567
vn 0.1174 0.5847 -0.8027
vn 0.0098 0.6354 -0.7721
vn 0.1284 0.8593 -0.4951
vn 0.2640 0.8136 -0.5180
vn 0.4282 0.8921 -0.1443
vn 0.4067 0.8699 -0.2792
vn 0.3806 0.8976 -0.2223
vn 0.1696 0.9694 -0.1776
vn 0.2678 0.9402 -0.2107
vn 0.3535 0.8830 -0.3089
vn 0.1147 0.9828 -0.1449
vn 0.3189 0.8873 -0.3331
vn 0.0818 0.9098 -0.4069
vn 0.0132 0.9979 -0.0633
vn -0.0346 0.9920 -0.1216
vn 0.2546 0.9654 -0.0555
vn 0.1100 0.9303 -0.3499
vn 0.1840 0.9232 -0.3375
vn 0.0637 0.8273 -0.5581
vn 0.1768 0.8266 -0.5343
vn 0.1109 0.8443 -0.5242
vn -0.4660 0.8359 -0.2900
vn -0.3620 0.8586 -0.3629
vn -0.5864 0.7817 0.2123
vn -0.4623 0.8712 -0.1652
vn -0.3222 0.7722 -0.5476
vn -0.1797 0.7808 -0.5984
vn -0.1772 0.8947 -0.4101
vn -0.1154 0.8257 -0.5522
vn -0.1161 0.6924 -0.7121
vn 0.2499 0.9565 -0.1503
vn -0.0374 0.7553 -0.6543
vn -0.0532 0.6248 -0.7790
vn 0.2163 0.8533 -0.4744
vn 0.0614 0.7505 -0.6580
vn -0.5648 0.1580 -0.8099
vn -0.7208 -0.3362 -0.6062
vn -0.7207 0.1084 -0.6848
vn -0.7538 0.0464 -0.6554
vn -0.8214 0.1127 -0.5591
vn -0.8976 0.2509 -0.3624
vn -0.4190 0.1530 -0.8950
vn -0.7768 0.4703 -0.4188
vn -0.6742 0.7301 -0.1117
vn -0.6995 0.6022 -0.3848
vn -0.3368 0.9316 -0.1371
vn -0.3015 0.8739 -0.3813
vn -0.2478 0.9521 -0.1792
vn -0.5642 0.7938 -0.2271
vn -0.4119 0.7925 -0.4498
vn -0.5374 0.8379 -0.0960
vn -0.4338 0.1505 -0.8883
vn -0.1900 0.0756 -0.9789
vn -0.3508 0.1307 -0.9273
vn -0.3254 0.4222 -0.8461
vn -0.3743 0.1526 -0.9147
vn 0.3529 0.9352 0.0280
vn 0.2516 0.9578 -0.1391
vn 0.1149 0.9782 -0.1728
vn 0.2249 0.9035 -0.3649
vn 0.3362 0.8896 -0.3091
vn 0.1853 0.9824 -0.0232
vn 0.2701 0.9616 0.0487
vn 0.1860 0.9815 -0.0464
vn -0.2856 0.6600 -0.6949
vn -0.1917 0.5740 -0.7961
vn -0.1426 0.7551 -0.6399
vn 0.0489 0.7541 -0.6549
vn -0.0297 0.9465 -0.3214
vn -0.1073 0.8674 -0.4860
vn 0.2378 0.9101 -0.3395
vn 0.1242 0.9886 -0.0854
vn 0.0523 0.9860 -0.1583
vn 0.0245 0.9770 -0.2119
vn 0.2019 0.9720 -0.1201
vn -0.0445 0.9739 -0.2227
vn -0.0426 0.8948 -0.4445
vn 0.2213 0.9287 0.2976
vn 0.1163 0.9909 0.0678
vn -0.0789 0.9846 0.1563
vn -0.1297 0.9791 0.1566
vn 0.1692 0.8865 -0.4308
vn -0.1372 0.8413 -0.5228
vn -0.2227 0.7582 -0.6128
vn -0.1230 0.7297 -0.6727
vn -0.1231 0.6689 -0.7331
vn -0.6431 0.3329 -0.6897
vn -0.6231 0.3958 -0.6745
vn -0.6256 0.3108 -0.7156
vn -0.7161 0.3215 -0.6195
vn -0.7677 0.3357 -0.5459
vn -0.5939 0.2886 -0.7510
vn -0.4711 0.8711 -0.1389
vn -0.6144 0.7258 -0.3095
vn -0.6644 0.4853 -0.5683
vn -0.1865 0.9818 -0.0357
vn -0.1829 0.8526 -0.4894
vn -0.1420 0.9422 -0.3034
vn -0.2795 0.9600 -0.0167
vn -0.2967 0.0346 -0.9543
vn -0.3871 0.1304 -0.9128
vn -0.4934 0.2980 -0.8172
vn -0.4915 0.6695 -0.5570
vn -0.4956 0.3903 -0.7760
vn -0.3456 0.0797 -0.9350
vn -0.4735 0.2199 -0.8529
vn 0.4339 0.8164 0.3810
vn 0.3976 0.9053 0.1493
vn 0.0431 0.9829 -0.1789
vn 0.2474 0.9625 -0.1109
vn 0.2296 0.9408 -0.2495
vn 0.0413 0.9538 -0.2975
vn -0.2469 0.8306 -0.4991
vn -0.3509 0.7616 -0.5448
vn -0.4485 0.7873 -0.4231
vn -0.2074 0.9726 -0.1052
vn -0.2239 0.9359 -0.2718
vn -0.0788 0.9898 0.1183
vn -0.1493 0.9873 0.0539
vn 0.1713 0.9746 -0.1446
vn -0.0399 0.9959 -0.0817
vn -0.0426 0.9639 -0.2628
vn -0.0790 0.9944 -0.0696
vn -0.0770 0.9776 -0.1961
vn 0.1265 0.8724 0.4722
vn 0.3471 0.7721 0.5324
vn -0.1046 0.7620 0.6391
vn -0.1045 0.9069 0.4082
vn -0.1614 0.9555 -0.2469
vn -0.6028 0.5789 -0.5491
vn -0.5886 0.6821 -0.4339
vn -0.6005 0.4491 -0.6616
vn -0.6791 0.6134 -0.4031
vn -0.6864 0.4718 -0.5534
vn -0.4234 0.8937 -0.1485
vn -0.2007 0.9782 0.0530
vn -0.3948 0.9179 0.0390
vn -0.4700 0.8595 -0.2009
vn -0.5969 0.3761 -0.7088
vn -0.5152 0.8099 -0.2805
vn -0.5608 0.6190 -0.5498
vn 0.2516 0.8313 0.4956
vn -0.0169 0.9299 0.3675
vn -0.2081 0.9507 0.2301
vn -0.2772 0.9568 0.0875
vn -0.3109 0.9465 -0.0864
vn -0.4574 0.8135 -0.3592
vn -0.4159 0.9087 -0.0344
vn -0.2353 0.9126 0.3345
vn -0.2391 0.9438 0.2282
vn -0.2465 0.9220 0.2986
vn -0.2225 0.9096 0.3510
vn -0.0958 0.9950 0.0273
vn -0.0889 0.9669 0.2392
vn -0.1119 0.9912 0.0705
vn 0.0399 0.5673 0.8225
vn -0.1526 0.7923 0.5908
vn -0.1595 0.7198 0.6757
vn -0.5820 0.7643 -0.2778
vn -0.6512 0.5935 -0.4729
vn -0.5671 0.8235 -0.0188
vn -0.6343 0.7667 -0.0998
vn -0.1578 0.9425 0.2944
vn -0.2277 0.9405 0.2524
vn -0.3266 0.8697 0.3700
vn -0.4372 0.8615 0.2581
vn -0.6542 0.7010 -0.2838
vn -0.4962 0.8678 -0.0270
vn -0.3938 0.9052 0.1595
vn -0.1769 0.7435 0.6449
vn -0.3245 0.7714 0.5475
vn -0.3801 0.8189 0.4300
vn -0.2734 0.9039 0.3290
vn -0.3144 0.9275 0.2022
vn -0.1382 0.9205 0.3654
vn -0.4855 0.8655 0.1236
vn -0.3520 0.8894 0.2916
s 1
f 1//1 2//2 3//3
f 3//3 4//4 1//1
f 2//2 1//1 5//5
f 4//4 6//6 1//1
f 7//7 1//1 6//6
f 5//5 1//1 7//7
f 8//8 3//3 2//2
f 8//8 2//2 9//9
f 2//2 5//5 10//10
f 2//2 10//10 9//9
f 4//4 3//3 11//11
f 3//3 8//8 12//12
f 12//12 13//13 3//3
f 11//11 3//3 13//13
f 6//6 4//4 14//14
f 11//11 14//14 4//4
f 10//10 5//5 15//15
f 16//16 5//5 7//7
f 15//15 5//5 16//16
f 17//17 6//6 14//14
f 7//7 6//6 18//18
f 6//6 17//17 19//19
f 18//18 6//6 19//19
f 20//20 7//7 18//18
f 16//16 7//7 20//20
f 12//12 8//8 21//21
f 9//9 21//21 8//8
f 9//9 10//10 22//22
f 23//23 21//21 9//9
f 23//23 9//9 22//22
f 22//22 10//10 24//24
f 24//24 10//10 15//15
f 14//14 11//11 25//25
f 25//25 11//11 26//26
f 11//11 13//13 27//27
f 26//26 11//11 27//27
f 12//12 21//21 28//28
f 28//28 29//29 12//12
f 12//12 29//29 30//30
f 31//31 12//12 30//30
f 13//13 12//12 31//31
f 13//13 31//31 27//27
f 14//14 25//25 32//32
f 32//32 17//17 14//14
f 33//33 15//15 16//16
f 24//24 15//15 33//33
f 34//34 16//16 20//20
f 33//33 16//16 34//34
f 32//32 35//35 17//17
f 19//19 17//17 35//35
f 36//36 18//18 37//37
f 20//20 18//18 36//36
f 19//19 37//37 18//18
f 37//37 19//19 38//38
f 35//35 38//38 19//19
f 39//39 20//20 36//36
f 34//34 20//20 39//39
f 21//21 40//40 28//28
f 40//40 21//21 23//23
f 23//23 22//22 24//24
f 23//23 24//24 41//41
f 42//42 23//23 41//41
f 42//42 40//40 23//23
f 41//41 24//24 33//33
f 25//25 43//43 44//44
f 45//45 32//32 25//25
f 25//25 44//44 45//45
f 25//25 26//26 43//43
f 43//43 26//26 46//46
f 27//27 46//46 26//26
f 46//46 27//27 47//47
f 31//31 47//47 27//27
f 28//28 40//40 48//48
f 29//29 28//28 49//49
f 48//48 49//49 28//28
f 30//30 29//29 50//50
f 50//50 29//29 49//49
f 30//30 51//51 31//31
f 30//30 52//52 51//51
f 30//30 50//50 52//52
f 47//47 31//31 51//51
f 53//53 35//35 32//32
f 53//53 32//32 45//45
f 33//33 54//54 41//41
f 54//54 33//33 34//34
f 34//34 55//55 54//54
f 55//55 34//34 39//39
f 53//53 56//56 35//35
f 57//57 35//35 56//56
f 38//38 35//35 57//57
f 36//36 37//37 58//58
f 59//59 36//36 58//58
f 39//39 36//36 59//59
f 38//38 60//60 37//37
f 58//58 37//37 60//60
f 60//60 38//38 57//57
f 39//39 59//59 61//61
f 61//61 55//55 39//39
f 48//48 40//40 42//42
f 62//62 42//42 41//41
f 62//62 41//41 54//54
f 62//62 48//48 42//42
f 44//44 43//43 63//63
f 43//43 64//64 63//63
f 43//43 46//46 64//64
f 44//44 65//65 45//45
f 66//66 65//65 44//44
f 66//66 44//44 63//63
f 67//67 45//45 65//65
f 45//45 67//67 53//53
f 47//47 68//68 46//46
f 64//64 46//46 69//69
f 69//69 46//46 68//68
f 47//47 51//51 70//70
f 68//68 47//47 70//70
f 48//48 71//71 49//49
f 71//71 48//48 62//62
f 50//50 49//49 72//72
f 49//49 71//71 73//73
f 72//72 49//49 73//73
f 72//72 74//74 50//50
f 52//52 50//50 74//74
f 75//75 70//70 51//51
f 51//51 52//52 75//75
f 74//74 76//76 52//52
f 52//52 77//77 75//75
f 78//78 77//77 52//52
f 76//76 78//78 52//52
f 56//56 53//53 67//67
f 79//79 62//62 54//54
f 79//79 54//54 80//80
f 80//80 54//54 55//55
f 61//61 81//81 55//55
f 80//80 55//55 81//81
f 82//82 56//56 67//67
f 83//83 56//56 82//82
f 57//57 56//56 83//83
f 84//84 57//57 83//83
f 60//60 57//57 84//84
f 60//60 85//85 58//58
f 59//59 58//58 85//85
f 86//86 59//59 85//85
f 59//59 86//86 61//61
f 87//87 60//60 84//84
f 85//85 60//60 87//87
f 88//88 61//61 89//89
f 90//90 89//89 61//61
f 90//90 61//61 86//86
f 88//88 81//81 61//61
f 71//71 62//62 91//91
f 62//62 79//79 91//91
f 63//63 92//92 66//66
f 93//93 94//94 63//63
f 95//95 63//63 64//64
f 63//63 94//94 92//92
f 63//63 96//96 93//93
f 95//95 96//96 63//63
f 64//64 97//97 95//95
f 69//69 97//97 64//64
f 66//66 98//98 65//65
f 99//99 65//65 98//98
f 67//67 65//65 99//99
f 92//92 98//98 66//66
f 82//82 67//67 99//99
f 100//100 68//68 101//101
f 68//68 70//70 102//102
f 101//101 68//68 102//102
f 103//103 69//69 68//68
f 68//68 100//100 103//103
f 97//97 69//69 103//103
f 70//70 75//75 102//102
f 91//91 73//73 71//71
f 104//104 72//72 73//73
f 72//72 105//105 74//74
f 104//104 105//105 72//72
f 73//73 91//91 104//104
f 106//106 76//76 74//74
f 74//74 105//105 107//107
f 106//106 74//74 107//107
f 77//77 102//102 75//75
f 76//76 108//108 78//78
f 109//109 108//108 76//76
f 76//76 106//106 109//109
f 102//102 77//77 110//110
f 78//78 110//110 77//77
f 110//110 78//78 108//108
f 91//91 79//79 111//111
f 111//111 79//79 80//80
f 81//81 112//112 80//80
f 113//113 111//111 80//80
f 80//80 112//112 114//114
f 114//114 113//113 80//80
f 81//81 88//88 112//112
f 82//82 99//99 115//115
f 115//115 116//116 82//82
f 83//83 82//82 116//116
f 117//117 83//83 118//118
f 84//84 83//83 117//117
f 118//118 83//83 116//116
f 117//117 87//87 84//84
f 85//85 87//87 86//86
f 86//86 87//87 119//119
f 90//90 86//86 119//119
f 120//120 119//119 87//87
f 117//117 120//120 87//87
f 121//121 88//88 89//89
f 121//121 112//112 88//88
f 89//89 90//90 122//122
f 123//123 121//121 89//89
f 124//124 89//89 122//122
f 123//123 89//89 124//124
f 122//122 90//90 125//125
f 90//90 119//119 126//126
f 126//126 125//125 90//90
f 127//127 104//104 91//91
f 127//127 91//91 111//111
f 92//92 128//128 98//98
f 129//129 128//128 92//92
f 92//92 94//94 129//129
f 93//93 130//130 94//94
f 131//131 130//130 93//93
f 131//131 93//93 96//96
f 94//94 130//130 129//129
f 95//95 97//97 132//132
f 132//132 96//96 95//95
f 133//133 96//96 132//132
f 96//96 133//133 131//131
f 103//103 134//134 97//97
f 134//134 135//135 97//97
f 136//136 97//97 137//137
f 132//132 97//97 136//136
f 137//137 97//97 135//135
f 138//138 98//98 128//128
f 99//99 98//98 138//138
f 138//138 115//115 99//99
f 100//100 101//101 139//139
f 139//139 140//140 100//100
f 140//140 103//103 100//100
f 101//101 102//102 141//141
f 139//139 101//101 141//141
f 102//102 110//110 141//141
f 142//142 134//134 103//103
f 142//142 103//103 140//140
f 104//104 127//127 105//105
f 105//105 143//143 144//144
f 144//144 107//107 105//105
f 127//127 143//143 105//105
f 145//145 106//106 107//107
f 146//146 106//106 147//147
f 106//106 146//146 109//109
f 147//147 106//106 145//145
f 148//148 107//107 144//144
f 149//149 107//107 148//148
f 150//150 145//145 107//107
f 150//150 107//107 149//149
f 141//141 108//108 151//151
f 110//110 108//108 141//141
f 109//109 151//151 108//108
f 146//146 151//151 109//109
f 152//152 111//111 113//113
f 111//111 152//152 127//127
f 114//114 112//112 121//121
f 153//153 143//143 113//113
f 143//143 152//152 113//113
f 123//123 113//113 114//114
f 154//154 113//113 123//123
f 153//153 113//113 154//154
f 114//114 121//121 123//123
f 115//115 138//138 155//155
f 116//116 115//115 155//155
f 116//116 155//155 118//118
f 118//118 120//120 117//117
f 118//118 155//155 156//156
f 157//157 158//158 118//118
f 118//118 158//158 120//120
f 157//157 118//118 156//156
f 126//126 119//119 120//120
f 120//120 158//158 126//126
f 125//125 159//159 122//122
f 160//160 161//161 122//122
f 160//160 122//122 159//159
f 122//122 161//161 124//124
f 124//124 162//162 123//123
f 154//154 123//123 163//163
f 163//163 123//123 162//162
f 162//162 124//124 161//161
f 126//126 164//164 125//125
f 159//159 125//125 164//164
f 126//126 158//158 157//157
f 164//164 126//126 157//157
f 127//127 152//152 143//143
f 129//129 165//165 128//128
f 166//166 128//128 165//165
f 138//138 128//128 166//166
f 165//165 129//129 130//130
f 130//130 167//167 165//165
f 168//168 130//130 131//131
f 130//130 168//168 167//167
f 168//168 131//131 133//133
f 169//169 170//170 132//132
f 170//170 133//133 132//132
f 136//136 169//169 132//132
f 170//170 171//171 133//133
f 133//133 171//171 168//168
f 134//134 142//142 135//135
f 135//135 142//142 172//172
f 172//172 173//173 135//135
f 137//137 135//135 173//173
f 174//174 136//136 137//137
f 169//169 136//136 174//174
f 137//137 175//175 174//174
f 137//137 176//176 175//175
f 176//176 137//137 177//177
f 177//177 137//137 173//173
f 155//155 138//138 166//166
f 141//141 178//178 139//139
f 179//179 139//139 180//180
f 139//139 178//178 181//181
f 140//140 139//139 179//179
f 181//181 180//180 139//139
f 179//179 182//182 140//140
f 140//140 173//173 142//142
f 173//173 140//140 182//182
f 141//141 151//151 178//178
f 173//173 172//172 142//142
f 144//144 143//143 183//183
f 183//183 143//143 153//153
f 148//148 144//144 183//183
f 145//145 184//184 147//147
f 145//145 150//150 184//184
f 147//147 178//178 146//146
f 178//178 151//151 146//146
f 147//147 181//181 178//178
f 185//185 181//181 147//147
f 185//185 147//147 184//184
f 186//186 187//187 148//148
f 187//187 149//149 148//148
f 186//186 148//148 183//183
f 149//149 184//184 150//150
f 188//188 149//149 187//187
f 184//184 149//149 185//185
f 185//185 149//149 188//188
f 183//183 153//153 189//189
f 190//190 189//189 153//153
f 153//153 154//154 163//163
f 190//190 153//153 163//163
f 166//166 156//156 155//155
f 156//156 166//166 191//191
f 156//156 191//191 192//192
f 193//193 157//157 156//156
f 156//156 192//192 193//193
f 157//157 194//194 164//164
f 157//157 195//195 194//194
f 196//196 195//195 157//157
f 196//196 157//157 193//193
f 160//160 159//159 164//164
f 197//197 161//161 160//160
f 164//164 194//194 160//160
f 198//198 160//160 194//194
f 199//199 197//197 160//160
f 160//160 198//198 200//200
f 200//200 199//199 160//160
f 162//162 161//161 197//197
f 162//162 201//201 163//163
f 201//201 162//162 197//197
f 201//201 202//202 163//163
f 190//190 163//163 202//202
f 167//167 166//166 165//165
f 191//191 166//166 167//167
f 167//167 203//203 191//191
f 203//203 167//167 168//168
f 171//171 203//203 168//168
f 169//169 204//204 170//170
f 204//204 169//169 174//174
f 170//170 205//205 171//171
f 170//170 206//206 205//205
f 170//170 204//204 206//206
f 203//203 171//171 207//207
f 171//171 205//205 207//207
f 173//173 208//208 209//209
f 173//173 182//182 208//208
f 209//209 210//210 173//173
f 177//177 173//173 210//210
f 211//211 204//204 174//174
f 212//212 211//211 174//174
f 174//174 175//175 212//212
f 213//213 175//175 214//214
f 175//175 213//213 212//212
f 215//215 214//214 175//175
f 216//216 175//175 176//176
f 215//215 175//175 216//216
f 217//217 216//216 176//176
f 176//176 177//177 218//218
f 219//219 217//217 176//176
f 176//176 218//218 219//219
f 220//220 177//177 210//210
f 220//220 218//218 177//177
f 221//221 179//179 180//180
f 179//179 222//222 182//182
f 221//221 222//222 179//179
f 223//223 180//180 181//181
f 224//224 180//180 223//223
f 225//225 180//180 224//224
f 180//180 225//225 221//221
f 181//181 226//226 223//223
f 181//181 185//185 226//226
f 208//208 182//182 222//222
f 227//227 183//183 189//189
f 186//186 183//183 227//227
f 228//228 185//185 188//188
f 228//228 229//229 185//185
f 185//185 229//229 226//226
f 230//230 187//187 186//186
f 231//231 186//186 227//227
f 186//186 231//231 230//230
f 187//187 230//230 188//188
f 232//232 188//188 230//230
f 188//188 233//233 228//228
f 234//234 233//233 188//188
f 232//232 234//234 188//188
f 235//235 227//227 189//189
f 235//235 189//189 190//190
f 190//190 236//236 235//235
f 237//237 238//238 190//190
f 202//202 237//237 190//190
f 236//236 190//190 238//238
f 239//239 192//192 191//191
f 191//191 203//203 239//239
f 240//240 193//193 192//192
f 240//240 192//192 241//241
f 242//242 192//192 239//239
f 192//192 242//242 241//241
f 193//193 240//240 196//196
f 243//243 198//198 194//194
f 195//195 243//243 194//194
f 243//243 195//195 196//196
f 243//243 196//196 244//244
f 244//244 196//196 240//240
f 201//201 197//197 199//199
f 200//200 198//198 245//245
f 198//198 243//243 244//244
f 245//245 198//198 244//244
f 201//201 199//199 200//200
f 201//201 200//200 246//246
f 247//247 246//246 200//200
f 247//247 200//200 245//245
f 202//202 201//201 246//246
f 237//237 202//202 246//246
f 207//207 239//239 203//203
f 211//211 248//248 204//204
f 248//248 206//206 204//204
f 249//249 205//205 206//206
f 207//207 205//205 239//239
f 205//205 249//249 239//239
f 249//249 206//206 248//248
f 208//208 222//222 209//209
f 209//209 222//222 221//221
f 210//210 209//209 221//221
f 250//250 210//210 221//221
f 251//251 210//210 250//250
f 210//210 251//251 252//252
f 252//252 220//220 210//210
f 248//248 211//211 253//253
f 212//212 253//253 211//211
f 254//254 253//253 212//212
f 213//213 255//255 212//212
f 255//255 254//254 212//212
f 256//256 213//213 214//214
f 257//257 255//255 213//213
f 257//257 213//213 258//258
f 213//213 256//256 258//258
f 214//214 259//259 256//256
f 260//260 261//261 214//214
f 214//214 261//261 259//259
f 260//260 214//214 215//215
f 262//262 215//215 263//263
f 264//264 260//260 215//215
f 263//263 215//215 219//219
f 216//216 217//217 215//215
f 215//215 262//262 264//264
f 215//215 217//217 219//219
f 218//218 265//265 266//266
f 252//252 265//265 218//218
f 218//218 220//220 252//252
f 263//263 219//219 218//218
f 218//218 266//266 263//263
f 250//250 221//221 225//225
f 267//267 224//224 223//223
f 223//223 226//226 268//268
f 223//223 268//268 267//267
f 224//224 267//267 269//269
f 270//270 225//225 224//224
f 224//224 271//271 270//270
f 269//269 271//271 224//224
f 270//270 250//250 225//225
f 268//268 226//226 272//272
f 226//226 229//229 273//273
f 273//273 272//272 226//226
f 227//227 235//235 231//231
f 228//228 233//233 273//273
f 273//273 229//229 228//228
f 231//231 232//232 230//230
f 232//232 231//231 274//274
f 274//274 231//231 235//235
f 232//232 274//274 275//275
f 234//234 232//232 275//275
f 273//273 233//233 234//234
f 234//234 275//275 276//276
f 276//276 277//277 234//234
f 278//278 234//234 277//277
f 278//278 273//273 234//234
f 236//236 279//279 235//235
f 235//235 280//280 274//274
f 235//235 279//279 280//280
f 281//281 236//236 238//238
f 279//279 236//236 282//282
f 283//283 284//284 236//236
f 236//236 281//281 283//283
f 285//285 282//282 236//236
f 286//286 285//285 236//236
f 286//286 236//236 284//284
f 238//238 237//237 287//287
f 246//246 287//287 237//237
f 287//287 288//288 238//238
f 238//238 288//288 281//281
f 239//239 249//249 242//242
f 240//240 241//241 289//289
f 244//244 240//240 289//289
f 289//289 241//241 290//290
f 290//290 241//241 242//242
f 242//242 249//249 248//248
f 242//242 248//248 290//290
f 289//289 291//291 244//244
f 292//292 244//244 291//291
f 244//244 293//293 245//245
f 294//294 295//295 244//244
f 244//244 296//296 293//293
f 244//244 292//292 294//294
f 244//244 295//295 296//296
f 297//297 247//247 245//245
f 297//297 245//245 293//293
f 246//246 298//298 287//287
f 298//298 246//246 247//247
f 297//297 298//298 247//247
f 253//253 299//299 248//248
f 290//290 248//248 299//299
f 300//300 251//251 250//250
f 300//300 250//250 270//270
f 301//301 252//252 251//251
f 251//251 302//302 301//301
f 251//251 300//300 303//303
f 303//303 302//302 251//251
f 304//304 252//252 301//301
f 304//304 305//305 252//252
f 252//252 306//306 265//265
f 307//307 252//252 305//305
f 307//307 306//306 252//252
f 253//253 254//254 299//299
f 308//308 254//254 255//255
f 299//299 254//254 308//308
f 255//255 309//309 308//308
f 255//255 257//257 309//309
f 310//310 258//258 256//256
f 256//256 259//259 311//311
f 256//256 311//311 310//310
f 309//309 257//257 312//312
f 258//258 312//312 257//257
f 258//258 313//313 312//312
f 258//258 310//310 313//313
f 314//314 311//311 259//259
f 259//259 261//261 314//314
f 261//261 260//260 315//315
f 264//264 315//315 260//260
f 314//314 261//261 316//316
f 316//316 261//261 315//315
f 263//263 317//317 262//262
f 318//318 319//319 262//262
f 264//264 262//262 319//319
f 262//262 317//317 318//318
f 317//317 263//263 320//320
f 266//266 320//320 263//263
f 321//321 315//315 264//264
f 264//264 319//319 322//322
f 321//321 264//264 322//322
f 265//265 306//306 266//266
f 266//266 323//323 320//320
f 323//323 266//266 306//306
f 268//268 272//272 267//267
f 269//269 267//267 272//272
f 269//269 272//272 324//324
f 324//324 325//325 269//269
f 271//271 269//269 326//326
f 326//326 269//269 325//325
f 271//271 327//327 270//270
f 327//327 328//328 270//270
f 270//270 328//328 300//300
f 271//271 329//329 327//327
f 329//329 271//271 326//326
f 272//272 273//273 330//330
f 331//331 272//272 330//330
f 332//332 324//324 272//272
f 272//272 331//331 332//332
f 278//278 330//330 273//273
f 275//275 274//274 280//280
f 276//276 275//275 333//333
f 333//333 275//275 280//280
f 277//277 276//276 333//333
f 334//334 278//278 277//277
f 277//277 333//333 334//334
f 334//334 335//335 278//278
f 330//330 278//278 336//336
f 337//337 278//278 335//335
f 337//337 336//336 278//278
f 282//282 338//338 279//279
f 280//280 279//279 338//338
f 338//338 339//339 280//280
f 339//339 333//333 280//280
f 340//340 341//341 281//281
f 340//340 281//281 288//288
f 283//283 281//281 341//341
f 338//338 282//282 285//285
f 342//342 284//284 283//283
f 341//341 342//342 283//283
f 284//284 343//343 286//286
f 284//284 342//342 343//343
f 339//339 338//338 285//285
f 286//286 339//339 285//285
f 286//286 344//344 339//339
f 286//286 345//345 344//344
f 346//346 345//345 286//286
f 286//286 347//347 346//346
f 348//348 286//286 343//343
f 348//348 347//347 286//286
f 340//340 288//288 287//287
f 287//287 298//298 340//340
f 309//309 289//289 290//290
f 291//291 289//289 309//309
f 299//299 308//308 290//290
f 290//290 308//308 309//309
f 349//349 291//291 309//309
f 291//291 350//350 292//292
f 291//291 349//349 350//350
f 292//292 351//351 294//294
f 350//350 351//351 292//292
f 293//293 352//352 297//297
f 352//352 293//293 296//296
f 295//295 294//294 353//353
f 351//351 354//354 294//294
f 355//355 353//353 294//294
f 294//294 354//354 355//355
f 295//295 353//353 356//356
f 357//357 295//295 358//358
f 295//295 352//352 296//296
f 358//358 295//295 359//359
f 359//359 295//295 356//356
f 352//352 295//295 357//357
f 360//360 361//361 297//297
f 340//340 298//298 297//297
f 297//297 352//352 360//360
f 361//361 340//340 297//297
f 303//303 300//300 328//328
f 301//301 362//362 304//304
f 362//362 301//301 302//302
f 363//363 302//302 303//303
f 362//362 302//302 364//364
f 364//364 302//302 365//365
f 365//365 302//302 363//363
f 363//363 303//303 328//328
f 364//364 305//305 304//304
f 364//364 304//304 362//362
f 305//305 364//364 366//366
f 366//366 307//307 305//305
f 306//306 307//307 323//323
f 323//323 307//307 367//367
f 367//367 307//307 366//366
f 312//312 349//349 309//309
f 351//351 310//310 354//354
f 313//313 310//310 351//351
f 311//311 314//314 310//310
f 314//314 368//368 310//310
f 310//310 368//368 354//354
f 312//312 313//313 349//349
f 350//350 313//313 351//351
f 349//349 313//313 350//350
f 314//314 369//369 368//368
f 316//316 369//369 314//314
f 316//316 315//315 369//369
f 370//370 315//315 321//321
f 369//369 315//315 370//370
f 317//317 320//320 371//371
f 317//317 372//372 373//373
f 373//373 318//318 317//317
f 372//372 317//317 371//371
f 319//319 318//318 374//374
f 373//373 374//374 318//318
f 375//375 322//322 319//319
f 374//374 375//375 319//319
f 371//371 320//320 376//376
f 376//376 320//320 323//323
f 370//370 321//321 377//377
f 322//322 378//378 321//321
f 377//377 321//321 378//378
f 378//378 322//322 375//375
f 376//376 323//323 367//367
f 379//379 380//380 324//324
f 324//324 332//332 381//381
f 324//324 381//381 379//379
f 382//382 324//324 380//380
f 325//325 324//324 382//382
f 326//326 325//325 382//382
f 326//326 382//382 383//383
f 383//383 384//384 326//326
f 329//329 326//326 384//384
f 328//328 327//327 329//329
f 328//328 385//385 363//363
f 328//328 329//329 385//385
f 385//385 329//329 384//384
f 331//331 330//330 336//336
f 336//336 332//332 331//331
f 332//332 336//336 381//381
f 333//333 339//339 334//334
f 334//334 339//339 344//344
f 344//344 335//335 334//334
f 335//335 344//344 345//345
f 386//386 337//337 335//335
f 345//345 386//386 335//335
f 387//387 336//336 337//337
f 387//387 381//381 336//336
f 346//346 337//337 386//386
f 346//346 387//387 337//337
f 361//361 341//341 340//340
f 388//388 342//342 341//341
f 361//361 389//389 341//341
f 341//341 390//390 388//388
f 390//390 341//341 389//389
f 391//391 343//343 342//342
f 388//388 391//391 342//342
f 392//392 393//393 343//343
f 392//392 343//343 391//391
f 343//343 393//393 348//348
f 386//386 345//345 346//346
f 381//381 387//387 346//346
f 381//381 346//346 347//347
f 394//394 381//381 347//347
f 395//395 347//347 393//393
f 347//347 348//348 393//393
f 395//395 394//394 347//347
f 352//352 396//396 397//397
f 357//357 396//396 352//352
f 360//360 352//352 397//397
f 355//355 356//356 353//353
f 368//368 359//359 354//354
f 354//354 359//359 355//355
f 359//359 356//356 355//355
f 358//358 396//396 357//357
f 359//359 370//370 358//358
f 377//377 358//358 370//370
f 358//358 377//377 396//396
f 368//368 369//369 359//359
f 359//359 369//369 370//370
f 361//361 360//360 398//398
f 360//360 397//397 399//399
f 399//399 398//398 360//360
f 389//389 361//361 400//400
f 361//361 398//398 400//400
f 363//363 385//385 401//401
f 402//402 365//365 363//363
f 402//402 363//363 401//401
f 364//364 403//403 366//366
f 402//402 364//364 365//365
f 403//403 364//364 402//402
f 367//367 366//366 376//376
f 404//404 366//366 405//405
f 376//376 366//366 404//404
f 405//405 366//366 406//406
f 406//406 366//366 407//407
f 407//407 366//366 403//403
f 408//408 371//371 404//404
f 371//371 408//408 372//372
f 404//404 371//371 376//376
f 373//373 372//372 409//409
f 409//409 372//372 410//410
f 410//410 372//372 408//408
f 409//409 411//411 373//373
f 412//412 373//373 411//411
f 374//374 373//373 412//412
f 374//374 413//413 375//375
f 413//413 374//374 412//412
f 414//414 375//375 413//413
f 378//378 375//375 414//414
f 377//377 378//378 396//396
f 414//414 396//396 378//378
f 380//380 379//379 395//395
f 379//379 381//381 394//394
f 379//379 394//394 395//395
f 380//380 415//415 416//416
f 380//380 416//416 382//382
f 380//380 395//395 417//417
f 418//418 380//380 417//417
f 415//415 380//380 418//418
f 419//419 382//382 416//416
f 419//419 383//383 382//382
f 384//384 383//383 420//420
f 383//383 419//419 421//421
f 420//420 383//383 421//421
f 384//384 422//422 385//385
f 422//422 384//384 420//420
f 401//401 385//385 423//423
f 423//423 385//385 422//422
f 388//388 424//424 425//425
f 426//426 391//391 388//388
f 427//427 424//424 388//388
f 388//388 390//390 427//427
f 426//426 388//388 425//425
f 389//389 428//428 390//390
f 389//389 400//400 428//428
f 427//427 390//390 428//428
f 391//391 426//426 392//392
f 417//417 392//392 429//429
f 392//392 417//417 395//395
f 395//395 393//393 392//392
f 426//426 429//429 392//392
f 414//414 397//397 396//396
f 399//399 397//397 414//414
f 400//400 398//398 399//399
f 414//414 430//430 399//399
f 400//400 399//399 431//431
f 399//399 430//430 431//431
f 431//431 432//432 400//400
f 428//428 400//400 432//432
f 433//433 401//401 434//434
f 402//402 401//401 433//433
f 434//434 401//401 423//423
f 407//407 403//403 402//402
f 402//402 435//435 407//407
f 435//435 402//402 433//433
f 405//405 436//436 404//404
f 408//408 404//404 436//436
f 437//437 438//438 405//405
f 438//438 436//436 405//405
f 405//405 406//406 437//437
f 439//439 437//437 406//406
f 439//439 406//406 407//407
f 440//440 407//407 435//435
f 440//440 439//439 407//407
f 441//441 442//442 408//408
f 408//408 436//436 441//441
f 442//442 410//410 408//408
f 409//409 431//431 411//411
f 410//410 443//443 409//409
f 431//431 409//409 444//444
f 444//444 409//409 443//443
f 443//443 410//410 442//442
f 412//412 411//411 431//431
f 430//430 412//412 431//431
f 413//413 412//412 430//430
f 414//414 413//413 430//430
f 415//415 445//445 416//416
f 446//446 445//445 415//415
f 447//447 415//415 418//418
f 446//446 415//415 447//447
f 416//416 448//448 419//419
f 449//449 416//416 445//445
f 449//449 448//448 416//416
f 450//450 417//417 429//429
f 418//418 417//417 450//450
f 450//450 451//451 418//418
f 452//452 453//453 418//418
f 418//418 451//451 452//452
f 454//454 455//455 418//418
f 418//418 455//455 447//447
f 454//454 418//418 453//453
f 419//419 456//456 421//421
f 419//419 448//448 456//456
f 457//457 420//420 458//458
f 422//422 420//420 457//457
f 458//458 420//420 459//459
f 459//459 420//420 421//421
f 421//421 456//456 460//460
f 421//421 460//460 459//459
f 422//422 457//457 423//423
f 457//457 461//461 423//423
f 423//423 461//461 462//462
f 462//462 434//434 423//423
f 425//425 424//424 463//463
f 424//424 427//427 432//432
f 463//463 424//424 432//432
f 425//425 464//464 465//465
f 466//466 426//426 425//425
f 464//464 425//425 463//463
f 425//425 465//465 466//466
f 429//429 426//426 467//467
f 467//467 426//426 466//466
f 432//432 427//427 428//428
f 467//467 468//468 429//429
f 429//429 468//468 450//450
f 444//444 432//432 431//431
f 432//432 444//444 469//469
f 432//432 469//469 463//463
f 433//433 434//434 470//470
f 433//433 471//471 440//440
f 471//471 433//433 470//470
f 433//433 440//440 435//435
f 434//434 462//462 472//472
f 472//472 473//473 434//434
f 470//470 434//434 473//473
f 474//474 441//441 436//436
f 436//436 475//475 474//474
f 475//475 436//436 438//438
f 437//437 476//476 438//438
f 437//437 439//439 476//476
f 475//475 438//438 477//477
f 477//477 438//438 476//476
f 476//476 439//439 440//440
f 478//478 476//476 440//440
f 440//440 471//471 478//478
f 442//442 441//441 479//479
f 479//479 441//441 480//480
f 441//441 474//474 480//480
f 479//479 443//443 442//442
f 443//443 481//481 482//482
f 483//483 444//444 443//443
f 482//482 483//483 443//443
f 484//484 481//481 443//443
f 443//443 479//479 484//484
f 444//444 483//483 469//469
f 446//446 449//449 445//445
f 456//456 448//448 446//446
f 446//446 448//448 449//449
f 485//485 460//460 446//446
f 460//460 456//456 446//446
f 447//447 485//485 446//446
f 485//485 447//447 455//455
f 450//450 468//468 486//486
f 486//486 451//451 450//450
f 452//452 451//451 486//486
f 453//453 452//452 487//487
f 488//488 452//452 486//486
f 487//487 452//452 488//488
f 489//489 453//453 487//487
f 490//490 454//454 453//453
f 453//453 491//491 490//490
f 491//491 453//453 489//489
f 455//455 454//454 490//490
f 490//490 492//492 455//455
f 455//455 493//493 494//494
f 492//492 493//493 455//455
f 495//495 485//485 455//455
f 494//494 495//495 455//455
f 458//458 496//496 457//457
f 461//461 457//457 496//496
f 497//497 458//458 459//459
f 458//458 497//497 498//498
f 499//499 496//496 458//458
f 499//499 458//458 500//500
f 500//500 458//458 498//498
f 501//501 497//497 459//459
f 459//459 460//460 501//501
f 501//501 460//460 485//485
f 496//496 499//499 461//461
f 499//499 462//462 461//461
f 502//502 472//472 462//462
f 462//462 503//503 502//502
f 499//499 500//500 462//462
f 462//462 504//504 505//505
f 505//505 503//503 462//462
f 504//504 462//462 500//500
f 469//469 506//506 463//463
f 463//463 506//506 464//464
f 464//464 507//507 465//465
f 508//508 464//464 506//506
f 509//509 464//464 508//508
f 507//507 464//464 510//510
f 510//510 464//464 509//509
f 466//466 465//465 507//507
f 466//466 511//511 467//467
f 507//507 511//511 466//466
f 511//511 468//468 467//467
f 511//511 488//488 468//468
f 488//488 486//486 468//468
f 469//469 482//482 512//512
f 469//469 483//483 482//482
f 506//506 469//469 513//513
f 512//512 513//513 469//469
f 470//470 473//473 514//514
f 471//471 470//470 514//514
f 514//514 515//515 471//471
f 471//471 516//516 478//478
f 516//516 471//471 515//515
f 473//473 472//472 502//502
f 473//473 502//502 514//514
f 480//480 474//474 475//475
f 480//480 475//475 517//517
f 517//517 475//475 477//477
f 518//518 476//476 478//478
f 476//476 518//518 477//477
f 477//477 519//519 517//517
f 520//520 477//477 521//521
f 521//521 477//477 518//518
f 520//520 519//519 477//477
f 522//522 518//518 478//478
f 478//478 523//523 522//522
f 478//478 524//524 525//525
f 526//526 523//523 478//478
f 525//525 526//526 478//478
f 524//524 478//478 516//516
f 527//527 479//479 480//480
f 484//484 479//479 528//528
f 479//479 529//529 528//528
f 527//527 529//529 479//479
f 517//517 527//527 480//480
f 481//481 530//530 482//482
f 530//530 481//481 484//484
f 512//512 482//482 531//531
f 482//482 530//530 531//531
f 484//484 532//532 530//530
f 528//528 532//532 484//484
f 533//533 501//501 485//485
f 533//533 485//485 495//495
f 487//487 488//488 534//534
f 534//534 489//489 487//487
f 488//488 535//535 536//536
f 488//488 511//511 535//535
f 488//488 536//536 537//537
f 537//537 534//534 488//488
f 534//534 538//538 489//489
f 489//489 492//492 491//491
f 489//489 539//539 492//492
f 539//539 489//489 540//540
f 538//538 540//540 489//489
f 491//491 492//492 490//490
f 541//541 492//492 539//539
f 541//541 493//493 492//492
f 493//493 541//541 494//494
f 494//494 542//542 495//495
f 543//543 542//542 494//494
f 544//544 494//494 541//541
f 543//543 494//494 544//544
f 495//495 542//542 545//545
f 546//546 547//547 495//495
f 495//495 545//545 546//546
f 495//495 547//547 533//533
f 497//497 501//501 548//548
f 548//548 498//498 497//497
f 500//500 498//498 548//548
f 548//548 549//549 500//500
f 500//500 550//550 551//551
f 549//549 550//550 500//500
f 552//552 504//504 500//500
f 500//500 553//553 554//554
f 554//554 552//552 500//500
f 500//500 551//551 553//553
f 533//533 555//555 501//501
f 501//501 555//555 548//548
f 502//502 556//556 514//514
f 502//502 557//557 556//556
f 558//558 559//559 502//502
f 502//502 559//559 557//557
f 502//502 503//503 558//558
f 503//503 505//505 560//560
f 558//558 503//503 560//560
f 505//505 504//504 561//561
f 552//552 561//561 504//504
f 505//505 561//561 560//560
f 508//508 506//506 513//513
f 562//562 511//511 507//507
f 507//507 563//563 562//562
f 563//563 507//507 510//510
f 508//508 513//513 564//564
f 564//564 565//565 508//508
f 508//508 565//565 509//509
f 566//566 509//509 565//565
f 510//510 509//509 567//567
f 567//567 509//509 566//566
f 567//567 563//563 510//510
f 562//562 535//535 511//511
f 512//512 564//564 513//513
f 564//564 512//512 568//568
f 512//512 531//531 569//569
f 512//512 569//569 568//568
f 556//556 570//570 514//514
f 515//515 514//514 570//570
f 516//516 515//515 571//571
f 571//571 515//515 572//572
f 573//573 515//515 570//570
f 574//574 515//515 573//573
f 574//574 572//572 515//515
f 516//516 575//575 524//524
f 575//575 516//516 576//576
f 571//571 576//576 516//516
f 577//577 578//578 517//517
f 517//517 579//579 580//580
f 517//517 580//580 577//577
f 578//578 527//527 517//517
f 517//517 581//581 579//579
f 517//517 582//582 581//581
f 582//582 517//517 519//519
f 518//518 583//583 584//584
f 584//584 521//521 518//518
f 522//522 583//583 518//518
f 585//585 519//519 520//520
f 582//582 519//519 585//585
f 520//520 521//521 586//586
f 520//520 587//587 585//585
f 588//588 587//587 520//520
f 589//589 588//588 520//520
f 520//520 586//586 589//589
f 521//521 584//584 586//586
f 523//523 590//590 522//522
f 590//590 583//583 522//522
f 591//591 590//590 523//523
f 592//592 523//523 526//526
f 523//523 592//592 591//591
f 525//525 524//524 593//593
f 524//524 594//594 593//593
f 594//594 524//524 575//575
f 595//595 596//596 525//525
f 597//597 595//595 525//525
f 598//598 526//526 525//525
f 593//593 597//597 525//525
f 525//525 596//596 598//598
f 592//592 526//526 598//598
f 599//599 529//529 527//527
f 527//527 600//600 599//599
f 601//601 600//600 527//527
f 527//527 578//578 601//601
f 532//532 528//528 602//602
f 529//529 599//599 528//528
f 528//528 599//599 602//602
f 531//531 530//530 532//532
f 603//603 531//531 532//532
f 569//569 531//531 603//603
f 532//532 602//602 603//603
f 547//547 604//604 533//533
f 604//604 555//555 533//533
f 534//534 537//537 538//538
f 562//562 536//536 535//535
f 536//536 562//562 605//605
f 536//536 605//605 537//537
f 538//538 537//537 606//606
f 606//606 537//537 605//605
f 606//606 607//607 538//538
f 538//538 607//607 608//608
f 540//540 538//538 609//609
f 609//609 538//538 608//608
f 610//610 541//541 539//539
f 611//611 610//610 539//539
f 611//611 539//539 540//540
f 611//611 540//540 612//612
f 612//612 540//540 613//613
f 613//613 540//540 609//609
f 541//541 610//610 544//544
f 545//545 542//542 543//543
f 544//544 545//545 543//543
f 544//544 614//614 615//615
f 544//544 610//610 614//614
f 615//615 545//545 544//544
f 545//545 616//616 546//546
f 616//616 545//545 615//615
f 617//617 547//547 546//546
f 617//617 546//546 616//616
f 547//547 617//617 604//604
f 548//548 555//555 549//549
f 618//618 549//549 555//555
f 550//550 549//549 618//618
f 619//619 551//551 550//550
f 550//550 618//618 619//619
f 551//551 619//619 620//620
f 553//553 551//551 620//620
f 552//552 554//554 621//621
f 552//552 622//622 561//561
f 621//621 622//622 552//552
f 623//623 554//554 553//553
f 553//553 620//620 624//624
f 624//624 623//623 553//553
f 621//621 554//554 623//623
f 555//555 604//604 625//625
f 625//625 618//618 555//555
f 557//557 626//626 556//556
f 627//627 556//556 626//626
f 556//556 627//627 570//570
f 559//559 628//628 557//557
f 626//626 557//557 628//628
f 559//559 558//558 629//629
f 560//560 629//629 558//558
f 630//630 628//628 559//559
f 629//629 630//630 559//559
f 561//561 631//631 560//560
f 629//629 560//560 631//631
f 631//631 561//561 622//622
f 605//605 562//562 632//632
f 562//562 563//563 633//633
f 633//633 632//632 562//562
f 633//633 563//563 634//634
f 635//635 634//634 563//563
f 563//563 567//567 635//635
f 568//568 565//565 564//564
f 568//568 566//566 565//565
f 636//636 566//566 568//568
f 637//637 567//567 566//566
f 636//636 637//637 566//566
f 567//567 638//638 635//635
f 637//637 638//638 567//567
f 639//639 636//636 568//568
f 568//568 569//569 639//639
f 639//639 569//569 603//603
f 570//570 640//640 573//573
f 640//640 570//570 627//627
f 641//641 576//576 571//571
f 642//642 571//571 572//572
f 571//571 642//642 641//641
f 643//643 572//572 574//574
f 642//642 572//572 643//643
f 573//573 640//640 644//644
f 574//574 573//573 644//644
f 644//644 643//643 574//574
f 576//576 645//645 575//575
f 575//575 645//645 594//594
f 576//576 646//646 645//645
f 576//576 647//647 646//646
f 648//648 647//647 576//576
f 576//576 641//641 649//649
f 649//649 648//648 576//576
f 578//578 577//577 601//601
f 650//650 577//577 580//580
f 577//577 650//650 601//601
f 579//579 651//651 580//580
f 652//652 579//579 581//581
f 653//653 651//651 579//579
f 579//579 652//652 653//653
f 651//651 650//650 580//580
f 654//654 581//581 582//582
f 652//652 581//581 654//654
f 585//585 654//654 582//582
f 583//583 586//586 584//584
f 590//590 655//655 583//583
f 583//583 655//655 586//586
f 656//656 585//585 587//587
f 656//656 654//654 585//585
f 655//655 589//589 586//586
f 587//587 657//657 658//658
f 657//657 587//587 659//659
f 588//588 659//659 587//587
f 587//587 658//658 656//656
f 588//588 660//660 661//661
f 661//661 662//662 588//588
f 588//588 589//589 660//660
f 659//659 588//588 662//662
f 660//660 589//589 655//655
f 591//591 655//655 590//590
f 660//660 655//655 591//591
f 660//660 591//591 661//661
f 661//661 591//591 592//592
f 598//598 663//663 592//592
f 661//661 592//592 663//663
f 594//594 664//664 593//593
f 593//593 665//665 597//597
f 665//665 593//593 664//664
f 646//646 594//594 645//645
f 664//664 594//594 646//646
f 666//666 596//596 595//595
f 595//595 667//667 668//668
f 668//668 666//666 595//595
f 597//597 667//667 595//595
f 669//669 598//598 596//596
f 669//669 596//596 666//666
f 597//597 670//670 667//667
f 665//665 670//670 597//597
f 671//671 663//663 598//598
f 598//598 669//669 671//671
f 599//599 672//672 602//602
f 600//600 672//672 599//599
f 673//673 600//600 601//601
f 673//673 672//672 600//600
f 650//650 674//674 601//601
f 601//601 675//675 673//673
f 674//674 675//675 601//601
f 602//602 676//676 603//603
f 676//676 602//602 672//672
f 677//677 603//603 676//676
f 639//639 603//603 677//677
f 678//678 625//625 604//604
f 604//604 617//617 678//678
f 606//606 605//605 679//679
f 632//632 679//679 605//605
f 607//607 606//606 679//679
f 634//634 607//607 679//679
f 680//680 681//681 607//607
f 607//607 682//682 680//680
f 682//682 607//607 683//683
f 683//683 607//607 634//634
f 681//681 608//608 607//607
f 608//608 684//684 685//685
f 685//685 686//686 608//608
f 608//608 681//681 687//687
f 686//686 609//609 608//608
f 688//688 689//689 608//608
f 608//608 687//687 688//688
f 689//689 684//684 608//608
f 690//690 613//613 609//609
f 686//686 690//690 609//609
f 614//614 610//610 611//611
f 612//612 614//614 611//611
f 691//691 614//614 612//612
f 612//612 613//613 691//691
f 691//691 613//613 692//692
f 692//692 613//613 690//690
f 614//614 691//691 615//615
f 693//693 616//616 615//615
f 693//693 615//615 691//691
f 616//616 694//694 617//617
f 616//616 693//693 694//694
f 678//678 617//617 694//694
f 695//695 619//619 618//618
f 618//618 625//625 695//695
f 696//696 620//620 619//619
f 619//619 695//695 696//696
f 697//697 624//624 620//620
f 697//697 620//620 696//696
f 621//621 698//698 699//699
f 623//623 698//698 621//621
f 621//621 700//700 701//701
f 699//699 700//700 621//621
f 701//701 622//622 621//621
f 622//622 702//702 631//631
f 701//701 702//702 622//622
f 623//623 703//703 698//698
f 624//624 703//703 623//623
f 624//624 704//704 703//703
f 697//697 704//704 624//624
f 705//705 695//695 625//625
f 625//625 678//678 705//705
f 626//626 628//628 706//706
f 707//707 626//626 706//706
f 627//627 626//626 707//707
f 640//640 627//627 708//708
f 708//708 627//627 707//707
f 628//628 709//709 710//710
f 710//710 706//706 628//628
f 628//628 630//630 709//709
f 711//711 630//630 629//629
f 631//631 712//712 629//629
f 711//711 629//629 712//712
f 709//709 630//630 713//713
f 713//713 630//630 711//711
f 712//712 631//631 702//702
f 679//679 632//632 633//633
f 679//679 633//633 634//634
f 635//635 714//714 634//634
f 634//634 714//714 683//683
f 638//638 636//636 635//635
f 677//677 635//635 636//636
f 677//677 714//714 635//635
f 638//638 637//637 636//636
f 636//636 639//639 677//677
f 644//644 640//640 708//708
f 642//642 715//715 641//641
f 641//641 715//715 716//716
f 716//716 717//717 641//641
f 641//641 717//717 718//718
f 641//641 718//718 649//649
f 643//643 719//719 642//642
f 719//719 715//715 642//642
f 720//720 643//643 644//644
f 643//643 721//721 722//722
f 643//643 722//722 719//719
f 643//643 720//720 723//723
f 723//723 721//721 643//643
f 644//644 724//724 720//720
f 644//644 708//708 725//725
f 726//726 724//724 644//644
f 727//727 726//726 644//644
f 644//644 725//725 727//727
f 647//647 664//664 646//646
f 648//648 664//664 647//647
f 664//664 648//648 665//665
f 665//665 648//648 670//670
f 648//648 649//649 728//728
f 648//648 728//728 670//670
f 649//649 718//718 728//728
f 650//650 651//651 653//653
f 653//653 652//652 729//729
f 652//652 654//654 730//730
f 730//730 729//729 652//652
f 653//653 731//731 650//650
f 653//653 732//732 733//733
f 731//731 653//653 733//733
f 729//729 732//732 653//653
f 654//654 734//734 730//730
f 735//735 654//654 656//656
f 734//734 654//654 735//735
f 658//658 735//735 656//656
f 736//736 658//658 657//657
f 736//736 657//657 737//737
f 659//659 737//737 657//657
f 735//735 658//658 736//736
f 737//737 659//659 662//662
f 663//663 738//738 661//661
f 662//662 661//661 739//739
f 661//661 738//738 740//740
f 661//661 740//740 739//739
f 741//741 662//662 742//742
f 741//741 737//737 662//662
f 662//662 739//739 742//742
f 738//738 663//663 671//671
f 666//666 668//668 669//669
f 668//668 667//667 743//743
f 667//667 744//744 743//743
f 667//667 745//745 744//744
f 670//670 745//745 667//667
f 669//669 668//668 746//746
f 747//747 668//668 743//743
f 668//668 747//747 748//748
f 668//668 748//748 746//746
f 669//669 746//746 671//671
f 670//670 728//728 745//745
f 749//749 738//738 671//671
f 671//671 746//746 750//750
f 750//750 749//749 671//671
f 676//676 672//672 751//751
f 751//751 672//672 673//673
f 751//751 673//673 752//752
f 752//752 673//673 675//675
f 753//753 674//674 650//650
f 753//753 675//675 674//674
f 752//752 675//675 754//754
f 755//755 675//675 753//753
f 754//754 675//675 755//755
f 751//751 756//756 676//676
f 676//676 756//756 677//677
f 757//757 677//677 756//756
f 758//758 677//677 759//759
f 677//677 757//757 759//759
f 758//758 714//714 677//677
f 678//678 760//760 761//761
f 760//760 678//678 694//694
f 705//705 678//678 761//761
f 762//762 681//681 680//680
f 763//763 680//680 682//682
f 764//764 680//680 763//763
f 680//680 764//764 765//765
f 765//765 762//762 680//680
f 681//681 762//762 687//687
f 683//683 763//763 682//682
f 758//758 683//683 714//714
f 763//763 683//683 758//758
f 684//684 766//766 685//685
f 767//767 768//768 684//684
f 766//766 684//684 768//768
f 684//684 689//689 767//767
f 769//769 685//685 770//770
f 686//686 685//685 769//769
f 685//685 766//766 771//771
f 771//771 770//770 685//685
f 772//772 690//690 686//686
f 769//769 772//772 686//686
f 687//687 762//762 765//765
f 687//687 765//765 688//688
f 767//767 689//689 688//688
f 773//773 688//688 765//765
f 774//774 767//767 688//688
f 774//774 688//688 773//773
f 692//692 690//690 772//772
f 760//760 693//693 691//691
f 760//760 691//691 775//775
f 692//692 775//775 691//691
f 776//776 775//775 692//692
f 769//769 777//777 692//692
f 692//692 772//772 769//769
f 776//776 692//692 777//777
f 694//694 693//693 760//760
f 696//696 695//695 705//705
f 696//696 705//705 778//778
f 779//779 780//780 696//696
f 696//696 778//778 779//779
f 781//781 697//697 696//696
f 780//780 781//781 696//696
f 697//697 782//782 704//704
f 781//781 782//782 697//697
f 699//699 698//698 783//783
f 698//698 703//703 783//783
f 700//700 699//699 784//784
f 699//699 785//785 784//784
f 699//699 786//786 785//785
f 783//783 786//786 699//699
f 700//700 784//784 701//701
f 701//701 787//787 702//702
f 701//701 784//784 787//787
f 702//702 788//788 712//712
f 702//702 787//787 788//788
f 783//783 703//703 789//789
f 703//703 704//704 789//789
f 789//789 704//704 790//790
f 704//704 782//782 790//790
f 705//705 761//761 778//778
f 706//706 791//791 707//707
f 710//710 792//792 706//706
f 706//706 792//792 791//791
f 707//707 725//725 708//708
f 707//707 791//791 725//725
f 709//709 793//793 710//710
f 709//709 713//713 794//794
f 794//794 793//793 709//709
f 710//710 793//793 792//792
f 713//713 711//711 795//795
f 795//795 711//711 712//712
f 795//795 712//712 788//788
f 713//713 796//796 794//794
f 795//795 796//796 713//713
f 719//719 722//722 715//715
f 715//715 722//722 716//716
f 716//716 722//722 797//797
f 716//716 797//797 717//717
f 798//798 718//718 717//717
f 717//717 797//797 799//799
f 717//717 799//799 798//798
f 728//728 718//718 800//800
f 800//800 718//718 798//798
f 724//724 801//801 720//720
f 723//723 720//720 801//801
f 802//802 722//722 721//721
f 723//723 803//803 721//721
f 721//721 803//803 802//802
f 797//797 722//722 802//802
f 723//723 804//804 805//805
f 801//801 804//804 723//723
f 723//723 805//805 803//803
f 726//726 806//806 724//724
f 724//724 807//807 801//801
f 724//724 806//806 807//807
f 725//725 791//791 808//808
f 725//725 808//808 727//727
f 727//727 809//809 726//726
f 726//726 809//809 810//810
f 726//726 810//810 806//806
f 811//811 727//727 808//808
f 727//727 811//811 809//809
f 728//728 800//800 745//745
f 731//731 753//753 650//650
f 812//812 729//729 730//730
f 732//732 729//729 812//812
f 813//813 730//730 734//734
f 730//730 813//813 812//812
f 753//753 731//731 755//755
f 814//814 755//755 731//731
f 814//814 731//731 733//733
f 815//815 733//733 732//732
f 812//812 815//815 732//732
f 733//733 815//815 759//759
f 733//733 759//759 814//814
f 734//734 736//736 813//813
f 736//736 734//734 735//735
f 737//737 816//816 736//736
f 736//736 817//817 813//813
f 817//817 736//736 816//816
f 737//737 818//818 816//816
f 741//741 818//818 737//737
f 819//819 740//740 738//738
f 819//819 738//738 749//749
f 820//820 739//739 740//740
f 821//821 742//742 739//739
f 739//739 820//820 821//821
f 820//820 740//740 819//819
f 741//741 742//742 821//821
f 822//822 741//741 821//821
f 818//818 741//741 822//822
f 743//743 823//823 747//747
f 744//744 824//824 743//743
f 743//743 825//825 823//823
f 743//743 824//824 825//825
f 744//744 826//826 824//824
f 745//745 826//826 744//744
f 745//745 800//800 826//826
f 750//750 746//746 748//748
f 747//747 823//823 827//827
f 748//748 747//747 828//828
f 828//828 747//747 827//827
f 828//828 750//750 748//748
f 819//819 749//749 750//750
f 750//750 828//828 829//829
f 750//750 829//829 819//819
f 756//756 751//751 752//752
f 752//752 814//814 757//757
f 756//756 752//752 757//757
f 752//752 754//754 814//814
f 754//754 755//755 814//814
f 757//757 814//814 759//759
f 758//758 759//759 830//830
f 830//830 763//763 758//758
f 815//815 830//830 759//759
f 775//775 761//761 760//760
f 831//831 761//761 775//775
f 778//778 761//761 831//831
f 763//763 832//832 833//833
f 763//763 830//830 832//832
f 763//763 833//833 764//764
f 834//834 835//835 764//764
f 765//765 764//764 836//836
f 764//764 833//833 834//834
f 835//835 836//836 764//764
f 836//836 773//773 765//765
f 837//837 766//766 768//768
f 771//771 766//766 837//837
f 838//838 768//768 767//767
f 774//774 839//839 767//767
f 767//767 840//840 838//838
f 767//767 839//839 840//840
f 768//768 841//841 837//837
f 768//768 838//838 841//841
f 770//770 842//842 769//769
f 769//769 843//843 777//777
f 842//842 843//843 769//769
f 770//770 844//844 845//845
f 845//845 842//842 770//770
f 770//770 771//771 844//844
f 846//846 771//771 837//837
f 844//844 771//771 846//846
f 773//773 836//836 774//774
f 835//835 847//847 774//774
f 836//836 835//835 774//774
f 774//774 847//847 848//848
f 774//774 849//849 839//839
f 849//849 774//774 848//848
f 776//776 850//850 775//775
f 851//851 831//831 775//775
f 851//851 775//775 850//850
f 777//777 850//850 776//776
f 850//850 777//777 843//843
f 852//852 853//853 778//778
f 854//854 852//852 778//778
f 778//778 853//853 779//779
f 778//778 831//831 854//854
f 779//779 855//855 780//780
f 779//779 853//853 855//855
f 781//781 780//780 782//782
f 780//780 855//855 856//856
f 856//856 782//782 780//780
f 856//856 790//790 782//782
f 783//783 857//857 786//786
f 789//789 857//857 783//783
f 858//858 787//787 784//784
f 784//784 785//785 858//858
f 859//859 858//858 785//785
f 860//860 785//785 786//786
f 859//859 785//785 860//860
f 861//861 786//786 857//857
f 860//860 786//786 861//861
f 787//787 862//862 788//788
f 862//862 787//787 858//858
f 788//788 862//862 863//863
f 788//788 863//863 795//795
f 789//789 864//864 857//857
f 790//790 864//864 789//789
f 790//790 856//856 864//864
f 791//791 792//792 865//865
f 791//791 865//865 808//808
f 866//866 792//792 793//793
f 865//865 792//792 866//866
f 793//793 794//794 867//867
f 868//868 793//793 867//867
f 866//866 793//793 868//868
f 869//869 794//794 796//796
f 867//867 794//794 869//869
f 863//863 796//796 795//795
f 863//863 870//870 796//796
f 870//870 871//871 796//796
f 796//796 871//871 869//869
f 799//799 797//797 872//872
f 872//872 797//797 802//802
f 873//873 800//800 798//798
f 798//798 799//799 874//874
f 798//798 874//874 873//873
f 875//875 799//799 872//872
f 874//874 799//799 875//875
f 826//826 800//800 873//873
f 801//801 807//807 804//804
f 802//802 803//803 876//876
f 876//876 877//877 802//802
f 872//872 802//802 877//877
f 803//803 805//805 878//878
f 876//876 803//803 878//878
f 805//805 804//804 879//879
f 804//804 807//807 880//880
f 879//879 804//804 880//880
f 881//881 805//805 879//879
f 878//878 805//805 881//881
f 806//806 810//810 882//882
f 807//807 806//806 883//883
f 884//884 806//806 882//882
f 883//883 806//806 884//884
f 880//880 807//807 883//883
f 808//808 865//865 885//885
f 808//808 885//885 886//886
f 808//808 886//886 811//811
f 887//887 809//809 811//811
f 810//810 809//809 887//887
f 888//888 810//810 887//887
f 882//882 810//810 888//888
f 886//886 889//889 811//811
f 811//811 889//889 890//890
f 891//891 811//811 890//890
f 887//887 811//811 891//891
f 892//892 815//815 812//812
f 812//812 893//893 892//892
f 893//893 812//812 813//813
f 813//813 817//817 893//893
f 894//894 830//830 815//815
f 895//895 894//894 815//815
f 895//895 815//815 892//892
f 816//816 896//896 817//817
f 896//896 816//816 818//818
f 893//893 817//817 896//896
f 896//896 818//818 897//897
f 818//818 822//822 897//897
f 819//819 829//829 820//820
f 821//821 820//820 898//898
f 820//820 829//829 898//898
f 821//821 899//899 822//822
f 898//898 900//900 821//821
f 821//821 900//900 899//899
f 901//901 822//822 899//899
f 822//822 901//901 897//897
f 823//823 825//825 902//902
f 827//827 823//823 902//902
f 824//824 826//826 903//903
f 825//825 824//824 903//903
f 825//825 903//903 904//904
f 904//904 905//905 825//825
f 902//902 825//825 905//905
f 903//903 826//826 873//873
f 827//827 906//906 907//907
f 906//906 827//827 902//902
f 907//907 828//828 827//827
f 908//908 829//829 828//828
f 908//908 828//828 907//907
f 898//898 829//829 908//908
f 830//830 909//909 832//832
f 909//909 830//830 894//894
f 831//831 851//851 854//854
f 832//832 910//910 833//833
f 832//832 909//909 911//911
f 832//832 911//911 910//910
f 910//910 834//834 833//833
f 834//834 912//912 835//835
f 834//834 913//913 914//914
f 834//834 910//910 913//913
f 912//912 834//834 914//914
f 912//912 847//847 835//835
f 837//837 915//915 846//846
f 837//837 841//841 915//915
f 838//838 916//916 841//841
f 917//917 916//916 838//838
f 840//840 917//917 838//838
f 839//839 918//918 840//840
f 919//919 918//918 839//839
f 839//839 849//849 919//919
f 918//918 917//917 840//840
f 841//841 920//920 915//915
f 916//916 920//920 841//841
f 921//921 843//843 842//842
f 842//842 845//845 921//921
f 854//854 851//851 843//843
f 843//843 922//922 854//854
f 843//843 851//851 850//850
f 922//922 843//843 923//923
f 921//921 923//923 843//843
f 845//845 844//844 924//924
f 924//924 844//844 846//846
f 921//921 845//845 925//925
f 924//924 925//925 845//845
f 924//924 846//846 926//926
f 846//846 915//915 926//926
f 912//912 927//927 847//847
f 928//928 848//848 847//847
f 927//927 928//928 847//847
f 848//848 929//929 849//849
f 930//930 929//929 848//848
f 930//930 848//848 928//928
f 931//931 932//932 849//849
f 919//919 849//849 932//932
f 929//929 931//931 849//849
f 853//853 852//852 933//933
f 852//852 934//934 933//933
f 922//922 852//852 854//854
f 934//934 852//852 922//922
f 853//853 933//933 855//855
f 855//855 935//935 856//856
f 935//935 855//855 933//933
f 936//936 937//937 856//856
f 937//937 864//864 856//856
f 938//938 856//856 935//935
f 936//936 856//856 938//938
f 939//939 857//857 864//864
f 861//861 857//857 939//939
f 858//858 940//940 862//862
f 940//940 858//858 859//859
f 859//859 941//941 940//940
f 941//941 859//859 860//860
f 942//942 943//943 860//860
f 860//860 861//861 942//942
f 941//941 860//860 943//943
f 861//861 939//939 942//942
f 863//863 862//862 870//870
f 870//870 862//862 940//940
f 939//939 864//864 937//937
f 865//865 866//866 885//885
f 885//885 866//866 944//944
f 868//868 945//945 866//866
f 944//944 866//866 945//945
f 946//946 867//867 869//869
f 868//868 867//867 946//946
f 947//947 868//868 946//946
f 945//945 868//868 947//947
f 948//948 869//869 871//871
f 946//946 869//869 948//948
f 940//940 871//871 870//870
f 949//949 871//871 940//940
f 871//871 949//949 948//948
f 950//950 872//872 877//877
f 875//875 872//872 951//951
f 951//951 872//872 950//950
f 873//873 874//874 952//952
f 873//873 952//952 903//903
f 953//953 874//874 875//875
f 952//952 874//874 953//953
f 953//953 875//875 951//951
f 876//876 950//950 877//877
f 950//950 876//876 954//954
f 876//876 878//878 954//954
f 954//954 878//878 881//881
f 879//879 880//880 955//955
f 881//881 879//879 955//955
f 880//880 883//883 956//956
f 955//955 880//880 956//956
f 954//954 881//881 955//955
f 957//957 882//882 888//888
f 884//884 882//882 957//957
f 956//956 883//883 884//884
f 958//958 884//884 957//957
f 956//956 884//884 958//958
f 885//885 889//889 886//886
f 885//885 959//959 889//889
f 944//944 959//959 885//885
f 960//960 887//887 891//891
f 888//888 887//887 960//960
f 961//961 888//888 960//960
f 957//957 888//888 961//961
f 962//962 889//889 959//959
f 890//890 889//889 962//962
f 963//963 890//890 962//962
f 891//891 890//890 963//963
f 963//963 960//960 891//891
f 964//964 895//895 892//892
f 892//892 965//965 966//966
f 964//964 892//892 966//966
f 892//892 893//893 965//965
f 893//893 967//967 965//965
f 893//893 968//968 967//967
f 969//969 968//968 893//893
f 896//896 969//969 893//893
f 909//909 894//894 895//895
f 909//909 895//895 970//970
f 895//895 964//964 970//970
f 897//897 969//969 896//896
f 969//969 897//897 971//971
f 971//971 897//897 901//901
f 900//900 898//898 908//908
f 899//899 900//900 972//972
f 899//899 972//972 901//901
f 972//972 900//900 908//908
f 901//901 973//973 971//971
f 973//973 901//901 972//972
f 902//902 974//974 906//906
f 902//902 905//905 975//975
f 974//974 902//902 976//976
f 975//975 976//976 902//902
f 903//903 952//952 904//904
f 904//904 952//952 977//977
f 905//905 904//904 977//977
f 978//978 975//975 905//905
f 905//905 977//977 978//978
f 908//908 907//907 906//906
f 979//979 906//906 974//974
f 906//906 979//979 908//908
f 908//908 979//979 972//972
f 970//970 980//980 909//909
f 981//981 909//909 980//980
f 981//981 911//911 909//909
f 911//911 913//913 910//910
f 981//981 913//913 911//911
f 912//912 914//914 982//982
f 982//982 983//983 912//912
f 983//983 927//927 912//912
f 982//982 914//914 913//913
f 982//982 913//913 984//984
f 915//915 985//985 926//926
f 920//920 985//985 915//915
f 920//920 916//916 986//986
f 987//987 986//986 916//916
f 916//916 917//917 987//987
f 917//917 918//918 987//987
f 987//987 918//918 988//988
f 918//918 919//919 988//988
f 988//988 919//919 932//932
f 986//986 985//985 920//920
f 921//921 938//938 923//923
f 925//925 989//989 921//921
f 938//938 921//921 989//989
f 922//922 923//923 934//934
f 934//934 923//923 938//938
f 924//924 990//990 925//925
f 990//990 924//924 991//991
f 926//926 991//991 924//924
f 925//925 992//992 989//989
f 990//990 992//992 925//925
f 991//991 926//926 985//985
f 993//993 994//994 927//927
f 927//927 994//994 928//928
f 927//927 983//983 993//993
f 928//928 994//994 995//995
f 995//995 930//930 928//928
f 929//929 996//996 931//931
f 929//929 930//930 996//996
f 930//930 997//997 996//996
f 998//998 997//997 930//930
f 930//930 995//995 998//998
f 932//932 931//931 999//999
f 931//931 1000//1000 999//999
f 1001//1001 1000//1000 931//931
f 996//996 1001//1001 931//931
f 932//932 999//999 988//988
f 938//938 935//935 933//933
f 933//933 934//934 938//938
f 1002//1002 937//937 936//936
f 938//938 1003//1003 936//936
f 942//942 1002//1002 936//936
f 936//936 1003//1003 942//942
f 1002//1002 939//939 937//937
f 989//989 1003//1003 938//938
f 939//939 1002//1002 942//942
f 949//949 940//940 941//941
f 1004//1004 1005//1005 941//941
f 949//949 941//941 1005//1005
f 941//941 943//943 1004//1004
f 1006//1006 943//943 942//942
f 1003//1003 992//992 942//942
f 942//942 992//992 990//990
f 1007//1007 942//942 990//990
f 942//942 1007//1007 1006//1006
f 1004//1004 943//943 1008//1008
f 943//943 1009//1009 1008//1008
f 943//943 1006//1006 1009//1009
f 945//945 959//959 944//944
f 1010//1010 959//959 945//945
f 1010//1010 945//945 947//947
f 947//947 946//946 948//948
f 1005//1005 947//947 949//949
f 947//947 1005//1005 1011//1011
f 947//947 948//948 949//949
f 963//963 1010//1010 947//947
f 947//947 1011//1011 963//963
f 951//951 950//950 954//954
f 954//954 975//975 951//951
f 975//975 978//978 951//951
f 951//951 978//978 953//953
f 977//977 952//952 953//953
f 977//977 953//953 978//978
f 1012//1012 975//975 954//954
f 955//955 1012//1012 954//954
f 955//955 1013//1013 1012//1012
f 1013//1013 955//955 958//958
f 955//955 956//956 958//958
f 961//961 958//958 957//957
f 958//958 1014//1014 1013//1013
f 1014//1014 958//958 961//961
f 1010//1010 962//962 959//959
f 961//961 960//960 963//963
f 1013//1013 1014//1014 961//961
f 961//961 963//963 1013//1013
f 1010//1010 963//963 962//962
f 963//963 1011//1011 1013//1013
f 964//964 966//966 1015//1015
f 1016//1016 1017//1017 964//964
f 964//964 1015//1015 1016//1016
f 970//970 964//964 1017//1017
f 966//966 965//965 967//967
f 1018//1018 966//966 967//967
f 1015//1015 966//966 1018//1018
f 967//967 1019//1019 1018//1018
f 967//967 968//968 1019//1019
f 971//971 1019//1019 968//968
f 971//971 968//968 969//969
f 1017//1017 1020//1020 970//970
f 970//970 1020//1020 980//980
f 1019//1019 971//971 973//973
f 1021//1021 1022//1022 972//972
f 973//973 972//972 1022//1022
f 1021//1021 972//972 979//979
f 1018//1018 1019//1019 973//973
f 973//973 1022//1022 1023//1023
f 1015//1015 1018//1018 973//973
f 973//973 1023//1023 1015//1015
f 979//979 974//974 1024//1024
f 974//974 976//976 1024//1024
f 975//975 1012//1012 1025//1025
f 975//975 1025//1025 1026//1026
f 976//976 975//975 1026//1026
f 976//976 1026//1026 1024//1024
f 979//979 1027//1027 1021//1021
f 1024//1024 1027//1027 979//979
f 1028//1028 981//981 980//980
f 980//980 1029//1029 1028//1028
f 980//980 1020//1020 1030//1030
f 1030//1030 1029//1029 980//980
f 981//981 1028//1028 913//913
f 982//982 984//984 983//983
f 983//983 1031//1031 993//993
f 984//984 1032//1032 983//983
f 983//983 1032//1032 1031//1031
f 1028//1028 1033//1033 913//913
f 913//913 1033//1033 984//984
f 984//984 1033//1033 1034//1034
f 1034//1034 1032//1032 984//984
f 991//991 985//985 1035//1035
f 985//985 986//986 1036//1036
f 1036//1036 1035//1035 985//985
f 1037//1037 1038//1038 986//986
f 1038//1038 1036//1036 986//986
f 1037//1037 986//986 987//987
f 1039//1039 1040//1040 987//987
f 987//987 988//988 1039//1039
f 987//987 1040//1040 1037//1037
f 988//988 999//999 1039//1039
f 992//992 1003//1003 989//989
f 1007//1007 990//990 991//991
f 1035//1035 1006//1006 991//991
f 991//991 1006//1006 1007//1007
f 1041//1041 994//994 993//993
f 993//993 1042//1042 1041//1041
f 993//993 1031//1031 1043//1043
f 993//993 1043//1043 1042//1042
f 1041//1041 995//995 994//994
f 995//995 1044//1044 998//998
f 1045//1045 1044//1044 995//995
f 995//995 1041//1041 1045//1045
f 997//997 1001//1001 996//996
f 997//997 1046//1046 1001//1001
f 1047//1047 1046//1046 997//997
f 998//998 1047//1047 997//997
f 1044//1044 1047//1047 998//998
f 999//999 1048//1048 1039//1039
f 1000//1000 1048//1048 999//999
f 1000//1000 1001//1001 1046//1046
f 1046//1046 1049//1049 1000//1000
f 1000//1000 1049//1049 1048//1048
f 1050//1050 1005//1005 1004//1004
f 1004//1004 1051//1051 1050//1050
f 1004//1004 1008//1008 1051//1051
f 1050//1050 1052//1052 1005//1005
f 1011//1011 1005//1005 1052//1052
f 1009//1009 1006//1006 1053//1053
f 1006//1006 1054//1054 1053//1053
f 1006//1006 1035//1035 1054//1054
f 1008//1008 1009//1009 1053//1053
f 1055//1055 1008//1008 1053//1053
f 1056//1056 1051//1051 1008//1008
f 1056//1056 1008//1008 1055//1055
f 1052//1052 1057//1057 1011//1011
f 1013//1013 1011//1011 1012//1012
f 1025//1025 1012//1012 1011//1011
f 1057//1057 1025//1025 1011//1011
f 1015//1015 1023//1023 1016//1016
f 1016//1016 1058//1058 1017//1017
f 1016//1016 1059//1059 1058//1058
f 1023//1023 1059//1059 1016//1016
f 1017//1017 1060//1060 1020//1020
f 1017//1017 1058//1058 1060//1060
f 1020//1020 1061//1061 1062//1062
f 1060//1060 1061//1061 1020//1020
f 1030//1030 1020//1020 1062//1062
f 1022//1022 1021//1021 1063//1063
f 1027//1027 1063//1063 1021//1021
f 1022//1022 1063//1063 1059//1059
f 1023//1023 1022//1022 1059//1059
f 1057//1057 1024//1024 1026//1026
f 1024//1024 1057//1057 1064//1064
f 1027//1027 1024//1024 1064//1064
f 1026//1026 1025//1025 1057//1057
f 1065//1065 1027//1027 1064//1064
f 1066//1066 1027//1027 1065//1065
f 1063//1063 1027//1027 1066//1066
f 1033//1033 1028//1028 1029//1029
f 1067//1067 1033//1033 1029//1029
f 1067//1067 1029//1029 1030//1030
f 1030//1030 1062//1062 1067//1067
f 1031//1031 1068//1068 1043//1043
f 1032//1032 1068//1068 1031//1031
f 1069//1069 1068//1068 1032//1032
f 1034//1034 1069//1069 1032//1032
f 1034//1034 1033//1033 1067//1067
f 1067//1067 1069//1069 1034//1034
f 1036//1036 1054//1054 1035//1035
f 1070//1070 1054//1054 1036//1036
f 1071//1071 1070//1070 1036//1036
f 1038//1038 1071//1071 1036//1036
f 1037//1037 1071//1071 1038//1038
f 1072//1072 1071//1071 1037//1037
f 1049//1049 1072//1072 1037//1037
f 1040//1040 1048//1048 1037//1037
f 1037//1037 1048//1048 1049//1049
f 1040//1040 1039//1039 1048//1048
f 1041//1041 1073//1073 1045//1045
f 1074//1074 1073//1073 1041//1041
f 1042//1042 1075//1075 1041//1041
f 1041//1041 1075//1075 1074//1074
f 1043//1043 1075//1075 1042//1042
f 1076//1076 1043//1043 1068//1068
f 1043//1043 1076//1076 1075//1075
f 1044//1044 1077//1077 1047//1047
f 1078//1078 1077//1077 1044//1044
f 1045//1045 1078//1078 1044//1044
f 1073//1073 1078//1078 1045//1045
f 1046//1046 1079//1079 1049//1049
f 1080//1080 1079//1079 1046//1046
f 1047//1047 1080//1080 1046//1046
f 1077//1077 1080//1080 1047//1047
f 1079//1079 1072//1072 1049//1049
f 1081//1081 1050//1050 1051//1051
f 1052//1052 1050//1050 1081//1081
f 1081//1081 1051//1051 1056//1056
f 1082//1082 1052//1052 1081//1081
f 1052//1052 1083//1083 1057//1057
f 1052//1052 1082//1082 1083//1083
f 1053//1053 1084//1084 1055//1055
f 1053//1053 1054//1054 1084//1084
f 1084//1084 1054//1054 1070//1070
f 1056//1056 1055//1055 1085//1085
f 1055//1055 1084//1084 1086//1086
f 1055//1055 1086//1086 1085//1085
f 1081//1081 1056//1056 1082//1082
f 1085//1085 1082//1082 1056//1056
f 1064//1064 1057//1057 1083//1083
f 1058//1058 1087//1087 1060//1060
f 1058//1058 1066//1066 1087//1087
f 1059//1059 1066//1066 1058//1058
f 1059//1059 1063//1063 1066//1066
f 1060//1060 1087//1087 1061//1061
f 1062//1062 1061//1061 1088//1088
f 1061//1061 1087//1087 1089//1089
f 1089//1089 1090//1090 1061//1061
f 1090//1090 1088//1088 1061//1061
f 1067//1067 1062//1062 1088//1088
f 1091//1091 1092//1092 1064//1064
f 1064//1064 1083//1083 1091//1091
f 1064//1064 1092//1092 1065//1065
f 1065//1065 1093//1093 1094//1094
f 1065//1065 1092//1092 1093//1093
f 1094//1094 1089//1089 1065//1065
f 1066//1066 1065//1065 1087//1087
f 1087//1087 1065//1065 1089//1089
f 1067//1067 1095//1095 1069//1069
f 1088//1088 1095//1095 1067//1067
f 1096//1096 1097//1097 1068//1068
f 1069//1069 1096//1096 1068//1068
f 1068//1068 1097//1097 1076//1076
f 1095//1095 1096//1096 1069//1069
f 1098//1098 1086//1086 1070//1070
f 1070//1070 1071//1071 1098//1098
f 1084//1084 1070//1070 1086//1086
f 1099//1099 1071//1071 1072//1072
f 1098//1098 1071//1071 1099//1099
f 1079//1079 1100//1100 1072//1072
f 1099//1099 1072//1072 1100//1100
f 1101//1101 1078//1078 1073//1073
f 1074//1074 1101//1101 1073//1073
f 1102//1102 1101//1101 1074//1074
f 1075//1075 1102//1102 1074//1074
f 1076//1076 1102//1102 1075//1075
f 1097//1097 1102//1102 1076//1076
f 1103//1103 1080//1080 1077//1077
f 1077//1077 1078//1078 1103//1103
f 1091//1091 1078//1078 1101//1101
f 1103//1103 1078//1078 1091//1091
f 1103//1103 1079//1079 1080//1080
f 1103//1103 1100//1100 1079//1079
f 1085//1085 1103//1103 1082//1082
f 1083//1083 1082//1082 1103//1103
f 1091//1091 1083//1083 1103//1103
f 1085//1085 1099//1099 1100//1100
f 1085//1085 1086//1086 1099//1099
f 1100//1100 1103//1103 1085//1085
f 1099//1099 1086//1086 1098//1098
f 1088//1088 1090//1090 1095//1095
f 1089//1089 1094//1094 1090//1090
f 1090//1090 1094//1094 1104//1104
f 1090//1090 1104//1104 1095//1095
f 1101//1101 1092//1092 1091//1091
f 1093//1093 1092//1092 1101//1101
f 1094//1094 1093//1093 1105//1105
f 1105//1105 1093//1093 1102//1102
f 1101//1101 1102//1102 1093//1093
f 1105//1105 1104//1104 1094//1094
f 1095//1095 1104//1104 1096//1096
f 1096//1096 1105//1105 1097//1097
f 1104//1104 1105//1105 1096//1096
f 1102//1102 1097//1097 1105//1105
