# Blender 4.0.2
# www.blender.org
mtllib 3distph_r.mtl
o 3distph_r
v 0.001375 -0.018460 0.001014
v 0.001171 -0.018468 0.000902
v 0.001294 -0.018372 0.000719
v 0.001622 -0.018286 0.000651
v 0.000915 -0.018522 0.001255
v 0.001449 -0.018464 0.001301
v 0.001121 -0.018544 0.001369
v 0.001700 -0.018333 0.000941
v 0.001086 -0.018328 0.000603
v 0.000752 -0.018335 0.000665
v 0.000836 -0.018465 0.000963
v 0.001206 -0.018189 0.000417
v 0.001530 -0.018056 0.000344
v 0.001824 -0.018255 0.000761
v 0.001739 -0.018114 0.000461
v 0.000587 -0.018396 0.001069
v 0.000988 -0.018511 0.001540
v 0.000639 -0.018339 0.001586
v 0.001190 -0.018489 0.001651
v 0.002096 -0.018171 0.001152
v 0.001842 -0.018259 0.001508
v 0.002023 -0.018181 0.000867
v 0.000323 -0.018076 0.000416
v 0.000225 -0.017779 0.000103
v 0.000557 -0.017738 0.000038
v 0.000625 -0.018375 0.000842
v 0.000197 -0.018136 0.000596
v 0.001531 -0.017354 -0.000180
v 0.001100 -0.017783 0.000094
v 0.001806 -0.017535 -0.000020
v 0.001942 -0.018094 0.000572
v 0.002166 -0.017636 0.000183
v 0.002064 -0.017272 -0.000136
v 0.000282 -0.018276 0.000895
v 0.000083 -0.018130 0.001516
v 0.001055 -0.018358 0.001807
v 0.000846 -0.018369 0.001701
v 0.000705 -0.018228 0.001863
v 0.000500 -0.018223 0.001750
v 0.001713 -0.018269 0.001683
v 0.001579 -0.018231 0.001853
v 0.001363 -0.018348 0.001779
v 0.002255 -0.017893 0.001719
v 0.002426 -0.017894 0.001429
v 0.002441 -0.017896 0.001330
v 0.002178 -0.017927 0.000611
v 0.002453 -0.017732 0.000591
v 0.001904 -0.018112 0.001781
v -0.000083 -0.017602 0.000095
v -0.000242 -0.017760 0.000337
v -0.000507 -0.017200 -0.000081
v -0.000227 -0.017240 -0.000170
v 0.000031 -0.017185 -0.000277
v 0.000856 -0.016575 -0.000588
v -0.000481 -0.017809 0.001436
v -0.000559 -0.017760 0.001145
v -0.000504 -0.017746 0.000683
v 0.001683 -0.016706 -0.000508
v 0.001399 -0.016718 -0.000513
v 0.002562 -0.017472 0.000394
v 0.002471 -0.017251 0.000088
v 0.002367 -0.016871 -0.000233
v 0.002027 -0.016095 -0.000702
v 0.002299 -0.015844 -0.000727
v -0.000269 -0.017906 0.001557
v 0.000147 -0.017995 0.001790
v -0.000060 -0.017957 0.001674
v 0.001049 -0.018356 0.001813
v 0.000904 -0.018171 0.001970
v 0.000351 -0.017988 0.001902
v 0.000809 -0.017937 0.002053
v 0.000549 -0.017911 0.002008
v 0.001766 -0.018002 0.001945
v 0.001247 -0.018266 0.001917
v 0.001435 -0.018066 0.002012
v 0.002055 -0.017896 0.001854
v 0.002089 -0.017861 0.001871
v 0.002416 -0.017760 0.001801
v 0.002676 -0.017751 0.001453
v 0.002869 -0.017464 0.001139
v -0.000595 -0.017528 0.000377
v -0.001062 -0.016785 0.000085
v -0.000956 -0.016795 -0.000102
v -0.000877 -0.016794 -0.000161
v -0.000763 -0.016375 -0.000506
v -0.000010 -0.016669 -0.000569
v 0.000317 -0.016576 -0.000639
v 0.000444 -0.015917 -0.000845
v 0.001860 -0.015862 -0.000804
v -0.000703 -0.017593 0.001304
v -0.000412 -0.017741 0.001716
v -0.000775 -0.017381 0.001745
v -0.000655 -0.017583 0.001575
v -0.000700 -0.017600 0.001060
v -0.000926 -0.017203 0.000425
v -0.000782 -0.017528 0.001011
v 0.003133 -0.016933 0.000684
v 0.003241 -0.016645 0.000484
v 0.002956 -0.015857 -0.000446
v 0.003055 -0.014550 -0.000832
v 0.002241 -0.015428 -0.000860
v 0.002327 -0.015003 -0.000928
v -0.000205 -0.017776 0.001832
v -0.000003 -0.017751 0.001943
v 0.000338 -0.017959 0.001915
v 0.001092 -0.017954 0.002063
v 0.001083 -0.017927 0.002071
v 0.000691 -0.017518 0.002127
v 0.000281 -0.017533 0.002089
v 0.001949 -0.017739 0.002034
v 0.001617 -0.017766 0.002098
v 0.001372 -0.017917 0.002069
v 0.002276 -0.017634 0.001964
v 0.002594 -0.017423 0.001884
v 0.002731 -0.017511 0.001718
v 0.002646 -0.017453 0.001820
v 0.002856 -0.017439 0.001537
v 0.002975 -0.017298 0.001351
v -0.001131 -0.016790 0.000293
v -0.001430 -0.016364 0.000109
v -0.001354 -0.016386 -0.000094
v -0.001203 -0.016386 -0.000257
v -0.000445 -0.015528 -0.000861
v -0.001047 -0.016267 -0.000422
v -0.001026 -0.015545 -0.000689
v 0.001200 -0.015466 -0.000876
v 0.000280 -0.015081 -0.000974
v 0.001178 -0.015045 -0.000929
v 0.001585 -0.014611 -0.001014
v -0.000299 -0.017560 0.001916
v -0.000568 -0.017422 0.001862
v -0.000667 -0.017151 0.001941
v -0.000865 -0.017161 0.001821
v -0.000990 -0.017249 0.001621
v -0.000842 -0.017477 0.001467
v -0.001121 -0.017185 0.001300
v 0.003320 -0.016708 0.000776
v 0.003512 -0.015837 0.000351
v 0.003345 -0.015603 -0.000244
v 0.003432 -0.015756 0.000057
v 0.003211 -0.015381 -0.000493
v 0.002573 -0.014519 -0.000965
v 0.002767 -0.013719 -0.000995
v 0.003430 -0.015028 -0.000469
v 0.003415 -0.013688 -0.000709
v 0.003466 -0.014528 -0.000613
v 0.002949 -0.013288 -0.000936
v 0.001944 -0.014598 -0.001062
v -0.000081 -0.017549 0.002007
v 0.000465 -0.017102 0.002170
v 0.001806 -0.017474 0.002174
v 0.001052 -0.016233 0.002167
v 0.001344 -0.016645 0.002243
v 0.001504 -0.017060 0.002249
v -0.000145 -0.017127 0.002081
v 0.002125 -0.017379 0.002115
v 0.002477 -0.017030 0.002047
v 0.002697 -0.017024 0.001922
v 0.003018 -0.016892 0.001601
v 0.003210 -0.016597 0.001448
v 0.003306 -0.016597 0.001255
v -0.001410 -0.016370 0.000612
v -0.001644 -0.015973 -0.000026
v -0.001691 -0.015968 0.000193
v -0.001739 -0.015755 0.000402
v -0.001523 -0.015974 -0.000206
v -0.000558 -0.015111 -0.000913
v -0.001404 -0.015554 -0.000470
v -0.001327 -0.015132 -0.000628
v -0.001152 -0.014285 -0.000816
v 0.000833 -0.014630 -0.000936
v -0.000271 -0.014679 -0.000995
v 0.001116 -0.014625 -0.000928
v 0.001636 -0.014186 -0.001005
v -0.000444 -0.017140 0.002027
v -0.000952 -0.016794 0.001866
v -0.001152 -0.016751 0.001739
v -0.001212 -0.017032 0.001489
v -0.001360 -0.016769 0.001395
v -0.001370 -0.016776 0.001144
v 0.003530 -0.016177 0.000868
v 0.003381 -0.016543 0.001048
v 0.003585 -0.015827 0.000636
v 0.003601 -0.015758 0.000642
v 0.003596 -0.015250 0.000124
v 0.003506 -0.015361 -0.000166
v 0.003521 -0.015360 -0.000140
v 0.002469 -0.014155 -0.001039
v 0.002312 -0.014162 -0.001072
v 0.002690 -0.013299 -0.000974
v 0.002502 -0.013731 -0.001040
v 0.003475 -0.014946 -0.000449
v 0.003618 -0.014097 -0.000515
v 0.003588 -0.013676 -0.000556
v 0.003175 -0.013278 -0.000854
v 0.003334 -0.012846 -0.000765
v 0.003559 -0.013256 -0.000600
v 0.003621 -0.014519 -0.000436
v 0.003115 -0.012857 -0.000856
v 0.002846 -0.012869 -0.000890
v 0.001941 -0.014175 -0.001083
v -0.000300 -0.016709 0.002136
v 0.001999 -0.017044 0.002218
v 0.001322 -0.016223 0.002191
v -0.000372 -0.016288 0.002163
v 0.001563 -0.015376 0.001959
v 0.001336 -0.015383 0.002007
v 0.000451 -0.015835 0.002104
v 0.000746 -0.015824 0.002110
v 0.001919 -0.016624 0.002212
v 0.002517 -0.016605 0.002050
v 0.003086 -0.016596 0.001625
v 0.002722 -0.016601 0.001916
v 0.003080 -0.016175 0.001602
v 0.003241 -0.016172 0.001445
v 0.003383 -0.016171 0.001278
v 0.003486 -0.016172 0.001089
v -0.001466 -0.016365 0.000826
v -0.001650 -0.015521 0.001009
v -0.001707 -0.015532 0.000700
v -0.001541 -0.015903 -0.000219
v -0.001854 -0.015553 0.000131
v -0.001871 -0.015140 -0.000191
v -0.001464 -0.015555 -0.000438
v -0.001725 -0.015139 -0.000356
v -0.001761 -0.014719 -0.000395
v -0.001523 -0.013871 -0.000639
v -0.001107 -0.013847 -0.000812
v -0.000049 -0.014248 -0.000989
v 0.000502 -0.014226 -0.000958
v 0.000289 -0.014568 -0.000993
v 0.001010 -0.014281 -0.000854
v 0.000991 -0.014205 -0.000844
v 0.001664 -0.014076 -0.000995
v 0.001038 -0.014203 -0.000843
v 0.001454 -0.013766 -0.000879
v -0.000629 -0.016298 0.002110
v -0.001058 -0.016320 0.001915
v -0.001165 -0.016687 0.001744
v -0.001306 -0.016761 0.001562
v -0.001393 -0.016341 0.001596
v -0.001491 -0.016352 0.001343
v -0.001481 -0.016362 0.000946
v 0.003526 -0.015748 0.001085
v 0.003516 -0.015658 0.001081
v 0.003486 -0.015328 0.001050
v 0.003584 -0.015330 0.000858
v 0.003622 -0.015334 0.000634
v 0.003528 -0.015324 -0.000156
v 0.003641 -0.014931 -0.000112
v 0.003592 -0.014917 0.000450
v 0.002252 -0.013741 -0.001075
v 0.001989 -0.013955 -0.001067
v 0.002494 -0.012582 -0.000852
v 0.001462 -0.013343 -0.000894
v 0.003690 -0.014091 -0.000369
v 0.003661 -0.013670 -0.000405
v 0.003649 -0.013249 -0.000431
v 0.003510 -0.012835 -0.000616
v 0.003227 -0.012425 -0.000704
v 0.003575 -0.012830 -0.000491
v 0.003713 -0.014507 -0.000176
v 0.003003 -0.012436 -0.000788
v 0.003217 -0.012425 -0.000706
v 0.002624 -0.012026 -0.000748
v 0.002156 -0.016195 0.002077
v 0.001671 -0.015857 0.002040
v -0.000671 -0.015879 0.002084
v -0.000366 -0.015865 0.002147
v 0.000585 -0.014142 0.001997
v 0.002009 -0.015781 0.001959
v 0.001859 -0.015366 0.001875
v 0.001530 -0.014531 0.001901
v 0.000542 -0.013721 0.001973
v 0.000656 -0.014984 0.002066
v 0.000396 -0.014994 0.002031
v 0.000421 -0.015416 0.002069
v 0.000144 -0.015425 0.002065
v 0.002691 -0.016181 0.001880
v 0.003224 -0.015751 0.001417
v 0.002610 -0.015762 0.001816
v 0.003394 -0.015770 0.001265
v 0.003524 -0.015756 0.001090
v -0.001751 -0.015107 0.000857
v -0.001564 -0.015511 0.001277
v -0.001596 -0.015092 0.001187
v -0.001530 -0.015932 0.001313
v -0.001987 -0.015132 0.000237
v -0.001970 -0.015138 0.000001
v -0.001987 -0.015133 0.000227
v -0.001999 -0.014718 -0.000035
v -0.001908 -0.014719 -0.000230
v -0.001919 -0.014297 -0.000256
v -0.001785 -0.013876 -0.000447
v -0.001346 -0.013443 -0.000717
v -0.001717 -0.013448 -0.000429
v -0.001013 -0.013433 -0.000779
v -0.001212 -0.013439 -0.000752
v 0.000453 -0.014056 -0.000926
v -0.000614 -0.013417 -0.000783
v -0.000294 -0.013406 -0.000826
v 0.000152 -0.013391 -0.000877
v 0.000394 -0.013806 -0.000895
v 0.000641 -0.013854 -0.000831
v 0.000902 -0.013784 -0.000806
v 0.000879 -0.013364 -0.000857
v -0.001253 -0.016331 0.001792
v -0.001088 -0.015899 0.001873
v -0.001382 -0.016340 0.001609
v -0.001385 -0.015919 0.001588
v -0.001420 -0.015921 0.001550
v 0.003524 -0.015749 0.001091
v 0.003395 -0.015749 0.001265
v 0.003334 -0.015329 0.001212
v 0.003251 -0.014911 0.001147
v 0.003423 -0.014908 0.000996
v 0.003538 -0.014910 0.000814
v 0.003560 -0.014493 0.000561
v 0.003723 -0.014504 -0.000086
v 0.001938 -0.012377 -0.000922
v 0.001169 -0.012932 -0.000944
v 0.003733 -0.014082 -0.000100
v 0.003687 -0.013665 -0.000305
v 0.003694 -0.013661 -0.000141
v 0.003684 -0.013239 -0.000166
v 0.003615 -0.012825 -0.000373
v 0.003438 -0.012535 -0.000580
v 0.003235 -0.012425 -0.000696
v 0.003409 -0.012415 -0.000564
v 0.003273 -0.012089 -0.000446
v 0.003063 -0.012018 -0.000565
v 0.002844 -0.012016 -0.000658
v 0.002353 -0.011617 -0.000852
v 0.002551 -0.011606 -0.000733
v 0.002734 -0.011596 -0.000594
v 0.002334 -0.015776 0.001910
v -0.000610 -0.015038 0.001838
v 0.000132 -0.015004 0.001999
v 0.000291 -0.014576 0.001958
v 0.000079 -0.014163 0.001906
v 0.002580 -0.014510 0.001250
v 0.002000 -0.014521 0.001668
v 0.001123 -0.013699 0.001964
v 0.001511 -0.013688 0.001852
v 0.000711 -0.012449 0.001884
v 0.000289 -0.013675 0.001916
v 0.000417 -0.012039 0.001812
v 0.000161 -0.012894 0.001808
v 0.002981 -0.014919 0.001265
v -0.001918 -0.014701 0.000436
v -0.001670 -0.014681 0.000871
v -0.001583 -0.015091 0.001220
v -0.001432 -0.015500 0.001484
v -0.001432 -0.015080 0.001402
v -0.001392 -0.014746 0.001284
v -0.002006 -0.014710 0.000207
v -0.002009 -0.014712 0.000174
v -0.002001 -0.014296 -0.000055
v -0.001855 -0.013576 -0.000253
v -0.001966 -0.013872 -0.000055
v -0.001432 -0.013034 -0.000537
v -0.001285 -0.013250 -0.000692
v -0.001601 -0.013021 -0.000385
v -0.001830 -0.013449 -0.000246
v -0.000794 -0.012998 -0.000625
v -0.000734 -0.012995 -0.000646
v -0.001099 -0.013009 -0.000601
v -0.000431 -0.012987 -0.000725
v -0.000432 -0.012986 -0.000725
v -0.000172 -0.012558 -0.000847
v 0.000682 -0.011688 -0.001154
v 0.000867 -0.011261 -0.001252
v 0.000245 -0.012123 -0.001024
v -0.001256 -0.015489 0.001632
v 0.003125 -0.014496 0.001059
v 0.002990 -0.014884 0.001247
v 0.003349 -0.014491 0.000936
v 0.003303 -0.013905 0.000638
v 0.003209 -0.014076 0.000839
v 0.003656 -0.014079 0.000103
v 0.003285 -0.013241 0.000352
v 0.001429 -0.012080 -0.001071
v 0.001247 -0.012086 -0.001070
v 0.003608 -0.013658 0.000057
v 0.003582 -0.013238 0.000023
v 0.003630 -0.012821 -0.000215
v 0.003539 -0.012818 -0.000020
v 0.003504 -0.012404 -0.000304
v 0.003503 -0.012404 -0.000306
v 0.003502 -0.012400 -0.000305
v 0.003356 -0.012207 -0.000148
v 0.003208 -0.011995 -0.000377
v 0.002903 -0.011649 -0.000424
v 0.002524 -0.011186 -0.000778
v 0.002131 -0.011207 -0.001022
v 0.002300 -0.010117 -0.001073
v 0.002881 -0.011585 -0.000407
v 0.002752 -0.011170 -0.000529
v 0.002685 -0.014509 0.001195
v -0.001238 -0.015068 0.001527
v -0.000778 -0.014755 0.001623
v -0.000338 -0.014606 0.001777
v -0.000188 -0.013754 0.001797
v 0.002718 -0.014088 0.001061
v 0.002481 -0.013248 0.001138
v 0.000779 -0.012446 0.001883
v 0.000994 -0.012439 0.001890
v 0.001213 -0.012853 0.001895
v 0.001737 -0.012839 0.001692
v 0.000699 -0.012028 0.001819
v -0.000330 -0.011650 0.001576
v -0.000295 -0.012071 0.001611
v 0.000663 -0.011607 0.001780
v -0.000049 -0.012481 0.001749
v -0.000123 -0.011037 0.001567
v 0.000644 -0.011186 0.001729
v -0.000271 -0.012491 0.001661
v -0.002004 -0.014291 0.000085
v -0.001767 -0.014466 0.000573
v -0.001888 -0.013873 0.000234
v -0.001399 -0.014244 0.001011
v -0.001110 -0.014077 0.001163
v -0.001963 -0.013857 -0.000055
v -0.001966 -0.013871 -0.000047
v -0.001248 -0.012779 -0.000447
v -0.001570 -0.012941 -0.000371
v -0.001658 -0.013019 -0.000239
v -0.001839 -0.013443 -0.000005
v -0.001799 -0.013341 0.000012
v -0.001692 -0.013041 -0.000189
v -0.000846 -0.012572 -0.000481
v -0.000915 -0.012758 -0.000511
v -0.000545 -0.012565 -0.000655
v -0.000287 -0.011719 -0.000950
v -0.000494 -0.011723 -0.000817
v -0.000618 -0.012144 -0.000621
v 0.000187 -0.010024 -0.001504
v 0.000248 -0.011447 -0.001159
v 0.000560 -0.010012 -0.001544
v -0.000016 -0.011711 -0.001046
v 0.002729 -0.014087 0.001055
v 0.002780 -0.013666 0.000905
v 0.002768 -0.013247 0.000804
v 0.002991 -0.012534 0.000403
v 0.001153 -0.010830 -0.001331
v 0.003444 -0.012401 -0.000091
v 0.003291 -0.012402 0.000071
v 0.003124 -0.011856 -0.000293
v 0.003157 -0.011986 -0.000023
v 0.003227 -0.012227 0.000027
v 0.002973 -0.011600 -0.000142
v 0.001213 -0.010407 -0.001412
v 0.001897 -0.010192 -0.001291
v 0.002155 -0.009223 -0.001439
v 0.002472 -0.009711 -0.000996
v 0.002423 -0.008376 -0.001576
v 0.002527 -0.009082 -0.001192
v 0.002900 -0.011156 -0.000203
v 0.002760 -0.010324 -0.000491
v 0.002962 -0.011575 -0.000149
v 0.002625 -0.009493 -0.000858
v -0.001033 -0.013400 0.000928
v -0.000554 -0.014196 0.001600
v -0.000885 -0.013376 0.001112
v -0.000578 -0.013354 0.001468
v 0.002285 -0.011986 0.001217
v 0.001127 -0.012012 0.001809
v 0.000976 -0.012017 0.001834
v 0.001709 -0.012418 0.001657
v 0.002128 -0.011987 0.001376
v 0.000666 -0.011608 0.001781
v -0.000498 -0.012082 0.001499
v -0.000556 -0.011241 0.001413
v -0.000472 -0.012503 0.001546
v -0.000238 -0.010382 0.001473
v 0.000617 -0.010767 0.001683
v -0.000608 -0.010399 0.001318
v 0.001352 -0.010740 0.001629
v -0.001562 -0.013839 0.000563
v -0.001675 -0.013430 0.000249
v -0.001822 -0.013440 0.000062
v -0.001372 -0.012995 0.000232
v -0.001111 -0.012975 0.000620
v -0.001186 -0.012626 -0.000175
v -0.001055 -0.012638 -0.000347
v -0.001382 -0.012732 -0.000278
v -0.001506 -0.012812 -0.000097
v -0.001614 -0.013104 0.000103
v -0.001582 -0.013008 0.000043
v -0.001021 -0.012574 -0.000332
v -0.000617 -0.012282 -0.000614
v -0.000924 -0.012148 -0.000298
v -0.000565 -0.010884 -0.000956
v -0.000197 -0.010876 -0.001185
v -0.000669 -0.011632 -0.000672
v -0.000656 -0.011304 -0.000753
v -0.000710 -0.011305 -0.000710
v 0.000105 -0.008931 -0.001845
v -0.000077 -0.010873 -0.001225
v -0.000287 -0.010458 -0.001254
v -0.000298 -0.009200 -0.001641
v -0.000104 -0.011239 -0.001117
v 0.001218 -0.009371 -0.001703
v 0.003043 -0.011987 0.000161
v 0.002961 -0.011574 -0.000130
v 0.002948 -0.011569 0.000089
v 0.001797 -0.008208 -0.001929
v 0.002694 -0.009067 -0.000904
v 0.002690 -0.007821 -0.001655
v 0.002615 -0.008240 -0.001474
v 0.002869 -0.008220 -0.001046
v 0.002904 -0.011149 0.000045
v 0.002802 -0.009891 -0.000246
v 0.002817 -0.009886 -0.000061
v -0.000890 -0.012619 0.000971
v -0.000639 -0.012514 0.001386
v 0.002104 -0.011566 0.001344
v 0.002762 -0.011565 0.000477
v 0.001645 -0.011154 0.001563
v -0.000716 -0.011671 0.001325
v -0.000992 -0.011695 0.000872
v -0.000760 -0.010830 0.001221
v 0.000288 -0.009936 0.001574
v -0.000442 -0.009968 0.001398
v 0.000874 -0.010335 0.001641
v -0.000961 -0.010420 0.001024
v -0.000706 -0.009137 0.001204
v 0.001537 -0.010313 0.001524
v 0.001281 -0.009899 0.001551
v 0.000853 -0.009494 0.001542
v -0.001415 -0.013030 0.000209
v -0.001227 -0.012824 0.000304
v -0.001309 -0.012720 0.000008
v -0.001183 -0.012569 0.000070
v -0.001016 -0.012545 0.000739
v -0.001145 -0.012561 0.000337
v -0.001151 -0.012574 -0.000158
v -0.001013 -0.012145 -0.000101
v -0.001030 -0.011724 -0.000130
v -0.001017 -0.012175 -0.000102
v -0.001003 -0.010885 -0.000399
v -0.000519 -0.009626 -0.001420
v -0.000897 -0.009632 -0.001136
v -0.001024 -0.009716 -0.000957
v -0.001154 -0.009632 -0.000786
v -0.000413 -0.008366 -0.001911
v 0.000484 -0.007838 -0.002178
v 0.001007 -0.008736 -0.001929
v -0.000869 -0.009216 -0.001386
v -0.001050 -0.008675 -0.001510
v 0.002718 -0.010722 0.000414
v 0.002739 -0.011144 0.000446
v 0.000945 -0.007899 -0.002167
v 0.001600 -0.007454 -0.002200
v 0.002292 -0.007652 -0.001928
v 0.002869 -0.008615 -0.000583
v 0.003129 -0.007679 -0.000728
v 0.002808 -0.008069 -0.001378
v 0.002900 -0.007586 -0.001595
v 0.002887 -0.008140 -0.001086
v 0.002792 -0.010302 0.000190
v 0.002835 -0.008899 -0.000097
v 0.002731 -0.010299 0.000402
v 0.002756 -0.010302 0.000281
v 0.002793 -0.009036 0.000133
v -0.001010 -0.012125 0.000637
v 0.002438 -0.011140 0.001017
v 0.001875 -0.010726 0.001425
v 0.002698 -0.011143 0.000522
v -0.001066 -0.011705 0.000586
v -0.001105 -0.010433 0.000752
v 0.000130 -0.008253 0.001458
v -0.001038 -0.009580 0.000962
v -0.001142 -0.010011 0.000798
v -0.000296 -0.008273 0.001344
v -0.001265 -0.008749 0.000718
v -0.000978 -0.008306 0.001019
v 0.001773 -0.009041 0.001291
v 0.001040 -0.008641 0.001476
v -0.001127 -0.012436 0.000095
v -0.001062 -0.012136 0.000336
v -0.001093 -0.011297 0.000061
v -0.001133 -0.010873 0.000185
v -0.001246 -0.009631 -0.000591
v -0.001235 -0.010022 0.000540
v -0.000936 -0.009632 -0.001090
v -0.001330 -0.008803 -0.001167
v -0.001290 -0.009218 -0.000880
v -0.000169 -0.008043 -0.002037
v -0.000791 -0.007957 -0.001892
v -0.000193 -0.007098 -0.002190
v 0.000779 -0.006644 -0.002418
v 0.001175 -0.007049 -0.002325
v -0.001506 -0.008389 -0.001283
v -0.001349 -0.007972 -0.001633
v 0.002317 -0.007422 -0.002007
v 0.001752 -0.007026 -0.002254
v 0.002330 -0.006581 -0.002202
v 0.002890 -0.008621 -0.000324
v 0.002974 -0.008067 -0.000059
v 0.003250 -0.007363 -0.001167
v 0.003186 -0.007337 -0.000099
v 0.002930 -0.007389 -0.001674
v 0.003090 -0.007398 -0.001500
v 0.002746 -0.008489 0.000327
v 0.002872 -0.008186 0.000137
v 0.002650 -0.010719 0.000623
v 0.002624 -0.008597 0.000510
v 0.002509 -0.009453 0.000732
v 0.002003 -0.009038 0.001172
v -0.001104 -0.011293 0.000301
v 0.000833 -0.007804 0.001453
v 0.000283 -0.007402 0.001473
v -0.001331 -0.009180 0.000504
v -0.000630 -0.007865 0.001239
v -0.001478 -0.008341 0.000450
v -0.001493 -0.008771 0.000216
v -0.001177 -0.007896 0.000842
v -0.000374 -0.006582 0.001419
v -0.001002 -0.006733 0.001130
v -0.001214 -0.006634 0.001008
v -0.001261 -0.007476 0.000850
v 0.001213 -0.008213 0.001435
v 0.002184 -0.008613 0.001006
v 0.000876 -0.007380 0.001449
v -0.001318 -0.009607 0.000351
v -0.001449 -0.009205 -0.000231
v -0.001608 -0.008388 -0.001094
v -0.001476 -0.008941 -0.000504
v -0.001032 -0.007125 -0.002063
v -0.001314 -0.007134 -0.001972
v -0.000815 -0.006699 -0.002209
v 0.000526 -0.006233 -0.002475
v -0.001117 -0.005867 -0.002353
v 0.000957 -0.006216 -0.002484
v 0.000738 -0.005382 -0.002609
v 0.001336 -0.006203 -0.002476
v 0.001051 -0.006526 -0.002418
v -0.001547 -0.008272 -0.001311
v -0.001508 -0.007976 -0.001549
v 0.002767 -0.006979 -0.001921
v 0.002563 -0.006836 -0.002062
v 0.001605 -0.006191 -0.002453
v 0.002589 -0.006148 -0.002231
v 0.001744 -0.005345 -0.002582
v 0.003060 -0.007332 0.000201
v 0.003285 -0.006837 0.000057
v 0.003529 -0.006846 -0.001037
v 0.003448 -0.006936 -0.001297
v 0.003439 -0.006938 -0.001329
v 0.003328 -0.006948 -0.001520
v 0.003445 -0.006909 -0.000344
v 0.002965 -0.006479 0.000601
v 0.002421 -0.007762 0.000852
v 0.001008 -0.006528 0.001492
v -0.000011 -0.006990 0.001442
v -0.001679 -0.007805 0.000315
v -0.001892 -0.007519 0.000158
v -0.001783 -0.007939 0.000096
v -0.001545 -0.008790 -0.000057
v 0.000322 -0.006129 0.001559
v -0.000239 -0.006030 0.001518
v -0.000607 -0.006555 0.001339
v -0.001206 -0.005792 0.001220
v -0.001877 -0.006237 0.000659
v -0.001503 -0.007067 0.000707
v 0.001809 -0.007774 0.001252
v 0.001550 -0.007490 0.001342
v 0.002056 -0.007345 0.001123
v 0.001627 -0.006932 0.001359
v -0.001716 -0.008374 -0.000417
v -0.001850 -0.007958 -0.000510
v -0.001937 -0.007574 -0.001313
v -0.001836 -0.007912 -0.000996
v -0.001419 -0.006717 -0.002049
v -0.001254 -0.006291 -0.002224
v -0.001152 -0.006665 -0.002151
v -0.001680 -0.007140 -0.001740
v -0.001129 -0.006288 -0.002255
v -0.000810 -0.005438 -0.002510
v -0.001493 -0.005879 -0.002234
v -0.001710 -0.005464 -0.002268
v 0.001057 -0.006213 -0.002487
v 0.001011 -0.004951 -0.002671
v -0.000820 -0.005017 -0.002535
v 0.001328 -0.005799 -0.002544
v -0.001804 -0.007561 -0.001486
v 0.003421 -0.006106 -0.001808
v 0.002574 -0.005336 -0.002370
v 0.001873 -0.004920 -0.002672
v 0.003528 -0.006477 -0.000072
v 0.003655 -0.006561 -0.000490
v 0.004097 -0.006270 -0.000751
v 0.003648 -0.006712 -0.001223
v 0.003821 -0.006495 -0.001110
v 0.003460 -0.006910 -0.001318
v 0.003501 -0.006519 -0.001559
v 0.002175 -0.006494 0.001149
v 0.003583 -0.006373 -0.000046
v 0.003605 -0.006045 0.000197
v 0.003492 -0.005927 0.000374
v 0.003034 -0.005196 0.001072
v 0.000827 -0.005875 0.001607
v -0.002069 -0.007535 -0.000159
v -0.001964 -0.007710 -0.000093
v -0.002191 -0.007112 0.000001
v 0.000199 -0.005708 0.001641
v -0.000565 -0.005740 0.001510
v -0.000232 -0.005180 0.001728
v -0.001718 -0.004942 0.001351
v -0.001746 -0.005375 0.001087
v -0.001823 -0.005757 0.000879
v -0.002061 -0.006269 0.000525
v -0.002170 -0.005394 0.000886
v -0.002382 -0.005835 0.000574
v -0.002458 -0.006699 -0.000017
v 0.001684 -0.006506 0.001357
v -0.002197 -0.007356 -0.000237
v -0.002064 -0.007548 -0.000647
v -0.001990 -0.007615 -0.000848
v -0.002363 -0.007128 -0.000339
v -0.002076 -0.007470 -0.001148
v -0.002193 -0.006922 -0.001484
v -0.002262 -0.007149 -0.001266
v -0.002188 -0.006314 -0.001755
v -0.001615 -0.005881 -0.002197
v -0.001523 -0.006205 -0.002131
v -0.002489 -0.006739 -0.001409
v -0.001892 -0.005048 -0.002250
v -0.002547 -0.005905 -0.001726
v -0.002233 -0.005056 -0.002083
v 0.001822 -0.004498 -0.002686
v 0.000873 -0.004269 -0.002620
v 0.000380 -0.004863 -0.002618
v 0.001381 -0.003879 -0.002603
v -0.000722 -0.004588 -0.002501
v -0.000995 -0.004416 -0.002413
v 0.003557 -0.006484 -0.001530
v 0.003789 -0.006085 -0.001533
v 0.003751 -0.006351 -0.001430
v 0.003820 -0.004823 -0.001820
v 0.003977 -0.005653 -0.001481
v 0.002823 -0.004877 -0.002406
v 0.002325 -0.004476 -0.002547
v 0.004027 -0.006323 -0.001033
v 0.004241 -0.006051 -0.000927
v 0.004280 -0.006003 -0.000662
v 0.004185 -0.006040 -0.000467
v 0.003816 -0.006495 -0.001141
v 0.003934 -0.006039 -0.000115
v 0.004266 -0.005591 0.000048
v 0.003997 -0.005488 0.000387
v 0.003502 -0.005183 0.000837
v 0.002643 -0.005090 0.001343
v 0.003431 -0.004924 0.001032
v 0.002862 -0.004333 0.001674
v 0.001483 -0.006087 0.001486
v 0.001344 -0.005586 0.001632
v -0.001002 -0.004480 0.001846
v -0.000019 -0.004362 0.002054
v 0.001208 -0.004580 0.002003
v -0.001990 -0.004956 0.001241
v -0.001500 -0.004438 0.001733
v -0.002290 -0.004791 0.001314
v -0.001990 -0.005284 0.001010
v -0.002799 -0.006290 -0.000028
v -0.002936 -0.005312 0.000736
v -0.003097 -0.005439 0.000589
v -0.002539 -0.005166 0.000948
v -0.002491 -0.004832 0.001205
v -0.003040 -0.005875 0.000213
v -0.002425 -0.007065 -0.000376
v 0.002324 -0.005279 0.001421
v -0.002370 -0.007149 -0.001079
v -0.002428 -0.007137 -0.000621
v -0.002650 -0.006741 -0.001252
v -0.002948 -0.005845 -0.001457
v -0.001986 -0.004627 -0.002206
v -0.002928 -0.005073 -0.001728
v -0.002964 -0.004653 -0.001767
v 0.002219 -0.004057 -0.002530
v -0.000142 -0.004137 -0.002448
v 0.000562 -0.004119 -0.002552
v 0.001078 -0.003677 -0.002534
v -0.000482 -0.004084 -0.002392
v 0.001750 -0.003372 -0.002423
v 0.001345 -0.003239 -0.002407
v -0.001204 -0.004178 -0.002294
v -0.000630 -0.003732 -0.002262
v 0.003941 -0.006167 -0.001333
v 0.004457 -0.004942 -0.001105
v 0.004405 -0.004288 -0.001163
v 0.004220 -0.003949 -0.001366
v 0.003897 -0.003971 -0.001703
v 0.003608 -0.004412 -0.002001
v 0.003213 -0.004435 -0.002242
v 0.004429 -0.005621 -0.000935
v 0.004227 -0.006053 -0.000967
v 0.003154 -0.004013 -0.002244
v 0.004460 -0.005617 -0.000827
v 0.004489 -0.005609 -0.000565
v 0.004464 -0.005604 -0.000334
v 0.004214 -0.005883 -0.000212
v 0.004312 -0.005242 0.000303
v 0.004394 -0.005570 -0.000128
v 0.004458 -0.005167 0.000135
v 0.004036 -0.005049 0.000634
v 0.003893 -0.004890 0.000793
v 0.003520 -0.004754 0.001073
v 0.002393 -0.004275 0.001904
v 0.003273 -0.004332 0.001409
v 0.003314 -0.004159 0.001424
v 0.002538 -0.003920 0.001968
v 0.003180 -0.003906 0.001583
v 0.001850 -0.005170 0.001646
v -0.000313 -0.003595 0.002298
v -0.001342 -0.003637 0.002137
v -0.001301 -0.004367 0.001839
v 0.000387 -0.003994 0.002212
v 0.002063 -0.004345 0.001972
v 0.001971 -0.003937 0.002148
v 0.001881 -0.004627 0.001884
v 0.000946 -0.003973 0.002233
v -0.002185 -0.004533 0.001509
v -0.001436 -0.004069 0.001961
v -0.001659 -0.004080 0.001875
v -0.001857 -0.004149 0.001768
v -0.002400 -0.004544 0.001412
v -0.002795 -0.006615 -0.000355
v -0.002949 -0.006311 -0.000208
v -0.003104 -0.006311 -0.000387
v -0.003252 -0.005018 0.000714
v -0.002842 -0.004997 0.000933
v -0.003286 -0.005448 0.000458
v -0.003348 -0.005278 0.000507
v -0.002696 -0.004826 0.001092
v -0.002599 -0.004554 0.001294
v -0.003307 -0.006021 -0.000173
v -0.003401 -0.005540 0.000244
v -0.003460 -0.005737 -0.000025
v -0.002715 -0.006915 -0.000789
v -0.002862 -0.006701 -0.000634
v -0.002769 -0.006741 -0.001072
v -0.003062 -0.006039 -0.001266
v -0.003230 -0.005497 -0.001384
v -0.002461 -0.004459 -0.001991
v -0.002151 -0.004208 -0.002067
v -0.001486 -0.004084 -0.002208
v -0.003333 -0.004659 -0.001479
v -0.003085 -0.004106 -0.001613
v 0.002672 -0.003976 -0.002379
v -0.000306 -0.003723 -0.002311
v 0.000030 -0.003729 -0.002372
v 0.000023 -0.003711 -0.002366
v -0.000180 -0.003293 -0.002262
v 0.001235 -0.002741 -0.002245
v 0.001784 -0.002363 -0.001894
v 0.002898 -0.003317 -0.002039
v 0.000739 -0.002836 -0.002268
v -0.000799 -0.002461 -0.001899
v -0.000436 -0.003301 -0.002220
v 0.004587 -0.004770 -0.000926
v 0.004546 -0.004348 -0.000953
v 0.004352 -0.003938 -0.001160
v 0.004161 -0.003779 -0.001322
v 0.003728 -0.003476 -0.001574
v 0.003225 -0.003583 -0.002038
v 0.004591 -0.005175 -0.000283
v 0.004659 -0.004756 -0.000511
v 0.004342 -0.005168 0.000317
v 0.004424 -0.004740 0.000342
v 0.004291 -0.004740 0.000514
v 0.004134 -0.004743 0.000674
v 0.003745 -0.004670 0.000948
v 0.003599 -0.004475 0.001104
v 0.003458 -0.004328 0.001265
v 0.003516 -0.003902 0.001277
v 0.002795 -0.003491 0.001844
v 0.002337 -0.003501 0.002083
v 0.003352 -0.003482 0.001413
v 0.003189 -0.003484 0.001569
v -0.001184 -0.003207 0.002227
v -0.000138 -0.003164 0.002365
v 0.001417 -0.003529 0.002315
v -0.001460 -0.004002 0.001980
v -0.001567 -0.003648 0.002053
v -0.001408 -0.003217 0.002144
v -0.002464 -0.004243 0.001438
v -0.002096 -0.004102 0.001691
v -0.002303 -0.004112 0.001585
v -0.001878 -0.004091 0.001785
v -0.002656 -0.004133 0.001289
v -0.003008 -0.006497 -0.000478
v -0.003164 -0.006319 -0.000572
v -0.003377 -0.006076 -0.000455
v -0.003425 -0.005028 0.000562
v -0.003317 -0.004597 0.000720
v -0.002966 -0.004575 0.001017
v -0.003574 -0.005471 0.000076
v -0.003557 -0.005040 0.000354
v -0.002786 -0.004566 0.001161
v -0.003526 -0.005842 -0.000302
v -0.003690 -0.005404 -0.000167
v -0.002845 -0.006738 -0.000868
v -0.003145 -0.006323 -0.000808
v -0.003068 -0.006326 -0.001010
v -0.003252 -0.005914 -0.001131
v -0.003609 -0.005497 -0.000856
v -0.003700 -0.005080 -0.000924
v -0.002449 -0.003662 -0.001776
v -0.002997 -0.003802 -0.001579
v -0.001955 -0.003096 -0.001775
v -0.001457 -0.002575 -0.001770
v -0.003754 -0.004660 -0.000974
v -0.003610 -0.004237 -0.001160
v -0.003190 -0.003806 -0.001439
v -0.000219 -0.002443 -0.002077
v 0.000018 -0.002636 -0.002183
v 0.001269 -0.002237 -0.002004
v 0.001022 -0.002399 -0.002132
v 0.002026 -0.002399 -0.001825
v 0.001469 -0.002182 -0.001896
v 0.001673 -0.002173 -0.001784
v 0.002948 -0.003009 -0.001780
v 0.002589 -0.002702 -0.001746
v 0.000387 -0.002137 -0.002003
v 0.000729 -0.002224 -0.002056
v -0.000468 -0.002372 -0.001972
v -0.001153 -0.002472 -0.001811
v -0.000947 -0.002201 -0.001752
v -0.000615 -0.002164 -0.001817
v 0.004587 -0.004343 -0.000815
v 0.004451 -0.003919 -0.000910
v 0.004067 -0.003306 -0.000904
v 0.003999 -0.003380 -0.001183
v 0.003516 -0.003129 -0.001357
v 0.004472 -0.004322 0.000103
v 0.004264 -0.004319 0.000480
v 0.003930 -0.003901 0.000768
v 0.003632 -0.004326 0.001115
v 0.003482 -0.003482 0.001239
v 0.003082 -0.003067 0.001519
v 0.002732 -0.003072 0.001790
v 0.002522 -0.003077 0.001920
v 0.002306 -0.003082 0.002047
v 0.001790 -0.003095 0.002255
v 0.003103 -0.003066 0.001503
v 0.003349 -0.003066 0.001164
v 0.003223 -0.003004 0.001320
v -0.000717 -0.002765 0.002289
v -0.000956 -0.002613 0.002194
v -0.001406 -0.002796 0.002059
v -0.001172 -0.002479 0.002069
v -0.000177 -0.002743 0.002336
v 0.000107 -0.002733 0.002340
v 0.001317 -0.003111 0.002341
v -0.001780 -0.003659 0.001954
v -0.001619 -0.003228 0.002041
v -0.002489 -0.004123 0.001450
v -0.001986 -0.003670 0.001846
v -0.002186 -0.003681 0.001730
v -0.002374 -0.003692 0.001597
v -0.002690 -0.003713 0.001253
v -0.002819 -0.004144 0.001123
v -0.003436 -0.005910 -0.000741
v -0.003613 -0.005671 -0.000603
v -0.003594 -0.004747 0.000347
v -0.003489 -0.004607 0.000565
v -0.003144 -0.004328 0.000821
v -0.003310 -0.004176 0.000628
v -0.003678 -0.005049 0.000133
v -0.003817 -0.005071 -0.000448
v -0.003789 -0.005078 -0.000728
v -0.003847 -0.004659 -0.000779
v -0.002593 -0.003498 -0.001616
v -0.002917 -0.003641 -0.001542
v -0.003055 -0.003537 -0.001378
v -0.002132 -0.002925 -0.001572
v -0.001643 -0.002485 -0.001631
v -0.001920 -0.002605 -0.001532
v -0.001600 -0.002415 -0.001610
v -0.001276 -0.002280 -0.001684
v -0.003728 -0.004237 -0.000979
v -0.003792 -0.004233 -0.000769
v -0.003625 -0.003867 -0.000939
v -0.003446 -0.003540 -0.000856
v 0.000237 -0.001887 -0.001851
v -0.000209 -0.002014 -0.001845
v 0.001326 -0.002021 -0.001736
v 0.001122 -0.002028 -0.001848
v 0.000923 -0.002089 -0.001956
v 0.002652 -0.002567 -0.001472
v 0.002136 -0.002341 -0.001598
v 0.001879 -0.002194 -0.001669
v 0.001533 -0.002056 -0.001620
v 0.001743 -0.002120 -0.001502
v 0.002775 -0.002741 -0.001601
v 0.003220 -0.002925 -0.001388
v 0.000578 -0.001985 -0.001901
v -0.000754 -0.002054 -0.001653
v -0.001085 -0.002110 -0.001586
v -0.000425 -0.001988 -0.001720
v 0.004497 -0.003918 -0.000639
v 0.004539 -0.004094 -0.000608
v 0.004145 -0.003357 -0.000612
v 0.003852 -0.003164 -0.001029
v 0.003708 -0.002999 -0.000870
v 0.004336 -0.003888 0.000008
v 0.004055 -0.003634 0.000333
v 0.003908 -0.003488 0.000491
v 0.003356 -0.003067 0.001151
v 0.002739 -0.002758 0.001533
v 0.003096 -0.003051 0.001498
v 0.002614 -0.002838 0.001714
v 0.002498 -0.003013 0.001904
v 0.002358 -0.002664 0.001811
v 0.002167 -0.002666 0.001951
v 0.002097 -0.002669 0.001986
v 0.001296 -0.002690 0.002286
v 0.002996 -0.002723 0.001182
v 0.003131 -0.002773 0.001013
v -0.000708 -0.002344 0.002196
v -0.000947 -0.002354 0.002131
v -0.001159 -0.002365 0.002030
v -0.001599 -0.002808 0.001932
v -0.001372 -0.002528 0.001961
v -0.001337 -0.002377 0.001885
v -0.000177 -0.002323 0.002254
v -0.000436 -0.002333 0.002216
v -0.000450 -0.002334 0.002214
v 0.000996 -0.002615 0.002287
v 0.000699 -0.002291 0.002234
v 0.000109 -0.002312 0.002255
v -0.001821 -0.003240 0.001928
v -0.002197 -0.003260 0.001662
v -0.002498 -0.003283 0.001297
v -0.002699 -0.003130 0.000766
v -0.003115 -0.003745 0.000669
v -0.003759 -0.004633 0.000005
v -0.003607 -0.004576 0.000332
v -0.003454 -0.004189 0.000399
v -0.003881 -0.004654 -0.000553
v -0.003003 -0.003255 -0.001116
v -0.002051 -0.002601 -0.001358
v -0.002365 -0.002855 -0.001275
v -0.003132 -0.003284 -0.000940
v -0.001732 -0.002390 -0.001439
v -0.001858 -0.002448 -0.001260
v -0.001539 -0.002250 -0.001338
v -0.001411 -0.002219 -0.001515
v -0.001215 -0.002118 -0.001412
v -0.003740 -0.004056 -0.000748
v -0.003791 -0.004230 -0.000647
v -0.003567 -0.003668 -0.000670
v -0.000098 -0.001888 -0.001790
v 0.000301 -0.001762 -0.001576
v 0.000436 -0.001821 -0.001744
v 0.000098 -0.001785 -0.001686
v 0.001400 -0.002027 -0.001449
v 0.001191 -0.001962 -0.001568
v 0.001042 -0.001964 -0.001753
v 0.000779 -0.001918 -0.001797
v 0.002304 -0.002392 -0.001426
v 0.002729 -0.002597 -0.001183
v 0.002168 -0.002339 -0.001504
v 0.002091 -0.002283 -0.001549
v 0.001956 -0.002234 -0.001379
v 0.001613 -0.002125 -0.001328
v 0.001829 -0.002269 -0.001202
v 0.002926 -0.002722 -0.001068
v 0.003360 -0.002824 -0.000824
v -0.000559 -0.001933 -0.001551
v -0.000852 -0.002029 -0.001527
v -0.000909 -0.002030 -0.001493
v -0.001014 -0.002065 -0.001304
v -0.000909 -0.002029 -0.001451
v -0.000360 -0.001868 -0.001444
v -0.000232 -0.001835 -0.001621
v 0.004163 -0.003497 -0.000223
v 0.004005 -0.003222 -0.000451
v 0.003436 -0.002853 -0.000535
v 0.004095 -0.003424 -0.000146
v 0.003447 -0.003068 0.000955
v 0.003730 -0.003087 -0.000117
v 0.003525 -0.003071 0.000753
v 0.003266 -0.002836 0.000845
v 0.002761 -0.002662 0.001296
v 0.002517 -0.002550 0.001402
v 0.002505 -0.002663 0.001646
v 0.002253 -0.002510 0.001746
v 0.002384 -0.002516 0.001573
v 0.002130 -0.002600 0.001928
v 0.001663 -0.002580 0.002161
v 0.001775 -0.002336 0.001966
v 0.001017 -0.002279 0.002195
v 0.001368 -0.002269 0.002109
v 0.002919 -0.002682 0.000892
v 0.003054 -0.002735 0.000723
v -0.000661 -0.002108 0.002087
v -0.000870 -0.002056 0.001970
v -0.001072 -0.002089 0.001860
v -0.001763 -0.002755 0.001756
v -0.001585 -0.002398 0.001449
v -0.001269 -0.002181 0.001756
v -0.001461 -0.002341 0.001658
v -0.000127 -0.002050 0.002133
v -0.000341 -0.001932 0.002010
v -0.000579 -0.001924 0.001941
v 0.000749 -0.002069 0.002126
v 0.000420 -0.002141 0.002193
v 0.000129 -0.001895 0.002022
v -0.001957 -0.002890 0.001655
v -0.002340 -0.003225 0.001460
v -0.002315 -0.002823 0.000964
v -0.002463 -0.002822 0.000390
v -0.002541 -0.002886 0.000350
v -0.002853 -0.003059 0.000186
v -0.003341 -0.003706 0.000193
v -0.003047 -0.003188 0.000085
v -0.003771 -0.004374 -0.000259
v -0.002944 -0.003070 -0.000846
v -0.002641 -0.002926 -0.000932
v -0.002177 -0.002642 -0.001181
v -0.001981 -0.002538 -0.001078
v -0.001662 -0.002344 -0.001156
v -0.001340 -0.002188 -0.001232
v -0.001460 -0.002316 -0.001046
v -0.001136 -0.002169 -0.001121
v -0.003497 -0.003621 -0.000388
v -0.003192 -0.003229 -0.000484
v -0.000032 -0.001784 -0.001513
v 0.000510 -0.001813 -0.001458
v 0.000388 -0.001919 -0.001275
v 0.000174 -0.001806 -0.001398
v 0.000641 -0.001823 -0.001631
v 0.001489 -0.002208 -0.001146
v 0.001273 -0.002060 -0.001272
v 0.001025 -0.001955 -0.001414
v 0.001155 -0.001955 -0.001588
v 0.000982 -0.001902 -0.001686
v 0.000848 -0.001863 -0.001515
v 0.002089 -0.002336 -0.001301
v 0.002811 -0.002695 -0.000887
v 0.002256 -0.002498 -0.000956
v 0.003227 -0.002800 -0.000652
v -0.000484 -0.001952 -0.001262
v -0.000689 -0.001946 -0.001376
v -0.000811 -0.002054 -0.001192
v -0.000754 -0.002019 -0.001275
v -0.000156 -0.001861 -0.001332
v 0.003382 -0.002877 -0.000073
v 0.003402 -0.002912 0.000678
v 0.003540 -0.003007 0.000512
v 0.003458 -0.002909 0.000217
v 0.003188 -0.002788 0.000554
v 0.002439 -0.002504 0.001111
v 0.002304 -0.002443 0.001280
v 0.002034 -0.002323 0.001617
v 0.002169 -0.002376 0.001448
v 0.001902 -0.002295 0.001788
v 0.001511 -0.002265 0.002063
v 0.001713 -0.002262 0.001929
v 0.001083 -0.002066 0.002064
v 0.001424 -0.002147 0.002010
v 0.002371 -0.002571 0.000831
v 0.003114 -0.002792 0.000268
v 0.002572 -0.002754 0.000213
v -0.000788 -0.001935 0.001836
v -0.000952 -0.001956 0.001674
v -0.001149 -0.002054 0.001571
v -0.001851 -0.002576 0.001453
v -0.001731 -0.002447 0.001268
v -0.001536 -0.002326 0.001370
v -0.001343 -0.002183 0.001469
v -0.000327 -0.001912 0.001989
v -0.000016 -0.001801 0.001937
v -0.000551 -0.001859 0.001891
v 0.000866 -0.001903 0.001937
v 0.000530 -0.001888 0.001997
v 0.000316 -0.001766 0.001873
v -0.002045 -0.002715 0.001353
v -0.002122 -0.002672 0.001063
v -0.002196 -0.002685 0.000777
v -0.002336 -0.002773 0.000212
v -0.002928 -0.003043 -0.000102
v -0.002554 -0.002826 -0.000643
v -0.002026 -0.002685 -0.000604
v -0.002106 -0.002616 -0.000897
v -0.000724 -0.002219 -0.000891
v 0.000055 -0.001942 -0.001212
v 0.000723 -0.001927 -0.001336
v -0.000184 -0.002228 -0.000839
v 0.000772 -0.001963 -0.001307
v 0.000575 -0.002420 -0.000657
v 0.001655 -0.002345 -0.001049
v 0.001150 -0.002162 -0.001089
v 0.002521 -0.002723 -0.000554
v 0.002629 -0.002763 -0.000247
v -0.000604 -0.002076 -0.001077
v 0.002233 -0.002482 0.000997
v 0.002096 -0.002400 0.001163
v 0.001821 -0.002217 0.001495
v 0.001854 -0.002260 0.001760
v 0.001960 -0.002321 0.001330
v 0.001870 -0.002268 0.001439
v 0.001550 -0.002077 0.001830
v 0.001682 -0.002104 0.001659
v 0.001206 -0.001958 0.001880
v 0.000995 -0.001887 0.001761
v 0.001336 -0.001964 0.001707
v 0.002163 -0.002747 -0.000013
v 0.001693 -0.002693 0.000217
v 0.001630 -0.002612 0.000670
v -0.000898 -0.001942 0.001703
v -0.000755 -0.001868 0.001779
v -0.000911 -0.001945 0.001618
v -0.001021 -0.002024 0.001394
v -0.001216 -0.002144 0.001292
v -0.001927 -0.002554 0.001165
v -0.001801 -0.002496 0.000986
v -0.001590 -0.002408 0.001098
v -0.000225 -0.001740 0.001819
v 0.000108 -0.001723 0.001757
v -0.000097 -0.001718 0.001644
v -0.000430 -0.001735 0.001706
v -0.000632 -0.001774 0.001597
v 0.000785 -0.001873 0.001891
v 0.000544 -0.001881 0.001976
v 0.000653 -0.001796 0.001814
v 0.000241 -0.001760 0.001586
v -0.001938 -0.002641 0.000426
v -0.001875 -0.002721 -0.000028
v -0.001291 -0.002581 -0.000449
v -0.001543 -0.002692 -0.000092
v -0.000770 -0.002425 -0.000661
v 0.000658 -0.002524 -0.000361
v 0.001202 -0.002592 -0.000304
v 0.001667 -0.002591 -0.000539
v 0.002004 -0.002615 -0.000598
v 0.001755 -0.002322 0.001218
v 0.001554 -0.002357 0.001108
v 0.001613 -0.002161 0.001377
v 0.001472 -0.002029 0.001539
v 0.001129 -0.001927 0.001591
v 0.000895 -0.001874 0.001706
v 0.000925 -0.001942 0.001480
v 0.000822 -0.001880 0.001605
v 0.001267 -0.002029 0.001426
v 0.000066 -0.002576 0.000052
v 0.000470 -0.002292 0.000999
v 0.000003 -0.002497 0.000506
v -0.000826 -0.001891 0.001495
v -0.001082 -0.002183 0.001122
v -0.000746 -0.001944 0.001398
v -0.001277 -0.002312 0.001021
v -0.001270 -0.002615 0.000301
v -0.000298 -0.001747 0.001533
v 0.000041 -0.001811 0.001478
v -0.000497 -0.001823 0.001427
v 0.000787 -0.001842 0.001645
v 0.000585 -0.001867 0.001534
v 0.000362 -0.001901 0.001453
v -0.001138 -0.002642 0.000129
v -0.000674 -0.002621 -0.000108
v -0.000217 -0.002524 -0.000352
v 0.001468 -0.002289 0.001209
v 0.001412 -0.002210 0.001269
v 0.001067 -0.002078 0.001318
v -0.000533 -0.002530 0.000457
v 0.000004 -0.002354 0.000862
v -0.000545 -0.002376 0.000828
v -0.000749 -0.002168 0.001059
v -0.000943 -0.002293 0.000958
v -0.001003 -0.002476 0.000687
v -0.000197 -0.001926 0.001352
vn 0.2210 -0.9582 -0.1815
vn 0.0624 -0.9581 -0.2796
vn 0.1288 -0.8909 -0.4356
vn 0.2449 -0.8628 -0.4423
vn -0.2156 -0.9763 -0.0190
vn 0.3285 -0.9435 0.0430
vn 0.0618 -0.9981 0.0073
vn 0.3553 -0.9247 -0.1367
vn -0.0149 -0.8415 -0.5400
vn -0.1483 -0.8629 -0.4832
vn -0.1734 -0.9572 -0.2316
vn 0.0333 -0.7373 -0.6747
vn 0.1440 -0.6725 -0.7260
vn 0.3848 -0.8735 -0.2981
vn 0.2738 -0.7369 -0.6181
vn -0.3558 -0.9345 -0.0045
vn -0.2244 -0.9313 0.2871
vn -0.3641 -0.8892 0.2769
vn 0.1042 -0.9032 0.4165
vn 0.5549 -0.8319 -0.0037
vn 0.4750 -0.8554 0.2064
vn 0.5756 -0.7920 -0.2034
vn -0.2251 -0.7798 -0.5842
vn -0.2227 -0.6778 -0.7007
vn -0.0191 -0.5964 -0.8025
vn -0.2710 -0.9225 -0.2750
vn -0.4084 -0.8419 -0.3526
vn 0.0548 -0.5185 -0.8533
vn 0.0468 -0.5709 -0.8197
vn 0.1991 -0.5954 -0.7784
vn 0.4635 -0.7477 -0.4755
vn 0.3951 -0.6323 -0.6664
vn 0.2929 -0.5107 -0.8083
vn -0.4409 -0.8869 -0.1379
vn -0.4605 -0.8531 0.2453
vn -0.0371 -0.8949 0.4448
vn -0.2854 -0.8191 0.4977
vn -0.2556 -0.7066 0.6599
vn -0.3556 -0.7965 0.4890
vn 0.4065 -0.8262 0.3901
vn 0.3385 -0.6958 0.6335
vn 0.1881 -0.7853 0.5898
vn 0.4639 -0.7808 0.4186
vn 0.4932 -0.8461 0.2020
vn 0.5873 -0.8087 -0.0327
vn 0.5590 -0.7337 -0.3862
vn 0.6272 -0.6903 -0.3607
vn 0.4358 -0.7146 0.5472
vn -0.4368 -0.7015 -0.5631
vn -0.4139 -0.7332 -0.5395
vn -0.4435 -0.5968 -0.6687
vn -0.2794 -0.5647 -0.7766
vn -0.1183 -0.5206 -0.8456
vn 0.0420 -0.4089 -0.9116
vn -0.6009 -0.7849 0.1511
vn -0.6244 -0.7807 -0.0250
vn -0.5965 -0.7744 -0.2109
vn 0.1161 -0.4010 -0.9087
vn 0.0259 -0.4020 -0.9153
vn 0.6693 -0.5703 -0.4761
vn 0.5618 -0.5135 -0.6486
vn 0.3965 -0.4441 -0.8035
vn 0.1850 -0.3640 -0.9128
vn 0.2826 -0.3193 -0.9045
vn -0.4795 -0.8292 0.2872
vn -0.4010 -0.6974 0.5940
vn -0.4187 -0.7524 0.5085
vn -0.0862 -0.8270 0.5556
vn -0.0830 -0.5600 0.8243
vn -0.3256 -0.5628 0.7598
vn -0.1416 -0.3198 0.9368
vn -0.2129 -0.3872 0.8971
vn 0.3260 -0.5378 0.7775
vn 0.0193 -0.6397 0.7684
vn 0.1440 -0.4527 0.8800
vn 0.4127 -0.5948 0.6899
vn 0.3498 -0.6489 0.6758
vn 0.4867 -0.6510 0.5825
vn 0.6800 -0.7214 0.1313
vn 0.7972 -0.5904 -0.1261
vn -0.6042 -0.6724 -0.4276
vn -0.7053 -0.6241 -0.3361
vn -0.5859 -0.6369 -0.5011
vn -0.4491 -0.5410 -0.7111
vn -0.3192 -0.4069 -0.8559
vn -0.1526 -0.4176 -0.8957
vn 0.0008 -0.4016 -0.9158
vn -0.0095 -0.2379 -0.9712
vn 0.0784 -0.2594 -0.9626
vn -0.6944 -0.7174 0.0561
vn -0.5240 -0.6787 0.5145
vn -0.5824 -0.5676 0.5819
vn -0.6099 -0.7206 0.3298
vn -0.6899 -0.7233 -0.0285
vn -0.7554 -0.5818 -0.3015
vn -0.7128 -0.6970 -0.0788
vn 0.7601 -0.5738 -0.3048
vn 0.7753 -0.4563 -0.4367
vn 0.5055 -0.3982 -0.7655
vn 0.3770 -0.1670 -0.9110
vn 0.2272 -0.2165 -0.9495
vn 0.2087 -0.1991 -0.9575
vn -0.3874 -0.6376 0.6659
vn -0.2966 -0.5123 0.8060
vn -0.2999 -0.4887 0.8193
vn -0.0280 -0.3611 0.9321
vn -0.0227 -0.2273 0.9736
vn -0.0680 -0.1598 0.9848
vn -0.1515 -0.2495 0.9565
vn 0.2964 -0.4514 0.8417
vn 0.1067 -0.3205 0.9412
vn 0.0288 -0.2620 0.9646
vn 0.3838 -0.4272 0.8186
vn 0.5466 -0.3181 0.7746
vn 0.7117 -0.4309 0.5548
vn 0.6373 -0.3411 0.6910
vn 0.8521 -0.4387 0.2854
vn 0.8763 -0.4569 0.1529
vn -0.8256 -0.5292 -0.1958
vn -0.8214 -0.5606 -0.1049
vn -0.7204 -0.5519 -0.4200
vn -0.5520 -0.4749 -0.6854
vn -0.1672 -0.2208 -0.9609
vn -0.4514 -0.3853 -0.8049
vn -0.3735 -0.2335 -0.8978
vn 0.0393 -0.1264 -0.9912
vn 0.0083 -0.0811 -0.9967
vn -0.0055 -0.0893 -0.9960
vn -0.1222 -0.0633 -0.9905
vn -0.3817 -0.4403 0.8127
vn -0.4356 -0.4542 0.7771
vn -0.4074 -0.2675 0.8732
vn -0.5741 -0.3639 0.7334
vn -0.7208 -0.5452 0.4279
vn -0.6671 -0.7284 0.1564
vn -0.7969 -0.6037 -0.0213
vn 0.8779 -0.4591 -0.1362
vn 0.9152 -0.2886 -0.2812
vn 0.7150 -0.4058 -0.5692
vn 0.8673 -0.3395 -0.3641
vn 0.5234 -0.3276 -0.7866
vn 0.2279 -0.1540 -0.9614
vn 0.2691 -0.0087 -0.9631
vn 0.6558 -0.2903 -0.6969
vn 0.5434 -0.0387 -0.8386
vn 0.6074 -0.1713 -0.7757
vn 0.2552 0.0432 -0.9659
vn -0.0224 -0.1443 -0.9893
vn -0.2664 -0.3264 0.9069
vn -0.0283 -0.0703 0.9971
vn 0.1261 -0.2531 0.9592
vn -0.0483 0.1178 0.9919
vn -0.0703 0.0523 0.9962
vn -0.0169 -0.0748 0.9971
vn -0.1700 -0.1830 0.9683
vn 0.3242 -0.2529 0.9116
vn 0.4064 -0.1168 0.9062
vn 0.6147 -0.1534 0.7737
vn 0.8014 -0.2751 0.5312
vn 0.8472 -0.1664 0.5045
vn 0.8924 -0.3019 0.3352
vn -0.9039 -0.4206 -0.0784
vn -0.8378 -0.4183 -0.3509
vn -0.8601 -0.4986 0.1075
vn -0.9110 -0.3339 0.2422
vn -0.6844 -0.3584 -0.6350
vn -0.2028 -0.1278 -0.9708
vn -0.4939 -0.2663 -0.8278
vn -0.4728 -0.1510 -0.8681
vn -0.3409 -0.0314 -0.9396
vn 0.0806 0.0674 -0.9945
vn -0.0983 -0.0233 -0.9949
vn -0.0969 0.0707 -0.9928
vn -0.2344 0.0979 -0.9672
vn -0.2853 -0.2368 0.9287
vn -0.4904 -0.2006 0.8481
vn -0.6526 -0.2609 0.7114
vn -0.8171 -0.4944 0.2964
vn -0.9156 -0.3668 0.1648
vn -0.8691 -0.4686 -0.1585
vn 0.9698 -0.2439 0.0036
vn 0.8999 -0.4091 0.1508
vn 0.9544 -0.2390 -0.1790
vn 0.9929 -0.1182 -0.0135
vn 0.9836 -0.1533 -0.0952
vn 0.7903 -0.3563 -0.4985
vn 0.8904 -0.3339 -0.3092
vn 0.2309 -0.0770 -0.9699
vn 0.1277 -0.0525 -0.9904
vn 0.0616 0.1422 -0.9879
vn 0.1499 0.0366 -0.9880
vn 0.7769 -0.2610 -0.5729
vn 0.7932 -0.0409 -0.6076
vn 0.7958 -0.0089 -0.6055
vn 0.4037 -0.0319 -0.9144
vn 0.5164 0.1392 -0.8449
vn 0.7640 0.0282 -0.6446
vn 0.8535 -0.1680 -0.4933
vn 0.2660 0.1460 -0.9528
vn 0.0859 0.1686 -0.9819
vn -0.1221 0.0273 -0.9921
vn -0.1451 -0.1133 0.9829
vn 0.2147 -0.0530 0.9752
vn -0.0020 0.2092 0.9779
vn -0.0986 -0.0134 0.9950
vn 0.2050 0.1484 0.9674
vn 0.1677 0.1144 0.9792
vn -0.0062 0.1033 0.9946
vn 0.0178 0.1072 0.9941
vn 0.1607 0.1094 0.9809
vn 0.3986 0.0703 0.9144
vn 0.7381 -0.0589 0.6721
vn 0.5862 0.0445 0.8090
vn 0.6337 0.0862 0.7688
vn 0.7434 -0.0100 0.6688
vn 0.8157 -0.0766 0.5733
vn 0.9289 -0.1553 0.3362
vn -0.9450 -0.2647 -0.1924
vn -0.9621 -0.1478 0.2289
vn -0.9264 -0.2763 0.2559
vn -0.7040 -0.3040 -0.6419
vn -0.9409 -0.3314 -0.0702
vn -0.8142 -0.2193 -0.5375
vn -0.5292 -0.2741 -0.8030
vn -0.6572 -0.1913 -0.7290
vn -0.6525 -0.0955 -0.7517
vn -0.5211 0.0141 -0.8534
vn -0.2430 0.0561 -0.9684
vn -0.0371 0.0943 -0.9949
vn 0.1328 0.1472 -0.9801
vn 0.0611 -0.1171 -0.9912
vn -0.0469 0.1731 -0.9838
vn 0.0965 0.1374 -0.9858
vn -0.2713 0.1566 -0.9497
vn -0.1299 0.1442 -0.9810
vn -0.2279 0.0333 -0.9731
vn -0.3139 -0.0601 0.9475
vn -0.4809 -0.0820 0.8729
vn -0.6496 -0.2092 0.7309
vn -0.8157 -0.3104 0.4881
vn -0.8489 -0.1059 0.5178
vn -0.9710 -0.1595 0.1781
vn -0.9714 -0.2293 -0.0615
vn 0.9700 0.0283 0.2416
vn 0.9050 0.1382 0.4023
vn 0.8303 0.1280 0.5424
vn 0.9390 0.0060 0.3439
vn 0.9976 0.0167 0.0678
vn 0.8847 -0.2915 -0.3639
vn 0.9692 -0.1990 -0.1448
vn 0.9981 0.0108 0.0613
vn -0.0003 0.1228 -0.9924
vn -0.1383 0.0861 -0.9866
vn 0.0587 0.1241 -0.9905
vn -0.0671 -0.0071 -0.9977
vn 0.9525 -0.0086 -0.3043
vn 0.9375 0.0195 -0.3474
vn 0.9483 0.0612 -0.3114
vn 0.7624 0.1631 -0.6262
vn 0.2875 0.7548 -0.5896
vn 0.9001 0.1935 -0.3903
vn 0.9699 -0.1236 -0.2097
vn 0.2542 0.2950 -0.9211
vn 0.2848 0.4526 -0.8450
vn 0.3049 0.1585 -0.9391
vn 0.2206 0.2402 0.9453
vn 0.1669 0.2412 0.9560
vn -0.3299 0.1617 0.9301
vn -0.1016 0.1398 0.9849
vn -0.0271 0.0620 0.9977
vn 0.1533 0.3087 0.9387
vn 0.3051 0.2425 0.9209
vn 0.2823 0.0754 0.9564
vn -0.0859 0.0550 0.9948
vn 0.0049 0.0780 0.9969
vn -0.1400 0.0920 0.9859
vn 0.2201 0.1095 0.9693
vn 0.0127 0.1379 0.9904
vn 0.4803 0.1825 0.8579
vn 0.6099 0.1601 0.7762
vn 0.3885 0.3023 0.8705
vn 0.7461 -0.0303 0.6651
vn 0.9025 -0.0807 0.4231
vn -0.9213 -0.0198 0.3884
vn -0.8999 0.0033 0.4361
vn -0.8992 0.1419 0.4139
vn -0.9555 -0.0842 0.2828
vn -0.9687 -0.1646 0.1860
vn -0.9392 -0.2120 -0.2702
vn -0.9831 -0.1822 -0.0177
vn -0.9681 -0.0532 -0.2449
vn -0.8348 -0.0843 -0.5440
vn -0.8587 -0.0121 -0.5124
vn -0.7449 0.0517 -0.6652
vn -0.4364 0.1405 -0.8887
vn -0.7287 0.1979 -0.6557
vn -0.0897 0.2344 -0.9680
vn -0.1939 0.1618 -0.9676
vn 0.1462 0.1959 -0.9697
vn -0.0856 0.2262 -0.9703
vn -0.1272 0.1729 -0.9767
vn -0.0419 0.0813 -0.9958
vn 0.1339 0.0768 -0.9880
vn 0.1913 0.0459 -0.9805
vn -0.0073 -0.0284 -0.9996
vn -0.0264 -0.1010 -0.9945
vn -0.6836 -0.0970 0.7234
vn -0.5504 0.1607 0.8193
vn -0.7789 -0.1037 0.6186
vn -0.7261 0.1035 0.6797
vn -0.8288 0.0414 0.5580
vn 0.8820 0.0274 0.4704
vn 0.7335 0.0736 0.6757
vn 0.6228 0.2343 0.7465
vn 0.5187 0.2697 0.8113
vn 0.7349 0.2201 0.6415
vn 0.9061 0.1557 0.3934
vn 0.9127 0.1777 0.3681
vn 0.9956 -0.0721 0.0599
vn 0.1758 -0.0616 -0.9825
vn 0.0243 -0.1499 -0.9884
vn 0.9928 0.0481 0.1098
vn 0.9895 0.0253 -0.1425
vn 0.9825 0.0657 0.1745
vn 0.9788 0.0891 0.1845
vn 0.9555 0.2010 -0.2160
vn 0.7360 0.2577 -0.6260
vn 0.5254 0.5111 -0.6802
vn 0.7299 0.3752 -0.5713
vn 0.7028 0.5831 -0.4075
vn 0.5314 0.4258 -0.7323
vn 0.3601 0.3143 -0.8784
vn 0.4095 -0.0729 -0.9094
vn 0.5589 0.0366 -0.8284
vn 0.6572 0.1652 -0.7354
vn 0.2580 0.3116 0.9145
vn -0.3452 0.3112 0.8854
vn -0.1586 0.1845 0.9699
vn -0.2451 0.0886 0.9654
vn -0.2551 0.0351 0.9663
vn 0.4921 0.2488 0.8342
vn 0.5265 0.1146 0.8424
vn 0.1250 0.0198 0.9920
vn 0.4088 0.0688 0.9100
vn -0.0445 0.1037 0.9936
vn -0.2249 0.0880 0.9704
vn -0.1530 0.1084 0.9823
vn -0.2491 0.0702 0.9659
vn 0.3750 0.3432 0.8612
vn -0.9002 0.0990 0.4241
vn -0.8244 0.2531 0.5062
vn -0.8586 0.2011 0.4715
vn -0.7529 0.1013 0.6503
vn -0.6639 0.2182 0.7153
vn -0.6452 0.3344 0.6869
vn -0.9720 0.0234 0.2338
vn -0.9995 -0.0176 0.0250
vn -0.9771 0.0300 -0.2109
vn -0.9042 0.1661 -0.3934
vn -0.9738 0.1215 -0.1923
vn -0.4492 0.4034 -0.7971
vn -0.2682 0.3324 -0.9042
vn -0.7592 0.3395 -0.5554
vn -0.9162 0.2779 -0.2888
vn -0.2393 0.3691 -0.8981
vn -0.2829 0.2616 -0.9228
vn -0.1367 0.4213 -0.8966
vn -0.1251 0.0730 -0.9895
vn 0.0065 0.1750 -0.9845
vn -0.3202 -0.1047 -0.9416
vn -0.0919 -0.1967 -0.9762
vn -0.0426 -0.2231 -0.9739
vn -0.1752 -0.1905 -0.9659
vn -0.5770 0.2074 0.7899
vn 0.3899 0.3146 0.8654
vn 0.3307 0.3465 0.8778
vn 0.6688 0.2998 0.6804
vn 0.7017 0.3141 0.6395
vn 0.5902 0.3664 0.7193
vn 0.9176 0.1341 0.3743
vn 0.7007 0.2214 0.6782
vn 0.1351 -0.1602 -0.9778
vn 0.0553 -0.1699 -0.9839
vn 0.8469 0.1265 0.5165
vn 0.8158 0.1109 0.5676
vn 0.9646 0.2136 0.1544
vn 0.7984 0.2165 0.5619
vn 0.9231 0.3771 -0.0752
vn 0.8531 0.3332 -0.4015
vn 0.8752 0.4534 -0.1687
vn 0.8035 0.5172 0.2950
vn 0.7519 0.6060 -0.2598
vn 0.7510 0.4869 -0.4460
vn 0.6573 -0.0434 -0.7524
vn 0.3620 -0.1574 -0.9188
vn 0.6890 -0.1451 -0.7101
vn 0.8593 0.2409 -0.4511
vn 0.7435 0.0199 -0.6684
vn 0.3640 0.3083 0.8789
vn -0.4910 0.2812 0.8246
vn -0.4388 0.3295 0.8360
vn -0.3443 0.1812 0.9212
vn -0.4180 0.0825 0.9047
vn 0.5353 0.1882 0.8234
vn 0.6729 0.0905 0.7342
vn -0.0123 0.1056 0.9943
vn 0.0723 0.1063 0.9917
vn 0.2390 0.0862 0.9672
vn 0.4908 0.0565 0.8694
vn -0.0410 0.1156 0.9924
vn -0.3900 0.0777 0.9175
vn -0.3903 0.0734 0.9177
vn -0.1776 0.1005 0.9790
vn -0.2935 0.0464 0.9548
vn -0.2775 0.1069 0.9548
vn -0.0561 0.1227 0.9909
vn -0.4317 0.0456 0.9009
vn -0.9822 0.0868 0.1663
vn -0.8015 0.2478 0.5442
vn -0.8456 0.2396 0.4771
vn -0.7025 0.3363 0.6272
vn -0.5132 0.3435 0.7865
vn -0.9692 0.2399 -0.0561
vn -0.9761 0.1824 0.1180
vn -0.3078 0.6630 -0.6824
vn -0.6826 0.5627 -0.4663
vn -0.8603 0.1538 -0.4861
vn -0.9457 0.3127 0.0891
vn -0.8829 0.4047 0.2382
vn -0.8728 0.4842 -0.0610
vn -0.5610 0.2184 -0.7985
vn -0.3032 0.4008 -0.8645
vn -0.4562 0.0496 -0.8885
vn -0.4268 -0.1937 -0.8833
vn -0.6037 -0.1684 -0.7792
vn -0.6496 -0.1179 -0.7511
vn -0.1672 -0.2741 -0.9470
vn -0.1715 -0.2163 -0.9612
vn -0.0265 -0.2613 -0.9649
vn -0.2724 -0.2163 -0.9375
vn 0.4009 0.2739 0.8742
vn 0.6106 0.2170 0.7616
vn 0.6966 0.1809 0.6942
vn 0.7299 0.1948 0.6552
vn 0.1440 -0.1948 -0.9702
vn 0.7983 0.3842 0.4638
vn 0.6597 0.3438 0.6683
vn 0.8123 0.5753 -0.0960
vn 0.8330 0.4249 0.3544
vn 0.7216 0.3364 0.6051
vn 0.8891 0.4450 -0.1072
vn 0.1527 -0.2269 -0.9619
vn 0.2377 -0.2160 -0.9470
vn 0.3882 -0.2700 -0.8811
vn 0.7689 -0.1702 -0.6162
vn 0.5117 -0.3101 -0.8012
vn 0.7925 -0.2421 -0.5597
vn 0.9839 0.1194 -0.1332
vn 0.9643 0.0324 -0.2629
vn 0.9576 0.2503 -0.1424
vn 0.8560 -0.1466 -0.4957
vn -0.7406 0.2351 0.6295
vn -0.5466 0.1624 0.8215
vn -0.7649 0.0995 0.6365
vn -0.6880 0.0573 0.7234
vn 0.7445 0.0889 0.6616
vn 0.2175 0.1303 0.9673
vn 0.0684 0.1630 0.9843
vn 0.4082 0.1045 0.9069
vn 0.6255 0.0398 0.7792
vn -0.1306 0.1029 0.9861
vn -0.6241 0.0343 0.7806
vn -0.5090 0.0834 0.8567
vn -0.5979 0.0184 0.8014
vn -0.2971 0.0498 0.9536
vn -0.0665 0.0918 0.9936
vn -0.5268 0.0347 0.8493
vn 0.2115 0.0953 0.9727
vn -0.7025 0.3328 0.6291
vn -0.6500 0.3838 0.6558
vn -0.8545 0.3338 0.3980
vn -0.7350 0.4555 0.5023
vn -0.8543 0.2342 0.4640
vn -0.6077 0.7431 -0.2803
vn -0.4950 0.6206 -0.6081
vn -0.4894 0.8285 -0.2722
vn -0.6645 0.7217 0.1942
vn -0.6833 0.4867 0.5443
vn -0.6910 0.5501 0.4690
vn -0.6754 0.3587 -0.6444
vn -0.6352 0.0064 -0.7724
vn -0.8169 0.0633 -0.5733
vn -0.5676 -0.2264 -0.7916
vn -0.3959 -0.2246 -0.8904
vn -0.0867 -0.1127 -0.9898
vn -0.6546 -0.1909 -0.7315
vn -0.7052 -0.1755 -0.6870
vn -0.1308 -0.2960 -0.9462
vn -0.2708 -0.2360 -0.9333
vn -0.3980 -0.2483 -0.8831
vn -0.3129 -0.3071 -0.8987
vn 0.1063 -0.1537 -0.9824
vn 0.1524 -0.2819 -0.9473
vn 0.8079 0.2328 0.5415
vn 0.9589 0.2822 0.0316
vn 0.9365 0.2287 0.2657
vn 0.2854 -0.2923 -0.9128
vn 0.8934 -0.2077 -0.3983
vn 0.5440 -0.3359 -0.7689
vn 0.6993 -0.3792 -0.6059
vn 0.8819 -0.3044 -0.3599
vn 0.9811 0.1234 0.1490
vn 0.9882 -0.0325 -0.1496
vn 0.9991 0.0026 0.0414
vn -0.8680 0.1045 0.4854
vn -0.7690 0.0119 0.6391
vn 0.6298 0.0720 0.7734
vn 0.8541 0.0960 0.5112
vn 0.3894 0.0722 0.9182
vn -0.7478 -0.0497 0.6621
vn -0.9108 -0.0743 0.4060
vn -0.6993 0.0122 0.7147
vn -0.1363 0.0708 0.9881
vn -0.3801 0.0409 0.9241
vn 0.0478 0.1038 0.9934
vn -0.7695 -0.0247 0.6382
vn -0.5110 0.0442 0.8584
vn 0.3345 0.1034 0.9367
vn 0.1848 0.1057 0.9771
vn 0.0236 0.0811 0.9964
vn -0.6111 0.4841 0.6262
vn -0.8348 0.3823 0.3961
vn -0.6813 0.6845 0.2593
vn -0.8787 0.4702 0.0823
vn -0.9041 0.1000 0.4154
vn -0.9608 0.2016 0.1905
vn -0.8078 0.4879 -0.3308
vn -0.8795 0.0024 -0.4759
vn -0.9332 -0.0402 -0.3572
vn -0.9169 0.2155 -0.3360
vn -0.9252 -0.1498 -0.3487
vn -0.4109 -0.3142 -0.8558
vn -0.6595 -0.3115 -0.6842
vn -0.7606 -0.3022 -0.5745
vn -0.8431 -0.3126 -0.4376
vn -0.2719 -0.2752 -0.9221
vn -0.0778 -0.2142 -0.9737
vn 0.0729 -0.2919 -0.9537
vn -0.5247 -0.3535 -0.7744
vn -0.4876 -0.3474 -0.8010
vn 0.9363 0.0331 0.3496
vn 0.8881 0.0798 0.4526
vn 0.0612 -0.2435 -0.9680
vn 0.1828 -0.2350 -0.9546
vn 0.3831 -0.3238 -0.8651
vn 0.9741 -0.2060 -0.0935
vn 0.9493 -0.3144 -0.0040
vn 0.7782 -0.4283 -0.4593
vn 0.6357 -0.3952 -0.6631
vn 0.8918 -0.3612 -0.2723
vn 0.9415 0.0997 0.3220
vn 0.9899 -0.0674 0.1246
vn 0.9550 0.0074 0.2966
vn 0.9605 0.0361 0.2760
vn 0.9797 0.0001 0.2006
vn -0.9550 -0.0164 0.2962
vn 0.7698 0.0010 0.6382
vn 0.5028 0.0801 0.8607
vn 0.8881 0.0593 0.4559
vn -0.9865 -0.0666 0.1494
vn -0.9240 -0.1065 0.3672
vn -0.1472 0.0281 0.9887
vn -0.7006 -0.0058 0.7136
vn -0.8802 -0.0762 0.4684
vn -0.3140 -0.0070 0.9494
vn -0.8019 -0.0453 0.5958
vn -0.6077 -0.0383 0.7933
vn 0.3918 0.1140 0.9130
vn 0.1241 0.0481 0.9911
vn -0.9687 0.2461 -0.0306
vn -0.9865 0.0609 0.1519
vn -0.9898 -0.0468 -0.1344
vn -0.9878 -0.0565 -0.1453
vn -0.9280 -0.2800 -0.2459
vn -0.9781 -0.1381 0.1558
vn -0.7037 -0.2996 -0.6443
vn -0.7241 -0.4265 -0.5420
vn -0.8713 -0.3586 -0.3350
vn -0.1769 -0.2150 -0.9605
vn -0.3124 -0.2679 -0.9114
vn -0.1483 -0.1998 -0.9686
vn -0.0335 -0.1825 -0.9826
vn 0.0712 -0.1918 -0.9788
vn -0.7119 -0.4086 -0.5711
vn -0.4382 -0.3638 -0.8220
vn 0.3572 -0.2960 -0.8859
vn 0.1915 -0.1948 -0.9620
vn 0.2615 -0.2114 -0.9418
vn 0.9822 -0.1824 -0.0454
vn 0.9510 -0.2267 0.2102
vn 0.8799 -0.4442 -0.1690
vn 0.9320 -0.3118 0.1848
vn 0.5674 -0.3417 -0.7492
vn 0.7545 -0.4228 -0.5020
vn 0.9025 -0.1139 0.4154
vn 0.9260 -0.2012 0.3195
vn 0.9053 0.0232 0.4241
vn 0.7971 -0.0330 0.6029
vn 0.7609 0.0585 0.6463
vn 0.5529 0.0917 0.8282
vn -0.9963 -0.0860 0.0092
vn -0.0142 0.0083 0.9999
vn -0.0864 -0.0173 0.9961
vn -0.9263 -0.0957 0.3644
vn -0.4018 -0.0394 0.9149
vn -0.8154 -0.1431 0.5609
vn -0.9308 -0.1946 0.3096
vn -0.7801 -0.1408 0.6096
vn -0.2586 -0.1023 0.9605
vn -0.4648 -0.1195 0.8773
vn -0.5621 -0.1640 0.8106
vn -0.7077 -0.1335 0.6938
vn 0.2395 0.0169 0.9708
vn 0.6091 0.0167 0.7929
vn 0.0914 -0.0206 0.9956
vn -0.9774 -0.1917 0.0896
vn -0.9554 -0.2849 -0.0773
vn -0.8629 -0.4130 -0.2911
vn -0.9327 -0.3341 -0.1357
vn -0.2209 -0.2533 -0.9419
vn -0.3991 -0.2789 -0.8735
vn -0.1402 -0.2298 -0.9631
vn -0.0727 -0.1786 -0.9812
vn -0.2108 -0.2088 -0.9550
vn -0.0059 -0.1668 -0.9860
vn -0.0364 -0.1268 -0.9913
vn 0.0698 -0.1849 -0.9803
vn 0.2403 -0.1222 -0.9630
vn -0.6949 -0.4155 -0.5869
vn -0.5289 -0.4221 -0.7363
vn 0.4848 -0.2697 -0.8320
vn 0.3792 -0.2340 -0.8952
vn 0.1544 -0.1878 -0.9700
vn 0.3474 -0.1890 -0.9185
vn 0.1355 -0.1931 -0.9718
vn 0.8419 -0.2099 0.4972
vn 0.8138 -0.2847 0.5067
vn 0.8121 -0.5833 0.0186
vn 0.8641 -0.4792 -0.1541
vn 0.8138 -0.4590 -0.3564
vn 0.7113 -0.3806 -0.5910
vn 0.8735 -0.4351 0.2186
vn 0.6551 -0.2570 0.7105
vn 0.6283 -0.0800 0.7738
vn 0.0768 -0.1135 0.9906
vn -0.1306 -0.0687 0.9891
vn -0.6842 -0.1027 0.7220
vn -0.7702 -0.2675 0.5790
vn -0.8778 -0.3271 0.3499
vn -0.9582 -0.2720 0.0890
vn -0.0433 -0.1670 0.9850
vn -0.1580 -0.1918 0.9686
vn -0.3470 -0.2113 0.9138
vn -0.4414 -0.2842 0.8511
vn -0.5068 -0.2820 0.8146
vn -0.6475 -0.1963 0.7363
vn 0.4030 -0.0272 0.9148
vn 0.2752 -0.0130 0.9613
vn 0.4906 -0.0531 0.8697
vn 0.2961 -0.0702 0.9526
vn -0.9359 -0.3515 -0.0216
vn -0.9097 -0.3988 -0.1160
vn -0.7585 -0.4675 -0.4541
vn -0.8956 -0.4329 -0.1022
vn -0.4021 -0.2693 -0.8751
vn -0.2995 -0.2286 -0.9263
vn 0.0598 -0.1777 -0.9823
vn -0.5227 -0.2899 -0.8017
vn -0.1925 -0.2282 -0.9544
vn -0.1561 -0.1375 -0.9781
vn -0.2947 -0.2306 -0.9273
vn -0.3477 -0.1652 -0.9230
vn 0.0096 -0.1851 -0.9827
vn -0.0302 -0.0425 -0.9986
vn -0.1694 0.0224 -0.9853
vn 0.0514 -0.1512 -0.9872
vn -0.6408 -0.3610 -0.6775
vn 0.5350 -0.2407 -0.8099
vn 0.3119 -0.2121 -0.9261
vn 0.1485 -0.1275 -0.9807
vn 0.7741 -0.4396 0.4556
vn 0.7580 -0.5927 0.2722
vn 0.7346 -0.6663 0.1279
vn 0.7753 -0.5786 -0.2533
vn 0.7263 -0.6784 -0.1108
vn 0.8066 -0.4940 -0.3246
vn 0.6311 -0.3677 -0.6830
vn 0.4694 -0.1662 0.8672
vn 0.6819 -0.5348 0.4990
vn 0.5951 -0.5058 0.6245
vn 0.5531 -0.4285 0.7145
vn 0.4567 -0.4064 0.7914
vn 0.0437 -0.1637 0.9855
vn -0.8472 -0.4423 0.2942
vn -0.8574 -0.3801 0.3469
vn -0.7221 -0.3962 0.5671
vn -0.0352 -0.1887 0.9814
vn -0.2790 -0.2507 0.9270
vn -0.0968 -0.2918 0.9516
vn -0.3061 -0.4814 0.8213
vn -0.4463 -0.4167 0.7919
vn -0.4169 -0.3479 0.8398
vn -0.5501 -0.3681 0.7496
vn -0.2920 -0.4742 0.8306
vn -0.3951 -0.4839 0.7809
vn -0.6578 -0.4553 0.6000
vn 0.3092 -0.1103 0.9446
vn -0.8271 -0.4855 0.2832
vn -0.8431 -0.5209 -0.1339
vn -0.8446 -0.5323 -0.0576
vn -0.8008 -0.5425 0.2539
vn -0.7840 -0.5816 -0.2171
vn -0.5199 -0.4233 -0.7419
vn -0.6620 -0.5320 -0.5279
vn -0.4560 -0.3149 -0.8324
vn -0.3556 -0.2522 -0.9000
vn 0.0466 -0.1599 -0.9860
vn -0.5523 -0.4289 -0.7148
vn -0.3459 -0.0395 -0.9374
vn -0.4946 -0.2803 -0.8227
vn -0.4376 -0.1118 -0.8922
vn 0.1098 0.0756 -0.9911
vn -0.0876 0.1169 -0.9893
vn -0.0918 0.0887 -0.9918
vn 0.0109 0.2016 -0.9794
vn -0.1317 0.1769 -0.9754
vn -0.2061 0.2154 -0.9545
vn 0.6271 -0.4051 -0.6653
vn 0.6386 -0.2688 -0.7211
vn 0.6763 -0.4364 -0.5935
vn 0.6419 -0.0892 -0.7616
vn 0.7020 -0.2011 -0.6832
vn 0.3712 -0.1071 -0.9223
vn 0.2807 0.0558 -0.9582
vn 0.7353 -0.6302 -0.2493
vn 0.8570 -0.4903 -0.1584
vn 0.8422 -0.5258 0.1198
vn 0.7113 -0.6261 0.3196
vn 0.7645 -0.5756 -0.2904
vn 0.5946 -0.6089 0.5251
vn 0.6504 -0.5325 0.5417
vn 0.4981 -0.5173 0.6959
vn 0.4121 -0.4746 0.7778
vn 0.4484 -0.4050 0.7968
vn 0.4245 -0.4523 0.7844
vn 0.4516 -0.3334 0.8276
vn 0.1671 -0.2318 0.9583
vn 0.1070 -0.2617 0.9592
vn -0.2048 -0.3838 0.9004
vn -0.0868 -0.3499 0.9328
vn 0.0606 -0.3536 0.9335
vn -0.2566 -0.6129 0.7473
vn -0.2443 -0.4923 0.8354
vn -0.2633 -0.5879 0.7649
vn -0.3311 -0.4871 0.8082
vn -0.5487 -0.5619 0.6190
vn -0.3151 -0.4997 0.8069
vn -0.3963 -0.5235 0.7543
vn -0.2604 -0.5388 0.8012
vn -0.3516 -0.5153 0.7816
vn -0.4423 -0.6356 0.6328
vn -0.7246 -0.6089 0.3227
vn 0.3545 -0.3217 0.8780
vn -0.7032 -0.6632 -0.2563
vn -0.6769 -0.7276 0.1117
vn -0.6658 -0.5012 -0.5527
vn -0.5803 -0.3151 -0.7510
vn -0.3132 0.0943 -0.9450
vn -0.5505 -0.1661 -0.8182
vn -0.5283 -0.0066 -0.8490
vn 0.2271 0.2105 -0.9508
vn -0.1435 0.1868 -0.9719
vn -0.1471 0.1820 -0.9722
vn -0.0931 0.2576 -0.9618
vn -0.1195 0.2572 -0.9590
vn 0.1791 0.3475 -0.9204
vn 0.0037 0.3019 -0.9533
vn -0.2081 0.2752 -0.9386
vn -0.1720 0.2509 -0.9526
vn 0.7455 -0.3683 -0.5555
vn 0.8067 -0.1048 -0.5816
vn 0.8010 0.0602 -0.5956
vn 0.7501 0.2251 -0.6218
vn 0.6564 0.2194 -0.7219
vn 0.5888 0.0272 -0.8078
vn 0.4490 -0.0120 -0.8935
vn 0.8724 -0.2525 -0.4186
vn 0.8167 -0.4100 -0.4060
vn 0.4106 0.2115 -0.8869
vn 0.9421 -0.2859 -0.1752
vn 0.9320 -0.3623 0.0051
vn 0.8717 -0.4344 0.2268
vn 0.6550 -0.6277 0.4207
vn 0.6619 -0.4437 0.6041
vn 0.8036 -0.4426 0.3979
vn 0.8767 -0.2579 0.4061
vn 0.5326 -0.3764 0.7581
vn 0.4933 -0.3273 0.8060
vn 0.4983 -0.3444 0.7956
vn 0.3094 -0.3492 0.8845
vn 0.5511 -0.2576 0.7937
vn 0.6122 -0.1649 0.7733
vn 0.4035 -0.1728 0.8985
vn 0.5938 -0.0924 0.7993
vn 0.2627 -0.3476 0.9001
vn -0.0930 -0.2275 0.9693
vn -0.2376 -0.2206 0.9460
vn -0.2107 -0.4715 0.8563
vn -0.0269 -0.2929 0.9558
vn 0.2223 -0.3793 0.8981
vn 0.2124 -0.2292 0.9499
vn 0.1814 -0.3970 0.8997
vn 0.0090 -0.2624 0.9649
vn -0.3142 -0.4065 0.8579
vn -0.1724 -0.4003 0.9000
vn -0.3297 -0.3721 0.8676
vn -0.3080 -0.3864 0.8694
vn -0.4343 -0.3010 0.8490
vn -0.6477 -0.5993 0.4705
vn -0.6856 -0.4041 0.6055
vn -0.6527 -0.6373 0.4097
vn -0.5353 -0.2418 0.8093
vn -0.4145 -0.3737 0.8298
vn -0.5822 -0.4980 0.6427
vn -0.6755 -0.4060 0.6155
vn -0.4589 -0.4214 0.7822
vn -0.5130 -0.2404 0.8241
vn -0.5877 -0.6651 0.4607
vn -0.6368 -0.5287 0.5612
vn -0.6964 -0.5436 0.4685
vn -0.7159 -0.6980 -0.0152
vn -0.7543 -0.6313 0.1803
vn -0.7313 -0.5656 -0.3811
vn -0.6589 -0.3993 -0.6375
vn -0.6765 -0.2556 -0.6907
vn -0.4064 0.1252 -0.9051
vn -0.3255 0.2342 -0.9161
vn -0.2203 0.2465 -0.9438
vn -0.6869 -0.0418 -0.7255
vn -0.5686 0.1757 -0.8036
vn 0.2772 0.2818 -0.9186
vn -0.1550 0.2151 -0.9642
vn -0.1608 0.2474 -0.9555
vn -0.1644 0.2083 -0.9641
vn -0.1509 0.1819 -0.9717
vn 0.1169 0.3683 -0.9223
vn 0.2944 0.5174 -0.8035
vn 0.3525 0.4620 -0.8138
vn -0.0567 0.2571 -0.9647
vn -0.2461 0.3200 -0.9149
vn -0.2265 0.2017 -0.9529
vn 0.9285 -0.0531 -0.3674
vn 0.9043 0.1274 -0.4074
vn 0.8312 0.3242 -0.4517
vn 0.7205 0.4445 -0.5323
vn 0.5830 0.5188 -0.6252
vn 0.4541 0.4131 -0.7894
vn 0.9701 -0.1776 0.1655
vn 0.9992 0.0114 0.0376
vn 0.7291 -0.3096 0.6104
vn 0.8833 -0.0145 0.4686
vn 0.7408 -0.0724 0.6678
vn 0.6516 -0.1123 0.7503
vn 0.5892 -0.1389 0.7960
vn 0.5944 -0.2198 0.7735
vn 0.6286 -0.1884 0.7546
vn 0.7283 0.0027 0.6852
vn 0.5242 0.0777 0.8480
vn 0.3732 0.0066 0.9277
vn 0.7348 0.1787 0.6543
vn 0.6294 0.1283 0.7664
vn -0.2562 0.0156 0.9665
vn -0.0483 -0.0401 0.9980
vn 0.1124 -0.1334 0.9847
vn -0.2821 -0.3241 0.9030
vn -0.3790 -0.1632 0.9109
vn -0.3887 0.0648 0.9191
vn -0.5937 -0.2206 0.7739
vn -0.4020 -0.2479 0.8814
vn -0.5061 -0.2045 0.8379
vn -0.3622 -0.3115 0.8785
vn -0.6787 -0.0412 0.7332
vn -0.7214 -0.6286 0.2904
vn -0.7662 -0.6402 0.0557
vn -0.7708 -0.6337 0.0652
vn -0.7345 -0.2311 0.6380
vn -0.6413 0.0022 0.7673
vn -0.6295 -0.1383 0.7646
vn -0.8106 -0.3949 0.4324
vn -0.8289 -0.2144 0.5167
vn -0.5940 -0.2034 0.7783
vn -0.8348 -0.5159 0.1921
vn -0.9246 -0.3171 0.2111
vn -0.7923 -0.5926 -0.1452
vn -0.8126 -0.5558 -0.1753
vn -0.7787 -0.4828 -0.4006
vn -0.7580 -0.4089 -0.5082
vn -0.8517 -0.3338 -0.4041
vn -0.8346 -0.2072 -0.5103
vn -0.3883 0.3252 -0.8622
vn -0.4810 0.3236 -0.8148
vn -0.3859 0.3589 -0.8499
vn -0.3155 0.3709 -0.8734
vn -0.8514 -0.0581 -0.5213
vn -0.7603 0.1560 -0.6306
vn -0.6517 0.3469 -0.6745
vn -0.2134 0.3469 -0.9133
vn -0.1276 0.2605 -0.9570
vn 0.2181 0.5542 -0.8033
vn 0.0658 0.4063 -0.9114
vn 0.4009 0.6353 -0.6601
vn 0.2712 0.6898 -0.6713
vn 0.3232 0.7917 -0.5184
vn 0.4796 0.6102 -0.6305
vn 0.4590 0.6518 -0.6038
vn -0.0414 0.4504 -0.8919
vn -0.0003 0.4464 -0.8949
vn -0.2712 0.3670 -0.8898
vn -0.2486 0.3705 -0.8950
vn -0.2537 0.5752 -0.7777
vn -0.2589 0.5573 -0.7889
vn 0.9781 0.1631 -0.1295
vn 0.8839 0.3870 -0.2625
vn 0.7368 0.6440 -0.2058
vn 0.6909 0.5719 -0.4422
vn 0.5330 0.6813 -0.5018
vn 0.9223 0.2180 0.3191
vn 0.8003 0.2105 0.5615
vn 0.7947 0.2072 0.5706
vn 0.7104 -0.1032 0.6961
vn 0.7951 0.2551 0.5502
vn 0.5456 0.3730 0.7505
vn 0.5379 0.3499 0.7670
vn 0.4952 0.2804 0.8223
vn 0.4361 0.2305 0.8699
vn 0.2794 0.1279 0.9516
vn 0.6287 0.3719 0.6830
vn 0.7789 0.4620 0.4241
vn 0.6878 0.5371 0.4883
vn -0.1671 0.1286 0.9775
vn -0.3116 0.2148 0.9256
vn -0.4463 0.2597 0.8564
vn -0.4247 0.3210 0.8465
vn -0.0603 0.1330 0.9893
vn 0.0067 0.1288 0.9917
vn 0.0968 0.0423 0.9944
vn -0.4327 -0.1337 0.8916
vn -0.4693 0.1024 0.8771
vn -0.6482 -0.1293 0.7504
vn -0.4860 -0.0760 0.8706
vn -0.5298 -0.0194 0.8479
vn -0.6676 0.0523 0.7426
vn -0.7734 0.1768 0.6087
vn -0.7263 0.0600 0.6847
vn -0.8201 -0.5089 -0.2618
vn -0.9012 -0.4141 -0.1281
vn -0.8843 -0.0594 0.4632
vn -0.7949 0.0538 0.6043
vn -0.6859 0.1202 0.7177
vn -0.7586 0.2459 0.6034
vn -0.9115 -0.1659 0.3764
vn -0.9768 -0.2040 0.0656
vn -0.9422 -0.2309 -0.2429
vn -0.9557 -0.0172 -0.2938
vn -0.4472 0.4911 -0.7475
vn -0.4453 0.4698 -0.7623
vn -0.5544 0.5584 -0.6172
vn -0.5526 0.4814 -0.6803
vn -0.4702 0.5058 -0.7232
vn -0.5574 0.5839 -0.5902
vn -0.4837 0.6147 -0.6231
vn -0.3406 0.6212 -0.7057
vn -0.8929 0.1686 -0.4175
vn -0.9619 0.2132 -0.1710
vn -0.8281 0.4126 -0.3794
vn -0.7112 0.6750 -0.1965
vn -0.0368 0.7008 -0.7124
vn -0.2404 0.5445 -0.8036
vn 0.2593 0.8969 -0.3584
vn 0.2001 0.8125 -0.5475
vn 0.1191 0.6475 -0.7527
vn 0.4980 0.8284 -0.2564
vn 0.5183 0.7820 -0.3460
vn 0.4096 0.8580 -0.3098
vn 0.3060 0.9390 -0.1569
vn 0.3403 0.9385 0.0588
vn 0.5244 0.6992 -0.4859
vn 0.4989 0.7801 -0.3777
vn 0.0661 0.6448 -0.7615
vn -0.2630 0.7973 -0.5433
vn -0.3450 0.8514 -0.3950
vn -0.3088 0.7747 -0.5518
vn 0.9212 0.3885 0.0213
vn 0.9748 0.2037 0.0912
vn 0.7823 0.6228 0.0098
vn 0.5802 0.7364 -0.3480
vn 0.5317 0.8337 -0.1489
vn 0.8624 0.4070 0.3011
vn 0.8235 0.4270 0.3735
vn 0.8038 0.4829 0.3473
vn 0.7695 0.5176 0.3741
vn 0.5318 0.6694 0.5187
vn 0.5575 0.5515 0.6205
vn 0.5572 0.5041 0.6598
vn 0.5154 0.3943 0.7609
vn 0.5509 0.5338 0.6416
vn 0.4705 0.4400 0.7649
vn 0.3869 0.3755 0.8422
vn 0.1591 0.2268 0.9608
vn 0.4754 0.8393 0.2638
vn 0.5486 0.8194 0.1662
vn -0.1759 0.3310 0.9271
vn -0.3452 0.3634 0.8653
vn -0.4967 0.4259 0.7563
vn -0.5799 0.3287 0.7454
vn -0.5949 0.4532 0.6639
vn -0.6702 0.4788 0.5671
vn -0.0864 0.3058 0.9482
vn -0.1476 0.3272 0.9334
vn -0.1189 0.3049 0.9449
vn 0.0554 0.1986 0.9785
vn 0.0676 0.3055 0.9498
vn -0.0020 0.3199 0.9475
vn -0.5413 0.1708 0.8233
vn -0.6511 0.2822 0.7046
vn -0.7563 0.4136 0.5068
vn -0.7406 0.5801 0.3391
vn -0.7790 0.3720 0.5047
vn -0.9441 0.0916 0.3168
vn -0.8993 0.0957 0.4268
vn -0.8551 0.3156 0.4113
vn -0.9993 0.0225 0.0303
vn -0.5910 0.6453 -0.4840
vn -0.5857 0.7317 -0.3487
vn -0.5977 0.6353 -0.4891
vn -0.6783 0.6698 -0.3021
vn -0.5371 0.7845 -0.3098
vn -0.5492 0.8323 -0.0751
vn -0.4532 0.8911 -0.0223
vn -0.4099 0.8442 -0.3454
vn -0.3476 0.9352 -0.0679
vn -0.9364 0.3471 -0.0524
vn -0.9535 0.2871 0.0921
vn -0.8506 0.5259 -0.0030
vn -0.2184 0.7388 -0.6376
vn 0.0625 0.9980 0.0040
vn 0.0939 0.9040 -0.4171
vn -0.0919 0.9485 -0.3030
vn 0.2532 0.9467 0.1990
vn 0.2321 0.9727 0.0049
vn 0.2864 0.8465 -0.4489
vn 0.1725 0.8422 -0.5108
vn 0.3869 0.9220 0.0126
vn 0.4459 0.8916 0.0788
vn 0.4693 0.8828 -0.0234
vn 0.5351 0.8375 -0.1102
vn 0.4014 0.8821 0.2466
vn 0.2571 0.8922 0.3712
vn 0.2834 0.8728 0.3974
vn 0.4126 0.9106 -0.0214
vn 0.3446 0.9337 -0.0971
vn -0.2269 0.9414 -0.2496
vn -0.2444 0.9127 -0.3275
vn -0.3048 0.9348 -0.1825
vn -0.2674 0.9491 0.1666
vn -0.3400 0.9394 0.0438
vn -0.2660 0.9623 0.0577
vn -0.2964 0.9249 -0.2380
vn 0.8245 0.5330 0.1901
vn 0.6694 0.7349 0.1093
vn 0.3809 0.9227 0.0598
vn 0.7581 0.6055 0.2421
vn 0.7475 0.5804 0.3230
vn 0.6178 0.7728 0.1452
vn 0.7569 0.6038 0.2500
vn 0.5792 0.8007 0.1534
vn 0.4365 0.8638 0.2516
vn 0.4712 0.8579 0.2046
vn 0.5654 0.6676 0.4843
vn 0.4791 0.7306 0.4866
vn 0.5239 0.7965 0.3019
vn 0.4763 0.5649 0.6738
vn 0.3533 0.1915 0.9157
vn 0.4654 0.5812 0.6675
vn 0.1471 0.3759 0.9149
vn 0.2340 0.4443 0.8648
vn 0.3055 0.9511 -0.0453
vn 0.2972 0.9528 -0.0621
vn -0.1204 0.5805 0.8053
vn -0.3371 0.6957 0.6343
vn -0.4879 0.7296 0.4792
vn -0.6190 0.5011 0.6048
vn -0.6310 0.7018 0.3306
vn -0.6185 0.6963 0.3642
vn -0.8092 0.4403 0.3891
vn -0.0691 0.5207 0.8509
vn -0.1419 0.6455 0.7504
vn -0.2512 0.6349 0.7306
vn 0.1087 0.5648 0.8180
vn 0.0106 0.4604 0.8877
vn 0.0137 0.6280 0.7781
vn -0.6454 0.4564 0.6125
vn -0.7185 0.4623 0.5197
vn -0.6757 0.6734 0.2998
vn -0.5718 0.8204 0.0046
vn -0.5771 0.8131 0.0766
vn -0.5912 0.7738 0.2272
vn -0.8273 0.4372 0.3528
vn -0.7055 0.6414 0.3015
vn -0.9288 0.2808 0.2418
vn -0.5682 0.7950 -0.2124
vn -0.5343 0.8129 -0.2318
vn -0.5428 0.8254 -0.1552
vn -0.4687 0.8809 0.0659
vn -0.4216 0.8697 0.2566
vn -0.3357 0.9137 0.2291
vn -0.2911 0.8704 0.3971
vn -0.2522 0.8645 0.4348
vn -0.8447 0.4997 0.1919
vn -0.6890 0.7247 -0.0082
vn -0.1351 0.9860 0.0979
vn 0.1476 0.9434 0.2971
vn 0.0933 0.8172 0.5688
vn 0.0134 0.9158 0.4014
vn 0.1955 0.9766 -0.0893
vn 0.2085 0.7876 0.5799
vn 0.2025 0.8736 0.4425
vn 0.2206 0.9154 0.3368
vn 0.2669 0.9601 -0.0840
vn 0.2654 0.9333 -0.2420
vn 0.1985 0.9652 0.1700
vn 0.3803 0.8923 0.2433
vn 0.2638 0.9481 0.1775
vn 0.2405 0.9057 0.3490
vn 0.1900 0.9795 0.0668
vn -0.1628 0.9075 0.3872
vn -0.2532 0.9546 0.1568
vn -0.1819 0.9131 0.3650
vn -0.2665 0.9037 0.3352
vn -0.0875 0.8986 0.4299
vn 0.3508 0.9360 0.0280
vn 0.6196 0.7773 0.1095
vn 0.7165 0.6820 0.1466
vn 0.4898 0.8710 0.0378
vn 0.3869 0.9218 -0.0252
vn 0.3004 0.9458 -0.1233
vn 0.3644 0.9295 -0.0562
vn 0.4866 0.8568 0.1709
vn 0.4122 0.9108 0.0224
vn 0.5277 0.7558 0.3877
vn 0.3536 0.5338 0.7682
vn 0.4627 0.7085 0.5329
vn 0.2001 0.6620 0.7223
vn 0.3475 0.6771 0.6487
vn 0.1448 0.9500 -0.2767
vn 0.1786 0.9774 -0.1134
vn 0.1167 0.9851 -0.1263
vn -0.4249 0.7342 0.5296
vn -0.4063 0.9054 0.1232
vn -0.5018 0.8646 0.0254
vn -0.5830 0.7076 0.3992
vn -0.4988 0.8646 0.0607
vn -0.5882 0.8076 0.0415
vn -0.5864 0.8100 -0.0005
vn -0.1074 0.7198 0.6858
vn -0.0420 0.8083 0.5873
vn -0.2548 0.7743 0.5793
vn 0.2280 0.8490 0.4766
vn 0.1115 0.7561 0.6449
vn 0.0901 0.9233 0.3734
vn -0.7043 0.6091 0.3646
vn -0.6251 0.7529 0.2058
vn -0.4960 0.8678 0.0306
vn -0.3657 0.9275 -0.0770
vn -0.5254 0.8441 0.1075
vn -0.4511 0.8923 0.0160
vn -0.2171 0.9475 0.2347
vn -0.3727 0.9158 0.1496
vn -0.1082 0.8064 0.5813
vn 0.0055 0.8098 0.5867
vn 0.1899 0.8294 0.5254
vn -0.0235 0.7978 0.6025
vn 0.1716 0.8150 0.5534
vn 0.1251 0.8907 0.4371
vn 0.1001 0.7609 0.6411
vn 0.1557 0.7789 0.6075
vn 0.1686 0.9629 0.2108
vn 0.0714 0.9967 0.0379
vn -0.1240 0.8451 0.5200
vn 0.1674 0.9254 -0.3400
vn 0.2364 0.9382 -0.2526
vn 0.4874 0.8505 -0.1977
vn 0.4792 0.8399 0.2549
vn 0.2599 0.9409 -0.2173
vn 0.4151 0.8673 -0.2746
vn 0.4055 0.8357 0.3703
vn 0.4960 0.8669 0.0493
vn 0.2495 0.8906 0.3802
vn 0.2107 0.9736 0.0876
vn 0.3097 0.9493 0.0537
vn 0.1034 0.9946 -0.0077
vn 0.0679 0.9963 -0.0534
vn 0.0611 0.9442 -0.3236
vn -0.4166 0.8933 0.1690
vn -0.4357 0.8248 0.3604
vn -0.4498 0.8928 -0.0247
vn -0.3588 0.8826 -0.3039
vn -0.4105 0.8589 -0.3062
vn -0.5457 0.8328 0.0927
vn -0.3326 0.9319 -0.1446
vn -0.3646 0.8975 -0.2480
vn -0.0622 0.9291 0.3645
vn 0.0268 0.9964 0.0802
vn 0.0445 0.9919 -0.1190
vn -0.1764 0.9771 0.1191
vn -0.2967 0.9509 -0.0879
vn 0.2050 0.9305 0.3035
vn 0.1588 0.8760 0.4555
vn 0.2253 0.9596 0.1685
vn 0.1114 0.9243 -0.3650
vn -0.1931 0.9668 -0.1672
vn -0.1090 0.9931 -0.0438
vn -0.1555 0.9364 0.3145
vn -0.1277 0.9915 0.0232
vn -0.0281 0.8383 0.5445
vn 0.0786 0.9542 0.2885
vn 0.0858 0.9773 0.1939
vn 0.1135 0.9504 0.2895
vn 0.1444 0.9380 0.3152
vn 0.1787 0.8740 -0.4518
vn 0.0995 0.8692 -0.4843
vn 0.2835 0.8245 -0.4897
vn 0.3136 0.9091 -0.2741
vn 0.1871 0.9522 -0.2416
vn 0.2267 0.9698 -0.0894
vn 0.1294 0.8777 -0.4615
vn 0.2459 0.8855 -0.3942
vn 0.2005 0.8398 -0.5046
vn 0.0091 0.9999 -0.0074
vn 0.0888 0.8237 -0.5601
vn 0.0171 0.9576 -0.2874
vn -0.4125 0.8625 -0.2931
vn -0.2342 0.8096 -0.5383
vn -0.3179 0.8259 -0.4657
vn -0.2630 0.8499 -0.4566
vn -0.0918 0.9664 -0.2402
vn -0.0353 0.9216 -0.3865
vn 0.0946 0.7908 -0.6047
vn -0.0967 0.8456 -0.5251
vn 0.2593 0.9276 -0.2688
vn 0.2465 0.6707 -0.6995
vn 0.1119 0.7498 -0.6522
vn -0.0720 0.9933 -0.0904
vn -0.0640 0.9927 0.1020
vn -0.0290 0.9670 0.2531
vn 0.1348 0.7818 -0.6088
vn 0.1837 0.7097 -0.6802
vn 0.1265 0.7585 -0.6393
vn -0.0484 0.9620 -0.2688
vn 0.0191 0.8606 -0.5090
vn -0.0274 0.8443 -0.5352
vn -0.0846 0.7432 -0.6636
vn -0.1111 0.7849 -0.6096
vn -0.0205 0.9132 -0.4069
vn 0.0806 0.7437 -0.6637
s 1
f 1//1 2//2 3//3
f 1//1 3//3 4//4
f 5//5 2//2 1//1
f 1//1 6//6 7//7
f 1//1 7//7 5//5
f 1//1 4//4 8//8
f 6//6 1//1 8//8
f 9//9 3//3 2//2
f 10//10 2//2 11//11
f 2//2 5//5 11//11
f 2//2 10//10 9//9
f 4//4 3//3 12//12
f 12//12 3//3 9//9
f 12//12 13//13 4//4
f 14//14 8//8 4//4
f 15//15 14//14 4//4
f 15//15 4//4 13//13
f 16//16 11//11 5//5
f 7//7 17//17 5//5
f 18//18 16//16 5//5
f 5//5 17//17 18//18
f 6//6 19//19 7//7
f 6//6 20//20 21//21
f 19//19 6//6 21//21
f 8//8 20//20 6//6
f 7//7 19//19 17//17
f 8//8 14//14 22//22
f 22//22 20//20 8//8
f 9//9 10//10 23//23
f 23//23 24//24 9//9
f 25//25 12//12 9//9
f 9//9 24//24 25//25
f 11//11 26//26 10//10
f 10//10 26//26 27//27
f 27//27 23//23 10//10
f 11//11 16//16 26//26
f 28//28 12//12 29//29
f 29//29 12//12 25//25
f 13//13 12//12 28//28
f 30//30 15//15 13//13
f 28//28 30//30 13//13
f 31//31 22//22 14//14
f 31//31 14//14 15//15
f 32//32 31//31 15//15
f 30//30 33//33 15//15
f 32//32 15//15 33//33
f 26//26 16//16 34//34
f 16//16 18//18 35//35
f 35//35 34//34 16//16
f 36//36 17//17 19//19
f 17//17 37//37 18//18
f 17//17 36//36 37//37
f 18//18 38//38 39//39
f 37//37 38//38 18//18
f 18//18 39//39 35//35
f 19//19 21//21 40//40
f 41//41 42//42 19//19
f 36//36 19//19 42//42
f 40//40 41//41 19//19
f 43//43 21//21 20//20
f 43//43 20//20 44//44
f 20//20 45//45 44//44
f 20//20 22//22 46//46
f 45//45 20//20 47//47
f 46//46 47//47 20//20
f 43//43 48//48 21//21
f 21//21 48//48 40//40
f 46//46 22//22 31//31
f 49//49 24//24 23//23
f 23//23 27//27 50//50
f 49//49 23//23 51//51
f 51//51 23//23 50//50
f 52//52 24//24 49//49
f 53//53 25//25 24//24
f 24//24 52//52 53//53
f 29//29 25//25 54//54
f 54//54 25//25 53//53
f 26//26 34//34 27//27
f 27//27 55//55 56//56
f 56//56 57//57 27//27
f 57//57 50//50 27//27
f 55//55 27//27 34//34
f 28//28 29//29 54//54
f 33//33 30//30 28//28
f 58//58 33//33 28//28
f 54//54 59//59 28//28
f 28//28 59//59 58//58
f 46//46 31//31 32//32
f 60//60 47//47 32//32
f 61//61 60//60 32//32
f 32//32 47//47 46//46
f 62//62 32//32 33//33
f 61//61 32//32 62//62
f 63//63 64//64 33//33
f 33//33 58//58 63//63
f 62//62 33//33 64//64
f 34//34 35//35 65//65
f 34//34 65//65 55//55
f 35//35 66//66 67//67
f 66//66 35//35 39//39
f 35//35 67//67 65//65
f 42//42 68//68 36//36
f 68//68 37//37 36//36
f 37//37 69//69 38//38
f 68//68 69//69 37//37
f 38//38 70//70 39//39
f 38//38 71//71 72//72
f 71//71 38//38 69//69
f 70//70 38//38 72//72
f 39//39 70//70 66//66
f 40//40 73//73 41//41
f 48//48 73//73 40//40
f 41//41 74//74 42//42
f 73//73 75//75 41//41
f 75//75 74//74 41//41
f 74//74 68//68 42//42
f 43//43 76//76 48//48
f 77//77 76//76 43//43
f 43//43 78//78 77//77
f 79//79 43//43 44//44
f 79//79 78//78 43//43
f 79//79 44//44 45//45
f 47//47 79//79 45//45
f 80//80 79//79 47//47
f 80//80 47//47 60//60
f 76//76 73//73 48//48
f 51//51 52//52 49//49
f 50//50 57//57 81//81
f 51//51 50//50 81//81
f 51//51 81//81 82//82
f 82//82 83//83 51//51
f 51//51 83//83 84//84
f 85//85 52//52 51//51
f 85//85 51//51 84//84
f 52//52 85//85 86//86
f 86//86 53//53 52//52
f 53//53 87//87 54//54
f 53//53 86//86 87//87
f 54//54 88//88 89//89
f 54//54 87//87 88//88
f 89//89 63//63 54//54
f 59//59 54//54 63//63
f 90//90 56//56 55//55
f 65//65 91//91 55//55
f 55//55 91//91 92//92
f 92//92 93//93 55//55
f 90//90 55//55 93//93
f 94//94 56//56 90//90
f 57//57 56//56 94//94
f 95//95 57//57 96//96
f 57//57 94//94 96//96
f 95//95 81//81 57//57
f 63//63 58//58 59//59
f 97//97 60//60 61//61
f 60//60 97//97 80//80
f 98//98 97//97 61//61
f 98//98 61//61 99//99
f 99//99 61//61 62//62
f 62//62 64//64 99//99
f 64//64 63//63 89//89
f 100//100 99//99 64//64
f 64//64 101//101 102//102
f 101//101 64//64 89//89
f 100//100 64//64 102//102
f 65//65 103//103 91//91
f 67//67 103//103 65//65
f 66//66 104//104 67//67
f 66//66 105//105 104//104
f 105//105 66//66 70//70
f 103//103 67//67 104//104
f 68//68 106//106 69//69
f 74//74 106//106 68//68
f 107//107 69//69 106//106
f 71//71 69//69 107//107
f 72//72 105//105 70//70
f 108//108 72//72 71//71
f 108//108 71//71 107//107
f 105//105 72//72 109//109
f 72//72 108//108 109//109
f 73//73 76//76 110//110
f 73//73 110//110 111//111
f 75//75 73//73 111//111
f 75//75 106//106 74//74
f 106//106 75//75 112//112
f 111//111 112//112 75//75
f 77//77 110//110 76//76
f 113//113 110//110 77//77
f 113//113 77//77 78//78
f 113//113 78//78 114//114
f 78//78 115//115 116//116
f 79//79 115//115 78//78
f 116//116 114//114 78//78
f 117//117 79//79 80//80
f 115//115 79//79 117//117
f 118//118 117//117 80//80
f 97//97 118//118 80//80
f 82//82 81//81 95//95
f 95//95 119//119 82//82
f 120//120 121//121 82//82
f 120//120 82//82 119//119
f 83//83 82//82 121//121
f 121//121 122//122 83//83
f 84//84 83//83 122//122
f 122//122 85//85 84//84
f 86//86 85//85 123//123
f 85//85 122//122 124//124
f 125//125 85//85 124//124
f 123//123 85//85 125//125
f 87//87 86//86 123//123
f 88//88 87//87 123//123
f 126//126 89//89 88//88
f 88//88 123//123 127//127
f 126//126 88//88 127//127
f 89//89 126//126 128//128
f 128//128 129//129 89//89
f 101//101 89//89 129//129
f 130//130 91//91 103//103
f 91//91 130//130 131//131
f 91//91 131//131 92//92
f 132//132 92//92 131//131
f 133//133 92//92 132//132
f 133//133 134//134 92//92
f 134//134 135//135 92//92
f 92//92 135//135 93//93
f 135//135 90//90 93//93
f 90//90 96//96 94//94
f 95//95 96//96 136//136
f 119//119 95//95 136//136
f 96//96 90//90 136//136
f 98//98 137//137 97//97
f 118//118 97//97 137//137
f 138//138 137//137 98//98
f 139//139 140//140 98//98
f 98//98 140//140 138//138
f 99//99 139//139 98//98
f 141//141 139//139 99//99
f 141//141 99//99 100//100
f 142//142 143//143 100//100
f 100//100 144//144 141//141
f 102//102 142//142 100//100
f 145//145 146//146 100//100
f 100//100 146//146 144//144
f 100//100 143//143 147//147
f 145//145 100//100 147//147
f 148//148 102//102 101//101
f 129//129 148//148 101//101
f 148//148 142//142 102//102
f 149//149 103//103 104//104
f 130//130 103//103 149//149
f 109//109 104//104 105//105
f 109//109 149//149 104//104
f 112//112 107//107 106//106
f 108//108 107//107 112//112
f 109//109 108//108 150//150
f 112//112 111//111 108//108
f 111//111 151//151 108//108
f 150//150 108//108 152//152
f 153//153 152//152 108//108
f 108//108 151//151 154//154
f 108//108 154//154 153//153
f 109//109 150//150 155//155
f 155//155 149//149 109//109
f 156//156 151//151 110//110
f 110//110 151//151 111//111
f 110//110 113//113 156//156
f 156//156 113//113 157//157
f 157//157 113//113 114//114
f 114//114 158//158 157//157
f 114//114 116//116 158//158
f 116//116 115//115 159//159
f 117//117 159//159 115//115
f 159//159 158//158 116//116
f 159//159 117//117 118//118
f 160//160 159//159 118//118
f 118//118 161//161 160//160
f 161//161 118//118 137//137
f 136//136 162//162 119//119
f 120//120 119//119 162//162
f 120//120 163//163 121//121
f 163//163 120//120 164//164
f 165//165 164//164 120//120
f 120//120 162//162 165//165
f 121//121 163//163 166//166
f 121//121 166//166 122//122
f 124//124 122//122 166//166
f 167//167 123//123 125//125
f 127//127 123//123 167//167
f 124//124 166//166 168//168
f 125//125 124//124 168//168
f 169//169 125//125 168//168
f 170//170 125//125 169//169
f 167//167 125//125 170//170
f 127//127 128//128 126//126
f 127//127 171//171 128//128
f 172//172 171//171 127//127
f 127//127 167//167 172//172
f 171//171 173//173 128//128
f 129//129 128//128 173//173
f 174//174 129//129 173//173
f 148//148 129//129 174//174
f 90//90 135//135 136//136
f 175//175 131//131 130//130
f 130//130 149//149 175//175
f 132//132 131//131 175//175
f 176//176 132//132 175//175
f 132//132 176//176 133//133
f 134//134 133//133 177//177
f 177//177 133//133 176//176
f 136//136 135//135 134//134
f 134//134 178//178 136//136
f 178//178 134//134 177//177
f 178//178 179//179 136//136
f 180//180 136//136 179//179
f 136//136 180//180 162//162
f 181//181 137//137 138//138
f 182//182 161//161 137//137
f 181//181 182//182 137//137
f 138//138 183//183 181//181
f 184//184 183//183 138//138
f 184//184 138//138 185//185
f 138//138 140//140 185//185
f 139//139 186//186 140//140
f 139//139 141//141 144//144
f 144//144 186//186 139//139
f 185//185 140//140 187//187
f 186//186 187//187 140//140
f 143//143 142//142 188//188
f 189//189 142//142 148//148
f 189//189 188//188 142//142
f 190//190 147//147 143//143
f 190//190 143//143 191//191
f 188//188 191//191 143//143
f 144//144 192//192 186//186
f 192//192 144//144 146//146
f 193//193 146//146 145//145
f 145//145 194//194 193//193
f 147//147 195//195 145//145
f 145//145 195//195 196//196
f 145//145 197//197 194//194
f 197//197 145//145 196//196
f 146//146 198//198 192//192
f 146//146 193//193 198//198
f 147//147 199//199 195//195
f 147//147 190//190 200//200
f 200//200 199//199 147//147
f 174//174 201//201 148//148
f 189//189 148//148 201//201
f 149//149 155//155 202//202
f 149//149 202//202 175//175
f 202//202 155//155 150//150
f 202//202 150//150 152//152
f 154//154 151//151 203//203
f 156//156 203//203 151//151
f 153//153 204//204 152//152
f 152//152 205//205 202//202
f 152//152 206//206 207//207
f 205//205 152//152 208//208
f 152//152 209//209 208//208
f 206//206 152//152 204//204
f 209//209 152//152 207//207
f 210//210 153//153 154//154
f 204//204 153//153 210//210
f 203//203 210//210 154//154
f 203//203 156//156 157//157
f 158//158 211//211 157//157
f 203//203 157//157 210//210
f 157//157 211//211 210//210
f 212//212 213//213 158//158
f 213//213 211//211 158//158
f 159//159 212//212 158//158
f 212//212 159//159 160//160
f 160//160 214//214 212//212
f 215//215 214//214 160//160
f 161//161 215//215 160//160
f 216//216 215//215 161//161
f 182//182 217//217 161//161
f 161//161 217//217 216//216
f 218//218 162//162 180//180
f 219//219 220//220 162//162
f 219//219 162//162 218//218
f 165//165 162//162 220//220
f 163//163 221//221 166//166
f 163//163 164//164 222//222
f 223//223 163//163 222//222
f 221//221 163//163 223//223
f 164//164 165//165 222//222
f 222//222 165//165 220//220
f 168//168 166//166 221//221
f 172//172 167//167 170//170
f 224//224 168//168 221//221
f 168//168 225//225 169//169
f 168//168 224//224 225//225
f 169//169 225//225 226//226
f 227//227 169//169 226//226
f 227//227 170//170 169//169
f 170//170 227//227 228//228
f 229//229 170//170 228//228
f 170//170 229//229 172//172
f 230//230 171//171 231//231
f 231//231 171//171 172//172
f 232//232 171//171 233//233
f 173//173 171//171 232//232
f 233//233 171//171 230//230
f 229//229 231//231 172//172
f 174//174 173//173 232//232
f 201//201 174//174 234//234
f 232//232 235//235 174//174
f 236//236 174//174 235//235
f 234//234 174//174 236//236
f 237//237 238//238 175//175
f 175//175 238//238 176//176
f 237//237 175//175 202//202
f 239//239 176//176 238//238
f 239//239 177//177 176//176
f 177//177 240//240 178//178
f 240//240 177//177 241//241
f 241//241 177//177 239//239
f 179//179 178//178 240//240
f 179//179 240//240 242//242
f 180//180 179//179 242//242
f 243//243 180//180 242//242
f 180//180 243//243 218//218
f 217//217 182//182 181//181
f 244//244 217//217 181//181
f 181//181 184//184 244//244
f 183//183 184//184 181//181
f 245//245 244//244 184//184
f 184//184 246//246 245//245
f 184//184 247//247 246//246
f 248//248 247//247 184//184
f 185//185 248//248 184//184
f 249//249 250//250 185//185
f 185//185 187//187 249//249
f 251//251 248//248 185//185
f 251//251 185//185 250//250
f 186//186 249//249 187//187
f 192//192 249//249 186//186
f 191//191 188//188 252//252
f 252//252 188//188 189//189
f 189//189 201//201 253//253
f 252//252 189//189 253//253
f 254//254 200//200 190//190
f 252//252 255//255 190//190
f 190//190 191//191 252//252
f 190//190 255//255 254//254
f 249//249 192//192 198//198
f 193//193 256//256 198//198
f 193//193 257//257 256//256
f 194//194 257//257 193//193
f 194//194 258//258 257//257
f 197//197 258//258 194//194
f 199//199 196//196 195//195
f 196//196 259//259 197//197
f 260//260 259//259 196//196
f 199//199 260//260 196//196
f 197//197 261//261 258//258
f 259//259 261//261 197//197
f 262//262 250//250 198//198
f 198//198 256//256 262//262
f 250//250 249//249 198//198
f 263//263 264//264 199//199
f 263//263 199//199 200//200
f 264//264 260//260 199//199
f 265//265 200//200 254//254
f 263//263 200//200 265//265
f 253//253 201//201 234//234
f 202//202 205//205 237//237
f 204//204 266//266 267//267
f 210//210 266//266 204//204
f 204//204 267//267 206//206
f 268//268 237//237 205//205
f 205//205 269//269 268//268
f 269//269 205//205 208//208
f 207//207 206//206 270//270
f 267//267 271//271 206//206
f 206//206 271//271 272//272
f 273//273 206//206 272//272
f 274//274 206//206 273//273
f 274//274 270//270 206//206
f 207//207 275//275 209//209
f 270//270 275//275 207//207
f 276//276 277//277 208//208
f 269//269 208//208 278//278
f 278//278 208//208 277//277
f 275//275 276//276 208//208
f 208//208 209//209 275//275
f 210//210 211//211 266//266
f 266//266 211//211 279//279
f 211//211 213//213 279//279
f 279//279 213//213 212//212
f 212//212 214//214 279//279
f 214//214 280//280 281//281
f 214//214 215//215 280//280
f 281//281 279//279 214//214
f 215//215 216//216 280//280
f 280//280 216//216 282//282
f 217//217 282//282 216//216
f 283//283 282//282 217//217
f 217//217 244//244 283//283
f 218//218 243//243 219//219
f 219//219 284//284 220//220
f 285//285 286//286 219//219
f 219//219 287//287 285//285
f 243//243 287//287 219//219
f 284//284 219//219 286//286
f 288//288 222//222 220//220
f 220//220 284//284 288//288
f 225//225 224//224 221//221
f 223//223 225//225 221//221
f 222//222 289//289 223//223
f 222//222 288//288 290//290
f 290//290 289//289 222//222
f 223//223 291//291 292//292
f 289//289 291//291 223//223
f 223//223 292//292 225//225
f 225//225 292//292 226//226
f 226//226 293//293 294//294
f 292//292 293//293 226//226
f 226//226 294//294 227//227
f 227//227 295//295 228//228
f 227//227 294//294 296//296
f 295//295 227//227 296//296
f 228//228 297//297 229//229
f 297//297 228//228 298//298
f 298//298 228//228 295//295
f 299//299 230//230 229//229
f 300//300 301//301 229//229
f 229//229 297//297 300//300
f 301//301 302//302 229//229
f 230//230 231//231 229//229
f 303//303 299//299 229//229
f 302//302 303//303 229//229
f 233//233 230//230 299//299
f 235//235 232//232 233//233
f 304//304 305//305 233//233
f 233//233 299//299 304//304
f 305//305 235//235 233//233
f 253//253 234//234 236//236
f 236//236 235//235 305//305
f 253//253 236//236 255//255
f 236//236 305//305 306//306
f 306//306 255//255 236//236
f 238//238 237//237 268//268
f 238//238 307//307 239//239
f 238//238 308//308 307//307
f 268//268 308//308 238//238
f 309//309 239//239 307//307
f 241//241 239//239 309//309
f 242//242 240//240 241//241
f 241//241 310//310 311//311
f 309//309 310//310 241//241
f 241//241 311//311 242//242
f 242//242 311//311 287//287
f 243//243 242//242 287//287
f 312//312 283//283 244//244
f 244//244 245//245 312//312
f 312//312 245//245 313//313
f 314//314 245//245 246//246
f 313//313 245//245 314//314
f 246//246 315//315 314//314
f 316//316 315//315 246//246
f 247//247 316//316 246//246
f 317//317 316//316 247//247
f 248//248 317//317 247//247
f 317//317 248//248 318//318
f 248//248 251//251 318//318
f 250//250 319//319 251//251
f 262//262 319//319 250//250
f 319//319 318//318 251//251
f 255//255 252//252 253//253
f 265//265 254//254 320//320
f 255//255 320//320 254//254
f 321//321 255//255 306//306
f 255//255 321//321 320//320
f 322//322 262//262 256//256
f 323//323 324//324 256//256
f 256//256 257//257 323//323
f 324//324 322//322 256//256
f 257//257 258//258 323//323
f 325//325 323//323 258//258
f 258//258 261//261 326//326
f 325//325 258//258 326//326
f 259//259 327//327 261//261
f 327//327 259//259 260//260
f 328//328 260//260 264//264
f 328//328 327//327 260//260
f 329//329 326//326 261//261
f 329//329 261//261 327//327
f 262//262 322//322 319//319
f 264//264 263//263 330//330
f 263//263 331//331 330//330
f 263//263 332//332 331//331
f 265//265 332//332 263//263
f 330//330 328//328 264//264
f 320//320 333//333 265//265
f 333//333 334//334 265//265
f 265//265 335//335 332//332
f 334//334 335//335 265//265
f 267//267 266//266 336//336
f 266//266 279//279 336//336
f 336//336 271//271 267//267
f 337//337 268//268 269//269
f 308//308 268//268 337//337
f 269//269 338//338 337//337
f 278//278 338//338 269//269
f 276//276 275//275 270//270
f 339//339 276//276 270//270
f 340//340 339//339 270//270
f 340//340 270//270 274//274
f 272//272 271//271 336//336
f 272//272 336//336 341//341
f 341//341 342//342 272//272
f 272//272 342//342 273//273
f 274//274 273//273 343//343
f 344//344 273//273 342//342
f 273//273 344//344 343//343
f 345//345 274//274 343//343
f 340//340 274//274 346//346
f 274//274 345//345 347//347
f 348//348 274//274 347//347
f 348//348 346//346 274//274
f 338//338 277//277 276//276
f 338//338 276//276 339//339
f 278//278 277//277 338//338
f 279//279 281//281 336//336
f 281//281 280//280 314//314
f 280//280 282//282 313//313
f 314//314 280//280 313//313
f 281//281 314//314 349//349
f 336//336 281//281 349//349
f 312//312 282//282 283//283
f 313//313 282//282 312//312
f 350//350 288//288 284//284
f 284//284 351//351 350//350
f 351//351 284//284 286//286
f 352//352 286//286 285//285
f 287//287 353//353 285//285
f 285//285 354//354 352//352
f 353//353 354//354 285//285
f 286//286 355//355 351//351
f 286//286 352//352 355//355
f 311//311 353//353 287//287
f 350//350 356//356 288//288
f 288//288 356//356 290//290
f 290//290 291//291 289//289
f 290//290 356//356 357//357
f 357//357 291//291 290//290
f 291//291 358//358 292//292
f 357//357 358//358 291//291
f 292//292 358//358 293//293
f 293//293 359//359 294//294
f 359//359 293//293 360//360
f 358//358 360//360 293//293
f 294//294 359//359 296//296
f 361//361 295//295 296//296
f 295//295 361//361 362//362
f 295//295 362//362 298//298
f 296//296 363//363 361//361
f 296//296 359//359 364//364
f 364//364 363//363 296//296
f 365//365 366//366 297//297
f 297//297 367//367 365//365
f 297//297 298//298 362//362
f 300//300 297//297 366//366
f 362//362 367//367 297//297
f 304//304 299//299 303//303
f 300//300 368//368 301//301
f 300//300 369//369 368//368
f 366//366 369//369 300//300
f 302//302 301//301 368//368
f 368//368 370//370 302//302
f 302//302 306//306 303//303
f 306//306 302//302 370//370
f 306//306 304//304 303//303
f 306//306 305//305 304//304
f 371//371 372//372 306//306
f 370//370 373//373 306//306
f 306//306 373//373 371//371
f 321//321 306//306 372//372
f 310//310 307//307 308//308
f 307//307 310//310 309//309
f 337//337 374//374 308//308
f 374//374 310//310 308//308
f 374//374 311//311 310//310
f 353//353 311//311 374//374
f 314//314 315//315 349//349
f 315//315 375//375 376//376
f 376//376 349//349 315//315
f 316//316 375//375 315//315
f 377//377 375//375 316//316
f 317//317 377//377 316//316
f 377//377 317//317 318//318
f 378//378 379//379 318//318
f 318//318 319//319 380//380
f 379//379 377//377 318//318
f 378//378 318//318 381//381
f 381//381 318//318 380//380
f 322//322 380//380 319//319
f 320//320 321//321 382//382
f 333//333 320//320 382//382
f 383//383 382//382 321//321
f 372//372 383//383 321//321
f 322//322 384//384 380//380
f 324//324 384//384 322//322
f 323//323 325//325 324//324
f 324//324 385//385 384//384
f 325//325 385//385 324//324
f 326//326 386//386 325//325
f 325//325 387//387 385//385
f 386//386 387//387 325//325
f 326//326 388//388 386//386
f 389//389 388//388 326//326
f 389//389 326//326 329//329
f 329//329 327//327 328//328
f 329//329 328//328 330//330
f 329//329 330//330 389//389
f 390//390 330//330 391//391
f 391//391 330//330 392//392
f 389//389 330//330 390//390
f 330//330 331//331 392//392
f 331//331 335//335 393//393
f 332//332 335//335 331//331
f 393//393 392//392 331//331
f 333//333 394//394 334//334
f 382//382 395//395 333//333
f 394//394 333//333 396//396
f 396//396 333//333 395//395
f 335//335 334//334 394//394
f 397//397 393//393 335//335
f 335//335 398//398 397//397
f 398//398 335//335 394//394
f 336//336 349//349 399//399
f 399//399 341//341 336//336
f 400//400 337//337 401//401
f 338//338 402//402 337//337
f 401//401 337//337 402//402
f 337//337 400//400 374//374
f 338//338 339//339 402//402
f 402//402 339//339 340//340
f 403//403 402//402 340//340
f 403//403 340//340 346//346
f 404//404 341//341 399//399
f 342//342 341//341 404//404
f 344//344 342//342 405//405
f 404//404 405//405 342//342
f 343//343 406//406 345//345
f 343//343 407//407 406//406
f 343//343 408//408 407//407
f 408//408 343//343 344//344
f 405//405 409//409 344//344
f 344//344 409//409 408//408
f 406//406 410//410 345//345
f 410//410 347//347 345//345
f 403//403 346//346 348//348
f 411//411 412//412 347//347
f 347//347 410//410 413//413
f 414//414 348//348 347//347
f 414//414 347//347 412//412
f 347//347 415//415 411//411
f 347//347 416//416 415//415
f 347//347 413//413 416//416
f 348//348 414//414 417//417
f 417//417 403//403 348//348
f 349//349 376//376 399//399
f 356//356 350//350 418//418
f 350//350 351//351 419//419
f 420//420 350//350 419//419
f 350//350 420//420 418//418
f 355//355 421//421 351//351
f 419//419 351//351 421//421
f 354//354 355//355 352//352
f 353//353 400//400 354//354
f 374//374 400//400 353//353
f 355//355 354//354 400//400
f 400//400 422//422 355//355
f 421//421 355//355 422//422
f 418//418 357//357 356//356
f 418//418 358//358 357//357
f 418//418 360//360 358//358
f 360//360 423//423 359//359
f 359//359 423//423 364//364
f 424//424 360//360 418//418
f 424//424 423//423 360//360
f 367//367 361//361 425//425
f 426//426 425//425 361//361
f 362//362 361//361 367//367
f 361//361 363//363 426//426
f 427//427 363//363 364//364
f 427//427 426//426 363//363
f 364//364 423//423 428//428
f 364//364 429//429 430//430
f 428//428 429//429 364//364
f 430//430 427//427 364//364
f 431//431 366//366 365//365
f 431//431 365//365 432//432
f 367//367 432//432 365//365
f 369//369 366//366 433//433
f 433//433 366//366 431//431
f 425//425 432//432 367//367
f 433//433 368//368 369//369
f 370//370 368//368 433//433
f 373//373 370//370 434//434
f 435//435 370//370 436//436
f 370//370 433//433 436//436
f 435//435 434//434 370//370
f 372//372 371//371 437//437
f 438//438 371//371 373//373
f 437//437 371//371 438//438
f 372//372 437//437 439//439
f 439//439 383//383 372//372
f 438//438 373//373 440//440
f 440//440 373//373 434//434
f 399//399 376//376 375//375
f 441//441 375//375 379//379
f 379//379 375//375 377//377
f 441//441 399//399 375//375
f 442//442 379//379 378//378
f 443//443 378//378 381//381
f 443//443 442//442 378//378
f 379//379 442//442 441//441
f 381//381 380//380 384//384
f 444//444 443//443 381//381
f 381//381 384//384 385//385
f 381//381 387//387 444//444
f 381//381 385//385 387//387
f 395//395 382//382 445//445
f 382//382 383//383 445//445
f 445//445 383//383 439//439
f 386//386 446//446 387//387
f 388//388 446//446 386//386
f 446//446 447//447 387//387
f 444//444 387//387 447//447
f 388//388 390//390 446//446
f 389//389 390//390 388//388
f 446//446 390//390 391//391
f 448//448 449//449 391//391
f 447//447 391//391 450//450
f 446//446 391//391 447//447
f 450//450 391//391 449//449
f 391//391 392//392 448//448
f 392//392 393//393 448//448
f 448//448 393//393 451//451
f 451//451 393//393 397//397
f 398//398 394//394 396//396
f 452//452 453//453 395//395
f 445//445 452//452 395//395
f 396//396 395//395 454//454
f 454//454 395//395 453//453
f 455//455 398//398 396//396
f 396//396 454//454 456//456
f 396//396 456//456 457//457
f 457//457 455//455 396//396
f 458//458 397//397 459//459
f 451//451 397//397 460//460
f 397//397 458//458 460//460
f 459//459 397//397 398//398
f 455//455 461//461 398//398
f 459//459 398//398 461//461
f 441//441 404//404 399//399
f 422//422 400//400 401//401
f 462//462 422//422 401//401
f 401//401 402//402 463//463
f 464//464 462//462 401//401
f 401//401 463//463 464//464
f 463//463 402//402 403//403
f 403//403 417//417 465//465
f 403//403 465//465 463//463
f 442//442 404//404 441//441
f 404//404 442//442 405//405
f 405//405 466//466 409//409
f 405//405 442//442 443//443
f 466//466 405//405 443//443
f 407//407 410//410 406//406
f 407//407 408//408 467//467
f 467//467 468//468 407//407
f 468//468 410//410 407//407
f 408//408 409//409 469//469
f 467//467 408//408 469//469
f 466//466 470//470 409//409
f 470//470 469//469 409//409
f 413//413 410//410 471//471
f 412//412 411//411 472//472
f 473//473 472//472 411//411
f 473//473 411//411 415//415
f 474//474 412//412 472//472
f 417//417 412//412 474//474
f 412//412 417//417 414//414
f 416//416 413//413 471//471
f 475//475 415//415 476//476
f 415//415 416//416 476//476
f 477//477 473//473 415//415
f 415//415 475//475 477//477
f 416//416 471//471 467//467
f 416//416 467//467 478//478
f 476//476 416//416 478//478
f 465//465 417//417 474//474
f 420//420 424//424 418//418
f 420//420 419//419 479//479
f 479//479 419//419 421//421
f 480//480 481//481 420//420
f 420//420 481//481 424//424
f 480//480 420//420 479//479
f 479//479 421//421 482//482
f 482//482 421//421 483//483
f 462//462 483//483 421//421
f 421//421 422//422 462//462
f 428//428 423//423 481//481
f 423//423 424//424 481//481
f 425//425 484//484 485//485
f 486//486 484//484 425//425
f 432//432 425//425 485//485
f 425//425 426//426 486//486
f 426//426 427//427 430//430
f 430//430 487//487 426//426
f 426//426 487//487 486//486
f 481//481 429//429 428//428
f 429//429 488//488 430//430
f 481//481 488//488 429//429
f 430//430 489//489 487//487
f 430//430 488//488 489//489
f 431//431 485//485 490//490
f 432//432 485//485 431//431
f 491//491 433//433 431//431
f 490//490 492//492 431//431
f 491//491 431//431 492//492
f 436//436 433//433 491//491
f 493//493 434//434 435//435
f 494//494 440//440 434//434
f 494//494 434//434 493//493
f 436//436 495//495 435//435
f 435//435 495//495 496//496
f 496//496 493//493 435//435
f 492//492 436//436 491//491
f 497//497 436//436 492//492
f 497//497 495//495 436//436
f 498//498 439//439 437//437
f 499//499 500//500 437//437
f 438//438 499//499 437//437
f 501//501 437//437 500//500
f 498//498 437//437 501//501
f 438//438 440//440 502//502
f 438//438 502//502 499//499
f 503//503 452//452 439//439
f 439//439 452//452 445//445
f 503//503 439//439 498//498
f 494//494 502//502 440//440
f 443//443 444//444 466//466
f 444//444 450//450 504//504
f 447//447 450//450 444//444
f 466//466 444//444 504//504
f 449//449 448//448 451//451
f 504//504 450//450 449//449
f 451//451 505//505 449//449
f 505//505 506//506 449//449
f 449//449 506//506 504//504
f 505//505 451//451 460//460
f 453//453 452//452 503//503
f 454//454 453//453 503//503
f 454//454 503//503 507//507
f 507//507 456//456 454//454
f 508//508 455//455 457//457
f 461//461 455//455 508//508
f 509//509 510//510 456//456
f 456//456 507//507 509//509
f 457//457 456//456 510//510
f 510//510 511//511 457//457
f 511//511 508//508 457//457
f 512//512 458//458 459//459
f 512//512 505//505 458//458
f 460//460 458//458 505//505
f 513//513 514//514 459//459
f 514//514 512//512 459//459
f 513//513 459//459 461//461
f 508//508 513//513 461//461
f 515//515 483//483 462//462
f 474//474 462//462 464//464
f 516//516 515//515 462//462
f 462//462 474//474 516//516
f 463//463 465//465 464//464
f 464//464 465//465 474//474
f 470//470 466//466 517//517
f 517//517 466//466 518//518
f 518//518 466//466 504//504
f 519//519 467//467 469//469
f 471//471 468//468 467//467
f 467//467 519//519 478//478
f 471//471 410//410 468//468
f 469//469 470//470 519//519
f 519//519 470//470 517//517
f 474//474 472//472 516//516
f 472//472 520//520 521//521
f 472//472 473//473 520//520
f 521//521 516//516 472//472
f 520//520 473//473 522//522
f 473//473 477//477 522//522
f 476//476 523//523 475//475
f 523//523 524//524 475//475
f 475//475 524//524 477//477
f 478//478 525//525 476//476
f 523//523 476//476 525//525
f 526//526 522//522 477//477
f 526//526 477//477 527//527
f 527//527 477//477 524//524
f 528//528 478//478 519//519
f 529//529 478//478 528//528
f 530//530 478//478 529//529
f 525//525 478//478 530//530
f 482//482 531//531 479//479
f 531//531 480//480 479//479
f 480//480 488//488 481//481
f 480//480 531//531 488//488
f 483//483 532//532 482//482
f 531//531 482//482 533//533
f 482//482 532//532 534//534
f 482//482 534//534 533//533
f 515//515 535//535 483//483
f 536//536 532//532 483//483
f 483//483 535//535 536//536
f 485//485 484//484 490//490
f 484//484 533//533 537//537
f 490//490 484//484 537//537
f 486//486 533//533 484//484
f 487//487 533//533 486//486
f 489//489 533//533 487//487
f 488//488 531//531 489//489
f 533//533 489//489 531//531
f 537//537 492//492 490//490
f 492//492 538//538 539//539
f 492//492 537//537 540//540
f 541//541 492//492 539//539
f 540//540 538//538 492//492
f 541//541 497//497 492//492
f 542//542 501//501 493//493
f 493//493 496//496 497//497
f 493//493 501//501 500//500
f 500//500 494//494 493//493
f 493//493 543//543 542//542
f 544//544 543//543 493//493
f 493//493 497//497 544//544
f 499//499 502//502 494//494
f 499//499 494//494 500//500
f 496//496 495//495 497//497
f 541//541 545//545 497//497
f 544//544 497//497 545//545
f 546//546 498//498 501//501
f 498//498 546//546 547//547
f 548//548 503//503 498//498
f 547//547 548//548 498//498
f 501//501 542//542 549//549
f 549//549 550//550 501//501
f 550//550 546//546 501//501
f 507//507 503//503 548//548
f 504//504 506//506 518//518
f 505//505 512//512 506//506
f 506//506 551//551 552//552
f 552//552 518//518 506//506
f 551//551 506//506 512//512
f 548//548 553//553 507//507
f 554//554 555//555 507//507
f 553//553 554//554 507//507
f 509//509 507//507 555//555
f 513//513 508//508 556//556
f 556//556 508//508 557//557
f 557//557 508//508 511//511
f 509//509 558//558 510//510
f 558//558 509//509 559//559
f 559//559 509//509 555//555
f 510//510 558//558 511//511
f 558//558 560//560 511//511
f 511//511 560//560 557//557
f 561//561 551//551 512//512
f 561//561 512//512 514//514
f 562//562 514//514 513//513
f 513//513 556//556 562//562
f 563//563 564//564 514//514
f 514//514 562//562 565//565
f 564//564 561//561 514//514
f 514//514 565//565 563//563
f 535//535 515//515 516//516
f 566//566 535//535 516//516
f 516//516 521//521 566//566
f 517//517 518//518 567//567
f 567//567 568//568 517//517
f 568//568 519//519 517//517
f 518//518 552//552 569//569
f 567//567 518//518 569//569
f 528//528 519//519 568//568
f 521//521 520//520 522//522
f 521//521 570//570 566//566
f 522//522 526//526 521//521
f 571//571 521//521 526//526
f 570//570 521//521 571//571
f 523//523 530//530 572//572
f 572//572 524//524 523//523
f 530//530 523//523 525//525
f 527//527 524//524 572//572
f 527//527 573//573 526//526
f 574//574 571//571 526//526
f 526//526 573//573 574//574
f 572//572 575//575 527//527
f 576//576 527//527 577//577
f 576//576 573//573 527//527
f 577//577 527//527 575//575
f 578//578 529//529 528//528
f 528//528 568//568 578//578
f 529//529 579//579 530//530
f 578//578 579//579 529//529
f 572//572 530//530 579//579
f 580//580 534//534 532//532
f 532//532 536//536 580//580
f 537//537 533//533 534//534
f 534//534 580//580 537//537
f 536//536 535//535 566//566
f 566//566 581//581 536//536
f 580//580 536//536 581//581
f 537//537 580//580 540//540
f 539//539 538//538 580//580
f 540//540 580//580 538//538
f 539//539 582//582 541//541
f 580//580 582//582 539//539
f 582//582 583//583 541//541
f 584//584 541//541 585//585
f 541//541 583//583 585//585
f 541//541 584//584 545//545
f 549//549 542//542 543//543
f 543//543 544//544 586//586
f 549//549 543//543 586//586
f 587//587 544//544 588//588
f 588//588 544//544 545//545
f 586//586 544//544 587//587
f 588//588 545//545 584//584
f 589//589 546//546 590//590
f 590//590 546//546 550//550
f 547//547 546//546 589//589
f 547//547 553//553 548//548
f 589//589 591//591 547//547
f 547//547 592//592 593//593
f 553//553 547//547 593//593
f 592//592 547//547 591//591
f 549//549 586//586 587//587
f 550//550 549//549 594//594
f 587//587 594//594 549//549
f 550//550 594//594 595//595
f 590//590 550//550 595//595
f 552//552 551//551 569//569
f 551//551 561//561 564//564
f 553//553 593//593 554//554
f 554//554 596//596 555//555
f 593//593 597//597 554//554
f 598//598 554//554 597//597
f 598//598 596//596 554//554
f 559//559 555//555 596//596
f 556//556 599//599 562//562
f 557//557 600//600 556//556
f 600//600 599//599 556//556
f 557//557 560//560 601//601
f 601//601 602//602 557//557
f 557//557 602//602 600//600
f 560//560 558//558 559//559
f 603//603 604//604 559//559
f 596//596 603//603 559//559
f 559//559 604//604 560//560
f 601//601 560//560 604//604
f 605//605 565//565 562//562
f 606//606 605//605 562//562
f 600//600 606//606 562//562
f 600//600 562//562 599//599
f 563//563 551//551 564//564
f 551//551 563//563 607//607
f 605//605 563//563 565//565
f 608//608 607//607 563//563
f 605//605 608//608 563//563
f 581//581 566//566 570//570
f 607//607 609//609 567//567
f 569//569 607//607 567//567
f 568//568 567//567 610//610
f 610//610 567//567 609//609
f 610//610 578//578 568//568
f 551//551 607//607 569//569
f 582//582 581//581 570//570
f 582//582 570//570 611//611
f 611//611 570//570 571//571
f 571//571 585//585 611//611
f 585//585 571//571 574//574
f 579//579 612//612 572//572
f 613//613 572//572 612//612
f 575//575 572//572 613//613
f 576//576 574//574 573//573
f 614//614 585//585 574//574
f 614//614 574//574 576//576
f 613//613 615//615 575//575
f 577//577 575//575 615//615
f 616//616 576//576 577//577
f 617//617 576//576 616//616
f 617//617 614//614 576//576
f 577//577 618//618 616//616
f 577//577 615//615 619//619
f 577//577 619//619 620//620
f 620//620 621//621 577//577
f 622//622 618//618 577//577
f 577//577 621//621 622//622
f 623//623 579//579 578//578
f 578//578 624//624 623//623
f 578//578 610//610 624//624
f 625//625 612//612 579//579
f 625//625 579//579 623//623
f 582//582 580//580 581//581
f 582//582 611//611 583//583
f 583//583 611//611 585//585
f 585//585 626//626 584//584
f 627//627 584//584 626//626
f 584//584 627//627 588//588
f 626//626 585//585 614//614
f 628//628 587//587 588//588
f 587//587 628//628 594//594
f 588//588 627//627 629//629
f 628//628 588//588 629//629
f 591//591 589//589 590//590
f 590//590 630//630 591//591
f 590//590 595//595 631//631
f 631//631 630//630 590//590
f 630//630 632//632 591//591
f 633//633 592//592 591//591
f 633//633 591//591 634//634
f 634//634 591//591 632//632
f 635//635 593//593 592//592
f 636//636 592//592 633//633
f 635//635 592//592 636//636
f 597//597 593//593 637//637
f 638//638 637//637 593//593
f 635//635 638//638 593//593
f 628//628 639//639 594//594
f 595//595 594//594 639//639
f 640//640 595//595 639//639
f 595//595 640//640 631//631
f 641//641 603//603 596//596
f 642//642 641//641 596//596
f 596//596 598//598 642//642
f 637//637 643//643 597//597
f 643//643 598//598 597//597
f 644//644 642//642 598//598
f 644//644 598//598 645//645
f 598//598 643//643 645//645
f 646//646 606//606 600//600
f 647//647 600//600 602//602
f 646//646 600//600 647//647
f 648//648 602//602 601//601
f 649//649 648//648 601//601
f 601//601 650//650 649//649
f 651//651 650//650 601//601
f 601//601 604//604 651//651
f 648//648 652//652 602//602
f 647//647 602//602 652//652
f 651//651 604//604 603//603
f 603//603 641//641 651//651
f 653//653 608//608 605//605
f 605//605 606//606 646//646
f 653//653 605//605 646//646
f 609//609 607//607 608//608
f 624//624 609//609 608//608
f 624//624 608//608 654//654
f 654//654 608//608 653//653
f 624//624 610//610 609//609
f 612//612 625//625 613//613
f 613//613 625//625 655//655
f 615//615 613//613 656//656
f 655//655 656//656 613//613
f 617//617 626//626 614//614
f 619//619 615//615 656//656
f 618//618 657//657 616//616
f 616//616 657//657 658//658
f 658//658 659//659 616//616
f 617//617 616//616 659//659
f 617//617 660//660 626//626
f 659//659 660//660 617//617
f 618//618 622//622 657//657
f 661//661 662//662 619//619
f 619//619 656//656 661//661
f 663//663 619//619 662//662
f 620//620 619//619 663//663
f 664//664 621//621 620//620
f 663//663 664//664 620//620
f 621//621 665//665 666//666
f 664//664 665//665 621//621
f 666//666 622//622 621//621
f 657//657 622//622 666//666
f 623//623 624//624 667//667
f 623//623 667//667 668//668
f 625//625 623//623 668//668
f 669//669 667//667 624//624
f 669//669 624//624 654//654
f 625//625 668//668 670//670
f 655//655 625//625 670//670
f 626//626 660//660 627//627
f 629//629 627//627 660//660
f 628//628 629//629 671//671
f 628//628 671//671 672//672
f 673//673 628//628 674//674
f 639//639 628//628 673//673
f 628//628 672//672 674//674
f 671//671 629//629 660//660
f 630//630 631//631 675//675
f 676//676 677//677 630//630
f 677//677 632//632 630//630
f 675//675 676//676 630//630
f 678//678 631//631 640//640
f 675//675 631//631 678//678
f 632//632 679//679 634//634
f 677//677 679//679 632//632
f 634//634 680//680 633//633
f 680//680 636//636 633//633
f 679//679 676//676 634//634
f 634//634 676//676 681//681
f 634//634 682//682 680//680
f 682//682 634//634 681//681
f 683//683 638//638 635//635
f 636//636 683//683 635//635
f 636//636 684//684 683//683
f 685//685 684//684 636//636
f 636//636 680//680 685//685
f 637//637 686//686 643//643
f 638//638 683//683 637//637
f 686//686 637//637 683//683
f 673//673 687//687 639//639
f 687//687 640//640 639//639
f 640//640 687//687 678//678
f 641//641 644//644 688//688
f 688//688 651//651 641//641
f 641//641 642//642 644//644
f 645//645 643//643 686//686
f 688//688 644//644 689//689
f 689//689 644//644 645//645
f 645//645 686//686 684//684
f 684//684 690//690 645//645
f 689//689 645//645 690//690
f 653//653 646//646 647//647
f 691//691 647//647 652//652
f 653//653 647//647 691//691
f 692//692 648//648 693//693
f 648//648 694//694 695//695
f 649//649 696//696 648//648
f 694//694 648//648 696//696
f 692//692 652//652 648//648
f 693//693 648//648 695//695
f 650//650 696//696 649//649
f 697//697 696//696 650//650
f 697//697 650//650 651//651
f 697//697 651//651 688//688
f 691//691 652//652 692//692
f 669//669 653//653 698//698
f 669//669 654//654 653//653
f 699//699 700//700 653//653
f 653//653 691//691 699//699
f 653//653 700//700 701//701
f 702//702 653//653 701//701
f 698//698 653//653 702//702
f 655//655 661//661 656//656
f 670//670 703//703 655//655
f 661//661 655//655 703//703
f 666//666 658//658 657//657
f 704//704 705//705 658//658
f 705//705 659//659 658//658
f 706//706 658//658 666//666
f 658//658 706//706 704//704
f 671//671 660//660 659//659
f 671//671 659//659 705//705
f 662//662 661//661 707//707
f 707//707 661//661 703//703
f 663//663 662//662 708//708
f 662//662 707//707 709//709
f 708//708 662//662 709//709
f 663//663 708//708 664//664
f 710//710 711//711 664//664
f 664//664 711//711 712//712
f 664//664 712//712 665//665
f 664//664 708//708 710//710
f 666//666 665//665 713//713
f 665//665 712//712 714//714
f 715//715 713//713 665//665
f 665//665 714//714 715//715
f 666//666 716//716 706//706
f 666//666 713//713 716//716
f 668//668 667//667 669//669
f 670//670 668//668 669//669
f 670//670 669//669 698//698
f 698//698 717//717 670//670
f 703//703 670//670 717//717
f 705//705 704//704 671//671
f 672//672 671//671 704//704
f 672//672 704//704 718//718
f 672//672 719//719 720//720
f 672//672 720//720 674//674
f 718//718 721//721 672//672
f 719//719 672//672 721//721
f 722//722 673//673 674//674
f 723//723 687//687 673//673
f 724//724 723//723 673//673
f 673//673 722//722 724//724
f 674//674 720//720 722//722
f 723//723 675//675 678//678
f 725//725 726//726 675//675
f 676//676 675//675 727//727
f 726//726 727//727 675//675
f 675//675 728//728 725//725
f 723//723 728//728 675//675
f 679//679 677//677 676//676
f 676//676 727//727 681//681
f 678//678 687//687 723//723
f 729//729 685//685 680//680
f 680//680 682//682 729//729
f 681//681 727//727 726//726
f 681//681 726//726 682//682
f 730//730 731//731 682//682
f 682//682 726//726 730//730
f 729//729 682//682 731//731
f 686//686 683//683 684//684
f 732//732 690//690 684//684
f 733//733 684//684 734//734
f 734//734 684//684 685//685
f 732//732 684//684 735//735
f 735//735 684//684 733//733
f 734//734 685//685 736//736
f 737//737 685//685 729//729
f 737//737 736//736 685//685
f 738//738 697//697 688//688
f 688//688 739//739 740//740
f 688//688 740//740 738//738
f 688//688 741//741 742//742
f 742//742 739//739 688//688
f 688//688 689//689 743//743
f 743//743 741//741 688//688
f 690//690 743//743 689//689
f 690//690 732//732 744//744
f 744//744 743//743 690//690
f 692//692 699//699 691//691
f 693//693 699//699 692//692
f 695//695 745//745 693//693
f 746//746 693//693 745//745
f 693//693 747//747 748//748
f 693//693 746//746 747//747
f 699//699 693//693 748//748
f 749//749 695//695 694//694
f 740//740 749//749 694//694
f 738//738 740//740 694//694
f 694//694 696//696 738//738
f 695//695 749//749 745//745
f 696//696 697//697 738//738
f 702//702 717//717 698//698
f 750//750 700//700 699//699
f 748//748 750//750 699//699
f 751//751 752//752 700//700
f 701//701 700//700 752//752
f 700//700 750//750 751//751
f 701//701 753//753 702//702
f 701//701 752//752 753//753
f 702//702 754//754 717//717
f 753//753 755//755 702//702
f 756//756 754//754 702//702
f 702//702 755//755 756//756
f 717//717 757//757 703//703
f 703//703 757//757 758//758
f 707//707 703//703 758//758
f 706//706 718//718 704//704
f 718//718 706//706 716//716
f 758//758 709//709 707//707
f 708//708 709//709 759//759
f 710//710 708//708 759//759
f 759//759 709//709 760//760
f 761//761 709//709 758//758
f 760//760 709//709 761//761
f 762//762 711//711 710//710
f 710//710 759//759 763//763
f 764//764 762//762 710//710
f 710//710 763//763 764//764
f 712//712 711//711 765//765
f 765//765 711//711 762//762
f 712//712 765//765 714//714
f 766//766 716//716 713//713
f 766//766 713//713 715//715
f 767//767 768//768 714//714
f 714//714 769//769 767//767
f 714//714 765//765 770//770
f 715//715 714//714 768//768
f 714//714 770//770 769//769
f 768//768 771//771 715//715
f 771//771 766//766 715//715
f 721//721 718//718 716//716
f 716//716 772//772 721//721
f 716//716 766//766 772//772
f 773//773 757//757 717//717
f 754//754 773//773 717//717
f 772//772 720//720 719//719
f 719//719 721//721 772//772
f 774//774 720//720 775//775
f 720//720 772//772 775//775
f 720//720 774//774 722//722
f 724//724 722//722 774//774
f 728//728 723//723 724//724
f 776//776 728//728 724//724
f 724//724 774//774 776//776
f 725//725 730//730 726//726
f 725//725 728//728 730//730
f 728//728 776//776 777//777
f 730//730 728//728 777//777
f 729//729 778//778 737//737
f 778//778 729//729 731//731
f 731//731 730//730 779//779
f 730//730 777//777 779//779
f 780//780 778//778 731//731
f 731//731 779//779 780//780
f 781//781 744//744 732//732
f 781//781 732//732 735//735
f 782//782 733//733 734//734
f 783//783 733//733 782//782
f 784//784 733//733 783//783
f 784//784 735//735 733//733
f 736//736 785//785 734//734
f 734//734 785//785 782//782
f 781//781 735//735 786//786
f 787//787 786//786 735//735
f 787//787 735//735 784//784
f 785//785 736//736 737//737
f 788//788 737//737 778//778
f 737//737 789//789 785//785
f 789//789 737//737 788//788
f 739//739 790//790 740//740
f 790//790 739//739 742//742
f 749//749 740//740 790//790
f 791//791 742//742 741//741
f 791//791 741//741 792//792
f 741//741 793//793 792//792
f 794//794 793//793 741//741
f 741//741 795//795 794//794
f 741//741 743//743 796//796
f 796//796 795//795 741//741
f 791//791 797//797 742//742
f 742//742 797//797 798//798
f 798//798 790//790 742//742
f 744//744 796//796 743//743
f 744//744 781//781 799//799
f 799//799 796//796 744//744
f 790//790 745//745 749//749
f 798//798 745//745 790//790
f 798//798 746//746 745//745
f 746//746 797//797 800//800
f 746//746 798//798 797//797
f 747//747 746//746 800//800
f 748//748 747//747 801//801
f 800//800 801//801 747//747
f 801//801 802//802 748//748
f 750//750 748//748 803//803
f 802//802 803//803 748//748
f 751//751 750//750 803//803
f 751//751 804//804 752//752
f 805//805 751//751 803//803
f 806//806 751//751 805//805
f 806//806 804//804 751//751
f 752//752 807//807 753//753
f 807//807 752//752 804//804
f 807//807 808//808 753//753
f 755//755 753//753 808//808
f 756//756 773//773 754//754
f 808//808 809//809 755//755
f 756//756 755//755 809//809
f 810//810 773//773 756//756
f 756//756 811//811 812//812
f 813//813 756//756 814//814
f 812//812 814//814 756//756
f 809//809 811//811 756//756
f 813//813 810//810 756//756
f 773//773 815//815 757//757
f 758//758 757//757 815//815
f 761//761 758//758 815//815
f 759//759 816//816 817//817
f 818//818 759//759 817//817
f 759//759 818//818 763//763
f 759//759 760//760 816//816
f 819//819 760//760 761//761
f 816//816 760//760 819//819
f 820//820 821//821 761//761
f 815//815 822//822 761//761
f 761//761 821//821 823//823
f 761//761 823//823 819//819
f 761//761 822//822 820//820
f 770//770 765//765 762//762
f 762//762 764//764 770//770
f 763//763 824//824 764//764
f 825//825 763//763 818//818
f 826//826 763//763 825//825
f 763//763 826//826 827//827
f 824//824 763//763 827//827
f 828//828 764//764 824//824
f 828//828 770//770 764//764
f 772//772 766//766 829//829
f 766//766 830//830 829//829
f 831//831 830//830 766//766
f 831//831 766//766 771//771
f 768//768 767//767 832//832
f 769//769 833//833 767//767
f 767//767 833//833 832//832
f 768//768 834//834 771//771
f 768//768 835//835 834//834
f 832//832 835//835 768//768
f 769//769 770//770 836//836
f 769//769 836//836 833//833
f 837//837 770//770 828//828
f 837//837 836//836 770//770
f 838//838 831//831 771//771
f 771//771 839//839 840//840
f 771//771 840//840 838//838
f 771//771 834//834 839//839
f 775//775 772//772 841//841
f 772//772 829//829 842//842
f 842//842 841//841 772//772
f 773//773 810//810 815//815
f 774//774 775//775 841//841
f 843//843 776//776 774//774
f 841//841 843//843 774//774
f 776//776 843//843 844//844
f 776//776 844//844 777//777
f 777//777 844//844 845//845
f 779//779 777//777 845//845
f 846//846 847//847 778//778
f 778//778 780//780 846//846
f 848//848 778//778 847//847
f 848//848 788//788 778//778
f 845//845 780//780 779//779
f 845//845 849//849 780//780
f 846//846 780//780 850//850
f 850//850 780//780 849//849
f 851//851 799//799 781//781
f 851//851 781//781 786//786
f 782//782 852//852 853//853
f 782//782 785//785 852//852
f 783//783 782//782 853//853
f 784//784 783//783 853//853
f 853//853 854//854 784//784
f 855//855 787//787 784//784
f 784//784 854//854 855//855
f 852//852 785//785 789//789
f 786//786 856//856 857//857
f 786//786 857//857 858//858
f 858//858 851//851 786//786
f 856//856 786//786 787//787
f 859//859 787//787 855//855
f 787//787 859//859 856//856
f 789//789 788//788 848//848
f 789//789 848//848 860//860
f 789//789 861//861 852//852
f 860//860 861//861 789//789
f 800//800 797//797 791//791
f 800//800 791//791 862//862
f 862//862 791//791 792//792
f 792//792 863//863 862//862
f 792//792 864//864 863//863
f 864//864 792//792 793//793
f 864//864 793//793 865//865
f 865//865 793//793 794//794
f 799//799 794//794 795//795
f 866//866 865//865 794//794
f 867//867 866//866 794//794
f 794//794 799//799 867//867
f 796//796 799//799 795//795
f 867//867 799//799 851//851
f 801//801 800//800 862//862
f 868//868 802//802 801//801
f 869//869 868//868 801//801
f 862//862 869//869 801//801
f 868//868 805//805 802//802
f 803//803 802//802 805//805
f 807//807 804//804 870//870
f 870//870 804//804 806//806
f 805//805 868//868 806//806
f 871//871 806//806 868//868
f 806//806 871//871 870//870
f 870//870 872//872 807//807
f 873//873 808//808 807//807
f 873//873 807//807 872//872
f 808//808 873//873 809//809
f 809//809 873//873 874//874
f 874//874 875//875 809//809
f 876//876 809//809 875//875
f 809//809 876//876 811//811
f 822//822 815//815 810//810
f 820//820 810//810 813//813
f 822//822 810//810 820//820
f 876//876 812//812 811//811
f 877//877 812//812 876//876
f 814//814 812//812 877//877
f 878//878 813//813 814//814
f 821//821 813//813 879//879
f 820//820 813//813 821//821
f 879//879 813//813 878//878
f 880//880 881//881 814//814
f 814//814 877//877 880//880
f 878//878 814//814 881//881
f 882//882 817//817 816//816
f 816//816 883//883 882//882
f 883//883 816//816 884//884
f 884//884 816//816 819//819
f 817//817 885//885 825//825
f 825//825 818//818 817//817
f 886//886 885//885 817//817
f 817//817 882//882 887//887
f 817//817 887//887 886//886
f 819//819 823//823 884//884
f 884//884 821//821 879//879
f 884//884 823//823 821//821
f 824//824 888//888 828//828
f 827//827 889//889 824//824
f 890//890 888//888 824//824
f 889//889 890//890 824//824
f 885//885 826//826 825//825
f 891//891 827//827 826//826
f 827//827 891//891 889//889
f 837//837 828//828 892//892
f 892//892 828//828 888//888
f 893//893 842//842 829//829
f 830//830 893//893 829//829
f 831//831 893//893 830//830
f 894//894 893//893 831//831
f 831//831 838//838 895//895
f 895//895 894//894 831//831
f 896//896 835//835 832//832
f 832//832 897//897 896//896
f 897//897 832//832 833//833
f 898//898 833//833 836//836
f 833//833 898//898 897//897
f 899//899 839//839 834//834
f 900//900 834//834 835//835
f 899//899 834//834 900//900
f 900//900 835//835 896//896
f 836//836 901//901 898//898
f 901//901 836//836 837//837
f 837//837 892//892 901//901
f 902//902 838//838 840//840
f 895//895 838//838 902//902
f 899//899 840//840 839//839
f 840//840 899//899 903//903
f 903//903 902//902 840//840
f 842//842 904//904 841//841
f 841//841 904//904 843//843
f 904//904 842//842 905//905
f 905//905 842//842 893//893
f 843//843 906//906 844//844
f 843//843 904//904 906//906
f 907//907 844//844 906//906
f 845//845 844//844 907//907
f 845//845 907//907 908//908
f 845//845 908//908 909//909
f 849//849 845//845 909//909
f 910//910 847//847 846//846
f 846//846 911//911 910//910
f 850//850 911//911 846//846
f 847//847 910//910 912//912
f 913//913 847//847 912//912
f 848//848 847//847 913//913
f 848//848 913//913 860//860
f 909//909 914//914 849//849
f 914//914 915//915 849//849
f 916//916 849//849 915//915
f 849//849 916//916 850//850
f 916//916 911//911 850//850
f 858//858 867//867 851//851
f 853//853 852//852 854//854
f 854//854 852//852 855//855
f 855//855 852//852 861//861
f 917//917 918//918 855//855
f 855//855 918//918 859//859
f 855//855 861//861 917//917
f 919//919 857//857 856//856
f 919//919 856//856 920//920
f 920//920 856//856 859//859
f 858//858 857//857 921//921
f 919//919 922//922 857//857
f 857//857 923//923 921//921
f 857//857 922//922 923//923
f 924//924 858//858 925//925
f 924//924 867//867 858//858
f 921//921 925//925 858//858
f 926//926 927//927 859//859
f 859//859 918//918 926//926
f 927//927 920//920 859//859
f 928//928 861//861 860//860
f 860//860 913//913 929//929
f 860//860 930//930 931//931
f 929//929 930//930 860//860
f 860//860 931//931 928//928
f 928//928 917//917 861//861
f 862//862 932//932 869//869
f 863//863 932//932 862//862
f 933//933 863//863 864//864
f 932//932 863//863 933//933
f 934//934 933//933 864//864
f 934//934 864//864 865//865
f 935//935 934//934 865//865
f 935//935 865//865 866//866
f 935//935 866//866 936//936
f 924//924 866//866 867//867
f 936//936 866//866 924//924
f 868//868 869//869 937//937
f 937//937 871//871 868//868
f 869//869 932//932 937//937
f 872//872 870//870 871//871
f 871//871 938//938 872//872
f 938//938 871//871 937//937
f 939//939 872//872 938//938
f 873//873 872//872 939//939
f 939//939 874//874 873//873
f 940//940 875//875 874//874
f 939//939 940//940 874//874
f 876//876 875//875 940//940
f 876//876 940//940 877//877
f 941//941 880//880 877//877
f 877//877 940//940 939//939
f 941//941 877//877 939//939
f 878//878 881//881 942//942
f 942//942 943//943 878//878
f 943//943 944//944 878//878
f 878//878 944//944 879//879
f 944//944 945//945 879//879
f 946//946 879//879 945//945
f 884//884 879//879 946//946
f 880//880 947//947 881//881
f 948//948 949//949 880//880
f 880//880 941//941 948//948
f 949//949 947//947 880//880
f 942//942 881//881 947//947
f 950//950 882//882 883//883
f 882//882 950//950 951//951
f 952//952 887//887 882//882
f 882//882 953//953 952//952
f 951//951 953//953 882//882
f 950//950 883//883 954//954
f 955//955 883//883 956//956
f 884//884 956//956 883//883
f 883//883 955//955 954//954
f 946//946 956//956 884//884
f 886//886 826//826 885//885
f 957//957 826//826 886//886
f 886//886 887//887 958//958
f 886//886 958//958 957//957
f 887//887 952//952 958//958
f 892//892 888//888 959//959
f 959//959 888//888 890//890
f 889//889 960//960 961//961
f 891//891 960//960 889//889
f 889//889 961//961 890//890
f 890//890 961//961 962//962
f 890//890 962//962 959//959
f 826//826 957//957 891//891
f 891//891 957//957 960//960
f 963//963 892//892 959//959
f 901//901 892//892 964//964
f 892//892 963//963 964//964
f 905//905 893//893 894//894
f 965//965 905//905 894//894
f 965//965 894//894 895//895
f 965//965 895//895 966//966
f 966//966 895//895 902//902
f 967//967 900//900 896//896
f 967//967 896//896 968//968
f 896//896 897//897 968//968
f 898//898 969//969 897//897
f 970//970 897//897 969//969
f 897//897 970//970 968//968
f 898//898 964//964 969//969
f 901//901 964//964 898//898
f 903//903 899//899 971//971
f 900//900 971//971 899//899
f 971//971 900//900 967//967
f 966//966 902//902 903//903
f 966//966 903//903 972//972
f 903//903 971//971 972//972
f 905//905 906//906 904//904
f 907//907 906//906 905//905
f 905//905 965//965 907//907
f 908//908 907//907 965//965
f 908//908 965//965 966//966
f 973//973 908//908 966//966
f 908//908 973//973 909//909
f 909//909 974//974 914//914
f 973//973 974//974 909//909
f 912//912 910//910 975//975
f 911//911 976//976 910//910
f 976//976 975//975 910//910
f 911//911 977//977 976//976
f 916//916 977//977 911//911
f 978//978 912//912 975//975
f 979//979 913//913 912//912
f 980//980 979//979 912//912
f 912//912 978//978 980//980
f 979//979 981//981 913//913
f 913//913 981//981 982//982
f 982//982 929//929 913//913
f 914//914 983//983 915//915
f 914//914 984//984 983//983
f 974//974 984//984 914//914
f 983//983 985//985 915//915
f 916//916 915//915 985//985
f 916//916 985//985 986//986
f 986//986 977//977 916//916
f 926//926 918//918 917//917
f 917//917 987//987 926//926
f 988//988 987//987 917//917
f 917//917 928//928 988//988
f 919//919 989//989 922//922
f 990//990 989//989 919//919
f 991//991 990//990 919//919
f 919//919 920//920 991//991
f 920//920 927//927 991//991
f 992//992 921//921 993//993
f 921//921 992//992 925//925
f 994//994 993//993 921//921
f 923//923 994//994 921//921
f 922//922 995//995 923//923
f 989//989 995//995 922//922
f 923//923 996//996 994//994
f 995//995 996//996 923//923
f 925//925 997//997 924//924
f 998//998 936//936 924//924
f 998//998 924//924 997//997
f 925//925 992//992 997//997
f 927//927 926//926 999//999
f 987//987 999//999 926//926
f 991//991 927//927 999//999
f 988//988 928//928 931//931
f 929//929 982//982 930//930
f 931//931 930//930 1000//1000
f 930//930 1001//1001 1000//1000
f 930//930 982//982 1001//1001
f 1002//1002 988//988 931//931
f 1002//1002 931//931 1000//1000
f 932//932 1003//1003 1004//1004
f 933//933 1003//1003 932//932
f 937//937 932//932 1004//1004
f 934//934 1003//1003 933//933
f 1003//1003 934//934 1005//1005
f 934//934 935//935 1006//1006
f 934//934 1006//1006 1007//1007
f 1007//1007 1005//1005 934//934
f 936//936 1006//1006 935//935
f 1006//1006 936//936 998//998
f 1004//1004 1008//1008 937//937
f 938//938 937//937 1008//1008
f 1008//1008 939//939 938//938
f 939//939 1009//1009 1010//1010
f 1009//1009 939//939 1008//1008
f 1010//1010 941//941 939//939
f 1011//1011 941//941 1010//1010
f 1011//1011 948//948 941//941
f 942//942 1012//1012 943//943
f 947//947 1013//1013 942//942
f 942//942 1013//1013 1012//1012
f 943//943 1014//1014 944//944
f 943//943 1012//1012 1014//1014
f 945//945 944//944 1015//1015
f 944//944 1014//1014 1015//1015
f 1015//1015 1016//1016 945//945
f 1017//1017 945//945 1016//1016
f 945//945 1017//1017 1018//1018
f 946//946 945//945 1018//1018
f 1019//1019 956//956 946//946
f 946//946 1018//1018 1019//1019
f 947//947 949//949 1013//1013
f 948//948 1011//1011 949//949
f 1020//1020 1013//1013 949//949
f 1011//1011 1021//1021 949//949
f 949//949 1021//1021 1020//1020
f 1022//1022 950//950 954//954
f 1022//1022 1023//1023 950//950
f 950//950 1023//1023 951//951
f 1024//1024 951//951 1023//1023
f 953//953 951//951 1024//1024
f 958//958 952//952 1025//1025
f 952//952 953//953 1026//1026
f 952//952 1026//1026 1025//1025
f 1027//1027 953//953 1024//1024
f 1026//1026 953//953 1027//1027
f 955//955 1028//1028 954//954
f 1028//1028 1029//1029 954//954
f 954//954 1029//1029 1030//1030
f 1030//1030 1022//1022 954//954
f 956//956 1019//1019 955//955
f 1031//1031 1032//1032 955//955
f 955//955 1019//1019 1031//1031
f 955//955 1032//1032 1033//1033
f 1028//1028 955//955 1033//1033
f 957//957 958//958 1034//1034
f 957//957 1034//1034 960//960
f 958//958 1025//1025 1034//1034
f 959//959 962//962 963//963
f 1035//1035 961//961 960//960
f 960//960 1034//1034 1035//1035
f 961//961 1035//1035 962//962
f 962//962 1035//1035 1036//1036
f 1036//1036 963//963 962//962
f 963//963 1036//1036 1037//1037
f 964//964 963//963 1038//1038
f 1037//1037 1038//1038 963//963
f 1038//1038 970//970 964//964
f 964//964 970//970 969//969
f 972//972 973//973 966//966
f 967//967 1039//1039 971//971
f 967//967 968//968 1039//1039
f 1039//1039 968//968 1040//1040
f 968//968 970//970 1041//1041
f 1041//1041 1040//1040 968//968
f 1041//1041 970//970 1038//1038
f 972//972 971//971 1039//1039
f 972//972 1042//1042 973//973
f 1039//1039 1042//1042 972//972
f 973//973 1042//1042 974//974
f 1042//1042 984//984 974//974
f 975//975 977//977 1043//1043
f 1044//1044 975//975 1045//1045
f 1045//1045 975//975 1043//1043
f 978//978 975//975 1044//1044
f 975//975 976//976 977//977
f 1046//1046 977//977 986//986
f 1046//1046 1043//1043 977//977
f 1044//1044 980//980 978//978
f 1047//1047 979//979 980//980
f 979//979 1047//1047 981//981
f 980//980 1044//1044 1048//1048
f 1048//1048 1047//1047 980//980
f 981//981 1049//1049 1050//1050
f 1047//1047 1049//1049 981//981
f 982//982 981//981 1050//1050
f 982//982 1051//1051 1001//1001
f 1050//1050 1051//1051 982//982
f 983//983 1052//1052 985//985
f 984//984 1052//1052 983//983
f 1053//1053 984//984 1042//1042
f 1053//1053 1052//1052 984//984
f 985//985 1052//1052 1054//1054
f 1054//1054 986//986 985//985
f 1046//1046 986//986 1054//1054
f 988//988 1055//1055 987//987
f 987//987 1056//1056 1057//1057
f 1058//1058 1056//1056 987//987
f 999//999 987//987 1057//1057
f 987//987 1055//1055 1058//1058
f 1002//1002 1055//1055 988//988
f 989//989 1059//1059 995//995
f 1060//1060 1059//1059 989//989
f 989//989 990//990 1060//1060
f 1060//1060 990//990 1061//1061
f 990//990 991//991 1061//1061
f 1062//1062 1061//1061 991//991
f 999//999 1062//1062 991//991
f 993//993 1063//1063 992//992
f 1064//1064 992//992 1063//1063
f 998//998 997//997 992//992
f 992//992 1064//1064 998//998
f 1063//1063 993//993 1065//1065
f 993//993 1066//1066 1065//1065
f 993//993 994//994 1066//1066
f 994//994 1067//1067 1066//1066
f 996//996 1067//1067 994//994
f 995//995 1068//1068 996//996
f 1059//1059 1068//1068 995//995
f 996//996 1069//1069 1067//1067
f 1068//1068 1069//1069 996//996
f 1007//1007 1006//1006 998//998
f 998//998 1070//1070 1071//1071
f 998//998 1071//1071 1007//1007
f 1064//1064 1070//1070 998//998
f 999//999 1057//1057 1062//1062
f 1000//1000 1072//1072 1002//1002
f 1000//1000 1073//1073 1072//1072
f 1000//1000 1001//1001 1074//1074
f 1000//1000 1074//1074 1073//1073
f 1051//1051 1075//1075 1001//1001
f 1001//1001 1075//1075 1076//1076
f 1001//1001 1076//1076 1074//1074
f 1002//1002 1077//1077 1078//1078
f 1072//1072 1077//1077 1002//1002
f 1055//1055 1002//1002 1078//1078
f 1004//1004 1003//1003 1008//1008
f 1005//1005 1079//1079 1003//1003
f 1003//1003 1079//1079 1008//1008
f 1005//1005 1080//1080 1079//1079
f 1080//1080 1005//1005 1007//1007
f 1071//1071 1081//1081 1007//1007
f 1007//1007 1081//1081 1080//1080
f 1008//1008 1082//1082 1009//1009
f 1079//1079 1082//1082 1008//1008
f 1010//1010 1009//1009 1082//1082
f 1083//1083 1011//1011 1010//1010
f 1082//1082 1084//1084 1010//1010
f 1010//1010 1085//1085 1083//1083
f 1084//1084 1085//1085 1010//1010
f 1011//1011 1086//1086 1021//1021
f 1083//1083 1086//1086 1011//1011
f 1020//1020 1087//1087 1012//1012
f 1088//1088 1089//1089 1012//1012
f 1014//1014 1012//1012 1089//1089
f 1087//1087 1088//1088 1012//1012
f 1012//1012 1013//1013 1020//1020
f 1016//1016 1014//1014 1089//1089
f 1015//1015 1014//1014 1016//1016
f 1016//1016 1090//1090 1017//1017
f 1016//1016 1091//1091 1090//1090
f 1089//1089 1091//1091 1016//1016
f 1017//1017 1092//1092 1018//1018
f 1017//1017 1090//1090 1092//1092
f 1019//1019 1018//1018 1093//1093
f 1018//1018 1092//1092 1094//1094
f 1018//1018 1094//1094 1093//1093
f 1019//1019 1095//1095 1031//1031
f 1019//1019 1093//1093 1096//1096
f 1096//1096 1095//1095 1019//1019
f 1021//1021 1097//1097 1020//1020
f 1087//1087 1020//1020 1097//1097
f 1098//1098 1021//1021 1086//1086
f 1097//1097 1021//1021 1098//1098
f 1030//1030 1099//1099 1022//1022
f 1022//1022 1099//1099 1023//1023
f 1023//1023 1099//1099 1100//1100
f 1023//1023 1100//1100 1024//1024
f 1024//1024 1100//1100 1101//1101
f 1024//1024 1101//1101 1027//1027
f 1034//1034 1025//1025 1102//1102
f 1102//1102 1025//1025 1026//1026
f 1026//1026 1027//1027 1103//1103
f 1103//1103 1102//1102 1026//1026
f 1027//1027 1104//1104 1105//1105
f 1027//1027 1101//1101 1104//1104
f 1105//1105 1103//1103 1027//1027
f 1028//1028 1106//1106 1029//1029
f 1033//1033 1106//1106 1028//1028
f 1029//1029 1106//1106 1107//1107
f 1029//1029 1107//1107 1108//1108
f 1029//1029 1108//1108 1099//1099
f 1029//1029 1099//1099 1030//1030
f 1032//1032 1031//1031 1095//1095
f 1095//1095 1109//1109 1032//1032
f 1032//1032 1109//1109 1110//1110
f 1032//1032 1110//1110 1033//1033
f 1033//1033 1110//1110 1111//1111
f 1106//1106 1033//1033 1111//1111
f 1112//1112 1035//1035 1034//1034
f 1102//1102 1112//1112 1034//1034
f 1036//1036 1035//1035 1113//1113
f 1113//1113 1035//1035 1112//1112
f 1114//1114 1037//1037 1036//1036
f 1036//1036 1113//1113 1114//1114
f 1115//1115 1116//1116 1037//1037
f 1116//1116 1117//1117 1037//1037
f 1038//1038 1037//1037 1117//1117
f 1037//1037 1114//1114 1115//1115
f 1118//1118 1041//1041 1038//1038
f 1038//1038 1117//1117 1119//1119
f 1119//1119 1118//1118 1038//1038
f 1042//1042 1039//1039 1120//1120
f 1039//1039 1040//1040 1041//1041
f 1041//1041 1118//1118 1039//1039
f 1118//1118 1120//1120 1039//1039
f 1053//1053 1042//1042 1120//1120
f 1046//1046 1121//1121 1043//1043
f 1043//1043 1121//1121 1122//1122
f 1045//1045 1043//1043 1122//1122
f 1045//1045 1123//1123 1044//1044
f 1048//1048 1044//1044 1124//1124
f 1123//1123 1124//1124 1044//1044
f 1123//1123 1045//1045 1122//1122
f 1054//1054 1121//1121 1046//1046
f 1047//1047 1125//1125 1049//1049
f 1048//1048 1125//1125 1047//1047
f 1124//1124 1125//1125 1048//1048
f 1049//1049 1126//1126 1050//1050
f 1049//1049 1127//1127 1126//1126
f 1125//1125 1127//1127 1049//1049
f 1050//1050 1126//1126 1051//1051
f 1051//1051 1128//1128 1075//1075
f 1126//1126 1128//1128 1051//1051
f 1052//1052 1053//1053 1129//1129
f 1129//1129 1054//1054 1052//1052
f 1129//1129 1053//1053 1120//1120
f 1054//1054 1129//1129 1130//1130
f 1054//1054 1130//1130 1121//1121
f 1055//1055 1131//1131 1058//1058
f 1078//1078 1131//1131 1055//1055
f 1056//1056 1132//1132 1057//1057
f 1056//1056 1133//1133 1132//1132
f 1134//1134 1133//1133 1056//1056
f 1058//1058 1134//1134 1056//1056
f 1057//1057 1132//1132 1135//1135
f 1062//1062 1057//1057 1135//1135
f 1131//1131 1134//1134 1058//1058
f 1059//1059 1136//1136 1068//1068
f 1137//1137 1136//1136 1059//1059
f 1060//1060 1137//1137 1059//1059
f 1137//1137 1060//1060 1138//1138
f 1138//1138 1060//1060 1139//1139
f 1060//1060 1061//1061 1139//1139
f 1061//1061 1140//1140 1139//1139
f 1061//1061 1062//1062 1140//1140
f 1062//1062 1141//1141 1140//1140
f 1135//1135 1141//1141 1062//1062
f 1142//1142 1063//1063 1065//1065
f 1064//1064 1063//1063 1142//1142
f 1070//1070 1064//1064 1143//1143
f 1142//1142 1143//1143 1064//1064
f 1065//1065 1066//1066 1142//1142
f 1142//1142 1066//1066 1067//1067
f 1142//1142 1067//1067 1069//1069
f 1136//1136 1069//1069 1068//1068
f 1069//1069 1144//1144 1142//1142
f 1144//1144 1069//1069 1136//1136
f 1071//1071 1070//1070 1143//1143
f 1145//1145 1081//1081 1071//1071
f 1143//1143 1145//1145 1071//1071
f 1072//1072 1146//1146 1077//1077
f 1147//1147 1146//1146 1072//1072
f 1147//1147 1072//1072 1073//1073
f 1073//1073 1074//1074 1147//1147
f 1074//1074 1076//1076 1147//1147
f 1075//1075 1148//1148 1076//1076
f 1148//1148 1075//1075 1128//1128
f 1076//1076 1148//1148 1149//1149
f 1149//1149 1147//1147 1076//1076
f 1077//1077 1150//1150 1078//1078
f 1146//1146 1150//1150 1077//1077
f 1078//1078 1150//1150 1131//1131
f 1080//1080 1082//1082 1079//1079
f 1082//1082 1080//1080 1084//1084
f 1081//1081 1084//1084 1080//1080
f 1151//1151 1084//1084 1081//1081
f 1081//1081 1145//1145 1151//1151
f 1083//1083 1152//1152 1086//1086
f 1085//1085 1152//1152 1083//1083
f 1153//1153 1085//1085 1084//1084
f 1084//1084 1154//1154 1153//1153
f 1151//1151 1154//1154 1084//1084
f 1085//1085 1153//1153 1152//1152
f 1155//1155 1086//1086 1152//1152
f 1098//1098 1086//1086 1155//1155
f 1087//1087 1097//1097 1088//1088
f 1089//1089 1088//1088 1091//1091
f 1097//1097 1156//1156 1088//1088
f 1157//1157 1091//1091 1088//1088
f 1157//1157 1088//1088 1156//1156
f 1158//1158 1092//1092 1090//1090
f 1159//1159 1090//1090 1091//1091
f 1158//1158 1090//1090 1159//1159
f 1159//1159 1091//1091 1157//1157
f 1094//1094 1092//1092 1160//1160
f 1160//1160 1092//1092 1158//1158
f 1093//1093 1161//1161 1096//1096
f 1093//1093 1094//1094 1161//1161
f 1161//1161 1094//1094 1162//1162
f 1094//1094 1160//1160 1162//1162
f 1096//1096 1163//1163 1095//1095
f 1095//1095 1163//1163 1109//1109
f 1161//1161 1164//1164 1096//1096
f 1096//1096 1164//1164 1163//1163
f 1097//1097 1098//1098 1165//1165
f 1097//1097 1165//1165 1156//1156
f 1098//1098 1166//1166 1167//1167
f 1098//1098 1155//1155 1166//1166
f 1165//1165 1098//1098 1167//1167
f 1168//1168 1099//1099 1108//1108
f 1100//1100 1099//1099 1168//1168
f 1101//1101 1100//1100 1169//1169
f 1169//1169 1100//1100 1168//1168
f 1170//1170 1101//1101 1169//1169
f 1104//1104 1101//1101 1170//1170
f 1112//1112 1102//1102 1171//1171
f 1103//1103 1171//1171 1102//1102
f 1103//1103 1172//1172 1171//1171
f 1172//1172 1103//1103 1173//1173
f 1105//1105 1173//1173 1103//1103
f 1105//1105 1104//1104 1174//1174
f 1174//1174 1104//1104 1170//1170
f 1173//1173 1105//1105 1174//1174
f 1107//1107 1106//1106 1175//1175
f 1176//1176 1175//1175 1106//1106
f 1111//1111 1176//1176 1106//1106
f 1108//1108 1107//1107 1175//1175
f 1175//1175 1177//1177 1108//1108
f 1108//1108 1177//1177 1168//1168
f 1109//1109 1163//1163 1178//1178
f 1110//1110 1109//1109 1179//1179
f 1109//1109 1178//1178 1179//1179
f 1110//1110 1179//1179 1111//1111
f 1111//1111 1179//1179 1180//1180
f 1180//1180 1176//1176 1111//1111
f 1112//1112 1171//1171 1181//1181
f 1113//1113 1112//1112 1181//1181
f 1113//1113 1182//1182 1114//1114
f 1181//1181 1182//1182 1113//1113
f 1114//1114 1182//1182 1183//1183
f 1115//1115 1114//1114 1183//1183
f 1116//1116 1115//1115 1184//1184
f 1183//1183 1184//1184 1115//1115
f 1117//1117 1116//1116 1184//1184
f 1185//1185 1117//1117 1186//1186
f 1187//1187 1188//1188 1117//1117
f 1119//1119 1117//1117 1185//1185
f 1117//1117 1184//1184 1187//1187
f 1117//1117 1188//1188 1186//1186
f 1120//1120 1118//1118 1129//1129
f 1129//1129 1118//1118 1119//1119
f 1129//1129 1119//1119 1130//1130
f 1130//1130 1119//1119 1185//1185
f 1121//1121 1186//1186 1122//1122
f 1186//1186 1121//1121 1130//1130
f 1122//1122 1186//1186 1123//1123
f 1186//1186 1188//1188 1123//1123
f 1123//1123 1188//1188 1124//1124
f 1127//1127 1125//1125 1124//1124
f 1124//1124 1188//1188 1127//1127
f 1128//1128 1126//1126 1127//1127
f 1188//1188 1187//1187 1127//1127
f 1189//1189 1128//1128 1127//1127
f 1127//1127 1187//1187 1189//1189
f 1128//1128 1189//1189 1148//1148
f 1130//1130 1185//1185 1186//1186
f 1131//1131 1190//1190 1134//1134
f 1150//1150 1190//1190 1131//1131
f 1132//1132 1191//1191 1135//1135
f 1133//1133 1191//1191 1132//1132
f 1133//1133 1190//1190 1192//1192
f 1193//1193 1191//1191 1133//1133
f 1190//1190 1133//1133 1134//1134
f 1193//1193 1133//1133 1194//1194
f 1133//1133 1192//1192 1194//1194
f 1135//1135 1191//1191 1141//1141
f 1195//1195 1136//1136 1196//1196
f 1136//1136 1195//1195 1144//1144
f 1196//1196 1136//1136 1137//1137
f 1196//1196 1137//1137 1138//1138
f 1138//1138 1193//1193 1196//1196
f 1138//1138 1141//1141 1193//1193
f 1138//1138 1140//1140 1141//1141
f 1139//1139 1140//1140 1138//1138
f 1193//1193 1141//1141 1191//1191
f 1143//1143 1142//1142 1144//1144
f 1143//1143 1197//1197 1145//1145
f 1144//1144 1197//1197 1143//1143
f 1195//1195 1197//1197 1144//1144
f 1151//1151 1145//1145 1167//1167
f 1198//1198 1167//1167 1145//1145
f 1197//1197 1198//1198 1145//1145
f 1146//1146 1199//1199 1190//1190
f 1190//1190 1150//1150 1146//1146
f 1146//1146 1149//1149 1199//1199
f 1149//1149 1146//1146 1147//1147
f 1148//1148 1189//1189 1199//1199
f 1148//1148 1199//1199 1149//1149
f 1166//1166 1154//1154 1151//1151
f 1167//1167 1166//1166 1151//1151
f 1155//1155 1152//1152 1153//1153
f 1153//1153 1154//1154 1155//1155
f 1166//1166 1155//1155 1154//1154
f 1200//1200 1157//1157 1156//1156
f 1200//1200 1156//1156 1165//1165
f 1201//1201 1159//1159 1157//1157
f 1201//1201 1157//1157 1200//1200
f 1202//1202 1203//1203 1158//1158
f 1160//1160 1158//1158 1203//1203
f 1159//1159 1204//1204 1158//1158
f 1158//1158 1204//1204 1205//1205
f 1158//1158 1205//1205 1202//1202
f 1204//1204 1159//1159 1201//1201
f 1162//1162 1160//1160 1203//1203
f 1161//1161 1206//1206 1164//1164
f 1162//1162 1206//1206 1161//1161
f 1162//1162 1207//1207 1206//1206
f 1203//1203 1207//1207 1162//1162
f 1163//1163 1164//1164 1208//1208
f 1209//1209 1163//1163 1208//1208
f 1178//1178 1163//1163 1209//1209
f 1210//1210 1164//1164 1206//1206
f 1208//1208 1164//1164 1210//1210
f 1165//1165 1167//1167 1211//1211
f 1212//1212 1165//1165 1211//1211
f 1213//1213 1165//1165 1212//1212
f 1213//1213 1200//1200 1165//1165
f 1211//1211 1167//1167 1198//1198
f 1169//1169 1168//1168 1214//1214
f 1168//1168 1177//1177 1215//1215
f 1168//1168 1215//1215 1214//1214
f 1216//1216 1169//1169 1214//1214
f 1170//1170 1169//1169 1217//1217
f 1217//1217 1169//1169 1216//1216
f 1218//1218 1170//1170 1217//1217
f 1174//1174 1170//1170 1218//1218
f 1181//1181 1171//1171 1219//1219
f 1219//1219 1171//1171 1172//1172
f 1220//1220 1172//1172 1221//1221
f 1173//1173 1221//1221 1172//1172
f 1219//1219 1172//1172 1220//1220
f 1218//1218 1221//1221 1173//1173
f 1173//1173 1174//1174 1218//1218
f 1175//1175 1176//1176 1222//1222
f 1175//1175 1222//1222 1177//1177
f 1176//1176 1180//1180 1223//1223
f 1224//1224 1176//1176 1223//1223
f 1222//1222 1176//1176 1224//1224
f 1177//1177 1222//1222 1225//1225
f 1226//1226 1177//1177 1225//1225
f 1215//1215 1177//1177 1226//1226
f 1179//1179 1178//1178 1227//1227
f 1178//1178 1209//1209 1227//1227
f 1179//1179 1227//1227 1228//1228
f 1179//1179 1228//1228 1180//1180
f 1228//1228 1229//1229 1180//1180
f 1223//1223 1180//1180 1230//1230
f 1230//1230 1180//1180 1229//1229
f 1182//1182 1181//1181 1219//1219
f 1220//1220 1183//1183 1182//1182
f 1182//1182 1219//1219 1220//1220
f 1183//1183 1220//1220 1231//1231
f 1184//1184 1183//1183 1231//1231
f 1184//1184 1232//1232 1187//1187
f 1184//1184 1231//1231 1232//1232
f 1233//1233 1187//1187 1234//1234
f 1232//1232 1234//1234 1187//1187
f 1189//1189 1187//1187 1233//1233
f 1199//1199 1189//1189 1192//1192
f 1235//1235 1192//1192 1189//1189
f 1233//1233 1235//1235 1189//1189
f 1199//1199 1192//1192 1190//1190
f 1192//1192 1235//1235 1236//1236
f 1236//1236 1194//1194 1192//1192
f 1194//1194 1196//1196 1193//1193
f 1194//1194 1237//1237 1238//1238
f 1238//1238 1195//1195 1194//1194
f 1194//1194 1236//1236 1237//1237
f 1194//1194 1195//1195 1196//1196
f 1239//1239 1197//1197 1195//1195
f 1238//1238 1239//1239 1195//1195
f 1211//1211 1198//1198 1197//1197
f 1211//1211 1197//1197 1239//1239
f 1240//1240 1201//1201 1200//1200
f 1241//1241 1200//1200 1213//1213
f 1241//1241 1240//1240 1200//1200
f 1240//1240 1204//1204 1201//1201
f 1203//1203 1202//1202 1207//1207
f 1242//1242 1207//1207 1202//1202
f 1205//1205 1242//1242 1202//1202
f 1204//1204 1240//1240 1205//1205
f 1242//1242 1205//1205 1240//1240
f 1243//1243 1206//1206 1207//1207
f 1210//1210 1206//1206 1243//1243
f 1243//1243 1207//1207 1242//1242
f 1244//1244 1208//1208 1210//1210
f 1209//1209 1208//1208 1244//1244
f 1227//1227 1209//1209 1245//1245
f 1244//1244 1246//1246 1209//1209
f 1209//1209 1246//1246 1247//1247
f 1209//1209 1247//1247 1245//1245
f 1248//1248 1210//1210 1243//1243
f 1244//1244 1210//1210 1248//1248
f 1211//1211 1239//1239 1238//1238
f 1238//1238 1212//1212 1211//1211
f 1249//1249 1212//1212 1237//1237
f 1237//1237 1212//1212 1238//1238
f 1213//1213 1212//1212 1249//1249
f 1250//1250 1241//1241 1213//1213
f 1249//1249 1251//1251 1213//1213
f 1213//1213 1251//1251 1250//1250
f 1216//1216 1214//1214 1252//1252
f 1214//1214 1215//1215 1252//1252
f 1252//1252 1215//1215 1226//1226
f 1217//1217 1216//1216 1252//1252
f 1253//1253 1217//1217 1254//1254
f 1218//1218 1217//1217 1253//1253
f 1217//1217 1252//1252 1254//1254
f 1218//1218 1255//1255 1221//1221
f 1255//1255 1218//1218 1253//1253
f 1256//1256 1220//1220 1221//1221
f 1256//1256 1231//1231 1220//1220
f 1221//1221 1255//1255 1256//1256
f 1257//1257 1222//1222 1224//1224
f 1225//1225 1222//1222 1257//1257
f 1258//1258 1223//1223 1230//1230
f 1224//1224 1223//1223 1258//1258
f 1257//1257 1224//1224 1258//1258
f 1259//1259 1225//1225 1257//1257
f 1226//1226 1225//1225 1259//1259
f 1259//1259 1252//1252 1226//1226
f 1227//1227 1229//1229 1228//1228
f 1227//1227 1260//1260 1229//1229
f 1245//1245 1260//1260 1227//1227
f 1261//1261 1229//1229 1260//1260
f 1229//1229 1261//1261 1230//1230
f 1262//1262 1230//1230 1261//1261
f 1262//1262 1258//1258 1230//1230
f 1234//1234 1231//1231 1256//1256
f 1231//1231 1234//1234 1232//1232
f 1233//1233 1234//1234 1263//1263
f 1233//1233 1264//1264 1235//1235
f 1263//1263 1264//1264 1233//1233
f 1256//1256 1263//1263 1234//1234
f 1236//1236 1235//1235 1265//1265
f 1235//1235 1264//1264 1265//1265
f 1265//1265 1249//1249 1236//1236
f 1237//1237 1236//1236 1249//1249
f 1266//1266 1242//1242 1240//1240
f 1240//1240 1241//1241 1266//1266
f 1266//1266 1241//1241 1250//1250
f 1266//1266 1267//1267 1242//1242
f 1267//1267 1243//1243 1242//1242
f 1248//1248 1243//1243 1267//1267
f 1268//1268 1244//1244 1248//1248
f 1246//1246 1244//1244 1268//1268
f 1247//1247 1260//1260 1245//1245
f 1262//1262 1246//1246 1250//1250
f 1246//1246 1268//1268 1250//1250
f 1262//1262 1247//1247 1246//1246
f 1262//1262 1261//1261 1247//1247
f 1247//1247 1261//1261 1260//1260
f 1267//1267 1268//1268 1248//1248
f 1269//1269 1249//1249 1264//1264
f 1269//1269 1251//1251 1249//1249
f 1264//1264 1249//1249 1265//1265
f 1250//1250 1268//1268 1266//1266
f 1251//1251 1270//1270 1250//1250
f 1262//1262 1250//1250 1270//1270
f 1251//1251 1269//1269 1271//1271
f 1271//1271 1270//1270 1251//1251
f 1254//1254 1252//1252 1259//1259
f 1254//1254 1259//1259 1253//1253
f 1272//1272 1273//1273 1253//1253
f 1273//1273 1255//1255 1253//1253
f 1272//1272 1253//1253 1259//1259
f 1255//1255 1274//1274 1256//1256
f 1255//1255 1273//1273 1274//1274
f 1274//1274 1263//1263 1256//1256
f 1275//1275 1257//1257 1258//1258
f 1275//1275 1259//1259 1257//1257
f 1258//1258 1262//1262 1275//1275
f 1270//1270 1259//1259 1275//1275
f 1272//1272 1259//1259 1270//1270
f 1275//1275 1262//1262 1270//1270
f 1263//1263 1274//1274 1269//1269
f 1264//1264 1263//1263 1269//1269
f 1268//1268 1267//1267 1266//1266
f 1274//1274 1271//1271 1269//1269
f 1270//1270 1271//1271 1272//1272
f 1273//1273 1271//1271 1274//1274
f 1271//1271 1273//1273 1272//1272
