# Blender 4.0.2
# www.blender.org
mtllib 4mc_l.mtl
o 4mc_l
v -0.004668 -0.027361 -0.003138
v -0.004070 -0.027294 -0.002691
v -0.003856 -0.025683 -0.002522
v -0.004248 -0.023903 -0.002865
v -0.003165 -0.025465 -0.002199
v -0.003244 -0.024151 -0.002142
v -0.003905 -0.024367 -0.002557
v -0.004123 -0.027848 -0.002678
v -0.005047 -0.025877 -0.003672
v -0.005391 -0.028010 -0.003942
v -0.004917 -0.028195 -0.003310
v -0.004672 -0.024319 -0.003330
v -0.004068 -0.023966 -0.002662
v -0.004669 -0.023186 -0.003418
v -0.004298 -0.022215 -0.002939
v -0.002955 -0.027495 -0.002201
v -0.002564 -0.026426 -0.002147
v -0.002850 -0.022581 -0.001858
v -0.003546 -0.022991 -0.002251
v -0.004191 -0.028391 -0.002715
v -0.003819 -0.029008 -0.002574
v -0.003076 -0.028439 -0.002259
v -0.004905 -0.024788 -0.003617
v -0.004941 -0.024770 -0.003684
v -0.005621 -0.027320 -0.004440
v -0.005602 -0.030202 -0.004006
v -0.005979 -0.029433 -0.004795
v -0.005348 -0.029738 -0.003698
v -0.005835 -0.027773 -0.004811
v -0.006019 -0.028828 -0.004989
v -0.004727 -0.029375 -0.003081
v -0.004753 -0.023715 -0.003505
v -0.004835 -0.024245 -0.003590
v -0.003643 -0.021876 -0.002230
v -0.004704 -0.021983 -0.003797
v -0.004199 -0.021699 -0.002803
v -0.004772 -0.023706 -0.003538
v -0.004888 -0.023637 -0.003790
v -0.002537 -0.028084 -0.002197
v -0.002192 -0.024263 -0.002011
v -0.002378 -0.022636 -0.001775
v -0.002561 -0.022076 -0.001736
v -0.002907 -0.020942 -0.001712
v -0.002452 -0.021008 -0.001581
v -0.001718 -0.023939 -0.002079
v -0.001394 -0.025897 -0.002419
v -0.004113 -0.029517 -0.002679
v -0.003254 -0.029680 -0.002265
v -0.002338 -0.028634 -0.002288
v -0.002699 -0.029277 -0.002237
v -0.004972 -0.024166 -0.003877
v -0.005796 -0.026581 -0.005168
v -0.005583 -0.025513 -0.005051
v -0.006113 -0.030516 -0.004873
v -0.006394 -0.029668 -0.006027
v -0.005370 -0.030294 -0.003691
v -0.006008 -0.031168 -0.004495
v -0.006035 -0.027572 -0.005608
v -0.006361 -0.029089 -0.006136
v -0.005913 -0.032379 -0.004099
v -0.005735 -0.032647 -0.003821
v -0.004808 -0.031599 -0.003050
v -0.003553 -0.031776 -0.002284
v -0.003729 -0.020755 -0.002237
v -0.004966 -0.022971 -0.004243
v -0.004153 -0.021154 -0.002772
v -0.004286 -0.020535 -0.002995
v -0.004800 -0.021313 -0.004255
v -0.004495 -0.020390 -0.003549
v -0.004681 -0.020802 -0.004105
v -0.005185 -0.023658 -0.004643
v -0.002265 -0.028089 -0.002268
v -0.002139 -0.022105 -0.001748
v -0.003075 -0.020372 -0.001721
v -0.002704 -0.018816 -0.001363
v -0.002024 -0.020499 -0.001528
v -0.001726 -0.018906 -0.001304
v -0.002328 -0.017257 -0.001026
v -0.001358 -0.023200 -0.002078
v -0.001037 -0.024261 -0.002408
v -0.001127 -0.023731 -0.002264
v -0.001978 -0.028094 -0.002382
v -0.001125 -0.026303 -0.002669
v -0.003563 -0.030292 -0.002370
v -0.003095 -0.030256 -0.002233
v -0.002275 -0.029182 -0.002347
v -0.001765 -0.028627 -0.002508
v -0.002848 -0.030277 -0.002227
v -0.005585 -0.024840 -0.005549
v -0.006092 -0.027391 -0.006363
v -0.005967 -0.026752 -0.006757
v -0.005317 -0.023886 -0.004963
v -0.005395 -0.023818 -0.005232
v -0.006144 -0.031091 -0.004782
v -0.006046 -0.031149 -0.004568
v -0.006373 -0.030943 -0.005341
v -0.006693 -0.031207 -0.006482
v -0.005965 -0.031772 -0.004302
v -0.006118 -0.031694 -0.004590
v -0.006196 -0.027973 -0.006210
v -0.006530 -0.030033 -0.006802
v -0.006327 -0.028865 -0.007110
v -0.005970 -0.031803 -0.004303
v -0.006278 -0.032793 -0.004591
v -0.006092 -0.032297 -0.004398
v -0.006012 -0.034105 -0.003822
v -0.005568 -0.033086 -0.003567
v -0.004441 -0.033394 -0.002625
v -0.003736 -0.032979 -0.002259
v -0.003423 -0.032459 -0.002210
v -0.003184 -0.030811 -0.002209
v -0.004037 -0.020222 -0.002629
v -0.003803 -0.019627 -0.002287
v -0.003180 -0.019262 -0.001673
v -0.004280 -0.019401 -0.003098
v -0.004962 -0.021059 -0.005287
v -0.005122 -0.022176 -0.005212
v -0.005175 -0.022759 -0.005074
v -0.004787 -0.019888 -0.005603
v -0.004663 -0.019536 -0.004767
v -0.004342 -0.018188 -0.003502
v -0.004378 -0.018114 -0.003815
v -0.004496 -0.018477 -0.004594
v -0.001140 -0.021596 -0.001883
v -0.001134 -0.021061 -0.001793
v -0.001235 -0.022124 -0.001968
v -0.001229 -0.022666 -0.002033
v -0.002720 -0.016652 -0.001107
v -0.002402 -0.015636 -0.000837
v -0.001030 -0.020529 -0.001727
v -0.001280 -0.018925 -0.001369
v -0.001710 -0.017838 -0.001126
v -0.001074 -0.017349 -0.001047
v -0.001447 -0.015732 -0.000706
v -0.001652 -0.015185 -0.000600
v 0.000127 -0.022577 -0.002864
v -0.000490 -0.023683 -0.002677
v 0.000168 -0.024149 -0.003284
v -0.000535 -0.024760 -0.002815
v -0.001448 -0.028605 -0.002709
v -0.000971 -0.027483 -0.002912
v -0.001093 -0.026960 -0.002735
v 0.000065 -0.026300 -0.003562
v -0.002281 -0.030273 -0.002428
v -0.001931 -0.029906 -0.002575
v -0.002658 -0.030833 -0.002287
v -0.005555 -0.024220 -0.005833
v -0.005421 -0.023738 -0.005559
v -0.005483 -0.024137 -0.005549
v -0.006008 -0.027714 -0.007384
v -0.005673 -0.025597 -0.007038
v -0.005725 -0.026616 -0.007423
v -0.005422 -0.023584 -0.006224
v -0.005419 -0.023756 -0.005485
v -0.006256 -0.031617 -0.004877
v -0.006247 -0.032217 -0.004690
v -0.006668 -0.031923 -0.005799
v -0.006703 -0.031862 -0.006054
v -0.006882 -0.032204 -0.006907
v -0.006766 -0.031623 -0.007057
v -0.006580 -0.030994 -0.007432
v -0.006302 -0.029353 -0.007411
v -0.006507 -0.033261 -0.004891
v -0.006197 -0.032243 -0.004595
v -0.006555 -0.034626 -0.004556
v -0.006056 -0.034677 -0.003738
v -0.005930 -0.034715 -0.003614
v -0.005501 -0.034855 -0.003157
v -0.004860 -0.034445 -0.002744
v -0.003768 -0.033205 -0.002262
v -0.003505 -0.033010 -0.002201
v -0.003164 -0.032473 -0.002239
v -0.003010 -0.031377 -0.002220
v -0.003928 -0.019021 -0.002458
v -0.003653 -0.018577 -0.002069
v -0.003115 -0.016548 -0.001420
v -0.004930 -0.020934 -0.005832
v -0.005208 -0.022474 -0.006284
v -0.005364 -0.023108 -0.005899
v -0.004386 -0.017723 -0.005483
v -0.004347 -0.018640 -0.006334
v -0.004507 -0.018362 -0.005089
v -0.004710 -0.020751 -0.006689
v -0.004394 -0.019657 -0.006718
v -0.004498 -0.018340 -0.005186
v -0.004510 -0.018304 -0.005336
v -0.004026 -0.014388 -0.003221
v -0.003905 -0.015168 -0.002305
v -0.003803 -0.015778 -0.002102
v -0.004249 -0.016463 -0.003781
v -0.004435 -0.017830 -0.005006
v -0.000438 -0.020500 -0.002044
v -0.000016 -0.021531 -0.002536
v 0.000102 -0.020465 -0.002377
v -0.000370 -0.022502 -0.002504
v -0.003221 -0.015440 -0.001369
v -0.002987 -0.014968 -0.001081
v -0.002572 -0.015033 -0.000821
v -0.000334 -0.017867 -0.001458
v -0.000888 -0.018409 -0.001336
v -0.000642 -0.017879 -0.001303
v -0.000075 -0.015252 -0.000839
v -0.001189 -0.015746 -0.000729
v -0.001919 -0.012437 -0.000068
v -0.000460 -0.013689 -0.000262
v -0.000600 -0.014730 -0.000521
v 0.000230 -0.023225 -0.003159
v 0.000401 -0.021477 -0.002905
v 0.000556 -0.023009 -0.003537
v 0.000298 -0.025719 -0.003746
v -0.001641 -0.030017 -0.002750
v -0.001180 -0.029111 -0.003008
v -0.000008 -0.027371 -0.003707
v 0.000212 -0.026375 -0.003777
v -0.001895 -0.033556 -0.002780
v -0.001643 -0.031899 -0.002814
v -0.002893 -0.032478 -0.002302
v -0.005980 -0.028744 -0.007746
v -0.005831 -0.028708 -0.007948
v -0.005358 -0.023962 -0.007005
v -0.005490 -0.027609 -0.008009
v -0.005382 -0.026550 -0.007814
v -0.005443 -0.025516 -0.007462
v -0.005139 -0.025987 -0.007927
v -0.005325 -0.023483 -0.006688
v -0.006776 -0.032450 -0.005892
v -0.006748 -0.033110 -0.005454
v -0.006942 -0.032852 -0.006495
v -0.007096 -0.033739 -0.007403
v -0.006969 -0.033643 -0.007857
v -0.006631 -0.032011 -0.007818
v -0.006294 -0.030379 -0.007779
v -0.006020 -0.029279 -0.007820
v -0.006681 -0.033398 -0.005213
v -0.006802 -0.035498 -0.004733
v -0.006810 -0.036095 -0.004551
v -0.006843 -0.035469 -0.004842
v -0.006312 -0.035162 -0.003956
v -0.006917 -0.035423 -0.005013
v -0.006133 -0.035225 -0.003744
v -0.006338 -0.035737 -0.003858
v -0.006083 -0.035833 -0.003537
v -0.005399 -0.035466 -0.002957
v -0.004003 -0.034645 -0.002178
v -0.003725 -0.034367 -0.002129
v -0.004644 -0.035926 -0.002341
v -0.005261 -0.035881 -0.002781
v -0.004136 -0.035449 -0.002128
v -0.003177 -0.034198 -0.002191
v -0.003431 -0.033573 -0.002199
v -0.003549 -0.016969 -0.001851
v -0.004268 -0.017178 -0.005384
v -0.003785 -0.017466 -0.006783
v -0.003960 -0.017015 -0.006280
v -0.004399 -0.017778 -0.005241
v -0.004571 -0.020714 -0.006894
v -0.003868 -0.019561 -0.007301
v -0.004169 -0.020637 -0.007360
v -0.003737 -0.018498 -0.007138
v -0.004770 -0.021768 -0.007076
v -0.004589 -0.020862 -0.006916
v -0.003931 -0.014009 -0.002494
v -0.004195 -0.015873 -0.003949
v -0.003891 -0.012243 -0.002934
v -0.003821 -0.012137 -0.003406
v -0.003957 -0.013373 -0.002831
v -0.003596 -0.015324 -0.001737
v -0.003551 -0.014796 -0.001634
v -0.003287 -0.013806 -0.001201
v -0.003699 -0.012540 -0.001727
v -0.003918 -0.014035 -0.002390
v -0.004317 -0.017250 -0.005155
v -0.003967 -0.016046 -0.005666
v -0.004031 -0.015609 -0.005131
v 0.000527 -0.018845 -0.002312
v 0.000634 -0.019345 -0.002589
v -0.002672 -0.013447 -0.000564
v -0.002337 -0.012020 -0.000151
v 0.000666 -0.017783 -0.002148
v 0.000499 -0.016187 -0.001512
v 0.000669 -0.014708 -0.001037
v 0.000573 -0.014063 -0.000740
v -0.000197 -0.014211 -0.000492
v -0.000735 -0.012819 0.000005
v -0.001184 -0.012069 0.000182
v -0.000505 -0.013171 -0.000088
v 0.000095 -0.012146 0.000087
v 0.000797 -0.021363 -0.003526
v 0.000749 -0.023405 -0.004280
v 0.000662 -0.025017 -0.004492
v 0.000534 -0.026138 -0.004407
v 0.000647 -0.025557 -0.004558
v -0.000954 -0.029861 -0.003276
v -0.000131 -0.028985 -0.003899
v -0.000071 -0.028476 -0.003853
v -0.000110 -0.029523 -0.003984
v 0.000133 -0.028418 -0.004035
v 0.000260 -0.028378 -0.004244
v 0.000408 -0.027260 -0.004322
v 0.000519 -0.026678 -0.004474
v -0.001491 -0.032980 -0.003000
v -0.000606 -0.032871 -0.003764
v -0.000846 -0.032352 -0.003527
v -0.000477 -0.030667 -0.003724
v -0.001381 -0.034279 -0.003156
v -0.002577 -0.033582 -0.002439
v -0.005427 -0.029735 -0.008445
v -0.005225 -0.027058 -0.008076
v -0.005412 -0.029734 -0.008453
v -0.005302 -0.024455 -0.007297
v -0.004759 -0.022795 -0.007443
v -0.004903 -0.023857 -0.007609
v -0.004173 -0.026488 -0.008483
v -0.004635 -0.025427 -0.008116
v -0.004888 -0.024909 -0.007865
v -0.006779 -0.033082 -0.005568
v -0.006861 -0.033632 -0.005563
v -0.006979 -0.034159 -0.005646
v -0.006944 -0.033566 -0.005819
v -0.007112 -0.033940 -0.006541
v -0.007125 -0.034219 -0.007719
v -0.006901 -0.034137 -0.008145
v -0.006662 -0.033031 -0.008197
v -0.006555 -0.033531 -0.008473
v -0.007230 -0.034377 -0.007012
v -0.006081 -0.033487 -0.008825
v -0.006039 -0.030842 -0.008257
v -0.005737 -0.030289 -0.008352
v -0.006927 -0.036022 -0.004831
v -0.007278 -0.038998 -0.004272
v -0.006777 -0.037009 -0.004140
v -0.006971 -0.036614 -0.004661
v -0.007082 -0.034685 -0.005738
v -0.007360 -0.035670 -0.006190
v -0.007044 -0.035946 -0.005112
v -0.006476 -0.038056 -0.003408
v -0.003876 -0.035240 -0.002052
v -0.003317 -0.034887 -0.002061
v -0.003285 -0.034722 -0.002087
v -0.003442 -0.034145 -0.002126
v -0.005255 -0.038297 -0.002297
v -0.005880 -0.037659 -0.002925
v -0.003834 -0.036332 -0.001883
v -0.003954 -0.036963 -0.001793
v -0.005170 -0.039037 -0.002103
v -0.001889 -0.035227 -0.002767
v -0.003305 -0.016881 -0.007071
v -0.003614 -0.016409 -0.006608
v -0.004413 -0.021706 -0.007463
v -0.004616 -0.021240 -0.007008
v -0.003006 -0.019515 -0.007785
v -0.003229 -0.018457 -0.007481
v -0.003080 -0.018984 -0.007658
v -0.002827 -0.017377 -0.007484
v -0.004592 -0.021736 -0.007270
v -0.004051 -0.015237 -0.004341
v -0.003741 -0.012575 -0.003936
v -0.003763 -0.010580 -0.002956
v -0.003480 -0.010390 -0.003858
v -0.003792 -0.011923 -0.001955
v -0.003850 -0.010739 -0.002244
v -0.003829 -0.010144 -0.002422
v -0.003840 -0.011339 -0.002057
v -0.003827 -0.010800 -0.001991
v -0.003261 -0.012738 -0.001026
v -0.003305 -0.012189 -0.000977
v -0.003691 -0.011477 -0.001521
v -0.003571 -0.015389 -0.006226
v -0.003808 -0.015470 -0.005803
v -0.003858 -0.014551 -0.004956
v 0.001022 -0.018204 -0.002843
v 0.001055 -0.019176 -0.003449
v -0.002928 -0.011258 -0.000332
v -0.003080 -0.011739 -0.000602
v -0.002006 -0.010382 0.000371
v -0.001567 -0.010458 0.000548
v 0.001012 -0.016693 -0.002168
v 0.000836 -0.016210 -0.001800
v 0.000848 -0.015703 -0.001599
v 0.001141 -0.014662 -0.001390
v 0.001092 -0.014172 -0.001096
v 0.001055 -0.013681 -0.000799
v 0.000877 -0.012684 -0.000254
v -0.000646 -0.012637 0.000053
v -0.000665 -0.011595 0.000360
v -0.001099 -0.010516 0.000642
v -0.000178 -0.012141 0.000157
v -0.000140 -0.011498 0.000341
v 0.001148 -0.011690 0.000159
v 0.000388 -0.011139 0.000433
v 0.000943 -0.022237 -0.004591
v 0.000840 -0.023209 -0.005153
v 0.000708 -0.025466 -0.004970
v 0.000776 -0.024204 -0.005627
v 0.000887 -0.022770 -0.004670
v 0.000652 -0.026000 -0.005042
v -0.000319 -0.030229 -0.003877
v 0.000175 -0.029449 -0.004393
v 0.000204 -0.028913 -0.004322
v 0.000127 -0.030000 -0.004403
v 0.000447 -0.029259 -0.005297
v 0.000465 -0.028237 -0.004921
v 0.000590 -0.027038 -0.005333
v -0.000945 -0.034019 -0.003496
v -0.000512 -0.033395 -0.003929
v -0.000062 -0.032943 -0.004361
v -0.000666 -0.032320 -0.003720
v -0.000049 -0.031697 -0.004214
v 0.000193 -0.030535 -0.004511
v -0.001660 -0.035650 -0.002895
v -0.001052 -0.035144 -0.003405
v -0.005469 -0.030270 -0.008519
v -0.004470 -0.029173 -0.008791
v -0.005133 -0.029721 -0.008604
v -0.004552 -0.022768 -0.007628
v -0.004376 -0.023818 -0.007946
v -0.004658 -0.022266 -0.007361
v -0.003860 -0.028643 -0.008882
v -0.003920 -0.028642 -0.008861
v -0.003591 -0.028650 -0.008941
v -0.003761 -0.025269 -0.008425
v -0.003159 -0.024882 -0.008558
v -0.003753 -0.024877 -0.008378
v -0.007073 -0.035195 -0.008320
v -0.007378 -0.036291 -0.008287
v -0.007597 -0.036857 -0.008168
v -0.007482 -0.035848 -0.007764
v -0.006435 -0.034574 -0.008808
v -0.007545 -0.036035 -0.006946
v -0.007231 -0.034789 -0.006554
v -0.005373 -0.032298 -0.008974
v -0.005551 -0.035614 -0.009409
v -0.005620 -0.031864 -0.008784
v -0.006269 -0.035093 -0.009025
v -0.005536 -0.030802 -0.008601
v -0.006799 -0.038119 -0.003769
v -0.007522 -0.039355 -0.004640
v -0.007500 -0.040051 -0.004047
v -0.007271 -0.037653 -0.004873
v -0.007103 -0.039733 -0.003543
v -0.007021 -0.036580 -0.004787
v -0.007826 -0.037111 -0.007005
v -0.007581 -0.037405 -0.005828
v -0.007367 -0.036947 -0.005484
v -0.007088 -0.036538 -0.004941
v -0.005876 -0.038294 -0.002743
v -0.006561 -0.039813 -0.002877
v -0.003119 -0.035293 -0.002074
v -0.003610 -0.036423 -0.001836
v -0.003166 -0.035293 -0.002060
v -0.005796 -0.039469 -0.002347
v -0.004294 -0.039174 -0.001732
v -0.003975 -0.038650 -0.001699
v -0.003819 -0.037553 -0.001690
v -0.005379 -0.040150 -0.001951
v -0.003240 -0.035868 -0.001955
v -0.002622 -0.037129 -0.002101
v -0.002938 -0.014228 -0.006653
v -0.002557 -0.016834 -0.007518
v -0.002707 -0.016312 -0.007325
v -0.003589 -0.021126 -0.007838
v -0.003607 -0.022193 -0.008025
v -0.002613 -0.019857 -0.007953
v -0.002662 -0.017899 -0.007684
v -0.003821 -0.014094 -0.004549
v -0.003594 -0.012483 -0.004385
v -0.003784 -0.009794 -0.002621
v -0.003191 -0.009720 -0.004448
v -0.003885 -0.009109 -0.002069
v -0.003873 -0.009710 -0.001881
v -0.003651 -0.010457 -0.001139
v -0.003738 -0.008889 -0.000682
v -0.003252 -0.010631 -0.000530
v -0.003135 -0.014256 -0.006465
v -0.003417 -0.013830 -0.005747
v -0.003378 -0.012826 -0.005367
v 0.001252 -0.019033 -0.004129
v 0.001202 -0.016123 -0.002295
v 0.000976 -0.021643 -0.004765
v -0.002205 -0.010015 0.000372
v -0.002837 -0.009421 0.000244
v -0.001298 -0.009465 0.000970
v 0.001622 -0.013306 -0.001337
v 0.001468 -0.013143 -0.000861
v 0.001251 -0.014705 -0.001613
v 0.001471 -0.012711 -0.000558
v 0.001447 -0.012249 -0.000260
v 0.001781 -0.011197 0.000217
v 0.001722 -0.011682 -0.000061
v 0.000650 -0.010650 0.000633
v 0.000382 -0.009642 0.001167
v -0.000843 -0.009531 0.001099
v 0.001147 -0.011190 0.000404
v 0.000806 -0.021928 -0.005862
v 0.000701 -0.022996 -0.006017
v 0.000611 -0.025178 -0.006171
v 0.000432 -0.023941 -0.006647
v 0.000261 -0.029947 -0.004675
v 0.000299 -0.029893 -0.004910
v 0.000466 -0.029689 -0.005845
v 0.000508 -0.028590 -0.005807
v 0.000554 -0.028078 -0.005633
v 0.000583 -0.027540 -0.005563
v 0.000538 -0.027397 -0.006162
v -0.000393 -0.034468 -0.004134
v -0.000241 -0.034017 -0.004287
v 0.000082 -0.033824 -0.004670
v 0.000187 -0.033242 -0.004822
v 0.000066 -0.032199 -0.004488
v 0.000251 -0.031569 -0.004864
v -0.001607 -0.036900 -0.002837
v -0.000305 -0.035565 -0.004231
v -0.000037 -0.034980 -0.004586
v -0.002160 -0.037811 -0.002287
v -0.005176 -0.030255 -0.008679
v -0.003915 -0.029727 -0.008983
v -0.003981 -0.022736 -0.007952
v -0.003911 -0.029033 -0.008903
v -0.001914 -0.029829 -0.009210
v -0.002240 -0.028182 -0.009010
v -0.002133 -0.027650 -0.008948
v -0.002892 -0.027064 -0.008823
v -0.002446 -0.025462 -0.008689
v -0.002212 -0.023317 -0.008433
v -0.001883 -0.024961 -0.008642
v -0.003256 -0.023810 -0.008354
v -0.007177 -0.035721 -0.008412
v -0.006822 -0.035658 -0.008800
v -0.007177 -0.036747 -0.008782
v -0.007063 -0.036222 -0.008686
v -0.007947 -0.037578 -0.007349
v -0.007430 -0.037790 -0.008991
v -0.008011 -0.037993 -0.007921
v -0.007839 -0.038130 -0.008641
v -0.004402 -0.033479 -0.009413
v -0.005460 -0.035613 -0.009443
v -0.005797 -0.036148 -0.009423
v -0.005564 -0.036155 -0.009474
v -0.005094 -0.032385 -0.009106
v -0.005343 -0.031856 -0.008914
v -0.005307 -0.031642 -0.008878
v -0.005519 -0.030801 -0.008610
v -0.005240 -0.030787 -0.008760
v -0.006417 -0.036686 -0.009296
v -0.007730 -0.040481 -0.004329
v -0.008039 -0.041675 -0.004056
v -0.007735 -0.039848 -0.004836
v -0.007616 -0.041134 -0.003357
v -0.007304 -0.041212 -0.002764
v -0.008010 -0.037933 -0.007156
v -0.006778 -0.041459 -0.002123
v -0.006421 -0.040906 -0.002201
v -0.007020 -0.041575 -0.002212
v -0.003310 -0.037585 -0.001716
v -0.006181 -0.040811 -0.002116
v -0.006043 -0.041214 -0.001935
v -0.004337 -0.040874 -0.001574
v -0.003323 -0.039268 -0.001650
v -0.003741 -0.038679 -0.001655
v -0.003401 -0.038142 -0.001686
v -0.005255 -0.040767 -0.001822
v -0.003108 -0.037583 -0.001799
v -0.002564 -0.013663 -0.006808
v -0.002421 -0.014187 -0.006993
v -0.002813 -0.013163 -0.006493
v -0.002277 -0.016834 -0.007609
v -0.002409 -0.015241 -0.007244
v -0.001966 -0.016315 -0.007554
v -0.002867 -0.022201 -0.008238
v -0.002305 -0.019526 -0.007974
v -0.002118 -0.020085 -0.008027
v -0.002036 -0.020626 -0.008114
v -0.001641 -0.017962 -0.007750
v -0.001757 -0.019034 -0.007885
v -0.001824 -0.017408 -0.007681
v -0.003325 -0.009438 -0.003953
v -0.003590 -0.007690 -0.003077
v -0.003980 -0.007178 -0.002383
v -0.003922 -0.008193 -0.002228
v -0.002970 -0.010604 -0.005491
v -0.002794 -0.009490 -0.005561
v -0.003089 -0.008595 -0.004541
v -0.002835 -0.010025 -0.005636
v -0.004056 -0.008116 -0.001503
v -0.004154 -0.007503 -0.001717
v -0.003244 -0.009581 -0.000154
v -0.003417 -0.009030 -0.000146
v -0.003742 -0.008392 -0.000434
v -0.002960 -0.011632 -0.005858
v -0.002881 -0.012127 -0.006143
v 0.001236 -0.019401 -0.004933
v 0.001381 -0.018090 -0.004485
v 0.001175 -0.018734 -0.005382
v 0.001451 -0.017438 -0.003884
v 0.001591 -0.015892 -0.003411
v 0.000991 -0.020941 -0.005396
v -0.002810 -0.007763 0.000947
v -0.002167 -0.008239 0.001093
v -0.001733 -0.008507 0.001197
v -0.001533 -0.008117 0.001557
v 0.001868 -0.012460 -0.000911
v 0.002125 -0.011996 -0.001535
v 0.002132 -0.012043 -0.001034
v 0.001640 -0.013537 -0.001611
v 0.002230 -0.011828 -0.001989
v 0.001848 -0.014733 -0.003703
v 0.001963 -0.013723 -0.003300
v 0.002157 -0.011880 -0.000755
v 0.001767 -0.012071 -0.000393
v 0.002383 -0.011121 -0.000307
v 0.002209 -0.010659 0.000159
v 0.001860 -0.010183 0.000610
v 0.001152 -0.010186 0.000866
v 0.000579 -0.009125 0.001595
v 0.000067 -0.008938 0.001709
v -0.000430 -0.008596 0.001846
v 0.000328 -0.021656 -0.006869
v 0.000718 -0.021317 -0.006072
v 0.000058 -0.022650 -0.007284
v 0.000202 -0.024375 -0.007088
v 0.000524 -0.025677 -0.006379
v 0.000124 -0.023783 -0.007215
v 0.000360 -0.030387 -0.005200
v 0.000400 -0.031246 -0.006296
v 0.000385 -0.030666 -0.006390
v 0.000369 -0.030850 -0.005600
v 0.000444 -0.029570 -0.006344
v 0.000478 -0.027894 -0.006394
v 0.000258 -0.028829 -0.007075
v 0.000378 -0.027822 -0.006668
v 0.000384 -0.026141 -0.006728
v 0.000250 -0.033193 -0.005050
v 0.000336 -0.034658 -0.005948
v 0.000360 -0.032495 -0.005694
v 0.000365 -0.031897 -0.005876
v -0.000403 -0.036677 -0.004194
v -0.001149 -0.037964 -0.003192
v 0.000080 -0.036531 -0.004980
v 0.000170 -0.035405 -0.005075
v 0.000021 -0.036038 -0.004689
v 0.000177 -0.034956 -0.005274
v -0.002046 -0.039847 -0.001978
v -0.001487 -0.040277 -0.002360
v -0.000974 -0.040856 -0.002771
v -0.001162 -0.038548 -0.003071
v -0.004925 -0.030781 -0.008894
v -0.003959 -0.031790 -0.009233
v -0.003265 -0.030297 -0.009141
v -0.003364 -0.030832 -0.009191
v -0.003642 -0.031356 -0.009235
v -0.001673 -0.029854 -0.009184
v -0.001909 -0.032001 -0.009437
v -0.002532 -0.030864 -0.009330
v -0.003058 -0.030842 -0.009253
v -0.002158 -0.031980 -0.009437
v -0.001623 -0.027148 -0.008886
v -0.002081 -0.026575 -0.008809
v -0.001696 -0.025519 -0.008696
v -0.001348 -0.022303 -0.008303
v -0.000953 -0.022906 -0.008231
v -0.000849 -0.024016 -0.008273
v -0.000956 -0.025083 -0.008430
v -0.002077 -0.022785 -0.008374
v -0.007089 -0.037753 -0.009262
v -0.006865 -0.037218 -0.009244
v -0.007791 -0.038338 -0.008903
v -0.007420 -0.038365 -0.009296
v -0.008450 -0.039127 -0.007683
v -0.008348 -0.038971 -0.008391
v -0.008308 -0.039403 -0.008933
v -0.005309 -0.036693 -0.009629
v -0.004660 -0.035639 -0.009598
v -0.004581 -0.032934 -0.009305
v -0.003891 -0.034603 -0.009533
v -0.003978 -0.033507 -0.009435
v -0.004225 -0.031870 -0.009225
v -0.003990 -0.032422 -0.009315
v -0.005618 -0.036687 -0.009552
v -0.006454 -0.037207 -0.009427
v -0.004758 -0.031852 -0.009125
v -0.004496 -0.031864 -0.009162
v -0.004505 -0.031863 -0.009159
v -0.008269 -0.042067 -0.004678
v -0.008299 -0.041948 -0.005179
v -0.008329 -0.042771 -0.004020
v -0.007921 -0.041807 -0.003530
v -0.008530 -0.041180 -0.006174
v -0.008657 -0.041665 -0.006269
v -0.008426 -0.039189 -0.007429
v -0.008600 -0.039762 -0.007297
v -0.008070 -0.042404 -0.003303
v -0.007790 -0.042347 -0.002540
v -0.007350 -0.041521 -0.002561
v -0.006896 -0.041930 -0.001961
v -0.005991 -0.042093 -0.001698
v -0.005851 -0.041408 -0.001828
v -0.007384 -0.042198 -0.002144
v -0.007189 -0.042227 -0.001969
v -0.003975 -0.041498 -0.001406
v -0.003271 -0.040410 -0.001539
v -0.002959 -0.038716 -0.001751
v -0.003224 -0.038706 -0.001708
v -0.002260 -0.013399 -0.006853
v -0.001542 -0.014226 -0.007121
v -0.001870 -0.015256 -0.007362
v -0.001708 -0.013693 -0.006967
v -0.002584 -0.013138 -0.006671
v -0.002524 -0.012606 -0.006591
v -0.002696 -0.012097 -0.006334
v -0.001714 -0.016219 -0.007510
v -0.001832 -0.022255 -0.008346
v -0.001469 -0.021204 -0.008207
v -0.000968 -0.018567 -0.007764
v -0.001041 -0.016938 -0.007574
v -0.003635 -0.006556 -0.003215
v -0.004057 -0.006353 -0.002565
v -0.004463 -0.005110 -0.002296
v -0.004537 -0.005159 -0.002073
v -0.003290 -0.007509 -0.003974
v -0.003541 -0.006592 -0.003442
v -0.004343 -0.006401 -0.001649
v -0.003053 -0.008001 -0.004714
v -0.002709 -0.009987 -0.005844
v -0.002663 -0.009453 -0.005769
v -0.002632 -0.008374 -0.005636
v -0.002786 -0.008408 -0.005435
v -0.002757 -0.010521 -0.005921
v -0.004091 -0.006383 -0.000811
v -0.004321 -0.006454 -0.001396
v -0.003898 -0.007771 -0.000657
v -0.003218 -0.008088 0.000477
v -0.003676 -0.007918 -0.000099
v -0.002648 -0.011041 -0.006111
v 0.001481 -0.017311 -0.004439
v 0.001429 -0.017169 -0.005030
v 0.000262 -0.020524 -0.006941
v 0.000735 -0.018497 -0.006250
v 0.001024 -0.018072 -0.005787
v 0.001654 -0.016270 -0.004193
v 0.001727 -0.015683 -0.004355
v -0.002610 -0.007734 0.001134
v -0.001843 -0.007877 0.001488
v -0.002181 -0.007681 0.001405
v -0.002399 -0.007565 0.001350
v -0.002800 -0.005177 0.002150
v -0.003351 -0.006497 0.000842
v -0.002979 -0.006114 0.001461
v -0.001782 -0.007601 0.001791
v -0.000900 -0.007990 0.002022
v -0.000921 -0.007584 0.002314
v -0.001171 -0.007008 0.002554
v 0.002395 -0.011539 -0.000895
v 0.002414 -0.011312 -0.001873
v 0.002267 -0.011802 -0.002733
v 0.002134 -0.013036 -0.003925
v 0.001987 -0.013670 -0.003539
v 0.002445 -0.011315 -0.000601
v 0.002414 -0.011116 -0.000335
v 0.002387 -0.010628 -0.000035
v 0.002361 -0.010134 0.000237
v 0.002260 -0.009641 0.000544
v 0.001725 -0.009680 0.000884
v 0.001389 -0.009214 0.001380
v 0.000817 -0.009056 0.001677
v 0.000517 -0.008732 0.001988
v -0.000286 -0.008064 0.002456
v 0.000180 -0.007767 0.002724
v -0.000494 -0.022470 -0.007872
v 0.000250 -0.021076 -0.006948
v -0.000322 -0.024711 -0.007851
v 0.000134 -0.025451 -0.007218
v -0.000242 -0.025836 -0.007821
v 0.000359 -0.031183 -0.006554
v 0.000384 -0.030644 -0.006485
v 0.000360 -0.031723 -0.006616
v 0.000347 -0.030015 -0.006786
v -0.000777 -0.029495 -0.008641
v -0.000009 -0.030889 -0.007690
v 0.000155 -0.027113 -0.007252
v 0.000212 -0.035296 -0.005555
v 0.000357 -0.035532 -0.006969
v 0.000391 -0.034493 -0.006670
v 0.000366 -0.033522 -0.006062
v -0.000461 -0.038672 -0.004130
v -0.000116 -0.037346 -0.004628
v -0.000026 -0.037114 -0.004827
v -0.000377 -0.040000 -0.004255
v -0.000443 -0.040967 -0.003629
v 0.000222 -0.035839 -0.005613
v 0.000143 -0.038108 -0.005393
v 0.000241 -0.036778 -0.006357
v -0.001358 -0.041571 -0.001962
v -0.000898 -0.041467 -0.002564
v -0.002631 -0.039861 -0.001720
v -0.002153 -0.040212 -0.001802
v -0.000452 -0.041302 -0.003417
v -0.003367 -0.031915 -0.009316
v -0.003325 -0.030834 -0.009199
v -0.003354 -0.031057 -0.009213
v -0.001060 -0.030271 -0.008913
v -0.001849 -0.033521 -0.009531
v -0.001567 -0.033136 -0.009444
v -0.001184 -0.031573 -0.009127
v -0.001332 -0.028816 -0.008981
v -0.002808 -0.032480 -0.009458
v -0.002724 -0.032483 -0.009477
v -0.002465 -0.032497 -0.009505
v -0.001225 -0.027750 -0.008823
v -0.001281 -0.026110 -0.008684
v -0.000902 -0.020200 -0.007933
v -0.000812 -0.025667 -0.008355
v -0.006827 -0.038264 -0.009537
v -0.007748 -0.039313 -0.009499
v -0.007448 -0.039302 -0.009651
v -0.008663 -0.039580 -0.008054
v -0.008614 -0.039956 -0.008839
v -0.008298 -0.040371 -0.009546
v -0.008616 -0.040924 -0.009456
v -0.008074 -0.039841 -0.009512
v -0.005179 -0.037235 -0.009731
v -0.005098 -0.037237 -0.009751
v -0.004559 -0.037811 -0.009856
v -0.004184 -0.038367 -0.009979
v -0.003854 -0.036232 -0.009708
v -0.004509 -0.031982 -0.009174
v -0.003186 -0.035190 -0.009633
v -0.003628 -0.033521 -0.009491
v -0.003242 -0.034507 -0.009573
v -0.003936 -0.033845 -0.009461
v -0.003889 -0.033509 -0.009453
v -0.003759 -0.032429 -0.009364
v -0.005189 -0.037776 -0.009796
v -0.005737 -0.038286 -0.009814
v -0.008556 -0.044096 -0.005000
v -0.008595 -0.042860 -0.005933
v -0.008289 -0.042151 -0.004947
v -0.008557 -0.044247 -0.004765
v -0.008615 -0.044354 -0.004290
v -0.008440 -0.043412 -0.003622
v -0.008827 -0.040981 -0.006758
v -0.009265 -0.041905 -0.007420
v -0.009201 -0.042496 -0.007292
v -0.009016 -0.041237 -0.007090
v -0.009178 -0.041351 -0.007441
v -0.008706 -0.042927 -0.006429
v -0.008882 -0.040263 -0.007442
v -0.008893 -0.040175 -0.007812
v -0.008167 -0.043106 -0.002492
v -0.008007 -0.043106 -0.002189
v -0.007865 -0.043284 -0.001913
v -0.007581 -0.042743 -0.002015
v -0.008669 -0.043977 -0.003506
v -0.008542 -0.043643 -0.003175
v -0.007156 -0.043110 -0.001672
v -0.005797 -0.043584 -0.001391
v -0.007619 -0.043135 -0.001819
v -0.003298 -0.041919 -0.001344
v -0.002984 -0.041580 -0.001382
v -0.003342 -0.042128 -0.001297
v -0.004185 -0.042629 -0.001257
v -0.003113 -0.040986 -0.001504
v -0.001930 -0.012618 -0.006735
v -0.001100 -0.014706 -0.007145
v -0.001387 -0.015304 -0.007314
v -0.000733 -0.013248 -0.006824
v -0.000797 -0.014311 -0.007006
v -0.000918 -0.012687 -0.006776
v -0.001221 -0.012141 -0.006637
v -0.002440 -0.012204 -0.006519
v -0.001892 -0.012026 -0.006580
v -0.002384 -0.011552 -0.006393
v -0.001430 -0.015831 -0.007426
v -0.000129 -0.016569 -0.007080
v -0.000574 -0.019171 -0.007687
v -0.000026 -0.017679 -0.007119
v 0.000549 -0.013996 -0.006418
v -0.000416 -0.014899 -0.006998
v -0.003560 -0.006506 -0.003438
v -0.003863 -0.005642 -0.003686
v -0.004042 -0.005322 -0.002948
v -0.003967 -0.005284 -0.003173
v -0.004630 -0.004612 -0.002039
v -0.004593 -0.004561 -0.002274
v -0.004218 -0.004783 -0.002941
v -0.004448 -0.005837 -0.001617
v -0.004561 -0.005222 -0.001834
v -0.004578 -0.004862 -0.001799
v -0.004594 -0.004675 -0.001782
v -0.003314 -0.006937 -0.004421
v -0.003440 -0.006712 -0.003929
v -0.003494 -0.006544 -0.003674
v -0.003494 -0.006542 -0.003674
v -0.002857 -0.007857 -0.005395
v -0.002475 -0.009433 -0.005909
v -0.002408 -0.008892 -0.005873
v -0.002531 -0.009969 -0.005985
v -0.002725 -0.007818 -0.005602
v -0.002253 -0.007796 -0.005858
v -0.002508 -0.007612 -0.005763
v -0.002283 -0.010488 -0.006216
v -0.002476 -0.009963 -0.006022
v -0.004108 -0.006058 -0.000779
v -0.003713 -0.005748 0.000138
v -0.004260 -0.005978 -0.001070
v 0.001502 -0.016624 -0.005006
v 0.001283 -0.017070 -0.005410
v -0.000034 -0.019858 -0.007306
v 0.000348 -0.017795 -0.006746
v 0.001099 -0.015949 -0.005845
v 0.000346 -0.017244 -0.006732
v 0.001220 -0.016460 -0.005613
v 0.001704 -0.015621 -0.004608
v 0.001549 -0.016083 -0.004962
v 0.001712 -0.015023 -0.004790
v 0.001928 -0.014030 -0.004356
v -0.001839 -0.006452 0.002527
v -0.003518 -0.004809 0.000811
v -0.003403 -0.005423 0.001029
v -0.003492 -0.004272 0.000881
v -0.002960 -0.005602 0.001645
v -0.001633 -0.006319 0.002742
v -0.002996 -0.004124 0.002468
v -0.001460 -0.005491 0.003396
v -0.002846 -0.003704 0.003003
v -0.002665 -0.004267 0.002968
v -0.003601 -0.005303 0.000579
v -0.000741 -0.007641 0.002496
v -0.000765 -0.006855 0.002951
v 0.002421 -0.011356 -0.001371
v 0.002642 -0.011035 -0.000759
v 0.002649 -0.010864 -0.001496
v 0.002891 -0.009305 -0.002758
v 0.002855 -0.009408 -0.003034
v 0.002283 -0.011987 -0.003702
v 0.002357 -0.011414 -0.003671
v 0.002759 -0.009713 -0.003351
v 0.002289 -0.011918 -0.004002
v 0.001958 -0.013785 -0.004319
v 0.002116 -0.012975 -0.004177
v 0.002562 -0.011081 -0.000537
v 0.002799 -0.010033 -0.000343
v 0.002532 -0.010109 0.000070
v 0.002749 -0.009541 -0.000050
v 0.001991 -0.009176 0.001018
v 0.002624 -0.009096 0.000467
v 0.001320 -0.008634 0.001882
v 0.001893 -0.008228 0.001854
v 0.000686 -0.007801 0.002703
v 0.000433 -0.007782 0.002714
v -0.000536 -0.007565 0.002688
v 0.000412 -0.007297 0.003015
v 0.000167 -0.007441 0.002922
v -0.000472 -0.020282 -0.007728
v -0.000126 -0.026438 -0.007663
v -0.000801 -0.026222 -0.008369
v 0.000340 -0.031122 -0.006806
v 0.000403 -0.033895 -0.006851
v 0.000352 -0.033288 -0.007050
v 0.000333 -0.031699 -0.006716
v -0.000058 -0.031419 -0.007782
v 0.000319 -0.031660 -0.006874
v -0.000977 -0.028902 -0.008731
v 0.000300 -0.036568 -0.007276
v 0.000325 -0.035992 -0.007368
v 0.000131 -0.034766 -0.007793
v 0.000020 -0.037662 -0.004875
v -0.000304 -0.039953 -0.004480
v -0.000121 -0.039324 -0.004856
v -0.000361 -0.040602 -0.004066
v -0.000065 -0.041589 -0.004340
v 0.000106 -0.039242 -0.005281
v 0.000369 -0.037852 -0.006556
v 0.000346 -0.037136 -0.007239
v -0.001319 -0.042671 -0.001571
v -0.000924 -0.042427 -0.001925
v -0.001915 -0.041614 -0.001594
v -0.000332 -0.042574 -0.002768
v -0.000332 -0.042334 -0.002993
v -0.000565 -0.042553 -0.002333
v -0.002340 -0.041029 -0.001578
v -0.002205 -0.041619 -0.001474
v -0.000037 -0.042930 -0.003727
v 0.000022 -0.043537 -0.003525
v -0.000931 -0.033264 -0.009107
v -0.000452 -0.032342 -0.008456
v -0.000742 -0.033326 -0.008911
v -0.000207 -0.031895 -0.008075
v -0.000224 -0.032434 -0.008142
v -0.002708 -0.033578 -0.009553
v -0.002773 -0.032847 -0.009489
v -0.002306 -0.035247 -0.009683
v -0.001478 -0.033701 -0.009436
v -0.000970 -0.027266 -0.008602
v -0.000845 -0.026755 -0.008445
v -0.007648 -0.039811 -0.009784
v -0.006927 -0.039827 -0.009954
v -0.008838 -0.040038 -0.008413
v -0.009130 -0.041079 -0.008623
v -0.008094 -0.040470 -0.009746
v -0.008540 -0.041418 -0.009741
v -0.009128 -0.041562 -0.008931
v -0.005241 -0.038309 -0.009873
v -0.004096 -0.039987 -0.010212
v -0.004550 -0.039420 -0.010110
v -0.003901 -0.038065 -0.009933
v -0.003253 -0.036813 -0.009807
v -0.003183 -0.034094 -0.009565
v -0.005523 -0.038827 -0.009946
v -0.008620 -0.045264 -0.005154
v -0.008493 -0.045109 -0.005854
v -0.008571 -0.043901 -0.006245
v -0.008632 -0.044836 -0.004603
v -0.008956 -0.044960 -0.003960
v -0.009019 -0.040841 -0.007298
v -0.009345 -0.041818 -0.007764
v -0.009341 -0.042901 -0.007887
v -0.009168 -0.042741 -0.007309
v -0.009245 -0.041219 -0.007985
v -0.008710 -0.043758 -0.006815
v -0.009072 -0.040715 -0.008311
v -0.008262 -0.043353 -0.002297
v -0.008530 -0.043717 -0.002422
v -0.008366 -0.043675 -0.002113
v -0.008230 -0.043923 -0.001847
v -0.007751 -0.043745 -0.001678
v -0.009194 -0.045040 -0.003539
v -0.009212 -0.045015 -0.003288
v -0.009284 -0.045511 -0.003873
v -0.008828 -0.044127 -0.002815
v -0.007530 -0.043833 -0.001618
v -0.006561 -0.044631 -0.001408
v -0.005745 -0.044725 -0.001278
v -0.004138 -0.043774 -0.001129
v -0.003088 -0.042123 -0.001301
v -0.002526 -0.041819 -0.001344
v -0.002482 -0.041618 -0.001394
v -0.002401 -0.041281 -0.001497
v -0.002852 -0.042172 -0.001274
v -0.003026 -0.043095 -0.001141
v -0.002967 -0.042743 -0.001168
v -0.000390 -0.012209 -0.006624
v 0.000043 -0.012810 -0.006573
v -0.001155 -0.009486 -0.006127
v -0.001551 -0.011058 -0.006406
v -0.002103 -0.011551 -0.006487
v 0.000884 -0.015756 -0.006142
v 0.001005 -0.015236 -0.006023
v 0.001062 -0.014700 -0.005956
v 0.000997 -0.013567 -0.006030
v 0.000932 -0.012998 -0.006064
v 0.000068 -0.012271 -0.006503
v -0.003993 -0.005340 -0.003945
v -0.004399 -0.004095 -0.003676
v -0.004101 -0.004885 -0.003422
v -0.004572 -0.004137 -0.001714
v -0.004646 -0.004068 -0.001982
v -0.004672 -0.004006 -0.002236
v -0.004547 -0.004367 -0.002491
v -0.004566 -0.003851 -0.002942
v -0.004526 -0.003964 -0.003196
v -0.004645 -0.003750 -0.002703
v -0.004393 -0.004303 -0.003445
v -0.004505 -0.005287 -0.001572
v -0.004574 -0.004689 -0.001730
v -0.003262 -0.006773 -0.005144
v -0.003530 -0.006250 -0.004915
v -0.003938 -0.005490 -0.004198
v -0.003804 -0.005782 -0.004442
v -0.003141 -0.006732 -0.005354
v -0.002184 -0.009427 -0.006034
v -0.001938 -0.008903 -0.005985
v -0.003074 -0.005685 -0.005467
v -0.002593 -0.007239 -0.005747
v -0.001342 -0.007849 -0.005932
v -0.002112 -0.007252 -0.005851
v -0.002438 -0.007236 -0.005812
v -0.003892 -0.005607 -0.000407
v -0.003677 -0.004613 0.000026
v 0.001548 -0.015484 -0.005146
v 0.001620 -0.015551 -0.004885
v 0.001888 -0.013384 -0.004729
v 0.001992 -0.013493 -0.004294
v 0.001689 -0.015008 -0.004849
v 0.001684 -0.013836 -0.005101
v -0.003493 -0.003673 0.000697
v -0.003138 -0.003365 0.001642
v -0.003258 -0.003265 0.001253
v -0.000989 -0.006621 0.002967
v -0.003079 -0.003536 0.002357
v -0.001025 -0.005643 0.003552
v -0.001240 -0.004902 0.003784
v -0.002086 -0.003930 0.003711
v -0.002657 -0.003771 0.003220
v -0.002639 -0.003250 0.003368
v -0.002985 -0.003067 0.002693
v -0.000092 -0.006761 0.003271
v 0.002787 -0.010514 -0.000655
v 0.002907 -0.010217 -0.001594
v 0.002936 -0.010116 -0.000815
v 0.003109 -0.009605 -0.001966
v 0.003008 -0.008889 -0.002926
v 0.003455 -0.008278 -0.002464
v 0.003484 -0.008590 -0.001986
v 0.003014 -0.008708 -0.003705
v 0.002789 -0.009233 -0.004045
v 0.002887 -0.009241 -0.003762
v 0.002422 -0.010140 -0.004515
v 0.002568 -0.009637 -0.004341
v 0.002079 -0.012940 -0.004315
v 0.002140 -0.012380 -0.004354
v 0.002179 -0.011204 -0.004641
v 0.002825 -0.010021 -0.000405
v 0.002858 -0.009500 -0.000264
v 0.002816 -0.009217 0.000008
v 0.002714 -0.008843 0.000524
v 0.003017 -0.008117 0.000702
v 0.002203 -0.008135 0.001709
v 0.001354 -0.007803 0.002492
v 0.002402 -0.006759 0.002433
v 0.001956 -0.006809 0.002794
v 0.000661 -0.007317 0.003017
v 0.001360 -0.006837 0.003111
v 0.001486 -0.007180 0.002858
v 0.000162 -0.007278 0.003018
v -0.000089 -0.034112 -0.008138
v 0.000296 -0.036529 -0.007438
v 0.000295 -0.037071 -0.007500
v -0.000122 -0.035697 -0.008484
v 0.000033 -0.034711 -0.007997
v 0.000363 -0.039706 -0.005760
v 0.000138 -0.041526 -0.005028
v 0.000278 -0.040892 -0.005417
v 0.000220 -0.042139 -0.004819
v 0.000605 -0.039641 -0.006434
v 0.000630 -0.039516 -0.006665
v 0.000563 -0.038850 -0.007115
v 0.000340 -0.037618 -0.007549
v -0.001024 -0.042719 -0.001737
v -0.000779 -0.042738 -0.001915
v -0.000645 -0.042701 -0.002122
v -0.001263 -0.042783 -0.001566
v -0.001732 -0.043075 -0.001240
v -0.001850 -0.042214 -0.001431
v -0.002003 -0.041906 -0.001444
v -0.000155 -0.042860 -0.002998
v -0.000306 -0.042964 -0.002552
v 0.000318 -0.043235 -0.004914
v 0.000209 -0.044418 -0.004578
v 0.000061 -0.044608 -0.003711
v 0.000037 -0.044196 -0.003090
v 0.000336 -0.043665 -0.005463
v -0.001038 -0.034331 -0.009269
v -0.000497 -0.035017 -0.008887
v -0.000513 -0.032853 -0.008629
v -0.002202 -0.036314 -0.009708
v -0.001529 -0.034787 -0.009529
v -0.007489 -0.040327 -0.010008
v -0.007003 -0.040874 -0.010207
v -0.004861 -0.039938 -0.010163
v -0.009266 -0.042141 -0.008787
v -0.009381 -0.041756 -0.008021
v -0.007773 -0.041359 -0.010253
v -0.008922 -0.042020 -0.009424
v -0.008153 -0.041902 -0.010181
v -0.008684 -0.042480 -0.009908
v -0.005106 -0.041520 -0.010451
v -0.003170 -0.040609 -0.010237
v -0.003520 -0.041652 -0.010414
v -0.003120 -0.040071 -0.010172
v -0.003299 -0.039515 -0.010121
v -0.003728 -0.038932 -0.010089
v -0.001985 -0.037475 -0.009773
v -0.002990 -0.038997 -0.010056
v -0.002034 -0.036926 -0.009721
v -0.003121 -0.038989 -0.010048
v -0.008577 -0.046296 -0.005511
v -0.008519 -0.044392 -0.006538
v -0.008311 -0.045506 -0.006601
v -0.008474 -0.046253 -0.005726
v -0.008308 -0.046761 -0.005985
v -0.008188 -0.047264 -0.006258
v -0.008202 -0.046661 -0.006446
v -0.008676 -0.046339 -0.005294
v -0.009394 -0.042295 -0.008087
v -0.009164 -0.043399 -0.007636
v -0.009322 -0.043331 -0.008436
v -0.008848 -0.044130 -0.007368
v -0.008455 -0.044885 -0.006827
v -0.009108 -0.044883 -0.002736
v -0.008632 -0.044035 -0.002238
v -0.008618 -0.044329 -0.002015
v -0.008820 -0.044869 -0.002021
v -0.008427 -0.044973 -0.001703
v -0.009466 -0.045953 -0.003727
v -0.009313 -0.045325 -0.003103
v -0.009550 -0.047039 -0.004383
v -0.009337 -0.046471 -0.004504
v -0.007022 -0.045147 -0.001429
v -0.007489 -0.045008 -0.001488
v -0.006729 -0.046313 -0.001292
v -0.005668 -0.045923 -0.001277
v -0.005161 -0.045885 -0.001264
v -0.004227 -0.044328 -0.001102
v -0.002903 -0.043878 -0.001090
v -0.003811 -0.044912 -0.001088
v -0.002326 -0.042119 -0.001316
v -0.002276 -0.042209 -0.001311
v -0.002571 -0.043346 -0.001099
v -0.002260 -0.043053 -0.001150
v 0.000070 -0.010097 -0.006298
v -0.000502 -0.008429 -0.006109
v -0.000158 -0.008991 -0.006198
v 0.001367 -0.014259 -0.005568
v 0.001175 -0.013631 -0.005816
v 0.001143 -0.013923 -0.005852
v 0.001506 -0.012057 -0.005525
v 0.000682 -0.010739 -0.006129
v -0.004034 -0.004858 -0.004408
v -0.004964 -0.002158 -0.003378
v -0.004432 -0.003041 -0.004071
v -0.005051 -0.001427 -0.003574
v -0.004167 -0.003898 -0.004340
v -0.004616 -0.002965 -0.001594
v -0.004702 -0.003518 -0.001937
v -0.004271 -0.004849 -0.001145
v -0.003934 -0.004402 -0.000788
v -0.004112 -0.003250 -0.000903
v -0.004416 -0.002592 -0.001237
v -0.003970 -0.003836 -0.000821
v -0.004759 -0.003488 -0.002203
v -0.004888 -0.003174 -0.002460
v -0.004797 -0.003305 -0.002820
v -0.005018 -0.002700 -0.002952
v -0.003942 -0.004993 -0.000637
v -0.003432 -0.006206 -0.005132
v -0.003763 -0.005730 -0.004676
v -0.003686 -0.005685 -0.004899
v -0.003901 -0.005169 -0.004655
v -0.003340 -0.005621 -0.005289
v -0.000817 -0.007327 -0.005961
v -0.002383 -0.006130 -0.005807
v -0.002190 -0.005582 -0.005835
v -0.003368 -0.005075 -0.005235
v -0.002628 -0.004506 -0.005538
v -0.001397 -0.007132 -0.005867
v -0.001839 -0.006713 -0.005870
v -0.003660 -0.003992 -0.000258
v -0.003591 -0.003484 -0.000071
v 0.001724 -0.013287 -0.005092
v 0.001943 -0.012235 -0.004904
v 0.001586 -0.013223 -0.005317
v -0.003617 -0.002940 -0.000016
v -0.003149 -0.002755 0.001414
v -0.003342 -0.002322 0.001151
v -0.003465 -0.002653 0.000569
v -0.003479 -0.002102 0.000880
v -0.003052 -0.002826 0.001688
v -0.000330 -0.005734 0.003711
v -0.000092 -0.006340 0.003472
v -0.000094 -0.006262 0.003515
v -0.000542 -0.004691 0.004079
v -0.000526 -0.004181 0.004270
v -0.001430 -0.003805 0.004103
v -0.000970 -0.003813 0.004246
v -0.002272 -0.003716 0.003598
v -0.001639 -0.003501 0.004105
v -0.002361 -0.003330 0.003615
v -0.002585 -0.002717 0.003445
v -0.002822 -0.002606 0.003048
v -0.002947 -0.002420 0.002293
v -0.002952 -0.002414 0.002272
v -0.002997 -0.002351 0.002013
v 0.000149 -0.006931 0.003227
v 0.000143 -0.006790 0.003313
v 0.000143 -0.006289 0.003551
v 0.002908 -0.009991 -0.000557
v 0.003136 -0.009737 -0.001721
v 0.003628 -0.008012 -0.002128
v 0.003759 -0.007432 -0.002273
v 0.003293 -0.009231 -0.001561
v 0.003762 -0.007440 -0.002241
v 0.003643 -0.008129 -0.001631
v 0.003794 -0.007553 -0.001771
v 0.002676 -0.009069 -0.004422
v 0.003129 -0.007462 -0.004316
v 0.003492 -0.007086 -0.003671
v 0.003558 -0.007173 -0.003317
v 0.002193 -0.010021 -0.004951
v 0.002088 -0.010714 -0.004937
v 0.001892 -0.012207 -0.005006
v 0.001692 -0.010984 -0.005420
v 0.002981 -0.009460 -0.000474
v 0.002997 -0.008979 -0.000161
v 0.002952 -0.008545 0.000380
v 0.002770 -0.008982 0.000273
v 0.003233 -0.008415 -0.000275
v 0.003258 -0.007508 0.000594
v 0.002777 -0.007183 0.001744
v 0.002690 -0.005719 0.002642
v 0.002115 -0.006285 0.002881
v 0.001785 -0.006513 0.003027
v 0.000655 -0.007180 0.003104
v 0.001179 -0.006551 0.003339
v 0.001471 -0.006337 0.003313
v 0.000275 -0.037009 -0.007753
v -0.000032 -0.037875 -0.008705
v -0.000439 -0.036656 -0.009031
v 0.000589 -0.040823 -0.005817
v 0.000945 -0.040643 -0.006696
v 0.000427 -0.040893 -0.005622
v 0.000794 -0.041877 -0.006126
v 0.000836 -0.041223 -0.006291
v 0.000375 -0.042303 -0.005295
v 0.000375 -0.042645 -0.005081
v 0.000806 -0.040025 -0.006921
v 0.000302 -0.038580 -0.008176
v 0.001026 -0.041082 -0.007226
v 0.000824 -0.040262 -0.007448
v 0.000403 -0.039137 -0.008208
v 0.000292 -0.037573 -0.007727
v -0.001124 -0.043018 -0.001549
v -0.000596 -0.043307 -0.001923
v -0.000468 -0.043262 -0.002162
v -0.000358 -0.043226 -0.002345
v -0.001806 -0.043394 -0.001149
v -0.001719 -0.043972 -0.001086
v -0.001075 -0.044549 -0.001204
v -0.001046 -0.043830 -0.001365
v -0.001228 -0.043384 -0.001385
v -0.001219 -0.044553 -0.001143
v 0.000095 -0.045056 -0.004182
v 0.000084 -0.045170 -0.003693
v 0.000062 -0.045363 -0.005237
v 0.000084 -0.045827 -0.003262
v 0.000003 -0.045162 -0.002959
v -0.000153 -0.045308 -0.002519
v -0.000630 -0.044500 -0.001565
v 0.000090 -0.045120 -0.005706
v 0.000286 -0.044141 -0.005786
v 0.000362 -0.043611 -0.005701
v -0.001367 -0.035361 -0.009506
v -0.000888 -0.034912 -0.009210
v -0.000686 -0.037136 -0.009277
v -0.000898 -0.037093 -0.009389
v -0.001964 -0.036383 -0.009692
v -0.007536 -0.041356 -0.010342
v -0.006020 -0.041461 -0.010401
v -0.007341 -0.042410 -0.010657
v -0.007276 -0.041304 -0.010345
v -0.009093 -0.043015 -0.009338
v -0.009367 -0.042725 -0.008633
v -0.007482 -0.041885 -0.010475
v -0.007984 -0.042412 -0.010439
v -0.008987 -0.042654 -0.009516
v -0.008261 -0.042818 -0.010320
v -0.008273 -0.043509 -0.010402
v -0.008863 -0.043053 -0.009776
v -0.005810 -0.042005 -0.010522
v -0.004271 -0.042126 -0.010513
v -0.003083 -0.043326 -0.010532
v -0.002863 -0.040093 -0.010172
v -0.003087 -0.039536 -0.010100
v -0.001917 -0.038028 -0.009807
v -0.001741 -0.038593 -0.009825
v -0.001796 -0.039128 -0.009898
v -0.001821 -0.038040 -0.009786
v -0.001050 -0.036513 -0.009441
v -0.001679 -0.038055 -0.009769
v -0.000998 -0.038155 -0.009568
v -0.008634 -0.046828 -0.005589
v -0.008158 -0.046553 -0.006925
v -0.008118 -0.046445 -0.007406
v -0.008467 -0.046802 -0.005754
v -0.008446 -0.046798 -0.005780
v -0.008274 -0.047308 -0.006037
v -0.008292 -0.047789 -0.006351
v -0.008242 -0.047739 -0.006582
v -0.008172 -0.047150 -0.006745
v -0.008172 -0.046751 -0.006699
v -0.008795 -0.046862 -0.005391
v -0.008814 -0.044499 -0.007653
v -0.009039 -0.044255 -0.008453
v -0.008887 -0.044519 -0.008251
v -0.009179 -0.043170 -0.009130
v -0.009159 -0.043851 -0.008696
v -0.009054 -0.045233 -0.002254
v -0.008716 -0.045478 -0.001824
v -0.008286 -0.045560 -0.001618
v -0.008925 -0.045538 -0.001996
v -0.009539 -0.046188 -0.003272
v -0.009803 -0.048201 -0.004090
v -0.009593 -0.046510 -0.003578
v -0.009458 -0.046061 -0.002980
v -0.009339 -0.045791 -0.002659
v -0.009448 -0.047481 -0.004907
v -0.009005 -0.047373 -0.005515
v -0.007482 -0.046531 -0.001407
v -0.007693 -0.046341 -0.001451
v -0.008132 -0.046138 -0.001572
v -0.007264 -0.046654 -0.001353
v -0.006335 -0.046917 -0.001215
v -0.005829 -0.046818 -0.001177
v -0.005019 -0.046471 -0.001181
v -0.004789 -0.046503 -0.001127
v -0.002438 -0.044111 -0.001073
v -0.004119 -0.047099 -0.001181
v -0.003535 -0.046733 -0.001210
v -0.002889 -0.045601 -0.001132
v -0.001828 -0.045082 -0.001055
v -0.003203 -0.046064 -0.001151
v -0.002002 -0.044516 -0.001039
v 0.000537 -0.010155 -0.006203
v 0.000715 -0.008851 -0.006163
v -0.000272 -0.007891 -0.006108
v 0.000103 -0.007902 -0.006186
v 0.000535 -0.008482 -0.006224
v -0.000213 -0.008213 -0.006127
v 0.001354 -0.013694 -0.005607
v 0.001727 -0.012136 -0.005258
v 0.000959 -0.010295 -0.005999
v -0.003970 -0.004618 -0.004613
v -0.005096 -0.002090 -0.003159
v -0.004321 -0.002459 -0.004223
v -0.004346 -0.000772 -0.004291
v -0.004885 -0.000837 -0.003834
v -0.005287 -0.000912 -0.003381
v -0.005305 -0.000969 -0.003348
v -0.005289 -0.001520 -0.003154
v -0.004092 -0.002976 -0.004463
v -0.003865 -0.003493 -0.004704
v -0.004966 -0.002410 -0.001841
v -0.004231 -0.002136 -0.000874
v -0.004929 -0.001886 -0.001710
v -0.003728 -0.003407 -0.000357
v -0.003756 -0.001836 0.000066
v -0.005117 -0.002329 -0.002132
v -0.005202 -0.002248 -0.002452
v -0.005318 -0.001575 -0.002917
v -0.005191 -0.002201 -0.002653
v -0.005309 -0.001600 -0.002809
v -0.005193 -0.002191 -0.002696
v -0.003387 -0.005628 -0.005242
v -0.003617 -0.005102 -0.005064
v -0.003798 -0.005126 -0.004870
v -0.003834 -0.004580 -0.004819
v -0.000317 -0.006961 -0.006016
v -0.000835 -0.006241 -0.005843
v -0.000817 -0.006649 -0.005883
v -0.001768 -0.006169 -0.005846
v -0.000945 -0.005636 -0.005807
v -0.002028 -0.003982 -0.005603
v -0.001936 -0.005055 -0.005797
v -0.003618 -0.005096 -0.005063
v -0.003536 -0.004546 -0.005062
v -0.003043 -0.003982 -0.005262
v -0.002594 -0.002908 -0.005251
v 0.001814 -0.012756 -0.005012
v 0.001681 -0.012467 -0.005265
v -0.003188 -0.002386 0.001444
v -0.003082 -0.002281 0.001742
v -0.003400 -0.002119 0.001156
v -0.003631 -0.001429 0.000657
v -0.003516 -0.001773 0.001159
v -0.003038 -0.002303 0.001819
v -0.000098 -0.005696 0.003797
v 0.000138 -0.005792 0.003805
v 0.000406 -0.004800 0.004228
v -0.000264 -0.003693 0.004472
v 0.000471 -0.004287 0.004388
v -0.000734 -0.003635 0.004384
v -0.001158 -0.003050 0.004401
v -0.001765 -0.002405 0.004217
v -0.001560 -0.002452 0.004347
v -0.001341 -0.002490 0.004440
v -0.001897 -0.001812 0.004106
v -0.002276 -0.001699 0.003745
v -0.002669 -0.002095 0.003190
v -0.002449 -0.001633 0.003516
v -0.002861 -0.001943 0.002607
v -0.002941 -0.001874 0.002337
v -0.002906 -0.001894 0.002408
v -0.003059 -0.001815 0.002120
v -0.003054 -0.001942 0.002042
v 0.000637 -0.006665 0.003410
v 0.000383 -0.006314 0.003580
v 0.003117 -0.009728 -0.001220
v 0.003167 -0.009373 -0.000911
v 0.003868 -0.006874 -0.002323
v 0.003737 -0.006715 -0.002956
v 0.003572 -0.007751 -0.000852
v 0.003888 -0.007036 -0.001636
v 0.002641 -0.008417 -0.004825
v 0.002855 -0.007923 -0.004632
v 0.003213 -0.006892 -0.004403
v 0.003677 -0.006645 -0.003240
v 0.003834 -0.006131 -0.003111
v 0.003480 -0.005245 -0.004407
v 0.003782 -0.006080 -0.003317
v 0.002303 -0.008404 -0.005364
v 0.001644 -0.008665 -0.005813
v 0.001937 -0.008157 -0.005701
v 0.003063 -0.006626 0.001644
v 0.003424 -0.006377 0.001027
v 0.003556 -0.006411 0.000559
v 0.002830 -0.005786 0.002426
v 0.002456 -0.005827 0.002809
v 0.002722 -0.004698 0.003021
v 0.003328 -0.005582 0.001846
v 0.001784 -0.006317 0.003121
v 0.001785 -0.005816 0.003360
v 0.001236 -0.005850 0.003690
v 0.001785 -0.005818 0.003359
v 0.000281 -0.037553 -0.007813
v -0.000034 -0.038927 -0.008962
v -0.000269 -0.038324 -0.009083
v 0.000946 -0.041242 -0.006512
v 0.001066 -0.041745 -0.006784
v 0.001096 -0.041692 -0.007021
v 0.000884 -0.042924 -0.006435
v 0.000534 -0.042496 -0.005773
v 0.000129 -0.039228 -0.008810
v 0.001030 -0.041201 -0.007744
v 0.000727 -0.040333 -0.007992
v 0.000534 -0.040182 -0.008539
v 0.000290 -0.039575 -0.008679
v -0.000734 -0.043926 -0.001608
v -0.000723 -0.045085 -0.001408
v -0.001029 -0.045109 -0.001204
v 0.000025 -0.045630 -0.004079
v -0.000020 -0.046123 -0.004339
v -0.000035 -0.045947 -0.005082
v -0.000198 -0.046408 -0.005438
v 0.000067 -0.045257 -0.005695
v 0.000068 -0.045908 -0.003529
v 0.000113 -0.046373 -0.003316
v -0.000060 -0.045379 -0.002751
v -0.000143 -0.046023 -0.002345
v 0.000035 -0.046433 -0.002842
v -0.000297 -0.045339 -0.002062
v -0.000489 -0.045603 -0.001647
v 0.000226 -0.045157 -0.006173
v 0.000402 -0.044101 -0.005997
v -0.006357 -0.042724 -0.010726
v -0.006867 -0.042964 -0.010825
v -0.007693 -0.042938 -0.010661
v -0.008012 -0.043338 -0.010554
v -0.008796 -0.043604 -0.009819
v -0.008366 -0.044093 -0.010246
v -0.007965 -0.044038 -0.010619
v -0.007731 -0.043477 -0.010716
v -0.009023 -0.043686 -0.009393
v -0.006368 -0.043003 -0.010824
v -0.004369 -0.042656 -0.010591
v -0.004109 -0.044671 -0.010753
v -0.002779 -0.043889 -0.010603
v -0.002261 -0.043743 -0.010576
v -0.001617 -0.039655 -0.009908
v -0.001727 -0.039137 -0.009883
v -0.001504 -0.038619 -0.009787
v -0.000794 -0.039274 -0.009607
v -0.008522 -0.047337 -0.005828
v -0.008135 -0.047084 -0.006979
v -0.008112 -0.047045 -0.007220
v -0.008037 -0.046940 -0.007690
v -0.008011 -0.046886 -0.007928
v -0.008168 -0.046207 -0.008404
v -0.008486 -0.047334 -0.005854
v -0.008421 -0.047828 -0.006142
v -0.008444 -0.048309 -0.006457
v -0.008322 -0.048269 -0.006667
v -0.008280 -0.048218 -0.006901
v -0.008268 -0.048162 -0.007143
v -0.008585 -0.045017 -0.008651
v -0.008934 -0.044413 -0.008691
v -0.009030 -0.043965 -0.009175
v -0.009245 -0.045862 -0.002385
v -0.008841 -0.046557 -0.001929
v -0.009092 -0.047038 -0.002161
v -0.009274 -0.046976 -0.002363
v -0.009575 -0.046781 -0.003099
v -0.009643 -0.049076 -0.005150
v -0.009778 -0.050268 -0.004766
v -0.009776 -0.050370 -0.004329
v -0.009813 -0.048255 -0.003847
v -0.009684 -0.047208 -0.003614
v -0.009479 -0.047430 -0.002735
v -0.009473 -0.048987 -0.005592
v -0.009211 -0.048368 -0.005946
v -0.009154 -0.047733 -0.005602
v -0.008828 -0.047489 -0.005726
v -0.007968 -0.046712 -0.001556
v -0.005932 -0.047515 -0.001168
v -0.004631 -0.047079 -0.001091
v -0.006863 -0.047242 -0.001296
v -0.004196 -0.047658 -0.001138
v -0.003865 -0.048218 -0.001230
v -0.002819 -0.047715 -0.001352
v -0.001955 -0.046161 -0.001153
v -0.001391 -0.045660 -0.001107
v 0.000998 -0.008543 -0.006119
v -0.000162 -0.007891 -0.006140
v 0.001193 -0.007101 -0.006067
v 0.000441 -0.005192 -0.005999
v 0.000570 -0.006286 -0.006117
v -0.003877 -0.001868 -0.004522
v -0.003556 -0.002384 -0.004793
v -0.004590 0.000287 -0.003992
v -0.005278 -0.000382 -0.003273
v -0.004794 0.000261 -0.003807
v -0.003841 -0.000212 -0.004476
v -0.004372 0.000306 -0.004145
v -0.005313 -0.000919 -0.003345
v -0.005383 -0.001045 -0.003129
v -0.005397 -0.000964 -0.003124
v -0.005406 -0.001020 -0.002881
v -0.005396 -0.000979 -0.003053
v -0.003710 -0.003480 -0.004813
v -0.005078 -0.001240 -0.002046
v -0.005174 -0.001768 -0.002136
v -0.003905 -0.001217 -0.000162
v -0.004275 -0.000989 -0.001009
v -0.005230 -0.001725 -0.002300
v -0.005230 -0.002007 -0.002434
v -0.005327 -0.001380 -0.002645
v -0.005355 -0.001084 -0.002620
v -0.005312 -0.001632 -0.002669
v -0.005274 -0.001696 -0.002411
v -0.000339 -0.006258 -0.005942
v -0.000764 -0.006243 -0.005860
v -0.000682 -0.005692 -0.005865
v -0.000484 -0.005153 -0.005861
v 0.000104 -0.004098 -0.005810
v -0.000472 -0.004613 -0.005795
v -0.001211 -0.003498 -0.005569
v -0.001177 -0.002976 -0.005432
v -0.003102 -0.003451 -0.005134
v -0.001401 -0.002441 -0.005270
v -0.003034 -0.002909 -0.005101
v -0.001821 -0.001881 -0.005146
v -0.002885 -0.001317 -0.004829
v -0.003381 -0.002014 0.001426
v -0.003192 -0.001780 0.002017
v -0.003223 -0.002033 0.001726
v -0.003608 -0.000959 0.001018
v -0.003822 -0.000687 -0.000076
v -0.003571 -0.001614 0.001413
v -0.003572 -0.001609 0.001413
v 0.000383 -0.006196 0.003637
v 0.000644 -0.005326 0.004022
v 0.000679 -0.004305 0.004394
v 0.001407 -0.004308 0.004172
v 0.000762 -0.003253 0.004624
v 0.000555 -0.002707 0.004739
v 0.000159 -0.002674 0.004728
v -0.001117 -0.002525 0.004512
v -0.001694 -0.001854 0.004244
v -0.001620 -0.001314 0.004261
v -0.001433 -0.001549 0.004360
v -0.000971 -0.001544 0.004504
v -0.002418 -0.001113 0.003662
v -0.002795 -0.001858 0.002890
v -0.002624 -0.001568 0.003294
v -0.002686 -0.001544 0.003213
v -0.002611 -0.001059 0.003495
v -0.002879 -0.001458 0.002910
v -0.002926 -0.001566 0.002630
v -0.003086 -0.001565 0.002327
v 0.000900 -0.005644 0.003861
v 0.003963 -0.006265 -0.002581
v 0.004047 -0.006437 -0.001871
v 0.004166 -0.005926 -0.001721
v 0.004166 -0.005799 -0.001959
v 0.003717 -0.005894 0.000669
v 0.003986 -0.006556 -0.001344
v 0.002383 -0.008281 -0.005325
v 0.002601 -0.007768 -0.005214
v 0.003174 -0.006261 -0.004715
v 0.004264 -0.004628 -0.002546
v 0.003540 -0.004707 -0.004346
v 0.003328 -0.005165 -0.004698
v 0.001737 -0.006433 -0.005878
v 0.002210 -0.007737 -0.005570
v 0.003798 -0.005421 0.001000
v 0.001792 -0.005311 0.003575
v 0.003236 -0.004543 0.002189
v 0.003778 -0.004394 0.001365
v 0.003472 -0.004464 0.001767
v 0.001818 -0.004795 0.003737
v 0.002417 -0.004226 0.003485
v 0.002159 -0.004394 0.003638
v 0.002965 -0.004135 0.002909
v 0.001700 -0.005319 0.003642
v -0.000008 -0.039986 -0.009192
v -0.000318 -0.040430 -0.009573
v 0.001207 -0.043308 -0.007677
v 0.001198 -0.042019 -0.008037
v 0.001085 -0.042830 -0.006902
v 0.001188 -0.043273 -0.007426
v 0.000904 -0.043460 -0.006526
v 0.000607 -0.043531 -0.006121
v 0.000082 -0.041078 -0.009541
v 0.000294 -0.041072 -0.009405
v 0.001095 -0.041462 -0.008006
v 0.001037 -0.041395 -0.008269
v 0.000774 -0.041241 -0.008839
v 0.000469 -0.040638 -0.008944
v -0.000820 -0.045654 -0.001321
v -0.000135 -0.047230 -0.004321
v -0.000154 -0.046568 -0.004770
v -0.000321 -0.046931 -0.005536
v -0.000140 -0.046302 -0.005913
v -0.000058 -0.045830 -0.005581
v -0.000445 -0.047512 -0.005388
v 0.000013 -0.047441 -0.003469
v 0.000020 -0.047384 -0.003713
v -0.000127 -0.046572 -0.002378
v -0.000251 -0.047631 -0.002563
v -0.000649 -0.046178 -0.001510
v 0.000287 -0.045263 -0.006419
v 0.000438 -0.045157 -0.006865
v -0.006704 -0.044037 -0.011042
v -0.006971 -0.044028 -0.010988
v -0.007251 -0.044028 -0.010899
v -0.008181 -0.044663 -0.010253
v -0.008043 -0.044625 -0.010458
v -0.008790 -0.044262 -0.009386
v -0.007417 -0.044990 -0.010811
v -0.007530 -0.045410 -0.010641
v -0.006155 -0.043545 -0.010953
v -0.004715 -0.043697 -0.010781
v -0.003530 -0.045788 -0.010700
v -0.003972 -0.045433 -0.010736
v -0.004771 -0.044231 -0.010853
v -0.001762 -0.043955 -0.010662
v -0.002065 -0.044468 -0.010738
v -0.002446 -0.045528 -0.010838
v -0.001441 -0.042930 -0.010394
v -0.000410 -0.041987 -0.010017
v -0.008526 -0.047480 -0.005883
v -0.008802 -0.047837 -0.005977
v -0.008289 -0.048642 -0.007458
v -0.008169 -0.048060 -0.007607
v -0.008011 -0.047970 -0.008052
v -0.007903 -0.047329 -0.008450
v -0.007941 -0.047922 -0.008277
v -0.008217 -0.045937 -0.008642
v -0.007760 -0.047178 -0.009146
v -0.008527 -0.047840 -0.006052
v -0.008479 -0.048410 -0.006480
v -0.008514 -0.048059 -0.006198
v -0.008429 -0.048598 -0.006738
v -0.008354 -0.048563 -0.006964
v -0.008408 -0.048740 -0.007001
v -0.008519 -0.045060 -0.008888
v -0.008458 -0.047167 -0.001822
v -0.009122 -0.047561 -0.002289
v -0.009438 -0.048540 -0.002752
v -0.009608 -0.047335 -0.003095
v -0.009549 -0.050956 -0.005842
v -0.009601 -0.051190 -0.005632
v -0.009705 -0.050748 -0.005109
v -0.009738 -0.050223 -0.004048
v -0.009729 -0.048911 -0.003450
v -0.009711 -0.048566 -0.003345
v -0.009551 -0.051352 -0.004372
v -0.009646 -0.051403 -0.004912
v -0.009452 -0.051040 -0.006326
v -0.009250 -0.049872 -0.006635
v -0.009172 -0.049341 -0.006550
v -0.009084 -0.048433 -0.006166
v -0.009090 -0.048341 -0.006100
v -0.007572 -0.047314 -0.001487
v -0.004716 -0.047632 -0.001076
v -0.006928 -0.047937 -0.001411
v -0.005227 -0.047706 -0.001091
v -0.005757 -0.048081 -0.001188
v -0.004262 -0.048199 -0.001180
v -0.004486 -0.047914 -0.001136
v -0.004258 -0.049243 -0.001470
v -0.004302 -0.048724 -0.001299
v -0.004101 -0.049773 -0.001632
v -0.001518 -0.046739 -0.001205
v -0.001196 -0.047780 -0.001611
v -0.001683 -0.049841 -0.002146
v -0.001233 -0.046572 -0.001232
v -0.000880 -0.046048 -0.001314
v 0.001059 -0.006332 -0.006089
v -0.000146 -0.005708 -0.005979
v -0.000338 -0.005152 -0.005909
v 0.001423 -0.005280 -0.005952
v 0.000248 -0.004638 -0.005931
v 0.001234 -0.004723 -0.005896
v -0.003241 -0.001846 -0.004826
v -0.003296 -0.002629 -0.004934
v -0.003295 -0.002378 -0.004904
v -0.004669 0.000784 -0.003708
v -0.004283 0.001326 -0.003778
v -0.005346 -0.000431 -0.003047
v -0.005255 0.000099 -0.002958
v -0.005080 0.000671 -0.003091
v -0.005177 0.000156 -0.003231
v -0.004970 0.000713 -0.003305
v -0.003367 -0.000767 -0.004642
v -0.003468 0.000845 -0.004367
v -0.003113 0.000301 -0.004541
v -0.003685 0.001353 -0.004094
v -0.003463 0.000981 -0.004320
v -0.005346 -0.000487 -0.002801
v -0.004386 -0.000685 -0.001262
v -0.004444 0.000240 -0.001458
v -0.005176 -0.001192 -0.002223
v -0.003897 -0.000619 -0.000343
v -0.005319 -0.001106 -0.002541
v -0.005143 -0.000032 -0.002433
v -0.000414 -0.005649 -0.005896
v 0.000584 -0.003604 -0.005713
v -0.000578 -0.002490 -0.005333
v -0.001300 -0.001378 -0.005092
v -0.003212 -0.001845 -0.004836
v -0.002074 -0.001041 -0.004876
v -0.002454 -0.000279 -0.004655
v -0.002311 -0.000809 -0.004816
v -0.003434 -0.001845 0.001682
v -0.003341 -0.001118 0.002552
v -0.003500 -0.001103 0.002251
v -0.003696 -0.000193 0.000020
v -0.003691 -0.000162 0.000019
v -0.003613 -0.001340 0.001683
v -0.003624 -0.001143 0.001812
v -0.003569 -0.000434 0.001143
v -0.003519 -0.001675 0.001675
v 0.001193 -0.003793 0.004417
v 0.001512 -0.003783 0.004265
v 0.001397 -0.002740 0.004601
v 0.000137 -0.001985 0.004799
v 0.000117 -0.002130 0.004793
v -0.000130 -0.002109 0.004788
v -0.000598 -0.002051 0.004692
v 0.000915 -0.001821 0.004808
v 0.000433 -0.001608 0.004836
v -0.001032 -0.000299 0.004471
v -0.001281 -0.000279 0.004469
v -0.001523 -0.000254 0.004449
v -0.001789 -0.000745 0.004259
v -0.002217 -0.000896 0.003938
v -0.000615 -0.000888 0.004477
v -0.000512 -0.001498 0.004677
v -0.002612 -0.000942 0.003556
v -0.002417 -0.000585 0.003911
v -0.002819 -0.001014 0.003369
v -0.002802 -0.001228 0.003212
v -0.002835 -0.000853 0.003498
v -0.002967 -0.001283 0.002902
v -0.003280 -0.000705 0.003376
v 0.004301 -0.004690 -0.002296
v 0.004135 -0.005552 -0.000931
v 0.004042 -0.005821 -0.000737
v 0.004091 -0.004751 0.000411
v 0.002425 -0.007703 -0.005432
v 0.002505 -0.007091 -0.005403
v 0.002658 -0.006640 -0.005304
v 0.002972 -0.005038 -0.005126
v 0.004225 -0.003978 -0.002936
v 0.004310 -0.004092 -0.002477
v 0.003127 -0.003441 -0.004872
v 0.003587 -0.004183 -0.004229
v 0.002300 -0.007107 -0.005565
v 0.002837 -0.004448 -0.005228
v 0.002572 -0.006612 -0.005391
v 0.001929 -0.004814 -0.005735
v 0.003999 -0.004311 0.000938
v 0.003374 -0.003965 0.002046
v 0.003601 -0.003886 0.001636
v 0.003802 -0.003855 0.001434
v 0.003476 -0.003922 0.001829
v 0.002555 -0.003686 0.003504
v 0.002008 -0.002715 0.004289
v 0.002926 -0.003630 0.003142
v 0.003414 -0.003686 0.002342
v 0.001127 -0.044230 -0.008060
v 0.001278 -0.043112 -0.008138
v 0.001094 -0.043741 -0.007509
v 0.001228 -0.042911 -0.008383
v 0.000853 -0.044026 -0.006859
v 0.000290 -0.041576 -0.009633
v 0.000681 -0.041681 -0.009310
v 0.001127 -0.042328 -0.008600
v 0.000846 -0.041752 -0.009057
v -0.000124 -0.047789 -0.004310
v -0.000338 -0.047643 -0.004865
v -0.000419 -0.047176 -0.005847
v -0.000305 -0.046749 -0.006015
v -0.000294 -0.046763 -0.006266
v -0.000209 -0.046491 -0.006208
v 0.000254 -0.045588 -0.006719
v -0.000661 -0.048535 -0.005700
v -0.000735 -0.048406 -0.006224
v -0.000056 -0.047914 -0.003797
v -0.000294 -0.048109 -0.002884
v -0.000395 -0.047183 -0.002052
v -0.000674 -0.046717 -0.001580
v -0.000581 -0.049207 -0.002846
v -0.000724 -0.048760 -0.002334
v -0.000687 -0.047746 -0.001931
v -0.000891 -0.046742 -0.001398
v 0.000774 -0.045130 -0.008778
v 0.001007 -0.044697 -0.008403
v -0.006514 -0.044593 -0.011103
v -0.006996 -0.045148 -0.010949
v -0.007793 -0.045203 -0.010446
v -0.007699 -0.045684 -0.010219
v -0.007336 -0.045755 -0.010615
v -0.007621 -0.045603 -0.010438
v -0.005966 -0.044102 -0.011008
v -0.004076 -0.045997 -0.010667
v -0.004781 -0.046064 -0.010869
v -0.002507 -0.046069 -0.010878
v -0.003800 -0.046584 -0.010623
v -0.005977 -0.044640 -0.011079
v -0.005435 -0.045796 -0.011078
v -0.005599 -0.045222 -0.011094
v -0.001808 -0.044483 -0.010760
v -0.001822 -0.045020 -0.010838
v -0.001504 -0.043969 -0.010684
v -0.000989 -0.043499 -0.010493
v -0.001440 -0.045603 -0.010847
v -0.001536 -0.046163 -0.010797
v 0.000447 -0.042652 -0.009832
v 0.000401 -0.043180 -0.009937
v 0.000146 -0.043664 -0.010158
v -0.008748 -0.047838 -0.005993
v -0.009044 -0.048335 -0.006142
v -0.008460 -0.049217 -0.007324
v -0.008373 -0.049171 -0.007545
v -0.008464 -0.049642 -0.007879
v -0.007679 -0.048698 -0.009800
v -0.007794 -0.049280 -0.009650
v -0.008003 -0.045907 -0.009329
v -0.007890 -0.045961 -0.009553
v -0.007596 -0.046253 -0.010000
v -0.007600 -0.048652 -0.010023
v -0.007360 -0.046888 -0.010251
v -0.007392 -0.048027 -0.010392
v -0.008748 -0.048785 -0.006606
v -0.009051 -0.048814 -0.006452
v -0.008529 -0.048779 -0.006790
v -0.008745 -0.048801 -0.006621
v -0.008587 -0.049254 -0.007116
v -0.009045 -0.048114 -0.002328
v -0.009587 -0.049003 -0.003104
v -0.009039 -0.049179 -0.002531
v -0.009068 -0.049931 -0.002795
v -0.009226 -0.052120 -0.006632
v -0.009535 -0.051701 -0.005417
v -0.009412 -0.051878 -0.005904
v -0.009613 -0.049513 -0.003293
v -0.009425 -0.050991 -0.003786
v -0.009451 -0.050545 -0.003490
v -0.009326 -0.052102 -0.004640
v -0.009478 -0.051921 -0.004920
v -0.009162 -0.051301 -0.007276
v -0.009109 -0.050320 -0.007147
v -0.009150 -0.049829 -0.006851
v -0.009053 -0.048817 -0.006453
v -0.009043 -0.049418 -0.006771
v -0.009052 -0.048818 -0.006454
v -0.007652 -0.048363 -0.001724
v -0.007476 -0.048929 -0.001746
v -0.006046 -0.048586 -0.001306
v -0.005883 -0.049659 -0.001525
v -0.005158 -0.050232 -0.001692
v -0.005404 -0.050152 -0.001678
v -0.002795 -0.050616 -0.002181
v -0.004382 -0.050553 -0.001911
v -0.002156 -0.050346 -0.002204
v -0.001183 -0.048807 -0.001977
v -0.000993 -0.047261 -0.001522
v -0.001148 -0.050321 -0.002645
v -0.001401 -0.050341 -0.002481
v 0.000787 -0.004151 -0.005809
v 0.001118 -0.003280 -0.005653
v 0.002161 -0.002777 -0.005523
v -0.004802 0.001724 -0.002884
v -0.004511 0.002221 -0.002775
v -0.004102 0.002014 -0.003390
v -0.005118 0.000562 -0.002610
v -0.005023 0.001147 -0.002766
v -0.002447 0.000782 -0.004438
v -0.002915 0.001340 -0.004289
v -0.001220 0.000171 -0.004615
v -0.002231 0.000383 -0.004509
v -0.003556 0.002291 -0.003388
v -0.003201 0.001982 -0.003871
v -0.002914 0.001853 -0.004049
v -0.003826 0.000512 -0.000445
v -0.003971 0.001131 -0.000671
v 0.000885 -0.003090 -0.005627
v 0.000691 -0.002019 -0.005389
v 0.000505 -0.001477 -0.005265
v -0.000893 -0.000877 -0.004994
v -0.000983 -0.000356 -0.004816
v -0.003529 -0.000701 0.002540
v -0.003528 -0.000338 0.003088
v -0.003585 -0.001180 0.001963
v -0.003584 -0.000697 0.002271
v -0.003584 0.000304 0.000365
v -0.003631 0.000368 0.000105
v -0.003635 0.000372 0.000088
v -0.003605 -0.000556 0.002029
v -0.003556 0.000127 0.001111
v -0.003549 0.000382 0.000638
v -0.003529 0.001517 0.002289
v -0.003577 0.000810 0.002951
v 0.002036 -0.001660 0.004518
v 0.001390 -0.001657 0.004723
v -0.000009 -0.001567 0.004802
v -0.000269 -0.001437 0.004736
v 0.001069 -0.000992 0.004699
v 0.000734 -0.001329 0.004808
v 0.000313 -0.000933 0.004722
v -0.000745 0.000206 0.004598
v -0.000532 -0.000337 0.004468
v -0.001501 0.000760 0.004860
v -0.001763 -0.000229 0.004418
v -0.000363 -0.000783 0.004529
v -0.002636 -0.000476 0.003855
v -0.002701 0.000386 0.004479
v -0.002485 0.000826 0.004809
v -0.001996 0.000410 0.004661
v -0.003013 -0.001046 0.003167
v -0.003104 -0.000543 0.003702
v -0.003027 -0.000526 0.003728
v -0.002916 -0.000074 0.004136
v -0.003459 -0.000405 0.003354
v -0.003314 -0.000473 0.003597
v 0.004282 -0.004650 -0.001791
v 0.004152 -0.005439 -0.000912
v 0.004392 -0.003654 0.000377
v 0.004327 -0.003899 -0.000934
v 0.004286 -0.004377 -0.001254
v 0.004372 -0.003503 -0.002643
v 0.003459 -0.003584 -0.004374
v 0.004438 -0.002846 -0.003096
v 0.004105 -0.003742 -0.003259
v 0.004404 -0.003311 -0.001095
v 0.004485 -0.002992 -0.002491
v 0.002945 -0.002833 -0.005032
v 0.002272 -0.003775 -0.005539
v 0.004107 -0.003301 0.001339
v 0.003485 -0.003680 0.002113
v 0.003852 -0.003379 0.001757
v 0.003552 -0.003713 0.001877
v 0.002687 -0.002159 0.004059
v 0.003270 -0.003097 0.003123
v 0.003278 -0.002614 0.003433
v 0.003062 -0.002640 0.003616
v 0.003491 -0.003072 0.002942
v 0.003688 -0.003257 0.002477
v 0.001186 -0.044124 -0.008535
v 0.001206 -0.043552 -0.008613
v 0.001128 -0.042926 -0.008888
v 0.000673 -0.042185 -0.009525
v 0.000948 -0.042292 -0.009157
v -0.000139 -0.048385 -0.004130
v -0.000278 -0.048819 -0.004610
v -0.000622 -0.047740 -0.006733
v -0.000434 -0.047112 -0.007107
v -0.000213 -0.046583 -0.007064
v 0.000261 -0.045826 -0.008259
v -0.000707 -0.049063 -0.005800
v -0.000797 -0.048197 -0.007093
v -0.000906 -0.048833 -0.006694
v -0.000428 -0.049238 -0.005144
v -0.000641 -0.050167 -0.003479
v -0.000824 -0.049770 -0.002733
v 0.000500 -0.045554 -0.008912
v 0.000795 -0.045092 -0.009020
v 0.001023 -0.044585 -0.008891
v 0.001029 -0.044643 -0.008643
v -0.006588 -0.045009 -0.011059
v -0.006816 -0.045715 -0.010958
v -0.007265 -0.046645 -0.010447
v -0.007158 -0.046280 -0.010624
v -0.003926 -0.046578 -0.010608
v -0.004216 -0.047084 -0.010727
v -0.005509 -0.046341 -0.011092
v -0.005444 -0.047475 -0.011022
v -0.003104 -0.047712 -0.010787
v -0.003834 -0.047121 -0.010694
v -0.002420 -0.047189 -0.010873
v -0.006416 -0.045587 -0.011072
v -0.001602 -0.045030 -0.010872
v -0.000787 -0.044046 -0.010590
v -0.001124 -0.045082 -0.010808
v -0.001254 -0.045880 -0.010760
v -0.001418 -0.046764 -0.010644
v -0.001712 -0.047272 -0.010751
v 0.000407 -0.043181 -0.009933
v 0.000353 -0.043710 -0.010029
v 0.000651 -0.042699 -0.009699
v 0.000298 -0.044244 -0.010105
v -0.000609 -0.044611 -0.010617
v -0.008621 -0.049615 -0.007420
v -0.008777 -0.050195 -0.007787
v -0.008664 -0.050154 -0.008000
v -0.008452 -0.050070 -0.008430
v -0.008345 -0.050029 -0.008644
v -0.008096 -0.049949 -0.009063
v -0.007611 -0.049192 -0.010088
v -0.007540 -0.049562 -0.010108
v -0.008001 -0.049906 -0.009281
v -0.007341 -0.048576 -0.010439
v -0.007431 -0.049162 -0.010281
v -0.007245 -0.047991 -0.010595
v -0.008763 -0.048803 -0.006613
v -0.008716 -0.049159 -0.006892
v -0.009016 -0.049792 -0.007058
v -0.009361 -0.050119 -0.003161
v -0.008860 -0.049742 -0.002559
v -0.009067 -0.050621 -0.003127
v -0.008867 -0.050746 -0.003016
v -0.009010 -0.052672 -0.006627
v -0.009108 -0.052541 -0.006391
v -0.008788 -0.051818 -0.007976
v -0.008802 -0.052472 -0.007550
v -0.009281 -0.052377 -0.005415
v -0.009104 -0.052690 -0.005648
v -0.009428 -0.050593 -0.003489
v -0.009162 -0.052058 -0.004331
v -0.009012 -0.051662 -0.003805
v -0.009069 -0.052531 -0.004861
v -0.008895 -0.051260 -0.007946
v -0.008888 -0.050681 -0.007878
v -0.008222 -0.049868 -0.002229
v -0.008442 -0.049877 -0.002341
v -0.006127 -0.049637 -0.001542
v -0.007079 -0.050031 -0.001920
v -0.006131 -0.050639 -0.002009
v -0.005880 -0.051006 -0.002178
v -0.005200 -0.051213 -0.002242
v -0.004903 -0.050749 -0.001951
v -0.002878 -0.051323 -0.002541
v -0.004863 -0.051724 -0.002547
v -0.003037 -0.051810 -0.002783
v -0.004311 -0.052230 -0.002945
v -0.002261 -0.050852 -0.002387
v -0.001637 -0.050849 -0.002605
v -0.001142 -0.050807 -0.002951
v 0.001464 -0.002580 -0.005625
v 0.001765 -0.002067 -0.005541
v 0.002865 -0.002256 -0.005102
v 0.002229 -0.002128 -0.005438
v -0.004874 0.001714 -0.002654
v -0.004537 0.002217 -0.002745
v -0.004193 0.002502 -0.002857
v -0.003842 0.002299 -0.003276
v -0.004519 0.002244 -0.002736
v -0.004800 0.001542 -0.002152
v -0.004888 0.001612 -0.002419
v -0.002421 0.001298 -0.004276
v -0.000774 0.001109 -0.003973
v -0.002656 0.001826 -0.004079
v 0.000564 0.000060 -0.004726
v -0.000716 0.000295 -0.004553
v -0.003389 0.002914 -0.002813
v -0.002703 0.002355 -0.003673
v -0.003100 0.002795 -0.002989
v -0.003627 0.002747 -0.002940
v -0.003716 0.001886 0.000252
v -0.004276 0.001845 -0.001243
v -0.003981 0.001680 -0.000634
v 0.001262 -0.002031 -0.005530
v 0.001235 -0.001501 -0.005413
v 0.001352 -0.000975 -0.005321
v 0.000880 0.000061 -0.004840
v 0.000028 -0.000573 -0.004925
v -0.003607 -0.000211 0.002573
v -0.003487 0.000083 0.003654
v -0.003597 0.000215 0.003129
v -0.003613 0.002474 0.000604
v -0.003480 0.002458 0.001402
v -0.003477 0.001222 0.003535
v -0.003394 0.001752 0.003621
v -0.003175 0.003033 0.002825
v -0.003357 0.002781 0.001982
v 0.003120 -0.001622 0.004002
v 0.002613 -0.001122 0.004407
v 0.002158 -0.001113 0.004519
v 0.001775 -0.001539 0.004604
v 0.001397 -0.000723 0.004579
v -0.000134 -0.000803 0.004598
v 0.000855 -0.000827 0.004651
v 0.001199 -0.000482 0.004514
v 0.000411 -0.000653 0.004533
v 0.000193 -0.000542 0.004477
v -0.000209 0.000190 0.004489
v -0.000282 -0.000356 0.004467
v -0.000186 0.000704 0.004659
v -0.001717 0.001276 0.005100
v -0.001753 0.001225 0.005083
v -0.001250 0.001241 0.005092
v -0.002015 0.000917 0.004966
v -0.000727 0.001217 0.005021
v -0.002939 0.000412 0.004444
v -0.002701 0.000885 0.004718
v -0.002486 0.000846 0.004821
v -0.002263 0.000808 0.004900
v -0.002530 0.000853 0.004798
v -0.002185 0.000803 0.004900
v -0.003336 0.000004 0.003945
v -0.003164 -0.000506 0.003688
v -0.003147 -0.000043 0.004083
v -0.003156 0.000334 0.004291
v -0.003320 -0.000396 0.003651
v 0.004628 -0.002491 0.000079
v 0.004411 -0.003369 -0.000848
v 0.004464 -0.002852 -0.000703
v 0.004514 -0.002901 -0.000509
v 0.004627 -0.002517 0.000581
v 0.004562 -0.002654 0.000798
v 0.003707 -0.002927 -0.004047
v 0.004596 -0.002339 -0.002945
v 0.004128 -0.002691 -0.003660
v 0.004503 -0.002266 -0.003219
v 0.004442 -0.002776 -0.001022
v 0.004613 -0.002455 -0.002448
v 0.003338 -0.000137 -0.004813
v 0.003733 -0.000240 -0.004503
v 0.003987 -0.000879 -0.004231
v 0.004057 -0.002060 -0.003951
v 0.003914 -0.002961 0.002328
v 0.003603 -0.002712 0.003018
v 0.003596 -0.002563 0.003110
v 0.003668 -0.002015 0.003118
v 0.003251 -0.001819 0.003769
v 0.001144 -0.044060 -0.008793
v 0.001040 -0.043390 -0.009254
v 0.001118 -0.043117 -0.008946
v 0.000999 -0.042832 -0.009247
v -0.000365 -0.049435 -0.004321
v -0.000372 -0.049377 -0.004569
v -0.000445 -0.047052 -0.007357
v 0.000315 -0.045811 -0.009252
v -0.000592 -0.050255 -0.005496
v -0.000732 -0.050079 -0.006205
v -0.000789 -0.049512 -0.006230
v -0.000977 -0.049382 -0.006723
v -0.000966 -0.048702 -0.007263
v -0.000757 -0.047869 -0.007548
v -0.000570 -0.050316 -0.005243
v -0.000850 -0.050735 -0.003357
v -0.000631 -0.050594 -0.004031
v 0.000513 -0.045233 -0.009629
v 0.000808 -0.044597 -0.009464
v -0.006818 -0.046282 -0.010910
v -0.007118 -0.046869 -0.010679
v -0.006909 -0.046792 -0.010858
v -0.004090 -0.048166 -0.010894
v -0.004913 -0.048103 -0.010891
v -0.004311 -0.048143 -0.010919
v -0.005896 -0.047284 -0.011103
v -0.006071 -0.046841 -0.011145
v -0.005784 -0.048011 -0.010989
v -0.003109 -0.048268 -0.010782
v -0.002301 -0.048003 -0.010823
v -0.006329 -0.046828 -0.011121
v -0.000459 -0.045191 -0.010557
v -0.000538 -0.045622 -0.010506
v -0.000918 -0.046415 -0.010463
v -0.001373 -0.047910 -0.010511
v -0.001647 -0.048368 -0.010661
v -0.001305 -0.047368 -0.010477
v -0.001029 -0.046871 -0.010317
v -0.001875 -0.048373 -0.010740
v -0.002096 -0.048253 -0.010788
v 0.000496 -0.044295 -0.009950
v 0.000912 -0.043886 -0.009464
v 0.000738 -0.043820 -0.009692
v 0.000100 -0.044760 -0.010209
v -0.008801 -0.050676 -0.008102
v -0.008705 -0.050631 -0.008320
v -0.008480 -0.050549 -0.008746
v -0.008605 -0.050589 -0.008537
v -0.008321 -0.050516 -0.008945
v -0.008066 -0.050438 -0.009362
v -0.008257 -0.050500 -0.009034
v -0.007430 -0.049165 -0.010281
v -0.007787 -0.050383 -0.009693
v -0.007093 -0.049127 -0.010543
v -0.007370 -0.050163 -0.010124
v -0.007429 -0.049161 -0.010283
v -0.007277 -0.048567 -0.010498
v -0.007024 -0.047966 -0.010775
v -0.006867 -0.047389 -0.010913
v -0.008446 -0.050619 -0.002680
v -0.008607 -0.051760 -0.003525
v -0.008836 -0.053018 -0.005855
v -0.008784 -0.053006 -0.006848
v -0.008315 -0.052313 -0.008391
v -0.008609 -0.051586 -0.008399
v -0.008439 -0.053266 -0.007275
v -0.008752 -0.053075 -0.005330
v -0.008501 -0.052694 -0.004319
v -0.008773 -0.052078 -0.003960
v -0.008416 -0.053142 -0.004808
v -0.008705 -0.051173 -0.008382
v -0.006366 -0.050611 -0.002053
v -0.006349 -0.051086 -0.002333
v -0.005833 -0.052129 -0.002871
v -0.006113 -0.051128 -0.002299
v -0.005375 -0.051692 -0.002508
v -0.002233 -0.051717 -0.002890
v -0.005021 -0.052826 -0.003381
v -0.002458 -0.052300 -0.003262
v -0.002710 -0.052571 -0.003389
v -0.003271 -0.052163 -0.003012
v -0.005377 -0.053875 -0.004370
v -0.001695 -0.050949 -0.002635
v -0.001700 -0.051807 -0.003239
v 0.001613 -0.000988 -0.005353
v 0.002661 -0.000034 -0.005026
v 0.001935 0.000038 -0.005094
v 0.003115 -0.000180 -0.004928
v -0.004655 0.002176 -0.002534
v -0.003991 0.002907 -0.002496
v -0.004313 0.002667 -0.002371
v -0.004548 0.001987 -0.001764
v -0.004673 0.002122 -0.002293
v -0.004641 0.002059 -0.002038
v -0.000800 0.001585 -0.003664
v -0.002195 0.002264 -0.003727
v -0.001471 0.002190 -0.003654
v -0.000530 0.001077 -0.003964
v -0.000580 0.001451 -0.003620
v -0.000539 0.001153 -0.003894
v 0.000842 0.000558 -0.004572
v 0.000290 0.001131 -0.004143
v -0.003392 0.003398 -0.001747
v -0.003746 0.003061 -0.002402
v -0.002189 0.003094 -0.002524
v -0.002211 0.003171 -0.002416
v -0.002052 0.003505 -0.001949
v -0.004252 0.002428 -0.001368
v -0.004141 0.002623 -0.001312
v -0.003864 0.002798 -0.000700
v -0.003716 0.002783 -0.000150
v 0.001702 0.000568 -0.004903
v -0.003348 0.000020 0.003943
v -0.003421 0.000558 0.003981
v -0.003243 0.003218 0.001815
v -0.003515 0.003191 0.000212
v -0.003236 0.003480 0.001089
v -0.003429 0.001131 0.003911
v -0.003288 0.001622 0.004144
v -0.003158 0.002201 0.003999
v -0.003098 0.002685 0.003568
v -0.002958 0.003564 0.002701
v -0.002792 0.003622 0.003012
v 0.002941 -0.000571 0.004319
v 0.002144 -0.000868 0.004543
v 0.002668 -0.000589 0.004485
v 0.003050 -0.000552 0.004204
v 0.003066 0.000550 0.004234
v 0.003288 -0.001050 0.003868
v 0.003191 0.000049 0.003963
v 0.001534 -0.000065 0.004444
v 0.001789 0.000036 0.004485
v -0.000001 -0.000370 0.004436
v 0.000735 -0.000428 0.004407
v 0.000737 -0.000420 0.004405
v 0.001267 0.000101 0.004380
v 0.000691 -0.000414 0.004394
v 0.000502 -0.000391 0.004362
v 0.000241 -0.000380 0.004396
v -0.000130 0.000190 0.004460
v -0.000018 -0.000344 0.004434
v -0.000454 0.001290 0.004990
v 0.000107 0.000711 0.004529
v 0.000083 0.001359 0.004913
v -0.001737 0.001386 0.005106
v -0.002005 0.001295 0.005111
v -0.001198 0.001773 0.005178
v -0.001682 0.001822 0.005132
v -0.000976 0.001388 0.005091
v -0.000947 0.001755 0.005173
v -0.000440 0.001721 0.005149
v -0.000873 0.001751 0.005165
v -0.003157 0.000451 0.004349
v -0.002914 0.000928 0.004609
v -0.002689 0.001085 0.004775
v -0.002871 0.001455 0.004720
v -0.002242 0.001322 0.005076
v -0.002462 0.001360 0.004988
v -0.002670 0.001405 0.004865
v -0.003213 0.000469 0.004289
v 0.004707 -0.002049 0.000540
v 0.004627 -0.001893 -0.000105
v 0.004362 -0.001139 -0.000860
v 0.004425 -0.001202 -0.000614
v 0.004716 -0.002077 0.000659
v 0.004337 -0.002598 0.001492
v 0.004611 -0.001239 -0.002895
v 0.004448 -0.001659 -0.003419
v 0.004426 -0.002536 -0.001253
v 0.004459 -0.001581 -0.001385
v 0.004651 -0.001437 -0.002067
v 0.003788 0.000290 -0.004412
v 0.003637 0.000875 -0.004483
v 0.003257 0.001488 -0.004601
v 0.004255 0.000107 -0.003782
v 0.004391 -0.000724 -0.003582
v 0.004055 0.000195 -0.004087
v 0.004413 -0.002264 0.001554
v 0.003909 -0.002477 0.002635
v 0.003879 -0.000847 0.002812
v 0.003396 0.000133 0.003531
v 0.004217 -0.001807 0.002050
v 0.003993 -0.000941 0.002584
v 0.003282 0.000076 0.003743
v -0.000785 -0.051185 -0.004904
v -0.000692 -0.047721 -0.008521
v -0.000321 -0.046628 -0.009213
v 0.000081 -0.046128 -0.009109
v 0.000147 -0.045883 -0.009565
v 0.000246 -0.045604 -0.009755
v -0.000930 -0.051544 -0.006254
v -0.000773 -0.050687 -0.006359
v -0.001032 -0.050081 -0.006876
v -0.000854 -0.050527 -0.006619
v -0.001095 -0.049107 -0.007858
v -0.001112 -0.049792 -0.007303
v -0.000939 -0.048163 -0.009575
v -0.000897 -0.051090 -0.003665
v -0.000984 -0.051625 -0.004259
v -0.000931 -0.051576 -0.004489
v -0.000823 -0.051063 -0.003892
v -0.001530 -0.052103 -0.003726
v 0.000368 -0.045085 -0.009910
v 0.000584 -0.044915 -0.009708
v -0.006700 -0.047384 -0.010997
v -0.004164 -0.048726 -0.010853
v -0.003465 -0.048814 -0.010706
v -0.005613 -0.048342 -0.010883
v -0.004646 -0.048598 -0.010864
v -0.006452 -0.047524 -0.011052
v -0.006051 -0.049177 -0.010670
v -0.006681 -0.047959 -0.010920
v -0.007031 -0.048893 -0.010631
v -0.006558 -0.049144 -0.010648
v -0.000067 -0.045297 -0.010238
v -0.000669 -0.046227 -0.010363
v -0.000896 -0.047088 -0.010028
v -0.001653 -0.048410 -0.010661
v -0.001191 -0.047972 -0.010312
v -0.001446 -0.048456 -0.010535
v -0.001048 -0.047471 -0.010119
v -0.001993 -0.048947 -0.010628
v -0.008594 -0.051133 -0.008595
v -0.008452 -0.051096 -0.008799
v -0.008136 -0.051027 -0.009198
v -0.007969 -0.050995 -0.009387
v -0.007480 -0.051435 -0.009546
v -0.006947 -0.049647 -0.010439
v -0.007070 -0.050159 -0.010282
v -0.006855 -0.049130 -0.010603
v -0.008347 -0.052421 -0.003866
v -0.007959 -0.051755 -0.003164
v -0.007506 -0.051831 -0.003031
v -0.006591 -0.051076 -0.002364
v -0.008382 -0.053478 -0.005766
v -0.008549 -0.053338 -0.006307
v -0.008358 -0.053547 -0.006020
v -0.008647 -0.053231 -0.006578
v -0.008304 -0.053519 -0.007010
v -0.007951 -0.052614 -0.008564
v -0.008058 -0.052088 -0.008790
v -0.008520 -0.051407 -0.008604
v -0.007868 -0.052920 -0.008321
v -0.007493 -0.053632 -0.007780
v -0.008112 -0.053575 -0.005188
v -0.007872 -0.052827 -0.003961
v -0.007696 -0.053718 -0.004966
v -0.007374 -0.053311 -0.004170
v -0.006047 -0.052464 -0.003154
v -0.006581 -0.051570 -0.002630
v -0.001899 -0.052082 -0.003333
v -0.005667 -0.053526 -0.004078
v -0.002413 -0.052600 -0.003552
v -0.004849 -0.053909 -0.004462
v -0.004082 -0.053851 -0.004468
v -0.003581 -0.053626 -0.004348
v -0.003107 -0.053329 -0.004105
v -0.006130 -0.053789 -0.004342
v -0.006496 -0.054246 -0.005014
v 0.002472 0.000523 -0.004970
v -0.004672 0.002123 -0.002292
v -0.004130 0.002934 -0.002030
v -0.004489 0.002354 -0.001956
v -0.004312 0.002523 -0.001629
v -0.000589 0.001541 -0.003547
v -0.001012 0.002438 -0.003389
v -0.000576 0.002049 -0.003349
v -0.000779 0.002598 -0.003248
v -0.001519 0.002672 -0.003268
v -0.000003 0.001212 -0.003973
v -0.000302 0.001224 -0.003812
v -0.000373 0.001501 -0.003448
v -0.000356 0.001388 -0.003557
v 0.001223 0.001577 -0.004307
v 0.000556 0.001484 -0.004020
v 0.000245 0.001382 -0.003876
v -0.003758 0.003128 -0.002145
v -0.003632 0.003294 -0.001835
v -0.001890 0.003881 -0.001477
v -0.002077 0.003616 -0.001818
v -0.003706 0.003266 -0.001608
v -0.003319 0.003490 -0.001462
v -0.001944 0.004039 -0.001223
v -0.003866 0.003099 -0.001991
v -0.001013 0.003623 -0.001991
v -0.000810 0.003078 -0.002919
v -0.001035 0.002910 -0.003089
v -0.001511 0.003492 -0.002077
v -0.003869 0.003034 -0.001180
v -0.004045 0.002881 -0.001505
v -0.003413 0.003498 0.000026
v -0.003585 0.003240 -0.000310
v 0.002162 0.001070 -0.004830
v 0.001735 0.001936 -0.004359
v -0.003342 0.000510 0.004157
v -0.002956 0.003777 0.001968
v -0.002866 0.003964 0.001765
v -0.003138 0.003746 0.000898
v -0.003231 0.003713 0.000360
v -0.003121 0.000973 0.004483
v -0.002853 0.002697 0.004151
v -0.003145 0.001543 0.004432
v -0.003005 0.001829 0.004509
v -0.002927 0.002785 0.003885
v -0.002825 0.003103 0.003701
v -0.002696 0.003871 0.002818
v -0.002468 0.004183 0.002420
v -0.002691 0.004118 0.002090
v -0.002542 0.003817 0.003113
v 0.002942 0.000511 0.004444
v 0.002855 0.000501 0.004519
v 0.002487 -0.000053 0.004635
v 0.002241 -0.000032 0.004622
v 0.002706 -0.000054 0.004558
v 0.003013 0.001088 0.004280
v 0.003036 0.001112 0.004217
v 0.002074 0.000538 0.004615
v 0.001401 0.000644 0.004391
v 0.000353 0.000190 0.004298
v 0.000513 -0.000353 0.004346
v 0.000655 0.000703 0.004383
v 0.001157 0.000666 0.004375
v 0.000310 -0.000074 0.004314
v 0.000075 0.000192 0.004386
v -0.000183 0.001691 0.005120
v -0.000174 0.001706 0.005125
v 0.000245 0.000193 0.004325
v 0.000398 0.000718 0.004407
v 0.000380 0.001313 0.004748
v 0.000357 0.001693 0.005005
v -0.001992 0.001857 0.005081
v -0.002154 0.001877 0.005052
v -0.001353 0.002216 0.005069
v -0.001798 0.002373 0.004948
v -0.000929 0.001851 0.005159
v -0.001079 0.002347 0.005061
v -0.000179 0.001731 0.005126
v -0.000348 0.002277 0.005113
v -0.002767 0.001430 0.004790
v -0.003065 0.001508 0.004553
v -0.002583 0.001959 0.004843
v -0.002382 0.001854 0.004959
v -0.002636 0.001617 0.004853
v 0.004693 -0.001852 0.000678
v 0.004672 -0.000815 0.000031
v 0.004333 -0.001085 -0.001084
v 0.004422 0.000476 -0.000657
v 0.004603 -0.000749 -0.000235
v 0.004544 -0.001933 0.001127
v 0.004626 -0.001824 0.000912
v 0.004574 -0.000227 -0.002458
v 0.004532 -0.000615 -0.003165
v 0.004508 -0.000587 -0.003277
v 0.004335 -0.001078 -0.001114
v 0.004394 -0.001029 -0.001343
v 0.004390 0.000054 -0.001220
v 0.004543 -0.000395 -0.001729
v 0.003989 0.000742 -0.004045
v 0.003988 0.000745 -0.004045
v 0.003833 0.001824 -0.003847
v 0.003890 0.001301 -0.004012
v 0.003283 0.002004 -0.004437
v 0.002566 0.001582 -0.004772
v 0.002832 0.002072 -0.004585
v 0.004428 -0.000005 -0.003362
v 0.003988 0.000744 -0.004044
v 0.004371 0.000517 -0.003194
v 0.004395 -0.002015 0.001577
v 0.003470 0.000536 0.003348
v 0.002946 0.002699 0.004443
v 0.003450 0.000723 0.003364
v 0.003678 0.000805 0.002939
v 0.003562 0.000756 0.003150
v 0.004032 -0.000214 0.002427
v 0.004280 0.000578 0.001332
v -0.000866 -0.047613 -0.009574
v -0.000730 -0.047021 -0.009716
v -0.000364 -0.046375 -0.009780
v -0.000010 -0.045853 -0.009863
v -0.000848 -0.051071 -0.006679
v -0.001195 -0.052160 -0.006659
v -0.000970 -0.051651 -0.006531
v -0.001106 -0.052034 -0.004849
v -0.000945 -0.050999 -0.006953
v -0.001104 -0.050861 -0.007492
v -0.001168 -0.050793 -0.007758
v -0.001018 -0.049330 -0.009312
v -0.001174 -0.050251 -0.007698
v -0.001154 -0.049971 -0.008902
v -0.001104 -0.049203 -0.009829
v -0.001199 -0.051801 -0.003840
v -0.001131 -0.051831 -0.004076
v -0.001471 -0.052210 -0.003972
v -0.001638 -0.052243 -0.003775
v -0.004766 -0.049091 -0.010706
v -0.003549 -0.049143 -0.010585
v -0.004216 -0.049932 -0.010427
v -0.004454 -0.049858 -0.010443
v -0.004669 -0.049715 -0.010494
v -0.005870 -0.049495 -0.010590
v -0.005918 -0.050857 -0.010256
v -0.006478 -0.050326 -0.010370
v -0.000522 -0.046362 -0.010081
v -0.001763 -0.048978 -0.010572
v -0.001244 -0.048526 -0.010301
v -0.001552 -0.049017 -0.010453
v -0.002775 -0.050083 -0.010263
v -0.001903 -0.049518 -0.010368
v -0.008427 -0.051181 -0.008802
v -0.007777 -0.051397 -0.009381
v -0.007073 -0.051551 -0.009685
v -0.007262 -0.052445 -0.009088
v -0.007083 -0.051180 -0.009898
v -0.006665 -0.050712 -0.010219
v -0.007223 -0.052704 -0.003548
v -0.008057 -0.053731 -0.005441
v -0.007881 -0.053862 -0.006665
v -0.007867 -0.053936 -0.006163
v -0.007658 -0.053961 -0.006859
v -0.007141 -0.053912 -0.007703
v -0.007438 -0.052797 -0.008678
v -0.007321 -0.053211 -0.008436
v -0.007053 -0.053581 -0.008143
v -0.006905 -0.054249 -0.005328
v -0.007055 -0.053823 -0.004634
v -0.007561 -0.054083 -0.005580
v -0.007781 -0.053973 -0.005635
v -0.006483 -0.052911 -0.003593
v -0.002174 -0.053124 -0.004585
v -0.001734 -0.052543 -0.004093
v -0.002438 -0.053359 -0.004658
v -0.005707 -0.054377 -0.005184
v -0.004312 -0.054356 -0.005608
v -0.006083 -0.054355 -0.005150
v -0.003725 -0.053994 -0.004878
v -0.002991 -0.053577 -0.004602
v -0.004214 0.002798 -0.001820
v -0.003908 0.003073 -0.001862
v -0.000351 0.002014 -0.003274
v -0.000454 0.002561 -0.003201
v -0.000552 0.002430 -0.003246
v -0.000654 0.003074 -0.002952
v 0.000181 0.001442 -0.003636
v -0.000122 0.001429 -0.003480
v -0.000127 0.001479 -0.003437
v -0.000111 0.001990 -0.003245
v 0.000970 0.002042 -0.003828
v 0.001092 0.002227 -0.003768
v 0.001206 0.002064 -0.004004
v 0.001406 0.002355 -0.003908
v 0.002135 0.003069 -0.003852
v 0.000504 0.001668 -0.003762
v -0.000879 0.004065 -0.001393
v -0.003783 0.003192 -0.001388
v -0.003280 0.003610 -0.001183
v -0.002547 0.004024 -0.000908
v -0.001890 0.004379 -0.000409
v -0.000721 0.003538 -0.002162
v -0.000353 0.003505 -0.002557
v -0.000550 0.003135 -0.002913
v -0.000571 0.003879 -0.001664
v -0.000179 0.004151 -0.001165
v -0.003272 0.003735 -0.000155
v -0.003428 0.003540 -0.000732
v -0.003144 0.003878 0.000153
v 0.002319 0.002103 -0.004542
v 0.002293 0.002903 -0.004074
v -0.002876 0.004061 0.001015
v -0.002287 0.004436 0.001747
v -0.002971 0.004003 0.000474
v -0.002737 0.002196 0.004634
v -0.002519 0.002962 0.004285
v -0.002334 0.003401 0.003887
v -0.002482 0.003519 0.003602
v -0.002389 0.004101 0.002747
v -0.002125 0.004462 0.002053
v -0.002234 0.004023 0.003027
v -0.002243 0.003614 0.003688
v 0.002914 0.000807 0.004469
v 0.002707 0.000488 0.004620
v 0.002551 0.000486 0.004681
v 0.002302 0.000506 0.004678
v 0.002883 0.002144 0.004612
v 0.002125 0.001070 0.004700
v 0.001679 0.001141 0.004544
v 0.002360 0.001041 0.004745
v 0.001307 0.001176 0.004516
v 0.001173 0.000928 0.004445
v 0.000668 0.001211 0.004583
v 0.000633 0.001690 0.004924
v 0.000639 0.001598 0.004861
v 0.000674 0.002216 0.005042
v 0.000415 0.002228 0.005071
v 0.000152 0.002240 0.005113
v -0.002144 0.001921 0.005040
v -0.001238 0.002655 0.004902
v -0.002258 0.002374 0.004804
v -0.002285 0.003000 0.004362
v -0.000794 0.002487 0.005021
v -0.000103 0.002256 0.005127
v 0.000306 0.002857 0.004901
v -0.002431 0.002553 0.004627
v 0.004601 -0.000322 0.000319
v 0.004524 0.000404 -0.000381
v 0.004520 0.000482 -0.000120
v 0.004358 -0.000541 -0.001045
v 0.004405 0.000963 -0.000354
v 0.004312 0.000905 -0.000894
v 0.004386 0.000079 0.001055
v 0.004414 0.000706 -0.002149
v 0.004457 0.000389 -0.002676
v 0.004382 0.000884 -0.002391
v 0.004405 0.000709 -0.001646
v 0.004267 0.001154 -0.001132
v 0.003829 0.002704 -0.002860
v 0.003643 0.002581 -0.003690
v 0.003481 0.002560 -0.003995
v 0.003065 0.002308 -0.004407
v 0.003274 0.002789 -0.004034
v 0.002585 0.002093 -0.004591
v 0.002576 0.002718 -0.004260
v 0.004384 0.000601 -0.002928
v 0.003015 0.003379 0.004037
v 0.002825 0.003293 0.004473
v 0.002837 0.002691 0.004661
v 0.003582 0.001360 0.002972
v 0.003189 0.003469 0.003596
v 0.004004 0.001702 0.001374
v 0.004332 0.000741 0.000619
v 0.004194 0.001190 0.001122
v -0.000996 -0.051569 -0.006876
v -0.001330 -0.052338 -0.006975
v -0.001226 -0.052039 -0.007161
v -0.001298 -0.052394 -0.005455
v -0.001653 -0.052931 -0.005374
v -0.001597 -0.052883 -0.006362
v -0.001458 -0.052596 -0.005023
v -0.001564 -0.052623 -0.004554
v -0.001408 -0.052281 -0.004213
v -0.001339 -0.052171 -0.004179
v -0.001108 -0.051529 -0.007318
v -0.001291 -0.051756 -0.007653
v -0.001316 -0.051245 -0.008154
v -0.001249 -0.050529 -0.008861
v -0.001312 -0.050428 -0.009276
v -0.001122 -0.049505 -0.009616
v -0.001384 -0.050359 -0.009544
v -0.001344 -0.049709 -0.009962
v -0.001239 -0.049125 -0.010115
v -0.005446 -0.050998 -0.010215
v -0.005548 -0.050388 -0.010417
v -0.005566 -0.049804 -0.010531
v -0.003795 -0.050176 -0.010274
v -0.003008 -0.050663 -0.010085
v -0.004374 -0.049921 -0.010426
v -0.005802 -0.052177 -0.009612
v -0.006389 -0.051561 -0.009872
v -0.006562 -0.051287 -0.010001
v -0.001433 -0.049419 -0.010209
v -0.001909 -0.050453 -0.009970
v -0.005775 -0.052807 -0.009172
v -0.006802 -0.053339 -0.008542
v -0.005819 -0.052903 -0.009074
v -0.007514 -0.054119 -0.006579
v -0.007770 -0.053993 -0.006140
v -0.007717 -0.054034 -0.005875
v -0.006851 -0.054205 -0.007140
v -0.006026 -0.054274 -0.007396
v -0.006553 -0.054232 -0.007303
v -0.006394 -0.054060 -0.007739
v -0.006454 -0.053761 -0.008229
v -0.006016 -0.054563 -0.005911
v -0.007435 -0.054230 -0.006062
v -0.002240 -0.053485 -0.005368
v -0.001865 -0.052949 -0.004685
v -0.003041 -0.053965 -0.005452
v -0.002737 -0.053844 -0.005564
v -0.003422 -0.053972 -0.005034
v -0.004407 -0.054408 -0.006149
v -0.004078 -0.054314 -0.005530
v -0.003298 -0.054137 -0.005520
v -0.003537 -0.054226 -0.005605
v -0.000098 0.003050 -0.003034
v 0.000229 0.003026 -0.003041
v -0.000281 0.003058 -0.003008
v 0.000167 0.001488 -0.003568
v -0.000063 0.001479 -0.003456
v 0.000141 0.001971 -0.003251
v 0.000138 0.001721 -0.003365
v 0.000719 0.002210 -0.003381
v 0.001886 0.003242 -0.003404
v 0.001448 0.002996 -0.003316
v 0.001004 0.002747 -0.003231
v 0.002270 0.003533 -0.003504
v 0.002515 0.003511 -0.003683
v 0.000417 0.001969 -0.003333
v 0.000011 0.004450 -0.000819
v 0.000122 0.004659 -0.000255
v -0.000711 0.004643 -0.000012
v -0.002855 0.003952 -0.000759
v -0.002919 0.004017 -0.000519
v -0.002745 0.004156 -0.000196
v -0.002817 0.004135 0.000032
v -0.001625 0.004527 0.000448
v -0.000107 0.003664 -0.002461
v 0.000975 0.004365 -0.001539
v 0.000375 0.003868 -0.002288
v -0.000054 0.003488 -0.002718
v 0.000359 0.004260 -0.001224
v -0.002988 0.004026 -0.000287
v 0.002458 0.002595 -0.004311
v -0.002720 0.004206 0.000575
v -0.001815 0.004550 0.001907
v -0.000417 0.003436 0.004237
v -0.002131 0.004211 0.002780
v -0.000983 0.004165 0.003133
v -0.001981 0.004106 0.003068
v 0.002678 0.001034 0.004674
v 0.002702 0.001681 0.004755
v 0.002625 0.001032 0.004700
v 0.002778 0.002127 0.004721
v 0.002175 0.001601 0.004791
v 0.001445 0.001670 0.004736
v 0.002222 0.002130 0.004888
v 0.001962 0.001900 0.004803
v 0.001719 0.002167 0.004901
v 0.002412 0.001574 0.004829
v 0.002685 0.001569 0.004757
v 0.001177 0.001679 0.004790
v 0.000906 0.001685 0.004856
v 0.000723 0.001690 0.004897
v 0.000733 0.002530 0.004997
v 0.000192 0.002426 0.005069
v 0.000544 0.002809 0.004926
v 0.000362 0.002825 0.004915
v 0.000936 0.002204 0.005006
v -0.001143 0.002903 0.004707
v -0.000046 0.003245 0.004583
v -0.000371 0.003001 0.004706
v 0.000856 0.003044 0.004841
v 0.003995 0.001932 0.000388
v 0.004405 0.000904 -0.000107
v 0.004089 0.001671 -0.000623
v 0.003961 0.002110 -0.000361
v 0.004201 0.001510 -0.002629
v 0.004259 0.001329 -0.001873
v 0.003963 0.002195 -0.001614
v 0.004096 0.001778 -0.001367
v 0.004021 0.001888 -0.001125
v 0.003957 0.001948 -0.000886
v 0.004026 0.002094 -0.002695
v 0.003525 0.003307 -0.002128
v 0.003655 0.003098 -0.002111
v 0.003459 0.003537 -0.002628
v 0.003517 0.003424 -0.002875
v 0.003449 0.002938 -0.003710
v 0.002790 0.003261 -0.003878
v 0.002997 0.003502 -0.003614
v 0.003156 0.003713 -0.003207
v 0.002935 0.003990 0.003829
v 0.002786 0.003403 0.004474
v 0.002698 0.003226 0.004679
v 0.002633 0.002665 0.004846
v 0.002682 0.002116 0.004799
v 0.002717 0.003263 0.004635
v 0.003275 0.004285 0.002453
v 0.003215 0.004180 0.002927
v 0.003468 0.003888 0.001710
v 0.003155 0.004131 0.003156
v 0.003452 0.004006 0.001213
v 0.003784 0.002831 0.000930
v -0.001496 -0.052396 -0.007286
v -0.001228 -0.052039 -0.007167
v -0.002018 -0.053123 -0.007025
v -0.001934 -0.053247 -0.006256
v -0.001447 -0.051835 -0.007964
v -0.001525 -0.051609 -0.008468
v -0.001476 -0.050921 -0.009131
v -0.001646 -0.050928 -0.009405
v -0.001531 -0.050584 -0.009615
v -0.001418 -0.050160 -0.009784
v -0.001780 -0.050756 -0.009712
v -0.004020 -0.051159 -0.010004
v -0.005124 -0.051647 -0.009924
v -0.003821 -0.051332 -0.009909
v -0.002018 -0.050839 -0.009796
v -0.003079 -0.051272 -0.009835
v -0.004114 -0.050543 -0.010229
v -0.005464 -0.052699 -0.009314
v -0.005336 -0.053020 -0.009059
v -0.005560 -0.052914 -0.009116
v -0.005430 -0.053250 -0.008862
v -0.006777 -0.054367 -0.006631
v -0.006100 -0.054505 -0.006436
v -0.005952 -0.054432 -0.006886
v -0.005649 -0.054409 -0.007042
v -0.005558 -0.054022 -0.007980
v -0.005187 -0.054206 -0.007632
v -0.006090 -0.054027 -0.007894
v -0.005035 -0.054477 -0.006605
v -0.002695 -0.053794 -0.006303
v -0.003552 -0.054180 -0.006362
v -0.003628 -0.054233 -0.006139
v -0.003631 -0.054072 -0.006879
v -0.000020 0.003123 -0.003002
v 0.000472 0.003003 -0.003019
v 0.000424 0.002271 -0.003213
v 0.000228 0.003306 -0.002903
v 0.000714 0.002478 -0.003236
v 0.002144 0.003513 -0.003293
v 0.002025 0.003452 -0.003084
v 0.001269 0.003095 -0.003108
v 0.001758 0.003371 -0.002924
v 0.002155 0.003501 -0.003334
v 0.000990 0.002975 -0.003076
v 0.002508 0.003546 -0.003645
v 0.002470 0.003757 -0.003416
v 0.002578 0.003545 -0.003660
v 0.001314 0.004546 -0.000907
v -0.000536 0.004794 0.000313
v 0.001587 0.004777 -0.000038
v 0.001657 0.004770 -0.000270
v -0.001835 0.004543 0.001142
v -0.000979 0.004777 0.000930
v 0.000194 0.003661 -0.002621
v 0.001266 0.004263 -0.001712
v 0.001033 0.004242 -0.001787
v 0.000620 0.004006 -0.002196
v 0.001374 0.004445 -0.001153
v 0.000437 0.003789 -0.002530
v 0.000677 0.003880 -0.002445
v -0.000590 0.004768 0.001304
v -0.000126 0.004606 0.002188
v -0.000018 0.003706 0.003887
v -0.000069 0.004092 0.003409
v 0.000248 0.004495 0.002564
v 0.002474 0.002112 0.004883
v 0.001454 0.002122 0.004922
v 0.001488 0.002175 0.004939
v 0.002036 0.002689 0.004939
v 0.002553 0.002662 0.004884
v 0.002289 0.002672 0.004930
v 0.001778 0.002703 0.004966
v 0.001477 0.002719 0.004998
v 0.001489 0.002467 0.004973
v 0.001455 0.002177 0.004947
v 0.001189 0.002186 0.004994
v 0.000784 0.002783 0.004951
v 0.001263 0.002732 0.005011
v 0.001023 0.002757 0.004983
v 0.000813 0.003516 0.004377
v 0.000584 0.003520 0.004306
v 0.001081 0.002994 0.004906
v 0.001182 0.003294 0.004719
v 0.003819 0.002616 -0.000095
v 0.003864 0.002552 0.000164
v 0.003583 0.003560 0.000698
v 0.003901 0.002088 -0.000634
v 0.003859 0.002366 -0.000363
v 0.004031 0.002167 -0.001849
v 0.003893 0.002194 -0.001383
v 0.003737 0.002373 -0.001411
v 0.003854 0.002414 -0.001623
v 0.003819 0.002162 -0.001157
v 0.003750 0.002180 -0.000924
v 0.003850 0.002663 -0.001848
v 0.003638 0.003043 -0.001870
v 0.003451 0.003278 -0.001902
v 0.003315 0.003506 -0.002171
v 0.003250 0.003754 -0.002668
v 0.003313 0.003681 -0.002909
v 0.002758 0.003641 -0.003592
v 0.002938 0.003837 -0.003261
v 0.003099 0.003843 -0.002958
v 0.002925 0.004275 0.003606
v 0.002722 0.003940 0.004112
v 0.002845 0.004173 0.003822
v 0.002501 0.003547 0.004653
v 0.002588 0.002827 0.004851
v 0.002398 0.003227 0.004837
v 0.002684 0.003255 0.004678
v 0.003214 0.004346 0.002694
v 0.003074 0.004342 0.003154
v 0.003297 0.004339 0.002214
v 0.003086 0.004668 0.002439
v 0.003157 0.004661 0.002206
v 0.003286 0.004545 0.001728
v 0.003318 0.004394 0.001974
v 0.003270 0.004515 0.001468
v 0.003191 0.004579 0.001229
v -0.001563 -0.052167 -0.007785
v -0.002497 -0.053181 -0.007687
v -0.002066 -0.052584 -0.007990
v -0.002515 -0.053546 -0.006977
v -0.001792 -0.051963 -0.008591
v -0.001841 -0.051563 -0.009066
v -0.001987 -0.051413 -0.009347
v -0.004259 -0.051990 -0.009616
v -0.004695 -0.052627 -0.009319
v -0.003967 -0.051800 -0.009655
v -0.003702 -0.051731 -0.009665
v -0.002763 -0.052451 -0.008950
v -0.005071 -0.053567 -0.008534
v -0.004666 -0.053229 -0.008874
v -0.004795 -0.054003 -0.007992
v -0.003705 -0.053925 -0.007391
v 0.000718 0.002894 -0.003050
v 0.000531 0.003499 -0.002787
v 0.000474 0.003504 -0.002788
v 0.001999 0.003475 -0.002837
v 0.002403 0.003794 -0.003180
v 0.001220 0.003298 -0.002848
v 0.001699 0.003481 -0.002678
v 0.000955 0.003454 -0.002732
v 0.002648 0.003950 -0.003086
v 0.002711 0.003868 -0.003328
v 0.001595 0.004344 -0.001096
v 0.001722 0.004714 -0.000509
v 0.001775 0.004547 -0.000763
v 0.000247 0.004815 0.001065
v 0.000547 0.004811 0.000905
v 0.000616 0.004793 0.000672
v 0.001974 0.004744 0.000332
v 0.001883 0.004729 -0.000204
v 0.001149 0.004813 0.000588
v 0.000857 0.004083 -0.002113
v 0.001484 0.004136 -0.001659
v 0.001453 0.004241 -0.001509
v 0.001317 0.004077 -0.001970
v 0.000910 0.003907 -0.002370
v 0.001685 0.003852 -0.001629
v 0.000716 0.003574 -0.002720
v 0.000727 0.004810 0.001971
v 0.000713 0.004873 0.001217
v 0.001253 0.004376 0.003349
v 0.000635 0.004403 0.002906
v 0.000487 0.004534 0.002623
v 0.002050 0.002771 0.004930
v 0.002144 0.003256 0.004854
v 0.001851 0.003073 0.004902
v 0.001635 0.003215 0.004851
v 0.001303 0.002908 0.004965
v 0.001545 0.004102 0.003914
v 0.001809 0.004617 0.003297
v 0.001664 0.003306 0.004798
v 0.003771 0.002890 0.000175
v 0.003816 0.002617 -0.000103
v 0.003348 0.003962 0.000418
v 0.003316 0.004141 0.000681
v 0.003546 0.003625 0.000435
v 0.003687 0.003119 0.000174
v 0.003727 0.002235 -0.000820
v 0.003698 0.002362 -0.000666
v 0.003654 0.002619 -0.000398
v 0.003576 0.002918 -0.001652
v 0.003397 0.002544 -0.001245
v 0.003561 0.002307 -0.001072
v 0.003532 0.002302 -0.000978
v 0.003370 0.003171 -0.001687
v 0.003234 0.003411 -0.001954
v 0.003136 0.003774 -0.002449
v 0.003098 0.003642 -0.002223
v 0.003038 0.003938 -0.002713
v 0.002887 0.003934 -0.003047
v 0.002936 0.003919 -0.003000
v 0.002794 0.004553 0.003344
v 0.002715 0.004470 0.003563
v 0.002459 0.004020 0.004189
v 0.002413 0.003922 0.004293
v 0.002402 0.003242 0.004831
v 0.002185 0.003405 0.004792
v 0.002382 0.003243 0.004834
v 0.002945 0.004656 0.002898
v 0.003224 0.004631 0.001972
v 0.002769 0.004843 0.002612
v 0.002947 0.004860 0.002164
v 0.003015 0.004850 0.001932
v 0.003081 0.004802 0.001694
v 0.003143 0.004718 0.001451
v 0.003125 0.004595 0.001179
v -0.003128 -0.053273 -0.008147
v -0.002617 -0.052590 -0.008667
v -0.003907 -0.052368 -0.009296
v -0.003772 -0.053698 -0.007891
v -0.004616 -0.053617 -0.008397
v 0.002171 0.003593 -0.002517
v 0.002247 0.003652 -0.002739
v 0.001934 0.003523 -0.002599
v 0.002577 0.003937 -0.002857
v 0.001453 0.003415 -0.002731
v 0.001868 0.003572 -0.002362
v 0.001641 0.003603 -0.002429
v 0.001355 0.003854 -0.002199
v 0.002880 0.003958 -0.003013
v 0.001821 0.004121 -0.001118
v 0.001975 0.004542 -0.000595
v 0.002029 0.004082 -0.000990
v 0.000503 0.004827 0.001056
v 0.000779 0.004823 0.000979
v 0.001383 0.004849 0.000665
v 0.001382 0.004850 0.000669
v 0.001317 0.004890 0.000901
v 0.002140 0.004797 0.000642
v 0.002405 0.004441 0.000431
v 0.001922 0.004836 0.000545
v 0.002036 0.004656 0.000088
v 0.002158 0.004467 -0.000401
v 0.001081 0.004837 0.000822
v 0.001583 0.003728 -0.002180
v 0.001738 0.003681 -0.001884
v 0.001882 0.003516 -0.001606
v 0.001106 0.004887 0.001593
v 0.000945 0.004887 0.001291
v 0.001014 0.004872 0.001058
v 0.001724 0.004860 0.002035
v 0.001901 0.003280 0.004836
v 0.002180 0.004433 0.003644
v 0.002233 0.004066 0.004124
v 0.001963 0.003480 0.004731
v 0.002348 0.004703 0.003222
v 0.002403 0.004765 0.003074
v 0.002282 0.004863 0.002690
v 0.003623 0.003008 -0.000111
v 0.003608 0.003162 0.000010
v 0.003647 0.002687 -0.000344
v 0.003170 0.003781 0.000089
v 0.003387 0.003652 0.000142
v 0.003132 0.004106 0.000367
v 0.003474 0.002418 -0.000730
v 0.003426 0.002649 -0.000466
v 0.003293 0.002979 -0.001480
v 0.003111 0.002694 -0.001064
v 0.002989 0.003070 -0.001312
v 0.003316 0.002448 -0.001028
v 0.003282 0.002995 -0.001482
v 0.003151 0.003285 -0.001742
v 0.003007 0.003446 -0.002021
v 0.002877 0.003736 -0.002281
v 0.002966 0.003917 -0.002485
v 0.002816 0.004022 -0.002773
v 0.002653 0.004745 0.003070
v 0.002574 0.004660 0.003288
v 0.002753 0.004788 0.002853
v 0.002730 0.004809 0.002848
v 0.002581 0.004916 0.002561
v 0.002794 0.004931 0.001871
v 0.002859 0.004884 0.001634
v 0.002922 0.004808 0.001392
v 0.002411 0.003686 -0.002432
v 0.002496 0.003831 -0.002642
v 0.002326 0.003541 -0.002223
v 0.002097 0.003553 -0.002293
v 0.002554 0.003859 -0.002620
v 0.002739 0.003954 -0.002552
v 0.002021 0.003500 -0.002070
v 0.001801 0.003605 -0.002126
v 0.002047 0.003565 -0.001296
v 0.002210 0.004294 -0.000656
v 0.002259 0.003545 -0.001174
v 0.001782 0.004934 0.001052
v 0.001914 0.004845 0.000577
v 0.002351 0.004609 0.000687
v 0.002947 0.003852 0.000027
v 0.002728 0.003968 -0.000027
v 0.002387 0.004334 0.000161
v 0.002315 0.004731 0.000862
v 0.002582 0.003880 -0.000336
v 0.001947 0.003466 -0.001844
v 0.002095 0.003342 -0.001559
v 0.002427 0.004973 0.002267
v 0.002174 0.004947 0.001428
v 0.002428 0.004799 0.003006
v 0.003411 0.003193 -0.000156
v 0.003423 0.002721 -0.000420
v 0.002961 0.003284 -0.000291
v 0.002856 0.004342 0.000560
v 0.003243 0.002419 -0.000802
v 0.003187 0.002565 -0.000550
v 0.003070 0.003179 -0.001527
v 0.002911 0.002994 -0.001092
v 0.002774 0.003225 -0.001361
v 0.002847 0.003248 -0.001588
v 0.003033 0.002625 -0.000844
v 0.002839 0.002986 -0.000862
v 0.002924 0.003311 -0.001810
v 0.002466 0.003338 -0.001950
v 0.002648 0.003749 -0.002351
v 0.002672 0.003800 -0.002405
v 0.002676 0.004661 0.001046
v 0.002243 0.003409 -0.002011
v 0.002160 0.003297 -0.001797
v 0.002268 0.003472 -0.001238
v 0.002601 0.003598 -0.000615
v 0.002459 0.003494 -0.001026
v 0.002076 0.004864 0.000883
v 0.002236 0.004868 0.001186
v 0.002740 0.003821 -0.000137
v 0.002771 0.003339 -0.000468
v 0.002320 0.003286 -0.001496
v 0.003184 0.002747 -0.000452
v 0.002968 0.002788 -0.000551
v 0.002971 0.002702 -0.000602
v 0.002706 0.003245 -0.001128
v 0.002549 0.003279 -0.001425
v 0.002616 0.003247 -0.001660
v 0.002939 0.002801 -0.000600
v 0.002644 0.003324 -0.000886
v 0.002385 0.003236 -0.001734
v 0.002490 0.003388 -0.001178
vn -0.6886 0.0408 0.7240
vn -0.5864 0.0460 0.8088
vn -0.5232 -0.0171 0.8521
vn -0.7460 0.0067 0.6659
vn -0.3169 -0.0637 0.9463
vn -0.4574 -0.0505 0.8878
vn -0.6061 -0.0210 0.7951
vn -0.5122 0.0159 0.8587
vn -0.8187 0.0646 0.5705
vn -0.8328 0.0689 0.5493
vn -0.7180 0.0613 0.6933
vn -0.7942 0.0519 0.6055
vn -0.6941 -0.0621 0.7172
vn -0.8566 0.0653 0.5118
vn -0.8209 0.0353 0.5700
vn -0.2098 -0.0304 0.9773
vn 0.0609 -0.0431 0.9972
vn -0.3229 -0.0995 0.9412
vn -0.5085 -0.0532 0.8594
vn -0.5056 0.0091 0.8627
vn -0.3889 0.0231 0.9210
vn -0.2081 -0.0194 0.9779
vn -0.8514 0.0846 0.5176
vn -0.8761 0.0938 0.4730
vn -0.8966 0.0947 0.4326
vn -0.8337 0.0598 0.5490
vn -0.9109 0.0713 0.4064
vn -0.7678 0.0467 0.6390
vn -0.9246 0.0974 0.3684
vn -0.9297 0.0877 0.3578
vn -0.6336 0.0237 0.7733
vn -0.8497 0.0481 0.5251
vn -0.8658 0.0724 0.4951
vn -0.6099 -0.0514 0.7908
vn -0.9209 0.0864 0.3802
vn -0.8201 0.0069 0.5722
vn -0.8807 0.0617 0.4696
vn -0.9205 0.0896 0.3802
vn 0.0861 -0.0723 0.9937
vn 0.1272 -0.0941 0.9874
vn -0.0175 -0.1298 0.9914
vn -0.1029 -0.1175 0.9877
vn -0.4142 -0.1058 0.9040
vn -0.1206 -0.1290 0.9843
vn 0.2864 -0.1295 0.9493
vn 0.4321 -0.1127 0.8947
vn -0.4847 0.0229 0.8744
vn -0.2563 0.0345 0.9660
vn 0.2241 -0.0610 0.9727
vn 0.1013 -0.0070 0.9948
vn -0.9142 0.0994 0.3928
vn -0.9587 0.1517 0.2407
vn -0.9482 0.1456 0.2823
vn -0.9047 0.1203 0.4087
vn -0.9543 0.1055 0.2795
vn -0.7639 0.0518 0.6433
vn -0.8567 0.1105 0.5038
vn -0.9691 0.1508 0.1954
vn -0.9811 0.1350 0.1388
vn -0.8167 0.0875 0.5704
vn -0.7636 0.1118 0.6359
vn -0.5966 0.0527 0.8008
vn -0.4035 0.0562 0.9133
vn -0.6915 -0.0389 0.7213
vn -0.9376 0.1021 0.3323
vn -0.8358 0.0245 0.5486
vn -0.8780 0.0286 0.4778
vn -0.9537 0.1288 0.2719
vn -0.9484 0.0664 0.3099
vn -0.9598 0.1129 0.2570
vn -0.9439 0.1257 0.3055
vn 0.3036 -0.0630 0.9507
vn 0.1301 -0.1273 0.9833
vn -0.5055 -0.1111 0.8557
vn -0.3902 -0.1163 0.9133
vn 0.1174 -0.1563 0.9807
vn 0.0931 -0.1574 0.9831
vn -0.1698 -0.1524 0.9736
vn 0.3615 -0.1356 0.9225
vn 0.4894 -0.1280 0.8626
vn 0.4469 -0.1488 0.8821
vn 0.4233 -0.0724 0.9031
vn 0.5656 -0.1119 0.8171
vn -0.3755 0.0457 0.9257
vn -0.1415 0.0323 0.9894
vn 0.3371 -0.0724 0.9387
vn 0.4692 -0.0595 0.8811
vn 0.1501 -0.0082 0.9886
vn -0.9795 0.1277 0.1555
vn -0.9840 0.1782 0.0001
vn -0.9765 0.1823 -0.1147
vn -0.9437 0.1419 0.2987
vn -0.9642 0.1522 0.2171
vn -0.8984 0.1135 0.4242
vn -0.8777 0.1170 0.4647
vn -0.9345 0.1345 0.3297
vn -0.9817 0.1437 0.1246
vn -0.8465 0.1118 0.5206
vn -0.8745 0.1117 0.4721
vn -0.9834 0.1772 0.0387
vn -0.9855 0.1559 -0.0665
vn -0.9683 0.1721 -0.1809
vn -0.8445 0.1169 0.5227
vn -0.8558 0.1228 0.5026
vn -0.8502 0.1149 0.5138
vn -0.7807 0.1430 0.6083
vn -0.6762 0.1216 0.7266
vn -0.5466 0.1025 0.8311
vn -0.3723 0.0605 0.9261
vn -0.0747 0.0212 0.9970
vn -0.1064 0.0292 0.9939
vn -0.8275 0.0033 0.5615
vn -0.7813 -0.0137 0.6240
vn -0.5898 -0.0685 0.8046
vn -0.9096 0.0524 0.4123
vn -0.9824 0.1622 0.0922
vn -0.9791 0.1603 0.1251
vn -0.9639 0.1360 0.2290
vn -0.9818 0.1718 -0.0806
vn -0.9819 0.1252 0.1423
vn -0.9634 0.0517 0.2632
vn -0.9891 0.0769 0.1256
vn -0.9895 0.1178 0.0833
vn 0.3657 -0.1906 0.9110
vn 0.3194 -0.1613 0.9338
vn 0.3496 -0.1516 0.9246
vn 0.3777 -0.1523 0.9133
vn -0.5223 -0.0964 0.8473
vn -0.2998 -0.1194 0.9465
vn 0.3357 -0.1904 0.9225
vn 0.1514 -0.1839 0.9712
vn 0.0220 -0.1767 0.9840
vn 0.1463 -0.2065 0.9674
vn 0.0349 -0.1849 0.9821
vn -0.1057 -0.1861 0.9768
vn 0.6636 -0.1668 0.7293
vn 0.5784 -0.1730 0.7972
vn 0.6943 -0.1296 0.7079
vn 0.5870 -0.1128 0.8017
vn 0.5679 -0.0882 0.8184
vn 0.5925 -0.1278 0.7954
vn 0.5380 -0.0929 0.8378
vn 0.7102 -0.1309 0.6917
vn 0.4032 -0.0479 0.9139
vn 0.4677 -0.0932 0.8789
vn 0.2947 -0.0297 0.9551
vn -0.9837 0.1580 0.0860
vn -0.9831 0.1489 0.1068
vn -0.9814 0.1429 -0.1280
vn -0.9082 0.1915 -0.3721
vn -0.9418 0.1883 -0.2786
vn -0.8546 0.1941 -0.4817
vn -0.9776 0.1765 -0.1145
vn -0.9821 0.1544 0.1078
vn -0.9017 0.1123 0.4175
vn -0.8875 0.1304 0.4419
vn -0.9501 0.1539 0.2712
vn -0.9705 0.1639 0.1766
vn -0.9856 0.1642 -0.0395
vn -0.9783 0.1594 -0.1323
vn -0.9551 0.1636 -0.2470
vn -0.9075 0.1508 -0.3920
vn -0.8813 0.1341 0.4530
vn -0.8622 0.1251 0.4909
vn -0.8647 0.1557 0.4775
vn -0.7512 0.1422 0.6446
vn -0.6956 0.1356 0.7055
vn -0.6530 0.1456 0.7432
vn -0.5649 0.1438 0.8125
vn -0.3901 0.0802 0.9173
vn -0.0616 0.0401 0.9973
vn 0.1757 -0.0448 0.9834
vn 0.1494 -0.0197 0.9886
vn -0.8621 0.0469 0.5046
vn -0.7874 -0.0152 0.6162
vn -0.6456 -0.0816 0.7593
vn -0.9787 0.1756 -0.1061
vn -0.9687 0.2105 -0.1315
vn -0.9824 0.1861 0.0156
vn -0.9598 0.2276 -0.1645
vn -0.9073 0.2058 -0.3667
vn -0.9870 0.1609 0.0014
vn -0.8998 0.2258 -0.3734
vn -0.8516 0.2163 -0.4775
vn -0.9843 0.1750 0.0247
vn -0.9835 0.1797 0.0199
vn -0.9946 0.0619 0.0839
vn -0.9419 0.0164 0.3354
vn -0.8794 -0.0321 0.4749
vn -0.9945 0.1007 0.0283
vn -0.9883 0.1454 -0.0453
vn 0.5050 -0.2000 0.8396
vn 0.5913 -0.1903 0.7837
vn 0.5936 -0.1838 0.7835
vn 0.5253 -0.2632 0.8092
vn -0.6884 -0.0904 0.7197
vn -0.6344 -0.1152 0.7643
vn -0.4092 -0.1463 0.9006
vn 0.5009 -0.2299 0.8344
vn 0.2993 -0.2092 0.9309
vn 0.3771 -0.2335 0.8962
vn 0.3579 -0.2836 0.8897
vn 0.1128 -0.2017 0.9729
vn -0.2538 -0.1841 0.9496
vn 0.1354 -0.2693 0.9535
vn 0.1634 -0.2691 0.9492
vn 0.7222 -0.1668 0.6713
vn 0.7572 -0.1670 0.6315
vn 0.8751 -0.1365 0.4643
vn 0.8582 -0.1145 0.5004
vn 0.5466 -0.0658 0.8348
vn 0.6396 -0.1081 0.7610
vn 0.7464 -0.1140 0.6556
vn 0.8565 -0.1475 0.4947
vn 0.4750 -0.0781 0.8765
vn 0.5425 -0.0455 0.8388
vn 0.2998 -0.0377 0.9533
vn -0.8218 0.1563 -0.5480
vn -0.7102 0.1485 -0.6882
vn -0.9053 0.2091 -0.3697
vn -0.5720 0.1362 -0.8089
vn -0.7213 0.1825 -0.6681
vn -0.7799 0.1931 -0.5954
vn -0.6068 0.1613 -0.7783
vn -0.9546 0.2042 -0.2170
vn -0.9534 0.1631 0.2539
vn -0.9210 0.1552 0.3573
vn -0.9830 0.1493 0.1070
vn -0.9769 0.1819 -0.1124
vn -0.9094 0.1827 -0.3735
vn -0.8691 0.1837 -0.4592
vn -0.7865 0.1860 -0.5889
vn -0.7654 0.1400 -0.6282
vn -0.8998 0.1373 0.4142
vn -0.8939 0.1565 0.4200
vn -0.8743 0.1686 0.4552
vn -0.8994 0.1562 0.4083
vn -0.8095 0.1498 0.5677
vn -0.9114 0.1454 0.3851
vn -0.9033 0.2729 0.3311
vn -0.7985 0.1399 0.5855
vn -0.7200 0.1420 0.6793
vn -0.6364 0.1253 0.7611
vn -0.4164 0.1323 0.8995
vn -0.1602 0.0957 0.9824
vn -0.5121 0.1445 0.8467
vn -0.6124 0.1422 0.7776
vn -0.4422 0.1282 0.8877
vn 0.3292 0.0662 0.9420
vn 0.0664 0.0251 0.9975
vn -0.7308 -0.0519 0.6807
vn -0.9571 0.2114 -0.1979
vn -0.7686 0.2158 -0.6023
vn -0.8908 0.2223 -0.3964
vn -0.9810 0.1854 -0.0574
vn -0.7973 0.2140 -0.5643
vn -0.6233 0.1940 -0.7576
vn -0.6359 0.2163 -0.7408
vn -0.6545 0.1934 -0.7310
vn -0.8178 0.2320 -0.5267
vn -0.8339 0.2040 -0.5128
vn -0.9919 0.0155 0.1263
vn -0.9936 0.0964 -0.0594
vn -0.9978 0.0575 -0.0336
vn -0.9766 0.1026 -0.1889
vn -0.9940 0.0492 0.0981
vn -0.8014 -0.0438 0.5965
vn -0.8190 -0.0285 0.5731
vn -0.7695 -0.0785 0.6338
vn -0.9200 -0.0534 0.3882
vn -0.9786 0.0176 0.2049
vn -0.9741 0.1999 -0.1058
vn -0.9412 0.1809 -0.2854
vn -0.9744 0.1323 -0.1816
vn 0.6933 -0.1857 0.6963
vn 0.8106 -0.1827 0.5564
vn -0.5436 -0.1483 0.8262
vn -0.3932 -0.1748 0.9027
vn 0.6954 -0.2263 0.6820
vn 0.5550 -0.2806 0.7831
vn 0.4798 -0.3239 0.8154
vn 0.3557 -0.3208 0.8778
vn 0.3129 -0.2555 0.9148
vn -0.0850 -0.2929 0.9524
vn -0.1606 -0.2738 0.9483
vn 0.0545 -0.3044 0.9510
vn 0.1751 -0.3328 0.9266
vn 0.9187 -0.1335 0.3718
vn 0.9741 -0.1037 0.2007
vn 0.9719 -0.0687 0.2251
vn 0.9455 -0.1032 0.3090
vn 0.9655 -0.0889 0.2449
vn 0.6427 -0.0591 0.7638
vn 0.7191 -0.1226 0.6840
vn 0.6828 -0.1607 0.7127
vn 0.7504 -0.0874 0.6552
vn 0.7746 -0.1623 0.6113
vn 0.9087 -0.1107 0.4025
vn 0.9196 -0.0658 0.3874
vn 0.9450 -0.0920 0.3140
vn 0.6011 -0.0471 0.7978
vn 0.7112 -0.0232 0.7026
vn 0.6826 -0.0415 0.7296
vn 0.6994 -0.0331 0.7140
vn 0.5827 -0.0031 0.8127
vn 0.4280 -0.0050 0.9038
vn -0.5362 0.1900 -0.8224
vn -0.5247 0.1713 -0.8339
vn -0.4837 0.1689 -0.8588
vn -0.8073 0.1957 -0.5568
vn -0.7315 0.2090 -0.6490
vn -0.6809 0.1942 -0.7061
vn -0.3507 0.1404 -0.9259
vn -0.4309 0.1678 -0.8866
vn -0.5161 0.1802 -0.8374
vn -0.9410 0.1538 0.3015
vn -0.9746 0.1979 0.1050
vn -0.9477 0.1401 0.2867
vn -0.9598 0.1415 0.2423
vn -0.9832 0.1488 0.1062
vn -0.9439 0.1877 -0.2717
vn -0.8294 0.1740 -0.5309
vn -0.7502 0.2320 -0.6192
vn -0.7068 0.1966 -0.6795
vn -0.9826 0.1841 0.0262
vn -0.5264 0.1819 -0.8306
vn -0.7019 0.1833 -0.6883
vn -0.6183 0.1957 -0.7612
vn -0.8945 0.1632 0.4161
vn -0.8795 0.2190 0.4225
vn -0.8299 0.1816 0.5275
vn -0.8913 0.1819 0.4153
vn -0.9561 0.1425 0.2561
vn -0.9533 0.1846 0.2391
vn -0.9167 0.1676 0.3627
vn -0.7229 0.2114 0.6578
vn -0.2266 0.1296 0.9653
vn 0.1146 0.1135 0.9869
vn 0.2461 0.1221 0.9615
vn 0.0698 0.1143 0.9910
vn -0.5571 0.1745 0.8119
vn -0.6554 0.1817 0.7331
vn -0.2650 0.1680 0.9495
vn -0.2967 0.1473 0.9435
vn -0.4278 0.1640 0.8889
vn 0.5197 0.0652 0.8518
vn -0.6091 0.2074 -0.7655
vn -0.7611 0.2604 -0.5941
vn -0.6401 0.2191 -0.7364
vn -0.6478 0.2341 -0.7249
vn -0.3579 0.1746 -0.9173
vn -0.5164 0.1789 -0.8374
vn -0.4319 0.1394 -0.8911
vn -0.5023 0.1855 -0.8445
vn -0.7288 0.2529 -0.6363
vn -0.9798 0.1552 -0.1261
vn -0.9552 0.1368 -0.2624
vn -0.9700 0.0866 -0.2273
vn -0.9469 0.1270 -0.2954
vn -0.9779 -0.0358 0.2059
vn -0.9995 -0.0042 0.0299
vn -0.9893 0.0205 -0.1445
vn -0.9894 -0.0169 0.1440
vn -0.9896 -0.0296 0.1407
vn -0.7896 -0.1130 0.6032
vn -0.8271 -0.0919 0.5545
vn -0.9199 -0.0805 0.3837
vn -0.8322 0.2031 -0.5159
vn -0.9073 0.1822 -0.3789
vn -0.9625 0.1946 -0.1892
vn 0.8975 -0.1796 0.4029
vn 0.9391 -0.1480 0.3101
vn -0.6104 -0.1741 0.7728
vn -0.7703 -0.1366 0.6228
vn -0.4236 -0.2272 0.8769
vn -0.3132 -0.2700 0.9105
vn 0.8113 -0.1999 0.5493
vn 0.7148 -0.2352 0.6586
vn 0.6870 -0.3115 0.6565
vn 0.7520 -0.3133 0.5799
vn 0.6673 -0.3464 0.6593
vn 0.5062 -0.3842 0.7721
vn 0.2628 -0.4055 0.8755
vn 0.0095 -0.2545 0.9670
vn 0.0131 -0.2649 0.9642
vn -0.1388 -0.3294 0.9339
vn 0.1623 -0.2824 0.9455
vn 0.0710 -0.2885 0.9548
vn 0.1705 -0.4151 0.8937
vn 0.0231 -0.3563 0.9341
vn 0.9944 -0.0952 0.0463
vn 0.9972 -0.0591 -0.0455
vn 0.9968 -0.0748 0.0282
vn 0.9896 -0.0444 -0.1372
vn 0.9938 -0.1065 0.0305
vn 0.9958 -0.0845 0.0351
vn 0.7282 -0.0571 0.6830
vn 0.8928 -0.0774 0.4437
vn 0.8875 -0.1349 0.4406
vn 0.7317 -0.0764 0.6773
vn 0.9838 -0.0861 0.1573
vn 0.9778 -0.0831 0.1921
vn 0.9975 -0.0541 0.0448
vn 0.6868 -0.0283 0.7263
vn 0.7416 -0.0679 0.6674
vn 0.7950 -0.0604 0.6035
vn 0.7197 -0.0393 0.6932
vn 0.7889 -0.0645 0.6111
vn 0.8872 -0.0350 0.4601
vn 0.5920 0.0591 0.8038
vn 0.6940 0.0055 0.7199
vn -0.5033 0.1748 -0.8463
vn -0.3110 0.1264 -0.9420
vn -0.4314 0.1591 -0.8880
vn -0.5871 0.1964 -0.7853
vn -0.4644 0.1545 -0.8721
vn -0.5029 0.2071 -0.8392
vn -0.2633 0.1129 -0.9581
vn -0.2872 0.1202 -0.9503
vn -0.1554 0.1073 -0.9820
vn -0.3225 0.1379 -0.9365
vn -0.1808 0.1377 -0.9738
vn -0.3347 0.1420 -0.9316
vn -0.8063 0.2389 -0.5412
vn -0.8309 0.2195 -0.5113
vn -0.8959 0.2534 -0.3650
vn -0.9638 0.2150 -0.1575
vn -0.6357 0.1848 -0.7495
vn -0.9714 0.2367 -0.0180
vn -0.9689 0.1910 0.1572
vn -0.3922 0.1375 -0.9096
vn -0.3412 0.1569 -0.9268
vn -0.4904 0.1734 -0.8541
vn -0.4513 0.1750 -0.8750
vn -0.5150 0.1849 -0.8370
vn -0.7996 0.2109 0.5622
vn -0.8980 0.2316 0.3740
vn -0.8688 0.2731 0.4131
vn -0.9112 0.1796 0.3708
vn -0.7944 0.2967 0.5301
vn -0.8908 0.1785 0.4179
vn -0.9698 0.2141 0.1169
vn -0.9408 0.1739 0.2911
vn -0.9250 0.1778 0.3359
vn -0.9031 0.1751 0.3921
vn -0.6184 0.2125 0.7566
vn -0.6637 0.3228 0.6748
vn 0.4012 0.1197 0.9082
vn -0.0101 0.1489 0.9888
vn 0.2611 0.1134 0.9586
vn -0.5458 0.2544 0.7984
vn -0.3007 0.1041 0.9480
vn -0.1756 0.0309 0.9840
vn -0.1879 0.0732 0.9795
vn -0.3418 0.1884 0.9207
vn 0.2645 0.1418 0.9539
vn 0.4803 0.1076 0.8705
vn -0.6375 0.1763 -0.7500
vn -0.3935 0.1941 -0.8986
vn -0.4991 0.1908 -0.8453
vn -0.4549 0.1899 -0.8701
vn -0.3432 0.1473 -0.9276
vn -0.2065 0.1249 -0.9704
vn -0.2828 0.1508 -0.9472
vn -0.9622 0.1780 -0.2061
vn -0.9514 0.1426 -0.2729
vn -0.9700 0.0310 -0.2411
vn -0.9457 0.1027 -0.3085
vn -0.9971 -0.0696 -0.0321
vn -0.9966 -0.0283 0.0769
vn -0.9124 -0.1399 0.3846
vn -0.9312 -0.1713 0.3217
vn -0.7918 -0.1736 0.5857
vn -0.7761 0.1873 -0.6021
vn -0.8473 0.2232 -0.4819
vn -0.9183 0.1621 -0.3613
vn 0.9850 -0.1264 0.1173
vn 0.8901 -0.1930 0.4129
vn 0.9951 -0.0892 -0.0433
vn -0.4245 -0.2741 0.8629
vn -0.5626 -0.2813 0.7774
vn -0.3350 -0.3635 0.8693
vn 0.8770 -0.3448 0.3346
vn 0.7401 -0.4225 0.5232
vn 0.8898 -0.2579 0.3764
vn 0.5819 -0.4397 0.6842
vn 0.4432 -0.4663 0.7656
vn 0.4467 -0.4195 0.7902
vn 0.5228 -0.4788 0.7052
vn -0.0156 -0.4212 0.9068
vn -0.0797 -0.5491 0.8319
vn -0.2229 -0.4455 0.8671
vn 0.1329 -0.4145 0.9003
vn 0.9552 -0.0484 -0.2920
vn 0.9490 -0.0253 -0.3141
vn 0.9654 -0.0345 -0.2586
vn 0.9119 -0.0014 -0.4104
vn 0.9709 0.0115 0.2390
vn 0.9813 -0.0131 0.1922
vn 0.9980 -0.0531 0.0330
vn 0.9957 -0.0577 -0.0725
vn 0.9981 -0.0613 -0.0014
vn 0.9993 -0.0361 0.0077
vn 0.9839 -0.0240 -0.1773
vn 0.7570 -0.0373 0.6524
vn 0.7649 -0.0500 0.6422
vn 0.8853 -0.0697 0.4597
vn 0.9340 -0.0457 0.3545
vn 0.8988 -0.0475 0.4357
vn 0.9647 -0.0415 0.2600
vn 0.6849 0.0497 0.7269
vn 0.7888 -0.0160 0.6144
vn 0.8687 -0.0160 0.4950
vn 0.5750 0.1180 0.8096
vn -0.4062 0.1762 -0.8966
vn -0.1876 0.1111 -0.9759
vn -0.4223 0.1538 -0.8933
vn 0.0058 0.1109 -0.9938
vn 0.0183 0.1141 -0.9933
vn -0.0524 0.1208 -0.9913
vn -0.0346 0.1199 -0.9922
vn -0.0735 0.1118 -0.9910
vn -0.0490 0.1181 -0.9918
vn -0.0702 0.1345 -0.9884
vn 0.0857 0.1244 -0.9885
vn -0.2295 0.1491 -0.9618
vn -0.8277 0.2233 -0.5149
vn -0.6494 0.1993 -0.7338
vn -0.6990 0.2893 -0.6540
vn -0.7047 0.1970 -0.6816
vn -0.9727 0.2299 -0.0331
vn -0.6931 0.3429 -0.6340
vn -0.9325 0.3291 -0.1487
vn -0.8280 0.3851 -0.4075
vn -0.1491 0.1139 -0.9822
vn -0.3030 0.1470 -0.9416
vn -0.2848 0.1694 -0.9435
vn -0.4629 0.1625 -0.8714
vn -0.3551 0.0817 -0.9313
vn -0.0731 0.1590 -0.9846
vn -0.3680 0.1692 -0.9143
vn -0.4702 0.1889 -0.8621
vn -0.4156 0.1666 -0.8942
vn -0.4611 0.2477 -0.8521
vn -0.9244 0.2633 0.2761
vn -0.9274 0.2886 0.2380
vn -0.9171 0.2287 0.3266
vn -0.8621 0.3300 0.3845
vn -0.7507 0.3975 0.5276
vn -0.9646 0.2229 0.1407
vn -0.3961 0.3671 0.8416
vn -0.4742 0.3835 0.7925
vn -0.5633 0.4145 0.7148
vn 0.2286 0.0646 0.9714
vn -0.3915 0.2823 0.8758
vn -0.3119 0.2396 0.9194
vn -0.1995 0.1465 0.9689
vn 0.0543 0.0809 0.9952
vn -0.0778 -0.0309 0.9965
vn 0.1569 0.0330 0.9871
vn -0.2355 0.1771 0.9556
vn 0.4018 0.0874 0.9116
vn -0.4768 0.2006 -0.8558
vn -0.3457 0.2111 -0.9143
vn -0.7366 0.1848 -0.6506
vn -0.1728 0.1770 -0.9689
vn -0.3405 0.2051 -0.9176
vn -0.0456 0.1665 -0.9850
vn -0.1791 0.1280 -0.9755
vn -0.0730 0.1194 -0.9902
vn -0.0476 0.1307 -0.9903
vn -0.0495 0.1386 -0.9891
vn 0.0194 0.1218 -0.9924
vn 0.0275 0.1475 -0.9887
vn 0.0022 0.1175 -0.9931
vn -0.9485 0.0547 -0.3119
vn -0.9183 -0.0332 -0.3946
vn -0.8575 -0.1187 -0.5007
vn -0.9773 -0.0887 -0.1924
vn -0.9272 0.1375 -0.3485
vn -0.9016 0.0967 -0.4216
vn -0.9535 0.0109 -0.3011
vn -0.9030 0.1346 -0.4081
vn -0.9794 -0.1625 0.1195
vn -0.9897 -0.1399 -0.0287
vn -0.7099 -0.2416 0.6616
vn -0.7714 -0.2388 0.5898
vn -0.9126 -0.1761 0.3691
vn -0.8849 0.1337 -0.4462
vn -0.8106 0.1447 -0.5675
vn 0.9920 -0.0583 -0.1119
vn 0.9891 -0.1337 -0.0620
vn 0.9504 -0.0728 -0.3023
vn 0.9754 -0.1537 0.1579
vn 0.9634 -0.1567 0.2177
vn 0.9690 -0.0816 -0.2334
vn -0.6085 -0.3238 0.7245
vn -0.4432 -0.3916 0.8064
vn -0.4631 -0.4005 0.7907
vn -0.4054 -0.5036 0.7629
vn 0.7911 -0.4506 0.4137
vn 0.9249 -0.3802 0.0062
vn 0.8890 -0.4489 0.0907
vn 0.9265 -0.2817 0.2494
vn 0.9396 -0.3365 0.0634
vn 0.9737 -0.1709 0.1505
vn 0.9684 -0.1972 0.1530
vn 0.7881 -0.4972 0.3629
vn 0.6408 -0.4786 0.6002
vn 0.6525 -0.4541 0.6066
vn 0.6473 -0.3429 0.6808
vn 0.4403 -0.3506 0.8266
vn 0.1710 -0.4606 0.8710
vn -0.0309 -0.6690 0.7426
vn -0.1340 -0.6504 0.7477
vn -0.3445 -0.5860 0.7334
vn 0.8460 0.0116 -0.5331
vn 0.9074 -0.0117 -0.4200
vn 0.8117 0.0321 -0.5832
vn 0.8685 -0.0035 -0.4957
vn 0.9314 -0.0109 -0.3637
vn 0.8482 0.0119 -0.5295
vn 0.9877 -0.0319 0.1528
vn 0.9989 -0.0239 -0.0403
vn 0.9961 -0.0253 -0.0847
vn 0.9937 -0.0675 0.0890
vn 0.9898 -0.0090 -0.1421
vn 0.9725 -0.0257 -0.2315
vn 0.9209 0.0052 -0.3898
vn 0.9429 0.0160 -0.3326
vn 0.9241 0.0006 -0.3822
vn 0.9777 -0.0312 0.2079
vn 0.9898 -0.0616 0.1285
vn 0.9963 -0.0086 0.0856
vn 0.9987 -0.0016 0.0517
vn 0.7945 -0.0257 0.6067
vn 0.7512 0.0731 0.6560
vn 0.9680 -0.0554 0.2446
vn 0.9662 0.0062 0.2578
vn 0.9167 -0.0102 0.3995
vn 0.9746 -0.0194 0.2229
vn 0.5327 0.2015 0.8219
vn 0.7084 0.2229 0.6697
vn 0.8042 0.2285 0.5486
vn 0.7437 0.1274 0.6562
vn -0.3239 0.1247 -0.9379
vn -0.1219 0.1712 -0.9777
vn -0.1231 0.1412 -0.9823
vn -0.1411 0.1188 -0.9828
vn -0.1167 0.1144 -0.9866
vn 0.2735 0.0780 -0.9587
vn 0.1681 0.0924 -0.9814
vn -0.0713 0.1326 -0.9886
vn -0.1574 0.1296 -0.9790
vn 0.0289 0.0938 -0.9952
vn 0.1423 0.1110 -0.9836
vn -0.0297 0.1122 -0.9932
vn 0.1289 0.1338 -0.9826
vn 0.2013 0.0883 -0.9756
vn 0.4245 0.0781 -0.9020
vn 0.4846 0.0629 -0.8725
vn 0.4639 0.0951 -0.8808
vn -0.0380 0.0966 -0.9946
vn -0.5312 0.2796 -0.7998
vn -0.5160 0.2884 -0.8066
vn -0.7365 0.3853 -0.5560
vn -0.5465 0.3404 -0.7652
vn -0.9373 0.3417 0.0688
vn -0.8899 0.3943 -0.2294
vn -0.7775 0.3856 -0.4968
vn -0.2149 0.1327 -0.9676
vn -0.0860 0.1065 -0.9906
vn -0.2209 0.1210 -0.9677
vn -0.0588 0.0854 -0.9946
vn -0.1164 0.0886 -0.9892
vn -0.1550 0.1751 -0.9723
vn -0.1499 0.1024 -0.9834
vn -0.2374 0.1394 -0.9614
vn -0.3199 0.2097 -0.9239
vn -0.2134 0.1953 -0.9572
vn -0.2507 0.1573 -0.9552
vn -0.2274 0.1608 -0.9604
vn -0.9658 0.2255 0.1283
vn -0.9573 0.1684 0.2351
vn -0.9683 0.2180 0.1222
vn -0.8914 0.3168 0.3241
vn -0.8911 0.1922 0.4110
vn -0.9117 0.0872 0.4015
vn -0.9287 0.2938 0.2264
vn -0.8955 0.3463 0.2795
vn -0.9036 0.3601 0.2322
vn -0.7873 0.4344 0.4376
vn -0.6853 0.4357 0.5836
vn -0.3194 0.3560 0.8782
vn -0.2135 0.2222 0.9513
vn -0.2701 0.2300 0.9349
vn -0.6501 0.4247 0.6300
vn -0.4547 0.3594 0.8149
vn -0.0940 0.1514 0.9840
vn 0.1083 0.0981 0.9893
vn 0.2515 0.0829 0.9643
vn 0.1456 0.0561 0.9877
vn -0.2159 0.2092 -0.9537
vn 0.0206 0.2266 -0.9738
vn -0.0435 0.2049 -0.9778
vn -0.0502 0.2238 -0.9733
vn -0.5000 0.1881 -0.8453
vn -0.4262 0.2162 -0.8784
vn -0.6253 0.1962 -0.7553
vn 0.0895 0.1564 -0.9836
vn 0.0017 0.0908 -0.9959
vn 0.1071 0.1223 -0.9867
vn 0.2665 0.1367 -0.9541
vn 0.2467 0.1375 -0.9593
vn -0.9000 -0.1892 -0.3927
vn -0.8576 -0.1805 -0.4816
vn -0.8993 -0.1912 -0.3933
vn -0.9629 -0.1544 -0.2213
vn -0.9612 -0.0955 -0.2587
vn -0.9467 -0.1358 -0.2921
vn -0.9823 -0.1837 -0.0360
vn -0.9549 -0.0772 -0.2867
vn -0.7505 0.1580 -0.6417
vn -0.7357 0.1317 -0.6643
vn -0.6917 0.0263 -0.7217
vn -0.8771 -0.0007 -0.4803
vn -0.7320 0.1506 -0.6644
vn -0.9207 -0.1092 0.3746
vn -0.9530 -0.1834 0.2410
vn -0.9500 -0.1063 0.2936
vn -0.6840 -0.2792 0.6740
vn -0.8766 -0.1433 0.4594
vn -0.5694 0.1754 -0.8031
vn 0.9887 -0.1392 -0.0563
vn 0.9622 -0.1137 -0.2473
vn 0.8251 -0.0111 -0.5648
vn 0.8435 -0.0063 -0.5370
vn 0.8678 -0.0421 -0.4952
vn 0.9916 -0.1291 0.0061
vn 0.9901 -0.1353 -0.0360
vn -0.5387 -0.4257 0.7270
vn -0.6212 -0.4564 0.6370
vn -0.4670 -0.5302 0.7077
vn -0.5140 -0.4228 0.7463
vn -0.7968 -0.2896 0.5304
vn -0.8368 -0.1634 0.5225
vn -0.7941 -0.2214 0.5661
vn -0.4812 -0.5178 0.7073
vn -0.4744 -0.5540 0.6842
vn -0.5835 -0.4709 0.6616
vn -0.4710 -0.5098 0.7199
vn 0.8860 -0.4583 0.0704
vn 0.9404 -0.3364 -0.0503
vn 0.9709 -0.2356 0.0424
vn 0.9895 -0.1417 0.0270
vn 0.9840 -0.1531 0.0913
vn 0.7912 -0.4988 0.3537
vn 0.6968 -0.4530 0.5561
vn 0.4374 -0.4352 0.7869
vn 0.6998 -0.2662 0.6629
vn 0.6428 -0.3364 0.6882
vn 0.4498 -0.4282 0.7838
vn 0.3328 -0.5531 0.7637
vn 0.0942 -0.7245 0.6828
vn -0.0237 -0.6519 0.7579
vn -0.2690 -0.6111 0.7445
vn -0.0800 -0.5596 0.8249
vn 0.6576 0.0637 -0.7506
vn 0.8187 0.0135 -0.5741
vn 0.7402 0.0376 -0.6714
vn 0.8758 0.0119 -0.4825
vn 0.7679 0.0101 -0.6404
vn 0.9926 -0.0106 -0.1207
vn 0.9965 -0.0311 -0.0778
vn 0.9904 0.0125 -0.1373
vn 0.9633 -0.0119 -0.2682
vn 0.7089 0.0430 -0.7040
vn 0.8605 0.0233 -0.5089
vn 0.8820 0.0012 -0.4712
vn 0.9923 -0.0271 0.1209
vn 0.9988 -0.0035 -0.0497
vn 0.9981 -0.0318 -0.0523
vn 0.9986 -0.0061 0.0533
vn 0.8435 -0.0210 0.5368
vn 0.8643 0.0170 0.5026
vn 0.9042 -0.0215 0.4266
vn 0.9298 0.1073 0.3520
vn 0.8988 0.1881 0.3961
vn 0.9925 -0.0406 0.1153
vn 0.9717 -0.0144 0.2359
vn 0.9944 0.0085 0.1056
vn 0.6241 0.2963 0.7230
vn 0.7847 0.3078 0.5380
vn 0.2790 0.1457 0.9492
vn 0.4222 0.2322 0.8763
vn 0.8828 0.2374 0.4052
vn -0.1169 0.1263 -0.9851
vn -0.1943 0.1066 -0.9751
vn 0.0662 0.1124 -0.9915
vn 0.5988 0.0432 -0.7998
vn 0.1561 0.0439 -0.9868
vn 0.3445 0.0633 -0.9367
vn 0.4591 0.0969 -0.8831
vn 0.4299 0.0811 -0.8992
vn -0.1573 0.0955 -0.9829
vn -0.1598 0.0811 -0.9838
vn -0.0161 0.0658 -0.9977
vn 0.4551 0.0857 -0.8863
vn 0.3796 0.0988 -0.9198
vn 0.3582 0.0902 -0.9293
vn 0.6239 0.0356 -0.7807
vn -0.3204 0.2487 -0.9140
vn -0.5649 0.3721 -0.7365
vn -0.3398 0.3252 -0.8825
vn -0.9175 0.3965 -0.0311
vn -0.8293 0.3641 -0.4239
vn -0.6801 0.3054 -0.6664
vn -0.7603 0.2808 -0.5857
vn -0.6378 0.3558 -0.6831
vn -0.2323 0.1237 -0.9647
vn -0.1546 0.1227 -0.9803
vn -0.1109 0.1243 -0.9860
vn -0.0413 0.1423 -0.9890
vn -0.0476 0.1176 -0.9919
vn 0.0138 0.1301 -0.9914
vn -0.0546 0.0974 -0.9937
vn -0.0860 0.0888 -0.9923
vn -0.0674 0.0630 -0.9957
vn 0.0423 0.0914 -0.9949
vn -0.1681 0.0742 -0.9830
vn -0.1325 0.1181 -0.9841
vn -0.4195 0.1744 -0.8909
vn -0.1676 0.2039 -0.9645
vn -0.9978 0.0549 0.0366
vn -0.9806 0.0257 0.1944
vn -0.9612 0.2751 0.0217
vn -0.9938 0.1095 -0.0186
vn -0.9516 0.2463 -0.1836
vn -0.9561 0.2917 -0.0284
vn -0.8533 0.2441 0.4607
vn -0.9403 0.0500 0.3367
vn -0.9245 -0.0661 0.3755
vn -0.9111 0.1093 0.3974
vn -0.9383 0.1876 0.2905
vn -0.9401 -0.0824 0.3307
vn -0.9068 0.3452 0.2419
vn -0.9358 0.3437 0.0787
vn -0.8362 0.4688 0.2847
vn -0.6951 0.4664 0.5471
vn -0.5652 0.3971 0.7231
vn -0.6527 0.4155 0.6335
vn -0.9060 0.3907 -0.1627
vn -0.9032 0.4284 0.0264
vn -0.2272 0.2237 0.9478
vn -0.1518 0.1273 0.9802
vn -0.4258 0.3279 0.8433
vn -0.0020 0.1740 0.9847
vn 0.0121 0.1937 0.9810
vn -0.0193 0.1771 0.9840
vn -0.0995 0.1314 0.9863
vn 0.0760 0.1518 0.9855
vn -0.1171 0.2337 -0.9652
vn 0.1701 0.1941 -0.9661
vn 0.1358 0.1956 -0.9713
vn 0.1680 0.1428 -0.9754
vn 0.2173 0.1669 -0.9617
vn 0.0566 0.1742 -0.9831
vn -0.0672 0.2052 -0.9764
vn -0.3444 0.2135 -0.9142
vn -0.0976 0.2012 -0.9747
vn -0.4151 0.1983 -0.8879
vn 0.0895 0.1931 -0.9771
vn 0.5451 0.0884 -0.8337
vn 0.4948 0.1028 -0.8629
vn 0.6166 0.0728 -0.7839
vn 0.5661 0.0503 -0.8228
vn 0.3576 0.1416 -0.9231
vn -0.9054 -0.3033 -0.2972
vn -0.9443 -0.3291 0.0027
vn -0.8780 -0.2312 -0.4191
vn -0.9408 -0.2925 -0.1712
vn -0.9948 -0.0969 -0.0318
vn -0.9502 -0.1592 -0.2680
vn -0.9038 -0.3277 -0.2751
vn -0.9826 -0.1498 0.1096
vn -0.9922 -0.1248 0.0034
vn -0.9939 -0.0722 0.0837
vn -0.9734 -0.0629 0.2203
vn -0.9498 -0.2728 -0.1531
vn -0.9585 -0.2651 -0.1048
vn -0.9793 -0.0039 -0.2023
vn -0.9664 -0.2295 -0.1158
vn -0.8942 -0.1445 -0.4237
vn -0.5070 0.1496 -0.8489
vn -0.4338 0.1138 -0.8938
vn -0.5896 0.1601 -0.7917
vn -0.6980 -0.0886 -0.7106
vn -0.2512 0.0149 -0.9678
vn -0.4582 -0.0682 -0.8862
vn -0.3141 0.1860 -0.9310
vn -0.4829 0.1673 -0.8595
vn -0.9043 -0.0376 0.4252
vn -0.9388 -0.0182 0.3440
vn -0.9107 -0.0700 0.4071
vn 0.9559 -0.0863 -0.2808
vn 0.9056 -0.0755 -0.4175
vn 0.7223 0.0290 -0.6910
vn 0.7702 0.0309 -0.6370
vn 0.8247 -0.0381 -0.5643
vn 0.7316 0.0277 -0.6812
vn 0.8716 -0.0520 -0.4875
vn 0.9771 -0.1059 -0.1844
vn 0.9502 -0.1057 -0.2931
vn 0.9488 -0.0963 -0.3008
vn 0.9679 -0.1044 -0.2284
vn -0.5761 -0.3846 0.7212
vn -0.9382 0.0100 0.3458
vn -0.8845 -0.0856 0.4587
vn -0.9563 0.0187 0.2918
vn -0.8647 -0.1801 0.4688
vn -0.5490 -0.4244 0.7200
vn -0.9196 -0.1792 0.3496
vn -0.5378 -0.4109 0.7361
vn -0.8645 -0.1396 0.4828
vn -0.7370 -0.3515 0.5774
vn -0.9533 -0.0202 0.3015
vn -0.5925 -0.4827 0.6449
vn -0.4216 -0.4447 0.7902
vn 0.9392 -0.3381 -0.0600
vn 0.9243 -0.3720 0.0853
vn 0.9233 -0.3660 -0.1165
vn 0.9290 -0.3216 -0.1831
vn 0.9654 -0.2575 -0.0413
vn 0.9881 -0.1534 0.0132
vn 0.9867 -0.1578 -0.0388
vn 0.9663 -0.2472 -0.0716
vn 0.9824 -0.1274 -0.1364
vn 0.9770 -0.0949 -0.1907
vn 0.9684 -0.1456 -0.2026
vn 0.8380 -0.3921 0.3794
vn 0.8772 -0.2274 0.4228
vn 0.7624 -0.2405 0.6008
vn 0.8397 -0.2459 0.4841
vn 0.5543 -0.4679 0.6883
vn 0.7323 -0.3754 0.5682
vn 0.3168 -0.5870 0.7450
vn 0.4672 -0.5255 0.7110
vn 0.1203 -0.5705 0.8124
vn -0.0075 -0.5714 0.8207
vn -0.3669 -0.4910 0.7901
vn -0.0391 -0.5247 0.8504
vn -0.1065 -0.5137 0.8513
vn 0.5847 0.0428 -0.8101
vn 0.7944 0.0135 -0.6072
vn 0.6417 0.0354 -0.7661
vn 0.9741 -0.0112 -0.2260
vn 0.9935 -0.0138 -0.1134
vn 0.9579 0.0399 -0.2844
vn 0.9857 0.0250 -0.1664
vn 0.8416 0.0398 -0.5386
vn 0.9762 0.0212 -0.2158
vn 0.6182 0.0799 -0.7820
vn 1.0000 -0.0061 0.0009
vn 0.9796 -0.0013 -0.2010
vn 0.9391 0.0445 -0.3406
vn 0.9379 0.0020 0.3470
vn 0.9178 0.0673 0.3912
vn 0.8924 -0.0040 0.4513
vn 0.9339 0.1459 0.3264
vn 0.9288 0.1801 0.3238
vn 0.9089 0.0461 0.4145
vn 0.9859 0.1033 0.1320
vn 0.9965 0.0712 -0.0435
vn 0.4790 0.2819 0.8313
vn 0.6471 0.3393 0.6827
vn 0.4505 0.2612 0.8537
vn 0.8696 0.3118 0.3829
vn 0.9114 0.2839 0.2979
vn 0.8086 0.3225 0.4922
vn 0.1762 0.2148 0.9606
vn 0.2946 0.2392 0.9252
vn 0.9453 0.1638 0.2821
vn 0.9818 0.1027 0.1600
vn 0.6105 0.0759 -0.7884
vn 0.7908 0.0995 -0.6040
vn 0.7504 0.0734 -0.6569
vn 0.8239 0.0513 -0.5643
vn 0.8552 0.0647 -0.5142
vn -0.0284 0.0817 -0.9962
vn 0.1931 0.0786 -0.9780
vn 0.0666 0.0635 -0.9958
vn 0.3549 0.0547 -0.9333
vn 0.6381 0.0694 -0.7668
vn 0.6636 0.0619 -0.7456
vn -0.3809 0.3243 -0.8659
vn -0.1622 0.2589 -0.9522
vn -0.8910 0.4006 -0.2135
vn -0.9195 0.2599 -0.2948
vn -0.5395 0.2823 -0.7933
vn -0.6890 0.2378 -0.6847
vn -0.8910 0.1907 -0.4120
vn -0.0942 0.1606 -0.9825
vn 0.0139 0.1373 -0.9904
vn -0.0631 0.1524 -0.9863
vn -0.0380 0.1386 -0.9896
vn 0.0062 0.1043 -0.9945
vn -0.0563 0.0430 -0.9975
vn -0.0952 0.1696 -0.9809
vn -0.9967 0.0138 -0.0805
vn -0.9869 -0.0573 -0.1505
vn -0.9913 -0.0958 0.0903
vn -0.9553 0.1641 -0.2461
vn -0.8418 0.3579 -0.4040
vn -0.9258 0.2648 0.2698
vn -0.9753 0.0903 0.2017
vn -0.9750 -0.1305 0.1797
vn -0.9098 -0.1663 0.3802
vn -0.9594 0.2796 0.0383
vn -0.9315 -0.1885 0.3111
vn -0.9523 0.2987 -0.0624
vn -0.7501 0.5189 0.4100
vn -0.8481 0.4821 0.2199
vn -0.7131 0.4455 0.5414
vn -0.5277 0.2977 0.7956
vn -0.2975 0.2303 0.9265
vn -0.8951 0.3886 -0.2186
vn -0.9298 0.3668 -0.0300
vn -0.8596 0.3499 -0.3723
vn -0.8969 0.4313 0.0977
vn -0.1854 0.1444 0.9720
vn -0.1435 0.0861 0.9859
vn -0.1163 0.0453 0.9922
vn -0.0803 0.0782 0.9937
vn -0.0251 0.3275 0.9445
vn 0.1170 0.1982 0.9732
vn 0.1580 0.2290 0.9605
vn 0.1837 0.2468 0.9515
vn 0.0106 0.1755 0.9844
vn -0.0614 0.0919 0.9939
vn -0.0527 0.1366 0.9892
vn 0.1764 0.1423 -0.9740
vn 0.3723 0.1023 -0.9225
vn -0.0878 0.1296 -0.9877
vn -0.0660 0.2016 -0.9772
vn -0.1629 0.1896 -0.9683
vn 0.7391 -0.0142 -0.6734
vn 0.7671 -0.0076 -0.6414
vn 0.7595 -0.0151 -0.6504
vn 0.7135 0.0233 -0.7002
vn 0.6115 0.0672 -0.7884
vn 0.3973 0.0861 -0.9136
vn -0.9430 -0.3315 0.0297
vn -0.9350 -0.2337 -0.2666
vn -0.9280 -0.3711 -0.0321
vn -0.9173 -0.0329 0.3968
vn -0.9839 -0.0877 0.1558
vn -0.9824 -0.1869 0.0006
vn -0.9116 -0.2261 -0.3433
vn -0.9408 -0.3201 -0.1119
vn -0.9537 -0.2911 -0.0755
vn -0.9218 -0.3083 -0.2351
vn -0.9065 -0.3733 -0.1974
vn -0.9421 -0.0464 0.3321
vn -0.9229 -0.0331 0.3835
vn -0.8929 -0.2885 -0.3457
vn -0.9045 -0.3167 -0.2856
vn -0.9459 -0.3051 -0.1106
vn -0.9325 -0.3294 -0.1482
vn -0.7254 -0.1283 -0.6763
vn -0.2336 0.1637 -0.9585
vn -0.1490 0.1124 -0.9824
vn -0.4889 0.0358 -0.8716
vn -0.5012 -0.0313 -0.8648
vn -0.1497 0.1239 -0.9809
vn -0.0849 0.0310 -0.9959
vn -0.2686 0.0030 -0.9632
vn -0.9177 0.0958 0.3855
vn -0.9644 0.0816 0.2517
vn 0.9083 -0.0643 -0.4133
vn 0.8392 -0.0379 -0.5424
vn 0.9316 -0.1020 -0.3489
vn 0.8836 -0.0811 -0.4612
vn 0.9163 -0.0665 -0.3950
vn 0.8814 -0.0724 -0.4668
vn -0.9650 0.0865 0.2477
vn -0.9655 0.1047 0.2382
vn -0.9425 0.0639 0.3280
vn -0.4250 -0.4813 0.7666
vn -0.9853 -0.0213 0.1696
vn -0.3395 -0.4331 0.8350
vn -0.3675 -0.3493 0.8619
vn -0.5788 -0.2695 0.7697
vn -0.7207 -0.2390 0.6508
vn -0.7794 -0.0650 0.6231
vn -0.9585 0.0632 0.2779
vn -0.2665 -0.4449 0.8550
vn 0.9338 -0.2971 0.1992
vn 0.8966 -0.4144 -0.1565
vn 0.9590 -0.2557 0.1224
vn 0.8413 -0.4112 -0.3510
vn 0.9033 -0.3937 -0.1703
vn 0.9087 -0.3344 -0.2497
vn 0.9303 -0.3219 -0.1757
vn 0.9348 -0.2751 -0.2247
vn 0.9288 -0.2029 -0.3102
vn 0.9306 -0.3125 -0.1907
vn 0.9176 -0.1470 -0.3692
vn 0.9040 -0.2134 -0.3704
vn 0.9483 -0.1324 -0.2886
vn 0.9469 -0.1133 -0.3008
vn 0.8914 -0.1303 -0.4340
vn 0.8973 -0.2119 0.3871
vn 0.8693 -0.2342 0.4352
vn 0.8472 -0.3130 0.4293
vn 0.7296 -0.4140 0.5444
vn 0.8139 -0.3781 0.4411
vn 0.5894 -0.4859 0.6454
vn 0.3509 -0.5405 0.7646
vn 0.6538 -0.3733 0.6582
vn 0.5370 -0.4009 0.7423
vn 0.1012 -0.5312 0.8412
vn 0.3469 -0.4623 0.8160
vn 0.3828 -0.5014 0.7759
vn -0.1111 -0.5105 0.8527
vn 0.8621 0.0751 -0.5011
vn 0.9873 0.0234 -0.1573
vn 0.9908 0.0487 -0.1259
vn 0.8676 0.0789 -0.4910
vn 0.8848 0.0782 -0.4594
vn 0.9019 0.1247 0.4136
vn 0.9101 0.1449 0.3883
vn 0.8394 0.1212 0.5298
vn 0.9417 0.1629 0.2944
vn 0.9401 0.1926 0.2813
vn 0.9639 0.1907 0.1860
vn 0.9837 0.1735 -0.0469
vn 0.9843 0.0979 -0.1468
vn 0.5627 0.1643 0.8102
vn 0.6923 0.2827 0.6639
vn 0.7909 0.2987 0.5340
vn 0.4709 0.2934 0.8320
vn 0.3039 0.2361 0.9230
vn 0.3658 0.2293 0.9020
vn 0.3440 0.2616 0.9018
vn 0.9565 0.2465 0.1558
vn 0.8869 0.2022 0.4153
vn 0.9803 -0.0579 0.1890
vn 0.9927 -0.0772 0.0931
vn 0.9971 0.0126 0.0751
vn 0.9744 0.0557 0.2178
vn 0.9899 -0.1088 0.0906
vn 0.5263 0.0639 -0.8479
vn 0.7416 0.0889 -0.6649
vn 0.7123 0.1217 -0.6912
vn 0.0963 0.0517 -0.9940
vn 0.2787 0.0658 -0.9581
vn -0.2690 0.2885 -0.9189
vn -0.0547 0.2685 -0.9617
vn -0.1186 0.1849 -0.9756
vn -0.9375 0.1138 -0.3290
vn -0.9897 0.1434 0.0004
vn -0.4312 0.2645 -0.8626
vn -0.8390 0.1674 -0.5178
vn -0.5638 0.2327 -0.7924
vn -0.7199 0.1532 -0.6770
vn -0.0055 0.1554 -0.9878
vn 0.0504 0.1211 -0.9914
vn 0.0988 0.1185 -0.9880
vn 0.0291 0.1136 -0.9931
vn 0.0793 0.1074 -0.9911
vn -0.0174 0.1309 -0.9912
vn 0.1838 0.1059 -0.9772
vn 0.0390 0.1069 -0.9935
vn 0.1550 0.0755 -0.9850
vn 0.0134 0.1057 -0.9943
vn -0.9246 0.1055 -0.3659
vn -0.9836 -0.1701 0.0601
vn -0.9832 -0.1643 -0.0792
vn -0.8846 -0.0153 -0.4662
vn -0.9091 -0.0413 -0.4145
vn -0.9768 0.0736 -0.2014
vn -0.9851 -0.0750 -0.1550
vn -0.8443 0.2493 -0.4744
vn -0.9986 -0.0104 0.0516
vn -0.9277 -0.2455 0.2812
vn -0.9793 -0.2006 -0.0288
vn -0.9104 -0.2627 0.3196
vn -0.9548 -0.2347 0.1824
vn -0.9260 0.3106 0.2146
vn -0.8458 0.3842 0.3702
vn -0.7175 0.2752 0.6399
vn -0.7561 0.2437 0.6074
vn -0.4223 0.1333 0.8966
vn -0.9517 0.2536 -0.1733
vn -0.9552 0.2799 0.0967
vn -0.9388 0.2025 -0.2787
vn -0.8259 0.3231 -0.4621
vn -0.1408 0.0718 0.9874
vn -0.1516 0.0517 0.9871
vn -0.1167 0.0637 0.9911
vn -0.0320 0.0517 0.9981
vn -0.1020 0.0541 0.9933
vn -0.0622 0.0252 0.9977
vn -0.0291 0.0373 0.9989
vn -0.0410 -0.0181 0.9990
vn 0.1551 0.1652 0.9740
vn 0.1760 0.1714 0.9694
vn 0.0254 0.0719 0.9971
vn 0.1054 0.1564 0.9821
vn 0.0852 0.0754 -0.9935
vn -0.1345 0.0818 -0.9875
vn -0.0659 0.0593 -0.9961
vn 0.8270 -0.0470 -0.5602
vn 0.7563 -0.0041 -0.6542
vn 0.9886 -0.0976 -0.1146
vn 0.6810 -0.0226 -0.7319
vn 0.4539 -0.0062 -0.8910
vn -0.9366 -0.1564 -0.3136
vn -0.8861 -0.2335 -0.4005
vn -0.8214 -0.1120 -0.5593
vn -0.7768 -0.1490 -0.6119
vn -0.8591 -0.0665 -0.5075
vn -0.8543 -0.1712 0.4908
vn -0.9529 -0.0871 0.2905
vn -0.8433 0.0373 0.5361
vn -0.8707 0.0796 0.4853
vn -0.8290 -0.1174 0.5469
vn -0.7985 -0.1297 0.5879
vn -0.8415 -0.0644 0.5363
vn -0.9574 -0.1368 0.2543
vn -0.9502 -0.3005 0.0823
vn -0.9265 -0.3580 -0.1162
vn -0.9037 -0.3146 -0.2903
vn -0.8960 0.0871 0.4354
vn -0.7952 -0.1636 -0.5839
vn -0.9265 -0.2410 -0.2889
vn -0.8553 -0.1578 -0.4936
vn -0.9172 -0.1584 -0.3655
vn -0.6340 -0.0067 -0.7733
vn -0.1522 0.0973 -0.9836
vn -0.3083 0.0365 -0.9506
vn -0.1845 0.0771 -0.9798
vn -0.5185 0.0896 -0.8503
vn -0.3538 0.1418 -0.9245
vn -0.0583 0.0571 -0.9967
vn -0.0346 0.0088 -0.9994
vn -0.9467 0.0617 0.3163
vn -0.9646 -0.0194 0.2631
vn 0.8700 -0.0701 -0.4880
vn 0.9002 -0.1046 -0.4227
vn 0.8292 -0.0528 -0.5565
vn -0.9211 -0.0956 0.3774
vn -0.8997 -0.0149 0.4362
vn -0.8987 -0.1442 0.4142
vn -0.9619 -0.1034 0.2530
vn -0.9588 -0.1790 0.2206
vn -0.9707 0.0530 0.2342
vn -0.2683 -0.4192 0.8673
vn -0.2645 -0.4446 0.8558
vn -0.2516 -0.4590 0.8520
vn -0.2595 -0.3365 0.9052
vn -0.2271 -0.3111 0.9228
vn -0.3620 -0.2932 0.8849
vn -0.3015 -0.2895 0.9085
vn -0.6388 -0.1728 0.7497
vn -0.4692 -0.2103 0.8577
vn -0.6376 -0.1297 0.7594
vn -0.7785 0.0131 0.6275
vn -0.9163 0.0869 0.3910
vn -0.9619 0.1224 0.2445
vn -0.9713 0.0957 0.2176
vn -0.9832 -0.0233 0.1810
vn -0.1249 -0.5171 0.8467
vn -0.1348 -0.4833 0.8650
vn -0.1707 -0.4381 0.8826
vn 0.9138 -0.2343 0.3318
vn 0.9033 -0.4022 -0.1491
vn 0.9727 -0.2313 0.0159
vn 0.9521 -0.2339 -0.1971
vn 0.9552 -0.2917 0.0504
vn 0.9646 -0.2279 -0.1326
vn 0.9639 -0.2577 0.0667
vn 0.9746 -0.2231 0.0189
vn 0.8980 -0.2151 -0.3838
vn 0.8871 -0.2182 -0.4066
vn 0.9283 -0.2067 -0.3091
vn 0.9441 -0.2290 -0.2372
vn 0.7896 -0.1441 -0.5964
vn 0.8280 -0.1501 -0.5402
vn 0.8515 -0.0882 -0.5169
vn 0.7041 -0.0465 -0.7086
vn 0.8900 -0.2310 0.3931
vn 0.8717 -0.3195 0.3717
vn 0.8408 -0.3924 0.3729
vn 0.8635 -0.3040 0.4025
vn 0.9147 -0.2817 0.2900
vn 0.9065 -0.2694 0.3250
vn 0.7504 -0.3715 0.5467
vn 0.7087 -0.2878 0.6441
vn 0.5909 -0.3227 0.7394
vn 0.5092 -0.3617 0.7809
vn 0.0933 -0.5223 0.8476
vn 0.2882 -0.4583 0.8408
vn 0.4510 -0.4042 0.7957
vn 0.9724 0.0574 -0.2260
vn 0.8432 0.1189 -0.5242
vn 0.6994 0.0818 -0.7100
vn 0.8387 0.0126 0.5444
vn 0.9644 0.1765 0.1968
vn 0.8151 0.0743 0.5746
vn 0.8968 -0.0003 0.4425
vn 0.8903 0.0729 0.4494
vn 0.9381 0.1098 0.3285
vn 0.9546 0.0268 0.2966
vn 0.9691 0.2309 0.0864
vn 0.9349 0.1475 -0.3227
vn 0.9846 0.1730 -0.0255
vn 0.9648 0.2058 -0.1639
vn 0.9265 0.2093 -0.3126
vn 0.9814 0.0801 -0.1743
vn 0.5251 0.2736 0.8059
vn 0.7669 0.1965 0.6109
vn 0.4625 0.7841 0.4138
vn 0.8784 0.1489 0.4541
vn 0.2271 0.1450 0.9630
vn 0.1386 0.1136 0.9838
vn 0.5042 0.1190 0.8553
vn 0.5312 0.2181 0.8187
vn 0.4707 0.2214 0.8541
vn 0.2791 0.0685 0.9578
vn 0.9947 -0.0940 0.0427
vn 0.9999 -0.0124 0.0014
vn 0.9837 -0.1771 -0.0319
vn 0.9952 0.0298 0.0932
vn 0.9555 0.0075 0.2949
vn 0.9341 0.0832 0.3473
vn 0.7694 0.1098 0.6293
vn 0.9775 -0.1601 0.1377
vn 0.9392 -0.1945 0.2830
vn 0.9673 -0.1281 0.2188
vn 0.3441 0.0501 -0.9376
vn 0.5800 0.0664 -0.8119
vn 0.5777 0.0860 -0.8117
vn 0.4212 0.0824 -0.9032
vn 0.1683 0.0549 -0.9842
vn -0.2086 0.2645 -0.9415
vn -0.0298 0.2245 -0.9740
vn -0.1588 0.2315 -0.9598
vn -0.0205 0.2946 -0.9554
vn -0.9035 -0.0110 -0.4285
vn -0.9805 -0.0159 -0.1959
vn -0.2438 0.2473 -0.9378
vn -0.4654 0.1970 -0.8629
vn -0.8906 0.1216 -0.4383
vn -0.5966 0.1300 -0.7919
vn -0.6376 0.0132 -0.7703
vn -0.8119 0.0148 -0.5836
vn 0.0176 0.2316 -0.9727
vn 0.0621 0.1373 -0.9886
vn 0.0342 0.1116 -0.9932
vn 0.0837 0.1178 -0.9895
vn -0.1489 0.1332 -0.9798
vn 0.1882 0.0859 -0.9784
vn 0.1614 0.0961 -0.9822
vn 0.1849 0.1051 -0.9771
vn 0.1730 0.0827 -0.9814
vn 0.4118 0.0469 -0.9101
vn 0.2217 0.1121 -0.9686
vn 0.4235 0.1108 -0.8991
vn -0.7390 0.2227 -0.6359
vn -0.9920 -0.0737 -0.1026
vn -0.9832 -0.1757 -0.0498
vn -0.7433 0.0902 -0.6629
vn -0.7953 0.0551 -0.6037
vn -0.8251 0.1729 -0.5379
vn -0.9077 0.2708 -0.3204
vn -0.9840 0.1505 -0.0949
vn -0.9950 0.0632 -0.0772
vn -0.9937 -0.0175 -0.1105
vn -0.7325 0.3672 -0.5733
vn -0.9299 -0.3207 0.1802
vn -0.9277 -0.3722 0.0299
vn -0.9142 -0.3741 0.1561
vn -0.9396 -0.0844 -0.3316
vn -0.9526 -0.2725 -0.1352
vn -0.8755 0.2179 0.4312
vn -0.5512 0.0478 0.8330
vn -0.3095 0.0175 0.9507
vn -0.7282 0.0782 0.6809
vn -0.9805 0.1773 0.0849
vn -0.9863 0.0959 -0.1340
vn -0.9875 0.1514 -0.0447
vn -0.9612 0.1462 0.2339
vn -0.9436 0.1777 0.2794
vn -0.8863 0.2355 -0.3987
vn -0.6697 0.3948 -0.6291
vn -0.2220 0.0022 0.9750
vn -0.2260 0.0165 0.9740
vn -0.3208 -0.0138 0.9471
vn -0.2115 -0.1211 0.9698
vn -0.1138 0.0366 0.9928
vn -0.0739 0.0672 0.9950
vn -0.1257 0.0946 0.9875
vn -0.1110 0.0256 0.9935
vn -0.0049 0.0544 0.9985
vn 0.0786 0.0369 0.9962
vn 0.0685 -0.0647 0.9955
vn -0.0103 -0.0682 0.9976
vn 0.0618 -0.0356 0.9975
vn -0.0063 -0.0770 0.9970
vn 0.0392 0.0235 0.9990
vn 0.2990 -0.0330 -0.9537
vn 0.2226 -0.0606 -0.9730
vn -0.2196 0.0642 -0.9735
vn -0.0827 0.0618 -0.9947
vn 0.0846 -0.0153 -0.9963
vn 0.0097 0.0785 -0.9969
vn 0.7803 -0.0263 -0.6248
vn 0.7981 -0.0706 -0.5984
vn 0.5239 -0.0637 -0.8494
vn -0.8697 -0.0493 -0.4911
vn -0.8831 -0.2473 -0.3988
vn -0.6617 -0.0074 -0.7497
vn -0.5386 0.0209 -0.8423
vn -0.6978 -0.0233 -0.7159
vn -0.7813 0.0197 -0.6238
vn -0.8533 -0.1377 -0.5029
vn -0.9129 -0.2338 -0.3345
vn -0.6825 0.0385 -0.7299
vn -0.6687 0.0470 -0.7421
vn -0.8447 -0.2086 0.4930
vn -0.8427 -0.1250 0.5237
vn -0.8034 0.0230 0.5950
vn -0.8690 -0.1034 0.4839
vn -0.9176 -0.1116 0.3815
vn -0.9237 -0.2123 0.3191
vn -0.9766 -0.2058 0.0621
vn -0.9754 -0.2087 -0.0715
vn -0.9723 -0.2279 -0.0522
vn -0.9858 -0.1676 -0.0064
vn -0.9668 -0.2399 -0.0880
vn -0.6981 -0.0438 -0.7146
vn -0.6612 -0.0162 -0.7500
vn -0.8222 -0.0743 -0.5643
vn -0.7547 0.0338 -0.6552
vn -0.1901 0.0953 -0.9771
vn -0.1254 0.0551 -0.9906
vn 0.0764 0.1034 -0.9917
vn 0.0200 0.0420 -0.9989
vn -0.0803 0.0176 -0.9966
vn -0.1579 0.1918 -0.9686
vn -0.0881 0.1208 -0.9888
vn -0.6527 0.0396 -0.7566
vn -0.5547 0.1055 -0.8253
vn -0.4507 0.1450 -0.8808
vn -0.2348 0.1923 -0.9528
vn 0.7322 -0.0324 -0.6803
vn 0.9783 -0.1289 -0.1621
vn -0.8957 -0.1839 0.4048
vn -0.8656 -0.2696 0.4220
vn -0.9071 -0.3223 0.2708
vn -0.9715 -0.0985 0.2158
vn -0.9642 -0.2503 0.0871
vn -0.9329 -0.1467 0.3290
vn -0.2193 -0.3870 0.8956
vn -0.1255 -0.4031 0.9065
vn -0.0110 -0.3319 0.9432
vn -0.1464 -0.2313 0.9618
vn -0.0825 -0.2572 0.9628
vn -0.2539 -0.2385 0.9374
vn -0.2897 -0.1991 0.9362
vn -0.5958 -0.0551 0.8013
vn -0.4716 -0.0667 0.8793
vn -0.3563 -0.0651 0.9321
vn -0.6279 0.0529 0.7765
vn -0.7169 -0.0011 0.6972
vn -0.8951 0.0575 0.4421
vn -0.8009 -0.0656 0.5952
vn -0.9706 -0.0547 0.2343
vn -0.8942 -0.2202 0.3898
vn -0.9419 -0.1237 0.3123
vn -0.7641 -0.3928 0.5118
vn -0.8577 -0.3123 0.4084
vn 0.0816 -0.4692 0.8793
vn -0.0358 -0.4301 0.9021
vn 0.9106 -0.4034 0.0899
vn 0.9381 -0.2591 0.2300
vn 0.9585 -0.2230 -0.1777
vn 0.9473 -0.2171 -0.2356
vn 0.9505 -0.2126 0.2266
vn 0.9695 -0.2336 0.0740
vn 0.8599 -0.2180 -0.4615
vn 0.8737 -0.2110 -0.4384
vn 0.8897 -0.1734 -0.4222
vn 0.8982 -0.1520 -0.4124
vn 0.9409 -0.1919 -0.2791
vn 0.9094 -0.0896 -0.4061
vn 0.9352 -0.1560 -0.3179
vn 0.6854 -0.2285 -0.6914
vn 0.5258 -0.1326 -0.8402
vn 0.5247 -0.1158 -0.8434
vn 0.8231 -0.3093 0.4764
vn 0.8900 -0.3047 0.3392
vn 0.9220 -0.2950 0.2507
vn 0.7671 -0.2833 0.5756
vn 0.6302 -0.3319 0.7019
vn 0.7328 -0.2401 0.6367
vn 0.8350 -0.2196 0.5045
vn 0.5372 -0.3633 0.7612
vn 0.5475 -0.3491 0.7605
vn 0.3298 -0.3634 0.8713
vn -0.5315 -0.3746 0.7597
vn 0.9721 0.0649 -0.2256
vn 0.7577 0.1573 -0.6334
vn 0.6670 0.1262 -0.7343
vn 0.9272 0.0806 0.3659
vn 0.9662 0.0274 0.2563
vn 0.9924 0.0832 0.0911
vn 0.8863 -0.0608 0.4590
vn 0.9165 -0.1038 0.3863
vn 0.8362 0.2033 -0.5094
vn 0.9676 0.2507 -0.0310
vn 0.9446 0.2499 -0.2128
vn 0.9000 0.2542 -0.3540
vn 0.8614 0.2392 -0.4481
vn 0.6702 0.1959 0.7158
vn 0.6637 0.0506 0.7462
vn 0.3899 0.0083 0.9208
vn 0.9954 -0.0927 -0.0239
vn 0.9910 -0.1305 -0.0291
vn 0.9725 -0.2035 -0.1135
vn 0.9746 -0.2133 -0.0683
vn 0.9762 -0.1697 0.1351
vn 0.9942 0.0013 -0.1076
vn 0.9997 -0.0209 -0.0139
vn 0.9495 0.0468 0.3102
vn 0.9233 0.0221 0.3835
vn 0.9699 -0.0385 0.2406
vn 0.9215 0.1048 0.3740
vn 0.8194 -0.0117 0.5731
vn 0.9368 -0.1706 0.3053
vn 0.8704 -0.2256 0.4376
vn -0.0209 0.3047 -0.9522
vn -0.0696 0.2216 -0.9727
vn -0.3200 0.1401 -0.9370
vn -0.5014 0.0740 -0.8620
vn -0.8155 -0.1485 -0.5594
vn -0.7533 -0.1654 -0.6366
vn -0.5287 -0.0529 -0.8472
vn -0.3568 0.0813 -0.9306
vn -0.8932 -0.1962 -0.4046
vn 0.0215 0.2621 -0.9648
vn 0.1106 0.1269 -0.9857
vn 0.1316 0.0387 -0.9905
vn -0.0088 0.1271 -0.9919
vn -0.0034 0.2224 -0.9749
vn 0.1493 0.1071 -0.9830
vn 0.2136 0.0974 -0.9720
vn 0.2474 0.1094 -0.9627
vn 0.4890 0.1713 -0.8553
vn -0.5384 0.3026 -0.7865
vn -0.9728 0.2214 -0.0674
vn -0.9915 0.0431 -0.1228
vn -0.9892 -0.0087 -0.1463
vn -0.9894 -0.1245 -0.0751
vn -0.9491 -0.3004 -0.0949
vn -0.6212 0.2391 -0.7463
vn -0.7280 0.3566 -0.5855
vn -0.8031 0.3682 -0.4685
vn -0.9206 0.2939 -0.2571
vn -0.9790 0.1895 -0.0749
vn -0.9853 0.1457 -0.0895
vn -0.8635 -0.4208 -0.2780
vn -0.8760 -0.4556 -0.1583
vn -0.8977 -0.3242 -0.2983
vn -0.8743 0.0956 0.4759
vn -0.5437 -0.0606 0.8371
vn -0.6412 -0.1028 0.7605
vn -0.8175 -0.0151 0.5757
vn -0.9635 0.0897 0.2521
vn -0.9576 0.0955 -0.2719
vn -0.9939 -0.0288 -0.1066
vn -0.9855 -0.1280 0.1117
vn -0.9961 0.0379 0.0795
vn -0.9923 0.1086 0.0589
vn -0.9038 0.0029 0.4280
vn -0.9311 0.1426 -0.3357
vn -0.8265 0.3102 -0.4698
vn -0.7181 0.3957 -0.5725
vn -0.5261 0.4766 -0.7043
vn -0.3339 -0.0923 0.9381
vn -0.1319 -0.0351 0.9906
vn 0.0572 0.0647 0.9963
vn -0.2063 -0.1193 0.9712
vn 0.1324 -0.0378 0.9905
vn 0.1851 -0.1956 0.9631
vn 0.1233 -0.1908 0.9739
vn -0.0126 -0.0957 0.9953
vn 0.1743 -0.0524 0.9833
vn 0.3263 -0.0940 -0.9406
vn -0.2182 0.0453 -0.9748
vn 0.2264 0.0082 -0.9740
vn -0.0268 0.1016 -0.9945
vn -0.0293 0.0694 -0.9972
vn -0.4953 0.0378 -0.8679
vn -0.4838 0.1202 -0.8669
vn -0.6233 0.1974 -0.7567
vn -0.8924 0.1471 -0.4267
vn -0.7465 0.1898 -0.6377
vn -0.3215 0.1310 -0.9378
vn -0.4906 0.2185 -0.8436
vn -0.8842 0.0113 -0.4669
vn -0.9657 -0.1718 -0.1949
vn -0.9837 -0.0182 -0.1788
vn -0.9981 -0.0352 0.0509
vn -0.9990 -0.0375 -0.0251
vn -0.5307 0.0967 -0.8420
vn -0.8419 0.1020 0.5299
vn -0.9178 -0.0093 0.3970
vn -0.9332 0.0082 0.3593
vn -0.8461 0.1446 0.5130
vn -0.9380 -0.0393 0.3443
vn -0.9838 -0.1352 0.1178
vn -0.9815 -0.0913 0.1682
vn -0.9547 -0.0183 0.2969
vn -0.9919 -0.1090 0.0655
vn -0.9733 -0.0461 0.2248
vn -0.1865 0.0692 -0.9800
vn -0.2118 0.0554 -0.9757
vn -0.1771 0.0490 -0.9830
vn -0.1882 0.0665 -0.9799
vn -0.0744 0.1996 -0.9770
vn -0.1140 0.1265 -0.9854
vn -0.0860 0.2421 -0.9664
vn -0.0775 0.2570 -0.9633
vn -0.4315 0.1386 -0.8914
vn -0.0780 0.2046 -0.9757
vn -0.3779 0.1314 -0.9165
vn -0.1157 0.2078 -0.9713
vn -0.1865 0.1954 -0.9628
vn -0.8409 -0.4920 0.2253
vn -0.6041 -0.5419 0.5844
vn -0.7508 -0.4928 0.4399
vn -0.9969 -0.0033 0.0780
vn -0.9514 0.1276 0.2801
vn -0.9581 -0.2835 0.0419
vn -0.9851 -0.1716 -0.0084
vn -0.0321 -0.4341 0.9003
vn 0.0875 -0.3494 0.9329
vn 0.1198 -0.3158 0.9413
vn 0.4039 -0.2958 0.8657
vn 0.0811 -0.2026 0.9759
vn 0.0394 -0.1557 0.9870
vn -0.0942 -0.1691 0.9811
vn -0.2733 -0.0933 0.9574
vn -0.9374 0.1244 0.3252
vn -0.4845 -0.0281 0.8743
vn -0.3564 0.0522 0.9329
vn -0.3283 0.1357 0.9348
vn -0.6614 -0.2229 0.7161
vn -0.9331 -0.1571 0.3236
vn -0.7871 -0.1644 0.5946
vn -0.8442 -0.2163 0.4904
vn -0.5985 -0.3343 0.7280
vn -0.8672 -0.3109 0.3889
vn -0.8784 -0.3460 0.3298
vn -0.6892 -0.5284 0.4958
vn 0.1932 -0.3771 0.9058
vn 0.9517 -0.2087 -0.2253
vn 0.9721 -0.2158 -0.0915
vn 0.9846 -0.1741 0.0127
vn 0.9756 -0.1786 -0.1274
vn 0.9213 -0.3105 0.2340
vn 0.9520 -0.2642 0.1547
vn 0.7337 -0.2420 -0.6349
vn 0.8128 -0.1672 -0.5580
vn 0.8423 -0.1235 -0.5246
vn 0.9614 -0.1205 -0.2474
vn 0.8866 -0.0200 -0.4621
vn 0.8202 -0.0489 -0.5700
vn 0.4045 0.0060 -0.9145
vn 0.5276 -0.0961 -0.8440
vn 0.9151 -0.2394 0.3245
vn 0.5955 -0.2938 0.7477
vn 0.8753 -0.1139 0.4699
vn 0.8500 -0.0993 0.5173
vn 0.8425 -0.0674 0.5344
vn 0.5670 -0.2742 0.7767
vn 0.6448 -0.2261 0.7301
vn 0.5887 -0.2754 0.7600
vn 0.8112 -0.2270 0.5389
vn 0.4953 -0.3114 0.8110
vn 0.6042 0.2429 -0.7589
vn 0.5438 0.2316 -0.8066
vn 0.9896 -0.0793 0.1202
vn 0.9894 0.1189 -0.0835
vn 0.9555 -0.0377 0.2926
vn 0.9822 -0.0987 0.1599
vn 0.8911 -0.1641 0.4231
vn 0.8042 -0.1401 0.5776
vn 0.4608 0.2890 -0.8391
vn 0.6216 0.3309 -0.7100
vn 0.9726 0.2253 -0.0576
vn 0.9352 0.2621 -0.2380
vn 0.8645 0.3129 -0.3935
vn 0.7981 0.3016 -0.5216
vn 0.5448 -0.0327 0.8380
vn 0.9685 -0.0489 -0.2443
vn 0.9726 -0.1789 -0.1483
vn 0.9646 -0.2520 -0.0777
vn 0.9466 -0.3150 0.0687
vn 0.9326 -0.1762 0.3150
vn 0.9689 -0.1811 -0.1688
vn 0.9777 -0.1715 0.1210
vn 0.9905 -0.0668 -0.1201
vn 0.9076 -0.0817 0.4119
vn 0.9035 -0.2280 0.3628
vn 0.7384 -0.0902 0.6683
vn 0.9383 -0.2314 0.2570
vn 0.9172 -0.3191 0.2385
vn -0.0895 0.1221 -0.9885
vn -0.2580 0.0818 -0.9627
vn -0.3102 0.0453 -0.9496
vn -0.8095 -0.3455 -0.4747
vn -0.6748 -0.2248 -0.7029
vn -0.8313 -0.4107 -0.3744
vn -0.4375 -0.1373 -0.8887
vn -0.5600 -0.2967 -0.7736
vn 0.0512 0.1882 -0.9808
vn 0.1725 0.1192 -0.9778
vn -0.0691 -0.0162 -0.9975
vn 0.1119 -0.0419 -0.9928
vn 0.1839 0.0870 -0.9791
vn -0.0395 0.2345 -0.9713
vn -0.0756 0.1510 -0.9856
vn -0.0713 0.0727 -0.9948
vn 0.0934 0.2013 -0.9751
vn 0.2991 0.1983 -0.9334
vn -0.4271 0.3577 -0.8304
vn -0.4289 0.4435 -0.7870
vn -0.9564 0.1841 -0.2266
vn -0.9563 0.1192 -0.2669
vn -0.9546 0.1319 -0.2673
vn -0.9813 -0.0657 -0.1807
vn -0.9697 0.0925 -0.2263
vn -0.9134 -0.3306 -0.2376
vn -0.9552 -0.0838 -0.2839
vn -0.4498 0.4100 -0.7935
vn -0.6365 0.4878 -0.5974
vn -0.5166 0.4825 -0.7074
vn -0.7914 0.4514 -0.4123
vn -0.9578 0.2763 -0.0790
vn -0.9050 0.3272 -0.2719
vn -0.8678 -0.4235 -0.2601
vn -0.4210 -0.1696 0.8911
vn -0.6225 -0.1270 0.7722
vn -0.7953 -0.1119 0.5958
vn -0.9629 0.0498 0.2652
vn -0.9722 -0.0025 -0.2342
vn -0.9760 -0.0922 -0.1971
vn -0.9911 -0.0720 -0.1120
vn -0.9551 -0.1552 0.2523
vn -0.9667 -0.0610 0.2486
vn -0.9521 -0.0140 0.3055
vn -0.8985 -0.3148 0.3059
vn -0.9741 -0.2225 0.0410
vn -0.9705 -0.0304 -0.2390
vn -0.9313 0.1343 -0.3386
vn -0.8527 0.2430 -0.4625
vn -0.6408 0.3877 -0.6627
vn -0.7017 0.4439 -0.5572
vn -0.3076 -0.1359 0.9417
vn 0.0224 -0.0665 0.9975
vn -0.2411 -0.1384 0.9606
vn -0.0461 -0.0284 0.9985
vn -0.1079 -0.1454 0.9835
vn 0.0593 -0.1678 0.9840
vn 0.0425 -0.1437 0.9887
vn 0.1149 -0.2747 0.9546
vn 0.0840 -0.2628 0.9612
vn 0.1337 -0.3030 0.9436
vn 0.1152 -0.1999 0.9730
vn 0.2771 -0.3020 0.9122
vn 0.3147 -0.3240 0.8922
vn 0.2732 -0.1652 0.9477
vn 0.4784 -0.0796 0.8745
vn 0.1622 0.0349 -0.9861
vn -0.1205 -0.0055 -0.9927
vn -0.2247 0.0874 -0.9705
vn 0.2167 0.0940 -0.9717
vn -0.0608 0.1554 -0.9860
vn 0.1206 0.1418 -0.9825
vn -0.3511 0.1518 -0.9240
vn -0.4127 0.1147 -0.9036
vn -0.1828 0.1343 -0.9739
vn -0.6991 0.3374 -0.6304
vn -0.5510 0.4339 -0.7128
vn -0.9826 0.1425 -0.1188
vn -0.9756 0.2079 -0.0708
vn -0.9155 0.2692 -0.2991
vn -0.9390 0.2113 -0.2712
vn -0.8314 0.2978 -0.4691
vn -0.1546 0.1544 -0.9758
vn -0.2406 0.2678 -0.9330
vn -0.1006 0.1902 -0.9766
vn -0.3524 0.4375 -0.8273
vn -0.2726 0.3394 -0.9003
vn -0.9744 0.1270 0.1856
vn -0.8269 0.1081 0.5519
vn -0.8450 0.0575 0.5317
vn -0.8899 0.0622 0.4519
vn -0.9117 0.1194 0.3932
vn -0.9123 -0.0042 0.4094
vn -0.8779 0.1466 0.4558
vn -0.0159 0.0684 -0.9975
vn -0.0366 0.2050 -0.9781
vn -0.0800 0.2115 -0.9741
vn -0.1072 0.2348 -0.9661
vn -0.3104 0.1903 -0.9314
vn -0.1109 0.2426 -0.9638
vn -0.0756 0.1963 -0.9776
vn -0.1068 0.2180 -0.9701
vn -0.7705 -0.5251 0.3613
vn -0.7852 -0.4909 0.3775
vn -0.8648 -0.3390 0.3705
vn -0.9540 0.1475 0.2609
vn -0.9877 0.1287 0.0892
vn -0.9815 -0.1671 0.0937
vn -0.9925 -0.0622 0.1054
vn -0.9979 0.0542 0.0354
vn -0.8967 -0.3739 0.2369
vn 0.3019 -0.2464 0.9210
vn 0.5078 -0.2217 0.8324
vn 0.3164 -0.1875 0.9299
vn -0.0390 -0.0573 0.9976
vn 0.1440 -0.0807 0.9863
vn -0.1443 -0.0871 0.9857
vn -0.2652 -0.0252 0.9639
vn 0.1270 -0.0376 0.9912
vn -0.0193 0.0312 0.9993
vn -0.0434 -0.1554 0.9869
vn -0.0423 -0.2525 0.9667
vn -0.1491 -0.2886 0.9458
vn -0.4693 -0.1811 0.8643
vn -0.5831 -0.2916 0.7583
vn -0.2053 0.1055 0.9730
vn -0.3025 0.1451 0.9420
vn -0.5164 -0.4166 0.7482
vn -0.4776 -0.4205 0.7714
vn -0.5818 -0.4896 0.6495
vn -0.7854 -0.4222 0.4526
vn -0.3850 -0.6077 0.6946
vn -0.6911 -0.5659 0.4495
vn -0.6782 -0.5906 0.4374
vn 0.9934 -0.0922 -0.0687
vn 0.9760 -0.1704 0.1357
vn 0.9573 -0.2279 0.1777
vn 0.9583 -0.2081 0.1959
vn 0.6575 -0.1198 -0.7439
vn 0.9730 -0.1337 -0.1882
vn 0.7449 -0.0792 -0.6625
vn 0.6901 -0.0176 -0.7235
vn 0.9317 -0.1498 -0.3309
vn 0.9900 -0.0976 -0.1020
vn 0.7918 0.0640 -0.6074
vn 0.8710 0.0476 -0.4890
vn 0.5204 -0.0380 -0.8531
vn 0.6053 0.0301 -0.7955
vn 0.6117 -0.0316 -0.7905
vn 0.3736 0.0568 -0.9258
vn 0.8970 -0.1928 0.3978
vn 0.8914 -0.2576 0.3729
vn 0.7699 -0.2706 0.5779
vn 0.7610 -0.2857 0.5825
vn 0.8704 -0.2328 0.4338
vn 0.6459 -0.2695 0.7142
vn 0.4869 -0.2602 0.8338
vn 0.7199 -0.3416 0.6042
vn 0.8027 -0.4871 0.3441
vn 0.9504 -0.2589 0.1725
vn 1.0000 0.0022 0.0052
vn 0.9444 -0.2349 0.2302
vn 0.9827 0.0628 -0.1745
vn 0.9055 -0.3033 0.2967
vn 0.4970 0.2880 -0.8185
vn 0.7586 0.2935 -0.5816
vn 0.9654 0.1537 -0.2108
vn 0.8805 0.2568 -0.3984
vn 0.9545 -0.0691 -0.2900
vn 0.9540 -0.0894 -0.2862
vn 0.9599 -0.2716 -0.0693
vn 0.9842 -0.1769 0.0030
vn 0.9443 -0.3278 0.0292
vn 0.9266 -0.3579 0.1152
vn 0.9186 -0.3687 0.1426
vn 0.9669 -0.0632 -0.2473
vn 0.9719 -0.1756 -0.1571
vn 0.9839 -0.1774 0.0219
vn 0.9462 -0.2421 0.2147
vn 0.8054 -0.2005 0.5578
vn 0.7232 -0.1815 0.6663
vn 0.9002 -0.2538 0.3538
vn 0.7266 -0.2887 0.6235
vn 0.6775 -0.2830 0.6789
vn 0.4984 -0.2183 0.8390
vn 0.8623 -0.5051 0.0367
vn 0.9006 -0.4245 0.0932
vn -0.0820 -0.0000 -0.9966
vn -0.3356 -0.1082 -0.9358
vn -0.7517 -0.3500 -0.5590
vn -0.8545 -0.3362 -0.3960
vn -0.5452 -0.2252 -0.8075
vn -0.7563 -0.3311 -0.5642
vn 0.1036 0.1281 -0.9863
vn 0.1495 -0.1013 -0.9836
vn 0.2699 -0.0196 -0.9627
vn -0.0422 0.0383 -0.9984
vn -0.1563 0.0413 -0.9868
vn 0.0664 0.0707 -0.9953
vn 0.2194 0.0063 -0.9756
vn 0.0942 0.0360 -0.9949
vn 0.2436 0.1447 -0.9590
vn -0.0925 0.0846 -0.9921
vn 0.0169 0.2716 -0.9623
vn 0.1818 0.2401 -0.9536
vn 0.1289 -0.0735 -0.9889
vn 0.1940 -0.0978 -0.9761
vn 0.4643 0.1796 -0.8673
vn 0.4823 0.1417 -0.8645
vn 0.4371 0.1322 -0.8896
vn -0.2415 0.4133 -0.8780
vn -0.5154 0.4587 -0.7238
vn -0.8735 0.3536 -0.3347
vn -0.9318 0.2840 -0.2262
vn -0.8840 0.3449 -0.3157
vn -0.9483 0.0879 -0.3048
vn -0.9255 0.0651 -0.3732
vn -0.8913 -0.2888 -0.3496
vn -0.8817 -0.2661 -0.3897
vn -0.8807 -0.2527 -0.4006
vn -0.9052 0.0500 -0.4220
vn -0.9094 -0.0314 -0.4146
vn -0.8727 0.0488 -0.4859
vn -0.4705 0.5614 -0.6808
vn -0.4131 0.5147 -0.7513
vn -0.6862 0.4820 -0.5448
vn -0.4843 0.5257 -0.6994
vn -0.7392 0.4467 -0.5040
vn -0.5410 -0.1605 0.8256
vn -0.8594 -0.1279 0.4950
vn -0.5730 -0.1913 0.7969
vn -0.6425 -0.2766 0.7147
vn -0.9378 -0.2543 -0.2365
vn -0.9583 -0.2672 -0.1017
vn -0.9494 -0.2790 -0.1445
vn -0.8810 -0.1612 0.4448
vn -0.7983 -0.3644 0.4795
vn -0.8305 -0.2893 0.4760
vn -0.7985 -0.5091 0.3213
vn -0.9164 -0.3865 0.1041
vn -0.9430 -0.0541 -0.3285
vn -0.9162 0.1528 -0.3703
vn -0.8673 0.2260 -0.4435
vn -0.6155 0.3854 -0.6875
vn -0.7020 0.3755 -0.6051
vn -0.4828 0.3907 -0.7837
vn -0.3731 -0.1594 0.9140
vn -0.3158 -0.1881 0.9300
vn -0.1487 -0.1798 0.9724
vn -0.0585 -0.3043 0.9508
vn -0.0081 -0.3579 0.9337
vn -0.0587 -0.3611 0.9307
vn 0.1553 -0.3990 0.9037
vn 0.1144 -0.4349 0.8932
vn 0.2402 -0.3450 0.9074
vn 0.5221 -0.3067 0.7958
vn 0.4821 -0.2828 0.8292
vn 0.6243 -0.3614 0.6925
vn 0.4605 -0.3444 0.8181
vn 0.0359 0.1801 -0.9830
vn 0.0248 0.1263 -0.9917
vn 0.3347 0.0632 -0.9402
vn -0.7979 0.4346 -0.4177
vn -0.6464 0.5428 -0.5362
vn -0.4767 0.5627 -0.6753
vn -0.9384 0.1566 0.3082
vn -0.9656 0.2485 -0.0760
vn 0.0828 0.2535 -0.9638
vn -0.0790 0.3434 -0.9359
vn -0.0353 0.4247 -0.9046
vn 0.0555 0.3636 -0.9299
vn -0.2980 0.6453 -0.7034
vn -0.3027 0.6101 -0.7322
vn -0.1438 0.5264 -0.8380
vn -0.9091 -0.0021 0.4165
vn -0.9060 -0.0340 0.4220
vn -0.0651 0.1572 -0.9854
vn -0.1674 0.1834 -0.9687
vn -0.1407 0.2282 -0.9634
vn -0.0849 0.2939 -0.9521
vn -0.0819 0.3166 -0.9450
vn -0.9340 -0.2717 0.2321
vn -0.9517 -0.2531 0.1738
vn -0.9394 -0.2056 0.2742
vn -0.9825 -0.1268 0.1368
vn -0.9873 0.0378 0.1546
vn -0.9793 0.0017 0.2024
vn -0.9598 -0.0089 0.2805
vn -1.0000 0.0042 0.0084
vn -0.9999 0.0160 0.0006
vn -0.9982 0.0091 0.0589
vn -0.9940 0.1038 0.0354
vn -0.9962 0.0741 0.0456
vn 0.3570 -0.1440 0.9229
vn 0.2321 0.0154 0.9726
vn -0.1364 0.0872 0.9868
vn -0.2206 0.1603 0.9621
vn 0.1231 0.2238 0.9668
vn 0.0872 0.1432 0.9859
vn -0.0560 0.3540 0.9336
vn 0.1104 -0.2645 0.9580
vn 0.0126 -0.0401 0.9991
vn 0.0331 -0.4184 0.9077
vn -0.2758 -0.3570 0.8925
vn -0.2372 0.1786 0.9549
vn -0.3130 -0.5772 0.7543
vn -0.1951 -0.5050 0.8408
vn -0.3691 -0.4976 0.7850
vn -0.1528 -0.4865 0.8602
vn -0.5119 -0.6518 0.5595
vn -0.3379 -0.6267 0.7022
vn -0.1565 -0.6222 0.7671
vn -0.1697 -0.5743 0.8009
vn -0.8981 -0.3654 0.2448
vn -0.6879 -0.5007 0.5254
vn 0.9964 -0.0770 0.0343
vn 0.9843 -0.1526 0.0885
vn 0.9557 -0.2463 0.1611
vn 0.9877 -0.1544 0.0263
vn 0.9934 -0.1056 0.0458
vn 0.9689 -0.1759 -0.1742
vn 0.8428 0.0209 -0.5379
vn 0.9137 -0.2195 -0.3420
vn 0.8239 -0.2386 -0.5140
vn 0.9947 -0.1024 -0.0079
vn 0.9798 -0.1951 -0.0431
vn 0.6554 -0.0121 -0.7552
vn 0.4560 0.0514 -0.8885
vn 0.8538 -0.3572 0.3787
vn 0.8211 -0.4999 0.2754
vn 0.7664 -0.5202 0.3768
vn 0.7970 -0.4740 0.3742
vn 0.4832 -0.2842 0.8281
vn 0.6453 -0.3863 0.6590
vn 0.6917 -0.3119 0.6514
vn 0.5815 -0.3393 0.7394
vn 0.7035 -0.4057 0.5835
vn 0.7702 -0.4989 0.3974
vn 0.9820 -0.1778 -0.0640
vn 0.9830 -0.0184 -0.1824
vn 0.9627 0.0770 -0.2595
vn 0.7120 0.2208 -0.6666
vn 0.8871 0.1917 -0.4198
vn 0.9850 -0.1484 -0.0885
vn 0.9732 -0.0914 -0.2108
vn 0.9569 -0.2816 -0.0709
vn 0.9360 -0.3434 -0.0769
vn 0.9083 -0.4136 -0.0632
vn 0.8567 -0.5121 0.0625
vn 0.9575 -0.0104 -0.2882
vn 0.9541 -0.2714 -0.1267
vn 0.9850 -0.1345 -0.1083
vn 0.9626 -0.0439 -0.2673
vn 0.9362 -0.2435 0.2533
vn 0.8026 -0.3103 0.5095
vn 0.8219 -0.5695 0.0149
vn 0.8883 -0.4306 -0.1596
vn 0.9391 -0.2730 -0.2085
vn 0.9335 -0.3536 -0.0587
vn -0.1479 -0.0463 -0.9879
vn -0.3955 -0.1025 -0.9127
vn -0.8390 -0.0763 -0.5388
vn -0.6422 -0.1018 -0.7598
vn 0.0651 0.0169 -0.9977
vn 0.1715 0.0931 -0.9808
vn 0.1729 -0.0062 -0.9849
vn 0.1738 -0.0696 -0.9823
vn -0.0546 0.0257 -0.9982
vn -0.0183 0.1299 -0.9914
vn 0.0211 -0.0303 -0.9993
vn -0.1439 -0.0128 -0.9895
vn -0.0214 0.0611 -0.9979
vn 0.2536 0.1957 -0.9473
vn 0.2437 0.0139 -0.9697
vn 0.3391 -0.1600 -0.9270
vn 0.5208 -0.1566 -0.8392
vn 0.2965 -0.0554 -0.9534
vn 0.5923 0.0855 -0.8012
vn 0.8808 -0.0139 -0.4734
vn 0.6899 0.1427 -0.7097
vn 0.5619 0.0093 -0.8272
vn 0.3710 0.0737 -0.9257
vn -0.7917 0.4605 -0.4016
vn -0.8516 0.3425 -0.3969
vn -0.8577 0.3619 -0.3652
vn -0.8580 0.3662 -0.3600
vn -0.8313 0.3806 -0.4051
vn -0.9007 0.1942 -0.3887
vn -0.8420 -0.0170 -0.5392
vn -0.7504 -0.1135 -0.6511
vn -0.8947 0.0937 -0.4368
vn -0.7619 -0.0594 -0.6449
vn -0.7132 -0.1175 -0.6910
vn -0.7304 -0.0103 -0.6829
vn -0.4324 0.5354 -0.7255
vn -0.6220 0.4815 -0.6175
vn -0.7812 0.3553 -0.5133
vn -0.7380 -0.2633 0.6213
vn -0.5377 -0.2463 0.8064
vn -0.6398 -0.4060 0.6526
vn -0.5548 -0.4281 0.7134
vn -0.8793 -0.4456 -0.1679
vn -0.8950 -0.4327 -0.1087
vn -0.8650 -0.2355 -0.4431
vn -0.8324 -0.3716 -0.4112
vn -0.8831 -0.4692 0.0065
vn -0.8424 -0.5389 -0.0001
vn -0.7178 -0.3926 0.5750
vn -0.6756 -0.5358 0.5064
vn -0.6321 -0.4897 0.6005
vn -0.7255 -0.6172 0.3045
vn -0.9173 -0.0593 -0.3937
vn -0.9200 0.1552 -0.3598
vn -0.3705 -0.2820 0.8850
vn -0.4707 -0.2527 0.8453
vn -0.1648 -0.3022 0.9389
vn -0.2529 -0.3746 0.8920
vn -0.1651 -0.4604 0.8722
vn -0.1265 -0.4947 0.8598
vn -0.0377 -0.4952 0.8680
vn 0.0247 -0.4801 0.8769
vn 0.1430 -0.4758 0.8678
vn 0.0654 -0.5485 0.8336
vn 0.1270 -0.5337 0.8361
vn 0.0757 -0.6113 0.7877
vn 0.2248 -0.4312 0.8738
vn 0.4244 -0.4414 0.7906
vn 0.6734 -0.4574 0.5807
vn 0.0335 0.0744 -0.9967
vn 0.1249 0.1518 -0.9805
vn 0.5302 -0.0017 -0.8479
vn 0.3357 0.1016 -0.9365
vn -0.9217 0.3762 -0.0946
vn -0.7265 0.5511 -0.4105
vn -0.5254 0.6578 -0.5397
vn -0.3319 0.6312 -0.7010
vn -0.6917 0.6105 -0.3857
vn -0.9015 0.1397 0.4095
vn -0.9410 0.2615 0.2149
vn 0.1459 0.3521 -0.9245
vn 0.1527 0.5629 -0.8123
vn 0.0738 0.4886 -0.8694
vn -0.2010 0.4523 -0.8689
vn -0.0432 0.5415 -0.8396
vn -0.0789 0.8429 -0.5322
vn -0.0758 0.7358 -0.6730
vn -0.0650 0.8165 -0.5736
vn -0.2727 0.7170 -0.6416
vn -0.9471 -0.0388 0.3186
vn -0.8769 0.0826 0.4736
vn -0.9341 0.0237 0.3561
vn -0.1235 0.1748 -0.9768
vn -0.1826 0.1991 -0.9628
vn -0.1725 0.2608 -0.9498
vn -0.2719 0.3818 -0.8834
vn -0.0710 0.3262 -0.9426
vn -0.9973 -0.0550 0.0480
vn -0.9469 -0.1431 0.2880
vn -0.9932 -0.0234 0.1137
vn -0.9712 0.1325 0.1978
vn -0.9834 0.1359 0.1202
vn -0.9875 0.0968 0.1240
vn -0.9632 0.2121 0.1653
vn -0.9183 0.3412 0.2007
vn -0.9673 0.2284 0.1106
vn 0.6481 -0.1950 0.7361
vn 0.3802 -0.1777 0.9077
vn 0.2631 -0.0707 0.9622
vn 0.2525 0.0166 0.9675
vn 0.0741 0.1821 0.9805
vn -0.1490 0.2975 0.9430
vn -0.0012 0.3945 0.9189
vn -0.0799 0.2935 0.9526
vn 0.0228 0.5327 0.8460
vn 0.0415 0.4372 0.8984
vn 0.2548 -0.2100 0.9439
vn 0.0406 0.0969 0.9945
vn 0.2605 -0.3791 0.8879
vn 0.0231 -0.2211 0.9750
vn -0.1038 -0.2567 0.9609
vn 0.0383 -0.3082 0.9506
vn -0.0119 -0.4239 0.9056
vn 0.1284 -0.3779 0.9169
vn -0.3163 -0.4155 0.8528
vn -0.4548 -0.2673 0.8495
vn -0.4281 -0.3700 0.8246
vn -0.2375 -0.4762 0.8467
vn -0.4610 -0.3308 0.8234
vn -0.0188 -0.5021 0.8646
vn -0.6313 -0.4414 0.6376
vn -0.5048 -0.5493 0.6660
vn -0.4305 -0.5092 0.7453
vn -0.5447 -0.3982 0.7381
vn -0.7140 -0.4302 0.5524
vn 0.9896 -0.1200 -0.0800
vn 0.9711 -0.1614 0.1758
vn 0.9839 -0.0244 -0.1770
vn 0.9803 -0.0823 -0.1795
vn 0.9767 -0.2044 0.0660
vn 0.9350 -0.2434 0.2581
vn 0.7814 -0.1622 -0.6025
vn 0.9740 -0.1104 -0.1980
vn 0.7819 -0.2130 -0.5858
vn 0.8971 -0.1076 -0.4285
vn 1.0000 -0.0040 -0.0070
vn 0.9917 -0.1267 0.0230
vn 0.5332 0.0599 -0.8439
vn 0.6866 0.0161 -0.7269
vn 0.7715 -0.0393 -0.6350
vn 0.7838 -0.1411 -0.6048
vn 0.8508 -0.3649 0.3781
vn 0.7490 -0.3341 0.5721
vn 0.7605 -0.2294 0.6074
vn 0.8438 -0.0846 0.5300
vn 0.7891 -0.1790 0.5876
vn 0.9597 -0.1224 -0.2529
vn 0.9011 0.0163 -0.4334
vn 0.9621 0.0338 -0.2704
vn 0.8830 0.1093 -0.4565
vn 0.9779 -0.2086 0.0148
vn 0.9806 -0.1751 -0.0878
vn 0.9178 -0.3934 -0.0534
vn 0.8093 -0.5619 -0.1710
vn 0.9806 -0.1176 -0.1571
vn 0.9572 0.0480 -0.2854
vn 0.9518 0.0368 -0.3046
vn 0.9611 -0.0829 -0.2635
vn 0.9653 -0.2170 -0.1453
vn 0.9529 -0.2996 -0.0474
vn 0.9729 -0.2174 -0.0782
vn 0.8440 -0.3772 0.3812
vn 0.9574 -0.2643 0.1164
vn 0.8217 -0.3830 -0.4221
vn 0.8708 -0.1949 -0.4514
vn -0.5085 -0.0153 -0.8609
vn -0.7414 0.0276 -0.6705
vn -0.5519 0.0247 -0.8336
vn 0.1105 0.0138 -0.9938
vn 0.0551 -0.0321 -0.9980
vn 0.0346 0.0421 -0.9985
vn 0.0587 -0.1020 -0.9930
vn 0.0049 -0.0245 -0.9997
vn 0.0184 -0.2075 -0.9781
vn 0.0263 -0.0976 -0.9949
vn 0.0542 -0.0717 -0.9960
vn -0.2282 -0.0067 -0.9736
vn 0.4676 -0.1020 -0.8781
vn 0.5003 -0.2309 -0.8345
vn 0.5280 -0.3210 -0.7862
vn 0.6680 -0.0496 -0.7425
vn 0.4615 -0.0676 -0.8846
vn 0.7441 -0.0956 -0.6612
vn 0.6846 -0.2847 -0.6710
vn 0.2082 -0.1533 -0.9660
vn 0.0972 -0.1427 -0.9850
vn 0.7098 -0.0568 -0.7021
vn 0.8609 -0.0659 -0.5045
vn 0.7563 0.0015 -0.6542
vn 0.5939 -0.0918 -0.7993
vn -0.9156 0.1635 -0.3674
vn -0.9068 0.1794 -0.3815
vn -0.8275 0.1693 -0.5353
vn -0.8822 0.1789 -0.4356
vn -0.8111 0.1457 -0.5665
vn -0.8197 0.0629 -0.5694
vn -0.8350 0.1074 -0.5397
vn -0.6402 -0.1936 -0.7434
vn -0.7254 -0.1112 -0.6793
vn -0.4268 -0.2179 -0.8777
vn -0.5434 -0.2417 -0.8040
vn -0.6285 -0.1653 -0.7600
vn -0.6305 -0.1074 -0.7687
vn -0.5183 -0.0905 -0.8504
vn -0.5436 -0.0076 -0.8393
vn -0.4000 -0.4311 0.8088
vn -0.4642 -0.5303 0.7094
vn -0.7718 -0.6358 -0.0060
vn -0.8229 -0.5302 -0.2042
vn -0.7165 -0.4028 -0.5696
vn -0.8114 -0.2515 -0.5276
vn -0.6764 -0.6196 -0.3983
vn -0.7054 -0.6839 0.1864
vn -0.5489 -0.6444 0.5324
vn -0.5517 -0.5763 0.6030
vn -0.5634 -0.6974 0.4430
vn -0.8924 -0.0720 -0.4454
vn -0.2147 -0.4596 0.8618
vn -0.1526 -0.2171 0.9641
vn -0.1374 -0.5748 0.8066
vn -0.1731 -0.4889 0.8550
vn -0.0505 -0.5419 0.8389
vn 0.2752 -0.5366 0.7977
vn 0.0488 -0.6722 0.7387
vn 0.2680 -0.5983 0.7551
vn 0.1899 -0.6587 0.7281
vn 0.0825 -0.6156 0.7838
vn 0.0072 -0.7812 0.6242
vn 0.4013 -0.4819 0.7790
vn 0.5464 -0.5375 0.6423
vn 0.0358 0.2144 -0.9761
vn 0.1916 0.1554 -0.9691
vn -0.0100 0.2409 -0.9705
vn 0.3631 0.1048 -0.9258
vn -0.8450 0.5157 -0.1412
vn -0.4873 0.7778 -0.3970
vn -0.7449 0.6396 -0.1899
vn -0.8871 0.1929 0.4194
vn -0.8670 0.4787 0.1385
vn -0.9110 0.2998 0.2832
vn 0.3764 0.4277 -0.8218
vn 0.0849 0.6484 -0.7565
vn 0.2096 0.4787 -0.8526
vn -0.0275 0.6711 -0.7409
vn 0.4037 0.6030 -0.6880
vn 0.0990 0.7014 -0.7058
vn -0.3066 0.4044 -0.8617
vn -0.2220 0.5561 -0.8009
vn -0.2840 0.9097 -0.3031
vn -0.3074 0.8752 -0.3736
vn -0.0514 0.8198 -0.5704
vn -0.0227 0.8115 -0.5839
vn -0.1239 0.7923 -0.5974
vn -0.8130 0.2591 0.5215
vn -0.8626 0.3772 0.3370
vn -0.9007 0.3271 0.2861
vn -0.9461 0.2417 0.2156
vn -0.2121 0.3241 -0.9219
vn -0.7837 -0.3077 0.5396
vn -0.9508 -0.0267 0.3087
vn -0.9280 0.3540 0.1157
vn -0.9255 0.3376 0.1716
vn -0.9114 0.3837 0.1486
vn -0.9545 0.0610 0.2919
vn -0.9026 0.1873 0.3876
vn -0.8644 0.3258 0.3830
vn -0.8806 0.3800 0.2832
vn -0.8371 0.4953 0.2321
vn -0.7503 0.5427 0.3775
vn 0.6302 -0.1049 0.7693
vn 0.1159 -0.0505 0.9920
vn 0.3822 -0.1663 0.9090
vn 0.8168 -0.0410 0.5755
vn 0.8957 0.0199 0.4441
vn 0.8029 -0.0029 0.5961
vn 0.9040 0.0078 0.4275
vn -0.1754 0.1804 0.9678
vn -0.2280 0.0172 0.9735
vn 0.1363 0.2584 0.9564
vn -0.1300 0.4122 0.9018
vn -0.1726 0.2094 0.9625
vn -0.1197 0.0870 0.9890
vn -0.1445 0.3586 0.9222
vn 0.0233 0.4583 0.8885
vn 0.1609 0.3075 0.9379
vn 0.3281 -0.1605 0.9309
vn 0.1491 0.0878 0.9849
vn 0.1838 -0.3876 0.9033
vn 0.3703 -0.3679 0.8530
vn 0.2682 -0.4462 0.8538
vn -0.0034 -0.0287 0.9996
vn -0.0697 -0.1524 0.9859
vn -0.0409 0.0213 0.9989
vn -0.1141 0.0962 0.9888
vn 0.1194 -0.2248 0.9671
vn 0.0687 -0.0365 0.9970
vn 0.0651 -0.1329 0.9890
vn 0.0671 -0.0712 0.9952
vn -0.6019 -0.2710 0.7512
vn -0.5006 -0.1800 0.8468
vn -0.5283 -0.2008 0.8249
vn -0.5984 0.0263 0.8008
vn -0.2711 -0.1098 0.9563
vn -0.4521 -0.0713 0.8891
vn -0.5597 -0.0372 0.8278
vn -0.7334 -0.2055 0.6479
vn 0.9965 -0.0047 -0.0835
vn 0.9769 0.0003 -0.2135
vn 0.9844 0.0229 -0.1742
vn 0.9530 0.0070 -0.3027
vn 0.9924 -0.0617 0.1062
vn 0.9080 -0.2781 0.3132
vn 0.9871 0.0163 -0.1591
vn 0.9030 -0.0466 -0.4271
vn 0.9892 0.1028 0.1045
vn 0.9546 0.0157 0.2975
vn 0.9915 -0.0151 0.1288
vn 0.7209 0.0826 -0.6881
vn 0.6598 0.1623 -0.7337
vn 0.4255 0.2028 -0.8820
vn 0.8916 0.1190 -0.4369
vn 0.8954 0.0073 -0.4452
vn 0.8160 0.0855 -0.5717
vn 0.9354 -0.1239 0.3312
vn 0.8747 -0.1596 0.4576
vn 0.8701 0.0134 0.4927
vn 0.8777 0.0262 0.4786
vn 0.9247 0.0023 0.3806
vn 0.9112 0.0027 0.4121
vn 0.9015 0.0209 0.4324
vn 0.9567 -0.2909 -0.0070
vn 0.9407 -0.3325 -0.0665
vn 0.8402 -0.5010 -0.2076
vn 0.7662 -0.6181 -0.1757
vn 0.6743 -0.6529 -0.3449
vn 0.7450 -0.4449 -0.4970
vn 0.9550 -0.2948 -0.0319
vn 0.9800 -0.0743 -0.1848
vn 0.9538 0.0531 -0.2958
vn 0.9317 0.0779 -0.3548
vn 0.9938 -0.1092 -0.0231
vn 0.9913 -0.0592 -0.1177
vn 0.9844 -0.1475 -0.0963
vn 0.8414 -0.4197 0.3405
vn 0.8943 -0.4137 0.1706
vn 0.9265 -0.3692 0.0733
vn 0.9119 -0.3548 0.2064
vn 0.6376 -0.5808 0.5060
vn 0.7045 -0.2472 -0.6652
vn 0.8089 -0.2245 -0.5434
vn -0.3634 -0.0414 -0.9307
vn 0.0813 -0.2211 -0.9719
vn 0.0828 -0.2679 -0.9599
vn 0.0368 -0.2478 -0.9681
vn -0.0388 -0.1903 -0.9810
vn -0.1550 -0.1436 -0.9774
vn -0.0349 -0.2585 -0.9654
vn -0.2404 -0.1964 -0.9506
vn -0.3842 -0.1906 -0.9034
vn -0.1201 -0.2379 -0.9638
vn 0.6383 -0.2549 -0.7264
vn 0.6357 -0.3639 -0.6808
vn 0.8224 -0.3221 -0.4690
vn 0.4047 -0.1362 -0.9042
vn 0.8195 -0.0493 -0.5710
vn 0.6112 -0.1411 -0.7788
vn 0.8613 -0.1617 -0.4816
vn 0.1186 -0.2821 -0.9520
vn -0.8480 -0.0801 -0.5239
vn -0.7957 -0.0895 -0.5990
vn -0.7458 -0.1743 -0.6430
vn -0.6441 -0.2263 -0.7307
vn -0.4719 -0.3826 -0.7943
vn -0.2685 -0.2472 -0.9310
vn -0.3553 -0.2503 -0.9006
vn -0.1569 -0.6637 -0.7314
vn -0.4985 -0.5842 0.6405
vn -0.3718 -0.5256 0.7651
vn -0.2718 -0.5199 0.8098
vn -0.2091 -0.4617 0.8620
vn -0.6918 -0.7101 0.1310
vn -0.6995 -0.7136 -0.0385
vn -0.6760 -0.7368 0.0138
vn -0.7444 -0.6643 -0.0679
vn -0.6180 -0.7538 -0.2236
vn -0.5467 -0.5224 -0.6544
vn -0.6101 -0.3778 -0.6965
vn -0.7689 -0.2516 -0.5877
vn -0.5337 -0.6292 -0.5650
vn -0.4803 -0.7150 -0.5081
vn -0.5702 -0.7467 0.3426
vn -0.3990 -0.6470 0.6498
vn -0.4308 -0.7760 0.4607
vn -0.2844 -0.7085 0.6458
vn -0.1212 -0.6125 0.7811
vn -0.1657 -0.5167 0.8400
vn 0.4450 -0.6270 0.6394
vn -0.0595 -0.6669 0.7428
vn 0.3940 -0.7037 0.5912
vn 0.0778 -0.8144 0.5751
vn 0.1129 -0.8140 0.5698
vn 0.2228 -0.7884 0.5734
vn 0.2355 -0.7667 0.5972
vn -0.1088 -0.7303 0.6744
vn -0.1746 -0.8787 0.4442
vn 0.0942 0.1934 -0.9766
vn -0.8187 0.5552 0.1467
vn -0.6752 0.7373 -0.0214
vn -0.8752 0.4350 0.2117
vn -0.8629 0.4126 0.2920
vn 0.4652 0.4473 -0.7639
vn 0.2019 0.4679 -0.8604
vn 0.3879 0.2898 -0.8750
vn 0.1924 0.4328 -0.8807
vn -0.0289 0.7192 -0.6942
vn -0.2340 0.7823 -0.5773
vn -0.1336 0.8490 -0.5112
vn 0.2652 0.5012 -0.8237
vn 0.1796 0.7517 -0.6346
vn -0.3908 0.4232 -0.8174
vn -0.4366 0.5493 -0.7124
vn -0.4680 0.7271 -0.5023
vn -0.4716 0.8467 -0.2463
vn -0.4195 0.8864 -0.1959
vn -0.1284 0.8215 -0.5556
vn -0.1426 0.7851 -0.6028
vn -0.5837 0.8119 -0.0060
vn -0.4211 0.8787 -0.2248
vn -0.1604 0.8782 -0.4506
vn -0.4947 0.8259 -0.2705
vn -0.0871 0.8305 -0.5502
vn -0.1573 0.7931 -0.5885
vn -0.0383 0.6769 -0.7351
vn -0.1179 0.8161 -0.5658
vn -0.8280 0.5328 0.1748
vn -0.7884 0.5786 0.2090
vn -0.8745 0.4700 0.1196
vn -0.8941 0.4098 0.1810
vn -0.1814 0.2693 -0.9458
vn -0.3826 0.4181 -0.8239
vn -0.8399 -0.1119 0.5311
vn -0.8618 0.4961 0.1055
vn -0.7737 0.6255 0.1007
vn -0.8401 0.5295 0.1181
vn -0.8327 0.5382 0.1303
vn -0.7224 -0.0649 0.6885
vn -0.7325 0.4833 0.4795
vn -0.8482 0.1307 0.5133
vn -0.7468 0.2733 0.6063
vn -0.8042 0.4520 0.3860
vn -0.7311 0.5434 0.4125
vn -0.6749 0.6828 0.2796
vn -0.5259 0.8067 0.2696
vn -0.6705 0.7260 0.1529
vn -0.5270 0.7171 0.4560
vn 0.7702 -0.0281 0.6372
vn 0.6067 -0.0403 0.7939
vn 0.1399 -0.1192 0.9830
vn -0.1761 -0.0759 0.9815
vn 0.5324 -0.1400 0.8348
vn 0.9155 0.0152 0.4021
vn 0.9078 0.0085 0.4194
vn -0.2982 -0.0869 0.9505
vn -0.1760 -0.1038 0.9789
vn 0.0770 -0.0619 0.9951
vn -0.0659 0.2142 0.9746
vn 0.0192 -0.2350 0.9718
vn -0.0297 -0.1241 0.9918
vn 0.1928 0.1124 0.9748
vn 0.3321 -0.1097 0.9368
vn 0.1482 -0.3926 0.9077
vn 0.1578 -0.2005 0.9669
vn 0.2997 -0.1070 0.9480
vn 0.2309 -0.3303 0.9152
vn 0.3173 -0.5003 0.8056
vn 0.2340 -0.3286 0.9150
vn -0.1358 0.1606 0.9776
vn -0.2684 0.2038 0.9415
vn -0.1122 0.2912 0.9501
vn -0.1984 0.4333 0.8792
vn 0.0210 0.1412 0.9898
vn -0.0830 0.3141 0.9458
vn 0.1241 -0.0140 0.9922
vn -0.0176 0.2156 0.9763
vn -0.5835 -0.0265 0.8117
vn -0.7261 0.1067 0.6792
vn -0.4933 0.2528 0.8323
vn -0.4031 0.2098 0.8908
vn -0.5179 0.1173 0.8474
vn 0.9894 0.0815 0.1204
vn 0.9945 0.0307 -0.1002
vn 0.9995 0.0149 -0.0262
vn 0.9686 0.1076 -0.2242
vn 0.9478 -0.0370 -0.3168
vn 0.9388 0.0556 0.3398
vn 0.9430 0.0619 0.3270
vn 0.9926 0.1183 -0.0263
vn 0.9829 0.0659 -0.1722
vn 0.9607 0.0556 -0.2721
vn 0.9857 0.0022 0.1686
vn 0.9583 0.0083 0.2857
vn 0.9944 0.0383 0.0989
vn 0.9832 0.0679 0.1696
vn 0.9824 0.1865 -0.0053
vn 0.9483 0.2078 -0.2399
vn 0.8627 0.2632 -0.4319
vn 0.8329 0.2304 -0.5032
vn 0.5461 0.2950 -0.7841
vn 0.0182 0.2478 -0.9686
vn 0.1907 0.3583 -0.9139
vn 0.9650 0.1290 -0.2285
vn 0.9738 0.2247 -0.0343
vn 0.9539 0.2070 -0.2174
vn 0.9433 0.0520 0.3278
vn 0.8758 0.0604 0.4790
vn 0.9168 0.0875 0.3896
vn 0.9040 0.0514 0.4243
vn 0.8940 0.1103 0.4342
vn 0.8836 -0.1116 0.4548
vn 0.9297 0.0865 0.3579
vn 0.9577 0.1599 0.2393
vn 0.9289 -0.2290 -0.2911
vn 0.8410 -0.3854 -0.3797
vn 0.7756 -0.5245 -0.3511
vn 0.6947 -0.4943 -0.5226
vn 0.9731 -0.1068 -0.2041
vn 0.8972 -0.4350 -0.0760
vn 0.9429 -0.3268 -0.0650
vn 0.8818 -0.4660 0.0725
vn 0.9464 -0.0197 -0.3225
vn 0.9642 -0.0189 -0.2643
vn 0.9831 -0.0665 -0.1703
vn 0.9845 -0.1557 -0.0803
vn 0.9946 -0.0366 -0.0969
vn 0.9764 -0.2089 -0.0556
vn 0.9208 -0.1891 -0.3411
vn 0.7402 -0.4871 0.4635
vn 0.8286 -0.5022 0.2474
vn 0.6823 -0.6183 0.3901
vn 0.5543 -0.6678 0.4968
vn -0.0171 -0.2859 -0.9581
vn 0.0925 -0.3361 -0.9373
vn 0.0268 -0.4396 -0.8978
vn 0.0106 -0.2841 -0.9587
vn 0.0706 -0.3010 -0.9510
vn -0.0318 -0.2378 -0.9708
vn -0.0636 -0.3482 -0.9353
vn -0.1179 -0.2574 -0.9591
vn 0.7367 -0.4364 -0.5166
vn 0.3097 -0.3015 -0.9018
vn 0.8208 -0.1349 -0.5551
vn 0.5304 -0.2884 -0.7972
vn 0.0835 -0.3371 -0.9378
vn 0.2516 -0.3893 -0.8861
vn -0.7449 -0.2406 -0.6222
vn -0.5540 -0.3399 -0.7599
vn -0.3178 -0.4832 -0.8158
vn -0.3376 -0.5349 -0.7745
vn -0.3830 -0.3850 -0.8397
vn -0.2075 -0.3325 -0.9200
vn -0.2331 -0.6138 0.7542
vn -0.6023 -0.7604 0.2430
vn -0.5750 -0.8084 -0.1262
vn -0.5811 -0.8131 -0.0346
vn -0.4635 -0.8448 -0.2675
vn -0.3538 -0.8165 -0.4562
vn -0.3637 -0.5876 -0.7228
vn -0.3734 -0.6393 -0.6723
vn -0.3406 -0.7200 -0.6047
vn -0.2867 -0.9096 0.3009
vn -0.2825 -0.7708 0.5710
vn -0.4201 -0.8693 0.2602
vn -0.5401 -0.8212 0.1844
vn -0.1227 -0.6520 0.7482
vn 0.5302 -0.7477 0.3999
vn 0.5334 -0.7149 0.4522
vn 0.4745 -0.7862 0.3959
vn 0.0459 -0.9274 0.3713
vn 0.0979 -0.9720 0.2137
vn -0.0742 -0.9125 0.4022
vn 0.1993 -0.8825 0.4260
vn 0.3374 -0.8259 0.4517
vn -0.7976 0.5827 0.1557
vn -0.6468 0.7577 0.0872
vn 0.2399 0.2469 -0.9389
vn 0.1552 0.2804 -0.9472
vn 0.1474 0.2397 -0.9596
vn -0.0671 0.6075 -0.7915
vn -0.4699 0.7506 -0.4646
vn -0.1134 0.7615 -0.6381
vn -0.0398 0.5346 -0.8441
vn 0.0700 0.2540 -0.9647
vn -0.5042 0.5680 -0.6505
vn -0.5502 0.5557 -0.6233
vn -0.5455 0.4541 -0.7045
vn -0.4751 0.5559 -0.6821
vn -0.4675 0.5769 -0.6698
vn -0.5745 0.6242 -0.5295
vn -0.0236 0.8539 -0.5199
vn -0.7172 0.6963 0.0274
vn -0.4832 0.8459 -0.2256
vn -0.2897 0.8796 -0.3774
vn -0.1996 0.9501 -0.2399
vn -0.1889 0.8564 -0.4805
vn -0.3325 0.7910 -0.5136
vn -0.1316 0.6749 -0.7260
vn -0.2892 0.8932 -0.3443
vn -0.0681 0.8370 -0.5429
vn -0.7838 0.6206 0.0244
vn -0.6842 0.7265 -0.0636
vn -0.7321 0.6775 0.0708
vn -0.2716 0.3937 -0.8782
vn -0.3276 0.5382 -0.7765
vn -0.6911 0.7190 0.0734
vn -0.4035 0.9147 0.0211
vn -0.6932 0.7184 0.0582
vn -0.6185 0.3660 0.6953
vn -0.5033 0.6023 0.6196
vn -0.3633 0.7083 0.6053
vn -0.5489 0.6653 0.5061
vn -0.4447 0.8173 0.3665
vn -0.2874 0.9318 0.2216
vn -0.3746 0.7997 0.4692
vn -0.2857 0.7567 0.5880
vn 0.7607 -0.0113 0.6489
vn 0.4794 -0.0726 0.8746
vn 0.1700 -0.0812 0.9821
vn -0.1354 -0.0820 0.9874
vn 0.8397 -0.0147 0.5429
vn -0.2725 -0.1294 0.9534
vn -0.2063 -0.2197 0.9535
vn -0.0186 -0.1363 0.9905
vn -0.0095 -0.3493 0.9370
vn 0.0097 -0.2882 0.9575
vn 0.1752 -0.4617 0.8696
vn 0.2604 -0.3895 0.8834
vn 0.2250 -0.5424 0.8094
vn 0.1391 -0.0459 0.9892
vn 0.1241 0.0373 0.9916
vn 0.1249 0.0591 0.9904
vn -0.2631 0.3272 0.9076
vn -0.1076 0.5419 0.8336
vn -0.3184 0.4506 0.8340
vn -0.2445 0.6605 0.7099
vn -0.0523 0.4425 0.8953
vn -0.0024 0.1683 0.9857
vn -0.0641 0.4734 0.8785
vn -0.3956 0.4960 0.7729
vn 0.9811 0.1379 0.1361
vn 0.9734 0.1309 -0.1878
vn 0.9715 0.2170 0.0948
vn 0.9985 -0.0350 0.0418
vn 0.9576 0.2807 -0.0646
vn 0.9757 0.1941 -0.1017
vn 0.9728 0.1256 0.1945
vn 0.9854 0.1696 0.0165
vn 0.9803 0.1757 -0.0908
vn 0.9734 0.2234 -0.0505
vn 0.9818 0.1670 0.0904
vn 0.9670 0.2531 0.0299
vn 0.9329 0.3430 -0.1101
vn 0.8660 0.3508 -0.3563
vn 0.7120 0.3667 -0.5988
vn 0.3117 0.4394 -0.8425
vn 0.4708 0.5121 -0.7184
vn -0.0451 0.4000 -0.9154
vn -0.0096 0.5279 -0.8492
vn 0.9668 0.2287 -0.1142
vn 0.9006 0.1764 0.3973
vn 0.8413 0.2295 0.4894
vn 0.7880 0.0884 0.6093
vn 0.9328 0.1209 0.3394
vn 0.9415 0.1645 0.2942
vn 0.9428 0.2139 0.2558
vn 0.9730 0.2287 0.0312
vn 0.9630 0.2319 0.1377
vn 0.9457 -0.2467 -0.2118
vn 0.8254 -0.5227 -0.2134
vn 0.8853 -0.3948 -0.2457
vn 0.8572 -0.5149 0.0025
vn 0.7603 -0.6435 0.0888
vn 0.7928 -0.6037 -0.0836
vn 0.7972 -0.5917 0.1198
vn 0.7203 -0.6526 0.2352
vn 0.7464 -0.6019 0.2838
vn 0.7803 -0.5651 0.2680
vn 0.9336 -0.1744 -0.3129
vn 0.9004 -0.2878 -0.3263
vn 0.9449 -0.2453 -0.2167
vn 0.9583 -0.2352 -0.1623
vn 0.9062 -0.3243 -0.2712
vn 0.9240 -0.2807 -0.2598
vn 0.8626 -0.3565 -0.3590
vn 0.7501 -0.3514 -0.5603
vn 0.7932 -0.2106 -0.5714
vn 0.0250 -0.3628 -0.9315
vn -0.0220 -0.2501 -0.9680
vn -0.0486 -0.2119 -0.9761
vn 0.1036 -0.2986 -0.9487
vn 0.1140 -0.3508 -0.9295
vn 0.0256 -0.2929 -0.9558
vn -0.1060 -0.5131 -0.8517
vn -0.1455 -0.4907 -0.8591
vn -0.1718 -0.4482 -0.8773
vn 0.5748 -0.3378 -0.7453
vn 0.3405 -0.4182 -0.8421
vn -0.1663 -0.6238 -0.7637
vn -0.2393 -0.6497 -0.7216
vn -0.1670 -0.6287 -0.7595
vn -0.4370 -0.8805 -0.1837
vn -0.5168 -0.8556 -0.0303
vn -0.3337 -0.9418 -0.0420
vn -0.2751 -0.9215 -0.2741
vn -0.0935 -0.9279 -0.3610
vn -0.1828 -0.9233 -0.3378
vn -0.1744 -0.8852 -0.4314
vn -0.1694 -0.7611 -0.6261
vn -0.0616 -0.9946 0.0837
vn -0.4103 -0.9116 0.0254
vn 0.5941 -0.7901 0.1510
vn 0.6239 -0.7287 0.2823
vn 0.4577 -0.8622 0.2173
vn 0.4717 -0.8760 0.1003
vn 0.3211 -0.8596 0.3975
vn 0.1678 -0.9852 -0.0350
vn 0.1254 -0.9607 0.2477
vn 0.3924 -0.9022 0.1789
vn 0.2561 -0.9585 0.1250
vn -0.0424 0.3721 -0.9272
vn 0.0595 0.3325 -0.9412
vn -0.1156 0.4954 -0.8609
vn -0.4555 0.6499 -0.6084
vn -0.3008 0.6149 -0.7290
vn -0.1194 0.3179 -0.9406
vn -0.2844 0.4944 -0.8214
vn -0.5414 0.5118 -0.6671
vn -0.5454 0.7064 -0.4511
vn -0.4623 0.5900 -0.6620
vn -0.4564 0.5318 -0.7133
vn -0.5496 0.6697 -0.4995
vn -0.2256 0.6364 -0.7376
vn -0.4357 0.4961 -0.7511
vn -0.0754 0.9084 -0.4113
vn -0.0896 0.9460 -0.3115
vn -0.1605 0.9345 -0.3179
vn -0.4384 0.8431 -0.3114
vn -0.4617 0.8478 -0.2607
vn -0.3355 0.9361 -0.1061
vn -0.4591 0.8883 -0.0138
vn -0.2556 0.9593 -0.1201
vn -0.2987 0.8602 -0.4133
vn -0.0764 0.9304 -0.3585
vn -0.2911 0.8843 -0.3650
vn -0.2069 0.6873 -0.6963
vn -0.2708 0.8892 -0.3687
vn -0.5825 0.8079 -0.0897
vn -0.2027 0.4815 -0.8527
vn -0.4537 0.8908 -0.0246
vn -0.1705 0.9709 0.1684
vn -0.1101 0.7847 0.6100
vn -0.2552 0.8924 0.3722
vn -0.0823 0.8784 0.4708
vn -0.1835 0.8547 0.4857
vn 0.5210 -0.1026 0.8474
vn 0.6156 -0.0660 0.7853
vn 0.2918 -0.1110 0.9500
vn 0.6789 -0.0267 0.7338
vn -0.2423 -0.1343 0.9609
vn 0.0878 -0.3767 0.9222
vn -0.0017 -0.1474 0.9891
vn -0.0090 -0.3255 0.9455
vn 0.0775 -0.2316 0.9697
vn 0.0374 -0.1345 0.9902
vn 0.5337 -0.1258 0.8362
vn 0.1640 -0.4294 0.8881
vn 0.1863 -0.4372 0.8799
vn 0.2134 -0.3859 0.8975
vn 0.0859 0.1718 0.9814
vn 0.0935 0.2908 0.9522
vn -0.0359 0.3059 0.9514
vn -0.0073 0.3341 0.9425
vn 0.0652 -0.1097 0.9918
vn -0.1088 0.6764 0.7284
vn -0.1415 0.7053 0.6946
vn -0.1190 0.6639 0.7383
vn -0.1246 0.5493 0.8263
vn 0.9619 0.2694 0.0471
vn 0.9525 0.2684 0.1440
vn 0.9249 0.3643 -0.1085
vn 0.9216 0.3517 -0.1641
vn 0.9576 0.2676 -0.1066
vn 0.9606 0.2689 0.0703
vn 0.8775 0.4149 0.2406
vn 0.9476 0.3055 0.0933
vn 0.8957 0.4235 0.1358
vn 0.8636 0.5041 0.0053
vn 0.9535 0.2859 -0.0954
vn 0.7706 0.6092 0.1873
vn 0.8742 0.4834 0.0462
vn 0.8068 0.5857 0.0776
vn 0.8525 0.4931 -0.1735
vn 0.7206 0.5105 -0.4693
vn 0.1382 0.5791 -0.8035
vn 0.4520 0.6144 -0.6467
vn 0.6328 0.6634 -0.3993
vn 0.8157 0.3387 0.4690
vn 0.7439 0.3734 0.5542
vn 0.6501 0.2492 0.7178
vn 0.5551 0.0490 0.8303
vn 0.5160 -0.0404 0.8556
vn 0.7191 0.3568 0.5963
vn 0.9465 0.2783 0.1632
vn 0.9398 0.2441 0.2393
vn 0.9702 0.2208 0.0994
vn 0.9197 0.2549 0.2987
vn 0.9407 0.3371 -0.0385
vn 0.9673 0.2526 0.0224
vn 0.7419 -0.5794 -0.3374
vn 0.8571 -0.4176 -0.3016
vn 0.6617 -0.6877 -0.2987
vn 0.6635 -0.7443 -0.0762
vn 0.8498 -0.4026 -0.3401
vn 0.8535 -0.4022 -0.3313
vn 0.8313 -0.4040 -0.3818
vn 0.7108 -0.4903 -0.5044
vn 0.7144 -0.4677 -0.5205
vn 0.7098 -0.3687 -0.6001
vn 0.5303 -0.4964 -0.6873
vn 0.1310 -0.3589 -0.9242
vn 0.0392 -0.4421 -0.8961
vn 0.0798 -0.4281 -0.9002
vn 0.3169 -0.5034 -0.8038
vn 0.1908 -0.4750 -0.8590
vn 0.0277 -0.3257 -0.9451
vn -0.0500 -0.5784 -0.8142
vn -0.0196 -0.6348 -0.7724
vn 0.0002 -0.4517 -0.8922
vn -0.0308 -0.6850 -0.7279
vn -0.2196 -0.9591 -0.1786
vn -0.0955 -0.9854 -0.1409
vn -0.0827 -0.9731 -0.2149
vn 0.0004 -0.9683 -0.2497
vn 0.0458 -0.8213 -0.5686
vn 0.0817 -0.9139 -0.3975
vn -0.1020 -0.8642 -0.4927
vn 0.1256 -0.9807 -0.1500
vn 0.4951 -0.8615 -0.1129
vn 0.3261 -0.9287 -0.1765
vn 0.3052 -0.9496 -0.0713
vn 0.3044 -0.9148 -0.2655
vn -0.0568 0.5030 -0.8624
vn 0.0744 0.3486 -0.9343
vn -0.1991 0.2999 -0.9330
vn -0.0217 0.5215 -0.8530
vn -0.3650 0.4121 -0.8349
vn -0.6548 0.7091 -0.2615
vn -0.5614 0.8042 -0.1953
vn -0.3678 0.6849 -0.6290
vn -0.2966 0.8750 -0.3826
vn -0.6246 0.7051 -0.3356
vn -0.2746 0.5452 -0.7920
vn -0.2810 0.6815 -0.6757
vn -0.3901 0.7757 -0.4961
vn -0.0791 0.6650 -0.7426
vn 0.0733 0.9316 -0.3559
vn -0.1199 0.9769 -0.1770
vn 0.0236 0.9991 -0.0351
vn 0.0488 0.9883 -0.1447
vn -0.3175 0.9476 -0.0358
vn -0.1569 0.9875 -0.0139
vn -0.1894 0.7563 -0.6262
vn 0.2992 0.8513 -0.4310
vn 0.0121 0.8923 -0.4514
vn -0.2400 0.8820 -0.4055
vn 0.3596 0.8654 -0.3490
vn -0.1562 0.8085 -0.5674
vn -0.0202 0.8051 -0.5929
vn -0.0491 0.9904 0.1290
vn -0.0962 0.9548 0.2814
vn -0.1017 0.8174 0.5670
vn 0.0306 0.8260 0.5628
vn -0.1551 0.9198 0.3604
vn 0.1736 -0.0758 0.9819
vn 0.1811 -0.3934 0.9013
vn 0.1754 -0.2568 0.9504
vn 0.0644 -0.0013 0.9979
vn 0.2857 0.0348 0.9577
vn 0.1104 0.0229 0.9936
vn 0.1019 0.0069 0.9948
vn 0.0809 0.0616 0.9948
vn 0.1254 -0.0951 0.9875
vn 0.1844 -0.2430 0.9523
vn 0.1110 -0.1947 0.9746
vn -0.0741 0.2649 0.9614
vn 0.0007 0.1123 0.9937
vn -0.1083 0.1901 0.9758
vn -0.1623 0.7539 0.6367
vn -0.1506 0.8195 0.5530
vn -0.0944 0.4573 0.8843
vn -0.1611 0.6425 0.7492
vn 0.9200 0.3503 -0.1760
vn 0.9753 0.2175 -0.0390
vn 0.9414 0.3349 -0.0401
vn 0.8451 0.4859 -0.2228
vn 0.8358 0.4532 -0.3100
vn 0.9439 0.3102 0.1135
vn 0.7747 0.5767 0.2595
vn 0.6689 0.5789 0.4663
vn 0.8100 0.4037 0.4254
vn 0.6756 0.6914 0.2560
vn 0.6464 0.7607 -0.0586
vn 0.8836 0.4129 0.2206
vn 0.7644 0.5361 0.3582
vn 0.5587 0.7015 0.4424
vn 0.5127 0.7651 0.3896
vn 0.6640 0.7416 0.0958
vn 0.7167 0.6697 -0.1944
vn 0.1208 0.6993 -0.7045
vn 0.3799 0.8138 -0.4398
vn 0.5587 0.8029 -0.2079
vn 0.7328 0.5279 0.4294
vn 0.5294 0.5570 0.6399
vn 0.5791 0.5619 0.5907
vn 0.3350 0.5652 0.7539
vn 0.4269 0.1564 0.8906
vn 0.2538 0.2274 0.9401
vn 0.5758 0.3580 0.7351
vn 0.8927 0.4025 0.2027
vn 0.8163 0.4792 0.3224
vn 0.9399 0.3029 0.1577
vn 0.7359 0.6381 0.2265
vn 0.7925 0.5800 0.1886
vn 0.8992 0.4372 -0.0183
vn 0.9483 0.2966 0.1127
vn 0.9011 0.4193 -0.1109
vn 0.7152 0.6315 -0.2995
vn 0.7530 -0.5524 -0.3575
vn 0.5298 -0.7196 -0.4488
vn 0.6162 -0.6714 -0.4118
vn 0.5085 -0.8146 -0.2791
vn 0.6747 -0.5789 -0.4579
vn 0.6359 -0.5460 -0.5455
vn 0.4673 -0.5587 -0.6852
vn 0.1843 -0.5005 -0.8459
vn 0.1194 -0.5503 -0.8264
vn 0.1207 -0.4621 -0.8786
vn 0.1499 -0.5163 -0.8432
vn 0.3353 -0.6429 -0.6886
vn -0.0350 -0.7672 -0.6404
vn 0.1758 -0.6749 -0.7166
vn 0.1202 -0.8550 -0.5046
vn 0.3159 -0.8806 -0.3532
vn -0.0993 0.4012 -0.9106
vn 0.0855 0.4872 -0.8691
vn -0.0059 0.5619 -0.8272
vn -0.4053 0.8987 -0.1678
vn -0.5860 0.7930 -0.1668
vn -0.0903 0.6966 -0.7118
vn -0.1065 0.9121 -0.3958
vn 0.1281 0.6016 -0.7884
vn -0.1864 0.9639 -0.1900
vn 0.0271 0.8776 -0.4786
vn 0.4449 0.7095 -0.5464
vn 0.1787 0.9253 -0.3346
vn 0.3605 0.7401 -0.5678
vn -0.0574 0.9977 0.0359
vn -0.0120 0.9965 -0.0831
vn -0.0089 0.9985 -0.0546
vn 0.3392 0.9141 -0.2221
vn 0.4189 0.8956 -0.1496
vn -0.0538 0.9912 -0.1210
vn -0.0222 0.8787 -0.4768
vn 0.6810 0.6527 -0.3320
vn 0.6808 0.6817 -0.2680
vn 0.3915 0.7553 -0.5256
vn 0.1914 0.7444 -0.6397
vn 0.7942 0.5290 -0.2988
vn 0.1436 0.5777 -0.8035
vn -0.1295 0.9668 0.2205
vn -0.1085 0.9930 -0.0460
vn -0.2668 0.8659 0.4231
vn -0.1692 0.8896 0.4242
vn -0.1368 0.9100 0.3914
vn 0.0714 0.1333 0.9885
vn 0.0209 0.2670 0.9635
vn 0.0930 0.2606 0.9610
vn -0.0316 0.4442 0.8954
vn -0.0241 0.3495 0.9366
vn -0.2197 0.7733 0.5948
vn -0.2320 0.8894 0.3938
vn -0.1195 0.5788 0.8067
vn 0.9379 0.3202 -0.1336
vn 0.8358 0.4385 -0.3305
vn 0.7259 0.5651 -0.3920
vn 0.8173 0.5239 -0.2400
vn 0.8835 0.4333 -0.1779
vn 0.9074 0.3513 -0.2305
vn 0.6728 0.6707 -0.3122
vn 0.6010 0.6615 -0.4485
vn 0.5555 0.6124 -0.5625
vn 0.6435 0.5011 0.5786
vn 0.5712 0.5980 0.5623
vn 0.5823 0.7625 0.2820
vn 0.5440 0.8389 -0.0154
vn 0.4211 0.6650 0.6168
vn 0.2007 0.8160 0.5421
vn 0.5124 0.7545 0.4101
vn 0.2195 0.7735 0.5946
vn 0.5097 0.8596 0.0361
vn 0.3352 0.8556 -0.3945
vn 0.5148 0.8227 -0.2411
vn 0.5104 0.7595 0.4034
vn 0.2978 0.7842 0.5444
vn 0.1797 0.7119 0.6789
vn 0.1312 0.7093 0.6926
vn 0.3088 0.3360 0.8898
vn 0.0474 0.5212 0.8521
vn 0.1268 0.3484 0.9288
vn 0.6468 0.7042 0.2928
vn 0.8342 0.5413 0.1056
vn 0.4294 0.8816 0.1961
vn 0.4716 0.8690 0.1495
vn 0.5329 0.8451 0.0434
vn 0.5875 0.8061 -0.0706
vn 0.6462 0.7342 -0.2082
vn 0.4356 0.7809 -0.4478
vn 0.3622 -0.7629 -0.5355
vn 0.4949 -0.6958 -0.5206
vn 0.2190 -0.5950 -0.7733
vn 0.3143 -0.7924 -0.5228
vn 0.2159 -0.7469 -0.6289
vn -0.3488 0.9324 0.0941
vn -0.5818 0.8093 0.0812
vn -0.1224 0.9741 -0.1903
vn -0.4519 0.8918 0.0242
vn -0.0102 0.7803 -0.6253
vn 0.1541 0.9812 -0.1164
vn 0.2405 0.8779 -0.4142
vn 0.3407 0.7212 -0.6032
vn 0.2783 0.9019 -0.3304
vn 0.5808 0.5583 -0.5925
vn 0.5270 0.7322 -0.4315
vn 0.5435 0.5129 -0.6645
vn -0.0455 0.9847 -0.1681
vn -0.0754 0.9845 -0.1583
vn -0.0349 0.9623 -0.2698
vn -0.0452 0.9755 -0.2152
vn -0.0844 0.9868 -0.1385
vn 0.4754 0.8333 -0.2822
vn 0.5898 0.7295 -0.3464
vn 0.0685 0.9395 -0.3356
vn 0.6504 0.7434 -0.1562
vn 0.7178 0.6725 -0.1801
vn -0.1316 0.9778 -0.1633
vn 0.5496 0.7708 -0.3222
vn 0.7500 0.6451 -0.1461
vn 0.7417 0.6300 -0.2300
vn -0.0596 0.9953 0.0759
vn -0.0461 0.9989 -0.0104
vn -0.1152 0.9827 -0.1453
vn -0.1394 0.9776 0.1574
vn -0.0552 0.3629 0.9302
vn -0.0591 0.8115 0.5814
vn -0.0759 0.7708 0.6325
vn -0.1129 0.6376 0.7620
vn -0.0254 0.8972 0.4409
vn -0.0415 0.9254 0.3767
vn -0.1575 0.9620 0.2229
vn 0.7391 0.4579 -0.4940
vn 0.7720 0.4335 -0.4649
vn 0.6054 0.4927 -0.6251
vn 0.4330 0.5516 -0.7130
vn 0.6416 0.5117 -0.5714
vn 0.4031 0.7140 -0.5725
vn 0.2968 0.8508 -0.4336
vn 0.1923 0.6588 -0.7273
vn 0.5363 0.4927 0.6853
vn 0.6916 0.5692 0.4446
vn 0.5098 0.7056 0.4922
vn 0.5366 0.7817 0.3176
vn 0.5085 0.5510 0.6617
vn 0.1382 0.8284 0.5429
vn -0.0677 0.7777 0.6250
vn -0.0139 0.7127 0.7013
vn 0.2676 0.8301 0.4893
vn -0.0034 1.0000 -0.0067
vn 0.2668 0.8872 0.3763
vn 0.1377 0.8719 0.4700
vn 0.5432 0.7821 0.3055
vn 0.4042 0.8644 0.2989
vn 0.1283 0.9725 0.1945
vn 0.2213 0.9745 -0.0370
vn 0.2642 0.9493 -0.1707
vn 0.2922 0.8900 -0.3501
vn -0.4355 0.8284 0.3523
vn -0.5480 0.7883 0.2797
vn -0.1486 0.8485 0.5079
vn -0.0006 0.9801 0.1985
vn -0.5191 0.7760 0.3583
vn -0.2526 0.8632 0.4371
vn 0.3226 0.9053 0.2764
vn 0.4802 0.8751 -0.0593
vn 0.5814 0.5651 -0.5853
vn 0.6787 0.5747 -0.4573
vn 0.5338 0.5381 -0.6523
vn 0.0218 0.9964 -0.0823
vn 0.0829 0.9703 -0.2274
vn 0.5257 0.7505 -0.4005
vn 0.4147 0.5916 -0.6914
vn 0.5490 0.6728 -0.4959
vn 0.6389 0.6911 -0.3378
vn 0.4590 0.8289 -0.3197
vn 0.7673 0.5113 -0.3870
vn 0.6151 0.7794 0.1194
vn 0.4908 0.8320 -0.2587
vn -0.0159 0.9954 0.0944
vn 0.0598 0.9910 -0.1200
vn -0.0797 0.9322 0.3531
vn 0.4558 0.4742 -0.7533
vn 0.2491 0.4963 -0.8316
vn 0.5275 0.4184 -0.7394
vn 0.2822 0.7872 -0.5483
vn 0.3882 0.9177 -0.0843
vn 0.3112 0.7421 -0.5937
vn 0.3070 0.8122 0.4960
vn 0.7239 0.6094 0.3235
vn 0.4010 0.9052 0.1409
vn 0.1104 0.9573 0.2673
vn 0.7540 0.6329 0.1761
vn 0.8646 0.4964 0.0777
vn -0.0359 0.9028 0.4285
vn -0.0027 0.8664 0.4994
vn -0.2620 0.7445 0.6141
vn -0.3298 0.7489 0.5748
vn 0.2438 0.8648 -0.4390
vn 0.1347 0.8588 0.4943
vn 0.3551 0.9101 0.2135
vn 0.4483 0.7082 -0.5453
vn 0.8373 0.4220 -0.3476
vn 0.6852 0.5736 -0.4488
vn 0.2915 0.9435 -0.1577
vn 0.3092 0.9240 -0.2250
vn 0.6610 0.4632 -0.5903
vn 0.7864 0.3718 -0.4932
vn 0.2479 0.9189 -0.3069
vn 0.3153 0.4502 -0.8354
vn 0.6571 0.4010 -0.6382
vn 0.7756 0.5441 -0.3200
vn 0.6689 0.7432 0.0157
vn 0.2196 0.9584 -0.1825
vn -0.0159 0.9915 0.1294
vn 0.9035 0.3767 -0.2045
vn 0.7980 0.5531 -0.2391
vn 0.0783 0.9852 0.1522
vn 0.5097 0.7941 -0.3312
s 1
f 1//1 2//2 3//3
f 3//3 4//4 1//1
f 5//5 3//3 2//2
f 3//3 6//6 7//7
f 7//7 4//4 3//3
f 3//3 5//5 6//6
f 8//8 2//2 1//1
f 2//2 8//8 5//5
f 4//4 9//9 1//1
f 10//10 1//1 9//9
f 8//8 1//1 11//11
f 11//11 1//1 10//10
f 9//9 4//4 12//12
f 7//7 13//13 4//4
f 14//14 4//4 15//15
f 4//4 14//14 12//12
f 4//4 13//13 15//15
f 5//5 8//8 16//16
f 17//17 18//18 5//5
f 5//5 16//16 17//17
f 6//6 5//5 18//18
f 7//7 6//6 19//19
f 19//19 13//13 7//7
f 6//6 18//18 19//19
f 11//11 20//20 8//8
f 8//8 21//21 22//22
f 8//8 20//20 21//21
f 22//22 16//16 8//8
f 23//23 24//24 9//9
f 9//9 12//12 23//23
f 9//9 25//25 10//10
f 25//25 9//9 24//24
f 26//26 10//10 27//27
f 28//28 11//11 10//10
f 10//10 25//25 29//29
f 10//10 26//26 28//28
f 10//10 29//29 30//30
f 10//10 30//30 27//27
f 28//28 31//31 11//11
f 11//11 31//31 20//20
f 14//14 32//32 12//12
f 33//33 23//23 12//12
f 12//12 32//32 33//33
f 34//34 13//13 19//19
f 15//15 13//13 34//34
f 14//14 15//15 35//35
f 35//35 15//15 36//36
f 34//34 36//36 15//15
f 32//32 14//14 37//37
f 38//38 37//37 14//14
f 35//35 38//38 14//14
f 17//17 16//16 39//39
f 16//16 22//22 39//39
f 18//18 17//17 40//40
f 41//41 18//18 40//40
f 42//42 18//18 41//41
f 18//18 43//43 34//34
f 34//34 19//19 18//18
f 18//18 42//42 44//44
f 43//43 18//18 44//44
f 17//17 45//45 40//40
f 46//46 45//45 17//17
f 17//17 39//39 46//46
f 31//31 47//47 20//20
f 20//20 47//47 21//21
f 48//48 22//22 21//21
f 22//22 49//49 39//39
f 22//22 50//50 49//49
f 22//22 48//48 50//50
f 48//48 21//21 47//47
f 23//23 33//33 24//24
f 24//24 33//33 51//51
f 25//25 24//24 51//51
f 29//29 25//25 52//52
f 53//53 52//52 25//25
f 53//53 25//25 51//51
f 27//27 54//54 26//26
f 55//55 54//54 27//27
f 27//27 30//30 55//55
f 56//56 28//28 26//26
f 26//26 54//54 57//57
f 26//26 57//57 56//56
f 28//28 56//56 31//31
f 58//58 30//30 29//29
f 52//52 58//58 29//29
f 59//59 30//30 58//58
f 59//59 55//55 30//30
f 31//31 56//56 60//60
f 60//60 61//61 31//31
f 31//31 61//61 62//62
f 62//62 63//63 31//31
f 63//63 47//47 31//31
f 33//33 32//32 37//37
f 64//64 36//36 34//34
f 64//64 34//34 43//43
f 65//65 38//38 35//35
f 66//66 67//67 35//35
f 65//65 35//35 68//68
f 67//67 69//69 35//35
f 70//70 68//68 35//35
f 35//35 36//36 66//66
f 35//35 69//69 70//70
f 66//66 36//36 64//64
f 37//37 38//38 33//33
f 71//71 51//51 38//38
f 33//33 38//38 51//51
f 38//38 65//65 71//71
f 39//39 49//49 72//72
f 46//46 39//39 72//72
f 40//40 73//73 41//41
f 40//40 45//45 73//73
f 42//42 41//41 73//73
f 44//44 42//42 73//73
f 64//64 43//43 74//74
f 74//74 43//43 75//75
f 75//75 43//43 44//44
f 44//44 73//73 76//76
f 77//77 44//44 76//76
f 77//77 78//78 44//44
f 75//75 44//44 78//78
f 73//73 45//45 79//79
f 80//80 81//81 45//45
f 46//46 80//80 45//45
f 79//79 45//45 81//81
f 72//72 82//82 46//46
f 83//83 46//46 82//82
f 46//46 83//83 80//80
f 47//47 63//63 84//84
f 47//47 84//84 48//48
f 48//48 85//85 50//50
f 85//85 48//48 84//84
f 50//50 86//86 49//49
f 49//49 86//86 87//87
f 49//49 87//87 72//72
f 85//85 88//88 50//50
f 50//50 88//88 86//86
f 51//51 71//71 53//53
f 52//52 53//53 89//89
f 90//90 58//58 52//52
f 52//52 89//89 91//91
f 91//91 90//90 52//52
f 71//71 92//92 53//53
f 92//92 93//93 53//53
f 93//93 89//89 53//53
f 54//54 94//94 95//95
f 54//54 95//95 57//57
f 96//96 94//94 54//54
f 55//55 96//96 54//54
f 55//55 59//59 97//97
f 55//55 97//97 96//96
f 56//56 57//57 98//98
f 98//98 60//60 56//56
f 98//98 57//57 99//99
f 99//99 57//57 95//95
f 100//100 59//59 58//58
f 90//90 100//100 58//58
f 59//59 101//101 97//97
f 102//102 101//101 59//59
f 102//102 59//59 100//100
f 98//98 103//103 60//60
f 61//61 60//60 104//104
f 60//60 105//105 104//104
f 60//60 103//103 105//105
f 104//104 106//106 61//61
f 106//106 107//107 61//61
f 61//61 107//107 62//62
f 108//108 62//62 107//107
f 63//63 62//62 108//108
f 109//109 63//63 108//108
f 63//63 109//109 110//110
f 63//63 111//111 84//84
f 111//111 63//63 110//110
f 112//112 64//64 113//113
f 67//67 64//64 112//112
f 67//67 66//66 64//64
f 114//114 64//64 74//74
f 113//113 64//64 114//114
f 68//68 71//71 65//65
f 115//115 69//69 67//67
f 67//67 112//112 115//115
f 68//68 116//116 117//117
f 68//68 117//117 118//118
f 119//119 68//68 120//120
f 119//119 116//116 68//68
f 68//68 70//70 120//120
f 118//118 71//71 68//68
f 69//69 115//115 121//121
f 122//122 70//70 69//69
f 69//69 121//121 122//122
f 123//123 120//120 70//70
f 122//122 123//123 70//70
f 118//118 92//92 71//71
f 87//87 82//82 72//72
f 124//124 125//125 73//73
f 73//73 126//126 124//124
f 79//79 127//127 73//73
f 127//127 126//126 73//73
f 76//76 73//73 125//125
f 114//114 74//74 75//75
f 114//114 75//75 128//128
f 129//129 75//75 78//78
f 128//128 75//75 129//129
f 125//125 130//130 76//76
f 131//131 76//76 130//130
f 131//131 77//77 76//76
f 77//77 132//132 78//78
f 132//132 77//77 131//131
f 78//78 132//132 133//133
f 134//134 135//135 78//78
f 78//78 133//133 134//134
f 129//129 78//78 135//135
f 136//136 79//79 81//81
f 136//136 127//127 79//79
f 81//81 80//80 137//137
f 81//81 137//137 136//136
f 138//138 137//137 80//80
f 138//138 80//80 139//139
f 80//80 83//83 139//139
f 140//140 82//82 87//87
f 141//141 82//82 140//140
f 82//82 141//141 142//142
f 82//82 142//142 83//83
f 143//143 83//83 142//142
f 139//139 83//83 143//143
f 84//84 111//111 85//85
f 111//111 88//88 85//85
f 144//144 145//145 86//86
f 144//144 86//86 88//88
f 87//87 86//86 145//145
f 140//140 87//87 145//145
f 111//111 146//146 88//88
f 144//144 88//88 146//146
f 91//91 89//89 147//147
f 147//147 89//89 148//148
f 89//89 149//149 148//148
f 89//89 93//93 149//149
f 91//91 150//150 90//90
f 100//100 90//90 150//150
f 151//151 152//152 91//91
f 152//152 150//150 91//91
f 151//151 91//91 153//153
f 147//147 153//153 91//91
f 93//93 92//92 118//118
f 93//93 154//154 149//149
f 154//154 93//93 118//118
f 95//95 94//94 99//99
f 155//155 94//94 96//96
f 99//99 94//94 155//155
f 156//156 155//155 96//96
f 96//96 157//157 156//156
f 158//158 157//157 96//96
f 96//96 97//97 158//158
f 158//158 97//97 159//159
f 160//160 159//159 97//97
f 160//160 97//97 101//101
f 103//103 98//98 99//99
f 105//105 103//103 99//99
f 150//150 102//102 100//100
f 161//161 160//160 101//101
f 102//102 162//162 101//101
f 162//162 161//161 101//101
f 150//150 162//162 102//102
f 106//106 104//104 163//163
f 104//104 105//105 164//164
f 164//164 156//156 104//104
f 104//104 156//156 163//163
f 105//105 99//99 164//164
f 163//163 165//165 106//106
f 166//166 106//106 165//165
f 106//106 166//166 167//167
f 106//106 167//167 168//168
f 168//168 107//107 106//106
f 107//107 168//168 108//108
f 108//108 169//169 170//170
f 168//168 169//169 108//108
f 108//108 170//170 109//109
f 171//171 109//109 170//170
f 171//171 110//110 109//109
f 171//171 172//172 110//110
f 110//110 172//172 173//173
f 173//173 111//111 110//110
f 111//111 173//173 146//146
f 115//115 112//112 113//113
f 174//174 113//113 175//175
f 113//113 174//174 115//115
f 175//175 113//113 114//114
f 175//175 114//114 176//176
f 176//176 114//114 128//128
f 121//121 115//115 174//174
f 117//117 116//116 177//177
f 178//178 179//179 117//117
f 154//154 117//117 179//179
f 117//117 177//177 178//178
f 118//118 117//117 154//154
f 116//116 119//119 177//177
f 120//120 123//123 119//119
f 119//119 180//180 181//181
f 119//119 123//123 182//182
f 183//183 119//119 184//184
f 177//177 119//119 183//183
f 185//185 186//186 119//119
f 119//119 181//181 184//184
f 182//182 185//185 119//119
f 119//119 186//186 180//180
f 187//187 122//122 121//121
f 121//121 188//188 187//187
f 121//121 189//189 188//188
f 175//175 189//189 121//121
f 121//121 174//174 175//175
f 123//123 122//122 190//190
f 190//190 122//122 187//187
f 191//191 123//123 190//190
f 191//191 182//182 123//123
f 192//192 125//125 124//124
f 192//192 130//130 125//125
f 193//193 194//194 124//124
f 193//193 124//124 126//126
f 124//124 194//194 192//192
f 126//126 127//127 193//193
f 127//127 195//195 193//193
f 127//127 136//136 195//195
f 196//196 176//176 128//128
f 197//197 196//196 128//128
f 128//128 198//198 197//197
f 128//128 129//129 198//198
f 198//198 129//129 135//135
f 130//130 199//199 200//200
f 199//199 130//130 192//192
f 200//200 131//131 130//130
f 131//131 133//133 132//132
f 133//133 131//131 200//200
f 133//133 200//200 201//201
f 201//201 202//202 133//133
f 203//203 134//134 133//133
f 203//203 133//133 202//202
f 135//135 134//134 203//203
f 135//135 204//204 198//198
f 205//205 135//135 206//206
f 135//135 203//203 206//206
f 135//135 205//205 204//204
f 207//207 136//136 137//137
f 195//195 136//136 208//208
f 136//136 207//207 209//209
f 209//209 208//208 136//136
f 137//137 138//138 207//207
f 138//138 143//143 210//210
f 209//209 138//138 210//210
f 207//207 138//138 209//209
f 143//143 138//138 139//139
f 145//145 211//211 140//140
f 140//140 212//212 141//141
f 211//211 212//212 140//140
f 141//141 213//213 143//143
f 142//142 141//141 143//143
f 141//141 212//212 213//213
f 143//143 213//213 214//214
f 210//210 143//143 214//214
f 211//211 145//145 144//144
f 144//144 215//215 216//216
f 144//144 216//216 211//211
f 144//144 146//146 215//215
f 217//217 146//146 173//173
f 215//215 146//146 217//217
f 179//179 147//147 148//148
f 179//179 153//153 147//147
f 179//179 148//148 154//154
f 148//148 149//149 154//154
f 162//162 150//150 218//218
f 219//219 218//218 150//150
f 219//219 150//150 152//152
f 220//220 152//152 151//151
f 219//219 152//152 221//221
f 221//221 152//152 222//222
f 223//223 224//224 152//152
f 152//152 224//224 222//222
f 223//223 152//152 220//220
f 153//153 220//220 151//151
f 225//225 153//153 178//178
f 153//153 225//225 220//220
f 178//178 153//153 179//179
f 156//156 99//99 155//155
f 156//156 226//226 227//227
f 227//227 163//163 156//156
f 164//164 99//99 156//156
f 156//156 157//157 226//226
f 157//157 158//158 226//226
f 228//228 226//226 158//158
f 158//158 159//159 228//228
f 229//229 159//159 230//230
f 159//159 231//231 230//230
f 228//228 159//159 229//229
f 159//159 160//160 231//231
f 161//161 231//231 160//160
f 162//162 231//231 161//161
f 232//232 231//231 162//162
f 218//218 233//233 162//162
f 232//232 162//162 233//233
f 227//227 234//234 163//163
f 165//165 163//163 234//234
f 235//235 236//236 165//165
f 237//237 235//235 165//165
f 165//165 238//238 166//166
f 239//239 237//237 165//165
f 165//165 236//236 238//238
f 234//234 239//239 165//165
f 240//240 167//167 166//166
f 166//166 238//238 240//240
f 167//167 241//241 242//242
f 167//167 240//240 241//241
f 167//167 242//242 168//168
f 242//242 243//243 168//168
f 169//169 168//168 243//243
f 169//169 244//244 170//170
f 170//170 244//244 245//245
f 170//170 245//245 171//171
f 246//246 169//169 247//247
f 169//169 248//248 244//244
f 243//243 247//247 169//169
f 169//169 246//246 248//248
f 171//171 249//249 217//217
f 171//171 245//245 250//250
f 217//217 172//172 171//171
f 249//249 171//171 250//250
f 172//172 217//217 173//173
f 175//175 176//176 251//251
f 189//189 175//175 251//251
f 251//251 176//176 196//196
f 178//178 177//177 183//183
f 183//183 225//225 178//178
f 181//181 180//180 252//252
f 253//253 184//184 181//181
f 181//181 254//254 253//253
f 254//254 181//181 252//252
f 255//255 180//180 186//186
f 180//180 255//255 252//252
f 191//191 255//255 182//182
f 182//182 255//255 185//185
f 184//184 256//256 183//183
f 184//184 257//257 258//258
f 258//258 256//256 184//184
f 184//184 253//253 259//259
f 259//259 257//257 184//184
f 225//225 183//183 260//260
f 183//183 261//261 260//260
f 256//256 261//261 183//183
f 185//185 255//255 186//186
f 262//262 187//187 188//188
f 263//263 190//190 187//187
f 187//187 264//264 265//265
f 266//266 187//187 262//262
f 265//265 263//263 187//187
f 264//264 187//187 266//266
f 188//188 267//267 268//268
f 269//269 270//270 188//188
f 188//188 189//189 267//267
f 271//271 188//188 270//270
f 268//268 269//269 188//188
f 271//271 262//262 188//188
f 251//251 267//267 189//189
f 190//190 272//272 191//191
f 272//272 190//190 273//273
f 274//274 273//273 190//190
f 190//190 263//263 274//274
f 272//272 255//255 191//191
f 192//192 194//194 275//275
f 199//199 192//192 275//275
f 194//194 193//193 208//208
f 194//194 208//208 276//276
f 194//194 276//276 275//275
f 195//195 208//208 193//193
f 196//196 197//197 268//268
f 267//267 251//251 196//196
f 268//268 267//267 196//196
f 269//269 268//268 197//197
f 197//197 198//198 277//277
f 269//269 197//197 277//277
f 198//198 278//278 277//277
f 204//204 278//278 198//198
f 199//199 201//201 200//200
f 202//202 199//199 279//279
f 275//275 279//279 199//199
f 202//202 201//201 199//199
f 202//202 206//206 203//203
f 280//280 202//202 279//279
f 202//202 281//281 282//282
f 202//202 283//283 206//206
f 202//202 280//280 281//281
f 283//283 202//202 282//282
f 284//284 204//204 205//205
f 204//204 284//284 285//285
f 278//278 204//204 285//285
f 206//206 283//283 205//205
f 205//205 286//286 284//284
f 287//287 205//205 282//282
f 205//205 283//283 282//282
f 286//286 205//205 287//287
f 208//208 288//288 276//276
f 208//208 209//209 288//288
f 289//289 209//209 290//290
f 209//209 210//210 290//290
f 288//288 209//209 289//289
f 214//214 291//291 210//210
f 210//210 292//292 290//290
f 210//210 291//291 292//292
f 211//211 293//293 212//212
f 293//293 211//211 216//216
f 294//294 295//295 212//212
f 212//212 296//296 294//294
f 296//296 212//212 293//293
f 212//212 295//295 213//213
f 213//213 297//297 298//298
f 213//213 295//295 297//297
f 214//214 213//213 291//291
f 213//213 299//299 300//300
f 213//213 298//298 299//299
f 300//300 291//291 213//213
f 216//216 215//215 301//301
f 302//302 216//216 301//301
f 303//303 304//304 216//216
f 304//304 293//293 216//216
f 216//216 302//302 303//303
f 301//301 215//215 305//305
f 215//215 306//306 305//305
f 217//217 306//306 215//215
f 249//249 306//306 217//217
f 233//233 218//218 219//219
f 233//233 219//219 307//307
f 219//219 221//221 308//308
f 309//309 307//307 219//219
f 219//219 308//308 309//309
f 220//220 310//310 223//223
f 311//311 312//312 220//220
f 220//220 260//260 311//311
f 312//312 310//310 220//220
f 260//260 220//220 225//225
f 222//222 308//308 221//221
f 224//224 308//308 222//222
f 224//224 223//223 310//310
f 313//313 308//308 224//224
f 313//313 224//224 314//314
f 315//315 224//224 312//312
f 315//315 314//314 224//224
f 312//312 224//224 310//310
f 226//226 316//316 227//227
f 227//227 317//317 318//318
f 318//318 234//234 227//227
f 317//317 227//227 316//316
f 226//226 319//319 316//316
f 228//228 319//319 226//226
f 228//228 320//320 319//319
f 320//320 228//228 229//229
f 230//230 321//321 229//229
f 322//322 321//321 230//230
f 323//323 324//324 230//230
f 322//322 230//230 324//324
f 231//231 323//323 230//230
f 229//229 321//321 325//325
f 229//229 325//325 320//320
f 231//231 232//232 326//326
f 326//326 323//323 231//231
f 326//326 232//232 327//327
f 328//328 327//327 232//232
f 232//232 233//233 328//328
f 307//307 328//328 233//233
f 239//239 234//234 318//318
f 236//236 235//235 329//329
f 236//236 330//330 331//331
f 236//236 329//329 332//332
f 330//330 236//236 332//332
f 236//236 331//331 241//241
f 236//236 241//241 238//238
f 329//329 235//235 237//237
f 237//237 239//239 329//329
f 241//241 240//240 238//238
f 239//239 333//333 334//334
f 329//329 239//239 335//335
f 334//334 335//335 239//239
f 318//318 333//333 239//239
f 242//242 241//241 331//331
f 247//247 243//243 242//242
f 331//331 336//336 242//242
f 242//242 336//336 247//247
f 245//245 244//244 337//337
f 244//244 248//248 337//337
f 338//338 339//339 245//245
f 245//245 339//339 340//340
f 245//245 337//337 338//338
f 245//245 340//340 250//250
f 247//247 341//341 246//246
f 336//336 342//342 247//247
f 247//247 342//342 341//341
f 343//343 248//248 246//246
f 246//246 344//344 343//343
f 246//246 345//345 344//344
f 341//341 345//345 246//246
f 343//343 337//337 248//248
f 339//339 249//249 340//340
f 250//250 340//340 249//249
f 346//346 249//249 339//339
f 346//346 306//306 249//249
f 252//252 273//273 254//254
f 255//255 272//272 252//252
f 273//273 252//252 272//272
f 347//347 259//259 253//253
f 347//347 253//253 348//348
f 254//254 348//348 253//253
f 348//348 254//254 273//273
f 258//258 349//349 256//256
f 350//350 256//256 349//349
f 256//256 350//350 261//261
f 257//257 351//351 258//258
f 351//351 349//349 258//258
f 352//352 257//257 259//259
f 353//353 351//351 257//257
f 352//352 353//353 257//257
f 354//354 352//352 259//259
f 259//259 347//347 354//354
f 260//260 350//350 355//355
f 260//260 355//355 311//311
f 261//261 350//350 260//260
f 266//266 262//262 271//271
f 356//356 274//274 263//263
f 263//263 265//265 357//357
f 357//357 356//356 263//263
f 358//358 265//265 264//264
f 357//357 265//265 359//359
f 359//359 265//265 358//358
f 360//360 264//264 266//266
f 361//361 362//362 264//264
f 264//264 363//363 364//364
f 360//360 363//363 264//264
f 264//264 364//364 361//361
f 358//358 264//264 362//362
f 271//271 270//270 266//266
f 266//266 270//270 360//360
f 269//269 365//365 270//270
f 366//366 367//367 270//270
f 270//270 365//365 366//366
f 360//360 270//270 367//367
f 365//365 269//269 277//277
f 348//348 273//273 368//368
f 273//273 369//369 368//368
f 369//369 273//273 274//274
f 370//370 274//274 356//356
f 369//369 274//274 370//370
f 275//275 276//276 371//371
f 279//279 275//275 371//371
f 276//276 372//372 371//371
f 276//276 288//288 372//372
f 277//277 373//373 374//374
f 277//277 278//278 373//373
f 365//365 277//277 374//374
f 373//373 278//278 375//375
f 278//278 285//285 376//376
f 376//376 375//375 278//278
f 279//279 377//377 378//378
f 378//378 280//280 279//279
f 377//377 279//279 371//371
f 378//378 379//379 280//280
f 380//380 381//381 280//280
f 280//280 381//381 281//281
f 280//280 379//379 380//380
f 281//281 382//382 282//282
f 383//383 282//282 382//382
f 383//383 287//287 282//282
f 281//281 381//381 382//382
f 384//384 284//284 286//286
f 285//285 284//284 384//384
f 385//385 285//285 384//384
f 285//285 386//386 376//376
f 386//386 285//285 385//385
f 387//387 384//384 286//286
f 286//286 287//287 387//387
f 388//388 387//387 287//287
f 287//287 383//383 389//389
f 287//287 390//390 388//388
f 390//390 287//287 389//389
f 391//391 288//288 289//289
f 372//372 288//288 391//391
f 392//392 289//289 290//290
f 290//290 292//292 393//393
f 290//290 393//393 394//394
f 290//290 394//394 392//392
f 392//392 395//395 289//289
f 289//289 395//395 391//391
f 292//292 291//291 396//396
f 396//396 291//291 300//300
f 292//292 396//396 393//393
f 397//397 296//296 293//293
f 293//293 304//304 397//397
f 398//398 295//295 294//294
f 399//399 297//297 295//295
f 295//295 398//398 399//399
f 294//294 296//296 398//398
f 296//296 400//400 398//398
f 397//397 400//400 296//296
f 298//298 297//297 399//399
f 298//298 399//399 401//401
f 298//298 401//401 402//402
f 299//299 298//298 402//402
f 300//300 299//299 403//403
f 396//396 300//300 403//403
f 403//403 299//299 402//402
f 301//301 305//305 404//404
f 301//301 404//404 302//302
f 404//404 405//405 302//302
f 302//302 405//405 406//406
f 303//303 302//302 407//407
f 407//407 302//302 406//406
f 303//303 407//407 304//304
f 406//406 408//408 304//304
f 304//304 407//407 406//406
f 304//304 408//408 409//409
f 409//409 397//397 304//304
f 305//305 306//306 346//346
f 410//410 411//411 305//305
f 305//305 346//346 410//410
f 305//305 411//411 404//404
f 412//412 328//328 307//307
f 309//309 412//412 307//307
f 308//308 413//413 414//414
f 414//414 309//309 308//308
f 308//308 313//313 413//413
f 414//414 412//412 309//309
f 311//311 415//415 312//312
f 415//415 416//416 312//312
f 315//315 312//312 416//416
f 311//311 417//417 415//415
f 355//355 417//417 311//311
f 418//418 419//419 313//313
f 313//313 420//420 418//418
f 419//419 413//413 313//313
f 421//421 422//422 313//313
f 313//313 314//314 421//421
f 313//313 422//422 420//420
f 423//423 421//421 314//314
f 423//423 314//314 315//315
f 423//423 315//315 416//416
f 319//319 317//317 316//316
f 320//320 318//318 319//319
f 317//317 319//319 318//318
f 333//333 318//318 320//320
f 320//320 325//325 333//333
f 321//321 322//322 424//424
f 424//424 425//425 321//321
f 321//321 426//426 427//427
f 425//425 426//426 321//321
f 321//321 427//427 325//325
f 322//322 324//324 428//428
f 428//428 424//424 322//322
f 326//326 324//324 323//323
f 324//324 326//326 428//428
f 427//427 429//429 325//325
f 430//430 325//325 429//429
f 430//430 333//333 325//325
f 431//431 432//432 326//326
f 326//326 433//433 431//431
f 326//326 432//432 434//434
f 434//434 428//428 326//326
f 327//327 433//433 326//326
f 433//433 327//327 435//435
f 327//327 328//328 435//435
f 412//412 435//435 328//328
f 331//331 330//330 436//436
f 331//331 436//436 336//336
f 330//330 437//437 438//438
f 437//437 330//330 439//439
f 330//330 440//440 436//436
f 330//330 438//438 440//440
f 332//332 439//439 330//330
f 439//439 332//332 441//441
f 332//332 329//329 441//441
f 333//333 430//430 334//334
f 334//334 430//430 442//442
f 334//334 443//443 444//444
f 442//442 443//443 334//334
f 444//444 335//335 334//334
f 445//445 329//329 335//335
f 444//444 445//445 335//335
f 446//446 336//336 447//447
f 336//336 436//436 447//447
f 336//336 446//446 342//342
f 343//343 338//338 337//337
f 448//448 339//339 338//338
f 339//339 448//448 346//346
f 343//343 449//449 338//338
f 450//450 338//338 449//449
f 448//448 338//338 450//450
f 342//342 446//446 341//341
f 345//345 341//341 451//451
f 341//341 447//447 451//451
f 341//341 446//446 447//447
f 344//344 449//449 343//343
f 344//344 452//452 453//453
f 345//345 452//452 344//344
f 344//344 454//454 449//449
f 453//453 454//454 344//344
f 451//451 455//455 345//345
f 345//345 455//455 452//452
f 346//346 448//448 456//456
f 457//457 410//410 346//346
f 456//456 457//457 346//346
f 458//458 347//347 368//368
f 347//347 459//459 354//354
f 460//460 459//459 347//347
f 458//458 460//460 347//347
f 368//368 347//347 348//348
f 349//349 351//351 461//461
f 417//417 355//355 349//349
f 349//349 415//415 417//417
f 349//349 355//355 350//350
f 461//461 415//415 349//349
f 462//462 351//351 463//463
f 351//351 462//462 461//461
f 463//463 351//351 353//353
f 464//464 352//352 354//354
f 464//464 353//353 352//352
f 353//353 464//464 463//463
f 354//354 459//459 464//464
f 465//465 356//356 357//357
f 465//465 370//370 356//356
f 357//357 466//466 465//465
f 466//466 357//357 359//359
f 359//359 358//358 467//467
f 358//358 362//362 467//467
f 466//466 359//359 468//468
f 467//467 468//468 359//359
f 363//363 360//360 367//367
f 362//362 361//361 469//469
f 467//467 362//362 469//469
f 364//364 470//470 361//361
f 470//470 469//469 361//361
f 364//364 363//363 471//471
f 364//364 471//471 472//472
f 470//470 364//364 472//472
f 363//363 367//367 471//471
f 374//374 366//366 365//365
f 367//367 366//366 374//374
f 367//367 374//374 473//473
f 473//473 471//471 367//367
f 368//368 474//474 458//458
f 475//475 474//474 368//368
f 475//475 368//368 369//369
f 369//369 370//370 476//476
f 369//369 476//476 475//475
f 370//370 465//465 476//476
f 371//371 372//372 477//477
f 371//371 477//477 478//478
f 478//478 377//377 371//371
f 479//479 477//477 372//372
f 372//372 391//391 479//479
f 473//473 374//374 373//373
f 373//373 375//375 480//480
f 473//473 373//373 481//481
f 481//481 373//373 480//480
f 375//375 376//376 482//482
f 480//480 375//375 482//482
f 482//482 376//376 386//386
f 378//378 377//377 478//478
f 379//379 378//378 478//478
f 380//380 379//379 478//478
f 381//381 380//380 483//483
f 382//382 381//381 484//484
f 483//483 484//484 381//381
f 485//485 380//380 478//478
f 380//380 485//485 483//483
f 382//382 484//484 486//486
f 383//383 382//382 486//486
f 486//486 487//487 383//383
f 488//488 389//389 383//383
f 383//383 487//487 489//489
f 489//489 488//488 383//383
f 385//385 384//384 387//387
f 388//388 385//385 387//387
f 386//386 385//385 388//388
f 386//386 390//390 490//490
f 386//386 388//388 390//390
f 490//490 491//491 386//386
f 492//492 386//386 491//491
f 482//482 386//386 492//492
f 493//493 389//389 488//488
f 389//389 493//493 390//390
f 490//490 390//390 493//493
f 494//494 391//391 395//395
f 479//479 391//391 494//494
f 392//392 394//394 495//495
f 392//392 495//495 494//494
f 395//395 392//392 494//494
f 496//496 393//393 396//396
f 393//393 496//496 394//394
f 497//497 495//495 394//394
f 394//394 496//496 497//497
f 396//396 403//403 496//496
f 409//409 400//400 397//397
f 398//398 400//400 409//409
f 398//398 409//409 498//498
f 499//499 399//399 398//398
f 398//398 498//498 499//499
f 401//401 399//399 499//499
f 500//500 401//401 499//499
f 501//501 502//502 401//401
f 502//502 402//402 401//401
f 501//501 401//401 500//500
f 402//402 503//503 403//403
f 402//402 502//502 503//503
f 403//403 504//504 496//496
f 403//403 503//503 504//504
f 505//505 405//405 404//404
f 411//411 505//505 404//404
f 405//405 505//505 506//506
f 405//405 506//506 406//406
f 506//506 507//507 406//406
f 406//406 507//507 508//508
f 406//406 508//508 509//509
f 406//406 509//509 408//408
f 510//510 409//409 408//408
f 408//408 509//509 510//510
f 409//409 510//510 498//498
f 411//411 410//410 511//511
f 511//511 512//512 411//411
f 411//411 512//512 513//513
f 411//411 513//513 505//505
f 514//514 511//511 410//410
f 457//457 514//514 410//410
f 413//413 515//515 414//414
f 515//515 412//412 414//414
f 413//413 419//419 516//516
f 515//515 413//413 516//516
f 517//517 416//416 415//415
f 461//461 517//517 415//415
f 423//423 416//416 517//517
f 418//418 518//518 419//419
f 419//419 518//518 516//516
f 518//518 418//418 420//420
f 519//519 516//516 420//420
f 520//520 519//519 420//420
f 518//518 420//420 516//516
f 420//420 521//521 520//520
f 420//420 522//522 521//521
f 522//522 420//420 422//422
f 421//421 423//423 422//422
f 522//522 422//422 523//523
f 524//524 525//525 422//422
f 422//422 526//526 524//524
f 525//525 523//523 422//422
f 526//526 422//422 517//517
f 517//517 422//422 423//423
f 424//424 527//527 425//425
f 528//528 527//527 424//424
f 428//428 528//528 424//424
f 425//425 529//529 426//426
f 425//425 527//527 530//530
f 530//530 529//529 425//425
f 531//531 427//427 426//426
f 427//427 531//531 442//442
f 442//442 429//429 427//427
f 426//426 529//529 532//532
f 426//426 533//533 531//531
f 426//426 532//532 534//534
f 534//534 533//533 426//426
f 428//428 434//434 528//528
f 429//429 442//442 430//430
f 432//432 431//431 535//535
f 535//535 536//536 432//432
f 432//432 537//537 434//434
f 536//536 538//538 432//432
f 432//432 538//538 537//537
f 431//431 539//539 535//535
f 433//433 540//540 431//431
f 539//539 431//431 541//541
f 431//431 540//540 541//541
f 542//542 543//543 433//433
f 543//543 541//541 433//433
f 433//433 435//435 542//542
f 433//433 541//541 540//540
f 544//544 528//528 434//434
f 537//537 544//544 434//434
f 435//435 412//412 542//542
f 441//441 329//329 445//445
f 436//436 440//440 447//447
f 437//437 545//545 438//438
f 438//438 545//545 546//546
f 438//438 546//546 440//440
f 545//545 437//437 547//547
f 437//437 439//439 443//443
f 547//547 437//437 443//443
f 439//439 444//444 443//443
f 439//439 441//441 445//445
f 445//445 444//444 439//439
f 440//440 548//548 549//549
f 440//440 546//546 548//548
f 549//549 447//447 440//440
f 442//442 550//550 443//443
f 531//531 550//550 442//442
f 443//443 550//550 547//547
f 551//551 552//552 447//447
f 549//549 553//553 447//447
f 447//447 553//553 551//551
f 552//552 451//451 447//447
f 456//456 448//448 450//450
f 554//554 456//456 449//449
f 449//449 454//454 554//554
f 449//449 456//456 450//450
f 451//451 552//552 555//555
f 555//555 556//556 451//451
f 451//451 556//556 455//455
f 557//557 453//453 452//452
f 453//453 557//557 558//558
f 558//558 559//559 453//453
f 454//454 453//453 559//559
f 452//452 455//455 557//557
f 454//454 559//559 560//560
f 454//454 560//560 554//554
f 556//556 561//561 455//455
f 455//455 561//561 557//557
f 456//456 554//554 562//562
f 456//456 562//562 457//457
f 514//514 457//457 562//562
f 563//563 564//564 458//458
f 458//458 564//564 460//460
f 563//563 458//458 565//565
f 565//565 458//458 474//474
f 566//566 464//464 459//459
f 567//567 459//459 460//460
f 459//459 567//567 568//568
f 568//568 566//566 459//459
f 567//567 460//460 564//564
f 517//517 461//461 462//462
f 463//463 569//569 462//462
f 463//463 570//570 571//571
f 463//463 571//571 572//572
f 572//572 569//569 463//463
f 570//570 463//463 464//464
f 526//526 517//517 462//462
f 569//569 526//526 462//462
f 464//464 573//573 574//574
f 574//574 570//570 464//464
f 464//464 566//566 575//575
f 464//464 575//575 573//573
f 476//476 465//465 466//466
f 468//468 476//476 466//466
f 576//576 468//468 467//467
f 577//577 467//467 578//578
f 467//467 469//469 579//579
f 578//578 467//467 579//579
f 576//576 467//467 577//577
f 476//476 468//468 580//580
f 581//581 468//468 582//582
f 583//583 580//580 468//468
f 468//468 581//581 583//583
f 582//582 468//468 576//576
f 469//469 584//584 585//585
f 469//469 470//470 472//472
f 472//472 584//584 469//469
f 579//579 469//469 585//585
f 586//586 471//471 473//473
f 586//586 587//587 471//471
f 471//471 587//587 472//472
f 588//588 472//472 587//587
f 472//472 588//588 584//584
f 481//481 586//586 473//473
f 565//565 474//474 475//475
f 476//476 565//565 475//475
f 589//589 590//590 476//476
f 590//590 565//565 476//476
f 580//580 589//589 476//476
f 477//477 479//479 591//591
f 592//592 477//477 593//593
f 477//477 592//592 594//594
f 478//478 477//477 594//594
f 477//477 591//591 593//593
f 594//594 595//595 478//478
f 485//485 478//478 595//595
f 494//494 596//596 479//479
f 591//591 479//479 596//596
f 597//597 480//480 598//598
f 599//599 598//598 480//480
f 481//481 480//480 597//597
f 480//480 482//482 599//599
f 597//597 587//587 481//481
f 587//587 586//586 481//481
f 600//600 599//599 482//482
f 600//600 482//482 492//492
f 484//484 483//483 601//601
f 602//602 603//603 483//483
f 604//604 483//483 485//485
f 483//483 604//604 605//605
f 605//605 602//602 483//483
f 603//603 601//601 483//483
f 486//486 484//484 601//601
f 595//595 606//606 485//485
f 604//604 485//485 607//607
f 606//606 607//607 485//485
f 486//486 601//601 608//608
f 486//486 608//608 609//609
f 487//487 486//486 609//609
f 487//487 609//609 489//489
f 610//610 488//488 489//489
f 611//611 488//488 610//610
f 493//493 488//488 612//612
f 488//488 611//611 612//612
f 489//489 609//609 610//610
f 490//490 493//493 613//613
f 491//491 490//490 613//613
f 491//491 613//613 614//614
f 492//492 491//491 614//614
f 615//615 616//616 492//492
f 492//492 616//616 600//600
f 614//614 615//615 492//492
f 613//613 493//493 612//612
f 617//617 494//494 495//495
f 618//618 494//494 617//617
f 596//596 494//494 618//618
f 619//619 495//495 497//497
f 495//495 619//619 617//617
f 620//620 496//496 621//621
f 621//621 496//496 504//504
f 496//496 620//620 497//497
f 497//497 622//622 619//619
f 497//497 620//620 622//622
f 498//498 510//510 623//623
f 623//623 499//499 498//498
f 499//499 623//623 500//500
f 500//500 624//624 625//625
f 623//623 626//626 500//500
f 500//500 626//626 624//624
f 500//500 627//627 501//501
f 500//500 625//625 627//627
f 628//628 502//502 501//501
f 502//502 628//628 504//504
f 504//504 503//503 502//502
f 501//501 627//627 629//629
f 629//629 628//628 501//501
f 630//630 631//631 504//504
f 504//504 628//628 630//630
f 504//504 631//631 621//621
f 513//513 506//506 505//505
f 507//507 506//506 513//513
f 513//513 632//632 507//507
f 632//632 508//508 507//507
f 509//509 508//508 632//632
f 632//632 510//510 509//509
f 624//624 626//626 510//510
f 632//632 633//633 510//510
f 634//634 510//510 633//633
f 510//510 635//635 624//624
f 626//626 623//623 510//510
f 510//510 634//634 635//635
f 636//636 512//512 511//511
f 637//637 511//511 514//514
f 511//511 637//637 636//636
f 512//512 636//636 513//513
f 513//513 638//638 639//639
f 513//513 640//640 638//638
f 641//641 632//632 513//513
f 513//513 639//639 641//641
f 636//636 640//640 513//513
f 514//514 642//642 643//643
f 644//644 645//645 514//514
f 644//644 514//514 643//643
f 562//562 642//642 514//514
f 514//514 645//645 637//637
f 515//515 543//543 412//412
f 412//412 543//543 542//542
f 646//646 543//543 515//515
f 516//516 646//646 515//515
f 646//646 516//516 647//647
f 648//648 649//649 516//516
f 516//516 649//649 650//650
f 650//650 647//647 516//516
f 519//519 648//648 516//516
f 519//519 651//651 652//652
f 519//519 653//653 654//654
f 652//652 655//655 519//519
f 519//519 655//655 653//653
f 656//656 519//519 520//520
f 651//651 519//519 656//656
f 519//519 654//654 648//648
f 520//520 521//521 656//656
f 522//522 657//657 521//521
f 656//656 521//521 657//657
f 523//523 657//657 522//522
f 525//525 658//658 523//523
f 523//523 658//658 657//657
f 659//659 525//525 524//524
f 660//660 661//661 525//525
f 661//661 662//662 525//525
f 525//525 659//659 660//660
f 662//662 658//658 525//525
f 663//663 524//524 526//526
f 524//524 663//663 659//659
f 569//569 663//663 526//526
f 528//528 530//530 527//527
f 530//530 528//528 544//544
f 664//664 532//532 529//529
f 529//529 665//665 664//664
f 544//544 665//665 529//529
f 544//544 529//529 530//530
f 533//533 550//550 531//531
f 666//666 532//532 667//667
f 664//664 667//667 532//532
f 532//532 666//666 534//534
f 550//550 533//533 668//668
f 533//533 669//669 668//668
f 669//669 533//533 534//534
f 670//670 534//534 666//666
f 534//534 670//670 669//669
f 535//535 671//671 536//536
f 535//535 672//672 671//671
f 539//539 673//673 535//535
f 672//672 535//535 674//674
f 535//535 675//675 674//674
f 535//535 676//676 677//677
f 676//676 535//535 673//673
f 675//675 535//535 677//677
f 678//678 538//538 536//536
f 671//671 678//678 536//536
f 537//537 679//679 544//544
f 538//538 678//678 537//537
f 679//679 537//537 678//678
f 680//680 673//673 539//539
f 680//680 539//539 541//541
f 680//680 541//541 543//543
f 543//543 676//676 681//681
f 681//681 682//682 543//543
f 543//543 646//646 676//676
f 543//543 682//682 680//680
f 544//544 679//679 665//665
f 683//683 546//546 545//545
f 684//684 683//683 545//545
f 684//684 545//545 547//547
f 546//546 683//683 685//685
f 686//686 546//546 685//685
f 546//546 686//686 548//548
f 687//687 688//688 547//547
f 550//550 689//689 547//547
f 547//547 689//689 690//690
f 690//690 687//687 547//547
f 547//547 688//688 684//684
f 686//686 549//549 548//548
f 691//691 692//692 549//549
f 686//686 691//691 549//549
f 549//549 693//693 553//553
f 692//692 693//693 549//549
f 668//668 689//689 550//550
f 551//551 555//555 552//552
f 551//551 694//694 695//695
f 695//695 696//696 551//551
f 694//694 551//551 553//553
f 551//551 696//696 556//556
f 551//551 556//556 555//555
f 692//692 697//697 553//553
f 553//553 698//698 694//694
f 697//697 698//698 553//553
f 553//553 693//693 692//692
f 562//562 554//554 560//560
f 556//556 696//696 561//561
f 696//696 695//695 557//557
f 699//699 557//557 695//695
f 557//557 561//561 696//696
f 557//557 699//699 558//558
f 699//699 700//700 558//558
f 701//701 702//702 558//558
f 558//558 702//702 559//559
f 558//558 700//700 701//701
f 702//702 560//560 559//559
f 560//560 702//702 562//562
f 562//562 701//701 642//642
f 702//702 701//701 562//562
f 564//564 563//563 703//703
f 564//564 704//704 705//705
f 705//705 567//567 564//564
f 564//564 706//706 704//704
f 564//564 703//703 706//706
f 563//563 565//565 707//707
f 703//703 563//563 707//707
f 708//708 707//707 565//565
f 709//709 708//708 565//565
f 565//565 590//590 709//709
f 575//575 566//566 568//568
f 567//567 705//705 568//568
f 575//575 568//568 710//710
f 710//710 568//568 705//705
f 711//711 663//663 569//569
f 712//712 711//711 569//569
f 572//572 712//712 569//569
f 574//574 571//571 570//570
f 712//712 572//572 571//571
f 571//571 574//574 712//712
f 574//574 573//573 713//713
f 713//713 712//712 574//574
f 713//713 573//573 714//714
f 714//714 573//573 575//575
f 710//710 714//714 575//575
f 577//577 582//582 576//576
f 715//715 577//577 578//578
f 716//716 578//578 717//717
f 718//718 717//717 578//578
f 578//578 579//579 718//718
f 715//715 578//578 716//716
f 577//577 719//719 582//582
f 719//719 577//577 720//720
f 715//715 720//720 577//577
f 721//721 718//718 579//579
f 579//579 585//585 721//721
f 583//583 589//589 580//580
f 582//582 722//722 581//581
f 722//722 582//582 719//719
f 723//723 581//581 724//724
f 583//583 581//581 723//723
f 725//725 724//724 581//581
f 581//581 726//726 725//725
f 722//722 726//726 581//581
f 583//583 727//727 589//589
f 727//727 583//583 723//723
f 585//585 584//584 728//728
f 728//728 729//729 585//585
f 729//729 721//721 585//585
f 588//588 730//730 584//584
f 728//728 584//584 730//730
f 597//597 731//731 587//587
f 587//587 732//732 588//588
f 732//732 587//587 731//731
f 588//588 732//732 730//730
f 727//727 590//590 589//589
f 709//709 590//590 733//733
f 733//733 590//590 727//727
f 596//596 618//618 591//591
f 618//618 593//593 591//591
f 592//592 593//593 734//734
f 593//593 735//735 734//734
f 593//593 618//618 736//736
f 737//737 738//738 593//593
f 593//593 736//736 737//737
f 735//735 593//593 738//738
f 734//734 594//594 592//592
f 594//594 734//734 739//739
f 739//739 595//595 594//594
f 595//595 739//739 740//740
f 740//740 606//606 595//595
f 598//598 741//741 597//597
f 598//598 599//599 742//742
f 598//598 743//743 744//744
f 741//741 598//598 744//744
f 743//743 598//598 742//742
f 745//745 597//597 741//741
f 731//731 597//597 746//746
f 746//746 597//597 747//747
f 747//747 597//597 745//745
f 748//748 742//742 599//599
f 599//599 600//600 748//748
f 749//749 600//600 616//616
f 600//600 749//749 750//750
f 748//748 600//600 751//751
f 750//750 751//751 600//600
f 601//601 603//603 608//608
f 752//752 603//603 602//602
f 752//752 608//608 603//603
f 602//602 605//605 753//753
f 753//753 752//752 602//602
f 604//604 607//607 754//754
f 754//754 605//605 604//604
f 753//753 605//605 754//754
f 606//606 755//755 756//756
f 756//756 607//607 606//606
f 606//606 740//740 755//755
f 754//754 607//607 756//756
f 609//609 608//608 757//757
f 608//608 752//752 757//757
f 609//609 757//757 610//610
f 758//758 610//610 757//757
f 610//610 759//759 760//760
f 610//610 758//758 759//759
f 610//610 760//760 611//611
f 612//612 611//611 761//761
f 761//761 611//611 760//760
f 762//762 612//612 761//761
f 612//612 762//762 613//613
f 763//763 613//613 762//762
f 614//614 613//613 763//763
f 764//764 614//614 763//763
f 765//765 614//614 764//764
f 614//614 765//765 615//615
f 616//616 615//615 766//766
f 749//749 616//616 766//766
f 767//767 766//766 615//615
f 767//767 615//615 765//765
f 617//617 619//619 768//768
f 618//618 617//617 769//769
f 769//769 617//617 768//768
f 618//618 769//769 736//736
f 619//619 622//622 770//770
f 619//619 770//770 768//768
f 621//621 771//771 620//620
f 771//771 621//621 631//631
f 622//622 620//620 770//770
f 770//770 620//620 772//772
f 620//620 771//771 772//772
f 624//624 773//773 625//625
f 773//773 774//774 625//625
f 625//625 774//774 627//627
f 773//773 624//624 775//775
f 635//635 775//775 624//624
f 627//627 774//774 776//776
f 627//627 776//776 629//629
f 630//630 628//628 629//629
f 777//777 629//629 778//778
f 629//629 776//776 778//778
f 779//779 629//629 777//777
f 630//630 629//629 779//779
f 631//631 630//630 779//779
f 771//771 631//631 779//779
f 633//633 632//632 641//641
f 641//641 780//780 633//633
f 781//781 633//633 780//780
f 781//781 782//782 633//633
f 633//633 782//782 783//783
f 633//633 783//783 634//634
f 775//775 635//635 634//634
f 634//634 783//783 775//775
f 784//784 785//785 636//636
f 637//637 784//784 636//636
f 636//636 785//785 786//786
f 786//786 640//640 636//636
f 787//787 784//784 637//637
f 787//787 637//637 788//788
f 788//788 637//637 645//645
f 638//638 789//789 639//639
f 780//780 641//641 639//639
f 780//780 639//639 789//789
f 638//638 786//786 790//790
f 638//638 790//790 791//791
f 786//786 638//638 640//640
f 789//789 638//638 791//791
f 792//792 643//643 642//642
f 792//792 793//793 643//643
f 643//643 793//793 644//644
f 794//794 795//795 642//642
f 792//792 642//642 795//795
f 701//701 794//794 642//642
f 644//644 788//788 645//645
f 644//644 793//793 796//796
f 796//796 788//788 644//644
f 646//646 647//647 676//676
f 647//647 797//797 676//676
f 650//650 797//797 647//647
f 798//798 649//649 648//648
f 649//649 799//799 797//797
f 649//649 797//797 650//650
f 798//798 799//799 649//649
f 654//654 798//798 648//648
f 800//800 652//652 651//651
f 655//655 652//652 801//801
f 802//802 801//801 652//652
f 803//803 802//802 652//652
f 800//800 803//803 652//652
f 800//800 651//651 804//804
f 804//804 651//651 656//656
f 805//805 654//654 653//653
f 805//805 797//797 654//654
f 799//799 798//798 654//654
f 799//799 654//654 797//797
f 653//653 806//806 805//805
f 807//807 806//806 653//653
f 655//655 807//807 653//653
f 807//807 655//655 801//801
f 656//656 808//808 804//804
f 808//808 656//656 809//809
f 656//656 657//657 658//658
f 809//809 656//656 658//658
f 658//658 662//662 809//809
f 659//659 810//810 660//660
f 663//663 711//711 659//659
f 712//712 659//659 711//711
f 810//810 659//659 712//712
f 768//768 661//661 660//660
f 770//770 662//662 661//661
f 770//770 661//661 768//768
f 768//768 660//660 810//810
f 811//811 662//662 770//770
f 662//662 811//811 809//809
f 664//664 812//812 667//667
f 665//665 812//812 664//664
f 679//679 812//812 665//665
f 666//666 667//667 813//813
f 812//812 814//814 667//667
f 667//667 814//814 813//813
f 813//813 670//670 666//666
f 669//669 815//815 668//668
f 815//815 689//689 668//668
f 816//816 815//815 669//669
f 670//670 816//816 669//669
f 817//817 818//818 670//670
f 813//813 819//819 670//670
f 818//818 816//816 670//670
f 819//819 817//817 670//670
f 678//678 671//671 820//820
f 821//821 820//820 671//671
f 672//672 821//821 671//671
f 822//822 821//821 672//672
f 672//672 823//823 822//822
f 824//824 672//672 674//674
f 824//824 823//823 672//672
f 682//682 825//825 673//673
f 680//680 682//682 673//673
f 825//825 676//676 673//673
f 826//826 824//824 674//674
f 674//674 827//827 828//828
f 829//829 827//827 674//674
f 675//675 829//829 674//674
f 674//674 828//828 826//826
f 830//830 829//829 675//675
f 675//675 677//677 831//831
f 831//831 830//830 675//675
f 831//831 677//677 676//676
f 825//825 681//681 676//676
f 676//676 797//797 831//831
f 820//820 679//679 678//678
f 832//832 833//833 679//679
f 833//833 812//812 679//679
f 679//679 820//820 832//832
f 681//681 825//825 682//682
f 834//834 685//685 683//683
f 835//835 683//683 836//836
f 683//683 835//835 834//834
f 684//684 836//836 683//683
f 836//836 684//684 835//835
f 835//835 684//684 688//688
f 834//834 837//837 685//685
f 685//685 838//838 839//839
f 837//837 838//838 685//685
f 685//685 839//839 691//691
f 685//685 691//691 686//686
f 688//688 687//687 840//840
f 841//841 842//842 688//688
f 688//688 840//840 843//843
f 843//843 844//844 688//688
f 688//688 842//842 845//845
f 688//688 845//845 835//835
f 688//688 844//844 841//841
f 840//840 687//687 690//690
f 815//815 690//690 689//689
f 690//690 846//846 840//840
f 847//847 690//690 815//815
f 847//847 846//846 690//690
f 848//848 692//692 691//691
f 848//848 849//849 692//692
f 849//849 850//850 692//692
f 692//692 850//850 851//851
f 692//692 851//851 697//697
f 691//691 839//839 852//852
f 853//853 848//848 691//691
f 691//691 852//852 853//853
f 854//854 695//695 694//694
f 695//695 855//855 699//699
f 695//695 854//854 855//855
f 854//854 694//694 698//698
f 698//698 697//697 856//856
f 851//851 856//856 697//697
f 698//698 856//856 854//854
f 857//857 858//858 699//699
f 859//859 857//857 699//699
f 860//860 699//699 855//855
f 861//861 700//700 699//699
f 699//699 858//858 861//861
f 859//859 699//699 860//860
f 700//700 794//794 701//701
f 700//700 861//861 794//794
f 706//706 703//703 862//862
f 703//703 707//707 708//708
f 862//862 703//703 708//708
f 863//863 705//705 704//704
f 863//863 864//864 705//705
f 710//710 705//705 864//864
f 865//865 866//866 704//704
f 866//866 863//863 704//704
f 865//865 704//704 706//706
f 867//867 865//865 706//706
f 867//867 706//706 868//868
f 868//868 706//706 862//862
f 869//869 708//708 709//709
f 870//870 708//708 869//869
f 708//708 870//870 862//862
f 869//869 709//709 871//871
f 733//733 871//871 709//709
f 872//872 714//714 710//710
f 864//864 872//872 710//710
f 713//713 810//810 712//712
f 873//873 713//713 714//714
f 874//874 810//810 713//713
f 873//873 875//875 713//713
f 874//874 713//713 875//875
f 873//873 714//714 876//876
f 714//714 877//877 876//876
f 866//866 877//877 714//714
f 863//863 714//714 872//872
f 863//863 866//866 714//714
f 715//715 878//878 720//720
f 879//879 878//878 715//715
f 880//880 715//715 716//716
f 880//880 881//881 715//715
f 715//715 881//881 879//879
f 716//716 717//717 880//880
f 882//882 717//717 718//718
f 883//883 717//717 882//882
f 717//717 884//884 880//880
f 884//884 717//717 883//883
f 721//721 885//885 718//718
f 885//885 886//886 718//718
f 887//887 718//718 886//886
f 888//888 718//718 887//887
f 882//882 718//718 888//888
f 889//889 722//722 719//719
f 890//890 719//719 720//720
f 719//719 890//890 889//889
f 891//891 890//890 720//720
f 720//720 878//878 892//892
f 892//892 891//891 720//720
f 721//721 729//729 885//885
f 722//722 893//893 726//726
f 893//893 722//722 889//889
f 894//894 723//723 724//724
f 894//894 724//724 895//895
f 895//895 724//724 725//725
f 896//896 727//727 723//723
f 896//896 723//723 894//894
f 725//725 726//726 897//897
f 898//898 895//895 725//725
f 899//899 725//725 897//897
f 899//899 898//898 725//725
f 897//897 726//726 893//893
f 900//900 733//733 727//727
f 727//727 896//896 901//901
f 901//901 900//900 727//727
f 728//728 902//902 729//729
f 903//903 728//728 730//730
f 902//902 728//728 903//903
f 904//904 729//729 902//902
f 729//729 904//904 885//885
f 730//730 732//732 903//903
f 746//746 732//732 731//731
f 903//903 732//732 746//746
f 900//900 871//871 733//733
f 734//734 735//735 905//905
f 905//905 739//739 734//734
f 906//906 735//735 738//738
f 905//905 735//735 906//906
f 907//907 736//736 769//769
f 737//737 736//736 907//907
f 738//738 737//737 908//908
f 909//909 738//738 910//910
f 908//908 910//910 738//738
f 911//911 906//906 738//738
f 738//738 909//909 911//911
f 908//908 737//737 907//907
f 912//912 739//739 913//913
f 739//739 905//905 913//913
f 740//740 739//739 912//912
f 740//740 914//914 915//915
f 755//755 740//740 915//915
f 740//740 912//912 914//914
f 745//745 741//741 744//744
f 743//743 742//742 748//748
f 916//916 745//745 744//744
f 744//744 743//743 748//748
f 916//916 744//744 748//748
f 745//745 917//917 918//918
f 919//919 917//917 745//745
f 920//920 747//747 745//745
f 745//745 916//916 921//921
f 745//745 922//922 919//919
f 918//918 920//920 745//745
f 921//921 923//923 745//745
f 745//745 924//924 922//922
f 745//745 925//925 924//924
f 925//925 745//745 923//923
f 746//746 926//926 903//903
f 746//746 747//747 920//920
f 746//746 920//920 918//918
f 746//746 918//918 926//926
f 748//748 751//751 916//916
f 766//766 927//927 749//749
f 927//927 750//750 749//749
f 750//750 927//927 928//928
f 751//751 750//750 928//928
f 928//928 921//921 751//751
f 751//751 921//921 916//916
f 929//929 752//752 753//753
f 930//930 757//757 752//752
f 929//929 930//930 752//752
f 753//753 931//931 929//929
f 753//753 754//754 932//932
f 932//932 931//931 753//753
f 933//933 932//932 754//754
f 754//754 756//756 934//934
f 754//754 935//935 936//936
f 934//934 935//935 754//754
f 754//754 936//936 933//933
f 937//937 756//756 755//755
f 937//937 934//934 756//756
f 915//915 938//938 755//755
f 939//939 755//755 938//938
f 755//755 939//939 937//937
f 940//940 757//757 930//930
f 757//757 940//940 758//758
f 758//758 940//940 941//941
f 941//941 759//759 758//758
f 760//760 759//759 942//942
f 943//943 761//761 760//760
f 760//760 942//942 943//943
f 941//941 942//942 759//759
f 944//944 761//761 945//945
f 944//944 762//762 761//761
f 761//761 943//943 945//945
f 762//762 944//944 763//763
f 764//764 763//763 946//946
f 947//947 763//763 944//944
f 763//763 947//947 946//946
f 765//765 764//764 948//948
f 948//948 764//764 946//946
f 765//765 948//948 949//949
f 765//765 949//949 767//767
f 950//950 766//766 767//767
f 950//950 927//927 766//766
f 949//949 951//951 767//767
f 951//951 952//952 767//767
f 950//950 767//767 952//952
f 768//768 810//810 953//953
f 769//769 768//768 953//953
f 953//953 907//907 769//769
f 770//770 772//772 811//811
f 954//954 771//771 779//779
f 954//954 772//772 771//771
f 772//772 955//955 811//811
f 772//772 954//954 955//955
f 956//956 774//774 773//773
f 774//774 956//956 776//776
f 783//783 957//957 775//775
f 958//958 959//959 775//775
f 775//775 957//957 958//958
f 959//959 773//773 775//775
f 776//776 956//956 778//778
f 778//778 800//800 777//777
f 800//800 778//778 960//960
f 778//778 956//956 961//961
f 960//960 778//778 958//958
f 958//958 778//778 961//961
f 800//800 962//962 777//777
f 777//777 962//962 954//954
f 777//777 954//954 779//779
f 780//780 789//789 781//781
f 789//789 791//791 781//781
f 791//791 963//963 781//781
f 963//963 964//964 781//781
f 782//782 781//781 965//965
f 781//781 964//964 965//965
f 782//782 957//957 783//783
f 965//965 957//957 782//782
f 966//966 785//785 784//784
f 785//785 966//966 786//786
f 784//784 787//787 967//967
f 967//967 968//968 784//784
f 784//784 968//968 966//966
f 786//786 966//966 790//790
f 967//967 787//787 969//969
f 788//788 969//969 787//787
f 788//788 796//796 970//970
f 788//788 970//970 969//969
f 968//968 971//971 790//790
f 790//790 966//966 968//968
f 972//972 791//791 790//790
f 972//972 790//790 971//971
f 791//791 972//972 973//973
f 791//791 973//973 963//963
f 974//974 975//975 792//792
f 793//793 792//792 975//975
f 974//974 792//792 976//976
f 795//795 976//976 792//792
f 793//793 977//977 978//978
f 793//793 978//978 796//796
f 793//793 979//979 977//977
f 979//979 793//793 975//975
f 794//794 980//980 795//795
f 795//795 980//980 981//981
f 795//795 981//981 976//976
f 794//794 861//861 980//980
f 970//970 796//796 982//982
f 796//796 983//983 982//982
f 983//983 796//796 978//978
f 805//805 831//831 797//797
f 803//803 800//800 984//984
f 985//985 986//986 800//800
f 800//800 960//960 987//987
f 800//800 988//988 985//985
f 804//804 962//962 800//800
f 986//986 984//984 800//800
f 987//987 988//988 800//800
f 801//801 989//989 990//990
f 990//990 807//807 801//801
f 801//801 802//802 991//991
f 989//989 801//801 991//991
f 984//984 992//992 802//802
f 991//991 802//802 992//992
f 984//984 802//802 803//803
f 804//804 808//808 962//962
f 805//805 990//990 989//989
f 806//806 990//990 805//805
f 831//831 805//805 989//989
f 990//990 806//806 807//807
f 962//962 808//808 993//993
f 993//993 808//808 809//809
f 809//809 955//955 994//994
f 811//811 955//955 809//809
f 809//809 994//994 993//993
f 953//953 810//810 874//874
f 814//814 812//812 833//833
f 813//813 814//814 995//995
f 995//995 819//819 813//813
f 996//996 814//814 833//833
f 996//996 995//995 814//814
f 816//816 997//997 815//815
f 997//997 847//847 815//815
f 998//998 997//997 816//816
f 816//816 818//818 998//998
f 818//818 817//817 999//999
f 818//818 1000//1000 1001//1001
f 1000//1000 818//818 999//999
f 1001//1001 998//998 818//818
f 999//999 817//817 819//819
f 995//995 999//999 819//819
f 821//821 832//832 820//820
f 822//822 1002//1002 821//821
f 1002//1002 832//832 821//821
f 822//822 823//823 1002//1002
f 1003//1003 1004//1004 823//823
f 823//823 1005//1005 1003//1003
f 1002//1002 823//823 1004//1004
f 824//824 1005//1005 823//823
f 1005//1005 824//824 1006//1006
f 826//826 1006//1006 824//824
f 991//991 1006//1006 826//826
f 991//991 826//826 828//828
f 1007//1007 828//828 827//827
f 828//828 1007//1007 989//989
f 991//991 828//828 989//989
f 829//829 830//830 827//827
f 827//827 831//831 1007//1007
f 827//827 830//830 831//831
f 989//989 1007//1007 831//831
f 832//832 1002//1002 833//833
f 996//996 833//833 1008//1008
f 1002//1002 1008//1008 833//833
f 1009//1009 837//837 834//834
f 1010//1010 1009//1009 834//834
f 1011//1011 1010//1010 834//834
f 835//835 1011//1011 834//834
f 835//835 845//845 1011//1011
f 1009//1009 1012//1012 837//837
f 837//837 1012//1012 838//838
f 838//838 852//852 839//839
f 1013//1013 838//838 1012//1012
f 1013//1013 852//852 838//838
f 1014//1014 843//843 840//840
f 846//846 1014//1014 840//840
f 1015//1015 842//842 841//841
f 1016//1016 1017//1017 842//842
f 842//842 1015//1015 1016//1016
f 845//845 842//842 1017//1017
f 1015//1015 841//841 844//844
f 843//843 1014//1014 844//844
f 1015//1015 844//844 1018//1018
f 1018//1018 844//844 1014//1014
f 1017//1017 1019//1019 845//845
f 1011//1011 845//845 1019//1019
f 847//847 1014//1014 846//846
f 1020//1020 1014//1014 847//847
f 997//997 1020//1020 847//847
f 1021//1021 849//849 848//848
f 1022//1022 1021//1021 848//848
f 853//853 1022//1022 848//848
f 850//850 849//849 1021//1021
f 850//850 1023//1023 1024//1024
f 1025//1025 850//850 1024//1024
f 1025//1025 856//856 850//850
f 1021//1021 1023//1023 850//850
f 850//850 856//856 851//851
f 852//852 1026//1026 1027//1027
f 1013//1013 1028//1028 852//852
f 852//852 1028//1028 1026//1026
f 1027//1027 1029//1029 852//852
f 853//853 852//852 1029//1029
f 853//853 1029//1029 1022//1022
f 854//854 1030//1030 855//855
f 856//856 1030//1030 854//854
f 855//855 1030//1030 1031//1031
f 1031//1031 1032//1032 855//855
f 855//855 1032//1032 1033//1033
f 1033//1033 860//860 855//855
f 856//856 1025//1025 1030//1030
f 857//857 1034//1034 858//858
f 1035//1035 1036//1036 858//858
f 1037//1037 861//861 858//858
f 858//858 1036//1036 1037//1037
f 1038//1038 858//858 1034//1034
f 858//858 1038//1038 1035//1035
f 859//859 1034//1034 857//857
f 1039//1039 859//859 1033//1033
f 1039//1039 1040//1040 859//859
f 860//860 1033//1033 859//859
f 859//859 1040//1040 1038//1038
f 1038//1038 1034//1034 859//859
f 861//861 1037//1037 980//980
f 868//868 862//862 870//870
f 872//872 864//864 863//863
f 877//877 866//866 865//865
f 865//865 1041//1041 1042//1042
f 1042//1042 877//877 865//865
f 1041//1041 865//865 867//867
f 1043//1043 867//867 868//868
f 1041//1041 867//867 1043//1043
f 868//868 1044//1044 1043//1043
f 868//868 870//870 1044//1044
f 869//869 871//871 1045//1045
f 1045//1045 870//870 869//869
f 870//870 1045//1045 1044//1044
f 1045//1045 871//871 900//900
f 910//910 875//875 873//873
f 1046//1046 910//910 873//873
f 876//876 1046//1046 873//873
f 907//907 953//953 874//874
f 907//907 874//874 875//875
f 875//875 910//910 908//908
f 875//875 908//908 907//907
f 1047//1047 1046//1046 876//876
f 876//876 1048//1048 1047//1047
f 876//876 1049//1049 1048//1048
f 1050//1050 1049//1049 876//876
f 876//876 1042//1042 1051//1051
f 876//876 877//877 1042//1042
f 1050//1050 876//876 1051//1051
f 892//892 878//878 879//879
f 879//879 1052//1052 890//890
f 879//879 890//890 892//892
f 1052//1052 879//879 1053//1053
f 1053//1053 879//879 1054//1054
f 879//879 881//881 1054//1054
f 881//881 880//880 884//884
f 884//884 1054//1054 881//881
f 882//882 1055//1055 1056//1056
f 888//888 1055//1055 882//882
f 882//882 1056//1056 883//883
f 883//883 1056//1056 1057//1057
f 1057//1057 1058//1058 883//883
f 884//884 883//883 1058//1058
f 884//884 1059//1059 1060//1060
f 1061//1061 884//884 1058//1058
f 1062//1062 1054//1054 884//884
f 884//884 1060//1060 1062//1062
f 1059//1059 884//884 1061//1061
f 1063//1063 886//886 885//885
f 1063//1063 885//885 904//904
f 886//886 1064//1064 887//887
f 1064//1064 886//886 1063//1063
f 888//888 887//887 1064//1064
f 1064//1064 1055//1055 888//888
f 1065//1065 893//893 889//889
f 889//889 1066//1066 1065//1065
f 1066//1066 889//889 890//890
f 890//890 1052//1052 1067//1067
f 892//892 890//890 891//891
f 1066//1066 890//890 1068//1068
f 1067//1067 1068//1068 890//890
f 897//897 893//893 1069//1069
f 1065//1065 1069//1069 893//893
f 1070//1070 894//894 895//895
f 894//894 901//901 896//896
f 1070//1070 901//901 894//894
f 895//895 898//898 1071//1071
f 1071//1071 1070//1070 895//895
f 897//897 1072//1072 1073//1073
f 1073//1073 899//899 897//897
f 1069//1069 1072//1072 897//897
f 1071//1071 898//898 1074//1074
f 1074//1074 898//898 1075//1075
f 1075//1075 898//898 1076//1076
f 899//899 1076//1076 898//898
f 1076//1076 899//899 1073//1073
f 901//901 1070//1070 900//900
f 900//900 1043//1043 1044//1044
f 1044//1044 1045//1045 900//900
f 1043//1043 900//900 1070//1070
f 903//903 1077//1077 902//902
f 904//904 902//902 1077//1077
f 1078//1078 903//903 926//926
f 1077//1077 903//903 1078//1078
f 904//904 1077//1077 1063//1063
f 906//906 911//911 905//905
f 913//913 905//905 911//911
f 910//910 1046//1046 909//909
f 909//909 1046//1046 1047//1047
f 1079//1079 909//909 1047//1047
f 1079//1079 911//911 909//909
f 1079//1079 913//913 911//911
f 914//914 912//912 913//913
f 913//913 1080//1080 914//914
f 913//913 1079//1079 1080//1080
f 915//915 914//914 1081//1081
f 915//915 1082//1082 938//938
f 1081//1081 1082//1082 915//915
f 914//914 1083//1083 1084//1084
f 1084//1084 1081//1081 914//914
f 1083//1083 914//914 1080//1080
f 918//918 917//917 926//926
f 1078//1078 917//917 919//919
f 926//926 917//917 1078//1078
f 1078//1078 919//919 1085//1085
f 1086//1086 1087//1087 919//919
f 1087//1087 1085//1085 919//919
f 1086//1086 919//919 922//922
f 923//923 921//921 1088//1088
f 921//921 928//928 1088//1088
f 922//922 1089//1089 1086//1086
f 1089//1089 922//922 924//924
f 1088//1088 1090//1090 923//923
f 1091//1091 923//923 1090//1090
f 923//923 1091//1091 1092//1092
f 923//923 1092//1092 925//925
f 1093//1093 924//924 925//925
f 924//924 1093//1093 1094//1094
f 1095//1095 1089//1089 924//924
f 924//924 1094//1094 1095//1095
f 1092//1092 1093//1093 925//925
f 927//927 950//950 928//928
f 1088//1088 928//928 1096//1096
f 928//928 950//950 1096//1096
f 929//929 931//931 930//930
f 1097//1097 930//930 931//931
f 940//940 930//930 1097//1097
f 1098//1098 931//931 932//932
f 1099//1099 1097//1097 931//931
f 1099//1099 931//931 1098//1098
f 932//932 1100//1100 1098//1098
f 1101//1101 932//932 933//933
f 1102//1102 932//932 1101//1101
f 932//932 1102//1102 1103//1103
f 1103//1103 1100//1100 932//932
f 933//933 1104//1104 1101//1101
f 933//933 936//936 1104//1104
f 935//935 934//934 937//937
f 936//936 935//935 1105//1105
f 1105//1105 1106//1106 936//936
f 936//936 1106//1106 1104//1104
f 1107//1107 1108//1108 935//935
f 935//935 937//937 1107//1107
f 1105//1105 935//935 1108//1108
f 937//937 1109//1109 1110//1110
f 937//937 939//939 1109//1109
f 1107//1107 937//937 1111//1111
f 937//937 1110//1110 1111//1111
f 938//938 1082//1082 939//939
f 1109//1109 939//939 1082//1082
f 1097//1097 941//941 940//940
f 1112//1112 941//941 1097//1097
f 942//942 941//941 943//943
f 1113//1113 943//943 941//941
f 1113//1113 941//941 1112//1112
f 1113//1113 1114//1114 943//943
f 945//945 943//943 1114//1114
f 944//944 945//945 1115//1115
f 1114//1114 1115//1115 945//945
f 1115//1115 1116//1116 944//944
f 1116//1116 1117//1117 944//944
f 1117//1117 947//947 944//944
f 946//946 947//947 1118//1118
f 1118//1118 948//948 946//946
f 947//947 1119//1119 1120//1120
f 1120//1120 1118//1118 947//947
f 947//947 1117//1117 1119//1119
f 1121//1121 948//948 1122//1122
f 948//948 1118//1118 1123//1123
f 1121//1121 949//949 948//948
f 1123//1123 1122//1122 948//948
f 951//951 949//949 1121//1121
f 950//950 952//952 1124//1124
f 1124//1124 1096//1096 950//950
f 1124//1124 952//952 951//951
f 954//954 962//962 993//993
f 993//993 994//994 954//954
f 994//994 955//955 954//954
f 961//961 773//773 959//959
f 956//956 773//773 961//961
f 965//965 958//958 957//957
f 958//958 961//961 959//959
f 1125//1125 958//958 965//965
f 958//958 1125//1125 988//988
f 958//958 988//988 987//987
f 958//958 987//987 960//960
f 1126//1126 964//964 963//963
f 1127//1127 1126//1126 963//963
f 973//973 1127//1127 963//963
f 1128//1128 964//964 1126//1126
f 965//965 964//964 1128//1128
f 965//965 1129//1129 1125//1125
f 1129//1129 965//965 1128//1128
f 967//967 969//969 970//970
f 967//967 1130//1130 971//971
f 967//967 1131//1131 1132//1132
f 971//971 968//968 967//967
f 1132//1132 1130//1130 967//967
f 967//967 970//970 1131//1131
f 1133//1133 970//970 982//982
f 970//970 1133//1133 1131//1131
f 971//971 1130//1130 972//972
f 972//972 1130//1130 1134//1134
f 1135//1135 1136//1136 972//972
f 1134//1134 1135//1135 972//972
f 1137//1137 973//973 972//972
f 972//972 1136//1136 1137//1137
f 1127//1127 973//973 1137//1137
f 974//974 1138//1138 975//975
f 1139//1139 975//975 1138//1138
f 975//975 1139//1139 1140//1140
f 1140//1140 979//979 975//975
f 1141//1141 974//974 1142//1142
f 1138//1138 974//974 1141//1141
f 1143//1143 1142//1142 974//974
f 974//974 1144//1144 1143//1143
f 976//976 1144//1144 974//974
f 981//981 1144//1144 976//976
f 978//978 977//977 1145//1145
f 978//978 1145//1145 983//983
f 1146//1146 1145//1145 977//977
f 979//979 1146//1146 977//977
f 979//979 1140//1140 1146//1146
f 981//981 980//980 1037//1037
f 982//982 1147//1147 1133//1133
f 1147//1147 982//982 983//983
f 1148//1148 983//983 1149//1149
f 983//983 1150//1150 1149//1149
f 983//983 1148//1148 1151//1151
f 1145//1145 1150//1150 983//983
f 983//983 1151//1151 1147//1147
f 992//992 984//984 1152//1152
f 1153//1153 984//984 986//986
f 1153//1153 1152//1152 984//984
f 985//985 1154//1154 986//986
f 1125//1125 1153//1153 986//986
f 1154//1154 1125//1125 986//986
f 1154//1154 985//985 988//988
f 988//988 1125//1125 1154//1154
f 1006//1006 991//991 1155//1155
f 1156//1156 1155//1155 991//991
f 992//992 1156//1156 991//991
f 1152//1152 1156//1156 992//992
f 999//999 995//995 1157//1157
f 1157//1157 995//995 996//996
f 1158//1158 1157//1157 996//996
f 1159//1159 1158//1158 996//996
f 1159//1159 996//996 1008//1008
f 997//997 998//998 1020//1020
f 998//998 1001//1001 1160//1160
f 1020//1020 998//998 1018//1018
f 998//998 1160//1160 1161//1161
f 1161//1161 1018//1018 998//998
f 1157//1157 1162//1162 999//999
f 999//999 1162//1162 1000//1000
f 1001//1001 1000//1000 1163//1163
f 1160//1160 1001//1001 1163//1163
f 1000//1000 1162//1162 1164//1164
f 1164//1164 1165//1165 1000//1000
f 1000//1000 1165//1165 1163//1163
f 1004//1004 1008//1008 1002//1002
f 1166//1166 1004//1004 1003//1003
f 1008//1008 1004//1004 1159//1159
f 1159//1159 1004//1004 1166//1166
f 1167//1167 1168//1168 1003//1003
f 1003//1003 1169//1169 1167//1167
f 1168//1168 1166//1166 1003//1003
f 1170//1170 1003//1003 1171//1171
f 1170//1170 1169//1169 1003//1003
f 1005//1005 1171//1171 1003//1003
f 1006//1006 1171//1171 1005//1005
f 1172//1172 1173//1173 1006//1006
f 1155//1155 1174//1174 1006//1006
f 1006//1006 1173//1173 1175//1175
f 1175//1175 1171//1171 1006//1006
f 1006//1006 1174//1174 1172//1172
f 1009//1009 1176//1176 1012//1012
f 1176//1176 1009//1009 1010//1010
f 1177//1177 1178//1178 1010//1010
f 1010//1010 1179//1179 1176//1176
f 1010//1010 1180//1180 1179//1179
f 1181//1181 1180//1180 1010//1010
f 1010//1010 1011//1011 1177//1177
f 1182//1182 1181//1181 1010//1010
f 1010//1010 1178//1178 1182//1182
f 1019//1019 1177//1177 1011//1011
f 1013//1013 1012//1012 1183//1183
f 1012//1012 1176//1176 1183//1183
f 1183//1183 1028//1028 1013//1013
f 1014//1014 1020//1020 1018//1018
f 1016//1016 1015//1015 1184//1184
f 1161//1161 1184//1184 1015//1015
f 1018//1018 1161//1161 1015//1015
f 1017//1017 1016//1016 1185//1185
f 1185//1185 1019//1019 1017//1017
f 1186//1186 1185//1185 1016//1016
f 1184//1184 1186//1186 1016//1016
f 1019//1019 1185//1185 1187//1187
f 1187//1187 1188//1188 1019//1019
f 1188//1188 1177//1177 1019//1019
f 1023//1023 1021//1021 1022//1022
f 1022//1022 1029//1029 1189//1189
f 1190//1190 1022//1022 1189//1189
f 1022//1022 1190//1190 1023//1023
f 1024//1024 1023//1023 1191//1191
f 1024//1024 1192//1192 1193//1193
f 1191//1191 1192//1192 1024//1024
f 1025//1025 1024//1024 1193//1193
f 1023//1023 1190//1190 1191//1191
f 1193//1193 1030//1030 1025//1025
f 1027//1027 1026//1026 1194//1194
f 1194//1194 1195//1195 1027//1027
f 1027//1027 1195//1195 1029//1029
f 1026//1026 1028//1028 1194//1194
f 1194//1194 1028//1028 1196//1196
f 1183//1183 1197//1197 1028//1028
f 1197//1197 1196//1196 1028//1028
f 1029//1029 1195//1195 1189//1189
f 1198//1198 1031//1031 1030//1030
f 1199//1199 1030//1030 1193//1193
f 1030//1030 1199//1199 1198//1198
f 1031//1031 1198//1198 1200//1200
f 1200//1200 1032//1032 1031//1031
f 1201//1201 1202//1202 1032//1032
f 1203//1203 1033//1033 1032//1032
f 1032//1032 1200//1200 1201//1201
f 1032//1032 1202//1202 1203//1203
f 1033//1033 1204//1204 1039//1039
f 1033//1033 1205//1205 1204//1204
f 1203//1203 1205//1205 1033//1033
f 1035//1035 981//981 1036//1036
f 981//981 1037//1037 1036//1036
f 1206//1206 1035//1035 1038//1038
f 1206//1206 981//981 1035//1035
f 1038//1038 1040//1040 1207//1207
f 1207//1207 1206//1206 1038//1038
f 1040//1040 1039//1039 1208//1208
f 1204//1204 1208//1208 1039//1039
f 1040//1040 1208//1208 1209//1209
f 1209//1209 1207//1207 1040//1040
f 1041//1041 1051//1051 1042//1042
f 1043//1043 1210//1210 1041//1041
f 1210//1210 1051//1051 1041//1041
f 1211//1211 1212//1212 1043//1043
f 1043//1043 1070//1070 1071//1071
f 1211//1211 1043//1043 1071//1071
f 1212//1212 1210//1210 1043//1043
f 1079//1079 1047//1047 1048//1048
f 1048//1048 1213//1213 1079//1079
f 1049//1049 1214//1214 1048//1048
f 1213//1213 1048//1048 1215//1215
f 1214//1214 1215//1215 1048//1048
f 1214//1214 1049//1049 1050//1050
f 1214//1214 1050//1050 1216//1216
f 1216//1216 1050//1050 1051//1051
f 1051//1051 1210//1210 1217//1217
f 1216//1216 1051//1051 1217//1217
f 1053//1053 1067//1067 1052//1052
f 1218//1218 1067//1067 1053//1053
f 1054//1054 1062//1062 1053//1053
f 1053//1053 1062//1062 1219//1219
f 1220//1220 1053//1053 1221//1221
f 1222//1222 1218//1218 1053//1053
f 1053//1053 1219//1219 1221//1221
f 1220//1220 1222//1222 1053//1053
f 1223//1223 1056//1056 1055//1055
f 1224//1224 1057//1057 1056//1056
f 1223//1223 1224//1224 1056//1056
f 1055//1055 1064//1064 1225//1225
f 1225//1225 1226//1226 1055//1055
f 1055//1055 1227//1227 1228//1228
f 1226//1226 1229//1229 1055//1055
f 1055//1055 1229//1229 1227//1227
f 1228//1228 1223//1223 1055//1055
f 1224//1224 1230//1230 1057//1057
f 1231//1231 1058//1058 1057//1057
f 1057//1057 1230//1230 1231//1231
f 1231//1231 1061//1061 1058//1058
f 1060//1060 1059//1059 1219//1219
f 1219//1219 1062//1062 1060//1060
f 1059//1059 1061//1061 1232//1232
f 1059//1059 1233//1233 1219//1219
f 1233//1233 1059//1059 1232//1232
f 1232//1232 1061//1061 1231//1231
f 1063//1063 1077//1077 1234//1234
f 1225//1225 1064//1064 1063//1063
f 1225//1225 1063//1063 1234//1234
f 1069//1069 1065//1065 1235//1235
f 1066//1066 1235//1235 1065//1065
f 1068//1068 1236//1236 1066//1066
f 1236//1236 1237//1237 1066//1066
f 1235//1235 1066//1066 1237//1237
f 1218//1218 1238//1238 1067//1067
f 1238//1238 1068//1068 1067//1067
f 1238//1238 1236//1236 1068//1068
f 1069//1069 1239//1239 1072//1072
f 1235//1235 1239//1239 1069//1069
f 1071//1071 1240//1240 1211//1211
f 1074//1074 1240//1240 1071//1071
f 1241//1241 1073//1073 1072//1072
f 1241//1241 1076//1076 1073//1073
f 1072//1072 1242//1242 1241//1241
f 1072//1072 1239//1239 1243//1243
f 1072//1072 1243//1243 1244//1244
f 1244//1244 1242//1242 1072//1072
f 1074//1074 1245//1245 1240//1240
f 1075//1075 1245//1245 1074//1074
f 1075//1075 1246//1246 1245//1245
f 1246//1246 1075//1075 1076//1076
f 1076//1076 1241//1241 1242//1242
f 1246//1246 1076//1076 1242//1242
f 1234//1234 1077//1077 1078//1078
f 1226//1226 1078//1078 1247//1247
f 1248//1248 1078//1078 1085//1085
f 1226//1226 1234//1234 1078//1078
f 1248//1248 1247//1247 1078//1078
f 1083//1083 1079//1079 1213//1213
f 1083//1083 1080//1080 1079//1079
f 1109//1109 1082//1082 1081//1081
f 1081//1081 1249//1249 1250//1250
f 1081//1081 1084//1084 1249//1249
f 1110//1110 1081//1081 1250//1250
f 1110//1110 1109//1109 1081//1081
f 1213//1213 1084//1084 1083//1083
f 1251//1251 1249//1249 1084//1084
f 1213//1213 1251//1251 1084//1084
f 1085//1085 1087//1087 1252//1252
f 1252//1252 1248//1248 1085//1085
f 1253//1253 1087//1087 1086//1086
f 1087//1087 1253//1253 1254//1254
f 1087//1087 1255//1255 1252//1252
f 1087//1087 1254//1254 1256//1256
f 1255//1255 1087//1087 1256//1256
f 1257//1257 1086//1086 1089//1089
f 1253//1253 1086//1086 1257//1257
f 1258//1258 1090//1090 1088//1088
f 1088//1088 1096//1096 1259//1259
f 1260//1260 1258//1258 1088//1088
f 1088//1088 1259//1259 1260//1260
f 1089//1089 1095//1095 1257//1257
f 1261//1261 1262//1262 1090//1090
f 1262//1262 1091//1091 1090//1090
f 1090//1090 1258//1258 1261//1261
f 1092//1092 1091//1091 1263//1263
f 1091//1091 1262//1262 1264//1264
f 1263//1263 1091//1091 1264//1264
f 1093//1093 1092//1092 1265//1265
f 1092//1092 1263//1263 1266//1266
f 1265//1265 1092//1092 1266//1266
f 1093//1093 1265//1265 1267//1267
f 1267//1267 1094//1094 1093//1093
f 1267//1267 1268//1268 1094//1094
f 1269//1269 1095//1095 1094//1094
f 1094//1094 1268//1268 1269//1269
f 1095//1095 1270//1270 1271//1271
f 1271//1271 1272//1272 1095//1095
f 1272//1272 1257//1257 1095//1095
f 1095//1095 1269//1269 1270//1270
f 1273//1273 1274//1274 1096//1096
f 1124//1124 1273//1273 1096//1096
f 1274//1274 1275//1275 1096//1096
f 1096//1096 1275//1275 1259//1259
f 1097//1097 1276//1276 1112//1112
f 1276//1276 1097//1097 1099//1099
f 1100//1100 1277//1277 1098//1098
f 1098//1098 1277//1277 1099//1099
f 1277//1277 1276//1276 1099//1099
f 1103//1103 1277//1277 1100//1100
f 1102//1102 1101//1101 1104//1104
f 1102//1102 1278//1278 1103//1103
f 1104//1104 1279//1279 1102//1102
f 1279//1279 1278//1278 1102//1102
f 1280//1280 1277//1277 1103//1103
f 1103//1103 1278//1278 1281//1281
f 1282//1282 1280//1280 1103//1103
f 1103//1103 1283//1283 1282//1282
f 1281//1281 1283//1283 1103//1103
f 1104//1104 1106//1106 1284//1284
f 1104//1104 1284//1284 1285//1285
f 1104//1104 1286//1286 1287//1287
f 1104//1104 1285//1285 1286//1286
f 1104//1104 1287//1287 1279//1279
f 1284//1284 1106//1106 1105//1105
f 1108//1108 1284//1284 1105//1105
f 1108//1108 1107//1107 1288//1288
f 1284//1284 1108//1108 1288//1288
f 1107//1107 1111//1111 1289//1289
f 1289//1289 1288//1288 1107//1107
f 1111//1111 1110//1110 1250//1250
f 1290//1290 1291//1291 1111//1111
f 1111//1111 1250//1250 1290//1290
f 1291//1291 1289//1289 1111//1111
f 1112//1112 1276//1276 1113//1113
f 1113//1113 1276//1276 1292//1292
f 1113//1113 1292//1292 1293//1293
f 1293//1293 1114//1114 1113//1113
f 1294//1294 1114//1114 1293//1293
f 1114//1114 1294//1294 1295//1295
f 1114//1114 1295//1295 1115//1115
f 1115//1115 1294//1294 1116//1116
f 1294//1294 1115//1115 1295//1295
f 1116//1116 1294//1294 1296//1296
f 1297//1297 1116//1116 1296//1296
f 1116//1116 1297//1297 1298//1298
f 1298//1298 1117//1117 1116//1116
f 1298//1298 1119//1119 1117//1117
f 1123//1123 1118//1118 1120//1120
f 1120//1120 1119//1119 1299//1299
f 1300//1300 1120//1120 1299//1299
f 1122//1122 1123//1123 1120//1120
f 1122//1122 1120//1120 1301//1301
f 1301//1301 1120//1120 1300//1300
f 1119//1119 1298//1298 1299//1299
f 1122//1122 1302//1302 1121//1121
f 1302//1302 1122//1122 1303//1303
f 1304//1304 1122//1122 1301//1301
f 1304//1304 1303//1303 1122//1122
f 1302//1302 951//951 1121//1121
f 951//951 1273//1273 1124//1124
f 1273//1273 951//951 1302//1302
f 1153//1153 1125//1125 1129//1129
f 1305//1305 1126//1126 1127//1127
f 1128//1128 1126//1126 1305//1305
f 1306//1306 1307//1307 1128//1128
f 1306//1306 1128//1128 1305//1305
f 1128//1128 1307//1307 1153//1153
f 1128//1128 1153//1153 1129//1129
f 1130//1130 1308//1308 1309//1309
f 1309//1309 1134//1134 1130//1130
f 1310//1310 1308//1308 1130//1130
f 1132//1132 1310//1310 1130//1130
f 1310//1310 1132//1132 1131//1131
f 1311//1311 1312//1312 1131//1131
f 1131//1131 1133//1133 1313//1313
f 1311//1311 1131//1131 1313//1313
f 1310//1310 1131//1131 1312//1312
f 1133//1133 1147//1147 1314//1314
f 1133//1133 1314//1314 1313//1313
f 1134//1134 1309//1309 1315//1315
f 1135//1135 1134//1134 1315//1315
f 1135//1135 1315//1315 1136//1136
f 1137//1137 1136//1136 1316//1316
f 1317//1317 1136//1136 1315//1315
f 1136//1136 1317//1317 1318//1318
f 1318//1318 1319//1319 1136//1136
f 1136//1136 1319//1319 1316//1316
f 1316//1316 1320//1320 1137//1137
f 1320//1320 1127//1127 1137//1137
f 1138//1138 1141//1141 1139//1139
f 1139//1139 1141//1141 1321//1321
f 1322//1322 1140//1140 1139//1139
f 1139//1139 1321//1321 1322//1322
f 1140//1140 1322//1322 1323//1323
f 1324//1324 1146//1146 1140//1140
f 1140//1140 1323//1323 1324//1324
f 1142//1142 1321//1321 1141//1141
f 1142//1142 1325//1325 1326//1326
f 1142//1142 1327//1327 1328//1328
f 1142//1142 1328//1328 1329//1329
f 1142//1142 1326//1326 1330//1330
f 1330//1330 1327//1327 1142//1142
f 1209//1209 1325//1325 1142//1142
f 1209//1209 1142//1142 1143//1143
f 1329//1329 1321//1321 1142//1142
f 1143//1143 1144//1144 1209//1209
f 1144//1144 1206//1206 1207//1207
f 1207//1207 1209//1209 1144//1144
f 1206//1206 1144//1144 981//981
f 1146//1146 1150//1150 1145//1145
f 1146//1146 1324//1324 1150//1150
f 1314//1314 1147//1147 1151//1151
f 1149//1149 1331//1331 1148//1148
f 1331//1331 1149//1149 1332//1332
f 1150//1150 1332//1332 1149//1149
f 1148//1148 1331//1331 1333//1333
f 1151//1151 1148//1148 1333//1333
f 1334//1334 1332//1332 1150//1150
f 1334//1334 1150//1150 1335//1335
f 1336//1336 1335//1335 1150//1150
f 1336//1336 1150//1150 1337//1337
f 1150//1150 1324//1324 1337//1337
f 1338//1338 1339//1339 1151//1151
f 1333//1333 1338//1338 1151//1151
f 1340//1340 1151//1151 1339//1339
f 1314//1314 1151//1151 1340//1340
f 1152//1152 1341//1341 1156//1156
f 1153//1153 1342//1342 1152//1152
f 1341//1341 1152//1152 1342//1342
f 1307//1307 1343//1343 1153//1153
f 1153//1153 1343//1343 1344//1344
f 1153//1153 1344//1344 1342//1342
f 1155//1155 1345//1345 1174//1174
f 1341//1341 1345//1345 1155//1155
f 1156//1156 1341//1341 1155//1155
f 1346//1346 1162//1162 1157//1157
f 1158//1158 1346//1346 1157//1157
f 1347//1347 1348//1348 1158//1158
f 1347//1347 1158//1158 1159//1159
f 1158//1158 1349//1349 1346//1346
f 1348//1348 1349//1349 1158//1158
f 1159//1159 1166//1166 1347//1347
f 1350//1350 1351//1351 1160//1160
f 1163//1163 1350//1350 1160//1160
f 1160//1160 1351//1351 1161//1161
f 1184//1184 1161//1161 1351//1351
f 1352//1352 1353//1353 1162//1162
f 1353//1353 1164//1164 1162//1162
f 1162//1162 1346//1346 1352//1352
f 1163//1163 1354//1354 1350//1350
f 1165//1165 1354//1354 1163//1163
f 1164//1164 1353//1353 1165//1165
f 1165//1165 1355//1355 1356//1356
f 1357//1357 1165//1165 1356//1356
f 1165//1165 1357//1357 1354//1354
f 1165//1165 1353//1353 1355//1355
f 1358//1358 1166//1166 1359//1359
f 1166//1166 1168//1168 1359//1359
f 1166//1166 1358//1358 1347//1347
f 1360//1360 1168//1168 1167//1167
f 1359//1359 1168//1168 1360//1360
f 1167//1167 1169//1169 1361//1361
f 1360//1360 1167//1167 1361//1361
f 1362//1362 1169//1169 1170//1170
f 1169//1169 1362//1362 1173//1173
f 1361//1361 1169//1169 1173//1173
f 1171//1171 1175//1175 1170//1170
f 1175//1175 1362//1362 1170//1170
f 1172//1172 1363//1363 1173//1173
f 1173//1173 1362//1362 1175//1175
f 1173//1173 1363//1363 1364//1364
f 1361//1361 1173//1173 1365//1365
f 1364//1364 1365//1365 1173//1173
f 1366//1366 1363//1363 1172//1172
f 1367//1367 1172//1172 1174//1174
f 1172//1172 1368//1368 1366//1366
f 1172//1172 1367//1367 1344//1344
f 1369//1369 1368//1368 1172//1172
f 1369//1369 1172//1172 1344//1344
f 1174//1174 1345//1345 1367//1367
f 1370//1370 1183//1183 1176//1176
f 1179//1179 1370//1370 1176//1176
f 1177//1177 1188//1188 1178//1178
f 1371//1371 1182//1182 1178//1178
f 1178//1178 1372//1372 1371//1371
f 1372//1372 1178//1178 1188//1188
f 1373//1373 1370//1370 1179//1179
f 1180//1180 1374//1374 1179//1179
f 1374//1374 1373//1373 1179//1179
f 1375//1375 1374//1374 1180//1180
f 1375//1375 1180//1180 1181//1181
f 1376//1376 1375//1375 1181//1181
f 1376//1376 1181//1181 1377//1377
f 1377//1377 1181//1181 1378//1378
f 1182//1182 1378//1378 1181//1181
f 1379//1379 1182//1182 1371//1371
f 1379//1379 1378//1378 1182//1182
f 1380//1380 1183//1183 1370//1370
f 1197//1197 1183//1183 1380//1380
f 1351//1351 1186//1186 1184//1184
f 1381//1381 1187//1187 1185//1185
f 1185//1185 1382//1382 1383//1383
f 1383//1383 1381//1381 1185//1185
f 1185//1185 1186//1186 1382//1382
f 1186//1186 1351//1351 1384//1384
f 1385//1385 1186//1186 1384//1384
f 1385//1385 1382//1382 1186//1186
f 1381//1381 1188//1188 1187//1187
f 1188//1188 1381//1381 1372//1372
f 1189//1189 1195//1195 1386//1386
f 1386//1386 1190//1190 1189//1189
f 1386//1386 1191//1191 1190//1190
f 1386//1386 1192//1192 1191//1191
f 1192//1192 1387//1387 1193//1193
f 1193//1193 1387//1387 1388//1388
f 1193//1193 1388//1388 1199//1199
f 1192//1192 1389//1389 1387//1387
f 1389//1389 1192//1192 1386//1386
f 1194//1194 1390//1390 1195//1195
f 1196//1196 1391//1391 1194//1194
f 1392//1392 1390//1390 1194//1194
f 1194//1194 1391//1391 1392//1392
f 1393//1393 1394//1394 1195//1195
f 1195//1195 1390//1390 1393//1393
f 1195//1195 1394//1394 1386//1386
f 1391//1391 1196//1196 1395//1395
f 1197//1197 1395//1395 1196//1196
f 1380//1380 1396//1396 1197//1197
f 1395//1395 1197//1197 1396//1396
f 1397//1397 1200//1200 1198//1198
f 1398//1398 1397//1397 1198//1198
f 1388//1388 1198//1198 1199//1199
f 1399//1399 1398//1398 1198//1198
f 1388//1388 1399//1399 1198//1198
f 1400//1400 1401//1401 1200//1200
f 1200//1200 1401//1401 1201//1201
f 1397//1397 1400//1400 1200//1200
f 1202//1202 1201//1201 1402//1402
f 1403//1403 1202//1202 1402//1402
f 1202//1202 1403//1403 1404//1404
f 1202//1202 1205//1205 1203//1203
f 1202//1202 1404//1404 1205//1205
f 1401//1401 1402//1402 1201//1201
f 1405//1405 1204//1204 1205//1205
f 1204//1204 1405//1405 1208//1208
f 1205//1205 1406//1406 1407//1407
f 1408//1408 1409//1409 1205//1205
f 1205//1205 1404//1404 1406//1406
f 1407//1407 1410//1410 1205//1205
f 1410//1410 1408//1408 1205//1205
f 1205//1205 1409//1409 1411//1411
f 1411//1411 1405//1405 1205//1205
f 1209//1209 1208//1208 1405//1405
f 1405//1405 1325//1325 1209//1209
f 1210//1210 1412//1412 1217//1217
f 1413//1413 1210//1210 1212//1212
f 1413//1413 1412//1412 1210//1210
f 1414//1414 1212//1212 1211//1211
f 1212//1212 1415//1415 1416//1416
f 1212//1212 1416//1416 1413//1413
f 1414//1414 1417//1417 1212//1212
f 1417//1417 1415//1415 1212//1212
f 1414//1414 1211//1211 1240//1240
f 1215//1215 1418//1418 1213//1213
f 1251//1251 1213//1213 1418//1418
f 1418//1418 1215//1215 1214//1214
f 1216//1216 1418//1418 1214//1214
f 1216//1216 1251//1251 1418//1418
f 1216//1216 1419//1419 1251//1251
f 1419//1419 1216//1216 1291//1291
f 1217//1217 1291//1291 1216//1216
f 1291//1291 1217//1217 1420//1420
f 1420//1420 1217//1217 1412//1412
f 1421//1421 1238//1238 1218//1218
f 1421//1421 1218//1218 1222//1222
f 1422//1422 1219//1219 1233//1233
f 1219//1219 1422//1422 1221//1221
f 1221//1221 1423//1423 1220//1220
f 1424//1424 1221//1221 1425//1425
f 1221//1221 1426//1426 1425//1425
f 1427//1427 1426//1426 1221//1221
f 1423//1423 1221//1221 1424//1424
f 1221//1221 1428//1428 1427//1427
f 1221//1221 1422//1422 1428//1428
f 1429//1429 1220//1220 1423//1423
f 1429//1429 1222//1222 1220//1220
f 1430//1430 1421//1421 1222//1222
f 1430//1430 1222//1222 1429//1429
f 1230//1230 1224//1224 1223//1223
f 1223//1223 1231//1231 1230//1230
f 1223//1223 1431//1431 1231//1231
f 1431//1431 1223//1223 1228//1228
f 1234//1234 1226//1226 1225//1225
f 1229//1229 1226//1226 1247//1247
f 1432//1432 1228//1228 1227//1227
f 1228//1228 1432//1432 1433//1433
f 1433//1433 1431//1431 1228//1228
f 1227//1227 1229//1229 1434//1434
f 1227//1227 1434//1434 1252//1252
f 1435//1435 1432//1432 1227//1227
f 1252//1252 1435//1435 1227//1227
f 1229//1229 1247//1247 1434//1434
f 1431//1431 1436//1436 1231//1231
f 1233//1233 1231//1231 1437//1437
f 1436//1436 1437//1437 1231//1231
f 1233//1233 1232//1232 1231//1231
f 1233//1233 1438//1438 1422//1422
f 1437//1437 1439//1439 1233//1233
f 1440//1440 1438//1438 1233//1233
f 1439//1439 1441//1441 1233//1233
f 1441//1441 1440//1440 1233//1233
f 1442//1442 1239//1239 1235//1235
f 1443//1443 1442//1442 1235//1235
f 1237//1237 1443//1443 1235//1235
f 1444//1444 1237//1237 1236//1236
f 1236//1236 1238//1238 1444//1444
f 1444//1444 1443//1443 1237//1237
f 1444//1444 1238//1238 1445//1445
f 1445//1445 1238//1238 1421//1421
f 1243//1243 1239//1239 1442//1442
f 1446//1446 1414//1414 1240//1240
f 1447//1447 1448//1448 1240//1240
f 1448//1448 1446//1446 1240//1240
f 1447//1447 1240//1240 1245//1245
f 1242//1242 1449//1449 1246//1246
f 1449//1449 1242//1242 1450//1450
f 1244//1244 1451//1451 1242//1242
f 1450//1450 1242//1242 1452//1452
f 1452//1452 1242//1242 1451//1451
f 1453//1453 1454//1454 1243//1243
f 1443//1443 1453//1453 1243//1243
f 1244//1244 1243//1243 1454//1454
f 1243//1243 1442//1442 1443//1443
f 1455//1455 1244//1244 1454//1454
f 1244//1244 1455//1455 1456//1456
f 1451//1451 1244//1244 1456//1456
f 1447//1447 1245//1245 1246//1246
f 1246//1246 1449//1449 1447//1447
f 1434//1434 1247//1247 1248//1248
f 1252//1252 1434//1434 1248//1248
f 1249//1249 1457//1457 1250//1250
f 1290//1290 1250//1250 1457//1457
f 1249//1249 1251//1251 1457//1457
f 1457//1457 1251//1251 1458//1458
f 1419//1419 1458//1458 1251//1251
f 1435//1435 1252//1252 1255//1255
f 1253//1253 1459//1459 1254//1254
f 1460//1460 1459//1459 1253//1253
f 1460//1460 1253//1253 1257//1257
f 1254//1254 1461//1461 1256//1256
f 1461//1461 1254//1254 1459//1459
f 1435//1435 1255//1255 1462//1462
f 1462//1462 1255//1255 1256//1256
f 1462//1462 1256//1256 1463//1463
f 1256//1256 1461//1461 1463//1463
f 1257//1257 1272//1272 1464//1464
f 1257//1257 1464//1464 1460//1460
f 1258//1258 1260//1260 1465//1465
f 1258//1258 1465//1465 1261//1261
f 1260//1260 1259//1259 1275//1275
f 1275//1275 1466//1466 1260//1260
f 1260//1260 1466//1466 1465//1465
f 1262//1262 1261//1261 1467//1467
f 1468//1468 1262//1262 1469//1469
f 1467//1467 1469//1469 1262//1262
f 1470//1470 1264//1264 1262//1262
f 1470//1470 1262//1262 1468//1468
f 1261//1261 1465//1465 1467//1467
f 1263//1263 1264//1264 1471//1471
f 1266//1266 1263//1263 1471//1471
f 1471//1471 1264//1264 1470//1470
f 1472//1472 1267//1267 1265//1265
f 1265//1265 1473//1473 1472//1472
f 1265//1265 1266//1266 1473//1473
f 1474//1474 1473//1473 1266//1266
f 1266//1266 1471//1471 1474//1474
f 1472//1472 1268//1268 1267//1267
f 1268//1268 1472//1472 1475//1475
f 1475//1475 1476//1476 1268//1268
f 1477//1477 1269//1269 1268//1268
f 1268//1268 1476//1476 1478//1478
f 1478//1478 1477//1477 1268//1268
f 1269//1269 1479//1479 1270//1270
f 1269//1269 1477//1477 1479//1479
f 1270//1270 1480//1480 1271//1271
f 1271//1271 1480//1480 1272//1272
f 1270//1270 1479//1479 1481//1481
f 1481//1481 1480//1480 1270//1270
f 1272//1272 1480//1480 1482//1482
f 1272//1272 1482//1482 1483//1483
f 1272//1272 1483//1483 1464//1464
f 1274//1274 1273//1273 1484//1484
f 1484//1484 1485//1485 1274//1274
f 1274//1274 1485//1485 1275//1275
f 1302//1302 1484//1484 1273//1273
f 1486//1486 1487//1487 1276//1276
f 1292//1292 1276//1276 1487//1487
f 1486//1486 1276//1276 1277//1277
f 1486//1486 1277//1277 1280//1280
f 1278//1278 1279//1279 1281//1281
f 1488//1488 1279//1279 1489//1489
f 1281//1281 1279//1279 1488//1488
f 1279//1279 1287//1287 1489//1489
f 1487//1487 1486//1486 1280//1280
f 1280//1280 1282//1282 1487//1487
f 1283//1283 1281//1281 1488//1488
f 1282//1282 1283//1283 1490//1490
f 1490//1490 1487//1487 1282//1282
f 1283//1283 1491//1491 1490//1490
f 1491//1491 1283//1283 1488//1488
f 1492//1492 1284//1284 1288//1288
f 1284//1284 1492//1492 1493//1493
f 1285//1285 1284//1284 1493//1493
f 1286//1286 1285//1285 1494//1494
f 1494//1494 1285//1285 1493//1493
f 1495//1495 1287//1287 1286//1286
f 1496//1496 1489//1489 1287//1287
f 1287//1287 1495//1495 1496//1496
f 1497//1497 1286//1286 1494//1494
f 1286//1286 1498//1498 1495//1495
f 1497//1497 1498//1498 1286//1286
f 1420//1420 1288//1288 1291//1291
f 1288//1288 1289//1289 1291//1291
f 1288//1288 1499//1499 1492//1492
f 1500//1500 1501//1501 1288//1288
f 1500//1500 1288//1288 1420//1420
f 1501//1501 1499//1499 1288//1288
f 1291//1291 1290//1290 1419//1419
f 1458//1458 1290//1290 1457//1457
f 1290//1290 1458//1458 1419//1419
f 1293//1293 1292//1292 1487//1487
f 1487//1487 1296//1296 1293//1293
f 1294//1294 1293//1293 1296//1296
f 1490//1490 1296//1296 1487//1487
f 1297//1297 1296//1296 1490//1490
f 1298//1298 1297//1297 1502//1502
f 1502//1502 1297//1297 1503//1503
f 1491//1491 1297//1297 1490//1490
f 1503//1503 1297//1297 1504//1504
f 1504//1504 1297//1297 1491//1491
f 1505//1505 1299//1299 1298//1298
f 1298//1298 1502//1502 1505//1505
f 1299//1299 1506//1506 1300//1300
f 1507//1507 1299//1299 1508//1508
f 1508//1508 1299//1299 1505//1505
f 1506//1506 1299//1299 1507//1507
f 1509//1509 1301//1301 1300//1300
f 1510//1510 1509//1509 1300//1300
f 1510//1510 1300//1300 1506//1506
f 1301//1301 1509//1509 1304//1304
f 1303//1303 1484//1484 1302//1302
f 1511//1511 1484//1484 1303//1303
f 1303//1303 1304//1304 1511//1511
f 1509//1509 1512//1512 1304//1304
f 1512//1512 1510//1510 1304//1304
f 1304//1304 1510//1510 1511//1511
f 1305//1305 1127//1127 1513//1513
f 1305//1305 1513//1513 1306//1306
f 1513//1513 1127//1127 1320//1320
f 1306//1306 1343//1343 1307//1307
f 1316//1316 1306//1306 1513//1513
f 1514//1514 1306//1306 1316//1316
f 1343//1343 1306//1306 1515//1515
f 1306//1306 1514//1514 1515//1515
f 1309//1309 1308//1308 1312//1312
f 1312//1312 1516//1516 1309//1309
f 1309//1309 1517//1517 1518//1518
f 1309//1309 1518//1518 1317//1317
f 1516//1516 1517//1517 1309//1309
f 1315//1315 1309//1309 1317//1317
f 1312//1312 1308//1308 1310//1310
f 1311//1311 1516//1516 1312//1312
f 1517//1517 1311//1311 1519//1519
f 1311//1311 1520//1520 1519//1519
f 1311//1311 1517//1517 1516//1516
f 1313//1313 1520//1520 1311//1311
f 1313//1313 1314//1314 1520//1520
f 1340//1340 1520//1520 1314//1314
f 1513//1513 1320//1320 1316//1316
f 1316//1316 1319//1319 1521//1521
f 1316//1316 1521//1521 1514//1514
f 1317//1317 1518//1518 1522//1522
f 1523//1523 1318//1318 1317//1317
f 1523//1523 1317//1317 1522//1522
f 1318//1318 1523//1523 1319//1319
f 1319//1319 1524//1524 1525//1525
f 1523//1523 1524//1524 1319//1319
f 1319//1319 1525//1525 1521//1521
f 1321//1321 1526//1526 1322//1322
f 1526//1526 1321//1321 1329//1329
f 1324//1324 1323//1323 1322//1322
f 1322//1322 1337//1337 1324//1324
f 1322//1322 1526//1526 1337//1337
f 1411//1411 1326//1326 1325//1325
f 1326//1326 1411//1411 1330//1330
f 1405//1405 1411//1411 1325//1325
f 1327//1327 1527//1527 1328//1328
f 1328//1328 1527//1527 1337//1337
f 1328//1328 1337//1337 1526//1526
f 1329//1329 1328//1328 1526//1526
f 1327//1327 1330//1330 1528//1528
f 1327//1327 1528//1528 1527//1527
f 1528//1528 1330//1330 1409//1409
f 1330//1330 1411//1411 1409//1409
f 1332//1332 1529//1529 1331//1331
f 1331//1331 1530//1530 1333//1333
f 1331//1331 1529//1529 1530//1530
f 1334//1334 1529//1529 1332//1332
f 1333//1333 1531//1531 1532//1532
f 1333//1333 1533//1533 1338//1338
f 1532//1532 1533//1533 1333//1333
f 1530//1530 1531//1531 1333//1333
f 1334//1334 1534//1534 1529//1529
f 1534//1534 1334//1334 1535//1535
f 1335//1335 1536//1536 1334//1334
f 1334//1334 1537//1537 1538//1538
f 1538//1538 1535//1535 1334//1334
f 1536//1536 1537//1537 1334//1334
f 1336//1336 1536//1536 1335//1335
f 1336//1336 1537//1537 1536//1536
f 1337//1337 1539//1539 1336//1336
f 1539//1539 1537//1537 1336//1336
f 1337//1337 1527//1527 1540//1540
f 1337//1337 1540//1540 1539//1539
f 1339//1339 1338//1338 1541//1541
f 1541//1541 1542//1542 1339//1339
f 1542//1542 1340//1340 1339//1339
f 1338//1338 1533//1533 1541//1541
f 1340//1340 1542//1542 1520//1520
f 1367//1367 1345//1345 1341//1341
f 1342//1342 1367//1367 1341//1341
f 1344//1344 1367//1367 1342//1342
f 1515//1515 1369//1369 1343//1343
f 1344//1344 1343//1343 1369//1369
f 1352//1352 1346//1346 1349//1349
f 1543//1543 1348//1348 1347//1347
f 1544//1544 1545//1545 1348//1348
f 1352//1352 1348//1348 1353//1353
f 1348//1348 1543//1543 1544//1544
f 1353//1353 1348//1348 1545//1545
f 1348//1348 1352//1352 1349//1349
f 1347//1347 1358//1358 1543//1543
f 1350//1350 1384//1384 1351//1351
f 1350//1350 1354//1354 1357//1357
f 1357//1357 1384//1384 1350//1350
f 1545//1545 1546//1546 1353//1353
f 1355//1355 1353//1353 1546//1546
f 1546//1546 1356//1356 1355//1355
f 1547//1547 1356//1356 1548//1548
f 1549//1549 1548//1548 1356//1356
f 1546//1546 1550//1550 1356//1356
f 1550//1550 1549//1549 1356//1356
f 1356//1356 1547//1547 1357//1357
f 1551//1551 1384//1384 1357//1357
f 1357//1357 1547//1547 1551//1551
f 1358//1358 1359//1359 1552//1552
f 1552//1552 1359//1359 1553//1553
f 1360//1360 1553//1553 1359//1359
f 1552//1552 1543//1543 1358//1358
f 1360//1360 1554//1554 1553//1553
f 1554//1554 1360//1360 1555//1555
f 1361//1361 1555//1555 1360//1360
f 1556//1556 1555//1555 1361//1361
f 1556//1556 1361//1361 1557//1557
f 1361//1361 1365//1365 1557//1557
f 1364//1364 1363//1363 1366//1366
f 1364//1364 1558//1558 1365//1365
f 1365//1365 1558//1558 1557//1557
f 1368//1368 1364//1364 1366//1366
f 1364//1364 1368//1368 1559//1559
f 1369//1369 1559//1559 1368//1368
f 1560//1560 1369//1369 1515//1515
f 1559//1559 1369//1369 1560//1560
f 1370//1370 1373//1373 1561//1561
f 1396//1396 1380//1380 1370//1370
f 1370//1370 1561//1561 1396//1396
f 1371//1371 1562//1562 1379//1379
f 1562//1562 1371//1371 1563//1563
f 1372//1372 1563//1563 1371//1371
f 1372//1372 1564//1564 1563//1563
f 1565//1565 1564//1564 1372//1372
f 1565//1565 1372//1372 1566//1566
f 1381//1381 1566//1566 1372//1372
f 1373//1373 1567//1567 1561//1561
f 1374//1374 1567//1567 1373//1373
f 1567//1567 1374//1374 1375//1375
f 1375//1375 1568//1568 1567//1567
f 1568//1568 1375//1375 1376//1376
f 1376//1376 1569//1569 1568//1568
f 1570//1570 1376//1376 1377//1377
f 1569//1569 1376//1376 1570//1570
f 1570//1570 1377//1377 1571//1571
f 1572//1572 1571//1571 1377//1377
f 1378//1378 1572//1572 1377//1377
f 1378//1378 1562//1562 1563//1563
f 1563//1563 1572//1572 1378//1378
f 1379//1379 1562//1562 1378//1378
f 1381//1381 1383//1383 1566//1566
f 1383//1383 1382//1382 1566//1566
f 1566//1566 1382//1382 1573//1573
f 1574//1574 1573//1573 1382//1382
f 1574//1574 1382//1382 1385//1385
f 1384//1384 1575//1575 1385//1385
f 1551//1551 1575//1575 1384//1384
f 1574//1574 1385//1385 1575//1575
f 1576//1576 1389//1389 1386//1386
f 1394//1394 1576//1576 1386//1386
f 1388//1388 1387//1387 1577//1577
f 1577//1577 1387//1387 1389//1389
f 1577//1577 1399//1399 1388//1388
f 1389//1389 1578//1578 1577//1577
f 1579//1579 1578//1578 1389//1389
f 1576//1576 1579//1579 1389//1389
f 1390//1390 1580//1580 1393//1393
f 1580//1580 1390//1390 1392//1392
f 1391//1391 1581//1581 1582//1582
f 1583//1583 1584//1584 1391//1391
f 1391//1391 1582//1582 1583//1583
f 1395//1395 1581//1581 1391//1391
f 1391//1391 1584//1584 1392//1392
f 1585//1585 1580//1580 1392//1392
f 1392//1392 1584//1584 1585//1585
f 1394//1394 1393//1393 1586//1586
f 1586//1586 1576//1576 1394//1394
f 1393//1393 1580//1580 1586//1586
f 1587//1587 1581//1581 1395//1395
f 1587//1587 1395//1395 1588//1588
f 1589//1589 1588//1588 1395//1395
f 1396//1396 1589//1589 1395//1395
f 1561//1561 1590//1590 1396//1396
f 1590//1590 1589//1589 1396//1396
f 1400//1400 1397//1397 1591//1591
f 1397//1397 1398//1398 1591//1591
f 1399//1399 1591//1591 1398//1398
f 1591//1591 1399//1399 1577//1577
f 1591//1591 1401//1401 1400//1400
f 1401//1401 1592//1592 1593//1593
f 1594//1594 1592//1592 1401//1401
f 1594//1594 1401//1401 1591//1591
f 1402//1402 1401//1401 1593//1593
f 1402//1402 1593//1593 1403//1403
f 1593//1593 1404//1404 1403//1403
f 1404//1404 1593//1593 1406//1406
f 1406//1406 1595//1595 1407//1407
f 1407//1407 1595//1595 1596//1596
f 1596//1596 1597//1597 1407//1407
f 1410//1410 1407//1407 1597//1597
f 1595//1595 1406//1406 1593//1593
f 1408//1408 1598//1598 1409//1409
f 1598//1598 1599//1599 1409//1409
f 1409//1409 1599//1599 1528//1528
f 1598//1598 1408//1408 1410//1410
f 1410//1410 1597//1597 1598//1598
f 1420//1420 1412//1412 1413//1413
f 1413//1413 1600//1600 1500//1500
f 1500//1500 1420//1420 1413//1413
f 1600//1600 1413//1413 1416//1416
f 1601//1601 1417//1417 1414//1414
f 1601//1601 1414//1414 1446//1446
f 1602//1602 1416//1416 1415//1415
f 1602//1602 1600//1600 1416//1416
f 1415//1415 1601//1601 1446//1446
f 1417//1417 1601//1601 1415//1415
f 1603//1603 1415//1415 1446//1446
f 1604//1604 1415//1415 1603//1603
f 1602//1602 1415//1415 1604//1604
f 1430//1430 1445//1445 1421//1421
f 1438//1438 1428//1428 1422//1422
f 1424//1424 1605//1605 1423//1423
f 1423//1423 1606//1606 1429//1429
f 1605//1605 1606//1606 1423//1423
f 1425//1425 1607//1607 1424//1424
f 1425//1425 1426//1426 1608//1608
f 1607//1607 1425//1425 1609//1609
f 1609//1609 1425//1425 1608//1608
f 1605//1605 1424//1424 1610//1610
f 1611//1611 1610//1610 1424//1424
f 1607//1607 1611//1611 1424//1424
f 1426//1426 1427//1427 1612//1612
f 1426//1426 1612//1612 1608//1608
f 1613//1613 1427//1427 1428//1428
f 1614//1614 1427//1427 1613//1613
f 1612//1612 1427//1427 1614//1614
f 1438//1438 1615//1615 1428//1428
f 1428//1428 1615//1615 1616//1616
f 1428//1428 1616//1616 1613//1613
f 1430//1430 1429//1429 1606//1606
f 1430//1430 1617//1617 1445//1445
f 1606//1606 1617//1617 1430//1430
f 1436//1436 1431//1431 1433//1433
f 1618//1618 1433//1433 1432//1432
f 1432//1432 1435//1435 1618//1618
f 1433//1433 1619//1619 1436//1436
f 1618//1618 1619//1619 1433//1433
f 1435//1435 1620//1620 1621//1621
f 1618//1618 1435//1435 1621//1621
f 1620//1620 1435//1435 1462//1462
f 1436//1436 1619//1619 1437//1437
f 1437//1437 1619//1619 1622//1622
f 1437//1437 1622//1622 1623//1623
f 1437//1437 1623//1623 1439//1439
f 1440//1440 1624//1624 1438//1438
f 1624//1624 1625//1625 1438//1438
f 1438//1438 1625//1625 1615//1615
f 1439//1439 1623//1623 1441//1441
f 1441//1441 1626//1626 1440//1440
f 1626//1626 1624//1624 1440//1440
f 1623//1623 1627//1627 1441//1441
f 1441//1441 1627//1627 1626//1626
f 1453//1453 1443//1443 1444//1444
f 1444//1444 1445//1445 1453//1453
f 1454//1454 1453//1453 1445//1445
f 1617//1617 1454//1454 1445//1445
f 1603//1603 1446//1446 1628//1628
f 1628//1628 1446//1446 1629//1629
f 1448//1448 1629//1629 1446//1446
f 1629//1629 1448//1448 1447//1447
f 1450//1450 1447//1447 1449//1449
f 1629//1629 1447//1447 1630//1630
f 1450//1450 1630//1630 1447//1447
f 1631//1631 1630//1630 1450//1450
f 1452//1452 1631//1631 1450//1450
f 1451//1451 1632//1632 1633//1633
f 1633//1633 1452//1452 1451//1451
f 1451//1451 1634//1634 1632//1632
f 1451//1451 1456//1456 1635//1635
f 1635//1635 1634//1634 1451//1451
f 1633//1633 1631//1631 1452//1452
f 1636//1636 1455//1455 1454//1454
f 1636//1636 1454//1454 1617//1617
f 1456//1456 1455//1455 1636//1636
f 1637//1637 1635//1635 1456//1456
f 1636//1636 1638//1638 1456//1456
f 1456//1456 1639//1639 1637//1637
f 1640//1640 1639//1639 1456//1456
f 1456//1456 1638//1638 1640//1640
f 1459//1459 1460//1460 1461//1461
f 1460//1460 1641//1641 1461//1461
f 1464//1464 1483//1483 1460//1460
f 1483//1483 1642//1642 1460//1460
f 1642//1642 1643//1643 1460//1460
f 1460//1460 1643//1643 1641//1641
f 1641//1641 1463//1463 1461//1461
f 1462//1462 1644//1644 1645//1645
f 1644//1644 1462//1462 1463//1463
f 1645//1645 1620//1620 1462//1462
f 1646//1646 1463//1463 1641//1641
f 1647//1647 1463//1463 1646//1646
f 1463//1463 1647//1647 1644//1644
f 1465//1465 1466//1466 1467//1467
f 1466//1466 1275//1275 1648//1648
f 1648//1648 1275//1275 1485//1485
f 1466//1466 1648//1648 1649//1649
f 1467//1467 1466//1466 1649//1649
f 1467//1467 1650//1650 1469//1469
f 1467//1467 1649//1649 1651//1651
f 1651//1651 1650//1650 1467//1467
f 1652//1652 1468//1468 1469//1469
f 1469//1469 1650//1650 1652//1652
f 1653//1653 1654//1654 1468//1468
f 1470//1470 1468//1468 1654//1654
f 1468//1468 1652//1652 1653//1653
f 1471//1471 1470//1470 1654//1654
f 1471//1471 1655//1655 1474//1474
f 1654//1654 1655//1655 1471//1471
f 1472//1472 1656//1656 1657//1657
f 1656//1656 1472//1472 1473//1473
f 1657//1657 1475//1475 1472//1472
f 1658//1658 1473//1473 1474//1474
f 1473//1473 1658//1658 1656//1656
f 1659//1659 1658//1658 1474//1474
f 1474//1474 1655//1655 1659//1659
f 1476//1476 1475//1475 1657//1657
f 1657//1657 1660//1660 1476//1476
f 1478//1478 1476//1476 1660//1660
f 1661//1661 1479//1479 1477//1477
f 1662//1662 1477//1477 1478//1478
f 1662//1662 1663//1663 1477//1477
f 1477//1477 1663//1663 1661//1661
f 1662//1662 1478//1478 1664//1664
f 1664//1664 1478//1478 1660//1660
f 1661//1661 1665//1665 1479//1479
f 1665//1665 1666//1666 1479//1479
f 1479//1479 1666//1666 1481//1481
f 1667//1667 1480//1480 1666//1666
f 1481//1481 1666//1666 1480//1480
f 1480//1480 1667//1667 1482//1482
f 1642//1642 1483//1483 1482//1482
f 1667//1667 1642//1642 1482//1482
f 1485//1485 1484//1484 1511//1511
f 1511//1511 1668//1668 1485//1485
f 1648//1648 1485//1485 1668//1668
f 1669//1669 1488//1488 1489//1489
f 1489//1489 1496//1496 1669//1669
f 1488//1488 1670//1670 1491//1491
f 1671//1671 1670//1670 1488//1488
f 1672//1672 1488//1488 1669//1669
f 1672//1672 1671//1671 1488//1488
f 1673//1673 1491//1491 1674//1674
f 1674//1674 1491//1491 1670//1670
f 1491//1491 1673//1673 1504//1504
f 1675//1675 1676//1676 1492//1492
f 1499//1499 1675//1675 1492//1492
f 1493//1493 1492//1492 1676//1676
f 1493//1493 1676//1676 1494//1494
f 1676//1676 1677//1677 1494//1494
f 1494//1494 1677//1677 1497//1497
f 1498//1498 1496//1496 1495//1495
f 1678//1678 1496//1496 1498//1498
f 1678//1678 1669//1669 1496//1496
f 1497//1497 1679//1679 1498//1498
f 1677//1677 1680//1680 1497//1497
f 1679//1679 1497//1497 1680//1680
f 1679//1679 1678//1678 1498//1498
f 1501//1501 1675//1675 1499//1499
f 1681//1681 1501//1501 1500//1500
f 1675//1675 1501//1501 1682//1682
f 1681//1681 1682//1682 1501//1501
f 1500//1500 1600//1600 1681//1681
f 1502//1502 1503//1503 1683//1683
f 1502//1502 1683//1683 1508//1508
f 1508//1508 1505//1505 1502//1502
f 1673//1673 1683//1683 1503//1503
f 1503//1503 1504//1504 1673//1673
f 1684//1684 1510//1510 1506//1506
f 1507//1507 1684//1684 1506//1506
f 1507//1507 1508//1508 1685//1685
f 1508//1508 1683//1683 1686//1686
f 1685//1685 1508//1508 1687//1687
f 1686//1686 1687//1687 1508//1508
f 1507//1507 1688//1688 1684//1684
f 1689//1689 1690//1690 1507//1507
f 1690//1690 1688//1688 1507//1507
f 1685//1685 1691//1691 1507//1507
f 1689//1689 1507//1507 1691//1691
f 1512//1512 1509//1509 1510//1510
f 1511//1511 1510//1510 1692//1692
f 1668//1668 1511//1511 1692//1692
f 1510//1510 1684//1684 1692//1692
f 1514//1514 1521//1521 1693//1693
f 1514//1514 1693//1693 1694//1694
f 1560//1560 1515//1515 1514//1514
f 1514//1514 1694//1694 1560//1560
f 1518//1518 1517//1517 1695//1695
f 1696//1696 1522//1522 1518//1518
f 1696//1696 1518//1518 1695//1695
f 1697//1697 1517//1517 1519//1519
f 1698//1698 1695//1695 1517//1517
f 1517//1517 1697//1697 1698//1698
f 1519//1519 1699//1699 1697//1697
f 1700//1700 1699//1699 1519//1519
f 1520//1520 1700//1700 1519//1519
f 1520//1520 1542//1542 1700//1700
f 1521//1521 1701//1701 1693//1693
f 1702//1702 1701//1701 1521//1521
f 1521//1521 1525//1525 1702//1702
f 1522//1522 1696//1696 1703//1703
f 1522//1522 1703//1703 1523//1523
f 1523//1523 1703//1703 1704//1704
f 1705//1705 1523//1523 1704//1704
f 1705//1705 1524//1524 1523//1523
f 1524//1524 1706//1706 1525//1525
f 1525//1525 1706//1706 1702//1702
f 1524//1524 1705//1705 1706//1706
f 1527//1527 1707//1707 1540//1540
f 1528//1528 1707//1707 1527//1527
f 1599//1599 1707//1707 1528//1528
f 1708//1708 1529//1529 1534//1534
f 1530//1530 1529//1529 1708//1708
f 1708//1708 1709//1709 1530//1530
f 1530//1530 1709//1709 1531//1531
f 1531//1531 1710//1710 1532//1532
f 1532//1532 1710//1710 1711//1711
f 1711//1711 1712//1712 1532//1532
f 1532//1532 1712//1712 1533//1533
f 1531//1531 1713//1713 1710//1710
f 1709//1709 1713//1713 1531//1531
f 1533//1533 1712//1712 1541//1541
f 1534//1534 1535//1535 1708//1708
f 1535//1535 1714//1714 1715//1715
f 1535//1535 1715//1715 1708//1708
f 1714//1714 1535//1535 1538//1538
f 1538//1538 1537//1537 1716//1716
f 1538//1538 1716//1716 1717//1717
f 1717//1717 1714//1714 1538//1538
f 1540//1540 1718//1718 1537//1537
f 1718//1718 1716//1716 1537//1537
f 1540//1540 1537//1537 1539//1539
f 1718//1718 1540//1540 1707//1707
f 1542//1542 1541//1541 1719//1719
f 1712//1712 1719//1719 1541//1541
f 1699//1699 1700//1700 1542//1542
f 1719//1719 1720//1720 1542//1542
f 1542//1542 1720//1720 1699//1699
f 1543//1543 1552//1552 1544//1544
f 1545//1545 1544//1544 1550//1550
f 1545//1545 1550//1550 1546//1546
f 1721//1721 1722//1722 1544//1544
f 1544//1544 1552//1552 1721//1721
f 1544//1544 1722//1722 1723//1723
f 1544//1544 1723//1723 1550//1550
f 1548//1548 1724//1724 1547//1547
f 1725//1725 1724//1724 1548//1548
f 1548//1548 1549//1549 1725//1725
f 1547//1547 1724//1724 1726//1726
f 1726//1726 1551//1551 1547//1547
f 1727//1727 1728//1728 1549//1549
f 1549//1549 1728//1728 1725//1725
f 1549//1549 1550//1550 1723//1723
f 1723//1723 1727//1727 1549//1549
f 1575//1575 1551//1551 1726//1726
f 1729//1729 1552//1552 1553//1553
f 1552//1552 1729//1729 1721//1721
f 1553//1553 1730//1730 1729//1729
f 1554//1554 1730//1730 1553//1553
f 1554//1554 1731//1731 1732//1732
f 1555//1555 1731//1731 1554//1554
f 1554//1554 1732//1732 1733//1733
f 1554//1554 1733//1733 1730//1730
f 1555//1555 1734//1734 1735//1735
f 1555//1555 1735//1735 1736//1736
f 1736//1736 1731//1731 1555//1555
f 1556//1556 1734//1734 1555//1555
f 1737//1737 1734//1734 1556//1556
f 1737//1737 1556//1556 1557//1557
f 1738//1738 1737//1737 1557//1557
f 1557//1557 1559//1559 1738//1738
f 1557//1557 1558//1558 1559//1559
f 1559//1559 1558//1558 1364//1364
f 1738//1738 1559//1559 1560//1560
f 1560//1560 1694//1694 1738//1738
f 1567//1567 1739//1739 1561//1561
f 1740//1740 1590//1590 1561//1561
f 1740//1740 1561//1561 1739//1739
f 1563//1563 1741//1741 1572//1572
f 1742//1742 1741//1741 1563//1563
f 1742//1742 1563//1563 1564//1564
f 1564//1564 1565//1565 1743//1743
f 1564//1564 1743//1743 1742//1742
f 1566//1566 1744//1744 1565//1565
f 1745//1745 1743//1743 1565//1565
f 1744//1744 1745//1745 1565//1565
f 1573//1573 1746//1746 1566//1566
f 1747//1747 1744//1744 1566//1566
f 1566//1566 1746//1746 1747//1747
f 1567//1567 1568//1568 1748//1748
f 1567//1567 1748//1748 1739//1739
f 1568//1568 1569//1569 1749//1749
f 1749//1749 1750//1750 1568//1568
f 1568//1568 1750//1750 1748//1748
f 1570//1570 1749//1749 1569//1569
f 1751//1751 1749//1749 1570//1570
f 1571//1571 1751//1751 1570//1570
f 1752//1752 1571//1571 1572//1572
f 1752//1752 1751//1751 1571//1571
f 1753//1753 1572//1572 1741//1741
f 1572//1572 1753//1753 1752//1752
f 1746//1746 1573//1573 1754//1754
f 1754//1754 1573//1573 1574//1574
f 1575//1575 1726//1726 1574//1574
f 1574//1574 1726//1726 1754//1754
f 1586//1586 1579//1579 1576//1576
f 1577//1577 1578//1578 1755//1755
f 1591//1591 1577//1577 1755//1755
f 1755//1755 1578//1578 1756//1756
f 1579//1579 1756//1756 1578//1578
f 1586//1586 1757//1757 1579//1579
f 1756//1756 1579//1579 1757//1757
f 1580//1580 1758//1758 1586//1586
f 1585//1585 1758//1758 1580//1580
f 1759//1759 1582//1582 1581//1581
f 1582//1582 1760//1760 1761//1761
f 1761//1761 1583//1583 1582//1582
f 1759//1759 1760//1760 1582//1582
f 1581//1581 1587//1587 1759//1759
f 1584//1584 1583//1583 1762//1762
f 1763//1763 1764//1764 1584//1584
f 1762//1762 1763//1763 1584//1584
f 1758//1758 1585//1585 1584//1584
f 1758//1758 1584//1584 1764//1764
f 1765//1765 1762//1762 1583//1583
f 1583//1583 1766//1766 1765//1765
f 1761//1761 1766//1766 1583//1583
f 1764//1764 1757//1757 1586//1586
f 1764//1764 1586//1586 1758//1758
f 1587//1587 1767//1767 1759//1759
f 1768//1768 1767//1767 1587//1587
f 1588//1588 1768//1768 1587//1587
f 1769//1769 1588//1588 1770//1770
f 1771//1771 1770//1770 1588//1588
f 1589//1589 1740//1740 1588//1588
f 1588//1588 1769//1769 1768//1768
f 1740//1740 1771//1771 1588//1588
f 1589//1589 1590//1590 1740//1740
f 1591//1591 1772//1772 1594//1594
f 1755//1755 1772//1772 1591//1591
f 1592//1592 1773//1773 1593//1593
f 1593//1593 1773//1773 1595//1595
f 1774//1774 1592//1592 1772//1772
f 1772//1772 1592//1592 1594//1594
f 1775//1775 1773//1773 1592//1592
f 1592//1592 1776//1776 1775//1775
f 1774//1774 1776//1776 1592//1592
f 1595//1595 1777//1777 1596//1596
f 1595//1595 1773//1773 1778//1778
f 1778//1778 1777//1777 1595//1595
f 1597//1597 1596//1596 1779//1779
f 1780//1780 1779//1779 1596//1596
f 1596//1596 1777//1777 1780//1780
f 1779//1779 1781//1781 1597//1597
f 1782//1782 1598//1598 1597//1597
f 1597//1597 1783//1783 1782//1782
f 1597//1597 1781//1781 1784//1784
f 1784//1784 1783//1783 1597//1597
f 1782//1782 1599//1599 1598//1598
f 1599//1599 1782//1782 1785//1785
f 1786//1786 1707//1707 1599//1599
f 1599//1599 1785//1785 1786//1786
f 1602//1602 1681//1681 1600//1600
f 1604//1604 1787//1787 1602//1602
f 1681//1681 1602//1602 1787//1787
f 1628//1628 1788//1788 1603//1603
f 1603//1603 1788//1788 1789//1789
f 1603//1603 1790//1790 1604//1604
f 1791//1791 1603//1603 1789//1789
f 1792//1792 1790//1790 1603//1603
f 1792//1792 1603//1603 1791//1791
f 1790//1790 1787//1787 1604//1604
f 1610//1610 1793//1793 1605//1605
f 1793//1793 1606//1606 1605//1605
f 1617//1617 1606//1606 1794//1794
f 1606//1606 1795//1795 1794//1794
f 1793//1793 1795//1795 1606//1606
f 1796//1796 1607//1607 1609//1609
f 1797//1797 1607//1607 1796//1796
f 1611//1611 1607//1607 1797//1797
f 1608//1608 1798//1798 1799//1799
f 1612//1612 1798//1798 1608//1608
f 1608//1608 1799//1799 1800//1800
f 1608//1608 1801//1801 1609//1609
f 1800//1800 1801//1801 1608//1608
f 1609//1609 1801//1801 1802//1802
f 1802//1802 1796//1796 1609//1609
f 1793//1793 1610//1610 1803//1803
f 1610//1610 1611//1611 1804//1804
f 1610//1610 1804//1804 1805//1805
f 1805//1805 1803//1803 1610//1610
f 1611//1611 1806//1806 1807//1807
f 1807//1807 1804//1804 1611//1611
f 1797//1797 1806//1806 1611//1611
f 1614//1614 1798//1798 1612//1612
f 1614//1614 1613//1613 1616//1616
f 1616//1616 1798//1798 1614//1614
f 1808//1808 1615//1615 1625//1625
f 1615//1615 1808//1808 1616//1616
f 1798//1798 1616//1616 1808//1808
f 1638//1638 1636//1636 1617//1617
f 1617//1617 1794//1794 1638//1638
f 1619//1619 1618//1618 1622//1622
f 1618//1618 1809//1809 1810//1810
f 1622//1622 1618//1618 1811//1811
f 1618//1618 1621//1621 1809//1809
f 1810//1810 1811//1811 1618//1618
f 1620//1620 1812//1812 1621//1621
f 1809//1809 1621//1621 1812//1812
f 1645//1645 1812//1812 1620//1620
f 1627//1627 1623//1623 1622//1622
f 1627//1627 1622//1622 1811//1811
f 1626//1626 1813//1813 1624//1624
f 1625//1625 1624//1624 1813//1813
f 1814//1814 1625//1625 1813//1813
f 1808//1808 1625//1625 1814//1814
f 1811//1811 1813//1813 1626//1626
f 1811//1811 1626//1626 1627//1627
f 1628//1628 1629//1629 1630//1630
f 1815//1815 1788//1788 1628//1628
f 1631//1631 1815//1815 1628//1628
f 1631//1631 1628//1628 1630//1630
f 1789//1789 1815//1815 1631//1631
f 1789//1789 1631//1631 1633//1633
f 1632//1632 1791//1791 1633//1633
f 1789//1789 1633//1633 1791//1791
f 1816//1816 1791//1791 1632//1632
f 1634//1634 1816//1816 1632//1632
f 1634//1634 1635//1635 1817//1817
f 1816//1816 1634//1634 1817//1817
f 1817//1817 1635//1635 1637//1637
f 1637//1637 1639//1639 1818//1818
f 1817//1817 1637//1637 1818//1818
f 1819//1819 1640//1640 1638//1638
f 1638//1638 1794//1794 1819//1819
f 1639//1639 1640//1640 1820//1820
f 1820//1820 1818//1818 1639//1639
f 1821//1821 1640//1640 1803//1803
f 1793//1793 1803//1803 1640//1640
f 1640//1640 1819//1819 1793//1793
f 1822//1822 1820//1820 1640//1640
f 1821//1821 1822//1822 1640//1640
f 1823//1823 1641//1641 1643//1643
f 1823//1823 1646//1646 1641//1641
f 1642//1642 1667//1667 1824//1824
f 1824//1824 1643//1643 1642//1642
f 1825//1825 1823//1823 1643//1643
f 1643//1643 1824//1824 1825//1825
f 1826//1826 1645//1645 1644//1644
f 1826//1826 1827//1827 1645//1645
f 1812//1812 1645//1645 1827//1827
f 1828//1828 1829//1829 1644//1644
f 1644//1644 1647//1647 1828//1828
f 1830//1830 1644//1644 1829//1829
f 1644//1644 1830//1830 1826//1826
f 1646//1646 1823//1823 1831//1831
f 1831//1831 1647//1647 1646//1646
f 1831//1831 1828//1828 1647//1647
f 1648//1648 1668//1668 1649//1649
f 1649//1649 1668//1668 1651//1651
f 1650//1650 1651//1651 1832//1832
f 1650//1650 1832//1832 1652//1652
f 1692//1692 1651//1651 1668//1668
f 1833//1833 1651//1651 1690//1690
f 1651//1651 1688//1688 1690//1690
f 1651//1651 1692//1692 1688//1688
f 1832//1832 1651//1651 1833//1833
f 1832//1832 1834//1834 1652//1652
f 1653//1653 1652//1652 1834//1834
f 1835//1835 1654//1654 1653//1653
f 1654//1654 1836//1836 1837//1837
f 1835//1835 1836//1836 1654//1654
f 1654//1654 1837//1837 1838//1838
f 1838//1838 1655//1655 1654//1654
f 1839//1839 1653//1653 1834//1834
f 1653//1653 1840//1840 1835//1835
f 1840//1840 1653//1653 1839//1839
f 1655//1655 1838//1838 1659//1659
f 1656//1656 1658//1658 1657//1657
f 1841//1841 1657//1657 1658//1658
f 1842//1842 1843//1843 1657//1657
f 1843//1843 1844//1844 1657//1657
f 1657//1657 1841//1841 1842//1842
f 1845//1845 1657//1657 1844//1844
f 1660//1660 1657//1657 1845//1845
f 1658//1658 1659//1659 1846//1846
f 1658//1658 1846//1846 1841//1841
f 1846//1846 1659//1659 1847//1847
f 1659//1659 1838//1838 1847//1847
f 1848//1848 1664//1664 1660//1660
f 1848//1848 1660//1660 1849//1849
f 1660//1660 1845//1845 1849//1849
f 1663//1663 1665//1665 1661//1661
f 1663//1663 1662//1662 1850//1850
f 1850//1850 1662//1662 1664//1664
f 1663//1663 1851//1851 1665//1665
f 1851//1851 1663//1663 1850//1850
f 1664//1664 1852//1852 1850//1850
f 1848//1848 1852//1852 1664//1664
f 1666//1666 1665//1665 1853//1853
f 1851//1851 1853//1853 1665//1665
f 1667//1667 1666//1666 1853//1853
f 1854//1854 1667//1667 1853//1853
f 1824//1824 1667//1667 1854//1854
f 1669//1669 1678//1678 1855//1855
f 1855//1855 1672//1672 1669//1669
f 1670//1670 1671//1671 1674//1674
f 1855//1855 1856//1856 1671//1671
f 1674//1674 1671//1671 1857//1857
f 1856//1856 1857//1857 1671//1671
f 1671//1671 1672//1672 1855//1855
f 1674//1674 1857//1857 1673//1673
f 1683//1683 1673//1673 1858//1858
f 1858//1858 1673//1673 1857//1857
f 1859//1859 1676//1676 1675//1675
f 1676//1676 1859//1859 1860//1860
f 1676//1676 1860//1860 1861//1861
f 1862//1862 1676//1676 1861//1861
f 1677//1677 1676//1676 1862//1862
f 1682//1682 1859//1859 1675//1675
f 1677//1677 1862//1862 1680//1680
f 1679//1679 1863//1863 1678//1678
f 1855//1855 1678//1678 1864//1864
f 1864//1864 1678//1678 1863//1863
f 1679//1679 1680//1680 1865//1865
f 1863//1863 1679//1679 1866//1866
f 1866//1866 1679//1679 1865//1865
f 1680//1680 1862//1862 1865//1865
f 1867//1867 1682//1682 1681//1681
f 1868//1868 1869//1869 1681//1681
f 1869//1869 1867//1867 1681//1681
f 1681//1681 1787//1787 1790//1790
f 1868//1868 1681//1681 1870//1870
f 1681//1681 1790//1790 1870//1870
f 1867//1867 1859//1859 1682//1682
f 1858//1858 1871//1871 1683//1683
f 1686//1686 1683//1683 1871//1871
f 1688//1688 1692//1692 1684//1684
f 1687//1687 1872//1872 1685//1685
f 1872//1872 1691//1691 1685//1685
f 1686//1686 1873//1873 1687//1687
f 1874//1874 1686//1686 1871//1871
f 1686//1686 1874//1874 1873//1873
f 1875//1875 1872//1872 1687//1687
f 1875//1875 1687//1687 1873//1873
f 1690//1690 1689//1689 1876//1876
f 1877//1877 1834//1834 1690//1690
f 1690//1690 1876//1876 1877//1877
f 1690//1690 1834//1834 1833//1833
f 1689//1689 1691//1691 1878//1878
f 1878//1878 1876//1876 1689//1689
f 1872//1872 1879//1879 1691//1691
f 1878//1878 1691//1691 1879//1879
f 1693//1693 1701//1701 1694//1694
f 1694//1694 1701//1701 1738//1738
f 1695//1695 1880//1880 1881//1881
f 1698//1698 1882//1882 1695//1695
f 1695//1695 1882//1882 1880//1880
f 1695//1695 1881//1881 1696//1696
f 1696//1696 1883//1883 1704//1704
f 1704//1704 1703//1703 1696//1696
f 1696//1696 1881//1881 1883//1883
f 1697//1697 1699//1699 1698//1698
f 1882//1882 1698//1698 1884//1884
f 1698//1698 1699//1699 1884//1884
f 1720//1720 1884//1884 1699//1699
f 1701//1701 1885//1885 1738//1738
f 1885//1885 1701//1701 1702//1702
f 1886//1886 1885//1885 1702//1702
f 1702//1702 1706//1706 1886//1886
f 1883//1883 1887//1887 1704//1704
f 1704//1704 1887//1887 1888//1888
f 1704//1704 1888//1888 1705//1705
f 1705//1705 1888//1888 1886//1886
f 1705//1705 1886//1886 1706//1706
f 1707//1707 1786//1786 1718//1718
f 1708//1708 1889//1889 1890//1890
f 1715//1715 1889//1889 1708//1708
f 1708//1708 1890//1890 1709//1709
f 1709//1709 1890//1890 1713//1713
f 1891//1891 1710//1710 1713//1713
f 1892//1892 1711//1711 1710//1710
f 1893//1893 1710//1710 1891//1891
f 1893//1893 1892//1892 1710//1710
f 1711//1711 1892//1892 1894//1894
f 1895//1895 1712//1712 1711//1711
f 1895//1895 1711//1711 1894//1894
f 1712//1712 1895//1895 1719//1719
f 1896//1896 1897//1897 1713//1713
f 1896//1896 1713//1713 1890//1890
f 1891//1891 1713//1713 1897//1897
f 1715//1715 1714//1714 1898//1898
f 1715//1715 1898//1898 1889//1889
f 1899//1899 1898//1898 1714//1714
f 1714//1714 1717//1717 1899//1899
f 1716//1716 1900//1900 1717//1717
f 1718//1718 1901//1901 1716//1716
f 1901//1901 1900//1900 1716//1716
f 1899//1899 1717//1717 1902//1902
f 1717//1717 1903//1903 1902//1902
f 1900//1900 1904//1904 1717//1717
f 1903//1903 1717//1717 1904//1904
f 1905//1905 1718//1718 1786//1786
f 1905//1905 1901//1901 1718//1718
f 1719//1719 1895//1895 1720//1720
f 1720//1720 1895//1895 1906//1906
f 1720//1720 1882//1882 1884//1884
f 1720//1720 1880//1880 1882//1882
f 1907//1907 1880//1880 1720//1720
f 1720//1720 1906//1906 1907//1907
f 1721//1721 1908//1908 1722//1722
f 1909//1909 1723//1723 1722//1722
f 1909//1909 1722//1722 1908//1908
f 1729//1729 1908//1908 1721//1721
f 1723//1723 1909//1909 1727//1727
f 1724//1724 1910//1910 1911//1911
f 1724//1724 1754//1754 1726//1726
f 1724//1724 1725//1725 1910//1910
f 1911//1911 1754//1754 1724//1724
f 1728//1728 1910//1910 1725//1725
f 1728//1728 1727//1727 1909//1909
f 1909//1909 1912//1912 1728//1728
f 1912//1912 1913//1913 1728//1728
f 1910//1910 1728//1728 1913//1913
f 1729//1729 1914//1914 1908//1908
f 1730//1730 1914//1914 1729//1729
f 1730//1730 1733//1733 1914//1914
f 1731//1731 1915//1915 1732//1732
f 1733//1733 1732//1732 1916//1916
f 1732//1732 1915//1915 1916//1916
f 1731//1731 1736//1736 1917//1917
f 1915//1915 1731//1731 1918//1918
f 1917//1917 1918//1918 1731//1731
f 1919//1919 1914//1914 1733//1733
f 1920//1920 1921//1921 1733//1733
f 1733//1733 1916//1916 1920//1920
f 1919//1919 1733//1733 1921//1921
f 1735//1735 1734//1734 1922//1922
f 1735//1735 1922//1922 1923//1923
f 1735//1735 1923//1923 1736//1736
f 1923//1923 1922//1922 1734//1734
f 1924//1924 1923//1923 1734//1734
f 1925//1925 1924//1924 1734//1734
f 1925//1925 1734//1734 1737//1737
f 1736//1736 1926//1926 1927//1927
f 1927//1927 1917//1917 1736//1736
f 1926//1926 1736//1736 1923//1923
f 1925//1925 1737//1737 1738//1738
f 1738//1738 1928//1928 1929//1929
f 1929//1929 1930//1930 1738//1738
f 1738//1738 1930//1930 1925//1925
f 1928//1928 1738//1738 1885//1885
f 1740//1740 1739//1739 1931//1931
f 1931//1931 1739//1739 1748//1748
f 1932//1932 1740//1740 1931//1931
f 1932//1932 1771//1771 1740//1740
f 1933//1933 1753//1753 1741//1741
f 1934//1934 1741//1741 1743//1743
f 1741//1741 1934//1934 1933//1933
f 1743//1743 1741//1741 1742//1742
f 1935//1935 1743//1743 1745//1745
f 1743//1743 1935//1935 1934//1934
f 1744//1744 1747//1747 1936//1936
f 1745//1745 1744//1744 1937//1937
f 1936//1936 1937//1937 1744//1744
f 1937//1937 1935//1935 1745//1745
f 1938//1938 1746//1746 1754//1754
f 1747//1747 1746//1746 1938//1938
f 1939//1939 1940//1940 1747//1747
f 1941//1941 1936//1936 1747//1747
f 1747//1747 1940//1940 1942//1942
f 1938//1938 1939//1939 1747//1747
f 1747//1747 1943//1943 1941//1941
f 1747//1747 1942//1942 1943//1943
f 1931//1931 1748//1748 1932//1932
f 1748//1748 1750//1750 1932//1932
f 1749//1749 1944//1944 1945//1945
f 1932//1932 1750//1750 1749//1749
f 1751//1751 1944//1944 1749//1749
f 1749//1749 1945//1945 1770//1770
f 1770//1770 1932//1932 1749//1749
f 1946//1946 1947//1947 1751//1751
f 1947//1947 1944//1944 1751//1751
f 1753//1753 1751//1751 1752//1752
f 1946//1946 1751//1751 1753//1753
f 1753//1753 1948//1948 1946//1946
f 1948//1948 1753//1753 1933//1933
f 1754//1754 1911//1911 1938//1938
f 1755//1755 1756//1756 1949//1949
f 1755//1755 1949//1949 1772//1772
f 1757//1757 1949//1949 1756//1756
f 1764//1764 1950//1950 1757//1757
f 1757//1757 1951//1951 1949//1949
f 1757//1757 1952//1952 1951//1951
f 1952//1952 1757//1757 1950//1950
f 1759//1759 1767//1767 1953//1953
f 1953//1953 1760//1760 1759//1759
f 1760//1760 1766//1766 1761//1761
f 1760//1760 1954//1954 1766//1766
f 1955//1955 1954//1954 1760//1760
f 1953//1953 1955//1955 1760//1760
f 1956//1956 1763//1763 1762//1762
f 1957//1957 1958//1958 1762//1762
f 1765//1765 1957//1957 1762//1762
f 1762//1762 1958//1958 1956//1956
f 1764//1764 1763//1763 1950//1950
f 1763//1763 1956//1956 1950//1950
f 1765//1765 1959//1959 1957//1957
f 1960//1960 1959//1959 1765//1765
f 1765//1765 1766//1766 1960//1960
f 1954//1954 1960//1960 1766//1766
f 1767//1767 1961//1961 1953//1953
f 1961//1961 1767//1767 1962//1962
f 1962//1962 1767//1767 1768//1768
f 1768//1768 1963//1963 1962//1962
f 1769//1769 1963//1963 1768//1768
f 1770//1770 1964//1964 1769//1769
f 1932//1932 1770//1770 1771//1771
f 1964//1964 1770//1770 1945//1945
f 1965//1965 1769//1769 1966//1966
f 1965//1965 1963//1963 1769//1769
f 1966//1966 1769//1769 1964//1964
f 1967//1967 1772//1772 1949//1949
f 1967//1967 1774//1774 1772//1772
f 1775//1775 1778//1778 1773//1773
f 1774//1774 1968//1968 1969//1969
f 1969//1969 1776//1776 1774//1774
f 1967//1967 1968//1968 1774//1774
f 1778//1778 1775//1775 1776//1776
f 1780//1780 1776//1776 1970//1970
f 1970//1970 1776//1776 1969//1969
f 1776//1776 1777//1777 1778//1778
f 1780//1780 1777//1777 1776//1776
f 1970//1970 1779//1779 1780//1780
f 1971//1971 1781//1781 1779//1779
f 1779//1779 1970//1970 1972//1972
f 1972//1972 1971//1971 1779//1779
f 1973//1973 1781//1781 1974//1974
f 1971//1971 1974//1974 1781//1781
f 1975//1975 1784//1784 1781//1781
f 1781//1781 1973//1973 1975//1975
f 1783//1783 1785//1785 1782//1782
f 1783//1783 1784//1784 1976//1976
f 1977//1977 1783//1783 1976//1976
f 1783//1783 1977//1977 1905//1905
f 1783//1783 1905//1905 1785//1785
f 1976//1976 1784//1784 1978//1978
f 1979//1979 1784//1784 1975//1975
f 1784//1784 1979//1979 1978//1978
f 1785//1785 1905//1905 1786//1786
f 1815//1815 1789//1789 1788//1788
f 1870//1870 1790//1790 1792//1792
f 1791//1791 1980//1980 1792//1792
f 1816//1816 1980//1980 1791//1791
f 1981//1981 1792//1792 1980//1980
f 1982//1982 1870//1870 1792//1792
f 1982//1982 1792//1792 1981//1981
f 1819//1819 1795//1795 1793//1793
f 1794//1794 1795//1795 1819//1819
f 1983//1983 1796//1796 1802//1802
f 1797//1797 1796//1796 1983//1983
f 1984//1984 1985//1985 1797//1797
f 1983//1983 1984//1984 1797//1797
f 1985//1985 1806//1806 1797//1797
f 1798//1798 1808//1808 1799//1799
f 1986//1986 1799//1799 1808//1808
f 1987//1987 1800//1800 1799//1799
f 1799//1799 1986//1986 1987//1987
f 1983//1983 1800//1800 1987//1987
f 1801//1801 1800//1800 1802//1802
f 1802//1802 1800//1800 1983//1983
f 1803//1803 1805//1805 1821//1821
f 1988//1988 1805//1805 1804//1804
f 1989//1989 1804//1804 1807//1807
f 1988//1988 1804//1804 1989//1989
f 1805//1805 1990//1990 1821//1821
f 1805//1805 1988//1988 1991//1991
f 1991//1991 1990//1990 1805//1805
f 1807//1807 1806//1806 1989//1989
f 1806//1806 1992//1992 1993//1993
f 1993//1993 1994//1994 1806//1806
f 1994//1994 1989//1989 1806//1806
f 1992//1992 1806//1806 1985//1985
f 1986//1986 1808//1808 1814//1814
f 1809//1809 1995//1995 1810//1810
f 1986//1986 1814//1814 1810//1810
f 1810//1810 1996//1996 1986//1986
f 1814//1814 1811//1811 1810//1810
f 1810//1810 1995//1995 1996//1996
f 1809//1809 1812//1812 1995//1995
f 1813//1813 1811//1811 1814//1814
f 1812//1812 1827//1827 1995//1995
f 1980//1980 1816//1816 1997//1997
f 1997//1997 1816//1816 1998//1998
f 1816//1816 1817//1817 1998//1998
f 1999//1999 1998//1998 1817//1817
f 1818//1818 1999//1999 1817//1817
f 1818//1818 2000//2000 1999//1999
f 2000//2000 1818//1818 1820//1820
f 1990//1990 2001//2001 1820//1820
f 2001//2001 2000//2000 1820//1820
f 1990//1990 1820//1820 1822//1822
f 1990//1990 1822//1822 1821//1821
f 1831//1831 1823//1823 1825//1825
f 2002//2002 1825//1825 1824//1824
f 1854//1854 2003//2003 1824//1824
f 2003//2003 2002//2002 1824//1824
f 1825//1825 2004//2004 1831//1831
f 1825//1825 2005//2005 2004//2004
f 2002//2002 2005//2005 1825//1825
f 2006//2006 1826//1826 1830//1830
f 2006//2006 2007//2007 1826//1826
f 2007//2007 1827//1827 1826//1826
f 1995//1995 1827//1827 2008//2008
f 1827//1827 2007//2007 2008//2008
f 2004//2004 1829//1829 1828//1828
f 2009//2009 1829//1829 2004//2004
f 1829//1829 2009//2009 1830//1830
f 2004//2004 1828//1828 1831//1831
f 1830//1830 2010//2010 2011//2011
f 2010//2010 1830//1830 2012//2012
f 1830//1830 2011//2011 2006//2006
f 2013//2013 1830//1830 2009//2009
f 1830//1830 2013//2013 2012//2012
f 1834//1834 1832//1832 1833//1833
f 2014//2014 1834//1834 1877//1877
f 1834//1834 2014//2014 2015//2015
f 1834//1834 2015//2015 1839//1839
f 1835//1835 2016//2016 1836//1836
f 2016//2016 1835//1835 1840//1840
f 1837//1837 1836//1836 2016//2016
f 1837//1837 2016//2016 2017//2017
f 1847//1847 1838//1838 1837//1837
f 2017//2017 1847//1847 1837//1837
f 1839//1839 2015//2015 2018//2018
f 2019//2019 1840//1840 1839//1839
f 2019//2019 1839//1839 2018//2018
f 2020//2020 2016//2016 1840//1840
f 1840//1840 2019//2019 2020//2020
f 2021//2021 1841//1841 2022//2022
f 1841//1841 1846//1846 2022//2022
f 1842//1842 1841//1841 2021//2021
f 2023//2023 1843//1843 1842//1842
f 2024//2024 1844//1844 1843//1843
f 2023//2023 2024//2024 1843//1843
f 1842//1842 2021//2021 2023//2023
f 1849//1849 1845//1845 1844//1844
f 1849//1849 1844//1844 2024//2024
f 1847//1847 2025//2025 1846//1846
f 1846//1846 2025//2025 2022//2022
f 2025//2025 1847//1847 2017//2017
f 1852//1852 1848//1848 2026//2026
f 1849//1849 2026//2026 1848//1848
f 2027//2027 2026//2026 1849//1849
f 1849//1849 2028//2028 2027//2027
f 2029//2029 2028//2028 1849//1849
f 2024//2024 2029//2029 1849//1849
f 1850//1850 2030//2030 1851//1851
f 2030//2030 1850//1850 1852//1852
f 2030//2030 1853//1853 1851//1851
f 1852//1852 2031//2031 2030//2030
f 2032//2032 2031//2031 1852//1852
f 2032//2032 1852//1852 2033//2033
f 2033//2033 1852//1852 2026//2026
f 1853//1853 2030//2030 1854//1854
f 1854//1854 2034//2034 2003//2003
f 2031//2031 1854//1854 2030//2030
f 2035//2035 1854//1854 2031//2031
f 2034//2034 1854//1854 2035//2035
f 1856//1856 1855//1855 2036//2036
f 2036//2036 1855//1855 1864//1864
f 2036//2036 2037//2037 1856//1856
f 1857//1857 1856//1856 2037//2037
f 1858//1858 1857//1857 2037//2037
f 2038//2038 1858//1858 2039//2039
f 2040//2040 2039//2039 1858//1858
f 2040//2040 1858//1858 2037//2037
f 2038//2038 1871//1871 1858//1858
f 1869//1869 1860//1860 1859//1859
f 1859//1859 1867//1867 1869//1869
f 1861//1861 1860//1860 1869//1869
f 1861//1861 1869//1869 1862//1862
f 1869//1869 1868//1868 1862//1862
f 1862//1862 1868//1868 1865//1865
f 2041//2041 1864//1864 1863//1863
f 1863//1863 1866//1866 2042//2042
f 2041//2041 1863//1863 2043//2043
f 2044//2044 1863//1863 2042//2042
f 2043//2043 1863//1863 2044//2044
f 2040//2040 1864//1864 2045//2045
f 1864//1864 2041//2041 2046//2046
f 2040//2040 2036//2036 1864//1864
f 2045//2045 1864//1864 2046//2046
f 1865//1865 2042//2042 1866//1866
f 2042//2042 1865//1865 2047//2047
f 2047//2047 1865//1865 1868//1868
f 1870//1870 2048//2048 1868//1868
f 2047//2047 1868//1868 2048//2048
f 2048//2048 1870//1870 1982//1982
f 2049//2049 1874//1874 1871//1871
f 2049//2049 1871//1871 2038//2038
f 2050//2050 1879//1879 1872//1872
f 1875//1875 2050//2050 1872//1872
f 1873//1873 1874//1874 2051//2051
f 1873//1873 2052//2052 1875//1875
f 2052//2052 1873//1873 2051//2051
f 2049//2049 2051//2051 1874//1874
f 2052//2052 2050//2050 1875//1875
f 2053//2053 1877//1877 1876//1876
f 1876//1876 1878//1878 2054//2054
f 2054//2054 2055//2055 1876//1876
f 2055//2055 2056//2056 1876//1876
f 2056//2056 2053//2053 1876//1876
f 1877//1877 2053//2053 2014//2014
f 1878//1878 2057//2057 2054//2054
f 1879//1879 2058//2058 1878//1878
f 1878//1878 2058//2058 2057//2057
f 2058//2058 1879//1879 2050//2050
f 1880//1880 2059//2059 1881//1881
f 1881//1881 2059//2059 2060//2060
f 1883//1883 1881//1881 2061//2061
f 2061//2061 1881//1881 2060//2060
f 1880//1880 1907//1907 2059//2059
f 1887//1887 1883//1883 2061//2061
f 1885//1885 2062//2062 1928//1928
f 1885//1885 1886//1886 2062//2062
f 1886//1886 2063//2063 2062//2062
f 1886//1886 1888//1888 2063//2063
f 1887//1887 2061//2061 2063//2063
f 1887//1887 2063//2063 1888//1888
f 1890//1890 1889//1889 2064//2064
f 2065//2065 1896//1896 1890//1890
f 1890//1890 2064//2064 2065//2065
f 1898//1898 2064//2064 1889//1889
f 2066//2066 1893//1893 1891//1891
f 1891//1891 1897//1897 2066//2066
f 1894//1894 1892//1892 1893//1893
f 1893//1893 2067//2067 1895//1895
f 1893//1893 2066//2066 2067//2067
f 1894//1894 1893//1893 1895//1895
f 1895//1895 2067//2067 2068//2068
f 2068//2068 2069//2069 1895//1895
f 1906//1906 1895//1895 2069//2069
f 1896//1896 2070//2070 1897//1897
f 2071//2071 2066//2066 1897//1897
f 2072//2072 1897//1897 2070//2070
f 1897//1897 2072//2072 2071//2071
f 1896//1896 2065//2065 2073//2073
f 2073//2073 2070//2070 1896//1896
f 1902//1902 2074//2074 1898//1898
f 2064//2064 1898//1898 2074//2074
f 1902//1902 1898//1898 1899//1899
f 1977//1977 1904//1904 1900//1900
f 1901//1901 1977//1977 1900//1900
f 1901//1901 1905//1905 1977//1977
f 1903//1903 2075//2075 1902//1902
f 1902//1902 2075//2075 2074//2074
f 1903//1903 1904//1904 1977//1977
f 1903//1903 1978//1978 2075//2075
f 1977//1977 1978//1978 1903//1903
f 2076//2076 2077//2077 1906//1906
f 2069//2069 2076//2076 1906//1906
f 2078//2078 1906//1906 2077//2077
f 2079//2079 1906//1906 2078//2078
f 1907//1907 1906//1906 2079//2079
f 2079//2079 2059//2059 1907//1907
f 2080//2080 1908//1908 1919//1919
f 1914//1914 1919//1919 1908//1908
f 1908//1908 2080//2080 1909//1909
f 1909//1909 2081//2081 1912//1912
f 2080//2080 2081//2081 1909//1909
f 1910//1910 1913//1913 1911//1911
f 1911//1911 1913//1913 2082//2082
f 2082//2082 1940//1940 1911//1911
f 1911//1911 1940//1940 1939//1939
f 1939//1939 1938//1938 1911//1911
f 2083//2083 1912//1912 2081//2081
f 1912//1912 2083//2083 2082//2082
f 2082//2082 1913//1913 1912//1912
f 1915//1915 2084//2084 1916//1916
f 1918//1918 2084//2084 1915//1915
f 2084//2084 2085//2085 1916//1916
f 1916//1916 2086//2086 1920//1920
f 1916//1916 2085//2085 2087//2087
f 1916//1916 2087//2087 2086//2086
f 2088//2088 2089//2089 1917//1917
f 1917//1917 2090//2090 2088//2088
f 2090//2090 1917//1917 1927//1927
f 1917//1917 2089//2089 1918//1918
f 1918//1918 2089//2089 2084//2084
f 2091//2091 1919//1919 2086//2086
f 2086//2086 1919//1919 1921//1921
f 1919//1919 2091//2091 2080//2080
f 1921//1921 1920//1920 2086//2086
f 1923//1923 2092//2092 1926//1926
f 1924//1924 2092//2092 1923//1923
f 1924//1924 2093//2093 2094//2094
f 2094//2094 2092//2092 1924//1924
f 1925//1925 2093//2093 1924//1924
f 1930//1930 2093//2093 1925//1925
f 1926//1926 2095//2095 1927//1927
f 1927//1927 2095//2095 2096//2096
f 1927//1927 2096//2096 2097//2097
f 2097//2097 2090//2090 1927//1927
f 2095//2095 1926//1926 2094//2094
f 2094//2094 1926//1926 2092//2092
f 1928//1928 2098//2098 1929//1929
f 1929//1929 2098//2098 2099//2099
f 1930//1930 1929//1929 2099//2099
f 2098//2098 1928//1928 2100//2100
f 1928//1928 2062//2062 2100//2100
f 1930//1930 2099//2099 2101//2101
f 1930//1930 2102//2102 2093//2093
f 2102//2102 1930//1930 2101//2101
f 1934//1934 2103//2103 1933//1933
f 1948//1948 1933//1933 2103//2103
f 1934//1934 1935//1935 2104//2104
f 2104//2104 2103//2103 1934//1934
f 1935//1935 2105//2105 2104//2104
f 2106//2106 2105//2105 1935//1935
f 2107//2107 2106//2106 1935//1935
f 2108//2108 2107//2107 1935//1935
f 1935//1935 1937//1937 2108//2108
f 2109//2109 1936//1936 1941//1941
f 1937//1937 1936//1936 2109//2109
f 2110//2110 2111//2111 1937//1937
f 1937//1937 2111//2111 2108//2108
f 2109//2109 2110//2110 1937//1937
f 2082//2082 1942//1942 1940//1940
f 1941//1941 1943//1943 2112//2112
f 2109//2109 1941//1941 2113//2113
f 2112//2112 2113//2113 1941//1941
f 2114//2114 1943//1943 1942//1942
f 1942//1942 2082//2082 2114//2114
f 2114//2114 2112//2112 1943//1943
f 1966//1966 1945//1945 1944//1944
f 1964//1964 1945//1945 1966//1966
f 2115//2115 1966//1966 1944//1944
f 2115//2115 1944//1944 1947//1947
f 1946//1946 2116//2116 1947//1947
f 1947//1947 2116//2116 2115//2115
f 2116//2116 1946//1946 1948//1948
f 1948//1948 2103//2103 2117//2117
f 2116//2116 1948//1948 1965//1965
f 1948//1948 2117//2117 1965//1965
f 1967//1967 1949//1949 1951//1951
f 1950//1950 1956//1956 2118//2118
f 1950//1950 2118//2118 1952//1952
f 1952//1952 2119//2119 1951//1951
f 1951//1951 2119//2119 1967//1967
f 1952//1952 2120//2120 2121//2121
f 1952//1952 2118//2118 2120//2120
f 2121//2121 2119//2119 1952//1952
f 2122//2122 2123//2123 1953//1953
f 2124//2124 1953//1953 1961//1961
f 2125//2125 2122//2122 1953//1953
f 2124//2124 2125//2125 1953//1953
f 1955//1955 1953//1953 2123//2123
f 1954//1954 2126//2126 1960//1960
f 1955//1955 2126//2126 1954//1954
f 2123//2123 2127//2127 1955//1955
f 1955//1955 2127//2127 2126//2126
f 1958//1958 2118//2118 1956//1956
f 1957//1957 2128//2128 1958//1958
f 2118//2118 1958//1958 2128//2128
f 1957//1957 1959//1959 2129//2129
f 1957//1957 2130//2130 2121//2121
f 1957//1957 2129//2129 2130//2130
f 2121//2121 2128//2128 1957//1957
f 1959//1959 2131//2131 2129//2129
f 2126//2126 2127//2127 1959//1959
f 2127//2127 2131//2131 1959//1959
f 2126//2126 1959//1959 1960//1960
f 1961//1961 2132//2132 2124//2124
f 1962//1962 2133//2133 1961//1961
f 2133//2133 2132//2132 1961//1961
f 1962//1962 2104//2104 2133//2133
f 1962//1962 1963//1963 2117//2117
f 2104//2104 1962//1962 2117//2117
f 1963//1963 1965//1965 2117//2117
f 1965//1965 1966//1966 2115//2115
f 2115//2115 2116//2116 1965//1965
f 2134//2134 1968//1968 1967//1967
f 1967//1967 2119//2119 2135//2135
f 2135//2135 2134//2134 1967//1967
f 1968//1968 2136//2136 1969//1969
f 1969//1969 2136//2136 1970//1970
f 1968//1968 2134//2134 2137//2137
f 1968//1968 2137//2137 2136//2136
f 1970//1970 2136//2136 2138//2138
f 2138//2138 1972//1972 1970//1970
f 2139//2139 1971//1971 1972//1972
f 1971//1971 2140//2140 2141//2141
f 2139//2139 2140//2140 1971//1971
f 1971//1971 2141//2141 1974//1974
f 2138//2138 2139//2139 1972//1972
f 2142//2142 1973//1973 1974//1974
f 1974//1974 2141//2141 2143//2143
f 2144//2144 2142//2142 1974//1974
f 1974//1974 2145//2145 2144//2144
f 2143//2143 2145//2145 1974//1974
f 2142//2142 2146//2146 1973//1973
f 1973//1973 2146//2146 1975//1975
f 2147//2147 1979//1979 1975//1975
f 1975//1975 2146//2146 2147//2147
f 1976//1976 1978//1978 1977//1977
f 1978//1978 1979//1979 2147//2147
f 2147//2147 2148//2148 1978//1978
f 1978//1978 2148//2148 2075//2075
f 1980//1980 1997//1997 1981//1981
f 1981//1981 2149//2149 1982//1982
f 2149//2149 1981//1981 1997//1997
f 2047//2047 2048//2048 1982//1982
f 2149//2149 2150//2150 1982//1982
f 1982//1982 2151//2151 2047//2047
f 2152//2152 1982//1982 2150//2150
f 1982//1982 2152//2152 2151//2151
f 1987//1987 2153//2153 1983//1983
f 1983//1983 2153//2153 2154//2154
f 1983//1983 2154//2154 1984//1984
f 1984//1984 2155//2155 1985//1985
f 1985//1985 2156//2156 1992//1992
f 2155//2155 2156//2156 1985//1985
f 1984//1984 2157//2157 2155//2155
f 2154//2154 2157//2157 1984//1984
f 2158//2158 1986//1986 1996//1996
f 2158//2158 2159//2159 1986//1986
f 2159//2159 1987//1987 1986//1986
f 1987//1987 2159//2159 2153//2153
f 1989//1989 2160//2160 1988//1988
f 1988//1988 2160//2160 2161//2161
f 2161//2161 1991//1991 1988//1988
f 1994//1994 2162//2162 1989//1989
f 1989//1989 2162//2162 2160//2160
f 2001//2001 1990//1990 2163//2163
f 2163//2163 1990//1990 2164//2164
f 2161//2161 2164//2164 1990//1990
f 2161//2161 1990//1990 1991//1991
f 2165//2165 1993//1993 1992//1992
f 1994//1994 1993//1993 2166//2166
f 1993//1993 2165//2165 2167//2167
f 2166//2166 1993//1993 2167//2167
f 2168//2168 2165//2165 1992//1992
f 2168//2168 1992//1992 2156//2156
f 2166//2166 2162//2162 1994//1994
f 2169//2169 1996//1996 1995//1995
f 2169//2169 1995//1995 2008//2008
f 2158//2158 1996//1996 2170//2170
f 2169//2169 2171//2171 1996//1996
f 1996//1996 2171//2171 2170//2170
f 1998//1998 2172//2172 1997//1997
f 2172//2172 2149//2149 1997//1997
f 2173//2173 1998//1998 1999//1999
f 2173//2173 2172//2172 1998//1998
f 2174//2174 2173//2173 1999//1999
f 2175//2175 2174//2174 1999//1999
f 1999//1999 2176//2176 2175//2175
f 1999//1999 2000//2000 2176//2176
f 2176//2176 2000//2000 2001//2001
f 2163//2163 2176//2176 2001//2001
f 2002//2002 2177//2177 2005//2005
f 2003//2003 2177//2177 2002//2002
f 2034//2034 2178//2178 2003//2003
f 2177//2177 2003//2003 2179//2179
f 2179//2179 2003//2003 2178//2178
f 2004//2004 2005//2005 2009//2009
f 2009//2009 2005//2005 2177//2177
f 2007//2007 2006//2006 2169//2169
f 2006//2006 2180//2180 2169//2169
f 2006//2006 2011//2011 2180//2180
f 2008//2008 2007//2007 2169//2169
f 2009//2009 2177//2177 2013//2013
f 2011//2011 2010//2010 2180//2180
f 2181//2181 2180//2180 2010//2010
f 2010//2010 2012//2012 2181//2181
f 2012//2012 2182//2182 2183//2183
f 2012//2012 2013//2013 2182//2182
f 2012//2012 2183//2183 2184//2184
f 2185//2185 2012//2012 2184//2184
f 2185//2185 2181//2181 2012//2012
f 2177//2177 2179//2179 2013//2013
f 2013//2013 2179//2179 2182//2182
f 2014//2014 2186//2186 2187//2187
f 2187//2187 2188//2188 2014//2014
f 2015//2015 2014//2014 2189//2189
f 2014//2014 2053//2053 2186//2186
f 2189//2189 2014//2014 2188//2188
f 2190//2190 2015//2015 2189//2189
f 2190//2190 2018//2018 2015//2015
f 2191//2191 2017//2017 2016//2016
f 2020//2020 2191//2191 2016//2016
f 2017//2017 2191//2191 2025//2025
f 2192//2192 2018//2018 2193//2193
f 2019//2019 2018//2018 2192//2192
f 2018//2018 2190//2190 2193//2193
f 2020//2020 2019//2019 2192//2192
f 2192//2192 2194//2194 2020//2020
f 2195//2195 2020//2020 2194//2194
f 2020//2020 2195//2195 2191//2191
f 2021//2021 2022//2022 2196//2196
f 2022//2022 2025//2025 2197//2197
f 2197//2197 2196//2196 2022//2022
f 2021//2021 2196//2196 2198//2198
f 2021//2021 2198//2198 2023//2023
f 2023//2023 2029//2029 2024//2024
f 2199//2199 2200//2200 2023//2023
f 2023//2023 2201//2201 2199//2199
f 2200//2200 2202//2202 2023//2023
f 2203//2203 2201//2201 2023//2023
f 2023//2023 2198//2198 2203//2203
f 2029//2029 2023//2023 2202//2202
f 2025//2025 2191//2191 2197//2197
f 2027//2027 2033//2033 2026//2026
f 2027//2027 2204//2204 2033//2033
f 2027//2027 2205//2205 2204//2204
f 2028//2028 2205//2205 2027//2027
f 2206//2206 2028//2028 2207//2207
f 2208//2208 2028//2028 2206//2206
f 2028//2028 2208//2208 2205//2205
f 2207//2207 2028//2028 2029//2029
f 2029//2029 2209//2209 2207//2207
f 2202//2202 2209//2209 2029//2029
f 2210//2210 2211//2211 2031//2031
f 2031//2031 2212//2212 2210//2210
f 2031//2031 2032//2032 2212//2212
f 2211//2211 2035//2035 2031//2031
f 2032//2032 2033//2033 2212//2212
f 2204//2204 2213//2213 2033//2033
f 2033//2033 2213//2213 2212//2212
f 2035//2035 2214//2214 2034//2034
f 2214//2214 2178//2178 2034//2034
f 2211//2211 2214//2214 2035//2035
f 2037//2037 2036//2036 2040//2040
f 2038//2038 2039//2039 2215//2215
f 2045//2045 2216//2216 2039//2039
f 2039//2039 2217//2217 2218//2218
f 2045//2045 2039//2039 2040//2040
f 2217//2217 2039//2039 2216//2216
f 2039//2039 2218//2218 2215//2215
f 2215//2215 2219//2219 2038//2038
f 2049//2049 2038//2038 2220//2220
f 2219//2219 2220//2220 2038//2038
f 2046//2046 2041//2041 2043//2043
f 2221//2221 2044//2044 2042//2042
f 2042//2042 2047//2047 2221//2221
f 2046//2046 2043//2043 2222//2222
f 2223//2223 2043//2043 2044//2044
f 2224//2224 2043//2043 2223//2223
f 2222//2222 2043//2043 2224//2224
f 2044//2044 2221//2221 2223//2223
f 2216//2216 2045//2045 2225//2225
f 2225//2225 2045//2045 2046//2046
f 2222//2222 2226//2226 2046//2046
f 2046//2046 2226//2226 2225//2225
f 2227//2227 2228//2228 2047//2047
f 2047//2047 2228//2228 2229//2229
f 2047//2047 2229//2229 2230//2230
f 2230//2230 2221//2221 2047//2047
f 2227//2227 2047//2047 2151//2151
f 2231//2231 2051//2051 2049//2049
f 2049//2049 2220//2220 2231//2231
f 2051//2051 2058//2058 2050//2050
f 2050//2050 2052//2052 2051//2051
f 2051//2051 2231//2231 2058//2058
f 2053//2053 2056//2056 2186//2186
f 2054//2054 2057//2057 2232//2232
f 2233//2233 2055//2055 2054//2054
f 2054//2054 2232//2232 2233//2233
f 2055//2055 2233//2233 2234//2234
f 2055//2055 2234//2234 2235//2235
f 2056//2056 2055//2055 2186//2186
f 2235//2235 2186//2186 2055//2055
f 2232//2232 2057//2057 2231//2231
f 2057//2057 2058//2058 2231//2231
f 2236//2236 2060//2060 2059//2059
f 2059//2059 2079//2079 2236//2236
f 2237//2237 2238//2238 2060//2060
f 2060//2060 2236//2236 2237//2237
f 2060//2060 2238//2238 2061//2061
f 2239//2239 2061//2061 2238//2238
f 2061//2061 2239//2239 2063//2063
f 2062//2062 2063//2063 2239//2239
f 2239//2239 2100//2100 2062//2062
f 2065//2065 2064//2064 2240//2240
f 2074//2074 2240//2240 2064//2064
f 2065//2065 2241//2241 2073//2073
f 2241//2241 2065//2065 2240//2240
f 2067//2067 2066//2066 2071//2071
f 2071//2071 2242//2242 2067//2067
f 2068//2068 2067//2067 2242//2242
f 2069//2069 2068//2068 2242//2242
f 2243//2243 2076//2076 2069//2069
f 2069//2069 2242//2242 2243//2243
f 2244//2244 2070//2070 2073//2073
f 2245//2245 2246//2246 2070//2070
f 2244//2244 2245//2245 2070//2070
f 2072//2072 2070//2070 2246//2246
f 2071//2071 2072//2072 2247//2247
f 2248//2248 2071//2071 2247//2247
f 2242//2242 2071//2071 2249//2249
f 2249//2249 2071//2071 2248//2248
f 2246//2246 2247//2247 2072//2072
f 2250//2250 2073//2073 2241//2241
f 2073//2073 2250//2250 2244//2244
f 2074//2074 2251//2251 2252//2252
f 2074//2074 2252//2252 2240//2240
f 2075//2075 2251//2251 2074//2074
f 2075//2075 2148//2148 2251//2251
f 2077//2077 2076//2076 2243//2243
f 2253//2253 2077//2077 2243//2243
f 2253//2253 2254//2254 2077//2077
f 2078//2078 2077//2077 2254//2254
f 2078//2078 2236//2236 2079//2079
f 2236//2236 2078//2078 2254//2254
f 2080//2080 2091//2091 2081//2081
f 2091//2091 2255//2255 2081//2081
f 2081//2081 2255//2255 2083//2083
f 2256//2256 2114//2114 2082//2082
f 2083//2083 2256//2256 2082//2082
f 2255//2255 2257//2257 2083//2083
f 2257//2257 2256//2256 2083//2083
f 2085//2085 2084//2084 2089//2089
f 2085//2085 2089//2089 2258//2258
f 2259//2259 2087//2087 2085//2085
f 2085//2085 2260//2260 2259//2259
f 2258//2258 2260//2260 2085//2085
f 2086//2086 2261//2261 2262//2262
f 2086//2086 2087//2087 2261//2261
f 2086//2086 2262//2262 2091//2091
f 2261//2261 2087//2087 2263//2263
f 2087//2087 2259//2259 2263//2263
f 2089//2089 2088//2088 2258//2258
f 2088//2088 2264//2264 2258//2258
f 2090//2090 2264//2264 2088//2088
f 2090//2090 2265//2265 2264//2264
f 2097//2097 2265//2265 2090//2090
f 2266//2266 2255//2255 2091//2091
f 2091//2091 2262//2262 2266//2266
f 2093//2093 2102//2102 2094//2094
f 2094//2094 2267//2267 2268//2268
f 2102//2102 2267//2267 2094//2094
f 2268//2268 2095//2095 2094//2094
f 2096//2096 2095//2095 2269//2269
f 2268//2268 2269//2269 2095//2095
f 2270//2270 2271//2271 2096//2096
f 2096//2096 2272//2272 2270//2270
f 2271//2271 2097//2097 2096//2096
f 2096//2096 2269//2269 2273//2273
f 2273//2273 2272//2272 2096//2096
f 2097//2097 2274//2274 2275//2275
f 2271//2271 2274//2274 2097//2097
f 2097//2097 2275//2275 2265//2265
f 2101//2101 2099//2099 2098//2098
f 2276//2276 2101//2101 2098//2098
f 2100//2100 2276//2276 2098//2098
f 2237//2237 2277//2277 2100//2100
f 2278//2278 2276//2276 2100//2100
f 2277//2277 2278//2278 2100//2100
f 2100//2100 2239//2239 2237//2237
f 2276//2276 2279//2279 2101//2101
f 2101//2101 2279//2279 2102//2102
f 2279//2279 2267//2267 2102//2102
f 2117//2117 2103//2103 2104//2104
f 2133//2133 2104//2104 2280//2280
f 2105//2105 2280//2280 2104//2104
f 2280//2280 2105//2105 2281//2281
f 2281//2281 2105//2105 2106//2106
f 2282//2282 2106//2106 2107//2107
f 2283//2283 2106//2106 2282//2282
f 2106//2106 2283//2283 2281//2281
f 2107//2107 2284//2284 2282//2282
f 2284//2284 2107//2107 2108//2108
f 2108//2108 2285//2285 2286//2286
f 2285//2285 2108//2108 2111//2111
f 2108//2108 2286//2286 2284//2284
f 2109//2109 2287//2287 2110//2110
f 2113//2113 2287//2287 2109//2109
f 2111//2111 2110//2110 2288//2288
f 2285//2285 2111//2111 2288//2288
f 2289//2289 2290//2290 2110//2110
f 2289//2289 2110//2110 2287//2287
f 2110//2110 2290//2290 2288//2288
f 2291//2291 2112//2112 2292//2292
f 2291//2291 2113//2113 2112//2112
f 2292//2292 2112//2112 2114//2114
f 2291//2291 2287//2287 2113//2113
f 2292//2292 2114//2114 2293//2293
f 2294//2294 2293//2293 2114//2114
f 2257//2257 2294//2294 2114//2114
f 2257//2257 2114//2114 2256//2256
f 2118//2118 2128//2128 2120//2120
f 2119//2119 2121//2121 2295//2295
f 2295//2295 2135//2135 2119//2119
f 2128//2128 2121//2121 2120//2120
f 2130//2130 2296//2296 2121//2121
f 2121//2121 2296//2296 2295//2295
f 2297//2297 2123//2123 2122//2122
f 2123//2123 2297//2297 2127//2127
f 2122//2122 2298//2298 2297//2297
f 2125//2125 2298//2298 2122//2122
f 2124//2124 2299//2299 2125//2125
f 2300//2300 2124//2124 2132//2132
f 2300//2300 2299//2299 2124//2124
f 2125//2125 2301//2301 2298//2298
f 2299//2299 2301//2301 2125//2125
f 2297//2297 2302//2302 2127//2127
f 2127//2127 2302//2302 2131//2131
f 2303//2303 2304//2304 2129//2129
f 2129//2129 2131//2131 2303//2303
f 2129//2129 2304//2304 2130//2130
f 2130//2130 2304//2304 2296//2296
f 2131//2131 2302//2302 2305//2305
f 2305//2305 2303//2303 2131//2131
f 2132//2132 2280//2280 2306//2306
f 2132//2132 2306//2306 2300//2300
f 2133//2133 2280//2280 2132//2132
f 2134//2134 2135//2135 2295//2295
f 2295//2295 2137//2137 2134//2134
f 2136//2136 2137//2137 2307//2307
f 2307//2307 2138//2138 2136//2136
f 2137//2137 2295//2295 2307//2307
f 2307//2307 2308//2308 2138//2138
f 2139//2139 2138//2138 2308//2308
f 2309//2309 2139//2139 2310//2310
f 2309//2309 2311//2311 2139//2139
f 2311//2311 2140//2140 2139//2139
f 2308//2308 2310//2310 2139//2139
f 2143//2143 2141//2141 2140//2140
f 2140//2140 2311//2311 2143//2143
f 2312//2312 2142//2142 2144//2144
f 2312//2312 2146//2146 2142//2142
f 2145//2145 2143//2143 2313//2313
f 2313//2313 2143//2143 2311//2311
f 2314//2314 2312//2312 2144//2144
f 2315//2315 2314//2314 2144//2144
f 2144//2144 2316//2316 2315//2315
f 2145//2145 2316//2316 2144//2144
f 2313//2313 2317//2317 2145//2145
f 2317//2317 2316//2316 2145//2145
f 2146//2146 2312//2312 2318//2318
f 2318//2318 2147//2147 2146//2146
f 2148//2148 2147//2147 2318//2318
f 2319//2319 2148//2148 2318//2318
f 2251//2251 2148//2148 2319//2319
f 2150//2150 2149//2149 2320//2320
f 2320//2320 2149//2149 2172//2172
f 2152//2152 2150//2150 2320//2320
f 2151//2151 2152//2152 2227//2227
f 2321//2321 2152//2152 2322//2322
f 2320//2320 2322//2322 2152//2152
f 2323//2323 2227//2227 2152//2152
f 2323//2323 2152//2152 2321//2321
f 2159//2159 2324//2324 2153//2153
f 2154//2154 2153//2153 2324//2324
f 2157//2157 2154//2154 2324//2324
f 2156//2156 2155//2155 2325//2325
f 2155//2155 2157//2157 2325//2325
f 2168//2168 2156//2156 2325//2325
f 2326//2326 2325//2325 2157//2157
f 2324//2324 2326//2326 2157//2157
f 2170//2170 2327//2327 2158//2158
f 2328//2328 2158//2158 2329//2329
f 2158//2158 2328//2328 2159//2159
f 2327//2327 2329//2329 2158//2158
f 2328//2328 2324//2324 2159//2159
f 2330//2330 2161//2161 2160//2160
f 2160//2160 2162//2162 2331//2331
f 2332//2332 2330//2330 2160//2160
f 2332//2332 2160//2160 2331//2331
f 2164//2164 2161//2161 2333//2333
f 2334//2334 2161//2161 2330//2330
f 2161//2161 2334//2334 2335//2335
f 2333//2333 2161//2161 2335//2335
f 2331//2331 2162//2162 2166//2166
f 2163//2163 2336//2336 2175//2175
f 2163//2163 2175//2175 2176//2176
f 2336//2336 2163//2163 2337//2337
f 2164//2164 2337//2337 2163//2163
f 2333//2333 2337//2337 2164//2164
f 2167//2167 2165//2165 2338//2338
f 2165//2165 2339//2339 2338//2338
f 2339//2339 2165//2165 2168//2168
f 2340//2340 2331//2331 2166//2166
f 2340//2340 2166//2166 2167//2167
f 2341//2341 2340//2340 2167//2167
f 2167//2167 2338//2338 2342//2342
f 2167//2167 2342//2342 2341//2341
f 2325//2325 2339//2339 2168//2168
f 2169//2169 2180//2180 2171//2171
f 2327//2327 2170//2170 2343//2343
f 2344//2344 2343//2343 2170//2170
f 2345//2345 2170//2170 2171//2171
f 2170//2170 2345//2345 2344//2344
f 2180//2180 2346//2346 2171//2171
f 2171//2171 2346//2346 2345//2345
f 2174//2174 2320//2320 2172//2172
f 2172//2172 2173//2173 2174//2174
f 2322//2322 2320//2320 2174//2174
f 2347//2347 2174//2174 2175//2175
f 2347//2347 2322//2322 2174//2174
f 2175//2175 2336//2336 2347//2347
f 2348//2348 2178//2178 2214//2214
f 2348//2348 2349//2349 2178//2178
f 2182//2182 2178//2178 2349//2349
f 2182//2182 2179//2179 2178//2178
f 2180//2180 2181//2181 2350//2350
f 2351//2351 2346//2346 2180//2180
f 2352//2352 2180//2180 2350//2350
f 2180//2180 2352//2352 2351//2351
f 2181//2181 2185//2185 2350//2350
f 2183//2183 2182//2182 2353//2353
f 2183//2183 2354//2354 2355//2355
f 2356//2356 2184//2184 2183//2183
f 2353//2353 2354//2354 2183//2183
f 2183//2183 2355//2355 2356//2356
f 2349//2349 2353//2353 2182//2182
f 2350//2350 2184//2184 2357//2357
f 2357//2357 2184//2184 2358//2358
f 2184//2184 2356//2356 2358//2358
f 2350//2350 2185//2185 2184//2184
f 2187//2187 2186//2186 2359//2359
f 2360//2360 2188//2188 2187//2187
f 2359//2359 2361//2361 2187//2187
f 2360//2360 2187//2187 2361//2361
f 2362//2362 2186//2186 2363//2363
f 2362//2362 2359//2359 2186//2186
f 2364//2364 2186//2186 2235//2235
f 2365//2365 2363//2363 2186//2186
f 2186//2186 2364//2364 2365//2365
f 2189//2189 2188//2188 2360//2360
f 2189//2189 2360//2360 2190//2190
f 2366//2366 2193//2193 2190//2190
f 2367//2367 2366//2366 2190//2190
f 2190//2190 2360//2360 2367//2367
f 2197//2197 2191//2191 2368//2368
f 2191//2191 2195//2195 2368//2368
f 2193//2193 2369//2369 2192//2192
f 2370//2370 2369//2369 2193//2193
f 2370//2370 2193//2193 2371//2371
f 2371//2371 2193//2193 2366//2366
f 2192//2192 2369//2369 2194//2194
f 2194//2194 2369//2369 2372//2372
f 2194//2194 2372//2372 2373//2373
f 2374//2374 2194//2194 2373//2373
f 2195//2195 2194//2194 2374//2374
f 2368//2368 2195//2195 2374//2374
f 2375//2375 2196//2196 2197//2197
f 2196//2196 2375//2375 2198//2198
f 2197//2197 2376//2376 2375//2375
f 2368//2368 2376//2376 2197//2197
f 2198//2198 2377//2377 2203//2203
f 2198//2198 2375//2375 2378//2378
f 2198//2198 2378//2378 2379//2379
f 2198//2198 2379//2379 2377//2377
f 2202//2202 2200//2200 2199//2199
f 2380//2380 2199//2199 2201//2201
f 2199//2199 2381//2381 2202//2202
f 2199//2199 2380//2380 2381//2381
f 2201//2201 2382//2382 2383//2383
f 2201//2201 2383//2383 2380//2380
f 2203//2203 2384//2384 2201//2201
f 2384//2384 2385//2385 2201//2201
f 2201//2201 2385//2385 2382//2382
f 2209//2209 2202//2202 2207//2207
f 2202//2202 2381//2381 2207//2207
f 2203//2203 2386//2386 2387//2387
f 2387//2387 2384//2384 2203//2203
f 2377//2377 2386//2386 2203//2203
f 2388//2388 2213//2213 2204//2204
f 2204//2204 2205//2205 2389//2389
f 2204//2204 2389//2389 2388//2388
f 2208//2208 2390//2390 2205//2205
f 2389//2389 2205//2205 2391//2391
f 2391//2391 2205//2205 2390//2390
f 2207//2207 2392//2392 2206//2206
f 2207//2207 2381//2381 2392//2392
f 2206//2206 2392//2392 2393//2393
f 2208//2208 2206//2206 2394//2394
f 2394//2394 2206//2206 2393//2393
f 2390//2390 2208//2208 2394//2394
f 2210//2210 2214//2214 2211//2211
f 2214//2214 2210//2210 2348//2348
f 2212//2212 2213//2213 2210//2210
f 2213//2213 2395//2395 2210//2210
f 2395//2395 2348//2348 2210//2210
f 2395//2395 2213//2213 2388//2388
f 2396//2396 2219//2219 2215//2215
f 2396//2396 2215//2215 2397//2397
f 2397//2397 2215//2215 2218//2218
f 2225//2225 2217//2217 2216//2216
f 2397//2397 2218//2218 2217//2217
f 2217//2217 2225//2225 2398//2398
f 2217//2217 2398//2398 2399//2399
f 2399//2399 2397//2397 2217//2217
f 2219//2219 2400//2400 2220//2220
f 2400//2400 2219//2219 2396//2396
f 2231//2231 2220//2220 2401//2401
f 2220//2220 2400//2400 2401//2401
f 2223//2223 2221//2221 2230//2230
f 2226//2226 2222//2222 2402//2402
f 2222//2222 2224//2224 2402//2402
f 2224//2224 2223//2223 2230//2230
f 2230//2230 2403//2403 2224//2224
f 2402//2402 2224//2224 2403//2403
f 2225//2225 2226//2226 2404//2404
f 2398//2398 2225//2225 2404//2404
f 2404//2404 2226//2226 2405//2405
f 2402//2402 2406//2406 2226//2226
f 2226//2226 2406//2406 2405//2405
f 2407//2407 2228//2228 2227//2227
f 2228//2228 2407//2407 2229//2229
f 2227//2227 2408//2408 2407//2407
f 2227//2227 2323//2323 2409//2409
f 2409//2409 2408//2408 2227//2227
f 2403//2403 2230//2230 2229//2229
f 2410//2410 2411//2411 2229//2229
f 2229//2229 2412//2412 2410//2410
f 2411//2411 2403//2403 2229//2229
f 2412//2412 2229//2229 2407//2407
f 2413//2413 2414//2414 2231//2231
f 2231//2231 2401//2401 2413//2413
f 2231//2231 2414//2414 2232//2232
f 2414//2414 2233//2233 2232//2232
f 2414//2414 2234//2234 2233//2233
f 2364//2364 2235//2235 2234//2234
f 2234//2234 2415//2415 2416//2416
f 2234//2234 2417//2417 2418//2418
f 2234//2234 2419//2419 2364//2364
f 2418//2418 2415//2415 2234//2234
f 2417//2417 2234//2234 2414//2414
f 2416//2416 2419//2419 2234//2234
f 2236//2236 2254//2254 2277//2277
f 2277//2277 2237//2237 2236//2236
f 2238//2238 2237//2237 2239//2239
f 2241//2241 2240//2240 2420//2420
f 2240//2240 2252//2252 2420//2420
f 2420//2420 2250//2250 2241//2241
f 2242//2242 2421//2421 2422//2422
f 2423//2423 2243//2243 2242//2242
f 2242//2242 2249//2249 2421//2421
f 2242//2242 2422//2422 2423//2423
f 2243//2243 2424//2424 2425//2425
f 2424//2424 2243//2243 2423//2423
f 2425//2425 2253//2253 2243//2243
f 2244//2244 2426//2426 2427//2427
f 2427//2427 2245//2245 2244//2244
f 2244//2244 2420//2420 2426//2426
f 2420//2420 2244//2244 2250//2250
f 2246//2246 2245//2245 2428//2428
f 2428//2428 2247//2247 2246//2246
f 2427//2427 2429//2429 2245//2245
f 2245//2245 2429//2429 2428//2428
f 2430//2430 2247//2247 2431//2431
f 2247//2247 2428//2428 2431//2431
f 2248//2248 2247//2247 2430//2430
f 2249//2249 2248//2248 2421//2421
f 2432//2432 2248//2248 2430//2430
f 2421//2421 2248//2248 2432//2432
f 2252//2252 2251//2251 2433//2433
f 2252//2252 2434//2434 2435//2435
f 2433//2433 2436//2436 2252//2252
f 2252//2252 2436//2436 2434//2434
f 2252//2252 2435//2435 2420//2420
f 2433//2433 2251//2251 2437//2437
f 2319//2319 2437//2437 2251//2251
f 2438//2438 2253//2253 2425//2425
f 2439//2439 2253//2253 2438//2438
f 2253//2253 2439//2439 2254//2254
f 2278//2278 2277//2277 2254//2254
f 2254//2254 2439//2439 2278//2278
f 2266//2266 2257//2257 2255//2255
f 2440//2440 2294//2294 2257//2257
f 2266//2266 2440//2440 2257//2257
f 2441//2441 2260//2260 2258//2258
f 2258//2258 2264//2264 2442//2442
f 2442//2442 2441//2441 2258//2258
f 2443//2443 2259//2259 2444//2444
f 2259//2259 2260//2260 2444//2444
f 2259//2259 2443//2443 2263//2263
f 2444//2444 2260//2260 2441//2441
f 2262//2262 2261//2261 2445//2445
f 2445//2445 2266//2266 2262//2262
f 2263//2263 2445//2445 2261//2261
f 2446//2446 2263//2263 2443//2443
f 2447//2447 2445//2445 2263//2263
f 2263//2263 2448//2448 2447//2447
f 2263//2263 2449//2449 2448//2448
f 2263//2263 2446//2446 2449//2449
f 2442//2442 2264//2264 2265//2265
f 2442//2442 2265//2265 2275//2275
f 2266//2266 2445//2445 2440//2440
f 2450//2450 2268//2268 2267//2267
f 2451//2451 2268//2268 2450//2450
f 2268//2268 2451//2451 2269//2269
f 2279//2279 2450//2450 2267//2267
f 2452//2452 2273//2273 2269//2269
f 2451//2451 2452//2452 2269//2269
f 2270//2270 2453//2453 2271//2271
f 2271//2271 2453//2453 2274//2274
f 2270//2270 2454//2454 2455//2455
f 2455//2455 2453//2453 2270//2270
f 2456//2456 2454//2454 2270//2270
f 2456//2456 2270//2270 2272//2272
f 2272//2272 2273//2273 2456//2456
f 2273//2273 2452//2452 2456//2456
f 2275//2275 2274//2274 2442//2442
f 2274//2274 2453//2453 2457//2457
f 2274//2274 2457//2457 2442//2442
f 2450//2450 2276//2276 2438//2438
f 2276//2276 2450//2450 2279//2279
f 2439//2439 2438//2438 2276//2276
f 2439//2439 2276//2276 2278//2278
f 2306//2306 2280//2280 2281//2281
f 2458//2458 2281//2281 2283//2283
f 2306//2306 2281//2281 2458//2458
f 2459//2459 2283//2283 2282//2282
f 2284//2284 2459//2459 2282//2282
f 2458//2458 2283//2283 2459//2459
f 2459//2459 2284//2284 2286//2286
f 2286//2286 2285//2285 2460//2460
f 2286//2286 2460//2460 2459//2459
f 2461//2461 2285//2285 2288//2288
f 2461//2461 2460//2460 2285//2285
f 2287//2287 2291//2291 2289//2289
f 2288//2288 2290//2290 2462//2462
f 2461//2461 2288//2288 2462//2462
f 2290//2290 2289//2289 2463//2463
f 2290//2290 2464//2464 2462//2462
f 2463//2463 2464//2464 2290//2290
f 2289//2289 2448//2448 2465//2465
f 2292//2292 2448//2448 2289//2289
f 2449//2449 2463//2463 2289//2289
f 2292//2292 2289//2289 2291//2291
f 2289//2289 2465//2465 2449//2449
f 2293//2293 2448//2448 2292//2292
f 2293//2293 2294//2294 2440//2440
f 2440//2440 2448//2448 2293//2293
f 2296//2296 2466//2466 2295//2295
f 2467//2467 2295//2295 2466//2466
f 2295//2295 2467//2467 2468//2468
f 2295//2295 2468//2468 2469//2469
f 2295//2295 2469//2469 2307//2307
f 2303//2303 2466//2466 2296//2296
f 2296//2296 2304//2304 2303//2303
f 2470//2470 2302//2302 2297//2297
f 2471//2471 2472//2472 2297//2297
f 2473//2473 2471//2471 2297//2297
f 2472//2472 2470//2470 2297//2297
f 2298//2298 2473//2473 2297//2297
f 2474//2474 2473//2473 2298//2298
f 2301//2301 2474//2474 2298//2298
f 2475//2475 2301//2301 2299//2299
f 2475//2475 2299//2299 2476//2476
f 2476//2476 2299//2299 2300//2300
f 2306//2306 2477//2477 2300//2300
f 2300//2300 2477//2477 2476//2476
f 2301//2301 2475//2475 2478//2478
f 2474//2474 2301//2301 2479//2479
f 2478//2478 2479//2479 2301//2301
f 2480//2480 2302//2302 2470//2470
f 2302//2302 2480//2480 2305//2305
f 2481//2481 2466//2466 2303//2303
f 2481//2481 2303//2303 2305//2305
f 2305//2305 2480//2480 2482//2482
f 2482//2482 2483//2483 2305//2305
f 2305//2305 2483//2483 2481//2481
f 2458//2458 2477//2477 2306//2306
f 2308//2308 2307//2307 2469//2469
f 2310//2310 2308//2308 2469//2469
f 2310//2310 2484//2484 2309//2309
f 2484//2484 2310//2310 2485//2485
f 2469//2469 2485//2485 2310//2310
f 2309//2309 2484//2484 2313//2313
f 2309//2309 2313//2313 2311//2311
f 2312//2312 2314//2314 2486//2486
f 2486//2486 2319//2319 2312//2312
f 2312//2312 2319//2319 2318//2318
f 2313//2313 2487//2487 2317//2317
f 2487//2487 2313//2313 2484//2484
f 2314//2314 2315//2315 2488//2488
f 2486//2486 2314//2314 2488//2488
f 2315//2315 2317//2317 2489//2489
f 2315//2315 2489//2489 2490//2490
f 2490//2490 2491//2491 2315//2315
f 2316//2316 2317//2317 2315//2315
f 2492//2492 2488//2488 2315//2315
f 2315//2315 2491//2491 2492//2492
f 2317//2317 2487//2487 2493//2493
f 2494//2494 2489//2489 2317//2317
f 2493//2493 2494//2494 2317//2317
f 2437//2437 2319//2319 2486//2486
f 2495//2495 2321//2321 2322//2322
f 2495//2495 2322//2322 2347//2347
f 2321//2321 2409//2409 2323//2323
f 2409//2409 2321//2321 2495//2495
f 2326//2326 2324//2324 2496//2496
f 2328//2328 2496//2496 2324//2324
f 2339//2339 2325//2325 2497//2497
f 2325//2325 2326//2326 2497//2497
f 2497//2497 2326//2326 2496//2496
f 2327//2327 2498//2498 2329//2329
f 2343//2343 2499//2499 2327//2327
f 2498//2498 2327//2327 2499//2499
f 2329//2329 2496//2496 2328//2328
f 2329//2329 2498//2498 2496//2496
f 2330//2330 2500//2500 2334//2334
f 2332//2332 2501//2501 2330//2330
f 2330//2330 2502//2502 2500//2500
f 2330//2330 2501//2501 2503//2503
f 2502//2502 2330//2330 2503//2503
f 2332//2332 2331//2331 2504//2504
f 2340//2340 2504//2504 2331//2331
f 2504//2504 2501//2501 2332//2332
f 2505//2505 2337//2337 2333//2333
f 2333//2333 2506//2506 2505//2505
f 2333//2333 2335//2335 2506//2506
f 2507//2507 2334//2334 2500//2500
f 2508//2508 2334//2334 2507//2507
f 2334//2334 2508//2508 2335//2335
f 2335//2335 2508//2508 2506//2506
f 2347//2347 2336//2336 2509//2509
f 2337//2337 2510//2510 2336//2336
f 2510//2510 2509//2509 2336//2336
f 2337//2337 2511//2511 2510//2510
f 2337//2337 2505//2505 2511//2511
f 2512//2512 2513//2513 2338//2338
f 2338//2338 2514//2514 2515//2515
f 2515//2515 2342//2342 2338//2338
f 2338//2338 2339//2339 2512//2512
f 2338//2338 2513//2513 2516//2516
f 2516//2516 2517//2517 2338//2338
f 2338//2338 2518//2518 2514//2514
f 2518//2518 2338//2338 2517//2517
f 2497//2497 2519//2519 2339//2339
f 2519//2519 2512//2512 2339//2339
f 2520//2520 2521//2521 2340//2340
f 2340//2340 2341//2341 2520//2520
f 2340//2340 2521//2521 2522//2522
f 2522//2522 2504//2504 2340//2340
f 2341//2341 2342//2342 2523//2523
f 2523//2523 2520//2520 2341//2341
f 2523//2523 2342//2342 2515//2515
f 2343//2343 2344//2344 2499//2499
f 2345//2345 2524//2524 2344//2344
f 2525//2525 2344//2344 2524//2524
f 2499//2499 2344//2344 2525//2525
f 2524//2524 2345//2345 2346//2346
f 2351//2351 2526//2526 2346//2346
f 2346//2346 2527//2527 2524//2524
f 2526//2526 2527//2527 2346//2346
f 2528//2528 2495//2495 2347//2347
f 2509//2509 2529//2529 2347//2347
f 2528//2528 2347//2347 2529//2529
f 2395//2395 2530//2530 2348//2348
f 2349//2349 2348//2348 2530//2530
f 2353//2353 2349//2349 2530//2530
f 2357//2357 2531//2531 2350//2350
f 2350//2350 2532//2532 2352//2352
f 2350//2350 2531//2531 2532//2532
f 2533//2533 2534//2534 2351//2351
f 2351//2351 2352//2352 2533//2533
f 2526//2526 2351//2351 2534//2534
f 2533//2533 2352//2352 2532//2532
f 2530//2530 2535//2535 2353//2353
f 2354//2354 2353//2353 2535//2535
f 2536//2536 2355//2355 2354//2354
f 2356//2356 2355//2355 2536//2536
f 2535//2535 2537//2537 2354//2354
f 2354//2354 2537//2537 2538//2538
f 2354//2354 2538//2538 2536//2536
f 2356//2356 2536//2536 2539//2539
f 2358//2358 2356//2356 2540//2540
f 2356//2356 2539//2539 2540//2540
f 2358//2358 2541//2541 2357//2357
f 2357//2357 2541//2541 2542//2542
f 2543//2543 2531//2531 2357//2357
f 2542//2542 2543//2543 2357//2357
f 2540//2540 2544//2544 2358//2358
f 2358//2358 2544//2544 2541//2541
f 2359//2359 2545//2545 2546//2546
f 2359//2359 2362//2362 2363//2363
f 2546//2546 2361//2361 2359//2359
f 2363//2363 2545//2545 2359//2359
f 2360//2360 2361//2361 2547//2547
f 2547//2547 2548//2548 2360//2360
f 2360//2360 2548//2548 2367//2367
f 2546//2546 2549//2549 2361//2361
f 2547//2547 2361//2361 2549//2549
f 2363//2363 2550//2550 2545//2545
f 2551//2551 2550//2550 2363//2363
f 2363//2363 2365//2365 2419//2419
f 2551//2551 2363//2363 2419//2419
f 2419//2419 2365//2365 2364//2364
f 2371//2371 2366//2366 2367//2367
f 2548//2548 2552//2552 2367//2367
f 2553//2553 2371//2371 2367//2367
f 2367//2367 2552//2552 2553//2553
f 2374//2374 2376//2376 2368//2368
f 2372//2372 2369//2369 2370//2370
f 2554//2554 2555//2555 2370//2370
f 2370//2370 2371//2371 2554//2554
f 2370//2370 2555//2555 2372//2372
f 2556//2556 2554//2554 2371//2371
f 2371//2371 2557//2557 2556//2556
f 2371//2371 2553//2553 2557//2557
f 2372//2372 2555//2555 2373//2373
f 2373//2373 2555//2555 2374//2374
f 2374//2374 2555//2555 2558//2558
f 2374//2374 2558//2558 2559//2559
f 2374//2374 2559//2559 2376//2376
f 2375//2375 2376//2376 2559//2559
f 2378//2378 2375//2375 2559//2559
f 2377//2377 2560//2560 2561//2561
f 2561//2561 2386//2386 2377//2377
f 2379//2379 2560//2560 2377//2377
f 2378//2378 2562//2562 2563//2563
f 2559//2559 2562//2562 2378//2378
f 2564//2564 2379//2379 2378//2378
f 2564//2564 2378//2378 2563//2563
f 2561//2561 2560//2560 2379//2379
f 2561//2561 2379//2379 2565//2565
f 2564//2564 2565//2565 2379//2379
f 2566//2566 2381//2381 2380//2380
f 2380//2380 2383//2383 2566//2566
f 2566//2566 2567//2567 2381//2381
f 2381//2381 2567//2567 2392//2392
f 2382//2382 2568//2568 2383//2383
f 2569//2569 2383//2383 2568//2568
f 2566//2566 2383//2383 2569//2569
f 2382//2382 2570//2570 2571//2571
f 2385//2385 2570//2570 2382//2382
f 2382//2382 2571//2571 2568//2568
f 2385//2385 2384//2384 2387//2387
f 2387//2387 2570//2570 2385//2385
f 2570//2570 2387//2387 2386//2386
f 2561//2561 2572//2572 2386//2386
f 2386//2386 2572//2572 2573//2573
f 2570//2570 2386//2386 2573//2573
f 2388//2388 2389//2389 2535//2535
f 2395//2395 2388//2388 2535//2535
f 2389//2389 2391//2391 2535//2535
f 2574//2574 2390//2390 2394//2394
f 2391//2391 2390//2390 2574//2574
f 2535//2535 2391//2391 2575//2575
f 2576//2576 2391//2391 2574//2574
f 2538//2538 2575//2575 2391//2391
f 2538//2538 2391//2391 2576//2576
f 2567//2567 2393//2393 2392//2392
f 2577//2577 2393//2393 2567//2567
f 2393//2393 2577//2577 2394//2394
f 2394//2394 2577//2577 2578//2578
f 2394//2394 2578//2578 2574//2574
f 2535//2535 2530//2530 2395//2395
f 2396//2396 2579//2579 2400//2400
f 2579//2579 2396//2396 2397//2397
f 2580//2580 2397//2397 2399//2399
f 2397//2397 2580//2580 2579//2579
f 2581//2581 2398//2398 2404//2404
f 2398//2398 2581//2581 2582//2582
f 2582//2582 2399//2399 2398//2398
f 2580//2580 2399//2399 2583//2583
f 2582//2582 2583//2583 2399//2399
f 2413//2413 2400//2400 2584//2584
f 2400//2400 2413//2413 2401//2401
f 2585//2585 2584//2584 2400//2400
f 2400//2400 2579//2579 2585//2585
f 2586//2586 2406//2406 2402//2402
f 2587//2587 2586//2586 2402//2402
f 2587//2587 2402//2402 2403//2403
f 2403//2403 2588//2588 2587//2587
f 2403//2403 2411//2411 2588//2588
f 2404//2404 2589//2589 2581//2581
f 2589//2589 2404//2404 2405//2405
f 2405//2405 2590//2590 2589//2589
f 2590//2590 2405//2405 2406//2406
f 2591//2591 2406//2406 2592//2592
f 2592//2592 2406//2406 2586//2586
f 2591//2591 2590//2590 2406//2406
f 2407//2407 2593//2593 2412//2412
f 2408//2408 2594//2594 2407//2407
f 2407//2407 2594//2594 2593//2593
f 2595//2595 2596//2596 2408//2408
f 2408//2408 2409//2409 2597//2597
f 2596//2596 2594//2594 2408//2408
f 2595//2595 2408//2408 2597//2597
f 2409//2409 2598//2598 2599//2599
f 2495//2495 2598//2598 2409//2409
f 2599//2599 2597//2597 2409//2409
f 2410//2410 2600//2600 2411//2411
f 2600//2600 2588//2588 2411//2411
f 2410//2410 2412//2412 2601//2601
f 2602//2602 2600//2600 2410//2410
f 2602//2602 2410//2410 2601//2601
f 2601//2601 2412//2412 2593//2593
f 2417//2417 2414//2414 2413//2413
f 2413//2413 2603//2603 2417//2417
f 2603//2603 2413//2413 2584//2584
f 2604//2604 2416//2416 2415//2415
f 2419//2419 2416//2416 2605//2605
f 2416//2416 2604//2604 2606//2606
f 2605//2605 2416//2416 2606//2606
f 2415//2415 2607//2607 2608//2608
f 2415//2415 2418//2418 2609//2609
f 2608//2608 2604//2604 2415//2415
f 2609//2609 2607//2607 2415//2415
f 2609//2609 2418//2418 2417//2417
f 2610//2610 2417//2417 2603//2603
f 2417//2417 2610//2610 2609//2609
f 2551//2551 2419//2419 2605//2605
f 2420//2420 2435//2435 2426//2426
f 2422//2422 2421//2421 2611//2611
f 2611//2611 2612//2612 2422//2422
f 2422//2422 2612//2612 2613//2613
f 2423//2423 2422//2422 2613//2613
f 2421//2421 2432//2432 2611//2611
f 2613//2613 2614//2614 2423//2423
f 2423//2423 2614//2614 2424//2424
f 2425//2425 2424//2424 2614//2614
f 2450//2450 2438//2438 2425//2425
f 2450//2450 2425//2425 2614//2614
f 2426//2426 2615//2615 2427//2427
f 2427//2427 2615//2615 2429//2429
f 2616//2616 2617//2617 2426//2426
f 2426//2426 2617//2617 2615//2615
f 2426//2426 2435//2435 2618//2618
f 2618//2618 2616//2616 2426//2426
f 2428//2428 2619//2619 2620//2620
f 2428//2428 2429//2429 2619//2619
f 2428//2428 2620//2620 2621//2621
f 2428//2428 2621//2621 2431//2431
f 2619//2619 2429//2429 2615//2615
f 2430//2430 2431//2431 2622//2622
f 2431//2431 2623//2623 2624//2624
f 2621//2621 2623//2623 2431//2431
f 2624//2624 2622//2622 2431//2431
f 2430//2430 2622//2622 2432//2432
f 2622//2622 2625//2625 2432//2432
f 2625//2625 2611//2611 2432//2432
f 2436//2436 2433//2433 2626//2626
f 2437//2437 2626//2626 2433//2433
f 2618//2618 2435//2435 2434//2434
f 2434//2434 2627//2627 2618//2618
f 2436//2436 2627//2627 2434//2434
f 2626//2626 2627//2627 2436//2436
f 2626//2626 2437//2437 2628//2628
f 2628//2628 2437//2437 2629//2629
f 2629//2629 2437//2437 2486//2486
f 2447//2447 2448//2448 2440//2440
f 2440//2440 2445//2445 2447//2447
f 2444//2444 2441//2441 2630//2630
f 2441//2441 2442//2442 2631//2631
f 2632//2632 2633//2633 2441//2441
f 2441//2441 2633//2633 2634//2634
f 2441//2441 2634//2634 2630//2630
f 2441//2441 2631//2631 2632//2632
f 2631//2631 2442//2442 2457//2457
f 2444//2444 2630//2630 2443//2443
f 2443//2443 2630//2630 2635//2635
f 2635//2635 2446//2446 2443//2443
f 2446//2446 2635//2635 2449//2449
f 2465//2465 2448//2448 2449//2449
f 2449//2449 2635//2635 2636//2636
f 2449//2449 2636//2636 2637//2637
f 2637//2637 2463//2463 2449//2449
f 2638//2638 2451//2451 2450//2450
f 2614//2614 2638//2638 2450//2450
f 2451//2451 2638//2638 2452//2452
f 2611//2611 2456//2456 2452//2452
f 2638//2638 2613//2613 2452//2452
f 2611//2611 2452//2452 2612//2612
f 2612//2612 2452//2452 2613//2613
f 2455//2455 2639//2639 2453//2453
f 2639//2639 2457//2457 2453//2453
f 2640//2640 2455//2455 2454//2454
f 2639//2639 2455//2455 2641//2641
f 2641//2641 2455//2455 2640//2640
f 2640//2640 2454//2454 2456//2456
f 2640//2640 2456//2456 2611//2611
f 2642//2642 2457//2457 2643//2643
f 2643//2643 2457//2457 2639//2639
f 2457//2457 2642//2642 2631//2631
f 2458//2458 2644//2644 2477//2477
f 2459//2459 2644//2644 2458//2458
f 2644//2644 2459//2459 2460//2460
f 2476//2476 2644//2644 2460//2460
f 2460//2460 2645//2645 2476//2476
f 2460//2460 2461//2461 2645//2645
f 2462//2462 2645//2645 2461//2461
f 2462//2462 2646//2646 2647//2647
f 2645//2645 2462//2462 2647//2647
f 2648//2648 2462//2462 2464//2464
f 2648//2648 2646//2646 2462//2462
f 2637//2637 2464//2464 2463//2463
f 2464//2464 2649//2649 2648//2648
f 2637//2637 2649//2649 2464//2464
f 2467//2467 2466//2466 2481//2481
f 2468//2468 2467//2467 2481//2481
f 2481//2481 2650//2650 2468//2468
f 2468//2468 2485//2485 2469//2469
f 2650//2650 2485//2485 2468//2468
f 2470//2470 2651//2651 2480//2480
f 2470//2470 2472//2472 2651//2651
f 2652//2652 2472//2472 2471//2471
f 2472//2472 2653//2653 2651//2651
f 2652//2652 2653//2653 2472//2472
f 2652//2652 2471//2471 2473//2473
f 2473//2473 2474//2474 2652//2652
f 2654//2654 2474//2474 2655//2655
f 2479//2479 2655//2655 2474//2474
f 2474//2474 2654//2654 2652//2652
f 2656//2656 2657//2657 2475//2475
f 2647//2647 2656//2656 2475//2475
f 2475//2475 2657//2657 2478//2478
f 2647//2647 2475//2475 2476//2476
f 2647//2647 2476//2476 2645//2645
f 2477//2477 2644//2644 2476//2476
f 2479//2479 2478//2478 2657//2657
f 2657//2657 2658//2658 2479//2479
f 2658//2658 2655//2655 2479//2479
f 2651//2651 2482//2482 2480//2480
f 2481//2481 2483//2483 2650//2650
f 2659//2659 2660//2660 2482//2482
f 2482//2482 2661//2661 2659//2659
f 2662//2662 2661//2661 2482//2482
f 2651//2651 2662//2662 2482//2482
f 2482//2482 2660//2660 2483//2483
f 2483//2483 2660//2660 2650//2650
f 2663//2663 2484//2484 2485//2485
f 2487//2487 2484//2484 2663//2663
f 2650//2650 2663//2663 2485//2485
f 2664//2664 2486//2486 2488//2488
f 2665//2665 2486//2486 2664//2664
f 2486//2486 2665//2665 2629//2629
f 2663//2663 2493//2493 2487//2487
f 2666//2666 2664//2664 2488//2488
f 2488//2488 2492//2492 2666//2666
f 2489//2489 2667//2667 2668//2668
f 2490//2490 2489//2489 2668//2668
f 2669//2669 2667//2667 2489//2489
f 2489//2489 2494//2494 2669//2669
f 2668//2668 2670//2670 2490//2490
f 2670//2670 2491//2491 2490//2490
f 2491//2491 2670//2670 2671//2671
f 2492//2492 2491//2491 2671//2671
f 2492//2492 2671//2671 2666//2666
f 2660//2660 2494//2494 2493//2493
f 2660//2660 2493//2493 2663//2663
f 2659//2659 2669//2669 2494//2494
f 2659//2659 2494//2494 2660//2660
f 2598//2598 2495//2495 2528//2528
f 2497//2497 2496//2496 2498//2498
f 2498//2498 2672//2672 2497//2497
f 2673//2673 2497//2497 2672//2672
f 2513//2513 2497//2497 2673//2673
f 2519//2519 2497//2497 2513//2513
f 2499//2499 2672//2672 2498//2498
f 2499//2499 2525//2525 2672//2672
f 2500//2500 2674//2674 2507//2507
f 2502//2502 2674//2674 2500//2500
f 2522//2522 2503//2503 2501//2501
f 2522//2522 2501//2501 2504//2504
f 2674//2674 2502//2502 2675//2675
f 2676//2676 2675//2675 2502//2502
f 2503//2503 2676//2676 2502//2502
f 2503//2503 2675//2675 2676//2676
f 2675//2675 2503//2503 2677//2677
f 2677//2677 2503//2503 2522//2522
f 2505//2505 2678//2678 2511//2511
f 2679//2679 2678//2678 2505//2505
f 2505//2505 2506//2506 2679//2679
f 2508//2508 2679//2679 2506//2506
f 2680//2680 2508//2508 2507//2507
f 2507//2507 2681//2681 2680//2680
f 2674//2674 2681//2681 2507//2507
f 2679//2679 2508//2508 2680//2680
f 2682//2682 2683//2683 2509//2509
f 2684//2684 2685//2685 2509//2509
f 2683//2683 2684//2684 2509//2509
f 2682//2682 2509//2509 2510//2510
f 2686//2686 2509//2509 2685//2685
f 2529//2529 2509//2509 2686//2686
f 2687//2687 2682//2682 2510//2510
f 2510//2510 2511//2511 2687//2687
f 2687//2687 2511//2511 2678//2678
f 2512//2512 2519//2519 2513//2513
f 2673//2673 2516//2516 2513//2513
f 2688//2688 2515//2515 2514//2514
f 2515//2515 2688//2688 2520//2520
f 2515//2515 2520//2520 2523//2523
f 2514//2514 2518//2518 2688//2688
f 2516//2516 2672//2672 2525//2525
f 2673//2673 2672//2672 2516//2516
f 2525//2525 2689//2689 2516//2516
f 2517//2517 2516//2516 2689//2689
f 2517//2517 2690//2690 2518//2518
f 2689//2689 2690//2690 2517//2517
f 2690//2690 2691//2691 2518//2518
f 2688//2688 2518//2518 2692//2692
f 2518//2518 2691//2691 2692//2692
f 2520//2520 2693//2693 2521//2521
f 2522//2522 2521//2521 2677//2677
f 2694//2694 2521//2521 2693//2693
f 2677//2677 2521//2521 2695//2695
f 2694//2694 2695//2695 2521//2521
f 2696//2696 2520//2520 2697//2697
f 2520//2520 2688//2688 2697//2697
f 2693//2693 2520//2520 2696//2696
f 2524//2524 2698//2698 2699//2699
f 2524//2524 2689//2689 2525//2525
f 2689//2689 2524//2524 2699//2699
f 2527//2527 2698//2698 2524//2524
f 2534//2534 2700//2700 2526//2526
f 2700//2700 2698//2698 2526//2526
f 2527//2527 2526//2526 2698//2698
f 2528//2528 2529//2529 2701//2701
f 2701//2701 2598//2598 2528//2528
f 2702//2702 2701//2701 2529//2529
f 2686//2686 2702//2702 2529//2529
f 2531//2531 2543//2543 2532//2532
f 2703//2703 2533//2533 2532//2532
f 2704//2704 2703//2703 2532//2532
f 2532//2532 2543//2543 2704//2704
f 2705//2705 2534//2534 2533//2533
f 2534//2534 2705//2705 2700//2700
f 2705//2705 2533//2533 2703//2703
f 2575//2575 2537//2537 2535//2535
f 2706//2706 2707//2707 2536//2536
f 2536//2536 2538//2538 2706//2706
f 2539//2539 2536//2536 2707//2707
f 2575//2575 2538//2538 2537//2537
f 2538//2538 2576//2576 2706//2706
f 2707//2707 2540//2540 2539//2539
f 2540//2540 2707//2707 2708//2708
f 2708//2708 2709//2709 2540//2540
f 2540//2540 2709//2709 2544//2544
f 2541//2541 2544//2544 2710//2710
f 2541//2541 2710//2710 2542//2542
f 2542//2542 2711//2711 2704//2704
f 2543//2543 2542//2542 2704//2704
f 2542//2542 2710//2710 2711//2711
f 2712//2712 2544//2544 2713//2713
f 2710//2710 2544//2544 2712//2712
f 2709//2709 2713//2713 2544//2544
f 2545//2545 2714//2714 2546//2546
f 2715//2715 2549//2549 2546//2546
f 2715//2715 2546//2546 2714//2714
f 2545//2545 2550//2550 2714//2714
f 2547//2547 2549//2549 2716//2716
f 2547//2547 2716//2716 2548//2548
f 2548//2548 2717//2717 2552//2552
f 2548//2548 2716//2716 2717//2717
f 2716//2716 2549//2549 2715//2715
f 2718//2718 2550//2550 2551//2551
f 2714//2714 2550//2550 2718//2718
f 2605//2605 2718//2718 2551//2551
f 2552//2552 2719//2719 2720//2720
f 2552//2552 2721//2721 2719//2719
f 2717//2717 2721//2721 2552//2552
f 2720//2720 2553//2553 2552//2552
f 2722//2722 2557//2557 2553//2553
f 2553//2553 2720//2720 2722//2722
f 2558//2558 2555//2555 2554//2554
f 2562//2562 2558//2558 2554//2554
f 2554//2554 2556//2556 2563//2563
f 2563//2563 2562//2562 2554//2554
f 2556//2556 2557//2557 2723//2723
f 2723//2723 2724//2724 2556//2556
f 2563//2563 2556//2556 2724//2724
f 2557//2557 2722//2722 2723//2723
f 2558//2558 2562//2562 2559//2559
f 2572//2572 2561//2561 2565//2565
f 2563//2563 2724//2724 2564//2564
f 2725//2725 2564//2564 2726//2726
f 2565//2565 2564//2564 2725//2725
f 2726//2726 2564//2564 2724//2724
f 2565//2565 2727//2727 2728//2728
f 2725//2725 2727//2727 2565//2565
f 2565//2565 2728//2728 2729//2729
f 2729//2729 2572//2572 2565//2565
f 2569//2569 2730//2730 2566//2566
f 2566//2566 2730//2730 2567//2567
f 2577//2577 2567//2567 2730//2730
f 2568//2568 2571//2571 2731//2731
f 2569//2569 2568//2568 2731//2731
f 2732//2732 2730//2730 2569//2569
f 2569//2569 2731//2731 2733//2733
f 2732//2732 2569//2569 2733//2733
f 2573//2573 2571//2571 2570//2570
f 2731//2731 2571//2571 2734//2734
f 2734//2734 2571//2571 2573//2573
f 2729//2729 2735//2735 2572//2572
f 2573//2573 2572//2572 2735//2735
f 2736//2736 2573//2573 2735//2735
f 2734//2734 2573//2573 2736//2736
f 2576//2576 2574//2574 2578//2578
f 2732//2732 2576//2576 2577//2577
f 2578//2578 2577//2577 2576//2576
f 2576//2576 2732//2732 2737//2737
f 2706//2706 2576//2576 2737//2737
f 2730//2730 2732//2732 2577//2577
f 2738//2738 2585//2585 2579//2579
f 2579//2579 2580//2580 2738//2738
f 2580//2580 2739//2739 2740//2740
f 2740//2740 2738//2738 2580//2580
f 2739//2739 2580//2580 2583//2583
f 2589//2589 2741//2741 2581//2581
f 2582//2582 2581//2581 2741//2741
f 2583//2583 2582//2582 2739//2739
f 2741//2741 2591//2591 2582//2582
f 2739//2739 2582//2582 2742//2742
f 2591//2591 2743//2743 2582//2582
f 2742//2742 2582//2582 2743//2743
f 2603//2603 2584//2584 2610//2610
f 2610//2610 2584//2584 2744//2744
f 2584//2584 2585//2585 2744//2744
f 2744//2744 2585//2585 2738//2738
f 2592//2592 2586//2586 2745//2745
f 2602//2602 2586//2586 2587//2587
f 2586//2586 2746//2746 2747//2747
f 2746//2746 2586//2586 2602//2602
f 2586//2586 2747//2747 2745//2745
f 2587//2587 2588//2588 2602//2602
f 2602//2602 2588//2588 2600//2600
f 2590//2590 2741//2741 2589//2589
f 2741//2741 2590//2590 2591//2591
f 2591//2591 2592//2592 2748//2748
f 2745//2745 2748//2748 2592//2592
f 2591//2591 2748//2748 2749//2749
f 2591//2591 2749//2749 2743//2743
f 2601//2601 2593//2593 2594//2594
f 2594//2594 2596//2596 2601//2601
f 2602//2602 2596//2596 2595//2595
f 2601//2601 2596//2596 2602//2602
f 2595//2595 2750//2750 2602//2602
f 2751//2751 2595//2595 2752//2752
f 2752//2752 2595//2595 2597//2597
f 2750//2750 2595//2595 2751//2751
f 2753//2753 2597//2597 2599//2599
f 2754//2754 2597//2597 2753//2753
f 2597//2597 2754//2754 2752//2752
f 2755//2755 2599//2599 2598//2598
f 2756//2756 2753//2753 2599//2599
f 2599//2599 2755//2755 2756//2756
f 2701//2701 2755//2755 2598//2598
f 2750//2750 2757//2757 2602//2602
f 2602//2602 2757//2757 2746//2746
f 2604//2604 2608//2608 2606//2606
f 2758//2758 2605//2605 2606//2606
f 2759//2759 2760//2760 2605//2605
f 2718//2718 2605//2605 2760//2760
f 2759//2759 2605//2605 2758//2758
f 2606//2606 2608//2608 2607//2607
f 2607//2607 2761//2761 2606//2606
f 2606//2606 2762//2762 2758//2758
f 2762//2762 2606//2606 2761//2761
f 2761//2761 2607//2607 2609//2609
f 2761//2761 2609//2609 2763//2763
f 2609//2609 2610//2610 2763//2763
f 2744//2744 2764//2764 2610//2610
f 2765//2765 2763//2763 2610//2610
f 2765//2765 2610//2610 2764//2764
f 2640//2640 2611//2611 2625//2625
f 2613//2613 2638//2638 2614//2614
f 2615//2615 2766//2766 2619//2619
f 2766//2766 2615//2615 2617//2617
f 2617//2617 2616//2616 2766//2766
f 2616//2616 2767//2767 2768//2768
f 2769//2769 2770//2770 2616//2616
f 2770//2770 2771//2771 2616//2616
f 2766//2766 2616//2616 2768//2768
f 2616//2616 2618//2618 2769//2769
f 2771//2771 2767//2767 2616//2616
f 2769//2769 2618//2618 2772//2772
f 2773//2773 2772//2772 2618//2618
f 2774//2774 2773//2773 2618//2618
f 2627//2627 2775//2775 2618//2618
f 2618//2618 2775//2775 2774//2774
f 2620//2620 2619//2619 2766//2766
f 2620//2620 2776//2776 2777//2777
f 2621//2621 2620//2620 2777//2777
f 2620//2620 2766//2766 2776//2776
f 2777//2777 2778//2778 2621//2621
f 2779//2779 2621//2621 2778//2778
f 2623//2623 2621//2621 2779//2779
f 2622//2622 2624//2624 2780//2780
f 2622//2622 2781//2781 2625//2625
f 2780//2780 2782//2782 2622//2622
f 2781//2781 2622//2622 2782//2782
f 2623//2623 2779//2779 2624//2624
f 2624//2624 2779//2779 2780//2780
f 2783//2783 2625//2625 2781//2781
f 2783//2783 2784//2784 2625//2625
f 2625//2625 2784//2784 2640//2640
f 2626//2626 2628//2628 2627//2627
f 2627//2627 2628//2628 2775//2775
f 2665//2665 2628//2628 2629//2629
f 2628//2628 2665//2665 2774//2774
f 2630//2630 2785//2785 2786//2786
f 2786//2786 2787//2787 2630//2630
f 2785//2785 2630//2630 2634//2634
f 2787//2787 2635//2635 2630//2630
f 2788//2788 2631//2631 2789//2789
f 2631//2631 2788//2788 2632//2632
f 2642//2642 2789//2789 2631//2631
f 2633//2633 2632//2632 2790//2790
f 2633//2633 2790//2790 2785//2785
f 2785//2785 2634//2634 2633//2633
f 2790//2790 2632//2632 2788//2788
f 2787//2787 2636//2636 2635//2635
f 2791//2791 2636//2636 2785//2785
f 2636//2636 2792//2792 2793//2793
f 2636//2636 2793//2793 2649//2649
f 2792//2792 2636//2636 2791//2791
f 2649//2649 2637//2637 2636//2636
f 2636//2636 2787//2787 2786//2786
f 2786//2786 2785//2785 2636//2636
f 2639//2639 2641//2641 2643//2643
f 2640//2640 2784//2784 2641//2641
f 2641//2641 2794//2794 2643//2643
f 2784//2784 2794//2794 2641//2641
f 2642//2642 2643//2643 2795//2795
f 2794//2794 2795//2795 2643//2643
f 2789//2789 2642//2642 2795//2795
f 2647//2647 2646//2646 2792//2792
f 2792//2792 2791//2791 2647//2647
f 2647//2647 2791//2791 2796//2796
f 2656//2656 2647//2647 2797//2797
f 2798//2798 2797//2797 2647//2647
f 2796//2796 2798//2798 2647//2647
f 2793//2793 2792//2792 2646//2646
f 2646//2646 2648//2648 2793//2793
f 2649//2649 2793//2793 2648//2648
f 2663//2663 2650//2650 2660//2660
f 2662//2662 2651//2651 2653//2653
f 2652//2652 2654//2654 2799//2799
f 2652//2652 2799//2799 2653//2653
f 2799//2799 2800//2800 2653//2653
f 2801//2801 2653//2653 2800//2800
f 2653//2653 2801//2801 2662//2662
f 2655//2655 2802//2802 2654//2654
f 2655//2655 2803//2803 2804//2804
f 2805//2805 2803//2803 2655//2655
f 2806//2806 2805//2805 2655//2655
f 2655//2655 2804//2804 2802//2802
f 2806//2806 2655//2655 2658//2658
f 2802//2802 2799//2799 2654//2654
f 2797//2797 2657//2657 2656//2656
f 2657//2657 2797//2797 2658//2658
f 2658//2658 2797//2797 2806//2806
f 2659//2659 2807//2807 2669//2669
f 2807//2807 2659//2659 2808//2808
f 2661//2661 2808//2808 2659//2659
f 2661//2661 2801//2801 2800//2800
f 2800//2800 2808//2808 2661//2661
f 2662//2662 2801//2801 2661//2661
f 2664//2664 2666//2666 2809//2809
f 2810//2810 2664//2664 2809//2809
f 2664//2664 2810//2810 2665//2665
f 2810//2810 2773//2773 2665//2665
f 2773//2773 2774//2774 2665//2665
f 2811//2811 2812//2812 2666//2666
f 2666//2666 2813//2813 2811//2811
f 2666//2666 2671//2671 2813//2813
f 2812//2812 2809//2809 2666//2666
f 2814//2814 2668//2668 2667//2667
f 2815//2815 2668//2668 2814//2814
f 2668//2668 2815//2815 2670//2670
f 2667//2667 2807//2807 2814//2814
f 2667//2667 2669//2669 2807//2807
f 2816//2816 2813//2813 2670//2670
f 2817//2817 2816//2816 2670//2670
f 2815//2815 2817//2817 2670//2670
f 2671//2671 2670//2670 2813//2813
f 2818//2818 2819//2819 2674//2674
f 2681//2681 2674//2674 2819//2819
f 2674//2674 2675//2675 2818//2818
f 2677//2677 2820//2820 2675//2675
f 2820//2820 2818//2818 2675//2675
f 2677//2677 2695//2695 2820//2820
f 2687//2687 2678//2678 2821//2821
f 2678//2678 2679//2679 2822//2822
f 2678//2678 2822//2822 2821//2821
f 2822//2822 2679//2679 2680//2680
f 2681//2681 2823//2823 2680//2680
f 2680//2680 2823//2823 2824//2824
f 2680//2680 2824//2824 2822//2822
f 2819//2819 2823//2823 2681//2681
f 2683//2683 2682//2682 2825//2825
f 2683//2683 2685//2685 2684//2684
f 2685//2685 2683//2683 2826//2826
f 2827//2827 2826//2826 2683//2683
f 2683//2683 2825//2825 2828//2828
f 2827//2827 2683//2683 2828//2828
f 2825//2825 2682//2682 2687//2687
f 2686//2686 2685//2685 2829//2829
f 2829//2829 2685//2685 2826//2826
f 2829//2829 2830//2830 2686//2686
f 2830//2830 2702//2702 2686//2686
f 2821//2821 2831//2831 2687//2687
f 2687//2687 2831//2831 2825//2825
f 2832//2832 2697//2697 2688//2688
f 2688//2688 2833//2833 2832//2832
f 2688//2688 2692//2692 2834//2834
f 2834//2834 2833//2833 2688//2688
f 2699//2699 2690//2690 2689//2689
f 2690//2690 2835//2835 2691//2691
f 2699//2699 2835//2835 2690//2690
f 2836//2836 2837//2837 2691//2691
f 2691//2691 2835//2835 2836//2836
f 2692//2692 2691//2691 2837//2837
f 2837//2837 2838//2838 2692//2692
f 2838//2838 2839//2839 2692//2692
f 2834//2834 2692//2692 2839//2839
f 2693//2693 2840//2840 2694//2694
f 2841//2841 2693//2693 2696//2696
f 2693//2693 2841//2841 2842//2842
f 2842//2842 2840//2840 2693//2693
f 2695//2695 2694//2694 2843//2843
f 2843//2843 2694//2694 2840//2840
f 2820//2820 2695//2695 2843//2843
f 2696//2696 2697//2697 2844//2844
f 2844//2844 2697//2697 2832//2832
f 2696//2696 2844//2844 2841//2841
f 2699//2699 2698//2698 2845//2845
f 2845//2845 2836//2836 2699//2699
f 2699//2699 2836//2836 2835//2835
f 2845//2845 2698//2698 2700//2700
f 2700//2700 2705//2705 2838//2838
f 2700//2700 2838//2838 2845//2845
f 2755//2755 2701//2701 2846//2846
f 2701//2701 2702//2702 2846//2846
f 2702//2702 2756//2756 2846//2846
f 2830//2830 2756//2756 2702//2702
f 2847//2847 2703//2703 2704//2704
f 2847//2847 2705//2705 2703//2703
f 2704//2704 2848//2848 2847//2847
f 2704//2704 2711//2711 2848//2848
f 2838//2838 2705//2705 2847//2847
f 2707//2707 2706//2706 2737//2737
f 2737//2737 2733//2733 2707//2707
f 2708//2708 2707//2707 2733//2733
f 2849//2849 2713//2713 2708//2708
f 2708//2708 2733//2733 2849//2849
f 2709//2709 2708//2708 2713//2713
f 2710//2710 2712//2712 2850//2850
f 2711//2711 2710//2710 2850//2850
f 2851//2851 2711//2711 2850//2850
f 2848//2848 2711//2711 2851//2851
f 2713//2713 2852//2852 2712//2712
f 2849//2849 2852//2852 2713//2713
f 2712//2712 2852//2852 2850//2850
f 2714//2714 2853//2853 2715//2715
f 2714//2714 2718//2718 2854//2854
f 2854//2854 2853//2853 2714//2714
f 2855//2855 2715//2715 2853//2853
f 2716//2716 2715//2715 2855//2855
f 2716//2716 2855//2855 2717//2717
f 2717//2717 2855//2855 2721//2721
f 2856//2856 2854//2854 2718//2718
f 2760//2760 2856//2856 2718//2718
f 2720//2720 2719//2719 2857//2857
f 2858//2858 2722//2722 2720//2720
f 2857//2857 2859//2859 2720//2720
f 2860//2860 2720//2720 2859//2859
f 2720//2720 2860//2860 2861//2861
f 2720//2720 2861//2861 2858//2858
f 2719//2719 2862//2862 2857//2857
f 2721//2721 2862//2862 2719//2719
f 2721//2721 2863//2863 2862//2862
f 2855//2855 2863//2863 2721//2721
f 2723//2723 2722//2722 2724//2724
f 2722//2722 2858//2858 2864//2864
f 2724//2724 2722//2722 2864//2864
f 2864//2864 2865//2865 2724//2724
f 2865//2865 2726//2726 2724//2724
f 2725//2725 2726//2726 2866//2866
f 2865//2865 2866//2866 2726//2726
f 2725//2725 2866//2866 2727//2727
f 2727//2727 2867//2867 2728//2728
f 2728//2728 2868//2868 2729//2729
f 2728//2728 2867//2867 2869//2869
f 2728//2728 2869//2869 2870//2870
f 2868//2868 2728//2728 2870//2870
f 2727//2727 2866//2866 2871//2871
f 2871//2871 2867//2867 2727//2727
f 2729//2729 2868//2868 2735//2735
f 2731//2731 2872//2872 2733//2733
f 2872//2872 2731//2731 2734//2734
f 2733//2733 2737//2737 2732//2732
f 2849//2849 2733//2733 2872//2872
f 2736//2736 2872//2872 2734//2734
f 2735//2735 2868//2868 2736//2736
f 2870//2870 2736//2736 2868//2868
f 2736//2736 2873//2873 2874//2874
f 2874//2874 2872//2872 2736//2736
f 2870//2870 2869//2869 2736//2736
f 2736//2736 2869//2869 2875//2875
f 2875//2875 2873//2873 2736//2736
f 2764//2764 2744//2744 2738//2738
f 2738//2738 2876//2876 2764//2764
f 2740//2740 2877//2877 2738//2738
f 2738//2738 2877//2877 2876//2876
f 2739//2739 2877//2877 2740//2740
f 2877//2877 2739//2739 2742//2742
f 2878//2878 2742//2742 2743//2743
f 2877//2877 2742//2742 2879//2879
f 2879//2879 2742//2742 2878//2878
f 2878//2878 2743//2743 2749//2749
f 2748//2748 2745//2745 2747//2747
f 2747//2747 2746//2746 2880//2880
f 2881//2881 2748//2748 2747//2747
f 2881//2881 2747//2747 2880//2880
f 2880//2880 2746//2746 2757//2757
f 2882//2882 2883//2883 2748//2748
f 2882//2882 2748//2748 2881//2881
f 2884//2884 2749//2749 2748//2748
f 2884//2884 2748//2748 2883//2883
f 2749//2749 2884//2884 2885//2885
f 2885//2885 2878//2878 2749//2749
f 2757//2757 2750//2750 2886//2886
f 2750//2750 2887//2887 2888//2888
f 2750//2750 2889//2889 2887//2887
f 2888//2888 2886//2886 2750//2750
f 2750//2750 2890//2890 2889//2889
f 2890//2890 2750//2750 2751//2751
f 2891//2891 2751//2751 2752//2752
f 2891//2891 2752//2752 2754//2754
f 2890//2890 2751//2751 2891//2891
f 2754//2754 2753//2753 2892//2892
f 2892//2892 2753//2753 2756//2756
f 2754//2754 2892//2892 2893//2893
f 2894//2894 2891//2891 2754//2754
f 2893//2893 2894//2894 2754//2754
f 2846//2846 2756//2756 2755//2755
f 2830//2830 2892//2892 2756//2756
f 2886//2886 2880//2880 2757//2757
f 2895//2895 2758//2758 2762//2762
f 2895//2895 2896//2896 2758//2758
f 2896//2896 2759//2759 2758//2758
f 2897//2897 2760//2760 2759//2759
f 2898//2898 2899//2899 2760//2760
f 2760//2760 2899//2899 2856//2856
f 2760//2760 2897//2897 2898//2898
f 2900//2900 2897//2897 2759//2759
f 2759//2759 2896//2896 2900//2900
f 2761//2761 2901//2901 2902//2902
f 2763//2763 2903//2903 2761//2761
f 2761//2761 2903//2903 2901//2901
f 2902//2902 2904//2904 2761//2761
f 2904//2904 2762//2762 2761//2761
f 2895//2895 2762//2762 2904//2904
f 2903//2903 2763//2763 2905//2905
f 2763//2763 2765//2765 2905//2905
f 2765//2765 2764//2764 2876//2876
f 2876//2876 2906//2906 2765//2765
f 2905//2905 2765//2765 2906//2906
f 2766//2766 2768//2768 2776//2776
f 2768//2768 2767//2767 2907//2907
f 2908//2908 2776//2776 2768//2768
f 2908//2908 2768//2768 2907//2907
f 2767//2767 2771//2771 2909//2909
f 2909//2909 2907//2907 2767//2767
f 2772//2772 2770//2770 2769//2769
f 2810//2810 2770//2770 2772//2772
f 2770//2770 2910//2910 2771//2771
f 2810//2810 2809//2809 2770//2770
f 2770//2770 2809//2809 2910//2910
f 2771//2771 2910//2910 2909//2909
f 2772//2772 2773//2773 2810//2810
f 2628//2628 2774//2774 2775//2775
f 2777//2777 2776//2776 2908//2908
f 2777//2777 2908//2908 2911//2911
f 2777//2777 2911//2911 2778//2778
f 2778//2778 2911//2911 2912//2912
f 2778//2778 2912//2912 2779//2779
f 2779//2779 2913//2913 2780//2780
f 2913//2913 2779//2779 2912//2912
f 2780//2780 2913//2913 2914//2914
f 2914//2914 2915//2915 2780//2780
f 2915//2915 2782//2782 2780//2780
f 2781//2781 2916//2916 2783//2783
f 2782//2782 2916//2916 2781//2781
f 2916//2916 2782//2782 2915//2915
f 2917//2917 2783//2783 2916//2916
f 2794//2794 2783//2783 2917//2917
f 2794//2794 2784//2784 2783//2783
f 2918//2918 2919//2919 2785//2785
f 2785//2785 2919//2919 2791//2791
f 2918//2918 2785//2785 2790//2790
f 2789//2789 2920//2920 2788//2788
f 2795//2795 2921//2921 2789//2789
f 2789//2789 2922//2922 2920//2920
f 2921//2921 2922//2922 2789//2789
f 2790//2790 2788//2788 2923//2923
f 2920//2920 2918//2918 2788//2788
f 2923//2923 2788//2788 2918//2918
f 2918//2918 2790//2790 2923//2923
f 2791//2791 2924//2924 2796//2796
f 2924//2924 2791//2791 2919//2919
f 2917//2917 2795//2795 2794//2794
f 2795//2795 2917//2917 2921//2921
f 2925//2925 2796//2796 2924//2924
f 2925//2925 2926//2926 2796//2796
f 2798//2798 2796//2796 2926//2926
f 2798//2798 2926//2926 2797//2797
f 2927//2927 2806//2806 2797//2797
f 2797//2797 2926//2926 2927//2927
f 2928//2928 2808//2808 2799//2799
f 2802//2802 2928//2928 2799//2799
f 2799//2799 2808//2808 2800//2800
f 2929//2929 2802//2802 2804//2804
f 2929//2929 2928//2928 2802//2802
f 2804//2804 2803//2803 2930//2930
f 2804//2804 2930//2930 2929//2929
f 2931//2931 2930//2930 2803//2803
f 2932//2932 2933//2933 2803//2803
f 2933//2933 2931//2931 2803//2803
f 2934//2934 2932//2932 2803//2803
f 2934//2934 2803//2803 2805//2805
f 2806//2806 2934//2934 2805//2805
f 2806//2806 2932//2932 2934//2934
f 2927//2927 2932//2932 2806//2806
f 2935//2935 2807//2807 2929//2929
f 2929//2929 2807//2807 2928//2928
f 2807//2807 2808//2808 2928//2928
f 2935//2935 2814//2814 2807//2807
f 2910//2910 2809//2809 2812//2812
f 2936//2936 2812//2812 2811//2811
f 2812//2812 2936//2936 2910//2910
f 2813//2813 2816//2816 2811//2811
f 2811//2811 2816//2816 2936//2936
f 2937//2937 2938//2938 2814//2814
f 2938//2938 2815//2815 2814//2814
f 2814//2814 2939//2939 2937//2937
f 2939//2939 2814//2814 2935//2935
f 2938//2938 2817//2817 2815//2815
f 2816//2816 2817//2817 2937//2937
f 2937//2937 2936//2936 2816//2816
f 2817//2817 2938//2938 2937//2937
f 2818//2818 2940//2940 2819//2819
f 2819//2819 2941//2941 2942//2942
f 2942//2942 2823//2823 2819//2819
f 2819//2819 2943//2943 2941//2941
f 2819//2819 2940//2940 2943//2943
f 2818//2818 2820//2820 2940//2940
f 2843//2843 2940//2940 2820//2820
f 2821//2821 2824//2824 2831//2831
f 2822//2822 2824//2824 2821//2821
f 2831//2831 2824//2824 2823//2823
f 2823//2823 2942//2942 2831//2831
f 2825//2825 2944//2944 2828//2828
f 2831//2831 2944//2944 2825//2825
f 2945//2945 2826//2826 2946//2946
f 2826//2826 2947//2947 2948//2948
f 2826//2826 2827//2827 2947//2947
f 2826//2826 2949//2949 2829//2829
f 2826//2826 2945//2945 2949//2949
f 2948//2948 2946//2946 2826//2826
f 2947//2947 2827//2827 2828//2828
f 2828//2828 2950//2950 2947//2947
f 2944//2944 2950//2950 2828//2828
f 2830//2830 2829//2829 2951//2951
f 2829//2829 2949//2949 2952//2952
f 2829//2829 2952//2952 2951//2951
f 2953//2953 2830//2830 2951//2951
f 2892//2892 2830//2830 2953//2953
f 2831//2831 2942//2942 2944//2944
f 2844//2844 2832//2832 2833//2833
f 2833//2833 2841//2841 2844//2844
f 2954//2954 2841//2841 2833//2833
f 2833//2833 2834//2834 2955//2955
f 2833//2833 2956//2956 2957//2957
f 2955//2955 2956//2956 2833//2833
f 2957//2957 2954//2954 2833//2833
f 2839//2839 2955//2955 2834//2834
f 2845//2845 2837//2837 2836//2836
f 2845//2845 2838//2838 2837//2837
f 2838//2838 2848//2848 2958//2958
f 2848//2848 2838//2838 2847//2847
f 2839//2839 2838//2838 2958//2958
f 2839//2839 2958//2958 2959//2959
f 2839//2839 2959//2959 2955//2955
f 2840//2840 2960//2960 2843//2843
f 2842//2842 2960//2960 2840//2840
f 2961//2961 2962//2962 2841//2841
f 2841//2841 2963//2963 2842//2842
f 2963//2963 2841//2841 2962//2962
f 2841//2841 2964//2964 2961//2961
f 2841//2841 2954//2954 2964//2964
f 2965//2965 2842//2842 2966//2966
f 2960//2960 2842//2842 2965//2965
f 2963//2963 2966//2966 2842//2842
f 2940//2940 2843//2843 2943//2943
f 2960//2960 2943//2943 2843//2843
f 2967//2967 2959//2959 2848//2848
f 2968//2968 2967//2967 2848//2848
f 2851//2851 2968//2968 2848//2848
f 2848//2848 2959//2959 2958//2958
f 2849//2849 2851//2851 2852//2852
f 2969//2969 2849//2849 2873//2873
f 2872//2872 2874//2874 2849//2849
f 2874//2874 2873//2873 2849//2849
f 2851//2851 2849//2849 2969//2969
f 2850//2850 2852//2852 2851//2851
f 2851//2851 2970//2970 2971//2971
f 2968//2968 2851//2851 2971//2971
f 2969//2969 2970//2970 2851//2851
f 2855//2855 2853//2853 2863//2863
f 2854//2854 2863//2863 2853//2853
f 2854//2854 2899//2899 2863//2863
f 2899//2899 2854//2854 2856//2856
f 2857//2857 2972//2972 2859//2859
f 2862//2862 2972//2972 2857//2857
f 2858//2858 2973//2973 2864//2864
f 2858//2858 2861//2861 2974//2974
f 2858//2858 2974//2974 2973//2973
f 2975//2975 2861//2861 2859//2859
f 2859//2859 2976//2976 2977//2977
f 2972//2972 2976//2976 2859//2859
f 2861//2861 2860//2860 2859//2859
f 2975//2975 2859//2859 2977//2977
f 2861//2861 2975//2975 2978//2978
f 2979//2979 2980//2980 2861//2861
f 2861//2861 2980//2980 2974//2974
f 2861//2861 2978//2978 2979//2979
f 2863//2863 2972//2972 2862//2862
f 2899//2899 2972//2972 2863//2863
f 2973//2973 2981//2981 2864//2864
f 2864//2864 2981//2981 2982//2982
f 2864//2864 2982//2982 2865//2865
f 2865//2865 2982//2982 2871//2871
f 2871//2871 2866//2866 2865//2865
f 2869//2869 2867//2867 2983//2983
f 2871//2871 2983//2983 2867//2867
f 2983//2983 2875//2875 2869//2869
f 2871//2871 2984//2984 2985//2985
f 2982//2982 2984//2984 2871//2871
f 2985//2985 2983//2983 2871//2871
f 2873//2873 2986//2986 2987//2987
f 2873//2873 2875//2875 2986//2986
f 2969//2969 2873//2873 2987//2987
f 2875//2875 2988//2988 2989//2989
f 2983//2983 2988//2988 2875//2875
f 2875//2875 2989//2989 2986//2986
f 2876//2876 2877//2877 2990//2990
f 2990//2990 2991//2991 2876//2876
f 2876//2876 2992//2992 2906//2906
f 2992//2992 2876//2876 2991//2991
f 2879//2879 2990//2990 2877//2877
f 2878//2878 2885//2885 2993//2993
f 2878//2878 2993//2993 2879//2879
f 2993//2993 2994//2994 2879//2879
f 2879//2879 2994//2994 2990//2990
f 2880//2880 2886//2886 2881//2881
f 2881//2881 2995//2995 2882//2882
f 2995//2995 2881//2881 2886//2886
f 2882//2882 2996//2996 2883//2883
f 2996//2996 2884//2884 2883//2883
f 2997//2997 2882//2882 2998//2998
f 2996//2996 2882//2882 2997//2997
f 2882//2882 2995//2995 2998//2998
f 2999//2999 2885//2885 2884//2884
f 2999//2999 2884//2884 2996//2996
f 2885//2885 3000//3000 2993//2993
f 3000//3000 2885//2885 2999//2999
f 2888//2888 3001//3001 2886//2886
f 3001//3001 2995//2995 2886//2886
f 2888//2888 2887//2887 3002//3002
f 2888//2888 3002//3002 3001//3001
f 3002//3002 2887//2887 3003//3003
f 3004//3004 3003//3003 2887//2887
f 3004//3004 2887//2887 3005//3005
f 2889//2889 3005//3005 2887//2887
f 3006//3006 2889//2889 2890//2890
f 3005//3005 2889//2889 3006//3006
f 2891//2891 3006//3006 2890//2890
f 2894//2894 3006//3006 2891//2891
f 2892//2892 2953//2953 3007//3007
f 3007//3007 2893//2893 2892//2892
f 2893//2893 3007//3007 3008//3008
f 3008//3008 2894//2894 2893//2893
f 3009//3009 3006//3006 2894//2894
f 2894//2894 3008//3008 3009//3009
f 2904//2904 3010//3010 2895//2895
f 3011//3011 2896//2896 2895//2895
f 2895//2895 3010//3010 3012//3012
f 3011//3011 2895//2895 3012//3012
f 2900//2900 2896//2896 3013//3013
f 3011//3011 3013//3013 2896//2896
f 2898//2898 2897//2897 3014//3014
f 3014//3014 2897//2897 3015//3015
f 3015//3015 2897//2897 3016//3016
f 3016//3016 2897//2897 2900//2900
f 2976//2976 2899//2899 2898//2898
f 2972//2972 2899//2899 2976//2976
f 2898//2898 3014//3014 2976//2976
f 3016//3016 2900//2900 3013//3013
f 2901//2901 3017//3017 2902//2902
f 2902//2902 3017//3017 3018//3018
f 3018//3018 2904//2904 2902//2902
f 2903//2903 3019//3019 2901//2901
f 2901//2901 3020//3020 3017//3017
f 2901//2901 3021//3021 3020//3020
f 3019//3019 3021//3021 2901//2901
f 2903//2903 3022//3022 3023//3023
f 2903//2903 2905//2905 3024//3024
f 3024//3024 3022//3022 2903//2903
f 3023//3023 3019//3019 2903//2903
f 2904//2904 3018//3018 3010//3010
f 3025//3025 2905//2905 2992//2992
f 2992//2992 2905//2905 2906//2906
f 2905//2905 3025//3025 3024//3024
f 2908//2908 2907//2907 3026//3026
f 2907//2907 3027//3027 3028//3028
f 3026//3026 2907//2907 3028//3028
f 2907//2907 2909//2909 3027//3027
f 3026//3026 2911//2911 2908//2908
f 2910//2910 3029//3029 2909//2909
f 2909//2909 3029//3029 3027//3027
f 2910//2910 2936//2936 3029//3029
f 2912//2912 2911//2911 3030//3030
f 3030//3030 2911//2911 3026//3026
f 2912//2912 3030//3030 2913//2913
f 3030//3030 3031//3031 2913//2913
f 2913//2913 3031//3031 2914//2914
f 2914//2914 2917//2917 2915//2915
f 2914//2914 3031//3031 3032//3032
f 2914//2914 3032//3032 2917//2917
f 2916//2916 2915//2915 2917//2917
f 3032//3032 2921//2921 2917//2917
f 2918//2918 3033//3033 2919//2919
f 2919//2919 3034//3034 2924//2924
f 3033//3033 3034//3034 2919//2919
f 3035//3035 3033//3033 2918//2918
f 2918//2918 2920//2920 3035//3035
f 2920//2920 3036//3036 3035//3035
f 2922//2922 3036//3036 2920//2920
f 2922//2922 2921//2921 3032//3032
f 3037//3037 3036//3036 2922//2922
f 3032//3032 3037//3037 2922//2922
f 3034//3034 2925//2925 2924//2924
f 2926//2926 2925//2925 2927//2927
f 2927//2927 2925//2925 3038//3038
f 3039//3039 3038//3038 2925//2925
f 3034//3034 3039//3039 2925//2925
f 2927//2927 2933//2933 2932//2932
f 2933//2933 2927//2927 3038//3038
f 2935//2935 2929//2929 2930//2930
f 2930//2930 2931//2931 2935//2935
f 2931//2931 2933//2933 2935//2935
f 2933//2933 3040//3040 3041//3041
f 3040//3040 2933//2933 3038//3038
f 3041//3041 2935//2935 2933//2933
f 3041//3041 2939//2939 2935//2935
f 3029//3029 2936//2936 2939//2939
f 2936//2936 2937//2937 2939//2939
f 3029//3029 2939//2939 3041//3041
f 2942//2942 2941//2941 3042//3042
f 3042//3042 2944//2944 2942//2942
f 3042//3042 2941//2941 3043//3043
f 3044//3044 3043//3043 2941//2941
f 2941//2941 2943//2943 3044//3044
f 2960//2960 3044//3044 2943//2943
f 2944//2944 3042//3042 2950//2950
f 2945//2945 2946//2946 3045//3045
f 3045//3045 2946//2946 2948//2948
f 3046//3046 2945//2945 3045//3045
f 2949//2949 2945//2945 2952//2952
f 2952//2952 2945//2945 3046//3046
f 2948//2948 2947//2947 3047//3047
f 3047//3047 3048//3048 2948//2948
f 2948//2948 3048//3048 3045//3045
f 3047//3047 2947//2947 2950//2950
f 3049//3049 2950//2950 3042//3042
f 2950//2950 3049//3049 3047//3047
f 2953//2953 2951//2951 3007//3007
f 2951//2951 2952//2952 3007//3007
f 2952//2952 3050//3050 3051//3051
f 3046//3046 3050//3050 2952//2952
f 3007//3007 2952//2952 3051//3051
f 3052//3052 2964//2964 2954//2954
f 2957//2957 3053//3053 2954//2954
f 2954//2954 3054//3054 3052//3052
f 3053//3053 3054//3054 2954//2954
f 2955//2955 2959//2959 2967//2967
f 2955//2955 2967//2967 3055//3055
f 2955//2955 3056//3056 3057//3057
f 3057//3057 2956//2956 2955//2955
f 3055//3055 3056//3056 2955//2955
f 3058//3058 2957//2957 2956//2956
f 3059//3059 2957//2957 3058//3058
f 2957//2957 3059//3059 3053//3053
f 3058//3058 2956//2956 3060//3060
f 3057//3057 3060//3060 2956//2956
f 3044//3044 2960//2960 2965//2965
f 3061//3061 2962//2962 2961//2961
f 2962//2962 3061//3061 2963//2963
f 3062//3062 2961//2961 3063//3063
f 2961//2961 3062//3062 3064//3064
f 3065//3065 2961//2961 3064//3064
f 2961//2961 3065//3065 3061//3061
f 2964//2964 3063//3063 2961//2961
f 2963//2963 3061//3061 3065//3065
f 3065//3065 2966//2966 2963//2963
f 2964//2964 3052//3052 3066//3066
f 3066//3066 3063//3063 2964//2964
f 3067//3067 2965//2965 2966//2966
f 2966//2966 3065//3065 3067//3067
f 3044//3044 2965//2965 3067//3067
f 2968//2968 3055//3055 2967//2967
f 2968//2968 3068//3068 3069//3069
f 2971//2971 3068//3068 2968//2968
f 3069//3069 3055//3055 2968//2968
f 2969//2969 3070//3070 3071//3071
f 2970//2970 2969//2969 3072//3072
f 3070//3070 2969//2969 2987//2987
f 3071//3071 3072//3072 2969//2969
f 3072//3072 2971//2971 2970//2970
f 2971//2971 3072//3072 3068//3068
f 2981//2981 2973//2973 2974//2974
f 2974//2974 2980//2980 2981//2981
f 2977//2977 3073//3073 2975//2975
f 2975//2975 3073//3073 2978//2978
f 2976//2976 3014//3014 2977//2977
f 2977//2977 3014//3014 3015//3015
f 2977//2977 3015//3015 3074//3074
f 2977//2977 3074//3074 3073//3073
f 2979//2979 2978//2978 3075//3075
f 2978//2978 3073//3073 3075//3075
f 2980//2980 2979//2979 2981//2981
f 2979//2979 2984//2984 2981//2981
f 3075//3075 3076//3076 2979//2979
f 3076//3076 3077//3077 2979//2979
f 2979//2979 3077//3077 2984//2984
f 2981//2981 2984//2984 2982//2982
f 2985//2985 2988//2988 2983//2983
f 2984//2984 3077//3077 2985//2985
f 2985//2985 3077//3077 2988//2988
f 2987//2987 2986//2986 3070//3070
f 3078//3078 2986//2986 2989//2989
f 2986//2986 3078//3078 3079//3079
f 2986//2986 3079//3079 3070//3070
f 2988//2988 3077//3077 2989//2989
f 2989//2989 3076//3076 3080//3080
f 2989//2989 3080//3080 3078//3078
f 2989//2989 3077//3077 3076//3076
f 3081//3081 2991//2991 2990//2990
f 2994//2994 3082//3082 2990//2990
f 2990//2990 3082//3082 3081//3081
f 2992//2992 2991//2991 3081//3081
f 3083//3083 3084//3084 2992//2992
f 3084//3084 3025//3025 2992//2992
f 3085//3085 2992//2992 3086//3086
f 3085//3085 3083//3083 2992//2992
f 3081//3081 3086//3086 2992//2992
f 2993//2993 3087//3087 3088//3088
f 2993//2993 3000//3000 3087//3087
f 3088//3088 2994//2994 2993//2993
f 2994//2994 3089//3089 3082//3082
f 2994//2994 3088//3088 3089//3089
f 3001//3001 2998//2998 2995//2995
f 2999//2999 2996//2996 2997//2997
f 3090//3090 2998//2998 3001//3001
f 2997//2997 2998//2998 3090//3090
f 2997//2997 3091//3091 3092//3092
f 3092//3092 2999//2999 2997//2997
f 2997//2997 3090//3090 3091//3091
f 3092//3092 3000//3000 2999//2999
f 3000//3000 3092//3092 3093//3093
f 3087//3087 3000//3000 3093//3093
f 3090//3090 3001//3001 3002//3002
f 3094//3094 3090//3090 3002//3002
f 3002//3002 3003//3003 3094//3094
f 3095//3095 3094//3094 3003//3003
f 3095//3095 3003//3003 3004//3004
f 3096//3096 3097//3097 3004//3004
f 3097//3097 3095//3095 3004//3004
f 3005//3005 3096//3096 3004//3004
f 3098//3098 3096//3096 3005//3005
f 3006//3006 3009//3009 3005//3005
f 3098//3098 3005//3005 3009//3009
f 3051//3051 3008//3008 3007//3007
f 3009//3009 3008//3008 3099//3099
f 3099//3099 3008//3008 3050//3050
f 3051//3051 3050//3050 3008//3008
f 3009//3009 3100//3100 3098//3098
f 3009//3009 3099//3099 3100//3100
f 3018//3018 3101//3101 3010//3010
f 3102//3102 3012//3012 3010//3010
f 3102//3102 3010//3010 3101//3101
f 3011//3011 3103//3103 3104//3104
f 3104//3104 3013//3013 3011//3011
f 3012//3012 3103//3103 3011//3011
f 3012//3012 3102//3102 3103//3103
f 3016//3016 3013//3013 3105//3105
f 3105//3105 3013//3013 3106//3106
f 3104//3104 3106//3106 3013//3013
f 3015//3015 3016//3016 3105//3105
f 3015//3015 3107//3107 3074//3074
f 3107//3107 3015//3015 3105//3105
f 3108//3108 3018//3018 3017//3017
f 3108//3108 3017//3017 3020//3020
f 3018//3018 3108//3108 3101//3101
f 3019//3019 3109//3109 3021//3021
f 3023//3023 3109//3109 3019//3019
f 3110//3110 3108//3108 3020//3020
f 3110//3110 3020//3020 3111//3111
f 3111//3111 3020//3020 3021//3021
f 3112//3112 3021//3021 3109//3109
f 3111//3111 3021//3021 3112//3112
f 3023//3023 3022//3022 3109//3109
f 3113//3113 3109//3109 3022//3022
f 3024//3024 3114//3114 3022//3022
f 3022//3022 3114//3114 3113//3113
f 3025//3025 3114//3114 3024//3024
f 3084//3084 3083//3083 3025//3025
f 3115//3115 3025//3025 3083//3083
f 3025//3025 3115//3115 3114//3114
f 3028//3028 3030//3030 3026//3026
f 3028//3028 3027//3027 3116//3116
f 3030//3030 3028//3028 3117//3117
f 3117//3117 3028//3028 3116//3116
f 3027//3027 3029//3029 3116//3116
f 3116//3116 3029//3029 3041//3041
f 3037//3037 3031//3031 3030//3030
f 3117//3117 3037//3037 3030//3030
f 3032//3032 3031//3031 3037//3037
f 3034//3034 3033//3033 3035//3035
f 3035//3035 3036//3036 3034//3034
f 3118//3118 3039//3039 3034//3034
f 3034//3034 3036//3036 3118//3118
f 3037//3037 3118//3118 3036//3036
f 3116//3116 3119//3119 3037//3037
f 3116//3116 3037//3037 3117//3117
f 3118//3118 3037//3037 3119//3119
f 3040//3040 3038//3038 3120//3120
f 3039//3039 3120//3120 3038//3038
f 3119//3119 3120//3120 3039//3039
f 3039//3039 3118//3118 3119//3119
f 3119//3119 3041//3041 3040//3040
f 3041//3041 3119//3119 3116//3116
f 3119//3119 3040//3040 3120//3120
f 3043//3043 3067//3067 3042//3042
f 3067//3067 3049//3049 3042//3042
f 3043//3043 3044//3044 3067//3067
f 3045//3045 3121//3121 3122//3122
f 3123//3123 3121//3121 3045//3045
f 3045//3045 3048//3048 3123//3123
f 3045//3045 3122//3122 3046//3046
f 3124//3124 3050//3050 3046//3046
f 3046//3046 3122//3122 3124//3124
f 3047//3047 3125//3125 3048//3048
f 3125//3125 3047//3047 3049//3049
f 3048//3048 3126//3126 3123//3123
f 3127//3127 3126//3126 3048//3048
f 3127//3127 3048//3048 3125//3125
f 3049//3049 3065//3065 3128//3128
f 3049//3049 3128//3128 3125//3125
f 3049//3049 3067//3067 3065//3065
f 3124//3124 3129//3129 3050//3050
f 3050//3050 3129//3129 3099//3099
f 3066//3066 3052//3052 3130//3130
f 3130//3130 3052//3052 3054//3054
f 3053//3053 3131//3131 3054//3054
f 3131//3131 3053//3053 3059//3059
f 3054//3054 3131//3131 3132//3132
f 3054//3054 3132//3132 3130//3130
f 3133//3133 3055//3055 3069//3069
f 3133//3133 3056//3056 3055//3055
f 3056//3056 3134//3134 3057//3057
f 3057//3057 3134//3134 3060//3060
f 3134//3134 3056//3056 3133//3133
f 3058//3058 3060//3060 3135//3135
f 3136//3136 3137//3137 3058//3058
f 3058//3058 3138//3138 3139//3139
f 3138//3138 3058//3058 3140//3140
f 3058//3058 3141//3141 3059//3059
f 3058//3058 3135//3135 3136//3136
f 3140//3140 3058//3058 3137//3137
f 3141//3141 3058//3058 3139//3139
f 3142//3142 3131//3131 3059//3059
f 3142//3142 3059//3059 3141//3141
f 3060//3060 3143//3143 3135//3135
f 3134//3134 3143//3143 3060//3060
f 3066//3066 3062//3062 3063//3063
f 3144//3144 3064//3064 3062//3062
f 3062//3062 3066//3066 3145//3145
f 3145//3145 3144//3144 3062//3062
f 3128//3128 3064//3064 3144//3144
f 3064//3064 3128//3128 3065//3065
f 3130//3130 3146//3146 3066//3066
f 3066//3066 3146//3146 3145//3145
f 3068//3068 3147//3147 3069//3069
f 3069//3069 3134//3134 3133//3133
f 3147//3147 3148//3148 3069//3069
f 3134//3134 3069//3069 3149//3149
f 3149//3149 3069//3069 3148//3148
f 3068//3068 3150//3150 3147//3147
f 3072//3072 3150//3150 3068//3068
f 3071//3071 3070//3070 3150//3150
f 3150//3150 3072//3072 3071//3071
f 3070//3070 3079//3079 3150//3150
f 3151//3151 3073//3073 3074//3074
f 3075//3075 3073//3073 3151//3151
f 3107//3107 3106//3106 3074//3074
f 3074//3074 3106//3106 3151//3151
f 3080//3080 3075//3075 3151//3151
f 3076//3076 3075//3075 3080//3080
f 3152//3152 3079//3079 3078//3078
f 3078//3078 3153//3153 3152//3152
f 3154//3154 3153//3153 3078//3078
f 3078//3078 3080//3080 3154//3154
f 3079//3079 3155//3155 3156//3156
f 3152//3152 3155//3155 3079//3079
f 3079//3079 3157//3157 3150//3150
f 3079//3079 3156//3156 3157//3157
f 3151//3151 3154//3154 3080//3080
f 3081//3081 3158//3158 3159//3159
f 3081//3081 3159//3159 3086//3086
f 3082//3082 3158//3158 3081//3081
f 3082//3082 3089//3089 3160//3160
f 3160//3160 3158//3158 3082//3082
f 3161//3161 3083//3083 3162//3162
f 3083//3083 3085//3085 3162//3162
f 3083//3083 3161//3161 3163//3163
f 3083//3083 3163//3163 3115//3115
f 3085//3085 3086//3086 3159//3159
f 3159//3159 3162//3162 3085//3085
f 3093//3093 3088//3088 3087//3087
f 3164//3164 3089//3089 3088//3088
f 3088//3088 3093//3093 3164//3164
f 3089//3089 3165//3165 3160//3160
f 3165//3165 3089//3089 3164//3164
f 3091//3091 3090//3090 3166//3166
f 3094//3094 3166//3166 3090//3090
f 3091//3091 3093//3093 3092//3092
f 3167//3167 3091//3091 3168//3168
f 3168//3168 3091//3091 3166//3166
f 3167//3167 3169//3169 3091//3091
f 3093//3093 3091//3091 3169//3169
f 3169//3169 3164//3164 3093//3093
f 3166//3166 3094//3094 3170//3170
f 3171//3171 3170//3170 3094//3094
f 3171//3171 3094//3094 3095//3095
f 3172//3172 3171//3171 3095//3095
f 3172//3172 3095//3095 3097//3097
f 3096//3096 3173//3173 3097//3097
f 3173//3173 3172//3172 3097//3097
f 3173//3173 3096//3096 3174//3174
f 3096//3096 3098//3098 3174//3174
f 3175//3175 3174//3174 3098//3098
f 3100//3100 3129//3129 3098//3098
f 3098//3098 3129//3129 3175//3175
f 3099//3099 3129//3129 3100//3100
f 3108//3108 3176//3176 3101//3101
f 3177//3177 3102//3102 3101//3101
f 3177//3177 3101//3101 3176//3176
f 3153//3153 3103//3103 3102//3102
f 3153//3153 3102//3102 3152//3152
f 3152//3152 3102//3102 3177//3177
f 3104//3104 3103//3103 3153//3153
f 3104//3104 3153//3153 3154//3154
f 3154//3154 3106//3106 3104//3104
f 3107//3107 3105//3105 3106//3106
f 3151//3151 3106//3106 3154//3154
f 3176//3176 3108//3108 3178//3178
f 3178//3178 3108//3108 3110//3110
f 3112//3112 3109//3109 3113//3113
f 3110//3110 3179//3179 3178//3178
f 3180//3180 3110//3110 3111//3111
f 3110//3110 3180//3180 3179//3179
f 3111//3111 3181//3181 3180//3180
f 3181//3181 3111//3111 3112//3112
f 3182//3182 3112//3112 3113//3113
f 3181//3181 3112//3112 3182//3182
f 3183//3183 3113//3113 3114//3114
f 3182//3182 3113//3113 3183//3183
f 3183//3183 3114//3114 3115//3115
f 3163//3163 3183//3183 3115//3115
f 3121//3121 3184//3184 3122//3122
f 3122//3122 3185//3185 3124//3124
f 3122//3122 3184//3184 3185//3185
f 3121//3121 3186//3186 3184//3184
f 3187//3187 3186//3186 3121//3121
f 3123//3123 3187//3187 3121//3121
f 3126//3126 3187//3187 3123//3123
f 3185//3185 3188//3188 3124//3124
f 3188//3188 3189//3189 3124//3124
f 3124//3124 3189//3189 3175//3175
f 3129//3129 3124//3124 3175//3175
f 3127//3127 3125//3125 3128//3128
f 3126//3126 3190//3190 3187//3187
f 3191//3191 3190//3190 3126//3126
f 3127//3127 3191//3191 3126//3126
f 3144//3144 3191//3191 3127//3127
f 3128//3128 3144//3144 3127//3127
f 3192//3192 3146//3146 3130//3130
f 3130//3130 3132//3132 3192//3192
f 3131//3131 3142//3142 3193//3193
f 3193//3193 3132//3132 3131//3131
f 3132//3132 3194//3194 3192//3192
f 3132//3132 3193//3193 3194//3194
f 3135//3135 3143//3143 3136//3136
f 3143//3143 3137//3137 3136//3136
f 3137//3137 3195//3195 3196//3196
f 3137//3137 3196//3196 3140//3140
f 3148//3148 3147//3147 3137//3137
f 3195//3195 3137//3137 3147//3147
f 3137//3137 3149//3149 3148//3148
f 3143//3143 3149//3149 3137//3137
f 3138//3138 3197//3197 3139//3139
f 3139//3139 3198//3198 3199//3199
f 3139//3139 3197//3197 3198//3198
f 3139//3139 3200//3200 3141//3141
f 3199//3199 3200//3200 3139//3139
f 3197//3197 3138//3138 3201//3201
f 3140//3140 3196//3196 3138//3138
f 3202//3202 3142//3142 3141//3141
f 3202//3202 3141//3141 3200//3200
f 3193//3193 3142//3142 3202//3202
f 3191//3191 3144//3144 3145//3145
f 3203//3203 3145//3145 3146//3146
f 3145//3145 3203//3203 3191//3191
f 3204//3204 3146//3146 3192//3192
f 3146//3146 3204//3204 3203//3203
f 3195//3195 3147//3147 3150//3150
f 3134//3134 3149//3149 3143//3143
f 3205//3205 3206//3206 3150//3150
f 3157//3157 3205//3205 3150//3150
f 3150//3150 3206//3206 3195//3195
f 3177//3177 3155//3155 3152//3152
f 3155//3155 3176//3176 3156//3156
f 3156//3156 3207//3207 3157//3157
f 3176//3176 3207//3207 3156//3156
f 3177//3177 3176//3176 3155//3155
f 3207//3207 3180//3180 3157//3157
f 3157//3157 3180//3180 3205//3205
f 3158//3158 3208//3208 3159//3159
f 3162//3162 3159//3159 3208//3208
f 3160//3160 3208//3208 3158//3158
f 3160//3160 3165//3165 3209//3209
f 3209//3209 3208//3208 3160//3160
f 3161//3161 3162//3162 3208//3208
f 3210//3210 3198//3198 3161//3161
f 3161//3161 3208//3208 3210//3210
f 3198//3198 3163//3163 3161//3161
f 3211//3211 3163//3163 3198//3198
f 3183//3183 3163//3163 3211//3211
f 3212//3212 3165//3165 3164//3164
f 3212//3212 3164//3164 3169//3169
f 3165//3165 3213//3213 3209//3209
f 3213//3213 3165//3165 3212//3212
f 3166//3166 3170//3170 3168//3168
f 3168//3168 3170//3170 3214//3214
f 3168//3168 3215//3215 3167//3167
f 3216//3216 3215//3215 3168//3168
f 3217//3217 3168//3168 3214//3214
f 3216//3216 3168//3168 3217//3217
f 3167//3167 3212//3212 3169//3169
f 3218//3218 3212//3212 3167//3167
f 3219//3219 3218//3218 3167//3167
f 3215//3215 3219//3219 3167//3167
f 3214//3214 3170//3170 3171//3171
f 3220//3220 3214//3214 3171//3171
f 3220//3220 3171//3171 3172//3172
f 3221//3221 3220//3220 3172//3172
f 3172//3172 3186//3186 3221//3221
f 3172//3172 3173//3173 3222//3222
f 3222//3222 3186//3186 3172//3172
f 3174//3174 3223//3223 3173//3173
f 3222//3222 3173//3173 3223//3223
f 3223//3223 3174//3174 3189//3189
f 3189//3189 3174//3174 3175//3175
f 3178//3178 3179//3179 3176//3176
f 3176//3176 3179//3179 3207//3207
f 3207//3207 3179//3179 3180//3180
f 3205//3205 3180//3180 3181//3181
f 3181//3181 3206//3206 3205//3205
f 3181//3181 3182//3182 3206//3206
f 3206//3206 3182//3182 3183//3183
f 3211//3211 3224//3224 3183//3183
f 3183//3183 3224//3224 3206//3206
f 3184//3184 3222//3222 3185//3185
f 3222//3222 3184//3184 3186//3186
f 3185//3185 3222//3222 3223//3223
f 3185//3185 3223//3223 3188//3188
f 3225//3225 3221//3221 3186//3186
f 3187//3187 3225//3225 3186//3186
f 3190//3190 3225//3225 3187//3187
f 3223//3223 3189//3189 3188//3188
f 3190//3190 3226//3226 3225//3225
f 3203//3203 3226//3226 3190//3190
f 3191//3191 3203//3203 3190//3190
f 3227//3227 3192//3192 3194//3194
f 3192//3192 3227//3227 3204//3204
f 3193//3193 3228//3228 3229//3229
f 3229//3229 3194//3194 3193//3193
f 3202//3202 3228//3228 3193//3193
f 3229//3229 3227//3227 3194//3194
f 3230//3230 3196//3196 3195//3195
f 3138//3138 3196//3196 3230//3230
f 3195//3195 3206//3206 3231//3231
f 3231//3231 3230//3230 3195//3195
f 3198//3198 3197//3197 3211//3211
f 3224//3224 3197//3197 3201//3201
f 3197//3197 3224//3224 3211//3211
f 3232//3232 3199//3199 3198//3198
f 3200//3200 3199//3199 3202//3202
f 3232//3232 3202//3202 3199//3199
f 3232//3232 3198//3198 3210//3210
f 3138//3138 3230//3230 3201//3201
f 3231//3231 3224//3224 3201//3201
f 3201//3201 3230//3230 3231//3231
f 3202//3202 3210//3210 3233//3233
f 3210//3210 3202//3202 3232//3232
f 3233//3233 3228//3228 3202//3202
f 3203//3203 3204//3204 3226//3226
f 3204//3204 3227//3227 3234//3234
f 3204//3204 3234//3234 3226//3226
f 3231//3231 3206//3206 3224//3224
f 3208//3208 3235//3235 3210//3210
f 3208//3208 3209//3209 3235//3235
f 3209//3209 3213//3213 3235//3235
f 3210//3210 3235//3235 3236//3236
f 3210//3210 3236//3236 3233//3233
f 3218//3218 3213//3213 3212//3212
f 3213//3213 3237//3237 3235//3235
f 3237//3237 3213//3213 3218//3218
f 3217//3217 3214//3214 3220//3220
f 3238//3238 3219//3219 3215//3215
f 3238//3238 3215//3215 3216//3216
f 3239//3239 3238//3238 3216//3216
f 3240//3240 3216//3216 3217//3217
f 3239//3239 3216//3216 3240//3240
f 3240//3240 3217//3217 3220//3220
f 3237//3237 3218//3218 3241//3241
f 3219//3219 3241//3241 3218//3218
f 3242//3242 3219//3219 3238//3238
f 3219//3219 3242//3242 3228//3228
f 3228//3228 3241//3241 3219//3219
f 3220//3220 3221//3221 3240//3240
f 3243//3243 3240//3240 3221//3221
f 3225//3225 3243//3243 3221//3221
f 3226//3226 3243//3243 3225//3225
f 3226//3226 3234//3234 3243//3243
f 3244//3244 3227//3227 3229//3229
f 3227//3227 3244//3244 3234//3234
f 3228//3228 3242//3242 3229//3229
f 3242//3242 3244//3244 3229//3229
f 3233//3233 3241//3241 3228//3228
f 3233//3233 3236//3236 3241//3241
f 3234//3234 3244//3244 3239//3239
f 3234//3234 3239//3239 3243//3243
f 3235//3235 3237//3237 3236//3236
f 3236//3236 3237//3237 3241//3241
f 3238//3238 3244//3244 3242//3242
f 3244//3244 3238//3238 3239//3239
f 3243//3243 3239//3239 3240//3240
