# Blender 4.0.2
# www.blender.org
mtllib 4proxph_r.mtl
o 4proxph_r
v -0.000443 -0.042107 0.006214
v -0.000387 -0.041608 0.006468
v -0.000539 -0.042012 0.006582
v -0.000660 -0.042338 0.006413
v -0.000224 -0.041791 0.005730
v -0.000384 -0.042242 0.005603
v -0.000509 -0.042276 0.006119
v -0.000669 -0.041933 0.006838
v -0.000574 -0.041480 0.006908
v -0.000360 -0.040700 0.006443
v -0.000292 -0.041223 0.006200
v -0.000796 -0.042265 0.006686
v -0.000681 -0.041948 0.006844
v -0.000846 -0.042589 0.006039
v -0.000840 -0.042426 0.006486
v -0.000182 -0.041848 0.005487
v -0.000158 -0.041359 0.005657
v -0.000448 -0.042326 0.005635
v -0.000538 -0.042431 0.005444
v -0.000415 -0.042279 0.005384
v -0.000828 -0.041852 0.007077
v -0.000618 -0.040949 0.007212
v -0.000803 -0.041760 0.007099
v -0.000648 -0.041106 0.007205
v -0.000855 -0.041316 0.007423
v -0.000660 -0.040449 0.007368
v -0.000304 -0.039842 0.006189
v -0.000679 -0.040151 0.007341
v -0.000222 -0.040396 0.005805
v -0.000990 -0.042590 0.006324
v -0.001373 -0.042167 0.007112
v -0.000923 -0.042113 0.006948
v -0.001158 -0.042696 0.005927
v -0.001010 -0.042671 0.005638
v -0.000192 -0.041936 0.005033
v -0.000012 -0.041492 0.005153
v -0.000052 -0.040977 0.005386
v -0.000931 -0.042568 0.005131
v -0.000666 -0.042347 0.004778
v -0.001047 -0.041948 0.007207
v -0.000928 -0.040795 0.007650
v -0.001035 -0.041277 0.007594
v -0.001232 -0.041685 0.007475
v -0.000927 -0.040329 0.007682
v -0.000807 -0.039920 0.007563
v -0.000235 -0.039944 0.005757
v -0.000918 -0.039387 0.007806
v -0.000686 -0.038984 0.007445
v -0.000288 -0.038875 0.006445
v -0.001429 -0.042549 0.006473
v -0.001494 -0.041968 0.007366
v -0.001776 -0.042389 0.006811
v -0.001813 -0.042606 0.006146
v -0.001893 -0.042621 0.005942
v -0.001535 -0.042696 0.005591
v -0.001388 -0.042672 0.005303
v -0.000237 -0.042015 0.004590
v -0.000193 -0.041956 0.004802
v -0.000002 -0.041505 0.005097
v -0.000095 -0.041783 0.004981
v 0.000096 -0.041072 0.005068
v -0.001384 -0.042594 0.005059
v -0.001081 -0.042516 0.004709
v -0.000606 -0.042261 0.004513
v -0.001209 -0.041175 0.007751
v -0.001109 -0.040687 0.007787
v -0.000956 -0.039841 0.007797
v -0.000079 -0.039603 0.005336
v 0.000126 -0.040571 0.005000
v -0.001041 -0.039323 0.007997
v -0.000843 -0.038463 0.007909
v -0.000361 -0.038285 0.007017
v -0.000332 -0.037875 0.007195
v -0.000390 -0.037737 0.007433
v -0.000086 -0.037977 0.006560
v -0.002161 -0.042451 0.006485
v -0.001805 -0.042063 0.007252
v -0.001919 -0.041811 0.007497
v -0.001491 -0.041385 0.007767
v -0.002047 -0.042013 0.007251
v -0.002666 -0.042305 0.006412
v -0.002113 -0.042519 0.005306
v -0.002472 -0.042452 0.005658
v -0.003167 -0.042132 0.006334
v -0.001957 -0.042476 0.005032
v -0.002033 -0.042407 0.004797
v -0.001663 -0.042373 0.004429
v -0.000113 -0.041848 0.004293
v 0.000086 -0.041658 0.004436
v 0.000062 -0.041682 0.004681
v 0.000194 -0.041221 0.004816
v 0.000268 -0.040710 0.004773
v -0.001211 -0.042303 0.004262
v -0.000502 -0.041945 0.003973
v -0.001596 -0.041043 0.007996
v -0.001431 -0.040307 0.008091
v -0.001234 -0.039298 0.008141
v 0.000066 -0.039683 0.005091
v 0.000020 -0.039030 0.005330
v 0.000207 -0.039755 0.004879
v 0.000163 -0.040197 0.004923
v -0.001002 -0.037928 0.008112
v -0.000691 -0.037120 0.007891
v -0.000224 -0.037352 0.007238
v -0.000296 -0.036831 0.007470
v 0.000251 -0.037703 0.005990
v 0.000355 -0.037275 0.005949
v 0.000269 -0.036735 0.006252
v -0.002225 -0.041866 0.007377
v -0.001926 -0.041303 0.007910
v -0.002236 -0.041392 0.007795
v -0.002746 -0.041894 0.007095
v -0.003150 -0.041844 0.006912
v -0.003402 -0.042154 0.005717
v -0.002466 -0.042339 0.005176
v -0.002358 -0.042368 0.005141
v -0.002176 -0.042418 0.005092
v -0.003762 -0.042093 0.006070
v -0.002179 -0.042416 0.005083
v -0.002744 -0.042124 0.004781
v -0.002465 -0.042301 0.004937
v -0.001498 -0.042197 0.004117
v -0.002894 -0.041425 0.004052
v -0.002036 -0.041678 0.003779
v -0.000083 -0.041702 0.004032
v 0.000270 -0.041305 0.004097
v 0.000306 -0.041268 0.004314
v 0.000296 -0.041221 0.004546
v 0.000403 -0.040793 0.004504
v -0.001092 -0.041869 0.003704
v -0.000610 -0.041547 0.003498
v -0.000253 -0.041717 0.003860
v -0.000451 -0.041691 0.003692
v -0.001685 -0.040584 0.008212
v -0.001817 -0.041036 0.008075
v -0.001670 -0.040522 0.008225
v -0.001335 -0.038743 0.008278
v 0.000256 -0.039476 0.004830
v 0.000409 -0.039409 0.004534
v 0.000653 -0.037995 0.004522
v 0.000243 -0.038279 0.005401
v 0.000314 -0.037859 0.005562
v 0.000217 -0.039761 0.004861
v -0.001693 -0.038183 0.008400
v -0.001296 -0.036928 0.008197
v -0.000422 -0.036324 0.007564
v -0.001039 -0.036557 0.008039
v -0.000526 -0.035392 0.007518
v -0.000136 -0.036460 0.007199
v -0.000212 -0.035966 0.007287
v 0.000692 -0.037597 0.004698
v 0.000657 -0.037092 0.004886
v 0.000469 -0.036452 0.005582
v 0.000066 -0.036130 0.006767
v -0.002016 -0.040919 0.008159
v -0.003246 -0.041108 0.007649
v -0.002651 -0.041151 0.007914
v -0.003541 -0.041632 0.007110
v -0.003657 -0.041392 0.007358
v -0.003343 -0.041272 0.007468
v -0.003637 -0.041740 0.006906
v -0.003695 -0.042099 0.005580
v -0.003218 -0.042128 0.005416
v -0.004168 -0.041870 0.006890
v -0.004662 -0.042200 0.006399
v -0.004292 -0.042170 0.006032
v -0.003993 -0.042076 0.005448
v -0.003543 -0.042035 0.005286
v -0.003220 -0.041811 0.004703
v -0.003286 -0.041644 0.004449
v -0.003090 -0.041476 0.004221
v -0.001398 -0.041921 0.003817
v -0.003617 -0.040594 0.003743
v -0.002727 -0.040775 0.003520
v -0.002300 -0.040722 0.003295
v -0.001384 -0.041540 0.003442
v -0.001411 -0.041126 0.003176
v -0.001866 -0.040807 0.003153
v -0.001644 -0.041072 0.003201
v 0.000035 -0.041331 0.003714
v 0.000177 -0.041325 0.003898
v 0.000428 -0.040899 0.003995
v 0.000453 -0.040860 0.004216
v 0.000453 -0.040357 0.004431
v -0.000896 -0.041431 0.003351
v -0.000647 -0.041200 0.003237
v -0.001868 -0.040456 0.008335
v -0.001779 -0.040010 0.008362
v -0.001828 -0.039061 0.008455
v 0.000360 -0.039842 0.004610
v 0.000696 -0.038140 0.004289
v 0.000532 -0.039494 0.004237
v 0.000671 -0.038408 0.004095
v 0.000730 -0.037655 0.004457
v -0.002435 -0.038451 0.008559
v -0.002806 -0.037473 0.008449
v -0.002655 -0.038174 0.008512
v -0.002654 -0.036589 0.008439
v -0.002052 -0.035818 0.008339
v -0.001498 -0.035062 0.008120
v -0.002071 -0.034441 0.008310
v -0.000350 -0.035463 0.007352
v -0.000384 -0.035870 0.007453
v -0.000760 -0.033954 0.007557
v -0.001180 -0.034252 0.007919
v -0.000435 -0.035431 0.007421
v -0.000274 -0.034622 0.007038
v 0.000123 -0.035724 0.006556
v 0.000728 -0.037204 0.004406
v 0.000639 -0.036684 0.004612
v 0.000199 -0.035793 0.006291
v 0.000360 -0.035075 0.005463
v 0.000511 -0.036108 0.005059
v 0.000467 -0.035906 0.005052
v -0.002638 -0.040475 0.008300
v -0.002120 -0.040501 0.008355
v -0.003150 -0.040956 0.007832
v -0.003753 -0.040979 0.007578
v -0.003755 -0.041573 0.007179
v -0.003495 -0.042067 0.005429
v -0.003764 -0.042022 0.005361
v -0.004719 -0.041985 0.006815
v -0.005385 -0.041548 0.007515
v -0.005671 -0.041650 0.007468
v -0.004046 -0.041071 0.007508
v -0.005250 -0.041229 0.007723
v -0.005365 -0.042415 0.005968
v -0.004917 -0.042386 0.005808
v -0.005637 -0.042278 0.006516
v -0.005240 -0.042114 0.006826
v -0.004660 -0.042267 0.005470
v -0.004229 -0.041984 0.005053
v -0.004036 -0.041993 0.005219
v -0.003331 -0.041784 0.004715
v -0.003836 -0.041974 0.005147
v -0.004027 -0.041278 0.004199
v -0.003330 -0.041357 0.004197
v -0.003970 -0.040891 0.003901
v -0.004214 -0.040016 0.003419
v -0.003139 -0.039652 0.003235
v -0.003603 -0.039700 0.003359
v -0.003348 -0.039327 0.003195
v -0.002721 -0.039933 0.003141
v -0.002072 -0.040015 0.002901
v -0.000910 -0.041226 0.003217
v -0.001162 -0.041149 0.003178
v -0.001470 -0.040690 0.003000
v -0.001637 -0.040230 0.002823
v 0.000047 -0.040527 0.003151
v 0.000227 -0.040935 0.003602
v 0.000478 -0.040509 0.003699
v 0.000538 -0.040435 0.004138
v -0.000662 -0.040856 0.003037
v -0.000181 -0.040508 0.002995
v -0.002106 -0.039441 0.008560
v -0.002195 -0.039887 0.008535
v 0.000733 -0.037746 0.003998
v 0.000638 -0.038623 0.004106
v 0.000601 -0.039553 0.004016
v 0.000672 -0.038675 0.003891
v 0.000698 -0.037783 0.003780
v 0.000697 -0.037287 0.003958
v -0.002581 -0.038878 0.008566
v -0.003085 -0.038781 0.008499
v -0.003718 -0.038212 0.008377
v -0.003177 -0.037858 0.008426
v -0.003291 -0.036927 0.008360
v -0.003328 -0.035997 0.008373
v -0.002770 -0.037027 0.008422
v -0.002372 -0.035743 0.008370
v -0.002874 -0.036548 0.008404
v -0.002366 -0.034825 0.008374
v -0.001566 -0.034035 0.008127
v -0.001705 -0.033617 0.008228
v -0.002277 -0.032995 0.008420
v -0.002590 -0.033307 0.008404
v -0.000169 -0.035112 0.007000
v -0.000702 -0.033517 0.007507
v -0.000266 -0.034178 0.006969
v -0.001421 -0.033236 0.008135
v 0.000077 -0.034362 0.006418
v 0.000106 -0.035278 0.006470
v 0.000686 -0.037060 0.004170
v 0.000593 -0.036625 0.004387
v 0.000405 -0.035774 0.004825
v 0.000327 -0.035780 0.004619
v 0.000417 -0.036239 0.004405
v 0.000384 -0.035127 0.005227
v 0.000332 -0.034213 0.005141
v 0.000255 -0.034055 0.005852
v 0.000163 -0.034255 0.006141
v 0.000343 -0.035079 0.005002
v -0.003340 -0.040680 0.007867
v -0.003421 -0.040144 0.008069
v -0.003196 -0.039555 0.008391
v -0.002524 -0.040161 0.008458
v -0.003959 -0.040851 0.007637
v -0.003842 -0.040514 0.007791
v -0.005818 -0.040890 0.008060
v -0.005919 -0.041657 0.007481
v -0.006031 -0.041380 0.007722
v -0.005490 -0.040657 0.008152
v -0.005072 -0.042383 0.005394
v -0.005893 -0.042472 0.005926
v -0.005855 -0.042246 0.006589
v -0.005944 -0.042336 0.006397
v -0.005767 -0.042155 0.006782
v -0.003874 -0.041680 0.004659
v -0.004437 -0.041986 0.004892
v -0.003974 -0.041663 0.004633
v -0.004316 -0.041531 0.004330
v -0.004854 -0.039928 0.003166
v -0.005835 -0.040628 0.003206
v -0.005543 -0.041487 0.003820
v -0.005820 -0.040926 0.003386
v -0.005461 -0.041726 0.004052
v -0.004867 -0.041772 0.004316
v -0.003969 -0.039185 0.003239
v -0.002677 -0.039080 0.002857
v -0.003754 -0.038780 0.003195
v -0.001577 -0.039371 0.002577
v -0.000668 -0.040438 0.002825
v -0.001565 -0.039810 0.002700
v -0.000903 -0.040179 0.002743
v -0.000064 -0.040088 0.002929
v 0.000364 -0.040523 0.003507
v 0.000171 -0.039663 0.003009
v 0.000437 -0.040094 0.003433
v 0.000598 -0.040047 0.003839
v 0.000540 -0.040078 0.003629
v -0.000380 -0.040049 0.002779
v -0.002430 -0.039832 0.008552
v -0.002460 -0.039360 0.008579
v 0.000681 -0.037671 0.003774
v 0.000621 -0.037311 0.003754
v 0.000630 -0.039157 0.003727
v 0.000617 -0.037805 0.003578
v 0.000614 -0.037017 0.003957
v -0.003047 -0.038951 0.008504
v -0.003691 -0.039335 0.008306
v -0.004067 -0.038601 0.008355
v -0.004329 -0.036730 0.008234
v -0.004498 -0.035304 0.008275
v -0.004004 -0.034481 0.008332
v -0.003412 -0.035059 0.008377
v -0.003080 -0.034665 0.008405
v -0.003075 -0.033281 0.008439
v -0.002668 -0.032444 0.008459
v -0.001690 -0.032230 0.008285
v -0.003398 -0.032289 0.008450
v -0.000052 -0.033818 0.006703
v -0.001100 -0.032426 0.007941
v -0.000314 -0.033230 0.007067
v 0.000182 -0.033493 0.006282
v 0.000517 -0.036616 0.004179
v 0.000482 -0.036778 0.003976
v 0.000267 -0.035187 0.004807
v 0.000238 -0.035877 0.004427
v 0.000138 -0.035196 0.004619
v 0.000229 -0.036212 0.004234
v 0.000327 -0.036341 0.004215
v 0.000308 -0.034252 0.004920
v 0.000330 -0.033763 0.005091
v 0.000318 -0.033659 0.005605
v 0.000290 -0.033798 0.004875
v 0.000187 -0.033993 0.006082
v 0.000240 -0.033558 0.006019
v 0.000237 -0.033555 0.006035
v 0.000231 -0.034726 0.004767
v -0.003526 -0.039661 0.008231
v -0.004489 -0.040356 0.008000
v -0.004938 -0.040399 0.008163
v -0.004095 -0.040543 0.007800
v -0.005697 -0.040530 0.008211
v -0.006104 -0.040507 0.008117
v -0.006127 -0.040976 0.007945
v -0.006136 -0.040997 0.007932
v -0.006334 -0.041408 0.007598
v -0.006701 -0.041888 0.006846
v -0.006295 -0.042128 0.006701
v -0.005984 -0.042108 0.006853
v -0.006235 -0.041231 0.007777
v -0.005489 -0.040138 0.008327
v -0.004769 -0.039830 0.008346
v -0.006194 -0.042479 0.005799
v -0.005376 -0.042420 0.005271
v -0.005144 -0.042337 0.005180
v -0.006072 -0.042201 0.006660
v -0.006409 -0.042419 0.005867
v -0.004632 -0.041963 0.004724
v -0.005710 -0.040231 0.003033
v -0.005521 -0.039400 0.002798
v -0.004340 -0.039126 0.003135
v -0.006064 -0.040581 0.003198
v -0.005835 -0.040392 0.003095
v -0.005791 -0.041337 0.003656
v -0.005971 -0.041805 0.004067
v -0.006325 -0.040778 0.003312
v -0.005281 -0.042180 0.004742
v -0.005643 -0.042052 0.004387
v -0.006163 -0.042034 0.004333
v -0.003998 -0.038729 0.003190
v -0.003985 -0.038732 0.003193
v -0.003455 -0.038395 0.003139
v -0.002198 -0.038765 0.002647
v -0.003583 -0.037890 0.003230
v -0.004086 -0.038253 0.003174
v -0.000929 -0.038523 0.002564
v -0.000779 -0.039088 0.002561
v -0.001588 -0.038456 0.002554
v -0.000728 -0.039548 0.002610
v -0.000004 -0.039650 0.002882
v -0.000064 -0.039193 0.002804
v 0.000141 -0.038949 0.002939
v 0.000320 -0.038760 0.003088
v 0.000555 -0.038284 0.003419
v 0.000480 -0.037317 0.003570
v 0.000531 -0.037057 0.003756
v 0.000500 -0.037886 0.003394
v 0.000165 -0.037817 0.003035
v 0.000335 -0.037405 0.003397
v 0.000339 -0.036806 0.003795
v -0.003948 -0.039577 0.008190
v -0.004124 -0.039047 0.008356
v -0.004825 -0.038883 0.008420
v -0.005255 -0.038344 0.008359
v -0.004463 -0.038061 0.008329
v -0.005184 -0.035637 0.008176
v -0.004771 -0.035324 0.008229
v -0.004420 -0.034861 0.008276
v -0.005419 -0.034242 0.008000
v -0.004253 -0.032590 0.008323
v -0.002588 -0.032001 0.008464
v -0.000990 -0.031542 0.007876
v -0.000889 -0.031105 0.007881
v -0.002426 -0.031114 0.008476
v -0.001411 -0.030469 0.008200
v -0.002059 -0.030289 0.008396
v -0.002131 -0.030730 0.008411
v -0.003834 -0.031291 0.008378
v -0.000014 -0.032898 0.006751
v 0.000217 -0.033022 0.006376
v 0.000426 -0.032754 0.005644
v 0.000431 -0.036682 0.003983
v 0.000365 -0.036777 0.003850
v -0.000098 -0.034966 0.004442
v -0.000049 -0.035770 0.004282
v 0.000079 -0.034730 0.004587
v 0.000235 -0.036467 0.004028
v -0.000568 -0.036311 0.003824
v -0.000745 -0.036067 0.003907
v -0.000069 -0.036504 0.003904
v 0.000211 -0.034271 0.004722
v 0.000360 -0.032874 0.004979
v 0.000281 -0.033725 0.004869
v 0.000272 -0.033343 0.004829
v 0.000193 -0.033816 0.004677
v -0.004423 -0.039940 0.008164
v -0.004228 -0.039463 0.008275
v -0.005960 -0.040052 0.008249
v -0.005580 -0.040118 0.008329
v -0.006476 -0.040172 0.007976
v -0.006312 -0.040660 0.007974
v -0.006424 -0.040952 0.007812
v -0.006808 -0.041572 0.007081
v -0.006530 -0.041193 0.007643
v -0.006626 -0.041346 0.007460
v -0.006899 -0.041682 0.006892
v -0.006787 -0.041958 0.006650
v -0.006057 -0.042182 0.006691
v -0.006869 -0.041992 0.006448
v -0.005247 -0.039711 0.008427
v -0.005472 -0.039667 0.008404
v -0.004893 -0.039323 0.008445
v -0.004653 -0.039302 0.008406
v -0.006270 -0.042466 0.005590
v -0.006346 -0.042389 0.005351
v -0.006260 -0.042294 0.004865
v -0.006554 -0.042332 0.005441
v -0.007025 -0.041999 0.006036
v -0.006947 -0.041999 0.006243
v -0.006087 -0.040159 0.002984
v -0.006987 -0.039091 0.002763
v -0.006221 -0.038816 0.002666
v -0.005915 -0.038537 0.002679
v -0.005127 -0.038566 0.002783
v -0.006476 -0.041708 0.004015
v -0.006766 -0.041410 0.003772
v -0.006800 -0.041039 0.003508
v -0.007045 -0.040788 0.003407
v -0.007045 -0.039923 0.002999
v -0.006332 -0.040187 0.003013
v -0.006766 -0.042161 0.004794
v -0.004765 -0.038155 0.002934
v -0.003190 -0.038210 0.003089
v -0.002068 -0.038106 0.002683
v -0.001904 -0.038383 0.002581
v -0.002849 -0.038103 0.002957
v -0.002504 -0.038036 0.002828
v -0.003811 -0.037834 0.003268
v -0.002479 -0.037261 0.003199
v -0.002637 -0.037685 0.002978
v -0.003452 -0.037432 0.003365
v -0.004064 -0.037786 0.003240
v -0.000694 -0.038643 0.002577
v -0.000842 -0.038144 0.002620
v -0.001508 -0.037783 0.002683
v -0.000331 -0.038240 0.002687
v -0.000046 -0.038279 0.002794
v 0.000102 -0.038294 0.002878
v 0.000396 -0.038103 0.003221
v 0.000436 -0.037205 0.003573
v -0.000078 -0.037794 0.002884
v 0.000139 -0.037746 0.003037
v 0.000237 -0.037296 0.003419
v 0.000038 -0.037379 0.003264
v -0.005418 -0.038765 0.008380
v -0.005543 -0.037829 0.008318
v -0.005534 -0.037383 0.008264
v -0.006032 -0.037291 0.008194
v -0.006195 -0.035491 0.007813
v -0.005948 -0.035966 0.008013
v -0.005012 -0.035209 0.008201
v -0.006140 -0.035058 0.007744
v -0.006121 -0.034622 0.007648
v -0.005593 -0.033321 0.007822
v -0.004471 -0.032229 0.008240
v -0.004828 -0.032049 0.008111
v -0.002744 -0.031503 0.008481
v -0.002845 -0.031024 0.008468
v -0.000049 -0.030998 0.007015
v -0.000468 -0.030807 0.007524
v -0.000665 -0.030833 0.007681
v -0.002517 -0.029723 0.008439
v -0.002146 -0.029351 0.008394
v -0.001079 -0.029654 0.008032
v -0.003418 -0.030911 0.008418
v -0.004630 -0.029812 0.008019
v 0.000147 -0.032500 0.006613
v 0.000320 -0.032359 0.006338
v 0.000413 -0.031714 0.006232
v 0.000495 -0.032370 0.005342
v 0.000735 -0.030473 0.005886
v 0.000740 -0.031014 0.005484
v -0.000344 -0.034690 0.004327
v -0.000218 -0.034094 0.004385
v -0.001116 -0.035511 0.003995
v -0.001429 -0.034516 0.004034
v -0.000962 -0.035889 0.003914
v 0.000034 -0.034268 0.004550
v 0.000087 -0.034267 0.004609
v -0.000783 -0.036811 0.003488
v -0.001252 -0.035969 0.003849
v 0.000272 -0.032893 0.004778
v 0.000382 -0.032430 0.004921
v 0.000166 -0.033360 0.004634
v -0.006601 -0.039515 0.007945
v -0.006439 -0.039065 0.008071
v -0.005994 -0.038200 0.008284
v -0.006309 -0.038159 0.008144
v -0.006832 -0.040936 0.007485
v -0.006720 -0.039977 0.007805
v -0.006902 -0.041149 0.007300
v -0.007079 -0.041324 0.006914
v -0.007128 -0.041487 0.006716
v -0.006986 -0.041766 0.006698
v -0.007069 -0.041804 0.006497
v -0.007102 -0.041993 0.005828
v -0.007177 -0.041975 0.005619
v -0.006908 -0.042139 0.005075
v -0.007147 -0.041811 0.006292
v -0.007225 -0.041811 0.006085
v -0.007418 -0.038972 0.002898
v -0.007140 -0.038593 0.002789
v -0.007275 -0.039893 0.003040
v -0.006045 -0.037923 0.002713
v -0.006667 -0.038606 0.002717
v -0.005585 -0.038019 0.002738
v -0.006827 -0.042014 0.004564
v -0.006888 -0.041882 0.004337
v -0.006944 -0.041699 0.004102
v -0.007251 -0.041099 0.003673
v -0.007284 -0.040315 0.003214
v -0.007037 -0.041924 0.004631
v -0.004200 -0.037365 0.003348
v -0.005744 -0.037746 0.002763
v -0.002009 -0.037870 0.002728
v -0.003882 -0.037205 0.003451
v -0.002366 -0.037523 0.002955
v -0.002697 -0.037110 0.003492
v -0.003140 -0.037223 0.003427
v -0.001837 -0.036906 0.003401
v -0.000785 -0.037959 0.002683
v -0.000619 -0.038184 0.002651
v -0.001715 -0.037655 0.002741
v -0.001604 -0.037371 0.002904
v -0.000270 -0.038011 0.002742
v -0.000152 -0.037676 0.002897
v -0.000569 -0.037444 0.003017
v -0.006278 -0.036369 0.007942
v -0.006467 -0.037243 0.007962
v -0.006521 -0.036346 0.007790
v -0.006170 -0.035056 0.007724
v -0.006626 -0.033712 0.007060
v -0.006863 -0.035893 0.007391
v -0.005627 -0.032412 0.007731
v -0.005398 -0.031083 0.007734
v -0.002856 -0.029191 0.008434
v -0.003226 -0.029122 0.008386
v -0.003579 -0.029966 0.008372
v -0.003431 -0.029533 0.008403
v 0.000365 -0.031205 0.006426
v -0.000279 -0.030669 0.007293
v 0.000045 -0.029642 0.007003
v -0.000175 -0.028621 0.007275
v -0.000644 -0.029352 0.007709
v -0.002241 -0.028416 0.008370
v -0.001859 -0.028971 0.008309
v -0.002752 -0.028481 0.008380
v -0.001302 -0.028146 0.008067
v -0.001545 -0.028324 0.008173
v -0.000629 -0.026608 0.007656
v -0.000912 -0.026962 0.007879
v -0.004893 -0.029509 0.007846
v -0.005591 -0.030176 0.007464
v -0.004046 -0.028534 0.008139
v -0.004858 -0.029336 0.007857
v 0.000501 -0.031968 0.005060
v 0.000757 -0.031048 0.005334
v 0.000855 -0.030561 0.005577
v 0.000984 -0.029847 0.005586
v 0.000769 -0.029225 0.006058
v 0.000889 -0.030636 0.005241
v -0.000853 -0.034404 0.004175
v 0.000033 -0.033818 0.004499
v -0.000447 -0.033758 0.004284
v -0.001766 -0.034911 0.003991
v -0.001680 -0.035667 0.003907
v -0.001075 -0.034115 0.004118
v -0.001740 -0.034451 0.004024
v -0.001903 -0.033955 0.004025
v -0.001520 -0.033579 0.004019
v -0.001407 -0.037019 0.003263
v -0.001811 -0.036850 0.003446
v -0.001945 -0.036598 0.003638
v 0.000073 -0.031985 0.004511
v 0.000396 -0.031983 0.004865
v -0.000092 -0.032884 0.004437
v -0.007005 -0.039539 0.007388
v -0.006611 -0.039432 0.007938
v -0.006792 -0.039058 0.007726
v -0.006805 -0.038539 0.007671
v -0.006656 -0.038138 0.007878
v -0.007196 -0.040027 0.007042
v -0.007080 -0.040959 0.007107
v -0.007344 -0.041022 0.006505
v -0.007216 -0.041509 0.006515
v -0.007281 -0.041535 0.006307
v -0.007414 -0.041590 0.005892
v -0.007474 -0.041664 0.005454
v -0.007512 -0.041618 0.005228
v -0.007447 -0.041628 0.004738
v -0.007344 -0.041564 0.006099
v -0.007524 -0.038341 0.002988
v -0.007842 -0.039270 0.003246
v -0.007775 -0.038846 0.003134
v -0.007490 -0.039931 0.003157
v -0.007114 -0.037413 0.002972
v -0.006738 -0.037758 0.002799
v -0.006486 -0.037734 0.002788
v -0.006155 -0.037465 0.002875
v -0.007038 -0.041923 0.004628
v -0.007103 -0.041822 0.004406
v -0.007162 -0.041667 0.004175
v -0.007424 -0.041342 0.003996
v -0.007462 -0.041006 0.003737
v -0.007708 -0.040193 0.003367
v -0.005633 -0.037462 0.002926
v -0.004607 -0.037046 0.003454
v -0.003724 -0.036303 0.004116
v -0.003481 -0.036356 0.004118
v -0.004290 -0.036337 0.003964
v -0.003040 -0.036467 0.004008
v -0.002384 -0.036555 0.003787
v -0.000882 -0.037555 0.002906
v -0.000465 -0.037787 0.002786
v -0.000439 -0.037729 0.002828
v -0.000672 -0.037673 0.002849
v -0.006756 -0.037226 0.007739
v -0.007165 -0.035000 0.006928
v -0.007105 -0.033715 0.006527
v -0.006709 -0.032386 0.006704
v -0.006398 -0.032380 0.007063
v -0.007398 -0.035881 0.006876
v -0.006014 -0.031947 0.007347
v -0.005828 -0.031503 0.007465
v -0.003314 -0.028198 0.008312
v -0.003680 -0.028590 0.008251
v 0.000105 -0.027822 0.006977
v -0.000426 -0.026226 0.007489
v -0.001954 -0.028024 0.008282
v -0.003418 -0.027725 0.008259
v -0.002698 -0.026501 0.008261
v -0.001816 -0.027155 0.008240
v -0.000997 -0.026024 0.007880
v -0.005564 -0.029734 0.007404
v -0.005186 -0.029308 0.007639
v -0.006207 -0.031488 0.007128
v -0.006405 -0.029728 0.006529
v -0.003906 -0.027203 0.008051
v -0.004852 -0.027548 0.007608
v 0.000589 -0.031092 0.004930
v 0.000806 -0.030658 0.005038
v 0.001006 -0.030173 0.005381
v 0.001083 -0.029745 0.005306
v 0.000998 -0.029181 0.005739
v 0.001115 -0.029259 0.005473
v 0.001066 -0.028277 0.005734
v 0.000983 -0.030213 0.005160
v -0.000981 -0.033609 0.004130
v -0.000657 -0.033404 0.004227
v -0.002222 -0.034799 0.004063
v -0.002253 -0.036103 0.003924
v -0.002170 -0.035746 0.003977
v -0.002518 -0.035178 0.004146
v -0.002087 -0.032116 0.003827
v -0.003961 -0.033069 0.003945
v -0.003688 -0.031348 0.003654
v -0.002873 -0.034201 0.004056
v -0.005238 -0.033243 0.004000
v -0.001048 -0.033204 0.004107
v -0.001832 -0.032164 0.003861
v -0.002279 -0.036198 0.003899
v -0.000549 -0.032824 0.004243
v -0.000553 -0.031002 0.004151
v 0.000034 -0.031404 0.004458
v 0.000390 -0.031536 0.004799
v 0.000427 -0.031093 0.004753
v -0.007250 -0.039609 0.006779
v -0.006892 -0.038619 0.007477
v -0.007413 -0.040305 0.006214
v -0.007548 -0.041104 0.005884
v -0.007556 -0.041423 0.005689
v -0.007627 -0.041365 0.005474
v -0.007705 -0.041283 0.004556
v -0.007754 -0.041130 0.005024
v -0.007312 -0.041712 0.004467
v -0.008117 -0.038265 0.003378
v -0.007801 -0.037587 0.003233
v -0.008211 -0.039551 0.003735
v -0.008346 -0.039048 0.003807
v -0.008332 -0.038624 0.003644
v -0.006976 -0.036900 0.003099
v -0.006611 -0.037301 0.002920
v -0.007577 -0.036550 0.003343
v -0.006361 -0.037334 0.002933
v -0.006044 -0.037186 0.003039
v -0.007623 -0.041147 0.004043
v -0.007886 -0.040185 0.003558
v -0.007854 -0.040567 0.003825
v -0.005435 -0.037104 0.003283
v -0.004894 -0.036374 0.003712
v -0.004978 -0.036598 0.003594
v -0.003667 -0.036138 0.004191
v -0.003134 -0.036044 0.004227
v -0.003339 -0.035900 0.004282
v -0.004494 -0.036185 0.004018
v -0.004175 -0.036023 0.004122
v -0.004483 -0.036157 0.004034
v -0.002893 -0.036009 0.004182
v -0.002701 -0.036132 0.004084
v -0.002479 -0.036134 0.004007
v -0.007393 -0.037131 0.006782
v -0.007475 -0.037298 0.006596
v -0.007252 -0.037815 0.006810
v -0.007032 -0.038184 0.007243
v -0.007581 -0.035022 0.006374
v -0.007242 -0.033985 0.006372
v -0.007293 -0.033350 0.005849
v -0.006979 -0.031764 0.006027
v -0.006764 -0.031516 0.006391
v -0.007810 -0.035500 0.006041
v -0.007658 -0.036350 0.006552
v 0.000157 -0.026469 0.006896
v 0.000621 -0.027140 0.006341
v 0.000146 -0.024624 0.006921
v -0.000205 -0.024480 0.007257
v -0.001037 -0.024652 0.007799
v -0.003215 -0.026406 0.008176
v -0.001918 -0.026222 0.008198
v -0.002091 -0.025729 0.008176
v -0.002383 -0.025220 0.008114
v -0.003363 -0.025937 0.008072
v -0.001638 -0.025843 0.008098
v -0.006213 -0.028837 0.006595
v -0.005692 -0.028396 0.007063
v -0.005449 -0.027069 0.007061
v -0.006932 -0.030663 0.005885
v -0.006991 -0.029794 0.005573
v -0.006378 -0.029287 0.006464
v -0.004023 -0.026293 0.007876
v -0.004505 -0.025351 0.007470
v -0.005423 -0.026627 0.007002
v 0.000659 -0.030664 0.004857
v 0.000891 -0.030233 0.004960
v 0.001050 -0.029781 0.005087
v 0.001196 -0.028904 0.005038
v 0.001212 -0.027892 0.005517
v 0.001345 -0.028020 0.005017
v 0.000758 -0.026738 0.006197
v -0.002379 -0.035685 0.004060
v -0.002810 -0.035566 0.004196
v -0.002589 -0.035624 0.004144
v -0.002985 -0.031047 0.003612
v -0.001544 -0.031314 0.003832
v -0.004410 -0.032530 0.003861
v -0.005083 -0.030564 0.003821
v -0.004306 -0.029856 0.003549
v -0.004028 -0.029477 0.003442
v -0.003691 -0.029549 0.003450
v -0.003349 -0.034542 0.004132
v -0.003219 -0.035019 0.004187
v -0.004889 -0.034227 0.004053
v -0.005213 -0.034609 0.004092
v -0.005938 -0.033079 0.004065
v -0.006223 -0.032076 0.004173
v -0.001544 -0.031764 0.003883
v -0.001016 -0.030492 0.003909
v 0.000194 -0.030176 0.004496
v -0.000898 -0.029808 0.003903
v -0.007480 -0.038783 0.006064
v -0.007535 -0.039759 0.005727
v -0.007787 -0.040724 0.005223
v -0.007683 -0.041158 0.005470
v -0.007928 -0.040776 0.004810
v -0.007946 -0.040778 0.004349
v -0.008243 -0.037758 0.003473
v -0.007980 -0.037384 0.003330
v -0.008184 -0.039965 0.004000
v -0.008282 -0.039513 0.003855
v -0.008397 -0.038581 0.003790
v -0.008346 -0.039101 0.003831
v -0.008412 -0.038128 0.003743
v -0.006661 -0.036774 0.003209
v -0.006710 -0.036244 0.003498
v -0.007274 -0.036324 0.003373
v -0.006456 -0.036921 0.003154
v -0.007927 -0.036211 0.003589
v -0.007650 -0.036029 0.003571
v -0.008122 -0.036860 0.003498
v -0.007369 -0.035905 0.003592
v -0.005867 -0.036909 0.003380
v -0.008113 -0.040321 0.004356
v -0.005851 -0.036874 0.003404
v -0.004528 -0.036149 0.004026
v -0.004986 -0.035938 0.003929
v -0.006033 -0.035970 0.003833
v -0.005905 -0.035545 0.003973
v -0.003885 -0.035788 0.004227
v -0.003345 -0.035892 0.004284
v -0.003338 -0.035894 0.004283
v -0.004360 -0.035712 0.004151
v -0.003993 -0.035307 0.004210
v -0.004791 -0.035161 0.004084
v -0.004679 -0.035869 0.004047
v -0.002683 -0.036070 0.004101
v -0.003272 -0.035455 0.004253
v -0.007571 -0.037321 0.006398
v -0.007682 -0.037332 0.006205
v -0.007922 -0.035155 0.005340
v -0.007564 -0.034622 0.006089
v -0.007425 -0.033809 0.005714
v -0.007289 -0.033039 0.005111
v -0.007230 -0.032515 0.005498
v -0.007058 -0.031773 0.005822
v -0.007096 -0.031607 0.005582
v -0.008020 -0.036431 0.005753
v -0.008053 -0.036019 0.005483
v 0.000979 -0.026376 0.005948
v 0.001077 -0.025965 0.005814
v 0.000087 -0.023679 0.006987
v 0.001185 -0.024636 0.005678
v 0.000302 -0.023317 0.006722
v -0.000922 -0.023780 0.007694
v -0.000614 -0.022971 0.007465
v -0.001675 -0.024023 0.007964
v -0.002205 -0.024800 0.008104
v -0.003321 -0.024151 0.007854
v -0.003667 -0.025448 0.007889
v -0.002485 -0.023843 0.007993
v -0.006010 -0.027948 0.006657
v -0.006936 -0.028910 0.005453
v -0.006706 -0.028433 0.005786
v -0.006208 -0.026635 0.006109
v -0.005983 -0.027506 0.006597
v -0.007046 -0.031162 0.005566
v -0.007074 -0.030329 0.005099
v -0.007085 -0.029859 0.005145
v -0.007076 -0.028963 0.005040
v -0.005707 -0.025739 0.006533
v -0.005744 -0.026180 0.006596
v -0.004442 -0.024471 0.007346
v -0.005138 -0.024428 0.006810
v -0.005488 -0.024856 0.006589
v 0.000721 -0.030231 0.004786
v 0.000949 -0.029800 0.004891
v 0.001254 -0.028490 0.004869
v 0.001105 -0.028930 0.004807
v 0.001321 -0.027485 0.005373
v 0.001400 -0.027632 0.004720
v 0.001489 -0.027138 0.004988
v 0.001519 -0.027170 0.004860
v 0.001381 -0.027047 0.005325
v -0.001978 -0.030339 0.003640
v -0.003253 -0.029201 0.003368
v -0.002937 -0.029713 0.003438
v -0.006022 -0.030759 0.004088
v -0.005270 -0.030271 0.003853
v -0.005182 -0.029621 0.003783
v -0.004634 -0.028867 0.003549
v -0.003724 -0.029092 0.003402
v -0.003743 -0.028635 0.003364
v -0.004523 -0.034755 0.004100
v -0.005757 -0.034952 0.004091
v -0.005397 -0.035513 0.003974
v -0.006403 -0.034352 0.004095
v -0.006423 -0.033419 0.004147
v -0.006656 -0.033161 0.004200
v -0.006862 -0.032351 0.004414
v -0.006847 -0.031891 0.004434
v 0.000742 -0.029786 0.004728
v 0.000851 -0.028919 0.004591
v 0.000510 -0.028691 0.004451
v 0.001072 -0.028936 0.004749
v 0.000227 -0.028387 0.004281
v -0.001193 -0.029119 0.003693
v -0.007769 -0.038820 0.005234
v -0.007948 -0.037936 0.005197
v -0.007930 -0.040282 0.004989
v -0.008043 -0.040294 0.004796
v -0.008104 -0.040324 0.004587
v -0.008396 -0.037684 0.003687
v -0.008336 -0.037250 0.003617
v -0.008179 -0.037319 0.003440
v -0.008226 -0.039885 0.004346
v -0.008335 -0.039451 0.004101
v -0.008409 -0.038533 0.004022
v -0.008420 -0.038108 0.003836
v -0.006059 -0.036747 0.003462
v -0.007203 -0.036143 0.003476
v -0.006427 -0.035545 0.003923
v -0.006238 -0.035822 0.003888
v -0.006757 -0.035715 0.003795
v -0.007677 -0.035493 0.003916
v -0.008047 -0.036007 0.003842
v -0.007930 -0.035676 0.003998
v -0.008121 -0.036365 0.003675
v -0.007565 -0.035531 0.003853
v -0.007332 -0.035596 0.003778
v -0.007350 -0.035179 0.003971
v -0.008264 -0.036802 0.003639
v -0.008345 -0.037246 0.003631
v -0.006935 -0.035434 0.003855
v -0.006108 -0.035375 0.004025
v -0.008013 -0.036929 0.005573
v -0.008052 -0.035581 0.004966
v -0.007787 -0.034738 0.005277
v -0.007456 -0.033733 0.005014
v -0.007578 -0.034104 0.004865
v -0.007281 -0.033088 0.004879
v -0.007078 -0.031301 0.004839
v -0.007023 -0.031810 0.004644
v -0.007083 -0.031295 0.004862
v -0.007098 -0.030800 0.005023
v -0.008077 -0.036440 0.005306
v -0.008140 -0.036534 0.005105
v -0.008101 -0.035693 0.004761
v -0.008238 -0.036194 0.004399
v -0.008131 -0.036249 0.005069
v 0.001351 -0.025637 0.005446
v 0.000298 -0.021936 0.006729
v 0.001443 -0.025227 0.005305
v 0.001582 -0.024848 0.005041
v 0.000951 -0.021297 0.006029
v 0.000751 -0.022592 0.006237
v 0.001488 -0.022483 0.005274
v 0.000378 -0.022889 0.006646
v 0.000429 -0.022454 0.006578
v -0.001660 -0.022663 0.007881
v -0.001792 -0.023542 0.007942
v -0.001108 -0.021908 0.007657
v -0.000845 -0.021534 0.007513
v -0.002258 -0.023433 0.007990
v -0.003752 -0.024096 0.007667
v -0.002952 -0.023308 0.007863
v -0.006928 -0.028792 0.005437
v -0.006809 -0.028449 0.005590
v -0.006666 -0.027995 0.005722
v -0.006376 -0.026232 0.005654
v -0.007056 -0.029912 0.004907
v -0.007087 -0.029005 0.004815
v -0.007079 -0.028558 0.004762
v -0.006921 -0.028464 0.005397
v -0.006293 -0.025359 0.005513
v -0.004642 -0.024009 0.007133
v -0.005619 -0.022665 0.005918
v -0.005014 -0.023591 0.006747
v -0.006236 -0.023620 0.005074
v 0.001204 -0.028072 0.004605
v 0.001139 -0.028500 0.004695
v 0.001302 -0.027650 0.004522
v 0.001496 -0.027209 0.004638
v 0.001591 -0.026740 0.004786
v 0.001552 -0.026700 0.004950
v -0.002405 -0.028918 0.003394
v -0.002894 -0.028377 0.003271
v -0.003146 -0.028328 0.003244
v -0.001497 -0.028629 0.003511
v -0.006888 -0.030941 0.004545
v -0.006368 -0.030194 0.004241
v -0.005673 -0.029938 0.003962
v -0.006091 -0.029815 0.004131
v -0.005444 -0.028191 0.003751
v -0.006189 -0.028881 0.004100
v -0.004370 -0.026690 0.003228
v -0.003753 -0.028183 0.003317
v -0.006360 -0.035302 0.003988
v -0.006749 -0.034751 0.004032
v -0.006781 -0.033798 0.004166
v -0.006920 -0.033279 0.004306
v -0.007001 -0.032776 0.004437
v -0.006898 -0.033288 0.004284
v -0.007082 -0.032257 0.004646
v 0.000804 -0.028474 0.004461
v 0.001162 -0.027591 0.004331
v -0.001490 -0.028182 0.003458
v 0.000353 -0.027973 0.004190
v 0.000013 -0.027918 0.004103
v -0.000524 -0.027864 0.003784
v -0.008167 -0.038332 0.004617
v -0.008169 -0.039856 0.004556
v -0.008320 -0.037118 0.004298
v -0.008398 -0.037681 0.003695
v -0.008342 -0.038955 0.004281
v -0.008363 -0.038500 0.004236
v -0.008443 -0.037625 0.003931
v -0.006805 -0.034980 0.003991
v -0.006611 -0.035253 0.003966
v -0.007813 -0.035414 0.004161
v -0.007575 -0.035210 0.004054
v -0.008065 -0.035840 0.004063
v -0.008227 -0.036290 0.003938
v -0.008085 -0.035765 0.004296
v -0.008344 -0.036753 0.003797
v -0.007104 -0.035152 0.003944
v -0.007513 -0.035025 0.004133
v -0.007005 -0.034799 0.004041
v -0.007189 -0.034633 0.004141
v -0.008422 -0.037181 0.003873
v -0.007434 -0.034036 0.004573
v -0.007658 -0.034421 0.004696
v -0.007274 -0.033411 0.004679
v -0.007313 -0.033585 0.004657
v -0.007188 -0.033160 0.004621
v -0.007060 -0.032745 0.004529
v -0.006928 -0.029926 0.004630
v -0.008340 -0.036702 0.004058
v -0.007845 -0.035046 0.004598
v -0.008229 -0.036244 0.004167
v -0.000116 -0.019046 0.006944
v 0.000784 -0.018014 0.006179
v -0.000532 -0.020725 0.007297
v 0.000646 -0.022079 0.006386
v 0.001201 -0.020482 0.005773
v 0.001240 -0.019579 0.005733
v 0.000811 -0.019389 0.006229
v 0.001721 -0.024969 0.004585
v 0.001865 -0.023176 0.004518
v 0.001293 -0.020999 0.005594
v 0.001655 -0.019335 0.005106
v 0.001907 -0.021794 0.004580
v -0.001770 -0.021733 0.007818
v -0.002503 -0.023283 0.007936
v -0.001310 -0.020041 0.007580
v -0.003489 -0.022338 0.007542
v -0.004100 -0.022722 0.007263
v -0.004615 -0.023568 0.007073
v -0.002704 -0.022897 0.007889
v -0.006713 -0.028001 0.005637
v -0.006787 -0.028007 0.005532
v -0.006934 -0.026305 0.004688
v -0.006882 -0.025871 0.004621
v -0.007017 -0.029052 0.004650
v -0.007058 -0.028067 0.004932
v -0.007028 -0.027719 0.004414
v -0.007019 -0.026776 0.004538
v -0.006986 -0.028534 0.004492
v -0.005156 -0.022656 0.006457
v -0.006562 -0.023262 0.004212
v -0.005581 -0.022224 0.005855
v -0.004777 -0.022671 0.006793
v -0.006530 -0.023674 0.004482
v 0.001276 -0.027239 0.004251
v 0.001409 -0.027231 0.004437
v 0.001572 -0.026781 0.004562
v -0.002595 -0.027992 0.003214
v -0.003910 -0.026800 0.003167
v -0.003394 -0.026476 0.003050
v -0.006577 -0.030131 0.004323
v -0.006857 -0.029128 0.004444
v -0.006459 -0.029258 0.004227
v -0.006831 -0.028700 0.004313
v -0.005899 -0.028079 0.003827
v -0.005300 -0.026889 0.003521
v -0.006604 -0.028405 0.004109
v -0.006582 -0.027910 0.003936
v -0.006053 -0.026742 0.003456
v -0.006344 -0.027543 0.003728
v -0.005096 -0.025150 0.003249
v -0.005044 -0.024713 0.003182
v -0.005148 -0.025585 0.003313
v -0.004311 -0.024449 0.003001
v -0.006979 -0.034694 0.004060
v -0.006854 -0.034174 0.004150
v -0.006990 -0.033735 0.004249
v -0.007168 -0.033666 0.004412
v 0.000724 -0.027177 0.003970
v 0.001061 -0.027226 0.004091
v -0.002022 -0.027651 0.003241
v -0.001699 -0.027259 0.003247
v -0.001418 -0.027303 0.003332
v 0.000120 -0.027054 0.003934
v -0.000257 -0.027444 0.003877
v -0.001097 -0.026910 0.003348
v -0.008381 -0.037146 0.004089
v -0.008346 -0.036707 0.004026
v -0.007702 -0.035062 0.004316
v -0.007376 -0.034565 0.004281
v -0.007076 -0.034180 0.004229
v -0.007424 -0.034021 0.004568
v 0.000776 -0.018010 0.006185
v -0.000201 -0.018107 0.006945
v -0.000458 -0.018481 0.007107
v 0.000971 -0.018082 0.006039
v 0.000837 -0.017579 0.006115
v -0.001028 -0.017858 0.007303
v 0.001411 -0.018280 0.005525
v 0.001875 -0.023719 0.004108
v 0.001804 -0.024105 0.004400
v 0.001901 -0.023231 0.004278
v 0.002002 -0.022360 0.004143
v 0.002038 -0.020482 0.004385
v 0.001862 -0.017595 0.004837
v 0.002191 -0.018727 0.004131
v 0.002151 -0.020100 0.004109
v 0.002128 -0.019146 0.004268
v -0.002314 -0.022066 0.007865
v -0.001980 -0.021240 0.007755
v -0.001825 -0.020367 0.007699
v -0.001769 -0.018127 0.007465
v -0.004036 -0.021840 0.007141
v -0.002941 -0.020620 0.007524
v -0.002389 -0.020705 0.007695
v -0.006980 -0.026339 0.004474
v -0.006702 -0.024167 0.004130
v -0.007011 -0.027273 0.004358
v -0.006971 -0.028199 0.004372
v -0.006944 -0.027771 0.004242
v -0.006985 -0.026819 0.004357
v -0.005079 -0.021779 0.006330
v -0.005544 -0.021786 0.005792
v -0.005333 -0.020900 0.005851
v -0.006521 -0.022484 0.003553
v -0.006372 -0.021115 0.003667
v -0.005845 -0.019684 0.004489
v -0.005959 -0.019294 0.004017
v -0.004243 -0.021379 0.006927
v 0.001181 -0.026808 0.004012
v 0.001384 -0.026820 0.004165
v 0.001498 -0.026806 0.004358
v 0.001733 -0.024625 0.004027
v -0.002625 -0.026199 0.002961
v -0.006800 -0.028271 0.004194
v -0.005858 -0.026338 0.003379
v -0.006775 -0.027844 0.004060
v -0.006749 -0.027415 0.003927
v -0.006553 -0.027482 0.003811
v -0.006284 -0.026686 0.003483
v -0.005986 -0.025881 0.003230
v -0.006249 -0.026255 0.003373
v -0.005197 -0.025129 0.003243
v -0.005078 -0.023814 0.003051
v -0.005691 -0.025497 0.003165
v -0.005360 -0.025104 0.003192
v -0.002161 -0.025390 0.002908
v -0.003033 -0.023849 0.002775
v -0.005129 -0.023357 0.002985
v 0.000618 -0.026726 0.003812
v -0.001320 -0.026431 0.003197
v -0.001360 -0.026871 0.003263
v -0.000185 -0.027012 0.003817
v -0.000138 -0.026578 0.003737
v -0.001318 -0.026432 0.003198
v 0.000667 -0.017506 0.006299
v -0.000096 -0.017238 0.006816
v 0.001077 -0.017211 0.005913
v 0.000891 -0.017143 0.006054
v -0.000652 -0.016612 0.007049
v 0.001856 -0.023670 0.004335
v 0.001780 -0.024188 0.003961
v 0.001829 -0.023752 0.003894
v 0.001901 -0.023237 0.004249
v 0.001877 -0.023316 0.003828
v 0.001924 -0.022879 0.003762
v 0.001980 -0.022446 0.003693
v 0.002036 -0.022012 0.003624
v 0.002120 -0.021541 0.003775
v 0.002267 -0.017844 0.004025
v 0.002157 -0.016827 0.004396
v 0.002314 -0.019347 0.003457
v 0.002324 -0.018370 0.003755
v 0.002230 -0.020268 0.003357
v 0.002199 -0.019673 0.004002
v -0.002531 -0.020233 0.007600
v -0.002342 -0.018468 0.007437
v -0.001141 -0.016485 0.007154
v -0.001853 -0.016769 0.007272
v -0.002442 -0.017115 0.007203
v -0.002493 -0.017998 0.007332
v -0.004210 -0.020939 0.006866
v -0.003801 -0.020083 0.006990
v -0.002807 -0.019741 0.007466
v -0.006828 -0.026476 0.003944
v -0.006789 -0.025584 0.003854
v -0.006608 -0.023387 0.003540
v -0.006536 -0.023901 0.003340
v -0.006618 -0.024315 0.003486
v -0.006703 -0.025179 0.003667
v -0.006911 -0.027341 0.004130
v -0.006861 -0.026912 0.004029
v -0.004840 -0.020900 0.006380
v -0.005292 -0.020463 0.005787
v -0.006480 -0.022074 0.003346
v -0.006286 -0.020330 0.003080
v -0.006241 -0.019893 0.003014
v -0.005377 -0.019586 0.005483
v -0.005651 -0.017490 0.004172
v -0.006162 -0.018970 0.003116
v -0.006190 -0.019446 0.003006
v 0.000911 -0.026343 0.003743
v 0.001457 -0.025090 0.003709
v 0.001651 -0.024647 0.003825
v -0.001276 -0.025996 0.003134
v -0.006710 -0.026985 0.003829
v -0.006454 -0.026193 0.003468
v -0.006175 -0.025394 0.003167
v -0.005907 -0.025018 0.003033
v -0.006419 -0.025763 0.003358
v -0.005244 -0.024229 0.003090
v -0.005605 -0.024632 0.002987
v -0.002940 -0.023870 0.002775
v -0.002800 -0.023904 0.002753
v -0.002147 -0.024495 0.002801
v -0.003212 -0.023359 0.002739
v -0.002971 -0.023411 0.002734
v -0.005816 -0.024148 0.002880
v -0.005692 -0.023275 0.002784
v -0.004991 -0.022055 0.002742
v -0.005835 -0.022796 0.002734
v -0.003727 -0.021640 0.002564
v 0.000499 -0.026260 0.003711
v 0.000694 -0.025864 0.003610
v -0.000699 -0.026076 0.003347
v -0.000131 -0.026516 0.003727
v -0.000078 -0.026145 0.003666
v 0.000828 -0.016198 0.006111
v 0.000585 -0.016566 0.006306
v -0.000246 -0.016738 0.006850
v 0.000511 -0.015624 0.006336
v 0.000900 -0.017146 0.006044
v 0.001584 -0.016048 0.005377
v 0.002253 -0.015922 0.004422
v -0.000322 -0.015798 0.006876
v 0.001696 -0.024211 0.003759
v 0.001748 -0.023776 0.003691
v 0.001799 -0.023341 0.003624
v 0.001843 -0.022903 0.003559
v 0.001897 -0.022469 0.003491
v 0.001960 -0.022036 0.003419
v 0.002088 -0.021577 0.003556
v 0.002438 -0.018040 0.003236
v 0.002556 -0.017164 0.003138
v 0.002382 -0.016485 0.004044
v 0.002391 -0.018474 0.003314
v 0.002289 -0.019432 0.003008
v 0.002334 -0.018994 0.002942
v 0.002073 -0.021170 0.003281
v 0.002122 -0.020734 0.003214
v -0.003361 -0.018342 0.006974
v -0.001883 -0.014974 0.007018
v -0.000797 -0.014308 0.006919
v -0.001989 -0.016295 0.007195
v -0.002251 -0.015799 0.007093
v -0.002899 -0.016162 0.006879
v -0.003548 -0.016986 0.006652
v -0.003407 -0.017448 0.006799
v -0.004744 -0.019578 0.006196
v -0.003891 -0.019184 0.006788
v -0.006594 -0.025690 0.003527
v -0.006475 -0.023013 0.003256
v -0.006476 -0.024397 0.003232
v -0.006253 -0.023577 0.002969
v -0.006559 -0.025261 0.003421
v -0.006518 -0.024829 0.003325
v -0.006427 -0.022579 0.003178
v -0.006294 -0.021280 0.002920
v -0.006341 -0.021714 0.003002
v -0.006240 -0.020843 0.002859
v -0.006191 -0.020410 0.002786
v -0.006151 -0.019977 0.002688
v -0.006163 -0.019511 0.002710
v -0.006112 -0.018583 0.002807
v -0.005062 -0.019131 0.005790
v -0.005243 -0.016972 0.004905
v -0.005161 -0.016096 0.004777
v -0.005097 -0.017819 0.005419
v -0.006073 -0.018097 0.002985
v -0.005953 -0.017185 0.003073
v -0.005697 -0.015772 0.003524
v -0.005779 -0.016550 0.003408
v -0.005220 -0.015227 0.004465
v -0.005858 -0.016716 0.003221
v 0.001109 -0.024604 0.003451
v 0.001214 -0.025066 0.003558
v 0.001492 -0.024648 0.003647
v -0.001534 -0.024170 0.002783
v -0.001074 -0.024254 0.002865
v -0.000593 -0.025205 0.003218
v -0.006380 -0.025330 0.003258
v -0.006338 -0.024899 0.003168
v -0.006209 -0.024938 0.003109
v -0.006051 -0.024982 0.003058
v -0.006137 -0.024963 0.003064
v -0.005875 -0.024688 0.002963
v -0.005844 -0.024590 0.002941
v -0.002745 -0.023469 0.002696
v -0.002925 -0.022976 0.002668
v -0.002919 -0.022976 0.002667
v -0.005815 -0.023699 0.002830
v -0.005867 -0.024586 0.002936
v -0.006053 -0.024098 0.002880
v -0.005998 -0.023662 0.002822
v -0.005854 -0.023239 0.002791
v -0.005805 -0.022355 0.002673
v -0.005471 -0.021531 0.002555
v -0.003871 -0.020539 0.002334
v -0.005111 -0.020761 0.002482
v -0.005879 -0.022787 0.002729
v -0.005824 -0.022350 0.002670
v 0.000014 -0.025274 0.003530
v -0.000282 -0.025685 0.003452
v 0.000329 -0.024885 0.003515
v 0.000917 -0.024118 0.003381
v 0.000555 -0.024480 0.003488
v -0.000090 -0.026144 0.003662
v 0.002002 -0.014368 0.005031
v 0.001873 -0.013373 0.005273
v 0.000640 -0.016130 0.006249
v 0.000691 -0.015695 0.006181
v 0.000678 -0.015690 0.006190
v 0.000584 -0.013820 0.006244
v -0.000513 -0.013927 0.006827
v 0.000085 -0.012738 0.006521
v 0.002817 -0.014809 0.003701
v 0.002324 -0.014519 0.004622
v 0.002169 -0.014389 0.004816
v 0.002685 -0.015718 0.003616
v 0.002783 -0.015296 0.003534
v 0.001535 -0.024212 0.003582
v 0.001594 -0.023778 0.003512
v 0.001653 -0.023346 0.003442
v 0.001695 -0.022907 0.003377
v 0.001752 -0.022474 0.003308
v 0.001831 -0.022047 0.003232
v 0.002023 -0.021606 0.003348
v 0.002488 -0.017689 0.002740
v 0.002379 -0.018559 0.002877
v 0.002429 -0.018123 0.002809
v 0.002709 -0.015737 0.003543
v 0.002507 -0.017292 0.002454
v 0.002827 -0.015850 0.003113
v 0.002854 -0.016039 0.002190
v 0.002202 -0.019454 0.002807
v 0.002139 -0.019884 0.002878
v 0.002250 -0.019017 0.002740
v 0.001964 -0.021184 0.003087
v 0.001907 -0.021619 0.003156
v 0.002017 -0.020749 0.003019
v -0.003875 -0.018740 0.006732
v -0.004052 -0.017838 0.006457
v -0.001784 -0.012755 0.006721
v -0.002608 -0.014415 0.006731
v -0.002544 -0.013535 0.006609
v -0.000622 -0.012997 0.006767
v -0.003491 -0.016104 0.006531
v -0.003621 -0.014765 0.006191
v -0.003485 -0.013454 0.005994
v -0.003943 -0.016518 0.006271
v -0.004300 -0.018712 0.006410
v -0.004711 -0.019140 0.006130
v -0.006145 -0.023161 0.002865
v -0.006300 -0.024468 0.003068
v -0.006253 -0.024033 0.002987
v -0.006204 -0.023599 0.002914
v -0.006095 -0.022273 0.002766
v -0.006187 -0.021791 0.002779
v -0.006137 -0.021357 0.002707
v -0.006086 -0.020922 0.002639
v -0.006038 -0.020488 0.002563
v -0.005997 -0.020056 0.002468
v -0.005963 -0.019626 0.002356
v -0.005954 -0.018716 0.002312
v -0.005981 -0.019158 0.002372
v -0.005919 -0.018277 0.002249
v -0.004842 -0.018248 0.005846
v -0.004723 -0.016934 0.005654
v -0.004555 -0.015182 0.005396
v -0.005904 -0.017832 0.002193
v -0.005987 -0.017313 0.002398
v -0.005983 -0.015966 0.002243
v -0.005977 -0.016462 0.002063
v -0.005923 -0.015487 0.002402
v -0.005731 -0.015357 0.003256
v -0.005373 -0.014375 0.003954
v -0.004958 -0.014766 0.004753
v -0.005245 -0.013442 0.004037
v 0.001240 -0.024624 0.003498
v 0.001164 -0.024168 0.003393
v -0.001231 -0.023343 0.002653
v -0.001484 -0.023734 0.002716
v -0.001008 -0.023820 0.002800
v -0.000743 -0.023865 0.002859
v -0.000991 -0.023649 0.002767
v -0.000447 -0.024785 0.003174
v -0.006103 -0.024533 0.002953
v -0.002831 -0.022552 0.002587
v -0.005935 -0.023224 0.002785
v -0.005773 -0.021915 0.002599
v -0.005718 -0.021479 0.002541
v -0.005619 -0.020610 0.002397
v -0.001098 -0.021596 0.002337
v -0.002788 -0.019033 0.001832
v -0.002302 -0.019137 0.001837
v -0.003991 -0.020073 0.002244
v -0.005261 -0.019368 0.002095
v -0.006093 -0.022726 0.002799
v -0.006045 -0.022292 0.002721
v -0.005997 -0.021858 0.002645
v -0.000420 -0.023475 0.002865
v 0.000224 -0.023983 0.003314
v 0.000443 -0.024011 0.003408
v 0.000968 -0.023683 0.003313
v 0.000743 -0.023183 0.003275
v 0.002394 -0.013114 0.004827
v 0.001731 -0.012838 0.005496
v 0.000752 -0.011109 0.006193
v 0.000956 -0.012554 0.006077
v -0.000334 -0.012615 0.006685
v 0.002649 -0.013708 0.004437
v 0.002869 -0.014851 0.003553
v 0.003132 -0.013666 0.003694
v 0.001281 -0.024185 0.003434
v 0.001341 -0.023754 0.003364
v 0.001554 -0.023338 0.003375
v 0.001406 -0.023321 0.003292
v 0.001453 -0.022887 0.003226
v 0.001524 -0.022457 0.003152
v 0.001690 -0.022038 0.003123
v 0.001725 -0.021608 0.003014
v 0.002362 -0.018148 0.002602
v 0.002298 -0.018581 0.002674
v 0.002875 -0.015368 0.003276
v 0.002346 -0.017337 0.002048
v 0.002496 -0.016930 0.001949
v 0.002350 -0.017742 0.002326
v 0.002951 -0.015433 0.003023
v 0.003181 -0.015185 0.002212
v 0.003104 -0.015303 0.001550
v 0.003138 -0.015210 0.001761
v 0.001982 -0.019887 0.002699
v 0.002060 -0.019459 0.002624
v 0.001916 -0.020318 0.002772
v 0.002110 -0.019024 0.002556
v 0.001768 -0.021174 0.002926
v 0.001819 -0.020739 0.002858
v -0.004476 -0.018260 0.006186
v -0.002003 -0.011823 0.006552
v -0.002742 -0.012625 0.006341
v -0.001527 -0.012349 0.006729
v -0.003033 -0.013040 0.006256
v -0.000961 -0.012010 0.006739
v -0.004130 -0.016064 0.006049
v -0.004797 -0.014308 0.004914
v -0.004204 -0.012988 0.005256
v -0.004592 -0.013419 0.004975
v -0.003636 -0.012560 0.005711
v -0.006070 -0.021830 0.002707
v -0.006022 -0.021394 0.002640
v -0.005978 -0.020958 0.002575
v -0.005959 -0.020513 0.002518
v -0.005848 -0.020555 0.002431
v -0.005809 -0.020123 0.002330
v -0.005773 -0.019693 0.002225
v -0.005918 -0.019193 0.002272
v -0.005875 -0.018759 0.002183
v -0.005829 -0.018327 0.002102
v -0.005898 -0.017379 0.002140
v -0.005787 -0.017893 0.002010
v -0.006005 -0.014703 0.001639
v -0.005925 -0.014505 0.002057
v -0.005886 -0.015964 0.001507
v -0.005614 -0.014446 0.003345
v -0.005527 -0.013975 0.003495
v -0.004766 -0.013870 0.004843
v -0.005747 -0.013602 0.002828
v -0.005254 -0.013015 0.003992
v -0.004983 -0.012550 0.004312
v 0.001213 -0.023735 0.003321
v -0.000933 -0.023394 0.002718
v -0.005946 -0.021423 0.002578
v -0.005896 -0.020989 0.002508
v -0.005509 -0.019318 0.002083
v -0.000756 -0.021227 0.002252
v -0.000581 -0.019074 0.001706
v -0.002005 -0.018334 0.001582
v -0.002450 -0.017378 0.001285
v -0.004176 -0.017832 0.001587
v -0.003185 -0.017644 0.001461
v -0.003968 -0.018610 0.001836
v -0.005469 -0.018887 0.001985
v -0.004956 -0.018563 0.001862
v 0.000568 -0.022715 0.003132
v -0.000234 -0.021319 0.002348
v -0.000645 -0.022125 0.002472
v 0.001019 -0.023248 0.003244
v 0.000837 -0.022759 0.003200
v 0.000822 -0.022756 0.003199
v 0.002174 -0.011341 0.005404
v 0.001672 -0.011874 0.005655
v 0.003207 -0.011903 0.004403
v 0.002733 -0.011593 0.005003
v 0.003027 -0.011918 0.004600
v 0.001218 -0.012180 0.005930
v 0.001551 -0.009983 0.005782
v -0.000682 -0.011174 0.006622
v -0.000223 -0.009939 0.006391
v -0.000553 -0.010753 0.006563
v 0.000059 -0.009559 0.006295
v -0.000904 -0.011573 0.006686
v 0.003506 -0.012664 0.003683
v 0.003501 -0.012146 0.003962
v 0.002917 -0.014883 0.003440
v 0.003738 -0.013425 0.002518
v 0.003694 -0.013348 0.002759
v 0.003758 -0.013815 0.002087
v 0.003710 -0.013099 0.002959
v 0.001261 -0.023301 0.003246
v 0.001313 -0.022866 0.003179
v 0.001357 -0.022432 0.003091
v 0.001616 -0.022032 0.003072
v 0.001395 -0.022002 0.002991
v 0.001763 -0.021174 0.002922
v 0.001437 -0.021568 0.002899
v 0.002164 -0.018590 0.002488
v 0.002198 -0.017343 0.001866
v 0.002227 -0.017753 0.002137
v 0.002534 -0.016537 0.001657
v 0.003523 -0.014428 0.001772
v 0.003246 -0.014938 0.001225
v 0.001891 -0.019878 0.002643
v 0.001924 -0.019450 0.002531
v 0.001568 -0.020317 0.002660
v 0.001821 -0.020712 0.002849
v 0.001537 -0.020699 0.002754
v 0.001899 -0.019011 0.002395
v -0.002897 -0.011281 0.006008
v -0.001735 -0.011421 0.006552
v -0.002622 -0.010861 0.006098
v -0.002425 -0.010440 0.006117
v -0.003611 -0.012117 0.005652
v -0.001614 -0.010992 0.006528
v -0.004607 -0.012982 0.004847
v -0.004357 -0.012092 0.004975
v -0.005685 -0.018827 0.002052
v -0.005640 -0.018394 0.001968
v -0.005579 -0.017535 0.001727
v -0.005734 -0.016618 0.001551
v -0.005563 -0.016690 0.001372
v -0.005864 -0.013432 0.002382
v -0.006005 -0.014748 0.001411
v -0.005565 -0.016344 0.001203
v -0.005827 -0.015743 0.001227
v -0.005864 -0.012715 0.002534
v -0.005464 -0.012107 0.003494
v -0.004347 -0.011646 0.004913
v -0.004530 -0.011191 0.004700
v -0.005100 -0.009820 0.004042
v -0.005232 -0.010234 0.003902
v -0.004876 -0.010736 0.004302
v -0.000495 -0.021273 0.002302
v -0.000550 -0.019951 0.001958
v -0.000507 -0.021439 0.002346
v -0.000337 -0.019127 0.001711
v -0.000351 -0.019464 0.001833
v -0.000266 -0.017846 0.001298
v -0.001198 -0.017147 0.001165
v -0.003172 -0.017220 0.001295
v -0.002906 -0.016845 0.001157
v -0.003613 -0.016263 0.001009
v -0.004906 -0.016867 0.001197
v -0.004370 -0.016285 0.001011
v -0.004438 -0.017815 0.001551
v -0.005403 -0.018166 0.001822
v -0.005162 -0.017659 0.001557
v 0.000868 -0.022330 0.003080
v 0.000630 -0.021956 0.002941
v -0.000460 -0.021277 0.002311
v 0.000676 -0.021002 0.002615
v 0.000224 -0.020524 0.002219
v 0.001068 -0.022814 0.003173
v 0.001110 -0.022381 0.003080
v 0.002030 -0.011052 0.005554
v 0.002297 -0.010676 0.005418
v 0.002673 -0.010876 0.005176
v 0.002024 -0.009671 0.005556
v 0.001697 -0.010403 0.005699
v 0.003354 -0.011314 0.004519
v 0.003468 -0.011569 0.004274
v 0.002969 -0.011391 0.004869
v 0.003726 -0.011241 0.004137
v 0.003616 -0.011693 0.004055
v 0.002991 -0.011283 0.004876
v 0.000859 -0.008434 0.005889
v -0.001240 -0.010615 0.006521
v -0.000699 -0.009833 0.006414
v -0.000460 -0.009862 0.006395
v -0.001209 -0.010174 0.006460
v 0.000189 -0.008140 0.005972
v 0.004255 -0.011116 0.003478
v 0.004330 -0.011591 0.003037
v 0.004113 -0.012222 0.002952
v 0.003971 -0.013021 0.002390
v 0.004188 -0.013287 0.001643
v 0.004143 -0.013161 0.001878
v 0.004543 -0.011741 0.002512
v 0.001011 -0.020608 0.002652
v 0.001735 -0.018561 0.002167
v 0.002018 -0.017741 0.001977
v 0.001954 -0.016967 0.001441
v 0.002189 -0.016935 0.001589
v 0.001799 -0.017323 0.001536
v 0.003136 -0.015139 0.001053
v 0.003503 -0.014469 0.001549
v 0.003989 -0.013659 0.001521
v 0.003230 -0.014978 0.001002
v 0.003674 -0.014159 0.000986
v 0.003651 -0.014107 0.001222
v 0.001519 -0.019400 0.002339
v 0.001016 -0.020185 0.002466
v -0.003746 -0.009428 0.005160
v -0.003984 -0.010307 0.005109
v -0.003312 -0.009909 0.005514
v -0.002673 -0.009970 0.005905
v -0.001463 -0.009688 0.006317
v -0.002205 -0.009584 0.006040
v -0.004579 -0.009827 0.004562
v -0.005502 -0.017989 0.001837
v -0.005361 -0.017155 0.001458
v -0.005367 -0.016757 0.001255
v -0.006227 -0.012440 0.001226
v -0.006001 -0.014346 0.001130
v -0.005826 -0.014890 0.000896
v -0.005737 -0.015364 0.000919
v -0.005484 -0.015884 0.000889
v -0.005382 -0.016021 0.000869
v -0.005582 -0.015436 0.000732
v -0.005849 -0.012257 0.002539
v -0.005855 -0.011773 0.002658
v -0.005541 -0.011229 0.003421
v -0.004960 -0.009364 0.004175
v -0.005386 -0.010282 0.003727
v -0.005300 -0.009359 0.003827
v 0.000142 -0.019712 0.001922
v -0.000115 -0.019604 0.001858
v -0.000177 -0.019155 0.001737
v 0.000746 -0.017695 0.001246
v 0.000238 -0.017583 0.001178
v -0.000175 -0.016138 0.000736
v -0.000647 -0.016030 0.000767
v -0.002874 -0.015996 0.000843
v -0.002353 -0.015248 0.000542
v -0.001098 -0.015077 0.000457
v -0.003117 -0.015943 0.000841
v -0.003351 -0.015832 0.000835
v -0.003354 -0.015890 0.000855
v -0.005156 -0.015976 0.000781
v -0.005148 -0.016815 0.001197
v -0.004839 -0.015616 0.000632
v -0.004357 -0.015272 0.000570
v -0.003344 -0.015467 0.000683
v 0.002764 -0.010366 0.005179
v 0.002547 -0.008922 0.005258
v 0.003718 -0.011236 0.004148
v 0.003526 -0.010517 0.004601
v 0.003730 -0.010745 0.004322
v 0.004244 -0.010496 0.003826
v 0.002186 -0.008149 0.005271
v 0.001116 -0.007810 0.005609
v 0.000681 -0.007733 0.005752
v -0.000900 -0.009348 0.006320
v -0.000570 -0.008262 0.006018
v -0.000290 -0.007777 0.005865
v -0.000038 -0.007785 0.005870
v 0.000680 -0.007524 0.005654
v 0.004608 -0.009688 0.003659
v 0.004534 -0.011200 0.002922
v 0.004164 -0.012916 0.002076
v 0.004566 -0.012876 0.001463
v 0.004398 -0.013292 0.000867
v 0.004974 -0.010576 0.002462
v 0.004684 -0.012276 0.001821
v 0.001514 -0.018546 0.002009
v 0.001674 -0.018771 0.002213
v 0.001676 -0.018096 0.001901
v 0.003059 -0.015137 0.000845
v 0.001626 -0.017206 0.001350
v 0.002681 -0.015395 0.000631
v 0.001763 -0.016505 0.000988
v 0.001336 -0.018114 0.001675
v 0.003899 -0.013726 0.001092
v 0.003388 -0.014620 0.000671
v 0.004573 -0.013060 0.000545
v 0.001358 -0.018901 0.002104
v 0.000717 -0.018890 0.001729
v -0.003973 -0.009411 0.005004
v -0.003510 -0.009449 0.005313
v -0.004098 -0.008510 0.004770
v -0.003986 -0.009861 0.005034
v -0.003000 -0.009050 0.005557
v -0.001651 -0.008779 0.006058
v -0.001388 -0.008893 0.006143
v -0.002534 -0.008668 0.005663
v -0.004421 -0.008927 0.004638
v -0.004636 -0.008913 0.004478
v -0.006204 -0.012930 0.000572
v -0.006432 -0.011756 0.000753
v -0.006297 -0.011361 0.001596
v -0.005774 -0.010805 0.002987
v -0.005727 -0.014516 0.000581
v -0.006103 -0.013298 0.000344
v -0.005568 -0.015008 0.000585
v -0.005564 -0.015023 0.000585
v -0.005386 -0.015921 0.000811
v -0.005384 -0.015500 0.000619
v -0.005007 -0.008451 0.004088
v -0.005541 -0.009835 0.003497
v -0.005725 -0.008930 0.003224
v -0.005727 -0.008700 0.003199
v 0.000727 -0.018514 0.001580
v 0.001024 -0.017223 0.001095
v 0.000484 -0.017574 0.001159
v 0.000756 -0.017197 0.001038
v 0.000511 -0.017150 0.001033
v 0.000770 -0.016844 0.000907
v 0.001258 -0.015159 0.000076
v 0.000115 -0.014776 0.000200
v 0.001033 -0.015841 0.000467
v -0.003092 -0.015517 0.000709
v -0.002856 -0.015570 0.000692
v -0.001827 -0.014081 0.000055
v -0.003567 -0.014472 0.000289
v -0.002818 -0.013458 -0.000201
v -0.002835 -0.015223 0.000585
v -0.003082 -0.015093 0.000534
v -0.000347 -0.014386 0.000125
v -0.004905 -0.015607 0.000606
v -0.005162 -0.015558 0.000568
v -0.004900 -0.015036 0.000353
v -0.004617 -0.015185 0.000505
v -0.004397 -0.014840 0.000388
v 0.003293 -0.009616 0.004895
v 0.003735 -0.009312 0.004590
v 0.002384 -0.008346 0.005224
v 0.003391 -0.008748 0.004747
v 0.002782 -0.008557 0.005045
v 0.004024 -0.009894 0.004296
v 0.004356 -0.010042 0.003911
v 0.002391 -0.007631 0.004906
v 0.002181 -0.007104 0.004767
v 0.001977 -0.007378 0.005023
v 0.001122 -0.007220 0.005348
v -0.001034 -0.008021 0.005919
v -0.000529 -0.007256 0.005655
v 0.000660 -0.007109 0.005404
v 0.000206 -0.007335 0.005640
v 0.000438 -0.007246 0.005548
v 0.004822 -0.009344 0.003311
v 0.004435 -0.009599 0.003914
v 0.004496 -0.009161 0.003870
v 0.004710 -0.009265 0.003576
v 0.004860 -0.012554 0.001089
v 0.004862 -0.012646 0.000631
v 0.005022 -0.009498 0.002754
v 0.005418 -0.010292 0.001505
v 0.005198 -0.010113 0.002171
v 0.002985 -0.015009 0.000589
v 0.001407 -0.016047 0.000593
v 0.002655 -0.015360 0.000544
v 0.001834 -0.016014 0.000673
v 0.002085 -0.015743 0.000546
v 0.002775 -0.014910 -0.000017
v 0.004556 -0.013102 0.000322
v 0.002965 -0.014685 -0.000109
v 0.003127 -0.014327 -0.000441
v 0.004654 -0.012907 0.000031
v -0.004418 -0.008479 0.004586
v -0.003870 -0.008091 0.004818
v -0.004052 -0.008078 0.004690
v -0.003425 -0.008375 0.005162
v -0.004079 -0.007629 0.004605
v -0.001874 -0.007279 0.005428
v -0.002480 -0.008250 0.005517
v -0.001260 -0.007554 0.005712
v -0.003112 -0.008264 0.005273
v -0.002819 -0.008323 0.005411
v -0.006402 -0.012070 0.000310
v -0.006539 -0.011096 0.000715
v -0.006428 -0.010989 0.001366
v -0.006011 -0.009933 0.002503
v -0.005836 -0.013477 -0.000197
v -0.005382 -0.015080 0.000429
v -0.005572 -0.014593 0.000361
v -0.006139 -0.012944 0.000083
v -0.005379 -0.015339 0.000556
v -0.005233 -0.007535 0.003830
v -0.004607 -0.008022 0.004367
v -0.005982 -0.009446 0.002671
v -0.005535 -0.007092 0.003417
v -0.005762 -0.007121 0.003032
v -0.006005 -0.007640 0.002475
v -0.006151 -0.009006 0.002213
v 0.001523 -0.015662 0.000351
v 0.000798 -0.014245 -0.000238
v 0.002012 -0.015344 0.000166
v 0.001967 -0.014795 -0.000214
v 0.001482 -0.014834 -0.000149
v 0.000135 -0.014070 -0.000079
v -0.000348 -0.013965 -0.000078
v -0.000107 -0.012810 -0.000647
v -0.003344 -0.012527 -0.000702
v -0.003598 -0.012477 -0.000732
v -0.002334 -0.012115 -0.000880
v -0.001333 -0.012475 -0.000723
v -0.005008 -0.015164 0.000406
v -0.005161 -0.015138 0.000374
v -0.004621 -0.014805 0.000317
v -0.004906 -0.014766 0.000208
v -0.004121 -0.012773 -0.000645
v 0.003956 -0.008757 0.004251
v 0.003588 -0.008393 0.004436
v 0.003580 -0.008182 0.004317
v 0.002967 -0.007787 0.004505
v 0.002776 -0.007475 0.004519
v 0.002601 -0.006806 0.004409
v 0.001747 -0.006790 0.004803
v 0.001119 -0.007121 0.005295
v 0.000894 -0.007148 0.005377
v -0.001048 -0.007169 0.005568
v -0.000291 -0.007128 0.005557
v -0.000807 -0.006801 0.005367
v 0.000894 -0.006744 0.005187
v 0.000176 -0.006934 0.005371
v 0.005081 -0.008609 0.002669
v 0.004696 -0.008697 0.003516
v 0.004528 -0.008732 0.003753
v 0.005061 -0.012200 0.000782
v 0.005182 -0.011837 0.000426
v 0.005182 -0.009131 0.002459
v 0.005077 -0.009062 0.002695
v 0.005404 -0.010962 0.000442
v 0.005487 -0.010518 0.000456
v 0.005560 -0.009915 0.001245
v 0.005571 -0.009423 0.001419
v 0.002604 -0.015033 0.000057
v 0.001795 -0.015705 0.000424
v 0.002475 -0.014907 -0.000146
v 0.002718 -0.014732 -0.000251
v 0.002513 -0.015024 0.000009
v 0.004577 -0.012795 -0.000422
v 0.002708 -0.014669 -0.000307
v 0.002666 -0.014513 -0.000492
v 0.003157 -0.014117 -0.000709
v 0.004107 -0.013194 -0.000622
v 0.003681 -0.013442 -0.000970
v 0.004668 -0.012774 -0.000222
v -0.003988 -0.007638 0.004654
v -0.004750 -0.007130 0.004082
v -0.003935 -0.006973 0.004480
v -0.004233 -0.006747 0.004250
v -0.001317 -0.006978 0.005433
v -0.002743 -0.007024 0.005003
v -0.001328 -0.006707 0.005275
v -0.003454 -0.007262 0.004811
v -0.006085 -0.012753 -0.000192
v -0.006438 -0.011711 0.000044
v -0.006650 -0.010257 0.000191
v -0.006547 -0.009654 0.001022
v -0.006382 -0.010056 0.001478
v -0.005660 -0.013357 -0.000456
v -0.005842 -0.012870 -0.000498
v -0.005161 -0.014714 0.000175
v -0.005408 -0.014648 0.000254
v -0.005382 -0.014660 0.000229
v -0.005463 -0.013826 -0.000289
v -0.004901 -0.007116 0.003985
v -0.005212 -0.007093 0.003772
v -0.005317 -0.006658 0.003525
v -0.005599 -0.006671 0.003158
v -0.006078 -0.006813 0.001938
v -0.006313 -0.008186 0.001709
v -0.006483 -0.008714 0.001193
v 0.001955 -0.014521 -0.000374
v 0.001475 -0.013995 -0.000561
v 0.001717 -0.014371 -0.000409
v 0.000606 -0.013072 -0.000634
v 0.002195 -0.014573 -0.000380
v -0.000366 -0.012290 -0.000913
v 0.000809 -0.012561 -0.001002
v 0.000304 -0.012042 -0.001252
v -0.002605 -0.011879 -0.001045
v -0.003439 -0.010873 -0.001731
v -0.004404 -0.012636 -0.000795
v -0.003952 -0.011258 -0.001579
v -0.002275 -0.011478 -0.001207
v -0.001143 -0.011727 -0.001239
v -0.001389 -0.011634 -0.001267
v -0.004912 -0.014349 -0.000004
v -0.004941 -0.013927 -0.000226
v -0.004940 -0.013516 -0.000471
v 0.003771 -0.008447 0.004280
v 0.003178 -0.006513 0.003801
v 0.004127 -0.007878 0.003622
v 0.004327 -0.008063 0.003573
v 0.002993 -0.006867 0.004140
v 0.001940 -0.006381 0.004455
v 0.001522 -0.006508 0.004739
v 0.002378 -0.006428 0.004306
v 0.001075 -0.006185 0.004736
v -0.001068 -0.006754 0.005320
v -0.000317 -0.006692 0.005283
v -0.000825 -0.006571 0.005213
v 0.000160 -0.006409 0.005083
v 0.000166 -0.006588 0.005182
v 0.000629 -0.006199 0.004894
v -0.000058 -0.006542 0.005175
v 0.005118 -0.008630 0.002602
v 0.004697 -0.008385 0.003371
v 0.004974 -0.008130 0.002649
v 0.004526 -0.008312 0.003551
v 0.004347 -0.008555 0.003857
v 0.005163 -0.011802 0.000195
v 0.005544 -0.008517 0.001326
v 0.005137 -0.008219 0.002371
v 0.005216 -0.011487 -0.000093
v 0.005302 -0.010659 -0.000452
v 0.005387 -0.010188 -0.000301
v 0.005530 -0.010091 0.000340
v 0.005571 -0.009757 0.000990
v 0.005607 -0.009076 0.000899
v 0.004664 -0.012075 -0.001002
v 0.004815 -0.012008 -0.000829
v 0.002906 -0.014314 -0.000616
v 0.002412 -0.014212 -0.000641
v 0.003129 -0.013951 -0.000861
v 0.004309 -0.012548 -0.001058
v 0.003822 -0.013217 -0.001045
v 0.003110 -0.013862 -0.000955
v 0.003368 -0.013558 -0.001081
v 0.003397 -0.013191 -0.001367
v -0.003341 -0.006855 0.004667
v -0.004869 -0.006692 0.003840
v -0.004365 -0.006339 0.003856
v -0.003702 -0.006218 0.004078
v -0.002764 -0.006513 0.004707
v -0.003033 -0.006888 0.004836
v -0.001629 -0.006427 0.005012
v -0.001109 -0.005786 0.004756
v -0.006538 -0.010479 -0.000800
v -0.006215 -0.011611 -0.000744
v -0.006617 -0.009567 0.000568
v -0.006644 -0.009314 0.000316
v -0.006671 -0.009894 -0.000311
v -0.006498 -0.008298 0.000956
v -0.005435 -0.013834 -0.000301
v -0.005452 -0.013419 -0.000541
v -0.005660 -0.013211 -0.000523
v -0.005666 -0.012939 -0.000666
v -0.005693 -0.012178 -0.001097
v -0.005887 -0.011946 -0.001055
v -0.005179 -0.014303 -0.000067
v -0.005409 -0.014274 -0.000023
v -0.005435 -0.013842 -0.000297
v -0.004883 -0.006691 0.003832
v -0.005312 -0.006256 0.003244
v -0.004961 -0.006077 0.003334
v -0.005449 -0.006264 0.003059
v -0.006336 -0.006924 0.001106
v -0.006337 -0.007328 0.001386
v -0.006173 -0.006474 0.001231
v -0.006479 -0.007828 0.001025
v 0.001954 -0.014249 -0.000505
v 0.002187 -0.014155 -0.000598
v 0.001947 -0.014103 -0.000591
v 0.001057 -0.013032 -0.000788
v 0.001470 -0.013576 -0.000774
v 0.001058 -0.013008 -0.000800
v 0.000276 -0.011210 -0.001719
v 0.000783 -0.012148 -0.001265
v 0.000520 -0.011833 -0.001446
v -0.003997 -0.010976 -0.001829
v -0.002118 -0.010198 -0.001876
v -0.003293 -0.010478 -0.001899
v -0.002129 -0.010684 -0.001678
v -0.004963 -0.013101 -0.000727
v -0.005167 -0.012652 -0.000994
v -0.004198 -0.011566 -0.001418
v -0.001874 -0.011152 -0.001447
v -0.001634 -0.011173 -0.001467
v -0.000903 -0.010627 -0.001786
v 0.000032 -0.010228 -0.002159
v -0.005200 -0.013889 -0.000317
v -0.005220 -0.013475 -0.000566
v -0.005204 -0.013765 -0.000387
v 0.003923 -0.007073 0.003369
v 0.003344 -0.006334 0.003488
v 0.002765 -0.006254 0.003916
v 0.002927 -0.006109 0.003609
v 0.004794 -0.007781 0.002675
v 0.002149 -0.006273 0.004293
v 0.001898 -0.006077 0.004201
v 0.001677 -0.006068 0.004278
v 0.001458 -0.006042 0.004351
v 0.002370 -0.006331 0.004239
v 0.000583 -0.005936 0.004647
v 0.000802 -0.005930 0.004559
v -0.000336 -0.006190 0.004998
v -0.000828 -0.006386 0.005116
v 0.000134 -0.005975 0.004809
v 0.005509 -0.008401 0.000857
v 0.005289 -0.007817 0.001336
v 0.005197 -0.007888 0.001791
v 0.005406 -0.008053 0.001088
v 0.005214 -0.010681 -0.000652
v 0.004999 -0.011162 -0.000990
v 0.005236 -0.009865 -0.000519
v 0.005422 -0.009701 -0.000134
v 0.005596 -0.009567 0.000725
v 0.005592 -0.009525 0.000939
v 0.005576 -0.009108 0.000698
v 0.004518 -0.011210 -0.001752
v 0.004238 -0.012435 -0.001280
v 0.004161 -0.011621 -0.001886
v 0.002622 -0.013853 -0.000922
v 0.002855 -0.013909 -0.000943
v 0.002411 -0.014137 -0.000679
v 0.003690 -0.012822 -0.001511
v 0.003083 -0.013545 -0.001176
v 0.003054 -0.013024 -0.001499
v 0.003390 -0.012784 -0.001644
v -0.003060 -0.006476 0.004569
v -0.003321 -0.006043 0.004158
v -0.004615 -0.006315 0.003700
v -0.004484 -0.005559 0.003024
v -0.003767 -0.005456 0.003546
v -0.001957 -0.005805 0.004515
v -0.002795 -0.006102 0.004431
v -0.001420 -0.005490 0.004364
v -0.000643 -0.005604 0.004572
v -0.001159 -0.005549 0.004512
v -0.006260 -0.010683 -0.001302
v -0.006625 -0.009999 -0.000784
v -0.006526 -0.010071 -0.001044
v -0.006065 -0.011567 -0.001036
v -0.006680 -0.009486 -0.000588
v -0.006613 -0.008920 0.000026
v -0.006441 -0.007984 0.000292
v -0.005425 -0.013836 -0.000300
v -0.005453 -0.013336 -0.000582
v -0.005472 -0.012585 -0.000986
v -0.005486 -0.011749 -0.001416
v -0.005477 -0.012166 -0.001195
v -0.005911 -0.010831 -0.001642
v -0.005715 -0.011272 -0.001581
v -0.005343 -0.006110 0.003004
v -0.005642 -0.006020 0.002163
v -0.006404 -0.007583 0.000034
v -0.006410 -0.007431 0.000785
v -0.006349 -0.007286 -0.000721
v -0.006179 -0.006656 0.000318
v -0.005976 -0.006126 0.000888
v -0.005400 -0.005607 0.001797
v -0.005640 -0.005677 0.001188
v 0.002174 -0.013739 -0.000829
v 0.001270 -0.013091 -0.000865
v 0.001479 -0.013204 -0.000925
v 0.002110 -0.012498 -0.001582
v 0.001228 -0.012135 -0.001427
v 0.001250 -0.012678 -0.001111
v 0.000480 -0.010433 -0.002209
v 0.001460 -0.011479 -0.001785
v -0.004322 -0.010538 -0.002233
v -0.002594 -0.009773 -0.002224
v -0.001869 -0.010312 -0.001830
v -0.001995 -0.009447 -0.002238
v -0.004065 -0.009589 -0.002665
v -0.005231 -0.013057 -0.000792
v -0.004493 -0.011418 -0.001605
v -0.001390 -0.010332 -0.001882
v -0.001401 -0.010000 -0.002070
v -0.001158 -0.009185 -0.002328
v -0.000356 -0.009103 -0.002385
v 0.000517 -0.009887 -0.002368
v 0.003914 -0.006862 0.003245
v 0.004051 -0.006559 0.002798
v 0.003087 -0.005974 0.003304
v 0.003299 -0.006059 0.003239
v 0.003503 -0.006213 0.003185
v 0.002339 -0.006099 0.004048
v 0.002496 -0.006001 0.003748
v 0.002429 -0.005905 0.003527
v 0.002871 -0.005927 0.003374
v 0.004970 -0.007424 0.001637
v 0.004715 -0.007242 0.002212
v 0.004431 -0.007099 0.002726
v 0.002122 -0.006064 0.004121
v 0.001839 -0.005922 0.003970
v 0.002059 -0.005939 0.003895
v 0.001617 -0.005917 0.004047
v 0.000967 -0.005789 0.004261
v 0.000526 -0.005758 0.004412
v 0.000304 -0.005761 0.004491
v -0.000402 -0.005668 0.004577
v -0.000141 -0.005765 0.004648
v 0.005337 -0.008193 0.000426
v 0.005561 -0.009155 0.000456
v 0.005154 -0.007652 0.000897
v 0.004911 -0.007261 0.001405
v 0.005194 -0.007874 0.000440
v 0.004702 -0.010767 -0.001633
v 0.004885 -0.010213 -0.001292
v 0.004863 -0.009820 -0.001329
v 0.005249 -0.008754 -0.000181
v 0.005420 -0.008711 0.000221
v 0.004284 -0.010786 -0.002185
v 0.003876 -0.012022 -0.001902
v 0.003681 -0.012417 -0.001788
v 0.003942 -0.011187 -0.002254
v 0.004170 -0.010777 -0.002260
v 0.002392 -0.013378 -0.001088
v 0.003272 -0.012403 -0.001880
v 0.002790 -0.012246 -0.001897
v 0.002346 -0.012714 -0.001520
v -0.003088 -0.006096 0.004316
v -0.003096 -0.005655 0.004035
v -0.003451 -0.005206 0.003602
v -0.005237 -0.005784 0.002462
v -0.004254 -0.005070 0.002737
v -0.003491 -0.005005 0.003398
v -0.003873 -0.005040 0.003068
v -0.002518 -0.005685 0.004303
v -0.001217 -0.005387 0.004281
v -0.001753 -0.005449 0.004221
v -0.001514 -0.005360 0.004148
v -0.000926 -0.005457 0.004420
v -0.000484 -0.005477 0.004267
v -0.000419 -0.005588 0.004491
v -0.006097 -0.010719 -0.001522
v -0.006358 -0.009760 -0.001606
v -0.006161 -0.009862 -0.001898
v -0.006535 -0.009251 -0.001368
v -0.006614 -0.009147 -0.001118
v -0.006589 -0.008614 -0.000719
v -0.005256 -0.011587 -0.001551
v -0.005549 -0.010086 -0.002368
v -0.005734 -0.010553 -0.001969
v -0.004632 -0.004831 0.001907
v -0.004605 -0.004759 0.001655
v -0.006070 -0.006728 -0.000648
v -0.006288 -0.007440 -0.001427
v -0.006436 -0.007848 -0.001328
v -0.006152 -0.006939 -0.001063
v -0.005173 -0.005534 -0.000162
v -0.005373 -0.005901 -0.000519
v -0.005473 -0.006095 -0.000696
v -0.005677 -0.005805 0.000513
v -0.005272 -0.005328 0.001486
v -0.005330 -0.005452 0.000351
v 0.001466 -0.012736 -0.001179
v 0.002128 -0.011651 -0.001933
v 0.002558 -0.011772 -0.002069
v 0.001705 -0.011530 -0.001777
v 0.001686 -0.010043 -0.002527
v 0.001679 -0.010755 -0.002210
v 0.001688 -0.011099 -0.001940
v 0.001721 -0.011105 -0.001935
v -0.004811 -0.010914 -0.002018
v -0.004462 -0.009482 -0.002772
v -0.005093 -0.009779 -0.002634
v -0.004845 -0.010249 -0.002422
v -0.002943 -0.009293 -0.002494
v -0.003994 -0.008689 -0.002899
v -0.002016 -0.008131 -0.002578
v -0.001315 -0.008715 -0.002445
v -0.004301 -0.009044 -0.002878
v -0.000290 -0.008932 -0.002428
v 0.001017 -0.009417 -0.002598
v 0.004394 -0.006752 0.002465
v 0.003657 -0.006130 0.002887
v 0.004205 -0.006470 0.002499
v 0.003625 -0.005999 0.002650
v 0.003017 -0.005911 0.003087
v 0.003235 -0.005943 0.003014
v 0.003450 -0.006005 0.002946
v 0.002277 -0.005969 0.003821
v 0.002247 -0.005947 0.003730
v 0.002043 -0.005985 0.003204
v 0.001985 -0.005908 0.003683
v 0.002576 -0.005881 0.003238
v 0.004708 -0.007197 0.002171
v 0.004412 -0.006504 0.001729
v 0.004581 -0.007051 0.002433
v 0.001546 -0.005865 0.003832
v 0.000676 -0.005707 0.004120
v 0.000457 -0.005681 0.004194
v -0.000198 -0.005588 0.004413
v 0.004943 -0.008026 -0.000157
v 0.004697 -0.007024 0.000985
v 0.005004 -0.007606 0.000476
v 0.004896 -0.007294 0.000712
v 0.005071 -0.007627 0.000665
v 0.004654 -0.006907 0.001221
v 0.004514 -0.010356 -0.002081
v 0.004725 -0.009874 -0.001742
v 0.004762 -0.008804 -0.000941
v 0.004699 -0.009249 -0.001570
v 0.004624 -0.009441 -0.001990
v 0.004749 -0.008264 -0.000563
v 0.004592 -0.008368 -0.000931
v 0.004212 -0.010345 -0.002352
v 0.004376 -0.009914 -0.002317
v 0.003526 -0.012130 -0.002001
v 0.003557 -0.011210 -0.002350
v 0.003380 -0.010219 -0.002617
v 0.003269 -0.011933 -0.002109
v 0.002795 -0.011825 -0.002081
v -0.003154 -0.005243 0.003740
v -0.002857 -0.005362 0.003918
v -0.003194 -0.005026 0.003530
v -0.004383 -0.004812 0.002273
v -0.004520 -0.004818 0.002100
v -0.003999 -0.004794 0.002616
v -0.003454 -0.004840 0.003132
v -0.003657 -0.004830 0.002968
v -0.002616 -0.005201 0.003815
v -0.001289 -0.005335 0.004066
v -0.000994 -0.005378 0.004201
v -0.001808 -0.005311 0.004011
v -0.001584 -0.005299 0.003932
v -0.000775 -0.005401 0.004127
v -0.000267 -0.005522 0.004196
v -0.000343 -0.005505 0.003987
v -0.006109 -0.009461 -0.002143
v -0.005946 -0.009957 -0.002146
v -0.006463 -0.008832 -0.001675
v -0.006526 -0.008253 -0.001144
v -0.005145 -0.010595 -0.002171
v -0.005326 -0.009723 -0.002612
v -0.005729 -0.009201 -0.002593
v -0.004525 -0.004736 0.001859
v -0.005019 -0.005070 0.001368
v -0.004371 -0.004650 0.001561
v -0.004792 -0.004938 0.000572
v -0.005740 -0.006380 -0.001271
v -0.006345 -0.007965 -0.001814
v -0.006180 -0.007478 -0.001928
v -0.006049 -0.007024 -0.001792
v -0.004661 -0.005522 -0.000812
v -0.004744 -0.005091 0.000104
v -0.004631 -0.005251 -0.000188
v -0.005249 -0.005988 -0.001488
v 0.001926 -0.011588 -0.001830
v 0.001949 -0.011161 -0.001972
v 0.002351 -0.011365 -0.002143
v 0.002138 -0.010634 -0.002385
v 0.001929 -0.009907 -0.002613
v 0.001305 -0.008879 -0.002751
v 0.001719 -0.011078 -0.001953
v 0.002151 -0.011180 -0.002094
v -0.004805 -0.008976 -0.002916
v -0.004562 -0.009029 -0.002912
v -0.005081 -0.009354 -0.002803
v -0.003362 -0.007899 -0.002870
v -0.004229 -0.008648 -0.002948
v -0.004220 -0.008366 -0.002983
v -0.000525 -0.008432 -0.002482
v -0.001941 -0.007689 -0.002586
v -0.003429 -0.007431 -0.002899
v -0.000055 -0.008541 -0.002518
v 0.000890 -0.008608 -0.002645
v 0.004129 -0.006204 0.002171
v 0.003599 -0.005992 0.002668
v 0.003953 -0.006067 0.002308
v 0.003744 -0.005959 0.002369
v 0.003597 -0.005983 0.002658
v 0.003081 -0.005938 0.002600
v 0.003357 -0.005925 0.002735
v 0.003387 -0.005930 0.002742
v 0.001820 -0.005987 0.003282
v 0.001866 -0.006166 0.002818
v 0.004220 -0.006253 0.001768
v 0.004180 -0.006429 0.001100
v 0.000597 -0.005724 0.003916
v 0.001296 -0.006011 0.003235
v 0.000164 -0.005630 0.004057
v 0.004570 -0.007426 -0.000094
v 0.004508 -0.006828 0.000796
v 0.004467 -0.009239 -0.002192
v 0.004481 -0.008320 -0.001131
v 0.004440 -0.008346 -0.001347
v 0.004558 -0.009126 -0.002002
v 0.004478 -0.008582 -0.001803
v 0.003465 -0.009796 -0.002712
v 0.004039 -0.009433 -0.002572
v 0.004277 -0.009906 -0.002385
v 0.004141 -0.009444 -0.002522
v 0.003288 -0.011607 -0.002210
v 0.003046 -0.011454 -0.002256
v 0.002579 -0.010926 -0.002412
v 0.002900 -0.009693 -0.002804
v 0.003038 -0.011846 -0.002095
v -0.002905 -0.005112 0.003672
v -0.002964 -0.004955 0.003441
v -0.003319 -0.004770 0.003077
v -0.003839 -0.004656 0.002310
v -0.004449 -0.004748 0.002067
v -0.003764 -0.004685 0.002522
v -0.003623 -0.004802 0.002953
v -0.002676 -0.005058 0.003586
v -0.002388 -0.005149 0.003729
v -0.001443 -0.005325 0.003651
v -0.001015 -0.005461 0.003516
v -0.001659 -0.005274 0.003721
v -0.000718 -0.005483 0.003648
v 0.000003 -0.005681 0.003652
v -0.005919 -0.009108 -0.002474
v -0.006056 -0.008607 -0.002405
v -0.006351 -0.008447 -0.001926
v -0.005317 -0.009469 -0.002707
v -0.005827 -0.008241 -0.002635
v -0.005315 -0.009300 -0.002782
v -0.005218 -0.008432 -0.002931
v -0.004291 -0.004635 0.001765
v -0.004146 -0.004630 0.001479
v -0.004169 -0.004731 0.000797
v -0.004515 -0.005031 0.000017
v -0.005780 -0.006623 -0.001932
v -0.005196 -0.006103 -0.001962
v -0.005288 -0.006223 -0.002150
v -0.006090 -0.007653 -0.002274
v -0.006008 -0.008172 -0.002481
v -0.005972 -0.007218 -0.002265
v -0.004219 -0.005530 -0.000967
v -0.004254 -0.005740 -0.001632
v -0.004975 -0.005917 -0.001593
v 0.002223 -0.009102 -0.002878
v 0.002688 -0.009213 -0.002926
v 0.001595 -0.008497 -0.002828
v 0.001158 -0.008380 -0.002709
v -0.004697 -0.008106 -0.003037
v -0.004899 -0.008957 -0.002912
v -0.004354 -0.007615 -0.003022
v -0.004620 -0.007662 -0.003041
v -0.000452 -0.008041 -0.002472
v -0.000279 -0.008449 -0.002486
v -0.002687 -0.007409 -0.002695
v -0.002045 -0.007050 -0.002493
v -0.001200 -0.006851 -0.002345
v -0.000721 -0.006984 -0.002347
v -0.001450 -0.006828 -0.002352
v -0.004513 -0.007212 -0.002967
v -0.004007 -0.007218 -0.002955
v -0.003492 -0.007279 -0.002895
v -0.002862 -0.007046 -0.002664
v -0.000087 -0.007491 -0.002428
v 0.000583 -0.007759 -0.002524
v 0.004019 -0.006082 0.001819
v 0.003884 -0.005997 0.002090
v 0.003528 -0.005908 0.002439
v 0.003471 -0.006207 0.001089
v 0.003367 -0.005959 0.002034
v 0.002559 -0.006407 0.001432
v 0.003305 -0.005920 0.002519
v 0.001076 -0.006463 0.002194
v 0.001213 -0.006523 0.001918
v 0.003987 -0.006257 0.001148
v 0.003859 -0.006117 0.001411
v 0.003940 -0.006091 0.001613
v 0.003905 -0.006289 0.000946
v 0.004227 -0.006670 0.000642
v 0.000554 -0.005990 0.003259
v 0.000897 -0.006189 0.002927
v 0.001027 -0.006318 0.002662
v 0.004039 -0.007410 -0.000846
v 0.003472 -0.007137 -0.001145
v 0.004257 -0.006975 0.000199
v 0.004147 -0.007778 -0.001076
v 0.003606 -0.006762 -0.000299
v 0.004271 -0.008986 -0.002386
v 0.004150 -0.008169 -0.002202
v 0.004366 -0.008471 -0.002010
v 0.004091 -0.007807 -0.001286
v 0.004301 -0.008200 -0.001783
v 0.002929 -0.009266 -0.002930
v 0.003507 -0.009103 -0.002806
v 0.003811 -0.009063 -0.002683
v -0.002744 -0.004970 0.003365
v -0.003029 -0.004849 0.003218
v -0.003391 -0.004722 0.002863
v -0.003098 -0.004779 0.003000
v -0.003175 -0.004771 0.002792
v -0.003697 -0.004680 0.002029
v -0.003620 -0.004688 0.002237
v -0.003467 -0.004708 0.002654
v -0.002529 -0.005030 0.003297
v -0.001182 -0.005565 0.003119
v -0.001474 -0.005497 0.002979
v 0.000045 -0.005891 0.003193
v 0.000378 -0.006170 0.002873
v -0.005486 -0.007424 -0.002781
v -0.005279 -0.007487 -0.002871
v -0.005903 -0.007572 -0.002483
v -0.005636 -0.007195 -0.002619
v -0.005048 -0.008926 -0.002917
v -0.003793 -0.004741 0.001134
v -0.004033 -0.004803 0.000523
v -0.003985 -0.004958 0.000056
v -0.003945 -0.005186 -0.000400
v -0.003999 -0.005552 -0.001041
v -0.005820 -0.006764 -0.002136
v -0.005630 -0.006578 -0.002224
v -0.004836 -0.006155 -0.002317
v -0.005500 -0.006707 -0.002488
v -0.004933 -0.006317 -0.002498
v -0.005746 -0.006904 -0.002380
v -0.004209 -0.005922 -0.002095
v -0.003603 -0.005866 -0.001847
v 0.002744 -0.008776 -0.002982
v 0.002110 -0.008337 -0.002870
v 0.001712 -0.008044 -0.002730
v 0.002306 -0.008556 -0.002914
v 0.001058 -0.007842 -0.002557
v -0.004545 -0.007356 -0.002984
v -0.005168 -0.007035 -0.002786
v -0.002649 -0.006527 -0.002341
v -0.001921 -0.006663 -0.002347
v -0.002184 -0.006674 -0.002370
v -0.000679 -0.006856 -0.002293
v -0.001607 -0.006543 -0.002236
v -0.001085 -0.006542 -0.002186
v -0.004200 -0.006971 -0.002915
v -0.004605 -0.006695 -0.002785
v -0.004282 -0.006447 -0.002712
v -0.003908 -0.006860 -0.002860
v -0.003659 -0.006910 -0.002843
v -0.003254 -0.006573 -0.002591
v -0.002851 -0.006360 -0.002289
v -0.000153 -0.006824 -0.002247
v 0.000000 -0.007141 -0.002361
v 0.000474 -0.007249 -0.002385
v 0.000984 -0.007249 -0.002364
v 0.003807 -0.005987 0.001882
v 0.003556 -0.006148 0.001287
v 0.003384 -0.006282 0.000895
v 0.002312 -0.006528 0.000831
v 0.002422 -0.006481 0.001255
v 0.003693 -0.006212 0.001012
v 0.003608 -0.006272 0.000815
v 0.003641 -0.006079 0.001483
v 0.001353 -0.006560 0.001639
v 0.000940 -0.006393 0.002468
v 0.000978 -0.006369 0.002556
v 0.001049 -0.006601 0.001517
v 0.001156 -0.006576 0.001710
v 0.003776 -0.006157 0.001210
v 0.003821 -0.006348 0.000749
v 0.004060 -0.006762 0.000244
v 0.000597 -0.006234 0.002819
v 0.000807 -0.006295 0.002737
v 0.003557 -0.007551 -0.002064
v 0.003186 -0.007023 -0.001292
v 0.003222 -0.007283 -0.001743
v 0.003230 -0.006743 -0.000637
v 0.003567 -0.006524 0.000156
v 0.004061 -0.008264 -0.002394
v 0.003931 -0.008488 -0.002557
v 0.003763 -0.007688 -0.002121
v 0.003875 -0.007959 -0.002363
v 0.003538 -0.008913 -0.002812
v -0.002813 -0.004901 0.003148
v -0.002886 -0.004864 0.002936
v -0.003253 -0.004772 0.002586
v -0.002965 -0.004867 0.002729
v -0.003331 -0.004776 0.002380
v -0.002265 -0.005242 0.002760
v -0.002682 -0.005010 0.002880
v -0.001140 -0.005770 0.002659
v -0.001255 -0.005991 0.001788
v -0.000968 -0.006100 0.001934
v -0.000425 -0.006019 0.002670
v 0.000592 -0.006238 0.002806
v -0.005373 -0.006971 -0.002693
v -0.002868 -0.005178 0.001795
v -0.003738 -0.004843 0.000658
v -0.003452 -0.004953 0.000804
v -0.003684 -0.004948 0.000183
v -0.003640 -0.005140 -0.000278
v -0.003561 -0.005603 -0.001189
v -0.003706 -0.005685 -0.001363
v -0.004712 -0.006332 -0.002574
v -0.004615 -0.006170 -0.002392
v -0.005025 -0.006573 -0.002623
v -0.004495 -0.006373 -0.002645
v -0.003873 -0.006176 -0.002418
v -0.003219 -0.005807 -0.001520
v -0.002666 -0.006109 -0.001914
v -0.002755 -0.006207 -0.002105
v -0.003057 -0.006227 -0.002231
v 0.003096 -0.008376 -0.002904
v 0.002150 -0.008161 -0.002847
v 0.001392 -0.007555 -0.002473
v 0.002031 -0.007786 -0.002671
v -0.002334 -0.006401 -0.002231
v -0.002239 -0.006254 -0.002047
v -0.000776 -0.006463 -0.002069
v -0.001477 -0.006294 -0.002008
v -0.001195 -0.006247 -0.001947
v -0.000984 -0.006338 -0.002011
v -0.003764 -0.006478 -0.002656
v 0.000052 -0.006965 -0.002303
v -0.000048 -0.006590 -0.002077
v -0.000466 -0.006374 -0.001955
v 0.001195 -0.007407 -0.002399
v 0.000047 -0.006443 -0.001893
v 0.001296 -0.007146 -0.002252
v 0.003330 -0.006330 0.000685
v 0.003524 -0.006320 0.000616
v 0.001342 -0.006568 0.000942
v 0.001472 -0.006594 -0.000036
v 0.003735 -0.006418 0.000553
v 0.001090 -0.006604 0.001503
v 0.000673 -0.006589 0.001180
v 0.000970 -0.006610 0.001311
v 0.003476 -0.007577 -0.002266
v 0.003682 -0.007716 -0.002323
v 0.002413 -0.007179 -0.001938
v 0.002252 -0.006756 -0.001228
v 0.002933 -0.006722 -0.000769
v 0.001390 -0.007009 -0.002066
v 0.001954 -0.006745 -0.001358
v 0.003052 -0.006464 0.000096
v 0.003440 -0.006375 0.000417
v 0.003781 -0.008095 -0.002549
v 0.003486 -0.008063 -0.002683
v 0.003590 -0.007838 -0.002511
v -0.002634 -0.005173 0.002414
v -0.002791 -0.005186 0.002003
v -0.002302 -0.005460 0.002096
v -0.000928 -0.006187 0.001413
v -0.002761 -0.005354 0.001309
v 0.000010 -0.006484 0.000933
v -0.002758 -0.005218 0.001995
v -0.002758 -0.005381 0.000844
v -0.003004 -0.005396 -0.000472
v -0.002700 -0.005452 0.000363
v -0.002959 -0.005583 -0.000935
v -0.001452 -0.005976 -0.001419
v 0.003008 -0.007859 -0.002712
v 0.003289 -0.007842 -0.002639
v 0.002662 -0.008080 -0.002859
v 0.001433 -0.007461 -0.002409
v 0.002135 -0.007567 -0.002498
v 0.002449 -0.007443 -0.002389
v 0.002322 -0.007691 -0.002610
v -0.000679 -0.006294 -0.001889
v -0.001106 -0.006152 -0.001755
v -0.000892 -0.006214 -0.001823
v -0.000163 -0.006349 -0.001830
v -0.000591 -0.006205 -0.001696
v 0.000973 -0.006779 -0.001946
v -0.000080 -0.006296 -0.001631
v 0.003304 -0.006369 0.000464
v 0.000364 -0.006485 -0.000362
v 0.001286 -0.006574 -0.000441
v 0.003180 -0.007545 -0.002400
v 0.003086 -0.007686 -0.002585
v 0.001387 -0.006562 -0.000946
v 0.000936 -0.006531 -0.001493
v -0.002721 -0.005186 0.002189
v -0.002158 -0.005752 -0.000027
v -0.001308 -0.006000 -0.000358
v -0.000494 -0.006325 0.000624
v -0.000649 -0.006223 -0.000504
v -0.002220 -0.005713 -0.000244
v -0.001792 -0.005846 -0.000379
v -0.001429 -0.005879 -0.000737
v -0.001158 -0.006025 -0.001283
v -0.001215 -0.005943 -0.000805
v -0.000807 -0.006158 -0.001625
v -0.000865 -0.006084 -0.001145
v 0.000292 -0.006343 -0.001288
v 0.000798 -0.006530 -0.000743
v -0.000044 -0.006367 -0.000834
v 0.000146 -0.006358 -0.001001
v 0.000876 -0.006475 -0.001010
vn 0.8857 -0.3782 0.2692
vn 0.9283 -0.1398 0.3445
vn 0.8269 -0.3608 0.4314
vn 0.6707 -0.6552 0.3477
vn 0.9481 -0.2257 0.2241
vn 0.8606 -0.5040 0.0733
vn 0.7742 -0.5974 0.2091
vn 0.7882 -0.3065 0.5336
vn 0.8728 -0.1857 0.4514
vn 0.9595 0.0020 0.2815
vn 0.9654 -0.0236 0.2596
vn 0.5091 -0.6633 0.5485
vn 0.6937 -0.4440 0.5672
vn 0.4757 -0.8683 0.1406
vn 0.4073 -0.7882 0.4614
vn 0.9285 -0.3322 0.1659
vn 0.9578 -0.0655 0.2799
vn 0.7438 -0.6620 0.0921
vn 0.6152 -0.7849 -0.0738
vn 0.7909 -0.6046 -0.0941
vn 0.6597 -0.3919 0.6413
vn 0.8822 -0.1105 0.4578
vn 0.7305 -0.3525 0.5849
vn 0.8266 -0.1963 0.5275
vn 0.6967 -0.3030 0.6502
vn 0.8720 0.0148 0.4892
vn 0.9686 -0.0246 0.2475
vn 0.9004 0.0853 0.4266
vn 0.9663 0.0332 0.2553
vn 0.2755 -0.8976 0.3440
vn 0.1534 -0.7821 0.6040
vn 0.4624 -0.6448 0.6086
vn 0.0934 -0.9899 0.1067
vn 0.2636 -0.9630 -0.0558
vn 0.8217 -0.5690 0.0343
vn 0.9368 -0.2394 0.2552
vn 0.9232 -0.0215 0.3838
vn 0.2996 -0.9347 -0.1914
vn 0.5202 -0.8364 -0.1730
vn 0.4439 -0.5706 0.6909
vn 0.6692 -0.1330 0.7311
vn 0.5569 -0.3512 0.7527
vn 0.3318 -0.4827 0.8105
vn 0.7326 -0.0714 0.6769
vn 0.8835 -0.0107 0.4684
vn 0.9643 -0.0064 0.2648
vn 0.8663 -0.0950 0.4904
vn 0.8994 -0.1650 0.4048
vn 0.9239 -0.1883 0.3331
vn -0.0019 -0.9267 0.3757
vn 0.1285 -0.6669 0.7340
vn -0.1054 -0.8684 0.4846
vn -0.1480 -0.9680 0.2027
vn -0.2233 -0.9725 0.0669
vn -0.1147 -0.9923 -0.0467
vn -0.0213 -0.9796 -0.1999
vn 0.6539 -0.7541 -0.0608
vn 0.7362 -0.6731 0.0704
vn 0.9003 -0.3291 0.2850
vn 0.8377 -0.4845 0.2518
vn 0.8946 -0.0877 0.4381
vn -0.0077 -0.9604 -0.2784
vn 0.1566 -0.9352 -0.3175
vn 0.4279 -0.8507 -0.3052
vn 0.4703 -0.3217 0.8218
vn 0.5560 -0.1435 0.8187
vn 0.7387 -0.1162 0.6640
vn 0.9101 -0.0825 0.4062
vn 0.8790 0.0163 0.4766
vn 0.6885 -0.1384 0.7119
vn 0.7405 -0.1089 0.6632
vn 0.9060 -0.2258 0.3580
vn 0.9060 -0.2179 0.3628
vn 0.8569 -0.1562 0.4912
vn 0.8995 -0.2298 0.3717
vn -0.2595 -0.9038 0.3403
vn -0.0739 -0.7705 0.6331
vn -0.0608 -0.6585 0.7502
vn 0.2806 -0.5305 0.7999
vn -0.2260 -0.7854 0.5763
vn -0.3233 -0.9012 0.2887
vn -0.2766 -0.9384 -0.2073
vn -0.3040 -0.9525 -0.0170
vn -0.2810 -0.9140 0.2926
vn -0.2511 -0.9402 -0.2303
vn -0.2776 -0.9133 -0.2981
vn -0.2097 -0.8650 -0.4558
vn 0.6412 -0.7261 -0.2481
vn 0.8103 -0.5825 -0.0637
vn 0.8389 -0.5242 0.1467
vn 0.9060 -0.2099 0.3676
vn 0.8866 -0.0162 0.4623
vn 0.0880 -0.8540 -0.5128
vn 0.3395 -0.7890 -0.5120
vn 0.3703 -0.3788 0.8482
vn 0.5899 -0.1690 0.7896
vn 0.5582 -0.1272 0.8199
vn 0.8455 -0.0529 0.5313
vn 0.9138 -0.1866 0.3608
vn 0.8496 -0.0369 0.5262
vn 0.9601 -0.0565 0.2740
vn 0.5517 -0.0196 0.8338
vn 0.6341 0.0086 0.7732
vn 0.8938 -0.1378 0.4268
vn 0.8125 -0.0274 0.5823
vn 0.9128 -0.2370 0.3326
vn 0.9283 -0.1187 0.3524
vn 0.9349 -0.0344 0.3533
vn -0.2531 -0.7192 0.6471
vn 0.0224 -0.5848 0.8109
vn -0.1851 -0.6340 0.7508
vn -0.2652 -0.7788 0.5684
vn -0.2717 -0.8634 0.4252
vn -0.1983 -0.9793 -0.0412
vn -0.3269 -0.9180 -0.2247
vn -0.3889 -0.4658 -0.7949
vn -0.3095 -0.9250 -0.2206
vn 0.0063 -0.9874 0.1582
vn -0.2909 -0.9458 -0.1443
vn -0.3533 -0.7959 -0.4918
vn -0.3189 -0.9096 -0.2664
vn -0.1579 -0.7762 -0.6104
vn -0.3889 -0.6528 -0.6501
vn -0.3347 -0.6403 -0.6914
vn 0.6261 -0.6789 -0.3835
vn 0.8489 -0.4866 -0.2066
vn 0.9181 -0.3953 0.0294
vn 0.9296 -0.2886 0.2292
vn 0.9315 -0.1279 0.3405
vn 0.0414 -0.7153 -0.6976
vn 0.2579 -0.6178 -0.7428
vn 0.4903 -0.6816 -0.5432
vn 0.3137 -0.6687 -0.6741
vn 0.4532 -0.3174 0.8330
vn 0.1927 -0.4732 0.8596
vn 0.5357 -0.2419 0.8090
vn 0.4713 -0.0452 0.8808
vn 0.8715 -0.0564 0.4872
vn 0.9050 -0.0702 0.4195
vn 0.9299 -0.1933 0.3129
vn 0.8902 -0.2890 0.3521
vn 0.9205 -0.2702 0.2823
vn 0.8627 -0.0463 0.5036
vn 0.2686 0.0556 0.9616
vn 0.3317 0.0537 0.9419
vn 0.6911 0.0868 0.7175
vn 0.4941 0.0968 0.8640
vn 0.6689 0.1144 0.7345
vn 0.8837 -0.0055 0.4680
vn 0.8200 0.1080 0.5621
vn 0.9637 -0.1164 0.2401
vn 0.9804 0.0462 0.1915
vn 0.9708 0.0633 0.2313
vn 0.9193 0.0421 0.3913
vn 0.0180 -0.4666 0.8843
vn -0.2805 -0.6605 0.6965
vn -0.2540 -0.6323 0.7319
vn -0.1550 -0.8081 0.5682
vn -0.2422 -0.5740 0.7823
vn -0.1751 -0.6006 0.7801
vn -0.0139 -0.8799 0.4749
vn -0.0899 -0.9835 -0.1572
vn -0.2726 -0.9442 -0.1849
vn 0.1636 -0.8132 0.5585
vn 0.1870 -0.9295 0.3180
vn 0.2148 -0.9757 0.0436
vn 0.1533 -0.9617 -0.2272
vn -0.1658 -0.9495 -0.2664
vn -0.3686 -0.8055 -0.4640
vn -0.2390 -0.7571 -0.6080
vn -0.3060 -0.6637 -0.6825
vn -0.1759 -0.6921 -0.7000
vn -0.1147 -0.4601 -0.8804
vn -0.3392 -0.4275 -0.8380
vn -0.3655 -0.4275 -0.8268
vn -0.1441 -0.6040 -0.7838
vn -0.1275 -0.4771 -0.8696
vn -0.3362 -0.4221 -0.8419
vn -0.2745 -0.4851 -0.8303
vn 0.5676 -0.5479 -0.6145
vn 0.7475 -0.5274 -0.4038
vn 0.9190 -0.3370 -0.2047
vn 0.9664 -0.2436 0.0825
vn 0.9226 -0.0387 0.3838
vn 0.0576 -0.6305 -0.7740
vn 0.2610 -0.5273 -0.8086
vn 0.2875 -0.2711 0.9186
vn 0.4271 -0.1167 0.8967
vn 0.3179 -0.0025 0.9481
vn 0.8863 -0.0152 0.4628
vn 0.9815 -0.1332 0.1373
vn 0.9377 -0.0374 0.3454
vn 0.9899 -0.1111 0.0886
vn 0.9930 -0.0583 0.1024
vn 0.0394 0.0868 0.9954
vn -0.0076 0.0571 0.9983
vn -0.0416 0.1091 0.9932
vn -0.0026 0.0331 0.9994
vn 0.1673 0.0164 0.9858
vn 0.4518 0.0591 0.8902
vn 0.2602 0.0032 0.9655
vn 0.7549 0.1463 0.6393
vn 0.9323 0.0124 0.3615
vn 0.7038 0.0270 0.7098
vn 0.5575 0.0139 0.8301
vn 0.7127 0.1564 0.6838
vn 0.8144 0.1118 0.5694
vn 0.9332 0.0757 0.3513
vn 0.9959 0.0887 0.0152
vn 0.9754 0.2198 -0.0193
vn 0.9582 0.0701 0.2775
vn 0.9844 0.0656 0.1633
vn 0.9760 0.2014 0.0829
vn 0.9876 0.1541 -0.0303
vn -0.2645 -0.4056 0.8749
vn 0.0184 -0.3688 0.9293
vn -0.3503 -0.5048 0.7890
vn -0.1577 -0.5064 0.8478
vn -0.0656 -0.6940 0.7170
vn -0.1819 -0.9357 -0.3024
vn -0.0204 -0.9620 -0.2724
vn 0.1463 -0.8365 0.5281
vn 0.1560 -0.6481 0.7455
vn 0.0900 -0.7081 0.7004
vn 0.1101 -0.5843 0.8040
vn 0.1872 -0.5715 0.7990
vn 0.1036 -0.9827 0.1536
vn 0.1943 -0.9796 0.0516
vn 0.0618 -0.9316 0.3581
vn 0.1280 -0.8456 0.5182
vn 0.2854 -0.9344 -0.2130
vn 0.2205 -0.9028 -0.3694
vn 0.1417 -0.9529 -0.2680
vn -0.1844 -0.8466 -0.4992
vn 0.0268 -0.9619 -0.2721
vn 0.0953 -0.6614 -0.7440
vn -0.1674 -0.6130 -0.7722
vn 0.1194 -0.5332 -0.8375
vn 0.2061 -0.3564 -0.9113
vn -0.3445 -0.3170 -0.8836
vn -0.0085 -0.3410 -0.9400
vn -0.2570 -0.2816 -0.9245
vn -0.3892 -0.3136 -0.8661
vn -0.3311 -0.3004 -0.8945
vn 0.0353 -0.5090 -0.8600
vn -0.0336 -0.4773 -0.8781
vn -0.1065 -0.3979 -0.9112
vn -0.2029 -0.3279 -0.9226
vn 0.5903 -0.3695 -0.7176
vn 0.7228 -0.4328 -0.5388
vn 0.9096 -0.2681 -0.3174
vn 0.9833 -0.1367 0.1200
vn 0.1255 -0.4569 -0.8806
vn 0.3982 -0.3972 -0.8268
vn 0.2351 -0.0324 0.9714
vn 0.1621 -0.1685 0.9723
vn 0.9958 0.0005 -0.0921
vn 0.9884 -0.1424 -0.0534
vn 0.9822 -0.0352 0.1845
vn 0.9983 -0.0557 -0.0197
vn 0.9654 0.0202 -0.2601
vn 0.9612 0.1416 -0.2367
vn -0.0626 0.0200 0.9978
vn -0.1808 0.0068 0.9835
vn -0.1219 0.0239 0.9923
vn -0.1254 0.0576 0.9904
vn -0.1498 0.0055 0.9887
vn -0.0600 0.0007 0.9982
vn -0.2337 0.0706 0.9697
vn 0.0522 0.0170 0.9985
vn -0.0699 0.0473 0.9964
vn 0.1148 0.0037 0.9934
vn 0.4154 -0.0521 0.9082
vn 0.3495 -0.0497 0.9356
vn 0.1524 -0.0337 0.9877
vn 0.0449 -0.0376 0.9983
vn 0.8564 0.0979 0.5069
vn 0.7182 -0.0181 0.6956
vn 0.8071 0.0202 0.5900
vn 0.4854 -0.0403 0.8734
vn 0.9130 0.0115 0.4079
vn 0.9350 0.0755 0.3464
vn 0.9509 0.2624 -0.1642
vn 0.9186 0.3495 -0.1848
vn 0.9417 0.2161 -0.2578
vn 0.8538 0.2861 -0.4349
vn 0.7987 0.4056 -0.4445
vn 0.9960 0.0860 -0.0258
vn 0.9995 0.0225 -0.0230
vn 0.9758 -0.0277 0.2171
vn 0.9615 -0.0206 0.2740
vn 0.9574 0.0827 -0.2767
vn -0.3671 -0.3718 0.8526
vn -0.3293 -0.3613 0.8723
vn -0.2816 -0.2245 0.9329
vn -0.1824 -0.3017 0.9358
vn 0.0938 -0.4643 0.8807
vn -0.0453 -0.4496 0.8921
vn -0.0526 -0.4636 0.8845
vn -0.0838 -0.7379 0.6697
vn -0.0827 -0.6172 0.7824
vn 0.1265 -0.4365 0.8908
vn 0.2144 -0.9635 -0.1605
vn 0.0239 -0.9919 0.1246
vn -0.0187 -0.9008 0.4339
vn -0.0754 -0.9357 0.3446
vn 0.0021 -0.8662 0.4996
vn -0.0130 -0.7597 -0.6502
vn 0.2890 -0.8633 -0.4138
vn 0.1395 -0.7290 -0.6701
vn 0.2922 -0.6903 -0.6619
vn 0.2862 -0.3327 -0.8986
vn 0.0884 -0.4751 -0.8755
vn 0.1832 -0.6123 -0.7691
vn 0.0998 -0.5232 -0.8463
vn 0.1859 -0.7045 -0.6850
vn 0.2731 -0.7287 -0.6280
vn 0.0876 -0.1668 -0.9821
vn -0.3449 -0.1705 -0.9230
vn -0.1228 -0.0431 -0.9915
vn -0.1275 -0.1603 -0.9788
vn 0.1016 -0.3581 -0.9282
vn -0.0554 -0.2599 -0.9640
vn -0.0024 -0.2706 -0.9627
vn 0.5092 -0.2045 -0.8360
vn 0.7792 -0.2998 -0.5504
vn 0.6897 -0.1175 -0.7145
vn 0.8196 -0.1645 -0.5487
vn 0.9919 -0.1035 -0.0736
vn 0.9239 -0.1317 -0.3593
vn 0.2859 -0.2021 -0.9367
vn -0.0968 -0.1540 0.9833
vn -0.0662 -0.0312 0.9973
vn 0.9344 0.1616 -0.3173
vn 0.8589 0.1820 -0.4787
vn 0.9789 -0.0580 -0.1961
vn 0.8674 0.1165 -0.4838
vn 0.8455 0.4157 -0.3351
vn -0.2024 -0.0518 0.9779
vn -0.1614 -0.2189 0.9623
vn 0.0189 0.0096 0.9998
vn -0.0627 0.0225 0.9978
vn -0.1385 -0.0111 0.9903
vn -0.1398 -0.0000 0.9902
vn -0.0582 -0.0176 0.9981
vn -0.0211 -0.0236 0.9995
vn -0.0099 -0.0101 0.9999
vn 0.0553 -0.0267 0.9981
vn 0.3526 -0.0203 0.9356
vn -0.0770 -0.0043 0.9970
vn 0.8334 -0.0558 0.5498
vn 0.6199 -0.0211 0.7844
vn 0.7520 -0.0392 0.6580
vn 0.9423 -0.1038 0.3182
vn 0.8030 0.4329 -0.4095
vn 0.7573 0.4123 -0.5065
vn 0.8641 0.1364 -0.4845
vn 0.6643 0.3481 -0.6615
vn 0.7655 0.1788 -0.6182
vn 0.5001 0.4710 -0.7266
vn 0.5991 0.5361 -0.5947
vn 0.9599 0.0119 -0.2802
vn 0.9955 -0.0090 -0.0939
vn 0.9920 -0.0669 0.1067
vn 0.9489 0.0408 -0.3129
vn 0.9938 -0.0912 0.0642
vn 0.9724 -0.0987 0.2115
vn 0.9707 -0.0978 0.2194
vn 0.8447 0.0052 -0.5352
vn -0.2604 -0.3516 0.8992
vn 0.3204 -0.3474 0.8813
vn 0.2284 -0.4041 0.8857
vn 0.1842 -0.3937 0.9006
vn -0.0925 -0.3002 0.9494
vn -0.3474 -0.2222 0.9110
vn -0.2997 -0.3753 0.8771
vn -0.2910 -0.4315 0.8539
vn -0.3421 -0.6420 0.6862
vn -0.4143 -0.7315 0.5414
vn -0.2676 -0.8484 0.4566
vn -0.1090 -0.8357 0.5382
vn -0.2982 -0.4995 0.8133
vn 0.0297 -0.2569 0.9660
vn 0.2224 -0.2763 0.9350
vn -0.1039 -0.9898 0.0970
vn 0.0989 -0.9756 -0.1960
vn 0.2500 -0.9062 -0.3412
vn -0.1346 -0.8740 0.4669
vn -0.3714 -0.9147 0.1592
vn 0.2841 -0.8220 -0.4936
vn 0.1746 -0.3792 -0.9087
vn 0.1586 -0.2106 -0.9646
vn 0.2814 -0.1635 -0.9455
vn -0.1637 -0.3337 -0.9283
vn 0.0336 -0.4248 -0.9047
vn 0.0797 -0.5898 -0.8036
vn 0.0252 -0.7248 -0.6885
vn -0.0655 -0.4898 -0.8694
vn 0.1789 -0.8702 -0.4590
vn 0.1102 -0.8413 -0.5292
vn -0.0746 -0.8286 -0.5549
vn 0.2637 -0.0427 -0.9636
vn 0.0989 -0.0595 -0.9933
vn -0.2931 0.0974 -0.9511
vn -0.2764 -0.0375 -0.9603
vn -0.1628 0.2253 -0.9606
vn 0.2184 0.0684 -0.9735
vn 0.0441 0.0786 -0.9959
vn 0.1470 -0.0414 -0.9883
vn -0.0343 0.0703 -0.9969
vn 0.1481 -0.1426 -0.9786
vn 0.4267 -0.1214 -0.8962
vn 0.4556 -0.0572 -0.8884
vn 0.6175 -0.0368 -0.7857
vn 0.7655 -0.0301 -0.6428
vn 0.8765 0.0113 -0.4814
vn 0.7337 0.2317 -0.6387
vn 0.7123 0.4465 -0.5415
vn 0.7718 0.1978 -0.6043
vn 0.6499 0.2110 -0.7301
vn 0.5674 0.3803 -0.7304
vn 0.4463 0.6000 -0.6640
vn 0.0115 -0.3507 0.9364
vn 0.1006 -0.0966 0.9902
vn 0.0261 0.0689 0.9973
vn -0.0128 0.0776 0.9969
vn 0.0154 0.0688 0.9975
vn -0.2001 0.0659 0.9776
vn -0.1327 -0.0167 0.9910
vn -0.1784 0.0588 0.9822
vn -0.3670 0.0718 0.9275
vn -0.2343 0.0040 0.9722
vn 0.0751 -0.0244 0.9969
vn 0.6512 -0.1074 0.7513
vn 0.6204 -0.0601 0.7820
vn 0.1041 -0.0027 0.9946
vn 0.4211 0.0018 0.9070
vn 0.2086 0.0155 0.9779
vn 0.2085 0.0084 0.9780
vn -0.1968 0.0534 0.9790
vn 0.7800 -0.0766 0.6210
vn 0.9155 -0.1159 0.3853
vn 0.9843 -0.1480 0.0959
vn 0.5962 0.5233 -0.6089
vn 0.5104 0.6106 -0.6055
vn 0.5961 0.1219 -0.7936
vn 0.4140 0.2613 -0.8720
vn 0.6809 0.0203 -0.7321
vn 0.3607 0.5507 -0.7527
vn 0.2805 0.5118 -0.8120
vn 0.2647 0.4245 -0.8659
vn 0.3119 0.5713 -0.7592
vn 0.8059 -0.0118 -0.5919
vn 0.9652 -0.0974 -0.2428
vn 0.9475 0.0305 -0.3183
vn 0.9179 -0.0427 -0.3944
vn 0.8263 -0.0231 -0.5627
vn 0.3350 -0.3601 0.8707
vn 0.2202 -0.2700 0.9373
vn -0.3229 -0.0959 0.9416
vn -0.1372 -0.1658 0.9766
vn -0.5507 -0.1254 0.8252
vn -0.4938 -0.2404 0.8357
vn -0.5168 -0.2884 0.8061
vn -0.5969 -0.5337 0.5990
vn -0.5323 -0.4113 0.7399
vn -0.5521 -0.5296 0.6439
vn -0.6350 -0.5329 0.5592
vn -0.4611 -0.7947 0.3947
vn -0.1033 -0.8610 0.4980
vn -0.5094 -0.8041 0.3063
vn -0.0083 -0.1292 0.9916
vn -0.2222 -0.0550 0.9735
vn 0.0612 -0.0337 0.9976
vn 0.1688 -0.0900 0.9815
vn -0.1860 -0.9749 -0.1223
vn -0.1985 -0.9572 -0.2107
vn -0.0909 -0.9366 -0.3385
vn -0.4234 -0.9040 -0.0588
vn -0.5717 -0.7989 0.1869
vn -0.5699 -0.7887 0.2306
vn -0.0166 -0.3404 -0.9401
vn -0.1864 -0.1415 -0.9722
vn -0.0184 -0.0864 -0.9961
vn 0.0743 0.0011 -0.9972
vn 0.2453 -0.0208 -0.9692
vn -0.1037 -0.7293 -0.6763
vn -0.1495 -0.6365 -0.7567
vn -0.1313 -0.5396 -0.8316
vn -0.2048 -0.4787 -0.8538
vn -0.1465 -0.3292 -0.9328
vn -0.0951 -0.3747 -0.9222
vn -0.3528 -0.8781 -0.3232
vn 0.3015 0.1594 -0.9401
vn -0.3242 0.0835 -0.9423
vn -0.2414 0.1985 -0.9499
vn -0.1827 0.0941 -0.9786
vn -0.3515 0.1212 -0.9283
vn -0.3287 0.1854 -0.9261
vn 0.0097 0.2595 -0.9657
vn -0.2251 0.6648 -0.7123
vn -0.3258 0.3836 -0.8641
vn -0.1106 0.3361 -0.9353
vn 0.2075 0.2343 -0.9498
vn 0.1920 0.0326 -0.9808
vn 0.0903 0.2050 -0.9746
vn 0.0145 0.3406 -0.9401
vn 0.2668 0.0931 -0.9592
vn 0.4412 0.0712 -0.8946
vn 0.6050 0.0673 -0.7934
vn 0.7880 0.0765 -0.6109
vn 0.5582 0.4161 -0.7178
vn 0.4415 0.2846 -0.8509
vn 0.5664 0.3684 -0.7372
vn 0.3822 0.5067 -0.7728
vn 0.3152 0.5861 -0.7464
vn -0.0915 0.0491 0.9946
vn -0.0654 0.0937 0.9934
vn -0.0691 0.0894 0.9936
vn -0.3059 0.1066 0.9461
vn -0.6066 0.1877 0.7725
vn -0.3288 0.1784 0.9274
vn -0.2078 0.0497 0.9769
vn -0.4646 0.1690 0.8692
vn -0.5651 0.1680 0.8077
vn -0.4369 0.0744 0.8964
vn -0.3099 0.0406 0.9499
vn -0.3820 0.0524 0.9227
vn 0.2057 0.0442 0.9776
vn -0.0480 0.0147 0.9987
vn 0.7683 -0.0749 0.6357
vn 0.7019 -0.0812 0.7076
vn 0.6097 0.0983 0.7865
vn 0.0621 0.0254 0.9977
vn 0.1848 0.0302 0.9823
vn 0.4852 0.0008 0.8744
vn -0.1405 0.0392 0.9893
vn -0.4051 0.0700 0.9116
vn 0.8167 -0.0825 0.5712
vn 0.9234 -0.0865 0.3739
vn 0.9030 -0.1074 0.4161
vn 0.9784 -0.1766 -0.1071
vn 0.8931 -0.1421 0.4268
vn 0.9572 -0.2106 0.1987
vn 0.3601 0.0556 -0.9313
vn 0.4224 -0.0261 -0.9060
vn 0.1987 0.1933 -0.9608
vn 0.1405 0.0392 -0.9893
vn 0.2177 0.2864 -0.9330
vn 0.6405 -0.0356 -0.7672
vn 0.7120 -0.0212 -0.7019
vn 0.1476 0.5333 -0.8329
vn 0.0833 0.3471 -0.9341
vn 0.8623 -0.0324 -0.5054
vn 0.8938 -0.0802 -0.4413
vn 0.7717 0.0002 -0.6359
vn -0.6513 -0.0401 0.7578
vn -0.5475 -0.0019 0.8368
vn -0.2752 0.0357 0.9607
vn -0.4989 0.0350 0.8659
vn -0.7317 -0.2092 0.6487
vn -0.7427 -0.0729 0.6656
vn -0.7430 -0.3364 0.5787
vn -0.8166 -0.3184 0.4814
vn -0.8252 -0.3447 0.4474
vn -0.6745 -0.5751 0.4629
vn -0.7243 -0.5936 0.3508
vn -0.5669 -0.8086 0.1575
vn -0.6476 -0.7600 0.0548
vn -0.5293 -0.8419 -0.1054
vn -0.7497 -0.5931 0.2936
vn -0.7655 -0.5952 0.2445
vn -0.4502 -0.0834 -0.8890
vn -0.2847 0.0559 -0.9570
vn -0.3204 -0.2836 -0.9038
vn -0.0193 0.1746 -0.9845
vn -0.1302 0.0098 -0.9914
vn 0.1744 0.1386 -0.9749
vn -0.2695 -0.8495 -0.4536
vn -0.2289 -0.8466 -0.4805
vn -0.2407 -0.7424 -0.6252
vn -0.3439 -0.5657 -0.7495
vn -0.2867 -0.4229 -0.8596
vn -0.5395 -0.8215 -0.1845
vn 0.1697 0.3701 -0.9133
vn 0.1234 0.3115 -0.9422
vn -0.2030 0.2770 -0.9392
vn 0.0659 0.4488 -0.8912
vn -0.2576 0.5007 -0.8264
vn -0.1557 0.7016 -0.6954
vn -0.1127 0.5999 -0.7921
vn -0.1233 0.6500 -0.7499
vn 0.1112 0.3614 -0.9258
vn 0.1923 0.4707 -0.8611
vn -0.0983 0.4070 -0.9081
vn -0.0164 0.6090 -0.7930
vn 0.2712 0.2423 -0.9315
vn 0.2885 0.5139 -0.8079
vn 0.1424 0.6156 -0.7751
vn -0.4606 0.1413 0.8763
vn -0.5354 0.1011 0.8385
vn -0.5860 0.1517 0.7960
vn -0.5732 0.2018 0.7942
vn -0.6841 0.1554 0.7126
vn -0.6516 0.1633 0.7408
vn -0.5518 0.0859 0.8295
vn -0.5299 0.0977 0.8424
vn -0.0315 0.0488 0.9983
vn -0.1285 0.0705 0.9892
vn -0.2445 0.0047 0.9696
vn -0.1629 0.0486 0.9854
vn 0.8290 -0.1064 0.5490
vn 0.7645 -0.0255 0.6442
vn 0.7667 -0.0288 0.6414
vn 0.7250 -0.0069 0.6887
vn 0.6385 -0.0034 0.7696
vn 0.1061 0.0614 0.9925
vn 0.2908 0.0244 0.9565
vn -0.0164 0.0989 0.9950
vn 0.3522 0.0357 0.9353
vn 0.3381 0.0621 0.9391
vn 0.6078 0.0247 0.7937
vn 0.4951 0.0244 0.8685
vn -0.5294 0.0548 0.8466
vn -0.6276 0.1337 0.7670
vn -0.3593 0.0936 0.9285
vn -0.4908 0.0940 0.8662
vn 0.9235 -0.1587 -0.3491
vn 0.9648 -0.2521 -0.0742
vn 0.9156 -0.2567 0.3096
vn 0.9045 -0.1292 0.4064
vn 0.8108 -0.0637 0.5818
vn 0.9484 -0.2988 -0.1061
vn 0.2644 -0.0279 -0.9640
vn 0.5948 -0.0323 -0.8032
vn 0.3330 -0.0070 -0.9429
vn -0.0373 0.0827 -0.9959
vn -0.0465 0.2007 -0.9786
vn 0.2395 0.0073 -0.9709
vn -0.0172 0.0255 -0.9995
vn 0.0034 -0.0585 -0.9983
vn 0.1450 -0.0516 -0.9881
vn 0.0244 0.6185 -0.7854
vn -0.0807 0.5829 -0.8085
vn -0.2085 0.4671 -0.8593
vn 0.6007 -0.0543 -0.7977
vn 0.8051 -0.1095 -0.5829
vn 0.4530 -0.0024 -0.8915
vn -0.8802 0.0271 0.4737
vn -0.7138 -0.0113 0.7003
vn -0.8013 0.0345 0.5973
vn -0.8504 0.0019 0.5262
vn -0.7140 0.0136 0.7000
vn -0.9168 -0.0023 0.3994
vn -0.8616 -0.1549 0.4833
vn -0.9235 -0.1380 0.3579
vn -0.8693 -0.3330 0.3653
vn -0.8841 -0.3385 0.3221
vn -0.8605 -0.4290 0.2749
vn -0.7948 -0.6027 0.0710
vn -0.7942 -0.6075 -0.0144
vn -0.7017 -0.7025 -0.1189
vn -0.8813 -0.3419 0.3262
vn -0.4645 0.0897 -0.8810
vn -0.6556 -0.1566 -0.7387
vn -0.6015 -0.0503 -0.7973
vn -0.4729 -0.2535 -0.8439
vn -0.2799 0.2197 -0.9346
vn -0.1551 0.1804 -0.9713
vn -0.0515 0.2228 -0.9735
vn 0.0223 0.4119 -0.9109
vn -0.5139 -0.8380 -0.1835
vn -0.4520 -0.8301 -0.3266
vn -0.4224 -0.7380 -0.5262
vn -0.5634 -0.6368 -0.5263
vn -0.5486 -0.5072 -0.6646
vn -0.5820 -0.3454 -0.7362
vn 0.1711 0.5152 -0.8398
vn 0.1749 0.5029 -0.8464
vn 0.1641 0.4549 -0.8753
vn 0.0131 0.4923 -0.8703
vn 0.1942 0.4979 -0.8452
vn -0.1315 0.5188 -0.8448
vn -0.2442 0.4683 -0.8491
vn 0.1108 0.5096 -0.8532
vn 0.1645 0.4415 -0.8821
vn 0.1283 0.5176 -0.8459
vn 0.3760 0.8592 -0.3470
vn -0.7335 0.0376 0.6786
vn -0.7184 0.1952 0.6677
vn -0.8348 0.2072 0.5101
vn -0.8168 0.1372 0.5603
vn -0.7038 0.1091 0.7020
vn -0.7838 0.0963 0.6135
vn -0.6543 0.0801 0.7520
vn -0.6330 0.0990 0.7678
vn -0.1487 0.0756 0.9860
vn -0.2527 0.0740 0.9647
vn 0.7525 -0.0075 0.6585
vn 0.6439 0.0248 0.7647
vn 0.2308 0.0560 0.9714
vn -0.1937 0.0816 0.9777
vn -0.0501 0.0907 0.9946
vn 0.2135 0.0382 0.9762
vn 0.4586 0.0561 0.8869
vn -0.6513 0.1250 0.7484
vn -0.5831 0.0957 0.8068
vn -0.7208 0.1183 0.6830
vn -0.7912 0.1268 0.5983
vn -0.3744 0.1105 0.9207
vn -0.5347 0.1257 0.8357
vn 0.8235 -0.2061 -0.5286
vn 0.8414 -0.2895 -0.4563
vn 0.9688 -0.1962 0.1514
vn 0.9846 -0.1565 0.0777
vn 0.8587 -0.0942 0.5037
vn 0.9682 -0.0915 0.2328
vn 0.8394 -0.0468 0.5415
vn 0.9479 -0.2204 -0.2298
vn 0.2165 -0.1683 -0.9617
vn 0.3126 -0.0005 -0.9499
vn -0.1290 -0.0203 -0.9914
vn -0.3162 0.2832 -0.9055
vn -0.2331 0.1730 -0.9569
vn -0.1635 -0.0318 -0.9860
vn 0.0930 -0.0956 -0.9911
vn -0.0235 -0.1557 -0.9875
vn -0.0662 -0.1270 -0.9897
vn -0.0387 -0.0994 -0.9943
vn -0.0836 -0.0492 -0.9953
vn 0.2492 -0.0355 -0.9678
vn 0.1526 -0.0815 -0.9849
vn -0.3278 0.3427 -0.8804
vn 0.3835 -0.0499 -0.9222
vn 0.4007 -0.0642 -0.9140
vn 0.5253 -0.0425 -0.8499
vn 0.6012 -0.1262 -0.7891
vn 0.6689 -0.1088 -0.7353
vn -0.9477 0.0462 0.3157
vn -0.9101 0.0125 0.4141
vn -0.9613 0.0480 0.2713
vn -0.9354 -0.1116 0.3356
vn -0.8990 -0.3319 0.2858
vn -0.9224 -0.3589 0.1431
vn -0.8348 -0.5355 -0.1281
vn -0.9341 -0.3374 0.1170
vn -0.5934 -0.7840 -0.1823
vn -0.6413 -0.0188 -0.7671
vn -0.4217 0.1104 -0.9000
vn -0.8148 -0.2180 -0.5373
vn -0.8897 -0.1451 -0.4329
vn -0.8280 -0.1089 -0.5500
vn -0.0515 0.3880 -0.9202
vn -0.0030 0.3712 -0.9286
vn -0.2823 0.2919 -0.9138
vn 0.0594 0.4234 -0.9040
vn 0.1481 0.5870 -0.7959
vn -0.7348 -0.5411 -0.4091
vn -0.7596 -0.3325 -0.5590
vn -0.7856 -0.4308 -0.4442
vn 0.1146 0.6007 -0.7912
vn 0.2102 0.4604 -0.8625
vn 0.1091 0.4346 -0.8940
vn 0.1255 0.2972 -0.9465
vn -0.1497 0.2828 -0.9474
vn -0.0396 0.2556 -0.9660
vn 0.2356 0.5156 -0.8238
vn 0.1735 0.2543 -0.9514
vn 0.1697 0.3275 -0.9295
vn -0.2390 0.2086 -0.9484
vn -0.2558 0.3778 -0.8898
vn -0.3345 0.2931 -0.8956
vn -0.8320 -0.1275 0.5399
vn -0.8575 -0.1677 0.4864
vn -0.8778 -0.1063 0.4670
vn -0.8949 -0.0373 0.4446
vn -0.8692 0.2089 0.4481
vn -0.8652 0.2389 0.4408
vn -0.9479 0.2051 0.2437
vn -0.9054 0.1105 0.4099
vn -0.8453 0.1204 0.5205
vn -0.9213 0.1614 0.3537
vn -0.8502 -0.0147 0.5263
vn 0.7418 0.0026 0.6706
vn 0.7720 -0.0170 0.6354
vn 0.7325 0.0018 0.6807
vn 0.6188 0.0219 0.7852
vn 0.4308 0.0584 0.9006
vn -0.2163 0.1289 0.9678
vn 0.1792 0.0668 0.9815
vn 0.0911 0.0995 0.9909
vn -0.1272 0.0966 0.9872
vn -0.2507 0.1564 0.9553
vn 0.2731 0.0629 0.9599
vn -0.7744 0.1210 0.6210
vn -0.6821 0.1193 0.7215
vn -0.6689 0.1417 0.7298
vn -0.9235 0.0981 0.3709
vn -0.9314 0.0668 0.3579
vn -0.8319 0.1369 0.5378
vn -0.4092 0.1324 0.9028
vn -0.5290 0.1499 0.8353
vn -0.6707 0.1444 0.7276
vn 0.6576 -0.1956 -0.7275
vn 0.8112 -0.2230 -0.5406
vn 0.9422 -0.1864 -0.2785
vn 0.9814 -0.1679 -0.0936
vn 0.8984 -0.0655 0.4342
vn 0.9816 -0.1540 0.1128
vn 0.7707 -0.0280 0.6366
vn -0.3367 0.1213 -0.9338
vn -0.1589 0.0138 -0.9872
vn -0.2773 0.1025 -0.9553
vn 0.0483 -0.1385 -0.9892
vn 0.2269 -0.1017 -0.9686
vn -0.0906 -0.1126 -0.9895
vn -0.2378 -0.0940 -0.9668
vn -0.2265 -0.1161 -0.9671
vn -0.1297 -0.0906 -0.9874
vn -0.0360 -0.1171 -0.9925
vn -0.0153 -0.1228 -0.9923
vn -0.0502 -0.1251 -0.9909
vn 0.0042 -0.0503 -0.9987
vn -0.0254 0.0060 -0.9997
vn -0.1175 0.0359 -0.9924
vn -0.2714 0.0256 -0.9621
vn 0.2576 -0.0889 -0.9621
vn 0.3252 -0.0805 -0.9422
vn 0.4747 -0.1073 -0.8736
vn 0.3773 -0.0998 -0.9207
vn -0.9323 -0.0796 0.3529
vn -0.9353 0.0064 0.3539
vn -0.9344 -0.0911 0.3445
vn -0.9581 -0.1615 0.2365
vn -0.9311 -0.3140 0.1859
vn -0.9009 -0.4071 -0.1508
vn -0.6866 0.0047 -0.7270
vn -0.4110 0.1074 -0.9053
vn -0.9171 -0.3185 -0.2396
vn -0.9238 -0.2255 -0.3094
vn -0.9742 -0.0815 -0.2103
vn -0.9671 -0.1312 -0.2178
vn -0.9486 -0.0248 -0.3154
vn 0.1827 0.5094 -0.8409
vn 0.2095 0.4692 -0.8579
vn -0.0539 0.4302 -0.9011
vn 0.1844 0.5770 -0.7956
vn -0.4723 0.3855 -0.7927
vn -0.2409 0.4385 -0.8658
vn -0.5301 0.2044 -0.8229
vn -0.0762 0.4760 -0.8761
vn 0.1528 0.6296 -0.7617
vn -0.9420 -0.3237 -0.0886
vn 0.0578 0.4993 -0.8645
vn 0.2915 0.3526 -0.8892
vn 0.2245 0.3218 -0.9198
vn 0.0317 0.3793 -0.9247
vn -0.0075 0.2610 -0.9653
vn 0.1827 0.0714 -0.9806
vn 0.0046 0.0814 -0.9967
vn -0.1560 0.0677 -0.9854
vn 0.1885 0.1074 -0.9762
vn 0.0976 -0.0643 -0.9931
vn 0.1184 0.0476 -0.9918
vn 0.1881 0.1223 -0.9745
vn -0.3086 0.2338 -0.9220
vn -0.0566 -0.0842 -0.9948
vn -0.7421 -0.5055 0.4402
vn -0.8899 -0.1646 0.4254
vn -0.9551 0.2641 0.1339
vn -0.9298 0.2559 0.2645
vn -0.9588 0.2560 0.1230
vn -0.9844 0.1742 -0.0246
vn -0.9905 0.1210 0.0655
vn -0.9468 0.1261 0.2962
vn -0.9822 0.1146 0.1487
vn -0.9522 -0.0163 0.3050
vn -0.9728 0.1049 0.2066
vn 0.7938 -0.0233 0.6078
vn 0.7977 -0.0051 0.6030
vn 0.6908 0.0237 0.7227
vn 0.8053 -0.0008 0.5928
vn 0.7634 -0.0051 0.6459
vn 0.4310 0.0498 0.9010
vn 0.5390 0.0548 0.8405
vn 0.2342 0.0867 0.9683
vn 0.0110 0.0786 0.9968
vn -0.2896 0.1102 0.9508
vn -0.3339 0.1481 0.9309
vn -0.1588 0.0793 0.9841
vn -0.7578 0.1305 0.6393
vn -0.9075 0.1033 0.4071
vn -0.8512 0.1091 0.5134
vn -0.8182 0.1601 0.5522
vn -0.7599 0.1422 0.6343
vn -0.9675 0.1059 0.2297
vn -0.9958 0.0292 0.0869
vn -0.9975 -0.0166 0.0689
vn -0.9823 0.0668 0.1747
vn -0.7426 0.1609 0.6501
vn -0.7255 0.1366 0.6746
vn -0.5263 0.1454 0.8378
vn -0.6429 0.1474 0.7517
vn -0.7319 0.1416 0.6665
vn 0.5800 -0.1863 -0.7930
vn 0.7657 -0.1921 -0.6139
vn 0.9309 -0.2003 -0.3056
vn 0.8518 -0.2048 -0.4822
vn 0.8976 -0.0870 0.4321
vn 0.9335 -0.2466 -0.2605
vn 0.9500 -0.1213 0.2878
vn 0.9811 -0.1698 0.0933
vn 0.8842 -0.0617 0.4630
vn 0.1844 -0.1026 -0.9775
vn -0.0276 -0.1206 -0.9923
vn 0.0798 -0.1225 -0.9893
vn -0.3428 -0.0248 -0.9391
vn -0.2762 -0.0568 -0.9594
vn -0.3027 -0.0687 -0.9506
vn -0.2555 -0.0830 -0.9632
vn 0.2926 -0.0698 -0.9537
vn -0.1466 -0.0947 -0.9847
vn 0.0782 -0.0553 -0.9954
vn -0.0044 0.0992 -0.9951
vn 0.0175 0.1402 -0.9900
vn -0.0042 0.0659 -0.9978
vn -0.1692 0.0532 -0.9842
vn -0.3073 0.1045 -0.9459
vn -0.3649 0.0800 -0.9276
vn -0.5604 0.0542 -0.8265
vn 0.5348 -0.1631 -0.8291
vn 0.4487 -0.2024 -0.8704
vn 0.3217 -0.1847 -0.9286
vn 0.7278 -0.2117 -0.6523
vn 0.3462 -0.1941 -0.9179
vn 0.3329 -0.1238 -0.9348
vn -0.9022 -0.0799 0.4238
vn -0.9268 -0.1376 0.3494
vn -0.8702 -0.0019 0.4926
vn -0.9117 -0.0906 0.4008
vn -0.9578 -0.2334 0.1680
vn -0.9103 0.0091 -0.4140
vn -0.7806 0.1280 -0.6117
vn -0.5929 0.1018 -0.7988
vn -0.9758 -0.1855 0.1159
vn -0.9870 -0.1578 0.0309
vn -0.9957 -0.0465 0.0807
vn -0.9971 -0.0281 -0.0714
vn 0.1801 0.5279 -0.8300
vn 0.1060 0.4631 -0.8799
vn 0.2012 0.2922 -0.9350
vn 0.1796 0.3560 -0.9171
vn 0.1770 0.4155 -0.8922
vn -0.4690 0.5314 -0.7054
vn -0.7088 0.4573 -0.5371
vn -0.7008 0.5351 -0.4718
vn -0.7094 0.3407 -0.6170
vn -0.3439 0.5036 -0.7926
vn -0.0274 0.4524 -0.8914
vn -0.2646 0.4173 -0.8694
vn -0.7523 0.2196 -0.6212
vn -0.8731 0.1138 -0.4741
vn 0.1177 0.3311 -0.9362
vn 0.0773 0.1718 -0.9821
vn -0.9448 -0.1323 0.2997
vn -0.9679 0.2323 0.0961
vn -0.9458 0.3125 0.0888
vn -0.9624 0.2645 -0.0627
vn -0.9189 0.3650 -0.1496
vn -0.9501 0.2054 -0.2349
vn -0.9335 0.0709 -0.3515
vn -0.9487 0.0967 -0.3010
vn -0.9884 0.0589 -0.1401
vn -0.9934 0.0378 -0.1080
vn -0.9711 0.1746 0.1628
vn -0.9769 0.0305 0.2115
vn -0.9649 0.2621 0.0177
vn -0.9785 0.2034 0.0340
vn -0.9826 0.0355 0.1825
vn 0.8493 -0.0228 0.5274
vn 0.6557 0.0196 0.7547
vn 0.8693 -0.0048 0.4942
vn 0.9100 -0.0210 0.4140
vn 0.7667 -0.0174 0.6417
vn 0.7509 -0.0181 0.6601
vn 0.8454 -0.0193 0.5338
vn 0.5567 0.0527 0.8290
vn 0.7301 -0.0113 0.6832
vn 0.1717 0.0668 0.9829
vn 0.1962 0.0669 0.9783
vn 0.3514 0.0634 0.9341
vn 0.4740 0.0554 0.8788
vn -0.0304 0.1144 0.9930
vn -0.4345 0.1331 0.8908
vn -0.2613 0.0991 0.9602
vn -0.9195 0.0953 0.3814
vn -0.8726 0.1117 0.4756
vn -0.8494 0.1482 0.5065
vn -0.8507 0.1753 0.4956
vn -0.9638 -0.0339 -0.2643
vn -0.9843 -0.0167 -0.1757
vn -0.9973 -0.0022 -0.0729
vn -0.9163 0.0881 0.3907
vn -0.8443 0.1601 0.5114
vn -0.5687 0.1419 0.8102
vn -0.8195 0.1394 0.5559
vn -0.6711 0.1398 0.7281
vn -0.8721 0.1663 0.4601
vn 0.7755 -0.2634 -0.5738
vn 0.9370 -0.1944 -0.2903
vn 0.8066 -0.3009 -0.5088
vn 0.9473 -0.2350 -0.2176
vn 0.9900 -0.1074 0.0911
vn 0.9459 -0.0590 0.3190
vn 0.1371 -0.1577 -0.9779
vn 0.0656 -0.1739 -0.9826
vn -0.0380 -0.1329 -0.9904
vn 0.2887 -0.1436 -0.9466
vn -0.6936 0.0321 -0.7196
vn -0.3963 -0.0334 -0.9175
vn -0.3316 -0.0318 -0.9429
vn -0.3608 -0.0362 -0.9319
vn -0.2762 -0.1322 -0.9520
vn -0.2893 -0.1502 -0.9454
vn -0.2124 -0.1134 -0.9706
vn -0.1544 -0.1159 -0.9812
vn 0.1376 0.1639 -0.9768
vn -0.0014 0.1560 -0.9878
vn -0.2296 0.0998 -0.9682
vn -0.5520 0.2077 -0.8075
vn -0.6624 0.1258 -0.7385
vn -0.5080 0.2906 -0.8109
vn -0.8596 0.1148 -0.4979
vn 0.2567 -0.2693 -0.9282
vn 0.5692 -0.3408 -0.7482
vn 0.2974 -0.1533 -0.9423
vn 0.1818 -0.2835 -0.9416
vn 0.3693 -0.1723 -0.9132
vn 0.4265 -0.1887 -0.8846
vn -0.8917 -0.0367 0.4511
vn -0.9211 -0.0566 0.3851
vn -0.9644 0.0129 0.2641
vn -0.9715 0.0242 -0.2356
vn -0.9455 -0.0433 0.3226
vn -0.9418 -0.0055 0.3361
vn -0.9982 0.0149 0.0576
vn 0.0465 0.2141 -0.9757
vn 0.3222 0.3128 -0.8935
vn -0.7277 0.4993 -0.4702
vn -0.5200 0.4890 -0.7003
vn -0.8485 0.4459 -0.2850
vn -0.9099 0.3351 -0.2446
vn -0.9028 0.3967 -0.1660
vn -0.9277 0.2343 -0.2906
vn -0.0628 0.3171 -0.9463
vn -0.5530 0.4287 -0.7144
vn -0.1311 0.2614 -0.9563
vn -0.3686 0.3154 -0.8745
vn -0.9924 0.0928 -0.0803
vn -0.8064 0.3237 -0.4949
vn -0.8888 0.3359 -0.3118
vn -0.8571 0.2220 -0.4649
vn -0.7739 0.2891 -0.5634
vn -0.8752 0.1883 -0.4457
vn -0.8471 0.1065 -0.5207
vn -0.8137 -0.0454 -0.5795
vn -0.9807 0.1436 0.1330
vn -0.8850 0.3467 -0.3109
vn -0.9510 0.2949 -0.0926
vn 0.5673 0.0443 0.8223
vn 0.6117 0.0416 0.7900
vn 0.5011 0.0457 0.8642
vn 0.7354 -0.0102 0.6775
vn 0.7929 -0.0204 0.6091
vn 0.7939 -0.0111 0.6080
vn 0.6780 0.0155 0.7349
vn 0.9780 -0.0645 0.1982
vn 0.9485 -0.0537 0.3123
vn 0.8163 -0.0312 0.5767
vn 0.8592 -0.0205 0.5112
vn 0.9178 -0.0383 0.3951
vn 0.1234 0.0912 0.9882
vn -0.1188 0.0955 0.9883
vn 0.2788 0.0839 0.9567
vn -0.4140 0.1364 0.9000
vn -0.5175 0.1435 0.8436
vn -0.5715 0.1364 0.8092
vn -0.2079 0.0925 0.9738
vn -0.8439 0.1414 0.5176
vn -0.8602 0.1341 0.4919
vn -0.9293 0.1490 0.3379
vn -0.9320 0.1601 0.3253
vn -0.8785 -0.0762 -0.4716
vn -0.9747 0.0583 0.2158
vn -0.9622 -0.0155 -0.2720
vn -0.9968 0.0773 0.0179
vn -0.8859 -0.1084 -0.4511
vn -0.7094 0.1334 0.6921
vn -0.9519 0.1540 0.2648
vn -0.8240 0.1491 0.5466
vn -0.6099 0.1513 0.7779
vn -0.9160 0.1669 0.3649
vn 0.6746 -0.3196 -0.6654
vn 0.8472 -0.2790 -0.4521
vn 0.9682 -0.1660 -0.1873
vn 0.0833 -0.1488 -0.9854
vn -0.1556 -0.1152 -0.9811
vn -0.1086 -0.1038 -0.9887
vn -0.4927 -0.0297 -0.8697
vn -0.7400 -0.1271 -0.6605
vn -0.3147 -0.0784 -0.9459
vn -0.6650 -0.1624 -0.7290
vn -0.1525 -0.2414 -0.9584
vn -0.1257 -0.1748 -0.9766
vn -0.4309 -0.2454 -0.8684
vn -0.4632 -0.2504 -0.8501
vn -0.0746 -0.2549 -0.9641
vn -0.2813 -0.2401 -0.9291
vn -0.1221 -0.1340 -0.9834
vn -0.1098 -0.1311 -0.9853
vn -0.0413 -0.1555 -0.9870
vn -0.1471 -0.1111 -0.9829
vn -0.1833 0.2179 -0.9586
vn -0.3444 0.1450 -0.9276
vn -0.4880 0.1498 -0.8599
vn -0.7028 0.2185 -0.6770
vn 0.1779 -0.3093 -0.9342
vn 0.3825 -0.3677 -0.8476
vn 0.1731 -0.1660 -0.9708
vn 0.2097 -0.1482 -0.9665
vn 0.2931 -0.1814 -0.9387
vn 0.1547 -0.2749 -0.9489
vn 0.4274 -0.1688 -0.8882
vn 0.3575 -0.1645 -0.9193
vn -0.9700 0.0725 0.2320
vn -0.9775 0.1973 0.0750
vn -0.7431 0.4108 -0.5283
vn -0.5563 0.3318 -0.7618
vn -0.4076 0.2062 -0.8896
vn -0.7470 0.2881 -0.5992
vn 0.6248 0.0235 0.7804
vn 0.5129 0.0619 0.8562
vn 0.4376 0.0661 0.8967
vn 0.6879 0.0215 0.7255
vn 0.6735 0.0233 0.7388
vn 0.2846 0.1070 0.9527
vn 0.8055 0.0028 0.5926
vn 0.9933 -0.1081 -0.0415
vn 0.9895 -0.0719 0.1250
vn 0.9907 -0.0963 0.0964
vn 0.9886 -0.0883 0.1221
vn 0.9232 -0.0300 0.3831
vn 0.8505 -0.0091 0.5259
vn 0.9319 -0.0456 0.3598
vn 0.9600 -0.0412 0.2768
vn 0.9210 -0.0182 0.3892
vn -0.0578 0.0909 0.9942
vn -0.0426 0.1014 0.9939
vn 0.0328 0.1028 0.9942
vn 0.0162 0.1269 0.9918
vn -0.5130 0.1561 0.8441
vn -0.3770 0.1252 0.9177
vn -0.1585 0.1187 0.9802
vn -0.9947 0.0966 -0.0364
vn -0.9923 0.1162 0.0425
vn -0.9639 0.0152 -0.2659
vn -0.8554 -0.1150 -0.5050
vn -0.8364 -0.0913 -0.5405
vn -0.9602 0.0524 -0.2745
vn -0.6928 0.1551 0.7043
vn -0.8351 0.1621 0.5258
vn -0.8057 0.1560 0.5714
vn -0.9944 0.1025 0.0255
vn -0.9789 0.1401 0.1486
vn -0.9096 0.1374 0.3921
vn -0.9499 0.1351 0.2819
vn -0.5529 0.1565 0.8184
vn 0.4551 -0.2766 -0.8464
vn 0.7293 -0.2573 -0.6339
vn 0.8881 -0.2173 -0.4051
vn 0.9432 -0.1463 -0.2982
vn 0.0207 -0.1049 -0.9943
vn -0.6417 -0.1871 -0.7438
vn 0.1262 -0.2271 -0.9657
vn -0.6749 -0.1761 -0.7166
vn -0.6819 -0.1349 -0.7189
vn -0.4790 -0.1922 -0.8565
vn -0.3186 -0.2395 -0.9171
vn -0.0225 -0.2426 -0.9699
vn -0.3239 -0.2093 -0.9226
vn 0.1577 -0.1412 -0.9773
vn -0.0511 -0.1483 -0.9876
vn 0.1781 -0.2395 -0.9544
vn 0.3055 -0.1649 -0.9378
vn 0.0642 -0.1102 -0.9918
vn -0.0724 -0.1118 -0.9911
vn 0.0827 -0.1437 -0.9862
vn 0.1167 -0.2946 -0.9485
vn 0.2671 -0.1596 -0.9504
vn 0.0353 -0.1564 -0.9871
vn 0.3784 -0.1983 -0.9042
vn 0.2608 -0.2240 -0.9390
vn 0.3609 -0.1697 -0.9170
vn 0.6542 0.0095 0.7563
vn 0.5042 0.0585 0.8616
vn 0.7102 0.0085 0.7040
vn 0.7390 0.0064 0.6737
vn 0.3342 0.0745 0.9396
vn 0.9173 -0.0450 0.3956
vn 0.9486 -0.1455 -0.2811
vn 0.9511 -0.1484 -0.2709
vn 0.9958 -0.0903 0.0150
vn 0.9542 -0.1443 -0.2622
vn 0.9708 -0.1384 -0.1957
vn 0.9690 -0.1548 -0.1924
vn 0.9678 -0.1635 -0.1916
vn 0.9944 -0.0965 0.0433
vn 0.9352 -0.0544 0.3499
vn 0.8559 -0.0772 0.5113
vn 0.9928 -0.0774 0.0915
vn 0.9718 -0.0499 0.2304
vn 0.9920 -0.1137 -0.0553
vn 0.9739 -0.0415 0.2229
vn -0.2045 0.1177 0.9718
vn -0.2394 0.1274 0.9625
vn 0.1658 0.1140 0.9795
vn -0.0329 0.1419 0.9893
vn -0.3049 0.1309 0.9433
vn -0.3025 0.1369 0.9433
vn -0.5475 0.1486 0.8235
vn -0.5223 0.1292 0.8429
vn -0.3625 0.1258 0.9235
vn -0.8964 -0.0131 -0.4430
vn -0.9511 0.0453 -0.3057
vn -0.9756 0.0441 -0.2153
vn -0.9039 0.0190 -0.4272
vn -0.9471 0.0505 -0.3170
vn -0.9292 0.0284 -0.3685
vn -0.8591 -0.0500 -0.5093
vn -0.8738 -0.0183 -0.4859
vn -0.6619 0.1486 0.7347
vn -0.8077 0.1430 0.5720
vn -0.9823 0.0686 -0.1745
vn -0.9828 0.0786 -0.1669
vn -0.9944 0.0906 -0.0540
vn -0.8429 0.1274 0.5227
vn -0.9251 0.1200 0.3601
vn -0.9903 0.0821 0.1120
vn -0.9852 0.0915 0.1449
vn 0.2750 -0.2542 -0.9272
vn 0.6465 -0.1953 -0.7375
vn 0.8444 -0.1669 -0.5091
vn 0.2317 -0.1640 -0.9589
vn -0.7131 -0.1074 -0.6928
vn -0.5782 -0.1509 -0.8018
vn -0.3253 -0.1808 -0.9282
vn -0.0472 -0.2055 -0.9775
vn -0.5813 -0.1466 -0.8003
vn 0.2588 -0.1419 -0.9554
vn 0.2873 -0.1631 -0.9439
vn -0.0927 -0.1097 -0.9896
vn -0.1144 -0.1370 -0.9839
vn 0.0209 -0.1193 -0.9926
vn -0.0919 -0.1232 -0.9881
vn -0.1142 -0.1149 -0.9868
vn 0.1401 -0.1245 -0.9823
vn 0.1614 -0.0824 -0.9834
vn 0.0370 -0.1896 -0.9812
vn 0.1306 -0.1379 -0.9818
vn -0.1629 -0.2026 -0.9656
vn 0.0090 -0.2128 -0.9771
vn 0.0537 -0.1833 -0.9816
vn 0.3707 -0.2153 -0.9035
vn 0.1757 -0.1778 -0.9682
vn 0.1263 -0.2909 -0.9484
vn 0.6402 0.0225 0.7678
vn 0.5853 0.0346 0.8101
vn 0.4712 0.0594 0.8800
vn 0.5934 0.0315 0.8043
vn 0.6667 0.0087 0.7453
vn 0.7688 -0.0564 0.6370
vn 0.8517 -0.1083 0.5128
vn 0.4196 0.0534 0.9061
vn 0.8372 -0.1709 -0.5196
vn 0.8458 -0.1795 -0.5024
vn 0.8583 -0.1715 -0.4836
vn 0.8546 -0.1710 -0.4904
vn 0.8535 -0.1915 -0.4847
vn 0.8754 -0.2023 -0.4391
vn 0.9683 -0.1475 -0.2016
vn 0.9896 -0.0978 0.1051
vn 0.9791 -0.1560 0.1303
vn 0.9106 -0.1208 0.3953
vn 0.9932 -0.0859 0.0781
vn 0.9658 -0.1385 -0.2192
vn 0.9719 -0.1276 -0.1980
vn 0.9135 -0.1620 -0.3733
vn 0.9214 -0.1671 -0.3510
vn -0.4652 0.1416 0.8738
vn -0.1001 0.1446 0.9844
vn 0.1278 0.0897 0.9877
vn -0.0566 0.1305 0.9898
vn -0.2507 0.1425 0.9575
vn -0.4372 0.1384 0.8887
vn -0.5147 0.1393 0.8460
vn -0.4715 0.1392 0.8708
vn -0.6695 0.1371 0.7301
vn -0.5595 0.1260 0.8192
vn -0.7832 -0.0766 -0.6171
vn -0.8575 0.0119 -0.5143
vn -0.7895 -0.0359 -0.6127
vn -0.7648 0.0052 -0.6442
vn -0.7896 -0.0686 -0.6098
vn -0.7886 -0.0571 -0.6123
vn -0.8553 -0.0030 -0.5181
vn -0.8880 0.0309 -0.4587
vn -0.8849 -0.0121 -0.4657
vn -0.8851 0.0338 -0.4641
vn -0.8989 0.0098 -0.4381
vn -0.9065 -0.0199 -0.4218
vn -0.9441 0.0306 -0.3283
vn -0.9785 0.1000 -0.1802
vn -0.7685 0.1396 0.6245
vn -0.8674 0.1468 0.4755
vn -0.8473 0.1375 0.5129
vn -0.8402 0.1378 0.5245
vn -0.9935 0.1031 0.0490
vn -0.9791 0.0945 0.1800
vn -0.9486 0.0924 0.3027
vn -0.9604 0.0956 0.2619
vn -0.8642 0.1135 0.4902
vn -0.9576 0.1179 0.2629
vn 0.1673 -0.1493 -0.9745
vn 0.3594 -0.1905 -0.9135
vn 0.6220 -0.1644 -0.7656
vn 0.0693 -0.1617 -0.9844
vn 0.2006 -0.1951 -0.9601
vn 0.3654 -0.1944 -0.9103
vn -0.5706 -0.1266 -0.8114
vn -0.5690 -0.1243 -0.8129
vn -0.5095 -0.1600 -0.8454
vn -0.1624 -0.2110 -0.9639
vn -0.3483 -0.2014 -0.9155
vn -0.0834 -0.2221 -0.9714
vn 0.1581 -0.1952 -0.9679
vn -0.0827 -0.0994 -0.9916
vn -0.1231 -0.1407 -0.9824
vn -0.1149 -0.1404 -0.9834
vn 0.0129 -0.1046 -0.9944
vn 0.0350 -0.2004 -0.9791
vn -0.2679 -0.1113 -0.9570
vn -0.2042 -0.0796 -0.9757
vn -0.0033 -0.1063 -0.9943
vn 0.1249 -0.1590 -0.9793
vn 0.1062 -0.1714 -0.9795
vn -0.0919 -0.2125 -0.9728
vn 0.0260 -0.2122 -0.9769
vn -0.1225 -0.1203 -0.9852
vn -0.0692 -0.1404 -0.9877
vn 0.2628 -0.1387 -0.9548
vn 0.3584 -0.1687 -0.9182
vn 0.1147 -0.1305 -0.9848
vn -0.0708 -0.1378 -0.9879
vn -0.0287 -0.1232 -0.9920
vn 0.3475 -0.2376 -0.9071
vn 0.7537 -0.0948 0.6503
vn 0.6623 -0.0964 0.7430
vn 0.2812 0.0968 0.9547
vn 0.5747 0.0412 0.8173
vn 0.6197 0.0297 0.7843
vn 0.5524 -0.0052 0.8335
vn 0.3229 0.0542 0.9449
vn 0.4223 0.0174 0.9063
vn 0.8774 -0.1996 0.4363
vn 0.7820 -0.1507 0.6048
vn 0.7552 -0.1313 0.6422
vn 0.9094 -0.1399 0.3917
vn 0.9032 -0.1773 0.3908
vn 0.6131 -0.1876 -0.7674
vn 0.6249 -0.2071 -0.7527
vn 0.6627 -0.1900 -0.7244
vn 0.6477 -0.1904 -0.7377
vn 0.6670 -0.2234 -0.7108
vn 0.7079 -0.2412 -0.6638
vn 0.9011 -0.1859 -0.3918
vn 0.9829 -0.1509 -0.1052
vn 0.9741 -0.1344 -0.1817
vn 0.9775 -0.1516 -0.1469
vn 0.9277 -0.1737 0.3304
vn 0.9521 -0.2432 -0.1854
vn 0.9556 -0.2144 0.2021
vn 0.9488 -0.3158 -0.0021
vn 0.8487 -0.1918 -0.4928
vn 0.8229 -0.2015 -0.5313
vn 0.8599 -0.1678 -0.4821
vn 0.7543 -0.1921 -0.6278
vn 0.7338 -0.2208 -0.6425
vn 0.7620 -0.2121 -0.6118
vn -0.5473 0.1309 0.8266
vn -0.5929 0.1501 0.7911
vn -0.1909 0.1078 0.9757
vn -0.3999 0.1590 0.9027
vn -0.4016 0.1489 0.9036
vn 0.0892 0.0814 0.9927
vn -0.5372 0.1540 0.8293
vn -0.5823 0.1739 0.7941
vn -0.5988 0.1477 0.7872
vn -0.6170 0.1403 0.7744
vn -0.6176 0.1253 0.7764
vn -0.6732 0.1472 0.7246
vn -0.5858 -0.0320 -0.8099
vn -0.6158 -0.1045 -0.7809
vn -0.6636 -0.0587 -0.7458
vn -0.6006 -0.0312 -0.7990
vn -0.7170 -0.0604 -0.6944
vn -0.7157 -0.0845 -0.6933
vn -0.6770 -0.0379 -0.7350
vn -0.6882 -0.0399 -0.7244
vn -0.6904 -0.0723 -0.7198
vn -0.7308 -0.1022 -0.6748
vn -0.7432 -0.0726 -0.6651
vn -0.9024 0.0180 -0.4306
vn -0.8627 -0.0154 -0.5055
vn -0.9218 0.0140 -0.3874
vn -0.7202 0.1518 0.6770
vn -0.7420 0.1646 0.6499
vn -0.7444 0.1658 0.6468
vn -0.9214 -0.0378 -0.3868
vn -0.9902 -0.0081 -0.1394
vn -0.9956 0.0259 0.0902
vn -0.9908 -0.0550 -0.1234
vn -0.9782 0.0676 0.1963
vn -0.9623 0.0888 0.2569
vn -0.9162 0.0850 0.3915
vn -0.8208 0.1079 0.5609
vn -0.8801 0.0738 0.4691
vn 0.4021 -0.1580 -0.9019
vn 0.1619 -0.1637 -0.9731
vn 0.0804 -0.1793 -0.9805
vn -0.0186 -0.1449 -0.9893
vn 0.4070 -0.2076 -0.8895
vn 0.2423 -0.2082 -0.9476
vn 0.1140 -0.1942 -0.9743
vn 0.3870 -0.2180 -0.8960
vn -0.3292 -0.1685 -0.9291
vn -0.0663 -0.1654 -0.9840
vn -0.1599 -0.0840 -0.9836
vn 0.1675 -0.1636 -0.9722
vn -0.0808 -0.1408 -0.9867
vn -0.0524 -0.1962 -0.9792
vn -0.0323 -0.2062 -0.9780
vn -0.0747 -0.2859 -0.9553
vn -0.0855 -0.2704 -0.9590
vn -0.0866 -0.2417 -0.9665
vn -0.0192 -0.2511 -0.9678
vn -0.4463 -0.0862 -0.8907
vn -0.4863 -0.0938 -0.8687
vn -0.4585 -0.0919 -0.8839
vn 0.3366 -0.2274 -0.9138
vn 0.3925 -0.2117 -0.8951
vn 0.2047 -0.1815 -0.9618
vn -0.0725 -0.1493 -0.9861
vn 0.0227 -0.1816 -0.9831
vn 0.6704 -0.1565 0.7253
vn 0.6401 -0.1005 0.7617
vn 0.3852 0.0405 0.9220
vn 0.5101 -0.0370 0.8593
vn 0.2712 0.0709 0.9599
vn 0.7685 -0.2008 0.6075
vn 0.8877 -0.2171 0.4061
vn 0.8464 -0.2790 0.4537
vn 0.3912 -0.1836 -0.9018
vn 0.3822 -0.2037 -0.9014
vn 0.4986 -0.1864 -0.8465
vn 0.3769 -0.1881 -0.9070
vn 0.3987 -0.2013 -0.8947
vn 0.4193 -0.2337 -0.8772
vn 0.5566 -0.2523 -0.7915
vn 0.4732 -0.2261 -0.8515
vn 0.9061 -0.2204 -0.3611
vn 0.8692 -0.1815 -0.4599
vn 0.9211 -0.1884 0.3407
vn 0.8107 -0.3522 -0.4677
vn 0.8444 -0.3890 -0.3684
vn 0.8668 -0.2585 -0.4264
vn 0.9495 -0.2138 0.2298
vn 0.9385 -0.3293 0.1037
vn 0.9142 -0.4018 -0.0531
vn 0.9177 -0.3971 -0.0133
vn 0.6265 -0.2315 -0.7442
vn 0.6687 -0.2161 -0.7115
vn 0.5253 -0.2441 -0.8152
vn 0.6921 -0.1931 -0.6955
vn 0.6123 -0.2011 -0.7646
vn 0.4682 -0.2489 -0.8478
vn -0.6509 0.1476 0.7447
vn -0.3234 0.1438 0.9353
vn -0.4285 0.1559 0.8900
vn -0.1203 0.0844 0.9891
vn -0.5364 0.1272 0.8343
vn 0.0259 0.0961 0.9950
vn -0.6518 0.1510 0.7432
vn -0.8007 0.1335 0.5840
vn -0.6833 0.1337 0.7178
vn -0.7459 0.1464 0.6498
vn -0.6384 0.1312 0.7584
vn -0.6004 -0.0634 -0.7972
vn -0.5845 -0.0616 -0.8090
vn -0.5886 -0.0691 -0.8055
vn -0.5830 -0.1086 -0.8052
vn -0.4233 -0.1444 -0.8944
vn -0.4218 -0.1796 -0.8887
vn -0.4152 -0.1675 -0.8942
vn -0.7356 -0.0591 -0.6749
vn -0.7359 -0.0566 -0.6747
vn -0.7401 -0.0614 -0.6696
vn -0.8973 -0.0983 -0.4302
vn -0.7764 -0.0773 -0.6255
vn -0.9985 0.0367 0.0411
vn -0.9796 0.0289 0.1991
vn -0.9218 -0.1749 -0.3459
vn -0.9491 0.0649 0.3083
vn -0.9273 0.0839 0.3649
vn -0.8174 0.1306 0.5610
vn -0.9529 0.0055 0.3031
vn -0.8635 0.0434 0.5024
vn -0.7986 0.0796 0.5966
vn 0.1426 -0.1795 -0.9734
vn 0.1931 -0.2125 -0.9579
vn -0.4321 -0.0876 -0.8976
vn -0.4333 -0.1024 -0.8954
vn -0.1400 -0.2024 -0.9693
vn 0.0853 -0.2398 -0.9671
vn -0.0352 -0.2821 -0.9587
vn -0.0415 -0.2869 -0.9571
vn -0.0605 -0.2956 -0.9534
vn -0.0072 -0.3354 -0.9421
vn -0.0822 -0.3204 -0.9437
vn -0.0790 -0.2989 -0.9510
vn -0.2079 -0.2035 -0.9567
vn -0.0764 -0.2843 -0.9557
vn 0.3086 -0.2470 -0.9185
vn 0.2421 -0.2598 -0.9348
vn 0.1673 -0.2295 -0.9588
vn -0.0836 -0.1509 -0.9850
vn -0.0618 -0.2018 -0.9775
vn 0.1126 -0.2372 -0.9649
vn 0.5477 -0.1569 0.8218
vn 0.5607 -0.0954 0.8225
vn 0.7143 -0.2654 0.6476
vn 0.5845 -0.2117 0.7833
vn 0.7070 -0.2522 0.6607
vn 0.5300 -0.0467 0.8467
vn 0.4013 0.0458 0.9148
vn 0.1265 0.1182 0.9849
vn 0.1706 0.1303 0.9767
vn 0.1372 0.1108 0.9843
vn 0.2044 0.1453 0.9680
vn 0.0183 0.1158 0.9931
vn 0.8120 -0.3110 0.4939
vn 0.7599 -0.2802 0.5865
vn 0.9039 -0.2245 0.3641
vn 0.8536 -0.3908 0.3444
vn 0.8421 -0.4239 0.3335
vn 0.8633 -0.4014 0.3059
vn 0.8461 -0.3602 0.3929
vn 0.1260 -0.1766 -0.9762
vn 0.1395 -0.1894 -0.9719
vn 0.1532 -0.2224 -0.9628
vn 0.4247 -0.2454 -0.8715
vn 0.1382 -0.2230 -0.9650
vn 0.4637 -0.2020 -0.8627
vn 0.1779 -0.2224 -0.9586
vn 0.7070 -0.2440 -0.6638
vn 0.6340 -0.4212 -0.6486
vn 0.6896 -0.3539 -0.6318
vn 0.7505 -0.4601 -0.4743
vn 0.8884 -0.4477 0.1013
vn 0.8939 -0.4476 -0.0270
vn 0.4175 -0.2601 -0.8706
vn 0.4721 -0.2371 -0.8491
vn 0.2598 -0.2851 -0.9226
vn 0.4479 -0.2934 -0.8446
vn 0.2286 -0.2173 -0.9490
vn 0.5078 -0.2343 -0.8290
vn -0.5134 0.1391 0.8468
vn -0.2350 0.1511 0.9602
vn -0.4635 0.1471 0.8738
vn -0.3809 0.1730 0.9083
vn -0.6201 0.1310 0.7735
vn -0.2400 0.1779 0.9543
vn -0.7397 0.1341 0.6594
vn -0.7134 0.1139 0.6915
vn -0.4634 -0.1295 -0.8766
vn -0.4979 -0.1397 -0.8559
vn -0.6495 -0.2188 -0.7282
vn -0.7858 -0.2583 -0.5619
vn -0.6601 -0.3282 -0.6757
vn -0.9704 -0.0448 0.2372
vn -0.9892 -0.0975 -0.1098
vn -0.7012 -0.3274 -0.6334
vn -0.8671 -0.2221 -0.4460
vn -0.9498 -0.0060 0.3127
vn -0.8926 -0.0063 0.4508
vn -0.7020 0.0712 0.7086
vn -0.7114 0.0464 0.7012
vn -0.8662 0.1252 0.4838
vn -0.7669 -0.0018 0.6418
vn -0.7029 0.0414 0.7101
vn 0.1778 -0.2523 -0.9512
vn 0.1486 -0.2645 -0.9529
vn -0.0810 -0.1746 -0.9813
vn 0.0224 -0.3246 -0.9456
vn -0.1352 -0.2089 -0.9686
vn -0.0510 -0.3136 -0.9482
vn -0.0605 -0.3060 -0.9501
vn -0.0738 -0.3291 -0.9414
vn -0.0633 -0.3169 -0.9463
vn -0.0368 -0.3499 -0.9361
vn -0.0132 -0.3855 -0.9226
vn 0.0585 -0.3813 -0.9226
vn 0.0390 -0.3661 -0.9298
vn -0.3296 -0.2472 -0.9112
vn -0.2206 -0.3455 -0.9121
vn 0.0650 -0.2494 -0.9662
vn 0.2929 -0.2661 -0.9183
vn 0.1574 -0.2402 -0.9579
vn 0.4187 -0.3141 -0.8521
vn 0.3259 -0.3162 -0.8910
vn -0.0853 -0.1750 -0.9809
vn -0.0385 -0.2165 -0.9755
vn 0.4379 -0.0614 0.8969
vn 0.4821 -0.0472 0.8748
vn 0.5482 -0.1192 0.8278
vn 0.4185 0.0482 0.9070
vn 0.4665 -0.0239 0.8842
vn 0.6830 -0.2421 0.6892
vn 0.7913 -0.4577 0.4055
vn 0.6451 -0.2237 0.7306
vn 0.7408 -0.2784 0.6113
vn 0.7399 -0.3008 0.6017
vn 0.6470 -0.1301 0.7513
vn 0.3081 0.1858 0.9331
vn -0.1452 0.1674 0.9751
vn 0.0413 0.1930 0.9803
vn 0.0946 0.2531 0.9628
vn -0.1527 0.1579 0.9756
vn 0.1184 0.2683 0.9560
vn 0.8176 -0.2900 0.4974
vn 0.8282 -0.3202 0.4599
vn 0.8246 -0.3620 0.4348
vn 0.8478 -0.3913 0.3580
vn 0.8116 -0.5014 0.2997
vn 0.8099 -0.4199 0.4095
vn 0.8416 -0.3401 0.4196
vn 0.2838 -0.3055 -0.9089
vn 0.5292 -0.3213 -0.7853
vn 0.5572 -0.4082 -0.7231
vn 0.5169 -0.4845 -0.7058
vn 0.5692 -0.4806 -0.6671
vn 0.5372 -0.4306 -0.7252
vn 0.8483 -0.4958 -0.1858
vn 0.8757 -0.4816 -0.0357
vn 0.8289 -0.5568 0.0531
vn 0.8416 -0.5274 -0.1164
vn 0.8381 -0.5223 0.1572
vn 0.8699 -0.4932 0.0086
vn 0.3397 -0.2963 -0.8927
vn 0.3264 -0.3538 -0.8765
vn -0.5451 0.1314 0.8280
vn -0.6027 0.1106 0.7903
vn -0.5154 0.1483 0.8440
vn -0.4574 0.1698 0.8729
vn -0.2348 0.1878 0.9537
vn -0.3642 0.1961 0.9104
vn -0.6655 0.0479 0.7449
vn -0.3755 -0.2486 -0.8928
vn -0.4460 -0.3459 -0.8255
vn -0.4592 -0.4103 -0.7879
vn -0.9726 -0.1268 0.1951
vn -0.9554 -0.1743 -0.2385
vn -0.8877 -0.1872 -0.4207
vn -0.8484 -0.1946 -0.4924
vn -0.6266 -0.3769 -0.6821
vn -0.4507 -0.4266 -0.7841
vn -0.6811 -0.2746 -0.6788
vn -0.9446 -0.0320 0.3266
vn -0.9424 -0.0524 0.3304
vn -0.8663 -0.0356 0.4982
vn -0.7095 0.0225 0.7043
vn -0.8016 -0.0448 0.5961
vn -0.7662 0.0270 0.6421
vn 0.1911 -0.3273 -0.9254
vn 0.0679 -0.2883 -0.9551
vn 0.0607 -0.3073 -0.9497
vn 0.1790 -0.3965 -0.9004
vn -0.0266 -0.3749 -0.9267
vn -0.1245 -0.3367 -0.9334
vn -0.0883 -0.3241 -0.9419
vn -0.0658 -0.3330 -0.9406
vn -0.0449 -0.3598 -0.9319
vn -0.0516 -0.3572 -0.9326
vn -0.0881 -0.3128 -0.9457
vn -0.0283 -0.3545 -0.9346
vn -0.1084 -0.3090 -0.9448
vn -0.0833 -0.4417 -0.8933
vn -0.2216 -0.4249 -0.8777
vn 0.1939 -0.4310 -0.8813
vn 0.0938 -0.3820 -0.9194
vn 0.0192 -0.3801 -0.9248
vn 0.5267 -0.0620 0.8478
vn 0.4460 0.1139 0.8878
vn 0.7177 -0.2642 0.6443
vn 0.6302 -0.1767 0.7561
vn 0.7131 -0.2319 0.6616
vn 0.7757 -0.2696 0.5707
vn 0.4348 0.2865 0.8537
vn 0.3610 0.3206 0.8757
vn 0.2187 0.3583 0.9076
vn -0.0178 0.2343 0.9720
vn -0.0160 0.2817 0.9594
vn -0.0290 0.3338 0.9422
vn 0.0593 0.3599 0.9311
vn 0.2233 0.4307 0.8744
vn 0.8498 -0.1626 0.5015
vn 0.8418 -0.2894 0.4556
vn 0.8056 -0.4143 0.4235
vn 0.8056 -0.4993 0.3190
vn 0.7822 -0.6180 0.0795
vn 0.8852 -0.2413 0.3978
vn 0.8400 -0.3600 0.4060
vn 0.4754 -0.3913 -0.7880
vn 0.0450 -0.2415 -0.9693
vn 0.5385 -0.3903 -0.7468
vn 0.7260 -0.5621 -0.3962
vn 0.4249 -0.4349 -0.7939
vn 0.6422 -0.5975 -0.4803
vn 0.3417 -0.5261 -0.7788
vn 0.4523 -0.4216 -0.7859
vn 0.7591 -0.6105 0.2259
vn 0.7785 -0.5892 -0.2163
vn 0.8069 -0.5895 0.0376
vn 0.4276 -0.3510 -0.8331
vn 0.3483 -0.3644 -0.8637
vn -0.5786 0.0991 0.8096
vn -0.5229 0.1459 0.8398
vn -0.5027 0.1587 0.8498
vn -0.8119 0.0789 0.5784
vn -0.4615 0.2208 0.8592
vn -0.2596 0.2940 0.9199
vn -0.1512 0.2736 0.9499
vn -0.3807 0.2870 0.8791
vn -0.5674 0.0864 0.8189
vn -0.6462 0.0644 0.7605
vn -0.9816 -0.1908 0.0012
vn -0.9780 -0.1625 0.1311
vn -0.9296 -0.1482 0.3376
vn -0.9097 -0.0425 0.4130
vn -0.8470 -0.3039 -0.4362
vn -0.9345 -0.2733 -0.2281
vn -0.7311 -0.2125 -0.6483
vn -0.7062 -0.2207 -0.6727
vn -0.4439 -0.4259 -0.7884
vn -0.4247 -0.3477 -0.8359
vn -0.7061 0.0543 0.7061
vn -0.8573 -0.0172 0.5145
vn -0.8641 0.0253 0.5026
vn -0.8649 0.0346 0.5007
vn 0.2657 -0.3805 -0.8858
vn 0.3055 -0.3402 -0.8893
vn -0.0056 -0.4582 -0.8888
vn 0.0743 -0.3491 -0.9341
vn -0.0452 -0.3079 -0.9503
vn 0.0595 -0.3838 -0.9215
vn -0.1278 -0.4611 -0.8781
vn -0.1877 -0.3506 -0.9175
vn -0.0766 -0.4296 -0.8998
vn -0.0529 -0.3429 -0.9379
vn -0.1075 -0.3128 -0.9437
vn -0.0267 -0.4084 -0.9124
vn 0.0218 -0.4142 -0.9099
vn -0.0033 -0.4345 -0.9007
vn -0.0847 -0.4117 -0.9074
vn -0.0362 -0.3998 -0.9159
vn -0.0949 -0.3834 -0.9187
vn 0.1782 -0.4541 -0.8730
vn -0.1315 -0.4230 -0.8965
vn 0.1772 -0.4404 -0.8801
vn -0.0402 -0.2761 -0.9603
vn 0.1346 -0.4202 -0.8974
vn 0.5396 -0.0074 0.8419
vn 0.6198 0.0545 0.7828
vn 0.4630 0.2464 0.8514
vn 0.5485 0.2384 0.8014
vn 0.5093 0.2802 0.8137
vn 0.6792 -0.1311 0.7222
vn 0.7712 -0.2438 0.5880
vn 0.5154 0.3626 0.7764
vn 0.4117 0.4177 0.8099
vn 0.4219 0.4048 0.8113
vn 0.3286 0.4263 0.8428
vn -0.1053 0.3220 0.9408
vn -0.0028 0.4538 0.8911
vn 0.1700 0.4871 0.8566
vn 0.0815 0.3748 0.9235
vn 0.1650 0.5292 0.8323
vn 0.9187 -0.0623 0.3899
vn 0.7563 -0.0766 0.6497
vn 0.7441 0.0562 0.6657
vn 0.8711 -0.0153 0.4909
vn 0.8797 -0.4219 0.2195
vn 0.8794 -0.4759 -0.0074
vn 0.9188 -0.0962 0.3829
vn 0.9401 -0.2183 0.2619
vn 0.9115 -0.1547 0.3812
vn 0.6646 -0.6130 -0.4273
vn 0.2665 -0.5588 -0.7853
vn 0.5934 -0.6367 -0.4925
vn 0.1952 -0.5667 -0.8005
vn 0.3123 -0.6183 -0.7212
vn 0.4715 -0.7452 -0.4716
vn 0.8033 -0.5928 -0.0571
vn 0.5974 -0.6761 -0.4314
vn 0.5529 -0.6943 -0.4607
vn 0.8198 -0.5400 -0.1905
vn -0.5513 0.1337 0.8235
vn -0.5412 0.1740 0.8227
vn -0.3124 0.1869 0.9314
vn -0.4705 0.1321 0.8724
vn -0.4718 0.2070 0.8570
vn -0.2909 0.3880 0.8746
vn -0.3524 0.3216 0.8789
vn -0.1821 0.3636 0.9136
vn -0.3856 0.2842 0.8778
vn -0.3448 0.3305 0.8785
vn -0.9744 -0.2112 -0.0773
vn -0.9873 -0.1152 0.1097
vn -0.9564 -0.0975 0.2754
vn -0.9248 -0.0429 0.3781
vn -0.7730 -0.3783 -0.5094
vn -0.5147 -0.3703 -0.7733
vn -0.7235 -0.4098 -0.5555
vn -0.9199 -0.2628 -0.2911
vn -0.4764 -0.3423 -0.8098
vn -0.6893 0.0773 0.7204
vn -0.5712 0.1545 0.8062
vn -0.9225 -0.0342 0.3845
vn -0.8037 0.1276 0.5812
vn -0.9038 0.1242 0.4096
vn -0.9371 0.0670 0.3426
vn -0.9378 0.0060 0.3471
vn 0.0476 -0.5218 -0.8517
vn -0.2684 -0.3847 -0.8832
vn 0.1023 -0.5997 -0.7937
vn -0.0429 -0.5606 -0.8270
vn -0.1568 -0.4563 -0.8759
vn -0.2005 -0.3841 -0.9013
vn -0.0695 -0.4312 -0.8996
vn -0.1232 -0.4769 -0.8703
vn 0.0268 -0.4853 -0.8739
vn 0.0784 -0.5037 -0.8603
vn 0.0224 -0.4683 -0.8833
vn -0.0612 -0.4703 -0.8804
vn 0.0782 -0.4240 -0.9023
vn -0.1164 -0.4311 -0.8947
vn 0.2301 -0.4451 -0.8654
vn 0.1556 -0.4458 -0.8815
vn 0.1701 -0.4878 -0.8562
vn 0.6403 0.2357 0.7311
vn 0.5648 0.3921 0.7261
vn 0.5780 0.3793 0.7225
vn 0.5075 0.3073 0.8050
vn 0.5638 0.3113 0.7650
vn 0.4998 0.4130 0.7613
vn 0.3805 0.4659 0.7988
vn 0.3364 0.4525 0.8259
vn 0.1710 0.1888 0.9670
vn -0.0959 0.4498 0.8880
vn 0.0712 0.5360 0.8412
vn -0.0213 0.5357 0.8442
vn 0.2647 0.4830 0.8346
vn 0.1039 0.5185 0.8487
vn 0.8933 0.1261 0.4314
vn 0.8434 0.1587 0.5132
vn 0.7285 0.1961 0.6564
vn 0.9381 -0.3312 0.1015
vn 0.9536 -0.2992 -0.0335
vn 0.9294 -0.0167 0.3688
vn 0.7677 0.0080 0.6407
vn 0.9772 -0.2118 -0.0124
vn 0.9852 -0.1651 -0.0453
vn 0.9795 -0.1402 0.1447
vn 0.9747 -0.0326 0.2211
vn 0.3864 -0.7429 -0.5466
vn 0.1749 -0.6107 -0.7723
vn 0.0551 -0.7139 -0.6980
vn 0.2913 -0.6762 -0.6767
vn 0.1867 -0.7211 -0.6672
vn 0.7430 -0.5426 -0.3918
vn 0.1810 -0.6680 -0.7218
vn 0.0911 -0.6419 -0.7613
vn 0.4324 -0.6683 -0.6054
vn 0.6963 -0.5982 -0.3966
vn 0.5809 -0.6064 -0.5430
vn 0.8413 -0.4793 -0.2500
vn -0.4518 0.2243 0.8635
vn -0.5110 0.2250 0.8296
vn -0.3835 0.3167 0.8675
vn -0.4080 0.4355 0.8024
vn -0.1709 0.4693 0.8664
vn -0.3134 0.3893 0.8661
vn -0.1665 0.4987 0.8506
vn -0.4288 0.3475 0.8339
vn -0.8621 -0.2134 -0.4596
vn -0.9598 -0.2131 -0.1828
vn -0.9965 -0.0759 0.0343
vn -0.9735 -0.0030 0.2288
vn -0.9410 -0.0059 0.3383
vn -0.5765 -0.3914 -0.7173
vn -0.7704 -0.3080 -0.5583
vn -0.1368 -0.4561 -0.8794
vn -0.6592 -0.3813 -0.6481
vn -0.5328 -0.4219 -0.7335
vn -0.5201 -0.4724 -0.7116
vn -0.5234 0.2157 0.8244
vn -0.6271 0.2041 0.7517
vn -0.6323 0.3704 0.6804
vn -0.8376 0.3114 0.4488
vn -0.9188 0.2537 0.3024
vn -0.9516 0.0506 0.3031
vn -0.9733 0.0383 0.2263
vn -0.1409 -0.4627 -0.8752
vn -0.2354 -0.4319 -0.8706
vn -0.1896 -0.4979 -0.8462
vn -0.2187 -0.4375 -0.8722
vn -0.1444 -0.4910 -0.8591
vn -0.1272 -0.5269 -0.8404
vn -0.2310 -0.5316 -0.8149
vn -0.2069 -0.5233 -0.8266
vn 0.0994 -0.4968 -0.8622
vn 0.1648 -0.4910 -0.8554
vn 0.2150 -0.4961 -0.8412
vn 0.2155 -0.5783 -0.7869
vn 0.0148 -0.4915 -0.8707
vn -0.0908 -0.5102 -0.8553
vn -0.1098 -0.4888 -0.8655
vn 0.1659 -0.4651 -0.8696
vn 0.2028 -0.4741 -0.8568
vn 0.2429 -0.4957 -0.8339
vn 0.4973 0.2420 0.8331
vn 0.5822 0.4756 0.6594
vn 0.6559 0.4295 0.6207
vn 0.6407 0.4867 0.5938
vn 0.5563 0.3768 0.7406
vn 0.3333 0.5647 0.7550
vn 0.3661 0.4970 0.7868
vn 0.4049 0.4889 0.7727
vn 0.3148 0.6324 0.7078
vn -0.0523 0.5102 0.8585
vn 0.0513 0.5130 0.8569
vn 0.0140 0.5012 0.8652
vn 0.0912 0.5078 0.8566
vn 0.0845 0.4820 0.8721
vn 0.1832 0.5988 0.7796
vn 0.1934 0.3260 0.9254
vn 0.9289 0.0917 0.3587
vn 0.8006 0.3297 0.5003
vn 0.8515 0.3237 0.4125
vn 0.6978 0.4181 0.5816
vn 0.6225 0.2927 0.7258
vn 0.9309 -0.3301 -0.1566
vn 0.9705 0.1807 0.1597
vn 0.8993 0.2639 0.3488
vn 0.9415 -0.2636 -0.2099
vn 0.9412 -0.1442 -0.3054
vn 0.9388 -0.0104 -0.3443
vn 0.9884 -0.0719 -0.1340
vn 0.9969 -0.0770 0.0161
vn 0.9976 0.0430 -0.0538
vn 0.7474 -0.4015 -0.5294
vn 0.8399 -0.3514 -0.4136
vn 0.2801 -0.7552 -0.5926
vn -0.1609 -0.4673 -0.8693
vn 0.2802 -0.6290 -0.7252
vn 0.7283 -0.5120 -0.4554
vn 0.6159 -0.5584 -0.5557
vn 0.2328 -0.6288 -0.7419
vn 0.3708 -0.6064 -0.7034
vn 0.2669 -0.5754 -0.7731
vn -0.3771 0.4333 0.8186
vn -0.4380 0.4359 0.7862
vn -0.3713 0.6090 0.7009
vn -0.3813 0.5402 0.7502
vn -0.2823 0.5012 0.8180
vn -0.3969 0.3018 0.8668
vn -0.2500 0.5114 0.8222
vn -0.0968 0.6133 0.7839
vn -0.9462 -0.2036 -0.2517
vn -0.8689 -0.3139 -0.3828
vn -0.9906 0.0062 0.1369
vn -0.9952 0.0585 0.0788
vn -0.9970 -0.0739 -0.0227
vn -0.9922 0.0717 0.1019
vn -0.2724 -0.4870 -0.8298
vn -0.3321 -0.4486 -0.8297
vn -0.5788 -0.3625 -0.7304
vn -0.6040 -0.3933 -0.6932
vn -0.5129 -0.4071 -0.7558
vn -0.6871 -0.3669 -0.6271
vn -0.0454 -0.5140 -0.8566
vn -0.4822 -0.4997 -0.7195
vn -0.3029 -0.4549 -0.8375
vn -0.4611 0.4272 0.7777
vn -0.5891 0.5567 0.5857
vn -0.4215 0.6559 0.6262
vn -0.7680 0.4955 0.4057
vn -0.9648 0.2475 0.0895
vn -0.9544 0.1284 0.2696
vn -0.9003 0.4174 0.1236
vn -0.9921 0.0805 0.0962
vn -0.1344 -0.4701 -0.8723
vn -0.2059 -0.4680 -0.8594
vn -0.1435 -0.4789 -0.8660
vn -0.3320 -0.3792 -0.8637
vn -0.3556 -0.4263 -0.8318
vn -0.3328 -0.4611 -0.8226
vn -0.2062 -0.4714 -0.8575
vn -0.2157 -0.5711 -0.7920
vn -0.2096 -0.5094 -0.8346
vn 0.2278 -0.5773 -0.7841
vn 0.0672 -0.4331 -0.8988
vn 0.1893 -0.4830 -0.8549
vn 0.0570 -0.4328 -0.8997
vn 0.2236 -0.4677 -0.8551
vn 0.0416 -0.4538 -0.8901
vn 0.1657 -0.5427 -0.8234
vn -0.1022 -0.4667 -0.8785
vn -0.1043 -0.4362 -0.8938
vn -0.1333 -0.4415 -0.8873
vn -0.1884 -0.3479 -0.9184
vn 0.0178 -0.5073 -0.8616
vn -0.0056 -0.5019 -0.8649
vn 0.0132 -0.5075 -0.8616
vn 0.6979 0.3773 0.6087
vn 0.5992 0.5411 0.5900
vn 0.4708 0.6218 0.6259
vn 0.4214 0.7201 0.5512
vn 0.8044 0.4168 0.4233
vn 0.2958 0.6006 0.7428
vn 0.2247 0.7512 0.6206
vn 0.2681 0.7492 0.6057
vn 0.3222 0.7571 0.5683
vn 0.3973 0.5729 0.7169
vn 0.1992 0.7485 0.6325
vn 0.2558 0.7699 0.5846
vn 0.0468 0.5467 0.8360
vn -0.0004 0.4904 0.8715
vn 0.1238 0.6562 0.7443
vn 0.9585 0.2512 -0.1345
vn 0.8813 0.4611 0.1031
vn 0.8689 0.4101 0.2771
vn 0.9186 0.3935 -0.0361
vn 0.9100 -0.0903 -0.4046
vn 0.8840 -0.2020 -0.4215
vn 0.8904 0.0901 -0.4462
vn 0.9343 0.0735 -0.3488
vn 0.9977 -0.0340 -0.0588
vn 0.9804 -0.0133 0.1966
vn 0.9927 0.0642 -0.1024
vn 0.7502 -0.2899 -0.5943
vn 0.6734 -0.4625 -0.5767
vn 0.6248 -0.3783 -0.6831
vn -0.2137 -0.4915 -0.8442
vn -0.0822 -0.5700 -0.8175
vn -0.1985 -0.4947 -0.8461
vn 0.4628 -0.5302 -0.7104
vn 0.0112 -0.5400 -0.8416
vn -0.0898 -0.5312 -0.8425
vn 0.1472 -0.5323 -0.8337
vn -0.3526 0.5006 0.7906
vn -0.3896 0.4912 0.7791
vn -0.3725 0.5966 0.7108
vn -0.5114 0.6287 0.5858
vn -0.5269 0.4843 0.6984
vn -0.2140 0.5716 0.7921
vn -0.3009 0.5018 0.8109
vn -0.1820 0.7533 0.6320
vn 0.1119 0.7514 0.6503
vn -0.1283 0.7333 0.6677
vn -0.8419 -0.2805 -0.4609
vn -0.9748 -0.1267 -0.1836
vn -0.9180 -0.1778 -0.3545
vn -0.7855 -0.3356 -0.5199
vn -0.9974 0.0253 -0.0678
vn -0.9900 0.1335 0.0465
vn -0.9928 0.1201 0.0032
vn -0.0956 -0.4858 -0.8688
vn -0.3459 -0.4356 -0.8311
vn -0.2902 -0.4491 -0.8450
vn -0.3138 -0.4625 -0.8292
vn -0.2104 -0.4462 -0.8699
vn -0.6509 -0.3760 -0.6595
vn -0.4946 -0.4242 -0.7585
vn -0.5997 0.6913 0.4030
vn -0.7827 0.5577 0.2765
vn -0.9910 0.1341 -0.0022
vn -0.9882 0.1478 -0.0411
vn -0.9491 0.3059 -0.0752
vn -0.8744 0.4672 -0.1311
vn -0.8403 0.5390 -0.0582
vn -0.7218 0.6367 0.2714
vn -0.7630 0.6419 0.0765
vn -0.2181 -0.4809 -0.8492
vn -0.4207 -0.3990 -0.8147
vn -0.4492 -0.3605 -0.8175
vn -0.3117 -0.4266 -0.8490
vn -0.1969 -0.4711 -0.8598
vn -0.4097 -0.4743 -0.7792
vn -0.2049 -0.3826 -0.9009
vn -0.0740 -0.4478 -0.8911
vn 0.1620 -0.5090 -0.8454
vn 0.1837 -0.4527 -0.8725
vn -0.0668 -0.4216 -0.9043
vn 0.0771 -0.3349 -0.9391
vn 0.2038 -0.3767 -0.9036
vn -0.0435 -0.4686 -0.8823
vn 0.1464 -0.5698 -0.8086
vn -0.1121 -0.4621 -0.8797
vn -0.1084 -0.4003 -0.9100
vn -0.0447 -0.2581 -0.9651
vn -0.0894 -0.2176 -0.9719
vn -0.1956 -0.2589 -0.9459
vn 0.6971 0.4225 0.5793
vn 0.6992 0.5086 0.5025
vn 0.3793 0.8322 0.4045
vn 0.4992 0.7219 0.4792
vn 0.6410 0.5691 0.5150
vn 0.3558 0.7436 0.5660
vn 0.3114 0.8654 0.3927
vn 0.0720 0.9826 0.1709
vn 0.2200 0.9131 0.3433
vn 0.8416 0.4945 0.2171
vn 0.8847 0.3624 0.2932
vn 0.7742 0.3869 0.5008
vn 0.2402 0.7751 0.5844
vn 0.1722 0.9301 0.3244
vn 0.1828 0.9438 0.2752
vn 0.2095 0.9138 0.3479
vn 0.2505 0.9046 0.3450
vn 0.1725 0.8916 0.4187
vn 0.1927 0.8451 0.4987
vn 0.1482 0.7053 0.6932
vn 0.1134 0.7271 0.6771
vn 0.8873 0.3421 -0.3093
vn 0.9763 0.0828 -0.1998
vn 0.8373 0.5329 -0.1217
vn 0.8339 0.5511 0.0313
vn 0.8141 0.4870 -0.3163
vn 0.8536 -0.1382 -0.5023
vn 0.9074 -0.0142 -0.4200
vn 0.9285 0.0942 -0.3592
vn 0.8501 0.2556 -0.4604
vn 0.9263 0.2181 -0.3071
vn 0.6302 -0.2728 -0.7269
vn 0.5013 -0.4203 -0.7563
vn 0.3937 -0.4879 -0.7791
vn 0.4052 -0.3010 -0.8633
vn 0.4261 -0.2542 -0.8682
vn -0.2010 -0.4976 -0.8438
vn 0.0114 -0.4832 -0.8754
vn -0.1732 -0.4476 -0.8773
vn -0.2360 -0.5172 -0.8227
vn -0.3038 0.6439 0.7023
vn -0.3426 0.5020 0.7941
vn -0.4022 0.5589 0.7252
vn -0.6149 0.6883 0.3849
vn -0.5487 0.6401 0.5378
vn -0.3729 0.7233 0.5812
vn -0.5088 0.6661 0.5454
vn -0.2334 0.5636 0.7924
vn -0.0540 0.9048 0.4224
vn -0.1332 0.7864 0.6032
vn -0.0740 0.9045 0.4201
vn 0.0648 0.8614 0.5037
vn 0.2180 0.9462 0.2390
vn 0.1751 0.8408 0.5122
vn -0.7230 -0.3433 -0.5995
vn -0.8719 -0.1399 -0.4693
vn -0.8100 -0.2530 -0.5291
vn -0.9352 -0.1093 -0.3368
vn -0.9855 -0.0175 -0.1690
vn -0.9928 0.1190 -0.0111
vn -0.0532 -0.5270 -0.8482
vn -0.3624 -0.4244 -0.8298
vn -0.5762 -0.4096 -0.7072
vn -0.6710 0.7053 0.2289
vn -0.5580 0.8275 0.0624
vn -0.8168 0.5679 -0.1020
vn -0.9279 0.3212 -0.1891
vn -0.9661 0.2113 -0.1481
vn -0.8744 0.4661 -0.1349
vn -0.6174 0.7047 -0.3495
vn -0.6738 0.6629 -0.3264
vn -0.6877 0.7086 -0.1577
vn -0.7715 0.5997 -0.2128
vn -0.7075 0.6879 0.1621
vn -0.6904 0.6907 -0.2151
vn -0.3574 -0.4458 -0.8207
vn -0.4385 -0.2991 -0.8475
vn -0.2206 -0.3280 -0.9185
vn -0.1912 -0.3762 -0.9066
vn -0.1593 -0.3166 -0.9351
vn -0.1596 -0.4766 -0.8645
vn 0.2167 -0.5304 -0.8196
vn -0.1191 -0.4564 -0.8817
vn 0.0006 -0.5556 -0.8315
vn 0.0708 -0.3571 -0.9314
vn -0.1001 -0.4233 -0.9005
vn -0.0032 -0.4379 -0.8990
vn 0.1599 -0.3315 -0.9298
vn 0.2146 -0.1905 -0.9580
vn 0.1178 -0.1320 -0.9842
vn -0.0100 -0.2198 -0.9755
vn 0.1618 -0.2369 -0.9580
vn -0.1070 -0.1723 -0.9792
vn -0.1687 -0.2068 -0.9637
vn 0.8031 0.4828 0.3492
vn 0.6551 0.6485 0.3876
vn 0.7359 0.5492 0.3960
vn 0.5778 0.7269 0.3712
vn 0.1404 0.9878 0.0673
vn 0.2447 0.9534 0.1765
vn 0.4567 0.8215 0.3413
vn 0.2202 0.9312 0.2906
vn 0.1301 0.9610 0.2442
vn -0.1263 0.9558 -0.2655
vn 0.0545 0.9983 -0.0215
vn -0.0675 0.9959 -0.0598
vn 0.8769 0.4269 0.2210
vn 0.8148 0.5796 0.0088
vn 0.8738 0.3261 0.3607
vn 0.1197 0.9919 -0.0423
vn 0.1461 0.9881 0.0488
vn 0.1767 0.9753 0.1322
vn 0.1861 0.9060 0.3802
vn 0.7446 0.4322 -0.5087
vn 0.7910 0.6035 -0.1008
vn 0.7694 0.5425 -0.3373
vn 0.7799 0.5904 -0.2078
vn 0.9390 -0.0489 -0.3404
vn 0.7887 0.6036 -0.1164
vn 0.7932 -0.1471 -0.5910
vn 0.9208 -0.0230 -0.3894
vn 0.8401 0.3117 -0.4439
vn 0.9473 0.2179 -0.2347
vn 0.8907 0.0698 -0.4492
vn 0.7632 0.4177 -0.4931
vn 0.8281 0.3648 -0.4257
vn 0.4603 -0.1977 -0.8655
vn 0.7123 -0.0688 -0.6985
vn 0.2045 -0.4260 -0.8813
vn 0.1277 -0.2914 -0.9480
vn 0.1390 -0.2620 -0.9550
vn -0.0068 -0.3460 -0.9382
vn -0.1335 -0.3648 -0.9215
vn -0.2371 0.6058 0.7595
vn -0.2161 0.6269 0.7485
vn -0.1573 0.7657 0.6237
vn -0.4669 0.7697 0.4355
vn -0.6134 0.6950 0.3752
vn -0.3934 0.8222 0.4113
vn -0.3040 0.8204 0.4842
vn -0.4260 0.7573 0.4949
vn -0.0747 0.7751 0.6274
vn 0.1035 0.9914 0.0800
vn 0.1229 0.9838 0.1302
vn 0.0201 0.9211 0.3889
vn 0.0705 0.9891 0.1290
vn 0.1488 0.9883 0.0347
vn 0.2381 0.9629 0.1268
vn 0.2363 0.9651 -0.1127
vn -0.8073 -0.1832 -0.5610
vn -0.6736 -0.3475 -0.6523
vn -0.9298 -0.0263 -0.3671
vn -0.9836 0.1636 -0.0763
vn -0.2082 -0.4983 -0.8417
vn -0.2939 -0.3745 -0.8794
vn -0.5134 -0.2024 -0.8339
vn -0.4812 0.8606 0.1669
vn -0.6615 0.7491 0.0359
vn -0.2795 0.9589 -0.0485
vn -0.4696 0.8617 -0.1921
vn -0.7367 0.6645 -0.1249
vn -0.9338 0.1571 -0.3215
vn -0.9151 0.2825 -0.2877
vn -0.8733 0.4286 -0.2315
vn -0.3190 0.8867 -0.3347
vn -0.4573 0.7921 -0.4043
vn -0.4184 0.7697 -0.4822
vn -0.5362 0.8192 -0.2032
vn -0.4106 -0.2978 -0.8618
vn -0.3810 -0.4556 -0.8045
vn -0.3765 -0.3468 -0.8591
vn -0.2350 -0.3601 -0.9028
vn -0.1152 -0.2886 -0.9505
vn -0.2219 -0.1091 -0.9690
vn -0.1070 -0.6023 -0.7911
vn -0.4797 -0.4305 -0.7646
vn -0.0440 -0.1998 -0.9789
vn 0.0298 -0.2232 -0.9743
vn -0.0961 -0.3142 -0.9445
vn 0.1900 -0.0915 -0.9775
vn -0.0683 -0.1397 -0.9878
vn 0.1176 -0.0936 -0.9886
vn -0.0005 -0.0529 -0.9986
vn 0.1437 0.0760 -0.9867
vn 0.1933 0.0587 -0.9794
vn -0.1208 -0.0278 -0.9923
vn -0.2063 -0.0092 -0.9784
vn 0.7281 0.6541 0.2050
vn 0.4718 0.7698 0.4299
vn 0.6764 0.6326 0.3774
vn 0.3774 0.9123 0.1588
vn 0.4199 0.8181 0.3929
vn -0.1407 0.9808 -0.1353
vn 0.0802 0.9905 0.1114
vn 0.2000 0.9724 0.1198
vn -0.0503 0.9598 -0.2762
vn -0.1425 0.9377 -0.3169
vn 0.7125 0.6974 -0.0767
vn 0.6426 0.7213 -0.2584
vn 0.1385 0.9654 -0.2211
vn 0.0028 0.9322 -0.3620
vn 0.1958 0.9784 -0.0663
vn 0.6786 0.5871 -0.4415
vn 0.6840 0.6787 -0.2673
vn 0.7907 0.1035 -0.6034
vn 0.8432 0.4239 -0.3306
vn 0.8873 0.4320 -0.1616
vn 0.8943 0.2127 -0.3936
vn 0.9232 0.3211 -0.2111
vn 0.2312 -0.1925 -0.9537
vn 0.4073 -0.0502 -0.9119
vn 0.5069 -0.1185 -0.8538
vn 0.5415 0.0010 -0.8407
vn -0.0126 -0.3406 -0.9401
vn -0.0607 -0.3442 -0.9369
vn -0.1649 -0.3275 -0.9304
vn 0.0042 -0.2840 -0.9588
vn -0.0854 -0.1863 -0.9788
vn -0.0661 0.7798 0.6226
vn 0.0894 0.8697 0.4854
vn -0.0581 0.9410 0.3334
vn -0.0518 0.9891 0.1375
vn -0.4280 0.8542 0.2951
vn -0.1235 0.9713 0.2033
vn -0.3375 0.8601 0.3826
vn 0.0770 0.9216 0.3804
vn 0.0883 0.9259 0.3673
vn 0.2099 0.9654 -0.1549
vn 0.2145 0.9412 -0.2612
vn 0.2043 0.9789 -0.0072
vn 0.2069 0.9420 -0.2642
vn 0.2377 0.9184 -0.3163
vn -0.6735 -0.1584 -0.7220
vn -0.7728 -0.0662 -0.6311
vn -0.9023 0.0279 -0.4303
vn -0.3224 -0.3423 -0.8826
vn -0.5544 -0.0010 -0.8323
vn -0.3201 -0.2691 -0.9084
vn -0.3134 -0.0446 -0.9486
vn -0.1837 0.9792 0.0866
vn 0.0344 0.9955 -0.0882
vn -0.0469 0.9788 -0.1994
vn -0.2626 0.8662 -0.4252
vn -0.7782 0.5905 -0.2140
vn -0.4193 0.8576 -0.2977
vn -0.4990 0.7610 -0.4145
vn -0.8520 0.1676 -0.4960
vn -0.7555 0.0465 -0.6534
vn -0.8223 0.3173 -0.4724
vn -0.0832 0.9219 -0.3784
vn -0.0855 0.9320 -0.3522
vn -0.2825 0.9036 -0.3222
vn -0.1561 -0.1790 -0.9714
vn -0.1090 -0.2012 -0.9735
vn -0.1814 0.0877 -0.9795
vn -0.2140 0.1166 -0.9699
vn -0.0601 -0.0363 -0.9975
vn -0.0455 -0.1891 -0.9809
vn 0.0886 0.0668 -0.9938
vn -0.0746 0.0885 -0.9933
vn 0.0236 0.0692 -0.9973
vn -0.0577 0.1516 -0.9868
vn 0.2318 0.2336 -0.9443
vn 0.1521 0.2603 -0.9535
vn 0.0717 0.3317 -0.9406
vn 0.0985 0.2689 -0.9581
vn 0.0850 0.3232 -0.9425
vn -0.0876 0.2070 -0.9744
vn 0.0612 0.0204 -0.9979
vn 0.2014 0.1585 -0.9666
vn 0.2474 0.3121 -0.9173
vn -0.0387 0.1614 -0.9861
vn -0.0647 0.1946 -0.9787
vn 0.5373 0.8371 -0.1025
vn 0.4322 0.9017 0.0144
vn 0.1189 0.9918 0.0474
vn -0.1634 0.9542 -0.2508
vn -0.2322 0.9491 -0.2129
vn -0.2381 0.9429 -0.2330
vn -0.0786 0.9965 -0.0286
vn -0.0273 0.9666 -0.2550
vn -0.0792 0.9701 -0.2293
vn 0.4930 0.8229 -0.2825
vn 0.2984 0.9257 -0.2325
vn 0.4117 0.8676 -0.2789
vn 0.3999 0.8420 -0.3622
vn 0.5691 0.7277 -0.3830
vn 0.0992 0.8913 -0.4425
vn -0.0051 0.8765 -0.4814
vn -0.1958 0.9044 -0.3791
vn 0.6491 0.6472 -0.3997
vn 0.5190 0.7679 -0.3754
vn 0.5861 0.6778 -0.4439
vn 0.7902 0.4857 -0.3737
vn 0.4839 0.7738 -0.4088
vn 0.7032 0.1390 -0.6973
vn 0.7860 0.4678 -0.4042
vn 0.8594 0.3250 -0.3947
vn 0.7911 0.5520 -0.2635
vn 0.8282 0.5274 -0.1896
vn 0.0914 -0.1674 -0.9816
vn 0.2846 -0.1269 -0.9502
vn 0.4567 0.0252 -0.8893
vn 0.2494 0.9196 0.3036
vn 0.1816 0.9381 0.2951
vn 0.0063 0.9916 0.1294
vn 0.2418 0.9672 0.0782
vn 0.2796 0.9579 -0.0645
vn 0.2375 0.9695 -0.0611
vn 0.2294 0.9728 -0.0324
vn 0.1052 0.9926 0.0607
vn 0.3406 0.9397 0.0312
vn 0.2917 0.8985 -0.3281
vn 0.3540 0.8955 -0.2696
vn 0.3116 0.8665 -0.3901
vn 0.2168 0.9097 -0.3542
vn -0.4697 0.1496 -0.8701
vn -0.3000 0.1316 -0.9448
vn -0.6854 0.1699 -0.7081
vn -0.5988 0.2612 -0.7571
vn -0.1386 -0.1675 -0.9761
vn 0.3145 0.9402 -0.1312
vn 0.0500 0.9655 -0.2557
vn 0.0002 0.9269 -0.3752
vn -0.0379 0.8843 -0.4653
vn -0.0296 0.9120 -0.4091
vn -0.8476 0.4539 -0.2748
vn -0.6561 0.6203 -0.4297
vn -0.2171 0.8448 -0.4891
vn -0.5150 0.5002 -0.6961
vn -0.2951 0.6593 -0.6915
vn -0.7006 0.3929 -0.5956
vn -0.0407 0.8779 -0.4771
vn 0.1359 0.8943 -0.4264
vn 0.0136 0.0297 -0.9995
vn -0.1189 0.1505 -0.9814
vn -0.1575 0.3132 -0.9365
vn -0.0774 0.1240 -0.9893
vn -0.0626 0.3010 -0.9516
vn -0.1066 0.1690 -0.9798
vn -0.2523 0.3020 -0.9193
vn 0.1457 0.5115 -0.8469
vn 0.0921 0.4637 -0.8812
vn 0.0608 0.3977 -0.9155
vn 0.0978 0.4094 -0.9071
vn 0.0878 0.5557 -0.8267
vn 0.1027 0.5392 -0.8359
vn -0.0030 0.2858 -0.9583
vn -0.1412 0.3696 -0.9184
vn 0.0073 0.5510 -0.8345
vn 0.1038 0.3344 -0.9367
vn 0.1808 0.3138 -0.9321
vn 0.2629 0.5023 -0.8237
vn 0.2750 0.5990 -0.7520
vn 0.0670 0.4484 -0.8913
vn -0.0865 0.2528 -0.9636
vn 0.0262 0.3404 -0.9399
vn 0.0802 0.4471 -0.8909
vn 0.1882 0.9690 -0.1603
vn -0.0706 0.9600 -0.2708
vn -0.1700 0.9559 -0.2394
vn -0.1404 0.9900 -0.0167
vn -0.1829 0.9732 -0.1395
vn 0.0785 0.9473 -0.3106
vn 0.0627 0.9490 -0.3090
vn -0.0156 0.9662 -0.2574
vn -0.1372 0.9830 -0.1218
vn 0.1036 0.9652 -0.2401
vn -0.0894 0.9416 -0.3246
vn 0.1077 0.9839 -0.1425
vn 0.1147 0.9636 -0.2414
vn 0.1463 0.9455 -0.2908
vn 0.3397 0.8451 -0.4128
vn 0.5454 0.7177 -0.4330
vn 0.1184 0.9003 -0.4189
vn 0.0629 0.9190 -0.3892
vn 0.4884 0.8299 -0.2698
vn 0.3566 0.8314 -0.4261
vn 0.2959 0.8665 -0.4019
vn 0.2883 0.8865 -0.3618
vn 0.3210 0.8639 -0.3881
vn 0.7037 0.3082 -0.6402
vn 0.5261 0.1615 -0.8350
vn 0.6146 0.7502 -0.2437
vn 0.6462 0.5486 -0.5305
vn 0.3407 0.0265 -0.9398
vn 0.3748 0.9253 0.0579
vn 0.4464 0.8920 -0.0714
vn 0.3120 0.9422 -0.1219
vn 0.4513 0.8720 -0.1895
vn 0.3867 0.9103 -0.1477
vn 0.3896 0.8885 -0.2425
vn 0.4905 0.8540 -0.1736
vn 0.3533 0.8730 -0.3363
vn 0.4171 0.8908 -0.1802
vn 0.3341 0.9164 -0.2205
vn 0.2681 0.8764 -0.4001
vn 0.1974 0.9419 -0.2718
vn -0.3952 0.3536 -0.8478
vn 0.5278 0.8339 -0.1614
vn 0.3188 0.9331 -0.1665
vn 0.4668 0.8752 -0.1271
vn 0.3856 0.8803 -0.2763
vn 0.1883 0.9132 -0.3613
vn 0.0568 0.8956 -0.4412
vn 0.0508 0.9238 -0.3795
vn -0.1672 0.6324 -0.7564
vn -0.0897 0.7981 -0.5958
vn -0.2906 0.4573 -0.8405
vn -0.0783 0.6225 -0.7787
vn 0.1101 0.7503 -0.6519
vn 0.1369 0.8980 -0.4182
vn 0.1412 0.8549 -0.4992
vn 0.1778 0.7677 -0.6157
vn 0.1978 0.7416 -0.6411
vn 0.1953 0.1918 -0.9618
vn -0.1130 0.2606 -0.9588
vn -0.0209 0.4675 -0.8838
vn -0.0727 0.5033 -0.8610
vn 0.1397 0.6292 -0.7646
vn 0.1316 0.7791 -0.6129
vn 0.1372 0.6009 -0.7875
vn 0.0470 0.7682 -0.6385
vn 0.0671 0.7940 -0.6042
vn 0.1188 0.7084 -0.6957
vn 0.1674 0.5463 -0.8207
vn 0.0902 0.4351 -0.8958
vn 0.1543 0.6389 -0.7537
vn 0.1283 0.7422 -0.6578
vn 0.4081 0.7363 -0.5397
vn 0.2405 0.8091 -0.5362
vn 0.1280 0.6190 -0.7749
vn -0.1348 0.9780 -0.1592
vn 0.0939 0.9534 -0.2869
vn -0.0328 0.9994 0.0070
vn 0.0433 0.9978 -0.0492
vn 0.3495 0.8437 -0.4074
vn -0.0530 0.9968 -0.0592
vn 0.1193 0.9918 -0.0467
vn 0.0210 0.9997 0.0127
vn 0.3639 0.8243 -0.4337
vn 0.5172 0.7032 -0.4878
vn 0.1966 0.8650 -0.4617
vn 0.1659 0.9444 -0.2838
vn 0.1382 0.9388 -0.3155
vn 0.2138 0.7889 -0.5761
vn 0.2008 0.9098 -0.3631
vn 0.0246 0.9596 -0.2803
vn 0.1196 0.9410 -0.3165
vn 0.5166 0.3505 -0.7812
vn 0.3500 0.3181 -0.8811
vn 0.4137 0.5721 -0.7083
vn 0.4882 0.8346 -0.2552
vn 0.6230 0.7518 -0.2162
vn 0.4275 0.8757 -0.2247
vn 0.3251 0.9423 -0.0793
vn 0.6306 0.7727 -0.0729
vn 0.2203 0.9748 -0.0347
vn 0.5606 0.8081 -0.1808
vn 0.4882 0.8692 -0.0783
vn 0.3637 0.8978 -0.2483
vn 0.4631 0.8822 -0.0850
vn 0.2120 0.9232 -0.3205
vn 0.1621 0.9387 -0.3041
vn 0.1129 0.4910 -0.8638
vn 0.2641 0.5192 -0.8128
vn 0.0096 0.3302 -0.9439
vn 0.0355 0.5076 -0.8609
vn -0.0182 0.6574 -0.7533
vn 0.1056 0.7621 -0.6388
vn 0.0035 0.6086 -0.7935
vn 0.1342 0.8139 -0.5653
vn 0.1329 0.9136 -0.3842
vn 0.1365 0.8829 -0.4494
vn 0.2107 0.8511 -0.4808
vn 0.1476 0.9388 -0.3113
vn 0.2488 0.7981 -0.5487
vn 0.2363 0.9430 -0.2342
vn -0.0456 0.9807 -0.1899
vn 0.1668 0.9844 0.0560
vn 0.1266 0.9919 0.0080
vn 0.2084 0.8171 -0.5376
vn 0.1436 0.6676 -0.7305
vn 0.1875 0.9822 -0.0086
vn 0.2415 0.9291 -0.2800
vn 0.8473 0.4024 -0.3466
vn 0.3954 0.9185 0.0051
vn 0.3171 0.9419 0.1106
vn 0.3076 0.9508 0.0365
vn 0.3085 0.9484 0.0736
vn 0.3558 0.9331 -0.0517
vn 0.2599 0.9630 0.0707
vn 0.2588 0.9653 0.0334
vn 0.2256 0.9593 -0.1698
vn 0.3182 0.9477 0.0228
vn 0.1414 0.9570 -0.2532
vn 0.2851 0.9581 -0.0256
vn 0.2179 0.9760 -0.0042
vn 0.1319 0.9843 0.1175
vn 0.2040 0.9659 0.1594
vn 0.1843 0.9667 0.1777
vn 0.1786 0.9801 0.0863
s 1
f 1//1 2//2 3//3
f 4//4 1//1 3//3
f 1//1 5//5 2//2
f 6//6 5//5 1//1
f 4//4 7//7 1//1
f 6//6 1//1 7//7
f 8//8 3//3 2//2
f 9//9 2//2 10//10
f 2//2 9//9 8//8
f 5//5 11//11 2//2
f 10//10 2//2 11//11
f 12//12 4//4 3//3
f 3//3 13//13 12//12
f 13//13 3//3 8//8
f 7//7 4//4 14//14
f 15//15 4//4 12//12
f 14//14 4//4 15//15
f 16//16 5//5 6//6
f 11//11 5//5 17//17
f 16//16 17//17 5//5
f 7//7 18//18 6//6
f 18//18 19//19 6//6
f 6//6 19//19 20//20
f 20//20 16//16 6//6
f 18//18 7//7 14//14
f 9//9 21//21 8//8
f 21//21 13//13 8//8
f 9//9 10//10 22//22
f 23//23 21//21 9//9
f 24//24 25//25 9//9
f 25//25 23//23 9//9
f 22//22 24//24 9//9
f 10//10 26//26 22//22
f 27//27 28//28 10//10
f 28//28 26//26 10//10
f 10//10 11//11 29//29
f 29//29 27//27 10//10
f 29//29 11//11 17//17
f 30//30 15//15 12//12
f 31//31 30//30 12//12
f 12//12 32//32 31//31
f 13//13 32//32 12//12
f 32//32 13//13 21//21
f 33//33 14//14 30//30
f 33//33 34//34 14//14
f 15//15 30//30 14//14
f 14//14 19//19 18//18
f 14//14 34//34 19//19
f 16//16 20//20 35//35
f 16//16 35//35 36//36
f 17//17 16//16 36//36
f 37//37 17//17 36//36
f 29//29 17//17 37//37
f 34//34 38//38 19//19
f 19//19 38//38 39//39
f 39//39 20//20 19//19
f 20//20 39//39 35//35
f 40//40 32//32 21//21
f 40//40 21//21 23//23
f 24//24 22//22 41//41
f 41//41 22//22 26//26
f 25//25 40//40 23//23
f 41//41 25//25 24//24
f 25//25 42//42 43//43
f 43//43 40//40 25//25
f 41//41 42//42 25//25
f 26//26 44//44 41//41
f 44//44 26//26 28//28
f 45//45 28//28 27//27
f 29//29 46//46 27//27
f 27//27 47//47 45//45
f 48//48 47//47 27//27
f 49//49 27//27 46//46
f 49//49 48//48 27//27
f 28//28 45//45 44//44
f 46//46 29//29 37//37
f 33//33 30//30 50//50
f 50//50 30//30 31//31
f 31//31 51//51 52//52
f 31//31 52//52 50//50
f 32//32 40//40 31//31
f 40//40 51//51 31//31
f 53//53 33//33 50//50
f 33//33 54//54 55//55
f 33//33 53//53 54//54
f 55//55 56//56 33//33
f 56//56 34//34 33//33
f 34//34 56//56 38//38
f 35//35 39//39 57//57
f 57//57 58//58 35//35
f 59//59 36//36 35//35
f 60//60 59//59 35//35
f 35//35 58//58 60//60
f 37//37 36//36 61//61
f 61//61 36//36 59//59
f 37//37 61//61 46//46
f 38//38 56//56 62//62
f 62//62 63//63 38//38
f 39//39 38//38 63//63
f 64//64 39//39 63//63
f 57//57 39//39 64//64
f 43//43 51//51 40//40
f 41//41 65//65 42//42
f 44//44 66//66 41//41
f 66//66 65//65 41//41
f 43//43 42//42 65//65
f 65//65 51//51 43//43
f 67//67 66//66 44//44
f 67//67 44//44 45//45
f 47//47 67//67 45//45
f 68//68 46//46 69//69
f 46//46 61//61 69//69
f 46//46 68//68 49//49
f 67//67 47//47 70//70
f 47//47 48//48 71//71
f 71//71 70//70 47//47
f 72//72 73//73 48//48
f 48//48 73//73 74//74
f 74//74 71//71 48//48
f 72//72 48//48 49//49
f 75//75 72//72 49//49
f 49//49 68//68 75//75
f 50//50 76//76 53//53
f 50//50 52//52 76//76
f 52//52 51//51 77//77
f 78//78 77//77 51//51
f 78//78 51//51 79//79
f 65//65 79//79 51//51
f 80//80 81//81 52//52
f 52//52 81//81 76//76
f 77//77 80//80 52//52
f 76//76 54//54 53//53
f 55//55 54//54 82//82
f 83//83 54//54 84//84
f 81//81 84//84 54//54
f 54//54 76//76 81//81
f 54//54 83//83 82//82
f 56//56 55//55 82//82
f 85//85 86//86 56//56
f 56//56 82//82 85//85
f 56//56 86//86 87//87
f 62//62 56//56 87//87
f 88//88 57//57 64//64
f 58//58 57//57 89//89
f 57//57 88//88 89//89
f 58//58 90//90 60//60
f 90//90 58//58 89//89
f 90//90 91//91 59//59
f 59//59 60//60 90//90
f 59//59 91//91 61//61
f 92//92 69//69 61//61
f 61//61 91//91 92//92
f 87//87 63//63 62//62
f 63//63 87//87 93//93
f 64//64 63//63 93//93
f 94//94 88//88 64//64
f 94//94 64//64 93//93
f 65//65 95//95 79//79
f 95//95 65//65 66//66
f 66//66 96//96 95//95
f 96//96 66//66 67//67
f 97//97 96//96 67//67
f 67//67 70//70 97//97
f 69//69 98//98 68//68
f 99//99 68//68 98//98
f 75//75 68//68 99//99
f 69//69 100//100 98//98
f 69//69 101//101 100//100
f 92//92 101//101 69//69
f 97//97 70//70 102//102
f 103//103 70//70 71//71
f 102//102 70//70 103//103
f 103//103 71//71 74//74
f 73//73 72//72 75//75
f 104//104 74//74 73//73
f 104//104 73//73 75//75
f 103//103 74//74 105//105
f 105//105 74//74 104//104
f 106//106 75//75 99//99
f 106//106 107//107 75//75
f 108//108 104//104 75//75
f 75//75 107//107 108//108
f 109//109 80//80 77//77
f 109//109 77//77 78//78
f 110//110 111//111 78//78
f 78//78 111//111 109//109
f 110//110 78//78 79//79
f 110//110 79//79 95//95
f 81//81 80//80 109//109
f 81//81 112//112 113//113
f 113//113 84//84 81//81
f 112//112 81//81 109//109
f 114//114 82//82 83//83
f 115//115 82//82 114//114
f 116//116 82//82 115//115
f 82//82 116//116 117//117
f 85//85 82//82 117//117
f 83//83 84//84 114//114
f 118//118 84//84 113//113
f 118//118 114//114 84//84
f 85//85 119//119 86//86
f 117//117 119//119 85//85
f 120//120 87//87 86//86
f 121//121 120//120 86//86
f 86//86 119//119 121//121
f 122//122 93//93 87//87
f 123//123 124//124 87//87
f 123//123 87//87 120//120
f 122//122 87//87 124//124
f 125//125 88//88 94//94
f 126//126 88//88 125//125
f 89//89 88//88 126//126
f 127//127 128//128 89//89
f 90//90 89//89 128//128
f 126//126 127//127 89//89
f 90//90 128//128 91//91
f 92//92 91//91 128//128
f 128//128 129//129 92//92
f 101//101 92//92 129//129
f 130//130 94//94 93//93
f 93//93 122//122 130//130
f 130//130 131//131 94//94
f 94//94 132//132 125//125
f 133//133 94//94 131//131
f 133//133 132//132 94//94
f 134//134 135//135 95//95
f 95//95 135//135 110//110
f 134//134 95//95 96//96
f 96//96 136//136 134//134
f 136//136 96//96 97//97
f 97//97 137//137 136//136
f 137//137 97//97 102//102
f 98//98 100//100 138//138
f 99//99 98//98 138//138
f 138//138 139//139 99//99
f 140//140 141//141 99//99
f 99//99 139//139 140//140
f 99//99 141//141 142//142
f 99//99 142//142 106//106
f 143//143 100//100 101//101
f 143//143 138//138 100//100
f 129//129 143//143 101//101
f 144//144 137//137 102//102
f 145//145 102//102 103//103
f 144//144 102//102 145//145
f 103//103 105//105 146//146
f 147//147 145//145 103//103
f 146//146 148//148 103//103
f 147//147 103//103 148//148
f 149//149 105//105 104//104
f 104//104 108//108 149//149
f 146//146 105//105 150//150
f 150//150 105//105 149//149
f 107//107 106//106 142//142
f 151//151 107//107 142//142
f 107//107 151//151 152//152
f 152//152 153//153 107//107
f 108//108 107//107 153//153
f 154//154 149//149 108//108
f 154//154 108//108 153//153
f 112//112 109//109 111//111
f 155//155 111//111 110//110
f 110//110 135//135 155//155
f 112//112 111//111 156//156
f 111//111 157//157 156//156
f 157//157 111//111 155//155
f 158//158 113//113 112//112
f 112//112 159//159 158//158
f 160//160 159//159 112//112
f 156//156 160//160 112//112
f 118//118 113//113 161//161
f 113//113 158//158 161//161
f 114//114 162//162 163//163
f 114//114 163//163 115//115
f 114//114 118//118 162//162
f 121//121 115//115 163//163
f 119//119 116//116 115//115
f 115//115 121//121 119//119
f 116//116 119//119 117//117
f 161//161 164//164 118//118
f 165//165 118//118 164//164
f 118//118 165//165 166//166
f 118//118 166//166 167//167
f 118//118 167//167 162//162
f 120//120 121//121 168//168
f 120//120 169//169 170//170
f 120//120 170//170 171//171
f 171//171 123//123 120//120
f 169//169 120//120 168//168
f 163//163 168//168 121//121
f 172//172 122//122 124//124
f 122//122 172//172 130//130
f 173//173 124//124 123//123
f 123//123 171//171 173//173
f 174//174 124//124 173//173
f 124//124 174//174 175//175
f 176//176 172//172 124//124
f 176//176 124//124 177//177
f 178//178 179//179 124//124
f 124//124 175//175 178//178
f 124//124 179//179 177//177
f 125//125 132//132 180//180
f 181//181 126//126 125//125
f 180//180 181//181 125//125
f 182//182 183//183 126//126
f 126//126 183//183 127//127
f 181//181 182//182 126//126
f 129//129 128//128 127//127
f 127//127 183//183 129//129
f 143//143 129//129 184//184
f 184//184 129//129 183//183
f 131//131 130//130 176//176
f 130//130 172//172 176//176
f 185//185 131//131 176//176
f 186//186 131//131 185//185
f 180//180 133//133 131//131
f 180//180 131//131 186//186
f 180//180 132//132 133//133
f 134//134 155//155 135//135
f 155//155 134//134 187//187
f 187//187 134//134 136//136
f 136//136 188//188 187//187
f 188//188 136//136 137//137
f 137//137 189//189 188//188
f 144//144 189//189 137//137
f 190//190 139//139 138//138
f 138//138 143//143 190//190
f 139//139 191//191 140//140
f 139//139 192//192 193//193
f 192//192 139//139 190//190
f 193//193 191//191 139//139
f 141//141 140//140 151//151
f 140//140 194//194 151//151
f 191//191 194//194 140//140
f 142//142 141//141 151//151
f 184//184 190//190 143//143
f 195//195 189//189 144//144
f 145//145 195//195 144//144
f 145//145 196//196 197//197
f 145//145 198//198 196//196
f 145//145 199//199 198//198
f 197//197 195//195 145//145
f 200//200 201//201 145//145
f 199//199 145//145 201//201
f 200//200 145//145 147//147
f 146//146 150//150 202//202
f 202//202 203//203 146//146
f 203//203 148//148 146//146
f 147//147 148//148 200//200
f 204//204 205//205 148//148
f 148//148 203//203 206//206
f 204//204 148//148 207//207
f 205//205 200//200 148//148
f 207//207 148//148 206//206
f 150//150 149//149 154//154
f 150//150 154//154 208//208
f 208//208 202//202 150//150
f 209//209 151//151 194//194
f 151//151 209//209 152//152
f 209//209 210//210 152//152
f 153//153 152//152 210//210
f 211//211 153//153 212//212
f 153//153 213//213 214//214
f 212//212 153//153 214//214
f 211//211 154//154 153//153
f 213//213 153//153 210//210
f 208//208 154//154 211//211
f 155//155 215//215 157//157
f 155//155 187//187 216//216
f 155//155 216//216 215//215
f 157//157 217//217 156//156
f 218//218 160//160 156//156
f 156//156 217//217 218//218
f 217//217 157//157 215//215
f 158//158 159//159 219//219
f 158//158 219//219 161//161
f 219//219 159//159 218//218
f 218//218 159//159 160//160
f 161//161 219//219 164//164
f 163//163 162//162 220//220
f 162//162 167//167 221//221
f 220//220 162//162 221//221
f 163//163 220//220 168//168
f 164//164 222//222 165//165
f 223//223 224//224 164//164
f 222//222 164//164 224//224
f 164//164 218//218 225//225
f 226//226 164//164 225//225
f 218//218 164//164 219//219
f 226//226 223//223 164//164
f 227//227 228//228 165//165
f 165//165 229//229 227//227
f 165//165 230//230 229//229
f 165//165 222//222 230//230
f 166//166 165//165 228//228
f 167//167 166//166 228//228
f 231//231 232//232 167//167
f 233//233 221//221 167//167
f 167//167 228//228 231//231
f 233//233 167//167 232//232
f 168//168 234//234 169//169
f 220//220 221//221 168//168
f 168//168 221//221 235//235
f 234//234 168//168 235//235
f 169//169 234//234 170//170
f 170//170 234//234 236//236
f 237//237 171//171 170//170
f 236//236 238//238 170//170
f 237//237 170//170 238//238
f 173//173 171//171 237//237
f 238//238 173//173 237//237
f 173//173 238//238 239//239
f 174//174 173//173 240//240
f 173//173 241//241 242//242
f 239//239 241//241 173//173
f 173//173 242//242 240//240
f 243//243 175//175 174//174
f 174//174 240//240 243//243
f 244//244 175//175 243//243
f 244//244 178//178 175//175
f 185//185 176//176 177//177
f 177//177 245//245 185//185
f 177//177 246//246 245//245
f 246//246 177//177 247//247
f 177//177 179//179 247//247
f 248//248 179//179 178//178
f 248//248 178//178 244//244
f 247//247 179//179 248//248
f 249//249 180//180 186//186
f 181//181 180//180 250//250
f 250//250 180//180 249//249
f 182//182 181//181 251//251
f 251//251 181//181 250//250
f 182//182 252//252 183//183
f 252//252 182//182 251//251
f 183//183 252//252 184//184
f 192//192 184//184 252//252
f 190//190 184//184 192//192
f 185//185 245//245 186//186
f 245//245 253//253 186//186
f 254//254 186//186 253//253
f 249//249 186//186 254//254
f 187//187 255//255 256//256
f 255//255 187//187 188//188
f 216//216 187//187 256//256
f 189//189 255//255 188//188
f 195//195 255//255 189//189
f 257//257 191//191 193//193
f 194//194 191//191 257//257
f 192//192 258//258 193//193
f 252//252 259//259 192//192
f 260//260 258//258 192//192
f 192//192 259//259 260//260
f 260//260 193//193 258//258
f 257//257 193//193 261//261
f 193//193 260//260 261//261
f 194//194 257//257 262//262
f 262//262 209//209 194//194
f 255//255 195//195 263//263
f 264//264 263//263 195//195
f 265//265 195//195 197//197
f 264//264 195//195 265//265
f 196//196 266//266 197//197
f 267//267 266//266 196//196
f 268//268 196//196 269//269
f 198//198 269//269 196//196
f 267//267 196//196 268//268
f 197//197 266//266 265//265
f 198//198 199//199 270//270
f 271//271 269//269 198//198
f 271//271 198//198 270//270
f 272//272 270//270 199//199
f 201//201 272//272 199//199
f 201//201 200//200 273//273
f 273//273 200//200 205//205
f 273//273 274//274 201//201
f 275//275 276//276 201//201
f 275//275 201//201 274//274
f 276//276 272//272 201//201
f 206//206 203//203 202//202
f 277//277 202//202 208//208
f 206//206 202//202 207//207
f 202//202 277//277 207//207
f 205//205 204//204 278//278
f 207//207 279//279 204//204
f 278//278 204//204 279//279
f 280//280 273//273 205//205
f 280//280 205//205 278//278
f 281//281 279//279 207//207
f 281//281 207//207 277//277
f 282//282 208//208 211//211
f 208//208 282//282 277//277
f 262//262 283//283 209//209
f 209//209 284//284 210//210
f 284//284 209//209 283//283
f 285//285 213//213 210//210
f 210//210 286//286 285//285
f 210//210 284//284 287//287
f 286//286 210//210 287//287
f 282//282 211//211 212//212
f 214//214 288//288 212//212
f 289//289 212//212 288//288
f 212//212 290//290 291//291
f 282//282 212//212 291//291
f 289//289 290//290 212//212
f 285//285 214//214 213//213
f 214//214 292//292 288//288
f 292//292 214//214 285//285
f 293//293 217//217 215//215
f 215//215 294//294 293//293
f 215//215 295//295 294//294
f 216//216 296//296 215//215
f 295//295 215//215 296//296
f 216//216 256//256 296//296
f 218//218 217//217 293//293
f 225//225 218//218 297//297
f 294//294 298//298 218//218
f 298//298 297//297 218//218
f 218//218 293//293 294//294
f 233//233 235//235 221//221
f 224//224 230//230 222//222
f 299//299 224//224 223//223
f 299//299 223//223 226//226
f 224//224 300//300 230//230
f 299//299 301//301 224//224
f 301//301 300//300 224//224
f 226//226 225//225 297//297
f 302//302 299//299 226//226
f 297//297 302//302 226//226
f 303//303 228//228 227//227
f 227//227 229//229 304//304
f 227//227 304//304 303//303
f 228//228 303//303 231//231
f 229//229 305//305 306//306
f 229//229 307//307 305//305
f 229//229 306//306 304//304
f 230//230 307//307 229//229
f 307//307 230//230 300//300
f 232//232 231//231 303//303
f 235//235 232//232 234//234
f 232//232 308//308 234//234
f 309//309 232//232 303//303
f 235//235 233//233 232//232
f 232//232 309//309 308//308
f 308//308 236//236 234//234
f 310//310 311//311 236//236
f 236//236 308//308 310//310
f 238//238 236//236 311//311
f 312//312 238//238 313//313
f 238//238 314//314 315//315
f 238//238 316//316 314//314
f 317//317 316//316 238//238
f 311//311 317//317 238//238
f 312//312 239//239 238//238
f 315//315 313//313 238//238
f 318//318 239//239 312//312
f 241//241 239//239 318//318
f 319//319 244//244 240//240
f 243//243 240//240 244//244
f 240//240 242//242 319//319
f 242//242 241//241 318//318
f 242//242 318//318 320//320
f 319//319 242//242 320//320
f 321//321 248//248 244//244
f 319//319 321//321 244//244
f 253//253 245//245 246//246
f 253//253 246//246 247//247
f 247//247 248//248 322//322
f 247//247 322//322 253//253
f 321//321 323//323 248//248
f 324//324 322//322 248//248
f 324//324 248//248 323//323
f 254//254 325//325 249//249
f 326//326 250//250 249//249
f 327//327 249//249 325//325
f 328//328 326//326 249//249
f 328//328 249//249 327//327
f 326//326 251//251 250//250
f 251//251 329//329 252//252
f 330//330 329//329 251//251
f 326//326 330//330 251//251
f 329//329 259//259 252//252
f 254//254 253//253 322//322
f 322//322 331//331 254//254
f 325//325 254//254 331//331
f 332//332 256//256 255//255
f 263//263 333//333 255//255
f 255//255 333//333 332//332
f 256//256 332//332 296//296
f 261//261 334//334 257//257
f 257//257 335//335 262//262
f 334//334 335//335 257//257
f 259//259 336//336 260//260
f 336//336 259//259 329//329
f 337//337 261//261 260//260
f 260//260 336//336 337//337
f 337//337 334//334 261//261
f 338//338 283//283 262//262
f 335//335 338//338 262//262
f 263//263 264//264 339//339
f 333//333 263//263 339//339
f 340//340 339//339 264//264
f 265//265 340//340 264//264
f 265//265 266//266 267//267
f 265//265 341//341 340//340
f 342//342 341//341 265//265
f 265//265 267//267 342//342
f 343//343 267//267 344//344
f 267//267 268//268 344//344
f 342//342 267//267 343//343
f 268//268 269//269 271//271
f 345//345 268//268 270//270
f 270//270 268//268 271//271
f 268//268 345//345 344//344
f 270//270 346//346 345//345
f 346//346 270//270 272//272
f 272//272 347//347 346//346
f 272//272 276//276 347//347
f 273//273 280//280 274//274
f 275//275 274//274 280//280
f 348//348 276//276 275//275
f 275//275 280//280 349//349
f 348//348 275//275 349//349
f 350//350 276//276 348//348
f 350//350 347//347 276//276
f 277//277 282//282 281//281
f 279//279 351//351 278//278
f 352//352 280//280 278//278
f 353//353 278//278 351//351
f 352//352 278//278 353//353
f 281//281 351//351 279//279
f 349//349 280//280 352//352
f 282//282 291//291 281//281
f 354//354 281//281 291//291
f 351//351 281//281 354//354
f 283//283 355//355 284//284
f 283//283 356//356 355//355
f 356//356 283//283 338//338
f 355//355 287//287 284//284
f 285//285 357//357 292//292
f 357//357 285//285 286//286
f 287//287 358//358 286//286
f 359//359 286//286 358//358
f 286//286 359//359 357//357
f 360//360 287//287 361//361
f 361//361 287//287 355//355
f 287//287 360//360 358//358
f 289//289 288//288 292//292
f 292//292 362//362 289//289
f 289//289 363//363 364//364
f 363//363 289//289 365//365
f 362//362 365//365 289//289
f 364//364 290//290 289//289
f 290//290 366//366 291//291
f 367//367 366//366 290//290
f 367//367 290//290 364//364
f 291//291 366//366 368//368
f 291//291 368//368 354//354
f 369//369 292//292 357//357
f 292//292 369//369 362//362
f 370//370 298//298 294//294
f 370//370 294//294 295//295
f 295//295 332//332 333//333
f 295//295 296//296 332//332
f 339//339 340//340 295//295
f 340//340 370//370 295//295
f 333//333 339//339 295//295
f 297//297 371//371 372//372
f 297//297 373//373 371//371
f 298//298 373//373 297//297
f 372//372 302//302 297//297
f 373//373 298//298 370//370
f 299//299 374//374 375//375
f 299//299 376//376 377//377
f 301//301 299//299 377//377
f 375//375 376//376 299//299
f 374//374 299//299 302//302
f 300//300 378//378 379//379
f 379//379 380//380 300//300
f 300//300 301//301 378//378
f 300//300 381//381 307//307
f 300//300 380//380 381//381
f 378//378 301//301 382//382
f 377//377 382//382 301//301
f 383//383 302//302 384//384
f 302//302 372//372 384//384
f 383//383 374//374 302//302
f 304//304 385//385 303//303
f 386//386 387//387 303//303
f 386//386 303//303 385//385
f 303//303 387//387 309//309
f 306//306 385//385 304//304
f 388//388 306//306 305//305
f 306//306 388//388 389//389
f 306//306 389//389 385//385
f 381//381 305//305 307//307
f 310//310 308//308 309//309
f 390//390 309//309 387//387
f 310//310 309//309 390//390
f 310//310 390//390 311//311
f 311//311 390//390 317//317
f 313//313 391//391 312//312
f 312//312 391//391 392//392
f 393//393 318//318 312//312
f 312//312 392//392 393//393
f 394//394 313//313 315//315
f 394//394 395//395 313//313
f 395//395 391//391 313//313
f 314//314 396//396 315//315
f 314//314 397//397 396//396
f 397//397 314//314 316//316
f 398//398 315//315 396//396
f 315//315 398//398 394//394
f 399//399 316//316 317//317
f 399//399 400//400 316//316
f 400//400 401//401 316//316
f 316//316 401//401 397//397
f 317//317 390//390 399//399
f 402//402 318//318 393//393
f 320//320 318//318 403//403
f 403//403 318//318 402//402
f 319//319 320//320 404//404
f 321//321 319//319 405//405
f 404//404 405//405 319//319
f 404//404 320//320 406//406
f 320//320 403//403 407//407
f 406//406 320//320 407//407
f 321//321 408//408 409//409
f 410//410 408//408 321//321
f 321//321 405//405 410//410
f 323//323 321//321 411//411
f 409//409 411//411 321//321
f 331//331 322//322 324//324
f 411//411 324//324 323//323
f 331//331 324//324 411//411
f 412//412 325//325 413//413
f 413//413 325//325 331//331
f 325//325 412//412 327//327
f 328//328 330//330 326//326
f 327//327 414//414 415//415
f 328//328 327//327 415//415
f 327//327 412//412 414//414
f 416//416 330//330 328//328
f 416//416 328//328 415//415
f 336//336 329//329 330//330
f 336//336 330//330 416//416
f 413//413 331//331 411//411
f 417//417 334//334 337//337
f 335//335 334//334 417//417
f 418//418 338//338 335//335
f 417//417 418//418 335//335
f 336//336 416//416 337//337
f 337//337 419//419 420//420
f 337//337 416//416 419//419
f 337//337 420//420 421//421
f 421//421 417//417 337//337
f 422//422 338//338 418//418
f 356//356 338//338 422//422
f 370//370 340//340 373//373
f 373//373 340//340 423//423
f 340//340 341//341 424//424
f 424//424 423//423 340//340
f 425//425 424//424 341//341
f 341//341 426//426 425//425
f 427//427 341//341 342//342
f 426//426 341//341 427//427
f 427//427 342//342 428//428
f 429//429 428//428 342//342
f 342//342 343//343 429//429
f 344//344 430//430 343//343
f 429//429 343//343 430//430
f 344//344 345//345 346//346
f 431//431 430//430 344//344
f 344//344 432//432 431//431
f 344//344 347//347 432//432
f 344//344 346//346 347//347
f 347//347 350//350 432//432
f 349//349 433//433 348//348
f 350//350 348//348 433//433
f 434//434 435//435 349//349
f 433//433 349//349 436//436
f 437//437 438//438 349//349
f 434//434 349//349 352//352
f 349//349 435//435 437//437
f 439//439 436//436 349//349
f 349//349 438//438 439//439
f 440//440 432//432 350//350
f 350//350 433//433 440//440
f 441//441 353//353 351//351
f 351//351 354//354 442//442
f 442//442 441//441 351//351
f 353//353 434//434 352//352
f 434//434 353//353 441//441
f 443//443 442//442 354//354
f 443//443 354//354 368//368
f 444//444 361//361 355//355
f 444//444 355//355 356//356
f 445//445 356//356 422//422
f 445//445 444//444 356//356
f 357//357 359//359 369//369
f 358//358 446//446 359//359
f 447//447 358//358 360//360
f 358//358 447//447 446//446
f 446//446 448//448 359//359
f 369//369 359//359 448//448
f 360//360 361//361 449//449
f 450//450 451//451 360//360
f 360//360 449//449 452//452
f 451//451 447//447 360//360
f 360//360 452//452 450//450
f 449//449 361//361 444//444
f 453//453 362//362 369//369
f 362//362 453//453 365//365
f 364//364 363//363 454//454
f 365//365 455//455 363//363
f 455//455 456//456 363//363
f 363//363 456//456 454//454
f 367//367 364//364 443//443
f 454//454 443//443 364//364
f 365//365 453//453 457//457
f 457//457 455//455 365//365
f 367//367 368//368 366//366
f 368//368 367//367 443//443
f 369//369 448//448 453//453
f 372//372 371//371 458//458
f 458//458 371//371 373//373
f 458//458 384//384 372//372
f 373//373 459//459 458//458
f 373//373 423//423 459//459
f 374//374 460//460 375//375
f 383//383 461//461 374//374
f 374//374 461//461 460//460
f 462//462 463//463 375//375
f 375//375 463//463 376//376
f 462//462 375//375 460//460
f 377//377 376//376 464//464
f 464//464 376//376 463//463
f 382//382 377//377 464//464
f 465//465 379//379 378//378
f 378//378 382//382 466//466
f 467//467 378//378 466//466
f 378//378 467//467 465//465
f 379//379 465//465 468//468
f 379//379 468//468 469//469
f 380//380 379//379 469//469
f 389//389 388//388 380//380
f 388//388 470//470 380//380
f 380//380 470//470 381//381
f 469//469 471//471 380//380
f 471//471 389//389 380//380
f 470//470 305//305 381//381
f 464//464 466//466 382//382
f 384//384 472//472 383//383
f 472//472 473//473 383//383
f 473//473 461//461 383//383
f 472//472 384//384 474//474
f 475//475 474//474 384//384
f 459//459 475//475 384//384
f 384//384 458//458 459//459
f 385//385 389//389 476//476
f 385//385 476//476 386//386
f 399//399 387//387 386//386
f 386//386 476//476 477//477
f 399//399 386//386 478//478
f 386//386 477//477 478//478
f 399//399 390//390 387//387
f 470//470 388//388 305//305
f 479//479 389//389 480//480
f 481//481 480//480 389//389
f 479//479 476//476 389//389
f 471//471 481//481 389//389
f 391//391 482//482 392//392
f 391//391 395//395 482//482
f 483//483 392//392 482//482
f 483//483 484//484 392//392
f 392//392 484//484 485//485
f 486//486 392//392 485//485
f 393//393 392//392 486//486
f 402//402 393//393 486//486
f 395//395 394//394 398//398
f 482//482 395//395 398//398
f 396//396 397//397 487//487
f 396//396 488//488 489//489
f 487//487 488//488 396//396
f 398//398 396//396 489//489
f 397//397 401//401 487//487
f 398//398 489//489 490//490
f 490//490 491//491 398//398
f 398//398 492//492 482//482
f 492//492 398//398 491//491
f 478//478 401//401 399//399
f 400//400 399//399 401//401
f 401//401 478//478 493//493
f 493//493 487//487 401//401
f 494//494 407//407 402//402
f 402//402 486//486 494//494
f 403//403 402//402 407//407
f 405//405 404//404 495//495
f 495//495 404//404 406//406
f 496//496 497//497 405//405
f 405//405 497//497 410//410
f 495//495 498//498 405//405
f 499//499 405//405 498//498
f 496//496 405//405 499//499
f 495//495 406//406 498//498
f 407//407 500//500 406//406
f 406//406 501//501 502//502
f 503//503 406//406 500//500
f 501//501 406//406 503//503
f 502//502 498//498 406//406
f 504//504 407//407 494//494
f 407//407 504//504 500//500
f 408//408 505//505 409//409
f 408//408 506//506 505//505
f 408//408 410//410 507//507
f 506//506 408//408 507//507
f 411//411 409//409 413//413
f 413//413 409//409 505//505
f 410//410 497//497 507//507
f 414//414 412//412 413//413
f 413//413 505//505 508//508
f 508//508 509//509 413//413
f 509//509 414//414 413//413
f 415//415 414//414 510//510
f 509//509 510//510 414//414
f 511//511 419//419 415//415
f 415//415 510//510 511//511
f 415//415 419//419 416//416
f 421//421 512//512 417//417
f 512//512 418//418 417//417
f 512//512 422//422 418//418
f 419//419 511//511 420//420
f 511//511 510//510 420//420
f 420//420 510//510 513//513
f 513//513 514//514 420//420
f 420//420 514//514 421//421
f 512//512 421//421 515//515
f 515//515 421//421 516//516
f 514//514 516//516 421//421
f 422//422 512//512 515//515
f 515//515 516//516 422//422
f 452//452 445//445 422//422
f 452//452 422//422 516//516
f 424//424 459//459 423//423
f 475//475 459//459 424//424
f 424//424 425//425 475//475
f 426//426 517//517 425//425
f 474//474 475//475 425//425
f 425//425 517//517 474//474
f 517//517 426//426 518//518
f 518//518 426//426 427//427
f 519//519 518//518 427//427
f 427//427 428//428 519//519
f 520//520 519//519 428//428
f 521//521 522//522 428//428
f 429//429 523//523 428//428
f 520//520 428//428 522//522
f 524//524 521//521 428//428
f 524//524 428//428 431//431
f 431//431 428//428 523//523
f 523//523 429//429 430//430
f 431//431 523//523 430//430
f 525//525 524//524 431//431
f 526//526 431//431 432//432
f 525//525 431//431 526//526
f 527//527 432//432 440//440
f 432//432 528//528 526//526
f 432//432 527//527 528//528
f 440//440 433//433 529//529
f 433//433 436//436 530//530
f 530//530 529//529 433//433
f 435//435 434//434 531//531
f 441//441 531//531 434//434
f 435//435 531//531 532//532
f 532//532 533//533 435//435
f 437//437 435//435 533//533
f 530//530 436//436 534//534
f 534//534 436//436 439//439
f 535//535 438//438 437//437
f 533//533 532//532 437//437
f 536//536 437//437 532//532
f 535//535 437//437 536//536
f 439//439 438//438 534//534
f 534//534 438//438 535//535
f 529//529 537//537 440//440
f 538//538 440//440 537//537
f 440//440 538//538 527//527
f 531//531 441//441 539//539
f 539//539 441//441 442//442
f 443//443 540//540 442//442
f 540//540 539//539 442//442
f 443//443 541//541 540//540
f 542//542 443//443 454//454
f 443//443 543//543 541//541
f 544//544 543//543 443//443
f 443//443 542//542 544//544
f 452//452 449//449 444//444
f 452//452 444//444 445//445
f 545//545 446//446 447//447
f 448//448 446//446 546//546
f 446//446 545//545 546//546
f 447//447 547//547 548//548
f 447//447 451//451 549//549
f 549//549 547//547 447//447
f 447//447 548//548 545//545
f 546//546 550//550 448//448
f 551//551 453//453 448//448
f 448//448 550//550 551//551
f 451//451 450//450 552//552
f 516//516 552//552 450//450
f 516//516 450//450 452//452
f 552//552 553//553 451//451
f 553//553 549//549 451//451
f 551//551 457//457 453//453
f 554//554 454//454 456//456
f 554//554 555//555 454//454
f 542//542 454//454 555//555
f 455//455 457//457 456//456
f 456//456 457//457 556//556
f 556//556 554//554 456//456
f 557//557 462//462 460//460
f 558//558 557//557 460//460
f 559//559 560//560 460//460
f 560//560 558//558 460//460
f 460//460 461//461 559//559
f 559//559 461//461 473//473
f 462//462 561//561 463//463
f 462//462 562//562 561//561
f 557//557 562//562 462//462
f 561//561 464//464 463//463
f 561//561 466//466 464//464
f 467//467 563//563 465//465
f 564//564 468//468 465//465
f 563//563 564//564 465//465
f 561//561 467//467 466//466
f 467//467 561//561 563//563
f 564//564 565//565 468//468
f 566//566 468//468 565//565
f 469//469 468//468 566//566
f 469//469 566//566 471//471
f 471//471 566//566 567//567
f 471//471 567//567 481//481
f 517//517 472//472 474//474
f 473//473 472//472 517//517
f 473//473 517//517 559//559
f 479//479 477//477 476//476
f 477//477 479//479 493//493
f 493//493 478//478 477//477
f 479//479 480//480 568//568
f 569//569 570//570 479//479
f 568//568 569//569 479//479
f 570//570 493//493 479//479
f 481//481 571//571 480//480
f 480//480 571//571 572//572
f 480//480 572//572 568//568
f 481//481 567//567 571//571
f 482//482 492//492 483//483
f 573//573 574//574 483//483
f 575//575 573//573 483//483
f 483//483 491//491 575//575
f 492//492 491//491 483//483
f 484//484 483//483 574//574
f 485//485 484//484 576//576
f 484//484 574//574 577//577
f 576//576 484//484 577//577
f 578//578 486//486 485//485
f 578//578 485//485 576//576
f 494//494 486//486 578//578
f 487//487 493//493 579//579
f 579//579 580//580 487//487
f 487//487 580//580 581//581
f 487//487 581//581 488//488
f 488//488 582//582 489//489
f 488//488 581//581 582//582
f 489//489 582//582 490//490
f 490//490 582//582 583//583
f 490//490 583//583 491//491
f 583//583 575//575 491//491
f 493//493 570//570 584//584
f 584//584 579//579 493//493
f 585//585 504//504 494//494
f 586//586 585//585 494//494
f 494//494 578//578 586//586
f 507//507 497//497 496//496
f 587//587 496//496 499//499
f 496//496 587//587 507//507
f 498//498 502//502 499//499
f 499//499 502//502 587//587
f 500//500 504//504 588//588
f 588//588 503//503 500//500
f 501//501 589//589 502//502
f 590//590 501//501 591//591
f 503//503 591//591 501//501
f 501//501 590//590 592//592
f 589//589 501//501 592//592
f 587//587 502//502 589//589
f 591//591 503//503 588//588
f 504//504 585//585 588//588
f 508//508 505//505 506//506
f 593//593 506//506 507//507
f 506//506 594//594 508//508
f 506//506 593//593 594//594
f 587//587 595//595 507//507
f 507//507 596//596 593//593
f 507//507 595//595 596//596
f 508//508 597//597 509//509
f 597//597 508//508 594//594
f 513//513 510//510 509//509
f 509//509 597//597 513//513
f 597//597 598//598 513//513
f 513//513 598//598 514//514
f 516//516 514//514 598//598
f 516//516 598//598 599//599
f 599//599 552//552 516//516
f 517//517 518//518 559//559
f 520//520 518//518 519//519
f 520//520 559//559 518//518
f 522//522 600//600 520//520
f 560//560 559//559 520//520
f 560//560 520//520 601//601
f 600//600 602//602 520//520
f 602//602 601//601 520//520
f 522//522 521//521 600//600
f 600//600 521//521 603//603
f 603//603 521//521 524//524
f 603//603 524//524 525//525
f 525//525 604//604 605//605
f 605//605 603//603 525//525
f 526//526 606//606 525//525
f 604//604 525//525 606//606
f 528//528 606//606 526//526
f 528//528 527//527 538//538
f 538//538 607//607 528//528
f 607//607 606//606 528//528
f 537//537 529//529 530//530
f 530//530 534//534 608//608
f 608//608 609//609 530//530
f 610//610 537//537 530//530
f 530//530 609//609 611//611
f 611//611 610//610 530//530
f 531//531 540//540 541//541
f 541//541 612//612 531//531
f 539//539 540//540 531//531
f 531//531 613//613 532//532
f 613//613 531//531 614//614
f 614//614 531//531 612//612
f 615//615 532//532 613//613
f 616//616 536//536 532//532
f 615//615 616//616 532//532
f 608//608 534//534 535//535
f 617//617 535//535 618//618
f 619//619 608//608 535//535
f 536//536 618//618 535//535
f 619//619 535//535 617//617
f 620//620 621//621 536//536
f 618//618 536//536 621//621
f 622//622 536//536 616//616
f 623//623 620//620 536//536
f 536//536 622//622 623//623
f 537//537 610//610 538//538
f 538//538 624//624 625//625
f 611//611 626//626 538//538
f 538//538 610//610 611//611
f 626//626 627//627 538//538
f 538//538 627//627 624//624
f 625//625 607//607 538//538
f 612//612 541//541 543//543
f 555//555 628//628 542//542
f 629//629 544//544 542//542
f 542//542 628//628 629//629
f 544//544 630//630 543//543
f 543//543 630//630 631//631
f 543//543 631//631 632//632
f 632//632 612//612 543//543
f 633//633 630//630 544//544
f 544//544 629//629 633//633
f 545//545 548//548 634//634
f 546//546 545//545 634//634
f 546//546 635//635 550//550
f 635//635 546//546 636//636
f 636//636 546//546 634//634
f 548//548 547//547 637//637
f 553//553 638//638 547//547
f 547//547 549//549 553//553
f 638//638 637//637 547//547
f 634//634 548//548 639//639
f 548//548 637//637 640//640
f 548//548 640//640 641//641
f 642//642 548//548 641//641
f 639//639 548//548 642//642
f 457//457 550//550 635//635
f 551//551 550//550 457//457
f 599//599 643//643 552//552
f 553//553 552//552 643//643
f 644//644 645//645 553//553
f 638//638 553//553 645//645
f 553//553 643//643 644//644
f 554//554 556//556 646//646
f 555//555 554//554 646//646
f 646//646 647//647 555//555
f 647//647 628//628 555//555
f 635//635 556//556 457//457
f 648//648 556//556 635//635
f 646//646 556//556 648//648
f 649//649 557//557 650//650
f 649//649 562//562 557//557
f 650//650 557//557 558//558
f 651//651 650//650 558//558
f 652//652 651//651 558//558
f 653//653 558//558 560//560
f 653//653 652//652 558//558
f 601//601 653//653 560//560
f 561//561 562//562 654//654
f 655//655 563//563 561//561
f 655//655 561//561 654//654
f 649//649 654//654 562//562
f 563//563 655//655 564//564
f 656//656 565//565 564//564
f 564//564 655//655 656//656
f 657//657 566//566 565//565
f 657//657 565//565 656//656
f 567//567 566//566 657//657
f 571//571 567//567 658//658
f 658//658 567//567 657//657
f 569//569 568//568 572//572
f 569//569 572//572 659//659
f 570//570 569//569 660//660
f 659//659 660//660 569//569
f 660//660 661//661 570//570
f 662//662 584//584 570//570
f 570//570 661//661 662//662
f 572//572 571//571 663//663
f 663//663 571//571 658//658
f 659//659 572//572 663//663
f 574//574 573//573 664//664
f 665//665 666//666 573//573
f 575//575 667//667 573//573
f 664//664 573//573 666//666
f 573//573 667//667 665//665
f 574//574 664//664 668//668
f 669//669 577//577 574//574
f 669//669 574//574 668//668
f 583//583 667//667 575//575
f 670//670 671//671 576//576
f 577//577 670//670 576//576
f 586//586 576//576 671//671
f 576//576 586//586 578//578
f 577//577 669//669 670//670
f 579//579 584//584 672//672
f 672//672 580//580 579//579
f 580//580 672//672 673//673
f 580//580 673//673 581//581
f 581//581 673//673 674//674
f 581//581 674//674 582//582
f 582//582 674//674 675//675
f 675//675 676//676 582//582
f 677//677 583//583 582//582
f 677//677 582//582 676//676
f 667//667 583//583 677//677
f 672//672 584//584 662//662
f 585//585 586//586 678//678
f 678//678 679//679 585//585
f 588//588 585//585 679//679
f 586//586 671//671 678//678
f 595//595 587//587 589//589
f 588//588 680//680 681//681
f 588//588 682//682 680//680
f 681//681 683//683 588//588
f 683//683 591//591 588//588
f 588//588 679//679 682//682
f 592//592 596//596 589//589
f 595//595 589//589 596//596
f 590//590 591//591 683//683
f 684//684 592//592 590//590
f 683//683 684//684 590//590
f 592//592 643//643 596//596
f 592//592 684//684 645//645
f 643//643 592//592 644//644
f 645//645 644//644 592//592
f 685//685 686//686 593//593
f 594//594 593//593 686//686
f 685//685 593//593 596//596
f 594//594 686//686 597//597
f 596//596 643//643 599//599
f 596//596 599//599 685//685
f 687//687 597//597 686//686
f 597//597 687//687 598//598
f 599//599 598//598 687//687
f 687//687 688//688 599//599
f 685//685 599//599 688//688
f 602//602 600//600 603//603
f 689//689 653//653 601//601
f 601//601 602//602 689//689
f 689//689 602//602 605//605
f 605//605 602//602 603//603
f 604//604 690//690 605//605
f 691//691 690//690 604//604
f 692//692 691//691 604//604
f 606//606 693//693 604//604
f 692//692 604//604 693//693
f 689//689 605//605 694//694
f 690//690 694//694 605//605
f 606//606 695//695 693//693
f 607//607 696//696 606//606
f 696//696 695//695 606//606
f 696//696 607//607 625//625
f 697//697 608//608 619//619
f 697//697 609//609 608//608
f 698//698 611//611 609//609
f 698//698 609//609 697//697
f 611//611 698//698 626//626
f 614//614 612//612 632//632
f 614//614 615//615 613//613
f 615//615 614//614 632//632
f 632//632 699//699 615//615
f 616//616 615//615 622//622
f 700//700 622//622 615//615
f 700//700 615//615 699//699
f 701//701 617//617 618//618
f 702//702 619//619 617//617
f 703//703 702//702 617//617
f 703//703 617//617 701//701
f 701//701 618//618 621//621
f 702//702 697//697 619//619
f 621//621 620//620 701//701
f 704//704 620//620 623//623
f 620//620 704//704 701//701
f 705//705 622//622 700//700
f 705//705 623//623 622//622
f 704//704 623//623 705//705
f 706//706 625//625 624//624
f 624//624 627//627 707//707
f 624//624 707//707 706//706
f 708//708 696//696 625//625
f 625//625 709//709 708//708
f 625//625 706//706 709//709
f 710//710 626//626 702//702
f 626//626 698//698 702//702
f 626//626 711//711 627//627
f 626//626 710//710 711//711
f 707//707 627//627 711//711
f 629//629 628//628 712//712
f 712//712 628//628 647//647
f 629//629 712//712 713//713
f 713//713 633//633 629//629
f 633//633 714//714 630//630
f 630//630 714//714 631//631
f 631//631 714//714 715//715
f 716//716 631//631 717//717
f 631//631 716//716 632//632
f 715//715 717//717 631//631
f 718//718 632//632 716//716
f 632//632 718//718 699//699
f 719//719 714//714 633//633
f 713//713 719//719 633//633
f 634//634 639//639 636//636
f 635//635 636//636 648//648
f 720//720 721//721 636//636
f 636//636 642//642 720//720
f 639//639 642//642 636//636
f 648//648 636//636 721//721
f 640//640 637//637 722//722
f 637//637 638//638 722//722
f 638//638 645//645 723//723
f 723//723 724//724 638//638
f 638//638 725//725 722//722
f 724//724 725//725 638//638
f 640//640 722//722 641//641
f 726//726 642//642 641//641
f 727//727 728//728 641//641
f 729//729 730//730 641//641
f 641//641 730//730 727//727
f 728//728 726//726 641//641
f 641//641 722//722 729//729
f 642//642 731//731 720//720
f 642//642 726//726 732//732
f 731//731 642//642 732//732
f 645//645 684//684 733//733
f 645//645 733//733 723//723
f 646//646 734//734 735//735
f 721//721 646//646 648//648
f 646//646 721//721 734//734
f 646//646 735//735 736//736
f 737//737 647//647 646//646
f 646//646 738//738 737//737
f 738//738 646//646 736//736
f 647//647 737//737 738//738
f 647//647 738//738 712//712
f 651//651 649//649 650//650
f 739//739 654//654 649//649
f 649//649 651//651 740//740
f 739//739 649//649 740//740
f 651//651 652//652 740//740
f 740//740 652//652 689//689
f 652//652 653//653 689//689
f 654//654 739//739 741//741
f 654//654 742//742 656//656
f 741//741 742//742 654//654
f 656//656 655//655 654//654
f 658//658 657//657 656//656
f 658//658 656//656 742//742
f 742//742 663//663 658//658
f 742//742 659//659 663//663
f 743//743 660//660 659//659
f 743//743 659//659 742//742
f 660//660 743//743 744//744
f 660//660 744//744 661//661
f 662//662 661//661 745//745
f 746//746 661//661 744//744
f 745//745 661//661 746//746
f 747//747 662//662 745//745
f 662//662 747//747 673//673
f 662//662 673//673 672//672
f 666//666 748//748 664//664
f 749//749 664//664 748//748
f 668//668 664//664 749//749
f 666//666 665//665 748//748
f 677//677 750//750 665//665
f 665//665 751//751 752//752
f 752//752 748//748 665//665
f 667//667 677//677 665//665
f 665//665 750//750 751//751
f 668//668 753//753 754//754
f 755//755 753//753 668//668
f 754//754 669//669 668//668
f 668//668 749//749 755//755
f 754//754 670//670 669//669
f 671//671 670//670 756//756
f 670//670 754//754 756//756
f 756//756 757//757 671//671
f 678//678 671//671 757//757
f 673//673 747//747 674//674
f 674//674 747//747 675//675
f 745//745 758//758 675//675
f 675//675 747//747 745//745
f 676//676 675//675 758//758
f 676//676 759//759 677//677
f 760//760 759//759 676//676
f 676//676 758//758 760//760
f 750//750 677//677 759//759
f 678//678 761//761 679//679
f 678//678 757//757 761//761
f 762//762 682//682 679//679
f 679//679 763//763 762//762
f 763//763 679//679 761//761
f 681//681 680//680 764//764
f 764//764 680//680 682//682
f 681//681 765//765 683//683
f 764//764 766//766 681//681
f 681//681 766//766 765//765
f 767//767 682//682 762//762
f 764//764 682//682 768//768
f 769//769 682//682 767//767
f 682//682 769//769 768//768
f 770//770 683//683 765//765
f 683//683 770//770 771//771
f 684//684 683//683 771//771
f 771//771 772//772 684//684
f 733//733 684//684 772//772
f 685//685 688//688 686//686
f 687//687 686//686 688//688
f 689//689 694//694 773//773
f 773//773 774//774 689//689
f 689//689 774//774 775//775
f 776//776 740//740 689//689
f 775//775 776//776 689//689
f 694//694 690//690 777//777
f 691//691 778//778 690//690
f 778//778 777//777 690//690
f 779//779 778//778 691//691
f 779//779 691//691 692//692
f 692//692 780//780 779//779
f 781//781 692//692 708//708
f 780//780 692//692 781//781
f 692//692 693//693 708//708
f 708//708 693//693 695//695
f 782//782 783//783 694//694
f 694//694 777//777 782//782
f 694//694 783//783 773//773
f 708//708 695//695 696//696
f 698//698 697//697 702//702
f 699//699 784//784 700//700
f 785//785 699//699 718//718
f 699//699 785//785 784//784
f 784//784 786//786 700//700
f 700//700 786//786 787//787
f 787//787 788//788 700//700
f 788//788 705//705 700//700
f 701//701 704//704 703//703
f 789//789 710//710 702//702
f 703//703 789//789 702//702
f 703//703 790//790 791//791
f 791//791 792//792 703//703
f 793//793 789//789 703//703
f 703//703 704//704 790//790
f 793//793 703//703 792//792
f 790//790 704//704 705//705
f 705//705 794//794 790//790
f 794//794 705//705 788//788
f 795//795 706//706 796//796
f 796//796 706//706 707//707
f 795//795 709//709 706//706
f 797//797 796//796 707//707
f 797//797 707//707 711//711
f 709//709 781//781 708//708
f 709//709 798//798 781//781
f 799//799 709//709 800//800
f 799//799 798//798 709//709
f 795//795 800//800 709//709
f 801//801 710//710 789//789
f 711//711 710//710 801//801
f 711//711 801//801 802//802
f 711//711 802//802 803//803
f 803//803 797//797 711//711
f 804//804 712//712 738//738
f 804//804 713//713 712//712
f 805//805 719//719 713//713
f 804//804 805//805 713//713
f 719//719 715//715 714//714
f 806//806 715//715 719//719
f 807//807 715//715 806//806
f 808//808 717//717 715//715
f 809//809 808//808 715//715
f 809//809 715//715 807//807
f 718//718 716//716 717//717
f 808//808 718//718 717//717
f 718//718 810//810 785//785
f 810//810 718//718 808//808
f 805//805 806//806 719//719
f 734//734 721//721 720//720
f 734//734 720//720 731//731
f 722//722 725//725 729//729
f 723//723 772//772 724//724
f 772//772 723//723 733//733
f 724//724 772//772 811//811
f 724//724 811//811 725//725
f 725//725 812//812 729//729
f 811//811 813//813 725//725
f 725//725 813//813 812//812
f 728//728 814//814 726//726
f 726//726 814//814 815//815
f 815//815 732//732 726//726
f 728//728 727//727 816//816
f 730//730 816//816 727//727
f 728//728 816//816 817//817
f 818//818 819//819 728//728
f 728//728 819//819 820//820
f 814//814 728//728 820//820
f 817//817 818//818 728//728
f 729//729 821//821 730//730
f 822//822 729//729 812//812
f 729//729 822//822 821//821
f 821//821 823//823 730//730
f 730//730 824//824 825//825
f 823//823 824//824 730//730
f 826//826 816//816 730//730
f 730//730 825//825 826//826
f 731//731 732//732 827//827
f 734//734 731//731 827//827
f 815//815 827//827 732//732
f 827//827 735//735 734//734
f 827//827 828//828 735//735
f 829//829 736//736 735//735
f 829//829 735//735 830//830
f 735//735 828//828 830//830
f 736//736 829//829 738//738
f 829//829 804//804 738//738
f 831//831 832//832 739//739
f 832//832 741//741 739//739
f 831//831 739//739 740//740
f 831//831 740//740 776//776
f 741//741 833//833 742//742
f 833//833 741//741 832//832
f 834//834 743//743 742//742
f 833//833 834//834 742//742
f 744//744 743//743 834//834
f 746//746 744//744 834//834
f 745//745 746//746 835//835
f 836//836 745//745 835//835
f 745//745 836//836 758//758
f 834//834 833//833 746//746
f 835//835 746//746 833//833
f 748//748 752//752 837//837
f 748//748 838//838 749//749
f 837//837 838//838 748//748
f 755//755 749//749 838//838
f 750//750 759//759 839//839
f 751//751 750//750 840//840
f 840//840 750//750 839//839
f 751//751 841//841 752//752
f 841//841 751//751 842//842
f 751//751 840//840 842//842
f 841//841 843//843 752//752
f 837//837 752//752 843//843
f 754//754 753//753 844//844
f 845//845 753//753 846//846
f 845//845 844//844 753//753
f 753//753 755//755 846//846
f 847//847 756//756 754//754
f 844//844 847//847 754//754
f 755//755 848//848 849//849
f 850//850 848//848 755//755
f 846//846 755//755 851//851
f 838//838 850//850 755//755
f 755//755 849//849 851//851
f 757//757 756//756 847//847
f 761//761 757//757 852//852
f 852//852 757//757 847//847
f 760//760 758//758 836//836
f 759//759 760//760 839//839
f 853//853 839//839 760//760
f 836//836 853//853 760//760
f 763//763 761//761 854//854
f 852//852 854//854 761//761
f 762//762 855//855 767//767
f 762//762 856//856 855//855
f 854//854 762//762 763//763
f 854//854 857//857 762//762
f 856//856 762//762 858//858
f 857//857 858//858 762//762
f 768//768 859//859 764//764
f 860//860 766//766 764//764
f 860//860 764//764 859//859
f 861//861 765//765 766//766
f 770//770 765//765 861//861
f 861//861 766//766 860//860
f 769//769 767//767 855//855
f 768//768 862//862 863//863
f 862//862 768//768 769//769
f 768//768 863//863 859//859
f 864//864 769//769 865//865
f 855//855 865//865 769//769
f 864//864 862//862 769//769
f 866//866 771//771 770//770
f 867//867 812//812 770//770
f 770//770 812//812 866//866
f 770//770 861//861 867//867
f 866//866 772//772 771//771
f 783//783 774//774 773//773
f 775//775 774//774 868//868
f 869//869 868//868 774//774
f 774//774 783//783 869//869
f 776//776 775//775 831//831
f 831//831 775//775 868//868
f 870//870 782//782 777//777
f 870//870 777//777 871//871
f 779//779 871//871 777//777
f 779//779 777//777 778//778
f 779//779 872//872 871//871
f 873//873 872//872 779//779
f 779//779 874//874 873//873
f 875//875 876//876 779//779
f 779//779 780//780 875//875
f 874//874 779//779 876//876
f 875//875 780//780 798//798
f 798//798 780//780 781//781
f 782//782 877//877 783//783
f 878//878 782//782 870//870
f 878//878 877//877 782//782
f 877//877 869//869 783//783
f 786//786 784//784 785//785
f 786//786 785//785 810//810
f 810//810 879//879 786//786
f 786//786 879//879 880//880
f 786//786 881//881 787//787
f 880//880 882//882 786//786
f 883//883 881//881 786//786
f 883//883 786//786 882//882
f 884//884 788//788 787//787
f 885//885 884//884 787//787
f 885//885 787//787 881//881
f 788//788 886//886 794//794
f 884//884 886//886 788//788
f 801//801 789//789 793//793
f 791//791 790//790 794//794
f 887//887 792//792 791//791
f 887//887 791//791 794//794
f 792//792 888//888 889//889
f 792//792 890//890 888//888
f 890//890 792//792 887//887
f 889//889 793//793 792//792
f 793//793 889//889 801//801
f 886//886 887//887 794//794
f 796//796 891//891 795//795
f 800//800 795//795 892//892
f 892//892 795//795 893//893
f 893//893 795//795 891//891
f 891//891 796//796 797//797
f 894//894 895//895 797//797
f 797//797 803//803 894//894
f 797//797 895//895 891//891
f 896//896 875//875 798//798
f 896//896 798//798 897//897
f 798//798 799//799 897//897
f 892//892 799//799 800//800
f 799//799 898//898 897//897
f 899//899 799//799 892//892
f 899//899 898//898 799//799
f 801//801 889//889 802//802
f 802//802 900//900 901//901
f 802//802 901//901 803//803
f 802//802 889//889 902//902
f 802//802 903//903 904//904
f 904//904 900//900 802//802
f 903//903 802//802 902//902
f 803//803 901//901 894//894
f 829//829 905//905 804//804
f 905//905 805//805 804//804
f 906//906 806//806 805//805
f 905//905 906//906 805//805
f 806//806 907//907 807//807
f 806//806 906//906 908//908
f 908//908 907//907 806//806
f 807//807 907//907 809//809
f 808//808 909//909 810//810
f 909//909 808//808 809//809
f 910//910 809//809 907//907
f 911//911 909//909 809//809
f 910//910 912//912 809//809
f 809//809 912//912 911//911
f 913//913 879//879 810//810
f 810//810 909//909 913//913
f 772//772 813//813 811//811
f 866//866 813//813 772//772
f 866//866 812//812 813//813
f 812//812 867//867 822//822
f 814//814 914//914 815//815
f 915//915 916//916 814//814
f 820//820 915//915 814//814
f 914//914 814//814 916//916
f 815//815 914//914 828//828
f 828//828 827//827 815//815
f 917//917 817//817 816//816
f 816//816 826//826 917//917
f 917//917 918//918 817//817
f 817//817 919//919 818//818
f 817//817 918//918 919//919
f 819//819 818//818 920//920
f 920//920 818//818 919//919
f 921//921 820//820 819//819
f 922//922 921//921 819//819
f 922//922 819//819 920//920
f 915//915 820//820 922//922
f 820//820 921//921 922//922
f 821//821 822//822 923//923
f 821//821 923//923 823//823
f 822//822 867//867 863//863
f 863//863 923//923 822//822
f 823//823 864//864 824//824
f 923//923 864//864 823//823
f 825//825 824//824 924//924
f 925//925 924//924 824//824
f 925//925 824//824 864//864
f 825//825 924//924 926//926
f 926//926 927//927 825//825
f 825//825 927//927 928//928
f 825//825 928//928 826//826
f 929//929 930//930 826//826
f 929//929 826//826 928//928
f 917//917 826//826 930//930
f 830//830 828//828 914//914
f 829//829 931//931 905//905
f 932//932 829//829 933//933
f 932//932 934//934 829//829
f 931//931 829//829 934//934
f 933//933 829//829 830//830
f 830//830 935//935 933//933
f 935//935 830//830 936//936
f 914//914 936//936 830//830
f 937//937 832//832 831//831
f 868//868 869//869 831//831
f 938//938 937//937 831//831
f 938//938 831//831 869//869
f 939//939 833//833 832//832
f 939//939 832//832 937//937
f 835//835 833//833 940//940
f 939//939 940//940 833//833
f 835//835 941//941 836//836
f 835//835 940//940 941//941
f 941//941 853//853 836//836
f 843//843 942//942 837//837
f 942//942 943//943 837//837
f 837//837 943//943 944//944
f 838//838 837//837 944//944
f 838//838 944//944 850//850
f 839//839 853//853 945//945
f 839//839 946//946 840//840
f 946//946 839//839 945//945
f 946//946 842//842 840//840
f 947//947 841//841 842//842
f 947//947 843//843 841//841
f 842//842 946//946 947//947
f 948//948 843//843 947//947
f 948//948 942//942 843//843
f 844//844 845//845 949//949
f 949//949 847//847 844//844
f 846//846 950//950 845//845
f 845//845 951//951 952//952
f 950//950 953//953 845//845
f 952//952 949//949 845//845
f 951//951 845//845 953//953
f 851//851 950//950 846//846
f 847//847 949//949 852//852
f 849//849 848//848 954//954
f 955//955 956//956 848//848
f 848//848 957//957 955//955
f 850//850 957//957 848//848
f 956//956 954//954 848//848
f 954//954 958//958 849//849
f 959//959 851//851 849//849
f 959//959 849//849 960//960
f 960//960 849//849 958//958
f 961//961 850//850 962//962
f 962//962 850//850 943//943
f 943//943 850//850 944//944
f 957//957 850//850 961//961
f 963//963 950//950 851//851
f 851//851 959//959 963//963
f 949//949 854//854 852//852
f 941//941 945//945 853//853
f 857//857 854//854 949//949
f 856//856 865//865 855//855
f 856//856 858//858 925//925
f 856//856 925//925 864//864
f 864//864 865//865 856//856
f 949//949 952//952 857//857
f 858//858 857//857 952//952
f 858//858 964//964 924//924
f 952//952 964//964 858//858
f 925//925 858//858 924//924
f 867//867 860//860 859//859
f 859//859 863//863 867//867
f 861//861 860//860 867//867
f 862//862 923//923 863//863
f 864//864 923//923 862//862
f 938//938 869//869 965//965
f 869//869 877//877 965//965
f 878//878 870//870 966//966
f 967//967 870//870 871//871
f 966//966 870//870 967//967
f 967//967 871//871 872//872
f 872//872 968//968 969//969
f 969//969 967//967 872//872
f 873//873 968//968 872//872
f 873//873 970//970 968//968
f 873//873 971//971 972//972
f 973//973 971//971 873//873
f 973//973 873//873 874//874
f 972//972 970//970 873//873
f 874//874 876//876 973//973
f 876//876 875//875 896//896
f 897//897 876//876 896//896
f 974//974 973//973 876//876
f 897//897 974//974 876//876
f 975//975 877//877 878//878
f 877//877 975//975 976//976
f 976//976 965//965 877//877
f 977//977 978//978 878//878
f 878//878 966//966 977//977
f 979//979 975//975 878//878
f 979//979 878//878 978//978
f 880//880 879//879 913//913
f 880//880 980//980 882//882
f 913//913 980//980 880//880
f 981//981 881//881 883//883
f 885//885 881//881 981//981
f 882//882 980//980 982//982
f 882//882 982//982 983//983
f 882//882 984//984 985//985
f 985//985 883//883 882//882
f 986//986 882//882 983//983
f 986//986 984//984 882//882
f 883//883 987//987 988//988
f 985//985 987//987 883//883
f 883//883 988//988 981//981
f 989//989 990//990 884//884
f 884//884 990//990 886//886
f 989//989 884//884 991//991
f 991//991 884//884 885//885
f 992//992 991//991 885//885
f 981//981 992//992 885//885
f 886//886 990//990 887//887
f 993//993 887//887 990//990
f 887//887 993//993 890//890
f 994//994 889//889 888//888
f 888//888 890//890 995//995
f 994//994 888//888 995//995
f 902//902 889//889 994//994
f 995//995 890//890 993//993
f 893//893 891//891 895//895
f 899//899 892//892 996//996
f 996//996 892//892 997//997
f 893//893 997//997 892//892
f 998//998 997//997 893//893
f 998//998 893//893 895//895
f 998//998 895//895 894//894
f 998//998 894//894 999//999
f 894//894 901//901 900//900
f 999//999 894//894 900//900
f 897//897 1000//1000 974//974
f 1000//1000 897//897 898//898
f 898//898 899//899 1001//1001
f 1001//1001 1000//1000 898//898
f 899//899 1002//1002 1001//1001
f 996//996 1003//1003 899//899
f 1003//1003 1002//1002 899//899
f 900//900 1004//1004 999//999
f 900//900 904//904 1004//1004
f 902//902 1005//1005 903//903
f 1005//1005 902//902 994//994
f 904//904 903//903 1006//1006
f 1005//1005 1007//1007 903//903
f 1006//1006 903//903 1007//1007
f 1008//1008 1004//1004 904//904
f 1006//1006 1008//1008 904//904
f 931//931 906//906 905//905
f 906//906 934//934 908//908
f 934//934 906//906 931//931
f 907//907 1009//1009 910//910
f 908//908 1010//1010 907//907
f 1009//1009 907//907 1010//1010
f 908//908 934//934 1010//1010
f 911//911 913//913 909//909
f 1011//1011 910//910 1009//1009
f 1012//1012 912//912 910//910
f 1011//1011 1012//1012 910//910
f 912//912 1013//1013 911//911
f 911//911 1013//1013 1014//1014
f 913//913 911//911 1014//1014
f 1012//1012 1013//1013 912//912
f 913//913 1014//1014 980//980
f 936//936 914//914 916//916
f 916//916 915//915 1015//1015
f 915//915 1016//1016 1015//1015
f 1017//1017 915//915 922//922
f 915//915 1017//1017 1016//1016
f 916//916 1018//1018 936//936
f 1018//1018 916//916 1015//1015
f 917//917 930//930 1019//1019
f 1020//1020 917//917 1019//1019
f 918//918 917//917 1021//1021
f 1020//1020 1022//1022 917//917
f 917//917 1022//1022 1021//1021
f 918//918 1021//1021 919//919
f 919//919 1023//1023 920//920
f 1023//1023 919//919 1024//1024
f 919//919 1021//1021 1024//1024
f 1025//1025 920//920 1023//1023
f 1026//1026 922//922 920//920
f 1025//1025 1026//1026 920//920
f 922//922 1026//1026 1017//1017
f 964//964 1027//1027 924//924
f 1027//1027 1028//1028 924//924
f 924//924 1028//1028 926//926
f 1029//1029 926//926 1028//1028
f 926//926 1029//1029 927//927
f 1029//1029 928//928 927//927
f 1030//1030 1031//1031 928//928
f 1031//1031 929//929 928//928
f 928//928 1032//1032 1030//1030
f 1029//1029 1032//1032 928//928
f 1031//1031 930//930 929//929
f 930//930 1033//1033 1019//1019
f 1033//1033 930//930 1031//1031
f 933//933 1034//1034 932//932
f 1035//1035 932//932 1034//1034
f 1009//1009 934//934 932//932
f 932//932 1035//1035 1009//1009
f 1034//1034 933//933 935//935
f 1009//1009 1010//1010 934//934
f 935//935 936//936 1018//1018
f 1018//1018 1036//1036 935//935
f 1037//1037 935//935 1038//1038
f 1034//1034 935//935 1037//1037
f 1038//1038 935//935 1039//1039
f 935//935 1036//1036 1039//1039
f 1040//1040 937//937 938//938
f 1041//1041 939//939 937//937
f 937//937 1040//1040 1041//1041
f 1042//1042 1040//1040 938//938
f 938//938 965//965 1042//1042
f 1041//1041 940//940 939//939
f 1041//1041 941//941 940//940
f 1041//1041 945//945 941//941
f 1043//1043 942//942 948//948
f 1043//1043 943//943 942//942
f 962//962 943//943 1043//1043
f 1044//1044 945//945 1041//1041
f 945//945 1044//1044 946//946
f 946//946 1044//1044 947//947
f 947//947 1044//1044 1045//1045
f 1046//1046 948//948 947//947
f 1046//1046 947//947 1045//1045
f 948//948 1046//1046 1043//1043
f 950//950 963//963 953//953
f 964//964 952//952 951//951
f 951//951 1027//1027 964//964
f 963//963 1047//1047 951//951
f 1027//1027 951//951 1048//1048
f 1047//1047 1048//1048 951//951
f 953//953 963//963 951//951
f 1049//1049 954//954 956//956
f 1049//1049 1050//1050 954//954
f 1050//1050 958//958 954//954
f 955//955 1051//1051 956//956
f 1052//1052 955//955 957//957
f 1051//1051 955//955 1052//1052
f 1053//1053 956//956 1051//1051
f 956//956 1053//1053 1049//1049
f 961//961 1054//1054 957//957
f 957//957 1054//1054 1052//1052
f 958//958 1050//1050 960//960
f 959//959 960//960 1055//1055
f 1055//1055 963//963 959//959
f 1056//1056 960//960 1050//1050
f 1057//1057 1055//1055 960//960
f 1058//1058 960//960 1056//1056
f 960//960 1058//1058 1057//1057
f 962//962 1054//1054 961//961
f 1043//1043 1059//1059 962//962
f 1059//1059 1054//1054 962//962
f 963//963 1055//1055 1047//1047
f 1042//1042 965//965 976//976
f 969//969 977//977 966//966
f 966//966 967//967 969//969
f 1060//1060 969//969 968//968
f 1060//1060 968//968 970//970
f 977//977 969//969 1061//1061
f 1060//1060 1061//1061 969//969
f 970//970 1062//1062 1063//1063
f 1063//1063 1060//1060 970//970
f 1064//1064 1062//1062 970//970
f 1065//1065 1064//1064 970//970
f 970//970 972//972 1033//1033
f 1033//1033 1065//1065 970//970
f 1019//1019 972//972 971//971
f 1066//1066 1019//1019 971//971
f 971//971 973//973 1066//1066
f 1019//1019 1033//1033 972//972
f 1066//1066 973//973 974//974
f 974//974 1000//1000 1066//1066
f 976//976 975//975 979//979
f 978//978 976//976 979//979
f 978//978 1067//1067 976//976
f 976//976 1067//1067 1042//1042
f 1068//1068 978//978 977//977
f 1061//1061 1068//1068 977//977
f 978//978 1069//1069 1067//1067
f 1068//1068 1053//1053 978//978
f 1069//1069 978//978 1053//1053
f 982//982 980//980 1014//1014
f 1070//1070 981//981 1071//1071
f 1072//1072 992//992 981//981
f 1070//1070 1072//1072 981//981
f 981//981 988//988 1073//1073
f 981//981 1073//1073 984//984
f 981//981 984//984 1074//1074
f 1074//1074 1075//1075 981//981
f 1071//1071 981//981 1076//1076
f 981//981 1075//1075 1076//1076
f 1014//1014 983//983 982//982
f 983//983 1014//1014 1077//1077
f 1077//1077 1078//1078 983//983
f 983//983 1078//1078 986//986
f 984//984 1073//1073 985//985
f 984//984 1079//1079 1074//1074
f 1079//1079 984//984 986//986
f 985//985 988//988 987//987
f 985//985 1073//1073 988//988
f 986//986 1080//1080 1079//1079
f 986//986 1078//1078 1081//1081
f 986//986 1081//1081 1080//1080
f 993//993 990//990 989//989
f 991//991 1082//1082 989//989
f 1083//1083 993//993 989//989
f 1083//1083 989//989 1082//1082
f 1084//1084 1082//1082 991//991
f 1084//1084 991//991 992//992
f 1084//1084 992//992 1072//1072
f 993//993 1083//1083 995//995
f 995//995 1085//1085 994//994
f 1086//1086 1087//1087 994//994
f 1087//1087 1005//1005 994//994
f 994//994 1085//1085 1086//1086
f 1088//1088 995//995 1083//1083
f 995//995 1088//1088 1085//1085
f 1003//1003 996//996 997//997
f 1089//1089 998//998 999//999
f 1089//1089 997//997 998//998
f 1090//1090 999//999 1091//1091
f 999//999 1090//1090 1089//1089
f 1092//1092 1091//1091 999//999
f 1092//1092 999//999 1004//1004
f 1000//1000 1001//1001 1093//1093
f 1066//1066 1000//1000 1093//1093
f 1001//1001 1002//1002 1093//1093
f 1094//1094 1002//1002 1003//1003
f 1095//1095 1002//1002 1096//1096
f 1093//1093 1002//1002 1097//1097
f 1095//1095 1097//1097 1002//1002
f 1096//1096 1002//1002 1094//1094
f 1090//1090 1003//1003 997//997
f 1003//1003 1090//1090 1094//1094
f 1092//1092 1004//1004 1008//1008
f 1005//1005 1087//1087 1007//1007
f 1007//1007 1098//1098 1006//1006
f 1099//1099 1006//1006 1100//1100
f 1100//1100 1006//1006 1098//1098
f 1099//1099 1008//1008 1006//1006
f 1101//1101 1098//1098 1007//1007
f 1101//1101 1007//1007 1087//1087
f 1102//1102 1092//1092 1008//1008
f 1099//1099 1102//1102 1008//1008
f 1011//1011 1009//1009 1035//1035
f 1035//1035 1103//1103 1011//1011
f 1104//1104 1012//1012 1011//1011
f 1104//1104 1011//1011 1103//1103
f 1105//1105 1013//1013 1012//1012
f 1104//1104 1105//1105 1012//1012
f 1077//1077 1014//1014 1013//1013
f 1013//1013 1105//1105 1077//1077
f 1018//1018 1015//1015 1106//1106
f 1015//1015 1016//1016 1106//1106
f 1106//1106 1016//1016 1017//1017
f 1017//1017 1025//1025 1107//1107
f 1017//1017 1107//1107 1108//1108
f 1106//1106 1017//1017 1108//1108
f 1025//1025 1017//1017 1026//1026
f 1106//1106 1036//1036 1018//1018
f 1066//1066 1109//1109 1019//1019
f 1019//1019 1109//1109 1020//1020
f 1020//1020 1109//1109 1110//1110
f 1111//1111 1020//1020 1112//1112
f 1022//1022 1020//1020 1111//1111
f 1110//1110 1112//1112 1020//1020
f 1021//1021 1022//1022 1024//1024
f 1022//1022 1111//1111 1024//1024
f 1113//1113 1023//1023 1024//1024
f 1023//1023 1114//1114 1025//1025
f 1114//1114 1023//1023 1113//1113
f 1024//1024 1111//1111 1115//1115
f 1115//1115 1116//1116 1024//1024
f 1117//1117 1024//1024 1118//1118
f 1116//1116 1118//1118 1024//1024
f 1113//1113 1024//1024 1117//1117
f 1025//1025 1119//1119 1120//1120
f 1025//1025 1114//1114 1121//1121
f 1025//1025 1121//1121 1119//1119
f 1107//1107 1025//1025 1122//1122
f 1122//1122 1025//1025 1120//1120
f 1027//1027 1048//1048 1028//1028
f 1028//1028 1047//1047 1123//1123
f 1047//1047 1028//1028 1048//1048
f 1124//1124 1029//1029 1028//1028
f 1028//1028 1123//1123 1124//1124
f 1029//1029 1124//1124 1125//1125
f 1125//1125 1032//1032 1029//1029
f 1126//1126 1031//1031 1030//1030
f 1030//1030 1032//1032 1126//1126
f 1064//1064 1031//1031 1126//1126
f 1064//1064 1065//1065 1031//1031
f 1031//1031 1065//1065 1033//1033
f 1125//1125 1126//1126 1032//1032
f 1035//1035 1034//1034 1127//1127
f 1037//1037 1127//1127 1034//1034
f 1127//1127 1128//1128 1035//1035
f 1103//1103 1035//1035 1128//1128
f 1129//1129 1036//1036 1106//1106
f 1036//1036 1129//1129 1130//1130
f 1131//1131 1039//1039 1036//1036
f 1130//1130 1131//1131 1036//1036
f 1037//1037 1038//1038 1132//1132
f 1132//1132 1127//1127 1037//1037
f 1038//1038 1039//1039 1133//1133
f 1132//1132 1038//1038 1133//1133
f 1133//1133 1039//1039 1134//1134
f 1039//1039 1131//1131 1134//1134
f 1045//1045 1040//1040 1042//1042
f 1041//1041 1040//1040 1044//1044
f 1040//1040 1045//1045 1044//1044
f 1042//1042 1135//1135 1045//1045
f 1042//1042 1136//1136 1135//1135
f 1067//1067 1136//1136 1042//1042
f 1046//1046 1059//1059 1043//1043
f 1135//1135 1046//1046 1045//1045
f 1046//1046 1135//1135 1059//1059
f 1123//1123 1047//1047 1057//1057
f 1057//1057 1047//1047 1055//1055
f 1049//1049 1053//1053 1068//1068
f 1068//1068 1137//1137 1049//1049
f 1050//1050 1049//1049 1137//1137
f 1137//1137 1056//1056 1050//1050
f 1051//1051 1052//1052 1069//1069
f 1053//1053 1051//1051 1069//1069
f 1052//1052 1067//1067 1069//1069
f 1067//1067 1052//1052 1136//1136
f 1136//1136 1052//1052 1054//1054
f 1059//1059 1136//1136 1054//1054
f 1138//1138 1056//1056 1137//1137
f 1056//1056 1138//1138 1058//1058
f 1123//1123 1057//1057 1058//1058
f 1058//1058 1138//1138 1139//1139
f 1058//1058 1139//1139 1123//1123
f 1135//1135 1136//1136 1059//1059
f 1061//1061 1060//1060 1137//1137
f 1060//1060 1140//1140 1138//1138
f 1060//1060 1063//1063 1140//1140
f 1138//1138 1137//1137 1060//1060
f 1061//1061 1137//1137 1068//1068
f 1126//1126 1063//1063 1062//1062
f 1062//1062 1064//1064 1126//1126
f 1126//1126 1140//1140 1063//1063
f 1066//1066 1110//1110 1109//1109
f 1093//1093 1110//1110 1066//1066
f 1071//1071 1141//1141 1070//1070
f 1141//1141 1142//1142 1070//1070
f 1142//1142 1143//1143 1070//1070
f 1072//1072 1070//1070 1143//1143
f 1076//1076 1144//1144 1071//1071
f 1071//1071 1145//1145 1141//1141
f 1144//1144 1145//1145 1071//1071
f 1146//1146 1084//1084 1072//1072
f 1143//1143 1146//1146 1072//1072
f 1080//1080 1075//1075 1074//1074
f 1080//1080 1074//1074 1079//1079
f 1075//1075 1080//1080 1147//1147
f 1147//1147 1076//1076 1075//1075
f 1147//1147 1144//1144 1076//1076
f 1148//1148 1149//1149 1077//1077
f 1077//1077 1105//1105 1148//1148
f 1077//1077 1149//1149 1078//1078
f 1150//1150 1078//1078 1149//1149
f 1151//1151 1078//1078 1150//1150
f 1081//1081 1078//1078 1151//1151
f 1080//1080 1081//1081 1152//1152
f 1147//1147 1080//1080 1153//1153
f 1154//1154 1153//1153 1080//1080
f 1080//1080 1152//1152 1155//1155
f 1080//1080 1156//1156 1154//1154
f 1155//1155 1156//1156 1080//1080
f 1152//1152 1081//1081 1151//1151
f 1157//1157 1083//1083 1082//1082
f 1158//1158 1082//1082 1159//1159
f 1158//1158 1157//1157 1082//1082
f 1159//1159 1082//1082 1084//1084
f 1088//1088 1083//1083 1157//1157
f 1159//1159 1084//1084 1160//1160
f 1160//1160 1084//1084 1146//1146
f 1086//1086 1085//1085 1161//1161
f 1085//1085 1088//1088 1162//1162
f 1161//1161 1085//1085 1162//1162
f 1086//1086 1101//1101 1087//1087
f 1101//1101 1086//1086 1161//1161
f 1088//1088 1157//1157 1163//1163
f 1088//1088 1163//1163 1162//1162
f 1090//1090 997//997 1089//1089
f 1091//1091 1094//1094 1090//1090
f 1091//1091 1096//1096 1094//1094
f 1096//1096 1091//1091 1164//1164
f 1091//1091 1092//1092 1164//1164
f 1165//1165 1164//1164 1092//1092
f 1102//1102 1165//1165 1092//1092
f 1110//1110 1093//1093 1097//1097
f 1096//1096 1166//1166 1095//1095
f 1095//1095 1167//1167 1097//1097
f 1167//1167 1095//1095 1168//1168
f 1095//1095 1166//1166 1168//1168
f 1166//1166 1096//1096 1169//1169
f 1096//1096 1164//1164 1169//1169
f 1112//1112 1110//1110 1097//1097
f 1097//1097 1167//1167 1112//1112
f 1098//1098 1170//1170 1100//1100
f 1170//1170 1098//1098 1101//1101
f 1099//1099 1100//1100 1171//1171
f 1165//1165 1102//1102 1099//1099
f 1171//1171 1172//1172 1099//1099
f 1173//1173 1099//1099 1174//1174
f 1173//1173 1165//1165 1099//1099
f 1175//1175 1099//1099 1172//1172
f 1176//1176 1174//1174 1099//1099
f 1175//1175 1176//1176 1099//1099
f 1170//1170 1171//1171 1100//1100
f 1101//1101 1161//1161 1177//1177
f 1170//1170 1101//1101 1177//1177
f 1128//1128 1178//1178 1103//1103
f 1179//1179 1180//1180 1103//1103
f 1103//1103 1180//1180 1104//1104
f 1179//1179 1103//1103 1178//1178
f 1180//1180 1105//1105 1104//1104
f 1148//1148 1105//1105 1181//1181
f 1105//1105 1180//1180 1181//1181
f 1182//1182 1129//1129 1106//1106
f 1106//1106 1108//1108 1182//1182
f 1122//1122 1108//1108 1107//1107
f 1182//1182 1108//1108 1122//1122
f 1111//1111 1112//1112 1183//1183
f 1111//1111 1183//1183 1115//1115
f 1183//1183 1112//1112 1167//1167
f 1117//1117 1114//1114 1113//1113
f 1114//1114 1117//1117 1184//1184
f 1114//1114 1184//1184 1121//1121
f 1116//1116 1115//1115 1183//1183
f 1183//1183 1185//1185 1116//1116
f 1185//1185 1186//1186 1116//1116
f 1116//1116 1186//1186 1187//1187
f 1116//1116 1187//1187 1118//1118
f 1117//1117 1118//1118 1187//1187
f 1188//1188 1117//1117 1187//1187
f 1189//1189 1184//1184 1117//1117
f 1188//1188 1190//1190 1117//1117
f 1189//1189 1117//1117 1190//1190
f 1119//1119 1191//1191 1120//1120
f 1191//1191 1119//1119 1121//1121
f 1192//1192 1120//1120 1191//1191
f 1120//1120 1192//1192 1122//1122
f 1193//1193 1194//1194 1121//1121
f 1121//1121 1194//1194 1191//1191
f 1189//1189 1193//1193 1121//1121
f 1121//1121 1184//1184 1189//1189
f 1195//1195 1182//1182 1122//1122
f 1122//1122 1196//1196 1195//1195
f 1122//1122 1197//1197 1196//1196
f 1122//1122 1192//1192 1197//1197
f 1123//1123 1139//1139 1124//1124
f 1125//1125 1124//1124 1139//1139
f 1126//1126 1125//1125 1139//1139
f 1140//1140 1126//1126 1138//1138
f 1126//1126 1139//1139 1138//1138
f 1132//1132 1198//1198 1127//1127
f 1128//1128 1127//1127 1198//1198
f 1178//1178 1128//1128 1198//1198
f 1130//1130 1129//1129 1182//1182
f 1199//1199 1131//1131 1130//1130
f 1199//1199 1130//1130 1182//1182
f 1134//1134 1131//1131 1200//1200
f 1199//1199 1200//1200 1131//1131
f 1133//1133 1201//1201 1132//1132
f 1132//1132 1202//1202 1198//1198
f 1132//1132 1201//1201 1202//1202
f 1201//1201 1133//1133 1134//1134
f 1134//1134 1202//1202 1201//1201
f 1134//1134 1203//1203 1202//1202
f 1134//1134 1200//1200 1203//1203
f 1141//1141 1204//1204 1142//1142
f 1141//1141 1145//1145 1204//1204
f 1142//1142 1205//1205 1146//1146
f 1204//1204 1205//1205 1142//1142
f 1143//1143 1142//1142 1146//1146
f 1206//1206 1144//1144 1147//1147
f 1206//1206 1145//1145 1144//1144
f 1207//1207 1204//1204 1145//1145
f 1208//1208 1146//1146 1205//1205
f 1146//1146 1208//1208 1160//1160
f 1147//1147 1153//1153 1206//1206
f 1149//1149 1148//1148 1209//1209
f 1181//1181 1210//1210 1148//1148
f 1211//1211 1148//1148 1210//1210
f 1212//1212 1209//1209 1148//1148
f 1148//1148 1211//1211 1213//1213
f 1148//1148 1213//1213 1214//1214
f 1212//1212 1148//1148 1214//1214
f 1149//1149 1209//1209 1150//1150
f 1151//1151 1150//1150 1212//1212
f 1212//1212 1150//1150 1209//1209
f 1212//1212 1214//1214 1151//1151
f 1214//1214 1215//1215 1151//1151
f 1151//1151 1215//1215 1216//1216
f 1152//1152 1151//1151 1217//1217
f 1151//1151 1216//1216 1217//1217
f 1217//1217 1155//1155 1152//1152
f 1154//1154 1218//1218 1153//1153
f 1153//1153 1219//1219 1206//1206
f 1218//1218 1219//1219 1153//1153
f 1220//1220 1221//1221 1154//1154
f 1154//1154 1156//1156 1220//1220
f 1154//1154 1221//1221 1218//1218
f 1217//1217 1222//1222 1155//1155
f 1223//1223 1155//1155 1222//1222
f 1156//1156 1155//1155 1223//1223
f 1156//1156 1223//1223 1220//1220
f 1163//1163 1157//1157 1158//1158
f 1163//1163 1158//1158 1159//1159
f 1224//1224 1163//1163 1159//1159
f 1160//1160 1224//1224 1159//1159
f 1224//1224 1160//1160 1225//1225
f 1208//1208 1226//1226 1160//1160
f 1160//1160 1227//1227 1228//1228
f 1228//1228 1229//1229 1160//1160
f 1229//1229 1225//1225 1160//1160
f 1226//1226 1227//1227 1160//1160
f 1177//1177 1161//1161 1162//1162
f 1230//1230 1162//1162 1231//1231
f 1162//1162 1230//1230 1177//1177
f 1231//1231 1162//1162 1232//1232
f 1162//1162 1163//1163 1224//1224
f 1162//1162 1224//1224 1232//1232
f 1233//1233 1169//1169 1164//1164
f 1164//1164 1234//1234 1233//1233
f 1164//1164 1165//1165 1234//1234
f 1165//1165 1235//1235 1236//1236
f 1165//1165 1237//1237 1238//1238
f 1236//1236 1237//1237 1165//1165
f 1165//1165 1238//1238 1234//1234
f 1173//1173 1235//1235 1165//1165
f 1168//1168 1166//1166 1239//1239
f 1166//1166 1169//1169 1240//1240
f 1240//1240 1239//1239 1166//1166
f 1168//1168 1183//1183 1167//1167
f 1185//1185 1168//1168 1239//1239
f 1183//1183 1168//1168 1185//1185
f 1233//1233 1240//1240 1169//1169
f 1170//1170 1172//1172 1171//1171
f 1241//1241 1170//1170 1177//1177
f 1172//1172 1170//1170 1241//1241
f 1172//1172 1242//1242 1175//1175
f 1242//1242 1172//1172 1241//1241
f 1243//1243 1173//1173 1174//1174
f 1235//1235 1173//1173 1243//1243
f 1243//1243 1174//1174 1244//1244
f 1245//1245 1244//1244 1174//1174
f 1245//1245 1174//1174 1176//1176
f 1242//1242 1246//1246 1175//1175
f 1247//1247 1176//1176 1175//1175
f 1175//1175 1246//1246 1247//1247
f 1248//1248 1249//1249 1176//1176
f 1176//1176 1249//1249 1245//1245
f 1248//1248 1176//1176 1247//1247
f 1177//1177 1230//1230 1241//1241
f 1178//1178 1198//1198 1250//1250
f 1179//1179 1178//1178 1251//1251
f 1251//1251 1178//1178 1250//1250
f 1181//1181 1180//1180 1179//1179
f 1179//1179 1251//1251 1252//1252
f 1179//1179 1252//1252 1181//1181
f 1252//1252 1210//1210 1181//1181
f 1253//1253 1199//1199 1182//1182
f 1253//1253 1182//1182 1195//1195
f 1239//1239 1186//1186 1185//1185
f 1239//1239 1240//1240 1186//1186
f 1186//1186 1240//1240 1254//1254
f 1186//1186 1254//1254 1187//1187
f 1255//1255 1187//1187 1254//1254
f 1255//1255 1188//1188 1187//1187
f 1188//1188 1255//1255 1190//1190
f 1256//1256 1189//1189 1190//1190
f 1189//1189 1256//1256 1257//1257
f 1257//1257 1193//1193 1189//1189
f 1256//1256 1190//1190 1258//1258
f 1255//1255 1258//1258 1190//1190
f 1259//1259 1192//1192 1191//1191
f 1259//1259 1191//1191 1194//1194
f 1197//1197 1192//1192 1259//1259
f 1193//1193 1260//1260 1194//1194
f 1193//1193 1257//1257 1260//1260
f 1194//1194 1260//1260 1259//1259
f 1261//1261 1262//1262 1195//1195
f 1262//1262 1263//1263 1195//1195
f 1195//1195 1196//1196 1261//1261
f 1253//1253 1195//1195 1263//1263
f 1264//1264 1196//1196 1197//1197
f 1196//1196 1264//1264 1265//1265
f 1196//1196 1265//1265 1261//1261
f 1266//1266 1267//1267 1197//1197
f 1266//1266 1197//1197 1259//1259
f 1268//1268 1197//1197 1269//1269
f 1197//1197 1268//1268 1270//1270
f 1264//1264 1197//1197 1270//1270
f 1197//1197 1267//1267 1269//1269
f 1198//1198 1271//1271 1272//1272
f 1272//1272 1250//1250 1198//1198
f 1271//1271 1198//1198 1202//1202
f 1203//1203 1200//1200 1199//1199
f 1203//1203 1199//1199 1253//1253
f 1273//1273 1274//1274 1202//1202
f 1274//1274 1275//1275 1202//1202
f 1202//1202 1275//1275 1271//1271
f 1202//1202 1203//1203 1273//1273
f 1203//1203 1253//1253 1273//1273
f 1276//1276 1204//1204 1207//1207
f 1204//1204 1276//1276 1277//1277
f 1205//1205 1204//1204 1277//1277
f 1208//1208 1205//1205 1278//1278
f 1277//1277 1279//1279 1205//1205
f 1278//1278 1205//1205 1279//1279
f 1280//1280 1206//1206 1276//1276
f 1206//1206 1281//1281 1276//1276
f 1206//1206 1282//1282 1281//1281
f 1280//1280 1145//1145 1206//1206
f 1219//1219 1282//1282 1206//1206
f 1207//1207 1145//1145 1280//1280
f 1276//1276 1207//1207 1280//1280
f 1283//1283 1208//1208 1278//1278
f 1226//1226 1208//1208 1283//1283
f 1284//1284 1210//1210 1252//1252
f 1284//1284 1211//1211 1210//1210
f 1285//1285 1211//1211 1284//1284
f 1285//1285 1213//1213 1211//1211
f 1286//1286 1213//1213 1285//1285
f 1286//1286 1214//1214 1213//1213
f 1287//1287 1214//1214 1286//1286
f 1287//1287 1215//1215 1214//1214
f 1288//1288 1215//1215 1287//1287
f 1288//1288 1216//1216 1215//1215
f 1289//1289 1216//1216 1288//1288
f 1290//1290 1217//1217 1216//1216
f 1289//1289 1290//1290 1216//1216
f 1217//1217 1290//1290 1222//1222
f 1291//1291 1292//1292 1218//1218
f 1218//1218 1221//1221 1291//1291
f 1293//1293 1218//1218 1292//1292
f 1219//1219 1218//1218 1293//1293
f 1282//1282 1219//1219 1293//1293
f 1294//1294 1221//1221 1220//1220
f 1223//1223 1222//1222 1220//1220
f 1220//1220 1295//1295 1296//1296
f 1220//1220 1222//1222 1295//1295
f 1220//1220 1296//1296 1294//1294
f 1221//1221 1294//1294 1291//1291
f 1297//1297 1298//1298 1222//1222
f 1222//1222 1290//1290 1297//1297
f 1222//1222 1298//1298 1295//1295
f 1225//1225 1232//1232 1224//1224
f 1299//1299 1232//1232 1225//1225
f 1299//1299 1225//1225 1229//1229
f 1300//1300 1226//1226 1301//1301
f 1302//1302 1227//1227 1226//1226
f 1283//1283 1301//1301 1226//1226
f 1300//1300 1302//1302 1226//1226
f 1303//1303 1228//1228 1227//1227
f 1303//1303 1227//1227 1302//1302
f 1228//1228 1304//1304 1305//1305
f 1305//1305 1229//1229 1228//1228
f 1228//1228 1303//1303 1304//1304
f 1229//1229 1305//1305 1306//1306
f 1306//1306 1299//1299 1229//1229
f 1307//1307 1230//1230 1231//1231
f 1307//1307 1241//1241 1230//1230
f 1307//1307 1231//1231 1308//1308
f 1299//1299 1308//1308 1231//1231
f 1232//1232 1299//1299 1231//1231
f 1234//1234 1238//1238 1233//1233
f 1233//1233 1254//1254 1240//1240
f 1254//1254 1233//1233 1309//1309
f 1233//1233 1238//1238 1309//1309
f 1236//1236 1235//1235 1310//1310
f 1310//1310 1235//1235 1243//1243
f 1237//1237 1236//1236 1311//1311
f 1312//1312 1311//1311 1236//1236
f 1236//1236 1310//1310 1312//1312
f 1313//1313 1238//1238 1237//1237
f 1314//1314 1313//1313 1237//1237
f 1311//1311 1314//1314 1237//1237
f 1238//1238 1313//1313 1309//1309
f 1242//1242 1241//1241 1307//1307
f 1307//1307 1246//1246 1242//1242
f 1243//1243 1315//1315 1310//1310
f 1316//1316 1317//1317 1243//1243
f 1243//1243 1244//1244 1316//1316
f 1317//1317 1315//1315 1243//1243
f 1244//1244 1318//1318 1316//1316
f 1319//1319 1244//1244 1245//1245
f 1319//1319 1318//1318 1244//1244
f 1245//1245 1320//1320 1319//1319
f 1245//1245 1321//1321 1320//1320
f 1322//1322 1245//1245 1249//1249
f 1322//1322 1321//1321 1245//1245
f 1323//1323 1246//1246 1307//1307
f 1247//1247 1246//1246 1323//1323
f 1324//1324 1325//1325 1247//1247
f 1247//1247 1323//1323 1326//1326
f 1324//1324 1247//1247 1326//1326
f 1327//1327 1248//1248 1247//1247
f 1247//1247 1328//1328 1327//1327
f 1247//1247 1329//1329 1330//1330
f 1329//1329 1247//1247 1331//1331
f 1332//1332 1328//1328 1247//1247
f 1247//1247 1325//1325 1331//1331
f 1247//1247 1330//1330 1332//1332
f 1249//1249 1248//1248 1322//1322
f 1248//1248 1327//1327 1322//1322
f 1333//1333 1334//1334 1250//1250
f 1333//1333 1250//1250 1272//1272
f 1250//1250 1334//1334 1251//1251
f 1335//1335 1252//1252 1251//1251
f 1335//1335 1251//1251 1334//1334
f 1335//1335 1284//1284 1252//1252
f 1253//1253 1336//1336 1337//1337
f 1338//1338 1273//1273 1253//1253
f 1253//1253 1337//1337 1338//1338
f 1253//1253 1263//1263 1336//1336
f 1254//1254 1309//1309 1255//1255
f 1258//1258 1255//1255 1309//1309
f 1258//1258 1339//1339 1256//1256
f 1256//1256 1340//1340 1341//1341
f 1340//1340 1256//1256 1339//1339
f 1342//1342 1257//1257 1256//1256
f 1343//1343 1342//1342 1256//1256
f 1341//1341 1343//1343 1256//1256
f 1342//1342 1344//1344 1257//1257
f 1345//1345 1260//1260 1257//1257
f 1344//1344 1345//1345 1257//1257
f 1309//1309 1313//1313 1258//1258
f 1258//1258 1313//1313 1339//1339
f 1266//1266 1259//1259 1260//1260
f 1260//1260 1345//1345 1266//1266
f 1261//1261 1265//1265 1262//1262
f 1336//1336 1263//1263 1262//1262
f 1262//1262 1265//1265 1346//1346
f 1336//1336 1262//1262 1346//1346
f 1270//1270 1347//1347 1264//1264
f 1347//1347 1265//1265 1264//1264
f 1348//1348 1265//1265 1347//1347
f 1266//1266 1349//1349 1267//1267
f 1345//1345 1350//1350 1266//1266
f 1350//1350 1351//1351 1266//1266
f 1349//1349 1266//1266 1352//1352
f 1352//1352 1266//1266 1351//1351
f 1267//1267 1349//1349 1353//1353
f 1267//1267 1353//1353 1269//1269
f 1269//1269 1354//1354 1268//1268
f 1354//1354 1355//1355 1268//1268
f 1268//1268 1356//1356 1270//1270
f 1355//1355 1357//1357 1268//1268
f 1356//1356 1268//1268 1357//1357
f 1269//1269 1353//1353 1358//1358
f 1354//1354 1269//1269 1359//1359
f 1359//1359 1269//1269 1358//1358
f 1270//1270 1356//1356 1347//1347
f 1272//1272 1271//1271 1360//1360
f 1361//1361 1271//1271 1275//1275
f 1361//1361 1360//1360 1271//1271
f 1360//1360 1362//1362 1272//1272
f 1363//1363 1333//1333 1272//1272
f 1272//1272 1362//1362 1364//1364
f 1364//1364 1363//1363 1272//1272
f 1273//1273 1365//1365 1274//1274
f 1338//1338 1361//1361 1273//1273
f 1361//1361 1365//1365 1273//1273
f 1275//1275 1274//1274 1365//1365
f 1275//1275 1365//1365 1361//1361
f 1276//1276 1366//1366 1367//1367
f 1276//1276 1368//1368 1277//1277
f 1276//1276 1369//1369 1368//1368
f 1369//1369 1276//1276 1367//1367
f 1366//1366 1276//1276 1281//1281
f 1277//1277 1368//1368 1370//1370
f 1277//1277 1370//1370 1279//1279
f 1283//1283 1278//1278 1279//1279
f 1371//1371 1279//1279 1370//1370
f 1372//1372 1283//1283 1279//1279
f 1373//1373 1279//1279 1371//1371
f 1279//1279 1373//1373 1372//1372
f 1366//1366 1281//1281 1282//1282
f 1282//1282 1374//1374 1375//1375
f 1282//1282 1375//1375 1376//1376
f 1282//1282 1377//1377 1378//1378
f 1376//1376 1366//1366 1282//1282
f 1378//1378 1374//1374 1282//1282
f 1377//1377 1282//1282 1293//1293
f 1372//1372 1301//1301 1283//1283
f 1379//1379 1284//1284 1335//1335
f 1379//1379 1285//1285 1284//1284
f 1380//1380 1285//1285 1379//1379
f 1380//1380 1286//1286 1285//1285
f 1381//1381 1286//1286 1380//1380
f 1381//1381 1287//1287 1286//1286
f 1382//1382 1287//1287 1381//1381
f 1382//1382 1288//1288 1287//1287
f 1383//1383 1288//1288 1382//1382
f 1383//1383 1289//1289 1288//1288
f 1384//1384 1289//1289 1383//1383
f 1385//1385 1290//1290 1289//1289
f 1384//1384 1385//1385 1289//1289
f 1290//1290 1385//1385 1297//1297
f 1291//1291 1386//1386 1292//1292
f 1291//1291 1294//1294 1387//1387
f 1387//1387 1388//1388 1291//1291
f 1291//1291 1388//1388 1386//1386
f 1293//1293 1292//1292 1389//1389
f 1292//1292 1386//1386 1390//1390
f 1391//1391 1292//1292 1392//1392
f 1292//1292 1390//1390 1392//1392
f 1292//1292 1391//1391 1389//1389
f 1389//1389 1377//1377 1293//1293
f 1296//1296 1387//1387 1294//1294
f 1393//1393 1296//1296 1295//1295
f 1298//1298 1394//1394 1295//1295
f 1393//1393 1295//1295 1394//1394
f 1395//1395 1296//1296 1393//1393
f 1395//1395 1387//1387 1296//1296
f 1396//1396 1298//1298 1297//1297
f 1396//1396 1297//1297 1397//1397
f 1397//1397 1297//1297 1385//1385
f 1398//1398 1298//1298 1396//1396
f 1298//1298 1398//1398 1394//1394
f 1299//1299 1399//1399 1308//1308
f 1400//1400 1299//1299 1306//1306
f 1400//1400 1399//1399 1299//1299
f 1401//1401 1300//1300 1301//1301
f 1300//1300 1303//1303 1302//1302
f 1303//1303 1300//1300 1402//1402
f 1403//1403 1402//1402 1300//1300
f 1300//1300 1401//1401 1403//1403
f 1301//1301 1404//1404 1401//1401
f 1301//1301 1372//1372 1404//1404
f 1402//1402 1304//1304 1303//1303
f 1304//1304 1405//1405 1305//1305
f 1406//1406 1405//1405 1304//1304
f 1407//1407 1304//1304 1402//1402
f 1407//1407 1406//1406 1304//1304
f 1400//1400 1305//1305 1408//1408
f 1405//1405 1408//1408 1305//1305
f 1400//1400 1306//1306 1305//1305
f 1308//1308 1409//1409 1307//1307
f 1307//1307 1410//1410 1323//1323
f 1410//1410 1307//1307 1409//1409
f 1409//1409 1308//1308 1399//1399
f 1411//1411 1310//1310 1315//1315
f 1310//1310 1411//1411 1312//1312
f 1311//1311 1340//1340 1314//1314
f 1340//1340 1311//1311 1412//1412
f 1312//1312 1412//1412 1311//1311
f 1312//1312 1413//1413 1412//1412
f 1413//1413 1312//1312 1414//1414
f 1411//1411 1414//1414 1312//1312
f 1313//1313 1314//1314 1339//1339
f 1339//1339 1314//1314 1340//1340
f 1315//1315 1415//1415 1411//1411
f 1317//1317 1415//1415 1315//1315
f 1317//1317 1316//1316 1416//1416
f 1416//1416 1316//1316 1417//1417
f 1316//1316 1318//1318 1417//1417
f 1415//1415 1317//1317 1416//1416
f 1417//1417 1318//1318 1418//1418
f 1318//1318 1319//1319 1418//1418
f 1418//1418 1319//1319 1419//1419
f 1320//1320 1419//1419 1319//1319
f 1419//1419 1320//1320 1420//1420
f 1320//1320 1421//1421 1420//1420
f 1421//1421 1320//1320 1321//1321
f 1321//1321 1422//1422 1423//1423
f 1423//1423 1421//1421 1321//1321
f 1422//1422 1321//1321 1322//1322
f 1424//1424 1422//1422 1322//1322
f 1424//1424 1322//1322 1327//1327
f 1425//1425 1323//1323 1410//1410
f 1323//1323 1425//1425 1326//1326
f 1325//1325 1324//1324 1426//1426
f 1324//1324 1326//1326 1426//1426
f 1325//1325 1426//1426 1427//1427
f 1331//1331 1325//1325 1427//1427
f 1426//1426 1326//1326 1425//1425
f 1327//1327 1428//1428 1424//1424
f 1327//1327 1328//1328 1429//1429
f 1428//1428 1327//1327 1429//1429
f 1328//1328 1430//1430 1431//1431
f 1431//1431 1429//1429 1328//1328
f 1328//1328 1332//1332 1430//1430
f 1330//1330 1329//1329 1432//1432
f 1329//1329 1433//1433 1432//1432
f 1434//1434 1433//1433 1329//1329
f 1329//1329 1331//1331 1434//1434
f 1432//1432 1332//1332 1330//1330
f 1435//1435 1331//1331 1427//1427
f 1434//1434 1331//1331 1436//1436
f 1436//1436 1331//1331 1435//1435
f 1332//1332 1432//1432 1430//1430
f 1437//1437 1334//1334 1333//1333
f 1333//1333 1363//1363 1438//1438
f 1438//1438 1437//1437 1333//1333
f 1334//1334 1437//1437 1335//1335
f 1379//1379 1335//1335 1437//1437
f 1336//1336 1439//1439 1337//1337
f 1346//1346 1440//1440 1336//1336
f 1336//1336 1440//1440 1439//1439
f 1337//1337 1441//1441 1442//1442
f 1443//1443 1441//1441 1337//1337
f 1337//1337 1442//1442 1338//1338
f 1337//1337 1439//1439 1443//1443
f 1444//1444 1338//1338 1442//1442
f 1360//1360 1338//1338 1444//1444
f 1360//1360 1361//1361 1338//1338
f 1412//1412 1341//1341 1340//1340
f 1412//1412 1343//1343 1341//1341
f 1343//1343 1344//1344 1342//1342
f 1445//1445 1343//1343 1412//1412
f 1343//1343 1350//1350 1344//1344
f 1445//1445 1350//1350 1343//1343
f 1345//1345 1344//1344 1350//1350
f 1265//1265 1348//1348 1346//1346
f 1440//1440 1346//1346 1348//1348
f 1446//1446 1348//1348 1347//1347
f 1446//1446 1347//1347 1356//1356
f 1348//1348 1446//1446 1440//1440
f 1353//1353 1349//1349 1447//1447
f 1447//1447 1349//1349 1352//1352
f 1445//1445 1351//1351 1350//1350
f 1445//1445 1413//1413 1351//1351
f 1413//1413 1414//1414 1351//1351
f 1351//1351 1414//1414 1352//1352
f 1414//1414 1411//1411 1352//1352
f 1352//1352 1411//1411 1447//1447
f 1358//1358 1353//1353 1447//1447
f 1354//1354 1448//1448 1449//1449
f 1448//1448 1354//1354 1359//1359
f 1449//1449 1355//1355 1354//1354
f 1355//1355 1449//1449 1450//1450
f 1450//1450 1357//1357 1355//1355
f 1451//1451 1446//1446 1356//1356
f 1356//1356 1452//1452 1453//1453
f 1454//1454 1356//1356 1357//1357
f 1451//1451 1356//1356 1453//1453
f 1452//1452 1356//1356 1454//1454
f 1454//1454 1357//1357 1455//1455
f 1455//1455 1357//1357 1450//1450
f 1447//1447 1456//1456 1358//1358
f 1456//1456 1457//1457 1358//1358
f 1358//1358 1457//1457 1359//1359
f 1457//1457 1458//1458 1359//1359
f 1359//1359 1458//1458 1448//1448
f 1459//1459 1360//1360 1444//1444
f 1362//1362 1360//1360 1460//1460
f 1460//1460 1360//1360 1459//1459
f 1461//1461 1364//1364 1362//1362
f 1460//1460 1461//1461 1362//1362
f 1363//1363 1462//1462 1438//1438
f 1462//1462 1363//1363 1364//1364
f 1364//1364 1461//1461 1463//1463
f 1364//1364 1463//1463 1462//1462
f 1464//1464 1367//1367 1366//1366
f 1366//1366 1376//1376 1464//1464
f 1367//1367 1370//1370 1369//1369
f 1370//1370 1367//1367 1371//1371
f 1367//1367 1465//1465 1371//1371
f 1465//1465 1367//1367 1464//1464
f 1369//1369 1370//1370 1368//1368
f 1371//1371 1466//1466 1373//1373
f 1465//1465 1467//1467 1371//1371
f 1371//1371 1467//1467 1466//1466
f 1404//1404 1372//1372 1468//1468
f 1468//1468 1372//1372 1373//1373
f 1466//1466 1468//1468 1373//1373
f 1469//1469 1375//1375 1374//1374
f 1470//1470 1374//1374 1378//1378
f 1471//1471 1469//1469 1374//1374
f 1471//1471 1374//1374 1470//1470
f 1376//1376 1375//1375 1469//1469
f 1469//1469 1464//1464 1376//1376
f 1389//1389 1378//1378 1377//1377
f 1437//1437 1472//1472 1379//1379
f 1473//1473 1380//1380 1379//1379
f 1379//1379 1472//1472 1473//1473
f 1473//1473 1474//1474 1380//1380
f 1381//1381 1380//1380 1474//1474
f 1382//1382 1381//1381 1474//1474
f 1382//1382 1475//1475 1476//1476
f 1474//1474 1475//1475 1382//1382
f 1477//1477 1383//1383 1382//1382
f 1382//1382 1476//1476 1477//1477
f 1477//1477 1478//1478 1383//1383
f 1384//1384 1383//1383 1478//1478
f 1397//1397 1385//1385 1384//1384
f 1397//1397 1384//1384 1479//1479
f 1479//1479 1384//1384 1478//1478
f 1480//1480 1386//1386 1388//1388
f 1386//1386 1480//1480 1390//1390
f 1481//1481 1387//1387 1395//1395
f 1481//1481 1388//1388 1387//1387
f 1480//1480 1388//1388 1481//1481
f 1391//1391 1482//1482 1389//1389
f 1389//1389 1482//1482 1378//1378
f 1390//1390 1483//1483 1484//1484
f 1485//1485 1390//1390 1480//1480
f 1390//1390 1485//1485 1483//1483
f 1392//1392 1390//1390 1484//1484
f 1486//1486 1391//1391 1392//1392
f 1482//1482 1391//1391 1486//1486
f 1392//1392 1487//1487 1486//1486
f 1488//1488 1392//1392 1484//1484
f 1392//1392 1489//1489 1487//1487
f 1488//1488 1489//1489 1392//1392
f 1490//1490 1393//1393 1394//1394
f 1491//1491 1393//1393 1490//1490
f 1491//1491 1395//1395 1393//1393
f 1398//1398 1492//1492 1394//1394
f 1490//1490 1394//1394 1492//1492
f 1493//1493 1395//1395 1491//1491
f 1493//1493 1481//1481 1395//1395
f 1396//1396 1397//1397 1494//1494
f 1398//1398 1396//1396 1495//1495
f 1495//1495 1396//1396 1494//1494
f 1494//1494 1397//1397 1479//1479
f 1492//1492 1398//1398 1495//1495
f 1400//1400 1409//1409 1399//1399
f 1496//1496 1409//1409 1400//1400
f 1496//1496 1400//1400 1426//1426
f 1426//1426 1400//1400 1408//1408
f 1401//1401 1497//1497 1498//1498
f 1498//1498 1403//1403 1401//1401
f 1497//1497 1401//1401 1499//1499
f 1404//1404 1499//1499 1401//1401
f 1407//1407 1402//1402 1403//1403
f 1403//1403 1498//1498 1500//1500
f 1403//1403 1500//1500 1407//1407
f 1404//1404 1468//1468 1501//1501
f 1404//1404 1501//1501 1499//1499
f 1406//1406 1502//1502 1405//1405
f 1502//1502 1408//1408 1405//1405
f 1427//1427 1502//1502 1406//1406
f 1503//1503 1427//1427 1406//1406
f 1504//1504 1505//1505 1406//1406
f 1406//1406 1407//1407 1504//1504
f 1406//1406 1505//1505 1503//1503
f 1407//1407 1506//1506 1504//1504
f 1407//1407 1500//1500 1506//1506
f 1426//1426 1408//1408 1502//1502
f 1496//1496 1410//1410 1409//1409
f 1425//1425 1410//1410 1496//1496
f 1415//1415 1456//1456 1411//1411
f 1411//1411 1456//1456 1447//1447
f 1412//1412 1413//1413 1445//1445
f 1456//1456 1415//1415 1457//1457
f 1416//1416 1507//1507 1415//1415
f 1415//1415 1507//1507 1457//1457
f 1417//1417 1508//1508 1416//1416
f 1416//1416 1508//1508 1507//1507
f 1418//1418 1509//1509 1417//1417
f 1417//1417 1509//1509 1508//1508
f 1419//1419 1510//1510 1418//1418
f 1418//1418 1510//1510 1509//1509
f 1420//1420 1510//1510 1419//1419
f 1420//1420 1511//1511 1510//1510
f 1512//1512 1511//1511 1420//1420
f 1420//1420 1421//1421 1512//1512
f 1512//1512 1421//1421 1513//1513
f 1421//1421 1423//1423 1514//1514
f 1421//1421 1514//1514 1513//1513
f 1423//1423 1422//1422 1514//1514
f 1514//1514 1422//1422 1515//1515
f 1422//1422 1424//1424 1515//1515
f 1515//1515 1424//1424 1516//1516
f 1424//1424 1428//1428 1516//1516
f 1426//1426 1425//1425 1496//1496
f 1427//1427 1426//1426 1502//1502
f 1503//1503 1435//1435 1427//1427
f 1429//1429 1517//1517 1428//1428
f 1516//1516 1428//1428 1518//1518
f 1518//1518 1428//1428 1517//1517
f 1431//1431 1517//1517 1429//1429
f 1519//1519 1431//1431 1430//1430
f 1520//1520 1430//1430 1432//1432
f 1430//1430 1520//1520 1519//1519
f 1519//1519 1521//1521 1431//1431
f 1517//1517 1431//1431 1521//1521
f 1520//1520 1432//1432 1433//1433
f 1520//1520 1433//1433 1522//1522
f 1522//1522 1433//1433 1434//1434
f 1434//1434 1523//1523 1522//1522
f 1523//1523 1434//1434 1436//1436
f 1435//1435 1503//1503 1524//1524
f 1435//1435 1524//1524 1436//1436
f 1525//1525 1523//1523 1436//1436
f 1436//1436 1526//1526 1525//1525
f 1526//1526 1436//1436 1527//1527
f 1524//1524 1527//1527 1436//1436
f 1472//1472 1437//1437 1438//1438
f 1438//1438 1462//1462 1528//1528
f 1528//1528 1472//1472 1438//1438
f 1451//1451 1529//1529 1439//1439
f 1529//1529 1443//1443 1439//1439
f 1439//1439 1440//1440 1446//1446
f 1451//1451 1439//1439 1446//1446
f 1442//1442 1441//1441 1529//1529
f 1443//1443 1529//1529 1441//1441
f 1444//1444 1442//1442 1459//1459
f 1459//1459 1442//1442 1529//1529
f 1448//1448 1530//1530 1449//1449
f 1458//1458 1530//1530 1448//1448
f 1530//1530 1531//1531 1449//1449
f 1449//1449 1531//1531 1450//1450
f 1450//1450 1532//1532 1455//1455
f 1511//1511 1450//1450 1531//1531
f 1511//1511 1512//1512 1450//1450
f 1532//1532 1450//1450 1512//1512
f 1451//1451 1533//1533 1529//1529
f 1534//1534 1533//1533 1451//1451
f 1453//1453 1535//1535 1451//1451
f 1535//1535 1534//1534 1451//1451
f 1453//1453 1452//1452 1536//1536
f 1537//1537 1538//1538 1452//1452
f 1452//1452 1454//1454 1539//1539
f 1539//1539 1537//1537 1452//1452
f 1536//1536 1452//1452 1538//1538
f 1535//1535 1453//1453 1536//1536
f 1454//1454 1455//1455 1539//1539
f 1532//1532 1540//1540 1455//1455
f 1539//1539 1455//1455 1541//1541
f 1455//1455 1540//1540 1541//1541
f 1457//1457 1507//1507 1458//1458
f 1507//1507 1508//1508 1458//1458
f 1458//1458 1508//1508 1530//1530
f 1460//1460 1459//1459 1542//1542
f 1459//1459 1543//1543 1542//1542
f 1459//1459 1529//1529 1544//1544
f 1544//1544 1543//1543 1459//1459
f 1542//1542 1461//1461 1460//1460
f 1461//1461 1542//1542 1463//1463
f 1462//1462 1545//1545 1528//1528
f 1463//1463 1545//1545 1462//1462
f 1463//1463 1546//1546 1545//1545
f 1546//1546 1463//1463 1547//1547
f 1547//1547 1463//1463 1542//1542
f 1464//1464 1548//1548 1549//1549
f 1550//1550 1464//1464 1469//1469
f 1551//1551 1548//1548 1464//1464
f 1549//1549 1465//1465 1464//1464
f 1464//1464 1552//1552 1551//1551
f 1464//1464 1550//1550 1552//1552
f 1465//1465 1553//1553 1467//1467
f 1549//1549 1553//1553 1465//1465
f 1554//1554 1466//1466 1553//1553
f 1555//1555 1468//1468 1466//1466
f 1466//1466 1556//1556 1557//1557
f 1467//1467 1553//1553 1466//1466
f 1466//1466 1557//1557 1555//1555
f 1558//1558 1556//1556 1466//1466
f 1558//1558 1466//1466 1554//1554
f 1468//1468 1559//1559 1501//1501
f 1555//1555 1559//1559 1468//1468
f 1469//1469 1560//1560 1561//1561
f 1469//1469 1471//1471 1560//1560
f 1561//1561 1550//1550 1469//1469
f 1470//1470 1378//1378 1562//1562
f 1471//1471 1470//1470 1562//1562
f 1563//1563 1564//1564 1471//1471
f 1471//1471 1565//1565 1563//1563
f 1566//1566 1560//1560 1471//1471
f 1471//1471 1564//1564 1566//1566
f 1565//1565 1471//1471 1562//1562
f 1482//1482 1562//1562 1378//1378
f 1473//1473 1472//1472 1528//1528
f 1474//1474 1473//1473 1475//1475
f 1475//1475 1473//1473 1567//1567
f 1567//1567 1473//1473 1528//1528
f 1476//1476 1475//1475 1568//1568
f 1568//1568 1475//1475 1567//1567
f 1477//1477 1476//1476 1569//1569
f 1569//1569 1476//1476 1568//1568
f 1478//1478 1477//1477 1570//1570
f 1570//1570 1477//1477 1571//1571
f 1571//1571 1477//1477 1569//1569
f 1478//1478 1570//1570 1479//1479
f 1572//1572 1494//1494 1479//1479
f 1479//1479 1570//1570 1573//1573
f 1572//1572 1479//1479 1573//1573
f 1485//1485 1480//1480 1574//1574
f 1574//1574 1480//1480 1481//1481
f 1574//1574 1481//1481 1493//1493
f 1562//1562 1482//1482 1486//1486
f 1484//1484 1483//1483 1575//1575
f 1483//1483 1576//1576 1575//1575
f 1485//1485 1576//1576 1483//1483
f 1575//1575 1577//1577 1484//1484
f 1484//1484 1577//1577 1488//1488
f 1576//1576 1485//1485 1574//1574
f 1487//1487 1562//1562 1486//1486
f 1487//1487 1489//1489 1578//1578
f 1562//1562 1487//1487 1578//1578
f 1489//1489 1488//1488 1578//1578
f 1579//1579 1488//1488 1577//1577
f 1488//1488 1579//1579 1578//1578
f 1490//1490 1492//1492 1580//1580
f 1491//1491 1490//1490 1581//1581
f 1581//1581 1490//1490 1580//1580
f 1493//1493 1491//1491 1581//1581
f 1580//1580 1492//1492 1582//1582
f 1492//1492 1495//1495 1583//1583
f 1492//1492 1583//1583 1584//1584
f 1492//1492 1584//1584 1582//1582
f 1574//1574 1493//1493 1585//1585
f 1493//1493 1581//1581 1585//1585
f 1494//1494 1572//1572 1495//1495
f 1584//1584 1583//1583 1495//1495
f 1495//1495 1572//1572 1584//1584
f 1498//1498 1497//1497 1586//1586
f 1587//1587 1497//1497 1499//1499
f 1588//1588 1586//1586 1497//1497
f 1589//1589 1588//1588 1497//1497
f 1589//1589 1497//1497 1587//1587
f 1586//1586 1500//1500 1498//1498
f 1587//1587 1499//1499 1501//1501
f 1500//1500 1586//1586 1590//1590
f 1590//1590 1506//1506 1500//1500
f 1501//1501 1591//1591 1587//1587
f 1591//1591 1501//1501 1559//1559
f 1524//1524 1503//1503 1505//1505
f 1592//1592 1505//1505 1504//1504
f 1593//1593 1504//1504 1506//1506
f 1593//1593 1592//1592 1504//1504
f 1524//1524 1505//1505 1592//1592
f 1506//1506 1590//1590 1593//1593
f 1508//1508 1509//1509 1530//1530
f 1530//1530 1509//1509 1531//1531
f 1509//1509 1510//1510 1531//1531
f 1531//1531 1510//1510 1511//1511
f 1512//1512 1513//1513 1532//1532
f 1594//1594 1513//1513 1514//1514
f 1594//1594 1532//1532 1513//1513
f 1514//1514 1515//1515 1594//1594
f 1515//1515 1516//1516 1594//1594
f 1594//1594 1516//1516 1595//1595
f 1516//1516 1518//1518 1595//1595
f 1517//1517 1596//1596 1518//1518
f 1517//1517 1521//1521 1597//1597
f 1517//1517 1597//1597 1598//1598
f 1598//1598 1596//1596 1517//1517
f 1596//1596 1595//1595 1518//1518
f 1519//1519 1520//1520 1599//1599
f 1519//1519 1600//1600 1521//1521
f 1599//1599 1600//1600 1519//1519
f 1525//1525 1599//1599 1520//1520
f 1520//1520 1522//1522 1525//1525
f 1601//1601 1521//1521 1602//1602
f 1601//1601 1597//1597 1521//1521
f 1602//1602 1521//1521 1600//1600
f 1525//1525 1522//1522 1523//1523
f 1527//1527 1524//1524 1592//1592
f 1603//1603 1525//1525 1604//1604
f 1526//1526 1604//1604 1525//1525
f 1603//1603 1599//1599 1525//1525
f 1604//1604 1526//1526 1527//1527
f 1605//1605 1606//1606 1527//1527
f 1527//1527 1592//1592 1593//1593
f 1527//1527 1607//1607 1608//1608
f 1527//1527 1593//1593 1605//1605
f 1606//1606 1609//1609 1527//1527
f 1527//1527 1608//1608 1604//1604
f 1607//1607 1527//1527 1609//1609
f 1528//1528 1545//1545 1567//1567
f 1529//1529 1533//1533 1544//1544
f 1532//1532 1594//1594 1540//1540
f 1610//1610 1533//1533 1611//1611
f 1533//1533 1610//1610 1612//1612
f 1544//1544 1533//1533 1612//1612
f 1533//1533 1534//1534 1611//1611
f 1534//1534 1613//1613 1614//1614
f 1611//1611 1534//1534 1614//1614
f 1615//1615 1613//1613 1534//1534
f 1534//1534 1535//1535 1616//1616
f 1615//1615 1534//1534 1616//1616
f 1616//1616 1535//1535 1536//1536
f 1538//1538 1617//1617 1536//1536
f 1616//1616 1536//1536 1618//1618
f 1536//1536 1617//1617 1618//1618
f 1617//1617 1538//1538 1537//1537
f 1539//1539 1541//1541 1537//1537
f 1537//1537 1619//1619 1617//1617
f 1537//1537 1620//1620 1621//1621
f 1541//1541 1622//1622 1537//1537
f 1537//1537 1622//1622 1620//1620
f 1621//1621 1619//1619 1537//1537
f 1594//1594 1595//1595 1540//1540
f 1540//1540 1623//1623 1541//1541
f 1623//1623 1540//1540 1595//1595
f 1541//1541 1623//1623 1624//1624
f 1622//1622 1541//1541 1624//1624
f 1547//1547 1542//1542 1625//1625
f 1626//1626 1542//1542 1543//1543
f 1625//1625 1542//1542 1626//1626
f 1544//1544 1627//1627 1543//1543
f 1628//1628 1626//1626 1543//1543
f 1629//1629 1543//1543 1627//1627
f 1543//1543 1629//1629 1628//1628
f 1544//1544 1612//1612 1627//1627
f 1545//1545 1546//1546 1630//1630
f 1545//1545 1630//1630 1567//1567
f 1625//1625 1631//1631 1546//1546
f 1625//1625 1546//1546 1547//1547
f 1546//1546 1631//1631 1630//1630
f 1549//1549 1548//1548 1632//1632
f 1633//1633 1632//1632 1548//1548
f 1551//1551 1634//1634 1548//1548
f 1548//1548 1634//1634 1633//1633
f 1635//1635 1549//1549 1632//1632
f 1636//1636 1549//1549 1635//1635
f 1553//1553 1549//1549 1636//1636
f 1637//1637 1550//1550 1638//1638
f 1637//1637 1639//1639 1550//1550
f 1552//1552 1550//1550 1639//1639
f 1640//1640 1638//1638 1550//1550
f 1641//1641 1640//1640 1550//1550
f 1641//1641 1550//1550 1561//1561
f 1551//1551 1639//1639 1642//1642
f 1639//1639 1551//1551 1552//1552
f 1634//1634 1551//1551 1642//1642
f 1636//1636 1554//1554 1553//1553
f 1635//1635 1554//1554 1636//1636
f 1554//1554 1635//1635 1643//1643
f 1643//1643 1558//1558 1554//1554
f 1555//1555 1557//1557 1644//1644
f 1644//1644 1559//1559 1555//1555
f 1557//1557 1556//1556 1645//1645
f 1646//1646 1645//1645 1556//1556
f 1646//1646 1556//1556 1558//1558
f 1647//1647 1644//1644 1557//1557
f 1557//1557 1645//1645 1647//1647
f 1646//1646 1558//1558 1648//1648
f 1643//1643 1648//1648 1558//1558
f 1644//1644 1591//1591 1559//1559
f 1561//1561 1560//1560 1649//1649
f 1649//1649 1560//1560 1650//1650
f 1651//1651 1560//1560 1566//1566
f 1560//1560 1651//1651 1650//1650
f 1649//1649 1641//1641 1561//1561
f 1578//1578 1565//1565 1562//1562
f 1564//1564 1563//1563 1652//1652
f 1652//1652 1563//1563 1565//1565
f 1566//1566 1564//1564 1652//1652
f 1578//1578 1653//1653 1565//1565
f 1565//1565 1653//1653 1654//1654
f 1652//1652 1565//1565 1654//1654
f 1651//1651 1566//1566 1655//1655
f 1655//1655 1566//1566 1652//1652
f 1567//1567 1630//1630 1568//1568
f 1630//1630 1631//1631 1568//1568
f 1568//1568 1631//1631 1569//1569
f 1631//1631 1571//1571 1569//1569
f 1573//1573 1570//1570 1571//1571
f 1625//1625 1571//1571 1631//1631
f 1625//1625 1573//1573 1571//1571
f 1573//1573 1584//1584 1572//1572
f 1573//1573 1625//1625 1656//1656
f 1656//1656 1584//1584 1573//1573
f 1585//1585 1657//1657 1574//1574
f 1574//1574 1658//1658 1576//1576
f 1658//1658 1574//1574 1657//1657
f 1575//1575 1576//1576 1658//1658
f 1659//1659 1660//1660 1575//1575
f 1661//1661 1575//1575 1658//1658
f 1575//1575 1661//1661 1659//1659
f 1577//1577 1575//1575 1660//1660
f 1662//1662 1577//1577 1660//1660
f 1662//1662 1579//1579 1577//1577
f 1663//1663 1578//1578 1579//1579
f 1578//1578 1664//1664 1653//1653
f 1664//1664 1578//1578 1663//1663
f 1579//1579 1662//1662 1665//1665
f 1579//1579 1666//1666 1667//1667
f 1666//1666 1579//1579 1665//1665
f 1667//1667 1663//1663 1579//1579
f 1668//1668 1580//1580 1582//1582
f 1668//1668 1581//1581 1580//1580
f 1585//1585 1581//1581 1668//1668
f 1656//1656 1669//1669 1582//1582
f 1582//1582 1584//1584 1656//1656
f 1668//1668 1582//1582 1669//1669
f 1668//1668 1657//1657 1585//1585
f 1586//1586 1670//1670 1671//1671
f 1672//1672 1586//1586 1588//1588
f 1672//1672 1670//1670 1586//1586
f 1671//1671 1590//1590 1586//1586
f 1587//1587 1591//1591 1589//1589
f 1588//1588 1673//1673 1672//1672
f 1673//1673 1588//1588 1589//1589
f 1674//1674 1675//1675 1589//1589
f 1589//1589 1591//1591 1644//1644
f 1589//1589 1644//1644 1647//1647
f 1675//1675 1673//1673 1589//1589
f 1589//1589 1647//1647 1674//1674
f 1606//1606 1605//1605 1590//1590
f 1590//1590 1676//1676 1606//1606
f 1605//1605 1593//1593 1590//1590
f 1590//1590 1671//1671 1676//1676
f 1677//1677 1623//1623 1595//1595
f 1596//1596 1677//1677 1595//1595
f 1677//1677 1596//1596 1678//1678
f 1598//1598 1678//1678 1596//1596
f 1601//1601 1598//1598 1597//1597
f 1598//1598 1679//1679 1678//1678
f 1598//1598 1601//1601 1679//1679
f 1600//1600 1599//1599 1680//1680
f 1680//1680 1599//1599 1603//1603
f 1600//1600 1681//1681 1682//1682
f 1600//1600 1682//1682 1683//1683
f 1683//1683 1602//1602 1600//1600
f 1681//1681 1600//1600 1680//1680
f 1601//1601 1602//1602 1683//1683
f 1684//1684 1685//1685 1601//1601
f 1686//1686 1684//1684 1601//1601
f 1679//1679 1601//1601 1685//1685
f 1683//1683 1686//1686 1601//1601
f 1604//1604 1687//1687 1603//1603
f 1680//1680 1603//1603 1687//1687
f 1688//1688 1604//1604 1689//1689
f 1604//1604 1688//1688 1687//1687
f 1608//1608 1689//1689 1604//1604
f 1609//1609 1606//1606 1676//1676
f 1608//1608 1607//1607 1690//1690
f 1690//1690 1607//1607 1609//1609
f 1608//1608 1691//1691 1689//1689
f 1692//1692 1691//1691 1608//1608
f 1608//1608 1690//1690 1692//1692
f 1690//1690 1609//1609 1676//1676
f 1611//1611 1627//1627 1610//1610
f 1627//1627 1612//1612 1610//1610
f 1611//1611 1693//1693 1627//1627
f 1611//1611 1694//1694 1693//1693
f 1694//1694 1611//1611 1695//1695
f 1611//1611 1614//1614 1695//1695
f 1695//1695 1614//1614 1613//1613
f 1695//1695 1613//1613 1615//1615
f 1615//1615 1696//1696 1695//1695
f 1696//1696 1615//1615 1697//1697
f 1697//1697 1615//1615 1698//1698
f 1615//1615 1699//1699 1698//1698
f 1616//1616 1699//1699 1615//1615
f 1618//1618 1700//1700 1616//1616
f 1701//1701 1702//1702 1616//1616
f 1699//1699 1616//1616 1702//1702
f 1616//1616 1700//1700 1701//1701
f 1619//1619 1618//1618 1617//1617
f 1618//1618 1619//1619 1703//1703
f 1703//1703 1700//1700 1618//1618
f 1704//1704 1705//1705 1619//1619
f 1619//1619 1705//1705 1703//1703
f 1704//1704 1619//1619 1621//1621
f 1706//1706 1621//1621 1620//1620
f 1624//1624 1707//1707 1620//1620
f 1622//1622 1624//1624 1620//1620
f 1620//1620 1707//1707 1706//1706
f 1708//1708 1621//1621 1706//1706
f 1709//1709 1710//1710 1621//1621
f 1710//1710 1704//1704 1621//1621
f 1708//1708 1709//1709 1621//1621
f 1678//1678 1623//1623 1677//1677
f 1624//1624 1623//1623 1678//1678
f 1624//1624 1678//1678 1707//1707
f 1656//1656 1625//1625 1626//1626
f 1626//1626 1628//1628 1656//1656
f 1627//1627 1693//1693 1629//1629
f 1656//1656 1628//1628 1629//1629
f 1669//1669 1656//1656 1629//1629
f 1669//1669 1629//1629 1693//1693
f 1632//1632 1633//1633 1635//1635
f 1633//1633 1711//1711 1635//1635
f 1633//1633 1634//1634 1711//1711
f 1711//1711 1634//1634 1642//1642
f 1712//1712 1635//1635 1711//1711
f 1643//1643 1635//1635 1712//1712
f 1637//1637 1638//1638 1713//1713
f 1642//1642 1639//1639 1637//1637
f 1714//1714 1637//1637 1715//1715
f 1713//1713 1715//1715 1637//1637
f 1711//1711 1642//1642 1637//1637
f 1711//1711 1637//1637 1714//1714
f 1713//1713 1638//1638 1640//1640
f 1716//1716 1640//1640 1649//1649
f 1640//1640 1716//1716 1715//1715
f 1649//1649 1640//1640 1641//1641
f 1715//1715 1713//1713 1640//1640
f 1717//1717 1643//1643 1712//1712
f 1718//1718 1643//1643 1717//1717
f 1719//1719 1648//1648 1643//1643
f 1719//1719 1643//1643 1718//1718
f 1720//1720 1645//1645 1646//1646
f 1645//1645 1720//1720 1647//1647
f 1721//1721 1720//1720 1646//1646
f 1721//1721 1646//1646 1648//1648
f 1674//1674 1647//1647 1720//1720
f 1722//1722 1721//1721 1648//1648
f 1648//1648 1723//1723 1722//1722
f 1719//1719 1724//1724 1648//1648
f 1723//1723 1648//1648 1724//1724
f 1649//1649 1650//1650 1725//1725
f 1725//1725 1716//1716 1649//1649
f 1726//1726 1650//1650 1655//1655
f 1725//1725 1650//1650 1726//1726
f 1650//1650 1651//1651 1655//1655
f 1652//1652 1654//1654 1727//1727
f 1652//1652 1727//1727 1655//1655
f 1654//1654 1653//1653 1728//1728
f 1729//1729 1728//1728 1653//1653
f 1729//1729 1653//1653 1664//1664
f 1727//1727 1654//1654 1728//1728
f 1655//1655 1730//1730 1726//1726
f 1655//1655 1731//1731 1730//1730
f 1727//1727 1731//1731 1655//1655
f 1732//1732 1657//1657 1733//1733
f 1668//1668 1733//1733 1657//1657
f 1657//1657 1732//1732 1734//1734
f 1658//1658 1657//1657 1734//1734
f 1734//1734 1661//1661 1658//1658
f 1660//1660 1659//1659 1735//1735
f 1659//1659 1661//1661 1736//1736
f 1737//1737 1735//1735 1659//1659
f 1659//1659 1736//1736 1738//1738
f 1737//1737 1659//1659 1738//1738
f 1735//1735 1662//1662 1660//1660
f 1736//1736 1661//1661 1739//1739
f 1661//1661 1734//1734 1739//1739
f 1662//1662 1735//1735 1665//1665
f 1664//1664 1663//1663 1667//1667
f 1664//1664 1740//1740 1729//1729
f 1667//1667 1740//1740 1664//1664
f 1741//1741 1666//1666 1665//1665
f 1665//1665 1735//1735 1741//1741
f 1666//1666 1740//1740 1667//1667
f 1666//1666 1742//1742 1729//1729
f 1729//1729 1740//1740 1666//1666
f 1666//1666 1741//1741 1742//1742
f 1743//1743 1668//1668 1669//1669
f 1668//1668 1743//1743 1733//1733
f 1669//1669 1693//1693 1744//1744
f 1744//1744 1743//1743 1669//1669
f 1670//1670 1745//1745 1671//1671
f 1670//1670 1672//1672 1746//1746
f 1747//1747 1670//1670 1746//1746
f 1747//1747 1745//1745 1670//1670
f 1671//1671 1748//1748 1676//1676
f 1745//1745 1748//1748 1671//1671
f 1746//1746 1672//1672 1673//1673
f 1749//1749 1746//1746 1673//1673
f 1749//1749 1673//1673 1675//1675
f 1675//1675 1674//1674 1750//1750
f 1674//1674 1720//1720 1751//1751
f 1674//1674 1751//1751 1750//1750
f 1750//1750 1752//1752 1675//1675
f 1752//1752 1749//1749 1675//1675
f 1676//1676 1745//1745 1753//1753
f 1676//1676 1748//1748 1745//1745
f 1754//1754 1690//1690 1676//1676
f 1753//1753 1754//1754 1676//1676
f 1707//1707 1678//1678 1679//1679
f 1707//1707 1679//1679 1685//1685
f 1681//1681 1680//1680 1755//1755
f 1756//1756 1680//1680 1757//1757
f 1756//1756 1755//1755 1680//1680
f 1680//1680 1687//1687 1688//1688
f 1688//1688 1758//1758 1680//1680
f 1757//1757 1680//1680 1758//1758
f 1759//1759 1682//1682 1681//1681
f 1755//1755 1760//1760 1681//1681
f 1681//1681 1760//1760 1759//1759
f 1682//1682 1761//1761 1683//1683
f 1759//1759 1761//1761 1682//1682
f 1683//1683 1762//1762 1686//1686
f 1683//1683 1761//1761 1762//1762
f 1763//1763 1685//1685 1684//1684
f 1686//1686 1763//1763 1684//1684
f 1685//1685 1706//1706 1707//1707
f 1706//1706 1685//1685 1763//1763
f 1764//1764 1763//1763 1686//1686
f 1686//1686 1762//1762 1764//1764
f 1689//1689 1758//1758 1688//1688
f 1758//1758 1689//1689 1691//1691
f 1692//1692 1690//1690 1765//1765
f 1765//1765 1690//1690 1754//1754
f 1758//1758 1691//1691 1766//1766
f 1766//1766 1691//1691 1692//1692
f 1766//1766 1692//1692 1767//1767
f 1692//1692 1768//1768 1767//1767
f 1768//1768 1692//1692 1765//1765
f 1693//1693 1694//1694 1695//1695
f 1693//1693 1769//1769 1744//1744
f 1769//1769 1693//1693 1695//1695
f 1696//1696 1769//1769 1695//1695
f 1696//1696 1770//1770 1736//1736
f 1697//1697 1771//1771 1696//1696
f 1696//1696 1771//1771 1772//1772
f 1736//1736 1769//1769 1696//1696
f 1696//1696 1772//1772 1770//1770
f 1773//1773 1697//1697 1698//1698
f 1773//1773 1771//1771 1697//1697
f 1773//1773 1698//1698 1774//1774
f 1775//1775 1698//1698 1776//1776
f 1777//1777 1774//1774 1698//1698
f 1698//1698 1775//1775 1777//1777
f 1776//1776 1698//1698 1699//1699
f 1699//1699 1702//1702 1776//1776
f 1703//1703 1778//1778 1700//1700
f 1700//1700 1778//1778 1779//1779
f 1700//1700 1779//1779 1701//1701
f 1780//1780 1702//1702 1701//1701
f 1701//1701 1781//1781 1782//1782
f 1782//1782 1780//1780 1701//1701
f 1701//1701 1779//1779 1783//1783
f 1701//1701 1783//1783 1784//1784
f 1784//1784 1781//1781 1701//1701
f 1785//1785 1776//1776 1702//1702
f 1785//1785 1702//1702 1780//1780
f 1705//1705 1778//1778 1703//1703
f 1704//1704 1778//1778 1705//1705
f 1778//1778 1704//1704 1710//1710
f 1706//1706 1786//1786 1708//1708
f 1763//1763 1764//1764 1706//1706
f 1706//1706 1764//1764 1787//1787
f 1787//1787 1786//1786 1706//1706
f 1708//1708 1786//1786 1788//1788
f 1708//1708 1788//1788 1789//1789
f 1709//1709 1708//1708 1790//1790
f 1708//1708 1789//1789 1790//1790
f 1710//1710 1709//1709 1781//1781
f 1781//1781 1709//1709 1790//1790
f 1710//1710 1784//1784 1778//1778
f 1784//1784 1710//1710 1781//1781
f 1711//1711 1791//1791 1712//1712
f 1711//1711 1714//1714 1791//1791
f 1712//1712 1791//1791 1792//1792
f 1712//1712 1793//1793 1717//1717
f 1712//1712 1792//1792 1794//1794
f 1794//1794 1795//1795 1712//1712
f 1712//1712 1795//1795 1793//1793
f 1796//1796 1714//1714 1715//1715
f 1791//1791 1714//1714 1796//1796
f 1716//1716 1796//1796 1715//1715
f 1716//1716 1797//1797 1796//1796
f 1725//1725 1797//1797 1716//1716
f 1717//1717 1793//1793 1798//1798
f 1717//1717 1798//1798 1799//1799
f 1799//1799 1800//1800 1717//1717
f 1718//1718 1717//1717 1800//1800
f 1800//1800 1801//1801 1718//1718
f 1724//1724 1719//1719 1718//1718
f 1724//1724 1718//1718 1801//1801
f 1751//1751 1720//1720 1721//1721
f 1751//1751 1721//1721 1802//1802
f 1802//1802 1721//1721 1803//1803
f 1721//1721 1722//1722 1803//1803
f 1803//1803 1722//1722 1723//1723
f 1724//1724 1803//1803 1723//1723
f 1801//1801 1804//1804 1724//1724
f 1805//1805 1803//1803 1724//1724
f 1724//1724 1806//1806 1805//1805
f 1804//1804 1806//1806 1724//1724
f 1807//1807 1725//1725 1730//1730
f 1726//1726 1730//1730 1725//1725
f 1725//1725 1808//1808 1797//1797
f 1809//1809 1808//1808 1725//1725
f 1809//1809 1725//1725 1810//1810
f 1810//1810 1725//1725 1807//1807
f 1728//1728 1731//1731 1727//1727
f 1731//1731 1728//1728 1811//1811
f 1729//1729 1811//1811 1728//1728
f 1729//1729 1742//1742 1812//1812
f 1811//1811 1729//1729 1812//1812
f 1730//1730 1813//1813 1807//1807
f 1731//1731 1814//1814 1730//1730
f 1814//1814 1815//1815 1730//1730
f 1813//1813 1730//1730 1815//1815
f 1731//1731 1811//1811 1814//1814
f 1733//1733 1743//1743 1732//1732
f 1769//1769 1739//1739 1732//1732
f 1769//1769 1732//1732 1743//1743
f 1734//1734 1732//1732 1739//1739
f 1741//1741 1735//1735 1816//1816
f 1737//1737 1816//1816 1735//1735
f 1739//1739 1769//1769 1736//1736
f 1736//1736 1774//1774 1817//1817
f 1736//1736 1770//1770 1774//1774
f 1738//1738 1736//1736 1817//1817
f 1738//1738 1818//1818 1737//1737
f 1737//1737 1818//1818 1816//1816
f 1817//1817 1819//1819 1738//1738
f 1738//1738 1819//1819 1820//1820
f 1818//1818 1738//1738 1820//1820
f 1816//1816 1821//1821 1741//1741
f 1822//1822 1742//1742 1741//1741
f 1823//1823 1824//1824 1741//1741
f 1741//1741 1821//1821 1823//1823
f 1741//1741 1825//1825 1822//1822
f 1824//1824 1825//1825 1741//1741
f 1812//1812 1742//1742 1822//1822
f 1743//1743 1744//1744 1769//1769
f 1747//1747 1753//1753 1745//1745
f 1746//1746 1749//1749 1747//1747
f 1826//1826 1753//1753 1747//1747
f 1827//1827 1828//1828 1747//1747
f 1827//1827 1747//1747 1829//1829
f 1830//1830 1747//1747 1828//1828
f 1829//1829 1747//1747 1752//1752
f 1747//1747 1749//1749 1752//1752
f 1826//1826 1747//1747 1830//1830
f 1750//1750 1751//1751 1831//1831
f 1750//1750 1831//1831 1832//1832
f 1832//1832 1752//1752 1750//1750
f 1833//1833 1831//1831 1751//1751
f 1751//1751 1802//1802 1833//1833
f 1834//1834 1829//1829 1752//1752
f 1752//1752 1835//1835 1834//1834
f 1835//1835 1752//1752 1832//1832
f 1753//1753 1826//1826 1754//1754
f 1765//1765 1754//1754 1826//1826
f 1760//1760 1755//1755 1836//1836
f 1755//1755 1756//1756 1836//1836
f 1757//1757 1837//1837 1756//1756
f 1836//1836 1756//1756 1837//1837
f 1757//1757 1838//1838 1837//1837
f 1757//1757 1758//1758 1839//1839
f 1838//1838 1757//1757 1839//1839
f 1839//1839 1758//1758 1766//1766
f 1760//1760 1840//1840 1759//1759
f 1761//1761 1759//1759 1841//1841
f 1759//1759 1842//1842 1841//1841
f 1840//1840 1842//1842 1759//1759
f 1760//1760 1843//1843 1840//1840
f 1843//1843 1760//1760 1836//1836
f 1841//1841 1762//1762 1761//1761
f 1764//1764 1762//1762 1844//1844
f 1844//1844 1762//1762 1841//1841
f 1764//1764 1844//1844 1787//1787
f 1768//1768 1765//1765 1845//1845
f 1845//1845 1765//1765 1846//1846
f 1826//1826 1846//1846 1765//1765
f 1766//1766 1847//1847 1839//1839
f 1847//1847 1766//1766 1767//1767
f 1767//1767 1768//1768 1847//1847
f 1845//1845 1848//1848 1768//1768
f 1849//1849 1768//1768 1848//1848
f 1849//1849 1850//1850 1768//1768
f 1768//1768 1850//1850 1851//1851
f 1851//1851 1847//1847 1768//1768
f 1770//1770 1772//1772 1774//1774
f 1772//1772 1771//1771 1773//1773
f 1774//1774 1772//1772 1773//1773
f 1852//1852 1774//1774 1777//1777
f 1817//1817 1774//1774 1852//1852
f 1776//1776 1853//1853 1775//1775
f 1852//1852 1775//1775 1854//1854
f 1775//1775 1852//1852 1777//1777
f 1855//1855 1854//1854 1775//1775
f 1856//1856 1775//1775 1853//1853
f 1775//1775 1856//1856 1855//1855
f 1776//1776 1857//1857 1853//1853
f 1776//1776 1785//1785 1857//1857
f 1779//1779 1778//1778 1783//1783
f 1858//1858 1785//1785 1780//1780
f 1859//1859 1858//1858 1780//1780
f 1859//1859 1780//1780 1782//1782
f 1781//1781 1860//1860 1782//1782
f 1861//1861 1860//1860 1781//1781
f 1781//1781 1790//1790 1861//1861
f 1782//1782 1862//1862 1863//1863
f 1863//1863 1859//1859 1782//1782
f 1782//1782 1860//1860 1862//1862
f 1783//1783 1778//1778 1784//1784
f 1857//1857 1785//1785 1858//1858
f 1786//1786 1787//1787 1864//1864
f 1864//1864 1788//1788 1786//1786
f 1787//1787 1844//1844 1865//1865
f 1865//1865 1864//1864 1787//1787
f 1788//1788 1866//1866 1789//1789
f 1865//1865 1788//1788 1864//1864
f 1865//1865 1867//1867 1788//1788
f 1866//1866 1788//1788 1867//1867
f 1790//1790 1789//1789 1866//1866
f 1790//1790 1866//1866 1868//1868
f 1868//1868 1861//1861 1790//1790
f 1792//1792 1791//1791 1796//1796
f 1808//1808 1792//1792 1796//1796
f 1809//1809 1794//1794 1792//1792
f 1808//1808 1809//1809 1792//1792
f 1798//1798 1793//1793 1795//1795
f 1869//1869 1794//1794 1809//1809
f 1794//1794 1869//1869 1870//1870
f 1794//1794 1870//1870 1871//1871
f 1872//1872 1794//1794 1871//1871
f 1872//1872 1795//1795 1794//1794
f 1795//1795 1873//1873 1798//1798
f 1795//1795 1872//1872 1873//1873
f 1796//1796 1797//1797 1808//1808
f 1874//1874 1798//1798 1873//1873
f 1874//1874 1799//1799 1798//1798
f 1875//1875 1800//1800 1799//1799
f 1875//1875 1799//1799 1874//1874
f 1876//1876 1800//1800 1875//1875
f 1800//1800 1876//1876 1801//1801
f 1801//1801 1877//1877 1804//1804
f 1876//1876 1877//1877 1801//1801
f 1833//1833 1802//1802 1803//1803
f 1803//1803 1878//1878 1833//1833
f 1879//1879 1803//1803 1805//1805
f 1880//1880 1878//1878 1803//1803
f 1880//1880 1803//1803 1879//1879
f 1877//1877 1881//1881 1804//1804
f 1882//1882 1806//1806 1804//1804
f 1882//1882 1804//1804 1881//1881
f 1882//1882 1805//1805 1806//1806
f 1879//1879 1805//1805 1882//1882
f 1883//1883 1807//1807 1813//1813
f 1884//1884 1810//1810 1807//1807
f 1884//1884 1807//1807 1883//1883
f 1885//1885 1809//1809 1810//1810
f 1869//1869 1809//1809 1885//1885
f 1884//1884 1885//1885 1810//1810
f 1811//1811 1812//1812 1886//1886
f 1814//1814 1811//1811 1886//1886
f 1812//1812 1822//1822 1825//1825
f 1887//1887 1886//1886 1812//1812
f 1887//1887 1812//1812 1825//1825
f 1888//1888 1813//1813 1815//1815
f 1813//1813 1888//1888 1889//1889
f 1813//1813 1889//1889 1883//1883
f 1814//1814 1887//1887 1890//1890
f 1890//1890 1891//1891 1814//1814
f 1886//1886 1887//1887 1814//1814
f 1892//1892 1814//1814 1891//1891
f 1814//1814 1892//1892 1893//1893
f 1815//1815 1814//1814 1893//1893
f 1815//1815 1893//1893 1888//1888
f 1816//1816 1818//1818 1894//1894
f 1894//1894 1821//1821 1816//1816
f 1817//1817 1895//1895 1819//1819
f 1817//1817 1852//1852 1895//1895
f 1818//1818 1820//1820 1894//1894
f 1820//1820 1819//1819 1895//1895
f 1820//1820 1895//1895 1894//1894
f 1821//1821 1896//1896 1897//1897
f 1898//1898 1896//1896 1821//1821
f 1894//1894 1898//1898 1821//1821
f 1821//1821 1897//1897 1823//1823
f 1824//1824 1823//1823 1897//1897
f 1824//1824 1899//1899 1825//1825
f 1900//1900 1901//1901 1824//1824
f 1902//1902 1824//1824 1901//1901
f 1824//1824 1897//1897 1900//1900
f 1899//1899 1824//1824 1903//1903
f 1824//1824 1902//1902 1904//1904
f 1903//1903 1824//1824 1904//1904
f 1899//1899 1905//1905 1825//1825
f 1887//1887 1825//1825 1905//1905
f 1846//1846 1826//1826 1830//1830
f 1828//1828 1827//1827 1906//1906
f 1906//1906 1827//1827 1829//1829
f 1828//1828 1906//1906 1830//1830
f 1829//1829 1834//1834 1906//1906
f 1845//1845 1846//1846 1830//1830
f 1907//1907 1845//1845 1830//1830
f 1830//1830 1908//1908 1909//1909
f 1909//1909 1907//1907 1830//1830
f 1830//1830 1906//1906 1908//1908
f 1833//1833 1910//1910 1831//1831
f 1911//1911 1832//1832 1831//1831
f 1831//1831 1910//1910 1912//1912
f 1911//1911 1831//1831 1912//1912
f 1835//1835 1832//1832 1911//1911
f 1878//1878 1910//1910 1833//1833
f 1913//1913 1906//1906 1834//1834
f 1911//1911 1834//1834 1835//1835
f 1911//1911 1913//1913 1834//1834
f 1836//1836 1914//1914 1843//1843
f 1915//1915 1836//1836 1916//1916
f 1914//1914 1836//1836 1915//1915
f 1836//1836 1837//1837 1916//1916
f 1837//1837 1838//1838 1917//1917
f 1917//1917 1916//1916 1837//1837
f 1918//1918 1917//1917 1838//1838
f 1918//1918 1838//1838 1839//1839
f 1851//1851 1918//1918 1839//1839
f 1839//1839 1847//1847 1851//1851
f 1840//1840 1919//1919 1842//1842
f 1920//1920 1919//1919 1840//1840
f 1914//1914 1920//1920 1840//1840
f 1840//1840 1843//1843 1914//1914
f 1921//1921 1865//1865 1841//1841
f 1865//1865 1844//1844 1841//1841
f 1841//1841 1842//1842 1922//1922
f 1923//1923 1921//1921 1841//1841
f 1922//1922 1923//1923 1841//1841
f 1924//1924 1922//1922 1842//1842
f 1842//1842 1919//1919 1924//1924
f 1845//1845 1907//1907 1925//1925
f 1848//1848 1845//1845 1926//1926
f 1926//1926 1845//1845 1925//1925
f 1927//1927 1848//1848 1926//1926
f 1848//1848 1928//1928 1849//1849
f 1848//1848 1927//1927 1928//1928
f 1849//1849 1928//1928 1929//1929
f 1929//1929 1850//1850 1849//1849
f 1850//1850 1930//1930 1851//1851
f 1930//1930 1850//1850 1929//1929
f 1851//1851 1931//1931 1917//1917
f 1917//1917 1918//1918 1851//1851
f 1851//1851 1930//1930 1931//1931
f 1854//1854 1895//1895 1852//1852
f 1853//1853 1932//1932 1856//1856
f 1853//1853 1933//1933 1934//1934
f 1934//1934 1932//1932 1853//1853
f 1853//1853 1857//1857 1935//1935
f 1933//1933 1853//1853 1935//1935
f 1898//1898 1854//1854 1855//1855
f 1894//1894 1895//1895 1854//1854
f 1854//1854 1898//1898 1894//1894
f 1932//1932 1855//1855 1856//1856
f 1936//1936 1855//1855 1932//1932
f 1901//1901 1855//1855 1936//1936
f 1855//1855 1896//1896 1898//1898
f 1855//1855 1901//1901 1900//1900
f 1900//1900 1896//1896 1855//1855
f 1857//1857 1859//1859 1935//1935
f 1857//1857 1858//1858 1859//1859
f 1863//1863 1937//1937 1859//1859
f 1938//1938 1859//1859 1939//1939
f 1935//1935 1859//1859 1938//1938
f 1859//1859 1937//1937 1939//1939
f 1940//1940 1862//1862 1860//1860
f 1941//1941 1940//1940 1860//1860
f 1941//1941 1860//1860 1861//1861
f 1861//1861 1868//1868 1942//1942
f 1861//1861 1943//1943 1941//1941
f 1861//1861 1942//1942 1943//1943
f 1863//1863 1862//1862 1944//1944
f 1862//1862 1940//1940 1944//1944
f 1863//1863 1945//1945 1937//1937
f 1946//1946 1945//1945 1863//1863
f 1946//1946 1863//1863 1944//1944
f 1921//1921 1867//1867 1865//1865
f 1866//1866 1867//1867 1947//1947
f 1868//1868 1866//1866 1947//1947
f 1867//1867 1921//1921 1947//1947
f 1868//1868 1948//1948 1949//1949
f 1947//1947 1948//1948 1868//1868
f 1942//1942 1868//1868 1949//1949
f 1871//1871 1870//1870 1869//1869
f 1869//1869 1950//1950 1871//1871
f 1885//1885 1950//1950 1869//1869
f 1951//1951 1871//1871 1952//1952
f 1871//1871 1873//1873 1872//1872
f 1871//1871 1953//1953 1952//1952
f 1953//1953 1871//1871 1950//1950
f 1873//1873 1871//1871 1954//1954
f 1871//1871 1951//1951 1954//1954
f 1954//1954 1874//1874 1873//1873
f 1955//1955 1956//1956 1874//1874
f 1955//1955 1874//1874 1957//1957
f 1874//1874 1956//1956 1875//1875
f 1957//1957 1874//1874 1954//1954
f 1875//1875 1956//1956 1876//1876
f 1881//1881 1877//1877 1876//1876
f 1881//1881 1876//1876 1958//1958
f 1956//1956 1958//1958 1876//1876
f 1959//1959 1910//1910 1878//1878
f 1880//1880 1959//1959 1878//1878
f 1879//1879 1882//1882 1960//1960
f 1879//1879 1960//1960 1880//1880
f 1960//1960 1961//1961 1880//1880
f 1880//1880 1961//1961 1959//1959
f 1962//1962 1963//1963 1881//1881
f 1881//1881 1963//1963 1882//1882
f 1881//1881 1964//1964 1962//1962
f 1964//1964 1881//1881 1958//1958
f 1965//1965 1960//1960 1882//1882
f 1882//1882 1963//1963 1965//1965
f 1966//1966 1883//1883 1889//1889
f 1883//1883 1967//1967 1884//1884
f 1883//1883 1966//1966 1968//1968
f 1967//1967 1883//1883 1968//1968
f 1884//1884 1969//1969 1885//1885
f 1969//1969 1884//1884 1967//1967
f 1970//1970 1885//1885 1969//1969
f 1970//1970 1950//1950 1885//1885
f 1887//1887 1971//1971 1890//1890
f 1971//1971 1887//1887 1905//1905
f 1966//1966 1889//1889 1888//1888
f 1888//1888 1893//1893 1972//1972
f 1973//1973 1966//1966 1888//1888
f 1888//1888 1972//1972 1973//1973
f 1890//1890 1974//1974 1975//1975
f 1975//1975 1891//1891 1890//1890
f 1971//1971 1974//1974 1890//1890
f 1891//1891 1975//1975 1976//1976
f 1976//1976 1977//1977 1891//1891
f 1892//1892 1891//1891 1977//1977
f 1978//1978 1892//1892 1977//1977
f 1893//1893 1892//1892 1978//1978
f 1978//1978 1979//1979 1893//1893
f 1893//1893 1979//1979 1972//1972
f 1897//1897 1896//1896 1900//1900
f 1980//1980 1981//1981 1899//1899
f 1980//1980 1899//1899 1903//1903
f 1905//1905 1899//1899 1981//1981
f 1901//1901 1982//1982 1902//1902
f 1983//1983 1982//1982 1901//1901
f 1936//1936 1983//1983 1901//1901
f 1982//1982 1984//1984 1902//1902
f 1904//1904 1902//1902 1984//1984
f 1985//1985 1980//1980 1903//1903
f 1904//1904 1986//1986 1903//1903
f 1903//1903 1986//1986 1985//1985
f 1984//1984 1987//1987 1904//1904
f 1987//1987 1988//1988 1904//1904
f 1989//1989 1986//1986 1904//1904
f 1904//1904 1988//1988 1989//1989
f 1981//1981 1971//1971 1905//1905
f 1990//1990 1906//1906 1913//1913
f 1908//1908 1906//1906 1990//1990
f 1909//1909 1991//1991 1907//1907
f 1925//1925 1907//1907 1991//1991
f 1990//1990 1909//1909 1908//1908
f 1992//1992 1909//1909 1993//1993
f 1992//1992 1991//1991 1909//1909
f 1993//1993 1909//1909 1990//1990
f 1912//1912 1910//1910 1959//1959
f 1912//1912 1994//1994 1911//1911
f 1911//1911 1995//1995 1990//1990
f 1990//1990 1913//1913 1911//1911
f 1994//1994 1995//1995 1911//1911
f 1994//1994 1912//1912 1996//1996
f 1912//1912 1959//1959 1997//1997
f 1997//1997 1996//1996 1912//1912
f 1920//1920 1914//1914 1915//1915
f 1916//1916 1998//1998 1915//1915
f 1999//1999 1920//1920 1915//1915
f 1999//1999 1915//1915 1998//1998
f 1916//1916 2000//2000 2001//2001
f 1916//1916 1917//1917 2000//2000
f 2002//2002 1916//1916 2001//2001
f 1916//1916 2002//2002 1998//1998
f 1931//1931 2003//2003 1917//1917
f 2000//2000 1917//1917 2003//2003
f 1919//1919 2004//2004 1924//1924
f 2005//2005 2004//2004 1919//1919
f 1919//1919 1920//1920 2006//2006
f 1919//1919 2006//2006 2005//2005
f 2006//2006 1920//1920 2007//2007
f 2008//2008 1920//1920 2009//2009
f 2008//2008 2007//2007 1920//1920
f 1999//1999 2009//2009 1920//1920
f 1923//1923 2010//2010 1921//1921
f 1947//1947 1921//1921 2010//2010
f 2011//2011 1922//1922 1924//1924
f 1922//1922 2011//2011 1923//1923
f 1923//1923 2011//2011 2010//2010
f 1924//1924 2012//2012 2011//2011
f 2004//2004 2012//2012 1924//1924
f 1925//1925 1991//1991 2013//2013
f 1926//1926 1925//1925 2013//2013
f 1927//1927 1926//1926 2013//2013
f 1927//1927 2014//2014 1928//1928
f 2015//2015 1927//1927 2013//2013
f 2014//2014 1927//1927 2015//2015
f 1928//1928 2014//2014 2016//2016
f 1929//1929 1928//1928 2016//2016
f 2017//2017 2018//2018 1929//1929
f 1929//1929 2019//2019 2017//2017
f 2018//2018 1930//1930 1929//1929
f 2016//2016 2019//2019 1929//1929
f 2003//2003 1931//1931 1930//1930
f 1930//1930 2020//2020 2003//2003
f 2020//2020 1930//1930 2018//2018
f 1932//1932 1934//1934 2021//2021
f 1932//1932 2022//2022 1936//1936
f 2021//2021 2022//2022 1932//1932
f 2023//2023 1934//1934 1933//1933
f 2024//2024 1933//1933 1935//1935
f 2023//2023 1933//1933 2025//2025
f 2025//2025 1933//1933 2024//2024
f 2021//2021 1934//1934 2023//2023
f 1935//1935 2026//2026 2024//2024
f 1935//1935 1938//1938 2026//2026
f 2022//2022 1983//1983 1936//1936
f 1937//1937 2027//2027 1939//1939
f 2027//2027 1937//1937 1945//1945
f 1939//1939 2028//2028 1938//1938
f 2026//2026 1938//1938 2028//2028
f 1939//1939 2029//2029 2028//2028
f 2027//2027 2029//2029 1939//1939
f 1941//1941 1944//1944 1940//1940
f 1941//1941 1943//1943 2030//2030
f 2031//2031 1941//1941 2032//2032
f 2033//2033 1944//1944 1941//1941
f 2032//2032 1941//1941 2030//2030
f 1941//1941 2031//2031 2033//2033
f 2034//2034 2035//2035 1942//1942
f 1942//1942 1949//1949 2034//2034
f 2036//2036 1943//1943 1942//1942
f 1942//1942 2035//2035 2036//2036
f 2030//2030 1943//1943 2036//2036
f 2033//2033 2037//2037 1944//1944
f 1944//1944 2038//2038 1946//1946
f 1944//1944 2037//2037 2038//2038
f 1945//1945 1946//1946 2039//2039
f 1945//1945 2040//2040 2027//2027
f 2039//2039 2040//2040 1945//1945
f 2039//2039 1946//1946 2038//2038
f 1947//1947 2010//2010 1948//1948
f 1948//1948 2041//2041 1949//1949
f 2041//2041 1948//1948 2010//2010
f 1949//1949 2042//2042 2034//2034
f 1949//1949 2043//2043 2042//2042
f 2041//2041 2043//2043 1949//1949
f 1950//1950 1970//1970 1953//1953
f 1951//1951 1952//1952 2044//2044
f 2044//2044 2045//2045 1951//1951
f 1957//1957 1951//1951 2046//2046
f 1954//1954 1951//1951 1957//1957
f 2046//2046 1951//1951 2047//2047
f 2047//2047 1951//1951 2045//2045
f 1952//1952 1953//1953 2048//2048
f 2048//2048 2044//2044 1952//1952
f 1967//1967 2048//2048 1953//1953
f 1970//1970 1969//1969 1953//1953
f 1953//1953 1969//1969 1967//1967
f 1958//1958 1956//1956 1955//1955
f 1955//1955 2049//2049 2050//2050
f 2049//2049 1955//1955 1957//1957
f 1955//1955 2051//2051 2052//2052
f 2050//2050 2051//2051 1955//1955
f 1958//1958 1955//1955 2052//2052
f 1957//1957 2053//2053 2049//2049
f 2046//2046 2053//2053 1957//1957
f 2054//2054 1964//1964 1958//1958
f 2055//2055 1958//1958 2052//2052
f 2055//2055 2054//2054 1958//1958
f 2056//2056 1960//1960 1962//1962
f 1960//1960 1965//1965 1962//1962
f 1960//1960 2056//2056 1961//1961
f 1961//1961 2057//2057 1959//1959
f 2057//2057 1961//1961 2056//2056
f 1963//1963 1962//1962 1965//1965
f 2056//2056 1962//1962 2058//2058
f 2058//2058 1962//1962 1964//1964
f 1964//1964 2054//2054 2058//2058
f 1968//1968 1966//1966 1973//1973
f 1968//1968 2048//2048 1967//1967
f 2048//2048 1968//1968 1973//1973
f 1974//1974 1971//1971 1981//1981
f 2059//2059 1972//1972 1979//1979
f 2060//2060 2061//2061 1972//1972
f 2061//2061 1973//1973 1972//1972
f 1972//1972 2062//2062 2060//2060
f 2062//2062 1972//1972 2059//2059
f 2048//2048 1973//1973 2061//2061
f 2063//2063 1975//1975 1974//1974
f 1974//1974 2064//2064 2063//2063
f 1974//1974 1981//1981 2064//2064
f 1976//1976 1975//1975 2063//2063
f 2065//2065 1976//1976 2063//2063
f 1977//1977 1976//1976 2066//2066
f 2066//2066 1976//1976 2065//2065
f 1977//1977 2067//2067 1978//1978
f 2067//2067 1977//1977 2066//2066
f 1978//1978 2068//2068 1979//1979
f 2067//2067 2068//2068 1978//1978
f 2069//2069 1979//1979 2068//2068
f 2059//2059 1979//1979 2069//2069
f 2064//2064 1981//1981 1980//1980
f 1980//1980 2070//2070 2064//2064
f 2071//2071 2072//2072 1980//1980
f 1980//1980 1985//1985 2071//2071
f 2072//2072 2070//2070 1980//1980
f 2073//2073 2074//2074 1982//1982
f 2075//2075 2073//2073 1982//1982
f 1982//1982 1983//1983 2075//2075
f 1984//1984 1982//1982 2074//2074
f 1983//1983 2022//2022 2075//2075
f 2074//2074 1987//1987 1984//1984
f 1986//1986 2071//2071 1985//1985
f 1986//1986 2076//2076 2071//2071
f 1989//1989 2076//2076 1986//1986
f 2074//2074 2077//2077 1987//1987
f 1987//1987 2077//2077 1988//1988
f 1989//1989 1988//1988 2077//2077
f 2077//2077 2078//2078 1989//1989
f 2079//2079 1989//1989 2078//2078
f 2079//2079 2076//2076 1989//1989
f 2080//2080 1990//1990 1995//1995
f 1993//1993 1990//1990 2081//2081
f 1990//1990 2080//2080 2081//2081
f 1991//1991 1992//1992 2082//2082
f 2082//2082 2013//2013 1991//1991
f 2083//2083 1992//1992 1993//1993
f 2082//2082 1992//1992 2083//2083
f 1993//1993 2081//2081 2084//2084
f 2083//2083 1993//1993 2084//2084
f 1997//1997 1959//1959 2057//2057
f 1994//1994 1996//1996 2085//2085
f 1995//1995 1994//1994 2080//2080
f 2086//2086 2080//2080 1994//1994
f 2086//2086 1994//1994 2085//2085
f 2085//2085 1996//1996 1997//1997
f 2085//2085 1997//1997 2087//2087
f 1997//1997 2056//2056 2088//2088
f 1997//1997 2089//2089 2087//2087
f 1997//1997 2057//2057 2056//2056
f 2089//2089 1997//1997 2088//2088
f 1998//1998 2090//2090 1999//1999
f 2091//2091 1998//1998 2002//2002
f 2090//2090 1998//1998 2092//2092
f 2092//2092 1998//1998 2091//2091
f 1999//1999 2093//2093 2009//2009
f 2090//2090 2093//2093 1999//1999
f 2003//2003 2001//2001 2000//2000
f 2001//2001 2094//2094 2002//2002
f 2095//2095 2001//2001 2096//2096
f 2094//2094 2001//2001 2095//2095
f 2001//2001 2003//2003 2096//2096
f 2091//2091 2002//2002 2094//2094
f 2003//2003 2020//2020 2096//2096
f 2097//2097 2012//2012 2004//2004
f 2004//2004 2043//2043 2097//2097
f 2004//2004 2042//2042 2043//2043
f 2005//2005 2042//2042 2004//2004
f 2005//2005 2006//2006 2098//2098
f 2005//2005 2098//2098 2042//2042
f 2098//2098 2006//2006 2007//2007
f 2008//2008 2099//2099 2007//2007
f 2099//2099 2098//2098 2007//2007
f 2100//2100 2008//2008 2009//2009
f 2099//2099 2008//2008 2101//2101
f 2100//2100 2101//2101 2008//2008
f 2009//2009 2102//2102 2103//2103
f 2103//2103 2100//2100 2009//2009
f 2102//2102 2009//2009 2093//2093
f 2012//2012 2041//2041 2010//2010
f 2010//2010 2011//2011 2012//2012
f 2012//2012 2097//2097 2041//2041
f 2015//2015 2013//2013 2082//2082
f 2014//2014 2104//2104 2016//2016
f 2104//2104 2014//2014 2083//2083
f 2014//2014 2015//2015 2083//2083
f 2083//2083 2015//2015 2082//2082
f 2105//2105 2019//2019 2016//2016
f 2016//2016 2104//2104 2105//2105
f 2020//2020 2018//2018 2017//2017
f 2106//2106 2107//2107 2017//2017
f 2107//2107 2020//2020 2017//2017
f 2108//2108 2017//2017 2109//2109
f 2017//2017 2108//2108 2106//2106
f 2109//2109 2017//2017 2019//2019
f 2109//2109 2019//2019 2110//2110
f 2111//2111 2112//2112 2019//2019
f 2019//2019 2105//2105 2111//2111
f 2112//2112 2110//2110 2019//2019
f 2096//2096 2020//2020 2107//2107
f 2022//2022 2021//2021 2023//2023
f 2023//2023 2113//2113 2022//2022
f 2113//2113 2023//2023 2025//2025
f 2024//2024 2114//2114 2025//2025
f 2024//2024 2026//2026 2114//2114
f 2115//2115 2025//2025 2114//2114
f 2025//2025 2116//2116 2113//2113
f 2116//2116 2025//2025 2115//2115
f 2117//2117 2026//2026 2028//2028
f 2114//2114 2026//2026 2118//2118
f 2117//2117 2118//2118 2026//2026
f 2040//2040 2119//2119 2027//2027
f 2119//2119 2029//2029 2027//2027
f 2117//2117 2028//2028 2029//2029
f 2029//2029 2120//2120 2117//2117
f 2029//2029 2119//2119 2120//2120
f 2036//2036 2121//2121 2030//2030
f 2032//2032 2030//2030 2121//2121
f 2122//2122 2031//2031 2032//2032
f 2031//2031 2123//2123 2033//2033
f 2124//2124 2031//2031 2122//2122
f 2123//2123 2031//2031 2124//2124
f 2125//2125 2122//2122 2032//2032
f 2121//2121 2125//2125 2032//2032
f 2033//2033 2123//2123 2037//2037
f 2034//2034 2126//2126 2035//2035
f 2126//2126 2034//2034 2042//2042
f 2035//2035 2099//2099 2101//2101
f 2035//2035 2127//2127 2036//2036
f 2127//2127 2035//2035 2101//2101
f 2035//2035 2126//2126 2099//2099
f 2121//2121 2036//2036 2127//2127
f 2038//2038 2037//2037 2123//2123
f 2038//2038 2123//2123 2128//2128
f 2039//2039 2038//2038 2128//2128
f 2039//2039 2128//2128 2129//2129
f 2040//2040 2039//2039 2129//2129
f 2129//2129 2130//2130 2040//2040
f 2040//2040 2130//2130 2131//2131
f 2119//2119 2040//2040 2132//2132
f 2131//2131 2132//2132 2040//2040
f 2097//2097 2043//2043 2041//2041
f 2042//2042 2098//2098 2126//2126
f 2045//2045 2044//2044 2133//2133
f 2133//2133 2044//2044 2048//2048
f 2133//2133 2134//2134 2045//2045
f 2135//2135 2047//2047 2045//2045
f 2045//2045 2136//2136 2135//2135
f 2137//2137 2136//2136 2045//2045
f 2137//2137 2045//2045 2134//2134
f 2046//2046 2138//2138 2053//2053
f 2046//2046 2139//2139 2138//2138
f 2139//2139 2046//2046 2047//2047
f 2140//2140 2139//2139 2047//2047
f 2141//2141 2047//2047 2135//2135
f 2047//2047 2141//2141 2140//2140
f 2061//2061 2142//2142 2048//2048
f 2143//2143 2048//2048 2142//2142
f 2144//2144 2048//2048 2143//2143
f 2133//2133 2048//2048 2144//2144
f 2145//2145 2050//2050 2049//2049
f 2053//2053 2145//2145 2049//2049
f 2146//2146 2051//2051 2050//2050
f 2146//2146 2050//2050 2147//2147
f 2147//2147 2050//2050 2145//2145
f 2148//2148 2052//2052 2051//2051
f 2148//2148 2051//2051 2146//2146
f 2149//2149 2052//2052 2148//2148
f 2149//2149 2055//2055 2052//2052
f 2138//2138 2145//2145 2053//2053
f 2054//2054 2055//2055 2150//2150
f 2054//2054 2150//2150 2151//2151
f 2058//2058 2054//2054 2151//2151
f 2149//2149 2150//2150 2055//2055
f 2056//2056 2152//2152 2088//2088
f 2056//2056 2058//2058 2153//2153
f 2056//2056 2153//2153 2152//2152
f 2153//2153 2058//2058 2151//2151
f 2062//2062 2059//2059 2154//2154
f 2154//2154 2059//2059 2155//2155
f 2059//2059 2069//2069 2155//2155
f 2061//2061 2060//2060 2142//2142
f 2156//2156 2060//2060 2062//2062
f 2157//2157 2142//2142 2060//2060
f 2157//2157 2060//2060 2156//2156
f 2062//2062 2154//2154 2158//2158
f 2156//2156 2062//2062 2158//2158
f 2159//2159 2063//2063 2064//2064
f 2160//2160 2161//2161 2063//2063
f 2063//2063 2159//2159 2160//2160
f 2065//2065 2063//2063 2161//2161
f 2064//2064 2070//2070 2159//2159
f 2065//2065 2161//2161 2162//2162
f 2162//2162 2066//2066 2065//2065
f 2066//2066 2162//2162 2163//2163
f 2163//2163 2155//2155 2066//2066
f 2155//2155 2067//2067 2066//2066
f 2069//2069 2068//2068 2067//2067
f 2067//2067 2155//2155 2069//2069
f 2164//2164 2159//2159 2070//2070
f 2070//2070 2072//2072 2164//2164
f 2072//2072 2071//2071 2165//2165
f 2071//2071 2076//2076 2166//2166
f 2071//2071 2166//2166 2165//2165
f 2072//2072 2165//2165 2167//2167
f 2072//2072 2167//2167 2168//2168
f 2072//2072 2168//2168 2164//2164
f 2169//2169 2074//2074 2073//2073
f 2113//2113 2073//2073 2075//2075
f 2073//2073 2113//2113 2169//2169
f 2077//2077 2074//2074 2169//2169
f 2075//2075 2022//2022 2113//2113
f 2076//2076 2079//2079 2166//2166
f 2078//2078 2077//2077 2169//2169
f 2170//2170 2079//2079 2078//2078
f 2078//2078 2171//2171 2170//2170
f 2169//2169 2172//2172 2078//2078
f 2172//2172 2171//2171 2078//2078
f 2166//2166 2079//2079 2170//2170
f 2081//2081 2080//2080 2173//2173
f 2086//2086 2173//2173 2080//2080
f 2081//2081 2173//2173 2086//2086
f 2086//2086 2174//2174 2081//2081
f 2175//2175 2084//2084 2081//2081
f 2175//2175 2081//2081 2174//2174
f 2176//2176 2104//2104 2083//2083
f 2083//2083 2177//2177 2176//2176
f 2178//2178 2083//2083 2084//2084
f 2178//2178 2179//2179 2083//2083
f 2177//2177 2083//2083 2179//2179
f 2084//2084 2175//2175 2178//2178
f 2085//2085 2180//2180 2086//2086
f 2087//2087 2180//2180 2085//2085
f 2086//2086 2180//2180 2174//2174
f 2181//2181 2087//2087 2089//2089
f 2180//2180 2087//2087 2182//2182
f 2087//2087 2181//2181 2183//2183
f 2087//2087 2183//2183 2182//2182
f 2088//2088 2184//2184 2089//2089
f 2184//2184 2088//2088 2185//2185
f 2186//2186 2088//2088 2152//2152
f 2185//2185 2088//2088 2186//2186
f 2184//2184 2181//2181 2089//2089
f 2090//2090 2187//2187 2093//2093
f 2092//2092 2188//2188 2090//2090
f 2189//2189 2090//2090 2188//2188
f 2187//2187 2090//2090 2189//2189
f 2190//2190 2092//2092 2091//2091
f 2091//2091 2094//2094 2190//2190
f 2188//2188 2092//2092 2190//2190
f 2093//2093 2187//2187 2102//2102
f 2191//2191 2190//2190 2094//2094
f 2191//2191 2094//2094 2095//2095
f 2096//2096 2192//2192 2095//2095
f 2192//2192 2191//2191 2095//2095
f 2192//2192 2096//2096 2106//2106
f 2106//2106 2096//2096 2107//2107
f 2126//2126 2098//2098 2099//2099
f 2101//2101 2100//2100 2193//2193
f 2194//2194 2193//2193 2100//2100
f 2100//2100 2103//2103 2195//2195
f 2195//2195 2194//2194 2100//2100
f 2193//2193 2127//2127 2101//2101
f 2195//2195 2103//2103 2102//2102
f 2195//2195 2102//2102 2187//2187
f 2176//2176 2105//2105 2104//2104
f 2196//2196 2105//2105 2176//2176
f 2111//2111 2105//2105 2197//2197
f 2196//2196 2197//2197 2105//2105
f 2192//2192 2106//2106 2108//2108
f 2198//2198 2108//2108 2109//2109
f 2108//2108 2199//2199 2200//2200
f 2108//2108 2200//2200 2192//2192
f 2201//2201 2108//2108 2198//2198
f 2199//2199 2108//2108 2201//2201
f 2109//2109 2202//2202 2203//2203
f 2198//2198 2109//2109 2204//2204
f 2109//2109 2110//2110 2205//2205
f 2109//2109 2203//2203 2204//2204
f 2202//2202 2109//2109 2205//2205
f 2205//2205 2110//2110 2112//2112
f 2112//2112 2111//2111 2206//2206
f 2206//2206 2111//2111 2197//2197
f 2112//2112 2206//2206 2207//2207
f 2207//2207 2205//2205 2112//2112
f 2169//2169 2113//2113 2116//2116
f 2208//2208 2115//2115 2114//2114
f 2115//2115 2208//2208 2116//2116
f 2209//2209 2116//2116 2208//2208
f 2116//2116 2172//2172 2169//2169
f 2116//2116 2209//2209 2210//2210
f 2172//2172 2116//2116 2171//2171
f 2116//2116 2210//2210 2171//2171
f 2208//2208 2118//2118 2117//2117
f 2117//2117 2120//2120 2211//2211
f 2208//2208 2117//2117 2211//2211
f 2114//2114 2118//2118 2208//2208
f 2212//2212 2213//2213 2119//2119
f 2119//2119 2132//2132 2212//2212
f 2120//2120 2119//2119 2213//2213
f 2214//2214 2120//2120 2213//2213
f 2120//2120 2215//2215 2211//2211
f 2214//2214 2215//2215 2120//2120
f 2127//2127 2216//2216 2121//2121
f 2125//2125 2121//2121 2217//2217
f 2121//2121 2218//2218 2217//2217
f 2121//2121 2216//2216 2219//2219
f 2121//2121 2219//2219 2218//2218
f 2220//2220 2122//2122 2221//2221
f 2221//2221 2122//2122 2125//2125
f 2124//2124 2122//2122 2220//2220
f 2124//2124 2129//2129 2123//2123
f 2129//2129 2128//2128 2123//2123
f 2129//2129 2124//2124 2130//2130
f 2222//2222 2223//2223 2124//2124
f 2124//2124 2220//2220 2222//2222
f 2223//2223 2130//2130 2124//2124
f 2125//2125 2224//2224 2221//2221
f 2217//2217 2224//2224 2125//2125
f 2216//2216 2127//2127 2193//2193
f 2131//2131 2130//2130 2223//2223
f 2132//2132 2131//2131 2225//2225
f 2223//2223 2225//2225 2131//2131
f 2132//2132 2226//2226 2212//2212
f 2226//2226 2132//2132 2225//2225
f 2144//2144 2134//2134 2133//2133
f 2144//2144 2227//2227 2134//2134
f 2134//2134 2228//2228 2137//2137
f 2227//2227 2229//2229 2134//2134
f 2230//2230 2228//2228 2134//2134
f 2134//2134 2229//2229 2230//2230
f 2231//2231 2141//2141 2135//2135
f 2231//2231 2135//2135 2232//2232
f 2232//2232 2135//2135 2136//2136
f 2232//2232 2136//2136 2233//2233
f 2233//2233 2136//2136 2137//2137
f 2233//2233 2137//2137 2228//2228
f 2234//2234 2145//2145 2138//2138
f 2234//2234 2138//2138 2139//2139
f 2235//2235 2139//2139 2140//2140
f 2235//2235 2234//2234 2139//2139
f 2236//2236 2237//2237 2140//2140
f 2140//2140 2238//2238 2236//2236
f 2237//2237 2235//2235 2140//2140
f 2141//2141 2238//2238 2140//2140
f 2141//2141 2231//2231 2238//2238
f 2142//2142 2239//2239 2143//2143
f 2142//2142 2240//2240 2239//2239
f 2240//2240 2142//2142 2157//2157
f 2143//2143 2239//2239 2241//2241
f 2241//2241 2144//2144 2143//2143
f 2241//2241 2227//2227 2144//2144
f 2147//2147 2145//2145 2234//2234
f 2237//2237 2146//2146 2147//2147
f 2242//2242 2148//2148 2146//2146
f 2146//2146 2237//2237 2242//2242
f 2234//2234 2237//2237 2147//2147
f 2149//2149 2148//2148 2242//2242
f 2242//2242 2243//2243 2149//2149
f 2149//2149 2243//2243 2150//2150
f 2244//2244 2151//2151 2150//2150
f 2244//2244 2150//2150 2243//2243
f 2151//2151 2245//2245 2153//2153
f 2151//2151 2244//2244 2245//2245
f 2152//2152 2153//2153 2245//2245
f 2245//2245 2186//2186 2152//2152
f 2154//2154 2163//2163 2162//2162
f 2154//2154 2155//2155 2163//2163
f 2158//2158 2154//2154 2246//2246
f 2246//2246 2154//2154 2162//2162
f 2156//2156 2247//2247 2157//2157
f 2248//2248 2249//2249 2156//2156
f 2156//2156 2158//2158 2250//2250
f 2156//2156 2250//2250 2248//2248
f 2249//2249 2247//2247 2156//2156
f 2157//2157 2251//2251 2240//2240
f 2247//2247 2251//2251 2157//2157
f 2248//2248 2250//2250 2158//2158
f 2248//2248 2158//2158 2246//2246
f 2159//2159 2164//2164 2252//2252
f 2253//2253 2160//2160 2159//2159
f 2159//2159 2252//2252 2253//2253
f 2253//2253 2161//2161 2160//2160
f 2161//2161 2254//2254 2162//2162
f 2254//2254 2161//2161 2255//2255
f 2161//2161 2256//2256 2255//2255
f 2161//2161 2253//2253 2256//2256
f 2257//2257 2246//2246 2162//2162
f 2254//2254 2258//2258 2162//2162
f 2162//2162 2258//2258 2257//2257
f 2259//2259 2164//2164 2168//2168
f 2252//2252 2164//2164 2260//2260
f 2260//2260 2164//2164 2259//2259
f 2165//2165 2166//2166 2261//2261
f 2165//2165 2261//2261 2167//2167
f 2261//2261 2166//2166 2170//2170
f 2167//2167 2261//2261 2262//2262
f 2263//2263 2167//2167 2262//2262
f 2168//2168 2167//2167 2263//2263
f 2263//2263 2259//2259 2168//2168
f 2264//2264 2261//2261 2170//2170
f 2170//2170 2171//2171 2264//2264
f 2171//2171 2210//2210 2265//2265
f 2171//2171 2265//2265 2264//2264
f 2266//2266 2174//2174 2267//2267
f 2174//2174 2266//2266 2175//2175
f 2267//2267 2174//2174 2180//2180
f 2268//2268 2178//2178 2175//2175
f 2266//2266 2268//2268 2175//2175
f 2176//2176 2177//2177 2269//2269
f 2269//2269 2270//2270 2176//2176
f 2176//2176 2270//2270 2196//2196
f 2269//2269 2177//2177 2271//2271
f 2271//2271 2177//2177 2179//2179
f 2179//2179 2178//2178 2272//2272
f 2272//2272 2178//2178 2268//2268
f 2179//2179 2273//2273 2271//2271
f 2273//2273 2179//2179 2272//2272
f 2182//2182 2274//2274 2180//2180
f 2274//2274 2267//2267 2180//2180
f 2275//2275 2183//2183 2181//2181
f 2276//2276 2181//2181 2184//2184
f 2275//2275 2181//2181 2276//2276
f 2274//2274 2182//2182 2277//2277
f 2183//2183 2277//2277 2182//2182
f 2278//2278 2277//2277 2183//2183
f 2278//2278 2183//2183 2275//2275
f 2276//2276 2184//2184 2279//2279
f 2185//2185 2279//2279 2184//2184
f 2185//2185 2186//2186 2280//2280
f 2281//2281 2185//2185 2280//2280
f 2185//2185 2281//2281 2279//2279
f 2280//2280 2186//2186 2245//2245
f 2187//2187 2189//2189 2195//2195
f 2189//2189 2188//2188 2190//2190
f 2282//2282 2283//2283 2189//2189
f 2195//2195 2189//2189 2283//2283
f 2282//2282 2189//2189 2284//2284
f 2189//2189 2190//2190 2284//2284
f 2284//2284 2190//2190 2191//2191
f 2285//2285 2191//2191 2192//2192
f 2191//2191 2285//2285 2284//2284
f 2192//2192 2200//2200 2285//2285
f 2286//2286 2216//2216 2193//2193
f 2194//2194 2287//2287 2193//2193
f 2286//2286 2193//2193 2287//2287
f 2194//2194 2195//2195 2283//2283
f 2283//2283 2288//2288 2194//2194
f 2287//2287 2194//2194 2288//2288
f 2270//2270 2289//2289 2196//2196
f 2289//2289 2197//2197 2196//2196
f 2197//2197 2290//2290 2206//2206
f 2197//2197 2289//2289 2291//2291
f 2292//2292 2290//2290 2197//2197
f 2197//2197 2291//2291 2292//2292
f 2293//2293 2201//2201 2198//2198
f 2204//2204 2293//2293 2198//2198
f 2294//2294 2200//2200 2199//2199
f 2294//2294 2199//2199 2295//2295
f 2296//2296 2295//2295 2199//2199
f 2201//2201 2296//2296 2199//2199
f 2294//2294 2285//2285 2200//2200
f 2296//2296 2201//2201 2293//2293
f 2203//2203 2202//2202 2297//2297
f 2205//2205 2207//2207 2202//2202
f 2298//2298 2202//2202 2207//2207
f 2202//2202 2298//2298 2299//2299
f 2297//2297 2202//2202 2299//2299
f 2297//2297 2204//2204 2203//2203
f 2204//2204 2297//2297 2300//2300
f 2204//2204 2300//2300 2293//2293
f 2207//2207 2206//2206 2290//2290
f 2290//2290 2292//2292 2207//2207
f 2207//2207 2292//2292 2298//2298
f 2301//2301 2209//2209 2208//2208
f 2208//2208 2211//2211 2301//2301
f 2301//2301 2302//2302 2209//2209
f 2303//2303 2210//2210 2209//2209
f 2303//2303 2209//2209 2302//2302
f 2265//2265 2210//2210 2303//2303
f 2211//2211 2215//2215 2301//2301
f 2212//2212 2304//2304 2213//2213
f 2304//2304 2212//2212 2305//2305
f 2305//2305 2212//2212 2306//2306
f 2212//2212 2226//2226 2306//2306
f 2213//2213 2307//2307 2214//2214
f 2213//2213 2304//2304 2308//2308
f 2302//2302 2307//2307 2213//2213
f 2308//2308 2302//2302 2213//2213
f 2214//2214 2307//2307 2215//2215
f 2301//2301 2215//2215 2302//2302
f 2215//2215 2307//2307 2302//2302
f 2216//2216 2286//2286 2219//2219
f 2309//2309 2310//2310 2217//2217
f 2217//2217 2311//2311 2309//2309
f 2218//2218 2311//2311 2217//2217
f 2217//2217 2310//2310 2224//2224
f 2218//2218 2219//2219 2286//2286
f 2286//2286 2287//2287 2218//2218
f 2287//2287 2311//2311 2218//2218
f 2220//2220 2221//2221 2312//2312
f 2222//2222 2220//2220 2312//2312
f 2224//2224 2313//2313 2221//2221
f 2313//2313 2314//2314 2221//2221
f 2312//2312 2221//2221 2314//2314
f 2222//2222 2315//2315 2223//2223
f 2316//2316 2222//2222 2317//2317
f 2315//2315 2222//2222 2316//2316
f 2222//2222 2312//2312 2317//2317
f 2315//2315 2225//2225 2223//2223
f 2314//2314 2224//2224 2310//2310
f 2314//2314 2313//2313 2224//2224
f 2318//2318 2225//2225 2315//2315
f 2226//2226 2225//2225 2318//2318
f 2226//2226 2318//2318 2319//2319
f 2306//2306 2226//2226 2319//2319
f 2320//2320 2227//2227 2240//2240
f 2227//2227 2241//2241 2240//2240
f 2320//2320 2229//2229 2227//2227
f 2230//2230 2321//2321 2228//2228
f 2321//2321 2233//2233 2228//2228
f 2229//2229 2320//2320 2230//2230
f 2322//2322 2323//2323 2230//2230
f 2322//2322 2230//2230 2320//2320
f 2230//2230 2324//2324 2321//2321
f 2323//2323 2324//2324 2230//2230
f 2325//2325 2231//2231 2232//2232
f 2325//2325 2238//2238 2231//2231
f 2326//2326 2325//2325 2232//2232
f 2232//2232 2233//2233 2326//2326
f 2327//2327 2326//2326 2233//2233
f 2327//2327 2233//2233 2321//2321
f 2237//2237 2234//2234 2235//2235
f 2236//2236 2328//2328 2237//2237
f 2329//2329 2328//2328 2236//2236
f 2329//2329 2236//2236 2238//2238
f 2242//2242 2237//2237 2328//2328
f 2329//2329 2238//2238 2325//2325
f 2240//2240 2241//2241 2239//2239
f 2240//2240 2330//2330 2320//2320
f 2330//2330 2240//2240 2331//2331
f 2331//2331 2240//2240 2251//2251
f 2242//2242 2332//2332 2243//2243
f 2328//2328 2333//2333 2242//2242
f 2333//2333 2332//2332 2242//2242
f 2332//2332 2244//2244 2243//2243
f 2245//2245 2244//2244 2334//2334
f 2244//2244 2332//2332 2334//2334
f 2334//2334 2280//2280 2245//2245
f 2335//2335 2246//2246 2257//2257
f 2246//2246 2335//2335 2248//2248
f 2336//2336 2247//2247 2249//2249
f 2336//2336 2251//2251 2247//2247
f 2335//2335 2249//2249 2248//2248
f 2249//2249 2335//2335 2336//2336
f 2251//2251 2336//2336 2331//2331
f 2337//2337 2252//2252 2260//2260
f 2256//2256 2253//2253 2252//2252
f 2256//2256 2252//2252 2337//2337
f 2338//2338 2258//2258 2254//2254
f 2255//2255 2338//2338 2254//2254
f 2339//2339 2338//2338 2255//2255
f 2255//2255 2256//2256 2340//2340
f 2339//2339 2255//2255 2341//2341
f 2255//2255 2340//2340 2341//2341
f 2337//2337 2340//2340 2256//2256
f 2335//2335 2257//2257 2258//2258
f 2258//2258 2338//2338 2335//2335
f 2342//2342 2343//2343 2259//2259
f 2259//2259 2344//2344 2260//2260
f 2259//2259 2263//2263 2342//2342
f 2344//2344 2259//2259 2343//2343
f 2260//2260 2345//2345 2337//2337
f 2260//2260 2344//2344 2345//2345
f 2261//2261 2264//2264 2346//2346
f 2346//2346 2262//2262 2261//2261
f 2262//2262 2346//2346 2347//2347
f 2262//2262 2347//2347 2348//2348
f 2263//2263 2262//2262 2348//2348
f 2348//2348 2349//2349 2263//2263
f 2349//2349 2342//2342 2263//2263
f 2265//2265 2350//2350 2264//2264
f 2264//2264 2350//2350 2346//2346
f 2265//2265 2347//2347 2350//2350
f 2348//2348 2265//2265 2303//2303
f 2347//2347 2265//2265 2348//2348
f 2351//2351 2268//2268 2266//2266
f 2267//2267 2351//2351 2266//2266
f 2267//2267 2274//2274 2351//2351
f 2352//2352 2268//2268 2351//2351
f 2268//2268 2353//2353 2272//2272
f 2353//2353 2268//2268 2352//2352
f 2354//2354 2355//2355 2269//2269
f 2269//2269 2271//2271 2354//2354
f 2269//2269 2355//2355 2270//2270
f 2355//2355 2289//2289 2270//2270
f 2273//2273 2356//2356 2271//2271
f 2354//2354 2271//2271 2356//2356
f 2272//2272 2357//2357 2273//2273
f 2272//2272 2353//2353 2357//2357
f 2273//2273 2357//2357 2356//2356
f 2358//2358 2351//2351 2274//2274
f 2358//2358 2274//2274 2359//2359
f 2277//2277 2359//2359 2274//2274
f 2275//2275 2360//2360 2278//2278
f 2361//2361 2275//2275 2276//2276
f 2361//2361 2360//2360 2275//2275
f 2276//2276 2279//2279 2361//2361
f 2277//2277 2362//2362 2359//2359
f 2362//2362 2277//2277 2278//2278
f 2362//2362 2278//2278 2360//2360
f 2363//2363 2361//2361 2279//2279
f 2363//2363 2279//2279 2281//2281
f 2281//2281 2280//2280 2334//2334
f 2363//2363 2281//2281 2364//2364
f 2364//2364 2281//2281 2334//2334
f 2365//2365 2283//2283 2282//2282
f 2366//2366 2282//2282 2367//2367
f 2366//2366 2365//2365 2282//2282
f 2282//2282 2284//2284 2367//2367
f 2283//2283 2365//2365 2288//2288
f 2294//2294 2284//2284 2285//2285
f 2294//2294 2367//2367 2284//2284
f 2288//2288 2368//2368 2287//2287
f 2368//2368 2311//2311 2287//2287
f 2288//2288 2365//2365 2369//2369
f 2288//2288 2370//2370 2368//2368
f 2371//2371 2370//2370 2288//2288
f 2288//2288 2369//2369 2371//2371
f 2289//2289 2355//2355 2372//2372
f 2291//2291 2289//2289 2372//2372
f 2291//2291 2372//2372 2373//2373
f 2374//2374 2292//2292 2291//2291
f 2374//2374 2291//2291 2373//2373
f 2292//2292 2375//2375 2298//2298
f 2375//2375 2292//2292 2374//2374
f 2376//2376 2296//2296 2293//2293
f 2377//2377 2378//2378 2293//2293
f 2378//2378 2376//2376 2293//2293
f 2293//2293 2300//2300 2377//2377
f 2294//2294 2295//2295 2379//2379
f 2380//2380 2367//2367 2294//2294
f 2379//2379 2380//2380 2294//2294
f 2381//2381 2379//2379 2295//2295
f 2295//2295 2296//2296 2381//2381
f 2381//2381 2296//2296 2376//2376
f 2382//2382 2297//2297 2299//2299
f 2297//2297 2383//2383 2384//2384
f 2297//2297 2382//2382 2383//2383
f 2297//2297 2384//2384 2300//2300
f 2299//2299 2298//2298 2375//2375
f 2382//2382 2299//2299 2375//2375
f 2300//2300 2384//2384 2377//2377
f 2303//2303 2302//2302 2308//2308
f 2303//2303 2308//2308 2304//2304
f 2348//2348 2303//2303 2304//2304
f 2304//2304 2385//2385 2386//2386
f 2386//2386 2348//2348 2304//2304
f 2385//2385 2304//2304 2305//2305
f 2306//2306 2385//2385 2305//2305
f 2306//2306 2387//2387 2385//2385
f 2319//2319 2388//2388 2306//2306
f 2306//2306 2388//2388 2387//2387
f 2310//2310 2309//2309 2389//2389
f 2390//2390 2309//2309 2311//2311
f 2389//2389 2309//2309 2390//2390
f 2314//2314 2310//2310 2389//2389
f 2314//2314 2391//2391 2312//2312
f 2391//2391 2317//2317 2312//2312
f 2314//2314 2389//2389 2392//2392
f 2314//2314 2392//2392 2391//2391
f 2316//2316 2393//2393 2315//2315
f 2393//2393 2394//2394 2315//2315
f 2315//2315 2394//2394 2318//2318
f 2316//2316 2317//2317 2395//2395
f 2395//2395 2396//2396 2316//2316
f 2397//2397 2398//2398 2316//2316
f 2399//2399 2316//2316 2396//2396
f 2399//2399 2397//2397 2316//2316
f 2393//2393 2316//2316 2398//2398
f 2317//2317 2400//2400 2401//2401
f 2401//2401 2402//2402 2317//2317
f 2403//2403 2395//2395 2317//2317
f 2391//2391 2400//2400 2317//2317
f 2403//2403 2317//2317 2402//2402
f 2318//2318 2394//2394 2393//2393
f 2318//2318 2393//2393 2404//2404
f 2319//2319 2318//2318 2405//2405
f 2405//2405 2318//2318 2404//2404
f 2388//2388 2319//2319 2405//2405
f 2320//2320 2406//2406 2407//2407
f 2407//2407 2322//2322 2320//2320
f 2320//2320 2330//2330 2406//2406
f 2327//2327 2321//2321 2324//2324
f 2407//2407 2323//2323 2322//2322
f 2408//2408 2324//2324 2323//2323
f 2408//2408 2323//2323 2407//2407
f 2324//2324 2408//2408 2326//2326
f 2324//2324 2326//2326 2327//2327
f 2409//2409 2325//2325 2410//2410
f 2325//2325 2411//2411 2329//2329
f 2325//2325 2326//2326 2412//2412
f 2411//2411 2325//2325 2409//2409
f 2410//2410 2325//2325 2412//2412
f 2408//2408 2412//2412 2326//2326
f 2333//2333 2328//2328 2413//2413
f 2413//2413 2328//2328 2329//2329
f 2414//2414 2413//2413 2329//2329
f 2329//2329 2411//2411 2414//2414
f 2331//2331 2415//2415 2330//2330
f 2330//2330 2415//2415 2416//2416
f 2417//2417 2406//2406 2330//2330
f 2416//2416 2417//2417 2330//2330
f 2418//2418 2331//2331 2419//2419
f 2418//2418 2415//2415 2331//2331
f 2419//2419 2331//2331 2336//2336
f 2334//2334 2332//2332 2364//2364
f 2420//2420 2332//2332 2333//2333
f 2420//2420 2364//2364 2332//2332
f 2333//2333 2421//2421 2420//2420
f 2422//2422 2333//2333 2413//2413
f 2422//2422 2421//2421 2333//2333
f 2335//2335 2419//2419 2336//2336
f 2335//2335 2423//2423 2424//2424
f 2419//2419 2335//2335 2425//2425
f 2426//2426 2423//2423 2335//2335
f 2335//2335 2424//2424 2427//2427
f 2427//2427 2425//2425 2335//2335
f 2335//2335 2338//2338 2426//2426
f 2345//2345 2428//2428 2337//2337
f 2337//2337 2429//2429 2430//2430
f 2429//2429 2337//2337 2428//2428
f 2430//2430 2340//2340 2337//2337
f 2431//2431 2426//2426 2338//2338
f 2338//2338 2339//2339 2431//2431
f 2432//2432 2431//2431 2339//2339
f 2339//2339 2341//2341 2432//2432
f 2430//2430 2341//2341 2340//2340
f 2341//2341 2430//2430 2432//2432
f 2343//2343 2342//2342 2433//2433
f 2349//2349 2433//2433 2342//2342
f 2343//2343 2345//2345 2344//2344
f 2343//2343 2433//2433 2434//2434
f 2434//2434 2435//2435 2343//2343
f 2428//2428 2345//2345 2343//2343
f 2428//2428 2343//2343 2435//2435
f 2346//2346 2350//2350 2347//2347
f 2348//2348 2386//2386 2349//2349
f 2349//2349 2386//2386 2433//2433
f 2352//2352 2351//2351 2436//2436
f 2436//2436 2351//2351 2358//2358
f 2437//2437 2352//2352 2436//2436
f 2437//2437 2353//2353 2352//2352
f 2438//2438 2357//2357 2353//2353
f 2439//2439 2353//2353 2437//2437
f 2438//2438 2353//2353 2440//2440
f 2440//2440 2353//2353 2439//2439
f 2354//2354 2372//2372 2355//2355
f 2354//2354 2373//2373 2372//2372
f 2354//2354 2441//2441 2373//2373
f 2354//2354 2356//2356 2442//2442
f 2441//2441 2354//2354 2442//2442
f 2356//2356 2357//2357 2443//2443
f 2442//2442 2356//2356 2443//2443
f 2443//2443 2357//2357 2438//2438
f 2436//2436 2358//2358 2444//2444
f 2359//2359 2444//2444 2358//2358
f 2362//2362 2444//2444 2359//2359
f 2360//2360 2445//2445 2446//2446
f 2362//2362 2360//2360 2446//2446
f 2445//2445 2360//2360 2361//2361
f 2447//2447 2445//2445 2361//2361
f 2361//2361 2363//2363 2447//2447
f 2446//2446 2444//2444 2362//2362
f 2363//2363 2364//2364 2447//2447
f 2447//2447 2364//2364 2448//2448
f 2448//2448 2364//2364 2420//2420
f 2365//2365 2366//2366 2369//2369
f 2380//2380 2366//2366 2367//2367
f 2366//2366 2380//2380 2369//2369
f 2311//2311 2368//2368 2370//2370
f 2449//2449 2450//2450 2369//2369
f 2369//2369 2380//2380 2451//2451
f 2452//2452 2369//2369 2451//2451
f 2369//2369 2452//2452 2449//2449
f 2371//2371 2369//2369 2450//2450
f 2370//2370 2453//2453 2311//2311
f 2371//2371 2453//2453 2370//2370
f 2371//2371 2450//2450 2392//2392
f 2371//2371 2392//2392 2389//2389
f 2389//2389 2453//2453 2371//2371
f 2373//2373 2454//2454 2374//2374
f 2454//2454 2373//2373 2441//2441
f 2454//2454 2455//2455 2374//2374
f 2375//2375 2374//2374 2455//2455
f 2375//2375 2456//2456 2457//2457
f 2375//2375 2455//2455 2456//2456
f 2375//2375 2458//2458 2382//2382
f 2458//2458 2375//2375 2457//2457
f 2376//2376 2459//2459 2381//2381
f 2376//2376 2460//2460 2459//2459
f 2460//2460 2376//2376 2378//2378
f 2461//2461 2378//2378 2377//2377
f 2461//2461 2377//2377 2384//2384
f 2462//2462 2460//2460 2378//2378
f 2463//2463 2462//2462 2378//2378
f 2378//2378 2461//2461 2463//2463
f 2381//2381 2451//2451 2379//2379
f 2380//2380 2379//2379 2451//2451
f 2452//2452 2381//2381 2464//2464
f 2451//2451 2381//2381 2452//2452
f 2459//2459 2464//2464 2381//2381
f 2383//2383 2382//2382 2458//2458
f 2384//2384 2383//2383 2465//2465
f 2465//2465 2383//2383 2466//2466
f 2466//2466 2383//2383 2458//2458
f 2465//2465 2461//2461 2384//2384
f 2467//2467 2386//2386 2385//2385
f 2385//2385 2387//2387 2467//2467
f 2386//2386 2467//2467 2433//2433
f 2468//2468 2387//2387 2469//2469
f 2387//2387 2468//2468 2470//2470
f 2467//2467 2387//2387 2470//2470
f 2469//2469 2387//2387 2388//2388
f 2471//2471 2469//2469 2388//2388
f 2388//2388 2405//2405 2471//2471
f 2390//2390 2453//2453 2389//2389
f 2390//2390 2311//2311 2453//2453
f 2400//2400 2391//2391 2472//2472
f 2472//2472 2391//2391 2392//2392
f 2392//2392 2450//2450 2473//2473
f 2472//2472 2392//2392 2473//2473
f 2398//2398 2404//2404 2393//2393
f 2396//2396 2395//2395 2403//2403
f 2403//2403 2474//2474 2396//2396
f 2396//2396 2475//2475 2399//2399
f 2474//2474 2476//2476 2396//2396
f 2396//2396 2476//2476 2475//2475
f 2477//2477 2398//2398 2397//2397
f 2397//2397 2399//2399 2478//2478
f 2479//2479 2397//2397 2478//2478
f 2397//2397 2479//2479 2477//2477
f 2398//2398 2477//2477 2404//2404
f 2475//2475 2478//2478 2399//2399
f 2400//2400 2480//2480 2401//2401
f 2473//2473 2400//2400 2472//2472
f 2481//2481 2400//2400 2473//2473
f 2482//2482 2480//2480 2400//2400
f 2400//2400 2481//2481 2482//2482
f 2401//2401 2483//2483 2484//2484
f 2483//2483 2401//2401 2480//2480
f 2484//2484 2402//2402 2401//2401
f 2402//2402 2484//2484 2403//2403
f 2484//2484 2485//2485 2403//2403
f 2486//2486 2474//2474 2403//2403
f 2486//2486 2403//2403 2485//2485
f 2487//2487 2488//2488 2404//2404
f 2404//2404 2488//2488 2489//2489
f 2405//2405 2404//2404 2489//2489
f 2487//2487 2404//2404 2477//2477
f 2405//2405 2490//2490 2471//2471
f 2490//2490 2405//2405 2489//2489
f 2491//2491 2407//2407 2406//2406
f 2417//2417 2491//2491 2406//2406
f 2407//2407 2491//2491 2408//2408
f 2410//2410 2408//2408 2491//2491
f 2410//2410 2412//2412 2408//2408
f 2410//2410 2492//2492 2409//2409
f 2409//2409 2493//2493 2494//2494
f 2495//2495 2411//2411 2409//2409
f 2409//2409 2492//2492 2496//2496
f 2493//2493 2409//2409 2497//2497
f 2497//2497 2409//2409 2496//2496
f 2409//2409 2494//2494 2495//2495
f 2410//2410 2498//2498 2492//2492
f 2491//2491 2498//2498 2410//2410
f 2499//2499 2414//2414 2411//2411
f 2411//2411 2495//2495 2499//2499
f 2413//2413 2500//2500 2501//2501
f 2413//2413 2501//2501 2422//2422
f 2413//2413 2414//2414 2502//2502
f 2502//2502 2500//2500 2413//2413
f 2414//2414 2503//2503 2502//2502
f 2414//2414 2499//2499 2503//2503
f 2504//2504 2416//2416 2415//2415
f 2418//2418 2504//2504 2415//2415
f 2417//2417 2416//2416 2498//2498
f 2504//2504 2498//2498 2416//2416
f 2498//2498 2491//2491 2417//2417
f 2419//2419 2505//2505 2418//2418
f 2496//2496 2504//2504 2418//2418
f 2505//2505 2496//2496 2418//2418
f 2425//2425 2506//2506 2419//2419
f 2506//2506 2505//2505 2419//2419
f 2421//2421 2507//2507 2420//2420
f 2507//2507 2448//2448 2420//2420
f 2507//2507 2421//2421 2508//2508
f 2421//2421 2422//2422 2508//2508
f 2508//2508 2422//2422 2501//2501
f 2424//2424 2423//2423 2509//2509
f 2431//2431 2509//2509 2423//2423
f 2423//2423 2426//2426 2431//2431
f 2510//2510 2424//2424 2511//2511
f 2509//2509 2511//2511 2424//2424
f 2424//2424 2510//2510 2427//2427
f 2427//2427 2506//2506 2425//2425
f 2427//2427 2512//2512 2513//2513
f 2512//2512 2427//2427 2510//2510
f 2427//2427 2513//2513 2506//2506
f 2428//2428 2514//2514 2429//2429
f 2515//2515 2514//2514 2428//2428
f 2435//2435 2515//2515 2428//2428
f 2429//2429 2432//2432 2430//2430
f 2432//2432 2429//2429 2516//2516
f 2429//2429 2514//2514 2517//2517
f 2429//2429 2517//2517 2516//2516
f 2431//2431 2432//2432 2516//2516
f 2516//2516 2509//2509 2431//2431
f 2434//2434 2433//2433 2467//2467
f 2434//2434 2518//2518 2435//2435
f 2467//2467 2518//2518 2434//2434
f 2435//2435 2518//2518 2515//2515
f 2436//2436 2519//2519 2437//2437
f 2519//2519 2436//2436 2444//2444
f 2439//2439 2437//2437 2520//2520
f 2520//2520 2437//2437 2519//2519
f 2443//2443 2438//2438 2521//2521
f 2521//2521 2438//2438 2440//2440
f 2440//2440 2439//2439 2522//2522
f 2522//2522 2439//2439 2520//2520
f 2521//2521 2440//2440 2522//2522
f 2441//2441 2523//2523 2454//2454
f 2441//2441 2442//2442 2523//2523
f 2443//2443 2523//2523 2442//2442
f 2523//2523 2443//2443 2521//2521
f 2446//2446 2524//2524 2444//2444
f 2524//2524 2525//2525 2444//2444
f 2444//2444 2525//2525 2519//2519
f 2446//2446 2445//2445 2526//2526
f 2447//2447 2526//2526 2445//2445
f 2527//2527 2524//2524 2446//2446
f 2446//2446 2528//2528 2527//2527
f 2528//2528 2446//2446 2526//2526
f 2447//2447 2448//2448 2526//2526
f 2500//2500 2529//2529 2448//2448
f 2448//2448 2530//2530 2500//2500
f 2448//2448 2507//2507 2530//2530
f 2529//2529 2526//2526 2448//2448
f 2473//2473 2450//2450 2449//2449
f 2449//2449 2531//2531 2473//2473
f 2449//2449 2452//2452 2531//2531
f 2452//2452 2462//2462 2531//2531
f 2452//2452 2464//2464 2462//2462
f 2532//2532 2454//2454 2523//2523
f 2533//2533 2455//2455 2454//2454
f 2533//2533 2454//2454 2534//2534
f 2532//2532 2534//2534 2454//2454
f 2456//2456 2455//2455 2535//2535
f 2535//2535 2455//2455 2533//2533
f 2457//2457 2456//2456 2536//2536
f 2536//2536 2456//2456 2535//2535
f 2537//2537 2458//2458 2457//2457
f 2457//2457 2536//2536 2537//2537
f 2538//2538 2458//2458 2537//2537
f 2466//2466 2458//2458 2538//2538
f 2464//2464 2459//2459 2460//2460
f 2464//2464 2460//2460 2462//2462
f 2463//2463 2461//2461 2539//2539
f 2539//2539 2461//2461 2540//2540
f 2540//2540 2461//2461 2465//2465
f 2531//2531 2462//2462 2541//2541
f 2462//2462 2463//2463 2541//2541
f 2463//2463 2539//2539 2541//2541
f 2482//2482 2542//2542 2465//2465
f 2466//2466 2543//2543 2465//2465
f 2465//2465 2542//2542 2540//2540
f 2482//2482 2465//2465 2543//2543
f 2466//2466 2544//2544 2545//2545
f 2466//2466 2546//2546 2547//2547
f 2547//2547 2543//2543 2466//2466
f 2545//2545 2546//2546 2466//2466
f 2544//2544 2466//2466 2538//2538
f 2548//2548 2467//2467 2470//2470
f 2518//2518 2467//2467 2548//2548
f 2549//2549 2468//2468 2469//2469
f 2549//2549 2470//2470 2468//2468
f 2471//2471 2550//2550 2469//2469
f 2549//2549 2469//2469 2551//2551
f 2551//2551 2469//2469 2550//2550
f 2470//2470 2549//2549 2548//2548
f 2490//2490 2550//2550 2471//2471
f 2541//2541 2473//2473 2531//2531
f 2473//2473 2541//2541 2481//2481
f 2474//2474 2552//2552 2476//2476
f 2552//2552 2474//2474 2546//2546
f 2486//2486 2546//2546 2474//2474
f 2475//2475 2476//2476 2552//2552
f 2553//2553 2478//2478 2475//2475
f 2475//2475 2552//2552 2553//2553
f 2479//2479 2554//2554 2477//2477
f 2477//2477 2554//2554 2487//2487
f 2555//2555 2479//2479 2478//2478
f 2555//2555 2478//2478 2553//2553
f 2556//2556 2557//2557 2479//2479
f 2479//2479 2555//2555 2556//2556
f 2554//2554 2479//2479 2557//2557
f 2483//2483 2480//2480 2482//2482
f 2481//2481 2541//2541 2539//2539
f 2539//2539 2542//2542 2481//2481
f 2542//2542 2482//2482 2481//2481
f 2558//2558 2483//2483 2482//2482
f 2558//2558 2482//2482 2543//2543
f 2484//2484 2483//2483 2558//2558
f 2485//2485 2484//2484 2558//2558
f 2547//2547 2486//2486 2485//2485
f 2543//2543 2547//2547 2485//2485
f 2543//2543 2485//2485 2558//2558
f 2546//2546 2486//2486 2547//2547
f 2487//2487 2559//2559 2488//2488
f 2559//2559 2487//2487 2560//2560
f 2487//2487 2554//2554 2561//2561
f 2561//2561 2560//2560 2487//2487
f 2489//2489 2488//2488 2559//2559
f 2489//2489 2559//2559 2560//2560
f 2560//2560 2490//2490 2489//2489
f 2490//2490 2562//2562 2550//2550
f 2490//2490 2560//2560 2563//2563
f 2563//2563 2564//2564 2490//2490
f 2490//2490 2564//2564 2562//2562
f 2492//2492 2498//2498 2504//2504
f 2496//2496 2492//2492 2504//2504
f 2493//2493 2565//2565 2494//2494
f 2493//2493 2566//2566 2565//2565
f 2497//2497 2566//2566 2493//2493
f 2567//2567 2494//2494 2568//2568
f 2495//2495 2494//2494 2567//2567
f 2565//2565 2568//2568 2494//2494
f 2567//2567 2499//2499 2495//2495
f 2497//2497 2496//2496 2505//2505
f 2569//2569 2497//2497 2505//2505
f 2566//2566 2497//2497 2569//2569
f 2570//2570 2503//2503 2499//2499
f 2570//2570 2499//2499 2567//2567
f 2501//2501 2500//2500 2508//2508
f 2500//2500 2528//2528 2529//2529
f 2530//2530 2508//2508 2500//2500
f 2571//2571 2528//2528 2500//2500
f 2500//2500 2502//2502 2571//2571
f 2571//2571 2502//2502 2572//2572
f 2570//2570 2502//2502 2503//2503
f 2572//2572 2502//2502 2570//2570
f 2569//2569 2505//2505 2506//2506
f 2513//2513 2569//2569 2506//2506
f 2507//2507 2508//2508 2530//2530
f 2573//2573 2509//2509 2574//2574
f 2574//2574 2509//2509 2516//2516
f 2509//2509 2573//2573 2511//2511
f 2511//2511 2575//2575 2510//2510
f 2576//2576 2577//2577 2510//2510
f 2510//2510 2578//2578 2579//2579
f 2510//2510 2577//2577 2512//2512
f 2510//2510 2575//2575 2578//2578
f 2579//2579 2576//2576 2510//2510
f 2511//2511 2573//2573 2575//2575
f 2580//2580 2513//2513 2512//2512
f 2512//2512 2577//2577 2580//2580
f 2580//2580 2581//2581 2513//2513
f 2513//2513 2581//2581 2569//2569
f 2515//2515 2582//2582 2514//2514
f 2517//2517 2514//2514 2582//2582
f 2548//2548 2583//2583 2515//2515
f 2583//2583 2582//2582 2515//2515
f 2515//2515 2518//2518 2548//2548
f 2574//2574 2516//2516 2517//2517
f 2582//2582 2584//2584 2517//2517
f 2574//2574 2517//2517 2584//2584
f 2520//2520 2519//2519 2525//2525
f 2522//2522 2520//2520 2525//2525
f 2523//2523 2521//2521 2522//2522
f 2522//2522 2532//2532 2523//2523
f 2522//2522 2585//2585 2586//2586
f 2586//2586 2532//2532 2522//2522
f 2522//2522 2525//2525 2585//2585
f 2585//2585 2525//2525 2524//2524
f 2524//2524 2527//2527 2587//2587
f 2587//2587 2585//2585 2524//2524
f 2529//2529 2528//2528 2526//2526
f 2527//2527 2588//2588 2589//2589
f 2528//2528 2588//2588 2527//2527
f 2527//2527 2589//2589 2587//2587
f 2528//2528 2571//2571 2590//2590
f 2590//2590 2588//2588 2528//2528
f 2532//2532 2591//2591 2587//2587
f 2532//2532 2586//2586 2591//2591
f 2592//2592 2534//2534 2532//2532
f 2532//2532 2589//2589 2592//2592
f 2532//2532 2587//2587 2589//2589
f 2535//2535 2533//2533 2534//2534
f 2593//2593 2536//2536 2534//2534
f 2534//2534 2592//2592 2594//2594
f 2536//2536 2535//2535 2534//2534
f 2593//2593 2534//2534 2594//2594
f 2595//2595 2537//2537 2536//2536
f 2536//2536 2593//2593 2595//2595
f 2544//2544 2538//2538 2537//2537
f 2544//2544 2537//2537 2596//2596
f 2537//2537 2595//2595 2596//2596
f 2540//2540 2542//2542 2539//2539
f 2596//2596 2545//2545 2544//2544
f 2596//2596 2553//2553 2545//2545
f 2546//2546 2545//2545 2553//2553
f 2553//2553 2552//2552 2546//2546
f 2548//2548 2597//2597 2598//2598
f 2548//2548 2549//2549 2599//2599
f 2599//2599 2597//2597 2548//2548
f 2583//2583 2548//2548 2598//2598
f 2599//2599 2549//2549 2551//2551
f 2600//2600 2550//2550 2562//2562
f 2551//2551 2550//2550 2601//2601
f 2602//2602 2550//2550 2600//2600
f 2602//2602 2601//2601 2550//2550
f 2551//2551 2601//2601 2603//2603
f 2599//2599 2551//2551 2603//2603
f 2555//2555 2553//2553 2596//2596
f 2554//2554 2604//2604 2561//2561
f 2557//2557 2604//2604 2554//2554
f 2596//2596 2556//2556 2555//2555
f 2556//2556 2605//2605 2557//2557
f 2605//2605 2556//2556 2596//2596
f 2557//2557 2605//2605 2606//2606
f 2606//2606 2604//2604 2557//2557
f 2607//2607 2560//2560 2561//2561
f 2560//2560 2607//2607 2563//2563
f 2607//2607 2561//2561 2608//2608
f 2604//2604 2608//2608 2561//2561
f 2600//2600 2562//2562 2564//2564
f 2609//2609 2563//2563 2610//2610
f 2607//2607 2610//2610 2563//2563
f 2564//2564 2563//2563 2609//2609
f 2564//2564 2578//2578 2602//2602
f 2600//2600 2564//2564 2602//2602
f 2609//2609 2578//2578 2564//2564
f 2568//2568 2565//2565 2611//2611
f 2566//2566 2581//2581 2565//2565
f 2565//2565 2581//2581 2611//2611
f 2566//2566 2569//2569 2581//2581
f 2567//2567 2568//2568 2612//2612
f 2571//2571 2572//2572 2567//2567
f 2567//2567 2572//2572 2570//2570
f 2612//2612 2571//2571 2567//2567
f 2576//2576 2613//2613 2568//2568
f 2613//2613 2612//2612 2568//2568
f 2611//2611 2580//2580 2568//2568
f 2577//2577 2576//2576 2568//2568
f 2580//2580 2577//2577 2568//2568
f 2612//2612 2590//2590 2571//2571
f 2584//2584 2573//2573 2574//2574
f 2573//2573 2584//2584 2614//2614
f 2573//2573 2614//2614 2575//2575
f 2614//2614 2615//2615 2575//2575
f 2615//2615 2602//2602 2575//2575
f 2575//2575 2602//2602 2578//2578
f 2616//2616 2576//2576 2579//2579
f 2576//2576 2616//2616 2613//2613
f 2579//2579 2578//2578 2609//2609
f 2617//2617 2616//2616 2579//2579
f 2609//2609 2617//2617 2579//2579
f 2580//2580 2611//2611 2581//2581
f 2582//2582 2583//2583 2584//2584
f 2598//2598 2584//2584 2583//2583
f 2584//2584 2598//2598 2614//2614
f 2585//2585 2618//2618 2586//2586
f 2618//2618 2585//2585 2587//2587
f 2591//2591 2586//2586 2618//2618
f 2591//2591 2618//2618 2587//2587
f 2588//2588 2592//2592 2589//2589
f 2592//2592 2588//2588 2619//2619
f 2588//2588 2620//2620 2619//2619
f 2621//2621 2588//2588 2590//2590
f 2622//2622 2588//2588 2621//2621
f 2622//2622 2620//2620 2588//2588
f 2612//2612 2621//2621 2590//2590
f 2594//2594 2592//2592 2619//2619
f 2623//2623 2593//2593 2594//2594
f 2595//2595 2593//2593 2623//2623
f 2594//2594 2619//2619 2623//2623
f 2595//2595 2623//2623 2624//2624
f 2596//2596 2595//2595 2625//2625
f 2624//2624 2625//2625 2595//2595
f 2626//2626 2596//2596 2627//2627
f 2596//2596 2626//2626 2605//2605
f 2625//2625 2627//2627 2596//2596
f 2615//2615 2598//2598 2597//2597
f 2597//2597 2599//2599 2603//2603
f 2597//2597 2603//2603 2602//2602
f 2602//2602 2615//2615 2597//2597
f 2615//2615 2614//2614 2598//2598
f 2603//2603 2601//2601 2602//2602
f 2606//2606 2628//2628 2604//2604
f 2604//2604 2628//2628 2608//2608
f 2626//2626 2606//2606 2605//2605
f 2626//2626 2628//2628 2606//2606
f 2610//2610 2607//2607 2608//2608
f 2610//2610 2608//2608 2629//2629
f 2608//2608 2628//2628 2629//2629
f 2617//2617 2609//2609 2610//2610
f 2617//2617 2610//2610 2630//2630
f 2610//2610 2629//2629 2630//2630
f 2613//2613 2631//2631 2612//2612
f 2622//2622 2612//2612 2632//2632
f 2612//2612 2622//2622 2621//2621
f 2612//2612 2631//2631 2633//2633
f 2633//2633 2632//2632 2612//2612
f 2631//2631 2613//2613 2616//2616
f 2616//2616 2634//2634 2631//2631
f 2617//2617 2634//2634 2616//2616
f 2630//2630 2634//2634 2617//2617
f 2619//2619 2620//2620 2624//2624
f 2624//2624 2623//2623 2619//2619
f 2625//2625 2624//2624 2620//2620
f 2627//2627 2625//2625 2620//2620
f 2627//2627 2620//2620 2622//2622
f 2629//2629 2627//2627 2622//2622
f 2632//2632 2629//2629 2622//2622
f 2626//2626 2627//2627 2628//2628
f 2628//2628 2627//2627 2629//2629
f 2633//2633 2630//2630 2629//2629
f 2629//2629 2632//2632 2633//2633
f 2630//2630 2633//2633 2634//2634
f 2633//2633 2631//2631 2634//2634
