# Blender 4.0.2
# www.blender.org
mtllib cervical3.mtl
o cervical3
v 0.005709 0.003823 0.028425
v 0.006446 0.003580 0.028093
v 0.005793 0.004828 0.028719
v 0.005426 0.005460 0.028843
v 0.006524 0.004955 0.028493
v 0.006052 0.006010 0.028571
v 0.005249 0.006226 0.028697
v 0.005330 0.003711 0.028335
v 0.004924 0.004045 0.028329
v 0.005177 0.004727 0.028749
v 0.005118 0.005046 0.028829
v 0.004831 0.004679 0.028686
v 0.004719 0.005379 0.028765
v 0.005232 0.004367 0.028621
v 0.004280 0.005700 0.028391
v 0.004486 0.006443 0.028358
v 0.004287 0.004982 0.028264
v 0.008470 0.004541 0.026345
v 0.008409 0.004462 0.025195
v 0.008113 0.006625 0.026977
v 0.007730 0.007445 0.026728
v 0.008535 0.007352 0.025818
v 0.008864 0.006646 0.025465
v 0.008023 0.008067 0.025626
v 0.007675 0.004193 0.027546
v 0.005796 0.003179 0.027858
v 0.007200 0.003375 0.027456
v 0.006512 0.003054 0.027489
v 0.005766 0.003145 0.027393
v 0.006182 0.003024 0.027131
v 0.005857 0.003156 0.027155
v 0.005488 0.003451 0.027146
v 0.007151 0.003099 0.026800
v 0.006100 0.003215 0.026749
v 0.007814 0.003466 0.026456
v 0.007109 0.003640 0.025728
v 0.006533 0.007123 0.027896
v 0.005374 0.007539 0.028063
v 0.005754 0.007845 0.027712
v 0.005257 0.008025 0.027642
v 0.005617 0.008254 0.027062
v 0.005393 0.003339 0.027849
v 0.004952 0.003772 0.027925
v 0.005043 0.003753 0.027480
v 0.004100 0.006517 0.028001
v 0.004289 0.004920 0.027529
v 0.003696 0.006277 0.027409
v 0.003466 0.006297 0.026287
v 0.004603 0.007850 0.027559
v 0.003856 0.007430 0.027352
v 0.003367 0.006963 0.026913
v 0.002683 0.008085 0.026229
v 0.002611 0.007281 0.026104
v 0.003950 0.008924 0.026129
v 0.002610 0.006964 0.025671
v -0.002229 0.004590 0.027761
v -0.001540 0.006886 0.027013
v -0.002978 0.006667 0.026984
v -0.005438 0.001851 0.027266
v -0.004715 0.002266 0.026717
v -0.003448 0.005050 0.027771
v -0.004460 0.002773 0.027914
v -0.004561 0.003184 0.028044
v -0.004887 0.003470 0.027885
v -0.005243 0.002586 0.027781
v -0.005187 0.003014 0.027849
v -0.004743 0.004698 0.027398
v -0.005682 0.003019 0.027433
v -0.006968 0.001457 0.026520
v -0.007249 0.000710 0.026091
v -0.006833 0.000578 0.025943
v -0.007303 0.000312 0.025529
v -0.007789 0.001616 0.025710
v -0.008064 0.000939 0.025242
v 0.009610 0.007302 0.023097
v 0.007303 0.008971 0.024837
v 0.009492 0.008638 0.023823
v 0.008858 0.009963 0.023888
v 0.008408 0.010389 0.023543
v 0.007919 0.010638 0.022904
v 0.005416 0.004623 0.025207
v 0.005418 0.009546 0.023755
v 0.004561 0.009722 0.023350
v 0.006331 0.009920 0.022952
v 0.005289 0.009727 0.022938
v 0.001965 0.010697 0.023403
v 0.000987 0.008106 0.025312
v 0.000972 0.008498 0.025374
v 0.000357 0.007650 0.025315
v 0.000222 0.008355 0.025379
v 0.001141 0.007131 0.024206
v 0.000444 0.006556 0.023561
v -0.000623 0.009511 0.024913
v 0.000702 0.010082 0.024586
v -0.001001 0.012142 0.023244
v -0.001939 0.012756 0.023627
v -0.003185 0.009936 0.024930
v -0.003795 0.011348 0.024796
v -0.001635 0.011236 0.024141
v -0.004542 0.013507 0.025155
v -0.003514 0.013672 0.024736
v -0.002873 0.012140 0.024376
v -0.004043 0.014678 0.024821
v -0.004443 0.014591 0.024807
v -0.003217 0.014897 0.024160
v -0.004054 0.015171 0.024351
v -0.004429 0.014885 0.024406
v -0.004743 0.014370 0.023851
v -0.004260 0.007949 0.025501
v -0.004712 0.010300 0.024888
v -0.006402 0.008795 0.024375
v -0.005408 0.012109 0.025115
v -0.005474 0.012687 0.025110
v -0.005070 0.013837 0.024734
v -0.006204 0.011791 0.024117
v -0.007205 0.000270 0.024774
v -0.007997 0.000208 0.024863
v -0.008210 0.000285 0.022768
v -0.008193 0.002451 0.024955
v -0.006611 0.007009 0.024560
v -0.007587 0.006546 0.023426
v -0.007030 0.009362 0.023964
v -0.007491 0.008746 0.022948
v -0.008585 0.001196 0.024197
v -0.008725 0.002137 0.023504
v -0.008680 0.001359 0.022921
v 0.010795 0.010646 0.021828
v 0.011038 0.010767 0.020198
v 0.010485 0.011850 0.022066
v 0.010315 0.012992 0.021432
v 0.011035 0.012487 0.021196
v 0.011309 0.011854 0.020810
v 0.011331 0.012597 0.020494
v 0.011342 0.011950 0.020126
v 0.010933 0.013533 0.020227
v 0.007610 0.010644 0.021892
v 0.007411 0.009787 0.021360
v 0.007817 0.008092 0.020708
v 0.009419 0.012143 0.022241
v 0.008645 0.011780 0.022157
v 0.008288 0.011653 0.021573
v 0.008132 0.011083 0.020484
v 0.008707 0.013179 0.020213
v 0.006990 0.010155 0.022231
v 0.006347 0.009753 0.022235
v 0.005376 0.009585 0.022241
v 0.004594 0.009746 0.022251
v 0.006707 0.009255 0.021693
v 0.006605 0.008202 0.021553
v 0.005409 0.009046 0.021784
v 0.005222 0.007961 0.021527
v 0.005029 0.008986 0.021657
v 0.004975 0.009366 0.021874
v 0.004233 0.006938 0.022113
v 0.002519 0.007076 0.021056
v 0.003734 0.010158 0.021520
v 0.004193 0.009526 0.021196
v 0.003577 0.007388 0.020949
v 0.003806 0.008137 0.020447
v 0.000502 0.012490 0.021402
v -0.000702 0.014032 0.021609
v -0.002380 0.016689 0.021716
v -0.001306 0.016476 0.021105
v -0.001004 0.016052 0.021024
v -0.003686 0.015726 0.022569
v -0.008135 0.001118 0.020915
v -0.006802 0.000960 0.020942
v -0.008543 0.004113 0.020552
v 0.011207 0.012665 0.019837
v 0.011082 0.012272 0.019444
v 0.010763 0.013642 0.019519
v 0.009372 0.014682 0.019251
v 0.009302 0.008873 0.019312
v 0.002778 0.007450 0.019706
v 0.003259 0.008808 0.018330
v 0.002514 0.007425 0.018019
v 0.003111 0.010765 0.018603
v 0.002315 0.011992 0.018423
v 0.001175 0.006755 0.017537
v -0.000429 0.014955 0.020155
v 0.000216 0.013350 0.019512
v -0.000436 0.014977 0.019385
v -0.000694 0.016629 0.019590
v -0.000486 0.016001 0.019167
v -0.001422 0.017412 0.019330
v -0.000635 0.016739 0.018500
v -0.001006 0.017342 0.018572
v -0.002280 0.017313 0.018612
v -0.000822 0.015306 0.018020
v -0.000718 0.016328 0.017893
v -0.001062 0.017385 0.017837
v -0.001467 0.017616 0.017896
v -0.007807 0.001630 0.018599
v -0.005438 0.001236 0.018442
v -0.006428 0.000930 0.017894
v -0.008050 0.001979 0.017751
v -0.006790 0.001224 0.017113
v -0.007545 0.001470 0.017230
v -0.008340 0.002667 0.018499
v 0.009151 0.014576 0.016797
v 0.008693 0.010142 0.016585
v 0.008928 0.015014 0.016824
v 0.008580 0.014977 0.016830
v 0.007954 0.015687 0.015284
v 0.006727 0.014531 0.014835
v 0.008708 0.016147 0.014782
v 0.004795 0.007890 0.014982
v 0.004455 0.011997 0.015513
v 0.005645 0.013283 0.014705
v 0.004114 0.013883 0.014607
v 0.002720 0.007319 0.016438
v 0.003633 0.009095 0.016718
v 0.003398 0.007908 0.016644
v 0.003462 0.011712 0.016806
v 0.001490 0.012438 0.017203
v 0.002476 0.012715 0.016020
v 0.001434 0.012706 0.014651
v 0.000357 0.006534 0.015192
v 0.001272 0.007020 0.014475
v -0.000617 0.012529 0.014804
v -0.002065 0.014850 0.015851
v -0.000844 0.016764 0.017475
v -0.001813 0.017549 0.017533
v -0.000980 0.016364 0.017133
v -0.001406 0.017388 0.017125
v -0.001135 0.016715 0.016766
v -0.001221 0.017082 0.016814
v -0.001763 0.017323 0.016753
v -0.002099 0.017253 0.016904
v -0.001744 0.016991 0.016214
v -0.001561 0.016685 0.016117
v -0.001638 0.015945 0.016101
v -0.002497 0.016582 0.016217
v -0.002308 0.016254 0.015468
v -0.001296 0.004407 0.016562
v -0.002997 0.014388 0.014948
v -0.002881 0.015919 0.015778
v -0.003499 0.014948 0.015640
v -0.003172 0.015061 0.015174
v -0.004362 0.001780 0.016000
v -0.005590 0.001525 0.015868
v -0.004836 0.002006 0.015079
v -0.004136 0.002580 0.014918
v -0.005635 0.001812 0.014982
v -0.005030 0.002529 0.014324
v -0.007188 0.001372 0.016354
v -0.008106 0.001705 0.016137
v -0.006233 0.001502 0.015679
v -0.008014 0.001450 0.014378
v -0.007661 0.008486 0.017461
v -0.008909 0.006066 0.016463
v -0.008955 0.007673 0.015585
v -0.007844 0.008792 0.015947
v -0.008589 0.008882 0.015012
v 0.012589 0.012875 0.011784
v 0.010224 0.016195 0.011964
v 0.008901 0.006054 0.011854
v 0.005031 0.005792 0.012541
v 0.005109 0.014751 0.014009
v 0.003769 0.006998 0.014187
v 0.004217 0.006860 0.013742
v 0.003468 0.006931 0.013715
v 0.004266 0.006522 0.013201
v 0.003898 0.006766 0.013371
v 0.003519 0.006879 0.013035
v 0.002684 0.007245 0.013087
v 0.003561 0.006737 0.012654
v 0.003633 0.006045 0.012316
v 0.003076 0.007241 0.012350
v 0.003184 0.007044 0.011975
v 0.003249 0.006201 0.011886
v 0.002836 0.005308 0.011498
v 0.002611 0.008018 0.011466
v 0.002129 0.008318 0.011825
v 0.001827 0.012928 0.014079
v 0.001613 0.012810 0.012639
v 0.000918 0.011580 0.012273
v 0.002390 0.013818 0.013046
v -0.000472 0.006879 0.014119
v 0.000907 0.007387 0.013749
v 0.000088 0.008640 0.012745
v -0.000408 0.009413 0.012695
v 0.000751 0.012036 0.013068
v -0.000055 0.011066 0.012771
v 0.000868 0.010148 0.011972
v -0.003334 0.005148 0.013718
v -0.001678 0.008308 0.012989
v -0.003856 0.007401 0.012768
v -0.001688 0.010807 0.013162
v -0.004156 0.010404 0.012937
v -0.003341 0.012560 0.014024
v -0.004815 0.013065 0.014229
v -0.005143 0.012696 0.014725
v -0.005979 0.011988 0.013858
v -0.004813 0.012041 0.013241
v -0.005559 0.011856 0.013026
v -0.007579 0.001427 0.013796
v -0.007711 0.011035 0.013254
v -0.007570 0.011260 0.012294
v -0.007336 0.010339 0.011713
v -0.008905 0.002053 0.014018
v -0.008708 0.001468 0.012599
v -0.009174 0.001733 0.012701
v -0.009444 0.002099 0.012733
v -0.010281 0.002015 0.011499
v -0.009566 0.004602 0.014062
v -0.009163 0.002754 0.013919
v -0.009462 0.002789 0.013100
v -0.010444 0.002870 0.011804
v -0.010126 0.005748 0.013814
v -0.011695 0.009150 0.012105
v 0.014587 0.013064 0.009242
v 0.013656 0.013625 0.008940
v 0.013293 0.003675 0.009396
v 0.012898 0.002093 0.008493
v 0.010444 0.015891 0.010820
v 0.009178 0.015798 0.009966
v 0.009333 0.003985 0.010483
v 0.010492 0.003486 0.010046
v 0.008321 0.003059 0.009395
v 0.008303 0.016736 0.011371
v 0.005292 0.017403 0.011453
v 0.003446 0.016771 0.010733
v 0.005676 0.017493 0.010219
v 0.004038 0.017338 0.010057
v 0.002659 0.004313 0.011197
v 0.003753 0.003410 0.010402
v 0.002750 0.002871 0.009553
v 0.002771 0.007380 0.010635
v 0.002307 0.009169 0.010407
v 0.001785 0.012118 0.010502
v 0.002074 0.014389 0.010038
v 0.002138 0.004447 0.010803
v 0.002163 0.003735 0.010399
v 0.001884 0.003939 0.009647
v 0.002053 0.003115 0.009315
v 0.002131 0.005073 0.010409
v -0.007388 0.005428 0.010811
v -0.010123 0.011018 0.010648
v -0.009858 0.010571 0.009988
v -0.009087 0.001561 0.011284
v -0.010027 0.001632 0.011116
v -0.012755 0.006925 0.011558
v 0.015730 0.011914 0.007743
v 0.016536 0.012179 0.005787
v 0.015111 0.012746 0.004977
v 0.015616 0.001163 0.006625
v 0.016159 0.000952 0.005434
v 0.015205 0.000781 0.005238
v 0.016103 0.002151 0.006567
v 0.014253 0.013055 0.007358
v 0.003764 0.002271 0.008066
v 0.002525 0.009582 0.007295
v 0.001880 0.013213 0.008108
v 0.001646 0.015802 0.007999
v 0.001405 0.015476 0.006875
v 0.001537 0.016051 0.006914
v 0.001914 0.016214 0.006566
v 0.001954 0.016421 0.008031
v 0.002557 0.002432 0.007698
v 0.001945 0.004377 0.007970
v 0.001973 0.003173 0.007834
v 0.002254 0.004012 0.005941
v -0.010279 0.007306 0.008237
v -0.011144 0.010411 0.008252
v -0.011781 0.011083 0.008191
v -0.012234 0.011243 0.008261
v -0.012796 0.002164 0.007188
v -0.013944 0.002977 0.008656
v -0.013672 0.002242 0.008069
v -0.013890 0.011030 0.007663
v 0.016939 0.002573 0.003899
v 0.016967 0.011236 0.005329
v 0.007174 0.002050 0.003519
v 0.005969 0.015525 0.004532
v 0.002321 0.012687 0.005248
v 0.001414 0.015587 0.006121
v 0.001557 0.014686 0.005887
v 0.001713 0.014867 0.004942
v 0.001934 0.015617 0.004824
v 0.002801 0.015796 0.004700
v 0.002409 0.015145 0.003822
v -0.012396 0.010694 0.006101
v -0.013974 0.003158 0.005279
v -0.014137 0.005015 0.003876
v -0.013046 0.008636 0.004432
v -0.013818 0.011639 0.005246
v -0.015577 0.001685 0.005472
v -0.016894 0.001645 0.005456
v -0.016319 0.001724 0.004325
v -0.019936 0.002349 0.005105
v -0.018516 0.001865 0.005272
v -0.020837 0.005462 0.004879
v -0.031344 0.000495 0.003686
v -0.032943 -0.002463 0.003832
v -0.032286 -0.000426 0.004651
v -0.032390 0.000753 0.004761
v -0.032754 0.000218 0.005019
v -0.032772 0.000775 0.004772
v -0.033299 -0.000952 0.004757
v -0.033367 -0.000170 0.004829
v -0.033475 0.000611 0.004226
v -0.031807 0.001537 0.003940
v -0.033704 -0.002328 0.004028
v -0.034023 -0.002698 0.003620
v -0.034064 -0.002270 0.003935
v -0.034346 -0.001727 0.003961
v -0.033608 -0.002891 0.003500
v -0.034388 -0.002404 0.003576
v -0.034364 -0.002757 0.003213
v -0.034580 -0.001758 0.003609
v -0.034341 -0.000991 0.003988
v 0.017867 0.012217 0.001555
v 0.018041 0.010981 0.001212
v 0.017509 0.012571 0.001314
v 0.005481 0.002183 0.001267
v 0.003810 0.015116 0.002977
v 0.003296 0.014317 0.002528
v 0.003477 0.014605 0.002566
v 0.004473 0.015145 0.002234
v 0.003539 0.014418 0.002138
v 0.005883 0.015268 0.001348
v 0.003847 0.014719 0.000839
v 0.004283 0.001943 0.002973
v 0.003793 0.002214 0.002533
v 0.004813 0.002319 0.001118
v 0.003003 0.004811 0.002583
v 0.003468 0.003103 0.001793
v 0.003936 0.002755 0.001020
v 0.003599 0.003197 0.000520
v 0.003130 0.012429 0.002244
v 0.003068 0.013722 0.002620
v 0.003252 0.013682 0.002120
v 0.003141 0.014658 0.002907
v -0.014766 0.004487 0.001953
v -0.013675 0.009080 0.002920
v -0.013636 0.011354 0.002411
v -0.013853 0.011749 0.002623
v -0.014700 0.011933 0.002410
v -0.014205 0.012112 0.001148
v -0.015411 0.002826 0.003206
v -0.015201 0.003456 0.002009
v -0.016173 0.002399 0.002006
v -0.018228 0.001065 0.003072
v -0.020097 0.009722 0.001869
v -0.020664 0.000286 0.002920
v -0.023155 -0.001965 0.000467
v -0.025231 -0.002444 0.000918
v -0.027457 -0.002983 0.000489
v -0.027326 0.005176 0.001192
v -0.029977 -0.002976 0.001313
v -0.030768 0.000993 0.003144
v -0.030859 0.001822 0.003080
v -0.028597 0.002127 0.002529
v -0.030058 0.004052 0.001857
v -0.031549 0.003753 0.002195
v -0.031177 0.004460 0.001357
v -0.031906 0.004066 0.001381
v -0.029373 0.004865 0.001087
v -0.031233 0.004380 0.000963
v -0.032514 -0.003109 0.002667
v -0.031081 -0.002510 0.002444
v -0.033257 -0.003234 0.001017
v -0.032331 0.003442 0.002224
v -0.032817 0.002944 0.001711
v -0.032606 0.003113 0.000901
v -0.033991 -0.003033 0.003169
v -0.034557 -0.002398 0.003225
v -0.034695 -0.001395 0.003246
v -0.033499 -0.003212 0.002652
v -0.034265 -0.003075 0.002471
v -0.034518 -0.002611 0.002451
v -0.034058 -0.002967 0.001782
v -0.033897 -0.002521 0.001091
v -0.034492 -0.000211 0.003005
v -0.034521 -0.000256 0.002257
v 0.017861 0.011921 -0.000335
v 0.017681 0.012339 -0.000282
v 0.017867 0.010456 -0.002202
v 0.017710 0.012353 -0.001963
v 0.017885 0.010585 -0.000105
v 0.016846 0.012715 -0.000907
v 0.003253 0.013722 0.000087
v 0.003804 0.014923 0.000141
v 0.003337 0.014103 0.000254
v 0.003482 0.014532 0.000115
v 0.003314 0.014456 -0.000303
v 0.003862 0.015033 -0.000593
v 0.003767 0.014746 -0.001305
v 0.003474 0.014237 -0.001412
v 0.005232 0.002227 -0.001730
v 0.004395 0.002451 -0.001833
v 0.004142 0.002179 -0.002631
v 0.003239 0.004187 -0.001932
v 0.003637 0.002902 -0.002074
v 0.003182 0.012888 -0.001387
v -0.013502 0.010761 -0.000025
v -0.014857 0.003442 -0.000406
v -0.014707 0.004443 -0.001828
v -0.015088 0.012079 0.000717
v -0.013954 0.012058 -0.000358
v -0.013666 0.011606 -0.001417
v -0.014659 0.012221 -0.001793
v -0.015842 0.011947 -0.001540
v -0.014899 0.003308 0.000104
v -0.015525 0.002677 0.000029
v -0.015241 0.003188 -0.001592
v -0.018004 0.000935 -0.000873
v -0.024839 -0.002499 -0.001214
v -0.022442 -0.001568 -0.001541
v -0.025981 0.005927 -0.001450
v -0.026212 -0.001872 -0.002281
v -0.027510 0.005483 0.000334
v -0.027556 0.005083 -0.001710
v -0.030753 -0.003257 -0.001229
v -0.029957 -0.002888 -0.002174
v -0.030284 0.004214 -0.000041
v -0.030055 0.004553 -0.001024
v -0.032892 -0.003139 -0.000381
v -0.033525 -0.002663 -0.000305
v -0.033295 -0.003164 -0.001454
v -0.033691 -0.002638 -0.001361
v -0.033983 -0.000189 0.000338
v -0.033940 0.000006 -0.000871
v -0.032207 0.002985 -0.000061
v -0.032662 0.002481 -0.000203
v -0.032067 0.003743 -0.001731
v 0.016367 0.000651 -0.003379
v 0.015018 0.000658 -0.004255
v 0.009326 0.002124 -0.004218
v 0.005580 0.015375 -0.002989
v 0.004056 0.014990 -0.003051
v 0.003438 0.014317 -0.002971
v 0.004010 0.015267 -0.003801
v 0.003519 0.002345 -0.003303
v 0.004535 0.001919 -0.003963
v 0.003187 0.008487 -0.003178
v 0.003069 0.006977 -0.003282
v 0.003392 0.007766 -0.004053
v 0.003071 0.006434 -0.004071
v 0.003471 0.007360 -0.004459
v 0.003338 0.007174 -0.005103
v 0.003364 0.007660 -0.005050
v 0.002929 0.006270 -0.005252
v 0.003193 0.010982 -0.004390
v 0.003099 0.013623 -0.003240
v 0.003066 0.014684 -0.003687
v -0.013272 0.010824 -0.004675
v -0.013702 0.010345 -0.002573
v -0.013269 0.008858 -0.004639
v -0.013806 0.011708 -0.002477
v -0.015974 0.011914 -0.002484
v -0.013570 0.011452 -0.003547
v -0.014270 0.011993 -0.003467
v -0.014330 0.011894 -0.004755
v -0.018983 0.000780 -0.003965
v -0.017688 0.001285 -0.005038
v -0.019968 0.010164 -0.002421
v -0.020723 -0.000059 -0.003141
v -0.020727 0.000463 -0.004001
v -0.021829 0.001103 -0.004493
v -0.022251 0.004869 -0.004637
v -0.023228 -0.001294 -0.002613
v -0.025585 0.001184 -0.003584
v -0.025665 0.002972 -0.003484
v -0.027327 -0.001056 -0.002668
v -0.028460 0.001350 -0.003205
v -0.030173 -0.001644 -0.003082
v -0.031223 -0.001098 -0.003863
v -0.030340 0.000071 -0.003504
v -0.030864 0.001444 -0.003866
v -0.031118 0.000323 -0.004152
v -0.029889 0.004067 -0.002530
v -0.031344 -0.003129 -0.002578
v -0.031247 -0.002607 -0.003179
v -0.032695 -0.002373 -0.004458
v -0.031607 0.000992 -0.004680
v -0.031963 0.003792 -0.002518
v -0.032195 0.002625 -0.003998
v -0.033481 -0.003277 -0.002733
v -0.034306 -0.002657 -0.002656
v -0.034197 -0.003090 -0.003072
v -0.034543 -0.002698 -0.003468
v -0.033956 -0.003020 -0.003799
v -0.034650 -0.001651 -0.004080
v -0.033811 -0.002212 -0.004747
v -0.034203 -0.002301 -0.004503
v -0.033964 -0.001514 -0.005036
v -0.034272 -0.000843 -0.004737
v -0.034651 -0.000842 -0.002973
v -0.034429 -0.000051 -0.003169
v 0.015297 0.009041 -0.007919
v 0.016260 0.011553 -0.007275
v 0.014921 0.012828 -0.006856
v 0.016505 0.001808 -0.006080
v 0.015671 0.000741 -0.006821
v 0.015128 0.006724 -0.007699
v 0.007265 0.015243 -0.005475
v 0.004907 0.015808 -0.005508
v 0.002641 0.015739 -0.005273
v 0.001873 0.015528 -0.005496
v 0.001821 0.014689 -0.005392
v 0.001478 0.015327 -0.007509
v -0.012598 0.010872 -0.006448
v -0.012763 0.011440 -0.007389
v -0.013385 0.011534 -0.004963
v -0.014289 0.003421 -0.005314
v -0.015739 0.001813 -0.005395
v -0.016344 0.001576 -0.005803
v -0.017627 0.005591 -0.007884
v -0.017948 0.001393 -0.005474
v -0.019121 0.002038 -0.005937
v -0.018944 0.007495 -0.006550
v -0.020731 0.003412 -0.005791
v -0.032400 -0.000565 -0.005398
v -0.033052 -0.001078 -0.005424
v -0.033287 0.000856 -0.004917
v -0.032055 0.000189 -0.005331
v -0.032569 0.000516 -0.005700
v -0.033140 -0.000291 -0.005684
v 0.015118 0.003727 -0.008558
v 0.014304 0.002564 -0.009232
v 0.013487 0.004789 -0.009870
v 0.013133 0.014149 -0.010438
v 0.012564 0.002104 -0.009489
v 0.012710 0.003464 -0.010430
v 0.005782 0.016866 -0.009883
v 0.003041 0.003206 -0.010883
v 0.001916 0.012867 -0.009139
v 0.002078 0.016414 -0.007850
v 0.001785 0.016212 -0.008370
v 0.002618 0.002582 -0.008964
v 0.001992 0.003128 -0.008737
v 0.002016 0.003102 -0.009953
v 0.001892 0.003846 -0.010376
v 0.001922 0.004279 -0.010353
v -0.009421 0.007211 -0.009802
v -0.010200 0.010543 -0.010315
v -0.011267 0.001892 -0.010714
v -0.011319 0.010613 -0.008844
v -0.011655 0.011137 -0.009243
v -0.012160 0.011186 -0.009331
v -0.011880 0.002579 -0.008502
v -0.012609 0.001939 -0.008710
v -0.013547 0.002164 -0.008782
v -0.014201 0.002880 -0.009075
v -0.014271 0.004205 -0.009800
v -0.013510 0.010651 -0.009341
v -0.016275 0.004140 -0.008357
v 0.013072 0.013691 -0.011912
v 0.010911 0.015288 -0.013294
v 0.010240 0.016284 -0.012588
v 0.007814 0.006721 -0.013696
v 0.009961 0.007972 -0.012918
v 0.004256 0.017199 -0.010254
v 0.005716 0.017515 -0.010999
v 0.005458 0.017653 -0.011563
v 0.003274 0.016850 -0.011354
v 0.004107 0.003558 -0.011316
v 0.002107 0.003840 -0.011225
v 0.001951 0.004211 -0.011221
v 0.002230 0.005256 -0.010711
v 0.002721 0.004044 -0.011762
v 0.002214 0.004287 -0.011630
v 0.002211 0.004708 -0.011620
v 0.004566 0.005249 -0.012765
v 0.003357 0.005553 -0.012708
v 0.003944 0.006049 -0.013286
v 0.004339 0.006270 -0.013659
v 0.002753 0.007578 -0.010860
v 0.002611 0.008284 -0.011556
v 0.003066 0.006865 -0.012209
v 0.002855 0.007617 -0.012518
v 0.001998 0.008520 -0.012433
v 0.003620 0.006355 -0.013115
v 0.003946 0.006417 -0.013507
v 0.003285 0.007032 -0.013224
v 0.002821 0.007338 -0.013359
v 0.003690 0.006739 -0.013586
v 0.001889 0.010642 -0.010907
v 0.002213 0.009303 -0.011174
v 0.001298 0.009809 -0.012338
v 0.001341 0.011570 -0.012235
v 0.001991 0.013639 -0.012235
v 0.000938 0.012057 -0.013496
v 0.000528 0.009792 -0.012944
v 0.000791 0.008640 -0.013269
v 0.000341 0.010846 -0.013140
v -0.000547 0.008686 -0.013518
v -0.001098 0.010433 -0.013607
v -0.006408 0.005777 -0.012231
v -0.004542 0.007550 -0.013202
v -0.006808 0.009968 -0.012514
v -0.007499 0.010784 -0.012532
v -0.007442 0.011396 -0.013193
v -0.009105 0.010377 -0.011258
v -0.008905 0.011039 -0.012049
v -0.009417 0.011048 -0.012346
v -0.007884 0.011185 -0.012784
v -0.008227 0.011250 -0.013083
v -0.011195 0.002747 -0.011647
v -0.009060 0.001585 -0.013252
v -0.010718 0.004598 -0.012761
v -0.011787 0.006161 -0.012803
v -0.011849 0.009163 -0.012693
v -0.012158 0.007869 -0.012971
v -0.010708 0.011074 -0.010895
v 0.010337 0.012977 -0.014081
v 0.009219 0.015523 -0.015621
v 0.007886 0.008077 -0.015034
v 0.008484 0.008878 -0.015722
v 0.007764 0.008932 -0.015703
v 0.008781 0.009898 -0.016378
v 0.007187 0.010409 -0.015793
v 0.006028 0.014745 -0.015024
v 0.006230 0.013544 -0.015449
v 0.007154 0.014571 -0.015882
v 0.007973 0.016419 -0.014350
v 0.007447 0.015746 -0.015433
v 0.006918 0.007714 -0.014763
v 0.005968 0.011145 -0.015485
v 0.004712 0.013804 -0.015247
v 0.005007 0.012747 -0.015691
v 0.003492 0.006915 -0.013936
v 0.003877 0.006842 -0.014321
v 0.003118 0.006987 -0.014687
v 0.003714 0.007389 -0.016063
v 0.002946 0.014414 -0.013922
v 0.001723 0.012869 -0.014733
v 0.000707 0.012455 -0.014775
v 0.001425 0.012637 -0.016168
v 0.001153 0.007149 -0.014892
v -0.000085 0.006610 -0.015345
v -0.000889 0.011964 -0.014562
v -0.001740 0.012303 -0.014964
v -0.000654 0.012475 -0.015366
v -0.001165 0.012822 -0.015949
v -0.003726 0.010279 -0.013699
v -0.004980 0.011985 -0.013892
v -0.003456 0.013014 -0.014941
v -0.004552 0.012997 -0.014610
v -0.004898 0.013052 -0.015312
v -0.003117 0.014619 -0.015596
v -0.003555 0.014909 -0.015859
v -0.004261 0.013896 -0.016038
v -0.005049 0.001807 -0.015711
v -0.003792 0.003559 -0.015099
v -0.006227 0.011981 -0.013845
v -0.006958 0.011690 -0.013830
v -0.007691 0.011266 -0.013741
v -0.005577 0.012310 -0.014193
v -0.006665 0.011524 -0.014356
v -0.005945 0.011971 -0.014696
v -0.009496 0.005314 -0.015468
v -0.009937 0.006966 -0.015012
v -0.008741 0.008844 -0.015555
v -0.009451 0.002960 -0.013966
v -0.010284 0.005527 -0.014074
v 0.009269 0.014684 -0.017902
v 0.008800 0.014950 -0.018051
v 0.008709 0.014621 -0.018594
v 0.008670 0.009779 -0.016732
v 0.008274 0.009844 -0.017071
v 0.008647 0.009866 -0.017428
v 0.008634 0.009879 -0.018128
v 0.008530 0.010106 -0.018446
v 0.008330 0.010477 -0.017367
v 0.003608 0.012018 -0.017182
v 0.003908 0.008166 -0.016738
v 0.002361 0.007264 -0.017834
v 0.003378 0.009120 -0.018167
v 0.003153 0.007962 -0.018044
v 0.002813 0.012805 -0.016683
v 0.000100 0.005812 -0.017435
v 0.001164 0.006758 -0.016613
v -0.001672 0.013445 -0.016337
v -0.000319 0.012853 -0.017059
v -0.001083 0.013971 -0.017721
v -0.002230 0.014467 -0.016320
v -0.001767 0.016556 -0.016599
v -0.002440 0.016641 -0.016498
v -0.001242 0.016298 -0.017298
v -0.001232 0.016767 -0.017241
v -0.002641 0.016532 -0.017365
v -0.001332 0.014987 -0.017657
v -0.000829 0.016843 -0.018305
v -0.001812 0.017026 -0.016863
v -0.001351 0.017090 -0.017246
v -0.001874 0.017357 -0.017538
v -0.002223 0.017239 -0.018016
v -0.001214 0.017510 -0.018257
v -0.001596 0.017686 -0.018565
v -0.001839 0.003686 -0.017990
v -0.005818 0.000889 -0.018966
v -0.007695 0.001554 -0.017840
v -0.007556 0.001227 -0.019261
v -0.008566 0.007025 -0.017405
v -0.008660 0.004651 -0.018477
v -0.008082 0.008455 -0.016764
v 0.010553 0.009757 -0.021021
v 0.010955 0.012280 -0.020130
v 0.011058 0.013342 -0.021111
v 0.011216 0.011916 -0.021608
v 0.010885 0.013288 -0.021552
v 0.010401 0.014191 -0.020051
v 0.009896 0.014619 -0.020000
v 0.009224 0.014550 -0.019972
v 0.009615 0.014240 -0.020796
v 0.010729 0.013803 -0.021080
v 0.010368 0.013728 -0.021464
v 0.009029 0.013344 -0.021535
v 0.007703 0.006725 -0.022122
v 0.008410 0.008965 -0.020104
v 0.009199 0.008486 -0.020313
v 0.007353 0.008500 -0.021854
v 0.008160 0.011179 -0.021165
v 0.008459 0.012322 -0.021399
v 0.003843 0.009305 -0.021184
v 0.004538 0.008407 -0.021860
v 0.004338 0.007652 -0.021880
v 0.006330 0.008436 -0.022314
v 0.006208 0.007644 -0.022353
v 0.005360 0.007890 -0.022246
v 0.005093 0.007426 -0.022339
v 0.004457 0.009090 -0.021944
v 0.003716 0.009978 -0.021498
v 0.003195 0.008045 -0.020075
v 0.003579 0.008923 -0.020432
v 0.003522 0.007789 -0.021061
v 0.003903 0.008197 -0.021236
v 0.003028 0.007078 -0.022003
v 0.003100 0.010767 -0.019494
v 0.002493 0.011769 -0.019390
v 0.002675 0.011198 -0.020741
v 0.001782 0.012149 -0.019480
v 0.000194 0.013284 -0.019798
v 0.001018 0.006636 -0.019679
v -0.000249 0.014240 -0.020590
v -0.000621 0.014915 -0.019320
v -0.000530 0.015928 -0.020419
v -0.000952 0.017238 -0.019391
v -0.001588 0.017725 -0.019259
v -0.001948 0.017711 -0.019168
v -0.001965 0.017694 -0.019698
v -0.002306 0.017523 -0.019686
v -0.002805 0.016690 -0.019547
v -0.001600 0.017390 -0.020420
v -0.007176 0.008810 -0.021939
v -0.008111 0.000908 -0.021719
v -0.007231 0.000583 -0.022105
v -0.007572 0.007494 -0.021829
v -0.007416 0.008330 -0.019177
v 0.009715 0.007780 -0.023819
v 0.009495 0.009957 -0.024180
v 0.010633 0.011817 -0.022636
v 0.010191 0.012518 -0.022586
v 0.009515 0.012849 -0.022387
v 0.008537 0.006072 -0.023185
v 0.008602 0.005413 -0.024695
v 0.007926 0.004936 -0.024760
v 0.009111 0.006367 -0.025110
v 0.007184 0.009929 -0.022364
v 0.008209 0.011506 -0.022247
v 0.007714 0.010744 -0.022972
v 0.008771 0.010729 -0.023988
v 0.006149 0.006951 -0.022650
v 0.004518 0.006579 -0.023112
v 0.005813 0.005468 -0.024112
v 0.005250 0.008886 -0.022367
v 0.005129 0.009281 -0.022542
v 0.004350 0.009635 -0.022250
v 0.006137 0.009420 -0.022661
v 0.006398 0.009854 -0.022979
v 0.005769 0.009653 -0.022985
v 0.004692 0.009714 -0.022958
v 0.006077 0.009883 -0.023681
v 0.004690 0.009735 -0.023935
v 0.003544 0.010292 -0.022204
v 0.001965 0.011373 -0.022051
v 0.003233 0.010042 -0.024730
v 0.000462 0.012437 -0.022257
v 0.000624 0.006496 -0.023086
v 0.000587 0.006699 -0.024516
v 0.001321 0.007051 -0.024675
v 0.000485 0.011634 -0.023515
v -0.001159 0.011470 -0.024492
v -0.000804 0.013982 -0.022538
v -0.001046 0.012530 -0.023704
v -0.001551 0.013623 -0.023651
v -0.002218 0.012438 -0.024609
v -0.003075 0.016503 -0.021767
v -0.001345 0.016208 -0.022103
v -0.002548 0.016982 -0.021977
v -0.002197 0.016680 -0.022458
v -0.002914 0.016376 -0.023335
v -0.003187 0.016395 -0.023170
v -0.002962 0.015343 -0.024404
v -0.007030 0.008758 -0.024624
v -0.008618 0.001315 -0.023087
v -0.008224 0.000339 -0.023479
v -0.007854 -0.000059 -0.023876
v -0.007464 0.000102 -0.024256
v -0.008257 0.000387 -0.024793
v -0.008633 0.002516 -0.024331
v -0.007653 0.006601 -0.023651
v -0.007457 0.006845 -0.024319
v -0.007521 0.008271 -0.023777
v 0.008412 0.004308 -0.026125
v 0.007769 0.003875 -0.026032
v 0.008551 0.004452 -0.026791
v 0.008154 0.003730 -0.027163
v 0.007811 0.003416 -0.027152
v 0.008402 0.004843 -0.027484
v 0.008191 0.004029 -0.027543
v 0.007772 0.003445 -0.027584
v 0.008567 0.007621 -0.026240
v 0.008813 0.006954 -0.026232
v 0.008754 0.005544 -0.026734
v 0.008471 0.007192 -0.026717
v 0.007843 0.007605 -0.026979
v 0.008434 0.006494 -0.027358
v 0.007922 0.007168 -0.027686
v 0.007926 0.006359 -0.027982
v 0.007583 0.009043 -0.025411
v 0.008126 0.008157 -0.026184
v 0.007103 0.003314 -0.026784
v 0.006108 0.003234 -0.027431
v 0.006543 0.002986 -0.027862
v 0.005074 0.009355 -0.025080
v 0.004041 0.008914 -0.026859
v 0.003441 0.006231 -0.026602
v 0.002438 0.006889 -0.025046
v 0.002235 0.007189 -0.026201
v 0.001590 0.008865 -0.026205
v 0.001033 0.008372 -0.026101
v 0.002119 0.007900 -0.026626
v 0.003702 0.008200 -0.027402
v 0.003160 0.006947 -0.027341
v 0.002518 0.009615 -0.025776
v 0.001155 0.007455 -0.025440
v 0.000487 0.007222 -0.025557
v 0.001111 0.007987 -0.026008
v 0.000711 0.007951 -0.025849
v 0.000622 0.008298 -0.025995
v 0.000573 0.008647 -0.025942
v 0.000357 0.007875 -0.026037
v 0.000236 0.008178 -0.026127
v -0.000241 0.008568 -0.026067
v -0.000053 0.006787 -0.026503
v -0.001231 0.006747 -0.027676
v 0.000630 0.010364 -0.025045
v 0.000091 0.009284 -0.025633
v -0.001705 0.008815 -0.026205
v -0.002053 0.004460 -0.026965
v -0.003698 0.007981 -0.026377
v -0.002675 0.010153 -0.025534
v -0.004260 0.009669 -0.025618
v -0.003527 0.011577 -0.025388
v -0.003799 0.013877 -0.025563
v -0.004568 0.013717 -0.025812
v -0.004083 0.015321 -0.024758
v -0.004815 0.014232 -0.024615
v -0.004029 0.015073 -0.025228
v -0.004684 0.014500 -0.025296
v -0.006552 0.007210 -0.025210
v -0.005492 0.011462 -0.025599
v -0.005828 0.012528 -0.025227
v -0.007227 0.000183 -0.025567
v -0.007900 0.000084 -0.025621
v -0.008362 0.001075 -0.025462
v -0.006448 0.000761 -0.025923
v -0.008035 0.000799 -0.025953
v -0.007905 0.001600 -0.026234
v -0.006806 0.000613 -0.026706
v -0.007208 0.000773 -0.026834
v -0.007602 0.003571 -0.026084
v 0.007916 0.004723 -0.028185
v 0.007355 0.003924 -0.028457
v 0.006790 0.003188 -0.028253
v 0.005764 0.003104 -0.028202
v 0.005166 0.003654 -0.028062
v 0.005782 0.003182 -0.028553
v 0.005363 0.003345 -0.028550
v 0.006023 0.003754 -0.029034
v 0.005329 0.003619 -0.028973
v 0.004916 0.003801 -0.028867
v 0.006812 0.007042 -0.028498
v 0.006519 0.004884 -0.029197
v 0.006365 0.005675 -0.029226
v 0.004788 0.006684 -0.029127
v 0.005319 0.006098 -0.029421
v 0.005387 0.005387 -0.029539
v 0.005141 0.004847 -0.029456
v 0.004641 0.005345 -0.029383
v 0.006188 0.008037 -0.027677
v 0.005524 0.008059 -0.028174
v 0.004618 0.007694 -0.028410
v 0.005676 0.007422 -0.028779
v 0.004108 0.006638 -0.028643
v 0.004230 0.004810 -0.028802
v -0.001705 0.005192 -0.028197
v -0.002377 0.005165 -0.028523
v -0.002634 0.004351 -0.028706
v -0.003115 0.004650 -0.028694
v -0.002651 0.006442 -0.027931
v -0.004464 0.002570 -0.028214
v -0.004566 0.005058 -0.027989
v -0.005666 0.002821 -0.028178
v -0.004057 0.004098 -0.028706
v -0.004529 0.002973 -0.028838
v -0.004829 0.003345 -0.028642
v 0.008409 0.004462 0.025195
v 0.007814 0.003466 0.026456
v 0.007109 0.003640 0.025728
v 0.007109 0.003640 0.025728
v 0.002683 0.008085 0.026229
v 0.002611 0.007281 0.026104
v 0.002610 0.006964 0.025671
v -0.002229 0.004590 0.027761
v -0.002229 0.004590 0.027761
v -0.001540 0.006886 0.027013
v -0.005438 0.001851 0.027266
v -0.004460 0.002773 0.027914
v -0.006833 0.000578 0.025943
v -0.007303 0.000312 0.025529
v 0.000987 0.008106 0.025312
v 0.000987 0.008106 0.025312
v 0.000987 0.008106 0.025312
v 0.000987 0.008106 0.025312
v 0.000972 0.008498 0.025374
v 0.000972 0.008498 0.025374
v 0.000357 0.007650 0.025315
v 0.000357 0.007650 0.025315
v 0.000222 0.008355 0.025379
v 0.000222 0.008355 0.025379
v 0.001141 0.007131 0.024206
v 0.001141 0.007131 0.024206
v 0.000444 0.006556 0.023561
v -0.004054 0.015171 0.024351
v -0.007997 0.000208 0.024863
v -0.008210 0.000285 0.022768
v 0.010933 0.013533 0.020227
v 0.010933 0.013533 0.020227
v 0.007817 0.008092 0.020708
v 0.007817 0.008092 0.020708
v 0.006990 0.010155 0.022231
v 0.006347 0.009753 0.022235
v 0.006605 0.008202 0.021553
v 0.006605 0.008202 0.021553
v 0.006605 0.008202 0.021553
v 0.005222 0.007961 0.021527
v 0.004233 0.006938 0.022113
v 0.004233 0.006938 0.022113
v 0.003734 0.010158 0.021520
v 0.004193 0.009526 0.021196
v 0.003806 0.008137 0.020447
v 0.003806 0.008137 0.020447
v -0.002380 0.016689 0.021716
v -0.008135 0.001118 0.020915
v 0.010763 0.013642 0.019519
v 0.009372 0.014682 0.019251
v 0.009372 0.014682 0.019251
v 0.009302 0.008873 0.019312
v 0.009302 0.008873 0.019312
v 0.009302 0.008873 0.019312
v 0.002514 0.007425 0.018019
v 0.003111 0.010765 0.018603
v 0.002315 0.011992 0.018423
v 0.002315 0.011992 0.018423
v 0.000216 0.013350 0.019512
v -0.001422 0.017412 0.019330
v 0.009151 0.014576 0.016797
v 0.009151 0.014576 0.016797
v 0.009151 0.014576 0.016797
v 0.008693 0.010142 0.016585
v 0.008693 0.010142 0.016585
v 0.008693 0.010142 0.016585
v 0.008693 0.010142 0.016585
v 0.008693 0.010142 0.016585
v 0.008928 0.015014 0.016824
v 0.008928 0.015014 0.016824
v 0.008580 0.014977 0.016830
v 0.008580 0.014977 0.016830
v 0.008580 0.014977 0.016830
v 0.007954 0.015687 0.015284
v 0.008708 0.016147 0.014782
v 0.008708 0.016147 0.014782
v 0.004795 0.007890 0.014982
v 0.004795 0.007890 0.014982
v 0.004795 0.007890 0.014982
v 0.004795 0.007890 0.014982
v 0.004455 0.011997 0.015513
v 0.005645 0.013283 0.014705
v 0.005645 0.013283 0.014705
v 0.004114 0.013883 0.014607
v 0.004114 0.013883 0.014607
v 0.003462 0.011712 0.016806
v 0.003462 0.011712 0.016806
v 0.001490 0.012438 0.017203
v 0.002476 0.012715 0.016020
v 0.002476 0.012715 0.016020
v -0.000617 0.012529 0.014804
v -0.000617 0.012529 0.014804
v -0.000617 0.012529 0.014804
v -0.002065 0.014850 0.015851
v -0.001744 0.016991 0.016214
v -0.002308 0.016254 0.015468
v -0.002308 0.016254 0.015468
v -0.002308 0.016254 0.015468
v -0.003172 0.015061 0.015174
v 0.012589 0.012875 0.011784
v 0.010224 0.016195 0.011964
v 0.008901 0.006054 0.011854
v 0.004217 0.006860 0.013742
v 0.004266 0.006522 0.013201
v 0.004266 0.006522 0.013201
v 0.003633 0.006045 0.012316
v 0.002129 0.008318 0.011825
v 0.000918 0.011580 0.012273
v 0.000088 0.008640 0.012745
v 0.000868 0.010148 0.011972
v 0.000868 0.010148 0.011972
v -0.004813 0.012041 0.013241
v -0.005559 0.011856 0.013026
v -0.005559 0.011856 0.013026
v -0.007570 0.011260 0.012294
v 0.014587 0.013064 0.009242
v 0.005292 0.017403 0.011453
v 0.003446 0.016771 0.010733
v 0.002659 0.004313 0.011197
v 0.002307 0.009169 0.010407
v 0.002074 0.014389 0.010038
v 0.002138 0.004447 0.010803
v 0.002163 0.003735 0.010399
v 0.002163 0.003735 0.010399
v 0.002053 0.003115 0.009315
v -0.010123 0.011018 0.010648
v 0.015730 0.011914 0.007743
v 0.016536 0.012179 0.005787
v 0.015616 0.001163 0.006625
v 0.016159 0.000952 0.005434
v 0.001537 0.016051 0.006914
v 0.001954 0.016421 0.008031
v -0.012234 0.011243 0.008261
v -0.012796 0.002164 0.007188
v 0.001414 0.015587 0.006121
v 0.001934 0.015617 0.004824
v -0.013818 0.011639 0.005246
v -0.015577 0.001685 0.005472
v -0.019936 0.002349 0.005105
v -0.032390 0.000753 0.004761
v -0.032754 0.000218 0.005019
v -0.032754 0.000218 0.005019
v -0.032754 0.000218 0.005019
v -0.033367 -0.000170 0.004829
v -0.014205 0.012112 0.001148
v -0.020097 0.009722 0.001869
v -0.025231 -0.002444 0.000918
v -0.025231 -0.002444 0.000918
v -0.028597 0.002127 0.002529
v -0.028597 0.002127 0.002529
v -0.031177 0.004460 0.001357
v -0.031906 0.004066 0.001381
v 0.017710 0.012353 -0.001963
v 0.003804 0.014923 0.000141
v -0.013954 0.012058 -0.000358
v -0.014659 0.012221 -0.001793
v -0.025981 0.005927 -0.001450
v -0.027510 0.005483 0.000334
v -0.027510 0.005483 0.000334
v -0.027556 0.005083 -0.001710
v -0.030284 0.004214 -0.000041
v -0.032892 -0.003139 -0.000381
v -0.033525 -0.002663 -0.000305
v -0.033295 -0.003164 -0.001454
v -0.032207 0.002985 -0.000061
v -0.032067 0.003743 -0.001731
v 0.016367 0.000651 -0.003379
v 0.004056 0.014990 -0.003051
v 0.003438 0.014317 -0.002971
v 0.003519 0.002345 -0.003303
v -0.013806 0.011708 -0.002477
v -0.013570 0.011452 -0.003547
v -0.029889 0.004067 -0.002530
v -0.031963 0.003792 -0.002518
v -0.031963 0.003792 -0.002518
v -0.032195 0.002625 -0.003998
v -0.032195 0.002625 -0.003998
v -0.034197 -0.003090 -0.003072
v -0.034543 -0.002698 -0.003468
v -0.034650 -0.001651 -0.004080
v 0.016260 0.011553 -0.007275
v 0.015671 0.000741 -0.006821
v 0.015671 0.000741 -0.006821
v 0.015671 0.000741 -0.006821
v -0.012763 0.011440 -0.007389
v -0.013385 0.011534 -0.004963
v -0.017948 0.001393 -0.005474
v -0.032569 0.000516 -0.005700
v -0.033140 -0.000291 -0.005684
v 0.014304 0.002564 -0.009232
v 0.012710 0.003464 -0.010430
v 0.001992 0.003128 -0.008737
v 0.002016 0.003102 -0.009953
v 0.002016 0.003102 -0.009953
v -0.011655 0.011137 -0.009243
v -0.012160 0.011186 -0.009331
v -0.012609 0.001939 -0.008710
v 0.013072 0.013691 -0.011912
v 0.010911 0.015288 -0.013294
v 0.007814 0.006721 -0.013696
v 0.003274 0.016850 -0.011354
v 0.003274 0.016850 -0.011354
v 0.002855 0.007617 -0.012518
v 0.001341 0.011570 -0.012235
v 0.000938 0.012057 -0.013496
v 0.000938 0.012057 -0.013496
v -0.007442 0.011396 -0.013193
v -0.008905 0.011039 -0.012049
v -0.007884 0.011185 -0.012784
v -0.009060 0.001585 -0.013252
v -0.009060 0.001585 -0.013252
v -0.010708 0.011074 -0.010895
v -0.010708 0.011074 -0.010895
v 0.010337 0.012977 -0.014081
v 0.009219 0.015523 -0.015621
v 0.009219 0.015523 -0.015621
v 0.007764 0.008932 -0.015703
v 0.008781 0.009898 -0.016378
v 0.006028 0.014745 -0.015024
v 0.007154 0.014571 -0.015882
v 0.006918 0.007714 -0.014763
v 0.006918 0.007714 -0.014763
v 0.005968 0.011145 -0.015485
v 0.004712 0.013804 -0.015247
v 0.005007 0.012747 -0.015691
v 0.002946 0.014414 -0.013922
v 0.001723 0.012869 -0.014733
v 0.001153 0.007149 -0.014892
v -0.000085 0.006610 -0.015345
v -0.004552 0.012997 -0.014610
v -0.003555 0.014909 -0.015859
v -0.006227 0.011981 -0.013845
v -0.006227 0.011981 -0.013845
v -0.006958 0.011690 -0.013830
v -0.005577 0.012310 -0.014193
v 0.009269 0.014684 -0.017902
v 0.009269 0.014684 -0.017902
v 0.009269 0.014684 -0.017902
v 0.008800 0.014950 -0.018051
v 0.008800 0.014950 -0.018051
v 0.008800 0.014950 -0.018051
v 0.008670 0.009779 -0.016732
v 0.008670 0.009779 -0.016732
v 0.008274 0.009844 -0.017071
v 0.008274 0.009844 -0.017071
v 0.008647 0.009866 -0.017428
v 0.008647 0.009866 -0.017428
v 0.008647 0.009866 -0.017428
v 0.008647 0.009866 -0.017428
v 0.008634 0.009879 -0.018128
v 0.008634 0.009879 -0.018128
v 0.008634 0.009879 -0.018128
v 0.008634 0.009879 -0.018128
v 0.008330 0.010477 -0.017367
v 0.003608 0.012018 -0.017182
v 0.003908 0.008166 -0.016738
v 0.003908 0.008166 -0.016738
v 0.002813 0.012805 -0.016683
v 0.002813 0.012805 -0.016683
v -0.002440 0.016641 -0.016498
v -0.002440 0.016641 -0.016498
v -0.001812 0.017026 -0.016863
v -0.001351 0.017090 -0.017246
v -0.005818 0.000889 -0.018966
v -0.007695 0.001554 -0.017840
v -0.007556 0.001227 -0.019261
v 0.007703 0.006725 -0.022122
v 0.008410 0.008965 -0.020104
v 0.009199 0.008486 -0.020313
v 0.007353 0.008500 -0.021854
v 0.003028 0.007078 -0.022003
v 0.001782 0.012149 -0.019480
v -0.007231 0.000583 -0.022105
v 0.008537 0.006072 -0.023185
v 0.007184 0.009929 -0.022364
v 0.007184 0.009929 -0.022364
v 0.007184 0.009929 -0.022364
v 0.007714 0.010744 -0.022972
v 0.007714 0.010744 -0.022972
v 0.008771 0.010729 -0.023988
v 0.004518 0.006579 -0.023112
v 0.005769 0.009653 -0.022985
v 0.004692 0.009714 -0.022958
v 0.006077 0.009883 -0.023681
v 0.001321 0.007051 -0.024675
v 0.001321 0.007051 -0.024675
v -0.002548 0.016982 -0.021977
v -0.003187 0.016395 -0.023170
v -0.007854 -0.000059 -0.023876
v 0.001033 0.008372 -0.026101
v 0.002119 0.007900 -0.026626
v 0.003160 0.006947 -0.027341
v 0.001155 0.007455 -0.025440
v 0.001155 0.007455 -0.025440
v 0.000487 0.007222 -0.025557
v 0.000487 0.007222 -0.025557
v 0.000711 0.007951 -0.025849
v 0.000622 0.008298 -0.025995
v 0.000622 0.008298 -0.025995
v -0.004568 0.013717 -0.025812
v -0.004083 0.015321 -0.024758
v -0.004029 0.015073 -0.025228
v -0.004684 0.014500 -0.025296
v -0.007900 0.000084 -0.025621
v -0.007208 0.000773 -0.026834
v 0.005363 0.003345 -0.028550
v 0.004916 0.003801 -0.028867
v 0.004916 0.003801 -0.028867
v 0.004230 0.004810 -0.028802
v -0.001705 0.005192 -0.028197
v -0.002634 0.004351 -0.028706
v -0.004529 0.002973 -0.028838
vn 0.1143 -0.4594 0.8808
vn 0.3408 -0.5063 0.7921
vn 0.4765 -0.0523 0.8776
vn 0.2252 -0.1842 0.9567
vn -0.1018 -0.3880 0.9160
vn -0.3061 -0.6257 0.7175
vn 0.7219 -0.2437 0.6477
vn 0.5577 -0.6374 0.5317
vn -0.1120 -0.8811 0.4594
vn -0.5418 -0.8176 0.1948
vn 0.3785 0.2472 0.8920
vn 0.1054 0.0742 0.9917
vn -0.0177 -0.2917 0.9563
vn -0.0792 -0.1261 0.9889
vn -0.0351 0.3317 0.9427
vn -0.4329 0.0147 0.9013
vn 0.7409 0.2330 0.6299
vn 0.4416 0.4537 0.7740
vn -0.0030 0.5341 0.8454
vn -0.4602 0.3391 0.8205
vn -0.6019 -0.5456 0.5831
vn -0.7525 -0.6434 0.1410
vn -0.4466 -0.3432 0.8263
vn -0.8446 -0.3375 0.4157
vn -0.7394 0.0343 0.6724
vn -0.7240 0.2087 0.6575
vn 0.1001 0.1917 0.9763
vn -0.1334 0.3353 0.9326
vn -0.0557 -0.0446 0.9975
vn 0.9146 -0.2859 0.2860
vn 0.8912 -0.4512 -0.0473
vn 0.9302 -0.3670 0.0048
vn 0.9213 0.0363 0.3872
vn 0.7597 0.3537 0.5457
vn 0.5335 0.6116 0.5843
vn 0.4005 0.6515 0.6444
vn 0.2377 0.8669 0.4381
vn 0.1860 -0.9130 0.3630
vn -0.1552 -0.9752 -0.1576
vn 0.7800 -0.5487 0.3011
vn 0.2793 -0.9559 -0.0907
vn -0.4452 -0.8915 -0.0838
vn -0.4857 -0.8171 -0.3104
vn -0.6291 -0.7077 -0.3216
vn -0.7508 -0.6186 -0.2318
vn 0.0414 -0.8483 -0.5279
vn -0.3131 -0.8316 -0.4587
vn -0.5291 -0.7447 -0.4067
vn 0.2760 -0.8395 -0.4680
vn 0.2814 -0.7943 -0.5385
vn 0.3033 0.7116 0.6337
vn -0.0149 0.7671 0.6413
vn -0.3731 0.5849 0.7202
vn -0.1147 0.7583 0.6418
vn 0.0534 0.8147 0.5774
vn -0.8377 -0.5365 -0.1018
vn -0.9131 -0.1499 0.3791
vn -0.7819 -0.6231 0.0197
vn -0.8269 -0.1204 0.5493
vn -0.4481 -0.8676 -0.2154
vn -0.6602 -0.5987 0.4535
vn -0.5938 0.3859 0.7061
vn -0.6124 -0.0513 0.7889
vn -0.5847 -0.0775 0.8075
vn -0.2950 0.5065 0.8102
vn -0.4721 -0.1422 0.8700
vn -0.6382 -0.6188 0.4580
vn -0.5706 -0.6553 0.4950
vn -0.4713 -0.1553 0.8682
vn 0.6535 0.0550 0.7549
vn 0.6531 0.0565 0.7551
vn 0.6549 0.0498 0.7541
vn -0.0281 0.5559 0.8308
vn 0.6551 0.0490 0.7539
vn -0.2138 0.5475 0.8090
vn 0.6923 -0.7104 0.1269
vn 0.6238 -0.7772 0.0831
vn 0.5993 -0.7924 0.1138
vn 0.6862 -0.6014 0.4092
vn 0.2781 -0.9595 -0.0457
vn 0.0587 0.4639 0.8839
vn -0.2927 0.4138 0.8620
vn 0.1286 0.4826 0.8663
vn 0.0923 0.2532 0.9630
vn -0.3156 -0.3039 0.8989
vn -0.1618 -0.5469 0.8214
vn 0.0489 -0.3396 0.9393
vn 0.5861 -0.7914 0.1736
vn 0.6200 -0.7611 0.1903
vn -0.4211 -0.5386 0.7298
vn 0.5850 -0.8099 0.0417
vn -0.0135 -0.7647 0.6442
vn -0.4250 0.2910 0.8571
vn -0.4896 0.0873 0.8676
vn -0.6468 0.2021 0.7354
vn -0.4763 0.4152 0.7751
vn -0.6451 0.2451 0.7238
vn -0.5866 -0.1171 0.8014
vn -0.3407 -0.7515 0.5649
vn -0.7702 0.0452 0.6363
vn 0.3749 -0.9268 -0.0208
vn 0.3213 -0.9423 0.0941
vn -0.8519 0.1947 0.4861
vn -0.8234 -0.4230 0.3781
vn -0.8304 -0.1901 0.5238
vn -0.9048 0.1784 0.3867
vn 0.2734 -0.7891 -0.5501
vn 0.8477 0.0873 0.5232
vn 0.7481 -0.4842 -0.4537
vn 0.3354 0.5046 0.7955
vn -0.1873 0.6941 0.6951
vn -0.4965 0.7577 0.4235
vn 0.9177 -0.1073 0.3824
vn -0.1005 0.6688 0.7366
vn -0.5593 0.6645 0.4956
vn 0.1748 -0.6541 -0.7359
vn 0.2313 -0.7934 -0.5631
vn 0.1602 -0.6353 -0.7555
vn 0.0109 0.9411 0.3378
vn -0.2630 0.9531 0.1497
vn -0.0326 0.9992 0.0211
vn 0.2218 0.9589 0.1771
vn -0.4815 0.8756 -0.0395
vn 0.0260 0.8668 -0.4980
vn 0.3545 0.9138 -0.1984
vn -0.3351 -0.9308 -0.1461
vn 0.1170 -0.8008 0.5874
vn 0.1925 -0.8266 0.5289
vn 0.2637 -0.8438 0.4673
vn 0.2187 -0.9629 -0.1581
vn 0.3307 0.8534 0.4030
vn 0.0511 0.6331 0.7724
vn -0.5702 -0.6540 0.4972
vn -0.2299 0.4018 0.8864
vn 0.0616 -0.0785 0.9950
vn 0.0473 -0.1215 0.9915
vn 0.0534 -0.1033 0.9932
vn 0.0361 -0.1548 0.9873
vn 0.5188 -0.7136 0.4708
vn -0.0828 -0.9961 -0.0305
vn 0.0061 -0.7497 0.6617
vn 0.2714 0.4297 0.8613
vn 0.4747 0.5496 0.6875
vn 0.6256 0.6974 0.3496
vn 0.6030 0.3113 0.7345
vn 0.7894 0.3706 0.4893
vn -0.0831 0.0267 0.9962
vn 0.2242 0.0428 0.9736
vn 0.4395 0.1231 0.8898
vn 0.5040 0.1049 0.8573
vn 0.0341 0.1400 0.9896
vn 0.1965 0.4588 0.8665
vn 0.5529 0.4529 0.6995
vn -0.4244 0.5375 0.7287
vn -0.5219 0.8026 0.2888
vn 0.3661 0.6633 0.6527
vn -0.6954 0.6788 0.2359
vn -0.7946 0.4959 0.3502
vn -0.7002 0.7133 0.0308
vn -0.8462 0.5297 -0.0581
vn 0.4511 0.6849 0.5722
vn -0.4914 0.8567 0.1567
vn -0.4363 0.0865 0.8956
vn -0.2021 -0.0772 0.9763
vn -0.8122 0.1571 0.5619
vn -0.5752 0.2270 0.7859
vn -0.9052 0.3874 0.1746
vn -0.8819 0.4492 0.1432
vn 0.0776 -0.9970 -0.0044
vn -0.9537 -0.1948 0.2291
vn 0.1759 -0.9663 -0.1880
vn -0.9869 0.0874 0.1357
vn -0.9947 0.0946 0.0412
vn -0.9569 0.2377 0.1672
vn -0.9104 -0.4072 -0.0730
vn -0.9713 -0.2295 -0.0627
vn 0.8843 -0.3739 -0.2796
vn 0.9652 -0.0694 0.2521
vn 0.9723 -0.1176 -0.2021
vn 0.6047 0.3168 0.7307
vn 0.2607 0.6846 0.6807
vn -0.5819 0.6819 0.4431
vn 0.7599 0.3379 0.5553
vn 0.4555 0.7230 0.5194
vn 0.9548 0.2598 0.1444
vn 0.9290 0.2164 -0.3002
vn 0.9197 0.3603 -0.1557
vn 0.8240 -0.0861 -0.5600
vn 0.8833 0.2697 -0.3835
vn 0.5992 0.8006 -0.0030
vn 0.6013 0.7987 -0.0214
vn 0.6007 0.7993 -0.0158
vn -0.4864 -0.6185 -0.6171
vn -0.2756 -0.7244 -0.6319
vn -0.3889 -0.6614 -0.6414
vn 0.0059 -0.8754 -0.4834
vn -0.7974 0.5993 -0.0710
vn -0.7554 0.2848 -0.5901
vn -0.5869 0.5320 -0.6103
vn -0.3882 0.3926 -0.8338
vn -0.9678 0.2358 -0.0877
vn -0.6381 0.1320 -0.7586
vn -0.8438 0.5139 0.1546
vn -0.8486 0.4490 0.2800
vn -0.9693 0.2395 0.0557
vn 0.2381 -0.6244 -0.7439
vn -0.3435 0.9130 -0.2203
vn -0.2277 0.6370 -0.7365
vn 0.0617 0.4371 -0.8973
vn 0.3867 0.6687 -0.6351
vn 0.6972 0.5575 -0.4507
vn -0.0044 0.1322 -0.9912
vn 0.3042 0.2205 -0.9267
vn 0.4474 0.3225 -0.8342
vn -0.5544 0.1622 -0.8163
vn 0.6075 0.2392 -0.7575
vn 0.4063 -0.7718 -0.4892
vn 0.5429 -0.8254 -0.1545
vn 0.5238 -0.8517 -0.0146
vn 0.7562 0.6287 -0.1814
vn 0.4478 0.8803 0.1569
vn 0.9986 0.0505 0.0185
vn 0.9154 -0.0390 -0.4006
vn 0.9342 -0.0887 -0.3454
vn 0.8237 0.5573 0.1045
vn 0.5905 -0.6188 -0.5181
vn 0.5645 0.8163 0.1227
vn 0.7471 0.6165 0.2486
vn 0.7757 0.6288 0.0534
vn 0.9481 0.2419 0.2062
vn 0.6110 0.6189 0.4937
vn 0.8184 0.3464 0.4585
vn 0.5724 0.7659 0.2928
vn -0.2522 0.9526 0.1700
vn -0.5829 0.8119 0.0331
vn -0.1090 -0.9622 -0.2496
vn -0.8594 -0.4675 -0.2072
vn -0.9592 -0.2820 0.0187
vn -0.7203 -0.6794 -0.1402
vn 0.6269 -0.3004 -0.7188
vn 0.9005 0.4348 -0.0017
vn 0.8631 0.5050 0.0062
vn 0.5988 0.8009 -0.0000
vn 0.9628 -0.0872 -0.2556
vn -0.9909 0.0372 -0.1290
vn 0.0657 -0.8990 -0.4330
vn -0.9769 -0.0120 -0.2135
vn -0.3521 -0.0556 0.9343
vn -0.0948 0.9434 0.3178
vn -0.1089 0.9280 0.3564
vn -0.1019 0.9829 0.1531
vn 0.7471 -0.5323 0.3981
vn 0.5709 -0.8160 0.0908
vn 0.4098 -0.8988 0.1556
vn 0.9860 -0.1655 -0.0184
vn 0.8570 -0.3844 -0.3433
vn 0.9126 -0.0539 0.4053
vn 0.6306 0.7046 0.3253
vn 0.8666 0.1018 0.4886
vn 0.3842 0.9113 -0.1480
vn 0.4421 -0.8322 -0.3347
vn 0.9742 0.2031 -0.0986
vn 0.9190 -0.0348 -0.3928
vn 0.8474 0.4731 0.2411
vn 0.9916 0.1290 -0.0100
vn 0.9488 0.3103 -0.0593
vn 0.6596 0.7449 0.0997
vn 0.9662 -0.0244 -0.2566
vn 0.1361 0.9903 -0.0280
vn 0.9337 0.2162 -0.2856
vn 0.7050 0.6938 -0.1472
vn -0.2699 0.9514 -0.1480
vn 0.7024 0.5430 -0.4602
vn 0.6511 -0.7292 -0.2107
vn 0.4533 -0.8885 0.0716
vn -0.0460 -0.9931 -0.1079
vn -0.4880 -0.8728 0.0105
vn -0.7916 -0.6049 0.0867
vn 0.4938 -0.8481 -0.1919
vn -0.1850 -0.9612 -0.2044
vn 0.1548 -0.9562 -0.2485
vn -0.7940 -0.5536 0.2512
vn -0.9400 0.1272 0.3167
vn 0.6795 0.6436 0.3524
vn 0.2677 -0.7926 0.5478
vn 0.2116 -0.5292 0.8217
vn 0.1623 -0.7431 0.6492
vn 0.8172 -0.2950 0.4952
vn 0.8172 -0.2854 0.5007
vn 0.8049 -0.4310 0.4078
vn 0.8017 -0.1109 0.5874
vn -0.7382 0.2288 0.6345
vn -0.7229 0.3569 0.5916
vn -0.5823 0.3787 0.7194
vn -0.2134 0.0836 0.9734
vn -0.2765 0.1407 0.9507
vn -0.6654 0.4863 0.5664
vn -0.1826 0.8501 0.4940
vn -0.1944 0.8510 0.4878
vn -0.1802 0.8449 0.5036
vn -0.1608 0.9192 0.3595
vn 0.7704 -0.0592 0.6348
vn 0.7007 0.1241 0.7025
vn 0.6751 0.4151 0.6099
vn 0.5999 -0.0535 0.7983
vn 0.1211 0.4534 0.8831
vn -0.1947 0.6874 0.6997
vn 0.1185 0.4473 0.8865
vn -0.1921 0.6010 0.7759
vn 0.0730 -0.9656 -0.2497
vn 0.1523 -0.9412 0.3015
vn 0.0829 0.9527 0.2922
vn -0.1910 0.9575 0.2160
vn -0.0008 0.9738 0.2273
vn 0.5715 0.7744 0.2713
vn 0.1279 0.6866 0.7157
vn -0.2314 0.9268 -0.2958
vn -0.2418 0.9703 0.0055
vn 0.5186 -0.4461 -0.7294
vn 0.2842 -0.6585 -0.6968
vn 0.0705 -0.2158 -0.9739
vn 0.2831 0.9351 -0.2132
vn 0.7716 0.5893 -0.2393
vn 0.7147 0.0261 -0.6989
vn 0.7901 -0.1345 -0.5980
vn 0.4517 0.2836 -0.8459
vn 0.2350 0.5541 -0.7986
vn 0.2680 0.4382 -0.8580
vn 0.9047 -0.1199 -0.4087
vn 0.3904 0.8549 -0.3416
vn -0.0197 0.8884 -0.4586
vn -0.5739 0.7701 -0.2784
vn 0.8736 0.0856 -0.4790
vn -0.6745 0.6764 -0.2959
vn 0.6746 0.2443 -0.6965
vn 0.4931 0.5927 -0.6368
vn -0.4212 0.7719 -0.4761
vn 0.6744 -0.0472 -0.7368
vn 0.3974 0.4847 -0.7792
vn -0.5682 0.6753 -0.4703
vn -0.7528 0.5844 -0.3029
vn 0.0124 0.3212 -0.9469
vn -0.0864 0.2969 -0.9510
vn -0.6820 0.6135 -0.3981
vn -0.7929 0.5902 -0.1517
vn -0.7767 0.6231 0.0921
vn 0.2914 0.2995 -0.9085
vn -0.5936 0.7108 -0.3773
vn 0.5650 -0.6143 -0.5508
vn 0.3098 -0.8832 -0.3520
vn 0.1361 -0.9808 -0.1395
vn 0.3582 -0.7991 -0.4829
vn 0.4934 -0.6378 -0.5914
vn -0.1510 -0.9872 -0.0513
vn -0.5504 -0.8275 0.1111
vn -0.3196 -0.9447 0.0736
vn 0.1509 -0.9809 -0.1231
vn -0.7067 0.6168 0.3467
vn -0.7859 0.3112 0.5344
vn -0.8866 -0.2424 0.3938
vn -0.7781 -0.2432 0.5791
vn -0.5749 0.5744 0.5827
vn -0.9311 -0.2548 0.2608
vn 0.7806 0.0818 0.6196
vn 0.7391 0.5393 0.4037
vn 0.7392 0.2492 0.6257
vn 0.2893 0.9530 -0.0899
vn 0.2228 0.9648 0.1399
vn 0.3360 0.9405 -0.0513
vn 0.0355 -0.6342 0.7724
vn 0.0889 -0.6306 0.7710
vn -0.0945 -0.6748 0.7319
vn 0.0043 -0.7833 0.6217
vn 0.0191 -0.7127 0.7012
vn -0.4943 0.7697 0.4039
vn -0.6294 -0.2048 0.7496
vn -0.7642 0.0448 0.6434
vn -0.6230 -0.3078 0.7191
vn 0.2912 -0.7982 0.5273
vn -0.1745 -0.9237 0.3409
vn -0.1583 -0.9847 0.0735
vn -0.1568 -0.7735 0.6141
vn -0.3192 -0.9060 0.2778
vn -0.4003 -0.8439 0.3573
vn -0.3378 -0.8835 -0.3245
vn -0.4783 -0.8733 0.0931
vn -0.1060 -0.8158 -0.5686
vn -0.7461 -0.5568 0.3651
vn -0.6022 -0.6649 -0.4420
vn -0.2297 -0.5640 0.7932
vn -0.7651 -0.1865 0.6163
vn -0.6357 -0.3912 0.6655
vn -0.9025 -0.3684 0.2232
vn -0.7031 -0.7043 -0.0980
vn -0.8361 -0.5288 -0.1462
vn -0.8244 0.0134 0.5659
vn -0.9794 -0.0480 0.1964
vn -0.8396 -0.1476 -0.5227
vn -0.7762 -0.3720 -0.5091
vn -0.5642 0.8133 0.1423
vn -0.8234 0.5645 -0.0578
vn -0.5347 0.7344 -0.4180
vn -0.7975 0.4445 -0.4079
vn -0.9771 0.0481 -0.2074
vn -0.9984 0.0469 0.0330
vn -0.6900 0.6537 0.3108
vn -0.8570 0.4289 0.2857
vn -0.8594 0.4086 0.3074
vn -0.1551 -0.6775 -0.7190
vn -0.2996 -0.0435 -0.9531
vn -0.2945 -0.2135 -0.9315
vn -0.4297 -0.2259 -0.8743
vn -0.4044 -0.2428 -0.8818
vn -0.0835 0.3667 -0.9266
vn -0.4021 0.3283 -0.8547
vn -0.5395 0.1695 -0.8247
vn -0.5641 0.1887 -0.8038
vn 0.3371 -0.0866 -0.9375
vn 0.2190 0.2241 -0.9496
vn -0.0498 0.6934 -0.7188
vn 0.3367 -0.8403 -0.4250
vn 0.6054 -0.1320 -0.7849
vn 0.4503 0.3570 -0.8184
vn -0.4861 0.7848 0.3845
vn -0.6013 0.7987 0.0230
vn 0.2618 0.3585 -0.8961
vn 0.2854 0.5886 -0.7564
vn 0.0352 0.6939 -0.7192
vn -0.3503 0.8815 -0.3167
vn -0.3109 0.9427 0.1215
vn -0.1903 -0.9800 0.0580
vn -0.5873 -0.7457 0.3146
vn -0.6099 0.4928 0.6206
vn -0.7791 -0.4344 0.4521
vn -0.8522 -0.2722 0.4469
vn -0.7052 -0.3413 0.6215
vn -0.6363 -0.5818 0.5065
vn -0.5279 -0.4941 0.6908
vn -0.3094 -0.9386 0.1525
vn -0.6758 -0.0990 0.7304
vn 0.8271 -0.0466 0.5601
vn 0.4771 -0.3150 0.8205
vn 0.6928 -0.3575 0.6263
vn 0.8323 -0.1740 0.5263
vn 0.3317 0.8759 -0.3504
vn 0.3783 0.8739 -0.3052
vn 0.4792 0.8653 -0.1469
vn 0.5676 0.8166 -0.1051
vn 0.0728 -0.8074 0.5855
vn 0.1489 0.9816 -0.1191
vn -0.0027 -0.8981 0.4397
vn -0.2966 0.9543 0.0367
vn -0.1184 0.9173 -0.3801
vn -0.0308 -0.9735 0.2267
vn -0.0588 -0.9969 0.0523
vn -0.2154 -0.7578 0.6159
vn -0.1906 -0.8745 0.4461
vn -0.4161 -0.8330 0.3647
vn -0.5169 -0.8555 0.0309
vn -0.9401 0.1151 0.3210
vn -0.9401 0.1894 0.2836
vn -0.9954 -0.0522 -0.0803
vn -0.9708 -0.2257 -0.0813
vn -0.9941 -0.1041 0.0304
vn -0.6155 -0.4052 0.6760
vn -0.9313 -0.2286 0.2835
vn -0.9877 -0.0812 0.1338
vn -0.9463 -0.3104 0.0907
vn -0.9369 -0.3377 -0.0898
vn -0.9951 0.0515 -0.0849
vn 0.7350 0.0645 -0.6750
vn -0.4229 0.7851 0.4525
vn 0.5579 0.5882 -0.5855
vn -0.0328 -0.9982 0.0506
vn 0.6853 -0.4682 -0.5578
vn 0.7606 0.4111 -0.5025
vn 0.3421 0.8419 -0.4172
vn -0.4438 0.7998 0.4042
vn 0.5122 0.8160 -0.2681
vn 0.3188 0.9432 -0.0931
vn -0.2537 -0.8929 0.3719
vn 0.3871 0.9106 0.1450
vn 0.4466 0.8937 -0.0418
vn 0.5761 0.8009 0.1633
vn 0.9307 0.0779 0.3573
vn 0.9020 0.2371 0.3607
vn -0.0548 -0.9584 0.2802
vn -0.0231 -0.9898 0.1409
vn 0.9203 -0.3062 0.2437
vn 0.1482 -0.9799 0.1334
vn 0.9705 -0.1990 0.1360
vn 0.1821 0.9604 -0.2109
vn -0.1838 -0.9786 -0.0925
vn -0.9884 -0.0030 -0.1516
vn -0.9721 -0.1106 -0.2068
vn -0.9731 -0.1953 -0.1225
vn -0.9389 0.2151 0.2686
vn -0.8522 0.4071 0.3287
vn -0.9589 0.2596 0.1145
vn -0.3751 0.8926 -0.2503
vn -0.5387 0.8183 -0.2003
vn -0.3485 0.9331 -0.0884
vn -0.9966 0.0135 0.0816
vn -0.6511 0.7099 -0.2687
vn -0.9942 -0.0157 -0.1065
vn -0.3097 0.8718 -0.3795
vn -0.6078 -0.7619 -0.2240
vn 0.8106 0.4500 -0.3746
vn 0.5294 0.8476 -0.0367
vn 0.5915 -0.5055 -0.6282
vn 0.0334 -0.9922 0.1203
vn 0.5568 -0.7128 -0.4265
vn -0.2191 0.9367 0.2732
vn -0.2010 -0.8113 0.5490
vn -0.0407 -0.9687 0.2450
vn -0.2285 -0.6812 0.6955
vn -0.5127 0.2591 0.8185
vn -0.3866 -0.1334 0.9125
vn 0.9665 -0.2524 -0.0460
vn 0.9204 -0.2304 -0.3157
vn 0.2986 0.9537 0.0360
vn 0.9979 -0.0049 0.0640
vn -0.1437 -0.9881 -0.0552
vn 0.0007 -1.0000 0.0027
vn 0.0334 0.9993 -0.0151
vn -0.0916 -0.9936 -0.0655
vn -0.9049 -0.3830 -0.1856
vn -0.9839 -0.0822 -0.1586
vn -0.9330 -0.2553 -0.2536
vn -0.9379 -0.0348 -0.3450
vn -0.8830 0.1929 -0.4278
vn -0.6379 0.4899 -0.5941
vn -0.2713 0.8776 -0.3952
vn -0.8615 0.1628 -0.4809
vn -0.5782 0.4862 -0.6552
vn 0.8758 -0.0729 -0.4772
vn 0.8696 -0.2719 -0.4123
vn 0.9579 -0.1509 -0.2441
vn 0.9471 0.3008 -0.1118
vn -0.5566 0.5559 0.6174
vn -0.3609 0.9069 0.2176
vn 0.5683 0.8226 -0.0169
vn -0.4622 0.8822 0.0897
vn 0.3915 -0.9068 -0.1566
vn 0.3268 -0.9374 0.1200
vn 0.7396 -0.6226 -0.2556
vn 0.6280 -0.7772 -0.0397
vn 0.2687 -0.8560 0.4417
vn -0.2564 -0.3679 0.8938
vn 0.5160 -0.0471 0.8553
vn 0.3866 0.3233 0.8637
vn 0.5165 0.3877 0.7635
vn 0.7349 -0.0462 0.6766
vn 0.6906 0.0393 0.7221
vn 0.5569 -0.2496 0.7922
vn -0.1404 -0.3039 0.9423
vn 0.3025 -0.6208 0.7232
vn 0.2298 -0.9067 0.3537
vn 0.4240 -0.5244 0.7384
vn 0.0236 -0.8210 0.5705
vn -0.0978 -0.5454 0.8325
vn 0.4855 -0.1403 0.8629
vn 0.0799 0.5588 0.8254
vn -0.2858 0.5444 0.7887
vn 0.0497 0.4062 0.9124
vn -0.2306 -0.1091 0.9669
vn -0.3541 -0.1162 0.9279
vn -0.4702 0.3450 0.8123
vn -0.6737 0.3641 0.6431
vn -0.7141 0.4927 0.4973
vn -0.7991 0.1414 0.5843
vn -0.0924 0.7044 0.7038
vn -0.5653 0.7081 0.4231
vn -0.4422 -0.4393 0.7820
vn -0.6751 -0.1752 0.7166
vn -0.3498 -0.6788 0.6457
vn -0.7111 -0.4363 0.5514
vn -0.9084 -0.1149 0.4020
vn -0.9302 -0.3111 0.1946
vn -0.2811 -0.8860 0.3687
vn -0.7099 -0.6239 0.3267
vn -0.9928 0.0446 0.1109
vn 0.8840 0.4475 0.1356
vn 0.7243 0.6884 -0.0385
vn 0.4510 0.8912 0.0489
vn 0.9966 -0.0680 -0.0457
vn 0.9773 0.2080 -0.0406
vn 0.2219 0.9750 -0.0132
vn -0.1227 -0.9888 0.0846
vn -0.0033 -1.0000 0.0086
vn -0.2866 -0.9493 -0.1294
vn -0.9915 0.1251 0.0350
vn -0.9437 0.3022 0.1347
vn -0.3018 0.9409 -0.1535
vn -0.6040 0.6340 -0.4830
vn -0.7959 0.3614 -0.4857
vn -0.7784 0.5934 -0.2049
vn -0.9622 0.2017 -0.1829
vn -0.5869 0.8033 0.1013
vn -0.6126 -0.7771 -0.1442
vn -0.8089 -0.5543 0.1960
vn -0.8896 -0.4567 -0.0109
vn -0.9857 -0.1501 0.0763
vn -0.9950 0.0561 -0.0829
vn -0.9931 0.0197 -0.1159
vn -0.9964 0.0850 -0.0033
vn 0.9572 -0.2824 -0.0639
vn 0.8424 -0.5388 -0.0039
vn 0.9983 0.0575 -0.0122
vn -0.1416 0.9754 0.1689
vn 0.7344 0.6747 0.0741
vn -0.0207 0.9973 0.0700
vn 0.8609 0.5084 0.0190
vn -0.2170 0.9743 0.0606
vn -0.0605 0.9981 0.0095
vn -0.2971 0.9535 0.0513
vn 0.6526 -0.7543 -0.0711
vn 0.8676 -0.4958 0.0388
vn 0.5058 -0.8624 0.0223
vn 0.3700 -0.9067 0.2022
vn 0.2316 -0.9543 0.1887
vn -0.2397 -0.4749 0.8468
vn -0.3432 0.7048 0.6209
vn -0.4422 0.5084 0.7389
vn 0.1202 -0.9468 0.2985
vn 0.1344 -0.9759 0.1722
vn 0.2511 -0.1520 0.9560
vn 0.2042 0.1477 0.9677
vn 0.0527 0.5436 0.8377
vn -0.1345 0.8433 0.5203
vn -0.3418 0.8588 0.3817
vn 0.0818 -0.9947 -0.0621
vn -0.1813 0.7957 0.5779
vn -0.3726 0.7997 0.4709
vn -0.3210 0.8701 -0.3740
vn -0.4391 0.8373 -0.3257
vn -0.3879 0.9125 -0.1301
vn -0.6585 0.7150 -0.2350
vn -0.7046 0.6629 -0.2532
vn -0.3666 0.7980 -0.4784
vn -0.0320 -0.9851 0.1690
vn -0.3528 -0.9259 -0.1352
vn -0.6631 -0.7484 -0.0128
vn -0.8618 -0.3592 -0.3582
vn -0.0699 -0.9968 -0.0376
vn -0.9811 0.1252 -0.1472
vn -0.9910 -0.1273 -0.0408
vn -0.8436 0.5347 0.0501
vn -0.9109 0.3633 0.1954
vn -0.9607 0.2396 -0.1402
vn -0.7788 0.5874 -0.2200
vn -0.9766 0.1776 0.1216
vn -0.7727 0.6042 -0.1949
vn -0.6146 -0.7877 -0.0417
vn -0.9403 -0.2938 -0.1721
vn -0.7181 -0.5835 -0.3793
vn 0.9796 0.1295 -0.1536
vn 0.9847 -0.0182 -0.1731
vn 0.3653 0.9274 -0.0805
vn 0.2660 0.9551 0.1302
vn 0.0547 -0.8394 -0.5407
vn -0.0360 0.9959 0.0831
vn -0.9061 0.4228 0.0151
vn -0.7682 0.6398 0.0212
vn -0.7325 0.6788 0.0517
vn -0.9216 0.3760 -0.0966
vn -0.8278 0.3790 0.4136
vn -0.9443 0.0801 0.3192
vn -0.2628 0.9475 0.1819
vn -0.8235 0.5044 0.2597
vn -0.7460 0.6474 0.1559
vn -0.4941 0.8683 -0.0427
vn -0.6975 0.6982 -0.1614
vn -0.3518 0.8839 0.3081
vn -0.4028 -0.8885 0.2196
vn -0.3664 -0.8885 0.2762
vn -0.1514 -0.9878 0.0360
vn -0.4364 -0.8893 0.1371
vn -0.9268 -0.3045 0.2198
vn -0.9881 -0.1104 0.1075
vn 0.8819 -0.4652 -0.0768
vn 0.7759 -0.6304 0.0249
vn 0.9677 -0.2449 0.0594
vn 0.9957 -0.0466 0.0797
vn -0.1777 0.9834 0.0372
vn 0.9376 0.3445 -0.0465
vn -0.3115 0.9417 -0.1272
vn 0.3998 -0.8888 -0.2242
vn 0.3625 -0.8600 -0.3592
vn -0.5527 0.7972 -0.2430
vn 0.2099 -0.9401 -0.2686
vn 0.1674 -0.7709 -0.6146
vn 0.0840 -0.6016 -0.7943
vn -0.3399 0.9236 -0.1775
vn -0.3981 0.9082 -0.1287
vn -0.3094 0.2771 -0.9097
vn -0.0799 0.6090 -0.7891
vn -0.3454 0.5067 -0.7899
vn -0.4551 0.8703 -0.1883
vn 0.2251 -0.8203 -0.5258
vn 0.0866 -0.2564 -0.9627
vn 0.3439 -0.3508 -0.8710
vn 0.2110 -0.9080 -0.3619
vn -0.3681 0.9294 0.0263
vn -0.4910 0.8525 0.1796
vn -0.4756 0.8306 0.2896
vn -0.3396 0.9395 -0.0449
vn -0.4172 0.8941 0.1631
vn -0.0739 -0.9941 0.0795
vn -0.5996 -0.8001 0.0175
vn -0.7179 -0.6491 0.2517
vn -0.8751 -0.3966 0.2773
vn -0.1010 -0.9932 -0.0586
vn -0.9121 0.4046 -0.0670
vn -0.8549 0.5174 0.0392
vn -0.8703 -0.3404 0.3560
vn 0.8722 -0.1770 -0.4559
vn 0.4891 0.8709 -0.0486
vn 0.6523 0.7305 -0.2023
vn -0.2596 -0.9608 -0.0971
vn 0.8321 -0.5240 -0.1819
vn 0.0898 0.9680 0.2344
vn -0.6355 0.4996 0.5887
vn -0.2592 0.8979 0.3559
vn -0.2179 0.8821 0.4176
vn -0.9904 0.0611 0.1238
vn -0.3605 -0.9248 -0.1218
vn -0.6486 -0.7601 0.0398
vn -0.9769 0.0100 -0.2132
vn -0.9866 0.1626 0.0108
vn -0.9878 0.1527 -0.0313
vn -0.9595 0.2648 0.0959
vn -0.9807 -0.0445 0.1902
vn -0.9672 0.2193 0.1279
vn -0.9600 0.2699 -0.0738
vn -0.9481 -0.0927 0.3040
vn -0.7456 0.5313 0.4022
vn 0.8480 0.3918 0.3569
vn 0.9225 0.2945 0.2496
vn 0.9554 0.1082 0.2749
vn 0.7833 -0.4349 0.4441
vn 0.8992 -0.0827 0.4297
vn 0.9787 0.0677 0.1936
vn 0.9970 0.0744 0.0235
vn 0.5494 0.8345 -0.0417
vn 0.4649 0.8816 -0.0814
vn 0.2648 0.9631 -0.0487
vn 0.6144 0.7872 0.0524
vn 0.4014 0.9153 0.0341
vn -0.0489 0.9825 -0.1796
vn 0.4781 -0.8458 0.2368
vn 0.2601 -0.9480 -0.1836
vn 0.0628 -0.7827 -0.6192
vn 0.1015 -0.9629 -0.2502
vn 0.1578 -0.9625 -0.2207
vn 0.1951 -0.9774 0.0812
vn -0.2019 -0.7906 -0.5781
vn -0.3021 -0.5823 -0.7548
vn -0.1296 -0.5333 -0.8359
vn -0.4565 -0.1351 -0.8794
vn -0.5429 0.3533 -0.7619
vn -0.6564 0.3828 -0.6501
vn -0.2299 -0.1753 -0.9573
vn 0.0406 0.0043 -0.9992
vn 0.4573 0.2125 -0.8635
vn 0.1302 0.2783 -0.9516
vn -0.0860 0.7420 -0.6648
vn -0.1077 0.7854 -0.6096
vn 0.4297 -0.1526 -0.8900
vn 0.6011 -0.2882 -0.7454
vn 0.4363 0.3974 -0.8073
vn 0.7113 -0.0645 -0.6999
vn 0.6489 0.2806 -0.7072
vn -0.1081 0.7888 -0.6050
vn 0.4410 -0.5758 -0.6884
vn -0.2334 -0.8669 -0.4404
vn 0.3287 -0.6520 -0.6833
vn -0.1412 -0.5987 -0.7884
vn 0.0964 -0.4182 -0.9032
vn -0.5320 -0.2357 -0.8133
vn -0.8134 0.5621 -0.1496
vn -0.6760 0.5267 -0.5153
vn -0.3389 -0.9303 -0.1404
vn -0.7998 -0.5082 0.3194
vn -0.9881 0.0953 0.1207
vn -0.9517 -0.2133 0.2206
vn -0.9930 0.0883 -0.0783
vn -0.6776 -0.6313 -0.3774
vn -0.5993 -0.4943 -0.6296
vn -0.8269 -0.2144 -0.5199
vn -0.8333 0.1916 -0.5185
vn 0.7741 0.0145 -0.6329
vn 0.8185 -0.1655 -0.5502
vn 0.5896 0.8074 -0.0214
vn 0.7806 -0.1985 -0.5927
vn 0.6952 -0.0715 -0.7153
vn 0.2764 -0.6496 -0.7082
vn 0.2801 -0.6826 -0.6750
vn 0.8050 0.0535 -0.5909
vn 0.6691 0.0625 -0.7405
vn 0.6595 -0.2768 -0.6989
vn 0.6766 -0.1451 -0.7219
vn -0.1524 0.9720 0.1788
vn -0.9939 0.0936 0.0581
vn -0.9861 -0.1309 0.1028
vn -0.4367 0.8846 0.1636
vn -0.7989 0.5939 -0.0950
vn 0.6177 -0.4912 0.6142
vn 0.7151 0.6462 0.2667
vn 0.1621 0.9841 -0.0726
vn 0.6990 0.0535 0.7131
vn 0.7471 0.5174 0.4173
vn 0.1077 0.9926 -0.0555
vn -0.4868 0.7492 -0.4491
vn -0.3428 0.8716 -0.3505
vn 0.4654 -0.7636 0.4476
vn -0.3262 -0.8008 -0.5024
vn -0.2195 -0.9529 -0.2092
vn -0.4821 -0.5217 -0.7039
vn -0.5946 -0.0650 -0.8014
vn -0.5018 -0.2618 -0.8244
vn 0.6772 -0.0459 -0.7344
vn 0.5011 -0.3172 -0.8052
vn 0.1637 -0.2683 -0.9493
vn -0.6586 0.3069 -0.6871
vn -0.6554 0.6249 -0.4242
vn 0.5186 0.0720 -0.8520
vn -0.5279 0.4873 -0.6956
vn 0.7055 0.6658 -0.2428
vn 0.6018 -0.0485 -0.7971
vn 0.1508 -0.5833 -0.7981
vn 0.4749 0.8784 -0.0540
vn 0.1734 0.9323 0.3173
vn 0.2222 0.9016 0.3711
vn -0.0280 -0.6307 -0.7756
vn 0.0114 -0.7158 -0.6982
vn -0.1537 -0.8446 -0.5128
vn -0.3514 0.9361 0.0167
vn -0.2677 -0.8795 -0.3934
vn -0.9938 -0.0959 -0.0557
vn -0.9836 0.1731 0.0500
vn -0.6459 -0.5751 -0.5021
vn -0.9498 -0.0424 -0.3100
vn -0.9979 0.0228 -0.0599
vn -0.8579 -0.3858 0.3393
vn -0.8985 -0.3945 0.1925
vn -0.9381 -0.1056 -0.3300
vn -0.9343 -0.1942 0.2988
vn -0.8869 0.3550 0.2957
vn -0.9147 0.3913 -0.1015
vn -0.8470 0.4258 -0.3182
vn -0.6567 -0.7542 0.0032
vn -0.9780 -0.1988 -0.0630
vn 0.6201 0.5639 0.5454
vn 0.5710 0.4261 0.7017
vn 0.6035 -0.0989 0.7912
vn 0.6245 0.7015 0.3434
vn 0.1011 0.9945 -0.0265
vn 0.0938 0.9955 0.0158
vn -0.2734 0.9243 -0.2662
vn -0.6559 -0.4200 -0.6272
vn -0.5160 -0.7495 -0.4148
vn -0.5691 -0.3872 -0.7254
vn -0.6404 -0.3150 -0.7005
vn -0.6736 0.0733 -0.7355
vn 0.6556 0.6777 -0.3330
vn 0.7065 0.0646 -0.7048
vn 0.8012 -0.1000 -0.5900
vn 0.3894 0.8701 -0.3020
vn -0.0882 0.9829 -0.1615
vn 0.0993 0.9259 -0.3645
vn 0.1947 -0.6837 -0.7033
vn -0.1657 -0.6949 -0.6998
vn 0.1023 -0.7239 -0.6822
vn -0.2405 -0.5912 -0.7699
vn -0.8619 0.1695 -0.4779
vn -0.6548 -0.2575 -0.7106
vn -0.5252 -0.2620 -0.8096
vn -0.7782 -0.2590 -0.5722
vn -0.4435 -0.5012 -0.7430
vn -0.5319 -0.5106 -0.6756
vn -0.9402 -0.3161 -0.1273
vn -0.6476 -0.5840 0.4895
vn -0.7321 -0.2327 0.6402
vn -0.3457 -0.5533 0.7579
vn -0.6691 -0.6928 0.2689
vn -0.6350 -0.7099 -0.3046
vn -0.6869 -0.7209 -0.0921
vn -0.4805 -0.8271 0.2915
vn -0.4231 -0.9054 -0.0354
vn -0.0702 -0.9974 -0.0156
vn -0.8719 -0.0661 0.4852
vn -0.4870 -0.1323 0.8633
vn -0.5558 0.2830 0.7816
vn -0.7810 0.5752 -0.2433
vn -0.7663 0.6335 -0.1068
vn -0.7163 0.4247 0.5537
vn -0.0362 -0.3272 0.9442
vn -0.1774 0.7211 0.6697
vn -0.1950 0.3019 0.9332
vn 0.3298 -0.0936 0.9394
vn 0.1569 0.2905 0.9439
vn 0.4224 0.2471 0.8721
vn 0.5798 -0.5423 0.6080
vn 0.1877 0.4937 0.8491
vn 0.3398 0.5356 0.7731
vn 0.0849 0.7265 0.6819
vn 0.3139 0.7027 0.6385
vn 0.1895 -0.9563 0.2228
vn 0.4675 -0.8130 0.3471
vn 0.4238 0.8217 0.3811
vn 0.3892 0.6807 0.6206
vn -0.2827 0.9240 -0.2575
vn -0.0306 0.9940 0.1052
vn -0.1802 0.9836 -0.0055
vn -0.3180 0.9474 0.0354
vn -0.0648 0.9571 0.2824
vn -0.4478 0.8241 -0.3469
vn -0.5818 0.5096 -0.6339
vn -0.7717 -0.4569 -0.4424
vn -0.8351 -0.3499 -0.4245
vn -0.7136 -0.3279 -0.6191
vn -0.9157 -0.1175 -0.3843
vn -0.7948 -0.2666 -0.5451
vn -0.7819 0.0322 -0.6226
vn -0.6238 0.5236 -0.5803
vn 0.9426 -0.1658 -0.2898
vn 0.8088 -0.0006 -0.5881
vn -0.2757 0.8707 -0.4072
vn -0.4392 0.6989 -0.5645
vn 0.4402 -0.2130 -0.8723
vn 0.3659 -0.6921 -0.6222
vn 0.0627 -0.6695 -0.7401
vn -0.0570 -0.7031 -0.7088
vn 0.9094 -0.3024 -0.2855
vn -0.4723 -0.2731 -0.8380
vn -0.6028 -0.1860 -0.7759
vn -0.6304 -0.2901 -0.7201
vn 0.2252 -0.7752 -0.5902
vn -0.7511 -0.2593 -0.6072
vn 0.8726 -0.4750 -0.1139
vn -0.2444 0.1387 -0.9597
vn -0.1920 -0.0523 -0.9800
vn -0.6156 0.3156 -0.7221
vn -0.8682 -0.0871 -0.4886
vn -0.8505 -0.0545 -0.5232
vn -0.5049 0.4704 -0.7238
vn -0.6494 0.6713 -0.3572
vn -0.3551 0.7031 -0.6161
vn -0.0951 -0.9361 -0.3388
vn 0.5574 -0.0375 -0.8294
vn 0.5380 0.5182 -0.6648
vn 0.5989 0.0678 -0.7980
vn 0.3380 -0.6639 -0.6671
vn 0.3511 -0.8571 -0.3770
vn 0.5421 -0.0544 -0.8386
vn -0.1922 0.7687 -0.6101
vn -0.0583 0.7441 -0.6655
vn 0.2646 0.7736 -0.5758
vn -0.0642 0.3511 -0.9341
vn -0.0704 0.3222 -0.9440
vn 0.5777 0.3745 -0.7252
vn 0.0884 0.1627 -0.9827
vn 0.3654 -0.9250 0.1044
vn 0.0490 -0.9739 0.2216
vn 0.4706 -0.8740 -0.1211
vn -0.7101 0.6721 -0.2096
vn -0.2950 0.8960 0.3321
vn -0.2356 0.9413 0.2417
vn -0.3287 0.9433 0.0469
vn -0.6234 0.6882 -0.3711
vn -0.1735 0.9733 -0.1501
vn -0.0735 0.9956 -0.0577
vn 0.4042 0.8858 0.2280
vn -0.1214 -0.7443 0.6567
vn -0.0183 -0.7110 0.7030
vn 0.5011 -0.7286 0.4670
vn 0.6635 -0.7295 0.1660
vn -0.0029 0.9188 0.3947
vn 0.1099 0.6977 0.7080
vn 0.3251 0.4030 0.8555
vn 0.3375 0.8175 0.4666
vn 0.5675 0.5598 0.6038
vn 0.7049 0.1279 0.6977
vn 0.2703 0.3495 0.8971
vn 0.5311 0.2294 0.8157
vn 0.1491 0.4001 0.9043
vn 0.6476 -0.7511 0.1283
vn 0.1803 0.4825 0.8572
vn -0.0169 0.6625 0.7488
vn -0.5646 0.7533 0.3373
vn -0.8156 0.5706 0.0959
vn -0.7475 0.6601 0.0744
vn -0.6062 0.7953 -0.0032
vn -0.8292 0.5536 -0.0772
vn -0.9033 0.4099 -0.1269
vn -0.1676 0.5113 0.8429
vn -0.8154 0.5739 0.0767
vn 0.0239 0.7182 0.6955
vn -0.3974 0.9100 0.1180
vn -0.3631 0.9198 0.1486
vn -0.6645 0.7190 -0.2038
vn -0.4995 0.8229 -0.2709
vn -0.5384 0.7354 -0.4116
vn -0.4267 0.7667 -0.4797
vn 0.4935 -0.8697 0.0090
vn -0.9877 -0.0113 -0.1558
vn -0.8814 0.2647 -0.3913
vn -0.7530 0.5296 -0.3904
vn 0.7524 -0.2943 0.5893
vn 0.9007 -0.0546 0.4310
vn 0.8013 0.0076 0.5982
vn 0.4931 0.8631 -0.1091
vn 0.9325 0.3451 -0.1065
vn 0.5249 0.8482 -0.0711
vn 0.8113 0.5534 0.1884
vn 0.3144 0.9363 -0.1565
vn 0.8507 -0.5174 -0.0928
vn 0.3754 -0.7249 -0.5775
vn -0.0583 -0.9908 -0.1219
vn 0.4101 -0.9117 -0.0245
vn -0.6572 -0.2708 -0.7034
vn -0.9937 -0.1065 0.0342
vn -0.9380 -0.3409 0.0634
vn -0.8918 -0.4524 -0.0042
vn -0.8879 -0.4600 -0.0064
vn -0.9321 0.0035 0.3622
vn -0.8458 0.4370 -0.3061
vn -0.2053 -0.7284 0.6537
vn -0.3857 -0.8199 0.4230
vn -0.3114 -0.7611 0.5689
vn 0.9886 -0.1268 -0.0817
vn 0.8168 -0.5308 -0.2261
vn 0.8612 -0.3270 -0.3890
vn 0.9819 -0.0518 -0.1822
vn 0.7859 -0.5746 0.2283
vn 0.5723 -0.8199 0.0126
vn 0.9519 -0.0528 0.3018
vn 0.9666 0.0104 -0.2562
vn 0.5386 0.8267 -0.1624
vn 0.6323 0.7153 -0.2977
vn 0.9287 0.3551 -0.1066
vn 0.0280 0.9894 -0.1428
vn 0.6480 0.6668 -0.3680
vn 0.7758 0.6254 0.0840
vn 0.6859 -0.7165 -0.1272
vn 0.7923 0.4270 0.4358
vn 0.9505 0.1588 0.2672
vn 0.4228 0.4742 0.7722
vn 0.7766 0.3619 0.5157
vn -0.2320 0.9074 0.3504
vn -0.2664 0.8555 0.4440
vn -0.1160 0.8875 0.4459
vn 0.8696 -0.1077 0.4819
vn 0.8500 0.1230 0.5122
vn -0.8157 0.5640 0.1291
vn 0.9472 0.2304 0.2229
vn 0.8813 -0.0222 0.4720
vn -0.6920 0.6954 0.1936
vn -0.8564 0.5088 0.0884
vn 0.2248 0.8854 0.4070
vn 0.5801 0.7804 0.2334
vn 0.7960 0.5932 -0.1205
vn 0.2998 0.9501 -0.0862
vn 0.0502 0.9833 0.1752
vn -0.3420 0.9354 0.0898
vn -0.7889 0.6141 0.0235
vn -0.3898 -0.9143 -0.1098
vn -0.3471 -0.9375 -0.0248
vn -0.2628 -0.9570 0.1230
vn -0.2240 -0.9551 0.1939
vn -0.9310 -0.3339 0.1475
vn -0.9352 -0.3218 -0.1480
vn 0.8784 -0.4030 0.2569
vn 0.7288 -0.5466 0.4125
vn 0.9498 -0.2823 -0.1346
vn 0.9864 -0.0256 -0.1625
vn 0.9348 0.3523 -0.0462
vn 0.6877 0.4698 -0.5535
vn 0.7304 0.1968 -0.6541
vn -0.1731 0.6742 -0.7179
vn -0.5117 0.6994 -0.4990
vn -0.6272 0.6165 -0.4759
vn -0.4588 0.8175 -0.3480
vn -0.1088 0.9681 -0.2256
vn -0.9239 0.3550 -0.1430
vn -0.1599 0.8339 -0.5282
vn 0.6167 0.7337 -0.2853
vn 0.2196 0.7527 -0.6207
vn -0.1459 -0.2304 0.9621
vn -0.0621 -0.6812 0.7294
vn -0.3664 0.0542 0.9289
vn 0.7940 -0.5557 0.2466
vn 0.0419 -0.8207 0.5698
vn -0.1877 -0.5404 0.8202
vn -0.8012 -0.2407 0.5479
vn -0.8420 -0.0885 0.5321
vn -0.8503 0.1200 0.5124
vn -0.3914 0.2535 0.8846
vn -0.2030 0.1452 0.9684
vn -0.9576 0.2099 0.1975
vn -0.8221 0.5311 -0.2050
vn -0.8390 0.5408 0.0602
vn 0.7702 -0.2007 0.6054
vn 0.8826 0.1817 0.4335
vn 0.6697 0.3212 0.6696
vn 0.8388 0.5005 0.2143
vn 0.1763 -0.5329 0.8276
vn 0.2284 -0.1262 0.9654
vn 0.4219 -0.5224 0.7410
vn 0.5996 0.0153 0.8001
vn 0.2813 0.3084 0.9087
vn 0.2669 0.6326 0.7270
vn 0.0621 -0.7019 0.7096
vn 0.3600 -0.8880 0.2861
vn 0.6319 0.6342 0.4456
vn 0.5925 0.8056 -0.0052
vn 0.5966 -0.6678 0.4451
vn 0.6744 0.7254 -0.1380
vn 0.5313 0.8146 -0.2329
vn 0.7800 0.3799 -0.4973
vn 0.9339 0.3453 -0.0923
vn 0.4872 -0.8700 -0.0758
vn 0.5666 -0.7847 -0.2513
vn 0.9480 0.2866 -0.1385
vn 0.7284 0.4928 -0.4761
vn 0.4381 0.8317 -0.3411
vn 0.4045 0.7628 -0.5044
vn 0.1896 0.9003 -0.3918
vn -0.6664 0.7456 0.0058
vn -0.1281 0.9767 -0.1724
vn -0.6724 0.7377 -0.0605
vn -0.8559 0.5110 0.0792
vn -0.9351 0.3532 0.0272
vn -0.9950 0.0865 0.0508
vn -0.9631 0.2151 -0.1620
vn -0.6676 -0.6932 0.2714
vn -0.2070 -0.9330 0.2943
vn -0.9680 -0.2413 0.0694
vn -0.6376 -0.7637 0.1013
vn 0.3270 0.5310 -0.7817
vn 0.6423 0.2832 -0.7123
vn 0.2580 0.5173 -0.8160
vn -0.2705 -0.7996 0.5361
vn 0.2898 -0.8071 0.5144
vn 0.2248 -0.7867 0.5750
vn 0.7385 -0.6031 0.3014
vn 0.9615 -0.2611 -0.0857
vn 0.9112 0.1384 -0.3880
vn -0.2094 0.5331 0.8197
vn -0.4805 0.6996 0.5288
vn -0.4430 0.7858 0.4316
vn 0.0071 0.7978 -0.6029
vn -0.3880 0.7696 -0.5072
vn 0.4274 0.6088 -0.6684
vn -0.0648 0.8853 -0.4605
vn -0.8384 0.5450 -0.0003
vn -0.5043 0.7422 0.4413
vn -0.3072 0.9205 0.2415
vn -0.3614 -0.8998 0.2444
vn -0.3523 -0.9359 -0.0029
vn -0.0711 0.7412 0.6675
vn 0.0582 0.7215 0.6899
vn 0.3878 0.9113 0.1386
vn -0.1553 0.9728 0.1717
vn 0.1676 0.9776 -0.1275
vn 0.1761 0.9215 -0.3463
vn 0.2682 0.9036 -0.3341
vn -0.2113 -0.9722 0.1013
vn -0.1157 -0.9897 0.0839
vn 0.3377 -0.8683 -0.3634
vn 0.4007 0.7597 -0.5121
vn 0.5572 0.4632 -0.6892
vn 0.0970 0.6634 -0.7419
vn 0.3343 -0.8197 -0.4651
vn 0.3167 0.5198 -0.7934
vn 0.5184 0.2504 -0.8177
vn 0.0906 0.3545 -0.9306
vn 0.6828 0.2979 -0.6671
vn 0.5434 0.4624 -0.7006
vn 0.2488 0.0801 -0.9652
vn 0.1483 0.8205 -0.5522
vn -0.7612 0.6485 0.0108
vn -0.1869 0.8918 -0.4120
vn 0.5623 -0.8262 -0.0355
vn 0.6172 -0.7867 -0.0104
vn -0.8868 0.1653 -0.4315
vn -0.7287 0.1496 -0.6683
vn -0.8431 0.3444 -0.4130
vn -0.7727 -0.6170 0.1492
vn 0.5247 -0.8485 0.0697
vn 0.4312 -0.8980 0.0873
vn 0.3827 -0.9183 -0.1017
vn -0.8693 -0.4863 -0.0887
vn -0.9385 -0.1186 -0.3243
vn -0.9731 0.1047 -0.2054
vn 0.1249 -0.9702 -0.2075
vn -0.8142 -0.4611 -0.3529
vn -0.9735 0.1718 -0.1511
vn -0.7810 0.2608 -0.5674
vn 0.7582 -0.5920 0.2732
vn 0.4899 -0.8635 0.1197
vn 0.0319 -0.9080 0.4179
vn 0.9374 -0.3331 -0.1012
vn 0.9584 -0.0567 -0.2797
vn 0.7926 -0.6072 -0.0557
vn 0.8840 -0.0905 -0.4587
vn 0.8261 -0.3566 -0.4364
vn 0.5936 -0.7302 -0.3382
vn 0.0569 -0.9984 -0.0042
vn 0.5654 -0.3773 -0.7335
vn 0.3570 -0.7708 -0.5276
vn 0.7169 -0.0744 -0.6932
vn 0.6712 0.4042 -0.6214
vn 0.5094 0.6858 -0.5198
vn 0.7577 0.4450 -0.4774
vn 0.8413 0.1785 -0.5103
vn 0.5967 0.5407 -0.5930
vn 0.6652 0.1693 -0.7272
vn 0.3269 0.8129 -0.4820
vn 0.4361 0.4875 -0.7564
vn -0.3803 -0.8335 0.4009
vn -0.6940 -0.6709 0.2612
vn -0.3685 -0.9271 0.0681
vn -0.0440 0.8166 -0.5756
vn -0.4401 0.4904 -0.7522
vn -0.0028 0.7869 -0.6171
vn 0.1595 0.7980 -0.5811
vn -0.7064 -0.7071 0.0311
vn -0.6071 -0.6921 -0.3903
vn -0.7979 -0.5331 -0.2811
vn -0.3865 -0.8017 -0.4559
vn -0.2618 -0.8757 -0.4057
vn -0.4239 -0.4823 -0.7666
vn -0.2945 0.1348 -0.9461
vn -0.2570 0.4066 -0.8767
vn -0.4390 0.1518 -0.8856
vn -0.5996 -0.4606 -0.6544
vn -0.3687 -0.3304 -0.8689
vn -0.1015 0.2550 -0.9616
vn -0.6653 0.1874 -0.7227
vn -0.6929 0.2183 -0.6872
vn 0.8143 -0.2809 -0.5080
vn 0.3634 -0.8180 -0.4459
vn 0.2998 -0.4327 -0.8502
vn 0.3637 -0.4405 -0.8208
vn 0.4483 -0.3651 -0.8160
vn 0.8782 -0.3230 -0.3528
vn 0.6320 -0.1552 -0.7592
vn 0.1743 0.4961 -0.8506
vn -0.0002 0.4641 -0.8858
vn -0.2276 -0.5339 -0.8143
vn -0.1559 -0.4168 -0.8955
vn -0.2665 0.1080 -0.9578
vn 0.3559 0.0047 -0.9345
vn 0.3808 0.1999 -0.9028
vn 0.3978 0.3362 -0.8536
vn 0.0511 0.5429 -0.8382
vn -0.1402 0.5152 -0.8455
vn -0.2908 0.4697 -0.8336
vn -0.1678 0.1614 -0.9725
vn 0.4346 0.1678 -0.8848
vn -0.3118 -0.0034 -0.9501
vn 0.2401 0.0401 -0.9699
vn -0.5783 0.3426 -0.7404
vn -0.2895 0.8328 -0.4718
vn -0.8212 0.5681 0.0538
vn 0.4462 0.3859 -0.8075
vn -0.4682 0.7100 -0.5260
vn -0.4585 0.4893 -0.7419
vn -0.8422 0.5370 0.0493
vn 0.5190 -0.7866 -0.3345
vn 0.2442 -0.8577 -0.4524
vn 0.4508 -0.7208 -0.5266
vn -0.5938 0.2795 -0.7545
vn -0.4575 0.4369 -0.7745
vn -0.7926 -0.2516 -0.5554
vn -0.6713 -0.1169 -0.7319
vn -0.7934 0.0573 -0.6060
vn -0.0937 -0.7548 -0.6492
vn -0.5852 0.0754 -0.8074
vn -0.3539 0.0879 -0.9311
vn 0.4178 -0.0985 -0.9032
vn -0.0718 -0.8656 -0.4956
vn -0.3587 -0.8260 -0.4349
vn -0.6907 -0.7036 0.1667
vn 0.4175 0.1728 -0.8921
vn 0.2052 -0.4634 -0.8620
vn -0.2352 -0.6158 -0.7520
vn -0.4543 -0.7639 -0.4583
vn -0.7947 -0.5909 0.1389
vn -0.1628 -0.2682 -0.9495
vn -0.4432 -0.3761 -0.8137
vn -0.5275 -0.0413 -0.8486
vn -0.3186 0.5931 -0.7394
vn -0.3249 0.3828 -0.8648
vn 0.1640 0.5717 -0.8039
vn 0.0498 0.0085 -0.9987
vn 0.0191 0.2758 -0.9610
vn -0.8234 -0.5614 0.0827
vn -0.7100 -0.1907 -0.6779
vn 0.7408 -0.6483 -0.1759
vn 0.4798 0.1238 -0.8686
vn 0.6702 -0.7101 -0.2156
vn 0.1257 0.1229 -0.9844
vn 0.1959 0.2573 -0.9462
vn -0.0960 0.2842 -0.9539
vn -0.2475 0.3082 -0.9186
vn -0.4901 0.2425 -0.8373
s 1
usemtl mtl1.292
f 1//1 2//2 5//3
f 5//3 3//4 1//1
f 3//4 14//5 1//1
f 1//1 14//5 8//6
f 2//2 25//7 5//3
f 2//2 27//8 25//7
f 2//2 1//1 26//9
f 8//6 42//10 26//9
f 1//1 8//6 26//9
f 5//3 6//11 4//12
f 5//3 4//12 3//4
f 10//13 14//5 3//4
f 3//4 11//14 10//13
f 3//4 4//12 11//14
f 7//15 13//16 4//12
f 25//7 20//17 5//3
f 20//17 6//11 5//3
f 37//18 38//19 6//11
f 6//11 7//15 4//12
f 7//15 6//11 38//19
f 37//18 6//11 20//17
f 7//15 38//19 16//20
f 8//6 14//5 9//21
f 42//10 8//6 43//22
f 43//22 8//6 9//21
f 10//13 11//14 12//23
f 11//14 13//16 12//23
f 11//14 4//12 13//16
f 12//23 13//16 17//24
f 9//21 12//23 17//24
f 13//16 7//15 16//20
f 14//5 12//23 9//21
f 10//13 12//23 14//5
f 15//25 13//16 16//20
f 17//24 13//16 15//25
f 9//21 17//24 43//22
f 15//25 16//20 45//26
f 56//27 61//28 63//29
f 18//30 19//31 75//32
f 18//30 20//17 25//7
f 23//33 22//34 20//17
f 21//35 20//17 22//34
f 18//30 23//33 20//17
f 21//35 22//34 24//36
f 41//37 21//35 24//36
f 75//32 23//33 18//30
f 27//8 2//2 28//38
f 28//38 26//9 30//39
f 28//38 2//2 26//9
f 18//30 25//7 35//40
f 35//40 25//7 27//8
f 27//8 28//38 33//41
f 33//41 28//38 30//39
f 29//42 31//43 30//39
f 31//43 29//42 32//44
f 29//42 30//39 26//9
f 29//42 26//9 42//10
f 29//42 42//10 32//44
f 32//44 42//10 44//45
f 35//40 27//8 33//41
f 36//46 33//41 30//39
f 36//46 30//39 34//47
f 34//47 30//39 31//43
f 31//43 32//44 34//47
f 44//45 81//48 32//44
f 1013//49 33//41 36//46
f 18//30 35//40 19//31
f 81//48 34//47 32//44
f 36//46 1012//50 1013//49
f 34//47 81//48 36//46
f 37//18 39//51 38//19
f 20//17 21//35 37//18
f 39//51 37//18 21//35
f 39//51 40//52 38//19
f 40//52 49//53 38//19
f 16//20 38//19 49//53
f 21//35 41//37 39//51
f 41//37 54//54 40//52
f 39//51 41//37 40//52
f 40//52 54//54 49//53
f 41//37 24//36 76//55
f 44//45 42//10 43//22
f 46//56 44//45 43//22
f 46//56 43//22 17//24
f 17//24 15//25 47//57
f 15//25 45//26 47//57
f 81//48 44//45 46//56
f 17//24 48//58 46//56
f 17//24 47//57 48//58
f 81//48 46//56 48//58
f 45//26 51//59 47//57
f 48//58 154//60 81//48
f 48//58 47//57 51//59
f 48//58 51//59 53//61
f 16//20 49//53 50//62
f 49//53 54//54 50//62
f 50//62 45//26 16//20
f 51//59 45//26 50//62
f 50//62 1017//63 51//59
f 52//64 1017//63 50//62
f 50//62 54//54 1016//65
f 1017//63 52//64 87//66
f 53//61 55//67 48//58
f 55//67 53//61 1026//68
f 52//64 88//69 87//66
f 89//70 90//71 57//72
f 1021//73 61//28 56//27
f 1019//74 89//70 57//72
f 61//28 1021//73 58//75
f 1020//76 60//77 92//78
f 1032//79 1020//76 92//78
f 60//77 167//80 92//78
f 1021//73 93//81 58//75
f 93//81 109//82 58//75
f 1034//83 93//81 1021//73
f 93//81 97//84 109//82
f 65//85 59//86 62//87
f 1022//88 60//77 1023//89
f 59//86 65//85 70//90
f 60//77 1022//88 71//91
f 1024//92 59//86 70//90
f 63//29 62//87 56//27
f 61//28 64//93 63//29
f 62//87 63//29 65//85
f 63//29 66//94 65//85
f 64//93 68//95 66//94
f 64//93 66//94 63//29
f 58//75 67//96 61//28
f 60//77 1020//76 1023//89
f 61//28 67//96 64//93
f 64//93 67//96 68//95
f 68//95 65//85 66//94
f 67//96 58//75 109//82
f 67//96 109//82 120//97
f 69//98 70//90 65//85
f 68//95 69//98 65//85
f 72//99 1024//92 70//90
f 70//90 69//98 73//100
f 69//98 68//95 73//100
f 116//101 71//91 1025//102
f 73//100 68//95 119//103
f 60//77 71//91 116//101
f 72//99 70//90 117//104
f 74//105 117//104 70//90
f 73//100 74//105 70//90
f 68//95 67//96 120//97
f 68//95 120//97 119//103
f 120//97 121//106 119//103
f 36//46 173//107 1012//50
f 23//33 77//108 22//34
f 23//33 75//32 77//108
f 75//32 19//31 1063//109
f 78//110 76//55 24//36
f 24//36 22//34 78//110
f 77//108 78//110 22//34
f 79//111 80//112 76//55
f 78//110 79//111 76//55
f 127//113 77//108 75//32
f 139//114 140//115 79//111
f 78//110 139//114 79//111
f 80//112 79//111 140//115
f 1014//116 1052//117 149//118
f 76//55 82//119 41//37
f 84//120 76//55 80//112
f 82//119 76//55 84//120
f 85//121 82//119 84//120
f 85//121 83//122 82//119
f 144//123 84//120 80//112
f 84//120 146//124 85//121
f 147//125 83//122 85//121
f 1018//126 154//60 48//58
f 36//46 81//48 154//60
f 91//127 1038//128 1053//129
f 155//130 1052//117 92//78
f 54//54 41//37 86//131
f 83//122 41//37 82//119
f 54//54 94//132 1016//65
f 83//122 86//131 41//37
f 1036//133 55//67 1026//68
f 1016//65 94//132 1030//134
f 94//132 1034//83 1030//134
f 1033//135 1027//136 1035//137
f 1027//136 1031//138 1035//137
f 92//78 1028//139 1032//79
f 1018//126 1037//140 154//60
f 91//127 1029//141 1038//128
f 94//132 93//81 1034//83
f 94//132 99//142 93//81
f 94//132 86//131 99//142
f 54//54 86//131 94//132
f 86//131 95//143 99//142
f 160//144 95//143 86//131
f 95//143 96//145 99//142
f 95//143 161//146 96//145
f 97//84 110//147 109//82
f 99//142 97//84 93//81
f 99//142 98//148 97//84
f 97//84 98//148 110//147
f 102//149 98//148 99//142
f 102//149 101//150 98//148
f 101//150 100//151 98//148
f 101//150 103//152 100//151
f 102//149 96//145 101//150
f 99//142 96//145 102//149
f 105//153 101//150 96//145
f 161//146 105//153 96//145
f 100//151 103//152 104//154
f 103//152 106//155 104//154
f 105//153 103//152 101//150
f 103//152 105//153 1039//156
f 107//157 104//154 106//155
f 107//157 114//158 104//154
f 165//159 107//157 106//155
f 108//160 114//158 107//157
f 165//159 108//160 107//157
f 105//153 162//161 1039//156
f 106//155 1058//162 165//159
f 109//82 110//147 111//163
f 98//148 112//164 110//147
f 111//163 110//147 112//164
f 122//165 111//163 112//164
f 111//163 120//97 109//82
f 122//165 120//97 111//163
f 98//148 100//151 112//164
f 104//154 113//166 100//151
f 100//151 113//166 112//164
f 112//164 113//166 122//165
f 113//166 104//154 114//158
f 113//166 114//158 115//167
f 113//166 115//167 122//165
f 108//160 115//167 114//158
f 108//160 250//168 115//167
f 1025//102 1040//169 116//101
f 73//100 119//103 74//105
f 124//170 117//104 74//105
f 118//171 116//101 1040//169
f 116//101 167//80 60//77
f 167//80 116//101 118//171
f 121//106 125//172 119//103
f 124//170 119//103 125//172
f 125//172 121//106 168//173
f 121//106 122//165 123//174
f 121//106 123//174 168//173
f 122//165 121//106 120//97
f 115//167 123//174 122//165
f 119//103 124//170 74//105
f 117//104 124//170 1041//175
f 126//176 124//170 125//172
f 1041//175 124//170 126//176
f 126//176 125//172 168//173
f 127//113 75//32 128//177
f 128//177 132//178 127//113
f 132//178 128//177 134//179
f 1063//109 128//177 75//32
f 77//108 127//113 129//180
f 77//108 129//180 78//110
f 129//180 130//181 78//110
f 139//114 78//110 130//181
f 172//182 139//114 130//181
f 131//183 129//180 127//113
f 131//183 130//181 129//180
f 127//113 132//178 131//183
f 135//184 172//182 130//181
f 134//179 133//185 132//178
f 132//178 133//185 131//183
f 135//184 131//183 133//185
f 135//184 130//181 131//183
f 134//179 169//186 133//185
f 169//186 1042//187 133//185
f 170//188 169//186 134//179
f 169//186 171//189 1042//187
f 134//179 128//177 170//188
f 128//177 1063//109 170//188
f 1061//190 1043//191 1060//192
f 1048//193 138//194 1015//195
f 138//194 1064//196 1015//195
f 80//112 136//197 144//123
f 136//197 137//198 1046//199
f 1046//199 137//198 148//200
f 136//197 142//201 137//198
f 142//201 1044//202 137//198
f 1044//202 148//200 137//198
f 139//114 172//182 140//115
f 80//112 140//115 141//203
f 141//203 136//197 80//112
f 140//115 143//204 141//203
f 143//204 140//115 172//182
f 143//204 142//201 141//203
f 141//203 142//201 136//197
f 143//204 203//205 142//201
f 1052//117 151//206 149//118
f 144//123 145//207 84//120
f 145//207 146//124 84//120
f 85//121 146//124 147//125
f 1046//199 148//200 1047//208
f 1047//208 148//200 146//124
f 148//200 150//209 146//124
f 150//209 153//210 146//124
f 146//124 153//210 147//125
f 147//125 153//210 157//211
f 1049//212 1051//213 148//200
f 148//200 1051//213 150//209
f 150//209 1051//213 152//214
f 150//209 152//214 153//210
f 1051//213 157//211 152//214
f 157//211 153//210 152//214
f 1044//202 1050//215 148//200
f 159//216 157//211 1051//213
f 151//206 1052//117 158//217
f 158//217 1052//117 155//130
f 174//218 158//217 155//130
f 179//219 174//218 155//130
f 156//220 147//125 157//211
f 83//122 147//125 1054//221
f 177//222 1055//223 1056//224
f 157//211 1067//225 156//220
f 158//217 1057//226 151//206
f 1057//226 158//217 174//218
f 178//227 160//144 86//131
f 83//122 1054//221 86//131
f 178//227 86//131 1054//221
f 156//220 1067//225 1068//228
f 181//229 160//144 178//227
f 155//130 92//78 179//219
f 161//146 160//144 181//229
f 95//143 160//144 161//146
f 180//230 161//146 181//229
f 163//231 162//161 105//153
f 105//153 161//146 164//232
f 164//232 163//231 105//153
f 162//161 163//231 185//233
f 1071//234 188//235 1058//162
f 180//230 164//232 161//146
f 165//159 250//168 108//160
f 188//235 165//159 1058//162
f 250//168 123//174 115//167
f 166//236 167//80 118//171
f 126//176 1059//237 1041//175
f 1059//237 126//176 199//238
f 193//239 1059//237 199//238
f 199//238 126//176 168//173
f 168//173 123//174 250//168
f 171//189 169//186 170//188
f 1063//109 200//240 170//188
f 202//241 171//189 170//188
f 170//188 1072//242 202//241
f 1061//190 1060//192 1080//243
f 1065//244 201//244 1073//244
f 1045//245 142//201 203//205
f 1075//246 1064//196 138//194
f 1076//247 1045//245 203//205
f 1077//248 1082//248 207//248
f 172//182 203//205 143//204
f 1081//249 1083//250 1062//251
f 213//252 176//253 211//254
f 175//255 177//222 1056//224
f 1056//224 1066//256 175//255
f 176//253 1057//226 174//218
f 175//255 212//257 177//222
f 176//253 213//252 175//255
f 1067//225 214//258 1068//228
f 212//257 1097//259 177//222
f 178//227 215//260 181//229
f 176//253 174//218 179//219
f 179//219 218//261 211//254
f 176//253 179//219 211//254
f 181//229 182//262 180//230
f 182//262 181//229 189//263
f 180//230 183//264 164//232
f 164//232 183//264 163//231
f 163//231 183//264 185//233
f 182//262 184//265 180//230
f 184//265 183//264 180//230
f 184//265 186//266 183//264
f 186//266 187//267 183//264
f 183//264 187//267 185//233
f 189//263 190//268 182//262
f 182//262 190//268 184//265
f 190//268 186//266 184//265
f 187//267 192//269 185//233
f 192//269 188//235 1071//234
f 190//268 222//270 186//266
f 222//270 191//271 186//266
f 186//266 191//271 187//267
f 187//267 191//271 192//269
f 192//269 223//272 188//235
f 222//270 227//273 191//271
f 218//261 179//219 235//274
f 179//219 92//78 235//274
f 188//235 250//168 165//159
f 92//78 167//80 194//275
f 195//276 167//80 166//236
f 167//80 195//276 194//275
f 1059//237 193//239 195//276
f 198//277 195//276 193//239
f 196//278 193//239 199//238
f 240//279 194//275 195//276
f 195//276 197//280 241//281
f 197//280 195//276 198//277
f 193//239 196//278 198//277
f 195//276 241//281 240//279
f 301//282 196//278 199//238
f 250//168 251//283 168//173
f 251//283 199//238 168//173
f 1072//242 206//284 202//241
f 1088//285 257//286 1078//287
f 255//288 1079//289 1113//290
f 1074//291 1079//289 255//288
f 1089//292 1084//293 205//294
f 1090//295 205//294 209//296
f 1084//293 204//297 205//294
f 1086//298 1083//250 1081//249
f 1085//299 1083//250 1086//298
f 1086//298 322//300 1085//299
f 205//294 204//297 1128//301
f 1091//302 1097//259 212//257
f 208//303 1097//259 1091//302
f 1097//259 208//303 210//304
f 1091//302 1093//305 208//303
f 1094//306 1095//307 1092//308
f 1094//306 259//309 1095//307
f 209//296 205//294 259//309
f 259//309 1128//301 1095//307
f 219//310 260//311 211//254
f 1088//285 211//254 260//311
f 175//255 213//252 212//257
f 1091//302 212//257 213//252
f 1088//285 213//252 211//254
f 1069//312 216//313 1099//314
f 214//258 1100//315 1068//228
f 1101//316 1098//316 1096//316
f 216//313 220//317 1099//314
f 220//317 216//313 217//318
f 219//310 211//254 218//261
f 286//319 279//320 218//261
f 279//320 286//319 287//321
f 1102//322 181//229 215//260
f 1070//323 1103//323 221//323
f 1105//324 189//263 181//229
f 232//325 189//263 1105//324
f 1105//324 236//326 232//325
f 1105//324 1104//327 291//328
f 190//268 224//329 222//270
f 190//268 189//263 224//329
f 227//273 225//330 191//271
f 192//269 191//271 225//330
f 225//330 228//331 192//269
f 228//331 223//272 192//269
f 228//331 229//332 223//272
f 229//332 188//235 223//272
f 232//325 226//333 224//329
f 224//329 226//333 222//270
f 226//333 227//273 222//270
f 224//329 189//263 232//325
f 227//273 228//331 225//330
f 228//331 233//334 229//332
f 233//334 188//235 229//332
f 226//333 232//325 231//335
f 231//335 230//336 227//273
f 231//335 227//273 226//333
f 227//273 230//336 228//331
f 228//331 1106//337 233//334
f 232//325 234//338 231//335
f 231//335 1107//339 230//336
f 1106//337 1108//340 233//334
f 233//334 1108//340 237//341
f 234//338 232//325 236//326
f 239//342 1109//343 236//326
f 237//341 1108//340 1110//344
f 92//78 240//279 235//274
f 286//319 218//261 235//274
f 236//326 1105//324 291//328
f 238//345 293//346 250//168
f 295//347 236//326 291//328
f 236//326 295//347 239//342
f 1110//344 292//348 238//345
f 292//348 293//346 238//345
f 233//334 250//168 188//235
f 237//341 250//168 233//334
f 237//341 238//345 250//168
f 1110//344 238//345 237//341
f 92//78 194//275 240//279
f 240//279 243//349 235//274
f 241//281 244//350 240//279
f 244//350 241//281 248//351
f 240//279 242//352 243//349
f 244//350 242//352 240//279
f 243//349 286//319 235//274
f 243//349 245//353 286//319
f 245//353 243//349 242//352
f 245//353 242//352 244//350
f 248//351 241//281 246//354
f 246//354 241//281 197//280
f 246//354 197//280 198//277
f 198//277 196//278 247//355
f 196//278 301//282 247//355
f 246//354 198//277 247//355
f 249//356 246//354 247//355
f 249//356 247//355 301//282
f 244//350 248//351 297//357
f 297//357 248//351 246//354
f 297//357 246//354 249//356
f 250//168 253//358 252//359
f 250//168 252//359 251//283
f 306//360 199//238 251//283
f 306//360 251//283 310//361
f 251//283 252//359 310//361
f 252//359 253//358 254//362
f 301//282 199//238 307//363
f 312//364 256//365 1111//366
f 206//284 1072//242 256//365
f 321//367 1087//368 1112//369
f 1111//366 256//365 1072//242
f 318//370 319//371 257//286
f 326//372 327//373 258//374
f 257//286 1088//285 258//374
f 257//286 258//374 327//373
f 1095//307 1128//301 323//375
f 259//309 205//294 1128//301
f 1130//376 272//377 333//378
f 261//379 1088//285 260//311
f 1114//380 260//311 262//381
f 219//310 262//381 260//311
f 1088//285 261//379 263//382
f 1114//380 264//383 1115//384
f 264//383 1114//380 262//381
f 262//381 266//385 265//386
f 266//385 262//381 219//310
f 280//387 266//385 219//310
f 258//374 1088//285 263//382
f 264//383 265//386 1115//384
f 264//383 262//381 265//386
f 1115//384 265//386 267//388
f 280//387 274//389 266//385
f 268//390 326//372 258//374
f 263//382 268//390 258//374
f 267//388 1117//391 1116//392
f 1117//391 267//388 270//393
f 267//388 265//386 269//394
f 267//388 269//394 270//393
f 269//394 265//386 266//385
f 266//385 274//389 269//394
f 273//395 270//393 269//394
f 274//389 273//395 269//394
f 1117//391 270//393 271//396
f 1117//391 272//377 1130//376
f 271//396 270//393 329//397
f 272//377 1117//391 271//396
f 272//377 271//396 329//397
f 329//397 270//393 273//395
f 285//398 330//399 274//389
f 330//399 273//395 274//389
f 275//400 217//318 216//313
f 276//401 217//318 275//400
f 276//401 283//402 217//318
f 276//401 277//403 283//402
f 331//404 276//401 332//405
f 276//401 331//404 277//403
f 278//406 216//313 1095//307
f 275//400 216//313 278//406
f 1095//307 323//375 278//406
f 276//401 275//400 278//406
f 1132//407 276//401 278//406
f 278//406 1129//408 1132//407
f 219//310 218//261 280//387
f 218//261 279//320 280//387
f 279//320 287//321 280//387
f 280//387 287//321 281//409
f 274//389 280//387 281//409
f 282//410 1120//411 287//321
f 1118//412 1120//411 1121//413
f 1120//411 282//410 1121//413
f 283//402 289//414 220//317
f 217//318 283//402 220//317
f 289//414 291//328 1104//327
f 284//415 283//402 277//403
f 284//415 289//414 283//402
f 282//410 289//414 284//415
f 1119//416 282//410 284//415
f 1119//416 1122//417 282//410
f 289//414 282//410 287//321
f 286//319 288//418 287//321
f 289//414 287//321 290//419
f 289//414 290//419 291//328
f 295//347 291//328 290//419
f 292//348 1110//344 1123//420
f 245//353 341//421 286//319
f 341//421 245//353 244//350
f 286//319 338//422 288//418
f 290//419 287//321 288//418
f 288//418 300//423 290//419
f 254//362 253//358 298//424
f 298//424 253//358 294//425
f 296//426 295//347 290//419
f 296//426 290//419 300//423
f 300//423 299//427 296//426
f 250//168 293//346 253//358
f 292//348 294//425 293//346
f 294//425 253//358 293//346
f 1123//420 1124//428 292//348
f 1125//429 294//425 292//348
f 1125//429 1126//430 294//425
f 294//425 1126//430 298//424
f 249//356 302//431 297//357
f 303//432 302//431 249//356
f 249//356 301//282 303//432
f 341//421 244//350 297//357
f 341//421 297//357 302//431
f 311//433 254//362 298//424
f 303//432 301//282 304//434
f 304//434 301//282 307//363
f 304//434 307//363 308//435
f 304//434 308//435 309//436
f 305//437 304//434 309//436
f 305//437 303//432 304//434
f 369//438 305//437 309//436
f 302//431 342//439 341//421
f 302//431 303//432 342//439
f 342//439 303//432 305//437
f 307//363 199//238 306//360
f 306//360 308//435 307//363
f 308//435 306//360 309//436
f 310//361 252//359 343//440
f 306//360 310//361 309//436
f 343//440 309//436 310//361
f 254//362 311//433 252//359
f 311//433 343//440 252//359
f 369//438 309//436 343//440
f 344//441 1111//366 314//442
f 314//442 347//443 350//444
f 317//445 316//446 313//447
f 1112//369 1127//448 313//447
f 315//449 314//442 319//371
f 347//443 314//442 315//449
f 257//286 314//442 1111//366
f 1112//369 313//447 316//446
f 316//446 321//367 1112//369
f 317//445 321//367 316//446
f 321//367 317//445 324//450
f 318//370 320//451 319//371
f 315//449 319//371 320//451
f 319//371 314//442 257//286
f 257//286 327//373 318//370
f 318//370 327//373 320//451
f 324//450 1087//368 321//367
f 1128//301 1087//368 324//450
f 1128//301 325//452 323//375
f 324//450 325//452 1128//301
f 324//450 381//453 325//452
f 320//451 352//454 374//455
f 334//456 328//457 327//373
f 327//373 326//372 334//456
f 334//456 336//458 328//457
f 352//454 320//451 327//373
f 328//457 336//458 360//459
f 352//454 327//373 328//457
f 328//457 360//459 352//454
f 1133//460 272//377 337//461
f 337//461 272//377 329//397
f 337//461 329//397 353//462
f 329//397 273//395 1131//463
f 330//399 285//398 331//404
f 1131//463 353//462 329//397
f 1131//463 331//404 353//462
f 285//398 277//403 331//404
f 354//464 331//404 332//405
f 353//462 331//404 354//464
f 1134//465 1130//376 333//378
f 1135//466 1133//460 335//467
f 1133//460 337//461 335//467
f 335//467 1136//468 1135//466
f 335//467 337//461 353//462
f 360//459 1136//468 362//469
f 362//469 1136//468 335//467
f 361//470 335//467 353//462
f 286//319 341//421 338//422
f 300//423 338//422 364//471
f 288//418 338//422 300//423
f 311//433 298//424 339//472
f 1126//430 339//472 298//424
f 340//473 299//427 300//423
f 300//423 364//471 340//473
f 305//437 369//438 342//439
f 368//474 341//421 342//439
f 341//421 384//475 338//422
f 384//475 364//471 338//422
f 365//476 340//473 364//471
f 340//473 1137//477 299//427
f 371//478 311//433 339//472
f 365//476 366//479 340//473
f 1137//477 340//473 366//479
f 1137//477 366//479 367//480
f 342//439 370//481 368//474
f 370//481 342//439 369//438
f 344//441 312//364 1111//366
f 345//482 351//483 1138//484
f 373//485 1139//486 344//441
f 1127//448 1138//484 351//483
f 313//447 1127//448 351//483
f 1140//487 315//449 349//488
f 350//444 347//443 348//489
f 1141//490 1140//487 349//488
f 374//455 349//488 315//449
f 314//442 350//444 344//441
f 372//491 344//441 350//444
f 351//483 317//445 313//447
f 317//445 351//483 375//492
f 374//455 315//449 320//451
f 317//445 375//492 324//450
f 381//453 324//450 375//492
f 352//454 360//459 424//493
f 431//494 363//495 353//462
f 353//462 354//464 378//496
f 354//464 332//405 355//497
f 1132//407 1129//408 355//497
f 355//497 359//498 357//499
f 358//500 1142//501 1143//502
f 354//464 355//497 356//503
f 356//503 355//497 357//499
f 377//504 1142//501 358//500
f 1146//505 356//503 357//499
f 380//506 377//504 358//500
f 354//464 356//503 378//496
f 378//496 356//503 1146//505
f 359//498 355//497 1129//408
f 325//452 1143//502 323//375
f 381//453 358//500 325//452
f 325//452 358//500 1143//502
f 362//469 335//467 361//470
f 425//507 424//493 360//459
f 360//459 362//469 425//507
f 363//495 362//469 361//470
f 363//495 361//470 353//462
f 425//507 362//469 363//495
f 364//471 383//508 365//476
f 365//476 383//508 366//479
f 387//509 367//480 366//479
f 383//508 387//509 366//479
f 341//421 1145//510 384//475
f 368//474 370//481 388//511
f 384//475 1145//510 1149//512
f 1144//513 371//478 339//472
f 392//514 370//481 369//438
f 388//511 370//481 389//515
f 392//514 389//515 370//481
f 369//438 391//516 392//514
f 393//517 369//438 343//440
f 393//517 343//440 311//433
f 1150//518 369//438 393//517
f 350//444 348//489 372//491
f 528//519 595//520 372//491
f 344//441 372//491 373//485
f 346//521 351//483 345//482
f 372//491 414//522 373//485
f 374//455 529//523 349//488
f 1178//524 1141//490 349//488
f 372//491 348//489 528//519
f 1178//524 349//488 529//523
f 375//492 351//483 422//525
f 374//455 352//454 424//493
f 416//526 374//455 424//493
f 425//507 363//495 428//527
f 363//495 427//528 428//527
f 431//494 427//528 363//495
f 353//462 378//496 376//529
f 431//494 353//462 376//529
f 379//530 378//496 1146//505
f 376//529 378//496 379//530
f 381//453 380//506 358//500
f 431//494 376//529 379//530
f 379//530 1146//505 1147//531
f 382//532 380//506 381//453
f 382//532 379//530 1147//531
f 417//533 381//453 375//492
f 417//533 382//532 381//453
f 431//494 379//530 432//534
f 432//534 382//532 434//535
f 382//532 417//533 434//535
f 379//530 382//532 432//534
f 383//508 364//471 386//536
f 385//537 364//471 384//475
f 364//471 385//537 386//536
f 385//537 436//538 386//536
f 436//538 437//539 386//536
f 311//433 371//478 445//540
f 1148//541 371//478 1144//513
f 383//508 438//542 387//509
f 1148//541 1157//543 371//478
f 389//515 390//544 388//511
f 390//544 389//515 444//545
f 1149//512 441//546 384//475
f 384//475 441//546 385//537
f 390//544 441//546 1149//512
f 443//547 441//546 390//544
f 444//545 389//515 392//514
f 392//514 391//516 446//548
f 392//514 446//548 444//545
f 393//517 311//433 445//540
f 1150//518 393//517 454//549
f 452//550 453//551 403//552
f 403//552 394//553 452//550
f 397//554 396//555 394//553
f 400//556 395//557 396//555
f 395//557 461//558 462//559
f 396//555 395//557 462//559
f 408//560 461//558 395//557
f 404//561 408//560 395//557
f 400//556 404//561 395//557
f 396//555 462//559 394//553
f 397//554 398//562 396//555
f 1151//563 399//564 1152//565
f 396//555 398//562 400//556
f 1153//566 401//567 400//556
f 1154//568 399//564 1155//569
f 399//564 402//570 1155//569
f 412//571 1155//569 402//570
f 403//552 397//554 394//553
f 403//552 456//572 1151//563
f 1151//563 456//572 399//564
f 456//572 464//573 399//564
f 399//564 464//573 402//570
f 406//574 404//561 400//556
f 407//575 406//574 400//556
f 407//575 400//556 412//571
f 405//576 408//560 404//561
f 406//574 405//576 404//561
f 405//576 406//574 409//577
f 407//575 409//577 406//574
f 407//575 412//571 411//578
f 409//577 407//575 411//578
f 468//579 409//577 411//578
f 408//560 405//576 467//580
f 467//580 405//576 410//581
f 409//577 410//581 405//576
f 468//579 410//581 409//577
f 468//579 411//578 469//582
f 411//578 412//571 469//582
f 401//567 412//571 400//556
f 414//522 413//583 373//485
f 413//583 1139//486 373//485
f 413//583 478//584 415//585
f 345//482 413//583 415//585
f 481//586 477//587 414//522
f 414//522 477//587 413//583
f 477//587 478//584 413//583
f 372//491 481//586 414//522
f 415//585 346//521 345//482
f 478//584 482//588 415//585
f 482//588 346//521 415//585
f 416//526 491//589 374//455
f 530//590 374//455 491//589
f 491//589 416//526 426//591
f 483//592 431//494 485//593
f 417//533 375//492 420//594
f 419//595 434//535 417//533
f 419//595 418//596 434//535
f 422//525 420//594 375//492
f 420//594 421//597 417//533
f 421//597 419//595 417//533
f 421//597 433//598 418//596
f 421//597 418//596 419//595
f 485//593 433//598 421//597
f 421//597 420//594 423//599
f 485//593 421//597 423//599
f 420//594 422//525 423//599
f 416//526 424//493 425//507
f 429//600 425//507 428//527
f 426//591 416//526 425//507
f 425//507 429//600 426//591
f 491//589 426//591 429//600
f 495//601 429//600 430//602
f 429//600 428//527 430//602
f 428//527 427//528 430//602
f 430//602 427//528 494//603
f 494//603 427//528 431//494
f 538//604 431//494 537//605
f 431//494 432//534 433//598
f 485//593 431//494 433//598
f 483//592 496//606 431//494
f 432//534 434//535 418//596
f 433//598 432//534 418//596
f 436//538 385//537 435//607
f 385//537 442//608 435//607
f 436//538 435//607 497//609
f 497//609 437//539 436//538
f 437//539 383//508 386//536
f 437//539 438//542 383//508
f 1148//541 439//610 1157//543
f 440//611 438//542 437//539
f 439//610 387//509 438//542
f 438//542 1156//612 439//610
f 437//539 501//613 440//611
f 439//610 1156//612 500//614
f 500//614 1157//543 439//610
f 500//614 1156//612 1166//615
f 504//616 1157//543 500//614
f 385//537 441//546 442//608
f 441//546 443//547 442//608
f 506//617 442//608 443//547
f 505//618 435//607 442//608
f 443//547 390//544 444//545
f 508//619 443//547 444//545
f 506//617 443//547 508//619
f 508//619 444//545 446//548
f 508//619 446//548 447//620
f 448//621 447//620 446//548
f 448//621 446//548 391//516
f 1150//518 454//549 1158//622
f 393//517 445//540 450//623
f 1160//624 393//517 450//623
f 448//621 451//625 449//626
f 448//621 462//559 451//625
f 447//620 448//621 449//626
f 1159//627 1161//628 462//559
f 450//623 455//629 1161//628
f 450//623 459//630 455//629
f 459//630 450//623 513//631
f 515//632 449//626 451//625
f 394//553 462//559 452//550
f 452//550 1161//628 453//551
f 453//551 1161//628 456//572
f 453//551 456//572 403//552
f 462//559 1161//628 452//550
f 456//572 1161//628 455//629
f 456//572 455//629 459//630
f 459//630 457//633 456//572
f 458//634 464//573 456//572
f 456//572 457//633 458//634
f 513//631 457//633 459//630
f 1169//635 460//636 1162//637
f 1163//638 460//636 525//639
f 460//636 1163//638 1162//637
f 517//640 525//639 460//636
f 517//640 460//636 1169//635
f 451//625 462//559 461//558
f 451//625 461//558 515//632
f 461//558 470//641 515//632
f 461//558 408//560 470//641
f 515//632 470//641 463//642
f 520//643 463//642 474//644
f 519//645 515//632 463//642
f 523//646 1174//647 474//644
f 465//648 475//649 402//570
f 465//648 476//650 475//649
f 465//648 402//570 464//573
f 1163//638 465//648 464//573
f 525//639 466//651 1163//638
f 466//651 465//648 1163//638
f 465//648 466//651 524//652
f 466//651 526//653 524//652
f 525//639 526//653 466//651
f 470//641 408//560 467//580
f 467//580 471//654 470//641
f 410//581 471//654 467//580
f 410//581 468//579 472//655
f 468//579 469//582 472//655
f 470//641 471//654 463//642
f 471//654 410//581 472//655
f 473//656 463//642 471//654
f 472//655 473//656 471//654
f 473//656 474//644 463//642
f 472//655 474//644 473//656
f 472//655 523//646 474//644
f 523//646 472//655 476//650
f 469//582 412//571 475//649
f 412//571 402//570 475//649
f 469//582 476//650 472//655
f 469//582 475//649 476//650
f 477//587 480//657 478//584
f 479//658 480//657 477//587
f 481//586 479//658 477//587
f 478//584 1164//659 482//588
f 481//586 372//491 479//658
f 598//660 351//483 346//521
f 529//523 374//455 625//661
f 625//661 374//455 530//590
f 598//660 531//662 422//525
f 483//592 485//593 487//663
f 532//664 533//665 490//666
f 1180//667 496//606 490//666
f 546//668 496//606 1180//667
f 423//599 422//525 484//669
f 423//599 486//670 485//593
f 423//599 1165//671 486//670
f 487//663 485//593 486//670
f 1165//671 487//663 486//670
f 531//662 488//672 422//525
f 488//672 484//669 422//525
f 488//672 487//663 1165//671
f 489//673 488//672 531//662
f 489//673 487//663 488//672
f 489//673 490//666 487//663
f 531//662 1179//674 489//673
f 489//673 532//664 490//666
f 491//589 429//600 492//675
f 495//601 492//675 429//600
f 493//676 491//589 492//675
f 493//676 492//675 495//601
f 536//677 530//590 491//589
f 491//589 493//676 536//677
f 535//678 536//677 493//676
f 493//676 495//601 535//678
f 1181//679 495//601 494//603
f 495//601 430//602 494//603
f 494//603 431//494 538//604
f 537//605 431//494 545//680
f 496//606 483//592 487//663
f 487//663 490//666 496//606
f 496//606 545//680 431//494
f 435//607 505//618 498//681
f 498//681 507//682 499//683
f 435//607 498//681 497//609
f 498//681 499//683 497//609
f 549//684 497//609 499//683
f 497//609 501//613 437//539
f 1166//615 504//616 500//614
f 503//685 504//616 1166//615
f 502//686 497//609 549//684
f 497//609 502//686 501//613
f 504//616 503//685 552//687
f 505//618 442//608 506//617
f 498//681 505//618 506//617
f 508//619 507//682 498//681
f 498//681 506//617 508//619
f 508//619 510//688 559//689
f 558//690 1157//543 504//616
f 447//620 449//626 509//691
f 510//688 508//619 447//620
f 510//688 447//620 509//691
f 563//692 559//689 510//688
f 563//692 510//688 509//691
f 563//692 509//691 512//693
f 513//631 450//623 445//540
f 1157//543 514//694 1170//695
f 565//696 1171//697 511//698
f 1168//699 514//694 1157//543
f 558//690 1168//699 1157//543
f 558//690 565//696 511//698
f 509//691 449//626 515//632
f 516//700 512//693 509//691
f 566//701 512//693 568//702
f 516//700 509//691 515//632
f 516//700 515//632 574//703
f 512//693 516//700 568//702
f 1170//695 518//704 1172//705
f 1176//706 1172//705 518//704
f 1170//695 514//694 518//704
f 578//707 518//704 514//694
f 527//708 1176//706 518//704
f 518//704 578//707 527//708
f 515//632 519//645 521//709
f 463//642 520//643 1173//710
f 1174//647 523//646 524//652
f 520//643 1175//711 1173//710
f 1175//711 520//643 522//712
f 521//709 580//713 515//632
f 522//712 1174//647 524//652
f 523//646 476//650 465//648
f 524//652 523//646 465//648
f 526//653 591//714 524//652
f 525//639 591//714 526//653
f 525//639 1177//715 591//714
f 1175//711 522//712 581//716
f 581//716 522//712 524//652
f 593//717 480//657 479//658
f 595//520 479//658 372//491
f 594//718 346//521 482//588
f 482//588 1164//659 594//718
f 1192//719 594//718 1164//659
f 596//720 1178//524 529//523
f 595//520 528//519 1193//721
f 625//661 530//590 536//677
f 351//483 598//660 422//525
f 531//662 598//660 599//722
f 1180//667 547//723 546//668
f 534//724 1179//674 531//662
f 534//724 531//662 599//722
f 1179//674 547//723 1180//667
f 547//723 1179//674 534//724
f 534//724 599//722 600//725
f 547//723 534//724 600//725
f 494//603 633//726 1181//679
f 632//727 536//677 535//678
f 625//661 536//677 632//727
f 632//727 535//678 1203//728
f 538//604 537//605 539//729
f 537//605 545//680 539//729
f 538//604 540//730 494//603
f 540//730 538//604 541//731
f 538//604 539//729 541//731
f 544//732 494//603 540//730
f 541//731 539//729 545//680
f 544//732 540//730 541//731
f 541//731 543//733 542//734
f 541//731 545//680 543//733
f 544//732 541//731 542//734
f 542//734 543//733 662//735
f 543//733 545//680 662//735
f 544//732 542//734 662//735
f 496//606 546//668 545//680
f 602//736 545//680 546//668
f 546//668 547//723 601//737
f 547//723 600//725 601//737
f 604//738 606//739 548//740
f 549//684 499//683 607//741
f 549//684 607//741 550//742
f 550//742 553//743 549//684
f 550//742 548//740 553//743
f 548//740 606//739 553//743
f 549//684 551//744 502//686
f 1182//745 501//613 502//686
f 1167//746 501//613 1182//745
f 553//743 551//744 549//684
f 1167//746 1182//745 554//747
f 554//747 552//687 503//685
f 1183//748 554//747 1182//745
f 1197//749 554//747 1183//748
f 555//750 554//747 1197//749
f 555//750 552//687 554//747
f 555//750 558//690 552//687
f 607//741 508//619 608//751
f 607//741 499//683 507//682
f 507//682 508//619 607//741
f 552//687 558//690 504//616
f 556//752 608//751 508//619
f 556//752 560//753 611//754
f 557//755 609//756 608//751
f 556//752 557//755 608//751
f 557//755 556//752 611//754
f 1198//757 560//753 612//758
f 611//754 609//756 557//755
f 560//753 559//689 563//692
f 556//752 508//619 559//689
f 563//692 561//759 560//753
f 560//753 556//752 559//689
f 560//753 561//759 612//758
f 612//758 561//759 614//760
f 565//696 558//690 562//761
f 613//762 562//761 558//690
f 512//693 561//759 563//692
f 564//763 512//693 566//701
f 561//759 512//693 614//760
f 614//760 512//693 564//763
f 565//696 564//763 567//764
f 614//760 564//763 565//696
f 568//702 567//764 566//701
f 567//764 571//765 573//766
f 564//763 566//701 567//764
f 565//696 1184//767 1171//697
f 1171//697 1184//767 1185//768
f 567//764 573//766 565//696
f 567//764 568//702 570//769
f 570//769 568//702 569//770
f 567//764 570//769 571//765
f 571//765 579//771 573//766
f 571//765 570//769 572//772
f 569//770 572//772 570//769
f 572//772 577//773 571//765
f 577//773 579//771 571//765
f 1187//774 1185//768 1184//767
f 575//775 516//700 574//703
f 574//703 515//632 580//713
f 575//775 568//702 516//700
f 575//775 569//770 568//702
f 574//703 580//713 584//776
f 575//775 576//777 569//770
f 576//777 575//775 574//703
f 576//777 574//703 584//776
f 576//777 584//776 586//778
f 616//779 576//777 586//778
f 586//778 588//780 616//779
f 1186//781 617//782 591//714
f 1186//781 591//714 1177//715
f 582//783 580//713 521//709
f 1189//784 1175//711 581//716
f 581//716 524//652 590//785
f 582//783 584//776 580//713
f 581//716 583//786 1189//784
f 581//716 590//785 583//786
f 583//786 590//785 585//787
f 584//776 582//783 1190//788
f 584//776 1190//788 587//789
f 587//789 1190//788 1191//790
f 591//714 589//791 585//787
f 584//776 587//789 586//778
f 586//778 587//789 588//780
f 588//780 1191//790 589//791
f 588//780 587//789 1191//790
f 590//785 524//652 591//714
f 585//787 590//785 591//714
f 621//792 479//658 595//520
f 592//793 593//717 479//658
f 1192//719 624//794 594//718
f 1194//795 622//796 595//520
f 625//661 1201//797 1195//798
f 529//523 625//661 596//720
f 622//796 621//792 595//520
f 621//792 597//799 479//658
f 597//799 621//792 623//800
f 597//799 592//793 479//658
f 592//793 597//799 654//801
f 597//799 623//800 654//801
f 592//793 654//801 650//802
f 594//718 598//660 346//521
f 600//725 599//722 655//803
f 598//660 655//803 599//722
f 494//603 544//732 633//726
f 603//804 545//680 602//736
f 629//805 545//680 603//804
f 546//668 601//737 602//736
f 602//736 601//737 603//804
f 630//806 600//725 655//803
f 630//806 601//737 600//725
f 631//807 601//737 630//806
f 631//807 603//804 601//737
f 607//741 643//808 550//742
f 605//809 606//739 604//738
f 548//740 550//742 604//738
f 1197//749 1196//810 555//750
f 604//738 550//742 637//811
f 640//812 604//738 637//811
f 640//812 605//809 604//738
f 1196//810 642//813 555//750
f 648//814 555//750 1207//815
f 643//808 607//741 608//751
f 608//751 644//816 643//808
f 555//750 648//814 558//690
f 644//816 609//756 611//754
f 609//756 644//816 608//751
f 612//758 645//817 1198//757
f 1198//757 645//817 1208//818
f 645//817 612//758 646//819
f 646//819 612//758 614//760
f 614//760 610//820 649//821
f 648//814 613//762 558//690
f 562//761 610//820 614//760
f 610//820 562//761 613//762
f 614//760 565//696 562//761
f 572//772 569//770 618//822
f 569//770 615//823 618//822
f 569//770 576//777 615//823
f 615//823 576//777 616//779
f 615//823 616//779 620//824
f 616//779 588//780 620//824
f 1200//825 588//780 589//791
f 572//772 618//822 577//773
f 1188//826 617//782 1186//781
f 617//782 589//791 591//714
f 618//822 615//823 619//827
f 618//822 619//827 577//773
f 579//771 577//773 619//827
f 615//823 620//824 619//827
f 1199//828 1200//825 617//782
f 1199//828 617//782 1188//826
f 589//791 617//782 1200//825
f 650//802 593//717 592//793
f 1192//719 1209//829 624//794
f 621//792 622//796 626//830
f 626//830 623//800 621//792
f 623//800 626//830 654//801
f 594//718 624//794 598//660
f 1202//831 1201//797 625//661
f 652//832 656//833 624//794
f 624//794 627//834 598//660
f 627//834 624//794 656//833
f 1202//831 625//661 666//835
f 659//836 625//661 628//837
f 666//835 625//661 659//836
f 627//834 655//803 598//660
f 655//803 627//834 656//833
f 658//838 631//807 655//803
f 625//661 632//727 628//837
f 632//727 634//839 628//837
f 544//732 635//840 633//726
f 635//840 544//732 636//841
f 636//841 544//732 662//735
f 628//837 634//839 660//842
f 662//735 661//843 636//841
f 670//844 662//735 545//680
f 681//845 671//846 545//680
f 671//846 670//844 545//680
f 672//847 662//735 670//844
f 680//848 545//680 629//805
f 683//849 629//805 684//850
f 684//850 603//804 631//807
f 631//807 630//806 655//803
f 603//804 684//850 629//805
f 631//807 1212//851 684//850
f 1204//852 632//727 1203//728
f 1205//853 633//726 635//840
f 660//842 1205//853 635//840
f 660//842 635//840 661//843
f 635//840 636//841 661//843
f 638//854 637//811 696//855
f 643//808 691//856 637//811
f 637//811 550//742 643//808
f 641//857 605//809 640//812
f 1206//858 642//813 1196//810
f 638//854 640//812 637//811
f 640//812 638//854 641//857
f 707//859 642//813 1206//858
f 1207//815 1223//860 648//814
f 645//817 646//819 701//861
f 639//862 1208//818 645//817
f 646//819 647//863 701//861
f 701//861 639//862 645//817
f 647//863 649//821 610//820
f 610//820 704//864 647//863
f 706//865 704//864 610//820
f 646//819 649//821 647//863
f 646//819 614//760 649//821
f 613//762 706//865 610//820
f 1209//829 652//832 624//794
f 651//866 652//832 1209//829
f 1210//867 650//802 708//868
f 708//868 650//802 654//801
f 709//869 652//832 651//866
f 652//832 657//870 656//833
f 657//870 652//832 718//871
f 1202//831 666//835 653//872
f 669//873 653//872 666//835
f 653//872 669//873 720//874
f 655//803 656//833 657//870
f 657//870 658//838 655//803
f 628//837 660//842 663//875
f 672//847 665//876 662//735
f 664//877 663//875 660//842
f 664//877 660//842 661//843
f 664//877 661//843 665//876
f 665//876 661//843 662//735
f 663//875 666//835 659//836
f 628//837 663//875 659//836
f 663//875 664//877 667//878
f 665//876 667//878 664//877
f 663//875 667//878 666//835
f 667//878 665//876 672//847
f 675//879 667//878 672//847
f 668//880 666//835 667//878
f 675//879 668//880 667//878
f 669//873 666//835 668//880
f 676//881 669//873 668//880
f 675//879 676//881 668//880
f 672//847 670//844 671//846
f 673//882 672//847 671//846
f 674//883 671//846 681//845
f 674//883 682//884 687//885
f 674//883 681//845 682//884
f 674//883 1214//886 671//846
f 679//887 675//879 672//847
f 679//887 672//847 677//888
f 673//882 677//888 672//847
f 678//889 677//888 1214//886
f 678//889 1214//886 674//883
f 687//885 678//889 674//883
f 676//881 675//879 679//887
f 724//890 679//887 677//888
f 724//890 677//888 678//889
f 676//881 679//887 669//873
f 724//890 678//889 726//891
f 545//680 680//848 681//845
f 629//805 1215//892 680//848
f 680//848 682//884 681//845
f 680//848 1215//892 682//884
f 1215//892 686//893 682//884
f 688//894 686//893 1215//892
f 684//850 728//895 685//896
f 1216//897 683//849 684//850
f 684//850 1212//851 728//895
f 682//884 686//893 687//885
f 687//885 686//893 689//898
f 683//849 1216//897 688//894
f 734//899 688//894 1216//897
f 686//893 690//900 689//898
f 686//893 688//894 690//900
f 734//899 690//900 688//894
f 689//898 690//900 692//901
f 738//902 693//903 692//901
f 692//901 690//900 738//902
f 747//904 691//856 643//808
f 691//856 692//901 693//903
f 691//856 747//904 692//901
f 691//856 693//903 637//811
f 693//903 738//902 739//905
f 693//903 739//905 694//906
f 694//906 695//907 699//908
f 694//906 739//905 695//907
f 702//909 746//910 644//816
f 746//910 643//808 644//816
f 643//808 746//910 747//904
f 637//811 694//906 696//855
f 693//903 694//906 637//811
f 641//857 638//854 1224//911
f 694//906 697//912 696//855
f 638//854 696//855 697//912
f 638//854 697//912 1224//911
f 698//913 1223//860 1219//914
f 694//906 699//908 697//912
f 700//915 698//913 1219//914
f 1218//916 700//915 1220//917
f 700//915 1219//914 1220//917
f 750//918 705//919 698//913
f 750//918 698//913 700//915
f 639//862 1221//920 1208//818
f 639//862 701//861 1221//920
f 757//921 1221//920 701//861
f 703//922 701//861 647//863
f 703//922 757//921 701//861
f 703//922 754//923 757//921
f 647//863 704//864 703//922
f 758//924 754//923 703//922
f 758//924 703//922 704//864
f 648//814 705//919 613//762
f 704//864 706//865 755//925
f 755//925 706//865 756//926
f 706//865 705//919 756//926
f 698//913 648//814 1223//860
f 648//814 698//913 705//919
f 613//762 705//919 706//865
f 759//927 708//868 654//801
f 708//868 1226//928 1210//867
f 709//869 718//871 652//832
f 760//929 719//930 718//871
f 1211//931 654//801 626//830
f 711//932 654//801 653//872
f 710//933 711//932 653//872
f 710//933 712//934 711//932
f 720//874 712//934 710//933
f 711//932 713//935 654//801
f 1232//936 714//937 1228//938
f 712//934 763//939 711//932
f 714//937 1255//940 1228//938
f 762//941 713//935 711//932
f 716//942 714//937 721//943
f 654//801 713//935 759//927
f 714//937 716//942 717//944
f 714//937 767//945 1255//940
f 767//945 714//937 1231//946
f 716//942 715//947 717//944
f 715//947 719//930 717//944
f 719//930 1250//948 717//944
f 719//930 1213//949 657//870
f 718//871 719//930 657//870
f 1213//949 719//930 715//947
f 710//933 653//872 720//874
f 720//874 669//873 725//950
f 721//943 714//937 1232//936
f 1233//951 768//952 1234//953
f 769//954 720//874 727//955
f 768//952 1233//951 1267//956
f 1237//957 1213//949 722//958
f 722//958 773//959 1237//957
f 1235//960 1230//961 716//942
f 768//952 723//962 1234//953
f 721//943 1236//963 716//942
f 1235//960 716//942 1236//963
f 722//958 723//962 768//952
f 1213//949 715//947 722//958
f 679//887 725//950 669//873
f 724//890 725//950 679//887
f 724//890 726//891 725//950
f 775//964 726//891 678//889
f 775//964 678//889 732//965
f 725//950 726//891 727//955
f 726//891 775//964 727//955
f 720//874 725//950 727//955
f 770//966 727//955 775//964
f 729//967 685//896 728//895
f 734//899 1217//968 730//969
f 730//969 1217//968 1238//970
f 1269//971 729//967 728//895
f 1270//972 731//973 1238//970
f 731//973 730//969 1238//970
f 731//973 777//974 730//969
f 678//889 687//885 1239//975
f 733//976 1239//975 687//885
f 687//885 689//898 733//976
f 775//964 732//965 1240//977
f 774//978 775//964 1240//977
f 734//899 738//902 690//900
f 736//979 734//899 730//969
f 735//980 734//899 736//979
f 734//899 735//980 738//902
f 740//981 738//902 735//980
f 737//982 735//980 736//979
f 740//981 735//980 737//982
f 777//974 736//979 730//969
f 737//982 736//979 777//974
f 740//981 737//982 776//983
f 740//981 776//983 779//984
f 743//985 780//986 781//987
f 1240//977 747//904 793//988
f 793//988 747//904 746//910
f 692//901 747//904 689//898
f 747//904 1240//977 689//898
f 738//902 740//981 739//905
f 741//989 751//990 739//905
f 740//981 741//989 739//905
f 1241//991 744//992 742//993
f 742//993 1246//994 1241//991
f 745//995 852//996 742//993
f 740//981 779//984 743//985
f 781//987 1242//997 743//985
f 743//985 741//989 740//981
f 743//985 1242//997 741//989
f 744//992 745//995 742//993
f 1271//998 745//995 744//992
f 739//905 748//999 695//907
f 749//1000 1218//916 1243//1001
f 749//1000 750//918 1218//916
f 750//918 700//915 1218//916
f 751//990 748//999 739//905
f 1246//994 753//1002 1244//1003
f 752//1004 1244//1003 753//1002
f 1245//1005 752//1004 750//918
f 1244//1003 752//1004 1245//1005
f 705//919 750//918 752//1004
f 753//1002 1246//994 742//993
f 742//993 852//996 753//1002
f 852//996 752//1004 753//1002
f 794//1006 746//910 702//909
f 754//923 798//1007 757//921
f 1221//920 757//921 798//1007
f 754//923 797//1008 798//1007
f 755//925 797//1008 754//923
f 752//1004 756//926 705//919
f 852//996 799//1009 752//1004
f 799//1009 756//926 752//1004
f 755//925 756//926 797//1008
f 758//924 704//864 755//925
f 754//923 758//924 755//925
f 765//1010 801//1011 1247//1012
f 709//869 1251//1013 718//871
f 1248//1014 1227//1014 1225//1014
f 1251//1013 709//869 1249//1015
f 1249//1015 805//1016 806//1017
f 801//1011 805//1016 1247//1012
f 1249//1015 806//1017 1251//1013
f 762//941 764//1018 713//935
f 711//932 763//939 1253//1019
f 1256//1020 1257//1020 1254//1020
f 1229//1021 1258//1021 1261//1021
f 1259//1022 1255//940 767//945
f 766//1023 1262//1024 1260//1025
f 1260//1025 1265//1026 766//1023
f 1262//1024 766//1023 813//1027
f 813//1027 766//1023 761//1028
f 814//1029 1263//1030 1279//1031
f 1264//1032 759//927 713//935
f 767//945 761//1028 766//1023
f 767//945 1231//946 761//1028
f 717//944 1250//948 761//1028
f 722//958 768//952 773//959
f 727//955 772//1033 1268//1034
f 1268//1034 772//1033 771//1035
f 772//1033 727//955 770//966
f 827//1036 772//1033 770//966
f 827//1036 771//1035 772//1033
f 827//1036 770//966 837//1037
f 837//1037 770//966 775//964
f 828//1038 771//1035 827//1036
f 1268//1034 771//1035 1266//1039
f 835//1040 768//952 833//1041
f 832//1042 1266//1039 771//1035
f 832//1042 833//1041 768//952
f 1270//972 1283//1043 731//973
f 731//973 1283//1043 777//974
f 768//952 835//1040 773//959
f 881//1044 836//1045 835//1040
f 774//978 1240//977 793//988
f 774//978 793//988 837//1037
f 837//1037 793//988 954//1046
f 775//964 774//978 837//1037
f 777//974 776//983 737//982
f 777//974 835//1040 836//1045
f 778//1047 776//983 777//974
f 778//1047 777//974 836//1045
f 836//1045 839//1048 778//1047
f 787//1049 781//987 780//986
f 743//985 779//984 780//986
f 780//986 788//1050 787//1049
f 789//1051 1272//1052 1273//1053
f 782//1054 783//1055 780//986
f 779//984 782//1054 780//986
f 780//986 783//1055 788//1050
f 789//1051 784//1056 1271//998
f 782//1054 786//1057 783//1055
f 786//1057 788//1050 783//1055
f 779//984 785//1058 782//1054
f 779//984 776//983 778//1047
f 778//1047 785//1058 779//984
f 790//1059 846//1060 784//1056
f 839//1048 782//1054 785//1058
f 839//1048 785//1058 778//1047
f 786//1057 782//1054 839//1048
f 1273//1053 1274//1061 789//1051
f 789//1051 1274//1061 791//1062
f 790//1059 784//1056 789//1051
f 791//1062 788//1050 786//1057
f 786//1057 841//1063 791//1062
f 791//1062 841//1063 842//1064
f 842//1064 792//1065 791//1062
f 792//1065 789//1051 791//1062
f 842//1064 843//1066 792//1065
f 843//1066 789//1051 792//1065
f 790//1059 789//1051 843//1066
f 793//988 746//910 794//1006
f 954//1046 793//988 794//1006
f 852//996 745//995 1271//998
f 784//1056 852//996 1271//998
f 852//996 784//1056 846//1060
f 846//1060 891//1067 852//996
f 1222//1068 795//1069 1275//1070
f 795//1069 796//1071 1275//1070
f 798//1007 1277//1072 1276//1073
f 798//1007 1276//1073 1221//920
f 852//996 798//1007 797//1008
f 799//1009 797//1008 756//926
f 797//1008 799//1009 852//996
f 800//1074 765//1010 1280//1075
f 800//1074 853//1076 803//1077
f 801//1011 765//1010 800//1074
f 801//1011 803//1077 802//1078
f 801//1011 802//1078 805//1016
f 803//1077 801//1011 800//1074
f 803//1077 804//1079 802//1078
f 803//1077 855//1080 804//1079
f 853//1076 855//1080 803//1077
f 857//1081 865//1082 811//1083
f 807//1084 761//1028 1250//948
f 806//1017 807//1084 1252//1085
f 817//1086 761//1028 811//1083
f 807//1084 811//1083 761//1028
f 806//1017 808//1087 807//1084
f 805//1016 802//1078 809//1088
f 809//1088 806//1017 805//1016
f 810//1089 806//1017 809//1088
f 808//1087 811//1083 807//1084
f 802//1078 804//1079 809//1088
f 810//1089 809//1088 804//1079
f 808//1087 806//1017 810//1089
f 857//1081 811//1083 808//1087
f 822//1090 812//1091 815//1092
f 800//1074 1280//1075 858//1093
f 1285//1094 814//1029 812//1091
f 822//1090 866//1095 812//1091
f 812//1091 814//1029 1279//1031
f 1278//1096 813//1027 1281//1097
f 1281//1097 813//1027 862//1098
f 1286//1099 821//1100 815//1092
f 813//1027 761//1028 816//1101
f 816//1101 761//1028 817//1086
f 813//1027 816//1101 862//1098
f 817//1086 863//1102 816//1101
f 865//1082 863//1102 811//1083
f 1287//1103 816//1101 863//1102
f 863//1102 817//1086 811//1083
f 830//1104 828//1038 827//1036
f 818//1105 828//1038 830//1104
f 825//1106 826//1107 818//1105
f 824//1108 823//1109 820//1110
f 820//1110 823//1109 819//1111
f 823//1109 825//1106 819//1111
f 830//1104 820//1110 819//1111
f 818//1105 830//1104 819//1111
f 825//1106 818//1105 819//1111
f 821//1100 822//1090 815//1092
f 822//1090 821//1100 823//1109
f 821//1100 869//1112 823//1109
f 823//1109 866//1095 822//1090
f 823//1109 869//1112 825//1106
f 869//1112 870//1113 825//1106
f 820//1110 867//1114 824//1108
f 831//1115 867//1114 820//1110
f 871//1116 826//1107 825//1106
f 878//1117 826//1107 871//1116
f 828//1038 832//1042 771//1035
f 828//1038 818//1105 832//1042
f 830//1104 827//1036 829//1118
f 829//1118 837//1037 831//1115
f 829//1118 827//1036 837//1037
f 820//1110 830//1104 829//1118
f 820//1110 829//1118 831//1115
f 834//1119 833//1041 832//1042
f 833//1041 834//1119 879//1120
f 835//1040 833//1041 879//1120
f 826//1107 832//1042 818//1105
f 878//1117 832//1042 826//1107
f 834//1119 832//1042 878//1117
f 878//1117 879//1120 834//1119
f 879//1120 881//1044 835//1040
f 881//1044 887//1121 838//1122
f 837//1037 954//1046 882//1123
f 954//1046 883//1124 882//1123
f 836//1045 838//1122 839//1048
f 881//1044 838//1122 836//1045
f 840//1125 839//1048 838//1122
f 840//1125 786//1057 839//1048
f 786//1057 840//1125 841//1063
f 840//1125 892//1126 841//1063
f 841//1063 892//1126 847//1127
f 894//1128 847//1127 892//1126
f 893//1129 847//1127 894//1128
f 845//1130 790//1059 843//1066
f 846//1060 790//1059 845//1130
f 844//1131 843//1066 842//1064
f 844//1131 845//1130 843//1066
f 842//1064 841//1063 847//1127
f 846//1060 845//1130 891//1067
f 847//1127 844//1131 842//1064
f 1298//1132 845//1130 844//1131
f 845//1130 1298//1132 891//1067
f 847//1127 893//1129 844//1131
f 891//1067 962//1133 852//996
f 848//1134 852//996 962//1133
f 852//996 848//1134 851//1135
f 848//1134 907//1136 851//1135
f 849//1137 1277//1072 798//1007
f 1275//1070 796//1071 850//1138
f 850//1138 796//1071 849//1137
f 849//1137 798//1007 899//1139
f 850//1138 849//1137 901//1140
f 855//1080 856//1141 804//1079
f 810//1089 804//1079 856//1141
f 857//1081 810//1089 856//1141
f 810//1089 857//1081 808//1087
f 854//1142 856//1141 855//1080
f 1291//1143 857//1081 856//1141
f 855//1080 853//1076 854//1142
f 856//1141 854//1142 1291//1143
f 868//1144 909//1145 860//1146
f 868//1144 812//1091 866//1095
f 800//1074 858//1093 853//1076
f 853//1076 858//1093 859//1147
f 861//1148 853//1076 859//1147
f 812//1091 868//1144 1285//1094
f 860//1146 859//1147 858//1093
f 860//1146 1285//1094 868//1144
f 853//1076 917//1149 854//1142
f 853//1076 861//1148 917//1149
f 872//1150 1288//1151 873//1152
f 865//1082 924//1153 864//1154
f 854//1142 925//1155 1291//1143
f 1291//1143 925//1155 924//1153
f 864//1154 924//1153 876//1156
f 1287//1103 863//1102 1289//1157
f 865//1082 864//1154 863//1102
f 1290//1158 873//1152 1288//1151
f 1290//1158 1295//1159 873//1152
f 867//1114 866//1095 824//1108
f 868//1144 866//1095 867//1114
f 868//1144 1292//1160 932//1161
f 872//1150 821//1100 1286//1099
f 823//1109 824//1108 866//1095
f 871//1116 825//1106 870//1113
f 872//1150 873//1152 874//1162
f 869//1112 821//1100 872//1150
f 872//1150 870//1113 869//1112
f 870//1113 872//1150 874//1162
f 870//1113 874//1162 875//1163
f 1294//1164 871//1116 870//1113
f 1293//1165 873//1152 1295//1159
f 878//1117 871//1116 1294//1164
f 1295//1159 877//1166 1293//1165
f 877//1166 1294//1164 1293//1165
f 877//1166 878//1117 1294//1164
f 929//1167 877//1166 876//1156
f 878//1117 877//1166 880//1168
f 932//1161 1292//1160 1282//1169
f 837//1037 882//1123 831//1115
f 831//1115 882//1123 883//1124
f 932//1161 1282//1169 884//1170
f 1296//1171 831//1115 883//1124
f 885//1172 881//1044 879//1120
f 879//1120 880//1168 885//1172
f 881//1044 885//1172 888//1173
f 878//1117 880//1168 879//1120
f 880//1168 951//1174 885//1172
f 883//1124 940//1175 1296//1171
f 885//1172 886//1176 888//1173
f 886//1176 885//1172 951//1174
f 890//1177 886//1176 956//1178
f 887//1121 881//1044 888//1173
f 888//1173 889//1179 887//1121
f 890//1177 888//1173 886//1176
f 889//1179 888//1173 890//1177
f 897//1180 889//1179 890//1177
f 956//1178 958//1181 890//1177
f 897//1180 894//1128 892//1126
f 838//1122 887//1121 840//1125
f 887//1121 892//1126 840//1125
f 897//1180 895//1182 894//1128
f 895//1182 893//1129 894//1128
f 896//1183 891//1067 1298//1132
f 892//1126 887//1121 889//1179
f 893//1129 895//1182 1299//1184
f 889//1179 897//1180 892//1126
f 794//1006 1284//1185 954//1046
f 971//1186 954//1046 1284//1185
f 906//1187 907//1136 898//1188
f 962//1133 967//1189 848//1134
f 848//1134 967//1189 907//1136
f 907//1136 967//1189 898//1188
f 901//1140 849//1137 900//1190
f 900//1190 849//1137 899//1139
f 971//1186 1284//1185 902//1191
f 902//1191 1284//1185 1300//1192
f 968//1193 902//1191 1300//1192
f 903//1194 901//1140 900//1190
f 900//1190 899//1139 903//1194
f 903//1194 899//1139 970//1195
f 970//1195 899//1139 904//1196
f 969//1197 968//1193 1300//1192
f 903//1194 1315//1198 901//1140
f 904//1196 899//1139 798//1007
f 904//1196 798//1007 905//1199
f 905//1199 906//1187 976//1200
f 852//996 905//1199 798//1007
f 905//1199 852//996 851//1135
f 905//1199 851//1135 907//1136
f 905//1199 907//1136 906//1187
f 859//1147 860//1146 909//1145
f 861//1148 859//1147 908//1201
f 908//1201 859//1147 909//1145
f 912//1202 909//1145 926//1203
f 861//1148 908//1201 910//1204
f 912//1202 908//1201 909//1145
f 918//1205 861//1148 910//1204
f 908//1201 911//1206 910//1204
f 911//1206 908//1201 912//1202
f 910//1204 913//1207 918//1205
f 910//1204 911//1206 914//1208
f 910//1204 914//1208 913//1207
f 911//1206 912//1202 915//1209
f 914//1208 911//1206 915//1209
f 915//1209 912//1202 928//1210
f 915//1209 978//1211 914//1208
f 978//1211 915//1209 979//1212
f 979//1212 915//1209 928//1210
f 914//1208 977//1213 913//1207
f 914//1208 978//1211 977//1213
f 917//1149 916//1214 854//1142
f 918//1205 917//1149 861//1148
f 920//1215 925//1155 916//1214
f 917//1149 919//1216 916//1214
f 921//1217 919//1216 917//1149
f 919//1216 920//1215 916//1214
f 921//1217 922//1218 919//1216
f 922//1218 920//1215 919//1216
f 918//1205 921//1217 917//1149
f 921//1217 918//1205 913//1207
f 913//1207 923//1219 921//1217
f 923//1219 922//1218 921//1217
f 995//1220 920//1215 922//1218
f 922//1218 987//1221 995//1220
f 925//1155 854//1142 916//1214
f 995//1220 924//1153 925//1155
f 876//1156 924//1153 995//1220
f 920//1215 995//1220 925//1155
f 909//1145 868//1144 926//1203
f 926//1203 868//1144 927//1222
f 928//1210 912//1202 926//1203
f 927//1222 868//1144 981//1223
f 928//1210 926//1203 927//1222
f 927//1222 980//1224 928//1210
f 980//1224 927//1222 981//1223
f 929//1167 876//1156 995//1220
f 929//1167 880//1168 877//1166
f 929//1167 995//1220 880//1168
f 930//1225 937//1226 939//1227
f 880//1168 995//1220 996//1228
f 880//1168 996//1228 930//1225
f 931//1229 932//1161 933//1230
f 931//1229 868//1144 932//1161
f 933//1230 938//1231 931//1229
f 1304//1232 932//1161 1297//1233
f 932//1161 1304//1232 933//1230
f 933//1230 1304//1232 942//1234
f 880//1168 930//1225 939//1227
f 935//1235 934//1236 936//1237
f 1302//1238 933//1230 942//1234
f 942//1234 1301//1239 1302//1238
f 945//1240 934//1236 935//1235
f 933//1230 1302//1238 938//1231
f 936//1237 934//1236 937//1226
f 939//1227 937//1226 934//1236
f 936//1237 937//1226 1303//1241
f 937//1226 999//1242 1303//1241
f 939//1227 951//1174 880//1168
f 939//1227 934//1236 951//1174
f 949//1243 883//1124 954//1046
f 941//1244 940//1175 883//1124
f 1305//1245 1306//1246 943//1247
f 883//1124 949//1243 1307//1248
f 1306//1246 946//1249 943//1247
f 948//1250 952//1251 945//1240
f 1308//1252 942//1234 1304//1232
f 942//1234 1308//1252 1301//1239
f 1301//1239 1308//1252 944//1253
f 935//1235 1309//1254 945//1240
f 943//1247 946//1249 1310//1255
f 1310//1255 946//1249 947//1256
f 1310//1255 947//1256 945//1240
f 1307//1248 949//1243 946//1249
f 948//1250 945//1240 947//1256
f 949//1243 947//1256 946//1249
f 950//1257 948//1250 947//1256
f 948//1250 950//1257 953//1258
f 947//1256 949//1243 950//1257
f 953//1258 950//1257 1005//1259
f 956//1178 886//1176 951//1174
f 952//1251 951//1174 934//1236
f 951//1174 952//1251 956//1178
f 952//1251 948//1250 956//1178
f 945//1240 952//1251 934//1236
f 953//1258 956//1178 948//1250
f 955//1260 956//1178 953//1258
f 956//1178 955//1260 957//1261
f 953//1258 1005//1259 955//1260
f 958//1181 956//1178 957//1261
f 897//1180 890//1177 959//1262
f 890//1177 958//1181 959//1262
f 957//1261 966//1263 958//1181
f 959//1262 958//1181 960//1264
f 958//1181 966//1263 960//1264
f 966//1263 967//1189 1311//1265
f 895//1182 961//1266 1299//1184
f 1312//1267 891//1067 896//1183
f 1312//1267 962//1133 891//1067
f 963//1268 895//1182 897//1180
f 895//1182 1313//1269 961//1266
f 1313//1269 964//1270 961//1266
f 1314//1271 962//1133 1312//1267
f 1314//1271 967//1189 962//1133
f 963//1268 897//1180 959//1262
f 959//1262 960//1264 963//1268
f 964//1270 1313//1269 1311//1265
f 1311//1265 967//1189 964//1270
f 1006//1272 954//1046 971//1186
f 1006//1272 974//1273 1010//1274
f 976//1200 906//1187 965//1275
f 965//1275 955//1260 1007//1276
f 965//1275 906//1187 898//1188
f 965//1275 898//1188 955//1260
f 957//1261 955//1260 898//1188
f 957//1261 898//1188 966//1263
f 898//1188 967//1189 966//1263
f 970//1195 1315//1198 903//1194
f 968//1193 971//1186 902//1191
f 972//1277 975//1278 1315//1198
f 1315//1198 970//1195 972//1277
f 972//1277 970//1195 973//1279
f 973//1279 970//1195 904//1196
f 971//1186 974//1273 1006//1272
f 974//1273 971//1186 968//1193
f 968//1193 969//1197 974//1273
f 974//1273 969//1197 1316//1280
f 973//1279 975//1278 972//1277
f 904//1196 976//1200 973//1279
f 1316//1280 1010//1274 974//1273
f 976//1200 1008//1281 973//1279
f 1008//1281 975//1278 973//1279
f 975//1278 1008//1281 1323//1282
f 905//1199 976//1200 904//1196
f 977//1213 988//1283 923//1219
f 977//1213 923//1219 913//1207
f 988//1283 977//1213 978//1211
f 987//1221 922//1218 923//1219
f 928//1210 982//1284 979//1212
f 982//1284 928//1210 980//1224
f 983//1285 982//1284 980//1224
f 1317//1286 980//1224 981//1223
f 988//1283 989//1287 923//1219
f 982//1284 984//1288 979//1212
f 978//1211 979//1212 984//1288
f 983//1285 985//1289 982//1284
f 986//1290 985//1289 983//1285
f 981//1223 1318//1291 1317//1286
f 988//1283 978//1211 984//1288
f 988//1283 984//1288 993//1292
f 985//1289 984//1288 982//1284
f 984//1288 985//1289 993//1292
f 1319//1293 993//1292 985//1289
f 993//1292 1319//1293 994//1294
f 989//1287 987//1221 923//1219
f 999//1242 997//1295 990//1296
f 937//1226 997//1295 999//1242
f 998//1297 987//1221 989//1287
f 988//1283 992//1298 989//1287
f 991//1299 989//1287 992//1298
f 989//1287 991//1299 998//1297
f 988//1283 993//1292 992//1298
f 991//1299 990//1296 998//1297
f 998//1297 990//1296 997//1295
f 994//1294 990//1296 991//1299
f 994//1294 999//1242 990//1296
f 993//1292 994//1294 992//1298
f 992//1298 994//1294 991//1299
f 987//1221 996//1228 995//1220
f 997//1295 930//1225 996//1228
f 997//1295 937//1226 930//1225
f 987//1221 998//1297 996//1228
f 996//1228 998//1297 997//1295
f 981//1223 868//1144 931//1229
f 1318//1291 981//1223 1000//1300
f 981//1223 931//1229 1000//1300
f 1000//1300 931//1229 938//1231
f 994//1294 1319//1293 1320//1301
f 994//1294 1320//1301 1303//1241
f 1303//1241 999//1242 994//1294
f 1001//1302 949//1243 954//1046
f 949//1243 1321//1303 950//1257
f 1003//1304 1001//1302 954//1046
f 954//1046 1006//1272 1003//1304
f 1321//1303 1322//1305 1002//1306
f 1321//1303 1002//1306 950//1257
f 950//1257 1002//1306 1005//1259
f 1004//1307 1002//1306 1322//1305
f 1002//1306 1004//1307 1005//1259
f 1005//1259 1004//1307 1007//1276
f 1009//1308 1007//1276 1004//1307
f 1323//1282 1004//1307 1322//1305
f 1006//1272 1010//1274 1003//1304
f 1007//1276 955//1260 1005//1259
f 965//1275 1007//1276 976//1200
f 1011//1309 1008//1281 1007//1276
f 976//1200 1007//1276 1008//1281
f 1004//1307 1323//1282 1009//1308
f 1011//1309 1007//1276 1009//1308
f 1011//1309 1009//1308 1323//1282
f 1323//1282 1008//1281 1011//1309
