# Blender 4.0.2
# www.blender.org
mtllib pelvis_l.mtl
o pelvis_l
v -0.080702 -0.131189 -0.035702
v -0.078762 -0.130984 -0.037844
v -0.085652 -0.132733 -0.043628
v -0.084306 -0.132247 -0.043718
v -0.088069 -0.132253 -0.042092
v -0.068206 -0.127338 -0.030085
v -0.054981 -0.124689 -0.023529
v -0.051023 -0.123791 -0.023892
v -0.057215 -0.125707 -0.026047
v -0.053855 -0.124812 -0.027438
v -0.085579 -0.129676 -0.036019
v -0.087865 -0.124254 -0.036580
v -0.093078 -0.131512 -0.045727
v -0.094424 -0.128274 -0.041453
v -0.097772 -0.127200 -0.044586
v -0.097480 -0.129400 -0.049880
v -0.068976 -0.124261 -0.026825
v -0.079380 -0.128850 -0.032489
v -0.090449 -0.132645 -0.047114
v -0.088252 -0.131624 -0.051358
v -0.094424 -0.131119 -0.053202
v -0.094347 -0.129986 -0.057542
v -0.099194 -0.127924 -0.056562
v -0.059917 -0.123946 -0.022693
v -0.060736 -0.121181 -0.021387
v -0.066376 -0.126432 -0.033007
v -0.079887 -0.128626 -0.043606
v -0.085407 -0.128491 -0.052175
v -0.047668 -0.121019 -0.019221
v -0.049648 -0.119771 -0.017584
v -0.048154 -0.115585 -0.015524
v -0.052613 -0.121831 -0.019881
v -0.053585 -0.119858 -0.018609
v -0.054203 -0.122861 -0.029830
v -0.037832 -0.113552 -0.011246
v -0.034727 -0.113375 -0.012073
v -0.033230 -0.112823 -0.013786
v -0.042857 -0.117182 -0.015464
v -0.040995 -0.116968 -0.016096
v -0.040470 -0.116821 -0.018050
v -0.036950 -0.114865 -0.015520
v -0.038663 -0.114468 -0.018812
v -0.046805 -0.121447 -0.021376
v -0.048658 -0.122395 -0.025274
v -0.047837 -0.119882 -0.026722
v -0.095535 -0.124798 -0.040591
v -0.098386 -0.124464 -0.043288
v -0.096343 -0.122263 -0.041923
v -0.102019 -0.123988 -0.050140
v -0.102183 -0.121939 -0.047986
v -0.102410 -0.124906 -0.055802
v -0.099238 -0.124672 -0.063498
v -0.103480 -0.122706 -0.060165
v -0.063250 -0.118511 -0.022928
v -0.066628 -0.116020 -0.026361
v -0.064265 -0.112050 -0.028714
v -0.085045 -0.121247 -0.057934
v -0.093379 -0.127067 -0.063392
v -0.091052 -0.126308 -0.063625
v -0.088453 -0.123361 -0.063351
v -0.039582 -0.106225 -0.009785
v -0.053877 -0.114213 -0.019028
v -0.049123 -0.111259 -0.016816
v -0.053956 -0.109699 -0.023000
v -0.069985 -0.115967 -0.043833
v -0.092600 -0.121668 -0.070628
v -0.033433 -0.108318 -0.007182
v -0.037546 -0.108614 -0.008283
v -0.049889 -0.110266 -0.031333
v -0.046069 -0.109474 -0.029119
v -0.052188 -0.113046 -0.032662
v -0.025373 -0.102398 -0.005497
v -0.024087 -0.106765 -0.011109
v -0.025713 -0.105398 -0.007253
v -0.041027 -0.109344 -0.025336
v -0.042925 -0.108735 -0.027182
v -0.024468 -0.106323 -0.014947
v -0.101748 -0.118651 -0.047174
v -0.105536 -0.119996 -0.058309
v -0.105940 -0.117958 -0.055011
v -0.105747 -0.116037 -0.053145
v -0.081555 -0.113705 -0.039423
v -0.103093 -0.116609 -0.069425
v -0.073593 -0.111924 -0.035877
v -0.077819 -0.111122 -0.039931
v -0.074573 -0.110351 -0.041464
v -0.079467 -0.109940 -0.042305
v -0.076336 -0.109083 -0.045020
v -0.096133 -0.119756 -0.071675
v -0.047723 -0.106042 -0.020405
v -0.054611 -0.108504 -0.026643
v -0.063277 -0.110150 -0.034294
v -0.068804 -0.113469 -0.043202
v -0.071082 -0.111824 -0.043180
v -0.075020 -0.113639 -0.048417
v -0.074549 -0.110899 -0.045954
v -0.075654 -0.110221 -0.047619
v -0.076147 -0.116523 -0.048915
v -0.080445 -0.112425 -0.058366
v -0.088260 -0.116871 -0.072432
v -0.091272 -0.117291 -0.074180
v -0.033913 -0.102231 -0.005351
v -0.030759 -0.100451 -0.004322
v -0.033239 -0.099068 -0.005431
v -0.037100 -0.101062 -0.011058
v -0.045183 -0.106413 -0.027670
v -0.046537 -0.104341 -0.024338
v -0.046195 -0.105280 -0.026136
v -0.044292 -0.104255 -0.026553
v -0.050071 -0.108262 -0.029747
v -0.046750 -0.107792 -0.028617
v -0.050119 -0.106675 -0.025200
v -0.052911 -0.107791 -0.028974
v -0.047949 -0.106362 -0.026945
v -0.060027 -0.110766 -0.036751
v -0.044158 -0.107279 -0.028038
v -0.043151 -0.105644 -0.027640
v -0.040618 -0.105726 -0.026905
v -0.035779 -0.100888 -0.026605
v -0.038445 -0.100617 -0.027162
v -0.026353 -0.098135 -0.025151
v -0.012523 -0.097206 -0.012351
v -0.013239 -0.096574 -0.016074
v -0.100975 -0.111116 -0.050563
v -0.105247 -0.110310 -0.053689
v -0.107520 -0.112485 -0.056799
v -0.106671 -0.110782 -0.055015
v -0.108467 -0.112236 -0.063296
v -0.106062 -0.115109 -0.066877
v -0.080058 -0.105672 -0.046389
v -0.079607 -0.103246 -0.047823
v -0.085045 -0.106181 -0.046740
v -0.103851 -0.110749 -0.072950
v -0.077596 -0.105980 -0.048242
v -0.077560 -0.103196 -0.049348
v -0.077162 -0.108410 -0.051525
v -0.076565 -0.103308 -0.053034
v -0.080265 -0.107663 -0.062928
v -0.090885 -0.113045 -0.076501
v -0.094392 -0.112793 -0.076364
v -0.029304 -0.094734 -0.003559
v -0.027443 -0.090058 -0.003970
v -0.031819 -0.096017 -0.005978
v -0.087613 -0.111586 -0.076049
v -0.084671 -0.106220 -0.075401
v -0.086151 -0.106613 -0.077166
v -0.089347 -0.107284 -0.078048
v -0.022302 -0.087885 -0.002750
v -0.024882 -0.091559 -0.003003
v -0.028249 -0.090507 -0.005614
v -0.030574 -0.093095 -0.010120
v -0.027097 -0.089005 -0.009678
v -0.037396 -0.095533 -0.019572
v -0.037749 -0.096530 -0.026610
v -0.037644 -0.094042 -0.024106
v -0.011999 -0.088264 -0.004745
v -0.035330 -0.098030 -0.027597
v -0.032290 -0.097722 -0.027890
v -0.029480 -0.094104 -0.030802
v -0.031104 -0.093406 -0.031094
v -0.007604 -0.090133 -0.008738
v -0.021738 -0.092730 -0.029664
v -0.026497 -0.091791 -0.033325
v -0.005397 -0.091752 -0.014246
v -0.001593 -0.085755 -0.013944
v -0.005832 -0.092392 -0.017375
v -0.005632 -0.091844 -0.021793
v -0.009932 -0.093088 -0.020612
v -0.015512 -0.093350 -0.024625
v -0.001694 -0.088455 -0.017282
v -0.003020 -0.090560 -0.019531
v -0.004653 -0.090887 -0.023661
v -0.001218 -0.088088 -0.020408
v -0.001983 -0.087578 -0.023516
v -0.000691 -0.086063 -0.021088
v -0.007730 -0.090842 -0.026766
v -0.006273 -0.088779 -0.028188
v -0.103533 -0.104715 -0.054963
v -0.106520 -0.103518 -0.057652
v -0.108797 -0.103415 -0.060766
v -0.109779 -0.104419 -0.065396
v -0.096045 -0.100586 -0.052402
v -0.108140 -0.108608 -0.069022
v -0.081958 -0.098434 -0.049745
v -0.105857 -0.103291 -0.073167
v -0.076506 -0.099561 -0.050236
v -0.078043 -0.098896 -0.049622
v -0.073564 -0.095917 -0.051897
v -0.074444 -0.094953 -0.051102
v -0.075660 -0.100550 -0.051973
v -0.094737 -0.105419 -0.077642
v -0.070544 -0.094122 -0.054434
v -0.073320 -0.097562 -0.054550
v -0.073997 -0.097514 -0.057706
v -0.075153 -0.096325 -0.062785
v -0.080442 -0.098872 -0.068716
v -0.019979 -0.082302 -0.005823
v -0.023556 -0.086573 -0.003003
v -0.025075 -0.086676 -0.005460
v -0.023364 -0.085023 -0.004476
v -0.022707 -0.084372 -0.006343
v -0.017520 -0.083641 -0.003328
v -0.018695 -0.082063 -0.004185
v -0.014081 -0.079236 -0.006469
v -0.012291 -0.079322 -0.005291
v -0.022805 -0.084740 -0.010683
v -0.018992 -0.081891 -0.011312
v -0.026640 -0.087740 -0.014227
v -0.023359 -0.083537 -0.018975
v -0.035073 -0.090456 -0.029148
v -0.033751 -0.087270 -0.027133
v -0.033232 -0.084689 -0.029395
v -0.034373 -0.085334 -0.030813
v -0.033588 -0.089117 -0.032404
v -0.034649 -0.087139 -0.031562
v -0.008236 -0.085046 -0.005472
v -0.008140 -0.083002 -0.005268
v -0.005808 -0.081070 -0.007499
v -0.010360 -0.080764 -0.004746
v -0.010130 -0.084229 -0.004457
v -0.008987 -0.078900 -0.007539
v -0.030017 -0.089980 -0.034802
v -0.004283 -0.083672 -0.008389
v -0.003058 -0.081801 -0.009978
v -0.001882 -0.083650 -0.011494
v -0.000628 -0.083854 -0.014520
v -0.000702 -0.082720 -0.013892
v -0.000384 -0.082859 -0.015413
v -0.001596 -0.081783 -0.012378
v -0.000766 -0.081868 -0.014448
v -0.001534 -0.080999 -0.013747
v -0.001172 -0.081077 -0.015199
v -0.003839 -0.080206 -0.010888
v -0.002260 -0.080171 -0.014444
v -0.002752 -0.079883 -0.016577
v -0.005352 -0.078824 -0.012541
v -0.006510 -0.078583 -0.015297
v -0.007073 -0.079033 -0.020591
v -0.018615 -0.089541 -0.034005
v -0.023050 -0.085893 -0.043255
v -0.000316 -0.085038 -0.018225
v -0.000402 -0.083194 -0.018477
v -0.000541 -0.082050 -0.016437
v -0.001076 -0.081370 -0.017490
v -0.002545 -0.080769 -0.019415
v -0.001780 -0.084947 -0.023985
v -0.001452 -0.082588 -0.020825
v -0.003671 -0.083367 -0.025791
v -0.004203 -0.085574 -0.027260
v -0.009808 -0.082376 -0.032324
v -0.015459 -0.085956 -0.037293
v -0.018960 -0.083722 -0.042899
v -0.099700 -0.095895 -0.054626
v -0.109164 -0.098250 -0.069525
v -0.109367 -0.096628 -0.066419
v -0.084496 -0.089331 -0.052194
v -0.072009 -0.090292 -0.051902
v -0.070052 -0.091903 -0.052481
v -0.072309 -0.094079 -0.058967
v -0.072213 -0.092793 -0.061248
v -0.077534 -0.096452 -0.066529
v -0.078564 -0.094670 -0.068670
v -0.080123 -0.093184 -0.072230
v -0.083391 -0.095471 -0.074672
v -0.091255 -0.095520 -0.078317
v -0.088875 -0.095563 -0.079098
v -0.086321 -0.095844 -0.078442
v -0.061836 -0.087309 -0.056390
v -0.065229 -0.087011 -0.058985
v -0.066952 -0.087804 -0.061711
v -0.074799 -0.093799 -0.066505
v -0.074569 -0.092450 -0.068989
v -0.071807 -0.091616 -0.068537
v -0.073502 -0.091539 -0.071808
v -0.072689 -0.091075 -0.072435
v -0.076940 -0.091495 -0.072218
v -0.075122 -0.091306 -0.074123
v -0.074540 -0.090889 -0.074835
v -0.077682 -0.090690 -0.075883
v -0.077564 -0.090382 -0.077194
v -0.073704 -0.089805 -0.074960
v -0.067713 -0.088210 -0.067885
v -0.010354 -0.078289 -0.009199
v -0.013355 -0.079044 -0.016480
v -0.026908 -0.079961 -0.029028
v -0.030974 -0.084777 -0.042462
v -0.034502 -0.081843 -0.041917
v -0.014516 -0.077934 -0.026798
v -0.018601 -0.076014 -0.032332
v -0.027530 -0.084163 -0.049262
v -0.033752 -0.081928 -0.048871
v -0.033982 -0.082737 -0.054916
v -0.033140 -0.082850 -0.057052
v -0.036006 -0.081430 -0.053199
v -0.037641 -0.081526 -0.055332
v -0.036976 -0.082786 -0.058695
v -0.040011 -0.082149 -0.057872
v -0.043475 -0.082823 -0.061799
v -0.011677 -0.078363 -0.030169
v -0.024380 -0.079455 -0.053975
v -0.029253 -0.081330 -0.058856
v -0.037765 -0.082526 -0.064539
v -0.092145 -0.089770 -0.052434
v -0.105333 -0.089713 -0.061806
v -0.107834 -0.091532 -0.069834
v -0.106771 -0.088805 -0.067772
v -0.089099 -0.086254 -0.052293
v -0.101273 -0.088800 -0.075085
v -0.103683 -0.088549 -0.073919
v -0.083696 -0.082037 -0.052774
v -0.097805 -0.087148 -0.076279
v -0.090742 -0.091959 -0.079285
v -0.085570 -0.090698 -0.078362
v -0.088551 -0.089543 -0.080297
v -0.088486 -0.086447 -0.080697
v -0.091026 -0.089798 -0.079987
v -0.093572 -0.088084 -0.078563
v -0.092713 -0.086598 -0.080127
v -0.091785 -0.086288 -0.080582
v -0.063831 -0.085406 -0.058601
v -0.061039 -0.083937 -0.058007
v -0.064646 -0.084792 -0.059799
v -0.063869 -0.080813 -0.058825
v -0.064661 -0.080204 -0.059906
v -0.065845 -0.086353 -0.063063
v -0.067504 -0.082054 -0.066346
v -0.075562 -0.089161 -0.076943
v -0.076883 -0.089619 -0.077815
v -0.074860 -0.087783 -0.075814
v -0.081257 -0.089483 -0.077740
v -0.081446 -0.088164 -0.080476
v -0.083052 -0.088296 -0.079615
v -0.080556 -0.087843 -0.080946
v -0.086002 -0.087198 -0.080476
v -0.084646 -0.086106 -0.081638
v -0.086701 -0.085201 -0.081433
v -0.053901 -0.078714 -0.054482
v -0.056912 -0.083264 -0.055913
v -0.056868 -0.083293 -0.057610
v -0.054239 -0.082309 -0.057603
v -0.052633 -0.081712 -0.057398
v -0.057709 -0.082213 -0.058346
v -0.054658 -0.082098 -0.058296
v -0.053033 -0.081825 -0.058527
v -0.054266 -0.081318 -0.058926
v -0.053154 -0.080973 -0.059343
v -0.053554 -0.079780 -0.059683
v -0.065972 -0.085376 -0.065780
v -0.067379 -0.085789 -0.068078
v -0.035351 -0.078876 -0.039147
v -0.034659 -0.074784 -0.039609
v -0.035944 -0.077923 -0.044822
v -0.036268 -0.074734 -0.042337
v -0.038193 -0.077400 -0.050992
v -0.042516 -0.079222 -0.054731
v -0.049389 -0.081678 -0.058366
v -0.050035 -0.081733 -0.059637
v -0.050210 -0.079883 -0.061281
v -0.023996 -0.071348 -0.039459
v -0.036686 -0.080133 -0.051647
v -0.038433 -0.079792 -0.053287
v -0.045408 -0.081069 -0.063985
v -0.042696 -0.080776 -0.066620
v -0.046549 -0.079379 -0.063793
v -0.043915 -0.079099 -0.066343
v -0.042513 -0.076194 -0.069102
v -0.018011 -0.074276 -0.037866
v -0.020684 -0.076152 -0.048541
v -0.024386 -0.072614 -0.057062
v -0.039390 -0.081199 -0.068690
v -0.036121 -0.079505 -0.072151
v -0.038669 -0.078256 -0.073308
v -0.027214 -0.073467 -0.065989
v -0.095334 -0.079562 -0.051775
v -0.098130 -0.080191 -0.053650
v -0.100011 -0.078580 -0.056358
v -0.101279 -0.082399 -0.057989
v -0.102060 -0.080798 -0.062426
v -0.100833 -0.078948 -0.059018
v -0.090177 -0.081205 -0.051838
v -0.104688 -0.086739 -0.072166
v -0.102307 -0.085632 -0.075191
v -0.102970 -0.084855 -0.074312
v -0.102715 -0.083727 -0.073409
v -0.101640 -0.083693 -0.075351
v -0.101051 -0.082245 -0.074502
v -0.094776 -0.085739 -0.078460
v -0.099736 -0.085359 -0.076148
v -0.095262 -0.083963 -0.078465
v -0.100076 -0.083648 -0.076367
v -0.099617 -0.082355 -0.076090
v -0.090681 -0.084175 -0.080548
v -0.089131 -0.082150 -0.081095
v -0.091382 -0.080770 -0.079505
v -0.093873 -0.080116 -0.078009
v -0.090604 -0.079494 -0.079783
v -0.091947 -0.078602 -0.078247
v -0.058586 -0.076313 -0.053264
v -0.060302 -0.073115 -0.053393
v -0.067696 -0.076022 -0.063285
v -0.066459 -0.074265 -0.059658
v -0.066035 -0.073391 -0.059015
v -0.072951 -0.080980 -0.069750
v -0.077175 -0.080324 -0.074170
v -0.080616 -0.076298 -0.078741
v -0.081302 -0.083810 -0.083082
v -0.087493 -0.080535 -0.084369
v -0.085496 -0.082356 -0.085172
v -0.085859 -0.079157 -0.088400
v -0.054990 -0.073367 -0.053034
v -0.056663 -0.072788 -0.059505
v -0.037192 -0.072170 -0.043975
v -0.037031 -0.069265 -0.044196
v -0.040240 -0.067447 -0.047982
v -0.044582 -0.073345 -0.052297
v -0.050300 -0.071856 -0.061654
v -0.046350 -0.075715 -0.064135
v -0.044235 -0.075548 -0.066289
v -0.046249 -0.069256 -0.063554
v -0.039965 -0.069036 -0.071701
v -0.026000 -0.068369 -0.060564
v -0.034834 -0.074832 -0.077593
v -0.031882 -0.074805 -0.075580
v -0.037417 -0.074389 -0.075959
v -0.030454 -0.068517 -0.078667
v -0.101317 -0.071727 -0.050165
v -0.101995 -0.070987 -0.051987
v -0.094600 -0.074769 -0.050789
v -0.097025 -0.070828 -0.048590
v -0.098347 -0.076104 -0.052406
v -0.096975 -0.075500 -0.051165
v -0.099583 -0.076489 -0.054759
v -0.100245 -0.075998 -0.056930
v -0.098614 -0.073628 -0.050488
v -0.099878 -0.074358 -0.052773
v -0.100306 -0.074591 -0.054835
v -0.100572 -0.076604 -0.061173
v -0.100432 -0.074220 -0.059128
v -0.091174 -0.070981 -0.051150
v -0.098257 -0.071560 -0.062444
v -0.100279 -0.077656 -0.066776
v -0.094893 -0.075331 -0.072852
v -0.091241 -0.077498 -0.078539
v -0.089636 -0.077812 -0.081337
v -0.092320 -0.072800 -0.075742
v -0.064953 -0.065223 -0.058873
v -0.068951 -0.071215 -0.060744
v -0.064955 -0.070629 -0.058946
v -0.070184 -0.068554 -0.060981
v -0.071360 -0.066831 -0.062007
v -0.073739 -0.073033 -0.067590
v -0.072545 -0.069423 -0.063909
v -0.074778 -0.069597 -0.068610
v -0.072521 -0.066458 -0.064650
v -0.088267 -0.077392 -0.086537
v -0.084000 -0.076285 -0.087569
v -0.048230 -0.065815 -0.052118
v -0.044619 -0.064563 -0.051134
v -0.052039 -0.067500 -0.061422
v -0.043565 -0.062696 -0.066888
v -0.043624 -0.068788 -0.066189
v -0.029533 -0.059407 -0.056606
v -0.040054 -0.063401 -0.072798
v -0.027730 -0.065973 -0.070188
v -0.033508 -0.067826 -0.081069
v -0.035056 -0.066898 -0.080249
v -0.031664 -0.066348 -0.081480
v -0.030441 -0.064588 -0.079927
v -0.033312 -0.062476 -0.084626
v -0.034631 -0.062319 -0.084124
v -0.103254 -0.069060 -0.047188
v -0.102461 -0.067717 -0.045594
v -0.104002 -0.067040 -0.045843
v -0.103526 -0.065849 -0.045314
v -0.104077 -0.065154 -0.046330
v -0.100392 -0.065027 -0.045940
v -0.101809 -0.063800 -0.045439
v -0.103035 -0.062543 -0.046422
v -0.102803 -0.061628 -0.047890
v -0.102865 -0.062683 -0.049688
v -0.104255 -0.067364 -0.047780
v -0.103648 -0.065686 -0.049750
v -0.101979 -0.068449 -0.052804
v -0.074373 -0.060041 -0.056794
v -0.064143 -0.063539 -0.059228
v -0.067109 -0.063454 -0.059650
v -0.069523 -0.063150 -0.062099
v -0.065983 -0.061374 -0.060728
v -0.068663 -0.061284 -0.064345
v -0.072523 -0.065531 -0.068035
v -0.073935 -0.065373 -0.070743
v -0.079405 -0.065631 -0.079274
v -0.089048 -0.066586 -0.088838
v -0.056375 -0.061651 -0.061437
v -0.059369 -0.061296 -0.061030
v -0.060970 -0.059785 -0.061442
v -0.056683 -0.058869 -0.061241
v -0.058238 -0.059166 -0.061524
v -0.062577 -0.058223 -0.063549
v -0.071085 -0.062049 -0.070662
v -0.067820 -0.060216 -0.067549
v -0.082836 -0.067337 -0.086539
v -0.087327 -0.070249 -0.092296
v -0.084204 -0.067883 -0.092298
v -0.087248 -0.065900 -0.092510
v -0.042442 -0.058583 -0.052235
v -0.054675 -0.061430 -0.062016
v -0.053208 -0.059723 -0.063781
v -0.055588 -0.059697 -0.061471
v -0.054936 -0.059598 -0.062178
v -0.055728 -0.058741 -0.061545
v -0.054550 -0.058519 -0.063714
v -0.056810 -0.057975 -0.062706
v -0.055661 -0.057750 -0.063753
v -0.057080 -0.056392 -0.065727
v -0.033822 -0.055845 -0.055833
v -0.029408 -0.056870 -0.072330
v -0.037995 -0.057286 -0.082737
v -0.032300 -0.060859 -0.084371
v -0.033946 -0.060619 -0.086889
v -0.035174 -0.059702 -0.086782
v -0.034670 -0.058954 -0.089267
v -0.034072 -0.058276 -0.089623
v -0.033179 -0.057174 -0.087536
v -0.036445 -0.056010 -0.092858
v -0.035449 -0.056138 -0.094142
v -0.101378 -0.060300 -0.047061
v -0.098264 -0.060392 -0.048334
v -0.098747 -0.058427 -0.049462
v -0.099383 -0.058559 -0.050492
v -0.097757 -0.056267 -0.052012
v -0.094678 -0.056707 -0.052090
v -0.099153 -0.061875 -0.055465
v -0.058143 -0.054079 -0.056764
v -0.066362 -0.057197 -0.071022
v -0.069905 -0.056913 -0.074109
v -0.074900 -0.059644 -0.076803
v -0.073076 -0.054825 -0.080869
v -0.076859 -0.058261 -0.082315
v -0.080893 -0.062208 -0.086863
v -0.082770 -0.063241 -0.094463
v -0.083424 -0.062661 -0.095255
v -0.061265 -0.054548 -0.070851
v -0.079072 -0.058038 -0.091680
v -0.079692 -0.058514 -0.096171
v -0.080310 -0.058507 -0.097352
v -0.082248 -0.058101 -0.097359
v -0.048839 -0.051751 -0.078262
v -0.032999 -0.050275 -0.070289
v -0.033513 -0.048461 -0.078075
v -0.041556 -0.055212 -0.080106
v -0.043643 -0.051983 -0.084332
v -0.042265 -0.050752 -0.095522
v -0.034947 -0.053970 -0.095569
v -0.036021 -0.051236 -0.099025
v -0.037374 -0.049741 -0.100708
v -0.035070 -0.048945 -0.099224
v -0.039748 -0.052788 -0.100414
v -0.037768 -0.052603 -0.100742
v -0.037636 -0.051549 -0.101116
v -0.096124 -0.051808 -0.055159
v -0.095169 -0.050897 -0.055039
v -0.095635 -0.049768 -0.057249
v -0.092297 -0.049002 -0.056101
v -0.096280 -0.051899 -0.061424
v -0.078024 -0.044300 -0.060537
v -0.065676 -0.046594 -0.060592
v -0.086369 -0.055212 -0.093302
v -0.068319 -0.051853 -0.080225
v -0.075379 -0.054260 -0.097388
v -0.074422 -0.053338 -0.091054
v -0.078499 -0.054943 -0.099573
v -0.078847 -0.052791 -0.099446
v -0.045296 -0.042710 -0.063743
v -0.062108 -0.049270 -0.080850
v -0.065472 -0.048409 -0.086388
v -0.063974 -0.047462 -0.091359
v -0.061038 -0.046991 -0.087824
v -0.072781 -0.052483 -0.099781
v -0.071416 -0.050918 -0.096204
v -0.076118 -0.054711 -0.099213
v -0.076542 -0.054249 -0.100136
v -0.073162 -0.052701 -0.101761
v -0.077036 -0.052877 -0.101002
v -0.075156 -0.051866 -0.102541
v -0.042126 -0.041370 -0.070436
v -0.053875 -0.049132 -0.080916
v -0.056638 -0.046279 -0.092807
v -0.067751 -0.050394 -0.104289
v -0.065163 -0.048946 -0.107409
v -0.071615 -0.050640 -0.105198
v -0.072066 -0.048440 -0.104681
v -0.066124 -0.048110 -0.107949
v -0.049297 -0.048240 -0.087625
v -0.050909 -0.046901 -0.094874
v -0.059074 -0.047772 -0.103743
v -0.059026 -0.047639 -0.107524
v -0.034132 -0.046760 -0.090859
v -0.036212 -0.041953 -0.087340
v -0.034884 -0.041566 -0.090816
v -0.045900 -0.048574 -0.102280
v -0.052917 -0.047260 -0.105608
v -0.048650 -0.045079 -0.107187
v -0.032896 -0.046093 -0.095102
v -0.042434 -0.050314 -0.104229
v -0.043795 -0.049563 -0.104318
v -0.043453 -0.048917 -0.105299
v -0.039606 -0.048709 -0.102490
v -0.040212 -0.048809 -0.103310
v -0.041224 -0.049205 -0.104524
v -0.037709 -0.047900 -0.102014
v -0.039786 -0.047743 -0.102737
v -0.040503 -0.047889 -0.103393
v -0.037525 -0.046979 -0.103444
v -0.043378 -0.047675 -0.105802
v -0.042189 -0.047550 -0.105293
v -0.040710 -0.046326 -0.104469
v -0.041643 -0.046569 -0.104864
v -0.042968 -0.045717 -0.105712
v -0.040883 -0.044712 -0.105879
v -0.037828 -0.044823 -0.106426
v -0.045063 -0.048038 -0.105817
v -0.031626 -0.044413 -0.105211
v -0.028846 -0.043039 -0.102883
v -0.028670 -0.041415 -0.106637
v -0.092945 -0.045135 -0.057879
v -0.091395 -0.039855 -0.060599
v -0.093027 -0.047532 -0.074507
v -0.087749 -0.043471 -0.086698
v -0.055801 -0.039149 -0.062952
v -0.052354 -0.035085 -0.066390
v -0.038899 -0.039619 -0.082773
v -0.059229 -0.046246 -0.109105
v -0.065193 -0.045941 -0.107963
v -0.062390 -0.045763 -0.108917
v -0.059068 -0.043949 -0.108939
v -0.060738 -0.042519 -0.107789
v -0.038661 -0.037346 -0.087297
v -0.036205 -0.034529 -0.091811
v -0.050938 -0.041773 -0.107310
v -0.047831 -0.039429 -0.106496
v -0.054019 -0.044108 -0.108797
v -0.043507 -0.041790 -0.106601
v -0.045711 -0.042747 -0.106376
v -0.026095 -0.037763 -0.101898
v -0.026830 -0.033604 -0.099691
v -0.034001 -0.040754 -0.108628
v -0.030653 -0.039873 -0.108856
v -0.025911 -0.037572 -0.106229
v -0.026404 -0.035771 -0.108638
v -0.086828 -0.032849 -0.062206
v -0.090883 -0.037377 -0.066331
v -0.084326 -0.033262 -0.061417
v -0.081047 -0.032283 -0.061983
v -0.088902 -0.035427 -0.074640
v -0.087380 -0.038394 -0.083802
v -0.063654 -0.033560 -0.064076
v -0.082928 -0.039684 -0.091302
v -0.055683 -0.029938 -0.067944
v -0.075238 -0.038546 -0.096584
v -0.050895 -0.033015 -0.069719
v -0.066767 -0.033679 -0.100906
v -0.064174 -0.038514 -0.104041
v -0.043979 -0.033279 -0.082180
v -0.058121 -0.036110 -0.106271
v -0.061814 -0.034795 -0.104494
v -0.056881 -0.034451 -0.106510
v -0.038065 -0.027676 -0.093934
v -0.043773 -0.026896 -0.089609
v -0.054822 -0.037388 -0.107134
v -0.053145 -0.034089 -0.107192
v -0.030572 -0.028872 -0.097955
v -0.024594 -0.031637 -0.105608
v -0.024685 -0.030784 -0.103606
v -0.025642 -0.028276 -0.103045
v -0.024764 -0.027797 -0.105291
v -0.028242 -0.030372 -0.111827
v -0.025410 -0.028030 -0.110157
v -0.033045 -0.031143 -0.111695
v -0.083436 -0.030239 -0.061842
v -0.079515 -0.027211 -0.061951
v -0.082674 -0.026612 -0.062053
v -0.083868 -0.025158 -0.062902
v -0.081326 -0.024426 -0.061230
v -0.083015 -0.023815 -0.061566
v -0.084335 -0.027999 -0.062896
v -0.086926 -0.029471 -0.066302
v -0.085710 -0.026941 -0.066276
v -0.086089 -0.027281 -0.068862
v -0.085097 -0.024650 -0.065434
v -0.076339 -0.022511 -0.060499
v -0.075860 -0.028935 -0.063044
v -0.085196 -0.027624 -0.075006
v -0.083394 -0.026163 -0.078734
v -0.084153 -0.031870 -0.081228
v -0.059616 -0.020781 -0.070215
v -0.074466 -0.027881 -0.090551
v -0.055427 -0.026559 -0.071301
v -0.063061 -0.027669 -0.103121
v -0.053455 -0.027483 -0.108975
v -0.025696 -0.025171 -0.112882
v -0.024930 -0.024028 -0.110203
v -0.026426 -0.020227 -0.108046
v -0.027750 -0.025169 -0.114638
v -0.024019 -0.019683 -0.115233
v -0.025063 -0.020018 -0.116810
v -0.105102 -0.022639 -0.046348
v -0.103348 -0.021826 -0.045593
v -0.108081 -0.020987 -0.045758
v -0.104081 -0.020896 -0.045209
v -0.107111 -0.020675 -0.045207
v -0.109106 -0.019027 -0.045473
v -0.108323 -0.021456 -0.047951
v -0.110177 -0.019970 -0.046916
v -0.101059 -0.022845 -0.047024
v -0.098362 -0.019914 -0.046145
v -0.105211 -0.019624 -0.056492
v -0.089100 -0.018118 -0.049307
v -0.089303 -0.015944 -0.048721
v -0.092208 -0.019476 -0.050324
v -0.096206 -0.018144 -0.060171
v -0.085216 -0.017767 -0.051171
v -0.083730 -0.016331 -0.050546
v -0.084076 -0.019166 -0.056024
v -0.085220 -0.020039 -0.058587
v -0.087941 -0.018566 -0.053306
v -0.089222 -0.018942 -0.058099
v -0.091961 -0.018025 -0.064075
v -0.078502 -0.018256 -0.055914
v -0.081002 -0.017939 -0.054092
v -0.079804 -0.016737 -0.053052
v -0.078292 -0.014719 -0.053126
v -0.084440 -0.023304 -0.062881
v -0.081515 -0.022464 -0.059991
v -0.083486 -0.021942 -0.060266
v -0.085995 -0.023383 -0.069348
v -0.085910 -0.022015 -0.064483
v -0.086790 -0.020528 -0.062471
v -0.087814 -0.020400 -0.067509
v -0.087006 -0.020966 -0.071689
v -0.070116 -0.016160 -0.060360
v -0.085562 -0.023871 -0.072837
v -0.083555 -0.023170 -0.078178
v -0.065279 -0.020034 -0.064523
v -0.075524 -0.019221 -0.087284
v -0.061297 -0.013570 -0.076381
v -0.054766 -0.019790 -0.082138
v -0.062472 -0.016752 -0.103887
v -0.032174 -0.015909 -0.105402
v -0.023803 -0.016729 -0.113233
v -0.022990 -0.016278 -0.119167
v -0.025493 -0.014278 -0.111828
v -0.021476 -0.013499 -0.116291
v -0.028145 -0.020437 -0.117249
v -0.021918 -0.015496 -0.119007
v -0.019969 -0.012906 -0.118625
v -0.020361 -0.013514 -0.120613
v -0.023167 -0.014223 -0.120890
v -0.112918 -0.015684 -0.047551
v -0.106328 -0.017794 -0.045023
v -0.109609 -0.015753 -0.045653
v -0.106005 -0.014036 -0.045438
v -0.110256 -0.013628 -0.045573
v -0.110351 -0.017379 -0.046018
v -0.111787 -0.017435 -0.053012
v -0.113828 -0.015647 -0.049385
v -0.111339 -0.014742 -0.046022
v -0.098861 -0.013575 -0.046098
v -0.106585 -0.015912 -0.060053
v -0.091166 -0.011709 -0.048782
v -0.086910 -0.010665 -0.051408
v -0.091921 -0.016822 -0.067802
v -0.097407 -0.015656 -0.064625
v -0.080183 -0.013878 -0.052487
v -0.074975 -0.011331 -0.056381
v -0.078236 -0.008768 -0.057797
v -0.087378 -0.017685 -0.074416
v -0.090125 -0.016857 -0.070697
v -0.090907 -0.012034 -0.073385
v -0.069303 -0.010900 -0.060481
v -0.081174 -0.012761 -0.081888
v -0.029734 -0.011693 -0.109214
v -0.023416 -0.010443 -0.114469
v -0.018616 -0.004921 -0.118407
v -0.014109 -0.007951 -0.124297
v -0.013984 -0.006677 -0.122076
v -0.014657 -0.007771 -0.125307
v -0.010841 -0.005657 -0.124988
v -0.011582 -0.006253 -0.125558
v -0.017280 -0.007569 -0.125479
v -0.010701 -0.005741 -0.126319
v -0.012019 -0.006209 -0.126404
v -0.011020 -0.005234 -0.127457
v -0.006257 -0.003439 -0.128912
v -0.116543 -0.010578 -0.046536
v -0.115440 -0.008589 -0.045263
v -0.118923 -0.007311 -0.047758
v -0.118555 -0.006438 -0.046857
v -0.118894 -0.008883 -0.050509
v -0.105578 -0.008474 -0.044905
v -0.104614 -0.005039 -0.045545
v -0.116859 -0.009719 -0.054754
v -0.095118 -0.005957 -0.046759
v -0.100838 -0.004958 -0.045217
v -0.090827 -0.007851 -0.049493
v -0.103105 -0.009802 -0.065741
v -0.084679 -0.006836 -0.055204
v -0.095409 -0.011590 -0.069841
v -0.078979 -0.003706 -0.059958
v -0.091628 -0.004406 -0.074289
v -0.072007 -0.003819 -0.060268
v -0.073804 -0.003155 -0.060306
v -0.073934 -0.000698 -0.061013
v -0.072112 -0.000203 -0.061631
v -0.069347 -0.005601 -0.062017
v -0.069243 -0.003853 -0.063631
v -0.063892 -0.004112 -0.085319
v -0.071696 -0.007602 -0.091558
v -0.058738 -0.005491 -0.091883
v -0.046615 -0.003269 -0.103896
v -0.034887 -0.002428 -0.110056
v -0.045623 -0.002434 -0.117994
v -0.026593 -0.002252 -0.114111
v -0.009730 0.001368 -0.123037
v -0.013947 -0.003502 -0.127750
v -0.008568 -0.002545 -0.124177
v -0.005060 -0.002134 -0.126723
v -0.005507 0.000074 -0.124720
v -0.002814 0.005991 -0.123924
v -0.001455 0.005041 -0.124406
v -0.007740 -0.003101 -0.130209
v -0.007590 -0.000534 -0.131599
v -0.003002 -0.000952 -0.128577
v -0.001456 0.002126 -0.126159
v -0.001174 0.001880 -0.129440
v -0.000160 0.004043 -0.127339
v -0.000623 0.005424 -0.125099
v 0.000009 0.004856 -0.128850
v -0.000660 0.004633 -0.130599
v -0.005358 -0.000724 -0.131822
v -0.003239 -0.000508 -0.130719
v -0.002598 0.001464 -0.131620
v -0.122686 0.000201 -0.045543
v -0.124347 0.000976 -0.046628
v -0.119771 -0.005510 -0.047391
v -0.121395 -0.004732 -0.048602
v -0.117359 -0.003403 -0.046162
v -0.121139 -0.003119 -0.046918
v -0.119787 0.000661 -0.045025
v -0.121178 -0.004510 -0.052186
v -0.109663 -0.001329 -0.047117
v -0.109210 0.000702 -0.047269
v -0.118002 -0.002910 -0.057313
v -0.100495 0.000290 -0.047361
v -0.104125 -0.000184 -0.048003
v -0.096491 0.001745 -0.048228
v -0.089946 0.000195 -0.052168
v -0.084976 -0.000023 -0.056767
v -0.071902 0.000857 -0.062699
v -0.077948 0.001433 -0.060725
v -0.074607 0.002290 -0.061476
v -0.073183 0.002599 -0.062414
v -0.073487 0.004946 -0.064620
v -0.080451 0.004443 -0.083256
v -0.056879 0.001831 -0.099221
v -0.053750 0.003439 -0.116175
v -0.019322 0.008160 -0.120416
v -0.012595 0.010840 -0.123247
v -0.000853 0.010567 -0.124455
v 0.000214 0.006156 -0.126687
v 0.000335 0.005944 -0.128118
v 0.000541 0.007898 -0.127682
v 0.000381 0.008309 -0.129865
v -0.000511 0.008276 -0.131555
v 0.000240 0.010708 -0.126208
v 0.000587 0.010383 -0.129294
v 0.000158 0.011958 -0.130728
v -0.005404 0.005491 -0.133842
v -0.002933 0.005789 -0.133423
v -0.128027 0.007410 -0.037621
v -0.126952 0.008893 -0.036307
v -0.130021 0.007823 -0.037470
v -0.124598 0.003127 -0.043694
v -0.125518 0.002893 -0.045242
v -0.127219 0.005500 -0.040952
v -0.127699 0.005117 -0.042874
v -0.124049 0.005692 -0.041062
v -0.125672 0.003246 -0.048720
v -0.099350 0.008107 -0.049373
v -0.102330 0.009676 -0.048074
v -0.104829 0.011415 -0.045745
v -0.102303 0.006001 -0.048367
v -0.113254 0.005688 -0.062363
v -0.096246 0.011326 -0.052321
v -0.077516 0.006949 -0.060993
v -0.073117 0.008616 -0.079780
v -0.068514 0.007855 -0.089507
v -0.061477 0.004943 -0.108215
v -0.042830 0.011675 -0.124193
v -0.033101 0.007685 -0.122698
v -0.028685 0.015210 -0.127184
v -0.004711 0.016769 -0.124239
v -0.001090 0.015938 -0.125698
v 0.000260 0.013231 -0.129741
v -0.001179 0.016117 -0.131676
v -0.000477 0.016556 -0.127815
v -0.001718 0.018956 -0.127579
v -0.001760 0.018913 -0.130097
v -0.003095 0.019743 -0.126215
v -0.004209 0.012732 -0.134587
v -0.002428 0.013967 -0.133631
v -0.129228 0.008844 -0.035878
v -0.129758 0.010647 -0.034856
v -0.128363 0.010908 -0.034518
v -0.126059 0.012233 -0.034494
v -0.131277 0.012133 -0.035193
v -0.129498 0.012666 -0.034342
v -0.128123 0.012942 -0.034096
v -0.126201 0.014926 -0.034222
v -0.131804 0.015259 -0.035693
v -0.131157 0.008130 -0.038901
v -0.131283 0.009362 -0.036701
v -0.132693 0.009848 -0.039142
v -0.132309 0.009703 -0.042219
v -0.133232 0.012678 -0.037305
v -0.121550 0.015999 -0.036265
v -0.118090 0.012460 -0.038709
v -0.123418 0.014442 -0.035106
v -0.125393 0.011598 -0.058532
v -0.106639 0.018206 -0.044220
v -0.121851 0.007980 -0.058956
v -0.119975 0.009562 -0.060869
v -0.122713 0.011580 -0.061021
v -0.118582 0.012369 -0.062089
v -0.123537 0.013607 -0.061401
v -0.122197 0.013802 -0.062019
v -0.091257 0.018529 -0.056653
v -0.100047 0.012774 -0.069004
v -0.081404 0.014048 -0.059796
v -0.073054 0.014231 -0.086643
v -0.067998 0.016272 -0.096010
v -0.047376 0.016343 -0.125081
v -0.024896 0.021530 -0.123309
v -0.004491 0.021131 -0.132664
v -0.010514 0.016710 -0.134499
v -0.009180 0.021319 -0.135861
v -0.124662 0.017078 -0.034910
v -0.127872 0.017380 -0.034674
v -0.135180 0.014459 -0.040703
v -0.136498 0.019614 -0.040858
v -0.134984 0.017009 -0.048446
v -0.136648 0.019046 -0.046294
v -0.112259 0.018277 -0.040520
v -0.115722 0.022296 -0.040862
v -0.113982 0.022635 -0.041956
v -0.130183 0.016497 -0.056128
v -0.129680 0.017789 -0.057230
v -0.108647 0.024592 -0.048587
v -0.123744 0.019453 -0.062486
v -0.104658 0.022381 -0.049392
v -0.117031 0.018054 -0.063280
v -0.112795 0.018691 -0.063984
v -0.085188 0.025486 -0.061514
v -0.093547 0.022449 -0.073469
v -0.081656 0.022624 -0.065546
v -0.086898 0.025945 -0.081178
v -0.079050 0.024903 -0.078971
v -0.061788 0.020794 -0.105407
v -0.060858 0.021798 -0.115060
v -0.053766 0.023709 -0.113323
v -0.043071 0.023191 -0.118350
v -0.037714 0.021228 -0.131376
v -0.043139 0.023908 -0.131649
v -0.007614 0.026808 -0.129758
v -0.010552 0.028811 -0.128790
v -0.013284 0.027142 -0.137465
v -0.016434 0.025080 -0.137159
v -0.130333 0.023898 -0.037631
v -0.135522 0.022749 -0.039871
v -0.136596 0.024516 -0.042121
v -0.137193 0.023786 -0.045975
v -0.136269 0.027616 -0.046271
v -0.124643 0.024549 -0.037569
v -0.133782 0.020624 -0.053832
v -0.134828 0.025111 -0.053417
v -0.116864 0.026020 -0.041393
v -0.119855 0.030234 -0.040798
v -0.112746 0.028155 -0.046634
v -0.125772 0.021468 -0.060906
v -0.124300 0.023151 -0.062961
v -0.123113 0.023184 -0.063415
v -0.106448 0.025763 -0.050333
v -0.104409 0.031095 -0.053978
v -0.116849 0.025079 -0.063432
v -0.100824 0.031619 -0.055350
v -0.100722 0.026717 -0.054416
v -0.099928 0.028201 -0.055209
v -0.094865 0.031188 -0.056880
v -0.103983 0.028713 -0.067001
v -0.084146 0.033832 -0.066262
v -0.075259 0.027584 -0.090494
v -0.068781 0.029798 -0.101175
v -0.046302 0.032932 -0.120425
v -0.049853 0.032158 -0.132460
v -0.017672 0.031178 -0.127675
v -0.018911 0.036530 -0.129485
v -0.026174 0.029457 -0.140665
v -0.031364 0.034453 -0.144253
v -0.019041 0.030905 -0.140499
v -0.018316 0.033462 -0.139707
v -0.133562 0.029721 -0.042925
v -0.134168 0.030551 -0.044353
v -0.126253 0.031412 -0.041260
v -0.133462 0.032988 -0.047615
v -0.131208 0.034714 -0.046088
v -0.132030 0.035296 -0.050422
v -0.134805 0.029208 -0.051407
v -0.116663 0.032389 -0.043234
v -0.131737 0.027569 -0.057826
v -0.127641 0.028491 -0.061367
v -0.132141 0.030667 -0.056469
v -0.124125 0.032925 -0.063618
v -0.127470 0.033581 -0.061278
v -0.114255 0.033977 -0.063163
v -0.100870 0.033454 -0.055329
v -0.099199 0.033460 -0.056133
v -0.100005 0.034577 -0.055641
v -0.098815 0.035571 -0.055752
v -0.100089 0.036444 -0.055491
v -0.096140 0.034388 -0.056342
v -0.094145 0.039164 -0.057393
v -0.101420 0.036591 -0.069778
v -0.073018 0.037459 -0.097578
v -0.057438 0.037089 -0.114970
v -0.044059 0.036056 -0.139370
v -0.047496 0.039067 -0.137992
v -0.042495 0.040120 -0.143873
v -0.021180 0.042280 -0.133023
v -0.027976 0.039063 -0.143035
v -0.036615 0.034153 -0.143644
v -0.018633 0.039468 -0.135487
v -0.023572 0.041656 -0.138949
v -0.130720 0.036869 -0.049178
v -0.126079 0.042386 -0.054341
v -0.123242 0.044064 -0.051582
v -0.129899 0.035813 -0.056272
v -0.113705 0.041545 -0.048201
v -0.123685 0.039983 -0.061955
v -0.124787 0.042150 -0.058187
v -0.108542 0.042348 -0.051660
v -0.118939 0.041603 -0.063347
v -0.103507 0.040416 -0.054807
v -0.099477 0.044427 -0.056304
v -0.109759 0.041463 -0.065118
v -0.082955 0.042049 -0.077914
v -0.080356 0.045869 -0.097496
v -0.064398 0.040892 -0.109543
v -0.057659 0.045418 -0.132906
v -0.054579 0.043391 -0.134648
v -0.047702 0.045739 -0.141868
v -0.032535 0.045255 -0.127750
v -0.035701 0.046740 -0.142463
v -0.040186 0.040927 -0.144754
v -0.038096 0.043281 -0.144509
v -0.045582 0.046992 -0.143031
v -0.040751 0.048663 -0.142587
v -0.029940 0.048458 -0.138565
v -0.123325 0.045323 -0.054326
v -0.119727 0.048424 -0.057888
v -0.106902 0.047304 -0.053497
v -0.107353 0.051038 -0.054576
v -0.112171 0.047979 -0.052349
v -0.109525 0.051577 -0.054925
v -0.113541 0.048087 -0.064515
v -0.115998 0.049800 -0.062400
v -0.109330 0.050280 -0.067109
v -0.098499 0.053874 -0.058240
v -0.090134 0.054010 -0.067190
v -0.062672 0.049975 -0.127914
v -0.059839 0.052586 -0.135994
v -0.057153 0.049067 -0.136635
v -0.056729 0.052387 -0.138784
v -0.042672 0.052646 -0.125245
v -0.046704 0.051656 -0.141289
v -0.033249 0.052644 -0.132328
v -0.036956 0.056062 -0.135120
v -0.034960 0.053289 -0.137583
v -0.031233 0.051293 -0.136575
v -0.111378 0.054191 -0.057326
v -0.111647 0.055043 -0.062283
v -0.102318 0.055579 -0.057050
v -0.101310 0.057935 -0.058739
v -0.106015 0.057279 -0.057795
v -0.104080 0.059846 -0.060023
v -0.107723 0.058542 -0.060770
v -0.108452 0.055474 -0.067872
v -0.094466 0.056008 -0.062302
v -0.099565 0.055712 -0.078138
v -0.083429 0.060168 -0.084138
v -0.070068 0.055133 -0.103450
v -0.066295 0.055127 -0.123579
v -0.063685 0.055010 -0.130652
v -0.051546 0.057956 -0.120940
v -0.063225 0.058082 -0.132409
v -0.061233 0.059589 -0.133130
v -0.058989 0.054651 -0.137305
v -0.056323 0.054766 -0.138273
v -0.043319 0.058230 -0.127429
v -0.042213 0.057265 -0.136579
v -0.103325 0.062579 -0.066048
v -0.099712 0.063136 -0.065028
v -0.091473 0.062749 -0.068537
v -0.101063 0.061147 -0.076628
v -0.100545 0.063421 -0.075837
v -0.088700 0.063687 -0.072380
v -0.092076 0.066780 -0.072612
v -0.089287 0.067169 -0.075023
v -0.086216 0.066332 -0.080495
v -0.093705 0.064844 -0.089654
v -0.083062 0.068363 -0.088347
v -0.084073 0.065527 -0.103588
v -0.075689 0.066372 -0.098691
v -0.063600 0.063227 -0.112009
v -0.059028 0.065428 -0.117434
v -0.066598 0.065006 -0.123528
v -0.063739 0.066380 -0.124919
v -0.066242 0.060968 -0.125608
v -0.064478 0.062629 -0.127461
v -0.056097 0.066729 -0.122957
v -0.056246 0.067311 -0.124582
v -0.058279 0.066338 -0.127489
v -0.054692 0.066306 -0.127733
v -0.059436 0.068161 -0.124558
v -0.048402 0.063380 -0.129383
v -0.053936 0.064223 -0.130528
v -0.092162 0.069154 -0.077459
v -0.095410 0.067840 -0.082778
v -0.093363 0.069591 -0.080503
v -0.088075 0.069487 -0.081928
v -0.092607 0.069919 -0.085586
v -0.090044 0.070290 -0.082751
v -0.087689 0.071024 -0.086235
v -0.084784 0.070260 -0.087429
v -0.087828 0.071718 -0.090750
v -0.089096 0.070476 -0.092987
v -0.083632 0.069472 -0.104115
v -0.076900 0.071358 -0.100751
v -0.077032 0.073131 -0.103910
v -0.080029 0.073125 -0.100795
v -0.081074 0.072936 -0.102430
v -0.078513 0.073406 -0.104852
v -0.079848 0.072626 -0.105725
v -0.076084 0.073317 -0.107768
v -0.076791 0.073090 -0.108386
v -0.078899 0.071683 -0.108623
v -0.071479 0.072464 -0.112156
v -0.074262 0.072742 -0.111297
v -0.075949 0.069289 -0.113224
v -0.073720 0.071614 -0.113723
v -0.075585 0.072219 -0.111316
v -0.064970 0.070523 -0.117600
v -0.069370 0.071493 -0.112183
v -0.070312 0.069258 -0.118510
v -0.065681 0.070766 -0.118389
v -0.066472 0.070082 -0.119985
v -0.070790 0.071597 -0.115777
v -0.068206 -0.127338 -0.030085
v -0.053855 -0.124812 -0.027438
v -0.085579 -0.129676 -0.036019
v -0.079380 -0.128850 -0.032489
v -0.095535 -0.124798 -0.040591
v -0.079467 -0.109940 -0.042305
v -0.076336 -0.109083 -0.045020
v -0.076336 -0.109083 -0.045020
v -0.068804 -0.113469 -0.043202
v -0.075020 -0.113639 -0.048417
v -0.046537 -0.104341 -0.024338
v -0.060027 -0.110766 -0.036751
v -0.077596 -0.105980 -0.048242
v -0.086151 -0.106613 -0.077166
v -0.035330 -0.098030 -0.027597
v -0.073320 -0.097562 -0.054550
v -0.012291 -0.079322 -0.005291
v -0.035073 -0.090456 -0.029148
v -0.015459 -0.085956 -0.037293
v -0.070052 -0.091903 -0.052481
v -0.061836 -0.087309 -0.056390
v -0.107834 -0.091532 -0.069834
v -0.067504 -0.082054 -0.066346
v -0.081257 -0.089483 -0.077740
v -0.080556 -0.087843 -0.080946
v -0.053033 -0.081825 -0.058527
v -0.067379 -0.085789 -0.068078
v -0.050035 -0.081733 -0.059637
v -0.018011 -0.074276 -0.037866
v -0.018011 -0.074276 -0.037866
v -0.067696 -0.076022 -0.063285
v -0.081302 -0.083810 -0.083082
v -0.085496 -0.082356 -0.085172
v -0.085859 -0.079157 -0.088400
v -0.085859 -0.079157 -0.088400
v -0.085859 -0.079157 -0.088400
v -0.037031 -0.069265 -0.044196
v -0.034834 -0.074832 -0.077593
v -0.033508 -0.067826 -0.081069
v -0.033312 -0.062476 -0.084626
v -0.104002 -0.067040 -0.045843
v -0.103526 -0.065849 -0.045314
v -0.101809 -0.063800 -0.045439
v -0.103035 -0.062543 -0.046422
v -0.056683 -0.058869 -0.061241
v -0.087327 -0.070249 -0.092296
v -0.084204 -0.067883 -0.092298
v -0.033946 -0.060619 -0.086889
v -0.034670 -0.058954 -0.089267
v -0.035449 -0.056138 -0.094142
v -0.101378 -0.060300 -0.047061
v -0.101378 -0.060300 -0.047061
v -0.098747 -0.058427 -0.049462
v -0.097757 -0.056267 -0.052012
v -0.034947 -0.053970 -0.095569
v -0.035070 -0.048945 -0.099224
v -0.095169 -0.050897 -0.055039
v -0.078499 -0.054943 -0.099573
v -0.077036 -0.052877 -0.101002
v -0.075156 -0.051866 -0.102541
v -0.071615 -0.050640 -0.105198
v -0.052917 -0.047260 -0.105608
v -0.052917 -0.047260 -0.105608
v -0.048650 -0.045079 -0.107187
v -0.032896 -0.046093 -0.095102
v -0.042434 -0.050314 -0.104229
v -0.043453 -0.048917 -0.105299
v -0.045063 -0.048038 -0.105817
v -0.045063 -0.048038 -0.105817
v -0.025410 -0.028030 -0.110157
v -0.082674 -0.026612 -0.062053
v -0.084335 -0.027999 -0.062896
v -0.105102 -0.022639 -0.046348
v -0.105102 -0.022639 -0.046348
v -0.108081 -0.020987 -0.045758
v -0.110177 -0.019970 -0.046916
v -0.101059 -0.022845 -0.047024
v -0.089100 -0.018118 -0.049307
v -0.083730 -0.016331 -0.050546
v -0.020361 -0.013514 -0.120613
v -0.011020 -0.005234 -0.127457
v -0.007740 -0.003101 -0.130209
v -0.124347 0.000976 -0.046628
v -0.124598 0.003127 -0.043694
v -0.125518 0.002893 -0.045242
v -0.081404 0.014048 -0.059796
v -0.009180 0.021319 -0.135861
v -0.013284 0.027142 -0.137465
v -0.115998 0.049800 -0.062400
v -0.104080 0.059846 -0.060023
v -0.058989 0.054651 -0.137305
vn -0.3195 -0.7980 0.5110
vn -0.5479 -0.5621 0.6195
vn -0.2612 -0.9068 0.3310
vn -0.0300 -0.9202 0.3903
vn 0.3581 -0.9239 -0.1349
vn 0.2900 -0.9522 -0.0956
vn -0.0809 -0.7826 0.6173
vn -0.1095 -0.7644 0.6354
vn 0.4543 -0.8522 -0.2596
vn 0.6191 -0.6160 -0.4870
vn 0.1204 -0.9926 -0.0157
vn 0.3278 -0.8800 -0.3436
vn -0.1441 -0.9893 -0.0232
vn 0.3868 -0.8157 -0.4301
vn 0.0992 -0.9059 0.4117
vn 0.1100 -0.9825 0.1504
vn 0.3584 -0.9248 0.1279
vn 0.2877 -0.9574 -0.0247
vn 0.5940 -0.7290 -0.3400
vn -0.5001 -0.1222 0.8573
vn -0.4675 -0.0947 0.8789
vn -0.5013 0.1586 0.8506
vn -0.5157 0.3252 0.7926
vn -0.5312 0.2552 0.8079
vn -0.5540 -0.3629 0.7493
vn -0.4588 -0.8555 0.2401
vn -0.7121 -0.5744 0.4038
vn -0.6255 -0.7719 0.1139
vn -0.2861 -0.9469 -0.1467
vn -0.3193 -0.4750 0.8200
vn -0.5119 0.1856 0.8388
vn -0.1479 -0.9178 -0.3685
vn -0.0424 -0.8531 -0.5200
vn -0.5724 -0.7970 -0.1926
vn -0.7816 -0.6237 0.0030
vn -0.4816 -0.7362 -0.4754
vn -0.4020 -0.2201 0.8888
vn -0.1782 -0.7090 0.6824
vn -0.2393 -0.4306 0.8702
vn -0.3783 -0.1792 0.9082
vn -0.5127 0.3798 0.7700
vn 0.6917 -0.5650 -0.4498
vn 0.7220 -0.3115 -0.6178
vn 0.4488 -0.7444 -0.4944
vn -0.0083 -0.6907 0.7231
vn 0.0535 -0.7463 0.6635
vn -0.3957 -0.2624 0.8801
vn 0.2103 -0.8442 0.4930
vn 0.4892 -0.8652 0.1101
vn -0.0506 -0.7133 0.6990
vn -0.0862 -0.5879 0.8043
vn 0.3800 -0.8864 0.2644
vn -0.6134 0.3520 0.7069
vn 0.4765 -0.5302 -0.7013
vn 0.4625 -0.6529 -0.5998
vn 0.5211 -0.8434 -0.1310
vn 0.5299 -0.8471 -0.0404
vn 0.3567 -0.8402 0.4083
vn 0.6237 -0.7692 -0.1391
vn 0.6273 -0.6025 -0.4935
vn 0.6340 -0.4280 -0.6442
vn 0.5873 -0.4148 -0.6950
vn 0.5443 -0.1957 -0.8157
vn -0.7448 -0.1726 0.6445
vn -0.6889 0.1821 0.7016
vn -0.4358 0.3922 0.8101
vn -0.8312 -0.5024 0.2380
vn -0.8547 -0.2381 0.4614
vn -0.8924 -0.4506 -0.0252
vn -0.7381 -0.6178 -0.2710
vn -0.2452 0.4797 0.8425
vn -0.4969 0.5079 0.7036
vn -0.5083 0.7075 0.4909
vn -0.4099 0.7857 0.4633
vn 0.8552 -0.3374 -0.3934
vn 0.8115 -0.4129 -0.4136
vn 0.7681 -0.5070 -0.3912
vn -0.3113 -0.6209 -0.7194
vn 0.1322 -0.7363 -0.6637
vn -0.6798 0.2403 0.6929
vn -0.6503 0.6662 0.3650
vn 0.6074 -0.2922 -0.7387
vn 0.6168 -0.1400 -0.7746
vn 0.6773 -0.5308 -0.5094
vn 0.0287 -0.5256 0.8502
vn 0.4006 -0.6317 0.6637
vn -0.4372 -0.0681 0.8968
vn 0.5392 -0.2744 -0.7962
vn 0.4517 0.1139 -0.8849
vn 0.4355 0.3001 -0.8487
vn 0.1191 0.5769 -0.8081
vn 0.6177 -0.7707 0.1565
vn 0.6214 -0.5118 0.5933
vn 0.5859 -0.7877 0.1905
vn 0.2721 -0.3969 0.8766
vn 0.5554 -0.7316 -0.3953
vn 0.3321 -0.7258 -0.6024
vn 0.2926 -0.4302 -0.8540
vn 0.2524 0.1360 -0.9580
vn 0.3862 -0.2845 -0.8775
vn 0.4764 -0.8066 -0.3499
vn -0.8932 -0.0856 0.4414
vn -0.9286 -0.3052 0.2113
vn -0.8257 0.1315 0.5486
vn -0.6196 0.2962 0.7269
vn -0.9560 -0.0976 0.2768
vn -0.4398 0.5739 0.6908
vn 0.2076 0.5799 0.7878
vn -0.7816 -0.4835 -0.3941
vn -0.5924 -0.5549 -0.5841
vn 0.1128 0.9876 0.1088
vn -0.3222 0.8232 0.4674
vn -0.1294 0.9911 0.0314
vn -0.2461 0.8257 0.5076
vn -0.1740 0.7738 0.6091
vn 0.6633 0.6583 -0.3560
vn 0.7728 0.6278 -0.0933
vn 0.0235 0.9453 0.3254
vn 0.4075 0.6864 0.6023
vn 0.3751 0.6675 0.6433
vn -0.5545 -0.3180 -0.7690
vn -0.4454 0.8950 0.0232
vn -0.3738 0.9015 0.2179
vn -0.1550 0.9668 -0.2031
vn 0.0106 0.9609 -0.2768
vn 0.3655 0.5706 -0.7354
vn 0.4341 0.5732 -0.6950
vn 0.3728 0.8230 -0.4285
vn 0.6630 -0.1311 -0.7370
vn 0.7804 0.3729 -0.5019
vn 0.8621 0.4586 -0.2153
vn 0.9765 0.0032 -0.2154
vn 0.8745 -0.3543 -0.3313
vn 0.8391 -0.2255 -0.4950
vn 0.5670 -0.4050 -0.7172
vn 0.1754 -0.5845 -0.7922
vn -0.2298 -0.3432 -0.9107
vn -0.0799 -0.2023 0.9761
vn 0.0161 -0.0996 0.9949
vn -0.3913 0.1137 0.9132
vn -0.7077 0.3003 0.6395
vn -0.7447 0.5301 0.4054
vn -0.8048 0.5063 0.3096
vn -0.7001 0.6359 0.3249
vn -0.6628 0.7358 0.1392
vn -0.2002 0.8420 -0.5009
vn -0.4928 0.7080 -0.5058
vn -0.3513 0.7397 -0.5739
vn -0.1367 0.5479 -0.8253
vn 0.0003 0.2138 -0.9769
vn -0.4677 0.5073 -0.7238
vn 0.1267 0.7582 -0.6396
vn -0.6047 0.2711 -0.7489
vn 0.0369 0.0002 -0.9993
vn -0.4103 -0.0283 -0.9115
vn -0.0018 -0.3946 -0.9189
vn 0.1366 -0.6128 -0.7784
vn 0.5066 -0.8606 -0.0528
vn 0.3036 -0.9042 -0.3003
vn 0.2930 -0.8621 -0.4133
vn -0.5250 0.2965 0.7978
vn -0.9546 -0.2893 -0.0705
vn -0.7003 0.2555 0.6666
vn -0.8579 -0.2551 -0.4461
vn 0.5479 0.5137 0.6603
vn 0.3869 0.3506 0.8529
vn 0.8111 0.0387 0.5837
vn -0.0668 0.3089 0.9487
vn 0.9877 0.1418 0.0655
vn 0.9502 -0.3105 0.0260
vn 0.8580 -0.3412 0.3839
vn 0.1133 -0.3947 -0.9118
vn 0.1052 -0.1907 -0.9760
vn -0.2606 -0.0913 -0.9611
vn -0.6723 0.4636 0.5771
vn -0.7979 0.5848 0.1463
vn -0.7553 0.6231 0.2032
vn 0.8146 -0.2661 -0.5153
vn 0.7712 -0.2179 -0.5982
vn 0.5485 -0.1095 -0.8289
vn 0.2972 -0.1844 -0.9368
vn 0.0339 -0.0216 0.9992
vn -0.3714 0.3849 0.8449
vn 0.3408 -0.3103 0.8874
vn -0.7427 0.6677 0.0511
vn -0.6778 0.7123 0.1822
vn -0.7389 0.6674 0.0932
vn -0.8416 0.5398 -0.0176
vn -0.6471 -0.3205 -0.6917
vn -0.3455 -0.5401 -0.7674
vn 0.2869 -0.8087 -0.5135
vn 0.0082 -0.7121 -0.7020
vn -0.3264 -0.7445 -0.5823
vn -0.7267 -0.4974 -0.4738
vn 0.5291 -0.2523 0.8102
vn 0.2821 -0.0647 0.9572
vn 0.7147 -0.1364 0.6860
vn 0.8390 -0.1791 0.5138
vn 0.2610 -0.8346 -0.4850
vn 0.0677 -0.8081 -0.5852
vn 0.6976 -0.6531 0.2947
vn 0.8400 -0.4980 0.2153
vn 0.8202 -0.4276 0.3800
vn 0.9402 -0.2147 0.2645
vn 0.6890 -0.7237 -0.0397
vn 0.3635 -0.9132 -0.1843
vn 0.3330 -0.8284 -0.4504
vn 0.9882 -0.1515 0.0230
vn 0.8795 -0.4630 -0.1098
vn 0.9688 -0.0850 -0.2327
vn 0.5598 -0.7514 -0.3494
vn 0.5933 -0.4912 -0.6378
vn 0.8216 -0.3743 -0.4300
vn 0.7504 -0.0320 -0.6602
vn -0.9128 0.1250 0.3887
vn -0.8521 0.2613 0.4536
vn -0.9975 -0.0626 -0.0339
vn -0.3335 0.2238 0.9158
vn -0.5196 0.1319 0.8442
vn -0.6069 -0.0740 -0.7913
vn -0.9035 0.0512 -0.4255
vn -0.6358 0.0368 -0.7709
vn 0.6374 -0.0742 0.7669
vn 0.1953 0.2600 0.9457
vn 0.6792 -0.3648 0.6369
vn 0.8007 -0.4733 0.3671
vn 0.3253 -0.0206 0.9454
vn 0.2606 -0.0746 0.9626
vn 0.1179 0.0672 0.9908
vn 0.7149 -0.6834 0.1481
vn 0.6002 -0.5960 0.5334
vn 0.8338 -0.4989 -0.2362
vn 0.8025 -0.4838 -0.3493
vn 0.8025 -0.5686 -0.1808
vn 0.7327 -0.6007 -0.3198
vn 0.6937 -0.4483 -0.5638
vn 0.5966 -0.5613 -0.5736
vn 0.5601 -0.7482 -0.3556
vn 0.7783 -0.1734 -0.6035
vn -0.3105 0.7084 0.6339
vn -0.6169 0.7128 0.3338
vn -0.5299 0.8406 0.1123
vn -0.6495 0.7587 0.0508
vn -0.6469 0.7625 -0.0091
vn -0.7655 0.5425 0.3459
vn -0.3706 0.7577 0.5371
vn 0.0377 0.1987 0.9793
vn 0.2932 0.4084 0.8644
vn 0.0175 0.3961 0.9181
vn -0.3052 0.9287 0.2108
vn -0.2360 0.9713 0.0295
vn -0.5047 0.8630 0.0227
vn -0.0130 0.9948 0.1009
vn 0.0120 0.9081 0.4187
vn -0.5156 0.8155 0.2631
vn -0.9366 0.3488 -0.0343
vn -0.9888 -0.0970 -0.1136
vn -0.9173 0.2619 0.2999
vn -0.6405 0.5476 0.5385
vn 0.5059 0.0810 0.8588
vn 0.5888 0.4517 0.6703
vn 0.3062 0.8497 0.4293
vn 0.5683 0.7288 0.3820
vn 0.3326 0.9334 0.1349
vn -0.4174 -0.8417 -0.3426
vn 0.1877 -0.8767 -0.4430
vn 0.7521 0.3211 0.5755
vn 0.9414 0.0701 0.3298
vn 0.9913 0.0811 0.1032
vn 0.8222 0.3646 0.4372
vn 0.8996 0.3903 0.1960
vn 0.9236 0.3816 -0.0363
vn 0.7286 0.6326 0.2626
vn 0.7555 0.6541 0.0372
vn 0.5627 0.8197 0.1070
vn 0.4741 0.8739 -0.1076
vn 0.5626 0.7765 -0.2837
vn 0.2218 0.9725 -0.0714
vn 0.1366 0.9886 -0.0627
vn 0.5481 0.8193 -0.1686
vn 0.3536 -0.7668 -0.5356
vn 0.4537 -0.8211 -0.3464
vn -0.1148 -0.9719 -0.2055
vn 0.9554 0.2356 -0.1781
vn 0.8013 0.4834 -0.3524
vn 0.7577 0.6274 -0.1795
vn 0.8726 0.1366 -0.4689
vn 0.7218 0.4589 -0.5181
vn 0.7494 0.2500 -0.6131
vn 0.7253 -0.2557 -0.6393
vn 0.9105 0.0361 -0.4120
vn 0.6502 -0.5119 -0.5614
vn -0.9727 0.2005 0.1166
vn -0.1379 0.0066 0.9904
vn -0.7030 -0.0786 0.7069
vn -0.2636 -0.1640 0.9506
vn -0.0155 0.1534 0.9880
vn -0.3738 -0.0816 -0.9239
vn -0.3664 -0.1726 -0.9143
vn -0.3308 -0.0473 -0.9425
vn 0.5491 -0.7320 0.4033
vn 0.6238 -0.7797 0.0542
vn 0.4079 -0.4514 -0.7937
vn 0.6571 -0.4766 -0.5840
vn 0.7103 -0.6644 -0.2325
vn 0.5498 -0.5962 -0.5850
vn 0.3136 -0.8725 -0.3748
vn -0.0198 -0.1365 -0.9904
vn 0.4665 -0.3815 -0.7981
vn 0.1185 -0.2162 -0.9691
vn -0.5092 -0.2603 -0.8203
vn 0.1493 -0.4060 0.9016
vn 0.5643 -0.2755 -0.7783
vn 0.1807 -0.2762 -0.9440
vn 0.7363 -0.6644 -0.1284
vn 0.8026 -0.4837 -0.3490
vn 0.8579 -0.5036 -0.1018
vn 0.9238 -0.0541 -0.3790
vn 0.5373 -0.8198 -0.1983
vn 0.1699 -0.9068 -0.3859
vn 0.2198 -0.9472 -0.2335
vn 0.0945 -0.9631 -0.2521
vn 0.5596 -0.7314 -0.3898
vn 0.4216 -0.7538 -0.5040
vn 0.7048 -0.2549 -0.6621
vn 0.7629 0.1193 -0.6354
vn 0.7360 0.2338 -0.6353
vn 0.6968 -0.1489 -0.7017
vn 0.2974 -0.7596 -0.5784
vn -0.1704 -0.9127 -0.3713
vn -0.1592 -0.9657 -0.2051
vn 0.0543 -0.8874 -0.4578
vn 0.4434 -0.5354 -0.7188
vn -0.6146 0.4588 0.6416
vn -0.8622 -0.4879 -0.1362
vn -0.9891 -0.0217 0.1457
vn 0.0232 0.7762 0.6300
vn -0.0381 0.9012 0.4317
vn -0.5977 -0.7988 0.0684
vn -0.9257 -0.3534 0.1351
vn -0.1486 -0.9049 0.3990
vn -0.1579 -0.9811 -0.1122
vn -0.0793 -0.9906 0.1115
vn -0.0224 0.9781 0.2070
vn 0.2925 0.8889 0.3525
vn 0.0834 -0.9884 -0.1273
vn -0.2652 -0.9578 0.1106
vn -0.4923 -0.8218 0.2867
vn -0.6656 -0.6127 0.4262
vn -0.4457 -0.6968 0.5620
vn -0.3366 -0.8539 0.3968
vn -0.6902 -0.4649 0.5546
vn 0.1133 -0.9681 -0.2236
vn -0.1689 -0.8815 -0.4409
vn 0.7946 0.5382 -0.2811
vn 0.8083 -0.3570 -0.4683
vn 0.0382 -0.0275 0.9989
vn 0.0711 -0.0812 0.9942
vn -0.9122 -0.0135 0.4095
vn -0.8894 0.2153 0.4031
vn -0.9210 0.3712 0.1181
vn -0.9053 0.4227 0.0416
vn -0.9353 0.3508 -0.0457
vn -0.7407 0.1275 -0.6596
vn -0.8552 0.3425 -0.3890
vn 0.0960 0.0635 0.9933
vn -0.3328 -0.2040 -0.9207
vn -0.5782 -0.2709 -0.7696
vn -0.5905 -0.2031 -0.7811
vn -0.5378 -0.1524 -0.8292
vn 0.0059 -0.4832 -0.8755
vn -0.2700 -0.0140 -0.9628
vn -0.0848 -0.1605 -0.9834
vn -0.3630 -0.4652 -0.8074
vn -0.2794 0.0782 -0.9570
vn -0.3337 -0.2617 -0.9056
vn 0.0819 -0.0549 0.9951
vn -0.1094 0.1153 0.9873
vn 0.8814 -0.2062 -0.4251
vn 0.5891 0.0677 -0.8052
vn 0.8740 0.1886 -0.4479
vn 0.7474 0.3524 -0.5632
vn 0.6412 0.3414 -0.6873
vn 0.5428 0.3815 -0.7482
vn 0.7896 0.2444 -0.5629
vn -0.1381 -0.8008 -0.5828
vn -0.0474 -0.7608 -0.6472
vn 0.6479 -0.1539 -0.7460
vn -0.0272 -0.7376 -0.6746
vn 0.4818 -0.3389 -0.8081
vn -0.2259 -0.6689 -0.7082
vn -0.5962 -0.5568 -0.5784
vn 0.1419 -0.6561 -0.7412
vn 0.2096 -0.8947 0.3944
vn -0.1933 -0.6426 0.7414
vn 0.3234 -0.8018 -0.5025
vn 0.2965 -0.9419 -0.1580
vn -0.0107 -0.3215 -0.9468
vn 0.1567 -0.7765 -0.6104
vn 0.1825 -0.9828 -0.0289
vn -0.0434 -0.9964 0.0728
vn 0.0076 -0.9666 0.2563
vn -0.1183 -0.6752 -0.7281
vn -0.4472 -0.3956 -0.8022
vn -0.3374 -0.6793 -0.6517
vn -0.0438 -0.5352 -0.8436
vn -0.2335 -0.5451 -0.8052
vn -0.3222 -0.2170 -0.9215
vn 0.9980 0.0507 -0.0374
vn -0.9421 -0.0722 0.3275
vn -0.2130 0.5314 0.8199
vn -0.7594 0.0998 0.6429
vn -0.8806 -0.0769 0.4676
vn -0.6947 -0.0186 0.7191
vn -0.1977 -0.2988 0.9336
vn -0.0349 -0.1301 0.9909
vn -0.4784 -0.6393 -0.6021
vn -0.5982 -0.1676 -0.7837
vn -0.6200 0.0052 -0.7846
vn -0.5485 -0.6026 -0.5797
vn -0.4777 -0.5559 -0.6803
vn -0.7210 -0.2340 -0.6523
vn -0.7849 0.0151 -0.6194
vn -0.8159 -0.0549 -0.5755
vn -0.7741 0.0048 -0.6331
vn 0.9582 0.2164 -0.1873
vn 0.7978 0.5933 0.1074
vn 0.9326 -0.0377 -0.3588
vn 0.9306 -0.1889 -0.3135
vn 0.6361 -0.5788 -0.5103
vn 0.1965 -0.8447 -0.4980
vn 0.3726 -0.6440 -0.6682
vn -0.7041 -0.1793 -0.6871
vn 0.1041 -0.2360 0.9662
vn -0.2657 -0.4207 0.8674
vn -0.6478 -0.4147 0.6391
vn -0.8931 -0.2610 0.3664
vn -0.9625 0.1801 0.2028
vn -0.9829 0.1842 -0.0021
vn -0.9878 -0.0576 0.1448
vn -0.8182 0.5226 -0.2398
vn -0.8029 0.5225 -0.2870
vn -0.8035 0.2986 -0.5150
vn -0.5709 -0.0032 -0.8210
vn -0.6588 0.3679 -0.6562
vn -0.4435 0.1132 -0.8891
vn -0.6627 0.6092 -0.4356
vn -0.4892 0.4787 -0.7291
vn -0.7323 0.4747 -0.4882
vn -0.4513 0.0684 -0.8897
vn -0.4552 0.4214 -0.7843
vn -0.6189 -0.1398 -0.7729
vn -0.5034 0.2140 -0.8371
vn -0.7273 0.0788 -0.6818
vn -0.6087 0.3677 -0.7030
vn -0.9009 -0.1512 -0.4069
vn -0.7656 -0.4245 -0.4834
vn -0.8000 0.1716 -0.5750
vn 0.7401 0.2840 -0.6096
vn 0.4099 0.0693 -0.9095
vn 0.1355 -0.0392 -0.9900
vn 0.5936 0.0822 -0.8006
vn 0.6809 0.3309 -0.6533
vn -0.2019 -0.1049 -0.9738
vn 0.7724 0.2216 -0.5952
vn 0.8971 0.0377 -0.4403
vn 0.1091 -0.6999 -0.7059
vn 0.8468 -0.1596 -0.5074
vn -0.8509 -0.3298 -0.4088
vn -0.7292 -0.4631 -0.5038
vn -0.2121 0.0381 0.9765
vn -0.1005 0.4829 0.8699
vn -0.3691 0.1148 0.9223
vn -0.4019 -0.0375 -0.9149
vn -0.3305 -0.1914 -0.9242
vn 0.4172 0.7385 0.5297
vn 0.6473 0.7386 0.1881
vn -0.5491 -0.0711 -0.8327
vn -0.8435 -0.0150 -0.5369
vn -0.7448 -0.2909 -0.6005
vn 0.9755 0.0340 -0.2174
vn -0.5487 -0.2988 -0.7808
vn 0.6071 -0.3770 -0.6995
vn 0.1998 -0.4858 -0.8509
vn 0.8359 -0.2899 -0.4660
vn -0.3277 -0.6223 0.7109
vn -0.6239 -0.6698 0.4026
vn -0.6714 -0.7015 0.2389
vn -0.9313 -0.3531 -0.0900
vn 0.3195 0.0015 0.9476
vn 0.2437 -0.3694 0.8967
vn 0.4318 0.0173 0.9018
vn -0.7468 -0.5531 0.3693
vn -0.9182 -0.3758 0.1252
vn -0.9827 0.1032 -0.1536
vn -0.9132 0.0432 -0.4053
vn -0.8696 0.3196 -0.3764
vn -0.9160 0.2077 -0.3432
vn 0.0784 0.2077 0.9750
vn -0.9164 0.0457 -0.3977
vn -0.1402 0.3048 0.9420
vn 0.0881 -0.0849 -0.9925
vn -0.0500 -0.3222 -0.9454
vn 0.8266 0.1572 -0.5404
vn 0.7670 -0.1661 -0.6197
vn 0.8840 -0.1303 -0.4489
vn 0.8787 -0.3685 -0.3035
vn 0.7958 -0.5402 -0.2735
vn 0.8617 -0.2906 -0.4159
vn 0.9314 -0.2262 -0.2853
vn 0.9348 -0.2712 -0.2296
vn -0.8779 -0.1167 -0.4644
vn 0.6467 -0.2061 -0.7344
vn 0.6804 -0.2401 -0.6924
vn 0.3543 -0.4621 -0.8130
vn 0.2643 -0.3496 -0.8989
vn 0.2897 -0.3831 -0.8771
vn -0.9348 -0.0330 -0.3535
vn -0.1219 -0.2287 -0.9658
vn -0.0119 -0.4614 -0.8871
vn -0.6378 -0.4124 -0.6504
vn -0.5325 -0.5111 -0.6747
vn -0.8281 -0.3093 -0.4676
vn -0.5915 -0.6981 -0.4034
vn 0.9496 0.2993 -0.0935
vn -0.5809 -0.3730 -0.7235
vn -0.6308 -0.5410 -0.5563
vn 0.9304 -0.0252 -0.3656
vn 0.8914 -0.1465 -0.4288
vn 0.6569 -0.3589 -0.6631
vn -0.3348 -0.6588 -0.6737
vn -0.5236 -0.7069 -0.4756
vn 0.6795 -0.5241 -0.5134
vn -0.0100 -0.4113 0.9115
vn -0.3244 -0.4282 0.8434
vn 0.3585 0.1127 0.9267
vn 0.0120 -0.1415 0.9899
vn -0.9607 -0.1125 0.2539
vn -0.9794 -0.1901 -0.0687
vn -0.7371 0.2163 0.6402
vn -0.9399 0.2315 0.2509
vn -0.3168 0.3730 0.8721
vn -0.3413 0.3995 0.8508
vn -0.9258 0.1097 -0.3618
vn -0.2512 0.4323 0.8661
vn 0.3569 0.4004 0.8440
vn 0.4628 0.3443 0.8169
vn -0.8649 0.3753 -0.3333
vn -0.8839 0.4466 0.1387
vn -0.8372 0.5461 -0.0285
vn -0.7647 0.6444 -0.0025
vn 0.2657 0.3790 0.8864
vn 0.0513 -0.5851 -0.8093
vn 0.3175 -0.6880 -0.6526
vn 0.3988 -0.3447 -0.8498
vn 0.6947 -0.5516 -0.4616
vn 0.6465 -0.7286 -0.2264
vn 0.2723 -0.8309 -0.4852
vn 0.7377 -0.4637 -0.4907
vn 0.6808 -0.7128 -0.1685
vn 0.6120 -0.5770 -0.5409
vn 0.7053 -0.5184 -0.4835
vn 0.7620 -0.5722 -0.3033
vn -0.7670 -0.0125 -0.6416
vn -0.8032 0.1175 -0.5840
vn -0.2033 -0.0427 -0.9782
vn -0.1903 0.0021 -0.9817
vn -0.4638 -0.0538 -0.8843
vn 0.2063 -0.4621 -0.8625
vn 0.0877 -0.7601 -0.6439
vn -0.4398 -0.5490 -0.7107
vn -0.0345 -0.8799 -0.4740
vn -0.0324 -0.8926 -0.4497
vn 0.2471 -0.8633 -0.4401
vn 0.4709 -0.7159 -0.5155
vn 0.8577 -0.4546 -0.2403
vn 0.6908 -0.5398 -0.4810
vn 0.1198 0.4399 0.8900
vn -0.4854 -0.1797 -0.8556
vn -0.7221 -0.2855 -0.6301
vn -0.5656 -0.6565 -0.4990
vn -0.3599 -0.8296 -0.4268
vn -0.3433 -0.8273 -0.4446
vn -0.1255 -0.9268 -0.3541
vn 0.7897 0.5874 0.1768
vn -0.7333 -0.5959 -0.3274
vn -0.5231 -0.8139 -0.2530
vn 0.9100 0.4145 -0.0125
vn 0.9702 0.0042 -0.2424
vn -0.7015 -0.6337 -0.3262
vn 0.7617 -0.4680 -0.4481
vn -0.5636 -0.7521 -0.3416
vn 0.4447 -0.6913 -0.5695
vn -0.5845 -0.7787 -0.2280
vn -0.4160 -0.8645 -0.2822
vn -0.3184 -0.8997 -0.2985
vn 0.7335 -0.4914 -0.4696
vn -0.6769 0.7327 0.0701
vn 0.2749 0.5694 0.7747
vn -0.5484 0.8023 0.2358
vn -0.7686 0.6103 0.1918
vn 0.1030 0.6238 0.7748
vn 0.1205 0.3727 0.9201
vn -0.9595 0.2606 -0.1071
vn -0.8973 0.4172 0.1441
vn 0.1450 0.2207 0.9645
vn -0.0271 0.3070 0.9513
vn -0.9502 0.1830 -0.2525
vn 0.5168 -0.6520 -0.5547
vn 0.4464 -0.8143 -0.3709
vn 0.6122 -0.7195 -0.3280
vn 0.6340 -0.7660 -0.1065
vn 0.7718 -0.6263 -0.1101
vn 0.7160 -0.6734 -0.1840
vn -0.4393 -0.1743 -0.8812
vn 0.2898 -0.6463 -0.7059
vn -0.0692 -0.5084 -0.8583
vn -0.6468 0.1113 -0.7545
vn -0.5441 -0.0385 -0.8381
vn 0.4413 0.6782 0.5877
vn 0.3953 0.5485 0.7368
vn 0.7784 0.5740 0.2542
vn 0.6540 0.6719 0.3476
vn -0.3093 -0.9303 -0.1972
vn -0.5491 -0.8328 -0.0700
vn 0.9895 0.0842 0.1172
vn 0.8786 0.4173 0.2325
vn 0.8495 -0.3178 -0.4211
vn -0.3739 -0.9239 -0.0816
vn 0.4422 -0.6392 -0.6292
vn 0.7443 -0.3173 -0.5877
vn 0.7761 -0.3050 -0.5519
vn 0.6963 -0.1689 -0.6976
vn 0.6349 -0.1870 -0.7496
vn 0.9174 -0.2192 -0.3322
vn 0.2471 -0.5536 -0.7953
vn 0.5315 -0.2188 -0.8183
vn -0.7225 0.5495 0.4195
vn -0.5924 0.5425 0.5956
vn 0.0077 0.4799 0.8773
vn -0.4539 0.4726 0.7554
vn -0.0395 0.2181 0.9751
vn -0.9215 0.3878 -0.0231
vn 0.1726 0.2060 0.9632
vn 0.1629 0.0475 0.9855
vn -0.8590 0.2311 -0.4569
vn 0.1633 -0.9064 -0.3895
vn 0.3848 -0.9027 -0.1927
vn 0.5117 -0.8578 0.0485
vn 0.6470 -0.7625 -0.0085
vn 0.4945 -0.8166 -0.2977
vn 0.0636 -0.7070 -0.7043
vn -0.6511 0.0634 -0.7564
vn -0.2293 -0.5772 -0.7837
vn 0.1055 -0.9797 -0.1702
vn 0.2991 -0.9541 0.0146
vn 0.0057 -0.9992 -0.0395
vn 0.2174 -0.9168 -0.3349
vn 0.5340 -0.8424 0.0721
vn -0.1028 -0.7423 -0.6622
vn 0.0165 -0.8506 -0.5256
vn -0.5668 0.2460 -0.7863
vn -0.6669 0.1449 -0.7309
vn -0.5515 0.0820 -0.8301
vn 0.1897 -0.9805 0.0507
vn -0.0403 -0.9988 0.0295
vn 0.3277 -0.9437 -0.0451
vn 0.0820 -0.7937 -0.6028
vn -0.2764 -0.2249 -0.9344
vn -0.2411 -0.9697 -0.0384
vn 0.1882 -0.8925 -0.4100
vn 0.2174 -0.6712 -0.7087
vn 0.2186 -0.8156 -0.5357
vn 0.0791 -0.3644 -0.9279
vn -0.2045 0.1164 -0.9719
vn 0.7799 0.4401 0.4451
vn 0.8496 0.1390 0.5087
vn -0.4684 -0.8040 -0.3663
vn -0.4924 -0.7830 -0.3801
vn -0.1016 -0.9797 -0.1725
vn 0.1357 -0.1312 -0.9820
vn 0.0550 -0.3745 -0.9256
vn -0.0716 -0.4892 -0.8692
vn 0.1839 -0.0265 -0.9826
vn 0.8934 -0.3051 0.3298
vn 0.9377 -0.2580 0.2326
vn 0.2431 -0.7045 -0.6668
vn -0.4425 -0.8393 -0.3160
vn 0.4673 -0.4163 -0.7800
vn 0.7002 0.0722 -0.7103
vn 0.7536 0.1783 -0.6326
vn -0.2736 -0.7568 -0.5937
vn 0.2045 -0.4001 -0.8933
vn 0.7316 -0.0099 -0.6817
vn 0.5431 -0.0628 -0.8373
vn 0.0966 -0.8205 -0.5635
vn 0.5264 -0.8217 -0.2182
vn 0.2501 -0.2082 -0.9456
vn 0.5583 -0.1751 -0.8110
vn 0.2664 -0.6147 -0.7424
vn 0.3869 -0.7564 -0.5275
vn 0.2449 -0.1629 -0.9558
vn -0.0286 -0.6335 -0.7732
vn -0.0160 -0.5065 -0.8621
vn 0.1016 -0.0376 -0.9941
vn -0.1038 -0.2454 -0.9638
vn 0.7711 -0.6357 -0.0349
vn 0.8967 -0.3778 -0.2304
vn 0.6001 -0.6147 -0.5119
vn 0.2297 -0.4702 -0.8521
vn 0.7156 -0.3220 -0.6199
vn -0.0044 -0.4426 -0.8967
vn -0.5148 0.4632 0.7214
vn -0.7648 0.4966 0.4105
vn -0.8968 0.3814 -0.2241
vn -0.8225 0.4093 -0.3949
vn -0.6815 0.3876 -0.6208
vn 0.5099 0.4393 0.7396
vn 0.6250 0.6080 0.4896
vn -0.4088 0.3231 -0.8535
vn -0.4795 0.3398 -0.8091
vn 0.7310 0.5629 0.3857
vn -0.0982 0.2334 -0.9674
vn -0.3292 0.4062 -0.8524
vn -0.3135 0.2097 -0.9261
vn 0.6331 0.3203 0.7047
vn 0.6484 0.4891 0.5835
vn 0.7309 0.5338 0.4253
vn 0.2208 0.1729 -0.9599
vn -0.0106 -0.0977 -0.9952
vn -0.0230 0.1489 -0.9886
vn 0.7799 0.0590 0.6232
vn -0.0852 -0.3528 -0.9318
vn 0.9132 -0.2873 0.2889
vn 0.9492 0.0477 0.3111
vn 0.9890 -0.1189 -0.0878
vn 0.3588 -0.3862 -0.8498
vn 0.6810 -0.3750 -0.6289
vn -0.2234 0.1989 0.9542
vn -0.4855 0.1803 0.8555
vn -0.8701 0.4438 0.2145
vn 0.0694 -0.1839 0.9805
vn -0.9674 0.2534 -0.0029
vn -0.9289 0.2333 -0.2877
vn -0.7749 0.4400 -0.4537
vn 0.1866 -0.0760 0.9795
vn 0.5373 -0.0149 0.8432
vn -0.7065 0.2958 -0.6429
vn -0.5548 0.4145 -0.7214
vn 0.7186 0.5234 0.4579
vn -0.6136 0.2277 -0.7561
vn -0.4773 0.1058 -0.8723
vn -0.2833 -0.0498 -0.9577
vn -0.3588 -0.1929 -0.9133
vn 0.5336 0.4301 0.7282
vn -0.1208 -0.1749 -0.9772
vn 0.5777 0.3618 0.7317
vn 0.7642 0.3251 0.5571
vn 0.9576 0.1937 0.2132
vn 0.9988 -0.0174 0.0452
vn 0.7714 0.3013 0.5604
vn 0.9550 -0.1307 -0.2664
vn 0.7986 -0.3965 -0.4528
vn 0.3018 -0.5023 -0.8103
vn -0.0917 -0.1173 0.9889
vn -0.5859 0.0283 0.8099
vn -0.5275 -0.4316 0.7318
vn -0.7961 -0.0994 0.5969
vn -0.1275 -0.3820 0.9153
vn 0.2755 -0.4688 0.8392
vn -0.0848 -0.6706 0.7369
vn -0.4486 -0.7060 0.5481
vn -0.5489 -0.8112 0.2014
vn -0.7627 -0.4655 0.4491
vn -0.0259 -0.9157 0.4011
vn -0.9208 0.2978 0.2518
vn -0.8346 0.3283 0.4423
vn -0.9440 -0.1214 0.3069
vn -0.9630 -0.2688 0.0200
vn -0.9606 -0.1457 -0.2366
vn 0.5605 -0.2493 0.7898
vn -0.8514 0.1650 -0.4979
vn -0.8388 -0.0334 -0.5434
vn 0.7796 0.4153 0.4687
vn -0.7539 0.0446 -0.6555
vn -0.6359 0.0585 -0.7695
vn 0.5346 0.4144 0.7365
vn 0.5614 0.3115 0.7667
vn -0.0240 -0.4499 -0.8928
vn 0.9081 -0.4026 -0.1148
vn 0.4879 -0.5892 -0.6440
vn 0.8748 -0.0254 0.4838
vn 0.8367 -0.4392 0.3271
vn 0.7021 -0.6599 -0.2675
vn 0.1102 -0.5191 0.8476
vn -0.1724 -0.3426 0.9235
vn -0.0636 -0.6310 0.7732
vn 0.2662 -0.5664 0.7799
vn -0.4763 -0.8476 0.2338
vn -0.6522 -0.7578 -0.0189
vn -0.4552 -0.8872 -0.0747
vn -0.3908 -0.4482 0.8040
vn -0.4357 -0.8692 0.2340
vn 0.0738 -0.1827 0.9804
vn -0.4234 -0.1885 0.8861
vn -0.6508 -0.3652 0.6656
vn -0.0215 0.0351 0.9992
vn -0.6827 -0.4565 0.5705
vn -0.5031 -0.1281 0.8547
vn -0.1428 -0.9491 -0.2806
vn -0.2600 -0.8549 -0.4489
vn 0.0560 -0.9620 -0.2672
vn -0.6457 -0.6814 -0.3446
vn -0.7881 -0.6086 0.0927
vn 0.2095 -0.0157 0.9777
vn 0.2860 -0.2750 0.9179
vn 0.3394 0.0173 0.9405
vn 0.3273 -0.2438 0.9129
vn 0.2700 -0.9628 -0.0092
vn 0.2953 -0.8821 0.3670
vn -0.0658 -0.9481 -0.3110
vn -0.4784 -0.5670 -0.6705
vn 0.3234 0.1974 0.9254
vn -0.3650 -0.7275 -0.5810
vn 0.3780 -0.6240 0.6839
vn 0.2781 -0.8366 0.4721
vn 0.1361 -0.9855 0.1015
vn 0.4453 -0.5714 0.6894
vn 0.2416 -0.8626 0.4445
vn 0.3304 -0.7098 0.6222
vn 0.5339 -0.0242 0.8452
vn 0.3720 0.3801 0.8468
vn -0.3477 -0.8630 0.3666
vn -0.1468 -0.9877 0.0542
vn -0.7295 -0.6834 -0.0291
vn -0.3842 -0.9075 -0.1698
vn -0.5747 -0.7167 -0.3951
vn 0.6798 0.1016 0.7263
vn -0.8093 -0.5529 0.1983
vn -0.8624 -0.4512 -0.2294
vn -0.7143 -0.5556 -0.4256
vn -0.7698 -0.3158 -0.5547
vn 0.8317 0.4781 0.2824
vn -0.7210 -0.0744 -0.6889
vn 0.6343 0.1104 0.7652
vn 0.6846 0.2166 0.6960
vn 0.0397 -0.5662 -0.8233
vn 0.3944 -0.6473 -0.6522
vn 0.7988 -0.0619 0.5984
vn 0.7342 -0.6781 0.0315
vn 0.2553 -0.7243 -0.6405
vn -0.3734 -0.2518 0.8928
vn -0.6559 -0.4469 0.6084
vn -0.1944 -0.0295 0.9805
vn 0.0134 -0.0025 0.9999
vn -0.1098 -0.1247 0.9861
vn 0.0141 0.0221 0.9997
vn 0.4236 0.1087 0.8993
vn 0.4144 0.1047 0.9040
vn 0.5844 0.1719 0.7931
vn -0.5106 -0.3442 -0.7879
vn 0.4645 0.3478 0.8144
vn 0.5473 0.3354 0.7668
vn 0.2170 0.5044 0.8358
vn -0.5515 -0.4097 -0.7266
vn 0.3911 0.3763 0.8399
vn -0.6515 -0.2757 -0.7067
vn 0.4268 0.3130 0.8484
vn 0.7600 0.2807 0.5862
vn -0.6925 -0.0743 -0.7176
vn -0.5857 -0.0970 -0.8047
vn 0.8527 0.3989 0.3374
vn 0.6794 0.4801 0.5550
vn -0.7728 -0.0579 -0.6320
vn -0.5815 -0.2348 -0.7789
vn 0.4892 0.4311 0.7582
vn 0.4009 0.3525 0.8456
vn 0.4751 0.2186 0.8524
vn 0.5247 0.0327 0.8506
vn 0.5914 -0.8055 -0.0388
vn 0.3340 -0.0448 0.9415
vn -0.1250 -0.4505 -0.8840
vn -0.2964 -0.3241 -0.8984
vn -0.2042 -0.3312 -0.9212
vn 0.2110 -0.7383 -0.6406
vn 0.6925 -0.4616 0.5543
vn 0.5992 -0.7345 0.3185
vn 0.2520 -0.8430 -0.4753
vn 0.4946 -0.3711 0.7859
vn 0.5038 -0.8613 -0.0662
vn 0.4147 -0.8942 -0.1686
vn 0.2143 -0.8519 -0.4778
vn 0.5927 -0.6844 0.4246
vn 0.4570 -0.8609 -0.2235
vn -0.2264 -0.5218 -0.8225
vn 0.2653 -0.8149 -0.5153
vn -0.2622 -0.4713 -0.8421
vn -0.0962 -0.0940 0.9909
vn -0.2819 -0.0904 0.9552
vn -0.0554 0.3082 0.9497
vn -0.8280 -0.5605 -0.0124
vn -0.7467 -0.4668 0.4738
vn -0.5660 -0.1962 0.8007
vn -0.8134 -0.5243 0.2519
vn -0.5382 -0.3509 0.7663
vn -0.7187 -0.4767 -0.5062
vn -0.8494 -0.3908 -0.3546
vn 0.0985 0.1752 0.9796
vn -0.0268 0.2975 0.9544
vn -0.6597 -0.2964 -0.6906
vn 0.6160 0.2735 0.7388
vn 0.3748 0.3029 0.8762
vn -0.4336 -0.1655 -0.8858
vn 0.2925 0.2481 0.9235
vn 0.5589 0.1753 0.8105
vn 0.0864 0.3171 0.9444
vn 0.3018 0.0938 0.9487
vn 0.5653 0.3510 0.7465
vn 0.2106 0.2656 0.9408
vn 0.8042 0.4320 0.4083
vn 0.3394 0.2090 0.9171
vn -0.7083 -0.1013 -0.6986
vn 0.8268 0.4654 0.3158
vn 0.8756 0.4183 0.2415
vn 0.7854 0.4853 0.3842
vn 0.7760 0.4138 0.4759
vn -0.7595 -0.1683 -0.6284
vn 0.6153 0.4246 0.6642
vn -0.2296 -0.3041 -0.9246
vn 0.3465 0.2521 0.9036
vn 0.4241 -0.3831 0.8206
vn 0.7318 -0.5008 0.4623
vn 0.7287 -0.6835 0.0426
vn 0.4878 -0.2346 0.8409
vn 0.7977 -0.1979 0.5696
vn 0.2018 -0.0589 0.9777
vn 0.5651 0.0702 0.8221
vn -0.2666 -0.3387 -0.9023
vn 0.1767 -0.5265 -0.8316
vn 0.8712 -0.4529 -0.1894
vn 0.9236 -0.3517 0.1527
vn 0.9469 -0.2609 -0.1881
vn 0.6120 -0.3862 -0.6901
vn 0.8368 -0.2450 -0.4897
vn 0.9847 -0.1710 -0.0328
vn 0.9485 -0.1427 0.2830
vn 0.4621 -0.1985 -0.8643
vn 0.9510 -0.0995 -0.2926
vn 0.7829 -0.0970 -0.6146
vn 0.6119 -0.6249 -0.4848
vn -0.0577 -0.2197 -0.9739
vn -0.4395 -0.4811 0.7586
vn -0.3747 -0.5612 0.7380
vn -0.6078 -0.6225 0.4931
vn 0.0502 -0.4210 0.9057
vn -0.0884 -0.6809 0.7270
vn -0.5030 -0.7690 0.3945
vn -0.8304 -0.4918 -0.2617
vn -0.8730 -0.4871 0.0245
vn 0.2272 -0.1342 0.9646
vn 0.0741 0.2311 0.9701
vn -0.0363 0.2524 0.9670
vn 0.1765 0.0452 0.9833
vn 0.4994 -0.1418 0.8547
vn 0.4154 0.2266 0.8810
vn 0.6475 0.4444 0.6191
vn 0.5257 0.1814 0.8311
vn 0.5184 0.3259 0.7906
vn 0.3434 0.3435 0.8741
vn -0.2201 -0.2817 -0.9339
vn 0.1767 0.1704 0.9694
vn 0.2054 0.2472 0.9469
vn 0.7106 0.2941 0.6391
vn 0.9371 0.0809 0.3396
vn 0.9951 -0.0485 0.0858
vn 0.9954 0.0359 -0.0892
vn 0.8915 0.0665 -0.4481
vn 0.6125 0.1012 -0.7839
vn 0.9387 0.3276 0.1071
vn 0.9732 0.1892 -0.1305
vn 0.8212 0.2824 -0.4959
vn 0.2380 -0.0467 -0.9701
vn 0.4064 -0.3256 0.8537
vn 0.2840 -0.6249 0.7272
vn 0.1710 -0.6632 0.7286
vn 0.0349 -0.8123 0.5822
vn -0.1391 -0.6600 0.7383
vn -0.3917 -0.8005 0.4536
vn -0.1971 -0.8795 0.4331
vn -0.5955 -0.7931 0.1280
vn -0.6647 -0.7324 0.1477
vn -0.5228 -0.7403 0.4226
vn -0.7800 -0.6251 -0.0289
vn -0.7937 -0.5813 -0.1792
vn 0.5342 -0.1751 0.8270
vn -0.5755 -0.4647 -0.6729
vn -0.2673 -0.0417 -0.9627
vn -0.4939 -0.0045 -0.8695
vn 0.5245 0.2000 0.8276
vn 0.4170 0.1438 0.8974
vn 0.7653 0.3613 0.5327
vn 0.8770 0.3090 0.3679
vn 0.8581 0.3315 0.3923
vn 0.7518 0.3299 0.5710
vn 0.6581 0.3178 0.6825
vn -0.4630 -0.3932 -0.7944
vn -0.1439 -0.4382 -0.8873
vn -0.1834 -0.4991 -0.8469
vn 0.2627 0.2958 0.9184
vn -0.0141 -0.4659 -0.8847
vn -0.1571 -0.6210 -0.7679
vn 0.8207 0.5258 0.2236
vn 0.8493 0.4765 -0.2273
vn 0.5381 0.5208 0.6627
vn 0.7408 0.6525 0.1592
vn 0.7287 0.6060 -0.3191
vn 0.6985 0.4055 -0.5896
vn -0.0214 -0.2670 -0.9635
vn -0.6410 -0.5388 0.5466
vn 0.0409 -0.3969 0.9170
vn -0.3281 -0.3904 0.8602
vn 0.2979 -0.3108 0.9026
vn -0.0415 -0.0453 0.9981
vn -0.2894 -0.0280 0.9568
vn -0.5932 -0.1619 0.7886
vn 0.4279 -0.0798 0.9003
vn 0.1374 0.0698 0.9881
vn -0.5554 0.1135 0.8238
vn -0.8215 -0.2234 0.5246
vn -0.1323 0.2661 0.9548
vn 0.2892 0.2409 0.9265
vn -0.8297 -0.5380 0.1490
vn -0.9255 -0.3580 0.1236
vn -0.9266 -0.0784 0.3677
vn 0.4666 0.1547 0.8708
vn 0.4669 0.1104 0.8774
vn -0.6848 -0.4618 -0.5637
vn -0.8204 -0.4533 -0.3485
vn 0.6016 0.2787 0.7486
vn -0.1829 -0.2078 -0.9609
vn -0.3354 -0.3918 -0.8568
vn -0.4360 -0.4247 -0.7935
vn -0.5310 -0.2758 -0.8012
vn -0.2431 -0.2401 -0.9398
vn -0.6676 -0.2331 -0.7070
vn -0.5084 -0.1610 -0.8459
vn 0.5345 0.4295 0.7279
vn 0.4372 0.2246 0.8709
vn -0.1125 -0.1127 -0.9872
vn -0.4607 -0.0412 -0.8866
vn 0.6630 0.2286 0.7129
vn 0.9270 0.2478 0.2815
vn 0.9191 0.1997 0.3396
vn 0.8684 0.2140 0.4472
vn -0.7379 -0.2676 -0.6196
vn -0.5837 -0.4221 -0.6936
vn -0.3711 -0.5333 -0.7601
vn 0.4558 0.5562 0.6948
vn 0.2386 0.3192 0.9172
vn 0.1154 -0.3160 -0.9417
vn 0.5481 0.1900 -0.8145
vn 0.5472 0.1447 -0.8244
vn -0.2726 0.4089 0.8709
vn -0.6595 0.2542 0.7074
vn 0.1531 0.3692 0.9166
vn -0.8712 0.2836 0.4006
vn -0.9495 -0.2603 -0.1754
vn -0.9948 0.0563 -0.0846
vn -0.7297 -0.3975 -0.5563
vn -0.8100 -0.2543 -0.5284
vn 0.4028 0.3146 0.8595
vn 0.5275 0.4261 0.7350
vn 0.5274 0.2589 0.8092
vn -0.6470 -0.1646 -0.7445
vn 0.5371 0.4387 0.7204
vn 0.4050 0.4127 0.8159
vn 0.4912 0.1630 0.8557
vn -0.0286 0.0096 -0.9995
vn 0.4783 0.3248 0.8159
vn -0.6332 -0.0973 -0.7678
vn 0.3457 0.0559 0.9367
vn -0.7432 -0.1995 -0.6386
vn 0.7658 0.2194 0.6044
vn 0.3923 0.2282 0.8911
vn -0.0162 -0.6268 -0.7790
vn 0.6644 0.6992 0.2639
vn 0.5672 0.3046 -0.7652
vn 0.3311 -0.1430 -0.9327
vn -0.4915 0.5415 0.6820
vn -0.7241 0.5544 0.4103
vn -0.9343 0.3557 0.0217
vn -0.1420 0.5608 0.8157
vn 0.2609 0.3666 0.8931
vn -0.8940 0.0003 -0.4480
vn -0.7437 -0.0116 -0.6684
vn -0.9146 0.3064 -0.2640
vn -0.8313 0.2668 -0.4876
vn 0.6686 0.2258 0.7085
vn 0.5632 0.2222 0.7959
vn 0.2744 0.4212 0.8645
vn 0.5652 0.1164 0.8167
vn -0.5871 -0.0653 -0.8069
vn -0.5135 -0.1155 -0.8503
vn -0.2041 -0.0722 -0.9763
vn -0.3005 0.0686 -0.9513
vn -0.2241 0.1031 -0.9691
vn -0.1568 -0.0106 -0.9876
vn 0.3412 0.1768 0.9232
vn 0.3488 0.0749 0.9342
vn 0.2696 -0.0527 0.9615
vn 0.4008 -0.0350 0.9155
vn 0.2692 -0.0226 0.9628
vn -0.6222 -0.1760 -0.7628
vn 0.8641 0.2485 0.4377
vn 0.8352 0.2102 0.5083
vn -0.7752 -0.2725 -0.5699
vn 0.8312 0.1242 0.5420
vn 0.5836 0.1678 0.7945
vn 0.3900 0.3617 0.8468
vn -0.6098 -0.3975 -0.6857
vn -0.5678 -0.4636 -0.6802
vn -0.2454 -0.4736 -0.8458
vn -0.4728 -0.3051 -0.8267
vn 0.4222 0.4905 0.7624
vn 0.0850 -0.2674 -0.9598
vn -0.8297 0.5464 0.1140
vn -0.3973 0.7226 0.5658
vn -0.5055 0.6651 0.5496
vn -0.8385 0.5353 -0.1021
vn -0.6970 0.6830 0.2186
vn -0.8040 0.4481 -0.3908
vn -0.7651 0.6322 -0.1221
vn 0.0192 0.5592 0.8288
vn -0.6728 0.2187 -0.7067
vn -0.5806 0.3689 -0.7258
vn 0.4029 0.0483 0.9139
vn 0.2675 0.0377 0.9628
vn -0.4257 -0.1089 -0.8983
vn -0.4780 0.0221 -0.8781
vn 0.3404 -0.1065 0.9342
vn 0.2143 -0.0353 0.9761
vn 0.4862 0.1432 0.8620
vn 0.3401 0.1048 0.9345
vn 0.6408 0.3271 0.6946
vn -0.7656 -0.1644 -0.6219
vn 0.7181 0.1194 0.6856
vn -0.7246 -0.4082 -0.5552
vn -0.6074 -0.4371 -0.6633
vn 0.4734 0.2580 0.8422
vn -0.1470 -0.0493 -0.9879
vn 0.3542 0.2596 -0.8984
vn 0.0992 0.2344 -0.9671
vn 0.5588 0.5076 -0.6558
vn -0.6487 0.7499 0.1300
vn -0.7421 0.5413 -0.3953
vn -0.6950 0.6920 -0.1952
vn 0.3587 0.2209 0.9069
vn -0.3004 0.6864 0.6623
vn -0.7031 0.5850 -0.4041
vn -0.5358 0.1935 -0.8219
vn 0.4935 0.2833 0.8223
vn -0.5861 -0.1115 -0.8025
vn 0.8809 0.1578 0.4463
vn -0.7939 -0.1334 -0.5932
vn 0.7940 0.0787 0.6028
vn -0.8576 -0.2212 -0.4643
vn 0.7021 0.1652 0.6927
vn 0.5807 0.1825 0.7934
vn -0.5191 -0.2698 -0.8111
vn 0.5917 0.5650 0.5750
vn 0.6264 0.6785 0.3838
vn 0.3869 0.6686 -0.6350
vn 0.2835 0.4600 -0.8414
vn 0.1024 0.4628 -0.8805
vn -0.2376 0.1345 -0.9620
vn 0.6185 0.7355 -0.2765
vn 0.5052 0.5646 -0.6526
vn -0.5287 0.8006 0.2820
vn 0.1087 0.3962 0.9117
vn -0.0794 0.5701 0.8177
vn -0.7040 0.6804 -0.2037
vn -0.7818 0.2332 -0.5782
vn 0.2452 0.3910 0.8872
vn 0.7858 0.2911 0.5457
vn -0.8404 -0.3240 -0.4345
vn -0.6304 -0.4385 -0.6405
vn -0.7626 -0.2858 -0.5803
vn -0.4780 -0.0706 -0.8755
vn -0.2000 0.4657 -0.8620
vn 0.5090 0.8325 -0.2190
vn 0.1871 0.7319 -0.6552
vn -0.0523 0.4823 -0.8744
vn -0.1605 0.6435 0.7484
vn 0.2953 0.5700 0.7668
vn 0.1397 0.6837 0.7163
vn -0.4995 0.8565 0.1299
vn -0.3581 0.8384 0.4110
vn -0.8426 0.1591 -0.5146
vn -0.8117 0.5050 -0.2934
vn 0.5726 0.4870 0.6595
vn -0.8556 0.1259 -0.5021
vn 0.8356 0.3891 0.3877
vn 0.8044 0.3224 0.4990
vn -0.7136 0.2279 -0.6625
vn -0.8492 0.0590 -0.5248
vn -0.8796 -0.2409 -0.4102
vn -0.7844 0.1765 -0.5946
vn 0.6563 0.4692 0.5908
vn -0.7230 -0.1329 -0.6780
vn -0.4015 0.5621 -0.7231
vn -0.3486 0.4499 -0.8222
vn -0.6813 0.4285 -0.5935
vn -0.4242 0.6031 -0.6755
vn 0.4695 0.8781 -0.0926
vn 0.0310 0.7500 -0.6607
vn 0.0310 0.8548 0.5181
vn 0.0122 0.9475 0.3196
vn -0.3732 0.9237 0.0859
vn -0.7592 0.6101 -0.2266
vn 0.2289 0.8136 0.5345
vn 0.5600 0.6963 0.4490
vn -0.6821 0.6567 -0.3217
vn 0.8017 0.3546 0.4811
vn 0.5763 0.7103 0.4042
vn -0.7799 0.3185 -0.5389
vn 0.6230 0.6281 0.4662
vn 0.5675 0.7446 0.3514
vn -0.6188 0.3660 -0.6950
vn -0.5402 0.4767 -0.6935
vn -0.2114 0.8052 -0.5540
vn 0.0623 0.9246 -0.3759
vn -0.1559 0.7622 -0.6283
vn 0.4122 0.9104 0.0356
vn 0.4177 0.8988 0.1331
vn 0.2025 0.9027 -0.3796
vn 0.1508 0.9695 -0.1933
vn 0.0504 0.9729 0.2258
vn 0.4683 0.7967 0.3821
vn -0.5796 0.8014 -0.1476
vn 0.1441 0.9564 0.2541
vn -0.2622 0.9649 -0.0129
vn 0.1393 0.9718 0.1904
vn -0.5340 0.7741 -0.3399
vn -0.3867 0.9096 -0.1520
vn -0.6310 0.5624 -0.5343
vn -0.1309 0.9888 -0.0723
vn 0.3550 0.8985 0.2582
vn -0.3087 0.8995 -0.3093
vn -0.4812 0.7015 -0.5256
vn 0.0647 0.9969 -0.0438
vn 0.4976 0.8191 0.2854
vn 0.2284 0.9735 -0.0111
vn -0.1421 0.9427 -0.3018
vn -0.4850 0.6598 -0.5740
vn -0.2090 0.8640 -0.4580
s 1
usemtl mtl1.201
f 11//1 14//2 5//3
f 1//4 2//5 6//6
f 11//1 1//4 18//7
f 1//4 1167//8 18//7
f 4//9 27//10 2//5
f 1//4 5//3 3//11
f 1//4 3//11 2//5
f 2//5 3//11 4//9
f 5//3 1//4 11//1
f 3//11 20//12 4//9
f 5//3 19//13 3//11
f 6//6 2//5 26//14
f 7//15 9//16 8//17
f 9//16 10//18 8//17
f 44//19 8//17 10//18
f 6//6 26//14 9//16
f 9//16 26//14 10//18
f 1169//20 1170//21 12//22
f 12//22 14//2 1169//20
f 48//23 46//24 12//22
f 1171//25 14//2 12//22
f 5//3 14//2 13//26
f 14//2 15//27 13//26
f 15//27 16//28 13//26
f 13//26 16//28 21//29
f 18//7 1167//8 17//30
f 1170//21 17//30 54//31
f 1170//21 54//31 12//22
f 5//3 13//26 19//13
f 19//13 20//12 3//11
f 13//26 21//29 19//13
f 19//13 21//29 20//12
f 21//29 22//32 20//12
f 22//32 58//33 20//12
f 21//29 16//28 23//34
f 21//29 23//34 22//32
f 16//28 51//35 23//34
f 58//33 22//32 52//36
f 25//37 24//38 33//39
f 31//40 25//37 33//39
f 25//37 31//40 54//31
f 31//40 62//41 54//31
f 9//16 24//38 1167//8
f 9//16 7//15 24//38
f 17//30 1167//8 24//38
f 24//38 25//37 17//30
f 54//31 17//30 25//37
f 26//14 2//5 27//10
f 27//10 4//9 20//12
f 28//42 27//10 20//12
f 27//10 28//42 98//43
f 59//44 20//12 58//33
f 20//12 59//44 28//42
f 35//45 31//40 38//46
f 35//45 68//47 31//40
f 29//48 8//17 43//49
f 32//50 29//48 30//51
f 39//52 38//46 29//48
f 29//48 43//49 39//52
f 38//46 30//51 29//48
f 38//46 31//40 30//51
f 33//39 30//51 31//40
f 62//41 31//40 63//53
f 32//50 7//15 29//48
f 29//48 7//15 8//17
f 8//17 44//19 43//49
f 34//54 44//19 1168//55
f 32//50 24//38 7//15
f 33//39 32//50 30//51
f 33//39 24//38 32//50
f 26//14 34//54 1168//55
f 41//56 37//57 36//58
f 40//59 41//56 39//52
f 36//58 35//45 38//46
f 38//46 39//52 36//58
f 41//56 36//58 39//52
f 41//56 40//59 42//60
f 39//52 43//49 40//59
f 42//60 40//59 44//19
f 40//59 43//49 44//19
f 44//19 34//54 45//61
f 44//19 45//61 42//60
f 45//61 75//62 42//60
f 75//62 45//61 71//63
f 45//61 34//54 71//63
f 14//2 47//64 15//27
f 1171//25 47//64 14//2
f 46//24 48//23 47//64
f 47//64 48//23 78//65
f 124//66 78//65 48//23
f 49//67 16//28 15//27
f 47//64 50//68 15//27
f 15//27 50//68 49//67
f 47//64 78//65 50//68
f 49//67 51//35 16//28
f 51//35 79//69 53//70
f 51//35 49//67 79//69
f 48//23 12//22 132//71
f 52//36 22//32 23//34
f 51//35 53//70 23//34
f 23//34 53//70 52//36
f 54//31 55//72 12//22
f 54//31 62//41 55//72
f 62//41 64//73 55//72
f 64//73 56//74 55//72
f 27//10 98//43 26//14
f 99//75 98//43 28//42
f 99//75 28//42 57//76
f 59//44 60//77 28//42
f 28//42 60//77 57//76
f 58//33 52//36 89//78
f 89//78 66//79 58//33
f 31//40 68//47 61//80
f 61//80 90//81 63//53
f 61//80 63//53 31//40
f 64//73 62//41 63//53
f 63//53 90//81 64//73
f 65//82 93//83 34//54
f 26//14 65//82 34//54
f 26//14 98//43 65//82
f 66//79 59//44 58//33
f 59//44 66//79 100//84
f 60//77 59//44 100//84
f 67//85 36//58 74//86
f 102//87 68//47 67//85
f 68//47 35//45 67//85
f 67//85 35//45 36//58
f 61//80 68//47 102//87
f 75//62 71//63 76//88
f 70//89 76//88 71//63
f 70//89 71//63 69//90
f 69//90 111//91 70//89
f 69//90 71//63 93//83
f 71//63 34//54 93//83
f 122//92 161//93 73//94
f 73//94 74//86 36//58
f 161//93 72//95 74//86
f 73//94 161//93 74//86
f 67//85 74//86 72//95
f 41//56 42//60 77//96
f 77//96 37//57 41//56
f 73//94 36//58 37//57
f 77//96 42//60 75//62
f 121//97 77//96 119//98
f 76//88 116//99 118//100
f 116//99 76//88 70//89
f 76//88 118//100 75//62
f 77//96 73//94 37//57
f 122//92 73//94 77//96
f 123//101 77//96 121//97
f 122//92 77//96 123//101
f 132//71 124//66 48//23
f 81//102 50//68 78//65
f 80//103 50//68 81//102
f 127//104 81//102 78//65
f 124//66 125//105 78//65
f 127//104 78//65 125//105
f 49//67 50//68 80//103
f 49//67 80//103 79//69
f 81//102 126//106 80//103
f 82//107 12//22 55//72
f 12//22 82//107 132//71
f 130//108 132//71 82//107
f 52//36 53//70 129//109
f 52//36 129//109 83//110
f 79//69 129//109 53//70
f 56//74 86//111 84//112
f 84//112 55//72 56//74
f 92//113 86//111 56//74
f 82//107 55//72 84//112
f 82//107 84//112 85//114
f 84//112 86//111 85//114
f 85//114 86//111 87//115
f 86//111 96//116 88//117
f 87//115 82//107 85//114
f 87//115 86//111 1173//118
f 87//115 130//108 82//107
f 1174//119 130//108 1172//120
f 52//36 83//110 89//78
f 83//110 133//121 89//78
f 112//122 64//73 90//81
f 64//73 112//122 91//123
f 56//74 64//73 91//123
f 56//74 91//123 92//113
f 92//113 91//123 113//124
f 115//125 92//113 113//124
f 1178//126 1175//127 94//128
f 94//128 86//111 115//125
f 115//125 86//111 92//113
f 93//83 65//82 95//129
f 65//82 98//43 95//129
f 96//116 94//128 1175//127
f 96//116 1175//127 1176//130
f 96//116 86//111 94//128
f 97//131 96//116 1176//130
f 97//131 1176//130 136//132
f 88//117 96//116 97//131
f 136//132 88//117 97//131
f 136//132 98//43 99//75
f 98//43 136//132 95//129
f 60//77 99//75 57//76
f 99//75 60//77 138//133
f 145//134 100//84 144//135
f 100//84 138//133 60//77
f 100//84 145//134 138//133
f 101//136 100//84 66//79
f 101//136 66//79 89//78
f 100//84 101//136 144//135
f 133//121 140//137 89//78
f 140//137 101//136 89//78
f 103//138 149//139 141//140
f 103//138 72//95 149//139
f 103//138 67//85 72//95
f 102//87 67//85 103//138
f 104//141 61//80 102//87
f 61//80 104//141 105//142
f 102//87 103//138 141//140
f 102//87 141//140 104//141
f 143//143 105//142 104//141
f 90//81 61//80 105//142
f 90//81 105//142 153//144
f 107//145 112//122 90//81
f 114//146 1177//147 108//148
f 106//149 114//146 108//148
f 117//150 106//149 109//151
f 108//148 109//151 106//149
f 108//148 1177//147 109//151
f 153//144 107//145 90//81
f 110//152 111//91 69//90
f 114//146 110//152 113//124
f 111//91 110//152 114//146
f 106//149 111//91 114//146
f 106//149 116//99 111//91
f 91//123 112//122 113//124
f 1177//147 114//146 112//122
f 112//122 114//146 113//124
f 69//90 1178//126 110//152
f 115//125 113//124 110//152
f 1175//127 1178//126 69//90
f 75//62 119//98 77//96
f 116//99 117//150 118//100
f 118//100 119//98 75//62
f 106//149 117//150 116//99
f 118//100 117//150 119//98
f 109//151 154//153 117//150
f 154//153 120//154 117//150
f 120//154 119//98 117//150
f 1177//147 154//153 109//151
f 154//153 157//155 120//154
f 1181//156 119//98 120//154
f 1181//156 158//157 119//98
f 116//99 70//89 111//91
f 119//98 158//157 121//97
f 123//101 166//158 122//92
f 123//101 168//159 166//158
f 121//97 169//160 123//101
f 169//160 168//159 123//101
f 124//66 178//161 125//105
f 128//162 80//103 126//106
f 127//104 126//106 81//102
f 127//104 125//105 179//163
f 128//162 79//69 80//103
f 128//162 129//109 79//69
f 128//162 183//164 129//109
f 1174//119 134//165 130//108
f 131//166 130//108 134//165
f 134//165 135//167 131//166
f 184//168 130//108 131//166
f 132//71 130//108 184//168
f 133//121 83//110 129//109
f 1179//169 88//117 136//132
f 137//170 1179//169 136//132
f 1179//169 137//170 135//167
f 135//167 137//170 190//171
f 137//170 136//132 138//133
f 136//132 99//75 138//133
f 101//136 140//137 139//172
f 144//135 101//136 139//172
f 144//135 139//172 147//173
f 191//174 140//137 133//121
f 147//173 139//172 140//137
f 147//173 140//137 191//174
f 141//140 142//175 104//141
f 142//175 143//143 104//141
f 150//176 143//143 142//175
f 143//143 151//177 105//142
f 151//177 143//143 150//176
f 196//178 138//133 145//134
f 145//134 144//135 146//179
f 267//180 145//134 146//179
f 1180//181 144//135 147//173
f 149//139 148//182 198//183
f 156//184 149//139 72//95
f 148//182 149//139 156//184
f 141//140 198//183 142//175
f 141//140 149//139 198//183
f 151//177 153//144 105//142
f 150//176 152//185 151//177
f 153//144 151//177 208//186
f 199//187 152//185 150//176
f 155//188 154//153 1177//147
f 210//189 157//155 154//153
f 155//188 107//145 153//144
f 160//190 157//155 210//189
f 156//184 72//95 161//93
f 121//97 162//191 169//160
f 160//190 158//157 1181//156
f 158//157 159//192 121//97
f 159//192 158//157 160//190
f 222//193 160//190 214//194
f 216//195 220//196 156//184
f 161//93 223//197 216//195
f 161//93 225//198 223//197
f 156//184 161//93 216//195
f 239//199 169//160 162//191
f 121//97 163//200 162//191
f 121//97 159//192 163//200
f 239//199 162//191 163//200
f 222//193 159//192 160//190
f 122//92 164//201 161//93
f 164//201 170//202 161//93
f 170//202 165//203 161//93
f 226//204 165//203 170//202
f 165//203 225//198 161//93
f 122//92 166//158 164//201
f 171//205 164//201 166//158
f 164//201 171//205 170//202
f 166//158 167//206 171//205
f 166//158 168//159 167//206
f 168//159 176//207 167//206
f 169//160 176//207 168//159
f 169//160 239//199 176//207
f 226//204 170//202 241//208
f 241//208 170//202 173//209
f 175//210 241//208 173//209
f 167//206 172//211 171//205
f 167//206 176//207 172//211
f 172//211 176//207 177//212
f 173//209 170//202 171//205
f 173//209 171//205 172//211
f 174//213 173//209 172//211
f 174//213 172//211 177//212
f 175//210 173//209 174//213
f 177//212 249//214 174//213
f 125//105 178//161 179//163
f 127//104 180//215 126//106
f 179//163 180//215 127//104
f 179//163 304//216 180//215
f 126//106 181//217 128//162
f 126//106 180//215 181//217
f 124//66 182//218 178//161
f 124//66 132//71 182//218
f 178//161 182//218 253//219
f 178//161 253//219 179//163
f 133//121 129//109 183//164
f 128//162 181//217 183//164
f 185//220 133//121 183//164
f 254//221 185//220 183//164
f 254//221 183//164 181//217
f 182//218 132//71 184//168
f 185//220 191//174 133//121
f 309//222 191//174 185//220
f 135//167 186//223 131//166
f 135//167 190//171 186//223
f 187//224 184//168 131//166
f 187//224 131//166 186//223
f 190//171 137//170 188//225
f 188//225 137//170 193//226
f 190//171 188//225 186//223
f 189//227 187//224 186//223
f 189//227 186//223 188//225
f 258//228 189//227 188//225
f 184//168 189//227 257//229
f 184//168 187//224 189//227
f 257//229 189//227 258//228
f 188//225 193//226 192//230
f 192//230 1186//231 188//225
f 194//232 137//170 138//133
f 195//233 194//232 138//133
f 1182//234 137//170 194//232
f 194//232 195//233 259//235
f 192//230 1182//234 194//232
f 194//232 259//235 192//230
f 261//236 195//233 138//133
f 196//178 261//236 138//133
f 261//236 196//178 262//237
f 195//233 261//236 271//238
f 262//237 196//178 264//239
f 267//180 1180//181 147//173
f 264//239 145//134 267//180
f 196//178 145//134 264//239
f 198//183 203//240 200//241
f 197//242 200//241 203//240
f 199//187 150//176 142//175
f 200//241 142//175 198//183
f 199//187 142//175 200//241
f 152//185 199//187 206//243
f 201//244 199//187 200//241
f 201//244 206//243 199//187
f 201//244 197//242 206//243
f 200//241 197//242 201//244
f 152//185 208//186 151//177
f 211//245 153//144 285//246
f 155//188 153//144 211//245
f 202//247 198//183 148//182
f 202//247 148//182 156//184
f 198//183 202//247 203//240
f 202//247 156//184 220//196
f 219//248 202//247 220//196
f 202//247 205//249 203//240
f 205//249 202//247 219//248
f 197//242 203//240 204//250
f 284//251 197//242 204//250
f 284//251 207//252 197//242
f 204//250 283//253 284//251
f 203//240 1183//254 204//250
f 204//250 1183//254 283//253
f 197//242 207//252 206//243
f 207//252 209//255 206//243
f 209//255 207//252 284//251
f 152//185 206//243 208//186
f 209//255 208//186 206//243
f 208//186 209//255 153//144
f 153//144 209//255 285//246
f 214//194 160//190 210//189
f 155//188 1184//256 154//153
f 1184//256 155//188 211//245
f 215//257 214//194 210//189
f 211//245 213//258 1184//256
f 212//259 211//245 285//246
f 213//258 211//245 212//259
f 213//258 215//257 1184//256
f 217//260 220//196 216//195
f 217//260 216//195 223//197
f 218//261 217//260 223//197
f 219//248 220//196 217//260
f 219//248 217//260 218//261
f 219//248 218//261 221//262
f 218//261 233//263 221//262
f 283//253 1183//254 221//262
f 219//248 221//262 1183//254
f 233//263 236//264 221//262
f 221//262 236//264 283//253
f 163//200 159//192 222//193
f 222//193 214//194 286//265
f 240//266 163//200 222//193
f 222//193 286//265 240//266
f 218//261 223//197 224//267
f 224//267 223//197 225//198
f 224//267 233//263 218//261
f 225//198 165//203 226//204
f 225//198 226//204 227//268
f 228//269 227//268 226//204
f 224//267 225//198 229//270
f 229//270 225//198 227//268
f 227//268 230//271 229//270
f 230//271 227//268 228//269
f 228//269 243//272 230//271
f 229//270 233//263 224//267
f 233//263 229//270 231//273
f 230//271 231//273 229//270
f 230//271 232//274 231//273
f 243//272 232//274 230//271
f 234//275 231//273 232//274
f 232//274 235//276 234//275
f 233//263 231//273 234//275
f 235//276 245//277 238//278
f 236//264 233//263 234//275
f 234//275 235//276 236//264
f 236//264 235//276 237//279
f 236//264 237//279 283//253
f 237//279 235//276 238//278
f 238//278 245//277 299//280
f 163//200 240//266 239//199
f 239//199 251//281 176//207
f 240//266 251//281 239//199
f 301//282 240//266 290//283
f 228//269 226//204 241//208
f 242//284 228//269 241//208
f 242//284 241//208 175//210
f 247//285 242//284 175//210
f 243//272 228//269 242//284
f 244//286 243//272 242//284
f 244//286 242//284 247//285
f 244//286 232//274 243//272
f 245//277 244//286 247//285
f 235//276 232//274 244//286
f 244//286 245//277 235//276
f 175//210 174//213 246//287
f 174//213 249//214 246//287
f 246//287 249//214 248//288
f 246//287 247//285 175//210
f 248//288 247//285 246//287
f 250//289 299//280 248//288
f 299//280 247//285 248//288
f 299//280 245//277 247//285
f 249//214 177//212 1185//290
f 248//288 249//214 250//289
f 249//214 1185//290 250//289
f 299//280 250//289 368//291
f 177//212 176//207 251//281
f 250//289 1185//290 368//291
f 1185//290 252//292 368//291
f 252//292 251//281 240//266
f 304//216 255//293 180//215
f 303//294 253//219 182//218
f 182//218 184//168 303//294
f 253//219 304//216 179//163
f 253//219 375//295 304//216
f 374//296 253//219 303//294
f 374//296 375//295 253//219
f 255//293 181//217 180//215
f 254//221 181//217 255//293
f 254//221 309//222 185//220
f 184//168 256//297 303//294
f 309//222 308//298 191//174
f 308//298 311//299 265//300
f 338//301 192//230 268//302
f 338//301 1186//231 192//230
f 1187//303 259//235 269//304
f 268//302 192//230 259//235
f 184//168 257//229 256//297
f 195//233 260//305 259//235
f 260//305 269//304 259//235
f 261//236 262//237 271//238
f 263//306 272//307 262//237
f 271//238 262//237 272//307
f 263//306 262//237 264//239
f 147//173 191//174 266//308
f 313//309 264//239 267//180
f 265//300 266//308 191//174
f 147//173 266//308 267//180
f 266//308 314//310 267//180
f 313//309 267//180 314//310
f 312//311 266//308 265//300
f 308//298 265//300 191//174
f 258//228 337//312 257//229
f 338//301 337//312 1186//231
f 320//313 1187//303 269//304
f 320//313 321//314 1187//303
f 260//305 270//315 269//304
f 270//315 260//305 282//316
f 282//316 325//317 270//315
f 348//318 325//317 282//316
f 260//305 195//233 271//238
f 282//316 260//305 273//319
f 260//305 271//238 273//319
f 271//238 272//307 273//319
f 272//307 276//320 274//321
f 272//307 274//321 273//319
f 276//320 277//322 274//321
f 274//321 275//323 273//319
f 273//319 275//323 282//316
f 277//322 275//323 274//321
f 277//322 278//324 275//323
f 282//316 275//323 281//325
f 282//316 281//325 349//326
f 349//326 281//325 329//327
f 329//327 281//325 327//328
f 272//307 263//306 276//320
f 330//329 276//320 313//309
f 313//309 276//320 263//306
f 264//239 313//309 263//306
f 276//320 1190//330 279//331
f 279//331 277//322 276//320
f 277//322 279//331 280//332
f 277//322 280//332 278//324
f 280//332 328//333 278//324
f 275//323 278//324 281//325
f 281//325 278//324 328//333
f 1190//330 280//332 279//331
f 281//325 328//333 327//328
f 285//246 351//334 212//259
f 214//194 215//257 287//335
f 213//258 350//336 215//257
f 348//318 282//316 349//326
f 283//253 237//279 284//251
f 285//246 359//337 351//334
f 289//338 359//337 285//246
f 215//257 350//336 287//335
f 286//265 214//194 287//335
f 287//335 291//339 286//265
f 287//335 350//336 352//340
f 352//340 291//339 287//335
f 297//341 298//342 296//343
f 238//278 284//251 237//279
f 209//255 284//251 288//344
f 284//251 238//278 288//344
f 238//278 299//280 288//344
f 209//255 288//344 285//246
f 285//246 288//344 289//338
f 288//344 299//280 367//345
f 288//344 367//345 289//338
f 240//266 286//265 290//283
f 286//265 291//339 290//283
f 290//283 293//346 301//282
f 291//339 292//347 290//283
f 290//283 292//347 293//346
f 291//339 294//348 292//347
f 294//348 296//343 292//347
f 292//347 296//343 293//346
f 360//349 294//348 291//339
f 294//348 361//350 295//351
f 294//348 295//351 296//343
f 360//349 291//339 354//352
f 361//350 294//348 360//349
f 361//350 297//341 295//351
f 297//341 296//343 295//351
f 296//343 302//353 293//346
f 296//343 298//342 302//353
f 298//342 370//354 302//353
f 299//280 368//291 1195//355
f 252//292 240//266 301//282
f 252//292 301//282 300//356
f 302//353 301//282 293//346
f 303//294 307//357 380//358
f 376//359 377//360 375//295
f 378//361 306//362 304//216
f 305//363 254//221 255//293
f 309//222 254//221 1188//364
f 304//216 306//362 255//293
f 306//362 305//363 255//293
f 381//365 309//222 1188//364
f 305//363 306//362 381//365
f 307//357 303//294 256//297
f 310//366 307//357 256//297
f 307//357 310//366 380//358
f 388//367 311//299 308//298
f 311//299 317//368 312//311
f 265//300 311//299 312//311
f 387//369 317//368 311//299
f 387//369 318//370 317//368
f 313//309 314//310 334//371
f 319//372 314//310 266//308
f 334//371 314//310 315//373
f 314//310 319//372 315//373
f 336//374 334//371 315//373
f 392//375 315//373 319//372
f 312//311 316//376 266//308
f 318//370 316//376 312//311
f 319//372 266//308 316//376
f 312//311 317//368 318//370
f 319//372 316//376 318//370
f 398//377 257//229 337//312
f 399//378 257//229 398//377
f 320//313 269//304 322//379
f 322//379 270//315 325//317
f 322//379 269//304 270//315
f 323//380 321//314 320//313
f 322//379 323//380 320//313
f 322//379 325//317 348//318
f 324//381 322//379 348//318
f 323//380 322//379 324//381
f 348//318 400//382 324//381
f 403//383 326//384 349//326
f 403//383 349//326 329//327
f 403//383 329//327 404//385
f 1190//330 331//386 280//332
f 280//332 331//386 333//387
f 280//332 333//387 328//333
f 329//327 327//328 406//388
f 327//328 328//333 406//388
f 1190//330 332//389 331//386
f 313//309 332//389 330//329
f 313//309 334//371 332//389
f 1191//390 406//388 328//333
f 332//389 334//371 335//391
f 331//386 332//389 335//391
f 331//386 408//392 333//387
f 331//386 335//391 408//392
f 1191//390 1199//393 406//388
f 336//374 335//391 334//371
f 337//312 341//394 355//395
f 339//396 1187//303 321//314
f 339//396 338//301 268//302
f 338//301 339//396 340//397
f 342//398 339//396 321//314
f 341//394 337//312 338//301
f 340//397 341//394 338//301
f 339//396 343//399 340//397
f 340//397 344//400 341//394
f 340//397 343//399 344//400
f 357//401 356//402 341//394
f 344//400 357//401 341//394
f 1192//403 358//404 1194//405
f 345//406 339//396 342//398
f 339//396 345//406 343//399
f 356//402 355//395 341//394
f 1192//403 343//399 345//406
f 1192//403 345//406 346//407
f 1192//403 346//407 358//404
f 347//408 345//406 342//398
f 346//407 347//408 358//404
f 347//408 346//407 345//406
f 348//318 349//326 400//382
f 1197//409 1193//409 1189//409
f 212//259 351//334 213//258
f 351//334 350//336 213//258
f 351//334 353//410 350//336
f 351//334 359//337 413//411
f 1203//412 412//413 351//334
f 354//352 291//339 352//340
f 353//410 352//340 350//336
f 352//340 414//414 354//352
f 351//334 412//413 353//410
f 352//340 353//410 412//413
f 297//341 361//350 355//395
f 361//350 360//349 354//352
f 415//415 337//312 355//395
f 354//352 355//395 361//350
f 355//395 354//352 414//414
f 414//414 415//415 355//395
f 337//312 415//415 410//416
f 356//402 298//342 297//341
f 356//402 357//401 298//342
f 1194//405 362//417 298//342
f 355//395 356//402 297//341
f 362//417 1194//405 358//404
f 358//404 364//418 362//417
f 347//408 417//419 358//404
f 417//419 364//418 358//404
f 289//338 367//345 359//337
f 362//417 370//354 298//342
f 362//417 363//420 370//354
f 370//354 363//420 372//421
f 364//418 365//422 362//417
f 365//422 363//420 362//417
f 372//421 363//420 365//422
f 417//419 365//422 364//418
f 365//422 417//419 418//423
f 365//422 418//423 366//424
f 461//425 418//423 417//419
f 1195//355 368//291 421//426
f 462//427 1195//355 421//426
f 252//292 300//356 368//291
f 368//291 369//428 421//426
f 369//428 368//291 300//356
f 373//429 369//428 300//356
f 373//429 300//356 423//430
f 301//282 423//430 300//356
f 302//353 371//431 301//282
f 371//431 423//430 301//282
f 370//354 371//431 302//353
f 372//421 371//431 370//354
f 365//422 366//424 372//421
f 371//431 372//421 422//432
f 424//433 372//421 366//424
f 423//430 371//431 422//432
f 374//296 303//294 380//358
f 428//434 374//296 380//358
f 380//358 310//366 428//434
f 428//434 431//435 374//296
f 375//295 374//296 430//436
f 430//436 432//437 375//295
f 432//437 376//359 375//295
f 374//296 431//435 430//436
f 375//295 377//360 304//216
f 377//360 376//359 379//438
f 379//438 378//361 377//360
f 437//439 378//361 379//438
f 433//440 379//438 376//359
f 441//441 378//361 437//439
f 433//440 437//439 379//438
f 377//360 378//361 304//216
f 441//441 306//362 378//361
f 306//362 441//441 384//442
f 383//443 309//222 381//365
f 383//443 382//444 309//222
f 382//444 308//298 309//222
f 382//444 388//367 308//298
f 306//362 384//442 381//365
f 381//365 384//442 383//443
f 383//443 385//445 382//444
f 385//445 390//446 382//444
f 385//445 384//442 386//447
f 383//443 384//442 385//445
f 385//445 386//447 391//448
f 385//445 391//448 390//446
f 384//442 441//441 386//447
f 442//449 391//448 386//447
f 442//449 386//447 441//441
f 388//367 389//450 311//299
f 387//369 311//299 389//450
f 389//450 318//370 387//369
f 390//446 388//367 382//444
f 390//446 389//450 388//367
f 395//451 391//448 442//449
f 391//448 395//451 389//450
f 390//446 391//448 389//450
f 310//366 256//297 257//229
f 393//452 315//373 392//375
f 336//374 315//373 393//452
f 392//375 394//453 393//452
f 319//372 394//453 392//375
f 395//451 394//453 319//372
f 396//454 393//452 394//453
f 395//451 397//455 394//453
f 397//455 396//454 394//453
f 396//454 444//456 393//452
f 444//456 407//457 393//452
f 442//449 397//455 395//451
f 443//458 396//454 397//455
f 443//458 444//456 396//454
f 389//450 319//372 318//370
f 395//451 319//372 389//450
f 323//380 324//381 401//459
f 401//459 324//381 400//382
f 321//314 402//460 448//461
f 323//380 402//460 321//314
f 401//459 402//460 323//380
f 402//460 449//462 448//461
f 402//460 401//459 447//463
f 400//382 447//463 401//459
f 411//464 321//314 448//461
f 400//382 326//384 403//383
f 403//383 451//465 400//382
f 403//383 404//385 451//465
f 404//385 406//388 405//466
f 329//327 406//388 404//385
f 451//465 404//385 405//466
f 408//392 335//391 336//374
f 1199//393 409//467 406//388
f 336//374 407//457 408//392
f 393//452 407//457 336//374
f 405//466 406//388 456//468
f 455//469 407//457 444//456
f 455//469 408//392 407//457
f 408//392 455//469 1200//470
f 398//377 337//312 410//416
f 399//378 398//377 410//416
f 410//416 457//471 399//378
f 457//471 410//416 415//415
f 411//464 342//398 321//314
f 411//464 347//408 342//398
f 506//472 413//411 359//337
f 352//340 412//413 414//414
f 1203//412 414//414 412//413
f 1203//412 506//472 414//414
f 414//414 506//472 458//473
f 415//415 414//414 458//473
f 416//474 417//419 347//408
f 411//464 416//474 347//408
f 459//475 416//474 411//464
f 359//337 367//345 516//476
f 516//476 506//472 359//337
f 462//427 516//476 1196//477
f 461//425 366//424 418//423
f 417//419 419//478 461//425
f 416//474 419//478 417//419
f 420//479 424//433 366//424
f 366//424 461//425 420//479
f 420//479 466//480 424//433
f 373//429 421//426 369//428
f 464//481 421//426 373//429
f 1204//482 372//421 424//433
f 424//433 466//480 1204//482
f 423//430 422//432 467//483
f 465//484 467//483 422//432
f 425//485 373//429 423//430
f 373//429 425//485 464//481
f 423//430 467//483 425//485
f 434//486 471//487 426//488
f 426//488 471//487 427//489
f 439//490 428//434 310//366
f 429//491 434//486 431//435
f 429//491 431//435 428//434
f 429//491 428//434 439//490
f 429//491 439//490 476//492
f 430//436 431//435 434//486
f 432//437 433//440 376//359
f 434//486 435//493 430//436
f 435//493 432//437 430//436
f 433//440 432//437 436//494
f 435//493 434//486 426//488
f 436//494 432//437 435//493
f 435//493 426//488 427//489
f 427//489 436//494 435//493
f 433//440 436//494 438//495
f 438//495 436//494 427//489
f 438//495 483//496 440//497
f 483//496 438//495 427//489
f 483//496 533//498 440//497
f 437//439 433//440 438//495
f 484//499 439//490 310//366
f 438//495 441//441 437//439
f 438//495 440//497 441//441
f 441//441 440//497 442//449
f 440//497 445//500 442//449
f 442//449 445//500 443//458
f 484//499 310//366 257//229
f 534//501 484//499 257//229
f 397//455 442//449 443//458
f 444//456 443//458 445//500
f 534//501 257//229 399//378
f 411//464 446//502 459//475
f 485//503 459//475 446//502
f 402//460 447//463 449//462
f 452//504 447//463 400//382
f 447//463 452//504 449//462
f 400//382 451//465 452//504
f 448//461 449//462 446//502
f 446//502 411//464 448//461
f 449//462 452//504 450//505
f 452//504 451//465 453//506
f 454//507 450//505 452//504
f 454//507 452//504 453//506
f 453//506 490//508 454//507
f 451//465 405//466 453//506
f 492//509 453//506 405//466
f 502//510 405//466 456//468
f 502//510 456//468 504//511
f 503//512 1200//470 455//469
f 456//468 1198//513 1201//514
f 455//469 444//456 445//500
f 445//500 503//512 455//469
f 1213//515 1202//516 1212//517
f 503//512 445//500 493//518
f 399//378 457//471 534//501
f 495//519 459//475 485//503
f 456//468 1201//514 504//511
f 1212//517 542//520 1213//515
f 457//471 415//415 458//473
f 506//472 534//501 458//473
f 458//473 534//501 457//471
f 460//521 459//475 508//522
f 460//521 461//425 419//478
f 420//479 461//425 460//521
f 459//475 460//521 419//478
f 459//475 419//478 416//474
f 463//523 420//479 460//521
f 466//480 420//479 463//523
f 460//521 551//524 463//523
f 464//481 517//525 421//426
f 1205//526 1204//482 466//480
f 470//527 466//480 463//523
f 464//481 425//485 468//528
f 468//528 425//485 467//483
f 468//528 467//483 519//529
f 517//525 468//528 519//529
f 465//484 469//530 467//483
f 464//481 468//528 517//525
f 467//483 469//530 519//529
f 466//480 470//527 1205//526
f 1205//526 470//527 1206//531
f 1206//531 470//527 520//532
f 519//529 469//530 1214//533
f 472//534 473//535 471//487
f 434//486 472//534 471//487
f 472//534 429//491 476//492
f 472//534 434//486 429//491
f 472//534 477//536 474//537
f 473//535 472//534 474//537
f 471//487 1207//538 481//539
f 477//536 472//534 476//492
f 481//539 427//489 471//487
f 1208//540 475//541 1207//538
f 1209//542 478//543 1208//540
f 475//541 481//539 1207//538
f 482//544 481//539 475//541
f 478//543 475//541 1208//540
f 1209//542 527//545 478//543
f 1217//546 477//536 528//547
f 528//547 477//536 476//492
f 480//548 482//544 475//541
f 475//541 1210//549 479//550
f 479//550 480//548 475//541
f 479//550 530//551 480//548
f 427//489 482//544 483//496
f 427//489 481//539 482//544
f 482//544 533//498 483//496
f 482//544 480//548 533//498
f 528//547 476//492 439//490
f 532//552 528//547 439//490
f 533//498 445//500 440//497
f 496//553 495//519 485//503
f 496//553 485//503 488//554
f 450//505 486//555 449//462
f 486//555 446//502 449//462
f 446//502 486//555 485//503
f 486//555 450//505 487//556
f 485//503 486//555 488//554
f 487//556 488//554 486//555
f 489//557 488//554 487//556
f 489//557 499//558 488//554
f 454//507 487//556 450//505
f 489//557 487//556 454//507
f 489//557 454//507 490//508
f 491//559 490//508 453//506
f 501//560 489//557 490//508
f 490//508 491//559 500//561
f 491//559 453//506 537//562
f 492//509 537//562 453//506
f 492//509 539//563 537//562
f 492//509 405//466 502//510
f 505//564 503//512 493//518
f 568//565 505//564 493//518
f 495//519 494//566 459//475
f 497//567 494//566 495//519
f 497//567 509//568 494//566
f 499//558 496//553 488//554
f 495//519 498//569 1211//570
f 495//519 496//553 498//569
f 497//567 511//571 509//568
f 496//553 499//558 498//569
f 1211//570 498//569 499//558
f 1211//570 513//572 511//571
f 499//558 513//572 1211//570
f 499//558 515//573 513//572
f 489//557 543//574 499//558
f 501//560 490//508 535//575
f 500//561 535//575 490//508
f 500//561 491//559 537//562
f 539//563 492//509 540//576
f 492//509 502//510 540//576
f 541//577 540//576 502//510
f 541//577 502//510 504//511
f 542//520 503//512 505//564
f 541//577 1213//515 542//520
f 630//578 534//501 506//472
f 494//566 507//579 459//475
f 508//522 459//475 507//579
f 509//568 507//579 494//566
f 510//580 507//579 509//568
f 508//522 510//580 512//581
f 508//522 507//579 510//580
f 512//581 548//582 508//522
f 511//571 510//580 509//568
f 548//582 460//521 508//522
f 510//580 511//571 512//581
f 514//583 511//571 513//572
f 512//581 511//571 514//583
f 513//572 515//573 514//583
f 515//573 548//582 514//583
f 548//582 512//581 514//583
f 587//584 548//582 515//573
f 499//558 543//574 515//573
f 516//476 462//427 549//585
f 460//521 548//582 551//524
f 462//427 421//426 517//525
f 549//585 462//427 517//525
f 518//586 463//523 551//524
f 463//523 518//586 470//527
f 518//586 551//524 552//587
f 550//588 517//525 524//589
f 521//590 520//532 470//527
f 517//525 519//529 524//589
f 519//529 1214//533 523//591
f 521//590 522//592 520//532
f 524//589 519//529 523//591
f 1214//533 1215//593 523//591
f 470//527 518//586 521//590
f 525//594 521//590 518//586
f 522//592 521//590 525//594
f 525//594 518//586 552//587
f 525//594 526//595 522//592
f 526//595 525//594 558//596
f 1215//593 1216//597 523//591
f 479//550 1210//549 1218//598
f 479//550 1218//598 530//551
f 530//551 533//498 480//548
f 528//547 529//599 1217//546
f 529//599 528//547 532//552
f 1218//598 1219//600 530//551
f 531//601 530//551 1219//600
f 532//552 1220//602 529//599
f 484//499 532//552 439//490
f 484//499 564//603 532//552
f 1220//602 532//552 564//603
f 530//551 531//601 565//604
f 565//604 531//601 563//605
f 566//606 564//603 484//499
f 493//518 445//500 533//498
f 484//499 534//501 567//607
f 493//518 628//608 568//565
f 543//574 489//557 501//560
f 535//575 543//574 501//560
f 500//561 536//609 535//575
f 535//575 536//609 569//610
f 535//575 569//610 543//574
f 536//609 500//561 537//562
f 536//609 537//562 538//611
f 536//609 538//611 569//610
f 538//611 571//612 569//610
f 539//563 540//576 544//613
f 539//563 538//611 537//562
f 539//563 544//613 571//612
f 538//611 539//563 571//612
f 544//613 540//576 541//577
f 541//577 545//614 544//613
f 547//615 542//520 505//564
f 541//577 542//520 546//616
f 547//615 546//616 542//520
f 568//565 547//615 505//564
f 543//574 587//584 515//573
f 571//612 544//613 545//614
f 545//614 541//577 546//616
f 547//615 572//617 546//616
f 573//618 1224//619 547//615
f 516//476 630//578 506//472
f 516//476 574//620 630//578
f 630//578 574//620 631//621
f 549//585 517//525 550//588
f 632//622 549//585 550//588
f 586//623 549//585 632//622
f 551//524 548//582 552//587
f 548//582 594//624 552//587
f 552//587 594//624 553//625
f 525//594 552//587 553//625
f 550//588 598//626 599//627
f 550//588 524//589 598//626
f 598//626 524//589 554//628
f 553//625 558//596 525//594
f 553//625 601//629 558//596
f 554//628 524//589 523//591
f 523//591 1216//597 554//628
f 526//595 558//596 559//630
f 555//631 557//632 554//628
f 554//628 1216//597 559//630
f 555//631 554//628 560//633
f 554//628 559//630 560//633
f 557//632 555//631 556//634
f 560//633 556//634 555//631
f 604//635 554//628 557//632
f 605//636 559//630 558//596
f 560//633 559//630 610//637
f 531//601 561//638 563//605
f 561//638 531//601 562//639
f 1223//640 1220//602 564//603
f 1223//640 564//603 626//641
f 626//641 561//638 562//639
f 626//641 563//605 561//638
f 564//603 653//642 626//641
f 566//606 653//642 564//603
f 530//551 565//604 533//498
f 652//643 565//604 563//605
f 493//518 533//498 628//608
f 533//498 565//604 628//608
f 566//606 484//499 657//644
f 567//607 657//644 484//499
f 567//607 630//578 657//644
f 654//645 566//606 657//644
f 628//608 629//646 568//565
f 567//607 534//501 630//578
f 569//610 575//647 543//574
f 543//574 575//647 587//584
f 575//647 569//610 576//648
f 569//610 571//612 576//648
f 576//648 571//612 580//649
f 545//614 570//650 571//612
f 545//614 581//651 570//650
f 546//616 572//617 582//652
f 546//616 582//652 581//651
f 546//616 581//651 545//614
f 573//618 584//653 1224//619
f 1225//654 582//652 572//617
f 568//565 573//618 547//615
f 575//647 578//655 587//584
f 576//648 577//656 578//655
f 576//648 580//649 577//656
f 576//648 578//655 575//647
f 577//656 588//657 578//655
f 581//651 583//658 570//650
f 571//612 570//650 580//649
f 583//658 579//659 570//650
f 579//659 580//649 570//650
f 582//652 583//658 581//651
f 1225//654 585//660 582//652
f 585//660 583//658 582//652
f 585//660 591//661 583//658
f 573//618 592//662 584//653
f 592//662 1226//663 584//653
f 592//662 1227//664 1226//663
f 574//620 516//476 586//623
f 516//476 549//585 586//623
f 548//582 587//584 594//624
f 587//584 588//657 594//624
f 588//657 587//584 578//655
f 596//665 602//666 588//657
f 577//656 589//667 596//665
f 596//665 588//657 577//656
f 589//667 580//649 579//659
f 579//659 583//658 589//667
f 580//649 589//667 577//656
f 583//658 590//668 589//667
f 590//668 583//658 591//661
f 592//662 593//669 1227//664
f 593//669 590//668 591//661
f 595//670 601//629 553//625
f 553//625 594//624 595//670
f 588//657 595//670 594//624
f 595//670 602//666 601//629
f 602//666 595//670 588//657
f 589//667 597//671 596//665
f 589//667 590//668 597//671
f 596//665 597//671 602//666
f 597//671 603//672 1228//673
f 590//668 593//669 633//674
f 590//668 633//674 597//671
f 633//674 603//672 597//671
f 593//669 635//675 633//674
f 550//588 599//627 632//622
f 638//676 632//622 599//627
f 598//626 600//677 599//627
f 600//677 638//676 599//627
f 601//629 606//678 558//596
f 601//629 622//679 606//678
f 602//666 1234//680 601//629
f 1230//681 1235//682 1229//683
f 603//672 633//674 642//684
f 1231//685 598//626 1221//686
f 600//677 598//626 1231//685
f 556//634 611//687 557//632
f 558//596 606//678 1232//688
f 610//637 559//630 605//636
f 612//689 556//634 608//690
f 556//634 560//633 608//690
f 608//690 560//633 609//691
f 560//633 610//637 609//691
f 612//689 611//687 556//634
f 1232//688 606//678 607//692
f 606//678 622//679 607//692
f 610//637 605//636 1233//693
f 612//689 608//690 613//694
f 608//690 609//691 613//694
f 613//694 609//691 616//695
f 609//691 610//637 616//695
f 611//687 614//696 1222//697
f 615//698 1233//693 1235//682
f 610//637 615//698 616//695
f 1233//693 615//698 610//637
f 612//689 613//694 618//699
f 613//694 616//695 618//699
f 611//687 612//689 617//700
f 614//696 611//687 617//700
f 623//701 1222//697 614//696
f 615//698 619//702 616//695
f 612//689 618//699 617//700
f 623//701 614//696 621//703
f 615//698 1230//681 619//702
f 617//700 618//699 619//702
f 618//699 616//695 619//702
f 617//700 619//702 620//704
f 614//696 617//700 620//704
f 620//704 621//703 614//696
f 619//702 644//705 643//706
f 644//705 619//702 1230//681
f 620//704 619//702 643//706
f 621//703 620//704 643//706
f 1230//681 615//698 1235//682
f 624//707 1231//685 1222//697
f 1222//697 623//701 624//707
f 649//708 624//707 625//709
f 625//709 624//707 623//701
f 623//701 648//710 625//709
f 625//709 648//710 650//711
f 621//703 647//712 623//701
f 623//701 647//712 648//710
f 651//713 626//641 653//642
f 563//605 626//641 627//714
f 627//714 652//643 563//605
f 628//608 565//604 652//643
f 655//715 628//608 652//643
f 656//716 628//608 655//715
f 628//608 656//716 629//646
f 656//716 658//717 629//646
f 629//646 658//717 568//565
f 658//717 573//618 568//565
f 592//662 573//618 658//717
f 631//621 659//718 630//578
f 630//578 659//718 657//644
f 631//621 574//620 661//719
f 634//720 635//675 593//669
f 592//662 663//721 634//720
f 592//662 634//720 593//669
f 632//622 664//722 586//623
f 632//622 638//676 664//722
f 635//675 636//723 633//674
f 635//675 637//724 636//723
f 634//720 637//724 635//675
f 663//721 637//724 634//720
f 637//724 663//721 665//725
f 665//725 636//723 637//724
f 639//726 638//676 600//677
f 669//727 664//722 638//676
f 747//728 664//722 669//727
f 639//726 669//727 638//676
f 642//684 640//729 1230//681
f 641//730 1230//681 640//729
f 640//729 670//731 641//730
f 670//731 640//729 642//684
f 1230//681 641//730 644//705
f 636//723 670//731 642//684
f 633//674 636//723 642//684
f 639//726 600//677 646//732
f 646//732 600//677 1231//685
f 621//703 643//706 647//712
f 641//730 643//706 644//705
f 643//706 641//730 647//712
f 641//730 679//733 647//712
f 645//734 1231//685 624//707
f 645//734 624//707 649//708
f 1231//685 645//734 646//732
f 645//734 674//735 646//732
f 679//733 648//710 647//712
f 645//734 649//708 673//736
f 673//736 674//735 645//734
f 649//708 625//709 650//711
f 648//710 677//737 650//711
f 677//737 648//710 679//733
f 673//736 649//708 650//711
f 678//738 650//711 677//737
f 627//714 626//641 651//713
f 651//713 680//739 686//740
f 687//741 652//643 627//714
f 653//642 566//606 654//645
f 653//642 681//742 680//739
f 681//742 653//642 654//645
f 680//739 651//713 653//642
f 689//743 655//715 652//643
f 687//741 689//743 652//643
f 689//743 693//744 655//715
f 695//745 655//715 693//744
f 692//746 654//645 657//644
f 692//746 657//644 744//747
f 695//745 656//716 655//715
f 656//716 695//745 658//717
f 744//747 657//644 659//718
f 697//748 658//717 695//745
f 660//749 592//662 658//717
f 658//717 697//748 660//749
f 631//621 661//719 659//718
f 661//719 574//620 586//623
f 664//722 661//719 586//623
f 661//719 698//750 659//718
f 661//719 747//728 698//750
f 697//748 662//751 660//749
f 664//722 747//728 661//719
f 662//751 663//721 660//749
f 666//752 663//721 662//751
f 660//749 663//721 592//662
f 670//731 636//723 665//725
f 666//752 665//725 663//721
f 667//753 665//725 666//752
f 667//753 670//731 665//725
f 700//754 667//753 666//752
f 668//755 669//727 639//726
f 641//730 670//731 671//756
f 670//731 667//753 671//756
f 671//756 679//733 641//730
f 700//754 671//756 667//753
f 639//726 646//732 672//757
f 668//755 639//726 672//757
f 675//758 646//732 674//735
f 675//758 672//757 646//732
f 676//759 674//735 673//736
f 702//760 676//759 673//736
f 675//758 674//735 676//759
f 703//761 675//758 676//759
f 703//761 676//759 702//760
f 673//736 650//711 1236//762
f 1236//762 702//760 673//736
f 678//738 677//737 701//763
f 677//737 679//733 704//764
f 681//742 654//645 692//746
f 680//739 681//742 682//765
f 680//739 1237//766 686//740
f 1237//766 685//767 683//768
f 1237//766 683//768 686//740
f 684//769 682//765 681//742
f 685//767 682//765 684//769
f 691//770 684//769 681//742
f 734//771 684//769 691//770
f 734//771 735//772 684//769
f 684//769 735//772 685//767
f 738//773 733//774 685//767
f 685//767 733//774 683//768
f 724//775 734//771 691//770
f 651//713 687//741 627//714
f 687//741 651//713 688//776
f 1238//777 688//776 651//713
f 689//743 687//741 688//776
f 683//768 688//776 1238//777
f 690//778 688//776 683//768
f 690//778 689//743 688//776
f 690//778 683//768 733//774
f 736//779 742//780 689//743
f 693//744 689//743 742//780
f 681//742 692//746 691//770
f 691//770 692//746 744//747
f 691//770 744//747 741//781
f 695//745 693//744 694//782
f 694//782 697//748 695//745
f 693//744 743//783 694//782
f 743//783 693//744 742//780
f 743//783 697//748 694//782
f 698//750 696//784 659//718
f 696//784 744//747 659//718
f 745//785 699//786 697//748
f 699//786 662//751 697//748
f 699//786 666//752 662//751
f 699//786 700//754 666//752
f 749//787 668//755 672//757
f 671//756 700//754 679//733
f 675//758 749//787 672//757
f 703//761 749//787 675//758
f 703//761 782//788 749//787
f 679//733 754//789 704//764
f 700//754 754//789 679//733
f 1236//762 701//763 702//760
f 704//764 701//763 677//737
f 702//760 701//763 705//790
f 705//790 701//763 706//791
f 702//760 750//792 703//761
f 702//760 705//790 750//792
f 701//763 704//764 706//791
f 756//793 750//792 705//790
f 705//790 706//791 755//794
f 704//764 754//789 706//791
f 708//795 711//796 707//797
f 708//795 707//797 715//798
f 709//799 714//800 713//801
f 711//796 1241//802 707//797
f 709//799 713//801 1239//803
f 710//804 711//796 708//795
f 711//796 712//805 1241//802
f 712//805 1242//806 1241//802
f 760//807 711//796 710//804
f 1242//806 712//805 759//808
f 712//805 711//796 760//807
f 759//808 712//805 764//809
f 1240//810 717//811 1243//812
f 714//800 765//813 713//801
f 714//800 766//814 765//813
f 717//811 713//801 765//813
f 1240//810 713//801 717//811
f 1242//806 759//808 766//814
f 768//815 716//816 719//817
f 716//816 708//795 715//798
f 718//818 716//816 715//798
f 710//804 708//795 716//816
f 720//819 1244//820 1243//812
f 1243//812 721//821 720//819
f 710//804 716//816 760//807
f 768//815 760//807 716//816
f 1243//812 717//811 721//821
f 765//813 769//822 717//811
f 718//818 719//817 716//816
f 718//818 723//823 719//817
f 717//811 773//824 721//821
f 1245//825 1244//820 722//826
f 1244//820 720//819 722//826
f 720//819 726//827 722//826
f 726//827 724//775 722//826
f 731//828 1245//825 722//826
f 722//826 730//829 731//828
f 722//826 724//775 730//829
f 729//830 731//828 730//829
f 1245//825 731//828 732//831
f 719//817 723//823 774//832
f 732//831 774//832 723//823
f 735//772 724//775 725//833
f 725//833 727//834 738//773
f 726//827 727//834 724//775
f 727//834 725//833 724//775
f 726//827 720//819 727//834
f 721//821 727//834 720//819
f 727//834 739//835 738//773
f 727//834 728//836 739//835
f 739//835 728//836 772//837
f 721//821 728//836 727//834
f 724//775 691//770 729//830
f 729//830 730//829 724//775
f 729//830 741//781 731//828
f 741//781 732//831 731//828
f 732//831 741//781 780//838
f 685//767 735//772 738//773
f 733//774 738//773 737//839
f 724//775 735//772 734//771
f 738//773 735//772 725//833
f 736//779 689//743 690//778
f 690//778 733//774 737//839
f 737//839 736//779 690//778
f 738//773 739//835 737//839
f 739//835 736//779 737//839
f 736//779 739//835 740//840
f 739//835 772//837 778//841
f 740//840 739//835 778//841
f 740//840 742//780 736//779
f 743//783 742//780 740//840
f 740//840 777//842 743//783
f 741//781 729//830 691//770
f 744//747 780//838 741//781
f 780//838 744//747 696//784
f 743//783 745//785 697//748
f 698//750 747//728 696//784
f 747//728 746//843 696//784
f 699//786 745//785 748//844
f 748//844 700//754 699//786
f 783//845 782//788 752//846
f 758//847 754//789 700//754
f 750//792 752//846 703//761
f 756//793 705//790 755//794
f 703//761 752//846 782//788
f 755//794 706//791 751//848
f 751//848 706//791 758//847
f 750//792 756//793 753//849
f 750//792 783//845 752//846
f 783//845 750//792 753//849
f 754//789 758//847 706//791
f 756//793 755//794 757//850
f 755//794 751//848 757//850
f 1246//851 751//848 758//847
f 767//852 759//808 764//809
f 759//808 795//853 766//814
f 759//808 767//852 795//853
f 712//805 761//854 764//809
f 764//809 761//854 767//852
f 760//807 761//854 712//805
f 762//855 761//854 760//807
f 767//852 761//854 763//856
f 763//856 761//854 762//855
f 762//855 760//807 768//815
f 762//855 800//857 763//856
f 717//811 769//822 773//824
f 770//858 768//815 719//817
f 803//859 768//815 770//858
f 803//859 770//858 805//860
f 773//824 769//822 806//861
f 771//862 770//858 719//817
f 771//862 719//817 774//832
f 770//858 771//862 805//860
f 807//863 805//860 771//862
f 807//863 771//862 776//864
f 773//824 728//836 721//821
f 772//837 728//836 773//824
f 808//865 773//824 806//861
f 773//824 808//865 772//837
f 775//866 774//832 732//831
f 775//866 732//831 780//838
f 775//866 776//864 774//832
f 771//862 774//832 776//864
f 777//842 740//840 778//841
f 808//865 778//841 772//837
f 778//841 779//867 777//842
f 808//865 779//867 778//841
f 811//868 780//838 815//869
f 780//838 811//868 775//866
f 779//867 781//870 777//842
f 781//870 743//783 777//842
f 779//867 810//871 781//870
f 815//869 780//838 696//784
f 816//872 815//869 696//784
f 781//870 745//785 743//783
f 819//873 747//728 669//727
f 818//874 748//844 745//785
f 866//875 700//754 748//844
f 668//755 749//787 820//876
f 669//727 668//755 820//876
f 749//787 782//788 821//877
f 821//877 820//876 749//787
f 821//877 782//788 823//878
f 823//878 782//788 783//845
f 783//845 753//849 784//879
f 823//878 783//845 784//879
f 784//879 753//849 756//793
f 756//793 757//850 785//880
f 756//793 824//881 784//879
f 700//754 790//882 758//847
f 790//882 700//754 825//883
f 900//884 825//883 700//754
f 1246//851 787//885 785//880
f 758//847 787//885 1246//851
f 756//793 785//880 786//886
f 785//880 788//887 786//886
f 787//885 758//847 790//882
f 785//880 787//885 792//888
f 824//881 756//793 786//886
f 824//881 786//886 826//889
f 826//889 786//886 788//887
f 790//882 792//888 787//885
f 785//880 789//890 788//887
f 785//880 792//888 789//890
f 788//887 789//890 791//891
f 791//891 789//890 792//888
f 793//892 791//891 792//888
f 827//893 788//887 794//894
f 788//887 791//891 794//894
f 793//892 792//888 790//882
f 788//887 827//893 826//889
f 1247//895 790//882 825//883
f 791//891 793//892 831//896
f 831//896 794//894 791//891
f 825//883 1248//897 1247//895
f 847//898 796//899 800//857
f 847//898 800//857 801//900
f 766//814 795//853 799//901
f 767//852 763//856 796//899
f 765//813 766//814 799//901
f 796//899 795//853 767//852
f 797//902 799//901 795//853
f 796//899 798//903 795//853
f 797//902 795//853 798//903
f 847//898 798//903 796//899
f 799//901 797//902 846//904
f 798//903 845//905 797//902
f 846//904 797//902 845//905
f 802//906 765//813 799//901
f 802//906 799//901 850//907
f 804//908 800//857 768//815
f 800//857 762//855 768//815
f 763//856 800//857 796//899
f 800//857 804//908 801//900
f 804//908 854//909 801//900
f 769//822 765//813 802//906
f 853//910 806//861 769//822
f 768//815 803//859 804//908
f 803//859 857//911 856//912
f 804//908 803//859 856//912
f 854//909 804//908 856//912
f 893//913 806//861 853//910
f 803//859 805//860 857//911
f 806//861 893//913 810//871
f 807//863 776//864 809//914
f 858//915 805//860 807//863
f 858//915 807//863 809//914
f 805//860 858//915 857//911
f 810//871 808//865 806//861
f 809//914 776//864 812//916
f 860//917 858//915 809//914
f 808//865 810//871 779//867
f 776//864 775//866 812//916
f 812//916 775//866 811//868
f 815//869 814//918 811//868
f 816//872 814//918 815//869
f 812//916 811//868 813//919
f 814//918 813//919 811//868
f 859//920 814//918 816//872
f 813//919 860//917 812//916
f 860//917 813//919 861//921
f 861//921 813//919 814//918
f 810//871 864//922 781//870
f 816//872 696//784 746//843
f 863//923 859//920 816//872
f 863//923 816//872 746//843
f 781//870 864//922 745//785
f 746//843 896//924 863//923
f 864//922 818//874 745//785
f 746//843 817//925 896//924
f 747//728 817//925 746//843
f 747//728 819//873 817//925
f 817//925 819//873 897//926
f 748//844 818//874 898//927
f 865//928 819//873 669//727
f 898//927 866//875 748//844
f 822//929 900//884 700//754
f 822//929 700//754 866//875
f 823//878 867//930 821//877
f 867//930 823//878 784//879
f 828//931 826//889 827//893
f 834//932 828//931 827//893
f 794//894 833//933 827//893
f 824//881 826//889 828//931
f 834//932 830//934 828//931
f 830//934 834//932 837//935
f 824//881 828//931 829//936
f 829//936 828//931 830//934
f 829//936 830//934 869//937
f 830//934 837//935 869//937
f 825//883 832//938 1248//897
f 840//939 794//894 831//896
f 840//939 1248//897 832//938
f 834//932 833//933 835//940
f 833//933 834//932 827//893
f 835//940 836//941 834//932
f 838//942 836//941 835//940
f 835//940 842//943 839//944
f 835//940 839//944 838//942
f 834//932 836//941 837//935
f 871//945 870//946 836//941
f 871//945 836//941 838//942
f 839//944 842//943 879//947
f 837//935 836//941 870//946
f 871//945 838//942 873//948
f 874//949 873//948 839//944
f 873//948 838//942 839//944
f 874//949 839//944 879//947
f 833//933 794//894 841//950
f 841//950 794//894 840//939
f 841//950 835//940 833//933
f 841//950 840//939 842//943
f 835//940 841//950 842//943
f 878//951 840//939 832//938
f 842//943 840//939 879//947
f 879//947 840//939 878//951
f 848//952 847//898 843//953
f 843//953 846//904 848//952
f 843//953 844//954 846//904
f 849//955 843//953 847//898
f 883//956 843//953 849//955
f 844//954 843//953 1250//957
f 888//958 846//904 1249//959
f 845//905 798//903 847//898
f 846//904 845//905 848//952
f 845//905 847//898 848//952
f 849//955 847//898 852//960
f 799//901 846//904 850//907
f 853//910 802//906 850//907
f 888//958 850//907 846//904
f 888//958 853//910 850//907
f 801//900 851//961 847//898
f 851//961 801//900 855//962
f 852//960 847//898 851//961
f 851//961 855//962 852//960
f 892//963 852//960 855//962
f 890//964 852//960 892//963
f 853//910 769//822 802//906
f 892//963 854//909 856//912
f 854//909 855//962 801//900
f 892//963 855//962 854//909
f 889//965 856//912 857//911
f 860//917 809//914 812//916
f 862//966 861//921 814//918
f 862//966 814//918 859//920
f 863//923 862//966 859//920
f 862//966 895//967 861//921
f 895//967 862//966 863//923
f 895//967 860//917 861//921
f 897//926 896//924 817//925
f 864//922 898//927 818//874
f 820//876 865//928 669//727
f 820//876 970//968 865//928
f 970//968 820//876 971//969
f 971//969 820//876 821//877
f 900//884 945//970 825//883
f 867//930 784//879 868//971
f 868//971 784//879 824//881
f 902//972 829//936 869//937
f 945//970 832//938 825//883
f 903//973 869//937 875//974
f 872//975 870//946 871//945
f 869//937 837//935 875//974
f 875//974 837//935 870//946
f 875//974 870//946 872//975
f 872//975 871//945 873//948
f 876//976 875//974 872//975
f 876//976 872//975 873//948
f 876//976 873//948 877//977
f 911//978 877//977 874//949
f 877//977 873//948 874//949
f 911//978 874//949 879//947
f 906//979 875//974 904//980
f 875//974 876//976 904//980
f 904//980 876//976 877//977
f 905//981 904//980 877//977
f 877//977 911//978 905//981
f 945//970 878//951 832//938
f 879//947 878//951 910//982
f 945//970 910//982 878//951
f 911//978 879//947 910//982
f 927//983 881//984 887//985
f 880//986 912//987 882//988
f 912//987 880//986 881//984
f 881//984 880//986 887//985
f 887//985 880//986 885//989
f 882//988 885//989 880//986
f 882//988 886//990 885//989
f 921//991 886//990 882//988
f 849//955 927//983 887//985
f 884//992 844//954 1250//957
f 1251//993 888//958 1249//959
f 885//989 886//990 1250//957
f 887//985 883//956 849//955
f 886//990 884//992 1250//957
f 888//958 1251//993 886//990
f 924//994 888//958 886//990
f 885//989 883//956 887//985
f 927//983 849//955 852//960
f 927//983 852//960 891//995
f 853//910 888//958 931//996
f 891//995 852//960 890//964
f 931//996 893//913 853//910
f 856//912 889//965 892//963
f 890//964 892//963 889//965
f 962//997 938//998 893//913
f 890//964 889//965 894//999
f 894//999 857//911 858//915
f 894//999 889//965 857//911
f 938//998 810//871 893//913
f 858//915 860//917 894//999
f 939//1000 894//999 860//917
f 864//922 810//871 938//998
f 860//917 895//967 939//1000
f 863//923 1252//1001 895//967
f 1252//1001 863//923 965//1002
f 863//923 896//924 965//1002
f 896//924 897//926 940//1003
f 819//873 865//928 897//926
f 897//926 941//1004 940//1003
f 968//1005 865//928 970//968
f 942//1006 822//929 866//875
f 900//884 822//929 899//1007
f 822//929 942//1006 899//1007
f 901//1008 900//884 899//1007
f 945//970 900//884 901//1008
f 821//877 867//930 943//1009
f 901//1008 977//1010 945//970
f 901//1008 972//1011 977//1010
f 868//971 824//881 829//936
f 902//972 868//971 829//936
f 943//1009 867//930 868//971
f 903//973 902//972 869//937
f 907//1012 903//973 906//979
f 875//974 906//979 903//973
f 906//979 904//980 908//1013
f 904//980 905//981 908//1013
f 908//1013 907//1012 906//979
f 902//972 903//973 909//1014
f 903//973 907//1012 909//1014
f 907//1012 908//1013 974//1015
f 1041//1016 908//1013 944//1017
f 944//1017 908//1013 905//981
f 909//1014 907//1012 974//1015
f 974//1015 908//1013 1041//1016
f 911//978 944//1017 905//981
f 946//1018 910//982 945//970
f 912//987 922//1019 882//988
f 881//984 914//1020 912//987
f 912//987 914//1020 913//1021
f 912//987 913//1021 922//1019
f 914//1020 881//984 915//1022
f 915//1022 881//984 927//983
f 914//1020 918//1023 917//1024
f 916//1025 913//1021 917//1024
f 913//1021 914//1020 917//1024
f 916//1025 922//1019 913//1021
f 918//1023 914//1020 915//1022
f 915//1022 927//983 928//1026
f 918//1023 915//1022 919//1027
f 919//1027 915//1022 928//1026
f 916//1025 920//1028 925//1029
f 948//1030 918//1023 919//1027
f 916//1025 917//1024 920//1028
f 917//1024 918//1023 948//1030
f 917//1024 948//1030 920//1028
f 947//1031 919//1027 928//1026
f 947//1031 948//1030 919//1027
f 921//991 882//988 922//1019
f 922//1019 923//1032 921//991
f 924//994 921//991 923//1032
f 924//994 886//990 921//991
f 925//1029 923//1032 922//1019
f 916//1025 925//1029 922//1019
f 925//1029 949//1033 923//1032
f 949//1033 924//994 923//1032
f 920//1028 950//1034 925//1029
f 950//1034 949//1033 925//1029
f 953//1035 926//1036 927//983
f 928//1026 927//983 926//1036
f 947//1031 928//1026 926//1036
f 929//1037 888//958 924//994
f 929//1037 924//994 951//1038
f 927//983 891//995 953//1035
f 929//1037 931//996 888//958
f 953//1035 891//995 930//1039
f 934//1040 893//913 932//1041
f 931//996 932//1041 893//913
f 932//1041 931//996 933//1042
f 931//996 929//1037 933//1042
f 935//1043 933//1042 929//1037
f 936//1044 932//1041 933//1042
f 934//1040 932//1041 936//1044
f 957//1045 935//1043 929//1037
f 935//1043 936//1044 933//1042
f 959//1046 935//1043 957//1045
f 891//995 890//964 894//999
f 891//995 894//999 930//1039
f 960//1047 930//1039 894//999
f 960//1047 894//999 937//1048
f 934//1040 962//997 893//913
f 934//1040 961//1049 962//997
f 999//1050 938//998 962//997
f 937//1048 894//999 939//1000
f 963//1051 937//1048 939//1000
f 963//1051 1252//1001 965//1002
f 967//1052 965//1002 896//924
f 965//1002 967//1052 1055//1053
f 967//1052 896//924 940//1003
f 1001//1054 940//1003 941//1004
f 897//926 865//928 941//1004
f 968//1005 941//1004 865//928
f 969//1055 898//927 864//922
f 969//1055 866//875 898//927
f 942//1006 866//875 969//1055
f 969//1055 1004//1056 942//1006
f 972//1011 901//1008 899//1007
f 972//1011 899//1007 942//1006
f 942//1006 973//1057 972//1011
f 943//1009 971//969 821//877
f 902//972 909//1014 975//1058
f 1005//1059 868//971 902//972
f 909//1014 974//1015 975//1058
f 975//1058 1005//1059 902//972
f 946//1018 977//1010 976//1060
f 910//982 1253//1061 911//978
f 977//1010 946//1018 945//970
f 944//1017 911//978 1253//1061
f 1254//1062 944//1017 1253//1061
f 920//1028 978//1063 979//1064
f 920//1028 948//1030 978//1063
f 983//1065 948//1030 947//1031
f 983//1065 978//1063 948//1030
f 979//1064 950//1034 920//1028
f 979//1064 980//1066 950//1034
f 924//994 952//1067 951//1038
f 924//994 949//1033 952//1067
f 950//1034 952//1067 949//1033
f 980//1066 981//1068 950//1034
f 952//1067 950//1034 981//1068
f 983//1065 947//1031 926//1036
f 929//1037 951//1038 956//1069
f 984//1070 956//1069 951//1038
f 984//1070 957//1045 956//1069
f 984//1070 951//1038 952//1067
f 954//1071 926//1036 953//1035
f 926//1036 954//1071 983//1065
f 955//1072 954//1071 953//1035
f 955//1072 986//1073 954//1071
f 929//1037 956//1069 957//1045
f 989//1074 959//1046 957//1045
f 955//1072 953//1035 930//1039
f 955//1072 930//1039 958//1075
f 958//1075 930//1039 960//1047
f 959//1046 936//1044 935//1043
f 958//1075 960//1047 992//1076
f 993//1077 992//1076 960//1047
f 936//1044 961//1049 934//1040
f 994//1078 962//997 961//1049
f 993//1077 960//1047 996//1079
f 937//1048 996//1079 960//1047
f 964//1080 864//922 938//998
f 999//1050 964//1080 938//998
f 998//1081 937//1048 963//1051
f 864//922 964//1080 966//1082
f 967//1052 940//1003 1001//1054
f 1002//1083 1001//1054 941//1004
f 966//1082 969//1055 864//922
f 1002//1083 941//1004 968//1005
f 970//968 971//969 1003//1084
f 1003//1084 971//969 943//1009
f 942//1006 1004//1056 973//1057
f 1005//1059 943//1009 868//971
f 977//1010 972//1011 1007//1085
f 974//1015 1038//1086 975//1058
f 1038//1086 974//1015 1041//1016
f 944//1017 1254//1062 1010//1087
f 1009//1088 976//1060 977//1010
f 1011//1089 980//1066 979//1064
f 979//1064 978//1063 1011//1089
f 1012//1090 982//1091 980//1066
f 1011//1089 1012//1090 980//1066
f 982//1091 981//1068 980//1066
f 983//1065 1013//1092 978//1063
f 983//1065 986//1073 987//1093
f 983//1065 987//1093 1013//1092
f 984//1070 952//1067 985//1094
f 985//1094 952//1067 981//1068
f 984//1070 1019//1095 957//1045
f 984//1070 985//1094 1019//1095
f 985//1094 981//1068 1017//1096
f 985//1094 1017//1096 1021//1097
f 1021//1097 1019//1095 985//1094
f 954//1071 986//1073 983//1065
f 988//1098 986//1073 955//1072
f 987//1093 986//1073 1018//1099
f 1047//1100 987//1093 1018//1099
f 988//1098 1018//1099 986//1073
f 1013//1092 987//1093 1047//1100
f 988//1098 1050//1101 1018//1099
f 1020//1102 989//1074 957//1045
f 1019//1095 1020//1102 957//1045
f 988//1098 955//1072 958//1075
f 958//1075 993//1077 988//1098
f 1050//1101 988//1098 993//1077
f 989//1074 990//1103 959//1046
f 990//1103 991//1104 959//1046
f 991//1104 936//1044 959//1046
f 991//1104 961//1049 936//1044
f 1020//1102 990//1103 989//1074
f 1020//1102 991//1104 990//1103
f 961//1049 991//1104 994//1078
f 1022//1105 994//1078 991//1104
f 1022//1105 991//1104 1020//1102
f 994//1078 1022//1105 1051//1106
f 1024//1107 994//1078 1051//1106
f 993//1077 958//1075 992//1076
f 1024//1107 999//1050 962//997
f 994//1078 1024//1107 962//997
f 997//1108 996//1079 937//1048
f 998//1081 997//1108 937//1048
f 995//1109 997//1108 1026//1110
f 995//1109 1025//1111 993//1077
f 1025//1111 995//1109 1026//1110
f 1026//1110 997//1108 998//1081
f 1026//1110 998//1081 1030//1112
f 997//1108 993//1077 996//1079
f 995//1109 993//1077 997//1108
f 999//1050 1032//1113 964//1080
f 1000//1114 963//1051 965//1002
f 1078//1115 963//1051 1000//1114
f 965//1002 1055//1053 1000//1114
f 1001//1054 1055//1053 967//1052
f 969//1055 966//1082 1056//1116
f 1033//1117 1001//1054 1002//1083
f 1034//1118 970//968 1003//1084
f 1061//1119 1003//1084 943//1009
f 943//1009 1005//1059 1061//1119
f 1036//1120 1035//1121 1004//1056
f 1004//1056 1035//1121 973//1057
f 1040//1122 973//1057 1035//1121
f 1040//1122 1035//1121 1037//1123
f 1006//1124 1005//1059 975//1058
f 1007//1085 972//1011 1040//1122
f 1007//1085 1040//1122 1008//1125
f 1040//1122 972//1011 973//1057
f 1041//1016 944//1017 1010//1087
f 975//1058 1038//1086 1006//1124
f 977//1010 1008//1125 1009//1088
f 1010//1087 1254//1062 1009//1088
f 1008//1125 977//1010 1007//1085
f 1014//1126 1017//1096 982//1091
f 1014//1126 982//1091 1012//1090
f 978//1063 1013//1092 1011//1089
f 1013//1092 1045//1127 1015//1128
f 1011//1089 1015//1128 1012//1090
f 1013//1092 1015//1128 1011//1089
f 1014//1126 1016//1129 1017//1096
f 1014//1126 1012//1090 1015//1128
f 1043//1130 1016//1129 1014//1126
f 1043//1130 1014//1126 1015//1128
f 1046//1131 1016//1129 1044//1132
f 1017//1096 981//1068 982//1091
f 1016//1129 1046//1131 1017//1096
f 1046//1131 1021//1097 1017//1096
f 1050//1101 1047//1100 1018//1099
f 1072//1133 1013//1092 1047//1100
f 1013//1092 1072//1133 1045//1127
f 1023//1134 1020//1102 1019//1095
f 1023//1134 1019//1095 1021//1097
f 1022//1105 1020//1102 1023//1134
f 1021//1097 1046//1131 1023//1134
f 1023//1134 1048//1135 1022//1105
f 1046//1131 1048//1135 1023//1134
f 1048//1135 1051//1106 1022//1105
f 1050//1101 993//1077 1052//1136
f 1052//1136 993//1077 1029//1137
f 1024//1107 1054//1138 999//1050
f 1024//1107 1074//1139 1054//1138
f 1029//1137 993//1077 1025//1111
f 1027//1140 1026//1110 1028//1141
f 1027//1140 1025//1111 1026//1110
f 1026//1110 1030//1112 1028//1141
f 1029//1137 1025//1111 1027//1140
f 1029//1137 1027//1140 1028//1141
f 1029//1137 1028//1141 1031//1142
f 1031//1142 1028//1141 1030//1112
f 1031//1142 1030//1112 998//1081
f 1029//1137 1053//1143 1052//1136
f 1053//1143 1029//1137 1031//1142
f 1031//1142 998//1081 963//1051
f 1097//1144 1031//1142 963//1051
f 1032//1113 966//1082 964//1080
f 1098//1145 966//1082 1032//1113
f 1055//1053 1078//1115 1000//1114
f 968//1005 1057//1146 1002//1083
f 1033//1117 1002//1083 1057//1146
f 1034//1118 1057//1146 968//1005
f 1034//1118 968//1005 970//968
f 1058//1147 1059//1148 969//1055
f 1003//1084 1083//1149 1034//1118
f 1059//1148 1004//1056 969//1055
f 1059//1148 1036//1120 1004//1056
f 1037//1123 1035//1121 1036//1120
f 1063//1150 1040//1122 1037//1123
f 1039//1151 1009//1088 1008//1125
f 1064//1152 1039//1151 1008//1125
f 1009//1088 1039//1151 1010//1087
f 1064//1152 1008//1125 1063//1150
f 1042//1153 1010//1087 1039//1151
f 1063//1150 1008//1125 1040//1122
f 1041//1016 1010//1087 1042//1153
f 1044//1132 1016//1129 1043//1130
f 1045//1127 1043//1130 1015//1128
f 1068//1154 1043//1130 1045//1127
f 1044//1132 1043//1130 1068//1154
f 1049//1155 1044//1132 1069//1156
f 1046//1131 1044//1132 1049//1155
f 1046//1131 1049//1155 1048//1135
f 1047//1100 1050//1101 1070//1157
f 1072//1133 1047//1100 1070//1157
f 1072//1133 1089//1158 1045//1127
f 1075//1159 1048//1135 1049//1155
f 1048//1135 1255//1160 1051//1106
f 1070//1157 1050//1101 1052//1136
f 1051//1106 1074//1139 1024//1107
f 1053//1143 1070//1157 1052//1136
f 1070//1157 1053//1143 1077//1161
f 1054//1138 1032//1113 999//1050
f 1076//1162 1032//1113 1054//1138
f 1054//1138 1074//1139 1076//1162
f 1077//1161 1053//1143 1031//1142
f 1077//1161 1031//1142 1097//1144
f 1097//1144 963//1051 1078//1115
f 1055//1053 1001//1054 1099//1163
f 1056//1116 966//1082 1098//1145
f 1121//1164 1056//1116 1098//1145
f 1099//1163 1001//1054 1033//1117
f 1033//1117 1100//1165 1099//1163
f 969//1055 1056//1116 1101//1166
f 1100//1165 1033//1117 1057//1146
f 1100//1165 1057//1146 1123//1167
f 1123//1167 1057//1146 1034//1118
f 1103//1168 1123//1167 1034//1118
f 1034//1118 1083//1149 1103//1168
f 1083//1149 1003//1084 1061//1119
f 1060//1169 1036//1120 1059//1148
f 1037//1123 1036//1120 1060//1169
f 1108//1170 1061//1119 1085//1171
f 1087//1172 1062//1173 1066//1174
f 1063//1150 1037//1123 1065//1175
f 1065//1175 1037//1123 1060//1169
f 1063//1150 1065//1175 1064//1152
f 1062//1173 1064//1152 1066//1174
f 1066//1174 1064//1152 1065//1175
f 1061//1119 1005//1059 1006//1124
f 1085//1171 1006//1124 1038//1086
f 1061//1119 1006//1124 1085//1171
f 1041//1016 1088//1176 1038//1086
f 1085//1171 1038//1086 1088//1176
f 1042//1153 1067//1177 1041//1016
f 1041//1016 1067//1177 1088//1176
f 1064//1152 1062//1173 1039//1151
f 1067//1177 1039//1151 1062//1173
f 1039//1151 1067//1177 1042//1153
f 1062//1173 1087//1172 1067//1177
f 1069//1156 1044//1132 1068//1154
f 1045//1127 1089//1158 1095//1178
f 1095//1178 1068//1154 1045//1127
f 1095//1178 1069//1156 1068//1154
f 1075//1159 1049//1155 1069//1156
f 1071//1179 1072//1133 1070//1157
f 1072//1133 1073//1180 1089//1158
f 1071//1179 1073//1180 1072//1133
f 1255//1160 1074//1139 1051//1106
f 1069//1156 1090//1181 1075//1159
f 1069//1156 1095//1178 1090//1181
f 1096//1182 1075//1159 1090//1181
f 1074//1139 1255//1160 1096//1182
f 1070//1157 1077//1161 1091//1183
f 1096//1182 1076//1162 1074//1139
f 1101//1166 1056//1116 1121//1164
f 1099//1163 1100//1165 1122//1184
f 1101//1166 1079//1185 969//1055
f 1079//1185 1058//1147 969//1055
f 1060//1169 1059//1148 1081//1186
f 1081//1186 1059//1148 1058//1147
f 1081//1186 1058//1147 1080//1187
f 1080//1187 1082//1188 1081//1186
f 1082//1188 1060//1169 1081//1186
f 1082//1188 1065//1175 1060//1169
f 1107//1189 1065//1175 1082//1188
f 1083//1149 1061//1119 1108//1170
f 1067//1177 1087//1172 1088//1176
f 1088//1176 1086//1190 1085//1171
f 1087//1172 1086//1190 1088//1176
f 1066//1174 1109//1191 1087//1172
f 1084//1192 1066//1174 1065//1175
f 1084//1192 1109//1191 1066//1174
f 1073//1180 1071//1179 1093//1193
f 1093//1193 1089//1158 1073//1180
f 1070//1157 1091//1183 1071//1179
f 1091//1183 1093//1193 1071//1179
f 1091//1183 1092//1194 1093//1193
f 1092//1194 1091//1183 1077//1161
f 1094//1195 1093//1193 1092//1194
f 1093//1193 1095//1178 1089//1158
f 1090//1181 1095//1178 1110//1196
f 1093//1193 1256//1197 1095//1178
f 1110//1196 1095//1178 1256//1197
f 1096//1182 1098//1145 1076//1162
f 1097//1144 1092//1194 1077//1161
f 1076//1162 1098//1145 1032//1113
f 1113//1198 1098//1145 1096//1182
f 1110//1196 1114//1199 1090//1181
f 1090//1181 1114//1199 1096//1182
f 1113//1198 1096//1182 1114//1199
f 1112//1200 1097//1144 1078//1115
f 1097//1144 1112//1200 1092//1194
f 1113//1198 1119//1201 1098//1145
f 1055//1053 1099//1163 1078//1115
f 1121//1164 1098//1145 1119//1201
f 1099//1163 1118//1202 1115//1203
f 1122//1184 1100//1165 1123//1167
f 1158//1204 1127//1205 1101//1166
f 1101//1166 1102//1206 1079//1185
f 1101//1166 1127//1205 1102//1206
f 1102//1206 1127//1205 1104//1207
f 1103//1168 1108//1170 1124//1208
f 1083//1149 1108//1170 1103//1168
f 1103//1168 1124//1208 1123//1167
f 1058//1147 1079//1185 1102//1206
f 1058//1147 1102//1206 1080//1187
f 1102//1206 1104//1207 1080//1187
f 1080//1187 1104//1207 1106//1209
f 1104//1207 1105//1210 1257//1211
f 1127//1205 1128//1212 1104//1207
f 1104//1207 1126//1213 1105//1210
f 1085//1171 1134//1214 1108//1170
f 1134//1214 1109//1191 1135//1215
f 1135//1215 1109//1191 1107//1189
f 1107//1189 1084//1192 1065//1175
f 1105//1210 1107//1189 1257//1211
f 1084//1192 1107//1189 1109//1191
f 1106//1209 1082//1188 1080//1187
f 1257//1211 1107//1189 1082//1188
f 1109//1191 1134//1214 1086//1190
f 1134//1214 1085//1171 1086//1190
f 1086//1190 1087//1172 1109//1191
f 1092//1194 1111//1216 1094//1195
f 1110//1196 1256//1197 1111//1216
f 1110//1196 1111//1216 1136//1217
f 1112//1200 1111//1216 1092//1194
f 1138//1218 1110//1196 1136//1217
f 1113//1198 1114//1199 1119//1201
f 1137//1219 1110//1196 1138//1218
f 1112//1200 1078//1115 1115//1203
f 1112//1200 1116//1220 1111//1216
f 1099//1163 1115//1203 1078//1115
f 1115//1203 1117//1221 1112//1200
f 1112//1200 1117//1221 1116//1220
f 1116//1220 1136//1217 1111//1216
f 1136//1217 1116//1220 1117//1221
f 1137//1219 1114//1199 1110//1196
f 1119//1201 1114//1199 1137//1219
f 1137//1219 1145//1222 1119//1201
f 1118//1202 1099//1163 1120//1223
f 1115//1203 1118//1202 1117//1221
f 1120//1223 1143//1224 1118//1202
f 1119//1201 1146//1225 1121//1164
f 1122//1184 1120//1223 1099//1163
f 1122//1184 1147//1226 1120//1223
f 1147//1226 1143//1224 1120//1223
f 1146//1225 1158//1204 1121//1164
f 1121//1164 1158//1204 1101//1166
f 1123//1167 1124//1208 1147//1226
f 1147//1226 1124//1208 1129//1227
f 1128//1212 1125//1228 1126//1213
f 1163//1229 1125//1228 1158//1204
f 1163//1229 1126//1213 1125//1228
f 1163//1229 1165//1230 1126//1213
f 1165//1230 1133//1231 1131//1232
f 1158//1204 1125//1228 1127//1205
f 1127//1205 1125//1228 1128//1212
f 1128//1212 1126//1213 1104//1207
f 1134//1214 1130//1233 1129//1227
f 1130//1233 1161//1234 1129//1227
f 1107//1189 1105//1210 1135//1215
f 1131//1232 1105//1210 1126//1213
f 1130//1233 1134//1214 1132//1235
f 1132//1235 1135//1215 1131//1232
f 1135//1215 1105//1210 1131//1232
f 1165//1230 1131//1232 1126//1213
f 1130//1233 1132//1235 1133//1231
f 1132//1235 1131//1232 1133//1231
f 1164//1236 1161//1234 1130//1233
f 1164//1236 1130//1233 1133//1231
f 1129//1227 1124//1208 1108//1170
f 1108//1170 1134//1214 1129//1227
f 1135//1215 1132//1235 1134//1214
f 1138//1218 1136//1217 1141//1237
f 1139//1238 1136//1217 1117//1221
f 1118//1202 1139//1238 1117//1221
f 1136//1217 1139//1238 1141//1237
f 1140//1239 1137//1219 1138//1218
f 1139//1238 1118//1202 1143//1224
f 1143//1224 1142//1240 1139//1238
f 1139//1238 1142//1240 1141//1237
f 1138//1218 1144//1241 1140//1239
f 1144//1241 1145//1222 1140//1239
f 1137//1219 1140//1239 1145//1222
f 1142//1240 1138//1218 1141//1237
f 1138//1218 1142//1240 1144//1241
f 1149//1242 1143//1224 1147//1226
f 1143//1224 1149//1242 1142//1240
f 1149//1242 1144//1241 1142//1240
f 1145//1222 1146//1225 1119//1201
f 1152//1243 1146//1225 1145//1222
f 1152//1243 1145//1222 1150//1244
f 1150//1244 1145//1222 1144//1241
f 1147//1226 1122//1184 1123//1167
f 1155//1245 1146//1225 1152//1243
f 1152//1243 1150//1244 1151//1246
f 1148//1247 1149//1242 1147//1226
f 1155//1245 1154//1248 1160//1249
f 1144//1241 1149//1242 1150//1244
f 1150//1244 1149//1242 1151//1246
f 1149//1242 1148//1247 1151//1246
f 1152//1243 1151//1246 1154//1248
f 1152//1243 1154//1248 1155//1245
f 1148//1247 1153//1250 1151//1246
f 1151//1246 1153//1250 1154//1248
f 1146//1225 1155//1245 1158//1204
f 1155//1245 1160//1249 1158//1204
f 1148//1247 1147//1226 1162//1251
f 1162//1251 1156//1252 1148//1247
f 1154//1248 1153//1250 1157//1253
f 1154//1248 1157//1253 1160//1249
f 1148//1247 1156//1252 1153//1250
f 1153//1250 1156//1252 1157//1253
f 1158//1204 1159//1254 1163//1229
f 1159//1254 1166//1255 1163//1229
f 1157//1253 1166//1255 1159//1254
f 1158//1204 1160//1249 1159//1254
f 1159//1254 1160//1249 1157//1253
f 1129//1227 1162//1251 1147//1226
f 1161//1234 1156//1252 1162//1251
f 1129//1227 1161//1234 1162//1251
f 1156//1252 1161//1234 1164//1236
f 1157//1253 1156//1252 1166//1255
f 1166//1255 1156//1252 1164//1236
f 1163//1229 1166//1255 1165//1230
f 1166//1255 1164//1236 1165//1230
f 1165//1230 1164//1236 1133//1231
