# Blender 4.0.2
# www.blender.org
mtllib rib6_l.mtl
o rib6_l
v 0.143427 -0.102409 -0.069974
v 0.143549 -0.101949 -0.069875
v 0.143272 -0.103019 -0.070132
v 0.143195 -0.102489 -0.070154
v 0.143305 -0.102089 -0.070056
v 0.142855 -0.102969 -0.070524
v 0.142880 -0.101919 -0.070500
v 0.144124 -0.100929 -0.069556
v 0.143832 -0.101039 -0.069704
v 0.144127 -0.100269 -0.069562
v 0.143789 -0.100389 -0.069822
v 0.143441 -0.101489 -0.069974
v 0.145056 -0.099429 -0.069224
v 0.144689 -0.099489 -0.069323
v 0.144480 -0.099409 -0.069439
v 0.144121 -0.099629 -0.069673
v 0.144394 -0.098659 -0.069679
v 0.145771 -0.097839 -0.069055
v 0.145427 -0.097959 -0.069130
v 0.145685 -0.097499 -0.069088
v 0.145352 -0.097589 -0.069201
v 0.144915 -0.098019 -0.069396
v 0.145185 -0.097459 -0.069339
v 0.145052 -0.097139 -0.069603
v 0.145933 -0.097359 -0.069057
v 0.145757 -0.097039 -0.069164
v 0.146027 -0.097059 -0.069105
v 0.146082 -0.096739 -0.069222
v 0.145596 -0.097199 -0.069169
v 0.145876 -0.096869 -0.069193
v 0.146304 -0.096599 -0.069296
v 0.145408 -0.097109 -0.069303
v 0.145547 -0.096929 -0.069296
v 0.145699 -0.096769 -0.069304
v 0.145761 -0.096569 -0.069443
v 0.145879 -0.096629 -0.069337
v 0.146071 -0.096529 -0.069384
v 0.145545 -0.096679 -0.069466
v 0.145967 -0.096419 -0.069546
v 0.145259 -0.096799 -0.069627
v 0.145612 -0.096459 -0.069661
v 0.143147 -0.107159 -0.071056
v 0.142801 -0.105739 -0.070988
v 0.143610 -0.104379 -0.070232
v 0.144388 -0.103609 -0.070318
v 0.143319 -0.103879 -0.070216
v 0.143209 -0.104609 -0.070421
v 0.142935 -0.104139 -0.070582
v 0.144060 -0.102509 -0.069771
v 0.143852 -0.102319 -0.069769
v 0.143680 -0.103189 -0.069961
v 0.144487 -0.101189 -0.069507
v 0.145721 -0.099259 -0.069408
v 0.146091 -0.097669 -0.069054
v 0.146576 -0.097469 -0.069201
v 0.146261 -0.097099 -0.069093
v 0.146332 -0.096859 -0.069157
v 0.146492 -0.097159 -0.069123
v 0.146770 -0.096849 -0.069237
v 0.147002 -0.096699 -0.069370
v 0.147110 -0.096989 -0.069351
v 0.147392 -0.097119 -0.069545
v 0.147382 -0.096839 -0.069491
v 0.146573 -0.096729 -0.069241
v 0.147375 -0.096629 -0.069580
v 0.147584 -0.096649 -0.069688
v 0.146583 -0.096499 -0.069402
v 0.146985 -0.096439 -0.069555
v 0.147386 -0.096449 -0.069743
v 0.146314 -0.096419 -0.069470
v 0.146739 -0.096319 -0.069635
v 0.147312 -0.096299 -0.069912
v 0.146445 -0.096249 -0.069740
v 0.146871 -0.096189 -0.069912
v 0.147160 -0.096099 -0.070287
v 0.147599 -0.096219 -0.070445
v 0.143046 -0.110219 -0.071912
v 0.142874 -0.110799 -0.072321
v 0.142600 -0.110349 -0.072420
v 0.143031 -0.109029 -0.071522
v 0.143206 -0.108619 -0.071423
v 0.143457 -0.108919 -0.071648
v 0.142876 -0.108919 -0.071560
v 0.142947 -0.108629 -0.071467
v 0.142823 -0.109929 -0.071895
v 0.142647 -0.109089 -0.071874
v 0.142611 -0.109879 -0.072162
v 0.143295 -0.107569 -0.071134
v 0.143706 -0.106919 -0.071110
v 0.143110 -0.108349 -0.071342
v 0.143562 -0.107749 -0.071316
v 0.143052 -0.107979 -0.071288
v 0.142829 -0.108089 -0.071444
v 0.147912 -0.096839 -0.069825
v 0.148416 -0.097019 -0.070151
v 0.147866 -0.096549 -0.070024
v 0.148387 -0.096739 -0.070332
v 0.148779 -0.096809 -0.070812
v 0.148823 -0.096749 -0.071265
v 0.143506 -0.112809 -0.073256
v 0.143100 -0.112429 -0.073375
v 0.143670 -0.110859 -0.072453
v 0.143156 -0.111639 -0.072629
v 0.142871 -0.111519 -0.072855
v 0.149158 -0.097309 -0.070696
v 0.149702 -0.097799 -0.071204
v 0.150207 -0.097879 -0.071554
v 0.149183 -0.097099 -0.070825
v 0.149955 -0.097569 -0.071357
v 0.149587 -0.097229 -0.071324
v 0.150189 -0.097639 -0.071721
v 0.149774 -0.097299 -0.071884
v 0.143711 -0.112809 -0.073162
v 0.143946 -0.113029 -0.073358
v 0.143750 -0.113189 -0.073460
v 0.144162 -0.113929 -0.073928
v 0.143683 -0.113489 -0.073827
v 0.143028 -0.113129 -0.074233
v 0.150371 -0.097939 -0.071693
v 0.150300 -0.098189 -0.071721
v 0.150485 -0.097979 -0.071891
v 0.150603 -0.098249 -0.071951
v 0.150501 -0.098529 -0.071985
v 0.150464 -0.097889 -0.071945
v 0.150607 -0.098059 -0.072075
v 0.150902 -0.098629 -0.072414
v 0.150259 -0.097679 -0.072039
v 0.150499 -0.097929 -0.072208
v 0.150744 -0.098279 -0.072463
v 0.150934 -0.098739 -0.072803
v 0.144429 -0.114719 -0.074687
v 0.151135 -0.101559 -0.073585
v 0.151488 -0.101539 -0.073952
v 0.151419 -0.101199 -0.074122
v 0.150838 -0.099619 -0.072637
v 0.151046 -0.100889 -0.073254
v 0.151308 -0.100589 -0.073336
v 0.151381 -0.100889 -0.073509
v 0.151168 -0.099449 -0.073084
v 0.151395 -0.100639 -0.073570
v 0.151344 -0.100299 -0.073430
v 0.151441 -0.100899 -0.073699
v 0.151285 -0.100229 -0.073662
v 0.145484 -0.115439 -0.075113
v 0.146013 -0.116099 -0.075669
v 0.146402 -0.115909 -0.075798
v 0.146349 -0.116219 -0.075904
v 0.145459 -0.115889 -0.075462
v 0.145912 -0.116169 -0.075776
v 0.146256 -0.116269 -0.075968
v 0.146536 -0.116289 -0.076104
v 0.145023 -0.115749 -0.075715
v 0.145446 -0.116029 -0.075835
v 0.145729 -0.116189 -0.076090
v 0.146289 -0.116319 -0.076297
v 0.150716 -0.103259 -0.074005
v 0.151469 -0.102519 -0.074293
v 0.151490 -0.102129 -0.074155
v 0.151508 -0.101889 -0.074317
v 0.151531 -0.102489 -0.074532
v 0.146834 -0.116099 -0.076140
v 0.146627 -0.116319 -0.076233
v 0.146696 -0.116249 -0.076158
v 0.147037 -0.116289 -0.076345
v 0.147339 -0.116369 -0.076613
v 0.147533 -0.116139 -0.076566
v 0.147622 -0.116279 -0.076688
v 0.147894 -0.116359 -0.076948
v 0.146792 -0.116379 -0.076675
v 0.147434 -0.116399 -0.076898
v 0.151444 -0.107509 -0.076255
v 0.151563 -0.104969 -0.075419
v 0.148189 -0.116179 -0.076994
v 0.148473 -0.116039 -0.077115
v 0.148086 -0.116329 -0.077079
v 0.148295 -0.116289 -0.077174
v 0.148526 -0.116169 -0.077261
v 0.148679 -0.115949 -0.077237
v 0.148795 -0.116029 -0.077363
v 0.147824 -0.116359 -0.077354
v 0.148275 -0.116239 -0.077527
v 0.148606 -0.116149 -0.077483
v 0.149028 -0.115899 -0.077611
v 0.148474 -0.116089 -0.077764
v 0.148895 -0.115829 -0.077873
v 0.149163 -0.115649 -0.077422
v 0.149637 -0.115249 -0.077657
v 0.149913 -0.114689 -0.077570
v 0.149485 -0.115459 -0.077672
v 0.149287 -0.115559 -0.077883
v 0.149604 -0.115229 -0.077902
v 0.149975 -0.114729 -0.077869
v 0.149745 -0.114819 -0.078075
v 0.149965 -0.114469 -0.078070
v 0.150074 -0.113559 -0.077238
v 0.150194 -0.114369 -0.077717
v 0.150571 -0.113519 -0.077591
v 0.150212 -0.114389 -0.077860
v 0.150404 -0.114029 -0.077825
v 0.150571 -0.113659 -0.077774
v 0.150702 -0.113279 -0.077702
v 0.150771 -0.112989 -0.077632
v 0.150185 -0.114119 -0.078024
v 0.150325 -0.113519 -0.078077
v 0.150497 -0.112899 -0.077987
v 0.150598 -0.112319 -0.077157
v 0.150729 -0.112359 -0.077711
v 0.150945 -0.110829 -0.077315
v 0.142266 -0.100589 -0.071286
v 0.144557 -0.097639 -0.069861
v 0.144519 -0.097129 -0.070159
v 0.144206 -0.096759 -0.070806
v 0.145809 -0.096149 -0.070063
v 0.145085 -0.096409 -0.070180
v 0.145328 -0.096249 -0.070181
v 0.145530 -0.095929 -0.070694
v 0.142017 -0.106619 -0.072362
v 0.146367 -0.095939 -0.070481
v 0.147299 -0.095959 -0.070980
v 0.146542 -0.095739 -0.071167
v 0.145963 -0.095659 -0.071309
v 0.146589 -0.095559 -0.072016
v 0.147787 -0.096179 -0.071016
v 0.148218 -0.096329 -0.071760
v 0.147399 -0.095839 -0.072624
v 0.147339 -0.095849 -0.071816
v 0.149331 -0.096999 -0.071842
v 0.149565 -0.097149 -0.072233
v 0.148617 -0.096559 -0.072922
v 0.142850 -0.113619 -0.075188
v 0.150318 -0.097809 -0.072587
v 0.150526 -0.098159 -0.072939
v 0.149827 -0.097399 -0.072771
v 0.150177 -0.098299 -0.074265
v 0.150657 -0.099689 -0.074733
v 0.150710 -0.098979 -0.073852
v 0.145065 -0.116069 -0.078171
v 0.151475 -0.103939 -0.075305
v 0.151018 -0.103539 -0.075944
v 0.151439 -0.102329 -0.074706
v 0.151288 -0.101579 -0.074620
v 0.150923 -0.102079 -0.075540
v 0.151300 -0.107349 -0.076496
v 0.151451 -0.105109 -0.075740
v 0.150657 -0.104869 -0.076905
v 0.148434 -0.115509 -0.078628
v 0.149015 -0.115339 -0.078348
v 0.149272 -0.115019 -0.078373
v 0.149156 -0.114479 -0.078788
v 0.148265 -0.115099 -0.079137
v 0.149418 -0.113729 -0.078871
v 0.149803 -0.111459 -0.078780
v 0.142394 -0.099169 -0.071498
v 0.142750 -0.098229 -0.071461
v 0.142489 -0.097829 -0.071934
v 0.144606 -0.095759 -0.071675
v 0.140423 -0.107309 -0.074713
v 0.141096 -0.105019 -0.073042
v 0.140952 -0.109889 -0.074886
v 0.141335 -0.112929 -0.076431
v 0.141009 -0.111649 -0.075666
v 0.149487 -0.098309 -0.075966
v 0.149495 -0.097399 -0.074247
v 0.149551 -0.097669 -0.074832
v 0.149515 -0.097999 -0.075520
v 0.142773 -0.114729 -0.077217
v 0.143133 -0.115239 -0.077706
v 0.149899 -0.100249 -0.076469
v 0.150523 -0.100079 -0.075276
v 0.150086 -0.098709 -0.075104
v 0.150199 -0.099199 -0.075336
v 0.150034 -0.099489 -0.075838
v 0.149766 -0.098889 -0.075934
v 0.149680 -0.099279 -0.076322
v 0.144442 -0.115939 -0.078026
v 0.143833 -0.115699 -0.077917
v 0.144083 -0.115819 -0.079451
v 0.149691 -0.104189 -0.078091
v 0.149797 -0.102739 -0.077541
v 0.150167 -0.101729 -0.076658
v 0.145331 -0.116009 -0.078993
v 0.145528 -0.115859 -0.079616
v 0.146843 -0.115859 -0.079065
v 0.145999 -0.115529 -0.080094
v 0.150129 -0.108469 -0.078195
v 0.150451 -0.106469 -0.077547
v 0.147213 -0.115699 -0.079159
v 0.146910 -0.115299 -0.079875
v 0.147805 -0.114309 -0.079997
v 0.140061 -0.100349 -0.073685
v 0.140556 -0.099499 -0.073333
v 0.140746 -0.098609 -0.073442
v 0.140296 -0.102549 -0.073542
v 0.140372 -0.100989 -0.073292
v 0.143140 -0.095959 -0.072944
v 0.143271 -0.095519 -0.073445
v 0.143508 -0.095159 -0.073847
v 0.143835 -0.094959 -0.074021
v 0.139418 -0.108519 -0.076341
v 0.144494 -0.095109 -0.073272
v 0.144593 -0.094849 -0.073997
v 0.139959 -0.112739 -0.077859
v 0.139466 -0.111959 -0.077631
v 0.139187 -0.112239 -0.078193
v 0.140920 -0.113919 -0.078354
v 0.141561 -0.114779 -0.078916
v 0.142018 -0.115259 -0.079539
v 0.141195 -0.114929 -0.079854
v 0.149322 -0.100599 -0.077497
v 0.149365 -0.098659 -0.076485
v 0.149020 -0.099479 -0.077449
v 0.142770 -0.115559 -0.079764
v 0.143931 -0.115679 -0.080281
v 0.143002 -0.115529 -0.080591
v 0.148899 -0.104299 -0.079158
v 0.149027 -0.101629 -0.078261
v 0.148904 -0.102669 -0.078745
v 0.144633 -0.115459 -0.080810
v 0.144059 -0.115499 -0.080884
v 0.144539 -0.115139 -0.081400
v 0.145042 -0.114909 -0.081442
v 0.148656 -0.109829 -0.080030
v 0.147856 -0.110769 -0.080939
v 0.149359 -0.105719 -0.078836
v 0.148410 -0.111899 -0.080281
v 0.147283 -0.112119 -0.081292
v 0.138716 -0.101029 -0.075305
v 0.140622 -0.097809 -0.074008
v 0.140836 -0.096999 -0.074437
v 0.138568 -0.102379 -0.075773
v 0.138178 -0.107859 -0.077785
v 0.139317 -0.106099 -0.075939
v 0.146058 -0.095099 -0.076544
v 0.146750 -0.095579 -0.077082
v 0.139886 -0.114139 -0.080007
v 0.140195 -0.114589 -0.080485
v 0.148434 -0.097679 -0.077344
v 0.147814 -0.097889 -0.078432
v 0.147993 -0.096639 -0.076833
v 0.148157 -0.097019 -0.077146
v 0.141212 -0.115059 -0.080655
v 0.141759 -0.115169 -0.081219
v 0.148235 -0.101549 -0.079284
v 0.148422 -0.100539 -0.078701
v 0.148575 -0.098469 -0.077621
v 0.147994 -0.098859 -0.078623
v 0.142663 -0.115209 -0.081810
v 0.142761 -0.115099 -0.082119
v 0.142948 -0.114969 -0.082341
v 0.147986 -0.104279 -0.080262
v 0.147950 -0.102869 -0.080009
v 0.144743 -0.114519 -0.082027
v 0.145042 -0.113899 -0.082328
v 0.146382 -0.112899 -0.081785
v 0.144999 -0.112909 -0.082877
v 0.146986 -0.111209 -0.081764
v 0.146024 -0.111639 -0.082490
v 0.146254 -0.110539 -0.082511
v 0.146817 -0.109959 -0.081995
v 0.147395 -0.107809 -0.081301
v 0.148218 -0.106969 -0.080347
v 0.138173 -0.100959 -0.076005
v 0.137786 -0.100089 -0.076486
v 0.138412 -0.100009 -0.075675
v 0.138673 -0.099399 -0.075486
v 0.137917 -0.099199 -0.076491
v 0.139108 -0.098749 -0.075203
v 0.139289 -0.098189 -0.075268
v 0.138647 -0.098529 -0.075855
v 0.136972 -0.110129 -0.079410
v 0.137430 -0.109779 -0.078818
v 0.136927 -0.109249 -0.079252
v 0.138237 -0.106699 -0.077529
v 0.144040 -0.094309 -0.075841
v 0.144713 -0.094429 -0.076290
v 0.143083 -0.094029 -0.076740
v 0.137482 -0.111789 -0.079763
v 0.137360 -0.112129 -0.080262
v 0.137717 -0.110959 -0.078934
v 0.136843 -0.111229 -0.080096
v 0.145179 -0.094619 -0.076702
v 0.144386 -0.094249 -0.077663
v 0.138012 -0.112869 -0.080463
v 0.146998 -0.095849 -0.077462
v 0.145660 -0.094939 -0.078006
v 0.146149 -0.095389 -0.078517
v 0.146435 -0.095759 -0.078726
v 0.146309 -0.095929 -0.079240
v 0.140022 -0.114709 -0.081135
v 0.139500 -0.114489 -0.081311
v 0.139647 -0.114669 -0.081741
v 0.138984 -0.114219 -0.081480
v 0.139236 -0.114469 -0.081716
v 0.138384 -0.113919 -0.081780
v 0.139351 -0.114219 -0.080914
v 0.138656 -0.113779 -0.081079
v 0.147141 -0.097109 -0.078943
v 0.147175 -0.097949 -0.079340
v 0.146910 -0.096539 -0.078864
v 0.140228 -0.114859 -0.081517
v 0.140571 -0.114949 -0.081743
v 0.140769 -0.114949 -0.082160
v 0.147021 -0.101049 -0.080630
v 0.147327 -0.099689 -0.079828
v 0.141664 -0.115039 -0.082184
v 0.142896 -0.114589 -0.082970
v 0.141508 -0.114759 -0.083128
v 0.141671 -0.114569 -0.083491
v 0.146055 -0.107239 -0.082588
v 0.146963 -0.104689 -0.081416
v 0.146994 -0.102559 -0.081026
v 0.145775 -0.108699 -0.082951
v 0.136948 -0.101149 -0.077744
v 0.138587 -0.096569 -0.077426
v 0.137135 -0.103869 -0.078153
v 0.142014 -0.094359 -0.076385
v 0.142212 -0.094079 -0.076868
v 0.135930 -0.109819 -0.080641
v 0.136361 -0.109249 -0.079915
v 0.136732 -0.107079 -0.079244
v 0.143538 -0.093939 -0.077612
v 0.143373 -0.093879 -0.078715
v 0.136824 -0.111689 -0.080483
v 0.137111 -0.112329 -0.080875
v 0.136794 -0.111939 -0.080793
v 0.136550 -0.111719 -0.080881
v 0.136531 -0.111949 -0.081195
v 0.136686 -0.112379 -0.081611
v 0.135805 -0.111289 -0.081587
v 0.136393 -0.111229 -0.080683
v 0.136225 -0.110599 -0.080533
v 0.144726 -0.094439 -0.078249
v 0.137591 -0.113449 -0.082222
v 0.137691 -0.113149 -0.081410
v 0.144943 -0.094689 -0.079361
v 0.138550 -0.114199 -0.082190
v 0.138853 -0.114429 -0.082442
v 0.138017 -0.114089 -0.083131
v 0.138410 -0.114319 -0.083619
v 0.145771 -0.097159 -0.080831
v 0.139455 -0.114669 -0.082889
v 0.139337 -0.114569 -0.083602
v 0.146015 -0.099289 -0.081278
v 0.144159 -0.109399 -0.084409
v 0.136544 -0.099529 -0.078219
v 0.136693 -0.098799 -0.078204
v 0.137532 -0.097349 -0.077960
v 0.135843 -0.103379 -0.079578
v 0.140321 -0.094149 -0.078102
v 0.141290 -0.093409 -0.079159
v 0.135223 -0.110679 -0.081984
v 0.135557 -0.107069 -0.080611
v 0.141343 -0.093309 -0.079722
v 0.135806 -0.111749 -0.082105
v 0.135498 -0.112069 -0.083231
v 0.143975 -0.094349 -0.080795
v 0.136099 -0.112979 -0.084313
v 0.136403 -0.112579 -0.082546
v 0.144623 -0.095339 -0.081312
v 0.144764 -0.095859 -0.081503
v 0.144601 -0.095039 -0.081022
v 0.144320 -0.094669 -0.080897
v 0.137125 -0.113599 -0.083659
v 0.137422 -0.113859 -0.083881
v 0.137145 -0.113759 -0.084636
v 0.144840 -0.096979 -0.081915
v 0.139188 -0.114359 -0.084419
v 0.139526 -0.114229 -0.084751
v 0.138793 -0.114089 -0.085159
v 0.144631 -0.101229 -0.083294
v 0.145105 -0.100099 -0.082536
v 0.140320 -0.114069 -0.084784
v 0.140821 -0.113559 -0.085222
v 0.141077 -0.113149 -0.085467
v 0.143963 -0.106499 -0.084503
v 0.135351 -0.097199 -0.080146
v 0.135168 -0.101009 -0.079929
v 0.135666 -0.098789 -0.079407
v 0.135020 -0.099599 -0.079994
v 0.135962 -0.096309 -0.080064
v 0.137895 -0.094489 -0.079951
v 0.138557 -0.093439 -0.080394
v 0.133659 -0.107289 -0.082958
v 0.139341 -0.093139 -0.080290
v 0.133682 -0.110359 -0.084048
v 0.141649 -0.093329 -0.080261
v 0.141800 -0.093429 -0.081593
v 0.143304 -0.093989 -0.080898
v 0.143443 -0.094169 -0.081419
v 0.142837 -0.093879 -0.081654
v 0.143151 -0.094129 -0.081874
v 0.144231 -0.096199 -0.082341
v 0.143774 -0.094869 -0.082072
v 0.143888 -0.095359 -0.082319
v 0.143084 -0.094499 -0.082582
v 0.143067 -0.095059 -0.083084
v 0.143597 -0.094459 -0.081809
v 0.137417 -0.113779 -0.085594
v 0.137323 -0.113569 -0.086272
v 0.143868 -0.099349 -0.083698
v 0.144242 -0.097699 -0.082834
v 0.138540 -0.113779 -0.085821
v 0.137396 -0.113369 -0.086749
v 0.137851 -0.113209 -0.086925
v 0.138931 -0.113409 -0.086280
v 0.139299 -0.112869 -0.086728
v 0.139249 -0.112319 -0.087232
v 0.142328 -0.104709 -0.086061
v 0.143625 -0.103249 -0.084616
v 0.143284 -0.101659 -0.084770
v 0.140110 -0.112029 -0.086872
v 0.133719 -0.099659 -0.081302
v 0.133786 -0.098059 -0.081306
v 0.133434 -0.098569 -0.081564
v 0.133561 -0.101829 -0.081748
v 0.137029 -0.094019 -0.080973
v 0.133338 -0.104869 -0.082725
v 0.139401 -0.092729 -0.081678
v 0.139725 -0.092779 -0.082268
v 0.133258 -0.109229 -0.083999
v 0.133967 -0.111409 -0.085079
v 0.133106 -0.110899 -0.085844
v 0.133534 -0.110819 -0.084824
v 0.142148 -0.094019 -0.083162
v 0.142325 -0.094469 -0.083473
v 0.142116 -0.093739 -0.082595
v 0.134617 -0.112349 -0.086620
v 0.134833 -0.112519 -0.087014
v 0.142813 -0.095949 -0.083833
v 0.142671 -0.097059 -0.084383
v 0.142369 -0.095089 -0.083882
v 0.136750 -0.113239 -0.086939
v 0.136578 -0.112589 -0.088064
v 0.142901 -0.099649 -0.084795
v 0.142302 -0.100529 -0.085575
v 0.137090 -0.112969 -0.087440
v 0.138347 -0.112829 -0.087234
v 0.138420 -0.112359 -0.087672
v 0.137384 -0.112529 -0.087946
v 0.138332 -0.111569 -0.088315
v 0.138418 -0.111109 -0.088523
v 0.140764 -0.108509 -0.087599
v 0.141601 -0.107359 -0.086902
v 0.141027 -0.106009 -0.087414
v 0.142227 -0.102509 -0.085948
v 0.140414 -0.110799 -0.087237
v 0.139577 -0.111289 -0.087652
v 0.140553 -0.109689 -0.087507
v 0.137830 -0.092429 -0.082463
v 0.137058 -0.092399 -0.082672
v 0.137102 -0.092289 -0.083133
v 0.131887 -0.108439 -0.085463
v 0.137886 -0.092369 -0.083113
v 0.138367 -0.092479 -0.083741
v 0.140726 -0.093209 -0.083274
v 0.139591 -0.092809 -0.083344
v 0.140364 -0.093309 -0.084154
v 0.139490 -0.092989 -0.084429
v 0.133314 -0.111219 -0.086307
v 0.140950 -0.095169 -0.085348
v 0.141014 -0.093419 -0.083516
v 0.141091 -0.093669 -0.083937
v 0.141308 -0.094059 -0.084172
v 0.141500 -0.094619 -0.084467
v 0.140468 -0.093659 -0.084601
v 0.134219 -0.112159 -0.087427
v 0.134836 -0.112469 -0.087612
v 0.133811 -0.111849 -0.087405
v 0.134432 -0.112139 -0.088277
v 0.133776 -0.111829 -0.088307
v 0.141670 -0.097119 -0.085447
v 0.140823 -0.097479 -0.086374
v 0.141681 -0.095309 -0.084732
v 0.141589 -0.096099 -0.085184
v 0.141039 -0.096449 -0.085858
v 0.135989 -0.112699 -0.087922
v 0.135461 -0.112629 -0.087941
v 0.134938 -0.112409 -0.088095
v 0.135165 -0.112379 -0.088373
v 0.135644 -0.112389 -0.088494
v 0.135320 -0.111949 -0.089264
v 0.140444 -0.100679 -0.087429
v 0.141416 -0.098869 -0.086139
v 0.137334 -0.111979 -0.088546
v 0.137465 -0.111629 -0.088771
v 0.138260 -0.110249 -0.089013
v 0.139085 -0.109389 -0.088718
v 0.138983 -0.108399 -0.089062
v 0.139191 -0.107549 -0.089035
v 0.139447 -0.106329 -0.088860
v 0.139534 -0.104769 -0.088707
v 0.141083 -0.103159 -0.087140
v 0.130201 -0.101939 -0.085189
v 0.131286 -0.100039 -0.083627
v 0.131017 -0.098509 -0.083696
v 0.132183 -0.097469 -0.082802
v 0.135161 -0.092539 -0.083416
v 0.131231 -0.108559 -0.086444
v 0.130476 -0.108689 -0.087648
v 0.130439 -0.106229 -0.086366
v 0.131557 -0.110199 -0.088260
v 0.131293 -0.109169 -0.086870
v 0.130866 -0.109549 -0.088101
v 0.138709 -0.092649 -0.084259
v 0.139632 -0.093259 -0.084872
v 0.139541 -0.093549 -0.085352
v 0.140274 -0.095849 -0.086300
v 0.139894 -0.094709 -0.086004
v 0.139586 -0.094219 -0.085923
v 0.140287 -0.094259 -0.085342
v 0.132918 -0.111299 -0.088623
v 0.132796 -0.111219 -0.089369
v 0.133317 -0.111419 -0.089449
v 0.140374 -0.098779 -0.087119
v 0.140191 -0.096699 -0.086718
v 0.135723 -0.111729 -0.089447
v 0.137520 -0.108679 -0.090077
v 0.129054 -0.099749 -0.085577
v 0.129965 -0.097579 -0.084592
v 0.130615 -0.096629 -0.084244
v 0.131569 -0.095699 -0.083818
v 0.132951 -0.093469 -0.084057
v 0.134523 -0.092079 -0.084350
v 0.135262 -0.091959 -0.084698
v 0.135906 -0.092029 -0.084991
v 0.130014 -0.107759 -0.087571
v 0.136922 -0.092469 -0.085989
v 0.136083 -0.092159 -0.085733
v 0.138400 -0.093619 -0.086407
v 0.137567 -0.092769 -0.086080
v 0.137435 -0.093079 -0.086641
v 0.131300 -0.110459 -0.090460
v 0.139086 -0.096709 -0.087650
v 0.138127 -0.095149 -0.087694
v 0.133683 -0.111379 -0.090049
v 0.132604 -0.110989 -0.090306
v 0.138632 -0.099849 -0.088934
v 0.139174 -0.098309 -0.088089
v 0.138011 -0.098219 -0.089035
v 0.133995 -0.110749 -0.091121
v 0.135891 -0.109809 -0.090790
v 0.134700 -0.110629 -0.090974
v 0.135166 -0.110149 -0.091063
v 0.134682 -0.109369 -0.091760
v 0.135355 -0.108539 -0.091628
v 0.136546 -0.107399 -0.091135
v 0.136469 -0.106429 -0.091375
v 0.137248 -0.105969 -0.090772
v 0.136958 -0.104889 -0.090989
v 0.138521 -0.101609 -0.089329
v 0.129010 -0.098479 -0.085381
v 0.129006 -0.096709 -0.085398
v 0.130915 -0.093289 -0.085403
v 0.131692 -0.092239 -0.085582
v 0.132574 -0.092399 -0.084996
v 0.132523 -0.091959 -0.085492
v 0.133603 -0.091769 -0.086752
v 0.136516 -0.095219 -0.088983
v 0.136845 -0.094049 -0.087985
v 0.130692 -0.110079 -0.090102
v 0.131604 -0.110529 -0.091058
v 0.130091 -0.110029 -0.091355
v 0.136720 -0.098039 -0.089995
v 0.137285 -0.096649 -0.089052
v 0.133056 -0.110619 -0.091496
v 0.132068 -0.110559 -0.091496
v 0.131681 -0.110159 -0.092396
v 0.132143 -0.109969 -0.092554
v 0.135878 -0.102499 -0.091648
v 0.137355 -0.100989 -0.090226
v 0.136848 -0.099349 -0.090278
v 0.135140 -0.106619 -0.092332
v 0.135214 -0.105719 -0.092408
v 0.136413 -0.105729 -0.091468
v 0.135490 -0.105129 -0.092196
v 0.136126 -0.103969 -0.091613
v 0.137142 -0.103009 -0.090687
v 0.127421 -0.097499 -0.086525
v 0.127572 -0.096299 -0.086429
v 0.128768 -0.095009 -0.085946
v 0.128320 -0.093119 -0.086898
v 0.126246 -0.100389 -0.088244
v 0.129987 -0.092219 -0.086447
v 0.130293 -0.091839 -0.086536
v 0.130337 -0.091519 -0.087034
v 0.127270 -0.103219 -0.088549
v 0.127558 -0.106919 -0.090019
v 0.132609 -0.091759 -0.088143
v 0.130315 -0.110129 -0.091873
v 0.129873 -0.109919 -0.092661
v 0.130574 -0.109769 -0.093326
v 0.130101 -0.109789 -0.093276
v 0.134773 -0.099079 -0.091768
v 0.132626 -0.108889 -0.093219
v 0.132006 -0.109289 -0.093300
v 0.133318 -0.106949 -0.093478
v 0.132807 -0.107839 -0.093539
v 0.134216 -0.105139 -0.093154
v 0.134384 -0.104359 -0.093001
v 0.134804 -0.103479 -0.092603
v 0.135675 -0.100899 -0.091524
v 0.134649 -0.105869 -0.092808
v 0.125973 -0.098309 -0.087693
v 0.129120 -0.091429 -0.087384
v 0.130970 -0.091479 -0.087275
v 0.129176 -0.091309 -0.087573
v 0.129355 -0.091219 -0.087899
v 0.125165 -0.102929 -0.090416
v 0.131034 -0.091419 -0.088148
v 0.127517 -0.108539 -0.092159
v 0.128395 -0.109219 -0.092341
v 0.128734 -0.109499 -0.092817
v 0.128524 -0.109379 -0.093455
v 0.134237 -0.097499 -0.091673
v 0.129080 -0.109469 -0.093792
v 0.129391 -0.109319 -0.094174
v 0.133464 -0.101179 -0.093192
v 0.133136 -0.102609 -0.093690
v 0.130681 -0.109299 -0.093862
v 0.131272 -0.108669 -0.094065
v 0.131935 -0.108239 -0.093927
v 0.131227 -0.107699 -0.094545
v 0.132277 -0.107259 -0.094066
v 0.131411 -0.106379 -0.094838
v 0.132984 -0.105629 -0.093968
v 0.132422 -0.104329 -0.094372
v 0.133912 -0.103639 -0.093285
v 0.133733 -0.104489 -0.093488
v 0.134261 -0.102189 -0.092830
v 0.123430 -0.096669 -0.089184
v 0.123489 -0.095199 -0.089078
v 0.124935 -0.093859 -0.088479
v 0.126344 -0.091569 -0.088427
v 0.123821 -0.100849 -0.090462
v 0.127842 -0.091439 -0.087857
v 0.127257 -0.091119 -0.088346
v 0.128980 -0.091029 -0.088796
v 0.124497 -0.104419 -0.091824
v 0.131359 -0.091869 -0.089935
v 0.125842 -0.107019 -0.092163
v 0.125099 -0.107239 -0.093615
v 0.131364 -0.092159 -0.090433
v 0.131086 -0.094099 -0.092301
v 0.126641 -0.108449 -0.094310
v 0.132385 -0.098499 -0.093301
v 0.131759 -0.097199 -0.093320
v 0.133102 -0.096329 -0.092037
v 0.127772 -0.108389 -0.095709
v 0.130534 -0.105089 -0.095578
v 0.131455 -0.102689 -0.094823
v 0.122400 -0.097929 -0.090228
v 0.125559 -0.091079 -0.089025
v 0.124821 -0.091419 -0.089229
v 0.124801 -0.090699 -0.089579
v 0.125835 -0.090729 -0.089299
v 0.126500 -0.090689 -0.089380
v 0.127109 -0.090639 -0.090093
v 0.126268 -0.090509 -0.089999
v 0.129827 -0.092409 -0.091913
v 0.129361 -0.091879 -0.091656
v 0.129782 -0.095239 -0.093833
v 0.130443 -0.092939 -0.091938
v 0.125655 -0.108079 -0.095628
v 0.129641 -0.097629 -0.094823
v 0.129406 -0.096109 -0.094454
v 0.126524 -0.108419 -0.095114
v 0.126480 -0.108209 -0.095985
v 0.127068 -0.107469 -0.096730
v 0.127466 -0.106719 -0.096949
v 0.130343 -0.100319 -0.095084
v 0.127838 -0.108119 -0.095967
v 0.128465 -0.107219 -0.096236
v 0.128284 -0.106169 -0.096713
v 0.129541 -0.105529 -0.096137
v 0.129094 -0.104499 -0.096497
v 0.130511 -0.103819 -0.095570
v -0.003344 -0.001829 0.000166
v -0.003915 -0.001999 0.000131
v -0.003719 -0.001659 0.000300
v -0.004456 -0.001989 0.000105
v -0.004200 -0.001669 0.000288
v -0.004138 -0.002339 -0.000101
v -0.003322 -0.000969 0.000487
v -0.003112 -0.000309 0.000497
v -0.003193 -0.001269 0.000396
v -0.004020 -0.001329 0.000418
v -0.003827 -0.000959 0.000504
v -0.003691 -0.001249 0.000449
v -0.004516 -0.001079 0.000426
v -0.004314 -0.000729 0.000501
v -0.004154 -0.000269 0.000514
v -0.002106 -0.002289 -0.000366
v -0.003069 -0.002359 -0.000225
v -0.002557 -0.002959 -0.000781
v -0.003395 -0.003019 -0.000703
v -0.001974 -0.001369 0.000107
v -0.002560 -0.000859 0.000393
v -0.002715 -0.001869 0.000024
v -0.002070 -0.000259 0.000345
v -0.000768 -0.002849 -0.001153
v -0.001719 -0.002709 -0.000764
v -0.001263 -0.003259 -0.001376
v -0.000371 -0.001309 -0.000326
v -0.001062 -0.001709 -0.000282
v -0.001190 -0.002289 -0.000595
v -0.000933 -0.000919 0.000002
v -0.000035 -0.000409 -0.000161
v 0.000247 -0.000759 -0.000377
v 0.000501 -0.000339 -0.000397
v -0.000505 0.000021 0.000033
v 0.000229 0.000641 -0.000165
v -0.000285 0.001131 -0.000075
v 0.001126 0.002071 -0.000597
v 0.000475 -0.003669 -0.002063
v 0.001254 -0.002579 -0.001581
v 0.000272 -0.002429 -0.001188
v 0.001062 -0.002959 -0.001729
v 0.000942 -0.001629 -0.001036
v 0.001867 -0.001369 -0.001383
v 0.002314 0.001411 -0.001015
v 0.001111 -0.003789 -0.002344
v 0.001420 -0.003889 -0.002590
v 0.001548 -0.003729 -0.002475
v 0.001694 -0.003779 -0.002633
v 0.000341 -0.004089 -0.002414
v 0.001075 -0.003979 -0.002532
v 0.001275 -0.004039 -0.002731
v 0.001559 -0.003929 -0.002769
v 0.001822 -0.003809 -0.002826
v 0.001922 -0.003799 -0.003078
v 0.000723 -0.004229 -0.002712
v 0.001411 -0.004069 -0.002954
v 0.001490 -0.004069 -0.003199
v 0.001683 -0.003949 -0.003030
v 0.000140 -0.004389 -0.002721
v 0.000323 -0.004439 -0.002899
v 0.000947 -0.004269 -0.003028
v 0.001231 -0.004189 -0.003145
v 0.001755 -0.003889 -0.003277
v 0.001803 -0.002339 -0.001704
v 0.001656 -0.002949 -0.001949
v 0.001343 -0.003459 -0.002152
v 0.001784 -0.003399 -0.002310
v 0.002252 -0.002759 -0.002180
v 0.002178 -0.003339 -0.002528
v 0.002643 -0.002809 -0.002529
v 0.001818 -0.003619 -0.002531
v 0.001950 -0.003659 -0.002692
v 0.002211 -0.003539 -0.002899
v 0.002058 -0.003639 -0.003331
v 0.003037 -0.001599 -0.002113
v 0.002949 -0.000669 -0.001727
v 0.003771 -0.000579 -0.001998
v 0.003934 -0.000169 -0.001974
v 0.003235 0.000441 -0.001539
v 0.003753 0.000351 -0.001828
v 0.003166 0.001531 -0.001518
v 0.002546 -0.003199 -0.002846
v 0.003119 -0.002569 -0.002962
v 0.002305 -0.003489 -0.003160
v 0.002267 -0.003429 -0.003348
v 0.003845 -0.001239 -0.002278
v 0.003927 -0.001479 -0.002446
v 0.004071 -0.001519 -0.002612
v 0.004170 -0.001329 -0.002547
v 0.003251 -0.002009 -0.002467
v 0.003235 -0.002279 -0.002663
v 0.003502 -0.002129 -0.002741
v 0.003729 -0.001799 -0.002581
v 0.003853 -0.001839 -0.002748
v 0.004162 -0.001509 -0.002866
v 0.004050 -0.001689 -0.002875
v 0.004252 -0.001329 -0.002846
v 0.003635 -0.002119 -0.003066
v 0.003962 -0.001639 -0.003063
v 0.004079 -0.001449 -0.003029
v 0.004140 -0.001189 -0.003033
v 0.003292 -0.002379 -0.003239
v 0.003537 -0.002079 -0.003255
v 0.003671 -0.001889 -0.003233
v 0.003917 -0.001359 -0.003189
v 0.003188 -0.002199 -0.003437
v 0.003450 -0.001779 -0.003409
v 0.004052 -0.000879 -0.002214
v 0.004186 -0.000489 -0.002205
v 0.004124 -0.001119 -0.002355
v 0.004210 -0.000909 -0.002332
v 0.004137 -0.000089 -0.002127
v 0.004151 0.000331 -0.002233
v 0.004287 -0.000079 -0.002334
v 0.004325 -0.000539 -0.002385
v 0.004318 -0.000969 -0.002527
v 0.004396 -0.000479 -0.002639
v 0.004354 -0.000919 -0.002758
v 0.004281 -0.000859 -0.002935
v 0.004372 -0.000369 -0.002820
v 0.004289 0.000561 -0.002687
v 0.004294 0.000471 -0.002947
v 0.004182 -0.000069 -0.003124
v 0.123211 -0.090869 -0.090240
v 0.123905 -0.090479 -0.090105
v 0.124276 -0.090669 -0.089803
v 0.124334 -0.090439 -0.089978
v 0.124746 -0.090319 -0.090069
v 0.124021 -0.090279 -0.090323
v 0.124417 -0.090149 -0.090556
v 0.124793 -0.090099 -0.090965
v 0.125041 -0.090179 -0.091663
v 0.125124 -0.090219 -0.090404
v 0.125061 -0.090139 -0.091233
v 0.121016 -0.101129 -0.092890
v 0.126040 -0.090499 -0.091710
v 0.125499 -0.090249 -0.091340
v 0.121793 -0.103829 -0.093801
v 0.121998 -0.105129 -0.094567
v 0.121702 -0.105639 -0.095551
v 0.126961 -0.105739 -0.097551
v 0.127554 -0.105119 -0.097354
v 0.128809 -0.102379 -0.096452
v 0.128557 -0.103419 -0.096761
v 0.127615 -0.102509 -0.097194
v -0.006048 0.000301 0.000317
v -0.006475 0.000981 0.000237
v -0.006053 -0.002249 -0.000701
v -0.005429 -0.001299 0.000151
v -0.005857 -0.002169 -0.000477
v -0.005958 -0.001869 -0.000342
v -0.006565 -0.000789 -0.000126
v -0.006456 -0.001609 -0.000526
v -0.005476 0.000731 0.000392
v -0.006269 -0.000089 0.000220
v -0.003705 0.001841 0.000387
v -0.004651 0.001641 0.000395
v -0.005729 0.001521 0.000314
v -0.004297 0.002821 0.000243
v -0.003377 0.003191 0.000176
v -0.004517 -0.003189 -0.000920
v -0.005330 -0.002609 -0.000583
v -0.004860 -0.002979 -0.000771
v -0.005774 -0.002379 -0.000616
v -0.005180 -0.003189 -0.001161
v -0.005807 -0.002679 -0.000986
v -0.005338 -0.003479 -0.001675
v -0.004598 -0.001439 0.000321
v -0.004927 -0.002209 -0.000118
v -0.004641 -0.002519 -0.000286
v -0.004276 -0.002879 -0.000563
v -0.005201 -0.001859 -0.000003
v -0.005599 -0.002249 -0.000404
v -0.002424 0.002301 0.000220
v -0.001755 0.003791 -0.000108
v -0.001908 0.005381 -0.000406
v -0.003245 -0.003469 -0.001200
v -0.003976 -0.003219 -0.000885
v -0.003722 -0.003689 -0.001478
v -0.004280 -0.003629 -0.001447
v -0.004775 -0.003569 -0.001510
v -0.004147 -0.003939 -0.001953
v -0.004913 -0.003809 -0.001990
v -0.000118 0.002761 -0.000358
v 0.000580 0.005801 -0.000890
v 0.000827 0.007161 -0.000997
v 0.001250 0.006961 -0.001102
v 0.001112 0.007321 -0.001092
v 0.001297 0.007241 -0.001157
v -0.002362 -0.004029 -0.002036
v -0.002830 -0.004309 -0.002453
v -0.003070 -0.004829 -0.003441
v -0.001936 -0.003779 -0.001778
v 0.001400 0.003621 -0.001004
v 0.001751 0.005511 -0.001377
v 0.001590 0.006871 -0.001325
v 0.001455 0.007181 -0.001271
v -0.000766 -0.004419 -0.002588
v -0.000618 -0.004689 -0.002978
v -0.001405 -0.004579 -0.002742
v -0.000554 -0.004799 -0.003237
v -0.001771 -0.004809 -0.003105
v -0.001111 -0.004879 -0.003247
v -0.000846 -0.004949 -0.003597
v -0.001760 -0.004999 -0.003441
v -0.001389 -0.005059 -0.003642
v -0.002384 -0.004869 -0.003307
v -0.001078 -0.005019 -0.003970
v -0.002369 -0.005039 -0.003640
v -0.001862 -0.005149 -0.003895
v 0.002129 0.003751 -0.001382
v 0.002935 0.003941 -0.002053
v 0.003032 0.005411 -0.002591
v -0.000156 -0.004649 -0.003111
v -0.000247 -0.004769 -0.003575
v -0.000315 -0.004699 -0.004003
v 0.000686 -0.004399 -0.003217
v 0.001010 -0.004279 -0.003301
v 0.001260 -0.004159 -0.003374
v 0.001476 -0.004009 -0.003424
v 0.001803 -0.003719 -0.003485
v 0.000719 -0.004379 -0.003473
v 0.000993 -0.004239 -0.003508
v 0.001259 -0.004039 -0.003579
v 0.001519 -0.003819 -0.003623
v 0.000745 -0.004219 -0.003778
v 0.001551 -0.003519 -0.003806
v 0.000894 -0.003939 -0.003938
v 0.000807 -0.003569 -0.004221
v 0.003792 0.002181 -0.002425
v 0.003775 0.002871 -0.002711
v 0.004040 0.002131 -0.002898
v 0.004102 0.001851 -0.003072
v 0.004015 0.002211 -0.003164
v 0.004021 0.001701 -0.003279
v 0.004032 0.001991 -0.003224
v 0.003913 0.002071 -0.003374
v 0.003710 0.001981 -0.003552
v 0.003790 0.003051 -0.003249
v 0.003723 0.002811 -0.003469
v 0.002133 -0.003329 -0.003534
v 0.003511 0.000161 -0.003590
v 0.122636 -0.090079 -0.091194
v 0.121838 -0.090269 -0.091247
v 0.122378 -0.089749 -0.092381
v 0.123610 -0.089939 -0.092056
v 0.123528 -0.089959 -0.092711
v 0.125138 -0.090959 -0.093706
v 0.124463 -0.090439 -0.093278
v 0.126471 -0.092589 -0.094544
v 0.125814 -0.091689 -0.094117
v 0.122025 -0.106569 -0.097326
v 0.122641 -0.106809 -0.097859
v 0.125116 -0.105579 -0.098512
v 0.125507 -0.100609 -0.098071
v 0.126519 -0.103989 -0.097998
v -0.006852 -0.000229 -0.000051
v -0.007129 -0.000009 -0.000163
v -0.007029 -0.000529 -0.000305
v -0.007413 -0.000279 -0.000540
v -0.007778 0.000341 -0.000597
v -0.006766 0.000421 0.000126
v -0.007090 0.001031 0.000045
v -0.007202 0.000661 -0.000055
v -0.007173 0.001521 0.000016
v -0.007342 0.001161 -0.000071
v -0.007628 0.001311 -0.000232
v -0.007461 0.001471 -0.000118
v -0.007418 0.001681 -0.000105
v -0.007595 0.000671 -0.000320
v -0.007640 0.001581 -0.000230
v -0.007491 0.001941 -0.000176
v -0.007875 0.001471 -0.000405
v -0.007751 0.001841 -0.000338
v -0.007958 0.000881 -0.000565
v -0.008122 0.000721 -0.000784
v -0.006680 0.001811 0.000131
v -0.007192 0.002011 -0.000046
v -0.006538 0.002921 -0.000060
v -0.007260 0.002381 -0.000168
v -0.007573 0.002211 -0.000294
v -0.007204 0.003111 -0.000402
v -0.004685 0.005951 -0.000447
v -0.005362 0.005361 -0.000418
v -0.006626 -0.001979 -0.001030
v -0.006420 -0.002419 -0.001285
v -0.007155 -0.002309 -0.002261
v -0.007121 -0.000919 -0.000693
v -0.005324 0.002951 0.000128
v -0.003469 0.005641 -0.000322
v -0.002696 0.006631 -0.000517
v -0.003283 0.006631 -0.000500
v -0.003192 0.007021 -0.000617
v -0.003990 0.006651 -0.000546
v -0.006238 -0.003519 -0.002716
v -0.005644 -0.003559 -0.002058
v -0.006257 -0.003129 -0.002079
v -0.000667 0.007331 -0.000833
v -0.000392 0.007771 -0.001001
v -0.001446 0.007531 -0.000838
v -0.002196 0.007661 -0.000904
v -0.001302 0.008201 -0.001261
v -0.005182 -0.004079 -0.002719
v -0.005622 -0.003879 -0.002681
v -0.004630 -0.004449 -0.003281
v -0.005188 -0.004329 -0.003390
v -0.004741 -0.004579 -0.003774
v -0.005770 -0.004179 -0.003611
v -0.004718 -0.004089 -0.002434
v -0.005320 -0.003819 -0.002268
v 0.000665 0.007501 -0.001026
v 0.001301 0.007371 -0.001235
v 0.000935 0.007661 -0.001197
v 0.001129 0.007621 -0.001278
v 0.001289 0.007581 -0.001387
v 0.000475 0.007851 -0.001176
v 0.001097 0.007781 -0.001445
v 0.000859 0.007971 -0.001514
v 0.001196 0.007861 -0.001716
v -0.000321 0.008231 -0.001368
v 0.000267 0.008391 -0.001762
v 0.000826 0.008221 -0.002028
v -0.003550 -0.005009 -0.004247
v -0.004368 -0.004849 -0.004496
v 0.002060 0.006661 -0.001793
v 0.002422 0.006651 -0.002244
v 0.002385 0.006871 -0.002379
v 0.001683 0.007101 -0.001500
v 0.001462 0.007471 -0.001491
v 0.001891 0.007141 -0.001820
v 0.001402 0.007651 -0.001643
v 0.001699 0.007451 -0.001853
v 0.001992 0.007231 -0.002078
v 0.001506 0.007681 -0.001916
v 0.001812 0.007471 -0.002136
v 0.002228 0.007131 -0.002449
v 0.001291 0.007891 -0.001989
v 0.001602 0.007691 -0.002210
v 0.002144 0.007271 -0.002604
v 0.001139 0.008101 -0.002357
v 0.001667 0.007731 -0.002803
v -0.002678 -0.005129 -0.004000
v -0.002295 -0.005209 -0.004193
v -0.002890 -0.005179 -0.004380
v -0.002551 -0.005219 -0.004587
v -0.002437 -0.005159 -0.004856
v -0.003451 -0.005109 -0.004967
v -0.003101 -0.005089 -0.005181
v -0.001754 -0.005169 -0.004175
v -0.001317 -0.005019 -0.004355
v -0.001997 -0.005159 -0.004568
v -0.001510 -0.004949 -0.004721
v -0.001891 -0.004959 -0.004990
v -0.001507 -0.004689 -0.005081
v -0.002242 -0.005019 -0.005097
v -0.002094 -0.004809 -0.005313
v -0.001804 -0.004499 -0.005449
v -0.002465 -0.004859 -0.005425
v 0.002924 0.006001 -0.002668
v 0.002733 0.006241 -0.002487
v 0.002665 0.006571 -0.002605
v 0.003137 0.005601 -0.002911
v 0.003311 0.005161 -0.003151
v 0.002896 0.006251 -0.002829
v 0.003098 0.005851 -0.003078
v 0.003191 0.005611 -0.003199
v 0.003264 0.005361 -0.003330
v 0.002611 0.006751 -0.002763
v 0.002848 0.006421 -0.003002
v 0.003023 0.006051 -0.003202
v 0.003120 0.005791 -0.003339
v 0.003183 0.005541 -0.003455
v 0.003229 0.005301 -0.003554
v 0.002671 0.006711 -0.003054
v 0.002890 0.006301 -0.003294
v 0.002980 0.006061 -0.003413
v 0.003072 0.005661 -0.003617
v 0.003116 0.005391 -0.003718
v 0.002722 0.006581 -0.003338
v 0.002983 0.005251 -0.003940
v 0.002518 0.006841 -0.003393
v 0.002610 0.006641 -0.003539
v 0.002723 0.006361 -0.003633
v 0.002643 0.005901 -0.004016
v 0.002605 0.005451 -0.004211
v 0.002435 0.007001 -0.002820
v 0.002355 0.007101 -0.003002
v 0.002062 0.007341 -0.003420
v -0.001150 -0.004749 -0.004722
v -0.001027 -0.004449 -0.004962
v -0.001107 -0.004129 -0.005247
v -0.000917 -0.003529 -0.005436
v 0.001065 -0.002079 -0.004680
v 0.003400 0.004221 -0.003708
v 0.003402 0.004541 -0.003631
v 0.003249 0.004781 -0.003770
v 0.002954 0.004151 -0.004069
v 0.002912 0.004861 -0.004082
v 0.003456 0.004631 -0.003359
v 0.003333 0.005021 -0.003472
v 0.117018 -0.094049 -0.092806
v 0.118000 -0.092009 -0.092539
v 0.120148 -0.105849 -0.098575
v 0.121418 -0.106219 -0.098992
v 0.122129 -0.106169 -0.099205
v 0.122365 -0.105979 -0.099388
v 0.123839 -0.105699 -0.099037
v 0.124825 -0.104619 -0.098901
v -0.008150 0.000291 -0.001146
v -0.008592 0.000801 -0.001515
v -0.008213 0.001431 -0.000733
v -0.008085 0.001811 -0.000631
v -0.007932 0.002191 -0.000589
v -0.008267 0.001031 -0.000848
v -0.008384 0.000881 -0.001074
v -0.008420 0.001811 -0.001079
v -0.008715 0.001271 -0.001536
v -0.007624 0.002721 -0.000540
v -0.007284 0.003531 -0.000677
v -0.008115 0.002531 -0.000997
v -0.007744 0.003071 -0.000856
v -0.007509 0.003841 -0.001123
v -0.008075 0.003271 -0.001451
v -0.007566 0.004201 -0.001507
v -0.006112 0.004771 -0.000490
v -0.006293 0.004901 -0.000650
v -0.006919 0.004531 -0.000959
v -0.005123 0.006331 -0.000674
v -0.005604 0.006051 -0.000795
v -0.006120 0.005621 -0.000924
v -0.006119 0.006081 -0.001233
v -0.004360 0.007071 -0.000766
v -0.004523 0.007431 -0.000997
v -0.005043 0.006971 -0.000959
v -0.004530 0.007761 -0.001214
v -0.005576 0.006871 -0.001274
v -0.005034 0.007511 -0.001307
v -0.003928 0.007371 -0.000838
v -0.003942 0.007611 -0.000978
v -0.004190 0.007491 -0.000945
v -0.004195 0.007731 -0.001098
v -0.003523 0.007641 -0.000956
v -0.003926 0.007871 -0.001142
v -0.003247 0.008041 -0.001206
v -0.004248 0.008061 -0.001343
v -0.003960 0.008391 -0.001550
v -0.003295 0.009041 -0.002048
v -0.006393 -0.003829 -0.003637
v -0.006802 -0.003539 -0.003695
v -0.006845 -0.003779 -0.004399
v -0.006999 -0.002919 -0.002853
v -0.005388 -0.004459 -0.004121
v -0.005906 -0.004339 -0.004518
v -0.006329 -0.004139 -0.004500
v -0.005671 -0.004479 -0.004928
v -0.006135 -0.004299 -0.004925
v -0.003962 -0.005019 -0.004980
v -0.004618 -0.004839 -0.004890
v -0.004489 -0.004869 -0.005491
v -0.005206 -0.004659 -0.005544
v -0.004500 -0.004759 -0.005994
v -0.002935 -0.004979 -0.005429
v -0.003706 -0.005019 -0.005366
v -0.003685 -0.004889 -0.005746
v -0.003176 -0.004699 -0.005917
v -0.002403 -0.004649 -0.005639
v -0.002748 -0.003209 -0.006635
v -0.002238 -0.002669 -0.006484
v -0.000447 0.001561 -0.005763
v 0.001655 0.005061 -0.004845
v 0.002132 0.007051 -0.003878
v 0.002347 0.006671 -0.003930
v 0.001364 0.006321 -0.004943
v 0.116545 -0.092809 -0.093150
v 0.115974 -0.092149 -0.093561
v 0.120848 -0.089369 -0.094223
v 0.121101 -0.089509 -0.094618
v 0.117758 -0.103619 -0.097124
v 0.123392 -0.091599 -0.095992
v 0.123780 -0.092539 -0.096482
v 0.119317 -0.105449 -0.098730
v 0.119569 -0.105639 -0.099316
v 0.119617 -0.105609 -0.099811
v 0.120061 -0.105579 -0.100108
v 0.120160 -0.105419 -0.100414
v 0.121735 -0.105469 -0.099994
v -0.009226 0.000621 -0.003131
v -0.008242 0.004161 -0.002547
v -0.006578 0.006731 -0.002497
v -0.005964 0.007121 -0.001904
v -0.005677 0.008311 -0.002482
v -0.006419 0.007411 -0.002821
v -0.004374 0.008941 -0.002133
v -0.004933 0.008651 -0.002104
v -0.009152 -0.000529 -0.004059
v -0.002970 0.010421 -0.003342
v -0.008189 -0.002709 -0.004753
v -0.007712 -0.003379 -0.005253
v -0.001553 0.010231 -0.003849
v -0.002326 0.010511 -0.003626
v -0.006195 -0.004289 -0.005745
v -0.007043 -0.003889 -0.005459
v -0.000286 0.009361 -0.003620
v -0.000018 0.009161 -0.004330
v -0.001055 0.010001 -0.004360
v -0.000750 0.009731 -0.004843
v -0.000342 0.009311 -0.004984
v -0.002438 0.001441 -0.007065
v 0.000047 0.008181 -0.005614
v 0.000209 0.008671 -0.005040
v 0.000294 0.008281 -0.005307
v -0.003417 -0.003959 -0.006668
v -0.003302 -0.002179 -0.007371
v -0.001862 -0.001079 -0.006491
v -0.003048 -0.000509 -0.007436
v -0.001247 0.002701 -0.006364
v 0.113909 -0.091889 -0.094735
v 0.114979 -0.091149 -0.094347
v 0.113550 -0.095399 -0.095306
v 0.116991 -0.090069 -0.093762
v 0.117197 -0.089149 -0.094299
v 0.117036 -0.088809 -0.094845
v 0.117465 -0.088709 -0.095129
v 0.118390 -0.089139 -0.094002
v 0.118844 -0.088989 -0.094506
v 0.120857 -0.089659 -0.095554
v 0.115477 -0.103189 -0.098860
v 0.115585 -0.101669 -0.097330
v 0.120929 -0.089969 -0.096194
v 0.117170 -0.104209 -0.098687
v 0.116928 -0.104389 -0.099445
v 0.115350 -0.103519 -0.099615
v 0.117991 -0.105099 -0.100107
v 0.117155 -0.104729 -0.100089
v 0.118286 -0.105209 -0.100360
v 0.118751 -0.105199 -0.100785
v 0.118906 -0.105089 -0.101059
v -0.010356 0.001151 -0.004968
v -0.008026 0.005581 -0.003998
v -0.008103 0.006091 -0.004633
v -0.007317 0.006411 -0.003625
v -0.007469 0.006771 -0.004137
v -0.006219 0.008491 -0.003194
v -0.006814 0.007871 -0.003632
v -0.005411 0.009961 -0.003426
v -0.005901 0.009701 -0.003575
v -0.005375 0.010471 -0.003859
v -0.005829 0.010231 -0.003915
v -0.004820 0.010601 -0.003752
v -0.005094 0.010821 -0.004088
v -0.004972 0.011021 -0.004297
v -0.009246 -0.001439 -0.004923
v -0.010058 -0.000699 -0.005575
v -0.002953 0.010851 -0.003876
v -0.003449 0.010901 -0.003873
v -0.004138 0.010721 -0.003725
v -0.003291 0.011021 -0.004124
v -0.003981 0.011011 -0.004036
v -0.003702 0.011081 -0.004161
v -0.004807 0.010911 -0.004080
v -0.004525 0.010941 -0.004037
v -0.004285 0.011041 -0.004126
v -0.004060 0.011121 -0.004217
v -0.003435 0.011151 -0.004473
v -0.004590 0.011061 -0.004225
v -0.003938 0.011231 -0.004493
v -0.004401 0.011221 -0.004463
v -0.008777 -0.002849 -0.006428
v -0.008515 -0.003269 -0.007172
v -0.002165 0.010651 -0.004102
v -0.002586 0.010831 -0.004068
v -0.001762 0.010481 -0.004553
v -0.002869 0.010941 -0.004149
v -0.002484 0.010851 -0.004339
v -0.002180 0.010721 -0.004554
v -0.002765 0.010971 -0.004414
v -0.002661 0.010941 -0.004700
v -0.002043 0.010611 -0.005080
v -0.002441 0.010821 -0.005059
v -0.001984 0.010511 -0.005397
v -0.003183 0.011121 -0.004854
v -0.002393 0.010741 -0.005367
v -0.002814 0.010941 -0.005325
v -0.006738 -0.003919 -0.007547
v -0.007653 -0.003639 -0.007853
v -0.007469 -0.003669 -0.008355
v -0.000686 0.009481 -0.005427
v -0.001427 0.010221 -0.005049
v -0.001120 0.009941 -0.005274
v -0.001489 0.010151 -0.005529
v -0.001229 0.009841 -0.005744
v -0.001005 0.009451 -0.005962
v -0.001837 0.010301 -0.005784
v -0.001586 0.010021 -0.005993
v -0.001459 0.009831 -0.006122
v -0.001387 0.009611 -0.006272
v -0.001386 0.009231 -0.006531
v -0.005285 -0.003629 -0.007992
v -0.006500 -0.003859 -0.007995
v -0.005994 -0.003789 -0.008101
v -0.006067 -0.003429 -0.008644
v -0.004765 -0.003469 -0.007841
v -0.004519 -0.003069 -0.007935
v -0.004766 -0.002469 -0.008455
v -0.005616 -0.002949 -0.008815
v -0.004143 -0.001659 -0.008214
v -0.002848 0.002131 -0.007457
v -0.003226 0.001551 -0.007742
v -0.003081 0.002521 -0.007752
v -0.002331 0.002991 -0.007190
v -0.001272 0.004451 -0.006659
v -0.002218 0.004501 -0.007412
v -0.002024 0.005591 -0.007331
v -0.000746 0.005811 -0.006390
v -0.000613 0.008971 -0.005895
v 0.113051 -0.094329 -0.095321
v 0.113011 -0.092449 -0.095172
v 0.113472 -0.090129 -0.095436
v 0.112703 -0.097069 -0.096701
v 0.116119 -0.088469 -0.095567
v 0.116441 -0.088379 -0.095882
v 0.115955 -0.088339 -0.095911
v 0.116807 -0.088369 -0.096190
v 0.116212 -0.088269 -0.096266
v 0.118254 -0.088729 -0.095702
v 0.118464 -0.088819 -0.096148
v 0.115646 -0.104149 -0.100815
v 0.117270 -0.104779 -0.101304
v 0.116368 -0.104519 -0.101085
v 0.116936 -0.104299 -0.102486
v 0.117874 -0.104769 -0.101569
v 0.117699 -0.104339 -0.102272
v 0.119370 -0.103559 -0.101962
v -0.011105 0.000621 -0.006389
v -0.010646 0.001981 -0.005148
v -0.010291 0.002591 -0.004644
v -0.010532 0.003401 -0.005692
v -0.008604 0.006441 -0.005526
v -0.007717 0.007161 -0.004630
v -0.007463 0.008371 -0.004582
v -0.005899 0.010551 -0.004265
v -0.006349 0.010301 -0.004389
v -0.006359 0.010841 -0.004979
v -0.007345 0.009971 -0.005069
v -0.007008 0.010491 -0.005138
v -0.006992 0.010711 -0.005362
v -0.006312 0.011151 -0.005498
v -0.005435 0.011001 -0.004518
v -0.005474 0.011231 -0.004962
v -0.010473 -0.001409 -0.006844
v -0.004729 0.011231 -0.004561
v -0.003729 0.011271 -0.004997
v -0.005048 0.011211 -0.004653
v -0.004552 0.011341 -0.004820
v -0.004204 0.011341 -0.005009
v -0.004909 0.011331 -0.004917
v -0.003962 0.011291 -0.005365
v -0.004766 0.011391 -0.005187
v -0.004421 0.011351 -0.005401
v -0.004180 0.011251 -0.005742
v -0.005208 0.011381 -0.005448
v -0.004685 0.011331 -0.005734
v -0.004475 0.011161 -0.006161
v -0.005483 0.011341 -0.005876
v -0.009415 -0.002769 -0.007511
v -0.002618 0.010761 -0.005725
v -0.002311 0.010551 -0.005900
v -0.003508 0.011171 -0.005411
v -0.002647 0.010621 -0.006142
v -0.003011 0.010841 -0.005966
v -0.003117 0.010691 -0.006455
v -0.002822 0.010441 -0.006674
v -0.003812 0.011001 -0.006222
v -0.003325 0.010581 -0.006798
v -0.003654 0.010771 -0.006639
v -0.003147 0.010301 -0.007091
v -0.004172 0.010881 -0.006686
v -0.008558 -0.003399 -0.008747
v -0.008391 -0.003469 -0.009209
v -0.008021 -0.003499 -0.009388
v -0.001554 0.008841 -0.006800
v -0.001973 0.008431 -0.007182
v -0.002180 0.009171 -0.007214
v -0.002665 0.009461 -0.007452
v -0.002930 0.009941 -0.007331
v -0.002058 0.010291 -0.006144
v -0.001824 0.009971 -0.006369
v -0.001713 0.009741 -0.006495
v -0.002307 0.010241 -0.006519
v -0.002097 0.009871 -0.006750
v -0.002001 0.009521 -0.006913
v -0.002580 0.010121 -0.006905
v -0.002426 0.009761 -0.007098
v -0.006376 -0.003009 -0.009339
v -0.006979 -0.003379 -0.009292
v -0.007490 -0.003489 -0.009307
v -0.005086 -0.001649 -0.009142
v -0.006182 -0.002339 -0.009770
v -0.004679 -0.000709 -0.009016
v -0.003983 0.002081 -0.008667
v -0.002951 0.003821 -0.007948
v -0.003552 0.003671 -0.008552
v -0.002586 0.005971 -0.007808
v -0.002848 0.005071 -0.008039
v -0.003589 0.005171 -0.008806
v 0.113801 -0.088669 -0.096025
v 0.114484 -0.088419 -0.095980
v 0.113662 -0.087899 -0.096724
v 0.114944 -0.088289 -0.096034
v 0.115256 -0.088199 -0.096264
v 0.116417 -0.088229 -0.096772
v 0.116217 -0.088189 -0.097226
v 0.115397 -0.088049 -0.096938
v 0.116936 -0.088369 -0.096781
v 0.116956 -0.088589 -0.097771
v 0.117436 -0.090169 -0.099396
v 0.118172 -0.089089 -0.097587
v 0.118063 -0.089339 -0.098114
v 0.113981 -0.103509 -0.101493
v 0.114045 -0.103779 -0.102207
v 0.117950 -0.102439 -0.102805
v 0.118310 -0.102939 -0.102616
v -0.008944 0.009621 -0.006664
v -0.011577 0.002171 -0.006753
v -0.011321 0.002761 -0.006515
v -0.010975 0.004591 -0.007498
v -0.008834 0.006971 -0.005994
v -0.010100 0.006301 -0.007350
v -0.008160 0.009481 -0.005678
v -0.007949 0.010111 -0.005770
v -0.008396 0.010041 -0.006266
v -0.007590 0.010381 -0.005607
v -0.006932 0.010981 -0.005722
v -0.007933 0.010351 -0.005956
v -0.007623 0.010671 -0.005975
v -0.006768 0.011171 -0.006231
v -0.007326 0.010981 -0.006262
v -0.006629 0.011191 -0.006518
v -0.008126 0.010481 -0.006384
v -0.007944 0.010751 -0.006625
v -0.007418 0.010991 -0.007141
v -0.007032 0.010971 -0.007378
v -0.005971 0.011291 -0.005819
v -0.012028 -0.001279 -0.008651
v -0.006077 0.011131 -0.006794
v -0.005513 0.010871 -0.007306
v -0.005220 0.011241 -0.006237
v -0.010304 -0.002779 -0.008949
v -0.004761 0.009981 -0.008429
v -0.003846 0.010551 -0.007162
v -0.009191 -0.003309 -0.009665
v -0.008800 -0.003419 -0.010280
v -0.009550 -0.003379 -0.011009
v -0.008131 -0.003409 -0.010027
v -0.004205 0.006661 -0.009340
v -0.003166 0.008581 -0.008071
v -0.003502 0.009521 -0.007995
v -0.007652 -0.003199 -0.010195
v -0.007350 -0.002819 -0.010453
v -0.007320 -0.001809 -0.011375
v 0.109269 -0.092499 -0.097190
v 0.109747 -0.091499 -0.096889
v 0.112608 -0.087949 -0.096891
v 0.112367 -0.087549 -0.097466
v 0.113809 -0.087759 -0.097066
v 0.114005 -0.087659 -0.097662
v 0.109180 -0.099749 -0.100901
v 0.109290 -0.098709 -0.100075
v 0.110883 -0.100629 -0.100301
v 0.109359 -0.100339 -0.101329
v 0.115492 -0.088459 -0.099202
v 0.111295 -0.102109 -0.102051
v 0.117484 -0.091659 -0.100336
v 0.113042 -0.103419 -0.102678
v 0.114203 -0.103889 -0.102747
v 0.113486 -0.103659 -0.102869
v 0.113407 -0.103629 -0.103252
v 0.114108 -0.103659 -0.103668
v 0.114501 -0.103329 -0.104094
v 0.116492 -0.103159 -0.103460
v 0.115062 -0.102939 -0.104164
v 0.115440 -0.102689 -0.104093
v 0.115721 -0.102349 -0.104016
v -0.012648 -0.000559 -0.008781
v -0.012382 0.002751 -0.008231
v -0.011346 0.006211 -0.008698
v -0.010176 0.007001 -0.007583
v -0.007914 0.010851 -0.007089
v -0.012755 -0.002489 -0.011085
v -0.006288 0.010561 -0.008226
v -0.011555 -0.002789 -0.010256
v -0.011289 -0.002969 -0.010436
v -0.012116 -0.002879 -0.011014
v -0.011946 -0.003089 -0.011362
v -0.006266 0.009771 -0.009544
v -0.005907 0.009201 -0.009860
v -0.005637 0.010331 -0.008417
v -0.009121 -0.003319 -0.011353
v -0.008805 -0.003089 -0.011672
v -0.009989 -0.003409 -0.012244
v -0.009786 -0.003259 -0.012561
v -0.005800 0.004421 -0.011366
v -0.004841 0.008311 -0.009510
v -0.008178 -0.002519 -0.011679
v -0.007207 -0.000569 -0.012029
v -0.006836 0.000291 -0.011903
v -0.006187 0.002631 -0.011624
v 0.108953 -0.090269 -0.097410
v 0.109217 -0.088569 -0.097826
v 0.110996 -0.087099 -0.098148
v 0.111435 -0.087029 -0.098407
v 0.113058 -0.087409 -0.098366
v 0.112847 -0.087289 -0.099337
v 0.113778 -0.087719 -0.099500
v 0.110205 -0.101109 -0.101544
v 0.114647 -0.088689 -0.100260
v 0.115468 -0.092729 -0.102099
v 0.113708 -0.102679 -0.104759
v 0.114022 -0.102389 -0.104773
v 0.113938 -0.101859 -0.104919
v 0.114953 -0.101339 -0.104368
v -0.013276 0.002391 -0.009337
v -0.012740 0.004271 -0.009660
v -0.011076 0.008481 -0.008732
v -0.010540 0.009691 -0.008935
v -0.011091 0.009101 -0.009065
v -0.010703 0.009771 -0.009435
v -0.010100 0.010041 -0.008934
v -0.014727 -0.000559 -0.011246
v -0.014461 -0.001469 -0.011576
v -0.013547 0.001261 -0.009569
v -0.012876 0.003561 -0.009496
v -0.007921 0.009361 -0.011018
v -0.007276 0.007791 -0.012003
v -0.011152 -0.003599 -0.013686
v -0.010996 -0.003519 -0.012554
v -0.009996 -0.002729 -0.013794
v -0.008731 -0.001619 -0.013203
v 0.106708 -0.088699 -0.098724
v 0.108445 -0.087469 -0.098616
v 0.109019 -0.086889 -0.098822
v 0.108940 -0.086679 -0.099068
v 0.109374 -0.086599 -0.099262
v 0.105862 -0.095579 -0.100648
v 0.111685 -0.086919 -0.099632
v 0.111985 -0.087119 -0.100238
v 0.108335 -0.100499 -0.102677
v 0.108665 -0.101499 -0.104493
v 0.109495 -0.102009 -0.104789
v 0.113190 -0.096619 -0.104322
v 0.111333 -0.101619 -0.106033
v 0.111235 -0.101129 -0.106205
v 0.113426 -0.099919 -0.104974
v -0.014757 0.001221 -0.010934
v -0.015491 0.001941 -0.011794
v -0.013617 0.005511 -0.010796
v -0.013158 0.007531 -0.010835
v -0.012064 0.009141 -0.010753
v -0.011527 0.009491 -0.010687
v -0.015259 -0.002049 -0.012821
v -0.015686 -0.001199 -0.012426
v -0.015942 -0.000559 -0.012347
v -0.010670 0.009871 -0.009818
v -0.010253 0.010031 -0.009707
v -0.010875 0.009791 -0.010464
v -0.010625 0.009811 -0.010683
v -0.009872 0.009711 -0.011081
v -0.009746 0.009381 -0.011789
v -0.013776 -0.003309 -0.013099
v -0.013246 -0.003809 -0.014085
v -0.007665 0.008791 -0.011583
v -0.011174 -0.003379 -0.014666
v -0.012638 -0.003959 -0.014673
v -0.008687 0.003171 -0.014605
v -0.010309 -0.001759 -0.015212
v -0.009552 0.000011 -0.015128
v 0.103735 -0.089539 -0.099782
v 0.104757 -0.088699 -0.099449
v 0.105842 -0.087139 -0.099611
v 0.106622 -0.086509 -0.099777
v 0.107869 -0.086489 -0.099480
v 0.107167 -0.085759 -0.100504
v 0.107951 -0.086299 -0.099705
v 0.108261 -0.086129 -0.100178
v 0.107710 -0.085899 -0.100346
v 0.108026 -0.085839 -0.100706
v 0.104709 -0.097829 -0.103028
v 0.109476 -0.086339 -0.100720
v 0.109675 -0.086459 -0.101467
v 0.105421 -0.099699 -0.104594
v 0.106059 -0.099249 -0.103268
v 0.110750 -0.086989 -0.101505
v 0.110566 -0.087219 -0.102111
v 0.106916 -0.100289 -0.104087
v 0.106077 -0.100369 -0.105132
v 0.109399 -0.101909 -0.105711
v 0.109693 -0.101669 -0.106338
v 0.109550 -0.101189 -0.106762
v 0.108441 -0.101439 -0.106618
v 0.110562 -0.101659 -0.106227
v 0.111436 -0.100669 -0.106157
v -0.017424 -0.000789 -0.013345
v -0.016418 0.000521 -0.012451
v -0.016767 -0.000499 -0.012918
v -0.017087 0.001021 -0.012956
v -0.017591 0.000221 -0.013193
v -0.017974 0.000691 -0.013465
v -0.016591 0.002561 -0.013020
v -0.015375 0.003061 -0.012072
v -0.014826 0.004671 -0.011936
v -0.013255 0.007951 -0.011188
v -0.013067 0.008311 -0.011229
v -0.012927 0.008581 -0.011388
v -0.012710 0.008871 -0.011739
v -0.012406 0.009061 -0.011769
v -0.013198 0.008561 -0.012188
v -0.012854 0.008801 -0.012365
v -0.017314 -0.002419 -0.014401
v -0.016349 -0.001699 -0.013179
v -0.016552 -0.001319 -0.013064
v -0.016271 -0.002379 -0.013838
v -0.017229 -0.001479 -0.013514
v -0.017129 -0.001949 -0.013795
v -0.012139 0.009151 -0.012195
v -0.011816 0.009151 -0.012517
v -0.010512 0.009321 -0.012140
v -0.011390 0.009131 -0.012660
v -0.015792 -0.003229 -0.014552
v -0.010709 0.008801 -0.013287
v -0.009876 0.008771 -0.013074
v -0.009548 0.008511 -0.013340
v -0.015327 -0.004199 -0.015737
v -0.009476 0.007881 -0.014036
v -0.012680 -0.004019 -0.015553
v -0.012575 -0.003859 -0.016253
v -0.012555 -0.003419 -0.017081
v 0.102252 -0.092299 -0.101299
v 0.106612 -0.085799 -0.100453
v 0.107021 -0.085559 -0.100846
v 0.106486 -0.085469 -0.100927
v 0.106843 -0.085409 -0.101195
v 0.106706 -0.085269 -0.101707
v 0.107470 -0.085639 -0.100840
v 0.108168 -0.085789 -0.101257
v 0.107565 -0.085599 -0.101124
v 0.102908 -0.097779 -0.104478
v 0.108711 -0.086659 -0.103157
v 0.104424 -0.099389 -0.105118
v 0.104427 -0.099889 -0.106059
v 0.105369 -0.100489 -0.106193
v 0.105754 -0.100769 -0.106545
v 0.105073 -0.100469 -0.106578
v 0.109540 -0.090829 -0.105034
v 0.106676 -0.100999 -0.105798
v 0.106801 -0.101159 -0.106370
v 0.106947 -0.101099 -0.106935
v 0.107751 -0.101089 -0.107139
v 0.110650 -0.096799 -0.105913
v -0.019954 -0.001179 -0.014491
v -0.020214 -0.001059 -0.014599
v -0.020140 -0.001339 -0.014686
v -0.019679 -0.000669 -0.014176
v -0.019606 -0.000249 -0.014133
v -0.019711 -0.000969 -0.014270
v -0.019907 -0.000559 -0.014286
v -0.020003 -0.000759 -0.014377
v -0.018717 -0.001699 -0.014237
v -0.018899 -0.002219 -0.014769
v -0.019391 -0.001679 -0.014494
v -0.019699 -0.001319 -0.014416
v -0.019887 -0.001479 -0.014619
v -0.019777 -0.001949 -0.014913
v -0.018993 -0.000499 -0.013850
v -0.019062 -0.000989 -0.013998
v -0.019332 -0.001299 -0.014234
v -0.017267 0.003421 -0.013783
v -0.017139 0.004461 -0.014040
v -0.015945 0.004751 -0.013077
v -0.016163 0.005641 -0.013643
v -0.015321 0.005831 -0.012811
v -0.015496 0.006481 -0.013377
v -0.014613 0.007571 -0.013313
v -0.014590 0.007661 -0.013676
v -0.017987 -0.003559 -0.016211
v -0.017413 -0.003809 -0.016407
v -0.016129 -0.004159 -0.016127
v -0.012454 0.008121 -0.014992
v -0.011130 0.007911 -0.015056
v -0.015899 -0.004399 -0.016509
v -0.015297 -0.004619 -0.016986
v -0.010574 0.007791 -0.014970
v -0.013744 -0.004409 -0.017198
v -0.014322 -0.004629 -0.017416
v -0.014712 -0.004679 -0.017234
v -0.009470 0.005261 -0.015412
v 0.103981 -0.085069 -0.101472
v 0.104545 -0.084819 -0.101733
v 0.104972 -0.084749 -0.101900
v 0.106013 -0.084999 -0.102506
v 0.106958 -0.085819 -0.103682
v 0.106883 -0.085339 -0.102223
v 0.106588 -0.085359 -0.103026
v 0.102686 -0.098579 -0.105679
v 0.108753 -0.087069 -0.103524
v 0.108475 -0.087549 -0.104059
v 0.107307 -0.086549 -0.104179
v 0.103625 -0.099899 -0.107365
v 0.107958 -0.090649 -0.105888
v 0.109023 -0.088899 -0.104475
v 0.107929 -0.089259 -0.105350
v 0.105200 -0.100599 -0.107009
v 0.105414 -0.100659 -0.107257
v 0.105046 -0.100349 -0.107950
v 0.103995 -0.100029 -0.107841
v 0.105188 -0.100229 -0.108221
v 0.108077 -0.092119 -0.106249
v 0.107679 -0.099899 -0.107808
v 0.105616 -0.100479 -0.107905
v 0.105896 -0.100179 -0.108211
v 0.106182 -0.099839 -0.108321
v 0.107776 -0.097829 -0.107645
v 0.108070 -0.099099 -0.107692
v 0.106642 -0.098949 -0.108330
v -0.020560 -0.000909 -0.014786
v -0.020381 -0.001209 -0.014774
v -0.020322 -0.001509 -0.014919
v -0.020957 -0.001359 -0.015272
v -0.021765 -0.000239 -0.015464
v -0.021830 -0.000949 -0.015665
v -0.020299 -0.000339 -0.014539
v -0.019951 0.000221 -0.014455
v -0.021349 0.000501 -0.015306
v -0.021112 0.001381 -0.015468
v -0.019651 0.001841 -0.014966
v -0.018686 0.002941 -0.014720
v -0.018529 0.003801 -0.014946
v -0.017854 0.004911 -0.014998
v -0.020692 -0.002869 -0.016261
v -0.021096 -0.002359 -0.016047
v -0.017365 0.004981 -0.014497
v -0.016814 0.005691 -0.014462
v -0.017640 0.005341 -0.015354
v -0.015883 0.006561 -0.014143
v -0.015383 0.007161 -0.015649
v -0.014934 0.007471 -0.014575
v -0.019027 -0.004079 -0.017129
v -0.013738 0.008041 -0.014937
v -0.014392 0.007761 -0.015041
v -0.014509 0.007551 -0.015965
v -0.013883 0.007731 -0.015840
v -0.019215 -0.004679 -0.018379
v -0.017954 -0.004089 -0.017104
v -0.017472 -0.004219 -0.017201
v -0.017220 -0.004699 -0.018122
v 0.098673 -0.089319 -0.102292
v 0.099257 -0.085459 -0.102137
v 0.102816 -0.083879 -0.102892
v 0.099186 -0.094669 -0.104775
v 0.103255 -0.084289 -0.102310
v 0.104303 -0.084359 -0.103068
v 0.099065 -0.095999 -0.105858
v 0.104303 -0.084609 -0.104350
v 0.104407 -0.085029 -0.105004
v 0.099893 -0.096999 -0.106161
v 0.105288 -0.086319 -0.105370
v 0.106360 -0.090919 -0.106831
v 0.104568 -0.099989 -0.108393
v 0.104571 -0.099749 -0.108689
v 0.105428 -0.098959 -0.108784
v 0.103815 -0.099299 -0.109099
v 0.103928 -0.098869 -0.109269
v 0.105800 -0.098249 -0.108659
v -0.023438 -0.000729 -0.016455
v -0.021383 0.002531 -0.016060
v -0.023165 -0.003119 -0.017364
v -0.023845 -0.002809 -0.017397
v -0.023390 -0.003649 -0.017810
v -0.021850 -0.002649 -0.016625
v -0.022930 -0.002349 -0.016903
v -0.019305 0.003531 -0.015447
v -0.020280 0.002891 -0.015739
v -0.020177 0.003861 -0.016301
v -0.019614 0.004371 -0.016404
v -0.018787 0.004271 -0.015469
v -0.018569 0.004671 -0.015667
v -0.019130 0.004811 -0.016915
v -0.022788 -0.004089 -0.018196
v -0.022117 -0.004639 -0.018686
v -0.021930 -0.003339 -0.017199
v -0.018325 0.005111 -0.016282
v -0.016908 0.006051 -0.015778
v -0.016691 0.006251 -0.016676
v -0.021242 -0.004429 -0.018154
v -0.020724 -0.004799 -0.018563
v -0.021131 -0.004989 -0.018990
v -0.020631 -0.005009 -0.019007
v -0.021531 -0.004829 -0.018782
v -0.021477 -0.005009 -0.019125
v -0.021090 -0.005099 -0.019304
v -0.016097 0.006571 -0.017379
v -0.014091 0.007351 -0.016779
v -0.014672 0.007241 -0.016859
v -0.018879 -0.004719 -0.018838
v -0.020097 -0.005049 -0.019308
v -0.018781 -0.005019 -0.019979
v -0.019301 -0.004969 -0.019936
v -0.018358 -0.004699 -0.018815
v -0.013686 0.007201 -0.017023
v -0.012401 0.006431 -0.017871
v -0.012163 0.005781 -0.018232
v -0.012983 0.006511 -0.018054
v -0.016574 -0.005249 -0.019951
v -0.016279 -0.005219 -0.020301
v -0.016024 -0.005109 -0.020380
v -0.015755 -0.004929 -0.020470
v -0.014187 -0.003009 -0.020054
v -0.014108 -0.001889 -0.020412
v -0.013022 0.002351 -0.019992
v 0.097550 -0.084069 -0.103143
v 0.099129 -0.083849 -0.102873
v 0.103396 -0.085309 -0.106097
v 0.100161 -0.098199 -0.107673
v 0.099435 -0.097499 -0.107178
v 0.103751 -0.089259 -0.107633
v 0.104618 -0.086919 -0.106166
v 0.101215 -0.098979 -0.108823
v 0.104346 -0.092189 -0.108175
v 0.102473 -0.099259 -0.109010
v 0.102640 -0.099119 -0.109295
v 0.102586 -0.098459 -0.109719
v 0.102264 -0.098739 -0.109606
v 0.102189 -0.097739 -0.110006
v 0.102955 -0.097679 -0.109777
v 0.103105 -0.095389 -0.109454
v -0.024357 0.000441 -0.016723
v -0.024233 0.001091 -0.016687
v -0.025014 0.000141 -0.017103
v -0.023760 0.002131 -0.016765
v -0.025110 -0.003489 -0.018283
v -0.024702 -0.002779 -0.017618
v -0.024953 -0.003159 -0.017837
v -0.024770 -0.003459 -0.017971
v -0.025154 -0.002799 -0.017779
v -0.025151 -0.003059 -0.017884
v -0.025089 -0.003259 -0.017974
v -0.024901 -0.003589 -0.018178
v -0.025000 -0.003459 -0.018095
v -0.025340 -0.002449 -0.017807
v -0.025340 -0.002979 -0.017992
v -0.025366 -0.002779 -0.017915
v -0.025222 -0.003299 -0.018162
v -0.025475 -0.002669 -0.018055
v -0.025470 -0.002419 -0.017971
v -0.025449 -0.002879 -0.018141
v -0.025395 -0.003049 -0.018226
v -0.025226 -0.003379 -0.018446
v -0.025502 -0.001949 -0.018038
v -0.025459 -0.002859 -0.018366
v -0.025507 -0.002579 -0.018257
v -0.025371 -0.003099 -0.018514
v -0.024181 -0.001689 -0.017116
v -0.024436 -0.001099 -0.017028
v -0.024933 -0.001329 -0.017350
v -0.025113 -0.000669 -0.017313
v -0.025317 -0.001289 -0.017639
v -0.025426 -0.000919 -0.017709
v -0.025446 -0.001359 -0.017852
v -0.024607 -0.000329 -0.016928
v -0.021523 0.003151 -0.016484
v -0.022895 0.002951 -0.016915
v -0.022056 0.003491 -0.017032
v -0.022080 0.003761 -0.017409
v -0.023025 0.003481 -0.017491
v -0.024299 -0.003929 -0.018343
v -0.023611 -0.004269 -0.018737
v -0.024736 -0.003769 -0.018319
v -0.024460 -0.003959 -0.018527
v -0.024146 -0.004129 -0.018721
v -0.024985 -0.003649 -0.018386
v -0.024839 -0.003779 -0.018511
v -0.024411 -0.004039 -0.018805
v -0.024010 -0.004239 -0.019035
v -0.025075 -0.003579 -0.018595
v -0.024793 -0.003819 -0.018819
v -0.024318 -0.004099 -0.019134
v -0.024310 -0.003419 -0.017825
v -0.024080 -0.003749 -0.018049
v -0.023680 -0.003929 -0.018175
v -0.024584 -0.003679 -0.018119
v -0.021054 0.003971 -0.017064
v -0.020820 0.004381 -0.017889
v -0.021669 0.004071 -0.017731
v -0.022103 -0.004829 -0.019009
v -0.022642 -0.004819 -0.019434
v -0.022800 -0.004809 -0.019969
v -0.017915 0.005581 -0.018170
v -0.021425 -0.005109 -0.019429
v -0.021913 -0.005029 -0.019410
v -0.021839 -0.005099 -0.019696
v -0.021321 -0.005179 -0.019962
v -0.022283 -0.004989 -0.019670
v -0.021012 -0.005149 -0.020349
v -0.022224 -0.005019 -0.019950
v -0.021891 -0.005089 -0.020223
v -0.021501 -0.005129 -0.020362
v -0.022455 -0.004929 -0.020418
v -0.020888 -0.005179 -0.019698
v -0.016064 0.006461 -0.018275
v -0.016772 0.006171 -0.018296
v -0.020542 -0.005149 -0.020039
v -0.020371 -0.005039 -0.020579
v -0.020016 -0.005089 -0.020994
v -0.020811 -0.005009 -0.020868
v -0.020716 -0.004989 -0.021148
v -0.020446 -0.005149 -0.021554
v -0.015851 0.006171 -0.019385
v -0.015008 0.006581 -0.018280
v -0.018671 -0.005729 -0.022103
v -0.013659 0.004151 -0.020738
v -0.013699 0.005671 -0.019544
v -0.013912 0.004821 -0.020617
v -0.013965 0.005991 -0.019175
v -0.017579 -0.005669 -0.022583
v -0.018174 -0.005859 -0.022654
v -0.017458 -0.005539 -0.022950
v -0.015823 -0.003839 -0.022041
v -0.016658 -0.004819 -0.022617
v -0.015726 -0.002699 -0.022360
v -0.015342 -0.001139 -0.022140
v 0.094968 -0.085789 -0.103572
v 0.095095 -0.089239 -0.104271
v 0.097155 -0.082779 -0.103929
v 0.100383 -0.082789 -0.103868
v 0.099558 -0.082839 -0.103632
v 0.098918 -0.082169 -0.104511
v 0.099496 -0.082289 -0.104911
v 0.095678 -0.094629 -0.107092
v 0.100653 -0.082789 -0.104139
v 0.095797 -0.095639 -0.107933
v 0.098183 -0.097709 -0.109094
v 0.098313 -0.097809 -0.109563
v 0.098836 -0.097949 -0.109828
v 0.098772 -0.097719 -0.110284
v 0.099665 -0.098389 -0.109147
v 0.099648 -0.098249 -0.109734
v 0.099825 -0.098149 -0.110002
v 0.100164 -0.098059 -0.110184
v 0.099211 -0.097649 -0.110459
v 0.100752 -0.097729 -0.110352
v 0.100097 -0.097679 -0.110450
v 0.100250 -0.097249 -0.110604
v 0.102496 -0.096669 -0.109933
v -0.025616 0.000051 -0.017614
v -0.025661 -0.000589 -0.018003
v -0.026199 -0.000279 -0.018539
v -0.026475 0.000501 -0.018343
v -0.025464 0.001261 -0.017382
v -0.026442 0.001341 -0.018076
v -0.026508 0.001861 -0.018069
v -0.026331 0.002211 -0.018002
v -0.024907 0.001901 -0.017167
v -0.025713 0.002911 -0.017969
v -0.025416 -0.002759 -0.018819
v -0.025542 -0.001709 -0.018570
v -0.025611 -0.001509 -0.018747
v -0.025509 -0.002499 -0.019162
v -0.025669 -0.001799 -0.019070
v -0.025849 -0.001699 -0.019225
v -0.025730 -0.002549 -0.019545
v -0.026298 -0.001049 -0.019205
v -0.026163 -0.002499 -0.019859
v -0.025512 -0.001099 -0.017964
v -0.025519 -0.001509 -0.018112
v -0.025594 -0.001219 -0.018409
v -0.025673 -0.001139 -0.018592
v -0.025858 -0.000869 -0.018656
v -0.025750 -0.001309 -0.018877
v -0.022900 0.003871 -0.018112
v -0.023012 0.004031 -0.018742
v -0.024730 -0.003799 -0.019494
v -0.025078 -0.003459 -0.019445
v -0.024482 -0.003969 -0.019888
v -0.024904 -0.003689 -0.019865
v -0.024720 -0.003859 -0.020244
v -0.025369 -0.003369 -0.020002
v -0.025108 -0.003639 -0.020233
v -0.024924 -0.003809 -0.020611
v -0.025939 -0.003049 -0.020171
v -0.025297 -0.003099 -0.019179
v -0.025471 -0.002989 -0.019586
v -0.022560 0.004131 -0.019249
v -0.022065 0.004141 -0.018469
v -0.024387 -0.004059 -0.020480
v -0.024048 -0.004249 -0.021396
v -0.019173 0.005071 -0.019110
v -0.021859 -0.004869 -0.021543
v -0.021796 -0.004849 -0.021903
v -0.018103 0.005601 -0.019836
v -0.021963 -0.004919 -0.022374
v -0.015492 0.005781 -0.020213
v -0.015723 0.005261 -0.021428
v -0.019510 -0.005869 -0.022883
v -0.015195 0.004711 -0.021941
v -0.015036 0.004281 -0.022279
v -0.018544 -0.005949 -0.024786
v -0.017124 -0.003519 -0.024304
v -0.016345 -0.001709 -0.023414
v -0.014262 0.003321 -0.021799
v 0.094168 -0.084349 -0.104085
v 0.095657 -0.082019 -0.104783
v 0.097855 -0.081969 -0.104559
v 0.097059 -0.082169 -0.104410
v 0.097933 -0.081639 -0.105085
v 0.097325 -0.081299 -0.105590
v 0.097693 -0.081389 -0.105759
v 0.093360 -0.092369 -0.107079
v 0.098398 -0.081759 -0.105123
v 0.098709 -0.081859 -0.105337
v 0.099479 -0.082249 -0.105509
v 0.093787 -0.094899 -0.108800
v 0.096915 -0.097179 -0.109360
v 0.096923 -0.097289 -0.109679
v 0.097173 -0.097409 -0.109898
v 0.097407 -0.097469 -0.110150
v 0.097627 -0.097399 -0.110492
v 0.101351 -0.090549 -0.109299
v -0.027780 0.001231 -0.019052
v -0.028261 0.001271 -0.019405
v -0.028285 0.000371 -0.019694
v -0.026971 0.001871 -0.018378
v -0.026860 0.002081 -0.018311
v -0.026846 0.002521 -0.018395
v -0.027205 0.002271 -0.018574
v -0.027159 0.002701 -0.018679
v -0.027663 0.002041 -0.018893
v -0.027636 0.002501 -0.018980
v -0.027422 0.002851 -0.018963
v -0.028141 0.001671 -0.019260
v -0.028055 0.002081 -0.019227
v -0.026751 0.002951 -0.018525
v -0.027168 0.002961 -0.018819
v -0.026999 0.003351 -0.018988
v -0.027409 0.003111 -0.019122
v -0.027636 -0.001469 -0.020098
v -0.028188 -0.000809 -0.020109
v -0.026951 0.000011 -0.018989
v -0.027559 -0.000259 -0.019499
v -0.026287 0.002661 -0.018106
v -0.025676 0.003591 -0.018540
v -0.026299 0.003391 -0.018599
v -0.026446 0.003771 -0.019109
v -0.025511 0.004101 -0.019293
v -0.027460 -0.002289 -0.020490
v -0.027023 -0.002999 -0.020995
v -0.027623 -0.002639 -0.020971
v -0.026471 -0.001549 -0.019580
v -0.023830 0.003981 -0.018815
v -0.023377 0.004071 -0.019297
v -0.024699 0.004171 -0.019587
v -0.023695 0.004091 -0.020580
v -0.025807 -0.003419 -0.020728
v -0.026543 -0.003339 -0.021375
v -0.025597 -0.003809 -0.022188
v -0.022903 0.004081 -0.020668
v -0.021845 0.004241 -0.019753
v -0.021186 0.004391 -0.020203
v -0.024937 -0.003899 -0.021359
v -0.024475 -0.004159 -0.022805
v -0.022733 -0.004659 -0.022242
v -0.023609 -0.004389 -0.022210
v -0.023867 -0.004389 -0.023134
v -0.018321 0.005251 -0.022387
v -0.018868 0.005171 -0.022325
v -0.022055 -0.005659 -0.023972
v -0.020556 -0.006379 -0.024811
v -0.015578 0.003451 -0.023570
v -0.020086 -0.006589 -0.025324
v -0.018805 -0.005679 -0.026019
v -0.017679 -0.004459 -0.024873
v -0.018221 -0.004119 -0.026074
v -0.016978 -0.001789 -0.024440
v -0.016271 -0.000439 -0.023813
v -0.016015 0.000751 -0.024142
v -0.016034 0.001811 -0.024514
v -0.015627 0.002961 -0.023825
v 0.092179 -0.082769 -0.105116
v 0.093947 -0.082689 -0.104755
v 0.095739 -0.080919 -0.105881
v 0.095131 -0.080949 -0.105762
v 0.097777 -0.081429 -0.106086
v 0.096453 -0.081169 -0.105551
v 0.096877 -0.081109 -0.105874
v 0.097264 -0.081209 -0.106071
v 0.096014 -0.080829 -0.106327
v 0.096355 -0.080909 -0.106618
v 0.092492 -0.093609 -0.108616
v 0.098650 -0.082109 -0.107007
v 0.098454 -0.082209 -0.107497
v 0.093291 -0.095349 -0.109724
v 0.098581 -0.084739 -0.109225
v 0.099311 -0.083469 -0.107997
v 0.095020 -0.096359 -0.109904
v 0.094823 -0.096499 -0.110583
v 0.094722 -0.096439 -0.111092
v 0.093429 -0.095939 -0.110722
v 0.097954 -0.088539 -0.110626
v 0.099497 -0.087309 -0.109566
v 0.100174 -0.085909 -0.108679
v 0.099487 -0.084359 -0.108426
v 0.097449 -0.095139 -0.111744
v 0.096265 -0.095659 -0.111883
v 0.098028 -0.094539 -0.111565
v 0.098341 -0.095169 -0.111463
v 0.097365 -0.095789 -0.111645
v -0.029367 0.000031 -0.021191
v -0.028667 0.001521 -0.019809
v -0.028756 0.000851 -0.019997
v -0.028907 0.001471 -0.020183
v -0.028799 0.001851 -0.020084
v -0.028980 0.001031 -0.020298
v -0.028987 0.001781 -0.020484
v -0.029093 0.001361 -0.020594
v -0.029203 0.000751 -0.020772
v -0.027990 0.002501 -0.019300
v -0.027760 0.002841 -0.019266
v -0.028420 0.001831 -0.019546
v -0.028309 0.002441 -0.019622
v -0.028087 0.002811 -0.019587
v -0.028584 0.002141 -0.019844
v -0.028308 0.002701 -0.019784
v -0.028079 0.003041 -0.019772
v -0.028574 0.002421 -0.019986
v -0.028744 0.002261 -0.020199
v -0.028454 0.002831 -0.020138
v -0.028215 0.003171 -0.020118
v -0.028713 0.002531 -0.020366
v -0.028920 0.002201 -0.020622
v -0.028593 0.002951 -0.020660
v -0.028335 0.003251 -0.020510
v -0.027652 0.003221 -0.019446
v -0.027348 0.003531 -0.019459
v -0.027147 0.003711 -0.019505
v -0.026984 0.003911 -0.019714
v -0.027810 0.003381 -0.019785
v -0.027499 0.003681 -0.019821
v -0.027739 0.003591 -0.019991
v -0.027614 0.003781 -0.020190
v -0.027386 0.003931 -0.020217
v -0.028005 0.003531 -0.020324
v -0.027827 0.003691 -0.020349
v -0.027659 0.003861 -0.020509
v -0.027871 0.003731 -0.020574
v -0.028700 -0.001769 -0.021173
v -0.028539 -0.002239 -0.021424
v -0.029081 -0.001309 -0.021279
v -0.028861 -0.002059 -0.021647
v -0.028769 -0.002299 -0.021783
v -0.029114 -0.001629 -0.021610
v -0.028975 -0.002129 -0.021891
v -0.029305 -0.001289 -0.021664
v -0.029175 -0.001809 -0.021916
v -0.028269 -0.001569 -0.020590
v -0.028591 -0.000749 -0.020403
v -0.028929 -0.000909 -0.020827
v -0.028831 -0.001229 -0.020908
v -0.029033 -0.000399 -0.020727
v -0.029170 -0.000779 -0.021059
v -0.029139 -0.001009 -0.021150
v -0.029267 -0.000189 -0.021014
v -0.029273 -0.000919 -0.021301
v -0.029289 -0.000629 -0.021188
v -0.029238 -0.001159 -0.021404
v -0.029388 -0.000409 -0.021315
v -0.029385 -0.000629 -0.021385
v -0.029358 -0.000969 -0.021518
v -0.026238 0.004111 -0.019584
v -0.026754 0.004131 -0.020034
v -0.026192 0.004341 -0.020403
v -0.026713 0.004251 -0.020462
v -0.027076 0.004151 -0.020547
v -0.026397 0.004361 -0.020805
v -0.025898 0.004391 -0.020909
v -0.027442 0.004011 -0.020654
v -0.026915 0.004241 -0.020842
v -0.025604 0.004261 -0.019832
v -0.028063 -0.002289 -0.020983
v -0.027932 -0.002909 -0.021666
v -0.027753 -0.003179 -0.022108
v -0.028431 -0.002659 -0.021807
v -0.028212 -0.002979 -0.022072
v -0.028793 -0.002519 -0.022089
v -0.028313 -0.003119 -0.022563
v -0.028680 -0.002859 -0.022506
v -0.026530 -0.003929 -0.023585
v -0.024939 -0.004299 -0.024048
v -0.024488 -0.004619 -0.024467
v -0.023271 -0.005279 -0.024341
v -0.017920 0.005001 -0.023167
v -0.017387 0.003781 -0.025280
v -0.018001 0.004041 -0.025338
v -0.020052 -0.006739 -0.026409
v -0.019367 -0.006209 -0.026460
v -0.019619 -0.005929 -0.027707
v -0.018776 -0.005259 -0.026485
v -0.017798 -0.002039 -0.025942
v -0.017431 -0.000799 -0.025878
v -0.018050 -0.001599 -0.026711
v 0.088679 -0.086269 -0.106537
v 0.090335 -0.082979 -0.105497
v 0.090554 -0.082099 -0.105711
v 0.088970 -0.089979 -0.108236
v 0.092223 -0.081789 -0.105544
v 0.092821 -0.080909 -0.106002
v 0.093517 -0.079719 -0.107205
v 0.089629 -0.092299 -0.109351
v 0.094472 -0.079999 -0.107460
v 0.095046 -0.080299 -0.107886
v 0.096598 -0.081039 -0.107251
v 0.095847 -0.080679 -0.107081
v 0.097894 -0.082499 -0.108343
v 0.096996 -0.082819 -0.109245
v 0.097568 -0.083789 -0.109417
v 0.093401 -0.095999 -0.111332
v 0.094423 -0.096079 -0.111654
v 0.097211 -0.086589 -0.110603
v 0.097865 -0.085599 -0.109979
v 0.094982 -0.095609 -0.112043
v 0.096077 -0.095069 -0.112100
v 0.095937 -0.093899 -0.112275
v 0.096795 -0.092879 -0.111860
v -0.029479 0.000351 -0.021693
v -0.029348 0.000661 -0.021191
v -0.029267 0.001071 -0.021067
v -0.029160 0.001701 -0.021131
v -0.029374 0.000971 -0.021533
v -0.029081 0.002171 -0.021692
v -0.029313 0.001431 -0.021877
v -0.028205 0.003481 -0.020751
v -0.028984 0.002281 -0.021043
v -0.028816 0.002651 -0.020946
v -0.028523 0.003191 -0.021136
v -0.028848 0.002701 -0.021413
v -0.028989 0.002421 -0.021940
v -0.028480 0.003291 -0.021829
v -0.028700 0.002961 -0.022057
v -0.027672 0.003911 -0.020826
v -0.027886 0.003791 -0.021019
v -0.029401 -0.001469 -0.022211
v -0.029184 -0.002219 -0.022495
v -0.029288 -0.002299 -0.023017
v -0.029577 -0.001069 -0.022905
v -0.029447 -0.000799 -0.021640
v -0.029460 -0.000539 -0.021554
v -0.029428 -0.001019 -0.021754
v -0.029506 -0.000309 -0.021692
v -0.029506 -0.000739 -0.021837
v -0.029527 -0.000929 -0.022133
v -0.029577 -0.000649 -0.022257
v -0.029568 0.000021 -0.022265
v -0.029609 -0.000539 -0.023175
v -0.029460 0.000831 -0.022226
v -0.029193 0.001871 -0.022258
v -0.029401 0.001131 -0.022651
v -0.028191 0.003581 -0.021616
v -0.028405 0.003321 -0.022244
v -0.028863 0.002641 -0.022372
v -0.027319 0.004101 -0.020922
v -0.027138 0.004171 -0.021242
v -0.026349 0.004361 -0.021512
v -0.027591 0.003981 -0.021286
v -0.027837 0.003841 -0.021490
v -0.027473 0.004021 -0.021617
v -0.026681 0.004241 -0.021969
v -0.027891 0.003741 -0.022191
v -0.027047 0.004051 -0.022542
v -0.028275 -0.003349 -0.023273
v -0.029088 -0.002769 -0.023186
v -0.028834 -0.003139 -0.023470
v -0.029307 -0.002839 -0.024130
v -0.028996 -0.002489 -0.022449
v -0.025703 0.004351 -0.021630
v -0.026101 0.004241 -0.022597
v -0.025515 0.004091 -0.023418
v -0.028351 -0.003639 -0.024109
v -0.028670 -0.003889 -0.024778
v -0.028324 -0.004139 -0.025037
v -0.025490 -0.004419 -0.024772
v -0.026686 -0.004349 -0.024880
v -0.026885 -0.004929 -0.026000
v -0.022377 0.003901 -0.023899
v -0.023353 0.003811 -0.023332
v -0.025104 -0.004579 -0.024983
v -0.024942 -0.004909 -0.025452
v -0.025400 -0.004669 -0.025340
v -0.025905 -0.004789 -0.025665
v -0.025624 -0.005089 -0.026107
v -0.025353 -0.005229 -0.026249
v -0.021092 0.004381 -0.023526
v -0.021300 0.004301 -0.025137
v -0.020499 0.004511 -0.025245
v -0.024042 -0.006469 -0.026982
v -0.024522 -0.006089 -0.026749
v -0.019017 0.004081 -0.025890
v -0.020024 0.004421 -0.025628
v -0.023430 -0.006749 -0.027099
v -0.021643 -0.007589 -0.028541
v -0.022343 -0.007529 -0.028250
v -0.020639 -0.007039 -0.028218
v -0.019199 -0.003239 -0.028579
v -0.018536 -0.002589 -0.027316
v -0.018599 -0.002069 -0.027723
v -0.017431 0.000611 -0.026781
v -0.017475 0.001581 -0.026929
v -0.017621 0.002661 -0.026730
v -0.019358 -0.004809 -0.028180
v 0.088459 -0.083879 -0.106026
v 0.089253 -0.080539 -0.106572
v 0.090928 -0.080219 -0.106636
v 0.088034 -0.093149 -0.110852
v 0.093602 -0.079609 -0.107764
v 0.093782 -0.079719 -0.108169
v 0.089757 -0.093779 -0.110480
v 0.088169 -0.093769 -0.111556
v 0.095384 -0.081339 -0.109339
v 0.095150 -0.080459 -0.108327
v 0.095532 -0.080949 -0.108806
v 0.089701 -0.094509 -0.111654
v 0.090030 -0.094769 -0.112063
v 0.092761 -0.092319 -0.113224
v 0.093217 -0.093969 -0.112901
v 0.093671 -0.093299 -0.112920
v 0.094572 -0.092719 -0.112680
v -0.029531 0.000331 -0.023183
v -0.029423 0.000811 -0.023535
v -0.029004 0.002281 -0.022665
v -0.029178 0.001751 -0.023210
v -0.028930 0.002171 -0.023617
v -0.029122 0.001531 -0.024149
v -0.028813 0.001931 -0.024663
v -0.028611 0.003001 -0.022607
v -0.028796 0.002651 -0.022868
v -0.028109 0.003471 -0.022878
v -0.028313 0.003181 -0.023249
v -0.028559 0.002841 -0.023395
v -0.027911 0.003451 -0.023473
v -0.028606 0.002511 -0.024120
v -0.028088 0.003161 -0.023940
v -0.028307 0.002841 -0.024207
v -0.027632 0.003721 -0.023057
v -0.029466 -0.002539 -0.024552
v -0.029678 -0.003179 -0.025995
v -0.029565 -0.001609 -0.024841
v -0.029502 -0.000789 -0.025156
v -0.027874 0.003121 -0.024534
v -0.027497 0.003391 -0.024406
v -0.028402 0.002421 -0.024892
v -0.028083 0.002771 -0.024889
v -0.026963 0.003391 -0.024978
v -0.026453 0.004061 -0.023226
v -0.026104 0.003901 -0.024034
v -0.027035 0.003781 -0.023757
v -0.026594 0.003661 -0.024555
v -0.029081 -0.003909 -0.025191
v -0.028812 -0.004319 -0.025533
v -0.029496 -0.003859 -0.025844
v -0.023938 0.003481 -0.026071
v -0.025386 -0.005849 -0.027176
v -0.027318 -0.005999 -0.027753
v -0.021287 0.004261 -0.025920
v -0.020835 0.004321 -0.026038
v -0.024793 -0.006759 -0.027969
v -0.019985 0.004161 -0.026245
v -0.020656 0.004181 -0.026462
v -0.018840 0.002621 -0.028223
v -0.023634 -0.008039 -0.029745
v -0.023106 -0.008239 -0.030083
v -0.018758 -0.000759 -0.029044
v -0.018932 0.000231 -0.029712
v -0.018890 0.002331 -0.028618
v -0.021447 -0.007309 -0.030847
v -0.020478 -0.005659 -0.030405
v 0.084791 -0.083749 -0.107481
v 0.084642 -0.086879 -0.108923
v 0.086837 -0.091789 -0.110482
v 0.091955 -0.078949 -0.108406
v 0.091807 -0.078939 -0.108913
v 0.092229 -0.079249 -0.109356
v 0.086776 -0.093369 -0.112153
v 0.086897 -0.093699 -0.112794
v 0.086157 -0.092269 -0.111200
v 0.086623 -0.092959 -0.111597
v 0.093325 -0.081049 -0.110550
v 0.092662 -0.079909 -0.110122
v 0.092454 -0.079519 -0.109752
v 0.088080 -0.094119 -0.112344
v 0.088771 -0.094399 -0.112745
v 0.088186 -0.094219 -0.112643
v 0.088315 -0.094219 -0.113027
v 0.087433 -0.093949 -0.112993
v 0.087549 -0.093959 -0.113196
v 0.088309 -0.093989 -0.113467
v 0.092979 -0.082469 -0.111422
v 0.089784 -0.094669 -0.112584
v 0.088840 -0.094349 -0.113024
v 0.089663 -0.094419 -0.113082
v 0.091916 -0.090339 -0.113318
v 0.093688 -0.086789 -0.112126
v 0.093321 -0.089139 -0.112590
v -0.029659 -0.002249 -0.025926
v -0.029561 -0.001379 -0.026684
v -0.029314 -0.000359 -0.026552
v -0.027577 0.002871 -0.025542
v -0.028930 -0.005379 -0.027186
v -0.025422 0.002901 -0.027348
v -0.028261 -0.007179 -0.029895
v -0.023039 0.003541 -0.027380
v -0.021845 0.003861 -0.027358
v -0.026060 -0.007319 -0.029655
v -0.026943 -0.007489 -0.030188
v -0.021577 0.002991 -0.029395
v -0.025742 -0.008019 -0.030585
v -0.020302 0.002351 -0.029847
v -0.024587 -0.008909 -0.031887
v -0.023716 -0.008939 -0.032027
v -0.019399 0.001111 -0.030320
v -0.022886 -0.008589 -0.031907
v -0.022457 -0.008279 -0.031787
v 0.082611 -0.080009 -0.107640
v 0.083172 -0.083739 -0.108119
v 0.083999 -0.081179 -0.107343
v 0.085106 -0.079989 -0.107343
v 0.085905 -0.079559 -0.107411
v 0.086589 -0.078709 -0.107824
v 0.086281 -0.077809 -0.108488
v 0.088955 -0.078279 -0.108376
v 0.089120 -0.077979 -0.108964
v 0.088674 -0.077749 -0.109589
v 0.084324 -0.092349 -0.112919
v 0.090975 -0.080039 -0.111401
v 0.085382 -0.092999 -0.113026
v 0.085604 -0.093199 -0.113402
v 0.085099 -0.092979 -0.113404
v 0.091177 -0.081709 -0.112064
v 0.091916 -0.079889 -0.110662
v 0.092112 -0.081059 -0.111294
v 0.087431 -0.093839 -0.113448
v 0.088721 -0.092999 -0.114023
v 0.090759 -0.088019 -0.113344
v 0.088739 -0.093739 -0.113689
v -0.028917 0.000511 -0.027122
v -0.030202 -0.003689 -0.028691
v -0.030361 -0.004659 -0.029058
v -0.027002 0.002131 -0.027875
v -0.030530 -0.007129 -0.030854
v -0.029282 -0.006879 -0.029689
v -0.029866 -0.006519 -0.029486
v -0.030346 -0.005939 -0.029523
v -0.027660 0.001281 -0.028831
v -0.029530 -0.007999 -0.031317
v -0.024284 0.002731 -0.029468
v -0.023371 0.003151 -0.028943
v -0.028053 -0.008409 -0.031643
v -0.027239 -0.008649 -0.031943
v -0.022766 0.002411 -0.031046
v -0.022702 0.003221 -0.029227
v -0.022389 0.003111 -0.029513
v -0.023196 0.002671 -0.030606
v -0.026308 -0.009319 -0.033110
v -0.021555 0.002201 -0.030844
v -0.020277 0.001251 -0.031385
v -0.020248 0.000671 -0.031930
v -0.020892 0.001611 -0.031449
v -0.023613 -0.009179 -0.033352
v -0.023350 -0.008939 -0.034300
v -0.020482 -0.001989 -0.033150
v 0.079516 -0.081809 -0.108703
v 0.080126 -0.079979 -0.108095
v 0.079863 -0.081109 -0.108346
v 0.081059 -0.079919 -0.107896
v 0.081122 -0.079019 -0.107968
v 0.081641 -0.081169 -0.107870
v 0.082475 -0.078329 -0.108056
v 0.083651 -0.077539 -0.108423
v 0.082043 -0.087739 -0.110423
v 0.086393 -0.077279 -0.109074
v 0.087183 -0.077329 -0.109265
v 0.087101 -0.077059 -0.109878
v 0.086097 -0.076839 -0.109617
v 0.081545 -0.090609 -0.112824
v 0.081557 -0.089139 -0.111465
v 0.080922 -0.089749 -0.112348
v 0.088196 -0.077739 -0.110913
v 0.087494 -0.077299 -0.110629
v 0.089868 -0.078729 -0.110950
v 0.089327 -0.078289 -0.110679
v 0.089131 -0.078039 -0.110168
v 0.084618 -0.092679 -0.113262
v 0.084348 -0.092629 -0.113650
v 0.084263 -0.092569 -0.114235
v 0.089507 -0.081019 -0.112608
v 0.089800 -0.080089 -0.112080
v 0.085162 -0.093039 -0.113679
v 0.085653 -0.093179 -0.113818
v 0.084855 -0.092879 -0.113949
v 0.085510 -0.092989 -0.114176
v 0.085952 -0.092879 -0.114351
v 0.085320 -0.092759 -0.114422
v 0.084773 -0.092699 -0.114387
v 0.085240 -0.092489 -0.114633
v 0.084811 -0.092589 -0.114551
v 0.086416 -0.091899 -0.114736
v 0.085938 -0.092339 -0.114660
v 0.086888 -0.091309 -0.114721
v 0.089733 -0.083779 -0.113276
v 0.089147 -0.084559 -0.113599
v 0.090950 -0.083239 -0.112643
v 0.088197 -0.089819 -0.114446
v -0.030616 -0.004569 -0.030263
v -0.030018 -0.002829 -0.029588
v -0.029672 -0.001939 -0.029602
v -0.028905 -0.000589 -0.029867
v -0.028217 0.000631 -0.029004
v -0.030881 -0.006909 -0.031142
v -0.030800 -0.005549 -0.030505
v -0.030497 -0.003989 -0.030693
v -0.030063 -0.002879 -0.031273
v -0.027760 0.000481 -0.030463
v -0.027060 0.001011 -0.030537
v -0.030163 -0.008079 -0.031669
v -0.025194 0.002161 -0.030095
v -0.024511 0.002301 -0.030823
v -0.023914 0.002511 -0.030767
v -0.027270 -0.009869 -0.034194
v -0.021842 0.001561 -0.032059
v -0.021120 0.000041 -0.033617
v -0.021470 0.000341 -0.033625
v -0.025469 -0.010509 -0.035584
v -0.023180 -0.008429 -0.035311
v -0.022491 -0.007309 -0.034747
v -0.021401 -0.003909 -0.034767
v -0.020736 -0.000279 -0.033397
v -0.020591 -0.001309 -0.033610
v -0.020658 -0.000629 -0.033514
v 0.077460 -0.080649 -0.109212
v 0.078206 -0.080499 -0.108823
v 0.078019 -0.079329 -0.108740
v 0.077543 -0.080149 -0.109043
v 0.079256 -0.078109 -0.108431
v 0.078386 -0.078199 -0.108629
v 0.077445 -0.082589 -0.109996
v 0.078809 -0.081319 -0.108797
v 0.079167 -0.079919 -0.108367
v 0.079134 -0.080989 -0.108562
v 0.079914 -0.078969 -0.108166
v 0.080056 -0.078529 -0.108203
v 0.080011 -0.077629 -0.108466
v 0.084060 -0.075699 -0.110369
v 0.085861 -0.076559 -0.110106
v 0.085796 -0.076489 -0.110581
v 0.081437 -0.090879 -0.113364
v 0.081000 -0.091059 -0.114357
v 0.087743 -0.077719 -0.111491
v 0.082702 -0.091889 -0.113965
v 0.082340 -0.091769 -0.114390
v 0.081810 -0.091439 -0.114856
v 0.086875 -0.078779 -0.112937
v 0.086878 -0.080069 -0.113460
v 0.083114 -0.092109 -0.114447
v 0.083077 -0.091999 -0.114766
v 0.083531 -0.091989 -0.114931
v 0.083967 -0.091799 -0.115061
v 0.084638 -0.091649 -0.115061
v 0.084724 -0.091039 -0.115208
v 0.086748 -0.087539 -0.114725
v -0.031609 -0.007899 -0.032918
v -0.031573 -0.006889 -0.032425
v -0.031475 -0.005949 -0.032324
v -0.031057 -0.004719 -0.032199
v -0.030516 -0.003559 -0.032270
v -0.029550 -0.001989 -0.031773
v -0.029819 -0.002379 -0.032904
v -0.028437 -0.000639 -0.032107
v -0.032180 -0.008439 -0.034147
v -0.027230 0.000481 -0.031886
v -0.025483 0.001551 -0.032134
v -0.025075 0.001341 -0.033391
v -0.030175 -0.010779 -0.035481
v -0.024138 0.000931 -0.034112
v -0.024731 0.001061 -0.034053
v -0.027720 -0.010689 -0.035760
v -0.022379 -0.000009 -0.034814
v -0.025164 -0.010609 -0.036421
v -0.021736 -0.002809 -0.036480
v -0.021832 -0.002079 -0.036714
v -0.021767 -0.000469 -0.034989
v -0.024615 -0.010249 -0.036933
v -0.024022 -0.009359 -0.037395
v -0.023692 -0.008799 -0.037238
v 0.079218 -0.076259 -0.109110
v 0.082361 -0.074889 -0.110612
v 0.082775 -0.074939 -0.111251
v 0.083465 -0.075389 -0.111899
v 0.083904 -0.075539 -0.110720
v 0.084111 -0.075649 -0.111285
v 0.079004 -0.089999 -0.114749
v 0.085619 -0.076639 -0.111802
v 0.084475 -0.076029 -0.112158
v 0.079502 -0.090359 -0.114963
v 0.079924 -0.090559 -0.115134
v 0.079165 -0.090149 -0.115339
v 0.080161 -0.090379 -0.115641
v 0.084852 -0.080769 -0.114652
v 0.085907 -0.079229 -0.113669
v 0.085117 -0.079459 -0.114150
v 0.086222 -0.077239 -0.112228
v 0.086563 -0.078069 -0.112713
v 0.081499 -0.090599 -0.115668
v 0.082549 -0.090629 -0.115614
v 0.082359 -0.089639 -0.115835
v 0.081313 -0.089979 -0.115904
v 0.082897 -0.087859 -0.115794
v 0.082113 -0.088599 -0.115965
v 0.085382 -0.082289 -0.114718
v 0.086610 -0.081179 -0.113948
v -0.032840 -0.007699 -0.035285
v -0.032295 -0.006219 -0.034592
v -0.032367 -0.009259 -0.034965
v -0.032245 -0.010079 -0.035539
v -0.032714 -0.008439 -0.035058
v -0.032147 -0.010659 -0.036072
v -0.031548 -0.010979 -0.036172
v -0.027013 0.000371 -0.034009
v -0.026655 0.000451 -0.034807
v -0.030439 -0.011779 -0.037115
v -0.029525 -0.011289 -0.036260
v -0.029696 -0.011929 -0.037529
v -0.029066 -0.012169 -0.038702
v -0.024501 -0.000539 -0.036933
v -0.027109 -0.011829 -0.038472
v -0.027926 -0.011749 -0.038217
v -0.022145 -0.001579 -0.036877
v -0.025969 -0.011489 -0.038428
v -0.026735 -0.012019 -0.039192
v -0.025963 -0.011749 -0.039619
v -0.024079 -0.009129 -0.038948
v -0.023792 -0.008279 -0.039184
v -0.023326 -0.006499 -0.039554
v -0.022611 -0.005249 -0.037821
v 0.074347 -0.078139 -0.110182
v 0.075769 -0.076849 -0.109583
v 0.077325 -0.075499 -0.109587
v 0.076535 -0.075879 -0.109553
v 0.077702 -0.074519 -0.110042
v 0.074146 -0.083169 -0.111931
v 0.079143 -0.073739 -0.110766
v 0.076073 -0.085469 -0.112079
v 0.080765 -0.073589 -0.111801
v 0.081172 -0.073779 -0.112118
v 0.076726 -0.088719 -0.115185
v 0.083503 -0.075579 -0.112719
v 0.083297 -0.075689 -0.113254
v 0.078246 -0.089409 -0.115934
v 0.077328 -0.088739 -0.116250
v 0.078029 -0.088879 -0.116301
v 0.078698 -0.088689 -0.116397
v 0.082888 -0.078939 -0.114998
v 0.083745 -0.077649 -0.114180
v 0.079167 -0.090009 -0.115672
v 0.079455 -0.089939 -0.115860
v 0.079796 -0.089759 -0.116007
v 0.082469 -0.084249 -0.115820
v 0.082413 -0.082139 -0.115703
v 0.083552 -0.080849 -0.115177
v 0.081075 -0.088969 -0.116128
v 0.084111 -0.082959 -0.115268
v -0.032898 -0.007189 -0.035643
v -0.032117 -0.005529 -0.035087
v -0.032648 -0.006449 -0.035592
v -0.033305 -0.010069 -0.036759
v -0.033306 -0.008759 -0.036311
v -0.033391 -0.008259 -0.036559
v -0.033531 -0.009649 -0.036907
v -0.033435 -0.007829 -0.036928
v -0.033204 -0.007179 -0.036805
v -0.032597 -0.005949 -0.036596
v -0.031632 -0.004539 -0.035483
v -0.030388 -0.002819 -0.035841
v -0.029753 -0.002129 -0.036798
v -0.028406 -0.000819 -0.035622
v -0.032827 -0.012049 -0.038301
v -0.033338 -0.011989 -0.038493
v -0.033640 -0.011419 -0.038194
v -0.031539 -0.012609 -0.038770
v -0.025939 -0.000019 -0.036703
v -0.031089 -0.013009 -0.039469
v -0.030482 -0.013019 -0.039777
v -0.029472 -0.012949 -0.040292
v -0.023641 -0.002109 -0.039148
v -0.025818 -0.011809 -0.040798
v -0.022925 -0.004459 -0.039943
v -0.022833 -0.003589 -0.039799
v -0.023005 -0.003239 -0.039987
v -0.022606 -0.003689 -0.039081
v -0.023165 -0.002429 -0.039236
v -0.025712 -0.011739 -0.042134
v -0.024962 -0.010519 -0.040932
v -0.024506 -0.009409 -0.041584
v 0.072808 -0.076429 -0.110466
v 0.073045 -0.074639 -0.110329
v 0.074210 -0.074199 -0.110260
v 0.074323 -0.073069 -0.110615
v 0.072715 -0.077949 -0.110807
v 0.072947 -0.079529 -0.111150
v 0.075316 -0.072339 -0.111056
v 0.072895 -0.084819 -0.113385
v 0.072127 -0.081499 -0.112172
v 0.078591 -0.072819 -0.111562
v 0.078721 -0.072509 -0.112095
v 0.081839 -0.074479 -0.113267
v 0.081374 -0.073969 -0.112660
v 0.080990 -0.073799 -0.113156
v 0.076873 -0.088789 -0.115772
v 0.075492 -0.088069 -0.115712
v 0.075599 -0.088049 -0.116126
v 0.076410 -0.087369 -0.116828
v 0.077715 -0.087389 -0.116770
v 0.077946 -0.086779 -0.116819
v 0.077839 -0.085129 -0.116881
v -0.034006 -0.009749 -0.037958
v -0.033864 -0.008919 -0.037694
v -0.034149 -0.009019 -0.038577
v -0.034065 -0.008439 -0.038794
v -0.033702 -0.007569 -0.038747
v -0.032002 -0.004779 -0.037780
v -0.033979 -0.013039 -0.040117
v -0.034184 -0.012929 -0.040132
v -0.027956 -0.000669 -0.037722
v -0.033638 -0.013269 -0.040279
v -0.027180 -0.000529 -0.038083
v -0.027610 -0.000529 -0.037858
v -0.031830 -0.013889 -0.040916
v -0.031408 -0.013879 -0.041062
v -0.026475 -0.001339 -0.039187
v -0.026386 -0.001869 -0.040190
v -0.030205 -0.014309 -0.042761
v -0.030301 -0.013419 -0.040833
v -0.025330 -0.001979 -0.040066
v -0.028474 -0.013629 -0.042108
v -0.023231 -0.004369 -0.041245
v -0.023495 -0.003499 -0.041176
v -0.023444 -0.004209 -0.041837
v -0.024048 -0.003379 -0.041743
v -0.027593 -0.013619 -0.043012
v -0.026835 -0.013089 -0.043041
v -0.023509 -0.005829 -0.041793
v -0.023420 -0.004959 -0.042056
v 0.070833 -0.073989 -0.110630
v 0.071783 -0.073209 -0.110593
v 0.072531 -0.072019 -0.110883
v 0.069339 -0.080999 -0.112986
v 0.070822 -0.078209 -0.111535
v 0.071250 -0.076489 -0.110895
v 0.071088 -0.084489 -0.114288
v 0.070619 -0.082809 -0.113312
v 0.076654 -0.071889 -0.111846
v 0.076665 -0.071529 -0.112316
v 0.076801 -0.071399 -0.112730
v 0.076912 -0.071429 -0.113037
v 0.072287 -0.085739 -0.114894
v 0.078770 -0.072379 -0.112729
v 0.078276 -0.072179 -0.113454
v 0.078199 -0.072259 -0.113928
v 0.072601 -0.086309 -0.115725
v 0.073252 -0.086749 -0.116135
v 0.072080 -0.086089 -0.116159
v 0.079837 -0.073679 -0.114337
v 0.079500 -0.073909 -0.114715
v 0.078599 -0.072919 -0.114580
v 0.079484 -0.072839 -0.113247
v 0.079417 -0.072909 -0.113699
v 0.079076 -0.072889 -0.114117
v 0.074578 -0.087379 -0.116410
v 0.078922 -0.075739 -0.115658
v 0.076239 -0.086139 -0.117081
v 0.079265 -0.082919 -0.116548
v 0.077525 -0.082559 -0.116908
v 0.078989 -0.081249 -0.116540
v -0.034615 -0.010579 -0.039588
v -0.034724 -0.010079 -0.040193
v -0.034365 -0.009009 -0.039470
v -0.034346 -0.008649 -0.039989
v -0.033347 -0.006799 -0.039055
v -0.034859 -0.013409 -0.041200
v -0.035321 -0.012839 -0.041814
v -0.035234 -0.013479 -0.041822
v -0.034667 -0.011529 -0.039784
v -0.034722 -0.012129 -0.040124
v -0.035007 -0.011319 -0.040805
v -0.034740 -0.013889 -0.041545
v -0.034663 -0.014159 -0.041838
v -0.034298 -0.014399 -0.042079
v -0.035018 -0.013829 -0.041749
v -0.034954 -0.014089 -0.041978
v -0.035243 -0.013879 -0.042148
v -0.034416 -0.013979 -0.041479
v -0.027871 -0.001549 -0.040354
v -0.029206 -0.001889 -0.040311
v -0.028613 -0.001629 -0.040592
v -0.033045 -0.014819 -0.042406
v -0.033116 -0.014219 -0.041473
v -0.032536 -0.014649 -0.042095
v -0.032072 -0.014659 -0.042258
v -0.026947 -0.001759 -0.040220
v -0.032152 -0.015419 -0.043777
v -0.032751 -0.015599 -0.043877
v -0.023949 -0.006419 -0.044435
v -0.023886 -0.004319 -0.043131
v -0.027093 -0.014099 -0.045993
v -0.026619 -0.013239 -0.044782
v -0.026103 -0.012479 -0.044768
v -0.025436 -0.011209 -0.044965
v 0.067432 -0.074269 -0.111270
v 0.068454 -0.071459 -0.110825
v 0.069081 -0.072689 -0.110767
v 0.068592 -0.073359 -0.110875
v 0.069238 -0.070039 -0.111114
v 0.069527 -0.069539 -0.111316
v 0.071896 -0.070339 -0.111477
v 0.072465 -0.069799 -0.112036
v 0.074252 -0.070719 -0.111993
v 0.069268 -0.083839 -0.115141
v 0.074572 -0.070439 -0.112493
v 0.074961 -0.070339 -0.113080
v 0.075003 -0.070319 -0.113408
v 0.070052 -0.084899 -0.116336
v 0.069852 -0.084799 -0.116699
v 0.070235 -0.084789 -0.115688
v 0.069170 -0.084209 -0.116003
v 0.076501 -0.071289 -0.113833
v 0.076949 -0.072069 -0.114875
v 0.077113 -0.071839 -0.114398
v 0.072135 -0.086109 -0.116434
v 0.071914 -0.085869 -0.116809
v 0.075744 -0.078699 -0.117142
v 0.077527 -0.074999 -0.115966
v 0.078734 -0.074329 -0.115295
v 0.077646 -0.072879 -0.115122
v 0.077611 -0.073569 -0.115479
v 0.076854 -0.078189 -0.116836
v 0.078055 -0.077579 -0.116389
v -0.035297 -0.010989 -0.042266
v -0.035308 -0.010579 -0.042728
v -0.034728 -0.009259 -0.041173
v -0.034923 -0.009389 -0.042572
v -0.034392 -0.008399 -0.041370
v -0.034083 -0.007659 -0.042380
v -0.033073 -0.005939 -0.042223
v -0.032234 -0.004879 -0.042012
v -0.035320 -0.014579 -0.043127
v -0.034994 -0.014869 -0.043254
v -0.035694 -0.014499 -0.043617
v -0.034328 -0.016299 -0.045109
v -0.035365 -0.015599 -0.044533
v -0.033748 -0.015689 -0.044096
v -0.033362 -0.016349 -0.045057
v -0.032825 -0.016799 -0.045778
v -0.032669 -0.016229 -0.044994
v -0.027552 -0.002989 -0.043034
v -0.027257 -0.003249 -0.043572
v -0.026054 -0.003019 -0.042757
v -0.032315 -0.017289 -0.046727
v -0.032046 -0.016249 -0.045293
v -0.029997 -0.015959 -0.046075
v -0.029663 -0.016309 -0.047155
v -0.030949 -0.016709 -0.046805
v -0.028906 -0.015499 -0.046111
v -0.024680 -0.004759 -0.045364
v -0.024536 -0.005139 -0.045925
v -0.027765 -0.015159 -0.047356
v -0.026661 -0.013639 -0.046346
v -0.026922 -0.014309 -0.047400
v -0.026153 -0.012879 -0.046537
v -0.024821 -0.009719 -0.046357
v -0.024100 -0.005669 -0.045492
v -0.026371 -0.013739 -0.047938
v 0.064407 -0.070899 -0.111056
v 0.064690 -0.071799 -0.111187
v 0.065652 -0.070859 -0.110928
v 0.065534 -0.077299 -0.112797
v 0.070354 -0.069079 -0.111760
v 0.069988 -0.068329 -0.112140
v 0.072272 -0.069169 -0.112596
v 0.073162 -0.069429 -0.112926
v 0.073369 -0.069409 -0.113413
v 0.073916 -0.070229 -0.115218
v 0.075128 -0.070649 -0.114657
v 0.070669 -0.084869 -0.117377
v 0.070774 -0.084489 -0.117618
v 0.070686 -0.083709 -0.117828
v 0.071851 -0.082109 -0.117838
v 0.073648 -0.079069 -0.117548
v 0.073773 -0.076219 -0.117320
v 0.076259 -0.073749 -0.116024
v 0.075729 -0.075789 -0.116736
v -0.035449 -0.010619 -0.043809
v -0.034991 -0.009379 -0.044062
v -0.035823 -0.015109 -0.044399
v -0.036264 -0.015669 -0.045609
v -0.035960 -0.014699 -0.044329
v -0.035834 -0.016599 -0.045940
v -0.035219 -0.016499 -0.045571
v -0.035828 -0.016059 -0.045411
v -0.029302 -0.002869 -0.043564
v -0.034823 -0.018669 -0.047741
v -0.033999 -0.017419 -0.046389
v -0.027955 -0.003909 -0.045426
v -0.033996 -0.019019 -0.048199
v -0.033629 -0.018959 -0.048251
v -0.026272 -0.003929 -0.045228
v -0.027044 -0.003859 -0.045549
v -0.026706 -0.004249 -0.046268
v -0.030428 -0.016959 -0.047857
v -0.031908 -0.017799 -0.048029
v -0.025466 -0.005289 -0.047299
v -0.024983 -0.004979 -0.046228
v -0.024443 -0.005789 -0.046741
v -0.024307 -0.007259 -0.047585
v -0.024783 -0.005539 -0.047008
v -0.024387 -0.007009 -0.048105
v -0.027805 -0.016319 -0.050136
v -0.028917 -0.016979 -0.049897
v -0.027314 -0.015359 -0.048917
v -0.026707 -0.014729 -0.049114
v -0.025623 -0.012639 -0.048935
v -0.025327 -0.011729 -0.048537
v -0.024761 -0.009799 -0.048805
v 0.063174 -0.068829 -0.110935
v 0.061736 -0.068989 -0.111027
v 0.063504 -0.067349 -0.111009
v 0.063436 -0.072849 -0.111755
v 0.064900 -0.066679 -0.111360
v 0.062657 -0.077229 -0.113618
v 0.062959 -0.076149 -0.113060
v 0.069868 -0.067739 -0.112662
v 0.070181 -0.067599 -0.113210
v 0.070302 -0.067589 -0.113909
v 0.067104 -0.083109 -0.116847
v 0.068034 -0.083379 -0.117743
v 0.066463 -0.082729 -0.117522
v 0.066955 -0.082919 -0.117692
v 0.067086 -0.082479 -0.118063
v 0.068513 -0.080839 -0.118299
v 0.071760 -0.073039 -0.117140
v 0.071555 -0.074429 -0.117548
v 0.073789 -0.070789 -0.115736
v 0.073492 -0.071159 -0.116027
v 0.072088 -0.069999 -0.115978
v 0.071744 -0.070969 -0.116489
v 0.073130 -0.070099 -0.115595
v 0.068488 -0.082619 -0.118105
v 0.070101 -0.082559 -0.118018
v 0.071196 -0.076389 -0.117872
v 0.072755 -0.073939 -0.117119
v 0.073773 -0.072739 -0.116486
v -0.036500 -0.014959 -0.045945
v -0.036452 -0.014079 -0.046018
v -0.035447 -0.010329 -0.045558
v -0.035759 -0.011099 -0.046427
v -0.034196 -0.007759 -0.045758
v -0.032497 -0.005399 -0.045608
v -0.031251 -0.004029 -0.044071
v -0.036427 -0.017779 -0.047320
v -0.036541 -0.018169 -0.047730
v -0.036747 -0.017979 -0.047797
v -0.036692 -0.018269 -0.047961
v -0.037049 -0.018079 -0.048279
v -0.037108 -0.017599 -0.048071
v -0.036512 -0.016969 -0.046814
v -0.031296 -0.004269 -0.045638
v -0.030640 -0.003819 -0.045331
v -0.036242 -0.018189 -0.047552
v -0.036446 -0.018429 -0.047900
v -0.036089 -0.018449 -0.047749
v -0.036246 -0.019229 -0.048694
v -0.036684 -0.019239 -0.048960
v -0.036926 -0.018849 -0.048780
v -0.029485 -0.004079 -0.046248
v -0.034701 -0.019129 -0.048252
v -0.035223 -0.019289 -0.048498
v -0.034659 -0.019699 -0.048966
v -0.034179 -0.019849 -0.049281
v -0.034668 -0.020129 -0.049595
v -0.035357 -0.019839 -0.049246
v -0.027680 -0.004459 -0.047033
v -0.027384 -0.004639 -0.047370
v -0.028608 -0.004689 -0.047550
v -0.033246 -0.019539 -0.049792
v -0.033801 -0.019669 -0.049253
v -0.034214 -0.020119 -0.049717
v -0.033858 -0.020079 -0.049971
v -0.026717 -0.004829 -0.047401
v -0.026652 -0.005669 -0.048847
v -0.031144 -0.018849 -0.051655
v -0.029750 -0.017469 -0.049933
v -0.025276 -0.006189 -0.048710
v -0.024864 -0.006699 -0.049064
v -0.024608 -0.009419 -0.050294
v -0.024592 -0.007699 -0.050007
v -0.024525 -0.008479 -0.050529
v -0.025061 -0.012319 -0.052069
v 0.058454 -0.067319 -0.110942
v 0.058713 -0.072759 -0.112734
v 0.060561 -0.069889 -0.111368
v 0.061513 -0.067189 -0.110902
v 0.059716 -0.075139 -0.113550
v 0.064413 -0.064609 -0.112277
v 0.065110 -0.065949 -0.111719
v 0.065819 -0.065579 -0.112270
v 0.066128 -0.065309 -0.112759
v 0.064820 -0.064489 -0.112629
v 0.061407 -0.077729 -0.114508
v 0.061062 -0.078059 -0.115104
v 0.066082 -0.065049 -0.113186
v 0.063013 -0.079889 -0.115824
v 0.067965 -0.066189 -0.114308
v 0.067744 -0.066079 -0.113207
v 0.067901 -0.066099 -0.113671
v 0.063261 -0.080699 -0.117162
v 0.069456 -0.067429 -0.115186
v 0.064355 -0.081379 -0.117171
v 0.064411 -0.081419 -0.117733
v 0.063217 -0.080819 -0.117647
v 0.064205 -0.081109 -0.118118
v 0.070372 -0.067719 -0.114510
v 0.069256 -0.067789 -0.115712
v 0.066090 -0.081499 -0.118330
v 0.065228 -0.081619 -0.118108
v 0.066393 -0.080959 -0.118444
v 0.065754 -0.079899 -0.118581
v 0.067007 -0.079369 -0.118508
v 0.069291 -0.072709 -0.117645
v 0.070814 -0.069629 -0.116234
v 0.068920 -0.077229 -0.118239
v 0.071208 -0.075249 -0.117765
v 0.069746 -0.074089 -0.117865
v 0.069240 -0.075179 -0.118099
v -0.035575 -0.010569 -0.047556
v -0.035065 -0.009409 -0.047297
v -0.033399 -0.006589 -0.046607
v -0.037339 -0.017579 -0.048574
v -0.037331 -0.018039 -0.048728
v -0.037557 -0.018329 -0.049449
v -0.037644 -0.017819 -0.049680
v -0.037530 -0.017179 -0.049379
v -0.037113 -0.015319 -0.048813
v -0.036550 -0.013369 -0.048061
v -0.036251 -0.012399 -0.048660
v -0.032950 -0.006089 -0.047337
v -0.032231 -0.005389 -0.047679
v -0.031587 -0.004869 -0.047470
v -0.036576 -0.019899 -0.049736
v -0.037142 -0.019869 -0.050146
v -0.037450 -0.019519 -0.050193
v -0.037075 -0.020339 -0.050659
v -0.037614 -0.019419 -0.050404
v -0.037702 -0.019039 -0.050318
v -0.037435 -0.018649 -0.049366
v -0.030798 -0.004519 -0.047288
v -0.030439 -0.004749 -0.047878
v -0.035527 -0.020919 -0.050866
v -0.029152 -0.005549 -0.049539
v -0.035151 -0.021539 -0.051877
v -0.035644 -0.021769 -0.052253
v -0.035026 -0.021939 -0.052679
v -0.034960 -0.020909 -0.050814
v -0.034533 -0.021039 -0.051218
v -0.034178 -0.021019 -0.051574
v -0.027939 -0.005929 -0.050083
v -0.032563 -0.020129 -0.053096
v -0.025883 -0.006949 -0.050690
v -0.029176 -0.018949 -0.054251
v -0.028773 -0.018269 -0.053036
v -0.027983 -0.017899 -0.053239
v -0.024624 -0.009099 -0.052738
v -0.028090 -0.018449 -0.054390
v -0.027605 -0.018089 -0.054371
v -0.026902 -0.017239 -0.054188
v -0.025791 -0.014879 -0.053053
v -0.025453 -0.013839 -0.052498
v -0.024511 -0.010909 -0.053608
v 0.056286 -0.064469 -0.110553
v 0.056489 -0.069969 -0.112009
v 0.057369 -0.068509 -0.111362
v 0.059272 -0.064379 -0.110879
v 0.060497 -0.063549 -0.111365
v 0.057629 -0.074159 -0.113653
v 0.061985 -0.063329 -0.112024
v 0.058743 -0.075369 -0.114027
v 0.058733 -0.075939 -0.114460
v 0.057496 -0.074929 -0.114244
v 0.063744 -0.063739 -0.112710
v 0.064733 -0.064129 -0.113206
v 0.064477 -0.063939 -0.113595
v 0.060415 -0.078169 -0.115988
v 0.066214 -0.065319 -0.114937
v 0.065951 -0.064899 -0.113791
v 0.066427 -0.065279 -0.114396
v 0.064973 -0.064389 -0.114508
v 0.060812 -0.079309 -0.117894
v 0.067378 -0.065939 -0.114723
v 0.062082 -0.080019 -0.117468
v 0.062637 -0.080329 -0.118139
v 0.061949 -0.080049 -0.117915
v 0.061634 -0.079819 -0.118159
v 0.067623 -0.067889 -0.116420
v 0.068008 -0.067599 -0.116130
v 0.064456 -0.080819 -0.118376
v 0.063116 -0.080689 -0.117998
v 0.063422 -0.080709 -0.118187
v 0.063281 -0.080429 -0.118345
v 0.063019 -0.079849 -0.118580
v 0.064003 -0.078279 -0.118787
v 0.065435 -0.078119 -0.118666
v 0.064001 -0.077509 -0.118791
v 0.066373 -0.075599 -0.118475
v 0.066348 -0.073979 -0.118353
v 0.067483 -0.073379 -0.118131
v -0.037483 -0.016519 -0.049784
v -0.037382 -0.015989 -0.050783
v -0.036734 -0.013819 -0.049933
v -0.034426 -0.008279 -0.048892
v -0.033544 -0.007009 -0.048831
v -0.032656 -0.006039 -0.049036
v -0.037809 -0.018699 -0.050614
v -0.037951 -0.019019 -0.051693
v -0.037910 -0.019979 -0.051902
v -0.038014 -0.019799 -0.052404
v -0.037737 -0.017609 -0.050518
v -0.032157 -0.005569 -0.048852
v -0.032009 -0.005659 -0.049428
v -0.031646 -0.005339 -0.048906
v -0.036955 -0.021229 -0.051817
v -0.037483 -0.021169 -0.052226
v -0.037237 -0.021769 -0.052890
v -0.037900 -0.020699 -0.052610
v -0.037724 -0.021189 -0.052686
v -0.037534 -0.021649 -0.053008
v -0.036281 -0.021619 -0.052145
v -0.035506 -0.022169 -0.052973
v -0.036124 -0.022229 -0.053174
v -0.035608 -0.022419 -0.053459
v -0.029201 -0.006199 -0.051178
v -0.035693 -0.022899 -0.054581
v -0.035264 -0.022329 -0.053336
v -0.034812 -0.022409 -0.053878
v -0.035236 -0.022619 -0.054013
v -0.034290 -0.022159 -0.054175
v -0.027221 -0.007149 -0.052209
v -0.024780 -0.008879 -0.052993
v -0.025170 -0.008389 -0.052799
v -0.025472 -0.008769 -0.054389
v -0.027191 -0.018079 -0.055283
v -0.024478 -0.010139 -0.053855
v -0.024557 -0.009799 -0.054181
v -0.024381 -0.010429 -0.055044
v -0.024513 -0.010019 -0.055105
v -0.024723 -0.009569 -0.054802
v -0.025065 -0.009179 -0.054763
v -0.027855 -0.019029 -0.056398
v -0.026390 -0.017269 -0.055855
v -0.025692 -0.016519 -0.056485
v -0.025135 -0.014769 -0.055462
v -0.024793 -0.013739 -0.055363
v -0.024283 -0.012169 -0.055908
v 0.052356 -0.065449 -0.110728
v 0.054639 -0.061319 -0.110509
v 0.053017 -0.068619 -0.111903
v 0.054246 -0.064529 -0.110459
v 0.054895 -0.066689 -0.110979
v 0.056254 -0.063319 -0.110540
v 0.055210 -0.071969 -0.113049
v 0.054860 -0.072879 -0.113679
v 0.056763 -0.075019 -0.114773
v 0.063196 -0.063149 -0.113693
v 0.058225 -0.077689 -0.117781
v 0.058020 -0.076779 -0.116156
v 0.064148 -0.065009 -0.115975
v 0.059123 -0.078339 -0.118157
v 0.059283 -0.078329 -0.118415
v 0.060897 -0.079279 -0.118356
v 0.059934 -0.078819 -0.118217
v 0.060606 -0.078729 -0.118633
v 0.060880 -0.078349 -0.118795
v 0.060687 -0.077149 -0.118927
v 0.066044 -0.068199 -0.117016
v 0.062421 -0.078649 -0.118808
v 0.062226 -0.077369 -0.118899
v 0.062638 -0.075999 -0.118844
v 0.064526 -0.075359 -0.118642
v -0.035882 -0.011349 -0.050987
v -0.034961 -0.009329 -0.050608
v -0.035514 -0.010459 -0.050957
v -0.037948 -0.018449 -0.052655
v -0.034397 -0.008509 -0.050979
v -0.033062 -0.006749 -0.050370
v -0.032910 -0.006779 -0.051035
v -0.033643 -0.007659 -0.051475
v -0.032511 -0.006289 -0.050484
v -0.032435 -0.006489 -0.051200
v -0.038012 -0.020349 -0.052795
v -0.031677 -0.006259 -0.051079
v -0.037070 -0.022389 -0.054013
v -0.037501 -0.022209 -0.054032
v -0.037732 -0.022129 -0.054314
v -0.037960 -0.022059 -0.054979
v -0.029462 -0.006839 -0.052660
v -0.036322 -0.022939 -0.054872
v -0.034327 -0.023399 -0.057222
v -0.033149 -0.021369 -0.055298
v -0.032248 -0.020849 -0.055719
v -0.032732 -0.021469 -0.056428
v -0.033127 -0.022249 -0.057414
v -0.029077 -0.019959 -0.057173
v -0.025141 -0.009779 -0.056560
v -0.026848 -0.018629 -0.057357
v -0.024182 -0.013209 -0.057084
v -0.024153 -0.011529 -0.056541
v -0.024072 -0.012189 -0.057034
v -0.024067 -0.011669 -0.057662
v -0.024759 -0.010219 -0.056875
v -0.024286 -0.011039 -0.057479
v -0.027945 -0.020339 -0.058989
v -0.026134 -0.017799 -0.057391
v -0.024513 -0.014919 -0.057637
v -0.025464 -0.018209 -0.059469
v 0.051134 -0.061539 -0.109912
v 0.051957 -0.060449 -0.110059
v 0.051966 -0.059429 -0.110210
v 0.050858 -0.069419 -0.112501
v 0.049547 -0.069779 -0.112981
v 0.055422 -0.060689 -0.110924
v 0.056740 -0.060419 -0.111618
v 0.050723 -0.071669 -0.114499
v 0.057006 -0.059899 -0.112213
v 0.057296 -0.059789 -0.112662
v 0.056423 -0.059249 -0.112560
v 0.058744 -0.060549 -0.112829
v 0.060275 -0.061359 -0.113222
v 0.059922 -0.061189 -0.114085
v 0.060886 -0.061879 -0.114556
v 0.060920 -0.062039 -0.114863
v 0.061546 -0.062759 -0.115307
v 0.061195 -0.063739 -0.116272
v 0.057958 -0.077629 -0.118067
v 0.057852 -0.077579 -0.118243
v 0.057110 -0.077029 -0.117870
v 0.057369 -0.077259 -0.118116
v 0.057627 -0.077399 -0.118339
v 0.057820 -0.077479 -0.118423
v 0.056606 -0.076719 -0.117787
v 0.057123 -0.077069 -0.118175
v 0.057410 -0.077229 -0.118370
v 0.057599 -0.077289 -0.118471
v 0.057816 -0.077229 -0.118609
v 0.056429 -0.076699 -0.118042
v 0.056880 -0.076909 -0.118226
v 0.057045 -0.076909 -0.118390
v 0.057411 -0.077049 -0.118541
v 0.056509 -0.076719 -0.118312
v 0.056518 -0.076589 -0.118480
v 0.057617 -0.076899 -0.118694
v 0.057285 -0.076759 -0.118642
v 0.057514 -0.076609 -0.118774
v 0.057742 -0.075299 -0.118971
v 0.061954 -0.067559 -0.117827
v 0.062978 -0.066549 -0.117218
v 0.061607 -0.065889 -0.117284
v 0.063532 -0.065369 -0.116449
v 0.058098 -0.077699 -0.118334
v 0.058406 -0.077729 -0.118504
v 0.058637 -0.077609 -0.118657
v 0.058192 -0.076969 -0.118788
v 0.058359 -0.076549 -0.118883
v 0.060764 -0.072839 -0.118776
v 0.061152 -0.070669 -0.118558
v 0.062346 -0.069889 -0.118323
v 0.063625 -0.068499 -0.117748
v -0.036285 -0.012269 -0.053343
v -0.035871 -0.011389 -0.053910
v -0.034990 -0.009919 -0.053494
v -0.034171 -0.008499 -0.052316
v -0.033611 -0.008059 -0.052924
v -0.038192 -0.020549 -0.054840
v -0.038231 -0.019909 -0.055569
v -0.034313 -0.009109 -0.053801
v -0.032979 -0.007409 -0.052765
v -0.032713 -0.007249 -0.052803
v -0.032461 -0.007269 -0.053090
v -0.032757 -0.007589 -0.053582
v -0.032097 -0.007479 -0.053777
v -0.038113 -0.021729 -0.055279
v -0.037775 -0.023089 -0.056592
v -0.038101 -0.022469 -0.056470
v -0.038247 -0.021549 -0.056365
v -0.037977 -0.022949 -0.056915
v -0.036463 -0.023869 -0.057252
v -0.035055 -0.023829 -0.057206
v -0.035918 -0.023889 -0.057117
v -0.035408 -0.024749 -0.059023
v -0.028039 -0.008439 -0.056264
v -0.032001 -0.022209 -0.059356
v -0.030394 -0.020909 -0.058355
v -0.031124 -0.021689 -0.059475
v -0.029977 -0.021229 -0.059476
v -0.028576 -0.020879 -0.059453
v -0.025001 -0.010349 -0.058043
v -0.025571 -0.010039 -0.058130
v -0.028260 -0.021349 -0.060786
v -0.026531 -0.019569 -0.059734
v -0.023631 -0.013339 -0.059209
v -0.027215 -0.020859 -0.061013
v -0.024071 -0.016039 -0.059849
v -0.023189 -0.014599 -0.060991
v -0.023340 -0.013209 -0.060674
v -0.025928 -0.020509 -0.062159
v -0.025112 -0.019249 -0.061567
v -0.023332 -0.015159 -0.060839
v 0.046099 -0.062249 -0.109858
v 0.047034 -0.061159 -0.109566
v 0.046686 -0.060119 -0.109399
v 0.047555 -0.057999 -0.109535
v 0.047361 -0.064599 -0.110644
v 0.045706 -0.065189 -0.111018
v 0.051845 -0.058389 -0.110488
v 0.051567 -0.057449 -0.110867
v 0.051318 -0.056889 -0.111182
v 0.052830 -0.057539 -0.111622
v 0.053723 -0.058409 -0.111410
v 0.055087 -0.058589 -0.112293
v 0.055255 -0.058429 -0.112920
v 0.056936 -0.059419 -0.113229
v 0.055965 -0.058929 -0.113982
v 0.052649 -0.073739 -0.116457
v 0.051074 -0.073089 -0.116663
v 0.058202 -0.060319 -0.114466
v 0.058000 -0.060399 -0.114832
v 0.052684 -0.074219 -0.117429
v 0.052155 -0.073999 -0.117573
v 0.052609 -0.074299 -0.117897
v 0.058296 -0.061009 -0.115335
v 0.054439 -0.075499 -0.118173
v 0.053790 -0.075009 -0.117821
v 0.054454 -0.075349 -0.118414
v 0.053476 -0.074769 -0.118218
v 0.054680 -0.074859 -0.118755
v 0.059294 -0.063789 -0.116857
v 0.060515 -0.062809 -0.115873
v 0.058964 -0.062469 -0.116204
v 0.055675 -0.075789 -0.118644
v 0.059502 -0.065059 -0.117388
v 0.060615 -0.063999 -0.116616
v 0.058620 -0.074529 -0.118998
v 0.058639 -0.071299 -0.118793
v 0.059848 -0.069389 -0.118515
v 0.060998 -0.068399 -0.118215
v 0.060534 -0.067029 -0.117907
v -0.037953 -0.017739 -0.056701
v -0.036857 -0.013829 -0.055368
v -0.037032 -0.014399 -0.056399
v -0.036752 -0.013689 -0.056464
v -0.036305 -0.012349 -0.054764
v -0.035919 -0.011849 -0.055529
v -0.036433 -0.012819 -0.055793
v -0.034039 -0.009139 -0.054715
v -0.034862 -0.010189 -0.055003
v -0.033229 -0.008369 -0.054769
v -0.038137 -0.022619 -0.057280
v -0.038262 -0.021859 -0.057680
v -0.038300 -0.020699 -0.057364
v -0.038138 -0.018809 -0.057220
v -0.033527 -0.009229 -0.056163
v -0.032899 -0.008229 -0.055024
v -0.032419 -0.008019 -0.055034
v -0.032496 -0.008479 -0.056180
v -0.032004 -0.008379 -0.056187
v -0.033039 -0.008869 -0.056340
v -0.032778 -0.008769 -0.056544
v -0.037245 -0.024059 -0.058190
v -0.037689 -0.023849 -0.058311
v -0.037889 -0.023599 -0.058377
v -0.037769 -0.023859 -0.058582
v -0.037510 -0.024149 -0.058803
v -0.038075 -0.022969 -0.058354
v -0.037872 -0.023679 -0.058699
v -0.037693 -0.023979 -0.058940
v -0.037840 -0.023599 -0.059199
v -0.036107 -0.024629 -0.058861
v -0.036488 -0.024709 -0.059287
v -0.037006 -0.024589 -0.059463
v -0.037255 -0.024459 -0.059631
v -0.035364 -0.025489 -0.060958
v -0.034860 -0.024959 -0.059649
v -0.035836 -0.024989 -0.059690
v -0.035187 -0.025169 -0.060023
v -0.034221 -0.025059 -0.060407
v -0.033654 -0.024619 -0.060442
v -0.034912 -0.025399 -0.060693
v -0.034396 -0.025429 -0.061054
v -0.033533 -0.025009 -0.061377
v -0.033812 -0.025399 -0.061700
v -0.034673 -0.025679 -0.061610
v -0.032455 -0.023139 -0.060313
v -0.027013 -0.009819 -0.059363
v -0.031847 -0.023769 -0.062424
v -0.031036 -0.022279 -0.060823
v -0.031672 -0.022719 -0.060855
v -0.029893 -0.022609 -0.062484
v -0.023530 -0.012629 -0.060498
v -0.023702 -0.012269 -0.060975
v -0.023379 -0.012759 -0.061697
v -0.023811 -0.012139 -0.061448
v -0.027181 -0.022339 -0.063710
v -0.022856 -0.015059 -0.062033
v -0.022738 -0.015879 -0.062593
v -0.023027 -0.014169 -0.061470
v -0.022408 -0.014599 -0.063275
v -0.022763 -0.013569 -0.062916
v -0.025158 -0.021369 -0.064374
v -0.024026 -0.019429 -0.063507
v -0.023087 -0.018499 -0.063929
v -0.023324 -0.017599 -0.062712
v -0.022220 -0.018119 -0.064875
v 0.041440 -0.059399 -0.109068
v 0.042732 -0.062959 -0.110311
v 0.045632 -0.055249 -0.109525
v 0.045468 -0.068589 -0.113710
v 0.051318 -0.056449 -0.111682
v 0.052474 -0.056769 -0.112493
v 0.052528 -0.056739 -0.113085
v 0.047626 -0.071199 -0.116317
v 0.054286 -0.057809 -0.113331
v 0.053179 -0.057199 -0.113683
v 0.053928 -0.057739 -0.114019
v 0.053117 -0.057329 -0.114147
v 0.054685 -0.058479 -0.114578
v 0.050222 -0.073029 -0.117458
v 0.049513 -0.072659 -0.117466
v 0.049743 -0.072829 -0.117704
v 0.048812 -0.072189 -0.117222
v 0.055492 -0.060719 -0.116132
v 0.055745 -0.058959 -0.114430
v 0.055736 -0.059739 -0.115347
v 0.051496 -0.073729 -0.117589
v 0.051318 -0.073709 -0.117819
v 0.051293 -0.073669 -0.118002
v 0.051608 -0.073739 -0.118176
v 0.050577 -0.073259 -0.117765
v 0.050915 -0.073439 -0.117962
v 0.051223 -0.073529 -0.118160
v 0.050567 -0.073189 -0.118021
v 0.051073 -0.073219 -0.118332
v 0.051433 -0.073139 -0.118504
v 0.055619 -0.061969 -0.116760
v 0.052698 -0.074269 -0.118178
v 0.051767 -0.073909 -0.117836
v 0.051955 -0.073979 -0.117937
v 0.051681 -0.073859 -0.118015
v 0.051902 -0.073879 -0.118159
v 0.052409 -0.073929 -0.118387
v 0.051835 -0.073759 -0.118282
v 0.052532 -0.073679 -0.118586
v 0.051631 -0.073509 -0.118391
v 0.052193 -0.072799 -0.118726
v 0.052525 -0.071379 -0.118799
v 0.054980 -0.067789 -0.118518
v 0.053228 -0.074369 -0.118447
v 0.053605 -0.074149 -0.118725
v 0.053893 -0.073789 -0.118840
v 0.054726 -0.073029 -0.118939
v 0.054983 -0.071359 -0.118903
v 0.054955 -0.069349 -0.118710
v 0.056416 -0.068769 -0.118610
v 0.056069 -0.067439 -0.118437
v 0.057660 -0.066889 -0.118212
v 0.057470 -0.064559 -0.117552
v 0.057154 -0.065589 -0.117932
v 0.055901 -0.072419 -0.118964
v 0.056600 -0.070609 -0.118810
v -0.037432 -0.015869 -0.057632
v -0.036150 -0.012689 -0.056957
v -0.038183 -0.019519 -0.058471
v -0.038190 -0.020349 -0.059082
v -0.038001 -0.019209 -0.059508
v -0.037928 -0.017679 -0.057943
v -0.038010 -0.018439 -0.058661
v -0.037719 -0.016749 -0.057314
v -0.037708 -0.016849 -0.058036
v -0.037778 -0.017409 -0.058655
v -0.037321 -0.016099 -0.058895
v -0.036897 -0.014539 -0.057962
v -0.036997 -0.015109 -0.058690
v -0.036606 -0.013769 -0.057680
v -0.035383 -0.011729 -0.057308
v -0.036037 -0.012819 -0.057736
v -0.034632 -0.010679 -0.056964
v -0.034808 -0.011319 -0.058008
v -0.034107 -0.010589 -0.057973
v -0.033083 -0.009269 -0.057172
v -0.037852 -0.022869 -0.060349
v -0.038115 -0.022409 -0.059114
v -0.038204 -0.021269 -0.059118
v -0.032346 -0.008859 -0.057218
v -0.032593 -0.009189 -0.057728
v -0.031838 -0.009239 -0.058425
v -0.037403 -0.024209 -0.060527
v -0.037295 -0.024369 -0.061564
v -0.030843 -0.009089 -0.058287
v -0.035952 -0.025489 -0.061322
v -0.036526 -0.025259 -0.061233
v -0.036297 -0.025479 -0.061725
v -0.037043 -0.024849 -0.061584
v -0.036657 -0.025299 -0.061904
v -0.036343 -0.025529 -0.062187
v -0.036806 -0.025139 -0.062311
v -0.036531 -0.025419 -0.062530
v -0.036335 -0.025529 -0.062656
v -0.029724 -0.009799 -0.060119
v -0.035300 -0.025689 -0.061582
v -0.034891 -0.025809 -0.062039
v -0.034506 -0.025829 -0.062232
v -0.035354 -0.025789 -0.062057
v -0.035827 -0.025689 -0.062010
v -0.035585 -0.025809 -0.062406
v -0.034858 -0.025919 -0.062818
v -0.036019 -0.025679 -0.062392
v -0.035601 -0.025799 -0.062898
v -0.034053 -0.025679 -0.062158
v -0.034283 -0.025909 -0.062854
v -0.033424 -0.025629 -0.062931
v -0.033887 -0.025839 -0.062975
v -0.033471 -0.025939 -0.063949
v -0.032063 -0.025349 -0.064500
v -0.030957 -0.024369 -0.064669
v -0.030891 -0.023219 -0.062787
v -0.029171 -0.023339 -0.064433
v -0.030230 -0.023739 -0.064394
v -0.024146 -0.012029 -0.062211
v -0.023418 -0.012799 -0.064321
v -0.022302 -0.014289 -0.063732
v -0.022181 -0.014079 -0.064468
v -0.022255 -0.013869 -0.064811
v -0.023469 -0.021709 -0.066783
v -0.022695 -0.020239 -0.066136
v -0.020993 -0.015789 -0.066382
v -0.021009 -0.018369 -0.066900
v -0.020907 -0.016739 -0.066437
v -0.021787 -0.020889 -0.067920
v -0.021006 -0.019509 -0.067691
v 0.039467 -0.056659 -0.108327
v 0.039246 -0.055229 -0.108134
v 0.040781 -0.054189 -0.108415
v 0.038027 -0.061679 -0.110139
v 0.039561 -0.063369 -0.110867
v 0.038856 -0.063759 -0.111330
v 0.042786 -0.052999 -0.109229
v 0.043277 -0.052729 -0.109686
v 0.046052 -0.054509 -0.110058
v 0.046705 -0.053589 -0.111450
v 0.041727 -0.066539 -0.113281
v 0.052375 -0.057089 -0.114411
v 0.047463 -0.071579 -0.117320
v 0.048370 -0.071999 -0.117853
v 0.047350 -0.071539 -0.117611
v 0.047590 -0.071539 -0.117891
v 0.047294 -0.071079 -0.118088
v 0.047644 -0.070939 -0.118249
v 0.048581 -0.072169 -0.117601
v 0.048712 -0.072029 -0.118055
v 0.049099 -0.071889 -0.118288
v 0.048963 -0.071379 -0.118407
v 0.049045 -0.070739 -0.118474
v 0.052783 -0.064499 -0.117775
v 0.052824 -0.061829 -0.117002
v 0.050636 -0.072599 -0.118475
v 0.050798 -0.072399 -0.118567
v 0.053316 -0.067099 -0.118402
v 0.053989 -0.064839 -0.117938
v 0.054801 -0.064439 -0.117822
v 0.054045 -0.064049 -0.117710
v 0.054758 -0.062819 -0.117245
v 0.052657 -0.069819 -0.118722
v 0.055034 -0.066229 -0.118259
v -0.037637 -0.017589 -0.059693
v -0.036767 -0.015259 -0.060003
v -0.036505 -0.014159 -0.059015
v -0.036019 -0.013769 -0.059822
v -0.035495 -0.012729 -0.059205
v -0.037897 -0.021289 -0.061110
v -0.037956 -0.020249 -0.060411
v -0.037549 -0.019219 -0.061522
v -0.037426 -0.018149 -0.061150
v -0.037135 -0.016589 -0.060543
v -0.036376 -0.014499 -0.060122
v -0.036376 -0.015059 -0.061028
v -0.034900 -0.012309 -0.059872
v -0.034218 -0.011649 -0.059953
v -0.032764 -0.010249 -0.059707
v -0.037523 -0.023659 -0.061864
v -0.037616 -0.023059 -0.062110
v -0.037441 -0.023339 -0.062612
v -0.037428 -0.022629 -0.062960
v -0.037840 -0.022199 -0.061349
v -0.037661 -0.022139 -0.062257
v -0.037566 -0.020809 -0.062298
v -0.032316 -0.009899 -0.059549
v -0.036896 -0.024889 -0.062636
v -0.036648 -0.025189 -0.062854
v -0.037027 -0.024529 -0.062723
v -0.036797 -0.024869 -0.062951
v -0.036534 -0.025129 -0.063218
v -0.037208 -0.024449 -0.062112
v -0.037293 -0.023889 -0.062616
v -0.030455 -0.010369 -0.061728
v -0.036363 -0.025419 -0.063083
v -0.035967 -0.025599 -0.063383
v -0.036072 -0.025309 -0.063910
v -0.035586 -0.025479 -0.064645
v -0.033799 -0.026079 -0.064455
v -0.034177 -0.026089 -0.064857
v -0.035010 -0.025829 -0.064782
v -0.033139 -0.026359 -0.065837
v -0.032568 -0.026139 -0.065417
v -0.025752 -0.011529 -0.063541
v -0.025005 -0.012049 -0.064867
v -0.023674 -0.012739 -0.065221
v -0.029075 -0.025029 -0.067665
v -0.022303 -0.013739 -0.065581
v -0.021199 -0.014769 -0.067367
v -0.021449 -0.014439 -0.067677
v -0.025086 -0.024389 -0.068959
v -0.023584 -0.023189 -0.068384
v -0.020649 -0.015619 -0.067484
v -0.022366 -0.022849 -0.069241
v -0.019715 -0.016999 -0.068697
v -0.019445 -0.016779 -0.069367
v -0.021531 -0.023629 -0.070870
v -0.020844 -0.021859 -0.069902
v -0.019474 -0.019719 -0.069937
v -0.019114 -0.018339 -0.069838
v 0.034457 -0.054469 -0.107445
v 0.035283 -0.053419 -0.107354
v 0.035012 -0.057629 -0.108520
v 0.036788 -0.052709 -0.107598
v 0.037578 -0.051109 -0.107881
v 0.036766 -0.059659 -0.109305
v 0.041658 -0.051799 -0.109448
v 0.038929 -0.064389 -0.112049
v 0.044990 -0.053059 -0.110637
v 0.044149 -0.052359 -0.110848
v 0.046765 -0.053409 -0.112164
v 0.046933 -0.053599 -0.113051
v 0.047608 -0.054109 -0.113547
v 0.043584 -0.069349 -0.116590
v 0.042924 -0.069019 -0.116697
v 0.043381 -0.069349 -0.116972
v 0.043233 -0.069219 -0.117143
v 0.042653 -0.068879 -0.116984
v 0.043672 -0.068979 -0.115783
v 0.049023 -0.055209 -0.114225
v 0.044863 -0.070149 -0.116954
v 0.045087 -0.070229 -0.117554
v 0.044190 -0.069819 -0.117219
v 0.044649 -0.069679 -0.117720
v 0.043956 -0.069609 -0.117363
v 0.044331 -0.069029 -0.117828
v 0.045263 -0.068109 -0.118059
v 0.050331 -0.056279 -0.114698
v 0.050596 -0.057109 -0.115252
v 0.046394 -0.067259 -0.118175
v 0.047057 -0.069789 -0.118261
v 0.048557 -0.069149 -0.118445
v 0.048808 -0.067789 -0.118367
v -0.037258 -0.018689 -0.062184
v -0.036865 -0.017159 -0.062073
v -0.036433 -0.016049 -0.062129
v -0.036633 -0.015829 -0.061334
v -0.036274 -0.015619 -0.062045
v -0.035943 -0.014349 -0.061054
v -0.035272 -0.013369 -0.060984
v -0.037306 -0.021699 -0.063319
v -0.037139 -0.019279 -0.062892
v -0.036748 -0.017999 -0.063045
v -0.036298 -0.016509 -0.062872
v -0.035807 -0.014899 -0.062160
v -0.036120 -0.015839 -0.062621
v -0.034904 -0.013939 -0.062524
v -0.034178 -0.013269 -0.062666
v -0.034410 -0.014079 -0.063438
v -0.033517 -0.011889 -0.061508
v -0.034495 -0.012879 -0.061611
v -0.032768 -0.011249 -0.061522
v -0.031736 -0.010759 -0.061824
v -0.036683 -0.024079 -0.064016
v -0.036914 -0.023459 -0.063940
v -0.036971 -0.022969 -0.064043
v -0.036872 -0.022259 -0.064376
v -0.036919 -0.020279 -0.063904
v -0.036589 -0.020849 -0.064772
v -0.036569 -0.019049 -0.064106
v -0.032137 -0.011089 -0.062049
v -0.032608 -0.011769 -0.062544
v -0.031874 -0.012089 -0.063895
v -0.036228 -0.024709 -0.064486
v -0.035804 -0.025039 -0.065161
v -0.036218 -0.024349 -0.064951
v -0.036482 -0.023719 -0.064811
v -0.036145 -0.023079 -0.065806
v -0.029389 -0.010899 -0.063487
v -0.035003 -0.025699 -0.066192
v -0.035181 -0.025049 -0.066843
v -0.027433 -0.011129 -0.063893
v -0.028512 -0.011009 -0.063915
v -0.032340 -0.026869 -0.067832
v -0.032993 -0.026789 -0.068332
v -0.025554 -0.011939 -0.065501
v -0.024795 -0.012369 -0.066386
v -0.025396 -0.012139 -0.066221
v -0.026036 -0.012039 -0.066350
v -0.031379 -0.026789 -0.067940
v -0.031843 -0.026849 -0.067784
v -0.031996 -0.027109 -0.069328
v -0.031004 -0.026479 -0.067688
v -0.029101 -0.025919 -0.069052
v -0.027670 -0.026129 -0.070622
v -0.027588 -0.025579 -0.069742
v -0.022029 -0.013939 -0.067321
v -0.022342 -0.013739 -0.067683
v -0.021305 -0.014459 -0.068845
v -0.025306 -0.025999 -0.071764
v -0.019374 -0.016559 -0.069790
v -0.020302 -0.015299 -0.069925
v -0.022332 -0.025619 -0.072533
v -0.021747 -0.024719 -0.071822
v -0.019378 -0.016339 -0.070165
v -0.018420 -0.017279 -0.071244
v -0.020106 -0.024039 -0.072568
v -0.019363 -0.022989 -0.072368
v -0.017975 -0.019869 -0.071880
v -0.018079 -0.018589 -0.071416
v -0.017993 -0.018329 -0.071524
v -0.018266 -0.017049 -0.071936
v -0.019000 -0.024649 -0.074022
v -0.019608 -0.025529 -0.074327
v -0.018359 -0.021599 -0.072381
v -0.017246 -0.021829 -0.073595
v -0.017359 -0.019899 -0.072583
v -0.017477 -0.019159 -0.072259
v -0.017412 -0.023969 -0.074796
v -0.016091 -0.021019 -0.074295
v -0.016316 -0.019939 -0.073718
v -0.016082 -0.019549 -0.073959
v 0.028098 -0.050959 -0.105779
v 0.030274 -0.049769 -0.105911
v 0.031576 -0.048339 -0.106275
v 0.030271 -0.053539 -0.106850
v 0.031245 -0.058219 -0.108958
v 0.034297 -0.048789 -0.107137
v 0.031192 -0.059109 -0.109607
v 0.036686 -0.049959 -0.107801
v 0.035783 -0.048919 -0.107777
v 0.037893 -0.050139 -0.108301
v 0.037995 -0.049589 -0.108717
v 0.037959 -0.049029 -0.109360
v 0.039309 -0.049459 -0.110249
v 0.039812 -0.050129 -0.109739
v 0.040128 -0.049999 -0.110277
v 0.041705 -0.050959 -0.110701
v 0.040846 -0.050249 -0.110822
v 0.041528 -0.050619 -0.111141
v 0.040944 -0.050239 -0.111431
v 0.036703 -0.064649 -0.114203
v 0.042801 -0.051369 -0.111228
v 0.043302 -0.051529 -0.111821
v 0.042790 -0.051279 -0.112274
v 0.038581 -0.066239 -0.116009
v 0.044891 -0.053989 -0.114812
v 0.044980 -0.052719 -0.113314
v 0.044947 -0.052889 -0.113676
v 0.044863 -0.053139 -0.114066
v 0.045324 -0.053739 -0.114477
v 0.040231 -0.067079 -0.115794
v 0.040196 -0.067169 -0.116242
v 0.040217 -0.067099 -0.116601
v 0.040287 -0.066989 -0.116845
v 0.040499 -0.066719 -0.117196
v 0.045774 -0.055499 -0.115436
v 0.046615 -0.053729 -0.113803
v 0.046933 -0.054139 -0.114151
v 0.041061 -0.067819 -0.116492
v 0.041208 -0.067869 -0.116855
v 0.040787 -0.067369 -0.116976
v 0.041254 -0.067539 -0.117200
v 0.041516 -0.067139 -0.117427
v 0.042498 -0.065769 -0.117686
v 0.042594 -0.068749 -0.117167
v 0.043064 -0.068899 -0.117364
v 0.042587 -0.068539 -0.117344
v 0.042684 -0.068359 -0.117488
v 0.043746 -0.067699 -0.117840
v 0.044573 -0.066679 -0.117969
v 0.044975 -0.065659 -0.117944
v 0.046615 -0.064679 -0.117878
v 0.046372 -0.062239 -0.117415
v 0.046736 -0.065969 -0.118072
v -0.036193 -0.017709 -0.063982
v -0.035675 -0.016359 -0.063937
v -0.035270 -0.015219 -0.063520
v -0.036393 -0.019979 -0.064918
v -0.035960 -0.019789 -0.065668
v -0.036010 -0.018759 -0.065033
v -0.035435 -0.017309 -0.065060
v -0.034428 -0.015059 -0.064565
v -0.034757 -0.016219 -0.065232
v -0.033238 -0.014189 -0.065026
v -0.033059 -0.013299 -0.064141
v -0.035801 -0.022209 -0.066500
v -0.035982 -0.020689 -0.065904
v -0.035454 -0.020359 -0.066767
v -0.035284 -0.019749 -0.066839
v -0.035589 -0.018999 -0.065942
v -0.035483 -0.023979 -0.066887
v -0.035318 -0.023269 -0.067402
v -0.035349 -0.021419 -0.067175
v -0.035198 -0.022529 -0.067603
v -0.029693 -0.012069 -0.066105
v -0.030111 -0.012299 -0.066165
v -0.028436 -0.012019 -0.066793
v -0.027618 -0.011939 -0.066626
v -0.033542 -0.026529 -0.068714
v -0.033798 -0.026179 -0.068958
v -0.033782 -0.025649 -0.069529
v -0.031784 -0.027209 -0.070662
v -0.032285 -0.027009 -0.070408
v -0.025015 -0.012779 -0.068307
v -0.030417 -0.027359 -0.070240
v -0.028357 -0.027739 -0.072479
v -0.026610 -0.026279 -0.071571
v -0.021545 -0.014329 -0.069648
v -0.026847 -0.026969 -0.072516
v -0.025877 -0.026889 -0.073017
v -0.026373 -0.027469 -0.073574
v -0.024555 -0.026879 -0.073652
v -0.019147 -0.015949 -0.072745
v -0.023279 -0.026549 -0.073550
v -0.022277 -0.026659 -0.074161
v -0.017589 -0.017429 -0.072868
v -0.018115 -0.016759 -0.073222
v -0.022293 -0.027359 -0.075293
v -0.016752 -0.018159 -0.073609
v -0.017355 -0.017369 -0.073710
v -0.020794 -0.027209 -0.075689
v -0.019861 -0.026459 -0.075149
v -0.015482 -0.020239 -0.074733
v -0.016090 -0.019039 -0.074117
v -0.018222 -0.026949 -0.076543
v -0.018915 -0.027359 -0.076702
v -0.018132 -0.027449 -0.077094
v -0.017991 -0.025489 -0.075482
v -0.015352 -0.020899 -0.074999
v -0.015303 -0.021699 -0.075313
v -0.014949 -0.019319 -0.076032
v -0.018074 -0.028119 -0.077894
v -0.016799 -0.026859 -0.077247
v -0.017131 -0.027609 -0.077680
v -0.015855 -0.026129 -0.077346
v -0.014135 -0.021319 -0.076453
v -0.014516 -0.020189 -0.076113
v -0.015377 -0.028909 -0.079543
v -0.013801 -0.027549 -0.079626
v -0.012455 -0.024389 -0.079084
v -0.012865 -0.026179 -0.079531
v 0.022284 -0.046719 -0.103451
v 0.023535 -0.048029 -0.104140
v 0.026502 -0.048119 -0.104767
v 0.027073 -0.045319 -0.104860
v 0.027776 -0.044859 -0.105309
v 0.024584 -0.054479 -0.107134
v 0.025749 -0.053189 -0.106506
v 0.028033 -0.047439 -0.105155
v 0.026674 -0.055189 -0.107446
v 0.025996 -0.056099 -0.108145
v 0.028250 -0.055879 -0.107804
v 0.027310 -0.056059 -0.107934
v 0.032066 -0.047349 -0.106625
v 0.032256 -0.046689 -0.107044
v 0.032257 -0.046259 -0.107391
v 0.032423 -0.046029 -0.107862
v 0.028946 -0.058449 -0.109776
v 0.030950 -0.059389 -0.109993
v 0.030171 -0.059769 -0.111032
v 0.035398 -0.047219 -0.109497
v 0.036238 -0.047609 -0.110265
v 0.036999 -0.048109 -0.109975
v 0.031827 -0.061449 -0.112545
v 0.033005 -0.062689 -0.113599
v 0.033136 -0.063069 -0.114215
v 0.033821 -0.062379 -0.112653
v 0.034611 -0.063639 -0.114066
v 0.033976 -0.063689 -0.114897
v 0.041399 -0.050579 -0.112342
v 0.035601 -0.064399 -0.114650
v 0.035812 -0.064669 -0.115052
v 0.035204 -0.064329 -0.114930
v 0.035439 -0.064609 -0.115351
v 0.035766 -0.064799 -0.115528
v 0.035114 -0.064439 -0.115401
v 0.035453 -0.064659 -0.115608
v 0.035787 -0.064799 -0.115811
v 0.036161 -0.064879 -0.116024
v 0.035339 -0.064569 -0.115769
v 0.035706 -0.064689 -0.115986
v 0.036051 -0.064729 -0.116172
v 0.042371 -0.051169 -0.112803
v 0.042094 -0.051339 -0.113439
v 0.037280 -0.065349 -0.115201
v 0.037632 -0.065639 -0.115524
v 0.037504 -0.065569 -0.115962
v 0.036840 -0.065229 -0.115783
v 0.037654 -0.065419 -0.116448
v 0.037204 -0.065179 -0.116387
v 0.036435 -0.064739 -0.116331
v 0.036650 -0.064569 -0.116498
v 0.043118 -0.052109 -0.113850
v 0.042396 -0.052019 -0.114114
v 0.038807 -0.066319 -0.116376
v 0.038203 -0.065929 -0.116415
v 0.037989 -0.065709 -0.116481
v 0.038414 -0.065879 -0.116686
v 0.037987 -0.065399 -0.116732
v 0.038414 -0.065569 -0.116866
v 0.038670 -0.065409 -0.116968
v 0.037758 -0.065209 -0.116675
v 0.037899 -0.065069 -0.116792
v 0.039408 -0.066549 -0.116679
v 0.040186 -0.066099 -0.117249
v 0.039725 -0.065389 -0.117208
v 0.040622 -0.064579 -0.117391
v 0.041210 -0.063649 -0.117435
v 0.041871 -0.062049 -0.117311
v 0.042303 -0.060119 -0.116984
v 0.041328 -0.065959 -0.117487
v -0.035127 -0.020269 -0.067283
v -0.034907 -0.019449 -0.067296
v -0.034787 -0.018149 -0.066690
v -0.034603 -0.021069 -0.068322
v -0.034381 -0.019989 -0.068327
v -0.034095 -0.018629 -0.068038
v -0.033546 -0.017499 -0.067991
v -0.032672 -0.016679 -0.068403
v -0.034071 -0.023179 -0.069512
v -0.033627 -0.021269 -0.069853
v -0.030057 -0.013539 -0.067957
v -0.033165 -0.025269 -0.070867
v -0.033593 -0.024059 -0.070320
v -0.032971 -0.024229 -0.071280
v -0.033272 -0.022919 -0.070715
v -0.028732 -0.013229 -0.069034
v -0.028734 -0.013669 -0.069602
v -0.027534 -0.012719 -0.068818
v -0.028386 -0.012949 -0.068883
v -0.028023 -0.012869 -0.068977
v -0.028136 -0.013229 -0.069585
v -0.032582 -0.026789 -0.070711
v -0.032654 -0.026529 -0.071086
v -0.032821 -0.026199 -0.071125
v -0.026757 -0.012589 -0.068416
v -0.026717 -0.012929 -0.069357
v -0.031788 -0.027129 -0.071538
v -0.032085 -0.026819 -0.071728
v -0.031352 -0.027189 -0.072662
v -0.031947 -0.026529 -0.072357
v -0.031431 -0.026889 -0.072980
v -0.025029 -0.013379 -0.070451
v -0.030339 -0.027759 -0.073386
v -0.030599 -0.027579 -0.073607
v -0.028905 -0.028079 -0.073087
v -0.029247 -0.028129 -0.073729
v -0.029777 -0.027969 -0.073786
v -0.028858 -0.028339 -0.074477
v -0.029300 -0.028159 -0.074451
v -0.028331 -0.028629 -0.075019
v -0.027710 -0.028869 -0.075479
v -0.027011 -0.028169 -0.074100
v -0.027690 -0.028469 -0.074317
v -0.028333 -0.028429 -0.074287
v -0.027066 -0.028739 -0.075001
v -0.027603 -0.028749 -0.074987
v -0.020895 -0.015099 -0.073528
v -0.025944 -0.028759 -0.075581
v -0.026136 -0.029089 -0.076029
v -0.019768 -0.015549 -0.072778
v -0.024578 -0.028819 -0.076574
v -0.023755 -0.027919 -0.075721
v -0.024338 -0.028299 -0.076002
v -0.023451 -0.029129 -0.077550
v -0.023237 -0.028559 -0.076901
v -0.017363 -0.017239 -0.074596
v -0.017827 -0.016909 -0.075077
v -0.018175 -0.016739 -0.075469
v -0.016193 -0.017929 -0.076729
v -0.020533 -0.029749 -0.079338
v -0.019314 -0.028299 -0.077787
v -0.015273 -0.018659 -0.076548
v -0.015593 -0.018349 -0.076703
v -0.014942 -0.018779 -0.077690
v -0.015752 -0.029719 -0.080259
v -0.011925 -0.023259 -0.079250
v -0.012485 -0.021669 -0.078576
v -0.011916 -0.021099 -0.080009
v -0.013059 -0.029449 -0.081140
v -0.011004 -0.024859 -0.080566
v -0.010413 -0.022729 -0.081185
v -0.010538 -0.023249 -0.080842
v -0.012464 -0.032099 -0.083779
v -0.011581 -0.029559 -0.082108
v -0.010353 -0.027729 -0.082112
v -0.009106 -0.027229 -0.082860
v -0.008942 -0.025639 -0.082621
v -0.009000 -0.024669 -0.082484
v -0.009864 -0.031549 -0.084296
v -0.010489 -0.033049 -0.085220
v -0.009693 -0.032839 -0.085247
v -0.008446 -0.029569 -0.084240
v -0.007034 -0.028959 -0.084992
v 0.017742 -0.045109 -0.101834
v 0.017411 -0.043359 -0.101216
v 0.017935 -0.048059 -0.103147
v 0.020194 -0.041899 -0.102197
v 0.018489 -0.049729 -0.104074
v 0.021304 -0.041539 -0.102731
v 0.018852 -0.050749 -0.104722
v 0.020535 -0.050569 -0.104796
v 0.021860 -0.044779 -0.102966
v 0.023698 -0.044549 -0.103588
v 0.023272 -0.043019 -0.103478
v 0.023610 -0.042449 -0.103773
v 0.023448 -0.041719 -0.104027
v 0.024760 -0.043879 -0.104010
v 0.024784 -0.043369 -0.104111
v 0.025059 -0.043029 -0.104394
v 0.021833 -0.052269 -0.105781
v 0.026174 -0.044219 -0.104617
v 0.026391 -0.043829 -0.104863
v 0.025941 -0.043059 -0.104997
v 0.022337 -0.055049 -0.108247
v 0.027823 -0.044169 -0.105682
v 0.027470 -0.043569 -0.105922
v 0.023374 -0.054409 -0.107188
v 0.023463 -0.054969 -0.107704
v 0.025541 -0.056549 -0.108883
v 0.030243 -0.044359 -0.108155
v 0.025837 -0.057509 -0.110267
v 0.030913 -0.045149 -0.107430
v 0.031656 -0.045069 -0.108563
v 0.033356 -0.046089 -0.109062
v 0.028645 -0.059259 -0.111239
v 0.030640 -0.061409 -0.113155
v 0.030645 -0.061929 -0.114192
v 0.037328 -0.048659 -0.112587
v 0.033028 -0.063109 -0.115391
v 0.038268 -0.050559 -0.114219
v 0.033847 -0.063639 -0.115304
v 0.033883 -0.063389 -0.115731
v 0.034535 -0.063409 -0.116075
v 0.034572 -0.062499 -0.116256
v 0.040185 -0.050789 -0.113841
v 0.039293 -0.050589 -0.113986
v 0.035262 -0.064409 -0.115937
v 0.035434 -0.064269 -0.116157
v 0.035677 -0.064519 -0.116139
v 0.035892 -0.064479 -0.116272
v 0.035659 -0.064109 -0.116312
v 0.041340 -0.053979 -0.115424
v 0.040711 -0.055349 -0.115885
v 0.039021 -0.053749 -0.115493
v 0.040425 -0.051939 -0.114624
v 0.039890 -0.052549 -0.115007
v 0.040748 -0.051639 -0.114365
v 0.037458 -0.063539 -0.116797
v -0.032208 -0.017759 -0.069932
v -0.031805 -0.016909 -0.069678
v -0.031328 -0.015949 -0.069289
v -0.032792 -0.020379 -0.070731
v -0.032681 -0.021399 -0.071261
v -0.032252 -0.018789 -0.070597
v -0.031498 -0.017599 -0.070627
v -0.031132 -0.018369 -0.071624
v -0.030637 -0.016599 -0.070695
v -0.029685 -0.015089 -0.070194
v -0.032331 -0.023299 -0.072145
v -0.031369 -0.019699 -0.072221
v -0.030323 -0.017309 -0.071646
v -0.028869 -0.015749 -0.071701
v -0.027655 -0.013769 -0.070742
v -0.027154 -0.013489 -0.070583
v -0.031728 -0.025989 -0.072969
v -0.031324 -0.026549 -0.073457
v -0.028727 -0.016939 -0.072892
v -0.027406 -0.014809 -0.072197
v -0.026458 -0.014669 -0.072854
v -0.025553 -0.013879 -0.071876
v -0.030924 -0.027239 -0.073582
v -0.030872 -0.026929 -0.074035
v -0.030430 -0.026749 -0.074941
v -0.030527 -0.026259 -0.074898
v -0.025982 -0.014259 -0.072502
v -0.029298 -0.028169 -0.075578
v -0.029884 -0.027879 -0.074264
v -0.030094 -0.027719 -0.074362
v -0.029759 -0.027919 -0.074622
v -0.030182 -0.027509 -0.074681
v -0.029935 -0.027119 -0.075607
v -0.022869 -0.014379 -0.073115
v -0.023628 -0.014589 -0.074093
v -0.028716 -0.028569 -0.075272
v -0.029005 -0.028439 -0.075369
v -0.028453 -0.028699 -0.075758
v -0.028819 -0.028479 -0.075981
v -0.029168 -0.028109 -0.076073
v -0.028184 -0.028709 -0.076776
v -0.029302 -0.027829 -0.076202
v -0.021909 -0.014649 -0.073308
v -0.027192 -0.029129 -0.076480
v -0.026428 -0.029449 -0.077010
v -0.027638 -0.029009 -0.076900
v -0.026953 -0.029379 -0.077405
v -0.027447 -0.029099 -0.077572
v -0.026627 -0.029199 -0.076266
v -0.021770 -0.015069 -0.075012
v -0.020995 -0.015419 -0.075485
v -0.025168 -0.029769 -0.077516
v -0.024938 -0.030379 -0.078724
v -0.024587 -0.029699 -0.077605
v -0.022926 -0.030669 -0.079530
v -0.023315 -0.031039 -0.079938
v -0.022378 -0.029929 -0.078954
v -0.021519 -0.030619 -0.080040
v -0.021322 -0.031419 -0.080963
v -0.021707 -0.031749 -0.081255
v -0.015240 -0.018599 -0.078594
v -0.017632 -0.032049 -0.083031
v -0.011974 -0.020749 -0.080602
v -0.012558 -0.020219 -0.080626
v -0.012995 -0.019939 -0.080939
v -0.016267 -0.032089 -0.083384
v -0.010476 -0.022249 -0.081515
v -0.010665 -0.021659 -0.082124
v -0.008485 -0.024309 -0.083087
v -0.011524 -0.033259 -0.085404
v -0.007578 -0.025099 -0.083922
v -0.007401 -0.024679 -0.084243
v -0.007811 -0.024069 -0.084048
v -0.007721 -0.023619 -0.084579
v -0.006236 -0.025589 -0.085339
v -0.006269 -0.025029 -0.085519
v -0.008943 -0.034259 -0.086960
v -0.005867 -0.027059 -0.085581
v -0.004927 -0.029999 -0.086796
v -0.005258 -0.028299 -0.086224
v -0.004016 -0.027199 -0.087233
v -0.005615 -0.034119 -0.088023
v -0.006632 -0.034619 -0.087848
v -0.003762 -0.031989 -0.088228
v -0.002418 -0.030869 -0.088723
v -0.002428 -0.028219 -0.088518
v -0.002216 -0.027599 -0.088832
v -0.004649 -0.036419 -0.089969
v -0.005029 -0.037019 -0.090617
v -0.003501 -0.034729 -0.089474
v -0.003637 -0.035889 -0.089963
v -0.002379 -0.031979 -0.089036
v -0.002414 -0.032999 -0.089371
v -0.001408 -0.029539 -0.089272
v -0.002840 -0.037759 -0.091602
v -0.000739 -0.032389 -0.090140
v 0.000598 -0.029699 -0.090922
v -0.000322 -0.033579 -0.090789
v -0.000839 -0.039609 -0.093869
v -0.000434 -0.038829 -0.093129
v -0.000125 -0.038389 -0.092971
v 0.001002 -0.035949 -0.092374
v 0.002040 -0.034819 -0.092460
v 0.002942 -0.034189 -0.092757
v 0.003852 -0.032989 -0.093154
v 0.004179 -0.031899 -0.093484
v 0.005152 -0.032589 -0.094133
v 0.005646 -0.036609 -0.094774
v 0.006078 -0.035619 -0.094779
v 0.005462 -0.038979 -0.095525
v 0.005100 -0.043349 -0.098146
v 0.005493 -0.042559 -0.097334
v 0.005486 -0.041049 -0.096431
v 0.008652 -0.035199 -0.096292
v 0.008345 -0.034139 -0.096268
v 0.009273 -0.045109 -0.099917
v 0.009829 -0.044259 -0.099441
v 0.010130 -0.042709 -0.098737
v 0.012492 -0.036439 -0.098682
v 0.010396 -0.046209 -0.100919
v 0.009121 -0.045849 -0.100642
v 0.011228 -0.044239 -0.099770
v 0.012410 -0.041109 -0.098877
v 0.013169 -0.039339 -0.098857
v 0.012986 -0.037439 -0.098785
v 0.010613 -0.046969 -0.101726
v 0.012838 -0.043739 -0.099981
v 0.014779 -0.037089 -0.100045
v 0.013220 -0.046389 -0.101370
v 0.013087 -0.047109 -0.101805
v 0.012917 -0.047619 -0.102208
v 0.017305 -0.039469 -0.100968
v 0.018240 -0.039329 -0.101594
v 0.017993 -0.038629 -0.101781
v 0.015251 -0.049039 -0.103414
v 0.020969 -0.040689 -0.102794
v 0.020703 -0.039939 -0.103079
v 0.021069 -0.039589 -0.103999
v 0.017411 -0.050869 -0.104924
v 0.021816 -0.040319 -0.103794
v 0.017896 -0.053039 -0.107312
v 0.018739 -0.052319 -0.106033
v 0.017741 -0.052379 -0.106458
v 0.023872 -0.041199 -0.105018
v 0.019457 -0.053199 -0.106863
v 0.025865 -0.042269 -0.105860
v 0.021563 -0.055409 -0.109193
v 0.027169 -0.042899 -0.106622
v 0.027915 -0.043039 -0.107794
v 0.023996 -0.056479 -0.109719
v 0.029912 -0.044119 -0.108427
v 0.029700 -0.044019 -0.109251
v 0.025927 -0.059009 -0.112469
v 0.025668 -0.059139 -0.113101
v 0.032128 -0.045259 -0.109547
v 0.032107 -0.045389 -0.110851
v 0.027109 -0.059249 -0.112094
v 0.026904 -0.059679 -0.113117
v 0.026698 -0.059649 -0.113507
v 0.028416 -0.060569 -0.113403
v 0.028258 -0.060669 -0.113877
v 0.027796 -0.060369 -0.114053
v 0.028388 -0.060689 -0.114444
v 0.027680 -0.060109 -0.114375
v 0.028070 -0.060279 -0.114582
v 0.029108 -0.061179 -0.114356
v 0.029859 -0.061499 -0.114791
v 0.028770 -0.060839 -0.114655
v 0.029393 -0.060969 -0.114961
v 0.028716 -0.060429 -0.114889
v 0.029251 -0.060669 -0.115040
v 0.029055 -0.060139 -0.115096
v 0.036020 -0.048289 -0.112985
v 0.035075 -0.048109 -0.113177
v 0.034487 -0.048619 -0.113614
v 0.031168 -0.061519 -0.115460
v 0.031628 -0.062159 -0.115364
v 0.033983 -0.057999 -0.116172
v 0.034164 -0.057129 -0.116106
v 0.035022 -0.056029 -0.115993
v 0.034486 -0.054679 -0.115680
v 0.035069 -0.053539 -0.115396
v 0.036658 -0.051969 -0.114945
v 0.036792 -0.050719 -0.114463
v 0.034930 -0.060019 -0.116395
v 0.035489 -0.058429 -0.116383
v 0.036818 -0.056689 -0.116195
v 0.036504 -0.054579 -0.115717
v 0.038217 -0.055499 -0.115965
v -0.030907 -0.022549 -0.074009
v -0.029636 -0.020149 -0.074468
v -0.030525 -0.025299 -0.074926
v -0.030540 -0.023569 -0.074731
v -0.029886 -0.022679 -0.075377
v -0.029719 -0.023849 -0.075846
v -0.030229 -0.021909 -0.074692
v -0.029697 -0.021219 -0.075027
v -0.029630 -0.022069 -0.075496
v -0.028624 -0.019049 -0.074695
v -0.026761 -0.015659 -0.073617
v -0.029550 -0.027019 -0.076261
v -0.029524 -0.026519 -0.076368
v -0.028819 -0.025219 -0.077153
v -0.026885 -0.018139 -0.075608
v -0.025089 -0.015959 -0.075426
v -0.024799 -0.014789 -0.074163
v -0.028366 -0.028399 -0.077264
v -0.028625 -0.027939 -0.077297
v -0.024257 -0.016719 -0.076810
v -0.023983 -0.016199 -0.076605
v -0.023104 -0.015029 -0.075310
v -0.022362 -0.015189 -0.075706
v -0.024269 -0.015539 -0.075652
v -0.023156 -0.015519 -0.076258
v -0.022783 -0.014889 -0.074896
v -0.027507 -0.028909 -0.078148
v -0.027488 -0.028569 -0.078716
v -0.021662 -0.015409 -0.076104
v -0.022518 -0.015379 -0.076199
v -0.021955 -0.015539 -0.076527
v -0.022368 -0.015799 -0.077023
v -0.020769 -0.015799 -0.076663
v -0.020783 -0.016029 -0.077342
v -0.025511 -0.030339 -0.079041
v -0.025914 -0.030189 -0.079341
v -0.026040 -0.030049 -0.079871
v -0.025864 -0.029999 -0.080484
v -0.023438 -0.031269 -0.080376
v -0.024407 -0.031119 -0.081060
v -0.024658 -0.030929 -0.081324
v -0.017369 -0.017569 -0.078807
v -0.017658 -0.017659 -0.079764
v -0.022917 -0.032019 -0.082116
v -0.023605 -0.031709 -0.082115
v -0.022859 -0.032139 -0.082662
v -0.023751 -0.031399 -0.080952
v -0.022716 -0.031959 -0.081710
v -0.023528 -0.031679 -0.081664
v -0.021790 -0.032599 -0.083024
v -0.021868 -0.032019 -0.081633
v -0.022024 -0.032129 -0.081865
v -0.020330 -0.033199 -0.083955
v -0.014398 -0.019299 -0.081578
v -0.019229 -0.033669 -0.084873
v -0.019245 -0.032999 -0.083619
v -0.019993 -0.033049 -0.083547
v -0.017833 -0.033549 -0.084747
v -0.011428 -0.020979 -0.082910
v -0.009981 -0.021799 -0.083493
v -0.010487 -0.021459 -0.084075
v -0.013959 -0.034409 -0.086842
v -0.013449 -0.033679 -0.085976
v -0.007779 -0.023129 -0.085372
v -0.008139 -0.022789 -0.086107
v -0.011202 -0.034949 -0.087877
v -0.005711 -0.024879 -0.086421
v -0.005057 -0.025049 -0.087360
v -0.007604 -0.037119 -0.090914
v -0.003009 -0.026749 -0.088398
v -0.002462 -0.026679 -0.089203
v -0.000817 -0.028289 -0.090079
v -0.000365 -0.027519 -0.091316
v 0.000865 -0.029329 -0.091332
v -0.000167 -0.028139 -0.090935
v 0.001676 -0.029109 -0.092392
v 0.003768 -0.030899 -0.093497
v 0.005048 -0.032109 -0.094164
v 0.005470 -0.030939 -0.095346
v 0.007864 -0.032739 -0.096567
v 0.007525 -0.032169 -0.096728
v 0.009587 -0.033209 -0.098210
v 0.007211 -0.046059 -0.101249
v 0.012169 -0.035559 -0.098801
v 0.012164 -0.035009 -0.099166
v 0.012060 -0.034609 -0.099519
v 0.012697 -0.034759 -0.100246
v 0.014425 -0.036159 -0.100410
v 0.009105 -0.047619 -0.102825
v 0.015238 -0.036309 -0.101353
v 0.012430 -0.050069 -0.104967
v 0.017846 -0.038039 -0.102208
v 0.019061 -0.038309 -0.103556
v 0.016347 -0.052219 -0.106728
v 0.015805 -0.053559 -0.108318
v 0.023061 -0.040349 -0.105572
v 0.023090 -0.040239 -0.105965
v 0.018678 -0.054129 -0.108458
v 0.024126 -0.040859 -0.106050
v 0.023649 -0.040519 -0.106651
v 0.018472 -0.054669 -0.109264
v 0.020314 -0.056079 -0.111098
v 0.019924 -0.055939 -0.111355
v 0.027300 -0.042669 -0.108338
v 0.022172 -0.056609 -0.110747
v 0.020550 -0.056289 -0.111518
v 0.027790 -0.043189 -0.110271
v 0.022406 -0.057249 -0.111947
v 0.022006 -0.057069 -0.112249
v 0.022062 -0.056999 -0.112525
v 0.023627 -0.058009 -0.112637
v 0.023666 -0.057889 -0.113112
v 0.023552 -0.057679 -0.113236
v 0.030851 -0.044759 -0.110859
v 0.030330 -0.044749 -0.111429
v 0.030144 -0.045059 -0.111890
v 0.025339 -0.058969 -0.113372
v 0.025560 -0.058789 -0.113826
v 0.025460 -0.058389 -0.114021
v 0.031643 -0.046179 -0.112474
v 0.032428 -0.045719 -0.111474
v 0.026833 -0.059559 -0.114009
v 0.026964 -0.059209 -0.114405
v 0.027047 -0.058799 -0.114627
v 0.026215 -0.057249 -0.114543
v 0.031653 -0.048689 -0.113775
v 0.031100 -0.047249 -0.113159
v 0.032230 -0.046009 -0.112131
v 0.027836 -0.059829 -0.114683
v 0.027976 -0.059439 -0.114870
v 0.027696 -0.058749 -0.114870
v 0.029248 -0.058169 -0.115307
v 0.027941 -0.057359 -0.115020
v 0.028790 -0.056579 -0.115211
v 0.031488 -0.050389 -0.114358
v 0.029105 -0.059469 -0.115197
v 0.030763 -0.056829 -0.115613
v 0.032984 -0.055519 -0.115747
v 0.031731 -0.056059 -0.115698
v 0.033013 -0.053899 -0.115406
v -0.028561 -0.023539 -0.077218
v -0.028763 -0.022009 -0.076479
v -0.028316 -0.022899 -0.077341
v -0.028386 -0.021159 -0.076436
v -0.027309 -0.020399 -0.076956
v -0.027910 -0.022179 -0.077490
v -0.027541 -0.022909 -0.078194
v -0.027060 -0.021979 -0.078192
v -0.026088 -0.019469 -0.077353
v -0.027342 -0.024109 -0.078758
v -0.026455 -0.023469 -0.079492
v -0.022559 -0.016679 -0.078159
v -0.022746 -0.016199 -0.077490
v -0.027069 -0.028079 -0.079496
v -0.026242 -0.024679 -0.080089
v -0.024733 -0.020849 -0.079512
v -0.023433 -0.018839 -0.079138
v -0.021911 -0.016899 -0.078821
v -0.022416 -0.017349 -0.078864
v -0.021488 -0.017459 -0.079632
v -0.021981 -0.018159 -0.079829
v -0.021280 -0.016319 -0.078081
v -0.022052 -0.016479 -0.078208
v -0.026220 -0.029299 -0.080439
v -0.025090 -0.027469 -0.081869
v -0.021170 -0.017149 -0.079461
v -0.020627 -0.017189 -0.079672
v -0.024804 -0.030619 -0.081651
v -0.024959 -0.030189 -0.081862
v -0.024673 -0.030009 -0.082360
v -0.024288 -0.029659 -0.082877
v -0.024830 -0.029209 -0.082264
v -0.020355 -0.018229 -0.081015
v -0.019910 -0.018019 -0.081012
v -0.023300 -0.031859 -0.082870
v -0.023918 -0.031439 -0.082339
v -0.023865 -0.031279 -0.082774
v -0.023704 -0.031009 -0.083259
v -0.022755 -0.032199 -0.083246
v -0.023113 -0.031739 -0.083573
v -0.016092 -0.018839 -0.082239
v -0.020735 -0.033179 -0.084237
v -0.021076 -0.033079 -0.084524
v -0.021368 -0.032769 -0.085224
v -0.015192 -0.019019 -0.081879
v -0.019551 -0.033699 -0.085187
v -0.019978 -0.033609 -0.085463
v -0.013258 -0.020199 -0.083607
v -0.018881 -0.034149 -0.086143
v -0.018948 -0.034239 -0.086848
v -0.011761 -0.020869 -0.084097
v -0.016485 -0.034959 -0.086891
v -0.017201 -0.034769 -0.086670
v -0.017610 -0.034899 -0.087272
v -0.018314 -0.034669 -0.087295
v -0.015778 -0.035639 -0.088126
v -0.016189 -0.035639 -0.088418
v -0.010270 -0.021839 -0.086536
v -0.014549 -0.036159 -0.088905
v -0.015110 -0.036159 -0.089136
v -0.015439 -0.036129 -0.089416
v -0.014099 -0.035969 -0.088610
v -0.013243 -0.037299 -0.090582
v -0.012308 -0.037619 -0.090973
v -0.012611 -0.036959 -0.090017
v -0.013016 -0.037209 -0.090359
v -0.005094 -0.024679 -0.088849
v -0.004884 -0.024779 -0.090396
v -0.010307 -0.038449 -0.092274
v -0.010717 -0.038489 -0.092344
v -0.008752 -0.037589 -0.091491
v -0.003159 -0.025629 -0.090858
v -0.007798 -0.039789 -0.094064
v -0.008415 -0.039959 -0.094280
v -0.005868 -0.040519 -0.095115
v -0.006627 -0.040679 -0.095280
v -0.000574 -0.027179 -0.091581
v -0.000430 -0.027039 -0.092614
v 0.002681 -0.028989 -0.093976
v 0.002691 -0.028769 -0.094620
v 0.002125 -0.028399 -0.094764
v -0.002438 -0.042109 -0.097430
v -0.002221 -0.041169 -0.096296
v 0.004151 -0.029529 -0.095579
v 0.004877 -0.030109 -0.095668
v 0.004198 -0.029479 -0.096101
v 0.001070 -0.043259 -0.098782
v 0.006847 -0.030979 -0.098159
v 0.008953 -0.032569 -0.098406
v 0.007547 -0.031459 -0.098108
v 0.008617 -0.032089 -0.099023
v 0.004017 -0.044479 -0.099917
v 0.003733 -0.045349 -0.101006
v 0.005541 -0.046339 -0.101848
v 0.005560 -0.046969 -0.102457
v 0.011432 -0.033889 -0.100109
v 0.006247 -0.046769 -0.102217
v 0.012446 -0.034349 -0.100975
v 0.006336 -0.048849 -0.104096
v 0.007767 -0.047599 -0.102993
v 0.007512 -0.048279 -0.103596
v 0.013551 -0.034889 -0.102388
v 0.007964 -0.049429 -0.104541
v 0.007595 -0.049579 -0.104698
v 0.008107 -0.049959 -0.105089
v 0.007495 -0.049789 -0.105016
v 0.009009 -0.048429 -0.103737
v 0.014398 -0.035489 -0.101832
v 0.010067 -0.050359 -0.105389
v 0.009498 -0.050639 -0.105802
v 0.008285 -0.050279 -0.105570
v 0.009874 -0.051169 -0.106593
v 0.010573 -0.051569 -0.107067
v 0.010521 -0.050999 -0.106000
v 0.010766 -0.051439 -0.106618
v 0.017907 -0.037409 -0.103958
v 0.017326 -0.037009 -0.104658
v 0.011931 -0.052029 -0.107331
v 0.011782 -0.051289 -0.106199
v 0.012521 -0.052479 -0.108089
v 0.012651 -0.052589 -0.108446
v 0.013594 -0.053099 -0.108772
v 0.013689 -0.053159 -0.109066
v 0.020557 -0.038959 -0.107036
v 0.016378 -0.054079 -0.109044
v 0.015062 -0.053499 -0.108509
v 0.015156 -0.053739 -0.109067
v 0.015679 -0.054039 -0.109634
v 0.015858 -0.054089 -0.109975
v 0.015119 -0.053669 -0.109982
v 0.016400 -0.054279 -0.109588
v 0.017561 -0.054759 -0.110716
v 0.022918 -0.040659 -0.109090
v 0.023392 -0.040689 -0.108813
v 0.018040 -0.054899 -0.110051
v 0.017711 -0.054849 -0.110430
v 0.024560 -0.041289 -0.108986
v 0.024345 -0.041319 -0.109407
v 0.019592 -0.055759 -0.111409
v 0.020081 -0.055979 -0.111690
v 0.019683 -0.055709 -0.111670
v 0.019890 -0.055619 -0.111975
v 0.018742 -0.054959 -0.111660
v 0.019979 -0.055189 -0.112328
v 0.025696 -0.042729 -0.110747
v 0.025183 -0.043159 -0.111073
v 0.020530 -0.056269 -0.111758
v 0.020544 -0.056209 -0.111961
v 0.020256 -0.055949 -0.111997
v 0.020971 -0.056219 -0.112402
v 0.020697 -0.055899 -0.112433
v 0.021495 -0.056029 -0.112871
v 0.020743 -0.055489 -0.112672
v 0.020589 -0.054949 -0.112755
v 0.020430 -0.054349 -0.112783
v 0.021482 -0.054199 -0.113171
v 0.025842 -0.043899 -0.111506
v 0.026349 -0.042589 -0.110374
v 0.026061 -0.043489 -0.111282
v 0.022504 -0.056939 -0.112958
v 0.022758 -0.056579 -0.113297
v 0.026140 -0.045849 -0.112443
v 0.027944 -0.044729 -0.111958
v 0.027670 -0.043539 -0.111077
v 0.027987 -0.044139 -0.111565
v 0.023846 -0.057259 -0.113641
v 0.023804 -0.056749 -0.113749
v 0.023252 -0.055799 -0.113674
v 0.023867 -0.054949 -0.113926
v 0.025152 -0.054639 -0.114284
v 0.023871 -0.053759 -0.113913
v 0.025044 -0.052949 -0.114184
v 0.026039 -0.052079 -0.114282
v 0.024999 -0.051419 -0.113971
v 0.025998 -0.050369 -0.113939
v 0.027090 -0.049039 -0.113719
v 0.026471 -0.047839 -0.113260
v 0.028085 -0.047509 -0.113246
v 0.028315 -0.045929 -0.112570
v 0.027161 -0.053759 -0.114707
v 0.027727 -0.052339 -0.114568
v 0.027440 -0.050499 -0.114156
v 0.029206 -0.046759 -0.112967
v 0.029448 -0.048369 -0.113626
v 0.029903 -0.045819 -0.112468
v 0.029162 -0.050599 -0.114317
v -0.024791 -0.025089 -0.081634
v -0.023648 -0.022749 -0.081664
v -0.022936 -0.022459 -0.082043
v -0.022458 -0.020339 -0.081008
v -0.021957 -0.021269 -0.081959
v -0.024061 -0.028639 -0.083131
v -0.023931 -0.026659 -0.082933
v -0.023897 -0.025389 -0.082542
v -0.022247 -0.023229 -0.082844
v -0.020650 -0.018669 -0.081180
v -0.023481 -0.029439 -0.083755
v -0.023455 -0.028119 -0.083698
v -0.022699 -0.029179 -0.084504
v -0.022955 -0.027149 -0.083935
v -0.022525 -0.027979 -0.084499
v -0.017880 -0.019829 -0.083779
v -0.018187 -0.020509 -0.084087
v -0.021943 -0.032039 -0.085103
v -0.021850 -0.031679 -0.085324
v -0.020532 -0.028039 -0.086119
v -0.020831 -0.026739 -0.085446
v -0.016622 -0.019109 -0.083180
v -0.016477 -0.019619 -0.084080
v -0.017033 -0.019789 -0.084163
v -0.020421 -0.032159 -0.086720
v -0.019458 -0.030059 -0.087425
v -0.015571 -0.020689 -0.085575
v -0.016516 -0.021889 -0.086015
v -0.015748 -0.021249 -0.085975
v -0.014439 -0.020149 -0.084629
v -0.019357 -0.033919 -0.087117
v -0.019362 -0.033569 -0.087541
v -0.013965 -0.021519 -0.086857
v -0.018617 -0.034499 -0.087551
v -0.018515 -0.034499 -0.087873
v -0.018767 -0.034219 -0.087873
v -0.018311 -0.034369 -0.088402
v -0.018500 -0.034009 -0.088396
v -0.013302 -0.021449 -0.086835
v -0.016907 -0.035419 -0.088682
v -0.017263 -0.035159 -0.088944
v -0.016999 -0.034969 -0.089642
v -0.017054 -0.034469 -0.089820
v -0.016141 -0.035789 -0.089183
v -0.015574 -0.036139 -0.089818
v -0.016131 -0.035769 -0.089670
v -0.016358 -0.035379 -0.090114
v -0.010159 -0.022819 -0.089126
v -0.009940 -0.022589 -0.088609
v -0.014260 -0.037009 -0.090715
v -0.014409 -0.036969 -0.091111
v -0.014930 -0.036599 -0.090980
v -0.014412 -0.036939 -0.091355
v -0.014590 -0.036759 -0.091447
v -0.014587 -0.036629 -0.091634
v -0.014380 -0.036619 -0.091907
v -0.014716 -0.036229 -0.091755
v -0.013748 -0.037259 -0.090834
v -0.012752 -0.037769 -0.091477
v -0.013935 -0.037249 -0.091217
v -0.013269 -0.037629 -0.091660
v -0.013539 -0.037469 -0.091943
v -0.014155 -0.036879 -0.091964
v -0.007443 -0.023759 -0.090166
v -0.006824 -0.023869 -0.089683
v -0.012318 -0.038149 -0.092785
v -0.012629 -0.037789 -0.093166
v -0.005389 -0.024619 -0.091013
v -0.005401 -0.024739 -0.091563
v -0.011127 -0.038519 -0.092492
v -0.010307 -0.038929 -0.093023
v -0.011372 -0.038609 -0.092900
v -0.010738 -0.039159 -0.094098
v -0.009257 -0.039539 -0.093745
v -0.009314 -0.039809 -0.094283
v -0.009827 -0.039769 -0.094715
v -0.010701 -0.039169 -0.094566
v -0.010030 -0.039629 -0.095069
v -0.009602 -0.039889 -0.095359
v -0.003682 -0.025469 -0.092086
v -0.008019 -0.040299 -0.094802
v -0.008764 -0.040209 -0.094947
v -0.008869 -0.040269 -0.095386
v -0.007612 -0.040879 -0.096174
v -0.008087 -0.040669 -0.096348
v -0.006987 -0.040889 -0.095703
v -0.007350 -0.040869 -0.095825
v -0.000842 -0.026889 -0.093735
v -0.005844 -0.041669 -0.096830
v -0.006139 -0.041679 -0.097142
v -0.006441 -0.041599 -0.097444
v -0.005538 -0.041529 -0.096466
v -0.000435 -0.027229 -0.094964
v -0.004655 -0.042339 -0.097814
v -0.005135 -0.042269 -0.098063
v -0.003804 -0.042109 -0.097273
v -0.003260 -0.042999 -0.098498
v -0.003739 -0.042989 -0.098727
v -0.004418 -0.042709 -0.098561
v 0.002964 -0.028889 -0.096603
v 0.002138 -0.028539 -0.096646
v -0.002535 -0.043719 -0.099784
v -0.000931 -0.044109 -0.099742
v -0.000431 -0.044769 -0.100691
v -0.001099 -0.044549 -0.100798
v 0.005710 -0.030469 -0.098933
v 0.005919 -0.030439 -0.097956
v -0.000173 -0.044099 -0.099646
v 0.001331 -0.045169 -0.100790
v 0.002001 -0.046729 -0.102976
v 0.003425 -0.047669 -0.103751
v 0.003942 -0.046999 -0.102488
v 0.010221 -0.033059 -0.100755
v 0.005233 -0.048769 -0.104557
v 0.004909 -0.048719 -0.104802
v 0.003817 -0.048019 -0.104316
v 0.003900 -0.048049 -0.104612
v 0.004720 -0.048619 -0.105168
v 0.006280 -0.049569 -0.105510
v 0.006117 -0.049479 -0.105903
v 0.005584 -0.048739 -0.104234
v 0.005072 -0.048869 -0.105178
v 0.005455 -0.049059 -0.105669
v 0.012153 -0.034299 -0.103248
v 0.007538 -0.050169 -0.105842
v 0.006914 -0.049899 -0.105701
v 0.007048 -0.049989 -0.106036
v 0.006369 -0.049659 -0.105846
v 0.006727 -0.049819 -0.106067
v 0.007360 -0.050049 -0.106454
v 0.006517 -0.049669 -0.106143
v 0.007362 -0.049909 -0.106656
v 0.006237 -0.049429 -0.106168
v 0.007236 -0.049919 -0.105415
v 0.006629 -0.049509 -0.106404
v 0.008964 -0.050719 -0.106258
v 0.008568 -0.050659 -0.106533
v 0.008986 -0.050919 -0.107035
v 0.008701 -0.050719 -0.107056
v 0.013812 -0.035409 -0.104818
v 0.009552 -0.051189 -0.106948
v 0.009953 -0.051389 -0.107195
v 0.009478 -0.051209 -0.107349
v 0.009782 -0.051329 -0.107546
v 0.008857 -0.050679 -0.107365
v 0.009336 -0.051069 -0.107487
v 0.009891 -0.051259 -0.107818
v 0.009314 -0.050859 -0.107670
v 0.009996 -0.050869 -0.108209
v 0.011373 -0.051959 -0.108071
v 0.010842 -0.051509 -0.108342
v 0.017062 -0.037079 -0.106122
v 0.016928 -0.037139 -0.106398
v 0.017544 -0.038089 -0.107390
v 0.012476 -0.052439 -0.108722
v 0.012735 -0.052389 -0.109119
v 0.012898 -0.051819 -0.109674
v 0.013056 -0.051359 -0.109861
v 0.013561 -0.053059 -0.109241
v 0.013511 -0.052889 -0.109409
v 0.013221 -0.052209 -0.109694
v 0.019208 -0.040799 -0.109289
v 0.014526 -0.053019 -0.110129
v 0.015855 -0.053009 -0.110959
v 0.014754 -0.052779 -0.110420
v 0.014664 -0.052519 -0.110459
v 0.015521 -0.052659 -0.110865
v 0.015006 -0.050949 -0.110728
v 0.016529 -0.053869 -0.110942
v 0.017126 -0.053769 -0.111388
v 0.016109 -0.052389 -0.111161
v 0.017713 -0.051749 -0.111809
v 0.017533 -0.050329 -0.111670
v 0.018627 -0.048489 -0.111817
v 0.019793 -0.045989 -0.111490
v 0.020669 -0.042049 -0.110108
v 0.021604 -0.041199 -0.109714
v 0.017350 -0.053579 -0.111569
v 0.018012 -0.053359 -0.111897
v 0.019270 -0.050079 -0.112238
v 0.019803 -0.047659 -0.111948
v 0.020978 -0.045159 -0.111465
v 0.021151 -0.046569 -0.111973
v 0.022517 -0.044049 -0.111282
v 0.023420 -0.042559 -0.110650
v 0.023242 -0.041459 -0.109900
v 0.019536 -0.052729 -0.112495
v 0.019827 -0.051379 -0.112536
v 0.021114 -0.050709 -0.112875
v 0.020689 -0.049359 -0.112545
v 0.023130 -0.046909 -0.112475
v 0.023181 -0.045249 -0.111868
v 0.024525 -0.044159 -0.111562
v 0.021798 -0.053099 -0.113257
v 0.023090 -0.050369 -0.113352
v 0.024174 -0.048429 -0.113131
v 0.022783 -0.048369 -0.112814
v 0.025034 -0.046649 -0.112661
v 0.024425 -0.047489 -0.112888
v 0.023466 -0.051499 -0.113628
v 0.024234 -0.050159 -0.113567
v 0.025521 -0.049249 -0.113596
v 0.025230 -0.048199 -0.113241
v -0.018709 -0.027869 -0.087475
v -0.018667 -0.025429 -0.086459
v -0.016868 -0.023519 -0.086743
v -0.015501 -0.023829 -0.087788
v -0.014910 -0.022929 -0.087592
v -0.017335 -0.032079 -0.089625
v -0.017975 -0.030929 -0.088919
v -0.017719 -0.029889 -0.088914
v -0.015873 -0.028039 -0.089642
v -0.015690 -0.025789 -0.088695
v -0.014777 -0.025079 -0.088912
v -0.014142 -0.023869 -0.088592
v -0.013458 -0.022389 -0.087869
v -0.016008 -0.032749 -0.090844
v -0.016244 -0.031599 -0.090521
v -0.016043 -0.029779 -0.090208
v -0.015062 -0.029269 -0.090717
v -0.013844 -0.026399 -0.090154
v -0.015052 -0.031199 -0.091358
v -0.014914 -0.032139 -0.091668
v -0.014397 -0.031419 -0.091900
v -0.014466 -0.030539 -0.091577
v -0.013878 -0.029829 -0.091713
v -0.014418 -0.028569 -0.090840
v -0.012172 -0.025229 -0.090458
v -0.011672 -0.024139 -0.090004
v -0.010624 -0.022959 -0.089316
v -0.010941 -0.023419 -0.089732
v -0.013709 -0.032969 -0.092707
v -0.013450 -0.031979 -0.092706
v -0.013863 -0.030959 -0.092131
v -0.012836 -0.030859 -0.092756
v -0.012735 -0.028039 -0.091621
v -0.010038 -0.024439 -0.090933
v -0.013957 -0.036629 -0.092384
v -0.013789 -0.036419 -0.092667
v -0.013831 -0.035789 -0.092737
v -0.013095 -0.034479 -0.093341
v -0.012802 -0.032949 -0.093371
v -0.010867 -0.027219 -0.092270
v -0.009898 -0.025889 -0.092015
v -0.008581 -0.024309 -0.091330
v -0.012932 -0.037189 -0.093317
v -0.008726 -0.027359 -0.093467
v -0.008499 -0.025949 -0.092705
v -0.006229 -0.024749 -0.091998
v -0.007044 -0.024729 -0.092068
v -0.007526 -0.025149 -0.092462
v -0.012000 -0.037449 -0.094286
v -0.011639 -0.037269 -0.094648
v -0.010419 -0.036419 -0.095595
v -0.007281 -0.027069 -0.093951
v -0.006304 -0.026639 -0.094058
v -0.006149 -0.026179 -0.093789
v -0.010471 -0.039149 -0.095141
v -0.009776 -0.039639 -0.095635
v -0.010502 -0.038549 -0.095513
v -0.010155 -0.038989 -0.095703
v -0.005031 -0.026469 -0.094331
v -0.008593 -0.040289 -0.096421
v -0.009441 -0.039669 -0.096075
v -0.007928 -0.039929 -0.097579
v -0.007598 -0.039249 -0.097893
v -0.006577 -0.041469 -0.097812
v -0.006601 -0.040259 -0.098623
v -0.001170 -0.027129 -0.095222
v -0.005487 -0.042109 -0.098534
v -0.004921 -0.042499 -0.098952
v -0.005231 -0.041949 -0.099286
v -0.000484 -0.029269 -0.097868
v 0.001549 -0.028399 -0.096802
v -0.004709 -0.042639 -0.098858
v -0.004148 -0.042949 -0.099234
v -0.004607 -0.042689 -0.099168
v -0.004151 -0.042949 -0.099472
v -0.004843 -0.042489 -0.099219
v -0.004451 -0.042729 -0.099475
v -0.004472 -0.042589 -0.099665
v -0.004546 -0.042119 -0.099918
v -0.004403 -0.042449 -0.099882
v 0.001812 -0.028899 -0.097774
v 0.000886 -0.028739 -0.097645
v 0.001738 -0.029489 -0.098599
v 0.000762 -0.029289 -0.098230
v -0.002882 -0.043609 -0.100042
v -0.003191 -0.043439 -0.100095
v -0.003148 -0.043389 -0.100349
v -0.003307 -0.043199 -0.100425
v -0.002679 -0.043539 -0.100834
v -0.002669 -0.043359 -0.101009
v -0.002773 -0.042759 -0.101211
v -0.002611 -0.041999 -0.101418
v -0.001435 -0.044419 -0.101042
v -0.001384 -0.044369 -0.101511
v -0.001397 -0.044009 -0.101860
v 0.004976 -0.030629 -0.099896
v 0.004630 -0.030769 -0.100128
v 0.003898 -0.031109 -0.100420
v -0.000665 -0.043779 -0.102639
v 0.005713 -0.030739 -0.099781
v 0.005059 -0.031359 -0.100808
v 0.001190 -0.046259 -0.102868
v 0.000613 -0.045589 -0.103126
v 0.001120 -0.045629 -0.103595
v 0.000281 -0.045029 -0.103093
v 0.000960 -0.045049 -0.103623
v 0.006213 -0.032429 -0.101932
v 0.007309 -0.031979 -0.101466
v 0.006835 -0.032239 -0.101841
v 0.001412 -0.046249 -0.103478
v 0.002136 -0.045589 -0.104338
v 0.001369 -0.044669 -0.103928
v 0.002229 -0.043949 -0.104450
v 0.002631 -0.046609 -0.104407
v 0.003166 -0.045429 -0.105002
v 0.008622 -0.035059 -0.104182
v 0.009098 -0.033559 -0.103264
v 0.009025 -0.034169 -0.103727
v 0.008130 -0.033589 -0.103166
v 0.007704 -0.034209 -0.103467
v 0.004569 -0.048399 -0.105240
v 0.004201 -0.047959 -0.105151
v 0.010769 -0.033969 -0.103570
v 0.010264 -0.034319 -0.104025
v 0.005588 -0.048919 -0.105937
v 0.005274 -0.048049 -0.106045
v 0.005313 -0.047469 -0.106171
v 0.006494 -0.046449 -0.106780
v 0.010392 -0.037119 -0.105729
v 0.010921 -0.035579 -0.105047
v 0.006267 -0.049189 -0.106337
v 0.007327 -0.049359 -0.106961
v 0.006465 -0.048809 -0.106632
v 0.006364 -0.048259 -0.106704
v 0.007109 -0.048599 -0.107063
v 0.007008 -0.047639 -0.107069
v 0.010311 -0.041429 -0.107384
v 0.010687 -0.038399 -0.106399
v 0.012701 -0.036739 -0.106084
v 0.011554 -0.036419 -0.105673
v 0.011802 -0.037419 -0.106250
v 0.013550 -0.035799 -0.105466
v 0.012040 -0.035779 -0.105362
v 0.008347 -0.049809 -0.107580
v 0.009074 -0.049819 -0.108042
v 0.007996 -0.049369 -0.107497
v 0.008269 -0.048989 -0.107702
v 0.008713 -0.048069 -0.107934
v 0.009666 -0.047749 -0.108353
v 0.008391 -0.046289 -0.107684
v 0.009875 -0.044269 -0.108056
v 0.014277 -0.035849 -0.105394
v 0.014421 -0.036829 -0.106350
v 0.010154 -0.049509 -0.108599
v 0.010393 -0.045919 -0.108502
v 0.011248 -0.044919 -0.108688
v 0.012376 -0.043189 -0.108627
v 0.013061 -0.040909 -0.108081
v 0.014302 -0.040089 -0.108090
v 0.014799 -0.039369 -0.107873
v 0.011623 -0.047239 -0.109127
v 0.015916 -0.038809 -0.107789
v 0.014175 -0.046789 -0.110045
v 0.014020 -0.045519 -0.109765
v 0.016205 -0.043159 -0.109693
v 0.016523 -0.041369 -0.109094
v 0.017599 -0.040749 -0.109030
v 0.017478 -0.039259 -0.108229
v 0.015025 -0.049369 -0.110658
v 0.015723 -0.046519 -0.110526
v 0.016019 -0.045259 -0.110293
v 0.016891 -0.048699 -0.111281
v 0.017803 -0.044969 -0.110687
v 0.019073 -0.042899 -0.110221
v 0.018489 -0.047079 -0.111465
v 0.019132 -0.044609 -0.110884
v -0.011824 -0.029329 -0.092741
v -0.010993 -0.032009 -0.094320
v -0.010285 -0.030589 -0.094191
v -0.009292 -0.029209 -0.094131
v -0.010612 -0.034879 -0.095266
v -0.010355 -0.033819 -0.095239
v -0.009856 -0.032219 -0.095077
v -0.008085 -0.030679 -0.095443
v -0.007891 -0.029299 -0.094907
v -0.008282 -0.034279 -0.096695
v -0.006328 -0.030609 -0.096278
v -0.006156 -0.028899 -0.095494
v -0.007409 -0.037349 -0.097911
v -0.007323 -0.036079 -0.097760
v -0.006418 -0.034239 -0.097766
v -0.005556 -0.038709 -0.099302
v -0.005422 -0.037159 -0.099171
v -0.005456 -0.035589 -0.098759
v -0.004627 -0.034559 -0.098812
v -0.002336 -0.029599 -0.097449
v -0.000216 -0.031299 -0.099248
v 0.000714 -0.030699 -0.099202
v -0.002247 -0.039969 -0.101524
v -0.001406 -0.038369 -0.101705
v -0.000797 -0.036989 -0.101571
v 0.000618 -0.033569 -0.100797
v 0.001621 -0.032479 -0.100689
v 0.002514 -0.031109 -0.100086
v 0.001304 -0.031339 -0.099879
v 0.002272 -0.031899 -0.100562
v -0.001052 -0.040789 -0.102333
v -0.000746 -0.039529 -0.102317
v -0.000289 -0.038399 -0.102293
v 0.003237 -0.032899 -0.101471
v -0.000617 -0.042619 -0.102710
v 0.000878 -0.039499 -0.103153
v 0.001739 -0.038649 -0.103308
v 0.002313 -0.035839 -0.102482
v 0.003111 -0.034109 -0.102048
v 0.004706 -0.032459 -0.101616
v 0.001151 -0.042719 -0.103776
v 0.000883 -0.041549 -0.103507
v 0.002101 -0.039759 -0.103806
v 0.005092 -0.033709 -0.102483
v 0.002994 -0.042539 -0.104742
v 0.003048 -0.041029 -0.104533
v 0.004174 -0.039099 -0.104477
v 0.005191 -0.036029 -0.103641
v 0.006718 -0.034949 -0.103610
v 0.003406 -0.044269 -0.105105
v 0.004310 -0.043259 -0.105470
v 0.004768 -0.042249 -0.105557
v 0.004856 -0.040789 -0.105304
v 0.006547 -0.038419 -0.105110
v 0.006459 -0.041159 -0.106071
v 0.006358 -0.040049 -0.105658
v 0.007327 -0.040679 -0.106197
v 0.008005 -0.038749 -0.105712
v 0.008023 -0.037249 -0.105106
v 0.007153 -0.044049 -0.106872
v 0.007836 -0.043279 -0.107049
v 0.007001 -0.042109 -0.106515
v 0.008386 -0.041139 -0.106618
v 0.008594 -0.043869 -0.107473
v 0.009018 -0.043439 -0.107550
v 0.008385 -0.042959 -0.107176
v 0.145056 -0.099429 -0.069224
v 0.143610 -0.104379 -0.070232
v 0.144487 -0.101189 -0.069507
v 0.143046 -0.110219 -0.071912
v 0.142874 -0.110799 -0.072321
v 0.143031 -0.109029 -0.071522
v 0.148416 -0.097019 -0.070151
v 0.143156 -0.111639 -0.072629
v 0.150207 -0.097879 -0.071554
v 0.150371 -0.097939 -0.071693
v 0.150902 -0.098629 -0.072414
v 0.151488 -0.101539 -0.073952
v 0.151308 -0.100589 -0.073336
v 0.151381 -0.100889 -0.073509
v 0.151168 -0.099449 -0.073084
v 0.151395 -0.100639 -0.073570
v 0.151395 -0.100639 -0.073570
v 0.151395 -0.100639 -0.073570
v 0.151344 -0.100299 -0.073430
v 0.151469 -0.102519 -0.074293
v 0.151490 -0.102129 -0.074155
v 0.147339 -0.116369 -0.076613
v 0.147622 -0.116279 -0.076688
v 0.147894 -0.116359 -0.076948
v 0.151444 -0.107509 -0.076255
v 0.151563 -0.104969 -0.075419
v 0.151563 -0.104969 -0.075419
v 0.148086 -0.116329 -0.077079
v 0.148295 -0.116289 -0.077174
v 0.148526 -0.116169 -0.077261
v 0.148679 -0.115949 -0.077237
v 0.148795 -0.116029 -0.077363
v 0.148606 -0.116149 -0.077483
v 0.148606 -0.116149 -0.077483
v 0.149485 -0.115459 -0.077672
v 0.150212 -0.114389 -0.077860
v 0.150404 -0.114029 -0.077825
v 0.150571 -0.113659 -0.077774
v 0.150702 -0.113279 -0.077702
v 0.150771 -0.112989 -0.077632
v 0.004162 -0.001509 -0.002866
v 0.004050 -0.001689 -0.002875
v 0.004252 -0.001329 -0.002846
vn -0.2805 -0.1256 0.9516
vn -0.1996 -0.1047 0.9743
vn -0.3324 -0.0491 0.9419
vn -0.1084 -0.2277 0.9677
vn -0.5116 -0.0711 0.8563
vn -0.5077 -0.0246 0.8612
vn -0.5672 -0.0966 0.8179
vn -0.6559 0.0185 0.7546
vn -0.6570 0.0696 0.7506
vn -0.6723 -0.0245 0.7399
vn -0.7325 0.0361 0.6799
vn -0.7342 -0.0504 0.6770
vn -0.7151 0.1174 0.6891
vn -0.2512 -0.0198 0.9677
vn -0.3582 0.0231 0.9334
vn -0.5439 0.0352 0.8384
vn -0.5254 0.0676 0.8482
vn -0.6653 0.1294 0.7352
vn 0.3164 -0.2464 0.9161
vn 0.4005 -0.3003 0.8657
vn 0.4009 -0.2874 0.8699
vn -0.3162 0.0485 0.9475
vn -0.5351 0.1246 0.8355
vn -0.6468 0.1619 0.7453
vn -0.6587 0.2014 0.7250
vn -0.7006 0.2030 0.6841
vn -0.6767 0.2811 0.6805
vn -0.0396 -0.0839 0.9957
vn 0.1957 -0.1362 0.9712
vn -0.0824 0.1127 0.9902
vn -0.2521 0.1118 0.9612
vn -0.4459 0.1581 0.8810
vn -0.3599 0.2388 0.9019
vn -0.6442 0.3705 0.6692
vn -0.5893 0.2523 0.7675
vn -0.5443 0.3344 0.7693
vn -0.5940 0.1878 0.7823
vn -0.6662 0.4106 0.6226
vn -0.0949 0.2534 0.9627
vn -0.2726 0.2928 0.9165
vn 0.0812 0.1537 0.9848
vn 0.0616 0.3363 0.9397
vn -0.4738 0.4052 0.7819
vn -0.2106 0.3969 0.8934
vn -0.1020 0.4825 0.8699
vn 0.1523 0.4490 0.8805
vn -0.0034 0.5931 0.8051
vn -0.3604 0.4969 0.7895
vn -0.2275 0.6188 0.7519
vn -0.1409 0.6972 0.7028
vn -0.0410 0.7865 0.6162
vn -0.6019 0.4945 0.6271
vn -0.4919 0.5731 0.6554
vn -0.3153 0.6911 0.6503
vn -0.1864 0.8076 0.5595
vn -0.3747 0.7429 0.5547
vn -0.1760 0.8812 0.4388
vn -0.0232 0.8876 0.4600
vn -0.4949 -0.1776 0.8506
vn -0.6415 -0.1561 0.7511
vn -0.1761 -0.2175 0.9601
vn -0.8038 -0.1444 0.5771
vn -0.7224 -0.1390 0.6773
vn -0.8106 -0.1620 0.5628
vn -0.3069 -0.2122 0.9278
vn 0.3717 -0.2849 0.8835
vn 0.3598 -0.2757 0.8913
vn -0.7118 -0.1059 0.6944
vn -0.7924 -0.1570 0.5895
vn -0.7789 -0.1088 0.6177
vn 0.4122 -0.2983 0.8609
vn -0.4758 -0.1543 0.8659
vn 0.1298 -0.2614 0.9565
vn 0.4142 -0.2328 0.8799
vn 0.2595 0.0228 0.9655
vn 0.2774 0.2330 0.9321
vn 0.3166 0.4113 0.8548
vn 0.4268 -0.0343 0.9037
vn 0.4800 0.1210 0.8689
vn 0.4009 0.4943 0.7713
vn 0.5011 -0.2346 0.8330
vn 0.4972 0.4833 0.7206
vn 0.5713 0.2252 0.7892
vn 0.1212 0.6627 0.7390
vn 0.2495 0.6951 0.6742
vn 0.3873 0.7004 0.5995
vn 0.5196 0.6938 0.4987
vn 0.1154 0.8244 0.5541
vn 0.3309 0.8321 0.4450
vn 0.1352 0.9008 0.4126
vn 0.2414 0.9204 0.3077
vn 0.0180 0.9396 0.3417
vn 0.4241 0.8615 0.2792
vn -0.7316 -0.3735 0.5704
vn -0.4377 -0.3842 0.8129
vn -0.5868 -0.2892 0.7563
vn 0.1095 -0.4717 0.8749
vn 0.3520 -0.3395 0.8723
vn 0.3322 -0.3886 0.8595
vn 0.4290 -0.2997 0.8521
vn -0.8099 -0.2172 0.5449
vn -0.7873 -0.3057 0.5354
vn -0.7881 -0.2189 0.5753
vn -0.3495 -0.2389 0.9060
vn -0.5819 -0.1888 0.7911
vn -0.3603 -0.1863 0.9140
vn 0.1729 -0.2872 0.9421
vn -0.1165 -0.2035 0.9721
vn 0.3944 -0.3026 0.8677
vn 0.3431 -0.3153 0.8848
vn 0.5479 -0.3076 0.7780
vn -0.2339 -0.2181 0.9475
vn 0.1207 -0.3010 0.9460
vn 0.5125 -0.2245 0.8289
vn 0.6129 0.0301 0.7896
vn 0.5654 0.6678 0.4841
vn 0.6027 0.4676 0.6466
vn 0.6396 0.5869 0.4965
vn 0.5331 0.8078 0.2515
vn 0.6076 0.7628 0.2214
vn 0.4627 0.8714 0.1631
vn 0.5196 0.8446 0.1291
vn 0.5389 0.8409 0.0506
vn 0.5001 0.8638 0.0615
vn 0.1719 -0.3233 0.9306
vn 0.0368 -0.4877 0.8722
vn 0.3009 -0.4333 0.8495
vn -0.5069 -0.5678 0.6486
vn -0.6454 -0.4772 0.5964
vn -0.7100 -0.4407 0.5492
vn -0.6809 -0.5062 0.5292
vn -0.5565 -0.6416 0.5279
vn -0.6589 -0.5842 0.4739
vn 0.5367 -0.2367 0.8099
vn 0.7138 0.3426 0.6108
vn 0.5709 -0.2580 0.7794
vn 0.5381 -0.2373 0.8088
vn 0.7357 0.4231 0.5288
vn 0.7200 0.6426 0.2620
vn 0.6892 -0.2710 0.6720
vn 0.7480 0.4813 0.4570
vn 0.7879 0.5825 0.1999
vn 0.5975 0.8012 0.0327
vn 0.6656 0.7461 -0.0172
vn 0.5818 0.8125 -0.0375
vn -0.4300 -0.7197 0.5452
vn -0.1704 -0.6375 0.7514
vn 0.2154 -0.4800 0.8504
vn -0.6251 -0.6574 0.4208
vn -0.2529 -0.6226 0.7405
vn 0.6604 -0.2335 0.7137
vn 0.8211 0.2440 0.5160
vn 0.5672 -0.3091 0.7634
vn 0.7593 -0.0136 0.6506
vn 0.8672 0.4554 0.2013
vn 0.7141 -0.2164 0.6658
vn 0.9250 0.3789 0.0295
vn 0.7445 0.6635 -0.0741
vn 0.8510 0.5186 -0.0834
vn 0.8968 0.4147 -0.1544
vn 0.8192 -0.1106 0.5627
vn 0.8943 0.3646 -0.2595
vn 0.7080 0.6900 -0.1503
vn 0.6290 0.7701 -0.1063
vn 0.7816 0.5796 -0.2307
vn 0.8132 0.5041 -0.2909
vn 0.5342 -0.2873 0.7951
vn -0.5767 -0.7121 0.4003
vn -0.5137 -0.7835 0.3497
vn 0.6063 -0.2979 0.7374
vn 0.9947 0.0116 0.1025
vn 0.7088 -0.2216 0.6697
vn 0.9348 -0.1826 0.3048
vn 0.9894 0.1208 -0.0809
vn 0.9349 0.2133 -0.2836
vn 0.9783 0.1165 -0.1713
vn 0.5572 -0.2968 0.7755
vn 0.9094 0.0217 0.4154
vn 0.8767 0.0217 0.4806
vn 0.6051 -0.0421 0.7950
vn 0.9800 0.1922 -0.0515
vn 0.5980 0.1582 0.7857
vn 0.7433 -0.5420 0.3921
vn 0.6771 -0.4276 0.5989
vn 0.9371 -0.0032 0.3491
vn 0.9207 0.2872 -0.2643
vn 0.9554 0.2411 -0.1703
vn 0.8564 0.4129 -0.3099
vn 0.8687 0.3205 -0.3776
vn -0.2735 -0.9528 0.1315
vn -0.3902 -0.8828 0.2614
vn -0.4090 -0.8926 0.1895
vn -0.2703 -0.9616 0.0466
vn -0.2290 -0.7676 0.5986
vn 0.2054 -0.6399 0.7405
vn -0.1433 -0.9071 0.3958
vn 0.4769 -0.3118 0.8218
vn -0.0138 -0.9444 0.3285
vn 0.3168 -0.6597 0.6815
vn 0.4643 -0.3764 0.8017
vn 0.2392 -0.8582 0.4542
vn 0.3435 -0.6304 0.6962
vn -0.1196 -0.9904 0.0690
vn 0.1195 -0.9466 0.2993
vn -0.0445 -0.9983 0.0377
vn 0.9256 0.1037 -0.3641
vn 0.9070 0.1480 -0.3944
vn 0.9972 0.0376 -0.0652
vn 0.8879 0.1101 -0.4466
vn 0.6289 -0.3030 0.7160
vn 0.5865 -0.3048 0.7504
vn 0.6445 -0.2718 0.7147
vn 0.9925 -0.0281 0.1189
vn 0.9654 -0.1092 0.2367
vn 0.9675 -0.0739 0.2417
vn 0.8926 0.1879 -0.4098
vn 0.3029 -0.7392 0.6015
vn 0.4683 -0.3661 0.8042
vn 0.4440 -0.5231 0.7275
vn 0.0652 -0.9959 0.0624
vn 0.1005 -0.9789 0.1780
vn 0.2179 -0.9186 0.3298
vn 0.4489 -0.4321 0.7822
vn 0.1131 -0.9909 0.0729
vn 0.4990 -0.4726 0.7264
vn 0.4688 -0.6036 0.6449
vn 0.4626 -0.6557 0.5967
vn 0.0876 -0.9819 -0.1680
vn 0.1542 -0.9873 -0.0392
vn -0.0489 -0.9842 -0.1701
vn 0.8760 0.0620 -0.4783
vn 0.8467 0.0798 -0.5261
vn 0.8637 0.0143 -0.5038
vn 0.6791 -0.2502 0.6901
vn 0.5000 -0.5714 0.6508
vn 0.5383 -0.4013 0.7410
vn 0.6563 -0.5474 0.5192
vn 0.6103 -0.4099 0.6779
vn 0.2754 -0.9530 -0.1263
vn 0.2333 -0.9380 -0.2564
vn 0.3382 -0.9383 -0.0723
vn 0.3589 -0.9133 -0.1927
vn 0.6113 -0.7880 -0.0728
vn 0.6012 -0.6896 0.4037
vn -0.1152 0.7872 -0.6059
vn 0.7865 -0.5724 0.2318
vn 0.6175 -0.4778 0.6248
vn 0.3069 -0.8508 -0.4265
vn 0.4253 -0.7559 -0.4976
vn 0.3053 -0.7986 -0.5187
vn 0.4225 -0.6845 -0.5941
vn 0.5813 -0.6746 -0.4549
vn 0.6889 -0.5562 0.4647
vn 0.8007 -0.5423 0.2545
vn 0.7144 -0.4251 0.5558
vn 0.7033 -0.6592 -0.2664
vn 0.7061 -0.5716 -0.4180
vn 0.8191 -0.5331 -0.2119
vn 0.8056 -0.4808 0.3462
vn 0.8323 -0.5249 0.1782
vn 0.5238 -0.5756 -0.6280
vn 0.5830 -0.4585 -0.6707
vn 0.6445 -0.4346 -0.6291
vn 0.6511 -0.3693 -0.6631
vn 0.6784 -0.3610 -0.6398
vn 0.7681 -0.3356 0.5453
vn 0.6330 -0.2673 0.7265
vn 0.8506 -0.4303 0.3021
vn 0.8571 -0.4092 0.3131
vn 0.8240 -0.2556 0.5057
vn 0.6657 -0.3096 0.6790
vn 0.6777 -0.2783 -0.6807
vn 0.7051 -0.2496 -0.6637
vn 0.7059 -0.1641 -0.6890
vn 0.7225 -0.1768 -0.6683
vn 0.7545 -0.0891 -0.6502
vn 0.7511 -0.0514 -0.6581
vn 0.8033 -0.0285 -0.5949
vn 0.8221 0.0093 -0.5692
vn -0.6910 0.2774 0.6675
vn -0.6390 0.5265 0.5608
vn -0.6834 0.3717 0.6284
vn -0.5475 0.6424 0.5363
vn -0.3824 0.7889 0.4810
vn -0.1860 0.9032 0.3867
vn -0.3792 0.8168 0.4348
vn -0.1581 0.9231 0.3506
vn 0.3248 0.9252 0.1960
vn -0.0131 0.9519 0.3062
vn 0.1412 0.9566 0.2550
vn 0.2492 0.9546 0.1631
vn 0.4049 0.9094 0.0952
vn -0.7218 -0.4012 0.5640
vn 0.4672 0.8839 0.0215
vn 0.3349 0.9386 0.0827
vn -0.6404 -0.5912 0.4903
vn 0.5403 0.8409 -0.0312
vn 0.6990 0.6903 -0.1867
vn 0.7634 0.5897 -0.2635
vn -0.5095 -0.7974 0.3233
vn 0.8689 0.2353 -0.4355
vn 0.8494 0.2107 -0.4839
vn 0.8570 0.2596 -0.4452
vn 0.8368 0.4174 -0.3542
vn 0.8499 0.3349 -0.4068
vn -0.1535 -0.9871 -0.0447
vn 0.8378 0.1776 -0.5163
vn 0.8174 0.1420 -0.5583
vn 0.8256 0.1982 -0.5283
vn 0.8279 0.2384 -0.5076
vn 0.2015 -0.8832 -0.4235
vn 0.7829 0.0550 -0.6197
vn 0.8000 0.1000 -0.5917
vn 0.3949 -0.6754 -0.6229
vn 0.5103 -0.5281 -0.6788
vn 0.5094 -0.4747 -0.7178
vn 0.6043 -0.3582 -0.7117
vn 0.5763 -0.3848 -0.7210
vn 0.6483 -0.2475 -0.7201
vn 0.7578 0.0169 -0.6523
vn 0.7491 0.0318 -0.6617
vn -0.7070 0.2832 0.6480
vn -0.6806 0.4130 0.6051
vn -0.5622 0.6505 0.5107
vn -0.7892 -0.1793 0.5874
vn 0.1427 0.9689 0.2021
vn 0.5857 0.8044 -0.0991
vn 0.6601 0.7245 -0.1983
vn -0.5721 -0.6834 0.4535
vn 0.7975 0.5019 -0.3349
vn 0.8131 0.4191 -0.4040
vn 0.7201 0.6442 -0.2576
vn 0.7692 0.5218 -0.3689
vn -0.4058 -0.8937 0.1916
vn -0.5169 -0.7721 0.3697
vn 0.8396 0.2755 -0.4682
vn 0.8206 0.2764 -0.5001
vn 0.8305 0.3377 -0.4430
vn 0.8141 0.3252 -0.4812
vn -0.1427 -0.9853 -0.0944
vn 0.8083 0.1728 -0.5628
vn 0.7984 0.1389 -0.5859
vn 0.7856 0.1658 -0.5961
vn 0.8014 0.2184 -0.5569
vn 0.0882 -0.9384 -0.3340
vn 0.2566 -0.8222 -0.5080
vn -0.0523 -0.9745 -0.2184
vn 0.3502 -0.7119 -0.6087
vn 0.4127 -0.6213 -0.6661
vn 0.7462 0.0652 -0.6625
vn 0.7789 0.0961 -0.6198
vn 0.7775 0.1279 -0.6157
vn 0.7038 -0.1057 -0.7025
vn 0.7210 -0.0170 -0.6927
vn -0.7217 0.1884 0.6661
vn -0.7502 0.0864 0.6556
vn -0.7299 0.2581 0.6330
vn -0.7962 -0.1589 0.5839
vn -0.7530 -0.0040 0.6581
vn -0.6392 0.5294 0.5578
vn -0.4700 0.7444 0.4744
vn -0.2232 0.8947 0.3868
vn -0.3542 0.8243 0.4417
vn -0.7681 -0.1446 0.6239
vn -0.7648 -0.1345 0.6301
vn -0.0461 0.9518 0.3033
vn -0.7027 -0.3232 0.6338
vn -0.6557 -0.4785 0.5840
vn 0.4437 0.8962 0.0035
vn -0.6027 -0.6179 0.5049
vn -0.6300 -0.5513 0.5470
vn -0.6299 -0.5984 0.4951
vn -0.5907 -0.6754 0.4415
vn 0.5093 0.8601 -0.0286
vn -0.5539 -0.7229 0.4131
vn 0.7953 0.3926 -0.4620
vn 0.7982 0.2865 -0.5299
vn -0.2666 -0.9638 0.0068
vn -0.4383 -0.8656 0.2422
vn -0.2902 -0.9549 0.0623
vn 0.7922 0.1896 -0.5801
vn 0.7733 0.1857 -0.6062
vn 0.7823 0.2130 -0.5854
vn 0.8003 0.2503 -0.5448
vn -0.1494 -0.9763 -0.1569
vn -0.0293 -0.9585 -0.2837
vn 0.0572 -0.9348 -0.3506
vn -0.2106 -0.9746 -0.0766
vn 0.7592 0.1527 -0.6327
vn 0.1639 -0.8810 -0.4438
vn 0.2524 -0.8061 -0.5352
vn 0.1643 -0.8657 -0.4729
vn 0.2810 -0.7633 -0.5817
vn 0.7198 0.0502 -0.6924
vn 0.7467 0.1098 -0.6560
vn 0.6033 -0.2925 -0.7419
vn 0.6493 -0.2076 -0.7317
vn -0.7832 -0.0585 0.6190
vn -0.7925 -0.1516 0.5907
vn -0.7795 0.0655 0.6230
vn -0.7552 0.1794 0.6305
vn -0.7020 0.3737 0.6063
vn -0.7699 -0.1488 0.6206
vn -0.3271 0.8334 0.4455
vn -0.4711 0.6915 0.5477
vn -0.7147 -0.1718 0.6780
vn -0.7536 -0.0807 0.6523
vn 0.7087 0.6274 -0.3226
vn -0.4961 -0.8044 0.3267
vn -0.4088 -0.8860 0.2187
vn -0.5387 -0.7591 0.3655
vn 0.7857 0.2989 -0.5416
vn 0.7673 0.4375 -0.4689
vn 0.7741 0.3437 -0.5315
vn 0.7717 0.2644 -0.5785
vn 0.7836 0.2409 -0.5726
vn 0.7657 0.2140 -0.6066
vn 0.7375 0.5244 -0.4255
vn -0.1985 -0.9799 -0.0213
vn -0.3024 -0.9491 0.0880
vn -0.1309 -0.9849 -0.1134
vn -0.0870 -0.9748 -0.2055
vn 0.0671 -0.9220 -0.3814
vn 0.0436 -0.9312 -0.3618
vn 0.7489 0.1777 -0.6384
vn 0.7320 0.1370 -0.6674
vn 0.5746 -0.3259 -0.7507
vn 0.6217 -0.1990 -0.7575
vn 0.6730 -0.1093 -0.7315
vn 0.6579 -0.0765 -0.7493
vn 0.7008 0.0034 -0.7133
vn 0.7157 0.0896 -0.6926
vn -0.7996 -0.0716 0.5963
vn -0.7954 -0.0845 0.6002
vn -0.8026 0.0358 0.5955
vn -0.7742 0.2066 0.5982
vn -0.7805 0.0653 0.6218
vn -0.7442 0.2990 0.5973
vn -0.6832 0.3633 0.6334
vn -0.6148 0.5253 0.5883
vn -0.1871 0.9111 0.3672
vn -0.7367 -0.2249 0.6377
vn -0.7382 -0.1095 0.6656
vn -0.7442 -0.1005 0.6603
vn 0.0112 0.9675 0.2527
vn 0.2353 0.9684 0.0826
vn 0.3922 0.9198 -0.0088
vn -0.6223 -0.6534 0.4310
vn -0.6045 -0.7033 0.3741
vn -0.6889 -0.4913 0.5330
vn -0.6652 -0.4856 0.5672
vn -0.6602 -0.5830 0.4735
vn -0.7158 -0.3749 0.5891
vn 0.5328 0.8408 -0.0956
vn 0.4515 0.8897 -0.0677
vn -0.5743 -0.7186 0.3921
vn 0.6328 0.7422 -0.2207
vn 0.6452 0.6957 -0.3158
vn 0.7055 0.5739 -0.4157
vn 0.7359 0.4533 -0.5030
vn -0.4796 -0.8306 0.2830
vn -0.3782 -0.9157 0.1360
vn -0.4683 -0.8507 0.2387
vn -0.5374 -0.7761 0.3298
vn -0.2489 -0.9679 -0.0349
vn -0.5816 -0.7452 0.3261
vn -0.5383 -0.8067 0.2439
vn -0.4171 -0.9007 0.1217
vn -0.6072 -0.7355 0.3006
vn -0.3486 -0.9369 -0.0261
vn 0.7625 0.2609 -0.5920
vn 0.7458 0.1985 -0.6359
vn 0.7306 0.1653 -0.6625
vn 0.1522 -0.8609 -0.4854
vn 0.6826 0.0249 -0.7304
vn 0.6990 0.0415 -0.7139
vn 0.6948 0.0631 -0.7164
vn 0.7198 0.1257 -0.6827
vn 0.4310 -0.5698 -0.6996
vn 0.5131 -0.4351 -0.7399
vn 0.6653 -0.0471 -0.7451
vn -0.7499 0.2372 0.6175
vn -0.7504 -0.1306 0.6479
vn -0.5279 0.5619 0.6368
vn 0.0606 0.9707 0.2324
vn -0.7863 -0.1823 0.5904
vn -0.7674 -0.2744 0.5795
vn -0.7743 -0.3285 0.5410
vn -0.7772 -0.1269 0.6163
vn -0.7609 -0.1151 0.6386
vn 0.3171 0.9483 -0.0114
vn -0.7437 -0.3903 0.5428
vn -0.7099 -0.5076 0.4883
vn -0.6836 -0.5894 0.4305
vn -0.6400 -0.6706 0.3750
vn -0.7456 -0.4547 0.4872
vn -0.7019 -0.5834 0.4086
vn -0.6334 -0.7061 0.3166
vn 0.5449 0.8217 -0.1669
vn 0.4328 0.8946 -0.1112
vn -0.5936 -0.7770 0.2095
vn -0.5137 -0.8423 0.1630
vn -0.4639 -0.8857 0.0169
vn -0.4952 -0.8636 0.0946
vn 0.7474 0.2342 -0.6217
vn 0.7535 0.3412 -0.5620
vn -0.1571 -0.9731 -0.1686
vn -0.0710 -0.9574 -0.2800
vn 0.0875 -0.9023 -0.4221
vn 0.0879 -0.8741 -0.4777
vn 0.2062 -0.8197 -0.5343
vn 0.7316 0.1995 -0.6519
vn 0.3259 -0.7024 -0.6328
vn 0.7115 0.0735 -0.6989
vn 0.5778 -0.3024 -0.7581
vn -0.7432 -0.0786 0.6645
vn -0.7235 0.0076 0.6903
vn -0.7163 0.1609 0.6790
vn -0.4293 0.6625 0.6139
vn -0.2202 0.8615 0.4575
vn 0.1705 0.9751 0.1418
vn 0.2706 0.9623 0.0264
vn -0.6576 -0.6816 0.3209
vn 0.5518 0.8076 -0.2081
vn 0.3527 0.9324 -0.0791
vn 0.5411 0.8045 -0.2448
vn -0.6008 -0.7727 0.2049
vn 0.7343 0.2686 -0.6234
vn 0.7167 0.3792 -0.5852
vn -0.2641 -0.9464 -0.1858
vn 0.7234 0.1658 -0.6702
vn -0.0218 -0.9299 -0.3671
vn -0.1456 -0.9360 -0.3206
vn 0.7128 0.1048 -0.6935
vn 0.3490 -0.6620 -0.6633
vn 0.4348 -0.5441 -0.7176
vn 0.6877 -0.0083 -0.7260
vn 0.7051 0.0507 -0.7072
vn -0.6586 0.1251 0.7420
vn -0.6394 0.2697 0.7200
vn -0.6981 -0.0500 0.7143
vn -0.5749 0.4410 0.6892
vn -0.4810 0.5374 0.6927
vn -0.7342 -0.1656 0.6584
vn -0.7621 -0.1628 0.6267
vn -0.7650 -0.4175 0.4903
vn -0.7229 -0.5707 0.3895
vn -0.6572 -0.7002 0.2790
vn 0.5751 0.6903 -0.4389
vn 0.5476 0.7704 -0.3265
vn 0.6429 0.5861 -0.4931
vn 0.4441 0.8780 -0.1788
vn 0.6327 0.6659 -0.3953
vn 0.3819 0.9064 -0.1802
vn 0.7109 0.2776 -0.6462
vn 0.7163 0.2064 -0.6665
vn 0.6916 0.5136 -0.5079
vn 0.6909 0.4063 -0.5979
vn -0.4009 -0.9060 -0.1356
vn -0.1656 -0.9243 -0.3439
vn 0.0156 -0.8868 -0.4619
vn 0.7126 0.1495 -0.6855
vn 0.7026 0.1227 -0.7010
vn 0.2302 -0.7816 -0.5798
vn 0.1548 -0.8135 -0.5605
vn 0.2688 -0.7215 -0.6381
vn 0.3584 -0.6176 -0.7001
vn 0.4562 -0.4860 -0.7454
vn 0.6860 0.0320 -0.7269
vn 0.7015 0.0872 -0.7074
vn 0.5368 -0.3700 -0.7582
vn 0.6079 -0.2165 -0.7639
vn 0.6489 -0.1028 -0.7539
vn -0.6490 -0.0148 0.7607
vn -0.6689 0.0462 0.7419
vn -0.5594 0.3126 0.7677
vn -0.7126 -0.1320 0.6890
vn -0.3863 0.6585 0.6459
vn 0.1571 0.9809 0.1145
vn 0.2630 0.9647 -0.0140
vn -0.7767 -0.2447 0.5804
vn -0.7531 -0.4727 0.4575
vn -0.7614 -0.2697 0.5895
vn -0.7573 -0.3902 0.5237
vn -0.6707 -0.6556 0.3471
vn 0.3155 0.9417 -0.1165
vn -0.6800 -0.6760 0.2841
vn -0.6342 -0.7502 0.1867
vn 0.4709 0.8281 -0.3042
vn 0.4854 0.8286 -0.2789
vn 0.6396 0.5245 -0.5621
vn 0.5918 0.5786 -0.5613
vn 0.6783 0.3859 -0.6253
vn 0.6239 0.4702 -0.6243
vn 0.5416 0.7113 -0.4480
vn 0.6611 0.3572 -0.6598
vn -0.5800 -0.8047 0.1265
vn -0.4782 -0.8782 -0.0083
vn -0.5424 -0.8401 0.0043
vn 0.6985 0.2001 -0.6871
vn 0.6782 0.2775 -0.6805
vn -0.2264 -0.9259 -0.3024
vn 0.0728 -0.8352 -0.5451
vn -0.0394 -0.8867 -0.4607
vn 0.0925 -0.8255 -0.5568
vn 0.2191 -0.7441 -0.6311
vn -0.0361 -0.8814 -0.4709
vn 0.0415 -0.8408 -0.5398
vn 0.6819 0.1175 -0.7219
vn 0.6954 0.1553 -0.7016
vn 0.5033 -0.3935 -0.7693
vn 0.3157 -0.6502 -0.6910
vn 0.4404 -0.4659 -0.7675
vn 0.5430 -0.3086 -0.7810
vn 0.5795 -0.2426 -0.7780
vn 0.6048 -0.1687 -0.7783
vn 0.6394 -0.0788 -0.7648
vn 0.6633 0.0023 -0.7483
vn 0.6868 0.0745 -0.7230
vn -0.6778 -0.1327 0.7232
vn -0.6405 0.1488 0.7534
vn -0.4753 0.4692 0.7443
vn -0.1051 0.9320 0.3468
vn -0.1693 0.8907 0.4219
vn 0.0368 0.9756 0.2164
vn 0.0410 0.9872 0.1541
vn -0.7294 -0.2454 0.6385
vn 0.2433 0.9672 -0.0727
vn 0.1575 0.9866 0.0426
vn 0.3117 0.9320 -0.1853
vn 0.4565 0.8114 -0.3650
vn 0.3840 0.8785 -0.2842
vn 0.4602 0.7668 -0.4474
vn 0.5382 0.6529 -0.5329
vn -0.6150 -0.7832 0.0909
vn -0.5567 -0.8281 0.0660
vn 0.6251 0.3854 -0.6788
vn 0.5803 0.5121 -0.6332
vn 0.5164 0.6395 -0.5696
vn -0.4772 -0.8749 -0.0828
vn -0.3776 -0.8993 -0.2207
vn -0.3449 -0.8988 -0.2704
vn -0.2164 -0.9014 -0.3749
vn 0.6722 0.1638 -0.7220
vn 0.6639 0.2631 -0.7000
vn 0.6728 0.1954 -0.7136
vn 0.6163 0.3362 -0.7122
vn 0.6372 0.2549 -0.7273
vn 0.2118 -0.7389 -0.6397
vn 0.3305 -0.6117 -0.7187
vn 0.3971 -0.5495 -0.7351
vn 0.5104 -0.3522 -0.7845
vn 0.5659 -0.2408 -0.7885
vn 0.5817 -0.1887 -0.7912
vn 0.6694 0.0522 -0.7411
vn -0.6322 -0.0913 0.7694
vn -0.6463 -0.1805 0.7415
vn -0.2391 0.8158 0.5267
vn -0.3795 0.6008 0.7036
vn -0.6727 -0.3013 0.6758
vn -0.7040 -0.3597 0.6124
vn -0.6838 -0.2167 0.6967
vn 0.0442 0.9908 0.1276
vn -0.7190 -0.4830 0.4998
vn -0.7336 -0.3422 0.5871
vn 0.1725 0.9843 -0.0380
vn 0.2463 0.9536 -0.1729
vn 0.3202 0.9047 -0.2811
vn 0.4127 0.8087 -0.4190
vn -0.6183 -0.7587 0.2048
vn -0.5246 -0.8274 0.2006
vn 0.4673 0.6730 -0.5733
vn 0.5164 0.5814 -0.6288
vn 0.5527 0.5127 -0.6570
vn 0.5833 0.4289 -0.6898
vn 0.6052 0.2894 -0.7416
vn 0.5691 0.3995 -0.7187
vn 0.5218 0.5183 -0.6776
vn -0.3448 -0.9159 -0.2054
vn -0.4270 -0.9002 -0.0859
vn -0.2212 -0.9259 -0.3063
vn -0.3205 -0.9300 -0.1797
vn 0.6601 0.0990 -0.7446
vn 0.6464 0.1572 -0.7466
vn 0.6411 0.2035 -0.7400
vn 0.6132 0.2294 -0.7559
vn 0.1980 -0.7355 -0.6479
vn 0.5395 -0.2669 -0.7986
vn 0.6452 -0.0187 -0.7638
vn 0.6470 0.0407 -0.7614
vn -0.6174 0.0557 0.7847
vn -0.5932 0.1908 0.7821
vn -0.5850 -0.0475 0.8096
vn -0.4585 0.4037 0.7917
vn -0.6216 -0.3013 0.7230
vn 0.0663 0.9850 0.1593
vn 0.1621 0.9843 -0.0695
vn -0.6656 -0.5393 0.5158
vn 0.3648 0.8518 -0.3759
vn -0.4098 -0.9118 0.0263
vn -0.2764 -0.9537 -0.1183
vn 0.5829 0.3085 -0.7517
vn -0.1443 -0.9421 -0.3026
vn 0.0442 -0.8437 -0.5350
vn 0.6273 0.1374 -0.7666
vn 0.6046 0.1949 -0.7723
vn 0.5893 0.2528 -0.7673
vn 0.1935 -0.7513 -0.6310
vn 0.3475 -0.5795 -0.7372
vn 0.4937 -0.3560 -0.7934
vn 0.6124 -0.1009 -0.7841
vn 0.5684 -0.1745 -0.8040
vn 0.6285 -0.0132 -0.7777
vn 0.6443 0.0812 -0.7604
vn -0.5786 0.1231 0.8062
vn -0.5071 0.2536 0.8237
vn -0.3659 0.5648 0.7397
vn -0.4002 0.4382 0.8049
vn -0.2799 0.6769 0.6807
vn 0.1666 0.9859 0.0165
vn 0.2501 0.9486 -0.1942
vn -0.5362 -0.8211 0.1956
vn 0.5523 0.3993 -0.7318
vn -0.4421 -0.8890 0.1194
vn -0.2934 -0.9542 -0.0590
vn 0.5676 0.2754 -0.7759
vn 0.0722 -0.8730 -0.4824
vn 0.6259 0.0657 -0.7772
vn 0.6141 0.1122 -0.7812
vn 0.6047 0.0879 -0.7916
vn 0.5957 0.1617 -0.7867
vn 0.4541 -0.4105 -0.7908
vn 0.5153 -0.2875 -0.8074
vn 0.5371 -0.2080 -0.8175
vn 0.6005 -0.0533 -0.7978
vn 0.5706 -0.1010 -0.8150
vn 0.5800 -0.0114 -0.8145
vn 0.6154 0.0269 -0.7878
vn 0.6005 0.0526 -0.7979
vn -0.5451 0.0861 0.8340
vn -0.4370 0.3311 0.8363
vn -0.5939 -0.3641 0.7175
vn -0.6278 -0.3561 0.6921
vn -0.5884 -0.2031 0.7826
vn -0.3034 0.5448 0.7817
vn -0.0560 0.9098 0.4113
vn -0.0414 0.9171 0.3965
vn -0.6295 -0.3893 0.6724
vn -0.5731 -0.7802 0.2507
vn 0.5226 0.4503 -0.7240
vn -0.4311 -0.9015 0.0382
vn -0.0807 -0.9307 -0.3567
vn -0.2437 -0.9562 -0.1621
vn 0.0957 -0.8493 -0.5192
vn -0.3497 -0.9300 -0.1130
vn -0.1759 -0.9350 -0.3079
vn 0.0429 -0.8451 -0.5330
vn 0.2565 -0.6690 -0.6976
vn 0.5761 0.2118 -0.7895
vn 0.3840 -0.4742 -0.7922
vn 0.4659 -0.3515 -0.8120
vn 0.5140 -0.2397 -0.8236
vn 0.5467 -0.0967 -0.8317
vn 0.5788 0.0911 -0.8103
vn 0.5709 0.0327 -0.8204
vn 0.5836 0.1389 -0.8001
vn -0.5508 -0.1184 0.8262
vn -0.5058 0.0469 0.8614
vn -0.4736 0.2050 0.8565
vn -0.3853 0.3757 0.8428
vn -0.1858 0.7848 0.5912
vn 0.0810 0.9731 0.2159
vn 0.1989 0.9798 0.0199
vn 0.3157 0.9217 -0.2254
vn -0.5804 -0.5643 0.5870
vn -0.5702 -0.7488 0.3379
vn 0.4654 0.6343 -0.6173
vn 0.4362 0.7261 -0.5315
vn -0.4907 -0.8628 0.1213
vn 0.5480 0.2225 -0.8063
vn 0.5464 0.3457 -0.7628
vn -0.1275 -0.9146 -0.3836
vn 0.0971 -0.7866 -0.6097
vn 0.5513 0.0368 -0.8335
vn 0.5425 0.1294 -0.8300
vn 0.5577 0.1288 -0.8200
vn 0.5607 0.1737 -0.8096
vn 0.4628 -0.3184 -0.8273
vn 0.5118 -0.1914 -0.8375
vn 0.5326 -0.0556 -0.8445
vn 0.5052 -0.1414 -0.8513
vn -0.5616 -0.2917 0.7743
vn -0.4762 0.1047 0.8731
vn -0.4264 0.3116 0.8492
vn -0.3197 0.5364 0.7811
vn -0.2106 0.7308 0.6493
vn -0.1090 0.8146 0.5697
vn 0.0287 0.9493 0.3132
vn 0.1319 0.9848 0.1133
vn 0.4222 0.7327 -0.5338
vn 0.4998 0.5519 -0.6675
vn 0.5232 0.3721 -0.7667
vn 0.5358 0.2847 -0.7949
vn -0.3304 -0.9384 -0.1014
vn 0.5137 0.2439 -0.8226
vn 0.5253 0.1887 -0.8297
vn 0.4131 -0.3915 -0.8223
vn 0.4690 -0.2461 -0.8482
vn 0.5366 0.0656 -0.8413
vn 0.5186 -0.0109 -0.8550
vn -0.2527 0.6099 0.7511
vn -0.0438 0.8850 0.4635
vn -0.4227 0.3477 0.8369
vn -0.3470 0.4911 0.7990
vn -0.1970 0.7478 0.6340
vn 0.1567 0.9666 0.2029
vn -0.5716 -0.4429 0.6907
vn 0.4197 0.7723 -0.4769
vn -0.5433 -0.7271 0.4198
vn -0.4449 -0.8815 0.1582
vn -0.3249 -0.9419 -0.0858
vn 0.5164 0.3066 -0.7996
vn 0.2618 -0.6143 -0.7444
vn 0.0189 -0.8337 -0.5519
vn 0.2935 -0.5361 -0.7915
vn 0.4027 -0.3657 -0.8391
vn 0.5200 0.1484 -0.8412
vn 0.5166 0.0869 -0.8518
vn 0.0542 -0.4085 0.9112
vn 0.1370 -0.4792 0.8669
vn 0.1441 -0.3229 0.9354
vn 0.1786 -0.4760 0.8611
vn -0.0558 -0.2724 0.9606
vn 0.0279 -0.2668 0.9633
vn -0.0753 -0.3884 0.9184
vn 0.0280 -0.5215 0.8528
vn -0.1807 -0.3103 0.9333
vn -0.1556 -0.1899 0.9694
vn -0.1260 -0.4810 0.8676
vn -0.0150 -0.1110 0.9937
vn -0.0105 -0.5985 0.8011
vn 0.1798 -0.1676 0.9693
vn 0.0875 -0.1369 0.9867
vn 0.0874 0.0134 0.9961
vn 0.2103 -0.3727 0.9038
vn 0.1839 -0.0174 0.9828
vn 0.1391 0.1160 0.9835
vn -0.0324 0.0184 0.9993
vn 0.0372 0.1025 0.9940
vn -0.0914 -0.0755 0.9929
vn -0.1898 -0.0543 0.9803
vn 0.1258 -0.5794 0.8053
vn 0.1850 -0.5391 0.8217
vn 0.1422 -0.6627 0.7353
vn 0.1923 -0.6155 0.7643
vn 0.0718 -0.6764 0.7330
vn 0.0637 -0.7649 0.6410
vn 0.0957 -0.7370 0.6691
vn -0.0269 -0.7430 0.6687
vn 0.2563 -0.2493 0.9339
vn 0.2558 -0.4416 0.8600
vn 0.2395 -0.0439 0.9699
vn 0.2255 0.0973 0.9694
vn 0.2617 0.1378 0.9553
vn 0.3396 0.1360 0.9307
vn 0.2180 -0.5945 0.7740
vn 0.2380 -0.5419 0.8061
vn 0.1542 -0.6692 0.7269
vn 0.3249 -0.3729 0.8691
vn 0.2757 -0.4872 0.8286
vn 0.3730 -0.3527 0.8582
vn 0.1870 -0.6143 0.7666
vn 0.3444 -0.1761 0.9222
vn 0.4061 -0.2768 0.8709
vn 0.3235 0.0009 0.9462
vn 0.4370 -0.1759 0.8821
vn 0.4366 0.0241 0.8994
vn 0.3916 0.1256 0.9115
vn 0.5198 0.1539 0.8403
vn 0.0835 -0.7617 0.6425
vn 0.0171 -0.8112 0.5846
vn 0.1640 -0.7147 0.6800
vn 0.1706 -0.8152 0.5535
vn 0.3196 -0.4277 0.8456
vn 0.2549 -0.5117 0.8205
vn 0.4230 -0.3699 0.8272
vn 0.3806 -0.4719 0.7952
vn 0.4343 -0.2715 0.8589
vn 0.4250 -0.1074 0.8988
vn 0.6048 0.1433 0.7834
vn 0.6859 0.1889 0.7028
vn 0.3518 -0.6682 0.6556
vn 0.4433 -0.6514 0.6158
vn 0.4109 -0.5537 0.7243
vn 0.2501 -0.6598 0.7086
vn 0.2892 -0.5711 0.7683
vn 0.3381 -0.7547 0.5622
vn 0.4262 -0.7464 0.5112
vn 0.5413 -0.7164 0.4402
vn 0.2634 -0.7472 0.6101
vn 0.3307 -0.8401 0.4300
vn 0.2649 -0.8323 0.4869
vn 0.3292 -0.9143 0.2362
vn 0.4171 -0.8245 0.3824
vn 0.4005 -0.8815 0.2503
vn 0.5021 -0.8559 0.1240
vn 0.5130 -0.8023 0.3053
vn 0.5892 -0.8077 0.0207
vn 0.6428 -0.7261 0.2442
vn 0.2601 -0.8975 0.3560
vn 0.3850 -0.9187 0.0884
vn 0.4800 -0.8756 -0.0545
vn 0.5511 -0.7937 -0.2575
vn 0.5875 -0.6935 -0.4171
vn 0.2530 -0.9163 0.3106
vn 0.3364 -0.9357 0.1067
vn 0.3755 -0.9255 -0.0486
vn 0.4418 -0.8579 -0.2625
vn 0.4981 -0.7638 -0.4106
vn 0.5218 -0.6132 -0.5931
vn 0.5043 -0.4399 0.7431
vn 0.4269 -0.3813 0.8200
vn 0.6197 -0.5148 0.5924
vn 0.5606 -0.5873 0.5838
vn 0.7107 -0.6448 0.2814
vn 0.6885 -0.7153 -0.1194
vn 0.5112 -0.4494 -0.7326
vn 0.3965 -0.2823 0.8735
vn 0.4612 -0.4977 0.7346
vn 0.3822 -0.2624 0.8860
vn 0.5114 -0.1281 0.8497
vn 0.5995 0.0488 0.7989
vn 0.7208 0.0269 0.6927
vn 0.8170 0.1832 0.5467
vn 0.8050 0.2179 0.5518
vn 0.9508 0.2300 0.2077
vn 0.7025 -0.6867 0.1868
vn 0.6457 -0.6262 -0.4369
vn 0.6130 -0.5950 -0.5198
vn 0.3611 -0.3982 0.8432
vn 0.4654 -0.5095 0.7237
vn 0.5835 -0.3870 0.7140
vn 0.6963 -0.5566 0.4532
vn 0.7599 -0.4629 0.4565
vn 0.8817 -0.4130 0.2280
vn 0.8298 -0.4837 0.2783
vn 0.9073 -0.2554 0.3339
vn 0.5722 -0.5985 0.5607
vn 0.5681 -0.6783 0.4660
vn 0.4843 -0.6007 0.6361
vn 0.6253 -0.6825 0.3785
vn 0.7263 -0.6694 -0.1559
vn 0.7306 -0.6200 0.2861
vn 0.7157 -0.2781 -0.6407
vn 0.8023 -0.2108 -0.5585
vn 0.7591 -0.3820 -0.5271
vn 0.7074 -0.3643 -0.6057
vn 0.7489 -0.4473 -0.4889
vn 0.6977 -0.1278 -0.7049
vn 0.6252 -0.4291 -0.6520
vn 0.6398 -0.3448 -0.6868
vn 0.5789 -0.1393 -0.8034
vn 0.5093 -0.3537 -0.7846
vn 0.5050 -0.1811 -0.8439
vn 0.4933 -0.1977 -0.8471
vn 0.5107 -0.0631 -0.8574
vn 0.4469 -0.2828 0.8487
vn 0.6619 -0.1225 0.7395
vn 0.9021 0.0883 0.4223
vn 0.6999 -0.2622 0.6644
vn 0.8897 -0.0651 0.4518
vn 0.9720 0.1573 0.1744
vn 0.9975 -0.0079 0.0699
vn 0.9778 -0.1526 -0.1434
vn 0.8201 -0.0941 -0.5645
vn 0.9473 0.0087 -0.3202
vn 0.9475 0.0711 -0.3116
vn 0.7123 -0.0384 -0.7008
vn -0.4491 0.2226 0.8653
vn -0.3267 0.6288 0.7056
vn -0.3217 0.6103 0.7239
vn -0.1633 0.8621 0.4797
vn -0.1352 0.8926 0.4301
vn 0.1120 0.9691 0.2198
vn -0.0147 0.9645 0.2638
vn 0.1095 0.9901 0.0882
vn 0.1533 0.9881 0.0120
vn 0.1988 0.9798 -0.0211
vn 0.2782 0.9491 -0.1480
vn 0.2516 0.9546 -0.1596
vn 0.2727 0.9559 -0.1089
vn -0.5585 -0.3970 0.7284
vn -0.5402 -0.4825 0.6895
vn 0.4887 0.5744 -0.6567
vn 0.5125 0.4002 -0.7597
vn -0.2597 -0.9450 -0.1987
vn 0.5005 0.1757 -0.8477
vn 0.4472 -0.2388 -0.8620
vn 0.4880 -0.1139 -0.8654
vn 0.4532 -0.1458 -0.8794
vn 0.4041 -0.2938 -0.8662
vn 0.4918 0.0320 -0.8701
vn 0.4968 0.1366 -0.8571
vn -0.2892 -0.1898 0.9382
vn -0.3661 -0.1199 0.9228
vn -0.4578 -0.2730 0.8461
vn -0.2235 0.0183 0.9745
vn -0.4283 -0.6442 0.6336
vn -0.4557 -0.5361 0.7106
vn -0.5382 -0.5908 0.6011
vn -0.3487 -0.5533 0.7564
vn -0.4431 -0.4546 0.7726
vn -0.4721 -0.6886 0.5504
vn -0.5741 -0.4792 0.6639
vn -0.2988 -0.3087 0.9030
vn -0.2889 -0.4249 0.8579
vn -0.4386 -0.3670 0.8203
vn -0.1033 0.0275 0.9943
vn -0.1211 0.1086 0.9867
vn -0.0514 0.1017 0.9935
vn -0.0423 0.1716 0.9843
vn -0.1184 0.1885 0.9749
vn -0.0583 -0.6816 0.7294
vn -0.1422 -0.7561 0.6388
vn -0.1444 -0.6276 0.7650
vn -0.2161 -0.7148 0.6651
vn -0.3214 -0.6584 0.6805
vn -0.3281 -0.7474 0.5777
vn -0.2157 -0.8189 0.5319
vn -0.3676 -0.7780 0.5095
vn -0.2370 -0.8521 0.4666
vn -0.2231 -0.5394 0.8119
vn 0.0511 0.1760 0.9831
vn 0.1583 0.1626 0.9739
vn 0.0099 0.1863 0.9824
vn 0.1168 0.1668 0.9791
vn 0.2691 0.0714 0.9605
vn -0.0236 -0.8253 0.5642
vn -0.1140 -0.8263 0.5516
vn -0.1116 -0.8710 0.4784
vn -0.0495 -0.8506 0.5235
vn -0.1625 -0.9009 0.4024
vn -0.2048 -0.8859 0.4162
vn -0.3322 -0.8418 0.4255
vn -0.3037 -0.8793 0.3669
vn 0.4178 0.0475 0.9073
vn 0.1944 0.0992 0.9759
vn 0.3540 0.2843 0.8910
vn 0.5247 0.2494 0.8140
vn 0.6643 0.2662 0.6985
vn 0.5756 0.4471 0.6847
vn 0.0295 -0.7983 0.6016
vn -0.0996 -0.9227 0.3724
vn -0.1102 -0.8714 0.4780
vn 0.5240 0.0820 0.8478
vn 0.6566 0.1100 0.7462
vn 0.7359 0.1962 0.6481
vn 0.7417 0.3137 0.5928
vn 0.7566 0.4109 0.5087
vn 0.0307 -0.9766 0.2128
vn -0.0016 -0.9933 0.1153
vn 0.1218 -0.8555 0.5033
vn 0.2098 -0.9296 0.3031
vn 0.3403 -0.9402 -0.0133
vn -0.0331 -0.8540 0.5193
vn 0.0823 -0.9030 0.4217
vn -0.0175 -0.9121 0.4096
vn 0.2217 -0.9642 0.1454
vn 0.1213 -0.9660 0.2284
vn 0.2844 -0.9549 -0.0851
vn 0.1652 -0.9857 -0.0337
vn 0.3379 -0.8972 -0.2845
vn 0.4132 -0.8455 -0.3384
vn 0.8145 0.2096 0.5410
vn 0.8927 0.2568 0.3703
vn 0.8060 0.2660 0.5289
vn 0.9177 0.2572 0.3028
vn 0.9629 0.2435 0.1166
vn 0.4544 -0.7182 -0.5270
vn 0.4464 -0.7384 -0.5055
vn 0.3964 -0.8941 -0.2082
vn 0.4221 -0.8355 -0.3519
vn 0.4535 -0.7067 -0.5430
vn 0.4890 -0.5893 -0.6431
vn 0.4846 -0.4193 -0.7677
vn 0.4728 -0.5455 -0.6920
vn 0.4995 -0.3965 -0.7703
vn 0.5016 -0.3359 -0.7972
vn 0.5104 -0.0610 -0.8578
vn 0.5580 0.0035 -0.8298
vn 0.9780 0.1357 -0.1587
vn 0.9400 0.2143 -0.2654
vn 0.9633 0.2046 -0.1737
vn 0.8823 0.1269 -0.4533
vn 0.7973 0.0369 -0.6024
vn 0.7441 0.0913 -0.6618
vn 0.8105 0.1125 -0.5749
vn 0.5840 -0.0029 -0.8117
vn -0.3946 0.4346 0.8096
vn -0.2519 0.6935 0.6750
vn 0.0848 0.9814 0.1723
vn 0.3593 0.8770 -0.3191
vn 0.2687 0.9611 -0.0643
vn 0.4553 0.6777 -0.5774
vn 0.5109 0.4794 -0.7135
vn -0.1245 -0.9243 -0.3608
vn 0.3677 -0.3866 -0.8458
vn -0.5946 -0.3931 0.7014
vn -0.5638 -0.2509 0.7869
vn -0.4980 -0.1480 0.8544
vn -0.5981 -0.1964 0.7770
vn -0.6966 -0.3933 0.6001
vn -0.7017 -0.4729 0.5329
vn -0.6917 -0.3286 0.6431
vn -0.7836 -0.4279 0.4505
vn -0.7380 -0.3006 0.6042
vn -0.3796 -0.0478 0.9239
vn -0.3491 0.0448 0.9360
vn -0.2143 0.1314 0.9679
vn -0.4854 -0.0794 0.8707
vn -0.4825 -0.0081 0.8758
vn -0.4530 0.0798 0.8879
vn -0.3465 0.1718 0.9222
vn -0.5703 -0.0901 0.8165
vn -0.6630 -0.1784 0.7271
vn -0.5631 0.0364 0.8256
vn -0.4946 0.1580 0.8546
vn -0.6499 -0.0197 0.7598
vn -0.6148 0.1368 0.7768
vn -0.5510 0.2563 0.7942
vn -0.7699 -0.0080 0.6381
vn -0.7325 0.1505 0.6639
vn -0.7828 -0.1352 0.6074
vn -0.6978 0.2659 0.6651
vn -0.2517 0.2387 0.9379
vn -0.2552 0.2808 0.9252
vn -0.3880 0.3262 0.8620
vn -0.4197 0.2708 0.8663
vn -0.4948 0.3352 0.8017
vn -0.6201 0.3322 0.7107
vn -0.1394 0.2571 0.9563
vn -0.5204 0.3863 0.7616
vn -0.3267 0.3618 0.8731
vn -0.4798 0.3967 0.7826
vn -0.6662 -0.5369 0.5176
vn -0.6080 -0.6271 0.4869
vn -0.7246 -0.5387 0.4298
vn 0.0571 0.2113 0.9758
vn -0.0143 0.2345 0.9720
vn -0.0268 0.3665 0.9300
vn 0.0354 0.3986 0.9164
vn -0.1043 0.2920 0.9507
vn -0.0155 0.5015 0.8650
vn -0.0558 0.5108 0.8579
vn -0.0471 0.5990 0.7994
vn -0.1029 0.4395 0.8923
vn 0.0229 0.6254 0.7800
vn -0.5259 -0.7922 0.3096
vn -0.4215 -0.8289 0.3677
vn -0.5487 -0.7433 0.3826
vn -0.4087 -0.8671 0.2849
vn -0.6665 -0.6323 0.3950
vn -0.6158 -0.7170 0.3266
vn -0.5774 -0.6801 0.4518
vn -0.4500 -0.7684 0.4549
vn 0.1068 0.2107 0.9717
vn 0.1898 0.3247 0.9266
vn 0.0829 0.4687 0.8795
vn 0.1314 0.6992 0.7028
vn -0.3055 -0.9033 0.3011
vn -0.2221 -0.9163 0.3333
vn -0.3273 -0.9238 0.1985
vn -0.2610 -0.9308 0.2559
vn 0.3441 0.5746 0.7426
vn 0.4729 0.5805 0.6629
vn 0.6029 0.5824 0.5453
vn 0.6923 0.5095 0.5109
vn 0.2147 0.6211 0.7537
vn 0.3980 0.7711 0.4970
vn 0.4858 0.7158 0.5017
vn 0.6388 0.6620 0.3919
vn 0.3204 0.8040 0.5010
vn 0.5519 0.7571 0.3495
vn 0.4913 0.8187 0.2973
vn 0.5938 0.7667 0.2440
vn 0.5894 0.7918 0.1603
vn 0.5820 0.8042 0.1207
vn -0.1430 -0.9483 0.2833
vn -0.2155 -0.9515 0.2196
vn -0.2608 -0.9493 0.1753
vn -0.2062 -0.9784 0.0170
vn -0.1307 -0.9902 -0.0500
vn 0.7812 0.3236 0.5339
vn 0.7849 0.4857 0.3849
vn 0.7464 0.5425 0.3855
vn 0.8359 0.4174 0.3563
vn 0.8194 0.5383 0.1970
vn 0.7110 0.5861 0.3886
vn 0.6516 0.7021 0.2873
vn 0.6966 0.6690 0.2592
vn 0.7499 0.6074 0.2621
vn 0.6510 0.7375 0.1795
vn 0.7019 0.6991 0.1361
vn 0.7638 0.6355 0.1127
vn 0.6563 0.7531 0.0452
vn 0.7270 0.6861 -0.0288
vn 0.7028 0.6916 -0.1666
vn -0.1533 -0.9810 0.1185
vn 0.1918 -0.9574 -0.2160
vn -0.0013 -0.9973 -0.0731
vn 0.1157 -0.9503 -0.2892
vn 0.0068 -0.9608 -0.2771
vn 0.2368 -0.8551 -0.4613
vn 0.1332 -0.8735 -0.4683
vn 0.2506 -0.7704 -0.5863
vn -0.0924 -0.9704 -0.2230
vn 0.3645 -0.8285 -0.4251
vn 0.3234 -0.8200 -0.4723
vn 0.4278 -0.6697 -0.6071
vn 0.4937 -0.5760 -0.6515
vn 0.3365 -0.7160 -0.6116
vn 0.4255 -0.5432 -0.7238
vn 0.4912 -0.4497 -0.7460
vn 0.2296 -0.7452 -0.6261
vn 0.3294 -0.6457 -0.6889
vn 0.4365 -0.5078 -0.7427
vn 0.5242 -0.0002 -0.8516
vn 0.5957 0.1755 -0.7838
vn 0.6124 0.0750 -0.7870
vn 0.7000 0.2162 -0.6807
vn 0.8582 0.2734 0.4344
vn 0.8890 0.3764 0.2608
vn 0.9332 0.3365 0.1263
vn 0.9525 0.3015 0.0428
vn 0.9584 0.2711 -0.0888
vn 0.9375 0.2488 -0.2434
vn 0.8809 0.4686 0.0673
vn 0.9133 0.4059 -0.0343
vn 0.9180 0.3605 -0.1652
vn 0.9113 0.3195 -0.2597
vn 0.8963 0.2692 -0.3525
vn 0.8193 0.5731 -0.0176
vn 0.8316 0.5155 -0.2066
vn 0.8655 0.4650 -0.1861
vn 0.8614 0.4161 -0.2914
vn 0.8179 0.3474 -0.4587
vn 0.8017 0.2846 -0.5256
vn 0.7714 0.1642 -0.6148
vn 0.7868 0.4125 -0.4591
vn 0.6886 0.3035 -0.6586
vn 0.7579 0.6146 -0.2190
vn 0.7786 0.5082 -0.3681
vn 0.7213 0.5537 -0.4162
vn 0.7232 0.4117 -0.5545
vn 0.5279 -0.2052 -0.8241
vn 0.5495 -0.0878 -0.8308
vn 0.9722 0.2216 -0.0761
vn 0.7599 0.0862 -0.6443
vn 0.8803 0.1836 -0.4375
vn -0.5109 -0.0339 0.8590
vn -0.4424 0.2613 0.8579
vn -0.5477 -0.6360 0.5436
vn -0.4911 -0.7763 0.3952
vn 0.4957 0.6149 -0.6133
vn -0.3537 -0.9353 0.0129
vn -0.4489 -0.8713 0.1982
vn -0.4194 -0.9019 0.1034
vn -0.2120 -0.9571 -0.1975
vn 0.1557 -0.6899 -0.7069
vn 0.2376 -0.6084 -0.7572
vn 0.4400 -0.2217 -0.8702
vn -0.8313 0.1597 0.5323
vn -0.7704 0.3220 0.5503
vn -0.8364 0.2492 0.4881
vn -0.7698 0.3946 0.5018
vn -0.8277 -0.2523 0.5012
vn -0.8824 -0.0811 0.4635
vn -0.8556 -0.3205 0.4065
vn -0.8275 -0.3856 0.4081
vn -0.8692 -0.0457 0.4923
vn -0.6085 0.3973 0.6869
vn -0.6995 0.3794 0.6056
vn -0.6994 0.4321 0.5693
vn -0.7313 0.4586 0.5048
vn -0.6464 0.4354 0.6266
vn -0.5745 0.4300 0.6965
vn -0.5814 0.4670 0.6663
vn -0.4132 0.4498 0.7918
vn -0.6387 0.4554 0.6202
vn -0.7066 0.4509 0.5453
vn -0.2049 0.3934 0.8962
vn -0.2990 0.4823 0.8234
vn -0.4755 0.5115 0.7158
vn -0.3195 0.5473 0.7736
vn -0.4178 0.5636 0.7127
vn -0.2176 0.6009 0.7692
vn -0.6378 0.4368 0.6344
vn -0.2066 0.6493 0.7320
vn -0.7516 -0.4653 0.4676
vn -0.6914 -0.6322 0.3498
vn -0.1781 0.4896 0.8536
vn -0.1101 0.5179 0.8483
vn -0.1886 0.5431 0.8182
vn -0.1107 0.5721 0.8127
vn -0.1248 0.6407 0.7576
vn -0.0564 0.6706 0.7397
vn 0.0531 0.7346 0.6764
vn -0.5704 -0.7837 0.2460
vn 0.2881 0.8139 0.5045
vn -0.4738 -0.8588 0.1948
vn -0.3750 -0.9122 0.1652
vn -0.3414 -0.9371 0.0720
vn -0.2870 -0.9548 0.0778
vn -0.4064 -0.9103 0.0790
vn -0.3687 -0.9292 -0.0270
vn -0.3048 -0.9507 -0.0578
vn -0.2191 -0.9624 -0.1604
vn 0.4778 0.8391 0.2600
vn 0.6639 0.7434 -0.0813
vn -0.2227 -0.9680 -0.1153
vn -0.1197 -0.9492 -0.2910
vn 0.0434 -0.9032 -0.4271
vn 0.5065 -0.3284 -0.7972
vn 0.5830 0.0975 -0.8066
vn 0.5657 -0.0079 -0.8246
vn 0.6623 0.2673 -0.6999
vn -0.5169 -0.1633 0.8403
vn -0.5300 -0.3010 0.7927
vn -0.4813 -0.0105 0.8765
vn -0.4629 0.1584 0.8721
vn -0.4636 0.1782 0.8680
vn -0.5254 -0.4044 0.7487
vn -0.0508 0.9127 0.4054
vn 0.0801 0.9698 0.2305
vn 0.3306 0.9245 -0.1895
vn 0.3952 0.8691 -0.2974
vn 0.5079 0.5315 -0.6779
vn -0.4699 -0.8246 0.3151
vn -0.3689 -0.9259 0.0816
vn -0.0862 -0.9139 -0.3967
vn 0.0678 -0.8249 -0.5612
vn 0.4587 -0.0801 -0.8850
vn 0.4763 0.0529 -0.8777
vn -0.7957 -0.3813 0.4705
vn -0.8410 -0.2578 0.4757
vn -0.7673 0.4640 0.4427
vn -0.7736 0.4474 0.4487
vn -0.7599 0.4918 0.4251
vn -0.5667 0.4597 0.6838
vn -0.7725 0.3668 0.5183
vn -0.7033 0.3371 0.6259
vn -0.7727 0.2474 0.5845
vn -0.3891 0.5845 0.7120
vn -0.7720 -0.3640 0.5212
vn -0.0998 0.7124 0.6946
vn -0.2206 0.6761 0.7030
vn 0.1711 0.8465 0.5042
vn -0.6125 -0.7511 0.2465
vn -0.4909 -0.8640 0.1119
vn -0.6292 -0.7286 0.2707
vn -0.4716 -0.8684 0.1533
vn 0.5787 0.8145 0.0421
vn 0.4473 0.8592 0.2486
vn 0.5286 0.8483 0.0314
vn 0.3284 0.8876 0.3229
vn -0.3114 -0.9502 -0.0103
vn 0.6916 0.6809 -0.2408
vn 0.6412 0.7565 -0.1287
vn 0.5694 0.8129 -0.1222
vn -0.0504 -0.9524 -0.3007
vn 0.1563 -0.8514 -0.5007
vn 0.3320 -0.6785 -0.6553
vn 0.4407 -0.5480 -0.7110
vn 0.5981 -0.0672 -0.7986
vn 0.6194 -0.1406 -0.7724
vn 0.5521 -0.0974 -0.8281
vn 0.5766 -0.1006 -0.8108
vn 0.6304 -0.0161 -0.7761
vn 0.6132 0.1912 -0.7664
vn 0.7081 0.3966 -0.5842
vn 0.5995 0.0888 -0.7955
vn 0.7157 0.5725 -0.4000
vn 0.6860 0.4161 -0.5969
vn 0.5385 -0.4148 -0.7335
vn 0.5952 -0.2073 -0.7764
vn 0.6451 -0.0861 -0.7592
vn -0.3905 0.3304 0.8593
vn -0.0506 0.8826 0.4674
vn -0.2040 0.6744 0.7096
vn -0.0019 0.9128 0.4083
vn 0.0564 0.9498 0.3078
vn 0.0985 0.9602 0.2615
vn 0.1837 0.9738 0.1336
vn 0.2407 0.9702 0.0276
vn 0.3321 0.9324 -0.1424
vn -0.5286 -0.5908 0.6096
vn -0.5175 -0.7094 0.4785
vn -0.4913 -0.7876 0.3720
vn 0.4668 0.7642 -0.4451
vn 0.4856 0.6840 -0.5444
vn -0.4321 -0.8650 0.2549
vn -0.4304 -0.8791 0.2045
vn -0.2680 -0.9575 -0.1063
vn -0.3469 -0.9356 0.0662
vn -0.1281 -0.9377 -0.3229
vn 0.0075 -0.8668 -0.4987
vn 0.2106 -0.6795 -0.7028
vn -0.2078 -0.9569 -0.2031
vn -0.0591 -0.9005 -0.4308
vn -0.7731 0.4219 0.4737
vn -0.7608 0.3985 0.5122
vn -0.7944 0.4251 0.4339
vn -0.7944 0.2930 0.5320
vn -0.7627 0.2790 0.5835
vn -0.7817 0.1874 0.5948
vn -0.7553 0.1592 0.6358
vn -0.4763 0.5670 0.6720
vn -0.3499 0.6550 0.6698
vn -0.3427 0.7793 0.5246
vn -0.4400 0.6611 0.6078
vn -0.6428 0.3982 0.6544
vn -0.5512 0.5414 0.6349
vn -0.3061 0.7229 0.6195
vn -0.2084 0.7594 0.6163
vn -0.2410 0.8086 0.5367
vn -0.6549 -0.6071 0.4501
vn 0.0283 0.8070 0.5899
vn 0.1376 0.9178 0.3723
vn 0.2413 0.9272 0.2864
vn -0.0463 0.8049 0.5916
vn 0.0685 0.9027 0.4247
vn 0.1866 0.9625 0.1968
vn 0.3107 0.9428 0.1209
vn -0.1415 0.7651 0.6281
vn -0.1019 0.8172 0.5672
vn -0.0246 0.8864 0.4623
vn 0.0852 0.9601 0.2663
vn 0.2924 0.9562 -0.0083
vn -0.1482 0.8356 0.5289
vn -0.0595 0.9115 0.4070
vn 0.2047 0.9787 0.0173
vn -0.1391 0.8984 0.4165
vn -0.0152 0.9736 0.2275
vn -0.5970 -0.7240 0.3455
vn 0.3981 0.9086 0.1261
vn 0.4667 0.8840 0.0281
vn 0.3720 0.9280 -0.0210
vn 0.4957 0.8603 -0.1190
vn 0.3572 0.9191 -0.1664
vn 0.4199 0.9014 -0.1054
vn 0.4403 0.8762 -0.1962
vn 0.5048 0.8376 -0.2090
vn 0.2817 0.9408 -0.1884
vn 0.4590 0.8320 -0.3116
vn 0.5313 0.7918 -0.3015
vn 0.3942 0.8813 -0.2605
vn -0.1747 -0.9793 -0.1019
vn 0.6353 0.3423 -0.6922
vn 0.5942 0.3908 -0.7030
vn 0.6241 0.7486 -0.2238
vn 0.6816 0.6415 -0.3520
vn 0.6713 0.5319 -0.5162
vn 0.6381 0.6794 -0.3624
vn 0.5751 0.7756 -0.2603
vn 0.6411 0.4999 -0.5823
vn 0.6185 0.6278 -0.4726
vn 0.5777 0.7180 -0.3883
vn 0.5084 0.7643 -0.3966
vn 0.6024 0.5191 -0.6063
vn 0.5630 0.6517 -0.5083
vn 0.4966 -0.5583 -0.6646
vn 0.3793 -0.7080 -0.5958
vn 0.3080 -0.8366 -0.4530
vn 0.1141 -0.9600 -0.2558
vn 0.6002 -0.3651 -0.7116
vn 0.6600 -0.2152 -0.7198
vn 0.6775 -0.2995 -0.6719
vn 0.7306 -0.1643 -0.6628
vn 0.6970 -0.0803 -0.7126
vn 0.7600 -0.1330 -0.6362
vn 0.6481 -0.1076 -0.7539
vn 0.7009 -0.1498 -0.6973
vn 0.7455 -0.1300 -0.6537
vn 0.6919 -0.1430 -0.7077
vn 0.6428 -0.1073 -0.7585
vn 0.6909 -0.0634 -0.7201
vn 0.6704 0.0284 -0.7415
vn -0.4803 -0.1243 0.8683
vn -0.4528 0.0223 0.8913
vn -0.3032 0.4938 0.8150
vn -0.0601 0.8528 0.5188
vn -0.0488 0.8429 0.5359
vn 0.0446 0.9532 0.2990
vn 0.1118 0.9752 0.1910
vn 0.0616 0.9477 0.3132
vn 0.2057 0.9772 0.0528
vn 0.3016 0.9503 -0.0777
vn 0.3801 0.8864 -0.2643
vn 0.4360 0.8179 -0.3754
vn -0.4662 -0.8255 0.3181
vn -0.3915 -0.9000 0.1915
vn -0.2551 -0.9645 -0.0681
vn 0.0689 -0.8263 -0.5590
vn -0.8039 -0.1976 0.5610
vn -0.7407 -0.3093 0.5964
vn -0.8436 0.0344 0.5359
vn -0.8271 0.2663 0.4949
vn -0.7564 0.3943 0.5219
vn -0.7305 0.2250 0.6448
vn -0.7485 0.2147 0.6274
vn -0.7650 0.1515 0.6259
vn -0.7208 0.2618 0.6418
vn -0.6791 0.4099 0.6089
vn -0.7393 0.2059 0.6412
vn -0.5564 0.5632 0.6109
vn -0.4329 0.7332 0.5244
vn -0.5059 0.6809 0.5296
vn -0.6027 0.5409 0.5867
vn -0.4154 0.8326 0.3664
vn -0.3102 0.8974 0.3139
vn -0.2191 0.8814 0.4186
vn -0.2717 0.9021 0.3352
vn -0.1378 0.9589 0.2479
vn -0.0841 0.9956 0.0409
vn -0.1664 0.9832 0.0750
vn -0.6140 -0.5978 0.5154
vn 0.1119 0.9920 0.0586
vn 0.1867 0.9730 -0.1355
vn -0.0074 0.9990 0.0441
vn 0.1860 0.9475 -0.2600
vn 0.1111 0.9883 -0.1050
vn 0.0953 0.9743 -0.2040
vn 0.1607 0.9252 -0.3436
vn 0.2378 0.9072 -0.3471
vn -0.0248 0.9909 -0.1326
vn 0.0888 0.9512 -0.2955
vn -0.4492 -0.8269 0.3382
vn 0.3266 0.8956 -0.3021
vn 0.4053 0.8375 -0.3664
vn 0.3270 0.8561 -0.4001
vn 0.4006 0.7758 -0.4875
vn 0.2517 0.8699 -0.4242
vn 0.3123 0.8145 -0.4889
vn 0.2005 0.8874 -0.4152
vn 0.3745 0.7209 -0.5832
vn 0.2768 0.8141 -0.5106
vn 0.3753 0.6833 -0.6263
vn -0.2440 -0.9634 0.1113
vn -0.2637 -0.9623 0.0671
vn -0.1813 -0.9834 0.0105
vn -0.0460 -0.9984 -0.0321
vn -0.0250 -0.9933 -0.1126
vn 0.1705 -0.9586 -0.2283
vn 0.5925 0.2453 -0.7673
vn 0.6097 0.1753 -0.7730
vn 0.5344 0.3595 -0.7650
vn 0.5266 0.4915 -0.6936
vn 0.4594 0.5705 -0.6808
vn 0.5123 0.4168 -0.7509
vn 0.4856 0.7260 -0.4869
vn 0.5515 0.5589 -0.6193
vn 0.4677 0.6498 -0.5992
vn 0.4745 -0.6455 -0.5985
vn 0.5958 -0.5021 -0.6268
vn 0.5468 -0.6368 -0.5435
vn 0.3879 -0.8207 -0.4194
vn 0.7663 -0.1056 -0.6338
vn 0.7300 -0.0230 -0.6831
vn -0.3884 0.1973 0.9001
vn -0.3474 0.3318 0.8771
vn -0.2699 0.4785 0.8356
vn -0.5260 -0.4673 0.7106
vn -0.2001 0.6596 0.7245
vn 0.0890 0.9503 0.2985
vn 0.1626 0.9722 0.1685
vn 0.2804 0.9562 -0.0844
vn 0.4484 0.7765 -0.4428
vn -0.5077 -0.7210 0.4716
vn -0.4990 -0.7855 0.3660
vn -0.4551 -0.8603 0.2297
vn -0.3662 -0.9272 0.0791
vn 0.5025 0.2763 -0.8192
vn -0.0810 -0.9001 -0.4280
vn 0.3869 -0.3365 -0.8585
vn -0.7050 0.4505 0.5478
vn -0.7310 0.3354 0.5943
vn -0.7292 0.4379 0.5259
vn -0.5784 -0.5500 0.6025
vn -0.7848 0.3269 0.5265
vn -0.7431 0.0994 0.6618
vn -0.6470 0.5535 0.5244
vn -0.6370 0.6443 0.4233
vn -0.6520 0.6456 0.3976
vn -0.5514 0.7068 0.4430
vn -0.2543 0.9622 0.0972
vn -0.4081 0.8842 0.2272
vn -0.1064 0.9866 -0.1233
vn -0.5163 0.8126 0.2705
vn -0.3634 0.9296 0.0607
vn 0.0452 0.9528 -0.3003
vn -0.1836 0.9759 -0.1181
vn -0.0060 0.9550 -0.2966
vn 0.1293 0.8969 -0.4230
vn -0.5023 0.8419 0.1974
vn 0.1445 0.9039 -0.4025
vn 0.2369 0.8307 -0.5038
vn -0.2673 -0.9203 0.2858
vn -0.0430 -0.9980 0.0454
vn -0.4513 -0.7825 0.4289
vn 0.2274 -0.9565 -0.1827
vn 0.7006 0.1188 -0.7036
vn 0.6158 0.2772 -0.7375
vn 0.4805 -0.7849 -0.3911
vn 0.6174 -0.5801 -0.5313
vn 0.6548 -0.4660 -0.5950
vn -0.2012 0.6413 0.7404
vn -0.5226 -0.4453 0.7270
vn 0.0476 0.8956 0.4423
vn 0.1924 0.9700 0.1486
vn 0.1750 0.9756 0.1325
vn -0.5283 -0.5458 0.6504
vn -0.5224 -0.5417 0.6585
vn -0.5223 -0.6546 0.5465
vn 0.4981 0.6293 -0.5966
vn 0.4008 0.8739 -0.2750
vn -0.4564 -0.8287 0.3239
vn 0.5044 0.2136 -0.8366
vn -0.3958 -0.9148 0.0803
vn -0.2851 -0.9484 -0.1389
vn -0.2096 -0.9466 -0.2450
vn 0.1531 -0.6831 -0.7141
vn 0.3252 -0.4341 -0.8401
vn 0.2460 -0.4867 -0.8382
vn 0.3508 -0.2828 -0.8928
vn 0.4032 -0.2324 -0.8851
vn 0.4600 -0.0590 -0.8859
vn 0.4794 0.1058 -0.8712
vn 0.4245 -0.0749 -0.9023
vn -0.7775 -0.0356 0.6279
vn -0.7505 0.3137 0.5817
vn -0.7830 0.2107 0.5852
vn -0.7131 0.1407 0.6868
vn -0.2913 0.9556 -0.0438
vn -0.5144 -0.6852 0.5156
vn -0.4142 -0.7948 0.4436
vn 0.2689 0.8118 -0.5183
vn -0.2119 -0.9232 0.3207
vn 0.5079 0.5341 -0.6759
vn 0.3612 0.7147 -0.5990
vn 0.2298 -0.9676 -0.1046
vn 0.4491 -0.8399 -0.3046
vn 0.0035 -0.9881 0.1539
vn 0.6692 -0.5875 -0.4550
vn 0.6995 -0.4688 -0.5394
vn 0.7282 -0.3020 -0.6152
vn 0.7581 -0.1792 -0.6270
vn 0.7664 -0.1974 -0.6113
vn 0.7557 -0.0039 -0.6549
vn 0.7629 -0.0388 -0.6453
vn -0.3468 0.2043 0.9154
vn -0.3341 0.2970 0.8945
vn 0.1492 0.9517 0.2682
vn -0.0394 0.8468 0.5305
vn 0.2730 0.9620 0.0001
vn 0.3296 0.9408 -0.0789
vn -0.5143 -0.6782 0.5249
vn -0.5066 -0.7542 0.4177
vn 0.0031 -0.7945 -0.6073
vn 0.1702 -0.5784 -0.7978
vn 0.2928 -0.3641 -0.8841
vn 0.4815 0.1593 -0.8618
vn -0.7240 -0.0324 0.6890
vn -0.6923 0.1793 0.6990
vn -0.7232 0.1479 0.6746
vn -0.5803 0.7756 0.2485
vn -0.4549 -0.6317 0.6277
vn -0.3459 -0.8072 0.4784
vn -0.6839 -0.2729 0.6766
vn -0.4491 0.8892 0.0877
vn 0.0542 0.9308 -0.3616
vn -0.0831 -0.9480 0.3071
vn 0.6387 0.3913 -0.6626
vn 0.5237 0.5942 -0.6105
vn 0.4821 0.6222 -0.6168
vn 0.1071 -0.9828 0.1503
vn 0.3086 -0.9477 -0.0810
vn 0.5748 -0.7657 -0.2887
vn 0.7510 -0.3933 -0.5304
vn 0.7120 -0.5692 -0.4113
vn -0.4136 0.0142 0.9104
vn -0.2677 0.4213 0.8665
vn -0.2050 0.5946 0.7775
vn -0.1388 0.7200 0.6799
vn -0.0549 0.8216 0.5675
vn 0.0913 0.9464 0.3099
vn 0.0155 0.8424 0.5386
vn 0.2900 0.9546 0.0676
vn 0.3799 0.8957 -0.2311
vn 0.4392 0.8186 -0.3700
vn 0.3911 0.9065 -0.1589
vn 0.4846 0.7156 -0.5030
vn -0.4737 -0.7760 0.4165
vn -0.4670 -0.7611 0.4502
vn 0.5004 0.4635 -0.7313
vn 0.5021 0.4047 -0.7643
vn 0.4789 0.1830 -0.8586
vn 0.4344 0.0281 -0.9003
vn 0.3624 -0.1686 -0.9166
vn -0.5910 -0.0742 0.8032
vn -0.6861 0.2177 0.6941
vn -0.7131 0.1800 0.6776
vn -0.7468 0.2531 0.6150
vn -0.7250 0.2613 0.6372
vn -0.7564 0.3834 0.5299
vn -0.6272 0.7340 0.2605
vn -0.7322 0.5230 0.4362
vn -0.4856 0.8713 0.0705
vn -0.4679 0.8837 0.0132
vn -0.3204 0.9358 -0.1472
vn -0.5863 0.8005 0.1241
vn -0.4133 -0.5683 0.7114
vn -0.5425 -0.4392 0.7161
vn -0.3532 -0.7067 0.6131
vn -0.4029 -0.7238 0.5601
vn -0.5985 -0.2484 0.7616
vn -0.4750 -0.3829 0.7923
vn -0.3196 0.9445 -0.0761
vn -0.1325 0.9631 -0.2342
vn 0.1995 0.8601 -0.4695
vn 0.1557 0.8955 -0.4170
vn 0.0552 0.9223 -0.3824
vn 0.3428 0.7673 -0.5420
vn 0.3501 -0.9359 -0.0388
vn 0.5723 -0.7833 -0.2428
vn 0.7464 0.1511 -0.6481
vn -0.4992 -0.3681 0.7844
vn -0.0557 0.7633 0.6436
vn 0.0568 0.8594 0.5081
vn 0.1651 0.8835 0.4384
vn 0.2060 0.9254 0.3182
vn 0.1221 0.9071 0.4027
vn 0.2228 0.9068 0.3579
vn 0.2925 0.9151 0.2774
vn 0.2862 0.9456 0.1549
vn 0.3601 0.9323 0.0341
vn 0.5030 0.6718 -0.5437
vn 0.5130 0.5470 -0.6615
vn -0.4492 -0.7979 0.4020
vn -0.4137 -0.8681 0.2744
vn -0.3122 -0.9500 0.0008
vn 0.4676 0.2176 -0.8567
vn 0.2204 -0.4703 -0.8546
vn -0.0909 -0.8987 -0.4291
vn 0.0113 -0.7830 -0.6219
vn 0.2554 -0.3448 -0.9032
vn 0.3480 -0.1838 -0.9193
vn 0.4486 0.1580 -0.8797
vn 0.4302 0.0473 -0.9015
vn -0.4014 -0.2703 0.8751
vn -0.3954 -0.4309 0.8112
vn -0.3030 -0.5340 0.7893
vn -0.3218 -0.6322 0.7048
vn -0.5042 -0.2357 0.8308
vn -0.4714 -0.0456 0.8807
vn -0.5751 0.1507 0.8041
vn -0.3837 -0.0967 0.9184
vn -0.5113 0.1879 0.8386
vn -0.6051 0.2413 0.7587
vn -0.6278 0.2239 0.7455
vn -0.6689 0.2347 0.7053
vn -0.6944 0.6520 0.3044
vn -0.6835 0.6644 0.3021
vn -0.6771 0.7080 0.2009
vn -0.6169 0.7779 0.1195
vn -0.4897 0.8711 -0.0368
vn -0.6204 0.7782 0.0974
vn -0.2544 -0.8223 0.5090
vn -0.2575 -0.7574 0.6000
vn -0.0105 0.9306 -0.3660
vn -0.1246 0.9357 -0.3302
vn -0.1467 0.9483 -0.2813
vn 0.0490 0.9019 -0.4292
vn 0.1075 0.8902 -0.4427
vn 0.1895 0.8433 -0.5029
vn -0.2972 -0.8385 0.4567
vn -0.1679 -0.9096 0.3801
vn -0.0543 -0.9622 0.2668
vn 0.3558 0.7448 -0.5645
vn 0.4182 0.6789 -0.6035
vn 0.6270 0.4394 -0.6432
vn 0.4542 -0.8851 -0.1019
vn 0.2780 -0.9601 0.0286
vn 0.0870 -0.9806 0.1756
vn 0.7862 -0.3182 -0.5297
vn 0.7628 0.2251 -0.6061
vn -0.4885 -0.4937 0.7195
vn -0.2666 0.3230 0.9081
vn -0.0376 0.6900 0.7228
vn 0.0692 0.8665 0.4943
vn 0.0301 0.7880 0.6150
vn 0.1642 0.8989 0.4061
vn 0.1908 0.9410 0.2796
vn 0.3050 0.9477 0.0936
vn 0.3828 0.9191 -0.0933
vn -0.5127 -0.6194 0.5946
vn 0.4288 0.8687 -0.2478
vn -0.4847 -0.7222 0.4935
vn 0.4914 0.5596 -0.6673
vn -0.4720 -0.8011 0.3682
vn -0.4830 -0.7523 0.4480
vn 0.4947 0.2984 -0.8162
vn 0.4746 0.3650 -0.8010
vn -0.3803 -0.9147 0.1372
vn -0.2769 -0.9452 -0.1727
vn -0.4434 -0.8647 0.2361
vn -0.4374 -0.8382 0.3258
vn -0.3735 -0.9272 0.0299
vn -0.4116 -0.9024 0.1279
vn 0.4635 0.2914 -0.8368
vn -0.1739 -0.9369 -0.3032
vn 0.1264 -0.5946 -0.7940
vn -0.4716 -0.3599 0.8050
vn -0.4135 -0.4312 0.8020
vn -0.4319 -0.2891 0.8543
vn -0.5138 -0.2979 0.8046
vn -0.5205 -0.1832 0.8340
vn -0.4814 -0.4387 0.7588
vn -0.4822 -0.4982 0.7206
vn -0.4371 -0.5008 0.7471
vn -0.5315 -0.3746 0.7597
vn -0.5543 -0.2427 0.7961
vn -0.3322 -0.3203 0.8872
vn -0.4642 0.1042 0.8796
vn -0.4308 -0.1363 0.8921
vn -0.3427 -0.4206 0.8400
vn -0.4812 0.2623 0.8364
vn -0.5099 -0.0441 0.8591
vn -0.4735 0.3286 0.8172
vn -0.5238 0.0613 0.8496
vn -0.5743 0.2934 0.7643
vn -0.2649 -0.7007 0.6625
vn -0.3430 -0.5634 0.7516
vn -0.3763 -0.6065 0.7004
vn -0.3229 -0.6520 0.6861
vn -0.3882 -0.5614 0.7308
vn -0.6366 0.2928 0.7134
vn -0.6099 0.3454 0.7132
vn -0.6914 0.3411 0.6368
vn -0.6527 0.4157 0.6333
vn -0.7391 0.4321 0.5167
vn -0.6065 0.7877 0.1084
vn -0.4362 0.8935 -0.1068
vn -0.1570 -0.8094 0.5658
vn -0.0889 -0.8325 0.5468
vn -0.0353 0.9113 -0.4102
vn -0.2721 0.9347 -0.2288
vn -0.2269 -0.8833 0.4102
vn -0.1854 -0.9192 0.3474
vn -0.1922 -0.9207 0.3396
vn -0.0866 -0.8936 0.4403
vn 0.0860 0.8757 -0.4752
vn 0.1045 -0.9839 0.1447
vn 0.5839 -0.7760 -0.2385
vn 0.4481 -0.8875 -0.1075
vn 0.8054 -0.3107 -0.5048
vn -0.4560 -0.2170 0.8631
vn -0.4713 -0.4828 0.7381
vn 0.0858 0.8050 0.5871
vn 0.2577 0.9021 0.3462
vn 0.3762 0.9228 -0.0831
vn -0.4700 -0.7418 0.4783
vn 0.4798 0.7445 -0.4643
vn 0.4704 0.8314 -0.2957
vn 0.4934 0.3870 -0.7790
vn -0.3211 -0.9293 -0.1825
vn -0.2389 -0.8987 -0.3677
vn -0.0789 -0.8561 -0.5107
vn -0.0612 -0.7812 -0.6213
vn -0.1865 -0.8443 -0.5024
vn 0.4408 0.1983 -0.8754
vn 0.3237 -0.1363 -0.9363
vn 0.3942 0.0673 -0.9165
vn 0.3819 -0.0299 -0.9237
vn -0.5152 -0.4229 0.7455
vn -0.4905 -0.3065 0.8158
vn -0.4909 -0.0616 0.8690
vn -0.3412 -0.5249 0.7798
vn -0.3401 -0.3941 0.8538
vn -0.4391 0.1911 0.8779
vn -0.3716 0.3079 0.8759
vn -0.4273 0.4113 0.8051
vn -0.5495 0.3840 0.7420
vn -0.6012 0.5066 0.6180
vn -0.6472 0.5855 0.4881
vn -0.6874 0.5419 0.4835
vn -0.5933 0.6788 0.4327
vn -0.6361 0.7071 0.3088
vn -0.1687 -0.7715 0.6134
vn -0.2197 -0.6653 0.7135
vn -0.5384 0.8160 0.2103
vn -0.5579 0.8298 0.0112
vn -0.5427 0.8399 0.0084
vn -0.5205 0.8523 -0.0519
vn -0.0621 -0.8668 0.4948
vn -0.4655 0.8809 -0.0859
vn -0.3171 0.9229 -0.2184
vn -0.0895 -0.9437 0.3185
vn 0.1136 -0.9438 0.3103
vn 0.1068 -0.9644 0.2419
vn -0.0840 -0.9563 0.2800
vn 0.7556 -0.5325 -0.3814
vn 0.2941 -0.9556 0.0178
vn 0.7819 -0.1873 -0.5946
vn 0.7984 -0.0633 -0.5988
vn -0.4685 -0.3890 0.7932
vn 0.0176 0.7341 0.6788
vn 0.2002 0.8814 0.4279
vn 0.3356 0.9279 0.1622
vn -0.4855 -0.5480 0.6812
vn -0.4825 -0.5605 0.6731
vn 0.3753 0.9262 -0.0365
vn 0.5154 0.6634 -0.5424
vn -0.4874 -0.6444 0.5892
vn -0.4629 -0.7948 0.3925
vn 0.4934 0.4842 -0.7226
vn 0.4679 0.2946 -0.8332
vn 0.4495 0.2638 -0.8535
vn -0.3068 -0.9388 -0.1566
vn -0.2030 -0.8927 -0.4023
vn -0.0615 -0.7462 -0.6628
vn 0.0270 -0.6692 -0.7426
vn 0.2426 -0.2881 -0.9264
vn 0.1122 -0.5295 -0.8409
vn 0.3299 -0.0669 -0.9416
vn 0.2640 -0.1697 -0.9495
vn 0.3811 0.0803 -0.9210
vn 0.4192 0.1636 -0.8930
vn -0.3548 -0.2976 0.8863
vn -0.4295 -0.2474 0.8685
vn -0.3495 0.4168 0.8391
vn -0.3447 0.3722 0.8618
vn -0.2312 -0.5143 0.8259
vn -0.1475 -0.6733 0.7245
vn -0.1654 -0.7654 0.6219
vn -0.2591 -0.3832 0.8866
vn -0.1339 -0.7991 0.5860
vn -0.2001 -0.5431 0.8155
vn -0.1698 -0.7116 0.6818
vn -0.3491 0.5633 0.7489
vn -0.4706 0.5772 0.6673
vn -0.4776 0.7585 0.4433
vn -0.3710 0.7861 0.4944
vn -0.4284 0.8811 0.2004
vn -0.2279 -0.8840 0.4082
vn -0.1988 -0.8127 0.5477
vn -0.2257 -0.8863 0.4043
vn -0.4632 0.8835 0.0700
vn -0.4211 0.9068 -0.0207
vn -0.0232 -0.9666 0.2554
vn -0.1329 -0.9210 0.3661
vn -0.0978 -0.9730 0.2091
vn -0.1490 -0.8474 0.5096
vn -0.0693 -0.9134 0.4010
vn 0.0272 -0.9436 0.3300
vn 0.1264 -0.9767 0.1733
vn 0.0341 -0.9955 0.0885
vn 0.1135 -0.9918 -0.0590
vn 0.0290 -0.9898 0.1392
vn -0.1745 0.9258 -0.3353
vn -0.2486 0.9472 -0.2026
vn -0.0040 0.9107 -0.4130
vn -0.1131 -0.9552 0.2734
vn 0.2036 0.8218 -0.5322
vn 0.3662 0.7343 -0.5716
vn 0.8112 -0.1617 -0.5620
vn 0.8001 -0.1586 -0.5785
vn 0.8240 0.0840 -0.5603
vn -0.3573 0.0446 0.9329
vn -0.2781 0.2496 0.9276
vn -0.2420 0.3876 0.8895
vn -0.1510 0.5162 0.8431
vn 0.4515 0.8888 -0.0784
vn -0.4790 -0.6441 0.5964
vn 0.5324 0.4866 -0.6927
vn 0.5243 0.5717 -0.6311
vn -0.4147 -0.8785 0.2370
vn 0.4808 0.2329 -0.8453
vn -0.3671 -0.9295 -0.0362
vn 0.4436 0.1917 -0.8755
vn 0.0486 -0.5640 -0.8243
vn 0.0652 -0.4890 -0.8698
vn 0.1770 -0.3640 -0.9144
vn -0.6095 -0.1716 0.7740
vn -0.4647 -0.1485 0.8729
vn -0.5569 -0.0728 0.8274
vn -0.6840 -0.1805 0.7067
vn -0.4324 0.1173 0.8940
vn -0.4584 -0.0283 0.8883
vn -0.5328 0.0281 0.8458
vn -0.4220 0.2482 0.8720
vn -0.6891 -0.6639 0.2903
vn -0.6171 -0.7506 0.2361
vn -0.4347 -0.7262 0.5326
vn -0.8324 -0.5535 0.0278
vn -0.7534 -0.6571 -0.0231
vn -0.8945 -0.4435 0.0568
vn -0.7473 -0.6596 0.0809
vn -0.2749 -0.3180 0.9074
vn -0.5002 -0.2045 0.8414
vn -0.3089 -0.4414 0.8425
vn -0.4296 -0.2716 0.8612
vn -0.5021 -0.5482 0.6689
vn -0.4914 -0.4105 0.7681
vn -0.2782 -0.6093 0.7426
vn -0.4864 -0.6540 0.5794
vn -0.7148 -0.2614 0.6486
vn -0.6504 -0.1461 0.7454
vn -0.7336 -0.1249 0.6680
vn -0.7331 -0.4097 0.5428
vn -0.7318 -0.5707 0.3725
vn -0.9126 -0.0749 0.4020
vn -0.9374 -0.1575 0.3105
vn -0.9306 -0.2924 0.2200
vn -0.8919 -0.4265 0.1505
vn -0.9683 -0.0162 0.2491
vn -0.9958 -0.0909 0.0110
vn -0.8965 -0.0882 0.4342
vn -0.9723 -0.2261 -0.0586
vn -0.9234 -0.3766 -0.0736
vn -0.9859 -0.1172 0.1194
vn -0.9807 -0.0518 0.1886
vn -0.9760 -0.2132 -0.0449
vn -0.4245 -0.2565 0.8684
vn -0.8163 -0.1620 0.5544
vn -0.9357 -0.1515 0.3185
vn -0.3320 0.5119 0.7923
vn -0.3141 0.5750 0.7555
vn -0.3125 0.6969 0.6455
vn -0.3003 0.8097 0.5042
vn -0.2663 0.7630 0.5889
vn -0.2281 0.8966 0.3795
vn -0.2819 0.8971 0.3402
vn -0.3763 -0.8212 0.4289
vn -0.3435 -0.8926 0.2919
vn -0.2195 -0.8409 0.4947
vn -0.4339 -0.8948 0.1048
vn -0.2893 -0.9180 0.2714
vn -0.5337 -0.8337 0.1418
vn -0.3564 -0.9255 0.1278
vn -0.5976 -0.8011 -0.0328
vn -0.4778 -0.8784 -0.0126
vn -0.6205 -0.7841 -0.0127
vn -0.2425 -0.7217 0.6483
vn -0.3137 0.9291 0.1957
vn -0.1992 0.9701 0.1385
vn -0.3219 -0.9225 0.2131
vn -0.2093 -0.9404 0.2681
vn -0.3808 -0.9244 0.0232
vn -0.2947 -0.9467 0.1301
vn -0.3832 0.9214 0.0649
vn -0.3876 0.9218 -0.0002
vn -0.0635 -0.9980 -0.0003
vn -0.1743 -0.9798 0.0983
vn -0.2756 -0.9613 0.0017
vn -0.1834 -0.9801 -0.0760
vn -0.0912 -0.9857 -0.1415
vn -0.3033 -0.9508 -0.0630
vn 0.0306 -0.9875 -0.1547
vn -0.0981 -0.9866 -0.1302
vn 0.0174 0.9452 -0.3261
vn -0.1506 -0.9669 0.2058
vn 0.0312 -0.9970 -0.0709
vn -0.1453 -0.9876 0.0593
vn 0.0070 -0.9866 -0.1633
vn -0.2515 -0.9234 0.2899
vn -0.2105 -0.9734 0.0906
vn 0.1768 0.8450 -0.5047
vn 0.1749 0.8978 -0.4043
vn 0.6182 0.4949 -0.6107
vn 0.2796 0.8456 -0.4547
vn 0.4532 0.7183 -0.5278
vn 0.1550 -0.9762 0.1518
vn 0.6243 -0.7525 -0.2099
vn 0.4125 -0.9096 -0.0500
vn 0.8483 -0.1536 -0.5068
vn 0.8372 -0.2575 -0.4825
vn -0.4301 -0.3188 0.8446
vn -0.1536 0.5431 0.8255
vn -0.2012 0.4072 0.8909
vn -0.0895 0.6516 0.7533
vn 0.0404 0.7734 0.6327
vn 0.2334 0.8819 0.4096
vn 0.1860 0.8834 0.4302
vn 0.3288 0.9107 0.2501
vn 0.0980 0.8685 0.4859
vn 0.3667 0.9229 0.1173
vn 0.4965 0.8222 -0.2783
vn -0.4433 -0.8259 0.3484
vn -0.4041 -0.8961 0.1835
vn -0.3459 -0.9382 0.0088
vn 0.5215 0.3157 -0.7927
vn -0.3498 -0.9368 -0.0102
vn -0.2923 -0.9122 -0.2871
vn -0.2731 -0.9400 -0.2044
vn -0.1701 -0.8391 -0.5167
vn -0.1716 -0.8189 -0.5476
vn -0.2642 -0.9012 -0.3436
vn -0.0456 -0.6810 -0.7309
vn -0.0708 -0.6974 -0.7132
vn 0.1499 -0.3929 -0.9073
vn 0.1930 -0.2792 -0.9406
vn 0.3568 0.0640 -0.9320
vn -0.6406 -0.2969 0.7082
vn -0.8272 -0.3208 0.4613
vn -0.6678 -0.4484 0.5941
vn -0.7031 -0.4713 0.5324
vn -0.5370 -0.4444 0.7171
vn -0.5417 -0.3957 0.7417
vn -0.4756 -0.3600 0.8026
vn -0.4922 0.1744 0.8528
vn -0.5906 -0.1334 0.7959
vn -0.5415 0.0145 0.8406
vn -0.4382 0.3617 0.8229
vn -0.5734 -0.1946 0.7958
vn -0.5797 -0.0318 0.8142
vn -0.9530 -0.2041 0.2240
vn -0.9083 -0.2864 0.3049
vn -0.9180 -0.2442 0.3125
vn -0.7496 -0.5204 0.4091
vn -0.7376 -0.3953 0.5474
vn -0.8076 -0.3019 0.5066
vn -0.6745 -0.4232 0.6050
vn -0.6271 -0.3779 0.6811
vn -0.5008 -0.6827 0.5321
vn -0.5915 -0.7290 0.3445
vn -0.4587 -0.3931 0.7970
vn -0.4889 -0.4878 0.7232
vn -0.8572 -0.3528 0.3751
vn -0.0437 0.9575 0.2852
vn -0.1096 0.9773 0.1813
vn -0.0312 0.9956 0.0882
vn -0.1006 0.9114 0.3991
vn -0.5802 -0.8040 0.1301
vn -0.5031 -0.8639 0.0255
vn -0.4347 -0.8980 0.0673
vn -0.4871 -0.8658 0.1143
vn -0.5006 -0.8370 0.2211
vn -0.4388 -0.8880 0.1375
vn -0.4043 -0.8605 0.3101
vn -0.3525 -0.9293 0.1100
vn -0.1062 0.9931 0.0498
vn -0.1779 0.9840 0.0110
vn -0.2734 0.9619 0.0024
vn -0.3038 -0.9526 0.0162
vn -0.3673 -0.9300 0.0167
vn -0.2558 -0.9578 0.1313
vn -0.2750 -0.9613 0.0172
vn -0.3292 -0.8901 0.3152
vn -0.3055 -0.8626 0.4032
vn 0.1177 0.9340 -0.3373
vn -0.1753 -0.9252 0.3367
vn -0.1497 -0.9254 0.3483
vn 0.6255 0.5379 -0.5651
vn 0.8139 0.1326 -0.5657
vn 0.7515 0.3219 -0.5759
vn 0.0653 -0.9695 0.2361
vn 0.4548 -0.8904 0.0196
vn 0.6704 -0.7033 -0.2366
vn 0.7972 -0.5106 -0.3221
vn 0.8434 -0.2974 -0.4474
vn 0.8275 -0.1511 -0.5408
vn 0.8603 -0.1782 -0.4777
vn 0.8697 -0.2605 -0.4192
vn 0.8463 -0.2382 -0.4766
vn 0.8553 -0.0673 -0.5138
vn -0.3466 -0.0960 0.9331
vn -0.2594 0.1929 0.9463
vn -0.1532 0.5815 0.7990
vn 0.2328 0.9297 0.2854
vn 0.3606 0.9286 0.0878
vn 0.4226 0.9041 0.0633
vn 0.4372 0.8943 -0.0959
vn 0.2257 0.9489 0.2204
vn 0.3434 0.9390 0.0203
vn -0.4578 -0.5541 0.6953
vn -0.4385 -0.7520 0.4922
vn -0.4793 -0.6232 0.6180
vn -0.4349 -0.8318 0.3448
vn 0.5286 0.4076 -0.7446
vn 0.5348 0.5139 -0.6708
vn -0.3773 -0.9179 0.1230
vn -0.2598 -0.9296 -0.2616
vn -0.1698 -0.8733 -0.4567
vn -0.0870 -0.7696 -0.6326
vn 0.0533 -0.5090 -0.8591
vn 0.1288 -0.3726 -0.9190
vn 0.2046 -0.2597 -0.9438
vn 0.2756 -0.1012 -0.9559
vn 0.3305 -0.0255 -0.9435
vn -0.5964 -0.2738 0.7546
vn -0.6511 -0.0172 0.7588
vn -0.6585 -0.1347 0.7404
vn -0.7419 0.1003 0.6630
vn -0.5500 0.1005 0.8291
vn -0.5237 0.2644 0.8098
vn -0.5828 0.1569 0.7973
vn -0.5601 0.3223 0.7632
vn -0.4634 0.4587 0.7582
vn -0.5360 0.4494 0.7147
vn -0.6154 0.0618 0.7858
vn -0.6240 0.2683 0.7339
vn -0.5998 0.3889 0.6993
vn -0.6755 0.1572 0.7204
vn -0.6738 0.3000 0.6752
vn -0.6350 0.4150 0.6516
vn -0.5718 0.5054 0.6462
vn -0.6064 0.5340 0.5892
vn -0.4595 0.6057 0.6496
vn -0.3490 0.6305 0.6933
vn -0.3036 0.7746 0.5548
vn -0.5261 0.6376 0.5627
vn -0.4320 0.7436 0.5103
vn -0.5544 -0.5798 0.5971
vn -0.4770 -0.5468 0.6881
vn -0.5703 -0.4549 0.6840
vn -0.4577 -0.4168 0.7853
vn -0.5323 -0.3613 0.7656
vn -0.2330 0.7398 0.6312
vn -0.2038 0.9001 0.3852
vn -0.0163 0.9780 0.2080
vn 0.0549 0.9881 0.1440
vn 0.0382 0.9990 0.0242
vn -0.4748 -0.6848 0.5528
vn -0.3927 -0.8089 0.4376
vn -0.4310 -0.7862 0.4430
vn -0.3165 -0.8959 0.3119
vn -0.3214 -0.9048 0.2794
vn 0.0677 0.9971 -0.0345
vn -0.0413 0.9968 -0.0688
vn -0.2533 -0.9502 0.1817
vn -0.0082 0.9947 -0.1024
vn -0.2402 -0.9349 0.2613
vn -0.3235 -0.9218 0.2135
vn -0.3407 0.9401 -0.0086
vn -0.3982 -0.8346 0.3805
vn -0.4305 -0.7796 0.4548
vn -0.2338 0.9649 -0.1199
vn -0.0707 0.9684 -0.2393
vn -0.3180 0.9474 -0.0354
vn -0.1340 0.9802 -0.1460
vn -0.4277 -0.7543 0.4982
vn 0.2503 0.8672 -0.4305
vn 0.3238 0.8282 -0.4574
vn 0.7485 0.3558 -0.5596
vn 0.5196 0.6793 -0.5182
vn 0.4369 0.7486 -0.4988
vn 0.6988 -0.6806 -0.2201
vn 0.8527 -0.3679 -0.3710
vn 0.8757 -0.2056 -0.4369
vn 0.8817 -0.1907 -0.4316
vn 0.8873 -0.2435 -0.3918
vn -0.2063 0.3532 0.9125
vn -0.1817 0.3296 0.9265
vn -0.1484 0.4582 0.8764
vn -0.0999 0.5461 0.8317
vn -0.0004 0.7359 0.6771
vn -0.4409 -0.4430 0.7806
vn 0.1351 0.8898 0.4360
vn 0.3886 0.9159 0.1002
vn 0.2648 0.9418 0.2071
vn 0.4195 0.9071 0.0336
vn -0.4232 -0.5313 0.7339
vn -0.4095 -0.6772 0.6113
vn 0.4412 0.8900 -0.1150
vn 0.3374 0.9410 0.0246
vn -0.3804 -0.8401 0.3867
vn 0.5236 0.7122 -0.4676
vn -0.4006 -0.8762 0.2681
vn 0.4626 0.2833 -0.8401
vn 0.4998 0.3456 -0.7942
vn 0.4847 0.3836 -0.7860
vn 0.4983 0.4640 -0.7324
vn -0.3164 -0.9439 -0.0949
vn 0.1999 -0.2096 -0.9571
vn 0.2974 -0.0151 -0.9546
vn 0.3758 0.1278 -0.9179
vn 0.4206 0.1636 -0.8924
vn -0.9395 -0.0171 0.3420
vn -0.8640 -0.1149 0.4902
vn -0.9247 0.0161 0.3805
vn -0.9641 0.0773 0.2540
vn -0.7883 0.0200 0.6150
vn -0.7576 -0.1491 0.6354
vn -0.7610 -0.2126 0.6130
vn -0.8023 0.2258 0.5525
vn -0.8705 -0.0299 0.4912
vn -0.8818 0.0745 0.4657
vn -0.8650 0.1745 0.4704
vn -0.9283 0.1948 0.3166
vn -0.8713 0.2842 0.4000
vn -0.9388 0.1176 0.3237
vn -0.9589 0.2302 0.1661
vn -0.9195 0.2951 0.2597
vn -0.9605 0.1390 0.2409
vn -0.7361 0.2945 0.6095
vn -0.6821 0.4268 0.5937
vn -0.7444 0.4096 0.5273
vn -0.8107 0.3387 0.4775
vn -0.6881 0.5060 0.5201
vn -0.6296 0.6003 0.4932
vn -0.7870 0.4641 0.4064
vn -0.7224 0.5575 0.4092
vn -0.8622 0.3864 0.3275
vn -0.6619 0.6777 0.3203
vn -0.8300 0.5068 0.2330
vn -0.7586 0.5926 0.2708
vn -0.8877 0.4303 0.1642
vn -0.7944 0.6001 0.0940
vn -0.7026 0.6940 0.1571
vn -0.5116 0.7389 0.4385
vn -0.3724 0.8317 0.4119
vn -0.4334 0.8501 0.2993
vn -0.2841 0.9115 0.2976
vn -0.5993 0.6899 0.4060
vn -0.5268 0.7838 0.3288
vn -0.3473 0.9205 0.1789
vn -0.5861 0.7552 0.2937
vn -0.5157 0.8298 0.2135
vn -0.4363 0.8860 0.1571
vn -0.6040 0.7739 0.1904
vn -0.5115 0.8533 0.1014
vn -0.6565 -0.4858 0.5771
vn -0.6138 -0.5720 0.5442
vn -0.5620 -0.6773 0.4748
vn -0.6721 -0.4093 0.6171
vn -0.6589 -0.5740 0.4862
vn -0.7382 -0.4186 0.5290
vn -0.7716 -0.4375 0.4617
vn -0.6980 -0.5054 0.5074
vn -0.8191 -0.3558 0.4500
vn -0.7530 -0.5064 0.4201
vn -0.6695 -0.6186 0.4111
vn -0.8903 -0.2677 0.3684
vn -0.8702 -0.3536 0.3432
vn -0.8412 -0.4151 0.3465
vn -0.9295 -0.2609 0.2607
vn -0.6401 -0.3229 0.6971
vn -0.7047 -0.3271 0.6296
vn -0.7889 -0.2615 0.5562
vn -0.7603 -0.3487 0.5480
vn -0.8564 -0.1858 0.4817
vn -0.8441 -0.2769 0.4592
vn -0.9229 -0.0899 0.3745
vn -0.9064 -0.1728 0.3855
vn -0.9546 -0.0889 0.2842
vn -0.9372 -0.1892 0.2929
vn -0.0946 0.9812 0.1680
vn -0.2435 0.9527 0.1818
vn -0.1469 0.9878 0.0519
vn -0.2787 0.9591 0.0498
vn -0.3933 0.9176 0.0568
vn -0.3156 0.9481 -0.0389
vn -0.1235 0.9900 -0.0685
vn 0.0818 0.9935 -0.0796
vn -0.4540 -0.8021 0.3880
vn -0.6013 -0.7214 0.3436
vn -0.4215 -0.8549 0.3024
vn -0.3422 -0.8928 0.2929
vn -0.7531 -0.5673 0.3331
vn -0.5874 -0.7479 0.3093
vn -0.2828 -0.8727 0.3980
vn -0.2073 -0.9403 0.2701
vn -0.1281 -0.9062 0.4031
vn -0.1405 -0.9323 0.3333
vn -0.2945 -0.8723 0.3903
vn -0.3965 -0.7793 0.4854
vn -0.3397 -0.8135 0.4720
vn -0.2482 -0.8652 0.4358
vn 0.0892 0.9475 -0.3072
vn -0.0688 -0.9251 0.3735
vn 0.2609 -0.9452 0.1961
vn 0.6376 -0.7649 -0.0916
vn 0.8248 -0.4734 -0.3093
vn 0.8878 -0.2653 -0.3762
vn 0.9009 -0.1705 -0.3991
vn 0.9097 -0.1820 -0.3734
vn 0.9037 -0.2222 -0.3660
vn 0.8832 -0.1445 -0.4462
vn 0.8555 0.0869 -0.5104
vn -0.0734 0.4021 0.9127
vn -0.0528 0.5838 0.8102
vn 0.2209 0.8884 0.4024
vn 0.4555 0.8819 -0.1216
vn -0.3950 -0.6441 0.6551
vn 0.4807 0.8239 -0.3001
vn 0.5100 0.7024 -0.4966
vn 0.5032 0.5603 -0.6579
vn 0.4198 0.2058 -0.8840
vn 0.3992 0.2253 -0.8887
vn 0.4443 0.3173 -0.8378
vn -0.0693 -0.7947 -0.6031
vn 0.1850 -0.2386 -0.9533
vn 0.3676 0.1456 -0.9185
vn 0.2327 -0.1127 -0.9660
vn -0.9764 0.1651 0.1391
vn -0.9841 0.0835 0.1570
vn -0.9349 0.3241 0.1443
vn -0.9677 0.2438 0.0637
vn -0.9433 0.3272 0.0552
vn -0.9847 0.1697 0.0398
vn -0.9470 0.3208 -0.0189
vn -0.9137 0.4064 -0.0097
vn -0.8865 0.4591 0.0573
vn -0.6537 0.7567 -0.0106
vn -0.8416 0.5385 -0.0427
vn -0.7665 0.6419 -0.0219
vn -0.7116 0.6934 -0.1131
vn -0.8806 0.4681 -0.0735
vn -0.5902 0.8039 0.0730
vn -0.5311 0.8468 -0.0290
vn -0.9341 -0.2956 0.2002
vn -0.8542 -0.4343 0.2859
vn -0.9719 -0.1876 0.1422
vn -0.9087 -0.3657 0.2014
vn -0.9894 -0.1296 0.0653
vn -0.9775 -0.1511 0.1472
vn -0.8827 -0.3983 0.2492
vn -0.9996 -0.0049 0.0287
vn -0.9996 0.0236 -0.0127
vn -0.9796 -0.0066 0.2009
vn -0.9728 -0.1279 0.1931
vn -0.9944 -0.0534 0.0908
vn -0.9957 0.0715 0.0592
vn -0.9900 0.1341 -0.0439
vn -0.9712 0.2365 -0.0285
vn -0.9104 0.4048 -0.0861
vn -0.9330 0.3455 -0.1008
vn -0.5145 0.8485 -0.1236
vn -0.7906 0.5975 -0.1338
vn -0.6131 0.7711 -0.1719
vn -0.4538 0.8911 0.0006
vn -0.0683 0.9841 -0.1642
vn -0.3904 0.9162 -0.0901
vn -0.2346 0.9636 -0.1281
vn -0.3021 0.9388 -0.1658
vn -0.4264 0.8826 -0.1982
vn -0.7695 -0.5804 0.2667
vn -0.6009 -0.6542 0.4592
vn -0.3724 -0.7891 0.4886
vn 0.0304 0.9819 -0.1869
vn -0.1734 0.9597 -0.2212
vn -0.2991 0.9192 -0.2563
vn -0.1871 -0.8495 0.4933
vn -0.1933 -0.8677 0.4579
vn -0.0735 -0.8705 0.4866
vn -0.0922 -0.8547 0.5108
vn -0.1385 -0.8457 0.5153
vn -0.2569 -0.8063 0.5328
vn -0.2480 0.9675 -0.0504
vn -0.1333 0.9778 -0.1614
vn -0.2747 -0.8085 0.5204
vn -0.3266 -0.7807 0.5328
vn -0.2540 0.9599 -0.1188
vn -0.0745 0.9680 -0.2397
vn -0.3615 -0.7764 0.5162
vn 0.3420 0.8053 -0.4843
vn 0.1929 0.8934 -0.4059
vn -0.1396 -0.8952 0.4231
vn 0.0037 -0.9342 0.3567
vn 0.1998 -0.9406 0.2746
vn 0.4773 -0.8740 0.0914
vn 0.6633 -0.7468 -0.0492
vn 0.9094 -0.2049 -0.3619
vn 0.8070 0.3002 -0.5085
vn -0.3611 -0.2662 0.8937
vn -0.3864 -0.3984 0.8319
vn -0.0892 0.4577 0.8846
vn -0.1318 0.2504 0.9591
vn -0.4081 -0.5037 0.7614
vn 0.1280 0.7914 0.5978
vn 0.3366 0.9389 0.0725
vn 0.3601 0.9291 0.0840
vn 0.3967 0.9041 -0.1591
vn 0.4274 0.8924 -0.1446
vn -0.4276 -0.5914 0.6837
vn -0.3893 -0.7820 0.4867
vn 0.4796 0.4545 -0.7506
vn 0.4697 0.5847 -0.6614
vn 0.4599 0.7863 -0.4125
vn 0.4836 0.6578 -0.5774
vn -0.3520 -0.9289 0.1154
vn -0.2220 -0.9453 -0.2391
vn 0.1590 -0.2961 -0.9418
vn 0.0536 -0.5420 -0.8387
vn 0.2696 -0.0003 -0.9630
vn 0.2249 -0.0918 -0.9700
vn 0.2674 0.0215 -0.9634
vn 0.3413 0.1408 -0.9293
vn 0.3251 0.1211 -0.9379
vn 0.3218 0.0750 -0.9438
vn -0.9697 0.2247 -0.0957
vn -0.9557 0.2801 -0.0906
vn -0.9917 0.1177 -0.0526
vn -0.8735 0.4577 -0.1660
vn -0.8554 0.4988 -0.1394
vn -0.9202 0.3550 -0.1650
vn -0.7966 0.5585 -0.2313
vn -0.8435 0.4834 -0.2344
vn -0.7487 0.5961 -0.2902
vn -0.7107 0.6528 -0.2622
vn -0.7826 0.5886 -0.2027
vn -0.7005 0.6830 -0.2070
vn -0.5398 0.8062 -0.2421
vn -0.6287 0.7337 -0.2579
vn -0.4215 0.8556 -0.3003
vn -0.5664 0.7671 -0.3013
vn -0.8600 -0.3538 0.3677
vn -0.9924 0.0678 0.1025
vn -0.9694 -0.0906 0.2281
vn -0.9694 -0.0107 0.2452
vn -0.3229 0.8802 -0.3479
vn -0.6552 0.6833 -0.3223
vn -0.4875 0.7974 -0.3556
vn -0.1200 0.9568 -0.2647
vn -0.2204 0.9263 -0.3056
vn -0.2692 0.9218 -0.2789
vn -0.3628 -0.7739 0.5191
vn -0.8296 -0.3404 0.4425
vn -0.0919 -0.8464 0.5246
vn -0.2072 -0.8054 0.5553
vn -0.1374 0.9594 -0.2462
vn -0.2564 0.9559 -0.1432
vn -0.2374 -0.8134 0.5311
vn -0.1175 -0.8284 0.5477
vn 0.0756 0.9314 -0.3561
vn 0.2257 0.8661 -0.4460
vn 0.0954 0.9113 -0.4005
vn -0.0623 -0.9062 0.4182
vn -0.1794 -0.8491 0.4969
vn 0.6194 0.5764 -0.5330
vn 0.9333 -0.1516 -0.3256
vn 0.8979 0.0145 -0.4400
vn 0.5844 0.6153 -0.5291
vn 0.8135 -0.5436 -0.2066
vn 0.8928 -0.3282 -0.3085
vn 0.8930 -0.3926 -0.2201
vn -0.3421 -0.3471 0.8732
vn -0.2134 0.0077 0.9769
vn -0.2437 -0.1602 0.9565
vn -0.0167 0.5337 0.8455
vn 0.0963 0.6648 0.7408
vn -0.3703 -0.4313 0.8227
vn 0.2525 0.9160 0.3117
vn -0.4361 -0.8036 0.4051
vn -0.4375 -0.7195 0.5394
vn -0.4656 -0.7072 0.5320
vn 0.4306 0.8610 -0.2707
vn -0.4157 -0.8824 0.2203
vn -0.4376 -0.8423 0.3147
vn 0.4577 0.3914 -0.7983
vn -0.3846 -0.8764 0.2897
vn -0.3370 -0.9401 0.0517
vn -0.3520 -0.9360 -0.0078
vn -0.2632 -0.9587 -0.1075
vn -0.2506 -0.9278 -0.2763
vn -0.1731 -0.9041 -0.3907
vn -0.2105 -0.8767 -0.4326
vn -0.0913 -0.7737 -0.6269
vn -0.2824 -0.9328 -0.2238
vn -0.3833 -0.9209 0.0707
vn -0.2955 -0.9240 -0.2428
vn -0.0123 -0.6220 -0.7829
vn 0.3400 0.1270 -0.9318
vn -0.8702 0.4499 -0.2009
vn -0.9772 0.1817 0.1094
vn -0.9779 0.2089 0.0085
vn -0.7271 0.6272 -0.2792
vn -0.6118 0.7239 -0.3189
vn -0.4220 0.8384 -0.3450
vn -0.4967 -0.6777 0.5422
vn -0.1061 -0.8320 0.5445
vn -0.2455 0.9421 -0.2285
vn -0.0992 0.9477 -0.3033
vn -0.0705 -0.8278 0.5566
vn -0.1617 -0.8048 0.5711
vn -0.0482 -0.8553 0.5158
vn 0.1578 0.8700 -0.4671
vn 0.5388 -0.8370 0.0961
vn 0.7764 -0.6256 -0.0770
vn -0.1378 0.1044 0.9849
vn -0.1856 0.0097 0.9826
vn -0.1198 0.1853 0.9754
vn 0.0333 0.5158 0.8561
vn 0.1802 0.7701 0.6119
vn 0.2208 0.8645 0.4516
vn 0.3957 0.9180 -0.0264
vn 0.3577 0.9225 0.1453
vn -0.4057 -0.5145 0.7555
vn 0.4211 0.8854 -0.1968
vn 0.4489 0.8330 -0.3234
vn 0.4587 0.7434 -0.4868
vn -0.4663 -0.7909 0.3963
vn -0.4866 -0.8212 0.2981
vn -0.4303 -0.8825 0.1895
vn -0.4552 -0.8804 0.1332
vn 0.4537 0.4855 -0.7473
vn 0.4243 0.3966 -0.8140
vn -0.3757 -0.9260 -0.0376
vn 0.4208 0.3115 -0.8520
vn -0.1789 -0.8372 -0.5168
vn 0.0989 -0.3986 -0.9118
vn 0.1746 -0.2260 -0.9584
vn 0.3434 0.1024 -0.9336
vn -0.8064 0.5618 -0.1846
vn -0.9104 0.4095 -0.0589
vn -0.9371 0.0127 0.3487
vn -0.9594 0.2067 0.1918
vn -0.9452 0.3251 0.0288
vn -0.8312 0.5537 -0.0504
vn -0.5371 0.7981 -0.2732
vn -0.6163 -0.5665 0.5471
vn -0.3347 -0.7400 0.5834
vn -0.6605 0.7069 -0.2530
vn -0.4145 0.8757 -0.2477
vn -0.3279 0.9129 -0.2432
vn -0.2142 0.9299 -0.2990
vn -0.3493 0.9069 -0.2355
vn -0.0973 -0.8317 0.5466
vn -0.0213 0.9210 -0.3889
vn 0.2545 0.8393 -0.4804
vn 0.2549 0.8232 -0.5073
vn -0.0738 -0.8822 0.4651
vn 0.0457 -0.8824 0.4682
vn 0.3765 0.7692 -0.5163
vn 0.2077 -0.9262 0.3145
vn 0.7159 0.4619 -0.5235
vn 0.8603 0.2445 -0.4473
vn 0.6363 0.5616 -0.5289
vn 0.7595 0.4127 -0.5028
vn 0.3355 0.7949 -0.5055
vn 0.4867 0.6906 -0.5350
vn 0.4870 -0.8562 0.1723
vn 0.8624 -0.4896 -0.1287
vn 0.9291 -0.2445 -0.2774
vn 0.9240 0.0305 -0.3813
vn -0.2906 -0.2261 0.9297
vn -0.3424 -0.3528 0.8708
vn -0.3353 -0.2306 0.9135
vn -0.3811 -0.3206 0.8672
vn -0.2472 -0.0598 0.9671
vn -0.3079 -0.0768 0.9483
vn -0.2178 0.0760 0.9730
vn -0.1403 0.2066 0.9683
vn -0.0851 0.3390 0.9369
vn -0.0473 0.3610 0.9314
vn 0.2784 0.8521 0.4431
vn 0.3688 0.9057 0.2092
vn 0.4312 0.9012 -0.0429
vn 0.4350 0.8872 -0.1539
vn -0.4506 -0.6164 0.6457
vn 0.4722 0.7715 -0.4264
vn 0.4945 0.8259 -0.2711
vn 0.4628 0.8403 -0.2823
vn -0.4787 -0.7734 0.4156
vn -0.4456 -0.8663 0.2258
vn -0.3688 -0.9126 -0.1763
vn -0.3550 -0.9193 -0.1700
vn -0.1179 -0.6626 -0.7396
vn -0.0979 -0.7054 -0.7020
vn -0.2312 -0.8609 -0.4531
vn 0.0242 -0.5315 -0.8467
vn 0.0283 -0.4486 -0.8933
vn 0.4019 0.3110 -0.8613
vn 0.3955 0.2418 -0.8861
vn 0.4380 0.3950 -0.8076
vn 0.4177 0.3090 -0.8544
vn 0.4613 0.5080 -0.7275
vn -0.0697 -0.7051 -0.7057
vn 0.1098 -0.3133 -0.9433
vn 0.1722 -0.1686 -0.9705
vn 0.2390 0.0034 -0.9710
vn 0.2982 0.0690 -0.9520
vn 0.3609 0.1424 -0.9217
vn 0.3683 0.1653 -0.9149
vn -0.9304 0.3480 0.1149
vn -0.9043 -0.0569 0.4231
vn -0.7868 -0.3648 0.4978
vn -0.7724 -0.3636 0.5207
vn -0.9343 0.1686 0.3142
vn -0.8934 0.4485 0.0253
vn -0.9106 0.3622 0.1993
vn -0.8693 0.4809 0.1147
vn -0.7165 0.6888 -0.1100
vn -0.5966 0.7824 -0.1785
vn -0.5690 -0.5723 0.5906
vn -0.4806 0.8609 -0.1668
vn -0.4411 0.8826 -0.1626
vn 0.0728 0.9035 -0.4223
vn 0.1972 0.8554 -0.4789
vn -0.1441 0.9267 -0.3471
vn 0.0697 -0.8757 0.4778
vn 0.1765 -0.9018 0.3945
vn 0.1028 -0.9104 0.4008
vn 0.5358 0.6791 -0.5017
vn 0.1092 -0.9195 0.3776
vn 0.7222 -0.6913 0.0213
vn 0.9429 -0.2389 -0.2322
vn 0.8934 0.1947 -0.4049
vn 0.8479 -0.5229 -0.0873
vn 0.8844 -0.4463 -0.1362
vn -0.3817 -0.1964 0.9032
vn -0.4298 -0.2775 0.8592
vn -0.4070 -0.3731 0.8338
vn -0.4092 -0.1713 0.8962
vn -0.3516 -0.0531 0.9347
vn -0.2787 0.0953 0.9556
vn -0.2838 0.0507 0.9575
vn -0.1878 0.2099 0.9595
vn -0.1636 0.2268 0.9601
vn -0.0471 0.4233 0.9048
vn 0.3813 0.8707 0.3106
vn 0.4307 0.8944 0.1203
vn 0.4782 0.8737 -0.0895
vn -0.4685 -0.6384 0.6107
vn -0.4980 -0.7530 0.4301
vn 0.4959 0.6836 -0.5356
vn -0.4798 -0.8485 0.2234
vn -0.4315 -0.9020 -0.0110
vn -0.3768 -0.9186 -0.1191
vn -0.3697 -0.8770 -0.3070
vn -0.2895 -0.8408 -0.4574
vn -0.2205 -0.7191 -0.6590
vn 0.4454 0.3228 -0.8351
vn -0.0387 -0.4722 -0.8806
vn 0.0896 -0.2904 -0.9527
vn -0.8806 -0.1103 0.4609
vn -0.8154 -0.2809 0.5062
vn -0.9112 0.3164 0.2640
vn -0.8810 0.4372 0.1808
vn -0.8156 0.5761 0.0535
vn -0.8370 0.5369 0.1058
vn -0.7650 0.6434 0.0277
vn -0.6935 -0.4448 0.5667
vn -0.5582 0.8225 -0.1094
vn -0.2287 -0.7982 0.5573
vn -0.0451 -0.8688 0.4931
vn 0.1731 -0.9025 0.3943
vn 0.2228 -0.9028 0.3679
vn 0.1467 0.8839 -0.4441
vn 0.3240 -0.8992 0.2940
vn 0.4223 -0.8808 0.2141
vn 0.9426 -0.0817 -0.3238
vn 0.7201 0.5068 -0.4739
vn 0.5429 -0.8221 0.1716
vn 0.9117 -0.3950 -0.1129
vn 0.9356 -0.3190 -0.1511
vn -0.3720 -0.1473 0.9165
vn -0.3784 -0.2771 0.8832
vn -0.4038 -0.3709 0.8363
vn -0.0707 0.3692 0.9267
vn -0.4079 -0.4448 0.7973
vn -0.4236 -0.5140 0.7459
vn 0.1672 0.6530 0.7386
vn 0.3525 0.8377 0.4172
vn 0.0409 0.4893 0.8711
vn 0.5208 0.8447 -0.1235
vn 0.5131 0.8250 -0.2367
vn 0.4896 0.8664 0.0977
vn -0.5151 -0.8217 0.2439
vn -0.5056 -0.8457 0.1709
vn -0.4518 -0.8734 -0.1815
vn -0.4924 -0.8665 0.0820
vn 0.5531 0.6367 -0.5372
vn -0.3921 -0.8912 -0.2281
vn -0.0407 -0.4345 -0.8997
vn 0.3850 0.2105 -0.8986
vn 0.4148 0.2808 -0.8655
vn 0.4282 0.3496 -0.8333
vn 0.0686 -0.2703 -0.9603
vn 0.0209 -0.2968 -0.9547
vn 0.1691 -0.1315 -0.9768
vn 0.0794 -0.1832 -0.9799
vn 0.1399 -0.1296 -0.9817
vn 0.2049 -0.0409 -0.9779
vn 0.2555 0.0394 -0.9660
vn 0.3126 0.0891 -0.9457
vn 0.3271 0.1639 -0.9307
vn -0.9222 0.0594 0.3821
vn -0.9299 0.2167 0.2973
vn -0.6235 -0.5159 0.5874
vn -0.4128 -0.6971 0.5862
vn -0.8706 -0.1590 0.4656
vn -0.7716 -0.3414 0.5367
vn -0.9116 -0.0173 0.4106
vn -0.6383 0.7679 -0.0532
vn -0.0938 -0.8505 0.5176
vn -0.4236 -0.6759 0.6031
vn 0.2493 0.8424 -0.4776
vn 0.3703 0.8035 -0.4661
vn 0.2533 -0.8889 0.3818
vn 0.5521 0.6822 -0.4794
vn 0.8215 0.3978 -0.4086
vn 0.7138 -0.6968 0.0704
vn 0.8846 -0.4632 -0.0535
vn 0.8146 -0.5798 0.0160
vn 0.9321 -0.3522 -0.0850
vn 0.9488 -0.2620 -0.1767
vn 0.9634 -0.1664 -0.2100
vn 0.9597 -0.0903 -0.2663
vn 0.9324 0.1282 -0.3379
vn -0.2717 -0.1194 0.9549
vn -0.0702 0.2343 0.9696
vn -0.1501 0.0463 0.9876
vn 0.0442 0.3634 0.9306
vn -0.3501 -0.3222 0.8796
vn 0.1556 0.5361 0.8297
vn 0.4480 0.8581 0.2509
vn 0.4696 0.8810 0.0578
vn 0.5393 0.8417 0.0251
vn 0.5742 0.8095 -0.1226
vn -0.4441 -0.8647 -0.2346
vn -0.3289 -0.7420 -0.5842
vn -0.2815 -0.6802 -0.6768
vn 0.5646 0.7767 -0.2792
vn 0.5741 0.7271 -0.3765
vn 0.5126 0.5804 -0.6327
vn -0.1104 -0.4874 -0.8662
vn -0.0162 -0.3016 -0.9533
vn -0.3353 -0.7957 -0.5045
vn -0.1761 -0.6196 -0.7649
vn 0.1471 -0.0718 -0.9865
vn 0.1782 -0.0080 -0.9840
vn 0.2760 0.0936 -0.9566
vn 0.2988 0.1766 -0.9378
vn 0.3613 0.2462 -0.8993
vn -0.9340 0.0991 0.3434
vn -0.9158 0.3506 0.1960
vn -0.9083 0.3603 0.2127
vn -0.8755 0.4672 0.1236
vn -0.9110 -0.1033 0.3992
vn -0.9294 -0.0086 0.3689
vn -0.9421 0.1033 0.3190
vn -0.9374 0.2269 0.2641
vn -0.8203 0.5691 0.0570
vn -0.7093 0.7046 -0.0177
vn -0.3312 -0.7286 0.5995
vn -0.2367 -0.7920 0.5628
vn -0.0984 -0.8301 0.5489
vn -0.4688 -0.6397 0.6091
vn -0.1997 -0.7894 0.5805
vn -0.5731 0.8102 -0.1233
vn 0.0986 -0.8841 0.4568
vn 0.0876 -0.8672 0.4902
vn 0.2321 -0.8917 0.3886
vn 0.2280 -0.8730 0.4311
vn 0.2007 -0.8935 0.4017
vn 0.2578 -0.8791 0.4009
vn 0.2229 0.8761 -0.4275
vn 0.4839 0.7647 -0.4255
vn 0.4644 -0.8387 0.2845
vn 0.6476 -0.7434 0.1669
vn 0.9152 0.2515 -0.3148
vn 0.9600 0.0573 -0.2739
vn 0.7091 0.5571 -0.4323
vn 0.9043 -0.4263 0.0211
vn 0.9705 -0.1962 -0.1400
vn -0.3338 -0.2265 0.9150
vn -0.2973 -0.2898 0.9097
vn -0.2532 -0.2114 0.9440
vn -0.1238 -0.0427 0.9914
vn -0.0401 0.1434 0.9889
vn -0.3747 -0.4598 0.8051
vn 0.2730 0.7559 0.5951
vn 0.2654 0.7092 0.6531
vn 0.3744 0.8460 0.3796
vn 0.4318 0.8693 0.2404
vn 0.3545 0.7975 0.4881
vn 0.5182 0.8455 -0.1288
vn 0.5569 0.7922 -0.2496
vn -0.5042 -0.8266 0.2501
vn -0.4965 -0.8680 -0.0024
vn -0.4888 -0.8712 -0.0458
vn -0.4154 -0.8329 -0.3657
vn -0.0744 -0.3822 -0.9211
vn -0.3987 -0.7975 -0.4529
vn 0.0910 -0.1146 -0.9892
vn 0.4465 0.4427 -0.7776
vn 0.2215 0.0287 -0.9747
vn 0.2364 0.0610 -0.9697
vn 0.2526 0.1184 -0.9603
vn -0.9508 0.1539 0.2690
vn -0.9505 0.0421 0.3079
vn -0.9638 0.1507 0.2198
vn -0.9339 0.2996 0.1953
vn -0.9531 0.2283 0.1987
vn -0.9014 0.4136 0.1282
vn -0.9268 0.3504 0.1350
vn -0.9021 0.4243 0.0782
vn -0.8707 0.4842 0.0859
vn -0.2403 -0.7761 0.5831
vn -0.8429 -0.2568 0.4729
vn -0.3033 0.9215 -0.2426
vn -0.5174 0.8460 -0.1287
vn 0.0193 0.9159 -0.4009
vn 0.2032 0.8636 -0.4615
vn 0.2053 -0.8734 0.4417
vn 0.0488 -0.8646 0.5002
vn 0.1615 0.8899 -0.4267
vn 0.2298 0.8662 -0.4438
vn 0.2264 -0.8725 0.4330
vn 0.2115 0.9005 -0.3800
vn 0.4542 -0.8293 0.3254
vn 0.7599 0.5479 -0.3499
vn 0.6189 -0.7376 0.2700
vn 0.7886 -0.6033 0.1184
vn 0.8567 -0.5130 0.0531
vn 0.9541 -0.2988 0.0203
vn 0.9836 -0.1391 -0.1152
vn 0.9791 -0.0271 -0.2015
vn 0.9571 0.1903 -0.2187
vn -0.1441 -0.1333 0.9805
vn -0.0859 -0.0292 0.9959
vn 0.0079 0.0920 0.9957
vn 0.1144 0.2370 0.9648
vn 0.0679 0.3066 0.9494
vn 0.2089 0.4641 0.8608
vn -0.2945 -0.3451 0.8912
vn 0.3073 0.6205 0.7215
vn 0.3148 0.6641 0.6781
vn 0.3806 0.7650 0.5195
vn 0.4532 0.8530 0.2587
vn -0.5146 -0.7276 0.4537
vn 0.5001 0.8659 -0.0135
vn 0.4722 0.8815 -0.0045
vn 0.5040 0.8450 -0.1787
vn -0.5182 -0.8399 0.1615
vn -0.5041 -0.8605 0.0732
vn 0.4783 0.8655 -0.1488
vn 0.4804 0.8205 -0.3098
vn -0.4730 -0.8663 -0.1604
vn -0.3997 -0.8088 -0.4313
vn 0.4625 0.6159 -0.6378
vn 0.3834 0.3348 -0.8607
vn 0.4028 0.4887 -0.7739
vn 0.3476 0.2495 -0.9038
vn 0.5257 0.7932 -0.3073
vn 0.5057 0.7249 -0.4678
vn 0.1808 0.0199 -0.9833
vn 0.2063 0.0623 -0.9765
vn -0.9452 0.2972 0.1349
vn -0.7464 0.6654 -0.0142
vn -0.4503 -0.6646 0.5963
vn -0.6804 -0.4661 0.5655
vn -0.6747 -0.5120 0.5316
vn -0.8668 -0.2563 0.4278
vn -0.9480 -0.0526 0.3138
vn -0.9629 0.0503 0.2652
vn -0.9727 0.1240 0.1961
vn -0.9703 0.1423 0.1956
vn -0.6696 0.7391 -0.0730
vn -0.1897 -0.8392 0.5097
vn -0.3175 -0.7852 0.5316
vn -0.3365 -0.7899 0.5126
vn -0.5511 -0.6720 0.4947
vn -0.7836 -0.4392 0.4393
vn -0.2344 0.9243 -0.3012
vn 0.1463 0.8900 -0.4319
vn -0.0156 0.9221 -0.3866
vn -0.0720 -0.8627 0.5006
vn 0.0829 -0.8716 0.4832
vn -0.1040 -0.8397 0.5330
vn 0.2285 -0.8640 0.4486
vn 0.1466 0.8991 -0.4124
vn 0.3280 -0.8489 0.4146
vn 0.3134 0.8724 -0.3752
vn 0.4975 0.7865 -0.3660
vn 0.4060 -0.8415 0.3564
vn 0.7448 -0.6466 0.1648
vn 0.8080 -0.5677 0.1574
vn 0.8642 -0.4871 0.1258
vn -0.2581 -0.3219 0.9109
vn -0.2121 -0.2519 0.9442
vn -0.0743 -0.0752 0.9944
vn -0.3104 -0.4386 0.8434
vn 0.1980 0.3485 0.9162
vn 0.4320 0.7106 0.5554
vn 0.3935 0.7194 0.5724
vn 0.4456 0.8149 0.3706
vn 0.4829 0.8674 0.1198
vn 0.5078 0.8331 -0.2193
vn -0.5158 -0.7831 0.3475
vn -0.5373 -0.7784 0.3247
vn 0.5041 0.7821 -0.3663
vn 0.4782 0.7766 -0.4101
vn -0.4940 -0.8623 -0.1112
vn 0.4555 0.6500 -0.6083
vn -0.2544 -0.6384 -0.7264
vn 0.1353 -0.0253 -0.9905
vn 0.2711 0.2043 -0.9406
vn 0.3177 0.2522 -0.9140
vn 0.2998 0.2900 -0.9089
vn 0.3590 0.3544 -0.8634
vn 0.3052 0.3640 -0.8800
vn -0.9633 0.2267 0.1437
vn -0.9285 0.3639 0.0734
vn -0.8797 0.4738 0.0399
vn -0.9125 0.4076 0.0341
vn -0.8245 0.5657 0.0155
vn -0.7964 -0.4100 0.4446
vn -0.6015 -0.6356 0.4838
vn -0.8940 -0.2367 0.3804
vn -0.3801 -0.7292 0.5690
vn -0.1318 -0.7857 0.6044
vn -0.7046 -0.5065 0.4970
vn -0.9536 -0.0203 0.3004
vn -0.3751 0.8922 -0.2515
vn -0.2234 -0.7212 0.6557
vn -0.5227 -0.6062 0.5993
vn 0.0162 -0.8202 0.5718
vn 0.0826 0.9140 -0.3973
vn 0.1633 -0.8380 0.5207
vn 0.1792 -0.7995 0.5733
vn 0.2708 -0.8226 0.5000
vn -0.0100 -0.7473 0.6644
vn 0.0610 0.9352 -0.3490
vn 0.3461 -0.7897 0.5066
vn 0.3606 -0.8253 0.4346
vn 0.1411 -0.7696 0.6227
vn 0.4535 -0.7989 0.3951
vn 0.6600 0.6559 -0.3663
vn 0.4529 0.7988 -0.3961
vn 0.5996 0.6904 -0.4047
vn 0.4977 -0.7986 0.3383
vn 0.7500 -0.6256 0.2149
vn 0.8402 -0.5071 0.1920
vn 0.6957 -0.6626 0.2773
vn 0.8185 0.4728 -0.3264
vn 0.7659 -0.5908 0.2537
vn 0.9363 -0.3320 0.1142
vn 0.9014 -0.3970 0.1730
vn -0.1135 -0.1484 0.9824
vn -0.1695 -0.2289 0.9586
vn -0.2429 -0.3623 0.8998
vn -0.2020 -0.3079 0.9297
vn 0.1869 0.3001 0.9354
vn -0.4712 -0.6983 0.5389
vn -0.3990 -0.5900 0.7020
vn 0.2646 0.4934 0.8286
vn 0.3519 0.6033 0.7157
vn 0.4947 0.8211 0.2848
vn -0.5146 -0.7488 0.4177
vn 0.5184 0.8549 -0.0190
vn -0.5362 -0.8248 0.1795
vn -0.5164 -0.8348 0.1910
vn -0.3696 -0.7369 -0.5659
vn 0.4596 0.7455 -0.4827
vn 0.0012 -0.2184 -0.9759
vn 0.0372 -0.1942 -0.9803
vn -0.1610 -0.4517 -0.8775
vn 0.2780 0.2874 -0.9166
vn 0.3694 0.4714 -0.8008
vn 0.4534 0.6761 -0.5807
vn 0.0865 -0.0942 -0.9918
vn 0.1686 0.0232 -0.9854
vn 0.1715 0.0590 -0.9834
vn 0.2264 0.1364 -0.9644
vn 0.1966 0.1275 -0.9722
vn 0.2575 0.2395 -0.9361
vn -0.9543 0.2859 0.0870
vn -0.9704 0.2213 0.0970
vn -0.9295 0.3674 0.0339
vn -0.8636 0.5042 -0.0053
vn -0.8072 0.5889 -0.0395
vn -0.8277 -0.3050 0.4711
vn -0.8477 -0.2351 0.4756
vn -0.7373 0.6730 -0.0587
vn -0.6830 -0.4199 0.5977
vn -0.3933 -0.6316 0.6681
vn -0.5281 -0.5255 0.6670
vn -0.0455 -0.7354 0.6761
vn 0.0026 -0.7612 0.6486
vn 0.0017 0.9402 -0.3406
vn 0.0265 -0.8056 0.5918
vn 0.2321 -0.8168 0.5281
vn 0.3143 -0.7730 0.5511
vn 0.4350 -0.7852 0.4408
vn 0.0716 0.9343 -0.3493
vn 0.2614 0.8721 -0.4137
vn 0.5520 -0.7655 0.3305
vn 0.4084 -0.8372 0.3638
vn 0.4397 -0.8309 0.3411
vn 0.3987 0.8062 -0.4371
vn 0.2809 0.8441 -0.4568
vn 0.9950 -0.0420 -0.0905
vn 0.9711 0.1752 -0.1621
vn 0.6781 0.6366 -0.3673
vn 0.5717 -0.7500 0.3326
vn 0.9721 -0.2300 0.0467
vn 0.9573 -0.2513 0.1429
vn 0.7780 -0.5706 0.2628
vn -0.1395 -0.2757 0.9511
vn -0.0781 -0.1429 0.9867
vn -0.0219 -0.0277 0.9994
vn 0.0916 0.1309 0.9872
vn 0.0253 -0.0155 0.9996
vn -0.1905 -0.3755 0.9070
vn -0.2738 -0.4353 0.8576
vn 0.2943 0.4470 0.8448
vn 0.3856 0.5850 0.7135
vn 0.4676 0.7131 0.5223
vn 0.5282 0.8483 0.0367
vn 0.3782 0.6061 -0.6998
vn -0.4794 -0.8534 -0.2047
vn -0.5025 -0.8406 -0.2022
vn -0.3152 -0.6884 -0.6532
vn -0.2592 -0.5638 -0.7842
vn 0.3836 0.5765 -0.7215
vn -0.2583 -0.6244 -0.7372
vn 0.0278 -0.1446 -0.9891
vn 0.1034 -0.0522 -0.9933
vn 0.1333 0.0261 -0.9907
vn 0.2255 0.2008 -0.9533
vn 0.2402 0.2691 -0.9327
vn 0.3118 0.4502 -0.8367
vn 0.2576 0.3270 -0.9092
vn 0.2738 0.4013 -0.8741
vn -0.9600 0.2746 0.0549
vn -0.9454 0.3241 0.0356
vn -0.8987 0.4386 -0.0010
vn -0.7525 0.6538 -0.0793
vn -0.3469 -0.6363 0.6890
vn -0.5406 -0.5425 0.6430
vn -0.4266 -0.6503 0.6285
vn -0.7041 -0.4133 0.5774
vn -0.6284 -0.5222 0.5766
vn -0.7674 -0.3826 0.5146
vn -0.8749 -0.2433 0.4186
vn -0.9420 -0.0536 0.3313
vn -0.6577 0.7425 -0.1268
vn -0.5853 0.7975 -0.1461
vn -0.4782 0.8495 -0.2230
vn -0.1782 0.9198 -0.3497
vn -0.0154 0.9138 -0.4060
vn -0.3090 -0.7661 0.5636
vn -0.2571 -0.7479 0.6120
vn -0.4581 -0.6757 0.5775
vn -0.1255 -0.8074 0.5765
vn -0.2227 -0.7103 0.6677
vn -0.1141 -0.7674 0.6309
vn -0.6505 -0.5330 0.5410
vn 0.0302 0.9183 -0.3946
vn 0.0479 -0.8391 0.5419
vn 0.2795 -0.8362 0.4718
vn 0.0766 -0.8563 0.5108
vn 0.1385 0.8858 -0.4429
vn 0.0272 0.9151 -0.4023
vn 0.0438 0.9120 -0.4079
vn 0.3154 -0.8448 0.4323
vn 0.4847 -0.7861 0.3836
vn 0.5137 -0.7870 0.3418
vn 0.4494 -0.8369 0.3125
vn 0.3063 0.8380 -0.4516
vn 0.4504 0.7797 -0.4350
vn 0.5566 0.7613 -0.3325
vn 0.3695 0.8239 -0.4297
vn 0.4390 -0.8297 0.3447
vn 0.5465 -0.7659 0.3388
vn 0.9883 -0.1451 0.0473
vn 0.9993 0.0235 -0.0304
vn 0.9205 0.3322 -0.2057
vn 0.8108 0.5406 -0.2242
vn 0.8716 -0.4427 0.2108
vn 0.8323 -0.4681 0.2967
vn 0.9196 -0.3499 0.1788
vn 0.9858 -0.1087 0.1280
vn -0.0432 -0.1940 0.9801
vn -0.1034 -0.3053 0.9466
vn 0.1625 0.1517 0.9750
vn 0.2462 0.3278 0.9121
vn -0.1309 -0.3597 0.9238
vn 0.3728 0.5691 0.7329
vn 0.3780 0.5233 0.7637
vn 0.3778 0.5717 0.7283
vn 0.4567 0.7262 0.5139
vn 0.4648 0.6949 0.5486
vn 0.5333 0.8147 0.2276
vn 0.5244 0.8114 0.2581
vn -0.3168 -0.5315 0.7856
vn 0.5081 0.8148 0.2791
vn -0.4946 -0.7668 0.4092
vn 0.5204 0.8419 -0.1429
vn 0.5351 0.8445 -0.0210
vn 0.4991 0.8175 -0.2874
vn -0.5368 -0.7923 0.2899
vn -0.5016 -0.8646 0.0309
vn -0.5134 -0.7970 0.3182
vn 0.3934 0.6727 -0.6266
vn 0.3144 0.5022 -0.8056
vn -0.4355 -0.8195 -0.3726
vn -0.1807 -0.4596 -0.8695
vn -0.5086 -0.8607 -0.0240
vn -0.3082 -0.6808 -0.6645
vn 0.2756 0.4198 -0.8648
vn -0.0716 -0.2925 -0.9536
vn -0.0107 -0.1375 -0.9904
vn 0.0543 -0.0769 -0.9956
vn 0.1039 -0.0182 -0.9944
vn 0.0970 0.0056 -0.9953
vn 0.1086 0.0561 -0.9925
vn 0.1464 0.0901 -0.9851
vn 0.1549 0.1624 -0.9745
vn 0.1839 0.1772 -0.9668
vn 0.2083 0.2491 -0.9458
vn -0.9273 0.3742 0.0053
vn -0.9461 0.3237 0.0127
vn -0.8492 0.5264 -0.0424
vn -0.7837 0.6145 -0.0907
vn -0.9395 -0.1465 0.3097
vn -0.8306 -0.3512 0.4322
vn -0.9793 0.0268 0.2004
vn -0.9758 0.1066 0.1909
vn -0.9846 -0.0353 0.1715
vn -0.9364 -0.2010 0.2877
vn -0.9754 0.2025 0.0876
vn -0.9555 0.2946 0.0177
vn -0.9319 0.3627 0.0038
vn -0.9092 0.4159 -0.0170
vn -0.8673 0.4949 -0.0544
vn -0.6913 0.7071 -0.1489
vn -0.2847 0.9011 -0.3270
vn -0.5428 0.8132 -0.2101
vn -0.5847 -0.6201 0.5231
vn -0.7489 -0.4804 0.4565
vn -0.4845 -0.6976 0.5279
vn -0.6230 -0.6309 0.4624
vn -0.8591 -0.3635 0.3603
vn -0.8212 -0.4663 0.3288
vn -0.9279 -0.2921 0.2316
vn -0.3364 -0.7830 0.5231
vn -0.1797 -0.8408 0.5107
vn -0.1078 -0.8329 0.5428
vn -0.0293 -0.8676 0.4964
vn -0.1236 0.9128 -0.3892
vn 0.2509 -0.8626 0.4394
vn 0.1001 -0.8674 0.4875
vn 0.0316 -0.8795 0.4749
vn 0.6250 -0.7279 0.2821
vn 0.4310 -0.8317 0.3500
vn 0.1988 0.8771 -0.4372
vn 0.0628 0.9190 -0.3892
vn 0.6457 -0.7145 0.2694
vn 0.5387 -0.7981 0.2700
vn 0.2930 0.8752 -0.3851
vn 0.4016 -0.8592 0.3168
vn 0.6174 -0.7259 0.3031
vn 0.4955 -0.8116 0.3095
vn 0.9950 0.0971 0.0245
vn 0.9170 0.3568 -0.1783
vn 0.9500 0.3074 -0.0553
vn 0.7121 -0.6415 0.2854
vn 0.5118 -0.7966 0.3218
vn 0.7936 -0.5384 0.2833
vn 0.8938 -0.3722 0.2502
vn 0.9297 -0.2858 0.2322
vn -0.0984 -0.3715 0.9232
vn -0.0814 -0.3366 0.9381
vn 0.0753 -0.0515 0.9958
vn 0.1288 0.0458 0.9906
vn 0.2373 0.2089 0.9487
vn -0.1757 -0.4455 0.8779
vn -0.1371 -0.4568 0.8789
vn -0.3513 -0.5997 0.7190
vn -0.2477 -0.4895 0.8361
vn -0.2440 -0.5597 0.7920
vn 0.3093 0.3519 0.8834
vn -0.3740 -0.5869 0.7181
vn -0.4125 -0.6994 0.5837
vn 0.5161 0.8457 0.1356
vn 0.5243 0.8490 -0.0654
vn 0.5332 0.8455 -0.0290
vn -0.4761 -0.7631 0.4370
vn -0.4902 -0.8068 0.3297
vn 0.5151 0.8278 -0.2222
vn 0.5099 0.8387 -0.1912
vn 0.4805 0.7889 -0.3832
vn 0.4390 0.7587 -0.4812
vn -0.5263 -0.8421 0.1180
vn -0.4557 -0.8022 -0.3857
vn -0.4862 -0.8481 -0.2105
vn -0.4063 -0.7424 -0.5326
vn -0.2395 -0.5208 -0.8194
vn 0.3480 0.5786 -0.7377
vn -0.3918 -0.7270 -0.5639
vn -0.1077 -0.3234 -0.9401
vn -0.0872 -0.2135 -0.9730
vn 0.0345 -0.0227 -0.9991
vn 0.0821 0.0195 -0.9964
vn 0.0573 -0.0447 -0.9974
vn 0.0691 0.0449 -0.9966
vn 0.0933 0.0638 -0.9936
vn 0.2499 0.3469 -0.9040
vn 0.1145 0.1002 -0.9884
vn 0.1442 0.1781 -0.9734
vn -0.9876 0.1385 0.0743
vn -0.9674 0.2522 0.0241
vn -0.8114 0.5751 -0.1044
vn -0.7363 0.6550 -0.1697
vn -0.9540 -0.1947 0.2280
vn -0.9918 -0.0488 0.1177
vn -0.9782 -0.1629 0.1287
vn -0.9947 0.0148 0.1022
vn -0.9899 0.1357 0.0400
vn -0.9953 -0.0425 0.0867
vn -0.7083 0.6874 -0.1602
vn -0.3927 0.8695 -0.2997
vn -0.5596 0.7925 -0.2424
vn -0.3977 0.8574 -0.3265
vn -0.2925 -0.8712 0.3944
vn -0.3696 -0.8074 0.4599
vn -0.5149 -0.7753 0.3659
vn -0.6318 -0.6675 0.3941
vn 0.0646 0.9169 -0.3938
vn -0.0087 -0.9082 0.4184
vn -0.1559 -0.8808 0.4471
vn -0.0027 -0.9261 0.3773
vn -0.1735 -0.9095 0.3777
vn 0.1957 -0.8870 0.4183
vn 0.2061 -0.9036 0.3756
vn 0.2924 -0.8724 0.3916
vn 0.5895 -0.7301 0.3456
vn 0.4960 -0.8144 0.3011
vn 0.3646 -0.8669 0.3398
vn 0.4724 0.8299 -0.2969
vn 0.3610 -0.8614 0.3572
vn 0.8142 0.5581 -0.1599
vn 0.6337 0.7296 -0.2570
vn 0.4417 0.8536 -0.2763
vn 0.6706 -0.6649 0.3291
vn 0.9624 -0.1825 0.2013
vn 0.9745 0.2243 0.0100
vn 0.9133 0.4004 -0.0739
vn 0.9884 -0.0112 0.1514
vn 0.8973 0.4389 -0.0471
vn 0.9732 0.2168 0.0766
vn 0.6364 -0.6686 0.3846
vn 0.7592 -0.5598 0.3320
vn 0.7512 -0.5419 0.3769
vn 0.8838 -0.3373 0.3243
vn -0.0359 -0.3094 0.9503
vn 0.0158 -0.1755 0.9843
vn 0.1711 0.0871 0.9814
vn 0.4467 0.6637 0.5999
vn 0.4818 0.8050 0.3462
vn 0.4985 0.8552 -0.1417
vn -0.4229 -0.8065 0.4133
vn -0.5066 -0.8302 0.2327
vn -0.5032 -0.8499 0.1563
vn -0.5119 -0.8576 -0.0498
vn -0.4027 -0.7025 -0.5867
vn -0.4687 -0.8194 -0.3300
vn -0.3431 -0.5992 -0.7233
vn -0.2154 -0.4297 -0.8769
vn -0.1501 -0.2566 -0.9548
vn -0.0774 -0.1361 -0.9877
vn 0.2871 0.4784 -0.8299
vn -0.0143 -0.0676 -0.9976
vn 0.0199 0.0183 -0.9996
vn 0.0718 0.0727 -0.9948
vn 0.0917 0.1095 -0.9897
vn 0.2088 0.2772 -0.9378
vn -0.8746 0.4797 -0.0709
vn -0.9313 0.3642 0.0072
vn -0.8154 0.5621 -0.1385
vn -0.7694 0.6177 -0.1626
vn -0.6411 0.7332 -0.2267
vn -0.6004 0.7539 -0.2669
vn -0.7602 -0.5810 0.2907
vn -0.8982 -0.3865 0.2094
vn -0.9975 0.0593 0.0396
vn -0.2681 0.8873 -0.3753
vn -0.1585 0.9169 -0.3663
vn -0.4354 0.8377 -0.3298
vn -0.3574 -0.8675 0.3460
vn -0.6522 -0.6999 0.2913
vn -0.8650 -0.4705 0.1743
vn -0.0201 -0.9215 0.3879
vn 0.6505 -0.6861 0.3258
vn 0.5851 -0.7487 0.3117
vn 0.2443 0.9200 -0.3063
vn 0.1264 0.9270 -0.3530
vn 0.5732 -0.7386 0.3547
vn 0.7179 0.6663 -0.2016
vn 0.5919 0.7592 -0.2705
vn 0.4863 -0.7822 0.3896
vn 0.9468 -0.1878 0.2614
vn 0.9934 0.0867 0.0751
vn 0.5421 0.8071 -0.2339
vn 0.8445 -0.3796 0.3779
vn 0.9063 -0.2140 0.3645
vn 0.9732 0.0007 0.2300
vn 0.1726 0.0724 0.9823
vn 0.1102 -0.0304 0.9934
vn -0.0242 -0.3034 0.9526
vn 0.2445 0.2100 0.9466
vn 0.3092 0.2828 0.9080
vn 0.3371 0.3668 0.8670
vn -0.0560 -0.3668 0.9286
vn 0.4330 0.5728 0.6960
vn 0.4993 0.7795 0.3782
vn 0.4818 0.7461 0.4596
vn 0.5122 0.8360 0.1970
vn -0.2418 -0.6168 0.7491
vn -0.3785 -0.7582 0.5309
vn 0.4838 0.7959 0.3639
vn 0.5120 0.8567 0.0628
vn 0.4606 0.8266 -0.3233
vn 0.4941 0.8463 -0.1993
vn 0.4941 0.8247 -0.2751
vn 0.2924 0.5251 -0.7992
vn 0.3199 0.5921 -0.7396
vn 0.3369 0.6432 -0.6876
vn 0.4004 0.7497 -0.5268
vn -0.4931 -0.8649 0.0939
vn -0.4769 -0.8159 0.3270
vn -0.5322 -0.8274 0.1794
vn -0.5400 -0.8273 -0.1547
vn 0.2169 0.3887 -0.8954
vn 0.2450 0.4616 -0.8526
vn -0.5734 -0.8191 0.0145
vn -0.5158 -0.8472 -0.1271
vn -0.5425 -0.7739 -0.3268
vn -0.4312 -0.6990 -0.5706
vn -0.5876 -0.7998 -0.1227
vn -0.5599 -0.7152 -0.4184
vn -0.4348 -0.6202 -0.6529
vn -0.2822 -0.4550 -0.8446
vn -0.4332 -0.8790 -0.1994
vn -0.4278 -0.7111 -0.5579
vn -0.4227 -0.5091 -0.7498
vn -0.4406 -0.8303 -0.3414
vn -0.3202 -0.4576 -0.8295
vn -0.2564 -0.3709 -0.8926
vn -0.4226 -0.6046 -0.6752
vn -0.3481 -0.6133 -0.7090
vn -0.2784 -0.4302 -0.8587
vn -0.1828 -0.2712 -0.9450
vn -0.2079 -0.2971 -0.9319
vn -0.0459 -0.0641 -0.9969
vn 0.1888 0.2919 -0.9376
vn 0.2427 0.3837 -0.8910
vn 0.1481 0.2948 -0.9440
vn -0.2244 -0.4074 -0.8853
vn 0.0779 0.1476 -0.9860
vn 0.1322 0.2194 -0.9666
vn -0.9038 0.4239 -0.0593
vn -0.8310 0.5326 -0.1604
vn -0.7486 0.6308 -0.2041
vn -0.6946 0.6837 -0.2238
vn -0.9708 -0.1959 0.1383
vn -0.9911 0.1327 -0.0076
vn -0.9464 0.3230 -0.0064
vn -0.7699 0.6030 -0.2089
vn -0.7001 0.6664 -0.2566
vn -0.6204 0.7303 -0.2858
vn -0.3903 0.8547 -0.3424
vn -0.9467 -0.2920 0.1357
vn -0.9939 -0.0914 0.0624
vn -0.9685 -0.2417 0.0593
vn -0.1068 0.9270 -0.3595
vn -0.2777 0.8974 -0.3428
vn -0.6392 -0.7163 0.2798
vn -0.1797 -0.9089 0.3764
vn -0.1472 -0.9143 0.3773
vn 0.0347 -0.9134 0.4055
vn 0.4657 -0.7931 0.3926
vn 0.6492 -0.6631 0.3725
vn 0.2411 -0.8801 0.4090
vn 0.6643 -0.6486 0.3716
vn 0.5683 -0.7260 0.3873
vn 0.4292 -0.8115 0.3967
vn 0.4326 -0.8249 0.3638
vn 0.2884 -0.8747 0.3896
vn 0.3576 0.9106 -0.2070
vn 0.3143 -0.8634 0.3945
vn 0.7280 0.6806 -0.0824
vn 0.3497 -0.8471 0.4002
vn 0.5191 -0.7478 0.4138
vn 0.9313 0.3602 0.0553
vn 0.6233 -0.6455 0.4414
vn 0.7001 -0.5800 0.4164
vn 0.7891 -0.4096 0.4577
vn 0.9626 0.2172 0.1621
vn 0.9430 -0.0947 0.3191
vn 0.9604 0.0573 0.2727
vn 0.6896 -0.5396 0.4829
vn 0.9387 -0.0734 0.3369
vn 0.0281 -0.1981 0.9798
vn 0.0911 -0.0776 0.9928
vn 0.0017 -0.2795 0.9601
vn 0.0872 -0.1640 0.9826
vn -0.0796 -0.4076 0.9097
vn -0.0612 -0.3774 0.9240
vn 0.3975 0.4980 0.7707
vn -0.0961 -0.4512 0.8872
vn 0.3985 0.5096 0.7626
vn 0.4367 0.6251 0.6469
vn 0.4693 0.6606 0.5860
vn 0.4767 0.7219 0.5016
vn -0.3990 -0.8130 0.4241
vn -0.3936 -0.7976 0.4570
vn 0.5141 0.8198 0.2523
vn -0.3449 -0.7604 0.5503
vn -0.4012 -0.8139 0.4202
vn 0.5178 0.8532 -0.0620
vn 0.3960 0.7372 -0.5474
vn 0.4464 0.8002 -0.4004
vn -0.3998 -0.8734 0.2782
vn -0.4555 -0.8312 0.3187
vn -0.3986 -0.8633 0.3096
vn -0.3739 -0.9235 0.0854
vn 0.3118 0.6271 -0.7138
vn 0.2557 0.5291 -0.8091
vn -0.4835 -0.8753 -0.0074
vn -0.4599 -0.7779 -0.4282
vn -0.5290 -0.7665 -0.3642
vn -0.3738 -0.9227 -0.0943
vn -0.3887 -0.5626 -0.7297
vn -0.2472 -0.3222 -0.9138
vn -0.1143 -0.1140 -0.9869
vn -0.0513 -0.0180 -0.9985
vn 0.0010 0.0360 -0.9994
vn 0.1818 0.3727 -0.9100
vn 0.1445 0.3529 -0.9244
vn 0.2075 0.4367 -0.8754
vn 0.1638 0.4213 -0.8920
vn 0.0312 0.0946 -0.9950
vn 0.0504 0.0867 -0.9950
vn 0.0490 0.1688 -0.9844
vn 0.0903 0.2205 -0.9712
vn -0.9799 0.1990 0.0139
vn -0.9647 0.2625 -0.0182
vn -0.9452 0.3228 -0.0484
vn -0.9115 0.3990 -0.1000
vn -0.8945 0.4344 -0.1059
vn -0.8384 0.5136 -0.1825
vn -0.7142 0.6468 -0.2676
vn -0.6578 0.6926 -0.2959
vn -0.4809 0.8158 -0.3211
vn -0.9958 -0.0910 -0.0128
vn -0.9998 0.0203 -0.0081
vn -0.9943 -0.0239 -0.1035
vn -0.9918 0.1036 -0.0749
vn -0.9917 0.0568 -0.1157
vn -0.3140 0.8825 -0.3502
vn -0.4779 0.8070 -0.3470
vn -0.5905 0.7426 -0.3160
vn -0.2864 0.8837 -0.3703
vn -0.5915 0.7319 -0.3383
vn -0.5636 -0.8029 0.1941
vn -0.8936 -0.4333 0.1175
vn -0.7823 -0.6092 0.1299
vn -0.9754 -0.2186 -0.0290
vn -0.9272 -0.3728 -0.0373
vn -0.8123 -0.5829 -0.0198
vn -0.9410 -0.3150 -0.1232
vn -0.6707 -0.7386 0.0685
vn -0.9056 -0.4213 -0.0492
vn -0.9845 -0.1422 -0.1022
vn -0.0275 0.9381 -0.3454
vn -0.1957 0.9048 -0.3782
vn -0.2535 -0.9127 0.3204
vn -0.1391 -0.9308 0.3380
vn -0.4194 -0.8771 0.2340
vn -0.2486 -0.9323 0.2629
vn -0.4425 -0.8730 0.2050
vn -0.0849 -0.9486 0.3047
vn -0.0815 -0.9605 0.2662
vn 0.0329 -0.9299 0.3663
vn 0.1039 -0.9346 0.3401
vn 0.1378 -0.9466 0.2916
vn 0.6358 -0.6787 0.3676
vn 0.3080 -0.8865 0.3452
vn 0.5111 -0.7924 0.3330
vn 0.3400 -0.8989 0.2766
vn 0.1484 -0.9656 0.2136
vn 0.0085 -0.9789 0.2041
vn 0.6316 -0.6626 0.4027
vn 0.3196 -0.8514 0.4158
vn 0.4747 -0.7726 0.4216
vn 0.3833 -0.8110 0.4421
vn 0.8583 0.5131 -0.0073
vn 0.5085 0.8427 -0.1768
vn 0.3008 -0.8467 0.4389
vn 0.5744 -0.6543 0.4918
vn 0.8701 0.4804 0.1099
vn 0.9133 0.3451 0.2165
vn 0.8918 -0.1871 0.4119
vn 0.9358 0.0617 0.3472
vn 0.9223 0.2562 0.2893
vn 0.7221 -0.4748 0.5032
vn 0.7720 -0.3749 0.5133
vn 0.9153 0.1559 0.3715
vn -0.0422 -0.3912 0.9193
vn 0.3983 0.4387 0.8055
vn -0.1625 -0.5361 0.8283
vn -0.2518 -0.6657 0.7024
vn -0.3862 -0.7881 0.4793
vn 0.4883 0.7775 0.3964
vn -0.4101 -0.7995 0.4389
vn 0.5023 0.8642 -0.0273
vn 0.3912 0.7414 -0.5452
vn 0.4450 0.8032 -0.3959
vn 0.4867 0.8494 -0.2041
vn 0.4859 0.8201 -0.3023
vn 0.4452 0.8327 -0.3292
vn -0.4532 -0.8501 0.2683
vn -0.4429 -0.8528 0.2768
vn -0.4783 -0.8767 -0.0521
vn -0.5086 -0.8583 -0.0688
vn -0.4357 -0.8455 0.3087
vn -0.4712 -0.8818 0.0216
vn -0.4719 -0.7689 -0.4314
vn -0.4390 -0.8049 -0.3993
vn -0.3694 -0.5937 -0.7149
vn 0.2220 0.4983 -0.8381
vn 0.2383 0.5325 -0.8122
vn -0.4605 -0.8856 0.0609
vn -0.3876 -0.8847 -0.2590
vn -0.4772 -0.8273 -0.2965
vn -0.3867 -0.7307 -0.5627
vn -0.5151 -0.8146 -0.2667
vn -0.4400 -0.6786 -0.5881
vn -0.3212 -0.5157 -0.7942
vn -0.3710 -0.5176 -0.7710
vn -0.2461 -0.3329 -0.9103
vn -0.2599 -0.3685 -0.8925
vn -0.1377 -0.1227 -0.9829
vn -0.1789 -0.1784 -0.9676
vn -0.2576 -0.3279 -0.9089
vn 0.0574 0.2930 -0.9544
vn 0.1050 0.2762 -0.9554
vn 0.0923 0.3674 -0.9255
vn -0.3483 -0.8180 -0.4577
vn -0.3326 -0.6716 -0.6621
vn -0.3329 -0.6034 -0.7246
vn -0.0698 0.0121 -0.9975
vn -0.0138 0.0630 -0.9979
vn -0.0365 0.0865 -0.9956
vn 0.0009 0.1104 -0.9939
vn -0.0186 0.1665 -0.9859
vn 0.0056 0.1403 -0.9901
vn 0.0287 0.2084 -0.9776
vn 0.0381 0.1260 -0.9913
vn -0.9437 0.3172 -0.0938
vn -0.9147 0.3751 -0.1503
vn -0.8793 0.4446 -0.1707
vn -0.7749 0.5870 -0.2343
vn -0.8140 0.5345 -0.2272
vn -0.9772 0.1759 -0.1193
vn -0.9728 0.1487 -0.1778
vn -0.9764 0.2073 -0.0610
vn -0.9552 0.2544 -0.1509
vn -0.9483 0.2464 -0.2003
vn -0.9539 0.2816 -0.1041
vn -0.9305 0.3223 -0.1743
vn -0.9152 0.3628 -0.1755
vn -0.8614 0.4576 -0.2202
vn -0.7684 0.5766 -0.2777
vn -0.7166 0.6356 -0.2873
vn -0.6558 0.6838 -0.3199
vn -0.4296 0.8193 -0.3796
vn -0.9660 -0.2265 -0.1249
vn -0.9842 -0.0806 -0.1578
vn -0.9800 0.0370 -0.1953
vn -0.9749 0.1018 -0.1981
vn -0.3800 0.8348 -0.3983
vn -0.1400 0.9218 -0.3615
vn -0.8229 -0.5682 -0.0092
vn -0.9155 -0.3982 -0.0569
vn -0.9075 -0.3951 -0.1428
vn -0.9535 -0.2735 -0.1269
vn -0.3911 -0.9021 0.1823
vn -0.2556 -0.9498 0.1805
vn -0.6339 -0.7697 0.0755
vn -0.4531 -0.8881 0.0775
vn -0.3469 -0.9374 0.0314
vn -0.6426 -0.7611 -0.0885
vn -0.4753 -0.8742 -0.0988
vn -0.2756 -0.9599 -0.0514
vn -0.8003 -0.5936 -0.0841
vn -0.8623 -0.4568 -0.2187
vn -0.7789 -0.5719 -0.2574
vn -0.6405 -0.7233 -0.2583
vn -0.4774 -0.8572 -0.1934
vn 0.0471 0.9427 -0.3303
vn -0.1129 -0.9774 0.1785
vn -0.0647 -0.9944 0.0835
vn 0.1333 -0.9764 0.1697
vn -0.1980 -0.9775 0.0728
vn 0.0101 -0.9885 0.1510
vn -0.1921 -0.9779 0.0830
vn 0.3014 -0.9255 0.2295
vn 0.2063 -0.9519 0.2267
vn 0.0491 -0.9654 0.2563
vn 0.4674 -0.8303 0.3036
vn 0.5941 -0.6982 0.3993
vn 0.3263 -0.8798 0.3458
vn 0.5581 -0.7001 0.4454
vn 0.4095 -0.7958 0.4460
vn 0.5150 0.8510 -0.1026
vn 0.3286 -0.8104 0.4851
vn 0.4957 -0.6878 0.5303
vn 0.8678 0.4561 0.1973
vn 0.8108 0.5759 0.1047
vn 0.7002 0.7132 0.0339
vn 0.6107 0.7918 -0.0014
vn 0.6201 -0.5855 0.5222
vn 0.8842 -0.0660 0.4624
vn 0.7910 0.5949 0.1426
vn 0.3379 -0.7695 0.5420
vn 0.6602 -0.5412 0.5208
vn 0.6591 -0.5201 0.5432
vn 0.7285 -0.4276 0.5352
vn 0.8082 -0.2842 0.5157
vn 0.8694 0.4036 0.2850
vn 0.5888 -0.5808 0.5621
vn 0.7437 -0.3398 0.5757
vn 0.6404 -0.5022 0.5811
vn 0.2172 -0.0040 0.9761
vn 0.1510 -0.0637 0.9865
vn 0.2105 0.0455 0.9765
vn -0.0152 -0.3663 0.9304
vn 0.0891 -0.2492 0.9643
vn 0.3057 0.1576 0.9390
vn -0.2027 -0.6433 0.7383
vn 0.4464 0.5944 0.6688
vn 0.4632 0.6674 0.5831
vn 0.4887 0.6393 0.5937
vn 0.4612 0.7508 0.4729
vn 0.4928 0.8667 0.0770
vn 0.4566 0.8677 -0.1962
vn 0.3204 0.6551 -0.6842
vn 0.3829 0.7539 -0.5339
vn -0.4423 -0.8606 0.2523
vn -0.4391 -0.8713 0.2190
vn -0.4771 -0.8617 -0.1725
vn -0.4179 -0.6921 -0.5885
vn -0.3372 -0.4464 -0.8289
vn -0.2161 -0.2263 -0.9498
vn -0.2780 -0.3767 -0.8836
vn -0.1750 -0.1758 -0.9687
vn -0.1203 -0.0486 -0.9915
vn -0.0867 0.0258 -0.9959
vn -0.0447 0.1008 -0.9939
vn -0.0179 0.1658 -0.9860
vn 0.0644 0.3173 -0.9461
vn -0.0270 0.2452 -0.9691
vn -0.0148 0.2517 -0.9677
vn -0.0044 0.3010 -0.9536
vn -0.9215 0.3082 -0.2364
vn -0.8980 0.3772 -0.2265
vn -0.8452 0.4649 -0.2637
vn -0.7978 0.5358 -0.2764
vn -0.9536 0.1041 -0.2826
vn -0.9415 0.2299 -0.2465
vn -0.9547 0.1622 -0.2494
vn -0.9015 0.2936 -0.3179
vn -0.9291 0.2135 -0.3020
vn -0.8865 0.3638 -0.2859
vn -0.8460 0.4423 -0.2977
vn -0.7887 0.5195 -0.3287
vn -0.7341 0.5827 -0.3485
vn -0.7102 0.6242 -0.3256
vn -0.6454 0.6765 -0.3547
vn -0.6590 0.6373 -0.3996
vn -0.6101 0.6765 -0.4125
vn -0.5459 0.7457 -0.3820
vn -0.9693 -0.1540 -0.1916
vn -0.9180 -0.2887 -0.2720
vn -0.9399 -0.1959 -0.2796
vn -0.9676 -0.0134 -0.2520
vn -0.9435 -0.0751 -0.3229
vn -0.9343 0.0481 -0.3533
vn -0.5689 0.7108 -0.4136
vn -0.4848 0.7587 -0.4350
vn -0.3426 0.8453 -0.4100
vn -0.8911 -0.3520 -0.2864
vn -0.8423 -0.4195 -0.3385
vn -0.7847 -0.5101 -0.3522
vn -0.8781 -0.3283 -0.3482
vn -0.8428 -0.4333 -0.3193
vn -0.9036 -0.2304 -0.3613
vn -0.4221 -0.9044 -0.0625
vn -0.7071 -0.6360 -0.3090
vn -0.6318 -0.7410 -0.2274
vn -0.8097 -0.5160 -0.2795
vn 0.0330 0.9512 -0.3069
vn 0.1745 0.9469 -0.2702
vn 0.1222 -0.9506 0.2853
vn 0.2821 0.9408 -0.1878
vn 0.4780 -0.7637 0.4339
vn 0.4764 -0.7336 0.4847
vn 0.3865 -0.7986 0.4615
vn 0.4075 0.9048 -0.1236
vn 0.4653 0.8798 -0.0971
vn 0.3566 0.9185 -0.1710
vn 0.7085 0.7009 0.0822
vn 0.5063 0.8604 -0.0576
vn 0.6939 0.7124 0.1045
vn 0.6227 0.7824 0.0118
vn 0.4737 -0.6650 0.5774
vn 0.8860 0.1110 0.4502
vn 0.8759 0.2882 0.3870
vn 0.7931 0.5570 0.2464
vn 0.8422 0.4405 0.3109
vn 0.5631 -0.5831 0.5855
vn 0.8199 -0.1607 0.5494
vn 0.7395 -0.2526 0.6240
vn 0.6578 -0.4002 0.6380
vn 0.3125 0.0731 0.9471
vn 0.2233 -0.1010 0.9695
vn 0.4114 0.3862 0.8256
vn 0.3840 0.2710 0.8826
vn -0.0803 -0.5209 0.8498
vn 0.1612 -0.1364 0.9774
vn -0.2965 -0.7381 0.6060
vn -0.3312 -0.7845 0.5243
vn 0.4826 0.8133 0.3249
vn 0.5217 0.7293 0.4427
vn -0.3660 -0.8252 0.4302
vn 0.4928 0.8694 0.0356
vn -0.4549 -0.8297 0.3235
vn 0.4189 0.8498 -0.3200
vn 0.3719 0.7943 -0.4803
vn 0.3293 0.7107 -0.6217
vn -0.4431 -0.8284 0.3426
vn -0.4971 -0.8301 0.2526
vn -0.5075 -0.8612 0.0280
vn -0.5024 -0.8557 -0.1239
vn -0.4990 -0.6946 -0.5182
vn -0.5561 -0.8192 -0.1403
vn -0.5291 -0.7655 -0.3661
vn -0.4428 -0.5616 -0.6990
vn -0.5205 -0.6756 -0.5222
vn -0.4564 -0.7066 -0.5407
vn -0.3594 -0.4284 -0.8290
vn -0.2427 -0.1919 -0.9509
vn -0.3446 -0.3382 -0.8757
vn 0.1552 0.4178 -0.8952
vn -0.1414 -0.0285 -0.9895
vn -0.1496 -0.0572 -0.9871
vn -0.0844 0.0539 -0.9950
vn -0.0373 0.1250 -0.9915
vn 0.0167 0.2169 -0.9760
vn -0.9223 0.1836 -0.3400
vn -0.8677 0.3561 -0.3468
vn -0.8502 0.3409 -0.4012
vn -0.8336 0.4255 -0.3521
vn -0.8847 0.2714 -0.3789
vn -0.7751 0.5027 -0.3827
vn -0.6992 0.5782 -0.4204
vn -0.9100 -0.0010 -0.4146
vn -0.9159 -0.1201 -0.3830
vn -0.9131 0.1376 -0.3838
vn -0.8800 0.2331 -0.4137
vn -0.8443 0.3088 -0.4379
vn -0.8144 0.4155 -0.4051
vn -0.7953 0.3923 -0.4622
vn -0.7387 0.4967 -0.4556
vn -0.7318 0.4498 -0.5120
vn -0.6719 0.5419 -0.5049
vn -0.6516 0.5924 -0.4738
vn -0.6256 0.6380 -0.4490
vn -0.5939 0.6410 -0.4862
vn -0.5697 0.6839 -0.4558
vn -0.8926 -0.2315 -0.3869
vn -0.8967 -0.0866 -0.4341
vn -0.8959 0.0913 -0.4349
vn -0.8819 0.0370 -0.4699
vn -0.8808 0.1733 -0.4407
vn -0.5465 0.6905 -0.4738
vn -0.1373 0.9208 -0.3651
vn -0.8710 -0.3424 -0.3522
vn -0.8849 -0.1925 -0.4241
vn -0.0682 0.9422 -0.3281
vn -0.6964 -0.6987 -0.1637
vn -0.8645 -0.3575 -0.3534
vn 0.1583 0.9512 -0.2649
vn 0.0433 0.9485 -0.3137
vn -0.0932 -0.9795 0.1788
vn -0.3178 -0.9471 0.0439
vn -0.1999 -0.9766 0.0799
vn -0.5756 -0.8083 -0.1241
vn -0.4313 -0.8996 -0.0686
vn 0.2492 0.9426 -0.2224
vn 0.3259 -0.8734 0.3620
vn 0.1111 -0.9483 0.2973
vn 0.1603 0.9524 -0.2594
vn 0.2975 -0.8471 0.4403
vn 0.3198 -0.8293 0.4583
vn 0.5163 0.8544 -0.0588
vn 0.3938 -0.7722 0.4986
vn 0.3664 -0.7770 0.5119
vn 0.2263 -0.8500 0.4757
vn 0.2905 -0.8259 0.4832
vn 0.8445 0.3618 0.3948
vn 0.2121 -0.8389 0.5013
vn 0.8298 0.0769 0.5528
vn 0.7672 0.5733 0.2875
vn 0.6765 0.7208 0.1508
vn 0.4593 -0.6175 0.6385
vn 0.5487 -0.5529 0.6271
vn 0.6009 -0.4922 0.6298
vn 0.8125 -0.0842 0.5768
vn 0.7493 -0.1337 0.6485
vn 0.8244 0.2750 0.4948
vn 0.7420 0.6046 0.2895
vn 0.5265 -0.5464 0.6514
vn 0.6295 -0.3700 0.6833
vn 0.7148 -0.2314 0.6600
vn 0.6789 -0.2548 0.6886
vn 0.7428 -0.1355 0.6556
vn 0.7994 0.0621 0.5976
vn 0.7945 0.4874 0.3622
vn 0.4852 -0.5368 0.6902
vn 0.5408 -0.4749 0.6942
vn 0.5588 -0.3681 0.7432
vn 0.7737 -0.0431 0.6320
vn 0.7158 -0.1710 0.6770
vn 0.6771 -0.2584 0.6890
vn 0.2377 -0.1624 0.9577
vn 0.1206 -0.2941 0.9482
vn 0.2936 -0.0290 0.9555
vn 0.0393 -0.3593 0.9324
vn -0.0062 -0.4389 0.8985
vn 0.3612 0.2344 0.9026
vn 0.4009 0.2747 0.8740
vn 0.4329 0.4089 0.8033
vn -0.0695 -0.5429 0.8369
vn 0.4712 0.4700 0.7464
vn 0.4843 0.5825 0.6528
vn 0.5148 0.6143 0.5980
vn -0.3245 -0.7827 0.5312
vn -0.3519 -0.7939 0.4959
vn 0.5173 0.6891 0.5075
vn 0.5115 0.7213 0.4670
vn 0.5150 0.7943 0.3223
vn 0.5310 0.7376 0.4171
vn -0.3758 -0.8180 0.4355
vn 0.5359 0.8076 0.2460
vn 0.4935 0.8696 0.0147
vn 0.4768 0.8789 -0.0124
vn 0.5281 0.8203 0.2195
vn -0.3799 -0.8346 0.3990
vn -0.3749 -0.8637 0.3369
vn -0.4155 -0.8606 0.2945
vn 0.4755 0.8711 -0.1230
vn 0.4329 0.8542 -0.2881
vn 0.4375 0.8843 -0.1628
vn 0.3724 0.7927 -0.4827
vn 0.2905 0.6417 -0.7098
vn 0.2876 0.6544 -0.6993
vn 0.3503 0.7347 -0.5810
vn 0.3410 0.7197 -0.6047
vn -0.4791 -0.8631 0.1597
vn -0.5527 -0.8333 0.0116
vn -0.5078 -0.8614 -0.0054
vn -0.5085 -0.8142 -0.2802
vn -0.4612 -0.7323 -0.5010
vn 0.2173 0.5275 -0.8213
vn 0.3757 0.7871 -0.4892
vn -0.5689 -0.8199 0.0640
vn -0.5793 -0.7180 -0.3859
vn -0.5707 -0.7552 -0.3225
vn -0.5654 -0.5608 -0.6049
vn -0.4407 -0.4474 -0.7782
vn -0.5159 -0.6183 -0.5930
vn -0.3888 -0.3736 -0.8422
vn -0.2678 -0.1854 -0.9455
vn -0.2365 -0.1429 -0.9611
vn -0.1809 -0.0470 -0.9824
vn -0.1395 0.0107 -0.9902
vn -0.1727 -0.0569 -0.9833
vn -0.4398 -0.5079 -0.7407
vn -0.1168 0.0269 -0.9928
vn -0.1139 0.0724 -0.9909
vn -0.0501 0.1423 -0.9886
vn -0.0706 0.0988 -0.9926
vn 0.0398 0.2630 -0.9640
vn -0.7975 0.3583 -0.4854
vn -0.8750 0.1104 -0.4714
vn -0.8474 0.2766 -0.4533
vn -0.8629 0.1948 -0.4663
vn -0.8297 0.2812 -0.4823
vn -0.6129 0.6033 -0.5103
vn -0.8770 -0.0595 -0.4767
vn -0.8608 0.0444 -0.5070
vn -0.8582 0.0935 -0.5048
vn -0.8563 0.1414 -0.4967
vn -0.8349 0.2192 -0.5049
vn -0.8075 0.2664 -0.5262
vn -0.8358 0.1634 -0.5241
vn -0.7813 0.3570 -0.5119
vn -0.6219 0.5695 -0.5375
vn -0.4684 0.7523 -0.4633
vn -0.8663 -0.2795 -0.4140
vn -0.8489 0.0471 -0.5264
vn -0.3185 0.8524 -0.4148
vn -0.7906 -0.5349 -0.2980
vn -0.8561 -0.1268 -0.5010
vn -0.5778 0.6417 -0.5044
vn -0.0682 0.9239 -0.3765
vn -0.6223 -0.7502 -0.2232
vn 0.0747 0.9436 -0.3226
vn -0.3701 -0.9287 -0.0220
vn -0.5476 -0.8220 -0.1562
vn -0.0062 -0.9629 0.2699
vn -0.2454 -0.9629 0.1121
vn 0.0941 -0.9058 0.4132
vn 0.2867 -0.8126 0.5074
vn 0.3039 -0.7810 0.5456
vn 0.2180 -0.8395 0.4977
vn 0.3530 -0.7666 0.5363
vn 0.3071 -0.8001 0.5153
vn 0.5919 0.8056 0.0247
vn 0.4893 0.8690 -0.0742
vn 0.2306 -0.8221 0.5205
vn 0.1951 -0.8335 0.5169
vn 0.7038 0.6843 0.1909
vn 0.5328 0.8457 -0.0284
vn 0.6044 0.7942 0.0635
vn 0.2540 -0.7859 0.5637
vn 0.3341 -0.7203 0.6079
vn 0.7032 0.6804 0.2065
vn 0.3481 -0.6488 0.6766
vn 0.2519 -0.7495 0.6122
vn 0.8184 0.2603 0.5124
vn 0.7924 0.4848 0.3702
vn 0.6165 0.7827 0.0851
vn 0.1832 -0.7847 0.5922
vn 0.1896 -0.7501 0.6335
vn 0.2572 -0.7125 0.6528
vn 0.4242 -0.5422 0.7253
vn 0.2946 -0.6359 0.7134
vn 0.3034 -0.6447 0.7017
vn 0.4906 -0.4866 0.7229
vn 0.6506 -0.2666 0.7110
vn 0.7581 -0.0772 0.6476
vn 0.8027 0.1966 0.5631
vn 0.7225 -0.1469 0.6755
vn 0.5085 -0.4116 0.7563
vn 0.4385 -0.4759 0.7624
vn 0.6796 -0.1721 0.7131
vn 0.1114 -0.4357 0.8932
vn 0.1579 -0.3347 0.9290
vn 0.1715 -0.4170 0.8926
vn 0.2109 -0.2634 0.9413
vn 0.3026 -0.1188 0.9457
vn 0.0533 -0.4887 0.8708
vn 0.3434 -0.0151 0.9391
vn 0.3880 0.0916 0.9171
vn 0.3914 0.1075 0.9139
vn 0.4590 0.3038 0.8349
vn 0.4470 0.2066 0.8703
vn -0.0293 -0.5207 0.8532
vn -0.1116 -0.6341 0.7652
vn -0.0123 -0.4649 0.8853
vn 0.0468 -0.4093 0.9112
vn 0.5164 0.4805 0.7088
vn -0.2031 -0.7270 0.6560
vn -0.1781 -0.6847 0.7067
vn -0.2961 -0.7754 0.5577
vn -0.2763 -0.7861 0.5530
vn 0.5307 0.7174 0.4514
vn 0.5335 0.7129 0.4552
vn 0.5231 0.8178 0.2399
vn -0.3002 -0.8013 0.5175
vn -0.3202 -0.7871 0.5272
vn 0.5185 0.8151 0.2584
vn 0.5218 0.8215 0.2298
vn -0.3398 -0.8077 0.4818
vn 0.4236 0.8411 -0.3363
vn -0.3453 -0.8033 0.4852
vn -0.3789 -0.8487 0.3689
vn -0.4129 -0.8711 0.2660
vn -0.4254 -0.8402 0.3363
vn -0.4471 -0.8706 0.2053
vn -0.5055 -0.8540 0.1232
vn -0.5185 -0.8297 -0.2068
vn 0.4121 0.8359 -0.3625
vn -0.3902 -0.9129 0.1199
vn -0.4350 -0.8679 0.2400
vn -0.4104 -0.9061 -0.1032
vn -0.4779 -0.8784 -0.0040
vn -0.4056 -0.8930 -0.1951
vn -0.3535 -0.8281 -0.4350
vn -0.5354 -0.8017 -0.2657
vn -0.4411 -0.7558 -0.4840
vn -0.3443 -0.6704 -0.6573
vn -0.3426 -0.5456 -0.7648
vn -0.5247 -0.6324 -0.5698
vn -0.4309 -0.5555 -0.7111
vn -0.3460 -0.4172 -0.8404
vn 0.2984 0.6947 -0.6545
vn 0.2196 0.5698 -0.7919
vn -0.5222 -0.8318 -0.1884
vn -0.4405 -0.6808 -0.5852
vn -0.5233 -0.6399 -0.5627
vn -0.4391 -0.4197 -0.7944
vn -0.3104 -0.3111 -0.8982
vn 0.1607 0.4809 -0.8619
vn -0.5319 -0.7689 -0.3547
vn -0.4560 -0.6029 -0.6547
vn -0.5725 -0.6307 -0.5239
vn -0.4711 -0.4029 -0.7847
vn -0.3498 -0.3157 -0.8820
vn -0.2465 -0.1223 -0.9614
vn -0.3158 -0.1880 -0.9300
vn -0.1915 -0.0317 -0.9810
vn -0.2019 -0.0501 -0.9781
vn -0.1642 0.0176 -0.9863
vn -0.0065 0.1994 -0.9799
vn -0.0027 0.2325 -0.9726
vn -0.0373 0.1843 -0.9822
vn -0.8035 0.2264 -0.5505
vn -0.7679 0.3370 -0.5448
vn -0.6733 0.5099 -0.5355
vn -0.8351 0.1253 -0.5357
vn -0.8194 0.1483 -0.5537
vn -0.7261 0.4289 -0.5375
vn -0.7782 0.2545 -0.5741
vn -0.7294 0.3627 -0.5799
vn -0.6539 0.5130 -0.5561
vn -0.3608 0.8213 -0.4418
vn -0.8342 -0.3197 -0.4494
vn -0.8524 -0.0212 -0.5224
vn -0.8290 0.0824 -0.5531
vn -0.8351 -0.0044 -0.5500
vn -0.8193 0.0795 -0.5679
vn -0.8204 0.0212 -0.5714
vn -0.4952 0.7174 -0.4900
vn -0.5434 0.6489 -0.5325
vn -0.3740 0.7841 -0.4952
vn -0.5895 0.5928 -0.5487
vn -0.2217 0.8796 -0.4210
vn -0.1926 0.8700 -0.4538
vn -0.7552 -0.5459 -0.3629
vn -0.6949 -0.6394 -0.3290
vn -0.8135 -0.3620 -0.4552
vn -0.8442 -0.1397 -0.5175
vn 0.0211 0.9358 -0.3519
vn -0.0828 0.9207 -0.3814
vn -0.4245 -0.9034 -0.0597
vn -0.6999 -0.6583 -0.2772
vn -0.7921 -0.4656 -0.3946
vn 0.0677 0.9525 -0.2968
vn -0.3536 -0.9353 -0.0120
vn -0.6039 -0.7672 -0.2161
vn -0.7514 -0.5578 -0.3525
vn 0.1600 0.9553 -0.2487
vn -0.1422 -0.9570 0.2527
vn -0.2992 -0.9373 0.1785
vn -0.4137 -0.9076 0.0717
vn -0.4907 -0.8649 -0.1053
vn -0.3529 -0.9277 0.1215
vn -0.2304 -0.9479 0.2198
vn -0.0651 -0.9439 0.3237
vn -0.1895 -0.9625 0.1941
vn -0.0863 -0.9484 0.3052
vn -0.2639 -0.9529 0.1495
vn 0.1333 -0.8887 0.4387
vn 0.1288 -0.8793 0.4585
vn 0.3218 0.9226 -0.2126
vn 0.3028 0.9350 -0.1847
vn 0.4047 0.9036 -0.1404
vn 0.3027 -0.7875 0.5368
vn 0.0646 -0.8749 0.4799
vn 0.4728 0.8764 -0.0920
vn 0.3897 0.9081 -0.1533
vn 0.3471 -0.7372 0.5797
vn 0.2610 -0.7682 0.5845
vn 0.2222 -0.8244 0.5206
vn 0.2745 -0.7435 0.6098
vn 0.2234 -0.7954 0.5634
vn 0.2219 -0.7579 0.6135
vn 0.5305 0.8476 -0.0116
vn 0.4842 0.8734 -0.0527
vn 0.1864 -0.7655 0.6158
vn 0.5720 0.8192 0.0406
vn 0.6029 0.7943 0.0748
vn 0.1688 -0.7696 0.6158
vn 0.1489 -0.7497 0.6448
vn 0.7669 0.0560 0.6394
vn 0.7878 0.3127 0.5306
vn 0.7743 0.5271 0.3501
vn 0.7066 0.6754 0.2110
vn 0.5619 -0.3200 0.7628
vn 0.7638 0.5014 0.4066
vn 0.1053 -0.7951 0.5972
vn 0.0990 -0.7760 0.6229
vn 0.2796 -0.6210 0.7322
vn 0.4525 -0.4460 0.7722
vn 0.5006 -0.4025 0.7664
vn 0.5999 -0.2393 0.7635
vn 0.6666 -0.1159 0.7364
vn 0.7152 -0.0058 0.6989
vn 0.1351 -0.7390 0.6601
vn 0.0294 -0.8106 0.5849
vn 0.5255 -0.3365 0.7814
vn 0.6254 -0.1033 0.7734
vn 0.7511 0.1661 0.6390
vn 0.7536 0.3666 0.5456
vn 0.5745 -0.2445 0.7811
vn 0.6820 -0.0061 0.7313
vn 0.7328 0.1058 0.6722
vn 0.2777 -0.5871 0.7604
vn 0.5596 -0.2102 0.8017
vn 0.4286 -0.4114 0.8044
vn 0.4956 -0.3001 0.8150
vn 0.5444 -0.1730 0.8208
vn 0.2448 -0.3799 0.8921
vn 0.2481 -0.3258 0.9123
vn 0.3367 -0.2610 0.9047
vn 0.4317 -0.0796 0.8985
vn 0.3374 -0.1921 0.9216
vn 0.0843 -0.5783 0.8115
vn 0.1006 -0.4880 0.8670
vn -0.0385 -0.6718 0.7397
vn 0.3940 -0.0012 0.9191
vn 0.4147 0.1138 0.9028
vn 0.4517 0.1666 0.8765
vn 0.4872 0.1617 0.8582
vn 0.5236 0.3611 0.7717
vn 0.0168 -0.5611 0.8275
vn 0.4871 0.2948 0.8221
vn 0.5338 0.4521 0.7146
vn -0.1762 -0.7138 0.6778
vn -0.1079 -0.6953 0.7106
vn 0.4430 0.2392 0.8640
vn -0.2111 -0.7670 0.6059
vn 0.4997 0.3525 0.7912
vn 0.4918 0.3703 0.7880
vn 0.5403 0.5040 0.6739
vn 0.5661 0.6403 0.5192
vn 0.5499 0.6409 0.5356
vn -0.2396 -0.8003 0.5497
vn 0.5668 0.7109 0.4164
vn 0.5612 0.7507 0.3485
vn 0.5091 0.8208 0.2590
vn -0.2757 -0.8069 0.5224
vn 0.4860 0.8713 0.0677
vn 0.4886 0.8725 -0.0032
vn 0.5185 0.8141 0.2616
vn -0.3274 -0.8055 0.4939
vn -0.4857 -0.8621 0.1445
vn -0.3936 -0.8333 0.3881
vn -0.4974 -0.8633 -0.0855
vn 0.3008 0.7441 -0.5966
vn 0.3209 0.7441 -0.5859
vn -0.3994 -0.5014 -0.7676
vn -0.4715 -0.6036 -0.6430
vn -0.4811 -0.7506 -0.4530
vn -0.4652 -0.7416 -0.4833
vn -0.3159 -0.2752 -0.9080
vn 0.0955 0.3932 -0.9145
vn 0.1496 0.5148 -0.8442
vn 0.2070 0.6235 -0.7539
vn 0.2317 0.6160 -0.7529
vn -0.3662 -0.2887 -0.8846
vn -0.2363 -0.0984 -0.9667
vn -0.4313 -0.4211 -0.7979
vn -0.3087 -0.2295 -0.9231
vn -0.1643 0.0124 -0.9863
vn -0.0929 0.1030 -0.9903
vn 0.0290 0.3004 -0.9534
vn 0.0961 0.3474 -0.9328
vn -0.7993 0.1712 -0.5760
vn -0.6973 0.4382 -0.5672
vn -0.6602 0.4694 -0.5864
vn -0.6157 0.5369 -0.5767
vn -0.7954 0.1583 -0.5851
vn -0.7250 0.3362 -0.6012
vn -0.6667 0.4357 -0.6047
vn -0.6678 0.4091 -0.6219
vn -0.6174 0.5022 -0.6055
vn -0.6136 0.4781 -0.6284
vn -0.5827 0.5614 -0.5876
vn -0.5326 0.6198 -0.5763
vn -0.5895 0.5223 -0.6162
vn -0.5612 0.5614 -0.6082
vn -0.4134 0.7381 -0.5332
vn -0.8446 -0.2653 -0.4650
vn -0.8162 -0.3799 -0.4353
vn -0.8423 -0.0655 -0.5350
vn -0.8006 0.0969 -0.5913
vn -0.2459 0.8490 -0.4677
vn -0.4182 0.7234 -0.5494
vn -0.7233 -0.6247 -0.2944
vn -0.6020 -0.7616 -0.2398
vn -0.8433 -0.1996 -0.4990
vn -0.0217 0.9414 -0.3365
vn -0.5256 -0.8506 -0.0143
vn -0.5803 -0.8092 -0.0918
vn -0.6809 -0.7057 -0.1959
vn -0.5753 -0.7972 -0.1830
vn -0.7238 -0.6142 -0.3143
vn -0.8286 -0.2728 -0.4889
vn -0.7998 -0.4240 -0.4250
vn -0.8207 -0.1718 -0.5449
vn -0.8056 -0.0128 -0.5923
vn -0.2455 0.8509 -0.4645
vn 0.0790 0.9506 -0.3002
vn -0.3729 -0.9279 0.0053
vn -0.5589 -0.8097 -0.1786
vn -0.4249 -0.9050 0.0183
vn -0.7164 -0.6110 -0.3369
vn -0.0777 0.9167 -0.3919
vn 0.2175 0.9445 -0.2461
vn 0.0752 0.9419 -0.3272
vn -0.2054 -0.9403 0.2712
vn -0.4035 -0.9044 0.1392
vn -0.3357 -0.9178 0.2121
vn -0.5257 -0.8501 0.0320
vn -0.5830 -0.8084 -0.0820
vn 0.1713 0.9352 -0.3099
vn -0.1376 -0.9167 0.3750
vn 0.2692 0.9223 -0.2774
vn 0.0689 -0.8486 0.5246
vn -0.1200 -0.9077 0.4021
vn 0.1425 -0.7999 0.5829
vn 0.2433 -0.7411 0.6257
vn 0.2116 -0.7470 0.6302
vn 0.2174 -0.7208 0.6582
vn 0.4946 0.8680 -0.0439
vn 0.5058 0.8625 0.0128
vn 0.4183 0.8985 -0.1332
vn 0.1295 -0.7661 0.6295
vn 0.6762 0.6961 0.2414
vn 0.7282 0.5416 0.4200
vn 0.6455 0.7326 0.2160
vn 0.5818 0.7986 0.1545
vn 0.0614 -0.8052 0.5898
vn 0.0453 -0.8001 0.5982
vn 0.7493 0.2503 0.6131
vn 0.0797 -0.7727 0.6298
vn 0.7287 0.1594 0.6660
vn 0.7441 0.3314 0.5801
vn 0.7203 0.5219 0.4569
vn 0.6973 0.3960 0.5974
vn 0.6754 0.0906 0.7319
vn -0.0063 -0.8047 0.5936
vn 0.4576 -0.3675 0.8096
vn 0.6567 0.0907 0.7487
vn 0.7017 0.2436 0.6696
vn 0.1794 -0.6659 0.7241
vn 0.0091 -0.7814 0.6239
vn 0.3701 -0.4673 0.8029
vn 0.4694 -0.3141 0.8252
vn 0.4938 -0.2509 0.8326
vn 0.6072 -0.0130 0.7944
vn 0.6962 0.3126 0.6462
vn 0.4513 -0.3118 0.8361
vn 0.4993 -0.2401 0.8325
vn 0.5608 -0.0250 0.8276
vn 0.1037 -0.7130 0.6935
vn 0.0023 -0.7709 0.6369
vn 0.1995 -0.6128 0.7646
vn 0.6267 0.1678 0.7609
vn 0.6571 0.2110 0.7237
vn 0.6816 0.3350 0.6505
vn 0.3394 -0.4464 0.8280
vn 0.4056 -0.3450 0.8465
vn 0.2879 -0.4367 0.8523
vn 0.4345 -0.2826 0.8552
vn 0.4875 -0.1784 0.8547
vn 0.4125 -0.2467 0.8769
vn 0.1269 -0.6202 0.7741
vn 0.4798 -0.1305 0.8676
vn 0.3469 -0.3432 0.8728
vn 0.5997 0.1401 0.7879
vn 0.6277 0.2264 0.7448
vn 0.5364 0.0717 0.8409
vn 0.6066 0.2565 0.7525
vn -0.0551 -0.7646 0.6421
vn 0.2769 -0.3966 0.8752
vn 0.0694 -0.6325 0.7714
vn 0.5054 0.0910 0.8581
vn 0.1921 -0.4995 0.8447
vn 0.5640 0.2531 0.7860
vn 0.5973 0.3832 0.7046
vn -0.0701 -0.7385 0.6706
vn -0.1091 -0.7698 0.6289
vn -0.0957 -0.7478 0.6570
vn 0.1607 -0.4879 0.8580
vn -0.0184 -0.6965 0.7173
vn 0.2272 -0.4333 0.8721
vn 0.5716 0.3794 0.7276
vn -0.0058 -0.6591 0.7520
vn 0.5742 0.4833 0.6609
vn 0.6035 0.5945 0.5314
vn 0.5239 0.3324 0.7842
vn 0.5931 0.6428 0.4848
vn 0.5666 0.5663 0.5985
vn 0.5525 0.7770 0.3016
vn 0.5604 0.7226 0.4047
vn -0.0823 -0.7164 0.6929
vn -0.1345 -0.7452 0.6532
vn 0.5401 0.7829 0.3087
vn -0.2205 -0.7546 0.6180
vn 0.5584 0.7177 0.4161
vn -0.1904 -0.7730 0.6052
vn 0.5409 0.8086 0.2316
vn -0.1869 -0.7908 0.5828
vn -0.2291 -0.8171 0.5290
vn 0.5099 0.8503 0.1302
vn -0.2129 -0.8437 0.4928
vn -0.2868 -0.8365 0.4668
vn 0.4837 0.8736 -0.0531
vn 0.4562 0.8878 -0.0609
vn 0.4194 0.8790 -0.2269
vn -0.3409 -0.8394 0.4233
vn 0.4188 0.8814 -0.2185
vn -0.4123 -0.8577 0.3072
vn -0.4238 -0.8912 0.1616
vn -0.5108 -0.8195 -0.2599
vn -0.4931 -0.8685 -0.0513
vn 0.4595 0.8733 -0.1619
vn -0.5553 -0.6742 -0.4868
vn -0.5873 -0.7900 -0.1762
vn -0.5619 -0.7425 -0.3645
vn -0.5031 -0.6594 -0.5587
vn -0.5978 -0.5976 -0.5344
vn -0.5268 -0.5206 -0.6720
vn -0.4165 -0.5002 -0.7592
vn -0.4162 -0.3657 -0.8325
vn -0.4932 -0.4407 -0.7500
vn -0.4792 -0.3678 -0.7969
vn -0.3585 -0.3111 -0.8801
vn -0.3029 -0.1780 -0.9363
vn 0.0930 0.4820 -0.8712
vn 0.0607 0.4069 -0.9115
vn -0.2197 -0.0305 -0.9751
vn -0.1756 0.0447 -0.9834
vn -0.1313 0.1239 -0.9836
vn -0.0904 0.1786 -0.9798
vn -0.0929 0.1294 -0.9872
vn -0.0480 0.2285 -0.9724
vn -0.0528 0.1836 -0.9816
vn -0.0657 0.2355 -0.9696
vn -0.0257 0.2748 -0.9612
vn 0.0123 0.3240 -0.9460
vn -0.1344 0.0668 -0.9887
vn -0.0177 0.2502 -0.9680
vn -0.7700 0.1695 -0.6151
vn -0.7641 0.2373 -0.5998
vn -0.7190 0.3218 -0.6160
vn -0.7836 0.0978 -0.6136
vn -0.7437 0.2353 -0.6257
vn -0.7190 0.2849 -0.6339
vn -0.6570 0.3954 -0.6419
vn -0.6022 0.4579 -0.6540
vn -0.5815 0.5091 -0.6345
vn -0.5347 0.5857 -0.6092
vn -0.3948 0.7303 -0.5575
vn -0.7760 0.0684 -0.6270
vn -0.7996 -0.0572 -0.5977
vn -0.5547 0.5251 -0.6455
vn -0.2270 0.8381 -0.4960
vn -0.8038 -0.3254 -0.4980
vn -0.8095 -0.3619 -0.4624
vn -0.7610 0.1324 -0.6351
vn -0.4931 0.6089 -0.6214
vn -0.0524 0.9048 -0.4227
vn -0.3260 0.7532 -0.5713
vn -0.7242 -0.6376 -0.2627
vn 0.0548 0.9121 -0.4064
vn 0.1787 0.9158 -0.3598
vn -0.1185 0.8616 -0.4935
vn -0.0016 0.8856 -0.4644
vn -0.6975 -0.6947 -0.1757
vn -0.8134 -0.2392 -0.5302
vn 0.0885 0.8958 -0.4355
vn -0.3175 -0.9110 0.2634
vn -0.5021 -0.8625 0.0632
vn -0.6634 -0.7330 -0.1506
vn -0.7673 -0.5294 -0.3619
vn -0.7589 -0.5543 -0.3418
vn -0.7926 -0.3625 -0.4904
vn -0.3838 -0.9018 0.1987
vn -0.5245 -0.8510 0.0268
vn -0.6951 -0.6909 -0.1989
vn 0.3096 0.9233 -0.2271
vn -0.3344 -0.9176 0.2149
vn -0.4357 -0.8967 0.0774
vn -0.2599 -0.9348 0.2419
vn -0.6293 -0.7578 -0.1723
vn -0.0967 -0.9094 0.4046
vn 0.0226 -0.8635 0.5038
vn -0.2124 -0.9187 0.3328
vn -0.1465 -0.9341 0.3257
vn 0.0236 -0.8821 0.4705
vn 0.1466 -0.8137 0.5625
vn 0.3384 0.9137 -0.2252
vn -0.2933 -0.9389 0.1799
vn 0.3483 0.9157 -0.2006
vn -0.1183 -0.9189 0.3764
vn -0.1385 -0.8941 0.4259
vn -0.2496 -0.9389 0.2370
vn 0.1523 -0.7848 0.6008
vn -0.0179 -0.8579 0.5135
vn 0.4668 0.8841 -0.0207
vn 0.3942 0.9150 -0.0859
vn 0.5058 0.8626 -0.0103
vn 0.0675 -0.7967 0.6006
vn 0.5194 0.8515 0.0726
vn 0.0620 -0.7738 0.6304
vn 0.0685 -0.7849 0.6158
vn 0.6670 0.6865 0.2897
vn 0.6055 0.7462 0.2765
vn 0.6898 0.5539 0.4663
vn 0.6930 0.4671 0.5492
vn 0.6685 0.6081 0.4282
vn -0.0118 -0.7954 0.6060
vn 0.6813 0.4897 0.5441
vn 0.6331 0.6816 0.3669
vn 0.6599 0.3250 0.6774
vn 0.6528 0.4612 0.6010
vn 0.6620 0.5815 0.4729
vn 0.6382 0.6851 0.3512
vn -0.0456 -0.7750 0.6303
vn 0.6591 0.5942 0.4610
vn 0.6116 0.6713 0.4188
vn 0.6120 0.7281 0.3088
vn -0.1085 -0.7836 0.6117
vn 0.6091 0.5330 0.5874
vn 0.5957 0.6845 0.4203
vn 0.5576 0.8026 0.2120
vn 0.5835 0.7471 0.3185
vn 0.5609 0.8060 0.1892
vn 0.5380 0.8281 0.1577
vn -0.1144 -0.7546 0.6461
vn 0.5904 0.7316 0.3408
vn -0.0497 -0.6926 0.7196
vn -0.0603 -0.7072 0.7044
vn 0.5288 0.8354 0.1498
vn -0.1649 -0.8225 0.5444
vn -0.0872 -0.7669 0.6359
vn -0.2135 -0.8764 0.4316
vn 0.4749 0.8796 -0.0296
vn 0.4903 0.8713 -0.0193
vn 0.5130 0.8450 0.1510
vn -0.2300 -0.8887 0.3966
vn -0.3017 -0.9091 0.2872
vn 0.4381 0.8790 -0.1883
vn -0.3734 -0.8916 0.2563
vn -0.4159 -0.8754 0.2464
vn -0.4557 -0.8855 0.0912
vn -0.4537 -0.8910 0.0159
vn -0.5210 -0.8393 -0.1555
vn -0.5067 -0.8533 -0.1228
vn -0.5476 -0.7404 -0.3898
vn -0.5372 -0.7057 -0.4619
vn -0.4849 -0.8733 0.0469
vn -0.5335 -0.7011 -0.4730
vn -0.4911 -0.5900 -0.6409
vn -0.5139 -0.5289 -0.6754
vn -0.4488 -0.3924 -0.8029
vn -0.5072 -0.4852 -0.7123
vn -0.4400 -0.3167 -0.8403
vn -0.3901 -0.2344 -0.8905
vn 0.3289 0.8145 -0.4779
vn 0.2941 0.8185 -0.4934
vn 0.2263 0.7408 -0.6325
vn 0.1968 0.6705 -0.7153
vn 0.1638 0.5975 -0.7849
vn 0.0743 0.5151 -0.8539
vn 0.1242 0.6148 -0.7789
vn 0.0414 0.4390 -0.8976
vn -0.0005 0.4142 -0.9102
vn -0.2953 -0.0977 -0.9504
vn -0.3000 -0.0718 -0.9512
vn 0.0093 0.3685 -0.9296
vn -0.0274 0.3424 -0.9391
vn -0.3468 -0.1955 -0.9174
vn -0.2514 -0.0891 -0.9638
vn -0.2462 -0.0215 -0.9690
vn -0.2091 0.0304 -0.9774
vn -0.1820 0.0991 -0.9783
vn -0.1182 0.1824 -0.9761
vn -0.0274 0.2991 -0.9538
vn -0.0639 0.2588 -0.9638
vn -0.7351 0.2136 -0.6434
vn -0.6761 0.3273 -0.6601
vn -0.6227 0.3869 -0.6802
vn -0.5734 0.4913 -0.6556
vn -0.7380 0.1447 -0.6591
vn -0.6894 0.2640 -0.6746
vn -0.6662 0.2783 -0.6919
vn -0.5746 0.4600 -0.6769
vn -0.5571 0.4939 -0.6676
vn -0.7114 0.1712 -0.6816
vn -0.7455 0.0880 -0.6607
vn -0.4384 0.6439 -0.6270
vn -0.5163 0.5457 -0.6600
vn -0.2186 0.8016 -0.5565
vn -0.6677 0.2325 -0.7072
vn -0.5807 0.3774 -0.7213
vn -0.5317 0.4734 -0.7022
vn -0.5215 0.5126 -0.6821
vn -0.3624 0.6905 -0.6260
vn -0.2390 0.7613 -0.6028
vn -0.0864 0.8425 -0.5318
vn -0.4139 0.6188 -0.6677
vn -0.7733 -0.0255 -0.6335
vn -0.7845 -0.1726 -0.5956
vn -0.4785 0.5201 -0.7075
vn -0.2310 0.7471 -0.6232
vn -0.3844 0.6244 -0.6799
vn -0.0381 0.8313 -0.5545
vn -0.7605 -0.5153 -0.3952
vn -0.7752 -0.2963 -0.5579
vn -0.7509 -0.0611 -0.6576
vn -0.7284 -0.1068 -0.6768
vn -0.7316 0.0455 -0.6802
vn -0.7148 -0.0033 -0.6993
vn -0.5457 -0.8330 -0.0910
vn -0.7343 -0.5455 -0.4041
vn -0.7531 -0.3473 -0.5588
vn -0.6848 -0.6856 -0.2471
vn -0.7002 -0.6138 -0.3646
vn 0.2382 0.9183 -0.3161
vn -0.4265 -0.9038 0.0356
vn -0.3806 -0.9206 0.0875
vn -0.7557 -0.3452 -0.5566
vn 0.1903 0.9070 -0.3756
vn -0.3136 -0.9218 0.2278
vn -0.2663 -0.9244 0.2730
vn -0.4160 -0.8999 0.1308
vn -0.5311 -0.8451 0.0607
vn -0.5919 -0.8013 -0.0871
vn 0.3344 0.9207 -0.2012
vn -0.2897 -0.9250 0.2460
vn -0.1668 -0.9105 0.3784
vn -0.4426 -0.8964 0.0249
vn 0.1668 0.9133 -0.3714
vn -0.0124 0.8437 -0.5366
vn -0.4311 -0.9001 0.0627
vn 0.3829 0.9131 -0.1401
vn -0.0841 -0.8691 0.4874
vn -0.2421 -0.9093 0.3384
vn -0.3650 -0.9061 0.2140
vn -0.4325 -0.8822 0.1864
vn -0.3264 -0.9049 0.2732
vn -0.1824 -0.8917 0.4144
vn -0.0573 -0.8664 0.4960
vn -0.0551 -0.8472 0.5285
vn -0.2450 -0.9171 0.3146
vn 0.0340 -0.8039 0.5938
vn -0.1672 -0.9013 0.3997
vn -0.3228 -0.9087 0.2647
vn 0.4198 0.9066 -0.0425
vn -0.0533 -0.8599 0.5077
vn -0.1589 -0.8646 0.4766
vn -0.1034 -0.8452 0.5243
vn 0.4567 0.8896 -0.0026
vn 0.3731 0.9161 -0.1466
vn 0.0403 -0.7796 0.6250
vn -0.0594 -0.8414 0.5372
vn 0.5043 0.8604 0.0734
vn 0.0595 -0.7665 0.6395
vn -0.1032 -0.8730 0.4767
vn -0.0230 -0.8256 0.5638
vn -0.0109 -0.8068 0.5908
vn 0.4118 0.9077 -0.0810
vn 0.4848 0.8741 0.0295
vn 0.5579 0.8073 0.1923
vn 0.0486 -0.7436 0.6669
vn -0.0236 -0.7549 0.6554
vn 0.5779 0.7856 0.2211
vn 0.5025 0.8633 0.0457
vn 0.4183 0.9034 -0.0946
vn 0.5989 0.7780 0.1899
vn 0.5170 0.8559 0.0097
vn 0.4726 0.8794 -0.0582
vn -0.0646 -0.7496 0.6587
vn -0.0430 -0.7211 0.6915
vn 0.5803 0.8036 0.1323
vn 0.5151 0.8571 0.0025
vn -0.0576 -0.7134 0.6984
vn -0.0661 -0.7196 0.6913
vn -0.0690 -0.7314 0.6784
vn -0.0138 -0.6777 0.7352
vn -0.1377 -0.7543 0.6420
vn -0.2665 -0.8289 0.4918
vn -0.0499 -0.7151 0.6972
vn -0.0053 -0.6741 0.7387
vn 0.0153 -0.6428 0.7659
vn 0.4882 0.8727 -0.0028
vn -0.0948 -0.7467 0.6583
vn -0.1077 -0.7950 0.5970
vn -0.2120 -0.8332 0.5106
vn -0.2074 -0.8827 0.4217
vn -0.2940 -0.8771 0.3798
vn -0.1602 -0.8279 0.5376
vn -0.1315 -0.7860 0.6041
vn -0.2763 -0.8963 0.3467
vn -0.2682 -0.8800 0.3920
vn -0.2864 -0.9230 0.2569
vn -0.1874 -0.8658 0.4641
vn -0.3599 -0.9060 0.2226
vn -0.3383 -0.9291 0.1495
vn -0.3012 -0.9152 0.2677
vn -0.3652 -0.9081 0.2050
vn -0.3925 -0.9037 0.1709
vn -0.4644 -0.8856 0.0031
vn -0.4404 -0.8964 -0.0504
vn -0.4567 -0.8754 -0.1584
vn -0.5477 -0.7751 -0.3150
vn -0.5336 -0.7818 -0.3226
vn 0.3875 0.8894 -0.2426
vn 0.4310 0.8838 -0.1820
vn 0.2233 0.8111 -0.5406
vn -0.2254 -0.8815 0.4150
vn -0.2902 -0.9284 0.2322
vn -0.3844 -0.9215 0.0551
vn -0.3748 -0.9257 0.0513
vn -0.4359 -0.8730 -0.2187
vn -0.4987 -0.7369 -0.4564
vn -0.5086 -0.5829 -0.6337
vn -0.5579 -0.5964 -0.5771
vn -0.4715 -0.8376 -0.2759
vn -0.4972 -0.5310 -0.6862
vn 0.3642 0.8804 -0.3037
vn 0.3345 0.8507 -0.4055
vn -0.4921 -0.8458 -0.2060
vn -0.4650 -0.3775 -0.8008
vn 0.1125 0.6763 -0.7279
vn 0.0726 0.6546 -0.7525
vn -0.5438 -0.7936 -0.2729
vn -0.5373 -0.7164 -0.4451
vn -0.5634 -0.6432 -0.5185
vn -0.5400 -0.5511 -0.6361
vn -0.4857 -0.4006 -0.7769
vn -0.4044 -0.2011 -0.8922
vn -0.4640 -0.3204 -0.8259
vn 0.0319 0.5440 -0.8385
vn -0.0160 0.5331 -0.8459
vn -0.0464 0.5044 -0.8622
vn -0.5222 -0.5809 -0.6245
vn -0.5247 -0.4723 -0.7083
vn -0.4534 -0.3642 -0.8135
vn -0.3583 -0.0914 -0.9291
vn -0.3267 -0.0383 -0.9444
vn -0.2972 0.0411 -0.9539
vn -0.3371 0.0078 -0.9414
vn -0.0295 0.4595 -0.8877
vn -0.0779 0.4258 -0.9015
vn -0.4462 -0.3444 -0.8260
vn -0.3720 -0.1747 -0.9117
vn -0.3361 -0.0957 -0.9369
vn -0.2931 -0.0210 -0.9558
vn -0.2774 0.0385 -0.9600
vn -0.2509 0.1186 -0.9607
vn -0.2317 0.0844 -0.9691
vn -0.1091 0.3597 -0.9266
vn -0.0636 0.3978 -0.9152
vn -0.0847 0.3385 -0.9372
vn -0.0464 0.3636 -0.9304
vn -0.1312 0.3036 -0.9437
vn -0.0835 0.2927 -0.9526
vn -0.0093 0.4316 -0.9020
vn 0.0370 0.5016 -0.8643
vn -0.2492 0.0188 -0.9683
vn -0.1999 0.1642 -0.9660
vn -0.1704 0.1559 -0.9730
vn -0.1453 0.2183 -0.9650
vn -0.1003 0.2328 -0.9673
vn -0.2018 0.2049 -0.9578
vn -0.1453 0.2541 -0.9562
vn -0.6805 0.1864 -0.7086
vn -0.6182 0.2759 -0.7360
vn -0.5080 0.4490 -0.7351
vn -0.5249 0.4227 -0.7388
vn -0.6886 0.1066 -0.7173
vn -0.5139 0.3824 -0.7679
vn -0.5790 0.2934 -0.7607
vn -0.4674 0.4867 -0.7380
vn -0.3902 0.5877 -0.7088
vn -0.6759 0.0522 -0.7351
vn -0.6331 0.1600 -0.7574
vn -0.6256 0.2189 -0.7488
vn -0.5428 0.3597 -0.7590
vn -0.5064 0.4139 -0.7565
vn -0.6056 0.2134 -0.7666
vn -0.5874 0.2699 -0.7630
vn -0.2537 0.6994 -0.6681
vn -0.6994 -0.0444 -0.7133
vn -0.6534 0.1261 -0.7465
vn -0.3445 0.5764 -0.7410
vn -0.4482 0.4873 -0.7494
vn -0.6630 0.1152 -0.7397
vn -0.2002 0.7052 -0.6802
vn -0.1579 0.7392 -0.6547
vn -0.7315 -0.5366 -0.4206
vn -0.6390 -0.7145 -0.2851
vn -0.7081 -0.4895 -0.5090
vn -0.7323 -0.2571 -0.6306
vn -0.7072 -0.1684 -0.6867
vn -0.6015 -0.7841 -0.1527
vn -0.6149 -0.7407 -0.2707
vn -0.7152 -0.5444 -0.4382
vn -0.7055 -0.4495 -0.5479
vn -0.4945 -0.8637 0.0972
vn -0.5419 -0.8404 0.0003
vn -0.6602 -0.7317 -0.1696
vn -0.7238 -0.2884 -0.6268
vn -0.1005 0.7860 -0.6100
vn 0.0392 0.8670 -0.4967
vn 0.2616 0.9210 -0.2886
vn 0.1241 0.8849 -0.4488
vn -0.4617 -0.8835 0.0791
vn -0.6017 -0.7809 -0.1677
vn -0.6799 -0.6582 -0.3232
vn -0.7163 -0.5019 -0.4848
vn -0.6933 -0.5083 -0.5109
vn -0.6974 -0.4230 -0.5786
vn -0.4190 -0.9020 0.1042
vn -0.5677 -0.8105 -0.1439
vn -0.5359 -0.8422 -0.0598
vn -0.6877 -0.6311 -0.3588
vn -0.7118 -0.3465 -0.6109
vn -0.7260 -0.3804 -0.5730
vn -0.5208 -0.8516 0.0590
vn 0.3529 0.9233 -0.1514
vn 0.2564 0.9215 -0.2916
vn -0.6411 -0.7486 -0.1690
vn -0.2376 -0.8946 0.3786
vn -0.4385 -0.8886 0.1342
vn -0.2624 -0.9174 0.2991
vn -0.3952 -0.9129 0.1019
vn -0.6182 -0.7701 -0.1571
vn -0.5502 -0.8228 -0.1424
vn -0.5045 -0.8613 -0.0597
vn -0.7158 -0.5560 -0.4225
vn 0.1631 0.8990 -0.4065
vn -0.3669 -0.9142 0.1721
vn -0.1392 -0.8792 0.4557
vn -0.2422 -0.9130 0.3283
vn -0.6083 -0.7376 -0.2931
vn -0.4708 -0.8817 0.0303
vn -0.6037 -0.7609 -0.2379
vn -0.0710 -0.8528 0.5173
vn 0.3104 0.9232 -0.2265
vn -0.3362 -0.9142 0.2262
vn -0.2085 -0.9026 0.3765
vn -0.3877 -0.9005 0.1969
vn -0.5964 -0.7872 -0.1571
vn 0.3447 0.9152 -0.2087
vn 0.2392 0.9076 -0.3451
vn -0.1999 -0.8875 0.4153
vn -0.2589 -0.9015 0.3467
vn -0.3448 -0.9013 0.2621
vn -0.4788 -0.8744 0.0786
vn 0.2684 0.8912 -0.3657
vn -0.1539 -0.8627 0.4816
vn -0.3491 -0.9048 0.2439
vn -0.4320 -0.8979 0.0852
vn 0.3850 0.9007 -0.2012
vn -0.3966 -0.8900 0.2249
vn -0.4405 -0.8948 0.0723
vn -0.5144 -0.8576 -0.0033
vn -0.0991 -0.8219 0.5609
vn -0.2565 -0.8670 0.4273
vn -0.5771 -0.8166 -0.0087
vn 0.4016 0.8978 -0.1808
vn -0.4008 -0.8648 0.3024
vn -0.4396 -0.8641 0.2451
vn 0.2846 0.8824 -0.3748
vn -0.5137 -0.8536 0.0867
vn -0.6452 -0.7130 -0.2745
vn -0.3416 -0.8622 0.3741
vn -0.4497 -0.8659 0.2193
vn -0.5315 -0.8470 0.0070
vn -0.6416 -0.7287 -0.2395
vn -0.6260 -0.6859 -0.3709
vn -0.6778 -0.5150 -0.5247
vn -0.6117 -0.4116 -0.6756
vn -0.4846 -0.8735 -0.0459
vn -0.4099 -0.8818 0.2334
vn -0.4268 -0.9031 -0.0472
vn -0.5740 -0.7754 -0.2633
vn -0.5706 -0.5850 -0.5763
vn -0.3891 -0.8999 0.1971
vn -0.3795 -0.9165 0.1266
vn -0.3215 -0.9203 0.2230
vn -0.4739 -0.8574 -0.2008
vn -0.5180 -0.7729 -0.3664
vn -0.5242 -0.7447 -0.4132
vn -0.5534 -0.5734 -0.6040
vn -0.5192 -0.4982 -0.6944
vn -0.5402 -0.3751 -0.7533
vn -0.5217 -0.2773 -0.8068
vn -0.5142 -0.8571 -0.0294
vn -0.4783 -0.8745 -0.0809
vn -0.5626 -0.7953 -0.2257
vn -0.5805 -0.7037 -0.4096
vn -0.6108 -0.5945 -0.5229
vn -0.5565 -0.3774 -0.7401
vn -0.5600 -0.3525 -0.7497
vn -0.5488 -0.2202 -0.8064
vn -0.4387 -0.8756 -0.2022
vn -0.5030 -0.6779 -0.5362
vn -0.4976 -0.6662 -0.5555
vn -0.5715 -0.5184 -0.6361
vn -0.5217 -0.4305 -0.7365
vn -0.4835 -0.1937 -0.8537
vn 0.2364 0.8305 -0.5043
vn 0.1764 0.8113 -0.5574
vn 0.0663 0.6816 -0.7287
vn 0.0387 0.7167 -0.6963
vn -0.5714 -0.5908 -0.5696
vn -0.5129 -0.3352 -0.7903
vn -0.4352 -0.1044 -0.8943
vn -0.0691 0.5279 -0.8465
vn -0.0447 0.5992 -0.7993
vn -0.5472 -0.4477 -0.7072
vn -0.0348 0.5479 -0.8358
vn -0.5127 -0.5163 -0.6860
vn -0.4825 -0.3598 -0.7986
vn -0.4583 -0.2064 -0.8645
vn -0.4363 -0.1524 -0.8868
vn -0.3921 -0.0581 -0.9181
vn -0.3832 0.0104 -0.9236
vn -0.1484 0.4235 -0.8937
vn -0.0987 0.4745 -0.8747
vn -0.4519 -0.2449 -0.8578
vn -0.3386 0.0701 -0.9383
vn -0.3534 0.0182 -0.9353
vn -0.3634 0.0720 -0.9289
vn -0.1119 0.4409 -0.8905
vn -0.1723 0.3724 -0.9119
vn -0.4254 -0.2074 -0.8809
vn -0.3816 -0.0844 -0.9205
vn -0.3258 0.1228 -0.9374
vn -0.3004 0.1103 -0.9474
vn -0.2809 0.1695 -0.9446
vn -0.2549 0.2351 -0.9379
vn -0.2352 0.2296 -0.9444
vn -0.2033 0.3270 -0.9229
vn -0.1758 0.3395 -0.9240
vn -0.3109 0.0637 -0.9483
vn -0.2514 0.1802 -0.9510
vn -0.2760 0.1127 -0.9545
vn -0.2181 0.2844 -0.9336
vn -0.2024 0.2806 -0.9382
vn -0.1691 0.3083 -0.9361
vn -0.1254 0.3996 -0.9081
vn -0.1303 0.3656 -0.9216
vn -0.2324 0.1823 -0.9554
vn -0.2119 0.2415 -0.9470
vn -0.1844 0.2605 -0.9477
vn -0.1449 0.3184 -0.9368
vn -0.5360 0.3401 -0.7727
vn -0.5819 0.2531 -0.7728
vn -0.5089 0.3815 -0.7717
vn -0.6265 0.2024 -0.7527
vn -0.3981 0.5063 -0.7649
vn -0.4701 0.4334 -0.7689
vn -0.4082 0.4861 -0.7728
vn -0.2998 0.6111 -0.7326
vn -0.6732 0.0375 -0.7385
vn -0.6293 0.1368 -0.7650
vn -0.4694 0.4010 -0.7867
vn -0.4685 0.4162 -0.7793
vn -0.6557 0.0316 -0.7544
vn -0.5878 0.2054 -0.7825
vn -0.5496 0.2659 -0.7920
vn -0.5362 0.3087 -0.7856
vn -0.5075 0.3177 -0.8010
vn -0.5003 0.3557 -0.7894
vn -0.4084 0.4672 -0.7842
vn -0.3470 0.5428 -0.7648
vn -0.6085 0.1228 -0.7840
vn -0.5716 0.2056 -0.7944
vn -0.5346 0.2614 -0.8036
vn -0.4684 0.3782 -0.7985
vn -0.4726 0.3577 -0.8054
vn -0.4336 0.4202 -0.7971
vn -0.3088 0.5843 -0.7505
vn -0.2436 0.6631 -0.7077
vn -0.1637 0.7253 -0.6687
vn -0.6787 -0.0583 -0.7321
vn -0.6204 0.0587 -0.7821
vn -0.6007 0.1119 -0.7916
vn -0.5559 0.2021 -0.8063
vn -0.5729 0.1417 -0.8073
vn -0.5072 0.2924 -0.8107
vn -0.3827 0.4953 -0.7798
vn -0.0212 0.8110 -0.5847
vn -0.7125 -0.1971 -0.6734
vn -0.6556 -0.0357 -0.7542
vn -0.5473 0.1942 -0.8141
vn -0.4394 0.3890 -0.8097
vn -0.3916 0.4524 -0.8012
vn -0.3305 0.5378 -0.7756
vn -0.2018 0.6695 -0.7149
vn -0.7113 -0.1849 -0.6781
vn -0.6076 0.0592 -0.7920
vn -0.3373 0.4935 -0.8016
vn -0.2360 0.6170 -0.7507
vn -0.2913 0.5360 -0.7924
vn -0.6917 -0.1847 -0.6982
vn -0.6074 0.0004 -0.7944
vn -0.5820 0.1313 -0.8025
vn -0.5702 0.0942 -0.8161
vn -0.1582 0.6776 -0.7183
vn -0.6709 -0.6286 -0.3934
vn -0.6763 -0.5056 -0.5357
vn -0.6678 -0.2205 -0.7109
vn -0.7073 -0.3512 -0.6135
vn -0.2448 0.5679 -0.7858
vn -0.7048 -0.4540 -0.5452
vn -0.6117 -0.0987 -0.7849
vn -0.5501 0.0720 -0.8320
vn -0.0049 0.8031 -0.5958
vn -0.6036 -0.7900 -0.1077
vn -0.5563 -0.8231 -0.1146
vn -0.6699 -0.6659 -0.3283
vn -0.6491 -0.2595 -0.7151
vn -0.5669 -0.0199 -0.8235
vn 0.1343 0.8621 -0.4886
vn -0.1594 0.6637 -0.7308
vn -0.0592 0.7316 -0.6791
vn -0.2140 0.5792 -0.7866
vn -0.5238 -0.8428 -0.1238
vn -0.5307 -0.8362 -0.1379
vn -0.6144 -0.7259 -0.3091
vn -0.6575 -0.5822 -0.4783
vn -0.6550 -0.4405 -0.6140
vn -0.6410 -0.4357 -0.6319
vn -0.2867 0.5301 -0.7980
vn -0.2821 0.5381 -0.7942
vn -0.6052 -0.7262 -0.3262
vn -0.6573 -0.6708 -0.3435
vn -0.6331 -0.6075 -0.4797
vn -0.6402 -0.5876 -0.4948
vn -0.6190 -0.2168 -0.7549
vn -0.1428 0.6376 -0.7571
vn -0.2048 0.5482 -0.8109
vn 0.0244 0.7827 -0.6219
vn -0.6646 -0.4222 -0.6165
vn -0.6053 -0.1435 -0.7830
vn -0.5292 0.0165 -0.8483
vn 0.1324 0.8497 -0.5104
vn -0.0581 0.7106 -0.7012
vn -0.6509 -0.2780 -0.7064
vn -0.5346 -0.0383 -0.8442
vn -0.1394 0.6124 -0.7781
vn 0.1557 0.8403 -0.5192
vn -0.0178 0.7275 -0.6859
vn -0.6588 -0.5917 -0.4646
vn -0.6819 -0.4993 -0.5346
vn -0.6132 -0.3087 -0.7272
vn -0.5773 -0.1400 -0.8044
vn -0.4967 0.0555 -0.8661
vn -0.4946 0.0326 -0.8685
vn -0.2069 0.5039 -0.8386
vn -0.2474 0.4672 -0.8489
vn -0.5564 -0.1437 -0.8184
vn -0.5026 -0.0253 -0.8641
vn -0.0115 0.7086 -0.7055
vn -0.1447 0.5871 -0.7965
vn -0.1407 0.5527 -0.8214
vn -0.6652 -0.4203 -0.6171
vn -0.5787 -0.2325 -0.7817
vn -0.6152 -0.3167 -0.7220
vn -0.5103 -0.0680 -0.8573
vn -0.2082 0.4780 -0.8533
vn -0.0478 0.6660 -0.7444
vn 0.1458 0.8208 -0.5523
vn -0.4619 0.0491 -0.8856
vn -0.4480 0.0403 -0.8931
vn -0.4293 0.0952 -0.8981
vn -0.2688 0.3958 -0.8782
vn -0.2403 0.4283 -0.8711
vn -0.1728 0.5266 -0.8324
vn -0.4973 -0.1232 -0.8588
vn -0.4571 -0.0034 -0.8894
vn -0.4127 0.0784 -0.9075
vn -0.1916 0.4816 -0.8552
vn -0.2115 0.4292 -0.8781
vn -0.0951 0.5864 -0.8044
vn -0.5018 -0.1462 -0.8525
vn -0.4699 -0.0611 -0.8806
vn -0.4059 0.1172 -0.9063
vn -0.3772 0.1569 -0.9127
vn -0.3475 0.1873 -0.9188
vn -0.2558 0.3754 -0.8909
vn -0.1421 0.5046 -0.8516
vn -0.4211 -0.0289 -0.9066
vn -0.4311 0.0181 -0.9021
vn -0.3976 0.0478 -0.9163
vn -0.3729 0.1091 -0.9214
vn -0.3325 0.1793 -0.9259
vn -0.3341 0.2359 -0.9125
vn -0.3026 0.2929 -0.9070
vn -0.2907 0.2711 -0.9176
vn -0.2819 0.3406 -0.8969
vn -0.2592 0.3296 -0.9078
vn -0.2152 0.3759 -0.9013
vn -0.1795 0.4274 -0.8861
vn -0.3679 0.0854 -0.9259
vn -0.3021 0.2111 -0.9296
vn -0.2633 0.2615 -0.9286
vn -0.2312 0.3162 -0.9201
vn -0.1187 0.4934 -0.8617
vn -0.1916 0.3689 -0.9095
vn -0.3365 0.1362 -0.9318
vn -0.2947 0.1962 -0.9352
vn -0.2357 0.2876 -0.9283
vn -0.5089 0.2716 -0.8169
vn -0.4698 0.3401 -0.8146
vn -0.4849 0.2899 -0.8251
vn -0.4341 0.3554 -0.8278
vn -0.4023 0.4092 -0.8190
vn -0.3505 0.4540 -0.8192
vn -0.5360 0.1755 -0.8257
vn -0.5076 0.2426 -0.8267
vn -0.4559 0.3071 -0.8353
vn -0.3890 0.3901 -0.8346
vn -0.3683 0.3873 -0.8452
vn -0.3086 0.4927 -0.8136
vn -0.4666 0.2575 -0.8462
vn -0.4123 0.3366 -0.8466
vn -0.5088 0.1661 -0.8447
vn -0.4645 0.2188 -0.8581
vn -0.3286 0.4739 -0.8170
vn -0.5173 0.1054 -0.8493
vn -0.3223 0.4511 -0.8322
vn -0.4725 0.1639 -0.8660
vn -0.4061 0.3148 -0.8579
vn -0.4278 0.2534 -0.8676
vn -0.2535 0.5233 -0.8135
vn -0.5061 0.0881 -0.8580
vn -0.4754 0.1137 -0.8724
vn -0.4327 0.2007 -0.8789
vn -0.3842 0.2950 -0.8748
vn -0.3536 0.3528 -0.8663
vn -0.3111 0.4042 -0.8602
vn -0.2647 0.4758 -0.8387
vn -0.4127 0.2212 -0.8836
vn -0.3532 0.3142 -0.8812
vn -0.3026 0.3838 -0.8725
vn -0.4512 0.1068 -0.8860
vn -0.4287 0.1705 -0.8872
vn -0.2515 0.4405 -0.8618
vn -0.3818 0.2364 -0.8935
vn -0.4083 0.1400 -0.9021
vn -0.3082 0.3509 -0.8843
vn -0.3398 0.2056 -0.9178
vn -0.3217 0.3164 -0.8924
vn -0.3390 0.2568 -0.9051
vn -0.2669 0.2987 -0.9163
vn -0.3653 0.1686 -0.9155
vn -0.3232 0.2455 -0.9139
vn -0.2858 0.2864 -0.9145
s 1
usemtl mtl1.270
f 50//1 52//2 8//3
f 51//4 50//1 1//5
f 1//5 50//1 2//6
f 8//3 2//6 50//1
f 51//4 1//5 3//7
f 5//8 2//6 12//9
f 1//5 4//10 3//7
f 4//10 1//5 5//8
f 1//5 2//6 5//8
f 4//10 5//8 7//11
f 7//11 5//8 12//9
f 3//7 4//10 6//12
f 6//12 4//10 7//11
f 7//11 12//9 209//13
f 8//3 13//14 14//15
f 13//14 8//3 52//2
f 9//16 8//3 10//17
f 8//3 14//15 10//17
f 9//16 12//9 2//6
f 12//9 9//16 11//18
f 9//16 10//17 11//18
f 2//6 8//3 9//16
f 5126//19 5128//20 53//21
f 14//15 13//14 19//22
f 10//17 14//15 15//23
f 14//15 19//22 15//23
f 11//18 10//17 16//24
f 10//17 15//23 16//24
f 16//24 15//23 17//25
f 16//24 17//25 253//26
f 253//26 17//25 210//27
f 5126//19 53//21 18//28
f 53//21 54//29 18//28
f 18//28 54//29 25//30
f 19//22 18//28 20//31
f 18//28 25//30 20//31
f 19//22 13//14 18//28
f 15//23 19//22 21//32
f 20//31 21//32 19//22
f 29//33 21//32 20//31
f 25//30 29//33 20//31
f 24//34 23//35 32//36
f 22//37 17//25 15//23
f 21//32 22//37 15//23
f 23//35 22//37 21//32
f 32//36 23//35 21//32
f 32//36 21//32 29//33
f 17//25 22//37 210//27
f 210//27 22//37 23//35
f 210//27 23//35 24//34
f 211//38 210//27 24//34
f 25//30 27//39 26//40
f 25//30 54//29 56//41
f 25//30 56//41 27//39
f 56//41 57//42 27//39
f 29//33 26//40 33//43
f 26//40 29//33 25//30
f 26//40 27//39 30//44
f 28//45 30//44 27//39
f 57//42 28//45 27//39
f 57//42 64//46 31//47
f 28//45 57//42 31//47
f 32//36 29//33 33//43
f 34//48 33//43 26//40
f 34//48 26//40 30//44
f 36//49 34//48 30//44
f 36//49 30//44 28//45
f 28//45 37//50 36//49
f 37//50 28//45 31//47
f 70//51 37//50 31//47
f 24//34 32//36 40//52
f 40//52 32//36 33//43
f 40//52 33//43 38//53
f 33//43 34//48 38//53
f 35//54 34//48 36//49
f 35//54 38//53 34//48
f 36//49 37//50 39//55
f 35//54 36//49 39//55
f 39//55 37//50 70//51
f 38//53 35//54 41//56
f 41//56 35//54 39//55
f 39//55 213//57 41//56
f 73//58 213//57 39//55
f 47//59 93//60 42//61
f 86//62 93//60 43//63
f 43//63 93//60 47//59
f 43//63 217//64 86//62
f 42//61 44//65 47//59
f 89//66 5127//67 42//61
f 47//59 48//68 43//63
f 43//63 48//68 258//69
f 48//68 293//70 258//69
f 258//69 217//64 43//63
f 5127//67 89//66 45//71
f 44//65 51//4 46//72
f 47//59 44//65 46//72
f 45//71 51//4 5127//67
f 47//59 46//72 48//68
f 46//72 3//7 48//68
f 51//4 3//7 46//72
f 3//7 6//12 48//68
f 6//12 293//70 48//68
f 51//4 45//71 49//73
f 50//1 51//4 49//73
f 50//1 49//73 52//2
f 5128//20 49//73 45//71
f 5128//20 45//71 53//21
f 53//21 55//74 54//29
f 54//29 55//74 58//75
f 56//41 54//29 58//75
f 56//41 58//75 57//42
f 64//46 57//42 59//76
f 57//42 58//75 59//76
f 64//46 59//76 60//77
f 61//78 59//76 58//75
f 55//74 61//78 58//75
f 59//76 61//78 60//77
f 60//77 61//78 63//79
f 60//77 63//79 65//80
f 61//78 55//74 62//81
f 61//78 62//81 63//79
f 65//80 63//79 66//82
f 55//74 53//21 62//81
f 63//79 94//83 66//82
f 63//79 62//81 94//83
f 64//46 67//84 31//47
f 68//85 67//84 60//77
f 60//77 67//84 64//46
f 60//77 65//80 68//85
f 68//85 65//80 69//86
f 65//80 66//82 69//86
f 94//83 96//87 66//82
f 67//84 70//51 31//47
f 67//84 68//85 71//88
f 67//84 71//88 70//51
f 68//85 72//89 71//88
f 69//86 72//89 68//85
f 69//86 66//82 96//87
f 96//87 72//89 69//86
f 70//51 73//58 39//55
f 73//58 70//51 71//88
f 74//90 73//58 71//88
f 72//89 74//90 71//88
f 74//90 72//89 75//91
f 213//57 73//58 218//92
f 218//92 73//58 74//90
f 76//93 75//91 72//89
f 78//94 77//95 85//96
f 5130//97 102//98 5129//99
f 5129//99 102//98 82//100
f 87//101 79//102 85//96
f 85//96 79//102 78//94
f 87//101 259//103 79//102
f 85//96 80//104 83//105
f 83//105 80//104 84//106
f 80//104 81//107 84//106
f 84//106 81//107 90//108
f 90//108 81//107 91//109
f 5131//110 82//100 81//107
f 81//107 82//100 91//109
f 91//109 82//100 156//111
f 85//96 77//95 80//104
f 5129//99 82//100 5131//110
f 82//100 102//98 156//111
f 90//108 93//60 84//106
f 83//105 86//62 85//96
f 93//60 86//62 83//105
f 93//60 83//105 84//106
f 86//62 87//101 85//96
f 259//103 87//101 86//62
f 86//62 217//64 259//103
f 92//112 88//113 42//61
f 42//61 88//113 89//66
f 92//112 90//108 91//109
f 92//112 91//109 88//113
f 88//113 91//109 89//66
f 91//109 156//111 89//66
f 42//61 93//60 92//112
f 93//60 90//108 92//112
f 89//66 156//111 45//71
f 94//83 62//81 95//114
f 95//114 62//81 105//115
f 97//116 96//87 94//83
f 5132//117 97//116 94//83
f 108//118 97//116 5132//117
f 105//115 108//118 5132//117
f 97//116 108//118 98//119
f 72//89 96//87 76//93
f 76//93 96//87 97//116
f 110//120 98//119 108//118
f 76//93 97//116 98//119
f 223//121 76//93 98//119
f 223//121 98//119 99//122
f 99//122 98//119 110//120
f 99//122 110//120 227//123
f 223//121 99//122 224//124
f 224//124 99//122 227//123
f 103//125 113//126 102//98
f 102//98 113//126 114//127
f 100//128 113//126 5133//129
f 5133//129 104//130 101//131
f 101//131 100//128 5133//129
f 117//132 100//128 118//133
f 101//131 118//133 100//128
f 103//125 102//98 5130//97
f 78//94 104//130 5133//129
f 62//81 106//134 105//115
f 105//115 106//134 109//135
f 105//115 109//135 108//118
f 62//81 53//21 106//134
f 108//118 109//135 110//120
f 53//21 120//136 106//134
f 106//134 120//136 107//137
f 109//135 5134//138 111//139
f 106//134 107//137 109//135
f 107//137 120//136 119//140
f 111//139 5135//141 124//142
f 5134//138 5135//141 111//139
f 109//135 111//139 110//120
f 110//120 112//143 227//123
f 127//144 111//139 124//142
f 112//143 110//120 111//139
f 228//145 227//123 112//143
f 112//143 111//139 127//144
f 117//132 131//146 116//147
f 131//146 144//148 116//147
f 117//132 230//149 131//146
f 100//128 115//150 113//126
f 115//150 114//127 113//126
f 116//147 115//150 117//132
f 115//150 116//147 114//127
f 116//147 144//148 114//127
f 144//148 102//98 114//127
f 117//132 115//150 100//128
f 118//133 230//149 117//132
f 45//71 135//151 53//21
f 121//152 119//140 120//136
f 121//152 124//142 5135//141
f 123//153 53//21 135//151
f 120//136 53//21 123//153
f 120//136 123//153 122//154
f 125//155 121//152 122//154
f 121//152 120//136 122//154
f 121//152 125//155 124//142
f 122//154 123//153 126//156
f 122//154 5136//157 125//155
f 126//156 123//153 135//151
f 127//144 124//142 128//158
f 125//155 129//159 128//158
f 128//158 124//142 125//155
f 129//159 125//155 5136//157
f 130//160 129//159 5136//157
f 135//151 139//161 126//156
f 5136//157 5140//162 130//160
f 128//158 129//159 231//163
f 127//144 128//158 231//163
f 233//164 127//144 231//163
f 232//165 231//163 129//159
f 234//166 232//165 130//160
f 232//165 129//159 130//160
f 144//148 195//167 102//98
f 266//168 152//169 131//146
f 266//168 131//146 230//149
f 45//71 156//111 132//170
f 142//171 132//170 133//172
f 132//170 142//171 138//173
f 5137//174 134//175 142//171
f 5137//174 159//176 134//175
f 45//71 136//177 135//151
f 135//151 137//178 141//179
f 135//151 141//179 139//161
f 136//177 45//71 132//170
f 5139//180 136//177 132//170
f 138//173 142//171 140//181
f 136//177 5139//180 5141//182
f 136//177 5142//183 5138//184
f 136//177 5138//184 135//151
f 137//178 5143//185 141//179
f 143//186 5140//162 5144//187
f 140//181 142//171 143//186
f 143//186 5144//187 140//181
f 142//171 134//175 143//186
f 143//186 236//188 5140//162
f 235//189 143//186 134//175
f 154//190 153//191 276//192
f 275//193 154//190 276//192
f 276//192 153//191 152//169
f 148//194 144//148 131//146
f 145//195 148//194 149//196
f 148//194 145//195 144//148
f 144//148 145//195 146//197
f 144//148 146//197 195//167
f 150//198 145//195 149//196
f 147//199 145//195 150//198
f 145//195 147//199 146//197
f 195//167 146//197 161//200
f 151//201 147//199 150//198
f 161//200 147//199 151//201
f 147//199 161//200 146//197
f 163//202 161//200 151//201
f 152//169 148//194 131//146
f 152//169 153//191 148//194
f 153//191 149//196 148//194
f 153//191 154//190 149//196
f 154//190 150//198 149//196
f 154//190 155//203 150//198
f 155//203 151//201 150//198
f 151//201 155//203 162//204
f 151//201 162//204 163//202
f 154//190 275//193 155//203
f 275//193 169//205 155//203
f 172//206 238//207 160//208
f 238//207 172//206 244//209
f 158//210 133//172 132//170
f 157//211 156//111 5151//212
f 156//111 158//210 132//170
f 157//211 158//210 156//111
f 5146//213 159//176 5137//174
f 5145//214 160//208 5146//213
f 5146//213 160//208 159//176
f 5152//215 160//208 5145//214
f 240//216 159//176 160//208
f 238//207 240//216 160//208
f 164//217 161//200 163//202
f 164//217 166//218 161//200
f 165//219 166//218 164//217
f 169//205 162//204 155//203
f 162//204 169//205 164//217
f 163//202 162//204 164//217
f 169//205 170//220 5147//221
f 169//205 5147//221 164//217
f 161//200 166//218 195//167
f 167//222 5147//221 170//220
f 165//219 5148//223 166//218
f 168//224 167//222 170//220
f 5148//223 173//225 166//218
f 166//218 173//225 195//167
f 5148//223 5149//226 173//225
f 175//227 173//225 5149//226
f 170//220 180//228 168//224
f 168//224 180//228 5153//229
f 169//205 281//230 170//220
f 171//231 243//232 172//206
f 208//233 243//232 171//231
f 5151//212 156//111 5150//234
f 172//206 243//232 244//209
f 176//235 173//225 175//227
f 174//236 173//225 176//235
f 173//225 174//236 195//167
f 176//235 177//237 174//236
f 178//238 174//236 177//237
f 178//238 195//167 174//236
f 5153//229 180//228 5154//239
f 181//240 5154//239 180//228
f 181//240 5155//241 5154//239
f 181//240 182//242 5155//241
f 182//242 183//243 179//244
f 5158//245 5156//245 5157//245
f 5159//246 178//238 177//237
f 186//247 178//238 179//244
f 195//167 178//238 186//247
f 183//243 186//247 179//244
f 184//248 182//242 181//240
f 183//243 182//242 184//248
f 185//249 183//243 184//248
f 287//250 185//249 184//248
f 185//249 287//250 246//251
f 246//251 190//252 185//249
f 183//243 189//253 186//247
f 189//253 187//254 186//247
f 186//247 187//254 188//255
f 5160//256 191//257 187//254
f 187//254 192//258 188//255
f 191//257 192//258 187//254
f 185//249 190//252 183//243
f 190//252 191//257 5160//256
f 190//252 5160//256 183//243
f 192//258 196//259 188//255
f 192//258 198//260 196//259
f 247//261 248//262 191//257
f 248//262 193//263 191//257
f 191//257 193//263 192//258
f 193//263 194//264 192//258
f 192//258 194//264 5161//265
f 247//261 190//252 246//251
f 190//252 247//261 191//257
f 186//247 188//255 195//167
f 188//255 197//266 195//167
f 197//266 188//255 196//259
f 195//167 197//266 206//267
f 196//259 199//268 197//266
f 198//260 199//268 196//259
f 199//268 200//269 197//266
f 197//266 201//270 206//267
f 200//269 201//270 197//266
f 201//270 202//271 206//267
f 194//264 203//272 5161//265
f 5161//265 203//272 5162//273
f 203//272 204//274 5162//273
f 5162//273 204//274 5163//275
f 5163//275 204//274 5164//276
f 204//274 205//277 5164//276
f 5164//276 205//277 5165//278
f 156//111 102//98 206//267
f 102//98 195//167 206//267
f 207//279 208//233 5165//278
f 205//277 207//279 5165//278
f 156//111 206//267 5150//234
f 202//271 5150//234 206//267
f 5165//278 208//233 171//231
f 6//12 7//11 293//70
f 209//13 12//9 11//18
f 209//13 11//18 253//26
f 11//18 16//24 253//26
f 254//280 210//27 211//38
f 253//26 210//27 254//280
f 40//52 211//38 24//34
f 211//38 40//52 212//281
f 255//282 211//38 212//281
f 211//38 255//282 254//280
f 214//283 40//52 38//53
f 214//283 38//53 41//56
f 215//284 214//283 41//56
f 213//57 215//284 41//56
f 214//283 212//281 40//52
f 216//285 215//284 213//57
f 256//286 214//283 215//284
f 215//284 216//285 256//286
f 216//285 300//287 256//286
f 75//91 218//92 74//90
f 219//288 75//91 76//93
f 216//285 213//57 218//92
f 218//92 221//289 216//285
f 75//91 220//290 218//92
f 220//290 75//91 219//288
f 300//287 216//285 221//289
f 218//92 220//290 221//289
f 220//290 219//288 222//291
f 219//288 226//292 222//291
f 78//94 261//293 104//130
f 261//293 78//94 79//102
f 79//102 259//103 261//293
f 219//288 76//93 223//121
f 223//121 226//292 219//288
f 226//292 223//121 224//124
f 225//294 226//292 224//124
f 375//295 226//292 225//294
f 375//295 222//291 226//292
f 260//296 118//133 101//131
f 261//293 101//131 104//130
f 233//164 112//143 127//144
f 233//164 228//145 112//143
f 229//297 228//145 233//164
f 229//297 227//123 228//145
f 229//297 224//124 227//123
f 118//133 260//296 230//149
f 234//166 130//160 236//188
f 263//298 233//164 231//163
f 263//298 231//163 232//165
f 263//298 232//165 264//299
f 264//299 232//165 234//166
f 267//300 152//169 266//168
f 134//175 159//176 241//301
f 241//301 242//302 269//303
f 235//189 236//188 143//186
f 269//303 235//189 134//175
f 269//303 134//175 241//301
f 234//166 236//188 270//304
f 270//304 236//188 235//189
f 235//189 269//303 271//305
f 236//188 130//160 5140//162
f 237//306 169//205 275//193
f 239//307 238//207 244//209
f 245//308 239//307 244//209
f 239//307 280//309 242//302
f 241//301 159//176 240//216
f 238//207 242//302 240//216
f 242//302 241//301 240//216
f 238//207 239//307 242//302
f 280//309 268//310 242//302
f 237//306 281//230 169//205
f 170//220 281//230 180//228
f 283//311 184//248 181//240
f 287//250 184//248 283//311
f 243//232 208//233 285//312
f 244//209 243//232 245//308
f 286//313 245//308 243//232
f 288//314 246//251 287//250
f 250//315 246//251 288//314
f 288//314 353//316 250//315
f 193//263 248//262 249//317
f 247//261 246//251 250//315
f 250//315 248//262 247//261
f 250//315 249//317 248//262
f 249//317 194//264 193//263
f 249//317 250//315 289//318
f 251//319 194//264 249//317
f 203//272 194//264 251//319
f 289//318 250//315 353//316
f 251//319 204//274 203//272
f 252//320 208//233 207//279
f 207//279 205//277 252//320
f 252//320 285//312 208//233
f 322//321 285//312 252//320
f 254//280 292//322 253//26
f 255//282 292//322 254//280
f 292//322 255//282 328//323
f 295//324 212//281 214//283
f 214//283 256//286 295//324
f 258//69 257//325 217//64
f 374//326 222//291 375//295
f 374//326 220//290 222//291
f 257//325 259//103 217//64
f 229//297 225//294 224//124
f 101//131 261//293 260//296
f 334//327 233//164 384//328
f 334//327 229//297 233//164
f 230//149 260//296 266//168
f 305//329 266//168 260//296
f 265//330 234//166 270//304
f 265//330 270//304 262//331
f 384//328 233//164 263//298
f 265//330 264//299 234//166
f 263//298 339//332 384//328
f 339//332 263//298 264//299
f 340//333 339//332 264//299
f 276//192 152//169 267//300
f 307//334 276//192 267//300
f 307//334 275//193 276//192
f 267//300 266//168 306//335
f 306//335 307//334 267//300
f 305//329 306//335 266//168
f 268//310 269//303 242//302
f 271//305 270//304 235//189
f 272//336 271//305 269//303
f 268//310 272//336 269//303
f 272//336 268//310 274//337
f 271//305 272//336 273//338
f 273//338 270//304 271//305
f 262//331 270//304 273//338
f 273//338 272//336 274//337
f 273//338 274//337 310//339
f 310//339 262//331 273//338
f 277//340 281//230 237//306
f 275//193 277//340 237//306
f 280//309 239//307 279//341
f 279//341 239//307 245//308
f 279//341 278//342 317//343
f 279//341 245//308 278//342
f 268//310 280//309 309//344
f 180//228 281//230 282//345
f 181//240 180//228 282//345
f 282//345 283//311 181//240
f 284//346 283//311 282//345
f 313//347 281//230 277//340
f 284//346 287//250 283//311
f 288//314 287//250 284//346
f 288//314 321//348 352//349
f 361//350 285//312 322//321
f 324//351 285//312 361//350
f 286//313 243//232 285//312
f 324//351 286//313 285//312
f 324//351 315//352 278//342
f 324//351 245//308 286//313
f 278//342 245//308 324//351
f 321//348 288//314 284//346
f 352//349 353//316 288//314
f 251//319 249//317 289//318
f 205//277 204//274 325//353
f 205//277 323//354 252//320
f 323//354 205//277 325//353
f 253//26 291//355 209//13
f 290//356 209//13 291//355
f 291//355 253//26 292//322
f 291//355 292//322 367//357
f 332//358 258//69 293//70
f 294//359 293//70 7//11
f 209//13 290//356 294//359
f 209//13 294//359 7//11
f 328//323 255//282 212//281
f 328//323 212//281 329//360
f 295//324 329//360 212//281
f 296//361 295//324 256//286
f 298//362 256//286 300//287
f 297//363 296//361 256//286
f 297//363 256//286 298//362
f 257//325 332//358 299//364
f 299//364 332//358 373//365
f 258//69 332//358 257//325
f 221//289 301//366 300//287
f 374//326 221//289 220//290
f 301//366 221//289 374//326
f 298//362 300//287 301//366
f 261//293 379//367 303//368
f 379//367 261//293 259//103
f 259//103 299//364 379//367
f 299//364 259//103 257//325
f 375//295 225//294 381//369
f 261//293 303//368 260//296
f 302//370 260//296 303//368
f 304//371 302//370 303//368
f 378//372 383//373 302//370
f 304//371 378//372 302//370
f 333//374 229//297 334//327
f 333//374 225//294 229//297
f 383//373 305//329 302//370
f 335//375 306//335 305//329
f 302//370 305//329 260//296
f 337//376 340//333 262//331
f 337//376 262//331 310//339
f 345//377 337//376 310//339
f 264//299 265//330 340//333
f 262//331 340//333 265//330
f 307//334 312//378 275//193
f 308//379 341//380 307//334
f 308//379 307//334 306//335
f 312//378 307//334 341//380
f 316//381 343//382 344//383
f 309//344 316//381 344//383
f 344//383 311//384 309//344
f 311//384 310//339 274//337
f 274//337 268//310 311//384
f 311//384 268//310 309//344
f 345//377 310//339 311//384
f 275//193 312//378 277//340
f 277//340 314//385 313//347
f 314//385 277//340 312//378
f 313//347 314//385 347//386
f 313//347 347//386 319//387
f 314//385 312//378 342//388
f 278//342 315//352 317//343
f 317//343 315//352 351//389
f 316//381 309//344 279//341
f 280//309 279//341 309//344
f 317//343 316//381 279//341
f 343//382 316//381 317//343
f 351//389 343//382 317//343
f 281//230 313//347 282//345
f 282//345 313//347 319//387
f 282//345 319//387 318//390
f 318//390 284//346 282//345
f 320//391 284//346 318//390
f 320//391 321//348 284//346
f 349//392 318//390 319//387
f 349//392 320//391 318//390
f 406//393 320//391 349//392
f 320//391 406//393 321//348
f 360//394 322//321 323//354
f 361//350 322//321 360//394
f 361//350 350//395 324//351
f 315//352 324//351 350//395
f 251//319 354//396 326//397
f 251//319 289//318 354//396
f 204//274 251//319 326//397
f 204//274 326//397 325//353
f 323//354 322//321 252//320
f 293//70 327//398 330//399
f 327//398 293//70 294//359
f 327//398 294//359 290//356
f 327//398 290//356 364//400
f 290//356 291//355 365//401
f 291//355 367//357 365//401
f 368//402 292//322 328//323
f 415//403 373//365 332//358
f 332//358 293//70 330//399
f 415//403 332//358 330//399
f 295//324 296//361 416//404
f 329//360 295//324 449//405
f 295//324 416//404 449//405
f 296//361 297//363 416//404
f 298//362 416//404 297//363
f 379//367 299//364 371//406
f 299//364 331//407 371//406
f 373//365 331//407 299//364
f 333//374 381//369 225//294
f 305//329 383//373 335//375
f 387//408 384//328 339//332
f 335//375 336//409 306//335
f 336//409 308//379 306//335
f 389//410 308//379 336//409
f 395//411 336//409 335//375
f 337//376 345//377 338//412
f 399//413 340//333 337//376
f 397//414 399//413 337//376
f 338//412 397//414 337//376
f 398//415 338//412 346//416
f 398//415 346//416 404//417
f 340//333 387//408 339//332
f 388//418 387//408 340//333
f 388//418 340//333 399//413
f 401//419 342//388 341//380
f 308//379 400//420 341//380
f 402//421 342//388 401//419
f 402//421 405//422 342//388
f 346//416 311//384 344//383
f 404//417 346//416 344//383
f 404//417 344//383 343//382
f 311//384 346//416 345//377
f 338//412 345//377 346//416
f 341//380 342//388 312//378
f 342//388 405//422 314//385
f 405//422 347//386 314//385
f 348//423 319//387 347//386
f 348//423 349//392 319//387
f 348//423 347//386 407//424
f 407//424 349//392 348//423
f 351//389 315//352 350//395
f 403//425 351//389 411//426
f 350//395 411//426 351//389
f 343//382 351//389 403//425
f 352//349 321//348 406//393
f 354//396 289//318 355//427
f 353//316 355//427 289//318
f 355//427 357//428 354//396
f 357//428 326//397 354//396
f 326//397 356//429 325//353
f 356//429 323//354 325//353
f 326//397 357//428 356//429
f 357//428 358//430 356//429
f 323//354 359//431 360//394
f 356//429 359//431 323//354
f 358//430 359//431 356//429
f 361//350 360//394 410//432
f 350//395 361//350 410//432
f 330//399 327//398 362//433
f 364//400 362//433 327//398
f 330//399 362//433 413//434
f 362//433 363//435 413//434
f 362//433 364//400 363//435
f 366//436 445//437 363//435
f 364//400 290//356 365//401
f 369//438 365//401 367//357
f 365//401 366//436 364//400
f 365//401 369//438 366//436
f 366//436 369//438 447//439
f 363//435 364//400 366//436
f 367//357 292//322 368//402
f 367//357 368//402 369//438
f 328//323 329//360 414//440
f 447//439 369//438 368//402
f 447//439 368//402 328//323
f 447//439 328//323 414//440
f 415//403 330//399 413//434
f 417//441 416//404 298//362
f 370//442 371//406 372//443
f 372//443 371//406 331//407
f 420//444 372//443 331//407
f 373//365 420//444 331//407
f 376//445 374//326 421//446
f 421//446 374//326 375//295
f 381//369 382//447 375//295
f 374//326 376//445 301//366
f 417//441 298//362 301//366
f 376//445 417//441 301//366
f 421//446 375//295 382//447
f 424//448 383//373 378//372
f 424//448 434//449 383//373
f 423//450 378//372 377//451
f 423//450 425//452 378//372
f 425//452 424//448 378//372
f 377//451 304//371 303//368
f 379//367 377//451 303//368
f 370//442 379//367 371//406
f 377//451 378//372 304//371
f 380//453 379//367 370//442
f 379//367 380//453 377//451
f 423//450 377//451 380//453
f 385//454 381//369 333//374
f 432//455 382//447 381//369
f 432//455 381//369 385//454
f 383//373 396//456 335//375
f 434//449 396//456 383//373
f 385//454 333//374 334//327
f 386//457 384//328 387//408
f 386//457 385//454 334//327
f 386//457 334//327 384//328
f 386//457 387//408 462//458
f 461//459 387//408 388//418
f 387//408 461//459 462//458
f 388//418 399//413 459//460
f 400//420 308//379 389//410
f 390//461 391//462 389//410
f 391//462 400//420 389//410
f 393//463 391//462 390//461
f 393//463 390//461 392//464
f 441//465 400//420 391//462
f 396//456 394//466 392//464
f 436//467 393//463 392//464
f 436//467 437//468 393//463
f 394//466 436//467 392//464
f 441//465 391//462 437//468
f 437//468 391//462 393//463
f 394//466 433//469 436//467
f 439//470 441//465 437//468
f 335//375 396//456 395//411
f 390//461 389//410 336//409
f 390//461 336//409 395//411
f 392//464 390//461 395//411
f 396//456 392//464 395//411
f 434//449 394//466 396//456
f 440//471 404//417 443//472
f 397//414 338//412 398//415
f 440//471 398//415 404//417
f 397//414 398//415 440//471
f 341//380 400//420 401//419
f 441//465 401//419 400//420
f 402//421 401//419 441//465
f 403//425 404//417 343//382
f 404//417 403//425 443//472
f 403//425 411//426 471//473
f 403//425 471//473 443//472
f 349//392 407//424 408//474
f 349//392 408//474 406//393
f 347//386 405//422 407//424
f 412//475 475//476 409//477
f 410//432 409//477 475//476
f 411//426 410//432 470//478
f 350//395 410//432 411//426
f 474//479 353//316 352//349
f 353//316 511//480 355//427
f 511//480 353//316 474//479
f 358//430 412//475 359//431
f 359//431 412//475 360//394
f 444//481 358//430 357//428
f 444//481 412//475 358//430
f 409//477 410//432 360//394
f 360//394 412//475 409//477
f 363//435 445//437 413//434
f 366//436 446//482 445//437
f 366//436 447//439 446//482
f 329//360 449//405 414//440
f 415//403 420//444 373//365
f 420//444 415//403 448//483
f 413//434 448//483 415//403
f 481//484 414//440 449//405
f 416//404 417//441 449//405
f 450//485 417//441 376//445
f 370//442 418//486 431//487
f 431//487 380//453 370//442
f 418//486 451//488 431//487
f 370//442 372//443 419//489
f 452//490 372//443 420//444
f 419//489 418//486 370//442
f 419//489 372//443 452//490
f 419//489 452//490 418//486
f 376//445 421//446 450//485
f 422//491 421//446 382//447
f 422//491 450//485 421//446
f 423//450 380//453 430//492
f 430//492 426//493 423//450
f 426//493 425//452 423//450
f 427//494 425//452 426//493
f 427//494 424//448 425//452
f 427//494 428//495 424//448
f 426//493 429//496 427//494
f 429//496 426//493 430//492
f 430//492 451//488 429//496
f 431//487 451//488 430//492
f 454//497 428//495 427//494
f 428//495 454//497 458//498
f 454//497 427//494 429//496
f 431//487 430//492 380//453
f 422//491 382//447 432//455
f 435//499 385//454 386//457
f 435//499 432//455 385//454
f 488//500 422//491 432//455
f 488//500 432//455 435//499
f 463//501 438//502 433//469
f 424//448 428//495 434//449
f 428//495 433//469 434//449
f 428//495 458//498 433//469
f 458//498 463//501 433//469
f 388//418 459//460 461//459
f 462//458 435//499 386//457
f 433//469 394//466 434//449
f 438//502 437//468 436//467
f 439//470 437//468 438//502
f 438//502 436//467 433//469
f 465//503 439//470 438//502
f 464//504 465//503 438//502
f 443//472 466//505 440//471
f 460//506 459//460 399//413
f 397//414 440//471 460//506
f 460//506 399//413 397//414
f 442//507 402//421 441//465
f 402//421 442//507 405//422
f 442//507 441//465 439//470
f 467//508 405//422 442//507
f 405//422 467//508 407//424
f 467//508 468//509 407//424
f 502//510 472//511 468//509
f 472//511 407//424 468//509
f 471//473 411//426 470//478
f 443//472 471//473 501//512
f 406//393 473//513 352//349
f 472//511 408//474 407//424
f 408//474 472//511 406//393
f 352//349 473//513 474//479
f 406//393 472//511 473//513
f 475//476 412//475 444//481
f 509//514 470//478 410//432
f 355//427 511//480 546//515
f 357//428 355//427 546//515
f 413//434 477//516 448//483
f 477//516 413//434 445//437
f 479//517 477//516 445//437
f 445//437 446//482 478//518
f 446//482 447//439 478//518
f 479//517 445//437 478//518
f 452//490 420//444 448//483
f 482//519 481//484 449//405
f 449//405 417//441 484//520
f 449//405 484//520 482//519
f 450//485 484//520 417//441
f 450//485 422//491 453//521
f 453//521 422//491 486//522
f 455//523 458//498 454//497
f 456//524 488//500 435//499
f 456//524 435//499 462//458
f 422//491 488//500 487//525
f 489//526 488//500 456//524
f 458//498 457//527 463//501
f 465//503 463//501 457//527
f 455//523 457//527 458//498
f 492//528 466//505 501//512
f 460//506 466//505 492//528
f 459//460 460//506 494//529
f 460//506 492//528 494//529
f 464//504 438//502 463//501
f 498//530 439//470 465//503
f 498//530 442//507 439//470
f 467//508 442//507 498//530
f 465//503 464//504 463//501
f 500//531 501//512 471//473
f 466//505 443//472 501//512
f 460//506 440//471 466//505
f 469//532 468//509 467//508
f 499//533 469//532 467//508
f 502//510 468//509 469//532
f 498//530 499//533 467//508
f 502//510 469//532 499//533
f 470//478 509//514 510//534
f 500//531 471//473 470//478
f 506//535 474//479 473//513
f 507//536 474//479 506//535
f 474//479 507//536 511//480
f 357//428 543//537 444//481
f 543//537 475//476 444//481
f 509//514 410//432 475//476
f 509//514 475//476 508//538
f 508//538 475//476 543//537
f 513//539 478//518 476//540
f 479//517 512//541 477//516
f 478//518 447//439 476//540
f 476//540 447//439 480//542
f 480//542 447//439 414//440
f 414//440 481//484 480//542
f 516//543 480//542 481//484
f 517//544 483//545 452//490
f 517//544 452//490 448//483
f 429//496 485//546 454//497
f 485//546 429//496 451//488
f 485//546 523//547 454//497
f 483//545 418//486 452//490
f 486//522 422//491 487//525
f 521//548 457//527 455//523
f 523//547 521//548 455//523
f 523//547 455//523 454//497
f 524//549 491//550 495//551
f 487//525 488//500 490//552
f 490//552 488//500 489//526
f 489//526 456//524 462//458
f 489//526 462//458 497//553
f 490//552 489//526 491//550
f 495//551 491//550 497//553
f 491//550 489//526 497//553
f 555//554 487//525 490//552
f 529//555 501//512 530//556
f 461//459 493//557 497//553
f 459//460 494//529 493//557
f 493//557 461//459 459//460
f 497//553 493//557 495//551
f 529//555 494//529 492//528
f 492//528 501//512 529//555
f 494//529 529//555 496//558
f 496//558 493//557 494//529
f 496//558 495//551 493//557
f 497//553 462//458 461//459
f 567//559 498//530 465//503
f 567//559 499//533 498//530
f 532//560 499//533 567//559
f 503//561 499//533 532//560
f 500//531 470//478 534//562
f 534//562 470//478 510//534
f 534//562 510//534 535//563
f 505//564 472//511 502//510
f 503//561 502//510 499//533
f 503//561 504//565 502//510
f 504//565 505//564 502//510
f 505//564 473//513 472//511
f 505//564 506//535 473//513
f 505//564 537//566 506//535
f 506//535 538//567 507//536
f 505//564 504//565 537//566
f 538//567 506//535 537//566
f 507//536 538//567 540//568
f 540//568 511//480 507//536
f 543//537 544//569 508//538
f 509//514 545//570 510//534
f 545//570 509//514 508//538
f 546//515 511//480 547//571
f 546//515 548//572 357//428
f 543//537 357//428 542//573
f 595//574 512//541 514//575
f 514//575 512//541 479//517
f 479//517 478//518 513//539
f 479//517 513//539 514//575
f 621//576 476//540 480//542
f 515//577 517//544 448//483
f 477//516 515//577 448//483
f 515//577 477//516 512//541
f 482//519 516//543 481//484
f 597//578 516//543 482//519
f 482//519 484//520 597//578
f 450//485 453//521 518//579
f 486//522 519//580 518//579
f 453//521 486//522 518//579
f 418//486 520//581 451//488
f 602//582 523//547 485//546
f 520//581 485//546 451//488
f 552//583 598//584 485//546
f 523//547 602//582 603//585
f 520//581 418//486 483//545
f 485//546 520//581 552//583
f 483//545 552//583 520//581
f 519//580 486//522 487//525
f 519//580 487//525 556//586
f 522//587 559//588 521//548
f 522//587 521//548 523//547
f 523//547 603//585 522//587
f 522//587 603//585 559//588
f 561//589 526//590 524//549
f 495//551 525//591 524//549
f 525//591 495//551 496//558
f 563//592 524//549 525//591
f 525//591 531//593 564//594
f 562//595 561//589 524//549
f 562//595 524//549 563//592
f 563//592 525//591 564//594
f 573//596 564//594 531//593
f 556//586 487//525 555//554
f 526//590 555//554 490//552
f 526//590 491//550 524//549
f 526//590 490//552 491//550
f 555//554 526//590 561//589
f 457//527 527//597 465//503
f 559//588 457//527 521//548
f 457//527 559//588 527//597
f 528//598 465//503 527//597
f 528//598 567//559 465//503
f 566//599 528//598 527//597
f 530//556 534//562 571//600
f 529//555 530//556 574//601
f 529//555 574//601 573//596
f 530//556 571//600 574//601
f 531//593 496//558 529//555
f 525//591 496//558 531//593
f 573//596 531//593 529//555
f 577//602 532//560 567//559
f 536//603 503//561 532//560
f 532//560 577//602 576//604
f 576//604 536//603 532//560
f 533//605 536//603 576//604
f 536//603 533//605 539//606
f 580//607 533//605 576//604
f 533//605 580//607 581//608
f 539//606 533//605 581//608
f 510//534 545//570 535//563
f 535//563 545//570 582//609
f 535//563 582//609 583//610
f 535//563 583//610 534//562
f 501//512 500//531 530//556
f 530//556 500//531 534//562
f 504//565 503//561 536//603
f 539//606 504//565 536//603
f 537//566 504//565 539//606
f 537//566 539//606 538//567
f 541//611 511//480 540//568
f 538//567 539//606 584//612
f 540//568 643//613 541//611
f 511//480 541//611 547//571
f 586//614 547//571 541//611
f 587//615 546//515 586//614
f 548//572 546//515 587//615
f 548//572 587//615 588//616
f 589//617 542//573 588//616
f 542//573 589//617 543//537
f 589//617 590//618 543//537
f 544//569 543//537 590//618
f 508//538 592//619 545//570
f 547//571 586//614 546//515
f 542//573 357//428 548//572
f 548//572 588//616 542//573
f 512//541 594//620 515//577
f 514//575 513//539 595//574
f 513//539 596//621 595//574
f 595//574 594//620 512//541
f 596//621 513//539 476//540
f 621//576 480//542 622//622
f 516//543 622//622 480//542
f 597//578 622//622 516//543
f 515//577 594//620 517//544
f 550//623 484//520 450//485
f 597//578 484//520 623//624
f 450//485 549//625 550//623
f 549//625 450//485 518//579
f 484//520 550//623 623//624
f 549//625 551//626 550//623
f 483//545 600//627 552//583
f 600//627 483//545 517//544
f 554//628 519//580 556//586
f 519//580 553//629 518//579
f 549//625 518//579 553//629
f 551//626 549//625 553//629
f 554//628 553//629 519//580
f 554//628 556//586 604//630
f 557//631 555//554 561//589
f 558//632 556//586 555//554
f 558//632 555//554 557//631
f 604//630 556//586 558//632
f 605//633 558//632 557//631
f 605//633 557//631 565//634
f 568//635 527//597 559//588
f 611//636 568//635 559//588
f 560//637 564//594 573//596
f 557//631 561//589 562//595
f 565//634 562//595 563//592
f 557//631 562//595 565//634
f 563//592 564//594 610//638
f 560//637 610//638 564//594
f 610//638 565//634 563//592
f 606//639 565//634 610//638
f 567//559 528//598 566//599
f 568//635 566//599 527//597
f 567//559 566//599 570//640
f 570//640 566//599 568//635
f 569//641 578//642 567//559
f 569//641 579//643 578//642
f 570//640 569//641 567//559
f 611//636 570//640 568//635
f 583//610 582//609 614//644
f 571//600 534//562 583//610
f 575//645 571//600 572//646
f 572//646 571//600 583//610
f 607//647 575//645 615//648
f 575//645 572//646 615//648
f 583//610 614//644 572//646
f 575//645 574//601 571//600
f 560//637 573//596 574//601
f 575//645 560//637 574//601
f 560//637 575//645 607//647
f 580//607 576//604 577//602
f 578//642 577//602 567//559
f 579//643 577//602 578//642
f 580//607 577//602 579//643
f 616//649 539//606 581//608
f 539//606 616//649 584//612
f 584//612 616//649 642//650
f 545//570 592//619 582//609
f 585//651 538//567 584//612
f 538//567 585//651 540//568
f 643//613 540//568 585//651
f 641//652 541//611 643//613
f 586//614 541//611 641//652
f 617//653 587//615 586//614
f 617//653 588//616 587//615
f 588//616 617//653 646//654
f 591//655 544//569 590//618
f 592//619 508//538 544//569
f 591//655 592//619 544//569
f 594//620 651//656 618//657
f 595//574 651//656 594//620
f 596//621 476//540 621//576
f 597//578 656//658 655//659
f 656//658 597//578 623//624
f 686//660 687//661 600//627
f 517//544 593//662 600//627
f 594//620 593//662 517//544
f 686//660 600//627 593//662
f 550//623 551//626 624//663
f 485//546 598//584 602//582
f 598//584 599//664 602//582
f 626//665 599//664 598//584
f 552//583 600//627 626//665
f 552//583 626//665 598//584
f 687//661 626//665 600//627
f 625//666 551//626 553//629
f 625//666 553//629 554//628
f 604//630 628//667 554//628
f 627//668 558//632 630//669
f 559//588 603//585 601//670
f 611//636 601//670 660//671
f 599//664 603//585 602//582
f 605//633 565//634 606//639
f 630//669 558//632 605//633
f 631//672 630//669 605//633
f 629//673 631//672 606//639
f 631//672 605//633 606//639
f 629//673 606//639 609//674
f 601//670 611//636 559//588
f 610//638 560//637 608//675
f 609//674 610//638 608//675
f 608//675 560//637 607//647
f 633//676 634//677 607//647
f 607//647 634//677 608//675
f 659//678 609//674 608//675
f 659//678 608//675 634//677
f 609//674 606//639 610//638
f 613//679 569//641 570//640
f 612//680 570//640 611//636
f 612//680 613//679 570//640
f 613//679 579//643 569//641
f 635//681 579//643 613//679
f 635//681 580//607 579//643
f 636//682 613//679 612//680
f 636//682 635//681 613//679
f 650//683 637//684 582//609
f 572//646 614//644 638//685
f 582//609 637//684 614//644
f 638//685 614//644 637//684
f 638//685 639//686 633//676
f 607//647 615//648 633//676
f 572//646 638//685 615//648
f 615//648 638//685 633//676
f 616//649 581//608 640//687
f 584//612 642//650 585//651
f 616//649 640//687 642//650
f 643//613 585//651 642//650
f 641//652 645//688 586//614
f 589//617 648//689 590//618
f 650//683 592//619 591//655
f 650//683 582//609 592//619
f 645//688 617//653 586//614
f 646//654 589//617 588//616
f 591//655 590//618 649//690
f 619//691 595//574 596//621
f 619//691 596//621 620//692
f 595//574 619//691 651//656
f 678//693 651//656 619//691
f 621//576 620//692 596//621
f 622//622 653//694 621//576
f 682//695 686//660 593//662
f 593//662 594//620 618//657
f 593//662 618//657 682//695
f 655//659 622//622 597//578
f 550//623 705//696 623//624
f 625//666 624//663 551//626
f 628//667 625//666 554//628
f 550//623 624//663 705//696
f 624//663 625//666 657//697
f 628//667 657//697 625//666
f 705//696 624//663 657//697
f 740//698 603//585 599//664
f 599//664 626//665 687//661
f 739//699 630//669 631//672
f 604//630 558//632 627//668
f 628//667 604//630 627//668
f 739//699 627//668 630//669
f 601//670 603//585 660//671
f 629//673 609//674 659//678
f 659//678 631//672 629//673
f 660//671 612//680 611//636
f 632//700 612//680 660//671
f 636//682 612//680 632//700
f 661//701 636//682 632//700
f 639//686 664//702 633//676
f 664//702 634//677 633//676
f 580//607 635//681 581//608
f 666//703 635//681 636//682
f 666//703 581//608 635//681
f 666//703 665//704 581//608
f 661//701 666//703 636//682
f 670//705 637//684 650//683
f 638//685 637//684 639//686
f 637//684 671//706 639//686
f 639//686 663//707 664//702
f 639//686 671//706 663//707
f 581//608 665//704 640//687
f 665//704 668//708 640//687
f 695//709 642//650 640//687
f 695//709 643//613 642//650
f 644//710 641//652 643//613
f 641//652 644//710 645//688
f 647//711 648//689 589//617
f 646//654 617//653 645//688
f 646//654 647//711 589//617
f 646//654 645//688 672//712
f 672//712 647//711 646//654
f 590//618 648//689 649//690
f 649//690 648//689 674//713
f 648//689 647//711 674//713
f 591//655 649//690 677//714
f 650//683 591//655 677//714
f 650//683 677//714 670//705
f 651//656 678//693 618//657
f 678//693 619//691 652//715
f 652//715 619//691 620//692
f 621//576 652//715 620//692
f 652//715 621//576 680//716
f 680//716 621//576 653//694
f 654//717 622//622 655//659
f 653//694 622//622 654//717
f 654//717 683//718 653//694
f 684//719 683//718 654//717
f 656//658 654//717 655//659
f 656//658 684//719 654//717
f 656//658 623//624 705//696
f 705//696 657//697 709//720
f 657//697 628//667 688//721
f 687//661 740//698 599//664
f 628//667 627//668 688//721
f 627//668 739//699 688//721
f 711//722 660//671 603//585
f 658//723 634//677 664//702
f 634//677 658//723 659//678
f 662//724 689//725 632//700
f 689//725 661//701 632//700
f 689//725 666//703 661//701
f 662//724 632//700 660//671
f 711//722 662//724 660//671
f 664//702 663//707 714//726
f 667//727 665//704 666//703
f 667//727 668//708 665//704
f 695//709 640//687 668//708
f 677//714 676//728 669//729
f 669//729 676//728 700//730
f 677//714 669//729 670//705
f 637//684 670//705 671//706
f 670//705 669//729 701//731
f 670//705 701//731 671//706
f 694//732 643//613 695//709
f 694//732 644//710 643//613
f 697//733 645//688 644//710
f 697//733 696//734 645//688
f 672//712 673//735 647//711
f 672//712 702//736 673//735
f 673//735 698//737 675//738
f 647//711 673//735 674//713
f 675//738 649//690 674//713
f 649//690 675//738 676//728
f 676//728 675//738 700//730
f 673//735 675//738 674//713
f 698//737 699//739 675//738
f 676//728 677//714 649//690
f 678//693 652//715 679//740
f 680//716 679//740 652//715
f 681//741 653//694 683//718
f 734//742 708//743 682//695
f 618//657 703//744 682//695
f 618//657 678//693 703//744
f 681//741 683//718 735//745
f 683//718 684//719 735//745
f 706//746 684//719 685//747
f 656//658 685//747 684//719
f 656//658 705//696 685//747
f 686//660 682//695 708//743
f 687//661 686//660 738//748
f 711//722 603//585 710//749
f 659//678 658//723 743//750
f 712//751 689//725 662//724
f 667//727 666//703 692//752
f 711//722 712//751 662//724
f 690//753 689//725 712//751
f 690//753 666//703 689//725
f 690//753 692//752 666//703
f 691//754 667//727 692//752
f 713//755 690//753 712//751
f 690//753 713//755 715//756
f 715//756 692//752 690//753
f 716//757 719//758 691//754
f 693//759 663//707 671//706
f 663//707 693//759 714//726
f 695//709 668//708 719//758
f 667//727 691//754 668//708
f 668//708 691//754 719//758
f 695//709 719//758 720//760
f 697//733 644//710 694//732
f 720//760 694//732 695//709
f 697//733 694//732 721//761
f 721//761 694//732 720//760
f 697//733 721//761 723//762
f 696//734 697//733 723//762
f 702//736 698//737 673//735
f 702//736 725//763 698//737
f 725//763 702//736 672//712
f 700//730 675//738 699//739
f 699//739 727//764 700//730
f 699//739 728//765 727//764
f 698//737 728//765 699//739
f 729//766 669//729 700//730
f 729//766 701//731 669//729
f 729//766 700//730 727//764
f 671//706 701//731 693//759
f 645//688 696//734 672//712
f 678//693 679//740 730//767
f 730//767 679//740 731//768
f 730//767 703//744 678//693
f 732//769 731//768 679//740
f 680//716 732//769 679//740
f 681//741 680//716 653//694
f 680//716 681//741 732//769
f 681//741 735//745 733//770
f 704//771 735//745 684//719
f 704//771 684//719 706//746
f 706//746 735//745 704//771
f 685//747 707//772 706//746
f 705//696 707//772 685//747
f 757//773 709//720 688//721
f 705//696 709//720 707//772
f 708//743 738//748 686//660
f 688//721 709//720 657//697
f 912//774 757//773 688//721
f 739//699 912//774 688//721
f 740//698 915//775 741//776
f 738//748 740//698 687//661
f 759//777 631//672 659//678
f 739//699 631//672 742//778
f 742//778 631//672 759//777
f 741//776 603//585 740//698
f 741//776 710//749 603//585
f 744//779 711//722 710//749
f 741//776 744//779 710//749
f 744//779 712//751 711//722
f 713//755 712//751 744//779
f 714//726 693//759 745//780
f 747//781 664//702 714//726
f 658//723 664//702 747//781
f 691//754 692//752 716//757
f 716//757 692//752 715//756
f 715//756 713//755 767//782
f 767//782 716//757 715//756
f 767//782 748//783 716//757
f 726//784 750//785 718//786
f 729//766 718//786 717//787
f 701//731 729//766 717//787
f 701//731 717//787 693//759
f 722//788 723//762 721//761
f 724//789 723//762 722//788
f 722//788 721//761 720//760
f 723//762 725//763 696//734
f 672//712 696//734 725//763
f 723//762 724//789 725//763
f 724//789 749//790 725//763
f 724//789 774//791 749//790
f 725//763 728//765 698//737
f 725//763 726//784 728//765
f 725//763 749//790 726//784
f 728//765 726//784 727//764
f 727//764 726//784 718//786
f 729//766 727//764 718//786
f 730//767 751//792 703//744
f 732//769 1250//793 731//768
f 753//794 681//741 733//770
f 752//795 753//794 733//770
f 682//695 751//792 734//742
f 682//695 703//744 751//792
f 752//795 733//770 735//745
f 736//796 752//795 735//745
f 736//796 735//745 706//746
f 752//795 736//796 755//797
f 707//772 756//798 706//746
f 755//797 736//796 706//746
f 706//746 756//798 755//797
f 737//799 757//773 707//772
f 708//743 734//742 738//748
f 707//772 709//720 737//799
f 757//773 737//799 709//720
f 738//748 915//775 740//698
f 760//800 739//699 742//778
f 742//778 759//777 760//800
f 762//801 659//678 743//750
f 762//801 759//777 659//678
f 761//802 747//781 746//803
f 747//781 743//750 658//723
f 761//802 743//750 747//781
f 766//804 713//755 744//779
f 767//782 713//755 766//804
f 717//787 745//780 693//759
f 747//781 714//726 746//803
f 746//803 714//726 745//780
f 746//803 745//780 764//805
f 764//805 745//780 770//806
f 770//806 745//780 717//787
f 716//757 748//783 719//758
f 722//788 720//760 772//807
f 722//788 773//808 724//789
f 774//791 724//789 773//808
f 776//809 749//790 775//810
f 717//787 718//786 750//785
f 726//784 776//809 750//785
f 726//784 749//790 776//809
f 754//811 753//794 752//795
f 755//797 754//811 752//795
f 753//794 732//769 681//741
f 755//797 904//812 754//811
f 755//797 756//798 904//812
f 900//813 732//769 753//794
f 902//814 900//813 753//794
f 754//811 902//814 753//794
f 903//815 754//811 904//812
f 756//798 707//772 758//816
f 757//773 758//816 707//772
f 914//817 738//748 734//742
f 914//817 915//775 738//748
f 1024//818 739//699 760//800
f 759//777 1024//818 760//800
f 915//775 916//819 741//776
f 916//819 1028//820 741//776
f 744//779 741//776 1028//820
f 763//821 744//779 1028//820
f 763//821 766//804 744//779
f 767//782 766//804 763//821
f 764//805 765//822 746//803
f 746//803 765//822 761//802
f 771//823 748//783 1181//824
f 767//782 1181//824 748//783
f 771//823 1181//824 768//825
f 768//825 769//826 772//807
f 750//785 770//806 717//787
f 770//806 750//785 919//827
f 771//823 719//758 748//783
f 720//760 719//758 771//823
f 768//825 720//760 771//823
f 772//807 720//760 768//825
f 772//807 773//808 722//788
f 769//826 773//808 772//807
f 775//810 749//790 774//791
f 920//828 776//809 775//810
f 750//785 776//809 919//827
f 920//828 919//827 776//809
f 779//829 777//830 785//831
f 785//831 777//830 798//832
f 786//833 779//829 788//834
f 781//835 778//836 779//829
f 785//831 788//834 779//829
f 778//836 777//830 779//829
f 944//837 786//833 789//838
f 944//837 780//839 781//835
f 781//835 786//833 944//837
f 789//838 786//833 787//840
f 778//836 781//835 780//839
f 781//835 779//829 786//833
f 780//839 782//841 778//836
f 785//831 797//842 783//843
f 797//842 784//844 783//843
f 785//831 798//832 796//845
f 785//831 796//845 797//842
f 784//844 799//846 950//847
f 787//840 784//844 791//848
f 785//831 783//843 788//834
f 788//834 783//843 787//840
f 787//840 783//843 784//844
f 786//833 788//834 787//840
f 950//847 932//849 784//844
f 790//850 791//848 922//851
f 787//840 791//848 790//850
f 787//840 790//850 789//838
f 932//849 791//848 784//844
f 793//852 792//853 798//832
f 793//852 777//830 778//836
f 777//830 793//852 798//832
f 793//852 794//854 792//853
f 794//854 801//855 792//853
f 795//856 793//852 782//841
f 782//841 793//852 778//836
f 794//854 793//852 795//856
f 953//857 794//854 795//856
f 794//854 953//857 969//858
f 953//857 795//856 954//859
f 796//845 806//860 797//842
f 796//845 804//861 806//860
f 792//853 804//861 796//845
f 784//844 797//842 799//846
f 798//832 792//853 796//845
f 799//846 797//842 806//860
f 806//860 810//862 799//846
f 950//847 799//846 812//863
f 799//846 810//862 812//863
f 960//864 812//863 813//865
f 800//866 805//867 801//855
f 801//855 794//854 802//868
f 801//855 802//868 800//866
f 802//868 794//854 969//858
f 803//869 806//860 804//861
f 805//867 792//853 801//855
f 792//853 805//867 804//861
f 804//861 805//867 816//870
f 804//861 816//870 803//869
f 803//869 816//870 818//871
f 805//867 800//866 816//870
f 816//870 800//866 814//872
f 806//860 803//869 807//873
f 806//860 807//873 810//862
f 803//869 808//874 807//873
f 810//862 807//873 811//875
f 803//869 818//871 808//874
f 807//873 808//874 809//876
f 807//873 809//876 811//875
f 811//875 809//876 820//877
f 810//862 811//875 812//863
f 813//865 811//875 820//877
f 812//863 811//875 813//865
f 813//865 970//878 960//864
f 987//879 970//878 813//865
f 974//880 969//858 976//881
f 825//882 974//880 835//883
f 800//866 802//868 814//872
f 802//868 825//882 814//872
f 825//882 802//868 969//858
f 974//880 825//882 969//858
f 818//871 816//870 815//884
f 817//885 816//870 814//872
f 815//884 840//886 818//871
f 816//870 817//885 815//884
f 815//884 841//887 840//886
f 815//884 817//885 841//887
f 808//874 818//871 809//876
f 809//876 818//871 819//888
f 818//871 840//886 819//888
f 820//877 809//876 819//888
f 820//877 819//888 855//889
f 820//877 855//889 857//890
f 813//865 820//877 987//879
f 987//879 820//877 857//890
f 988//891 987//879 857//890
f 823//892 847//893 843//894
f 814//872 821//895 842//896
f 842//896 821//895 823//892
f 821//895 822//897 823//892
f 824//898 823//892 822//897
f 847//893 823//892 824//898
f 848//899 847//893 824//898
f 825//882 821//895 814//872
f 826//900 821//895 825//882
f 827//901 831//902 837//903
f 827//901 826//900 831//902
f 826//900 827//901 822//897
f 821//895 826//900 822//897
f 828//904 827//901 832//905
f 822//897 827//901 828//904
f 822//897 828//904 824//898
f 834//906 828//904 832//905
f 834//906 829//907 828//904
f 824//898 828//904 829//907
f 824//898 829//907 848//899
f 834//906 830//908 829//907
f 849//909 848//899 829//907
f 849//909 829//907 830//908
f 831//902 825//882 835//883
f 825//882 831//902 826//900
f 837//903 831//902 836//910
f 837//903 838//911 832//905
f 827//901 837//903 832//905
f 838//911 833//912 832//905
f 832//905 833//912 834//906
f 834//906 833//912 839//913
f 839//913 830//908 834//906
f 839//913 850//914 830//908
f 836//910 835//883 990//915
f 835//883 836//910 831//902
f 993//916 836//910 990//915
f 836//910 993//916 837//903
f 993//916 994//917 837//903
f 837//903 994//917 838//911
f 995//918 838//911 994//917
f 995//918 833//912 838//911
f 996//919 833//912 995//918
f 839//913 833//912 996//919
f 997//920 839//913 996//919
f 839//913 997//920 850//914
f 840//886 841//887 844//921
f 840//886 844//921 851//922
f 840//886 851//922 819//888
f 843//894 844//921 841//887
f 844//921 846//923 851//922
f 814//872 842//896 817//885
f 817//885 842//896 841//887
f 841//887 842//896 843//894
f 823//892 843//894 842//896
f 848//899 845//924 847//893
f 845//924 843//894 847//893
f 843//894 845//924 844//921
f 846//923 844//921 845//924
f 849//909 845//924 848//899
f 858//925 845//924 849//909
f 858//925 846//923 845//924
f 830//908 860//926 849//909
f 860//926 830//908 850//914
f 850//914 997//920 1017//927
f 852//928 819//888 851//922
f 851//922 846//923 866//929
f 852//928 853//930 855//889
f 855//889 853//930 854//931
f 855//889 854//931 856//932
f 852//928 851//922 853//930
f 856//932 854//931 888//933
f 819//888 852//928 855//889
f 856//932 888//933 889//934
f 855//889 856//932 857//890
f 856//932 889//934 857//890
f 889//934 1006//935 857//890
f 1006//935 889//934 1008//936
f 857//890 1006//935 988//891
f 859//937 846//923 858//925
f 849//909 860//926 858//925
f 860//926 878//938 858//925
f 878//938 859//937 858//925
f 861//939 860//926 850//914
f 860//926 861//939 878//938
f 1017//927 878//938 861//939
f 1017//927 861//939 850//914
f 866//929 862//940 851//922
f 866//929 863//941 862//940
f 862//940 863//941 886//942
f 863//941 864//943 865//944
f 863//941 865//944 886//942
f 864//943 873//945 865//944
f 871//946 873//945 864//943
f 865//944 892//947 886//942
f 873//945 892//947 865//944
f 846//923 867//948 866//929
f 868//949 866//929 867//948
f 866//929 868//949 869//950
f 866//929 869//950 863//941
f 870//951 868//949 874//952
f 870//951 869//950 868//949
f 864//943 863//941 869//950
f 864//943 869//950 870//951
f 870//951 872//953 864//943
f 872//953 871//946 864//943
f 876//954 5168//955 5166//956
f 867//948 846//923 859//937
f 867//948 859//937 868//949
f 859//937 874//952 868//949
f 870//951 874//952 872//953
f 874//952 875//957 5167//958
f 876//954 5166//956 5167//958
f 876//954 5167//958 875//957
f 5168//955 876//954 877//959
f 878//938 874//952 859//937
f 878//938 879//960 874//952
f 879//960 880//961 874//952
f 874//952 880//961 875//957
f 880//961 881//962 875//957
f 875//957 881//962 876//954
f 876//954 881//962 877//959
f 882//963 878//938 1017//927
f 882//963 879//960 878//938
f 883//964 879//960 882//963
f 883//964 880//961 879//960
f 883//964 881//962 880//961
f 883//964 1169//965 1018//966
f 881//962 883//964 1018//966
f 851//922 862//940 853//930
f 853//930 862//940 884//967
f 853//930 884//967 885//968
f 853//930 885//968 854//931
f 890//969 888//933 885//968
f 888//933 854//931 885//968
f 862//940 886//942 884//967
f 884//967 886//942 887//970
f 884//967 887//970 885//968
f 885//968 887//970 891//971
f 887//970 886//942 892//947
f 888//933 890//969 889//934
f 897//972 889//934 890//969
f 890//969 885//968 891//971
f 893//973 890//969 891//971
f 891//971 887//970 892//947
f 892//947 873//945 894//974
f 892//947 893//973 891//971
f 894//974 893//973 892//947
f 897//972 1008//936 889//934
f 893//973 897//972 890//969
f 877//959 895//975 5168//955
f 5168//955 895//975 894//974
f 895//975 896//976 894//974
f 894//974 896//976 893//973
f 893//973 898//977 897//972
f 893//973 896//976 898//977
f 877//959 899//978 895//975
f 895//975 899//978 896//976
f 899//978 898//977 896//976
f 1018//966 899//978 877//959
f 877//959 881//962 1018//966
f 732//769 1178//979 1250//793
f 901//980 900//813 902//814
f 901//980 1020//981 900//813
f 905//982 1020//981 901//980
f 903//815 905//982 901//980
f 1020//981 905//982 1019//983
f 903//815 901//980 902//814
f 903//815 902//814 754//811
f 909//984 904//812 756//798
f 906//985 904//812 909//984
f 905//982 903//815 904//812
f 904//812 906//985 905//982
f 906//985 909//984 907//986
f 1019//983 905//982 906//985
f 907//986 1022//987 906//985
f 1022//987 907//986 910//988
f 1023//989 910//988 908//990
f 1023//989 908//990 912//774
f 909//984 756//798 758//816
f 757//773 909//984 758//816
f 909//984 757//773 907//986
f 907//986 757//773 910//988
f 910//988 757//773 913//991
f 910//988 913//991 908//990
f 908//990 913//991 912//774
f 911//992 914//817 734//742
f 913//991 757//773 912//774
f 1304//993 915//775 914//817
f 1026//994 759//777 762//801
f 1026//994 762//801 743//750
f 761//802 765//822 1549//995
f 1549//995 743//750 761//802
f 1029//996 763//821 1028//820
f 1029//996 767//782 763//821
f 1029//996 1181//824 767//782
f 770//806 919//827 1031//997
f 764//805 770//806 1031//997
f 773//808 769//826 917//998
f 918//999 774//791 773//808
f 918//999 773//808 917//998
f 917//998 1184//1000 918//999
f 769//826 1030//1001 917//998
f 1030//1001 1184//1000 917//998
f 775//810 774//791 918//999
f 1032//1002 775//810 918//999
f 775//810 1032//1002 920//828
f 1184//1000 1032//1002 918//999
f 920//828 1032//1002 921//1003
f 919//827 920//828 921//1003
f 921//1003 1031//997 919//827
f 931//1004 1038//1005 1033//1006
f 922//851 923//1007 1038//1005
f 1038//1005 931//1004 922//851
f 940//1008 926//1009 924//1010
f 949//1011 926//1009 940//1008
f 927//1012 924//1010 926//1009
f 942//1013 940//1008 924//1010
f 927//1012 929//1014 924//1010
f 944//837 789//838 925//1015
f 789//838 931//1004 925//1015
f 949//1011 948//1016 927//1012
f 927//1012 948//1016 925//1015
f 931//1004 928//1017 925//1015
f 927//1012 926//1009 949//1011
f 928//1017 927//1012 925//1015
f 928//1017 931//1004 1033//1006
f 928//1017 929//1014 927//1012
f 791//848 930//1018 922//851
f 923//1007 922//851 930//1018
f 789//838 922//851 931//1004
f 930//1018 934//1019 923//1007
f 933//1020 930//1018 791//848
f 932//849 935//1021 933//1020
f 934//1019 930//1018 933//1020
f 934//1019 933//1020 1065//1022
f 933//1020 935//1021 1065//1022
f 954//859 947//1023 937//1024
f 947//1023 946//1025 939//1026
f 939//1026 937//1024 947//1023
f 938//1027 939//1026 946//1025
f 940//1008 938//1027 949//1011
f 938//1027 941//1028 939//1026
f 939//1026 941//1028 937//1024
f 942//1013 938//1027 940//1008
f 942//1013 941//1028 938//1027
f 957//1029 937//1024 941//1028
f 942//1013 943//1030 941//1028
f 943//1030 957//1029 941//1028
f 943//1030 959//1031 957//1029
f 780//839 944//837 948//1016
f 780//839 945//1032 946//1025
f 782//841 780//839 946//1025
f 947//1023 795//856 782//841
f 947//1023 954//859 795//856
f 944//837 925//1015 948//1016
f 945//1032 948//1016 949//1011
f 945//1032 780//839 948//1016
f 946//1025 945//1032 938//1027
f 947//1023 782//841 946//1025
f 949//1011 938//1027 945//1032
f 922//851 789//838 790//850
f 791//848 932//849 933//1020
f 935//1021 932//849 936//1033
f 936//1033 932//849 950//847
f 936//1033 950//847 951//1034
f 812//863 951//1034 950//847
f 951//1034 1066//1035 936//1033
f 1066//1035 951//1034 952//1036
f 952//1036 951//1034 961//1037
f 953//857 954//859 955//1038
f 956//1039 954//859 937//1024
f 955//1038 954//859 956//1039
f 958//1040 955//1038 956//1039
f 967//1041 955//1038 958//1040
f 957//1029 958//1040 956//1039
f 957//1029 956//1039 937//1024
f 957//1029 959//1031 958//1040
f 967//1041 958//1040 968//1042
f 959//1031 1085//1043 958//1040
f 1086//1044 959//1031 943//1030
f 1085//1043 1086//1044 1079//1045
f 959//1031 1086//1044 1085//1043
f 1085//1043 968//1042 958//1040
f 951//1034 812//863 960//864
f 951//1034 960//864 961//1037
f 961//1037 963//1046 962//1047
f 962//1047 963//1046 964//1048
f 964//1048 963//1046 965//1049
f 963//1046 973//1050 965//1049
f 964//1048 965//1049 1088//1051
f 965//1049 973//1050 1088//1051
f 953//857 966//1052 969//858
f 966//1052 976//881 969//858
f 955//1038 966//1052 953//857
f 976//881 966//1052 967//1041
f 955//1038 967//1041 966//1052
f 968//1042 985//1053 983//1054
f 967//1041 968//1042 983//1054
f 960//864 970//878 961//1037
f 971//1055 961//1037 970//878
f 970//878 987//879 971//1055
f 961//1037 971//1055 963//1046
f 972//1056 971//1055 1101//1057
f 963//1046 971//1055 972//1056
f 963//1046 972//1056 973//1050
f 973//1050 972//1056 1104//1058
f 1104//1058 972//1056 1101//1057
f 1104//1058 1101//1057 1106//1059
f 986//1060 985//1053 1119//1061
f 974//880 976//881 975//1062
f 974//880 975//1062 835//883
f 990//915 975//1062 977//1063
f 835//883 975//1062 990//915
f 977//1063 991//1064 990//915
f 978//1065 976//881 967//1041
f 976//881 978//1065 979//1066
f 976//881 979//1066 975//1062
f 978//1065 981//1067 979//1066
f 980//1068 979//1066 982//1069
f 979//1066 980//1068 977//1063
f 975//1062 979//1066 977//1063
f 980//1068 991//1064 977//1063
f 967//1041 983//1054 978//1065
f 981//1067 982//1069 979//1066
f 982//1069 984//1070 980//1068
f 991//1064 980//1068 984//1070
f 983//1054 981//1067 978//1065
f 983//1054 985//1053 981//1067
f 986//1060 981//1067 985//1053
f 981//1067 986//1060 982//1069
f 982//1069 1125//1071 984//1070
f 986//1060 1125//1071 982//1069
f 984//1070 1125//1071 1126//1072
f 992//1073 984//1070 1126//1072
f 971//1055 987//879 988//891
f 989//1074 988//891 1007//1075
f 1101//1057 971//1055 988//891
f 1101//1057 988//891 1136//1076
f 1136//1076 988//891 989//1074
f 989//1074 1007//1075 1138//1077
f 1007//1075 1139//1078 1138//1077
f 991//1064 984//1070 992//1073
f 1002//1079 992//1073 1165//1080
f 990//915 991//1064 993//916
f 991//1064 998//1081 993//916
f 998//1081 999//1082 994//917
f 998//1081 994//917 993//916
f 999//1082 995//918 994//917
f 999//1082 1000//1083 995//918
f 1000//1083 996//919 995//918
f 1001//1084 996//919 1000//1083
f 1001//1084 997//920 996//919
f 1001//1084 1003//1085 997//920
f 992//1073 998//1081 991//1064
f 998//1081 992//1073 1002//1079
f 999//1082 998//1081 1002//1079
f 1002//1079 1000//1083 999//1082
f 1004//1086 1000//1083 1002//1079
f 1004//1086 1001//1084 1000//1083
f 1003//1085 1001//1084 1004//1086
f 1005//1087 1003//1085 1004//1086
f 1169//965 1003//1085 1005//1087
f 1168//1088 1005//1087 1004//1086
f 1017//927 997//920 1003//1085
f 1003//1085 1169//965 1017//927
f 1168//1088 1169//965 1005//1087
f 1245//1089 1173//1090 1018//966
f 1006//935 1007//1075 988//891
f 1006//935 1008//936 1007//1075
f 1008//936 897//972 1009//1091
f 1008//936 1010//1092 1015//1093
f 1007//1075 1008//936 1015//1093
f 1009//1091 1012//1094 1010//1092
f 1010//1092 1008//936 1009//1091
f 1009//1091 1011//1095 1012//1094
f 1012//1094 1011//1095 1013//1096
f 1012//1094 1013//1096 1010//1092
f 1010//1092 1013//1096 1016//1097
f 1016//1097 1015//1093 1010//1092
f 1011//1095 1014//1098 1013//1096
f 1014//1098 1018//966 1173//1090
f 1013//1096 1014//1098 1016//1097
f 882//963 1017//927 1169//965
f 1169//965 883//964 882//963
f 1245//1089 1018//966 1169//965
f 1018//966 1014//1098 899//978
f 1011//1095 1009//1091 898//977
f 1009//1091 897//972 898//977
f 1011//1095 899//978 1014//1098
f 899//978 1011//1095 898//977
f 1178//979 732//769 900//813
f 1296//1099 1020//981 1297//1100
f 1296//1099 900//813 1020//981
f 1019//983 906//985 1021//1101
f 734//742 751//792 911//992
f 1023//989 1022//987 910//988
f 1025//1102 1023//989 912//774
f 1021//1101 906//985 1022//987
f 1022//987 1252//1103 1021//1101
f 1252//1103 1022//987 1023//989
f 1304//993 914//817 911//992
f 739//699 1025//1102 912//774
f 1024//818 1025//1102 739//699
f 1027//1104 759//777 1026//994
f 1024//818 759//777 1027//1104
f 1256//1105 1026//994 743//750
f 1181//824 1029//996 1180//1106
f 1549//995 765//822 764//805
f 1030//1001 769//826 1183//1107
f 1032//1002 1031//997 921//1003
f 769//826 768//825 1183//1107
f 1033//1006 1035//1108 928//1017
f 1033//1006 1034//1109 1035//1108
f 1038//1005 1040//1110 1034//1109
f 1038//1005 1034//1109 1033//1006
f 1046//1111 1034//1109 1040//1110
f 1035//1108 1036//1112 1064//1113
f 1036//1112 1035//1108 1034//1109
f 1037//1114 1036//1112 1034//1109
f 1046//1111 1037//1114 1034//1109
f 1037//1114 1185//1115 1036//1112
f 1185//1115 1064//1113 1036//1112
f 1052//1116 1185//1115 1037//1114
f 1038//1005 923//1007 1039//1117
f 1039//1117 923//1007 1041//1118
f 923//1007 1053//1119 1041//1118
f 1053//1119 923//1007 934//1019
f 1038//1005 1039//1117 1040//1110
f 1039//1117 1041//1118 1042//1120
f 1040//1110 1042//1120 1046//1111
f 1044//1121 1042//1120 1041//1118
f 1045//1122 1041//1118 1054//1123
f 1039//1117 1042//1120 1040//1110
f 1046//1111 1043//1124 1051//1125
f 1043//1124 1044//1121 1047//1126
f 1047//1126 1045//1122 1048//1127
f 1044//1121 1045//1122 1047//1126
f 1042//1120 1043//1124 1046//1111
f 1044//1121 1043//1124 1042//1120
f 1041//1118 1045//1122 1044//1121
f 1054//1123 1048//1127 1045//1122
f 1051//1125 1043//1124 1049//1128
f 1049//1128 1043//1124 1047//1126
f 1050//1129 1047//1126 1048//1127
f 1057//1130 1050//1129 1048//1127
f 1046//1111 1051//1125 1037//1114
f 1187//1131 1049//1128 1188//1132
f 1050//1129 1188//1132 1049//1128
f 1049//1128 1187//1131 1051//1125
f 1049//1128 1047//1126 1050//1129
f 1190//1133 1052//1116 1051//1125
f 1051//1125 1052//1116 1037//1114
f 1188//1132 1050//1129 1189//1134
f 1050//1129 1057//1130 1189//1134
f 1051//1125 1187//1131 1190//1133
f 1065//1022 1053//1119 934//1019
f 1054//1123 1041//1118 1053//1119
f 1055//1135 1054//1123 1053//1119
f 1065//1022 1055//1135 1053//1119
f 1055//1135 1060//1136 1201//1137
f 1060//1136 1055//1135 1065//1022
f 1056//1138 1048//1127 1054//1123
f 1055//1135 1056//1138 1054//1123
f 1201//1137 1056//1138 1055//1135
f 1048//1127 1056//1138 1057//1130
f 1058//1139 1056//1138 1201//1137
f 1194//1140 1057//1130 1056//1138
f 1194//1140 1056//1138 1058//1139
f 1065//1022 1059//1141 1060//1136
f 1201//1137 1202//1142 1058//1139
f 1060//1136 1204//1143 1205//1144
f 1059//1141 1204//1143 1060//1136
f 1061//1145 924//1010 929//1014
f 942//1013 924//1010 1062//1146
f 1061//1145 1062//1146 924//1010
f 1064//1113 1063//1147 1061//1145
f 1063//1147 1062//1146 1061//1145
f 929//1014 1035//1108 1064//1113
f 928//1017 1035//1108 929//1014
f 1064//1113 1061//1145 929//1014
f 1185//1115 1063//1147 1064//1113
f 1065//1022 935//1021 1059//1141
f 935//1021 936//1033 1066//1035
f 1066//1035 952//1036 1067//1148
f 935//1021 1066//1035 1059//1141
f 1066//1035 1067//1148 1068//1149
f 1068//1149 1067//1148 1069//1150
f 1069//1150 1067//1148 1076//1151
f 1059//1141 1066//1035 1070//1152
f 1070//1152 1066//1035 1068//1149
f 1068//1149 1069//1150 1070//1152
f 1069//1150 1076//1151 1077//1153
f 1218//1154 1069//1150 1077//1153
f 1218//1154 1077//1153 1220//1155
f 1218//1154 1214//1156 1069//1150
f 1078//1157 1220//1155 1077//1153
f 1224//1158 1080//1159 1071//1160
f 1080//1159 1224//1158 1084//1161
f 1071//1160 1227//1162 1225//1163
f 1225//1163 1224//1158 1071//1160
f 1062//1146 1073//1164 942//1013
f 942//1013 1072//1165 943//1030
f 1086//1044 1072//1165 1080//1159
f 1072//1165 1086//1044 943//1030
f 1073//1164 1072//1165 942//1013
f 1071//1160 1072//1165 1073//1164
f 1071//1160 1080//1159 1072//1165
f 1063//1147 1073//1164 1062//1146
f 1073//1164 1063//1147 1227//1162
f 1073//1164 1227//1162 1071//1160
f 961//1037 962//1047 1074//1166
f 952//1036 961//1037 1074//1166
f 1074//1166 962//1047 1087//1167
f 1074//1166 1087//1167 1075//1168
f 1067//1148 952//1036 1074//1166
f 1067//1148 1074//1166 1076//1151
f 1075//1168 1076//1151 1074//1166
f 1077//1153 1076//1151 1078//1157
f 1078//1157 1076//1151 1075//1168
f 1075//1168 1096//1169 1078//1157
f 1084//1161 1079//1045 1080//1159
f 1082//1170 1079//1045 1084//1161
f 1085//1043 1079//1045 1081//1171
f 1082//1170 1081//1171 1079//1045
f 1082//1170 1084//1161 1228//1172
f 1081//1171 1082//1170 1083//1173
f 1083//1173 1082//1170 1228//1172
f 1080//1159 1079//1045 1086//1044
f 962//1047 964//1048 1087//1167
f 1087//1167 964//1048 1089//1174
f 1089//1174 964//1048 1090//1175
f 1090//1175 1088//1051 1091//1176
f 964//1048 1088//1051 1090//1175
f 973//1050 1105//1177 1088//1051
f 1088//1051 1105//1177 1091//1176
f 1075//1168 1087//1167 1092//1178
f 1087//1167 1089//1174 1092//1178
f 1089//1174 1094//1179 1092//1178
f 1094//1179 1089//1174 1093//1180
f 1093//1180 1089//1174 1090//1175
f 1093//1180 1090//1175 1091//1176
f 1093//1180 1091//1176 1107//1181
f 1107//1181 1091//1176 1105//1177
f 1096//1169 1075//1168 1092//1178
f 1092//1178 1097//1182 1096//1169
f 1092//1178 1094//1179 1097//1182
f 1093//1180 1095//1183 1094//1179
f 1107//1181 1095//1183 1093//1180
f 1098//1184 1094//1179 1095//1183
f 1098//1184 1095//1183 1113//1185
f 1094//1179 1098//1184 1097//1182
f 1098//1184 1116//1186 1279//1187
f 968//1042 1118//1188 985//1053
f 1085//1043 1081//1171 968//1042
f 1081//1171 1099//1189 968//1042
f 1099//1189 1118//1188 968//1042
f 1099//1189 1081//1171 1083//1173
f 1083//1173 1100//1190 1099//1189
f 1099//1189 1100//1190 1233//1191
f 1228//1172 1100//1190 1083//1173
f 1123//1192 1099//1189 1233//1191
f 1106//1059 1105//1177 1104//1058
f 1106//1059 1101//1057 1102//1193
f 1136//1076 1102//1193 1101//1057
f 1103//1194 1109//1195 1106//1059
f 1103//1194 1106//1059 1102//1193
f 1137//1196 1103//1194 1102//1193
f 1144//1197 1103//1194 1137//1196
f 1104//1058 1105//1177 973//1050
f 1108//1198 1107//1181 1105//1177
f 1106//1059 1108//1198 1105//1177
f 1108//1198 1106//1059 1109//1195
f 1110//1199 1095//1183 1107//1181
f 1095//1183 1110//1199 1113//1185
f 1110//1199 1107//1181 1108//1198
f 1110//1199 1108//1198 1111//1200
f 1108//1198 1109//1195 1111//1200
f 1111//1200 1109//1195 1112//1201
f 1112//1201 1109//1195 1103//1194
f 1144//1197 1112//1201 1103//1194
f 1114//1202 1113//1185 1110//1199
f 1114//1202 1110//1199 1111//1200
f 1111//1200 1112//1201 1115//1203
f 1115//1203 1114//1202 1111//1200
f 1115//1203 1112//1201 1162//1204
f 1162//1204 1112//1201 1144//1197
f 1098//1184 1113//1185 1116//1186
f 1116//1186 1113//1185 1114//1202
f 1116//1186 1114//1202 1117//1205
f 1114//1202 1115//1203 1117//1205
f 1163//1206 1115//1203 1162//1204
f 1115//1203 1163//1206 1117//1205
f 1163//1206 1164//1207 1117//1205
f 1118//1188 1119//1061 985//1053
f 986//1060 1119//1061 1125//1071
f 1118//1188 1120//1208 1119//1061
f 1127//1209 1125//1071 1119//1061
f 1099//1189 1120//1208 1118//1188
f 1120//1208 1121//1210 1119//1061
f 1121//1210 1127//1209 1119//1061
f 1099//1189 1123//1192 1120//1208
f 1123//1192 1121//1210 1120//1208
f 1127//1209 1121//1210 1122//1211
f 1124//1212 1121//1210 1123//1192
f 1121//1210 1124//1212 1122//1211
f 1131//1213 1127//1209 1122//1211
f 1122//1211 1124//1212 1238//1214
f 1238//1214 1131//1213 1122//1211
f 1131//1213 1238//1214 1134//1215
f 1123//1192 1239//1216 1124//1212
f 1125//1071 1127//1209 1126//1072
f 1165//1080 992//1073 1126//1072
f 1127//1209 1128//1217 1126//1072
f 1126//1072 1128//1217 1165//1080
f 1127//1209 1129//1218 1128//1217
f 1128//1217 1129//1218 1130//1219
f 1130//1219 1165//1080 1128//1217
f 1165//1080 1130//1219 1166//1220
f 1127//1209 1131//1213 1129//1218
f 1132//1221 1129//1218 1131//1213
f 1132//1221 1130//1219 1129//1218
f 1133//1222 1130//1219 1132//1221
f 1134//1215 1132//1221 1131//1213
f 1133//1222 1166//1220 1130//1219
f 1167//1223 1166//1220 1133//1222
f 1134//1215 1241//1224 1242//1225
f 1132//1221 1134//1215 1242//1225
f 1133//1222 1132//1221 1242//1225
f 1167//1223 1133//1222 1288//1226
f 1246//1227 1161//1228 1174//1229
f 1174//1229 1161//1228 1156//1230
f 1136//1076 989//1074 1135//1231
f 1138//1077 1135//1231 989//1074
f 1136//1076 1137//1196 1102//1193
f 1140//1232 1137//1196 1136//1076
f 1140//1232 1136//1076 1135//1231
f 1138//1077 1141//1233 1140//1232
f 1138//1077 1140//1232 1135//1231
f 1139//1078 1142//1234 1138//1077
f 1138//1077 1142//1234 1141//1233
f 1139//1078 1143//1235 1142//1234
f 1139//1078 1176//1236 1143//1235
f 1145//1237 1144//1197 1137//1196
f 1140//1232 1145//1237 1137//1196
f 1145//1237 1140//1232 1146//1238
f 1141//1233 1147//1239 1146//1238
f 1146//1238 1140//1232 1141//1233
f 1142//1234 1148//1240 1147//1239
f 1147//1239 1141//1233 1142//1234
f 1148//1240 1142//1234 1143//1235
f 1143//1235 1176//1236 1149//1241
f 1148//1240 1143//1235 1149//1241
f 1162//1204 1144//1197 1150//1242
f 1150//1242 1144//1197 1145//1237
f 1150//1242 1145//1237 1155//1243
f 1145//1237 1146//1238 1151//1244
f 1155//1243 1145//1237 1151//1244
f 1146//1238 1147//1239 1152//1245
f 1151//1244 1146//1238 1152//1245
f 1147//1239 1148//1240 1153//1246
f 1152//1245 1147//1239 1153//1246
f 1156//1230 1154//1247 1172//1248
f 1149//1241 1172//1248 1154//1247
f 1154//1247 1148//1240 1149//1241
f 1153//1246 1148//1240 1154//1247
f 1162//1204 1150//1242 1163//1206
f 1159//1249 1155//1243 1151//1244
f 1159//1249 1151//1244 1152//1245
f 1159//1249 1152//1245 1153//1246
f 1159//1249 1153//1246 1160//1250
f 1156//1230 1160//1250 1154//1247
f 1160//1250 1153//1246 1154//1247
f 1164//1207 1163//1206 1157//1251
f 1157//1251 1163//1206 1150//1242
f 1155//1243 1158//1252 1157//1251
f 1157//1251 1150//1242 1155//1243
f 1158//1252 1155//1243 1159//1249
f 1160//1250 1156//1230 1161//1228
f 1247//1253 1164//1207 1157//1251
f 1158//1252 1248//1254 1247//1253
f 1157//1251 1158//1252 1247//1253
f 1158//1252 1159//1249 1248//1254
f 1248//1254 1159//1249 1160//1250
f 1166//1220 1002//1079 1165//1080
f 1166//1220 1167//1223 1002//1079
f 1002//1079 1167//1223 1004//1086
f 1004//1086 1167//1223 1168//1088
f 1244//1255 1169//965 1168//1088
f 1169//965 1244//1255 1290//1256
f 1245//1089 1169//965 1290//1256
f 1007//1075 1015//1093 1175//1257
f 1014//1098 1170//1258 1016//1097
f 1016//1097 1170//1258 1015//1093
f 1175//1257 1015//1093 1171//1259
f 1015//1093 1170//1258 1171//1259
f 1170//1258 1172//1248 1171//1259
f 1170//1258 1014//1098 1173//1090
f 1172//1248 1173//1090 1174//1229
f 1174//1229 1156//1230 1172//1248
f 1173//1090 1172//1248 1170//1258
f 1174//1229 1173//1090 1246//1227
f 1246//1227 1173//1090 1245//1089
f 1175//1257 1139//1078 1007//1075
f 1175//1257 1176//1236 1139//1078
f 1175//1257 1171//1259 1176//1236
f 1171//1259 1172//1248 1176//1236
f 1149//1241 1176//1236 1172//1248
f 730//767 731//768 1177//1260
f 731//768 1250//793 1177//1260
f 1178//979 900//813 1294//1261
f 1020//981 1019//983 1297//1100
f 915//775 1254//1262 916//819
f 1254//1262 915//775 1304//993
f 1306//1263 916//819 1254//1262
f 1255//1264 1024//818 1027//1104
f 1306//1263 1028//820 916//819
f 1256//1105 743//750 1549//995
f 1027//1104 1026//994 1255//1264
f 1255//1264 1026//994 1256//1105
f 1258//1265 1029//996 1028//820
f 1257//1266 1028//820 1306//1263
f 1257//1266 1179//1267 1028//820
f 1179//1267 1258//1265 1028//820
f 1029//996 1258//1265 1259//1268
f 1259//1268 1180//1106 1029//996
f 1182//1269 768//825 1181//824
f 1184//1000 1030//1001 1183//1107
f 1183//1107 768//825 1262//1270
f 1184//1000 1183//1107 1409//1271
f 1032//1002 1184//1000 1409//1271
f 1192//1272 1196//1273 1412//1274
f 1196//1273 1199//1275 1412//1274
f 1190//1133 1191//1276 1052//1116
f 1191//1276 1185//1115 1052//1116
f 1191//1276 1193//1277 1186//1278
f 1186//1278 1185//1115 1191//1276
f 1186//1278 1263//1279 1185//1115
f 1193//1277 1263//1279 1186//1278
f 1185//1115 1263//1279 1063//1147
f 1187//1131 1193//1277 1190//1133
f 1193//1277 1187//1131 1192//1272
f 1187//1131 1188//1132 1192//1272
f 1188//1132 1189//1134 1192//1272
f 1191//1276 1190//1133 1193//1277
f 1196//1273 1192//1272 1189//1134
f 1193//1277 1192//1272 1412//1274
f 1411//1280 1193//1277 1412//1274
f 1189//1134 1057//1130 1194//1140
f 1195//1281 1194//1140 1058//1139
f 1195//1281 1058//1139 1202//1142
f 1189//1134 1194//1140 1196//1273
f 1196//1273 1194//1140 1197//1282
f 1194//1140 1195//1281 1197//1282
f 1196//1273 1197//1282 1199//1275
f 1199//1275 1197//1282 1198//1283
f 1197//1282 1195//1281 1198//1283
f 1199//1275 1198//1283 1200//1284
f 1195//1281 1202//1142 1203//1285
f 1195//1281 1203//1285 1198//1283
f 1203//1285 1202//1142 1206//1286
f 1198//1283 1203//1285 1200//1284
f 1205//1144 1202//1142 1201//1137
f 1060//1136 1205//1144 1201//1137
f 1206//1286 1202//1142 1205//1144
f 1212//1287 1205//1144 1210//1288
f 1210//1288 1205//1144 1204//1143
f 1203//1285 1206//1286 1207//1289
f 1207//1289 1206//1286 1205//1144
f 1207//1289 1205//1144 1212//1287
f 1200//1284 1203//1285 1207//1289
f 1200//1284 1207//1289 1266//1290
f 1207//1289 1212//1287 1266//1290
f 1208//1291 1204//1143 1059//1141
f 1208//1291 1059//1141 1070//1152
f 1208//1291 1210//1288 1204//1143
f 1209//1292 1210//1288 1208//1291
f 1213//1293 1210//1288 1209//1292
f 1211//1294 1213//1293 1209//1292
f 1212//1287 1210//1288 1213//1293
f 1270//1295 1213//1293 1211//1294
f 1211//1294 1221//1296 1270//1295
f 1212//1287 1213//1293 1267//1297
f 1267//1297 1213//1293 1270//1295
f 1221//1296 1269//1298 1270//1295
f 1328//1299 1273//1300 1063//1147
f 1070//1152 1069//1150 1208//1291
f 1208//1291 1214//1156 1216//1301
f 1069//1150 1214//1156 1208//1291
f 1215//1302 1216//1301 1214//1156
f 1215//1302 1214//1156 1218//1154
f 1209//1292 1208//1291 1216//1301
f 1209//1292 1216//1301 1217//1303
f 1217//1303 1216//1301 1215//1302
f 1219//1304 1217//1303 1215//1302
f 1219//1304 1215//1302 1218//1154
f 1211//1294 1209//1292 1217//1303
f 1211//1294 1217//1303 1221//1296
f 1221//1296 1217//1303 1219//1304
f 1219//1304 1218//1154 1220//1155
f 1222//1305 1221//1296 1219//1304
f 1222//1305 1219//1304 1220//1155
f 1223//1306 1222//1305 1220//1155
f 1078//1157 1223//1306 1220//1155
f 1269//1298 1221//1296 1222//1305
f 1269//1298 1222//1305 1223//1306
f 1078//1157 1272//1307 1223//1306
f 1225//1163 1227//1162 1273//1300
f 1226//1308 1224//1158 1225//1163
f 1273//1300 1227//1162 1063//1147
f 1096//1169 1272//1307 1078//1157
f 1097//1182 1276//1309 1096//1169
f 1230//1310 1084//1161 1224//1158
f 1230//1310 1229//1311 1084//1161
f 1084//1161 1229//1311 1228//1172
f 1229//1311 1231//1312 1228//1172
f 1231//1312 1234//1313 1228//1172
f 1226//1308 1230//1310 1224//1158
f 1232//1314 1229//1311 1230//1310
f 1232//1314 1231//1312 1229//1311
f 1232//1314 1277//1315 1231//1312
f 1277//1315 1236//1316 1231//1312
f 1360//1317 1236//1316 1277//1315
f 1275//1318 1098//1184 1279//1187
f 1097//1182 1275//1318 1276//1309
f 1097//1182 1098//1184 1275//1318
f 1117//1205 1279//1187 1116//1186
f 1280//1319 1279//1187 1117//1205
f 1228//1172 1234//1313 1100//1190
f 1234//1313 1233//1191 1100//1190
f 1235//1320 1239//1216 1233//1191
f 1239//1216 1123//1192 1233//1191
f 1234//1313 1235//1320 1233//1191
f 1237//1321 1239//1216 1235//1320
f 1234//1313 1236//1316 1235//1320
f 1240//1322 1239//1216 1237//1321
f 1236//1316 1234//1313 1231//1312
f 1360//1317 1235//1320 1236//1316
f 1360//1317 1237//1321 1235//1320
f 1280//1319 1117//1205 1164//1207
f 1124//1212 1239//1216 1240//1322
f 1240//1322 1238//1214 1124//1212
f 1241//1224 1134//1215 1238//1214
f 1241//1224 1238//1214 1240//1322
f 1288//1226 1133//1222 1242//1225
f 1168//1088 1167//1223 1288//1226
f 1288//1226 1243//1323 1168//1088
f 1242//1225 1241//1224 1288//1226
f 1243//1323 1244//1255 1168//1088
f 1246//1227 1249//1324 1161//1228
f 1249//1324 1246//1227 1390//1325
f 1248//1254 1160//1250 1285//1326
f 1248//1254 1285//1326 1247//1253
f 1161//1228 1249//1324 1160//1250
f 730//767 1392//1327 751//792
f 1295//1328 751//792 1392//1327
f 1177//1260 1392//1327 730//767
f 1177//1260 1393//1329 1392//1327
f 1393//1329 1177//1260 1250//793
f 1393//1329 1250//793 1293//1330
f 1250//793 1251//1331 1293//1330
f 1178//979 1251//1331 1250//793
f 1294//1261 1251//1331 1178//979
f 1395//1332 751//792 1295//1328
f 751//792 1395//1332 911//992
f 1296//1099 1294//1261 900//813
f 1300//1333 1297//1100 1019//983
f 1019//983 1301//1334 1300//1333
f 1019//983 1021//1101 1301//1334
f 1395//1332 1304//993 911//992
f 1025//1102 1253//1335 1023//989
f 1253//1335 1252//1103 1023//989
f 1302//1336 1253//1335 1025//1102
f 1024//818 1302//1336 1025//1102
f 1492//1337 1255//1264 1256//1105
f 1307//1338 1257//1266 1306//1263
f 1309//1339 1258//1265 1257//1266
f 1258//1265 1179//1267 1257//1266
f 1262//1270 1182//1269 1181//824
f 1262//1270 768//825 1182//1269
f 1260//1340 1180//1106 1259//1268
f 1181//824 1180//1106 1260//1340
f 1261//1341 1181//824 1260//1340
f 1262//1270 1181//824 1261//1341
f 1498//1342 1497//1343 1032//1002
f 1497//1343 1031//997 1032//1002
f 1032//1002 1409//1271 1498//1342
f 1063//1147 1263//1279 1271//1344
f 1263//1279 1314//1345 1271//1344
f 1314//1345 1263//1279 1193//1277
f 1199//1275 1200//1284 1264//1346
f 1199//1275 1264//1346 1412//1274
f 1200//1284 1266//1290 1265//1347
f 1265//1347 1264//1346 1200//1284
f 1264//1346 1265//1347 1315//1348
f 1267//1297 1266//1290 1212//1287
f 1267//1297 1270//1295 1322//1349
f 1268//1350 1265//1347 1266//1290
f 1266//1290 1267//1297 1268//1350
f 1268//1350 1267//1297 1319//1351
f 1319//1351 1267//1297 1322//1349
f 1320//1352 1268//1350 1319//1351
f 1321//1353 1270//1295 1269//1298
f 1321//1353 1322//1349 1270//1295
f 1271//1344 1328//1299 1063//1147
f 1314//1345 1329//1354 1271//1344
f 1271//1344 1329//1354 1328//1299
f 1332//1355 1269//1298 1223//1306
f 1321//1353 1269//1298 1325//1356
f 1332//1355 1223//1306 1272//1307
f 1096//1169 1276//1309 1272//1307
f 1330//1357 1272//1307 1276//1309
f 1274//1358 1226//1308 1225//1163
f 1273//1300 1274//1358 1225//1163
f 1278//1359 1226//1308 1274//1358
f 1344//1360 1274//1358 1273//1300
f 1274//1358 1345//1361 1278//1359
f 1281//1362 1275//1318 1279//1187
f 1276//1309 1275//1318 1346//1363
f 1275//1318 1281//1362 1348//1364
f 1276//1309 1347//1365 1330//1357
f 1276//1309 1346//1363 1347//1365
f 1348//1364 1346//1363 1275//1318
f 1278//1359 1230//1310 1226//1308
f 1278//1359 1232//1314 1230//1310
f 1345//1361 1277//1315 1278//1359
f 1277//1315 1232//1314 1278//1359
f 1361//1366 1277//1315 1345//1361
f 1361//1366 1360//1317 1277//1315
f 1283//1367 1280//1319 1164//1207
f 1280//1319 1281//1362 1279//1187
f 1282//1368 1281//1362 1280//1319
f 1364//1369 1281//1362 1282//1368
f 1283//1367 1282//1368 1280//1319
f 1375//1370 1237//1321 1360//1317
f 1240//1322 1237//1321 1375//1370
f 1240//1322 1376//1371 1241//1224
f 1240//1322 1375//1370 1376//1371
f 1241//1224 1374//1372 1288//1226
f 1378//1373 1288//1226 1374//1372
f 1374//1372 1241//1224 1376//1371
f 1284//1374 1386//1375 1292//1376
f 1292//1376 1387//1377 1246//1227
f 1246//1227 1387//1377 1390//1325
f 1387//1377 1389//1378 1390//1325
f 1249//1324 1457//1379 1160//1250
f 1160//1250 1457//1379 1285//1326
f 1247//1253 1285//1326 1287//1380
f 1390//1325 1458//1381 1249//1324
f 1247//1253 1286//1382 1283//1367
f 1283//1367 1164//1207 1247//1253
f 1287//1380 1286//1382 1247//1253
f 1391//1383 1286//1382 1287//1380
f 1285//1326 1391//1383 1287//1380
f 1379//1384 1288//1226 1378//1373
f 1288//1226 1379//1384 1243//1323
f 1289//1385 1243//1323 1379//1384
f 1244//1255 1289//1385 1290//1256
f 1243//1323 1289//1385 1244//1255
f 1284//1374 1290//1256 1291//1386
f 1289//1385 1291//1386 1290//1256
f 1290//1256 1284//1374 1245//1089
f 1284//1374 1292//1376 1245//1089
f 1245//1089 1292//1376 1246//1227
f 1294//1261 1293//1330 1251//1331
f 1394//1387 1294//1261 1296//1099
f 1298//1388 1297//1100 1300//1333
f 1297//1100 1483//1389 1296//1099
f 1298//1388 1483//1389 1297//1100
f 1396//1390 1298//1388 1299//1391
f 1298//1388 1300//1333 1299//1391
f 1299//1391 1397//1392 1396//1390
f 1397//1392 1299//1391 1399//1393
f 1401//1394 1021//1101 1252//1103
f 1301//1334 1021//1101 1401//1394
f 1402//1395 1401//1394 1252//1103
f 1399//1393 1301//1334 1401//1394
f 1299//1391 1300//1333 1301//1334
f 1299//1391 1301//1334 1399//1393
f 1304//993 1545//1396 1254//1262
f 1252//1103 1253//1335 1402//1395
f 1302//1336 1402//1395 1253//1335
f 1303//1397 1308//1398 1306//1263
f 1305//1399 1302//1336 1024//818
f 1305//1399 1024//818 1255//1264
f 1305//1399 1255//1264 1494//1400
f 1303//1397 1306//1263 1254//1262
f 1308//1398 1307//1338 1306//1263
f 1403//1401 1307//1338 1308//1398
f 1403//1401 1310//1402 1307//1338
f 1310//1402 1309//1339 1257//1266
f 1309//1339 1311//1403 1258//1265
f 1307//1338 1310//1402 1257//1266
f 1405//1404 1309//1339 1310//1402
f 1405//1404 1311//1403 1309//1339
f 1311//1403 1259//1268 1258//1265
f 1312//1405 1260//1340 1259//1268
f 1312//1405 1313//1406 1260//1340
f 1313//1406 1261//1341 1260//1340
f 1311//1403 1312//1405 1259//1268
f 1313//1406 1408//1407 1261//1341
f 1408//1407 1262//1270 1261//1341
f 1404//1408 1312//1405 1311//1403
f 1407//1409 1312//1405 1404//1408
f 1407//1409 1313//1406 1312//1405
f 1408//1407 1313//1406 1407//1409
f 1183//1107 1262//1270 1408//1407
f 1314//1345 1193//1277 1411//1280
f 1412//1274 1264//1346 1413//1410
f 1315//1348 1413//1410 1264//1346
f 1316//1411 1315//1348 1317//1412
f 1413//1410 1315//1348 1316//1411
f 1315//1348 1265//1347 1317//1412
f 1317//1412 1265//1347 1268//1350
f 1318//1413 1317//1412 1268//1350
f 1316//1411 1317//1412 1318//1413
f 1316//1411 1318//1413 1414//1414
f 1414//1414 1318//1413 1415//1415
f 1318//1413 1268//1350 1320//1352
f 1320//1352 1416//1416 1415//1415
f 1415//1415 1318//1413 1320//1352
f 1416//1416 1320//1352 1319//1351
f 1324//1417 1322//1349 1321//1353
f 1323//1418 1324//1417 1321//1353
f 1323//1418 1321//1353 1325//1356
f 1323//1418 1424//1419 1417//1420
f 1319//1351 1322//1349 1420//1421
f 1418//1422 1420//1421 1322//1349
f 1418//1422 1322//1349 1324//1417
f 1417//1420 1418//1422 1324//1417
f 1323//1418 1417//1420 1324//1417
f 1323//1418 1326//1423 1424//1419
f 1325//1356 1326//1423 1323//1418
f 1336//1424 1326//1423 1325//1356
f 1424//1419 1326//1423 1327//1425
f 1327//1425 1326//1423 1336//1424
f 1273//1300 1328//1299 1426//1426
f 1272//1307 1331//1427 1332//1355
f 1330//1357 1331//1427 1272//1307
f 1269//1298 1332//1355 1325//1356
f 1333//1428 1331//1427 1330//1357
f 1347//1365 1349//1429 1330//1357
f 1331//1427 1334//1430 1332//1355
f 1335//1431 1334//1430 1331//1427
f 1335//1431 1331//1427 1333//1428
f 1349//1429 1333//1428 1330//1357
f 1340//1432 1333//1428 1349//1429
f 1349//1429 1352//1433 1340//1432
f 1337//1434 1325//1356 1332//1355
f 1338//1435 1337//1434 1332//1355
f 1338//1435 1332//1355 1334//1430
f 1339//1436 1338//1435 1334//1430
f 1339//1436 1334//1430 1335//1431
f 1342//1437 1339//1436 1335//1431
f 1335//1431 1340//1432 1342//1437
f 1333//1428 1340//1432 1335//1431
f 1340//1432 1352//1433 1357//1438
f 1336//1424 1325//1356 1337//1434
f 1336//1424 1337//1434 1341//1439
f 1338//1435 1341//1439 1337//1434
f 1338//1435 1343//1440 1341//1439
f 1343//1440 1338//1435 1339//1436
f 1340//1432 1428//1441 1342//1437
f 1340//1432 1357//1438 1428//1441
f 1327//1425 1336//1424 1341//1439
f 1339//1436 1342//1437 1343//1440
f 1427//1442 1327//1425 1341//1439
f 1427//1442 1341//1439 1343//1440
f 1430//1443 1427//1442 1343//1440
f 1343//1440 1342//1437 1430//1443
f 1426//1426 1344//1360 1273//1300
f 1274//1358 1344//1360 1345//1361
f 1426//1426 1441//1444 1344//1360
f 1441//1444 1345//1361 1344//1360
f 1281//1362 1364//1369 1348//1364
f 1350//1445 1347//1365 1346//1363
f 1350//1445 1346//1363 1351//1446
f 1351//1446 1346//1363 1348//1364
f 1352//1433 1349//1429 1347//1365
f 1352//1433 1347//1365 1350//1445
f 1357//1438 1352//1433 1353//1447
f 1353//1447 1352//1433 1350//1445
f 1353//1447 1350//1445 1351//1446
f 1354//1448 1351//1446 1348//1364
f 1354//1448 1348//1364 1364//1369
f 1359//1449 1357//1438 1353//1447
f 1359//1449 1353//1447 1355//1450
f 1353//1447 1351//1446 1355//1450
f 1355//1450 1354//1448 1358//1451
f 1355//1450 1351//1446 1354//1448
f 1358//1451 1354//1448 1356//1452
f 1356//1452 1354//1448 1364//1369
f 1357//1438 1359//1449 1444//1453
f 1359//1449 1355//1450 1358//1451
f 1443//1454 1356//1452 1369//1455
f 1358//1451 1356//1452 1443//1454
f 1428//1441 1357//1438 1444//1453
f 1442//1456 1359//1449 1358//1451
f 1442//1456 1358//1451 1443//1454
f 1362//1457 1360//1317 1361//1366
f 1362//1457 1375//1370 1360//1317
f 1373//1458 1457//1379 1467//1459
f 1365//1460 1364//1369 1282//1368
f 1365//1460 1283//1367 1363//1461
f 1365//1460 1282//1368 1283//1367
f 1286//1382 1368//1462 1363//1461
f 1283//1367 1286//1382 1363//1461
f 1368//1462 1286//1382 1391//1383
f 1367//1463 1365//1460 1363//1461
f 1367//1463 1363//1461 1368//1462
f 1364//1369 1365//1460 1366//1464
f 1366//1464 1365//1460 1367//1463
f 1356//1452 1364//1369 1366//1464
f 1372//1465 1371//1466 1368//1462
f 1371//1466 1367//1463 1368//1462
f 1372//1465 1368//1462 1373//1458
f 1373//1458 1368//1462 1391//1383
f 1369//1455 1356//1452 1366//1464
f 1366//1464 1367//1463 1370//1467
f 1369//1455 1366//1464 1370//1467
f 1370//1467 1367//1463 1371//1466
f 1462//1468 1369//1455 1370//1467
f 1371//1466 1464//1469 1463//1470
f 1370//1467 1371//1466 1463//1470
f 1462//1468 1370//1467 1463//1470
f 1373//1458 1464//1469 1372//1465
f 1464//1469 1371//1466 1372//1465
f 1443//1454 1369//1455 1462//1468
f 1374//1372 1381//1471 1378//1373
f 1381//1471 1374//1372 1377//1472
f 1374//1372 1376//1371 1377//1472
f 1376//1371 1375//1370 1471//1473
f 1472//1474 1375//1370 1362//1457
f 1471//1473 1375//1370 1472//1474
f 1377//1472 1376//1371 1471//1473
f 1378//1373 1381//1471 1379//1384
f 1381//1471 1380//1475 1379//1384
f 1380//1475 1382//1476 1289//1385
f 1473//1477 1382//1476 1380//1475
f 1291//1386 1475//1478 1384//1479
f 1382//1476 1475//1478 1291//1386
f 1382//1476 1473//1477 1475//1478
f 1384//1479 1284//1374 1291//1386
f 1475//1478 1476//1480 1384//1479
f 1383//1481 1386//1375 1284//1374
f 1383//1481 1385//1482 1386//1375
f 1284//1374 1384//1479 1383//1481
f 1383//1481 1384//1479 1385//1482
f 1476//1480 1385//1482 1384//1479
f 1476//1480 1478//1483 1385//1482
f 1385//1482 1478//1483 1477//1484
f 1386//1375 1387//1377 1292//1376
f 1385//1482 1477//1484 1386//1375
f 1477//1484 1388//1485 1386//1375
f 1386//1375 1388//1485 1387//1377
f 1389//1378 1388//1485 1480//1486
f 1388//1485 1389//1378 1387//1377
f 1389//1378 1480//1486 1479//1487
f 1479//1487 1458//1381 1389//1378
f 1458//1381 1457//1379 1249//1324
f 1285//1326 1457//1379 1373//1458
f 1458//1381 1390//1325 1389//1378
f 1391//1383 1285//1326 1373//1458
f 1380//1475 1289//1385 1379//1384
f 1291//1386 1289//1385 1382//1476
f 1393//1329 1537//1488 1392//1327
f 1294//1261 1394//1387 1293//1330
f 1537//1488 1393//1329 1538//1489
f 1538//1489 1393//1329 1293//1330
f 1296//1099 1482//1490 1394//1387
f 1483//1389 1485//1491 1484//1492
f 1298//1388 1485//1491 1483//1389
f 1396//1390 1485//1491 1298//1388
f 1396//1390 1397//1392 1398//1493
f 1397//1392 1400//1494 1398//1493
f 1400//1494 1397//1392 1399//1393
f 1398//1493 1486//1495 1396//1390
f 1400//1494 1486//1495 1398//1493
f 1487//1496 1400//1494 1399//1393
f 1487//1496 1399//1393 1490//1497
f 1490//1497 1399//1393 1401//1394
f 1490//1497 1401//1394 1402//1395
f 1490//1497 1402//1395 1491//1498
f 1491//1498 1402//1395 1302//1336
f 1493//1499 1302//1336 1305//1399
f 1493//1499 1305//1399 1494//1400
f 1403//1401 1308//1398 1495//1500
f 1549//995 1492//1337 1256//1105
f 1496//1501 1405//1404 1403//1401
f 1551//1502 1405//1404 1496//1501
f 1403//1401 1405//1404 1310//1402
f 1311//1403 1405//1404 1404//1408
f 1551//1502 1404//1408 1405//1404
f 1406//1503 1408//1407 1407//1409
f 1314//1345 1410//1504 1329//1354
f 1314//1345 1411//1280 1410//1504
f 1410//1504 1560//1505 1329//1354
f 1500//1506 1411//1280 1412//1274
f 1500//1506 1412//1274 1501//1507
f 1413//1410 1316//1411 1502//1508
f 1316//1411 1414//1414 1599//1509
f 1316//1411 1599//1509 1502//1508
f 1599//1509 1414//1414 1504//1510
f 1504//1510 1414//1414 1503//1511
f 1414//1414 1415//1415 1503//1511
f 1416//1416 1503//1511 1415//1415
f 1416//1416 1319//1351 1505//1512
f 1505//1512 1420//1421 1506//1513
f 1600//1514 1416//1416 1505//1512
f 1421//1515 1420//1421 1418//1422
f 1417//1420 1419//1516 1418//1422
f 1424//1419 1419//1516 1417//1420
f 1421//1515 1418//1422 1419//1516
f 1505//1512 1319//1351 1420//1421
f 1422//1517 1421//1515 1419//1516
f 1421//1515 1508//1518 1420//1421
f 1506//1513 1420//1421 1508//1518
f 1508//1518 1421//1515 1422//1517
f 1422//1517 1419//1516 1509//1519
f 1423//1520 1509//1519 1419//1516
f 1327//1425 1429//1521 1424//1419
f 1424//1419 1425//1522 1419//1516
f 1429//1521 1425//1522 1424//1419
f 1429//1521 1432//1523 1425//1522
f 1425//1522 1432//1523 1437//1524
f 1419//1516 1425//1522 1423//1520
f 1423//1520 1425//1522 1519//1525
f 1425//1522 1437//1524 1519//1525
f 1426//1426 1328//1299 1329//1354
f 1426//1426 1329//1354 1520//1526
f 1429//1521 1327//1425 1427//1442
f 1427//1442 1432//1523 1429//1521
f 1432//1523 1427//1442 1430//1443
f 1430//1443 1342//1437 1431//1527
f 1431//1527 1342//1437 1428//1441
f 1433//1528 1428//1441 1444//1453
f 1434//1529 1432//1523 1430//1443
f 1430//1443 1431//1527 1434//1529
f 1433//1528 1431//1527 1428//1441
f 1433//1528 1444//1453 1436//1530
f 1437//1524 1432//1523 1434//1529
f 1435//1531 1431//1527 1433//1528
f 1437//1524 1434//1529 1438//1532
f 1438//1532 1434//1529 1435//1531
f 1435//1531 1434//1529 1431//1527
f 1436//1530 1438//1532 1435//1531
f 1435//1531 1433//1528 1436//1530
f 1439//1533 1438//1532 1436//1530
f 1439//1533 1436//1530 1449//1534
f 1440//1535 1437//1524 1438//1532
f 1437//1524 1440//1535 1519//1525
f 1438//1532 1523//1536 1440//1535
f 1523//1536 1438//1532 1439//1533
f 1441//1444 1524//1537 1345//1361
f 1444//1453 1359//1449 1446//1538
f 1446//1538 1359//1449 1442//1456
f 1446//1538 1442//1456 1445//1539
f 1442//1456 1443//1454 1445//1539
f 1449//1534 1446//1538 1447//1540
f 1444//1453 1446//1538 1449//1534
f 1447//1540 1446//1538 1445//1539
f 1436//1530 1444//1453 1449//1534
f 1445//1539 1448//1541 1447//1540
f 1451//1542 1447//1540 1450//1543
f 1449//1534 1447//1540 1451//1542
f 1450//1543 1447//1540 1448//1541
f 1439//1533 1449//1534 1453//1544
f 1449//1534 1451//1542 1453//1544
f 1452//1545 1526//1546 1450//1543
f 1450//1543 1448//1541 1452//1545
f 1453//1544 1451//1542 1526//1546
f 1451//1542 1450//1543 1526//1546
f 1525//1547 1526//1546 1452//1545
f 1527//1548 1454//1549 1345//1361
f 1527//1548 1455//1550 1454//1549
f 1455//1550 1528//1551 1456//1552
f 1454//1549 1361//1366 1345//1361
f 1454//1549 1362//1457 1361//1366
f 1456//1552 1472//1474 1362//1457
f 1454//1549 1455//1550 1362//1457
f 1455//1550 1456//1552 1362//1457
f 1456//1552 1528//1551 1530//1553
f 1472//1474 1456//1552 1530//1553
f 1472//1474 1530//1553 1471//1473
f 1457//1379 1459//1554 1467//1459
f 1479//1487 1532//1555 1458//1381
f 1457//1379 1458//1381 1459//1554
f 1467//1459 1459//1554 1460//1556
f 1459//1554 1532//1555 1460//1556
f 1469//1557 1467//1459 1460//1556
f 1459//1554 1458//1381 1532//1555
f 1460//1556 1461//1558 1469//1557
f 1460//1556 1532//1555 1533//1559
f 1525//1547 1461//1558 1533//1559
f 1533//1559 1461//1558 1460//1556
f 1445//1539 1443//1454 1462//1468
f 1445//1539 1462//1468 1465//1560
f 1463//1470 1465//1560 1462//1468
f 1466//1561 1463//1470 1464//1469
f 1373//1458 1467//1459 1464//1469
f 1466//1561 1465//1560 1463//1470
f 1464//1469 1467//1459 1466//1561
f 1448//1541 1465//1560 1468//1562
f 1448//1541 1445//1539 1465//1560
f 1468//1562 1465//1560 1466//1561
f 1468//1562 1466//1561 1469//1557
f 1469//1557 1466//1561 1467//1459
f 1461//1558 1468//1562 1469//1557
f 1452//1545 1468//1562 1461//1558
f 1452//1545 1448//1541 1468//1562
f 1525//1547 1452//1545 1461//1558
f 1377//1472 1471//1473 1470//1563
f 1470//1563 1381//1471 1377//1472
f 1474//1564 1381//1471 1470//1563
f 1470//1563 1535//1565 1474//1564
f 1471//1473 1534//1566 1470//1563
f 1470//1563 1534//1566 1535//1565
f 1474//1564 1380//1475 1381//1471
f 1473//1477 1380//1475 1474//1564
f 1476//1480 1475//1478 1583//1567
f 1478//1483 1480//1486 1477//1484
f 1477//1484 1480//1486 1388//1485
f 1478//1483 1481//1568 1480//1486
f 1479//1487 1480//1486 1481//1568
f 1293//1330 1584//1569 1538//1489
f 1584//1569 1293//1330 1394//1387
f 1584//1569 1394//1387 1585//1570
f 1482//1490 1616//1571 1394//1387
f 1395//1332 1544//1572 1304//993
f 1483//1389 1482//1490 1296//1099
f 1539//1573 1482//1490 1483//1389
f 1484//1492 1539//1573 1483//1389
f 1541//1574 1484//1492 1486//1495
f 1486//1495 1485//1491 1396//1390
f 1485//1491 1486//1495 1484//1492
f 1486//1495 1489//1575 1541//1574
f 1400//1494 1489//1575 1486//1495
f 1489//1575 1400//1494 1487//1496
f 1488//1576 1487//1496 1490//1497
f 1489//1575 1487//1496 1488//1576
f 1545//1396 1303//1397 1254//1262
f 1491//1498 1302//1336 1493//1499
f 1488//1576 1490//1497 1491//1498
f 1547//1577 1493//1499 1494//1400
f 1491//1498 1493//1499 1547//1577
f 1591//1578 1308//1398 1303//1397
f 1591//1578 1548//1579 1308//1398
f 1492//1337 1494//1400 1255//1264
f 1496//1501 1495//1500 1550//1580
f 1550//1580 1552//1581 1496//1501
f 1495//1500 1308//1398 1548//1579
f 1550//1580 1495//1500 1548//1579
f 1031//997 1593//1582 764//805
f 1593//1582 1549//995 764//805
f 1496//1501 1403//1401 1495//1500
f 1551//1502 1496//1501 1552//1581
f 1554//1583 1404//1408 1551//1502
f 1407//1409 1404//1408 1554//1583
f 1554//1583 1406//1503 1407//1409
f 1409//1271 1556//1584 1498//1342
f 1183//1107 1556//1584 1409//1271
f 1183//1107 1408//1407 1556//1584
f 1498//1342 1556//1584 1497//1343
f 1505//1512 1507//1585 1499//1586
f 1602//1587 1600//1514 1499//1586
f 1602//1587 1499//1586 1507//1585
f 1560//1505 1520//1526 1329//1354
f 1606//1588 1520//1526 1560//1505
f 1411//1280 1500//1506 1410//1504
f 1500//1506 1501//1507 1561//1589
f 1561//1589 1501//1507 1413//1410
f 1561//1589 1413//1410 1502//1508
f 1501//1507 1412//1274 1413//1410
f 1504//1510 1503//1511 1563//1590
f 1503//1511 1416//1416 1563//1590
f 1505//1512 1506//1513 1507//1585
f 1507//1585 1506//1513 1510//1591
f 1506//1513 1508//1518 1510//1591
f 1505//1512 1499//1586 1600//1514
f 1507//1585 1510//1591 1515//1592
f 1601//1593 1507//1585 1515//1592
f 1508//1518 1422//1517 1511//1594
f 1423//1520 1512//1595 1509//1519
f 1423//1520 1519//1525 1512//1595
f 1510//1591 1508//1518 1511//1594
f 1511//1594 1422//1517 1509//1519
f 1515//1592 1510//1591 1511//1594
f 1513//1596 1511//1594 1509//1519
f 1513//1596 1509//1519 1512//1595
f 1512//1595 1519//1525 1514//1597
f 1515//1592 1511//1594 1516//1598
f 1516//1598 1511//1594 1513//1596
f 1513//1596 1564//1599 1516//1598
f 1513//1596 1512//1595 1564//1599
f 1440//1535 1521//1600 1514//1597
f 1519//1525 1440//1535 1514//1597
f 1517//1601 1512//1595 1514//1597
f 1518//1602 1517//1601 1514//1597
f 1514//1597 1521//1600 1518//1602
f 1515//1592 1516//1598 1601//1593
f 1564//1599 1512//1595 1517//1601
f 1566//1603 1518//1602 1521//1600
f 1604//1604 1601//1593 1516//1598
f 1604//1604 1516//1598 1564//1599
f 1520//1526 1524//1537 1426//1426
f 1521//1600 1523//1536 1522//1605
f 1523//1536 1439//1533 1522//1605
f 1453//1544 1522//1605 1439//1533
f 1566//1603 1521//1600 1522//1605
f 1522//1605 1453//1544 1573//1606
f 1566//1603 1522//1605 1573//1606
f 1521//1600 1440//1535 1523//1536
f 1524//1537 1441//1444 1426//1426
f 1527//1548 1345//1361 1524//1537
f 1524//1537 1568//1607 1527//1548
f 1568//1607 1529//1608 1527//1548
f 1567//1609 1568//1607 1524//1537
f 1525//1547 1573//1606 1526//1546
f 1573//1606 1453//1544 1526//1546
f 1527//1548 1528//1551 1455//1550
f 1527//1548 1529//1608 1528//1551
f 1528//1551 1529//1608 1530//1553
f 1529//1608 1574//1610 1530//1553
f 1481//1568 1531//1611 1479//1487
f 1479//1487 1531//1611 1532//1555
f 1533//1559 1532//1555 1579//1612
f 1579//1612 1532//1555 1531//1611
f 1574//1610 1534//1566 1530//1553
f 1575//1613 1534//1566 1574//1610
f 1534//1566 1471//1473 1530//1553
f 1575//1613 1535//1565 1534//1566
f 1580//1614 1535//1565 1575//1613
f 1536//1615 1474//1564 1535//1565
f 1536//1615 1473//1477 1474//1564
f 1580//1614 1536//1615 1535//1565
f 1478//1483 1476//1480 1583//1567
f 1583//1567 1481//1568 1478//1483
f 1392//1327 1537//1488 1295//1328
f 1616//1571 1585//1570 1394//1387
f 1539//1573 1616//1571 1482//1490
f 1617//1616 1616//1571 1539//1573
f 1620//1617 1544//1572 1395//1332
f 1539//1573 1484//1492 1540//1618
f 1484//1492 1541//1574 1540//1618
f 1541//1574 1588//1619 1540//1618
f 1588//1619 1541//1574 1542//1620
f 1541//1574 1489//1575 1542//1620
f 1488//1576 1542//1620 1489//1575
f 1588//1619 1542//1620 1488//1576
f 1544//1572 1545//1396 1304//993
f 1544//1572 1543//1621 1545//1396
f 1544//1572 1663//1622 1543//1621
f 1303//1397 1545//1396 1591//1578
f 1545//1396 1543//1621 1546//1623
f 1591//1578 1545//1396 1546//1623
f 1592//1624 1494//1400 1492//1337
f 1592//1624 1547//1577 1494//1400
f 1491//1498 1590//1625 1488//1576
f 1547//1577 1590//1625 1491//1498
f 1624//1626 1550//1580 1548//1579
f 1031//997 1626//1627 1593//1582
f 1625//1628 1552//1581 1550//1580
f 1625//1628 1553//1629 1552//1581
f 1553//1629 1551//1502 1552//1581
f 1553//1629 1554//1583 1551//1502
f 1672//1630 1554//1583 1553//1629
f 1555//1631 1406//1503 1554//1583
f 1672//1630 1553//1629 1625//1628
f 1557//1632 1555//1631 1594//1633
f 1595//1634 1558//1635 1557//1632
f 1557//1632 1594//1633 1595//1634
f 1556//1584 1558//1635 1559//1636
f 1406//1503 1555//1631 1408//1407
f 1555//1631 1556//1584 1408//1407
f 1556//1584 1557//1632 1558//1635
f 1559//1636 1497//1343 1556//1584
f 1555//1631 1557//1632 1556//1584
f 1497//1343 1559//1636 1597//1637
f 1558//1635 1596//1638 1559//1636
f 1597//1637 1559//1636 1596//1638
f 1031//997 1497//1343 1597//1637
f 1563//1590 1416//1416 1600//1514
f 1560//1505 1410//1504 1607//1639
f 1607//1639 1410//1504 1500//1506
f 1608//1640 1561//1589 1502//1508
f 1598//1641 1500//1506 1561//1589
f 1608//1640 1598//1641 1561//1589
f 1608//1640 1502//1508 1599//1509
f 1504//1510 1562//1642 1599//1509
f 1504//1510 1563//1590 1562//1642
f 1640//1643 1604//1604 1564//1599
f 1564//1599 1517//1601 1640//1643
f 1567//1609 1524//1537 1520//1526
f 1565//1644 1569//1645 1520//1526
f 1606//1588 1565//1644 1520//1526
f 1566//1603 1573//1606 1609//1646
f 1570//1647 1567//1609 1569//1645
f 1568//1607 1567//1609 1570//1647
f 1570//1647 1529//1608 1568//1607
f 1520//1526 1569//1645 1567//1609
f 1579//1612 1572//1648 1533//1559
f 1571//1649 1573//1606 1525//1547
f 1572//1648 1571//1649 1525//1547
f 1572//1648 1525//1547 1533//1559
f 1573//1606 1571//1649 1609//1646
f 1529//1608 1576//1650 1574//1610
f 1577//1651 1574//1610 1576//1650
f 1574//1610 1577//1651 1575//1613
f 1529//1608 1570//1647 1612//1652
f 1577//1651 1613//1653 1575//1613
f 1529//1608 1612//1652 1576//1650
f 1580//1614 1614//1654 1536//1615
f 1580//1614 1575//1613 1613//1653
f 1580//1614 1613//1653 1614//1654
f 1473//1477 1581//1655 1475//1478
f 1536//1615 1581//1655 1473//1477
f 1581//1655 1582//1656 1475//1478
f 1583//1567 1475//1478 1582//1656
f 1582//1656 1652//1657 1583//1567
f 1581//1655 1652//1657 1582//1656
f 1583//1567 1578//1658 1481//1568
f 1650//1659 1578//1658 1583//1567
f 1531//1611 1481//1568 1578//1658
f 1584//1569 1654//1660 1538//1489
f 1585//1570 1615//1661 1584//1569
f 1588//1619 1587//1662 1540//1618
f 1586//1663 1539//1573 1540//1618
f 1587//1662 1586//1663 1540//1618
f 1617//1616 1539//1573 1586//1663
f 1588//1619 1621//1664 1587//1662
f 1589//1665 1588//1619 1488//1576
f 1588//1619 1589//1665 1621//1664
f 1663//1622 1546//1623 1543//1621
f 1667//1666 1623//1667 1546//1623
f 1663//1622 1667//1666 1546//1623
f 1589//1665 1488//1576 1590//1625
f 1623//1667 1591//1578 1546//1623
f 1623//1667 1548//1579 1591//1578
f 1624//1626 1548//1579 1623//1667
f 1554//1583 1672//1630 1673//1668
f 1673//1668 1555//1631 1554//1583
f 1676//1669 1555//1631 1673//1668
f 1596//1638 1558//1635 1595//1634
f 1594//1633 1555//1631 1676//1669
f 1627//1670 1594//1633 1676//1669
f 1627//1670 1595//1634 1594//1633
f 1031//997 1597//1637 1629//1671
f 1598//1641 1630//1672 1607//1639
f 1630//1672 1598//1641 1631//1673
f 1631//1673 1598//1641 1608//1640
f 1631//1673 1608//1640 1599//1509
f 1599//1509 1562//1642 1632//1674
f 1632//1674 1562//1642 1600//1514
f 1563//1590 1600//1514 1562//1642
f 1601//1593 1602//1587 1507//1585
f 1603//1675 1601//1593 1604//1604
f 1636//1676 1645//1677 1606//1588
f 1607//1639 1605//1678 1560//1505
f 1605//1678 1606//1588 1560//1505
f 1605//1678 1607//1639 1630//1672
f 1607//1639 1500//1506 1598//1641
f 1639//1679 1603//1675 1604//1604
f 1604//1604 1640//1643 1639//1679
f 1518//1602 1566//1603 1643//1680
f 1606//1588 1645//1677 1565//1644
f 1645//1677 1569//1645 1565//1644
f 1643//1680 1566//1603 1609//1646
f 1645//1677 1570//1647 1569//1645
f 1612//1652 1570//1647 1646//1681
f 1572//1648 1579//1612 1610//1682
f 1709//1683 1647//1684 1610//1682
f 1571//1649 1572//1648 1647//1684
f 1647//1684 1572//1648 1610//1682
f 1609//1646 1571//1649 1647//1684
f 1612//1652 1649//1685 1611//1686
f 1612//1652 1611//1686 1576//1650
f 1611//1686 1577//1651 1576//1650
f 1577//1651 1611//1686 1648//1687
f 1651//1688 1613//1653 1712//1689
f 1581//1655 1536//1615 1614//1654
f 1651//1688 1581//1655 1614//1654
f 1614//1654 1613//1653 1651//1688
f 1652//1657 1581//1655 1651//1688
f 1652//1657 1650//1659 1583//1567
f 1654//1660 1653//1690 1538//1489
f 1538//1489 1653//1690 1537//1488
f 1654//1660 1584//1569 1615//1661
f 1615//1661 1655//1691 1654//1660
f 1655//1691 1615//1661 1585//1570
f 1656//1692 1655//1691 1616//1571
f 1655//1691 1585//1570 1616//1571
f 1616//1571 1617//1616 1656//1692
f 1617//1616 1657//1693 1656//1692
f 1618//1694 1617//1616 1586//1663
f 1618//1694 1657//1693 1617//1616
f 1586//1663 1619//1695 1618//1694
f 1659//1696 1618//1694 1619//1695
f 1659//1696 1657//1693 1618//1694
f 1619//1695 1586//1663 1587//1662
f 1664//1697 1619//1695 1587//1662
f 1621//1664 1589//1665 1622//1698
f 1590//1625 1622//1698 1589//1665
f 1622//1698 1590//1625 1668//1699
f 1547//1577 1668//1699 1590//1625
f 1665//1700 1621//1664 1622//1698
f 1665//1700 1622//1698 1668//1699
f 1669//1701 1547//1577 1592//1624
f 1669//1701 1668//1699 1547//1577
f 1670//1702 1667//1666 1666//1703
f 1670//1702 1624//1626 1623//1667
f 1667//1666 1670//1702 1623//1667
f 1781//1704 1492//1337 1785//1705
f 1626//1627 1734//1706 1593//1582
f 1549//995 1593//1582 1785//1705
f 1785//1705 1492//1337 1549//995
f 1625//1628 1550//1580 1624//1626
f 1597//1637 1677//1707 1629//1671
f 1595//1634 1627//1670 1628//1708
f 1596//1638 1595//1634 1628//1708
f 1596//1638 1628//1708 1677//1707
f 1677//1707 1597//1637 1596//1638
f 1630//1672 1631//1673 1679//1709
f 1631//1673 1599//1509 1685//1710
f 1685//1710 1599//1509 1686//1711
f 1599//1509 1632//1674 1686//1711
f 1600//1514 1633//1712 1632//1674
f 1756//1713 1632//1674 1633//1712
f 1687//1714 1633//1712 1600//1514
f 1687//1714 1600//1514 1602//1587
f 1601//1593 1603//1675 1634//1715
f 1687//1714 1602//1587 1688//1716
f 1688//1716 1602//1587 1601//1593
f 1634//1715 1603//1675 1635//1717
f 1691//1718 1634//1715 1635//1717
f 1635//1717 1700//1719 1691//1718
f 1690//1720 1634//1715 1691//1718
f 1695//1721 1636//1676 1637//1722
f 1697//1723 1704//1724 1636//1676
f 1605//1678 1637//1722 1606//1588
f 1605//1678 1638//1725 1637//1722
f 1637//1722 1636//1676 1606//1588
f 1638//1725 1696//1726 1637//1722
f 1637//1722 1696//1726 1695//1721
f 1605//1678 1630//1672 1638//1725
f 1641//1727 1639//1679 1640//1643
f 1640//1643 1642//1728 1641//1727
f 1640//1643 1517//1601 1642//1728
f 1642//1728 1517//1601 1518//1602
f 1635//1717 1603//1675 1639//1679
f 1641//1727 1635//1717 1639//1679
f 1635//1717 1641//1727 1700//1719
f 1641//1727 1642//1728 1700//1719
f 1643//1680 1642//1728 1518//1602
f 1704//1724 1645//1677 1636//1676
f 1706//1729 1644//1730 1609//1646
f 1609//1646 1644//1730 1643//1680
f 1706//1729 1702//1731 1644//1730
f 1645//1677 1646//1681 1570//1647
f 1649//1685 1612//1652 1646//1681
f 1707//1732 1609//1646 1647//1684
f 1707//1732 1647//1684 1709//1683
f 1710//1733 1611//1686 1649//1685
f 1711//1734 1611//1686 1710//1733
f 1648//1687 1611//1686 1711//1734
f 1648//1687 1613//1653 1577//1651
f 1648//1687 1712//1689 1613//1653
f 1531//1611 1578//1658 1771//1735
f 1578//1658 1650//1659 1771//1735
f 1610//1682 1579//1612 1531//1611
f 1713//1736 1295//1328 1537//1488
f 1713//1736 1395//1332 1295//1328
f 1659//1696 1714//1737 1657//1693
f 1714//1737 1656//1692 1657//1693
f 1658//1738 1714//1737 1659//1696
f 1661//1739 1658//1738 1659//1696
f 1719//1740 1658//1738 1661//1739
f 1715//1741 1658//1738 1719//1740
f 1660//1742 1659//1696 1619//1695
f 1664//1697 1660//1742 1619//1695
f 1660//1742 1661//1739 1659//1696
f 1661//1739 1660//1742 1662//1743
f 1662//1743 1660//1742 1664//1697
f 1661//1739 1662//1743 1719//1740
f 1721//1744 1662//1743 1720//1745
f 1720//1745 1662//1743 1664//1697
f 1620//1617 1663//1622 1544//1572
f 1587//1662 1621//1664 1664//1697
f 1664//1697 1621//1664 1665//1700
f 1668//1699 1669//1701 1723//1746
f 1781//1704 1592//1624 1492//1337
f 1669//1701 1592//1624 1780//1747
f 1780//1747 1592//1624 1781//1704
f 1723//1746 1669//1701 1780//1747
f 1671//1748 1670//1702 1666//1703
f 1671//1748 1624//1626 1670//1702
f 1730//1749 1624//1626 1671//1748
f 1730//1749 1625//1628 1624//1626
f 1730//1749 1731//1750 1625//1628
f 1731//1750 1672//1630 1625//1628
f 1593//1582 1734//1706 1792//1751
f 1676//1669 1673//1668 1674//1752
f 1675//1753 1673//1668 1672//1630
f 1673//1668 1675//1753 1733//1754
f 1674//1752 1673//1668 1733//1754
f 1796//1755 1793//1756 1674//1752
f 1797//1757 1734//1706 1798//1758
f 1734//1706 1626//1627 1031//997
f 1627//1670 1676//1669 1674//1752
f 1628//1708 1627//1670 1674//1752
f 1629//1671 1798//1758 1734//1706
f 1677//1707 1628//1708 1798//1758
f 1629//1671 1677//1707 1798//1758
f 1798//1758 1628//1708 1793//1756
f 1793//1756 1628//1708 1674//1752
f 1734//1706 1031//997 1629//1671
f 1678//1759 1698//1760 1696//1726
f 1743//1761 1699//1762 1698//1760
f 1678//1759 1743//1761 1698//1760
f 1630//1672 1679//1709 1638//1725
f 1696//1726 1638//1725 1680//1763
f 1638//1725 1679//1709 1680//1763
f 1680//1763 1679//1709 1682//1764
f 1696//1726 1680//1763 1678//1759
f 1680//1763 1682//1764 1678//1759
f 1679//1709 1681//1765 1682//1764
f 1749//1766 1678//1759 1682//1764
f 1682//1764 1681//1765 1683//1767
f 1749//1766 1682//1764 1683//1767
f 1681//1765 1752//1768 1683//1767
f 1752//1768 1681//1765 1684//1769
f 1631//1673 1684//1769 1681//1765
f 1681//1765 1679//1709 1631//1673
f 1631//1673 1685//1710 1684//1769
f 1685//1710 1686//1711 1754//1770
f 1632//1674 1756//1713 1686//1711
f 1754//1770 1686//1711 1756//1713
f 1687//1714 1688//1716 1819//1771
f 1689//1772 1819//1771 1688//1716
f 1756//1713 1633//1712 1687//1714
f 1758//1773 1819//1771 1689//1772
f 1688//1716 1601//1593 1689//1772
f 1689//1772 1601//1593 1634//1715
f 1689//1772 1634//1715 1690//1720
f 1758//1773 1689//1772 1692//1774
f 1692//1774 1689//1772 1690//1720
f 1692//1774 1690//1720 1693//1775
f 1693//1775 1691//1718 1700//1719
f 1693//1775 1690//1720 1691//1718
f 1759//1776 1758//1773 1692//1774
f 1759//1776 1692//1774 1693//1775
f 1698//1760 1695//1721 1696//1726
f 1697//1723 1636//1676 1695//1721
f 1697//1723 1695//1721 1699//1762
f 1697//1723 1761//1777 1704//1724
f 1695//1721 1698//1760 1699//1762
f 1697//1723 1699//1762 1694//1778
f 1697//1723 1694//1778 1761//1777
f 1703//1779 1826//1780 1701//1781
f 1763//1782 1826//1780 1703//1779
f 1763//1782 1705//1783 1764//1784
f 1703//1779 1705//1783 1763//1782
f 1702//1731 1642//1728 1643//1680
f 1643//1680 1644//1730 1702//1731
f 1701//1781 1700//1719 1642//1728
f 1701//1781 1642//1728 1703//1779
f 1703//1779 1642//1728 1702//1731
f 1703//1779 1702//1731 1705//1783
f 1704//1724 1762//1785 1645//1677
f 1762//1785 1708//1786 1645//1677
f 1707//1732 1764//1784 1706//1729
f 1707//1732 1706//1729 1609//1646
f 1702//1731 1706//1729 1705//1783
f 1705//1783 1706//1729 1764//1784
f 1646//1681 1645//1677 1708//1786
f 1646//1681 1766//1787 1649//1685
f 1646//1681 1708//1786 1766//1787
f 1707//1732 1709//1683 1767//1788
f 1767//1788 1709//1683 1885//1789
f 1886//1790 1709//1683 1610//1682
f 1710//1733 1649//1685 1768//1791
f 1649//1685 1769//1792 1768//1791
f 1770//1793 1649//1685 1766//1787
f 1710//1733 1768//1791 1711//1734
f 1711//1734 1712//1689 1648//1687
f 1892//1794 1651//1688 1712//1689
f 1995//1795 1771//1735 1650//1659
f 1610//1682 1531//1611 1771//1735
f 1652//1657 1651//1688 1892//1794
f 1834//1796 1620//1617 1713//1736
f 1832//1797 1654//1660 1655//1691
f 1772//1798 1655//1691 1656//1692
f 1716//1799 1773//1800 1772//1798
f 1716//1799 1774//1801 1773//1800
f 1713//1736 1620//1617 1395//1332
f 1714//1737 1772//1798 1656//1692
f 1716//1799 1772//1798 1714//1737
f 1716//1799 1714//1737 1658//1738
f 1715//1741 1716//1799 1658//1738
f 1717//1802 1715//1741 1719//1740
f 1719//1740 1721//1744 1717//1802
f 1717//1802 1716//1799 1715//1741
f 1718//1803 1717//1802 1721//1744
f 1777//1804 1718//1803 1720//1745
f 1774//1801 1716//1799 1717//1802
f 1663//1622 1722//1805 1667//1666
f 1834//1796 1663//1622 1620//1617
f 1721//1744 1719//1740 1662//1743
f 1665//1700 1720//1745 1664//1697
f 1777//1804 1720//1745 1665//1700
f 1777//1804 1665//1700 1778//1806
f 1720//1745 1718//1803 1721//1744
f 1779//1807 1667//1666 1722//1805
f 1723//1746 1780//1747 1782//1808
f 1778//1806 1665//1700 1668//1699
f 1725//1809 1671//1748 1666//1703
f 1667//1666 1724//1810 1666//1703
f 1724//1810 1725//1809 1666//1703
f 1779//1807 1724//1810 1667//1666
f 1779//1807 1725//1809 1724//1810
f 1729//1811 1786//1812 1593//1582
f 1731//1750 1727//1813 1788//1814
f 1728//1815 1727//1813 1726//1816
f 1728//1815 1787//1817 1727//1813
f 1787//1817 1788//1814 1727//1813
f 1783//1818 1787//1817 1728//1815
f 1726//1816 1671//1748 1725//1809
f 1726//1816 1730//1749 1671//1748
f 1727//1813 1730//1749 1726//1816
f 1730//1749 1727//1813 1731//1750
f 1725//1809 1728//1815 1726//1816
f 1792//1751 1729//1811 1593//1582
f 1729//1811 1792//1751 1784//1819
f 1731//1750 1732//1820 1672//1630
f 1672//1630 1732//1820 1675//1753
f 1788//1814 1732//1820 1731//1750
f 1732//1820 1733//1754 1675//1753
f 1792//1751 1734//1706 1797//1757
f 1674//1752 1733//1754 1795//1821
f 1796//1755 1674//1752 1795//1821
f 1735//1822 1746//1823 1740//1824
f 1736//1825 1735//1822 1742//1826
f 1737//1827 1802//1828 1747//1829
f 1735//1822 1737//1827 1747//1829
f 1746//1823 1735//1822 1747//1829
f 1801//1830 1736//1825 1800//1831
f 1800//1831 1736//1825 1742//1826
f 1801//1830 1802//1828 1737//1827
f 1736//1825 1801//1830 1737//1827
f 1735//1822 1736//1825 1737//1827
f 1678//1759 1749//1766 1750//1832
f 1749//1766 1683//1767 1739//1833
f 1740//1824 1750//1832 1738//1834
f 1751//1835 1750//1832 1740//1824
f 1750//1832 1749//1766 1738//1834
f 1749//1766 1739//1833 1738//1834
f 1739//1833 1683//1767 1807//1836
f 1740//1824 1746//1823 1751//1835
f 1742//1826 1738//1834 1741//1837
f 1738//1834 1739//1833 1741//1837
f 1738//1834 1742//1826 1740//1824
f 1807//1836 1683//1767 1810//1838
f 1806//1839 1741//1837 1739//1833
f 1740//1824 1742//1826 1735//1822
f 1742//1826 1741//1837 1806//1839
f 1807//1836 1806//1839 1739//1833
f 1811//1840 1810//1838 1683//1767
f 1744//1841 1694//1778 1699//1762
f 1745//1842 1743//1761 1751//1835
f 1743//1761 1745//1842 1744//1841
f 1699//1762 1743//1761 1744//1841
f 1748//1843 1744//1841 1745//1842
f 1746//1823 1747//1829 1745//1842
f 1751//1835 1746//1823 1745//1842
f 1745//1842 1747//1829 1748//1843
f 1744//1841 1748//1843 1814//1844
f 1802//1828 1748//1843 1747//1829
f 1815//1845 1748//1843 1802//1828
f 1815//1845 1814//1844 1748//1843
f 1678//1759 1750//1832 1743//1761
f 1743//1761 1750//1832 1751//1835
f 1683//1767 1752//1768 1811//1840
f 1684//1769 1685//1710 1754//1770
f 1684//1769 1754//1770 1752//1768
f 1753//1846 1812//1847 1752//1768
f 1754//1770 1753//1846 1752//1768
f 1754//1770 1756//1713 1755//1848
f 1753//1846 1754//1770 1755//1848
f 1816//1849 1753//1846 1755//1848
f 1755//1848 1756//1713 1757//1850
f 1756//1713 1687//1714 1757//1850
f 1757//1850 1687//1714 1819//1771
f 1759//1776 1819//1771 1758//1773
f 1867//1851 1819//1771 1759//1776
f 1693//1775 1700//1719 1824//1852
f 1760//1853 1761//1777 1694//1778
f 1760//1853 1694//1778 1744//1841
f 1744//1841 1822//1854 1760//1853
f 1826//1780 1763//1782 1877//1855
f 1824//1852 1700//1719 1823//1856
f 1701//1781 1823//1856 1700//1719
f 1829//1857 1762//1785 1761//1777
f 1765//1858 1762//1785 1830//1859
f 1760//1853 1828//1860 1761//1777
f 1828//1860 1829//1857 1761//1777
f 1762//1785 1829//1857 1830//1859
f 1761//1777 1762//1785 1704//1724
f 1762//1785 1765//1858 1708//1786
f 1877//1855 1763//1782 1884//1861
f 1764//1784 1707//1732 1767//1788
f 1763//1782 1764//1784 1884//1861
f 1770//1793 1766//1787 1888//1862
f 1830//1859 1766//1787 1765//1858
f 1765//1858 1766//1787 1708//1786
f 1886//1790 1610//1682 1771//1735
f 1764//1784 1767//1788 1885//1789
f 1770//1793 1769//1792 1649//1685
f 1768//1791 1891//1863 1711//1734
f 1768//1791 1769//1792 1890//1864
f 1891//1863 1768//1791 1890//1864
f 2002//1865 1892//1794 1712//1689
f 1771//1735 1995//1795 1886//1790
f 1831//1866 1537//1488 1653//1690
f 1537//1488 1831//1866 1713//1736
f 2092//1867 1834//1796 1713//1736
f 1774//1801 1835//1868 1773//1800
f 1773//1800 1835//1868 1772//1798
f 1774//1801 1833//1869 1835//1868
f 1833//1869 1774//1801 1718//1803
f 1775//1870 1718//1803 1777//1804
f 1718//1803 1774//1801 1717//1802
f 1775//1870 1777//1804 1778//1806
f 1722//1805 1899//1871 1779//1807
f 1722//1805 1663//1622 1834//1796
f 1776//1872 1668//1699 1723//1746
f 1778//1806 1776//1872 1838//1873
f 1776//1872 1778//1806 1668//1699
f 1785//1705 1786//1812 1901//1874
f 1782//1808 1780//1747 1781//1704
f 1776//1872 1723//1746 1782//1808
f 1786//1812 1729//1811 1784//1819
f 1593//1582 1786//1812 1785//1705
f 1790//1875 1787//1817 1783//1818
f 1790//1875 1788//1814 1787//1817
f 1789//1876 1788//1814 1790//1875
f 1794//1877 1732//1820 1788//1814
f 1789//1876 1794//1877 1788//1814
f 1794//1877 1789//1876 1791//1878
f 1783//1818 1728//1815 1725//1809
f 1794//1877 1791//1878 1795//1821
f 1790//1875 1843//1879 1789//1876
f 1791//1878 1789//1876 1843//1879
f 1792//1751 1797//1757 1903//1880
f 1733//1754 1732//1820 1794//1877
f 1795//1821 1733//1754 1794//1877
f 1796//1755 1845//1881 1793//1756
f 1848//1882 1797//1757 1798//1758
f 1798//1758 1793//1756 1799//1883
f 1848//1882 1798//1758 1799//1883
f 1799//1883 1793//1756 1845//1881
f 1800//1831 1803//1884 1801//1830
f 1800//1831 1805//1885 1803//1884
f 1803//1884 1815//1845 1802//1828
f 1801//1830 1803//1884 1802//1828
f 1800//1831 1804//1886 1805//1885
f 1803//1884 1805//1885 1854//1887
f 1854//1887 1815//1845 1803//1884
f 1855//1888 1854//1887 1805//1885
f 1800//1831 1742//1826 1804//1886
f 1806//1839 1804//1886 1742//1826
f 1808//1889 1806//1839 1807//1836
f 1806//1839 1808//1889 1804//1886
f 1808//1889 1807//1836 1810//1838
f 1809//1890 1808//1889 1810//1838
f 1857//1891 1809//1890 1810//1838
f 1752//1768 1812//1847 1811//1840
f 1810//1838 1811//1840 1856//1892
f 1812//1847 1856//1892 1811//1840
f 1856//1892 1857//1891 1810//1838
f 1812//1847 1753//1846 1816//1849
f 1860//1893 1816//1849 1813//1894
f 1813//1894 1816//1849 1817//1895
f 1812//1847 1816//1849 1860//1893
f 1860//1893 1813//1894 1861//1896
f 1813//1894 1817//1895 1818//1897
f 1813//1894 1818//1897 1861//1896
f 1856//1892 1812//1847 1860//1893
f 1814//1844 1869//1898 1744//1841
f 1854//1887 1814//1844 1815//1845
f 1869//1898 1814//1844 1865//1899
f 1817//1895 1816//1849 1755//1848
f 1755//1848 1757//1850 1817//1895
f 1817//1895 1757//1850 1819//1771
f 1818//1897 1817//1895 1819//1771
f 1818//1897 1819//1771 1867//1851
f 1818//1897 1867//1851 1866//1900
f 1867//1851 1759//1776 1821//1901
f 1867//1851 1821//1901 1868//1902
f 1868//1902 1821//1901 1820//1903
f 1759//1776 1693//1775 1821//1901
f 1828//1860 1760//1853 1822//1854
f 1828//1860 1822//1854 1870//1904
f 1822//1854 1744//1841 1869//1898
f 1820//1903 1821//1901 1824//1852
f 1876//1905 1824//1852 1825//1906
f 1820//1903 1824//1852 1876//1905
f 1826//1780 1823//1856 1701//1781
f 1821//1901 1693//1775 1824//1852
f 1825//1906 1824//1852 1823//1856
f 1825//1906 1823//1856 1826//1780
f 1883//1907 1829//1857 1828//1860
f 1883//1907 1830//1859 1829//1857
f 1827//1908 1879//1909 1828//1860
f 1827//1908 1828//1860 1870//1904
f 1828//1860 1879//1909 1883//1907
f 1830//1859 1883//1907 1994//1910
f 1830//1859 1994//1910 1766//1787
f 1766//1787 1994//1910 1888//1862
f 1885//1789 1709//1683 1886//1790
f 1770//1793 1888//1862 1769//1792
f 1891//1863 2003//1911 1711//1734
f 1769//1792 1888//1862 1889//1912
f 1769//1792 1889//1912 1890//1864
f 1711//1734 2003//1911 1712//1689
f 2002//1865 1712//1689 2003//1911
f 1892//1794 1893//1913 1652//1657
f 1995//1795 1650//1659 1894//1914
f 1650//1659 1652//1657 1894//1914
f 2007//1915 2092//1867 1713//1736
f 2010//1916 1655//1691 1772//1798
f 2009//1917 1835//1868 1833//1869
f 1772//1798 1835//1868 2010//1916
f 2014//1918 2009//1917 1833//1869
f 2009//1917 2010//1916 1835//1868
f 1834//1796 2013//1919 1837//1920
f 2014//1918 1833//1869 1836//1921
f 1836//1921 1833//1869 1718//1803
f 1834//1796 1837//1920 1722//1805
f 1838//1873 1836//1921 1778//1806
f 1838//1873 1776//1872 1839//1922
f 1718//1803 1775//1870 1836//1921
f 1775//1870 1778//1806 1836//1921
f 1899//1871 1722//1805 1840//1923
f 1898//1924 1779//1807 1899//1871
f 1841//1925 1782//1808 1781//1704
f 1839//1922 1776//1872 1782//1808
f 1839//1922 1782//1808 1841//1925
f 1901//1874 1786//1812 1900//1926
f 1900//1926 1786//1812 1842//1927
f 1901//1874 1781//1704 1785//1705
f 1781//1704 1901//1874 1841//1925
f 1902//1928 1904//1929 1790//1875
f 1783//1818 1902//1928 1790//1875
f 1784//1819 1792//1751 1842//1927
f 1792//1751 1903//1880 1842//1927
f 1842//1927 1786//1812 1784//1819
f 1790//1875 1904//1929 1843//1879
f 1905//1930 1843//1879 1904//1929
f 1795//1821 1791//1878 1844//1931
f 1791//1878 1843//1879 1844//1931
f 1796//1755 1847//1932 1845//1881
f 1843//1879 1905//1930 1844//1931
f 1844//1931 1846//1933 1795//1821
f 1846//1933 1796//1755 1795//1821
f 1909//1934 1845//1881 1847//1932
f 1848//1882 1845//1881 1909//1934
f 1844//1931 1905//1930 1846//1933
f 1847//1932 1796//1755 1846//1933
f 1909//1934 1847//1932 1908//1935
f 1848//1882 1909//1934 2028//1936
f 1910//1937 1797//1757 1848//1882
f 1799//1883 1845//1881 1848//1882
f 1937//1938 1855//1888 1849//1939
f 1849//1939 1855//1888 1805//1885
f 1850//1940 1914//1941 1809//1890
f 1854//1887 1855//1888 1851//1942
f 1851//1942 1865//1899 1854//1887
f 1865//1899 1851//1942 1853//1943
f 1863//1944 1865//1899 1853//1943
f 1852//1945 1851//1942 1855//1888
f 1853//1943 1964//1946 1863//1944
f 1851//1942 1852//1945 1962//1947
f 1964//1946 1853//1943 1963//1948
f 1804//1886 1849//1939 1805//1885
f 1850//1940 1809//1890 1857//1891
f 1850//1940 1857//1891 1945//1949
f 1858//1950 1857//1891 1856//1892
f 1858//1950 1945//1949 1857//1891
f 1860//1893 1858//1950 1856//1892
f 1860//1893 1859//1951 1858//1950
f 1858//1950 1966//1952 1945//1949
f 1858//1950 1859//1951 1966//1952
f 1859//1951 1862//1953 1966//1952
f 1859//1951 1860//1893 1861//1896
f 1866//1900 1859//1951 1861//1896
f 1862//1953 1859//1951 1866//1900
f 1969//1954 1864//1955 1951//1956
f 1863//1944 1869//1898 1865//1899
f 1864//1955 1869//1898 1863//1944
f 1814//1844 1854//1887 1865//1899
f 1866//1900 1861//1896 1818//1897
f 1867//1851 1868//1902 1866//1900
f 1862//1953 1866//1900 1972//1957
f 1972//1957 1866//1900 1868//1902
f 1868//1902 1985//1958 1972//1957
f 1985//1958 1868//1902 1876//1905
f 1876//1905 1868//1902 1820//1903
f 1875//1959 1874//1960 1973//1961
f 1822//1854 1869//1898 1870//1904
f 1869//1898 1873//1962 1870//1904
f 1870//1904 1873//1962 1871//1963
f 1872//1964 1870//1904 1871//1963
f 1871//1963 1873//1962 1874//1960
f 1864//1955 1873//1962 1869//1898
f 1875//1959 1871//1963 1874//1960
f 1875//1959 1872//1964 1871//1963
f 1880//1965 1872//1964 1875//1959
f 1969//1954 1874//1960 1873//1962
f 1864//1955 1969//1954 1873//1962
f 1983//1966 1880//1965 1875//1959
f 1880//1965 1983//1966 1986//1967
f 1880//1965 1986//1967 1882//1968
f 1825//1906 1826//1780 1878//1969
f 1876//1905 1825//1906 1984//1970
f 1878//1969 1984//1970 1825//1906
f 1826//1780 1877//1855 1878//1969
f 1877//1855 1884//1861 1993//1971
f 1993//1971 1984//1970 1878//1969
f 1877//1855 1993//1971 1878//1969
f 1872//1964 1880//1965 1827//1908
f 1870//1904 1872//1964 1827//1908
f 1880//1965 1879//1909 1827//1908
f 1879//1909 1881//1972 1883//1907
f 1880//1965 1882//1968 1879//1909
f 1879//1909 1882//1968 1881//1972
f 1884//1861 1764//1784 1887//1973
f 1883//1907 1881//1972 1994//1910
f 1996//1974 1885//1789 1886//1790
f 1885//1789 1887//1973 1764//1784
f 1996//1974 1887//1973 1885//1789
f 2002//1865 2004//1975 1892//1794
f 2004//1975 1893//1913 1892//1794
f 2005//1976 1652//1657 1893//1913
f 1995//1795 1894//1914 2084//1977
f 1654//1660 2006//1978 1653//1690
f 1831//1866 1653//1690 2006//1978
f 2085//1979 1654//1660 1832//1797
f 1895//1980 1832//1797 1896//1981
f 1831//1866 2007//1915 1713//1736
f 2085//1979 1832//1797 1895//1980
f 1832//1797 1655//1691 1896//1981
f 1655//1691 2010//1916 1896//1981
f 2095//1982 2014//1918 1836//1921
f 1840//1923 1722//1805 1837//1920
f 2013//1919 1840//1923 1837//1920
f 2015//1983 1899//1871 1840//1923
f 2015//1983 1840//1923 2013//1919
f 1897//1984 1839//1922 1841//1925
f 2296//1985 1839//1922 1897//1984
f 2016//1986 1725//1809 1898//1924
f 1898//1924 1725//1809 1779//1807
f 1899//1871 2016//1986 1898//1924
f 2183//1987 1901//1874 1900//1926
f 1901//1874 1897//1984 1841//1925
f 2020//1988 1902//1928 1783//1818
f 1783//1818 1725//1809 2016//1986
f 2016//1986 2020//1988 1783//1818
f 1842//1927 1903//1880 2102//1989
f 1900//1926 1842//1927 2102//1989
f 1846//1933 1905//1930 1907//1990
f 2026//1991 1907//1990 1905//1930
f 1906//1992 1846//1933 1907//1990
f 2026//1991 1906//1992 1907//1990
f 1848//1882 2028//1936 1910//1937
f 1903//1880 1797//1757 1910//1937
f 1906//1992 1908//1935 1847//1932
f 1847//1932 1846//1933 1906//1992
f 1940//1993 1944//1994 1913//1995
f 1913//1995 2029//1996 1940//1993
f 1804//1886 1808//1889 1912//1997
f 1911//1998 1804//1886 1912//1997
f 1913//1995 1944//1994 1911//1998
f 2033//1999 1912//1997 2037//2000
f 1911//1998 1912//1997 2033//1999
f 1911//1998 2033//1999 1913//1995
f 1913//1995 2033//1999 2029//1996
f 1808//1889 2037//2000 1912//1997
f 1808//1889 1914//1941 2037//2000
f 1915//2001 1955//2002 1922//2003
f 1915//2001 1932//2004 1959//2005
f 1959//2005 1955//2002 1915//2001
f 2065//2006 1959//2005 1932//2004
f 2065//2006 2057//2007 1959//2005
f 1852//1945 1855//1888 1937//1938
f 1916//2008 1937//1938 1939//2009
f 1962//1947 1916//2008 1917//2010
f 1852//1945 1916//2008 1962//1947
f 1852//1945 1937//1938 1916//2008
f 1939//2009 1919//2011 1916//2008
f 1921//2012 1917//2010 1920//2013
f 1920//2013 1917//2010 1919//2011
f 1916//2008 1919//2011 1917//2010
f 1917//2010 1918//2014 1962//1947
f 1921//2012 1918//2014 1917//2010
f 1921//2012 1923//2015 1918//2014
f 1923//2015 1922//2003 1918//2014
f 1926//2016 1919//2011 1924//2017
f 1939//2009 1924//2017 1919//2011
f 1941//2018 1924//2017 1939//2009
f 1926//2016 1920//2013 1919//2011
f 1926//2016 1925//2019 1920//2013
f 1925//2019 1921//2012 1920//2013
f 1925//2019 1927//2020 1921//2012
f 1927//2020 1915//2001 1923//2015
f 1927//2020 1923//2015 1921//2012
f 1915//2001 1922//2003 1923//2015
f 1929//2021 1924//2017 1941//2018
f 1926//2016 1928//2022 1930//2023
f 1928//2022 1926//2016 1929//2021
f 1926//2016 1924//2017 1929//2021
f 1925//2019 1930//2023 1931//2024
f 1930//2023 1925//2019 1926//2016
f 1927//2020 1931//2024 1932//2004
f 1931//2024 1927//2020 1925//2019
f 1932//2004 1915//2001 1927//2020
f 1929//2021 1933//2025 1935//2026
f 1941//2018 1933//2025 1929//2021
f 1933//2025 1941//2018 1943//2027
f 1928//2022 1935//2026 1930//2023
f 1928//2022 1929//2021 1935//2026
f 1930//2023 1934//2028 1931//2024
f 1930//2023 1935//2026 1934//2028
f 1932//2004 1936//2029 2065//2006
f 1931//2024 1936//2029 1932//2004
f 1934//2028 1936//2029 1931//2024
f 2040//2030 1933//2025 2049//2031
f 1933//2025 1943//2027 2049//2031
f 1935//2026 1933//2025 2040//2030
f 1935//2026 2040//2030 2039//2032
f 2039//2032 1934//2028 1935//2026
f 1936//2029 1934//2028 2039//2032
f 1936//2029 2039//2032 2065//2006
f 1849//1939 1938//2033 1937//1938
f 1938//2033 1939//2009 1937//1938
f 1939//2009 1938//2033 1944//1994
f 1849//1939 1944//1994 1938//2033
f 1944//1994 1940//1993 1939//2009
f 1939//2009 1940//1993 1941//2018
f 2029//1996 1942//2034 1940//1993
f 1942//2034 1943//2027 1941//2018
f 1942//2034 1941//2018 1940//1993
f 2049//2031 1943//2027 2048//2035
f 2048//2035 1943//2027 1942//2034
f 1849//1939 1911//1998 1944//1994
f 1804//1886 1911//1998 1849//1939
f 1809//1890 1914//1941 1808//1889
f 2038//2036 1914//1941 1946//2037
f 1945//1949 1914//1941 1850//1940
f 1946//2037 1914//1941 1945//1949
f 1947//2038 1946//2037 1945//1949
f 1966//1952 1947//2038 1945//1949
f 1948//2039 1947//2038 1966//1952
f 1947//2038 1949//2040 1946//2037
f 1947//2038 1948//2039 1949//2040
f 1949//2040 1948//2039 2054//2041
f 2054//2041 1948//2039 1968//2042
f 1952//2043 1922//2003 1955//2002
f 1952//2043 1953//2044 1950//2045
f 1957//2046 1954//2047 1953//2044
f 1953//2044 1954//2047 1950//2045
f 1950//2045 1954//2047 1951//1956
f 1956//2048 1952//2043 1955//2002
f 1952//2043 1956//2048 1953//2044
f 1956//2048 1957//2046 1953//2044
f 1958//2049 1954//2047 1957//2046
f 1958//2049 1951//1956 1954//2047
f 1959//2005 1956//2048 1955//2002
f 1956//2048 1959//2005 1960//2050
f 1960//2050 1957//2046 1956//2048
f 1960//2050 1961//2051 1957//2046
f 1961//2051 1958//2049 1957//2046
f 2057//2007 1960//2050 1959//2005
f 2056//2052 1960//2050 2057//2007
f 2056//2052 1961//2051 1960//2050
f 1951//1956 1863//1944 1964//1946
f 1963//1948 1853//1943 1962//1947
f 1853//1943 1851//1942 1962//1947
f 1965//2053 1918//2014 1922//2003
f 1965//2053 1962//1947 1918//2014
f 1965//2053 1950//2045 1963//1948
f 1965//2053 1963//1948 1962//1947
f 1963//1948 1950//2045 1964//1946
f 1950//2045 1951//1956 1964//1946
f 1922//2003 1952//2043 1965//2053
f 1952//2043 1950//2045 1965//2053
f 1862//1953 1967//2054 1966//1952
f 1948//2039 1966//1952 1968//2042
f 1967//2054 1968//2042 1966//1952
f 2068//2055 1968//2042 1967//2054
f 1970//2056 1969//1954 1951//1956
f 1970//2056 1974//2057 1969//1954
f 1958//2049 1970//2056 1951//1956
f 1958//2049 1971//2058 1970//2056
f 1971//2058 1977//2059 1970//2056
f 1971//2058 1958//2049 1961//2051
f 1951//1956 1864//1955 1863//1944
f 1862//1953 2071//2060 1967//2054
f 1972//1957 1985//1958 2074//2061
f 1983//1966 1973//1961 1976//2062
f 1977//2059 1974//2057 1970//2056
f 1969//1954 1974//2057 1874//1960
f 1975//2063 1974//2057 1977//2059
f 1973//1961 1974//2057 1975//2063
f 1974//2057 1973//1961 1874//1960
f 1975//2063 1976//2062 1973//1961
f 1979//2064 1975//2063 1977//2059
f 1979//2064 1980//2065 1975//2063
f 1975//2063 1980//2065 1976//2062
f 1971//2058 1979//2064 1977//2059
f 1981//2066 1976//2062 1980//2065
f 1982//2067 1980//2065 1979//2064
f 1981//2066 1978//2068 1976//2062
f 1982//2067 1979//2064 1971//2058
f 2072//2069 1981//2066 1980//2065
f 1875//1959 1973//1961 1983//1966
f 1976//2062 1978//2068 1983//1966
f 1983//1966 1978//2068 1986//1967
f 1984//1970 1985//1958 1876//1905
f 1985//1958 1984//1970 2074//2061
f 1993//1971 1992//2070 1984//1970
f 1981//2066 2072//2069 1978//2068
f 1881//1972 1882//1968 1988//2071
f 1881//1972 1988//2071 1994//1910
f 1978//2068 1987//2072 1986//1967
f 1986//1967 1987//2072 1882//1968
f 1882//1968 1987//2072 1988//2071
f 1987//2072 1990//2073 1988//2071
f 1978//2068 1989//2074 1987//2072
f 1987//2072 1989//2074 1990//2073
f 1991//2075 1988//2071 1990//2073
f 1978//2068 2072//2069 1989//2074
f 2072//2069 1990//2073 1989//2074
f 2072//2069 2073//2076 1990//2073
f 1993//1971 1998//2077 2076//2078
f 1992//2070 1993//1971 2076//2078
f 1884//1861 1887//1973 1998//2077
f 1993//1971 1884//1861 1998//2077
f 1996//1974 2076//2078 1998//2077
f 1997//2079 1886//1790 1995//1795
f 1997//2079 1996//1974 1886//1790
f 2077//2080 2076//2078 1996//1974
f 2077//2080 1996//1974 2079//2081
f 2079//2081 1996//1974 1997//2079
f 1887//1973 1996//1974 1998//2077
f 1994//1910 2000//2082 1888//1862
f 1888//1862 2000//2082 1889//1912
f 1890//1864 2001//2083 1891//1863
f 1889//1912 1999//2084 1890//1864
f 1890//1864 1999//2084 2001//2083
f 1999//2084 1889//1912 2000//2082
f 1891//1863 2001//2083 2003//1911
f 2082//2085 2004//1975 2002//1865
f 1893//1913 2004//1975 2005//1976
f 2158//2086 1894//1914 2005//1976
f 1894//1914 1652//1657 2005//1976
f 1831//1866 2284//2087 2007//1915
f 1654//1660 2085//1979 2006//1978
f 1895//1980 2008//2088 2163//2089
f 1895//1980 2163//2089 2085//1979
f 2008//2088 1895//1980 1896//1981
f 2008//2088 1896//1981 2010//1916
f 2010//1916 2088//2090 2008//2088
f 2087//2091 2010//1916 2011//2092
f 2089//2093 2087//2091 2011//2092
f 2093//2094 2089//2093 2011//2092
f 2087//2091 2088//2090 2010//1916
f 2167//2095 2087//2091 2089//2093
f 2009//1917 2011//2092 2010//1916
f 2011//2092 2009//1917 2014//1918
f 2012//2096 2011//2092 2014//1918
f 2095//1982 2012//2096 2014//1918
f 2011//2092 2012//2096 2093//2094
f 2013//1919 1834//1796 2092//1867
f 1838//1873 2095//1982 1836//1921
f 2173//2097 2095//1982 1838//1873
f 1839//1922 2173//2097 1838//1873
f 1899//1871 2097//2098 2016//1986
f 2098//2099 2016//1986 2097//2098
f 2098//2099 2099//2100 2016//1986
f 1901//1874 2183//1987 2184//2101
f 2017//2102 2020//1988 2016//1986
f 2018//2103 2020//1988 2017//2102
f 2100//2104 2018//2103 2017//2102
f 2099//2100 2017//2102 2016//1986
f 2019//2105 2018//2103 2100//2104
f 2100//2104 2017//2102 2099//2100
f 2102//1989 2183//1987 1900//1926
f 1905//1930 1904//1929 2022//2106
f 2020//1988 2021//2107 1902//1928
f 2022//2106 1904//1929 2021//2107
f 1904//1929 1902//1928 2021//2107
f 2023//2108 1905//1930 2022//2106
f 2018//2103 2021//2107 2020//1988
f 2026//1991 1905//1930 2023//2108
f 2022//2106 2021//2107 2019//2105
f 2021//2107 2018//2103 2019//2105
f 2019//2105 2024//2109 2022//2106
f 2023//2108 2022//2106 2024//2109
f 2023//2108 2024//2109 2026//1991
f 2025//2110 2027//2111 1906//1992
f 2027//2111 2025//2110 2026//1991
f 1908//1935 1906//1992 2027//2111
f 1910//1937 2028//1936 2188//2112
f 1910//1937 2102//1989 1903//1880
f 2025//2110 1906//1992 2026//1991
f 1909//1934 1908//1935 2188//2112
f 2028//1936 1909//1934 2188//2112
f 2029//1996 2032//2113 2030//2114
f 2029//1996 2030//2114 1942//2034
f 2031//2115 2052//2116 2030//2114
f 2032//2113 2031//2115 2030//2114
f 2046//2117 2052//2116 2031//2115
f 2122//2118 2031//2115 2032//2113
f 2122//2118 2046//2117 2031//2115
f 2122//2118 2123//2119 2046//2117
f 2036//2120 2033//1999 2037//2000
f 2032//2113 2029//1996 2034//2121
f 2033//1999 2034//2121 2029//1996
f 2033//1999 2035//2122 2034//2121
f 2035//2122 2033//1999 2036//2120
f 2124//2123 2036//2120 2037//2000
f 2032//2113 2034//2121 2103//2124
f 2034//2121 2035//2122 2106//2125
f 2038//2036 2037//2000 1914//1941
f 2038//2036 1946//2037 1949//2040
f 2124//2123 2037//2000 2038//2036
f 2049//2031 2050//2126 2040//2030
f 2039//2032 2042//2127 2065//2006
f 2050//2126 2041//2128 2040//2030
f 2039//2032 2040//2030 2041//2128
f 2039//2032 2041//2128 2042//2127
f 2065//2006 2042//2127 2066//2129
f 2053//2130 2043//2131 2041//2128
f 2043//2131 2042//2127 2041//2128
f 2043//2131 2045//2132 2042//2127
f 2042//2127 2045//2132 2066//2129
f 2044//2133 2043//2131 2053//2130
f 2044//2133 2045//2132 2043//2131
f 2053//2130 2046//2117 2044//2133
f 2045//2132 2064//2134 2066//2129
f 2064//2134 2061//2135 2066//2129
f 2044//2133 2046//2117 2132//2136
f 2044//2133 2047//2137 2045//2132
f 2047//2137 2064//2134 2045//2132
f 2123//2119 2132//2136 2046//2117
f 2132//2136 2047//2137 2044//2133
f 2048//2035 1942//2034 2030//2114
f 2048//2035 2050//2126 2049//2031
f 2050//2126 2048//2035 2030//2114
f 2050//2126 2030//2114 2051//2138
f 2051//2138 2030//2114 2052//2116
f 2050//2126 2051//2138 2041//2128
f 2052//2116 2053//2130 2051//2138
f 2051//2138 2053//2130 2041//2128
f 2046//2117 2053//2130 2052//2116
f 2068//2055 2054//2041 1968//2042
f 2054//2041 2133//2139 1949//2040
f 2054//2041 2055//2140 2133//2139
f 2054//2041 2068//2055 2055//2140
f 2134//2141 2133//2139 2055//2140
f 2133//2139 2128//2142 1949//2040
f 2059//2143 2058//2144 2056//2052
f 2058//2144 1961//2051 2056//2052
f 2059//2143 2056//2052 2057//2007
f 2058//2144 1971//2058 1961//2051
f 2058//2144 2069//2145 1971//2058
f 2061//2135 2057//2007 2066//2129
f 2059//2143 2060//2146 2058//2144
f 2060//2146 2069//2145 2058//2144
f 2061//2135 2059//2143 2057//2007
f 2061//2135 2062//2147 2059//2143
f 2062//2147 2060//2146 2059//2143
f 2062//2147 2063//2148 2060//2146
f 2063//2148 2069//2145 2060//2146
f 2061//2135 2064//2134 2137//2149
f 2137//2149 2062//2147 2061//2135
f 2143//2150 2069//2145 2063//2148
f 2063//2148 2062//2147 2137//2149
f 2066//2129 2057//2007 2065//2006
f 2055//2140 2068//2055 2067//2151
f 2068//2055 1967//2054 2141//2152
f 2141//2152 1967//2054 2142//2153
f 2141//2152 2067//2151 2068//2055
f 2146//2154 1971//2058 2070//2155
f 2069//2145 2070//2155 1971//2058
f 2146//2154 2070//2155 2144//2156
f 2143//2150 2070//2155 2069//2145
f 2071//2060 1862//1953 1972//1957
f 2071//2060 1972//1957 2074//2061
f 2145//2157 2072//2069 1980//2065
f 1980//2065 1982//2067 2145//2157
f 2146//2154 1982//2067 1971//2058
f 2072//2069 2145//2157 2073//2076
f 2145//2157 1982//2067 2146//2154
f 2073//2076 2075//2158 1991//2075
f 2075//2158 2150//2159 1991//2075
f 2073//2076 1991//2075 1990//2073
f 1992//2070 2076//2078 2274//2160
f 2077//2080 2274//2160 2076//2078
f 2078//2161 1994//1910 1988//2071
f 1988//2071 1991//2075 2078//2161
f 2151//2162 2078//2161 1991//2075
f 2078//2161 2151//2162 1994//1910
f 2080//2163 1997//2079 1995//1795
f 1995//1795 2161//2164 2152//2165
f 2080//2163 1995//1795 2152//2165
f 2080//2163 2079//2081 1997//2079
f 1994//1910 2153//2166 2000//2082
f 2000//2082 2277//2167 1999//2084
f 1999//2084 2277//2167 2001//2083
f 2277//2167 2081//2168 2001//2083
f 2154//2169 2155//2170 2003//1911
f 2081//2168 2154//2169 2001//2083
f 2154//2169 2003//1911 2001//2083
f 2155//2170 2002//1865 2003//1911
f 2155//2170 2082//2085 2002//1865
f 2004//1975 2083//2171 2005//1976
f 2082//2085 2083//2171 2004//1975
f 2082//2085 2157//2172 2083//2171
f 2083//2171 2158//2086 2005//1976
f 2157//2172 2158//2086 2083//2171
f 2157//2172 2282//2173 2158//2086
f 2159//2174 1894//1914 2158//2086
f 2160//2175 2084//1977 1894//1914
f 2160//2175 2161//2164 2084//1977
f 2084//1977 2161//2164 1995//1795
f 2284//2087 1831//1866 2392//2176
f 2392//2176 1831//1866 2006//1978
f 2285//2177 2006//1978 2085//1979
f 2086//2178 2163//2089 2008//2088
f 2086//2178 2008//2088 2088//2090
f 2090//2179 2167//2095 2089//2093
f 2090//2179 2089//2093 2093//2094
f 2093//2094 2091//2180 2090//2179
f 2091//2180 2093//2094 2094//2181
f 2166//2182 2091//2180 2094//2181
f 2090//2179 2168//2183 2167//2095
f 2169//2184 2090//2179 2091//2180
f 2172//2185 2013//1919 2092//1867
f 2094//2181 2093//2094 2012//2096
f 2094//2181 2012//2096 2095//1982
f 2166//2182 2094//2181 2095//1982
f 2173//2097 2166//2182 2095//1982
f 2015//1983 2175//2186 1899//1871
f 2096//2187 2015//1983 2013//1919
f 2175//2186 2015//1983 2096//2187
f 2097//2098 1899//1871 2178//2188
f 2175//2186 2178//2188 1899//1871
f 2185//2189 1897//1984 2184//2101
f 2185//2189 2177//2190 1897//1984
f 2177//2190 2296//1985 1897//1984
f 2178//2188 2179//2191 2097//2098
f 2098//2099 2097//2098 2179//2191
f 2099//2100 2098//2099 2179//2191
f 2180//2192 2100//2104 2099//2100
f 2179//2191 2180//2192 2099//2100
f 1901//1874 2184//2101 1897//1984
f 2100//2104 2101//2193 2019//2105
f 2300//2194 2024//2109 2019//2105
f 2024//2109 2300//2194 2026//1991
f 2180//2192 2101//2193 2100//2104
f 2101//2193 2180//2192 2300//2194
f 2300//2194 2019//2105 2101//2193
f 2303//2195 2026//1991 2300//2194
f 2187//2196 2026//1991 2303//2195
f 2026//1991 2187//2196 2027//2111
f 2187//2196 2190//2197 2027//2111
f 2027//2111 2190//2197 2186//2198
f 2188//2112 1908//1935 2189//2199
f 2027//2111 2186//2198 1908//1935
f 2123//2119 2103//2124 2105//2200
f 2103//2124 2114//2201 2104//2202
f 2103//2124 2104//2202 2105//2200
f 2114//2201 2202//2203 2104//2202
f 2106//2125 2035//2122 2107//2204
f 2107//2204 2036//2120 2108//2205
f 2035//2122 2036//2120 2107//2204
f 2107//2204 2108//2205 2109//2206
f 2106//2125 2107//2204 2109//2206
f 2110//2207 2116//2208 2117//2209
f 2108//2205 2110//2207 2109//2206
f 2116//2208 2110//2207 2108//2205
f 2103//2124 2106//2125 2111//2210
f 2106//2125 2109//2206 2111//2210
f 2111//2210 2109//2206 2112//2211
f 2112//2211 2109//2206 2110//2207
f 2114//2201 2103//2124 2111//2210
f 2110//2207 2113//2212 2112//2211
f 2111//2210 2115//2213 2114//2201
f 2115//2213 2111//2210 2112//2211
f 2117//2209 2113//2212 2110//2207
f 2200//2214 2112//2211 2201//2215
f 2112//2211 2113//2212 2201//2215
f 2201//2215 2113//2212 2119//2216
f 2113//2212 2117//2209 2119//2216
f 2202//2203 2114//2201 2115//2213
f 2115//2213 2112//2211 2200//2214
f 2201//2215 2119//2216 2216//2217
f 2116//2208 2108//2205 2124//2123
f 2118//2218 2117//2209 2116//2208
f 2118//2218 2116//2208 2126//2219
f 2116//2208 2038//2036 2126//2219
f 2118//2218 2126//2219 2127//2220
f 2117//2209 2118//2218 2119//2216
f 2217//2221 2119//2216 2118//2218
f 2217//2221 2216//2217 2119//2216
f 2217//2221 2118//2218 2218//2222
f 2118//2218 2127//2220 2218//2222
f 2262//2223 2129//2224 2238//2225
f 2123//2119 2120//2226 2132//2136
f 2120//2226 2047//2137 2132//2136
f 2129//2224 2047//2137 2120//2226
f 2238//2225 2129//2224 2120//2226
f 2238//2225 2120//2226 2121//2227
f 2032//2113 2103//2124 2122//2118
f 2103//2124 2123//2119 2122//2118
f 2120//2226 2123//2119 2121//2227
f 2105//2200 2121//2227 2123//2119
f 2106//2125 2103//2124 2034//2121
f 2124//2123 2108//2205 2036//2120
f 1949//2040 2125//2228 2038//2036
f 2116//2208 2124//2123 2038//2036
f 2126//2219 2038//2036 2125//2228
f 2128//2142 2125//2228 1949//2040
f 2127//2220 2126//2219 2125//2228
f 2128//2142 2127//2220 2125//2228
f 2252//2229 2127//2220 2128//2142
f 2252//2229 2128//2142 2261//2230
f 2128//2142 2135//2231 2261//2230
f 2261//2230 2135//2231 2258//2232
f 2129//2224 2064//2134 2047//2137
f 2131//2233 2064//2134 2129//2224
f 2131//2233 2130//2234 2064//2134
f 2262//2223 2131//2233 2129//2224
f 2263//2235 2130//2234 2131//2233
f 2264//2236 2138//2237 2130//2234
f 2135//2231 2128//2142 2133//2139
f 2055//2140 2067//2151 2134//2141
f 2135//2231 2133//2139 2134//2141
f 2134//2141 2136//2238 2135//2231
f 2134//2141 2067//2151 2136//2238
f 2067//2151 2140//2239 2136//2238
f 2130//2234 2137//2149 2064//2134
f 2137//2149 2143//2150 2063//2148
f 2144//2156 2143//2150 2139//2240
f 2130//2234 2138//2237 2137//2149
f 2143//2150 2137//2149 2138//2237
f 2138//2237 2139//2240 2143//2150
f 2067//2151 2141//2152 2140//2239
f 2140//2239 2141//2152 2367//2241
f 2367//2241 2141//2152 2142//2153
f 2143//2150 2144//2156 2070//2155
f 2271//2242 2147//2243 2144//2156
f 1967//2054 2071//2060 2142//2153
f 2071//2060 2074//2061 2374//2244
f 2071//2060 2374//2244 2142//2153
f 2073//2076 2145//2157 2075//2158
f 2144//2156 2147//2243 2146//2154
f 2147//2243 2145//2157 2146//2154
f 2147//2243 2075//2158 2145//2157
f 2272//2245 2273//2246 2075//2158
f 2147//2243 2272//2245 2075//2158
f 2074//2061 2149//2247 2374//2244
f 1984//1970 2149//2247 2074//2061
f 1984//1970 1992//2070 2148//2248
f 1992//2070 2274//2160 2148//2248
f 2148//2248 2375//2249 2149//2247
f 1984//1970 2148//2248 2149//2247
f 2375//2249 2148//2248 2376//2250
f 2274//2160 2376//2250 2148//2248
f 2150//2159 2151//2162 1991//2075
f 2150//2159 2075//2158 2273//2246
f 2378//2251 2150//2159 2273//2246
f 2379//2252 2077//2080 2276//2253
f 2153//2166 1994//1910 2151//2162
f 2390//2254 2080//2163 2152//2165
f 2450//2255 2080//2163 2390//2254
f 2079//2081 2080//2163 2450//2255
f 2275//2256 2077//2080 2079//2081
f 2276//2253 2077//2080 2275//2256
f 2153//2166 2277//2167 2000//2082
f 2278//2257 2081//2168 2277//2167
f 2278//2257 2154//2169 2081//2168
f 2280//2258 2155//2170 2154//2169
f 2280//2258 2156//2259 2155//2170
f 2156//2259 2082//2085 2155//2170
f 2156//2259 2157//2172 2082//2085
f 2281//2260 2282//2173 2157//2172
f 2281//2260 2157//2172 2156//2259
f 2281//2260 2283//2261 2282//2173
f 2282//2173 2159//2174 2158//2086
f 2159//2174 2160//2175 1894//1914
f 2006//1978 2285//2177 2392//2176
f 2285//2177 2162//2262 2286//2263
f 2162//2262 2285//2177 2085//1979
f 2085//1979 2163//2089 2162//2262
f 2288//2264 2162//2262 2163//2089
f 2086//2178 2288//2264 2163//2089
f 2288//2264 2086//2178 2289//2265
f 2165//2266 2289//2265 2086//2178
f 2287//2267 2092//1867 2007//1915
f 2284//2087 2287//2267 2007//1915
f 2087//2091 2165//2266 2088//2090
f 2165//2266 2087//2091 2167//2095
f 2165//2266 2086//2178 2088//2090
f 2167//2095 2164//2268 2165//2266
f 2292//2269 2164//2268 2170//2270
f 2295//2271 2292//2269 2170//2270
f 2291//2272 2398//2273 2172//2185
f 2291//2272 2092//1867 2287//2267
f 2092//1867 2291//2272 2172//2185
f 2167//2095 2168//2183 2164//2268
f 2168//2183 2090//2179 2169//2184
f 2169//2184 2091//2180 2166//2182
f 2168//2183 2170//2270 2164//2268
f 2294//2274 2169//2184 2166//2182
f 2294//2274 2166//2182 2173//2097
f 2171//2275 2170//2270 2168//2183
f 2171//2275 2168//2183 2169//2184
f 2294//2274 2171//2275 2169//2184
f 2295//2271 2170//2270 2171//2275
f 2398//2273 2403//2276 2175//2186
f 2172//2185 2096//2187 2013//1919
f 2172//2185 2398//2273 2096//2187
f 2174//2277 2173//2097 1839//1922
f 2398//2273 2175//2186 2096//2187
f 2178//2188 2175//2186 2181//2278
f 2175//2186 2403//2276 2181//2278
f 2302//2279 2176//2280 2184//2101
f 2185//2189 2298//2281 2297//2282
f 2177//2190 2185//2189 2297//2282
f 2298//2281 2185//2189 2176//2280
f 2174//2277 1839//1922 2296//1985
f 2181//2278 2179//2191 2178//2188
f 2299//2283 2179//2191 2181//2278
f 2299//2283 2180//2192 2179//2191
f 2184//2101 2183//1987 2302//2279
f 2185//2189 2184//2101 2176//2280
f 2304//2284 2305//2285 2186//2198
f 2188//2112 2306//2286 1910//1937
f 1910//1937 2306//2286 2102//1989
f 2182//2287 2102//1989 2306//2286
f 2102//1989 2182//2287 2183//1987
f 2187//2196 2304//2284 2190//2197
f 2186//2198 2188//2112 2189//2199
f 2186//2198 2190//2197 2304//2284
f 2186//2198 2189//2199 1908//1935
f 2188//2112 2186//2198 2305//2285
f 2191//2288 2245//2289 2199//2290
f 2191//2288 2199//2290 2308//2291
f 2192//2292 2193//2293 2104//2202
f 2192//2292 2104//2202 2202//2203
f 2193//2293 2105//2200 2104//2202
f 2193//2293 2242//2294 2105//2200
f 2192//2292 2202//2203 2205//2295
f 2196//2296 2193//2293 2192//2292
f 2196//2296 2245//2289 2193//2293
f 2193//2293 2245//2289 2242//2294
f 2194//2297 2192//2292 2195//2298
f 2192//2292 2205//2295 2195//2298
f 2196//2296 2192//2292 2194//2297
f 2194//2297 2195//2298 2197//2299
f 2197//2299 2195//2298 2209//2300
f 2196//2296 2199//2290 2245//2289
f 2198//2301 2194//2297 2197//2299
f 2199//2290 2196//2296 2198//2301
f 2198//2301 2196//2296 2194//2297
f 2198//2301 2197//2299 2310//2302
f 2197//2299 2209//2300 2213//2303
f 2197//2299 2213//2303 2310//2302
f 2198//2301 2310//2302 2309//2304
f 2199//2290 2198//2301 2309//2304
f 2199//2290 2309//2304 2308//2291
f 2202//2203 2115//2213 2203//2305
f 2115//2213 2200//2214 2203//2305
f 2203//2305 2200//2214 2204//2306
f 2201//2215 2204//2306 2200//2214
f 2206//2307 2203//2305 2204//2306
f 2204//2306 2201//2215 2216//2217
f 2202//2203 2203//2305 2205//2295
f 2205//2295 2203//2305 2208//2308
f 2208//2308 2203//2305 2206//2307
f 2206//2307 2204//2306 2207//2309
f 2204//2306 2216//2217 2207//2309
f 2216//2217 2220//2310 2207//2309
f 2195//2298 2205//2295 2209//2300
f 2209//2300 2205//2295 2208//2308
f 2210//2311 2208//2308 2206//2307
f 2220//2310 2211//2312 2207//2309
f 2209//2300 2208//2308 2212//2313
f 2208//2308 2210//2311 2212//2313
f 2206//2307 2207//2309 2210//2311
f 2210//2311 2207//2309 2211//2312
f 2211//2312 2220//2310 2225//2314
f 2213//2303 2209//2300 2212//2313
f 2212//2313 2210//2311 2214//2315
f 2210//2311 2211//2312 2215//2316
f 2215//2316 2211//2312 2225//2314
f 2213//2303 2212//2313 2316//2317
f 2212//2313 2214//2315 2316//2317
f 2215//2316 2214//2315 2210//2311
f 2316//2317 2214//2315 2317//2318
f 2317//2318 2214//2315 2215//2316
f 2215//2316 2225//2314 2314//2319
f 2216//2217 2217//2221 2220//2310
f 2217//2221 2221//2320 2220//2310
f 2221//2320 2217//2221 2218//2222
f 2219//2321 2218//2222 2127//2220
f 2221//2320 2218//2222 2224//2322
f 2224//2322 2218//2222 2219//2321
f 2253//2323 2224//2322 2219//2321
f 2222//2324 2220//2310 2221//2320
f 2223//2325 2222//2324 2221//2320
f 2223//2325 2221//2320 2224//2322
f 2224//2322 2253//2323 2256//2326
f 2220//2310 2222//2324 2225//2314
f 2222//2324 2226//2327 2225//2314
f 2226//2327 2222//2324 2223//2325
f 2226//2327 2223//2325 2227//2328
f 2227//2328 2223//2325 2224//2322
f 2259//2329 2227//2328 2224//2322
f 2228//2330 2225//2314 2226//2327
f 2228//2330 2226//2327 2227//2328
f 2225//2314 2228//2330 2314//2319
f 2322//2331 2228//2330 2227//2328
f 2322//2331 2227//2328 2259//2329
f 2238//2225 2229//2332 2262//2223
f 2229//2332 2230//2333 2262//2223
f 2230//2333 2265//2334 2262//2223
f 2241//2335 2229//2332 2238//2225
f 2265//2334 2230//2333 2233//2336
f 2231//2337 2229//2332 2241//2335
f 2231//2337 2234//2338 2229//2332
f 2232//2339 2230//2333 2229//2332
f 2234//2338 2232//2339 2229//2332
f 2232//2339 2233//2336 2230//2333
f 2248//2340 2234//2338 2231//2337
f 2235//2341 2232//2339 2234//2338
f 2232//2339 2235//2341 2233//2336
f 2233//2336 2235//2341 2267//2342
f 2248//2340 2251//2343 2236//2344
f 2234//2338 2236//2344 2237//2345
f 2236//2344 2234//2338 2248//2340
f 2237//2345 2235//2341 2234//2338
f 2251//2343 2330//2346 2236//2344
f 2105//2200 2239//2347 2121//2227
f 2121//2227 2239//2347 2238//2225
f 2105//2200 2242//2294 2239//2347
f 2239//2347 2240//2348 2241//2335
f 2239//2347 2241//2335 2238//2225
f 2242//2294 2240//2348 2239//2347
f 2243//2349 2240//2348 2242//2294
f 2240//2348 2243//2349 2244//2350
f 2240//2348 2244//2350 2241//2335
f 2244//2350 2231//2337 2241//2335
f 2242//2294 2245//2289 2247//2351
f 2243//2349 2247//2351 2246//2352
f 2247//2351 2243//2349 2242//2294
f 2246//2352 2248//2340 2244//2350
f 2244//2350 2248//2340 2231//2337
f 2246//2352 2244//2350 2243//2349
f 2247//2351 2249//2353 2250//2354
f 2245//2289 2249//2353 2247//2351
f 2249//2353 2245//2289 2191//2288
f 2246//2352 2250//2354 2251//2343
f 2246//2352 2247//2351 2250//2354
f 2251//2343 2248//2340 2246//2352
f 2250//2354 2249//2353 2329//2355
f 2251//2343 2328//2356 2330//2346
f 2250//2354 2328//2356 2251//2343
f 2329//2355 2328//2356 2250//2354
f 2252//2229 2219//2321 2127//2220
f 2253//2323 2219//2321 2252//2229
f 2253//2323 2252//2229 2254//2357
f 2254//2357 2252//2229 2261//2230
f 2253//2323 2255//2358 2256//2326
f 2255//2358 2253//2323 2254//2357
f 2261//2230 2258//2232 2254//2357
f 2254//2357 2257//2359 2255//2358
f 2257//2359 2254//2357 2258//2232
f 2259//2329 2224//2322 2256//2326
f 2255//2358 2257//2359 2260//2360
f 2256//2326 2343//2361 2259//2329
f 2343//2361 2256//2326 2260//2360
f 2260//2360 2256//2326 2255//2358
f 2322//2331 2259//2329 2343//2361
f 2344//2362 2343//2361 2260//2360
f 2260//2360 2257//2359 2345//2363
f 2257//2359 2258//2232 2345//2363
f 2357//2364 2258//2232 2136//2238
f 2136//2238 2258//2232 2135//2231
f 2265//2334 2263//2235 2131//2233
f 2265//2334 2131//2233 2262//2223
f 2264//2236 2130//2234 2263//2235
f 2266//2365 2263//2235 2265//2334
f 2266//2365 2264//2236 2263//2235
f 2265//2334 2269//2366 2266//2365
f 2268//2367 2266//2365 2269//2366
f 2266//2365 2268//2367 2264//2236
f 2267//2342 2265//2334 2233//2336
f 2267//2342 2269//2366 2265//2334
f 2352//2368 2264//2236 2268//2367
f 2267//2342 2356//2369 2269//2366
f 2235//2341 2356//2369 2267//2342
f 2354//2370 2352//2368 2268//2367
f 2354//2370 2268//2367 2269//2366
f 2352//2368 2360//2371 2270//2372
f 2360//2371 2364//2373 2270//2372
f 2270//2372 2138//2237 2264//2236
f 2270//2372 2139//2240 2138//2237
f 2352//2368 2270//2372 2264//2236
f 2136//2238 2140//2239 2367//2241
f 2270//2372 2364//2373 2363//2374
f 2271//2242 2272//2245 2147//2243
f 2144//2156 2139//2240 2270//2372
f 2271//2242 2144//2156 2270//2372
f 2271//2242 2270//2372 2363//2374
f 2363//2374 2368//2375 2271//2242
f 2368//2375 2272//2245 2271//2242
f 2368//2375 2369//2376 2272//2245
f 2378//2251 2273//2246 2369//2376
f 2369//2376 2273//2246 2272//2245
f 2374//2244 2149//2247 2375//2249
f 2377//2377 2381//2378 2150//2159
f 2377//2377 2150//2159 2378//2251
f 2376//2250 2274//2160 2380//2379
f 2380//2379 2274//2160 2077//2080
f 2150//2159 2383//2380 2151//2162
f 2150//2159 2381//2378 2383//2380
f 2390//2254 2152//2165 2161//2164
f 2275//2256 2079//2081 2450//2255
f 2151//2162 2383//2380 2153//2166
f 2153//2166 2382//2381 2277//2167
f 2384//2382 2278//2257 2277//2167
f 2153//2166 2383//2380 2382//2381
f 2382//2381 2384//2382 2277//2167
f 2384//2382 2279//2383 2278//2257
f 2154//2169 2279//2383 2280//2258
f 2279//2383 2154//2169 2278//2257
f 2279//2383 2391//2384 2280//2258
f 2391//2384 2156//2259 2280//2258
f 2281//2260 2386//2385 2283//2261
f 2156//2259 2386//2385 2281//2260
f 2283//2261 2453//2386 2282//2173
f 2283//2261 2387//2387 2453//2386
f 2159//2174 2388//2388 2160//2175
f 2282//2173 2388//2388 2159//2174
f 2389//2389 2160//2175 2388//2388
f 2390//2254 2161//2164 2389//2389
f 2161//2164 2160//2175 2389//2389
f 2285//2177 2286//2263 2508//2390
f 2162//2262 2288//2264 2286//2263
f 2394//2391 2288//2264 2289//2265
f 2394//2391 2289//2265 2165//2266
f 2290//2392 2165//2266 2164//2268
f 2290//2392 2164//2268 2292//2269
f 2295//2271 2294//2274 2293//2393
f 2293//2393 2292//2269 2295//2271
f 2291//2272 2395//2394 2398//2273
f 2295//2271 2171//2275 2294//2274
f 2401//2395 2294//2274 2173//2097
f 2401//2395 2293//2393 2294//2274
f 2177//2190 2297//2282 2296//1985
f 2402//2396 2174//2277 2296//1985
f 2402//2396 2173//2097 2174//2277
f 2402//2396 2296//1985 2400//2397
f 2400//2397 2296//1985 2297//2282
f 2301//2398 2592//2399 2302//2279
f 2182//2287 2592//2399 2301//2398
f 2302//2279 2298//2281 2176//2280
f 2478//2400 2298//2281 2302//2279
f 2481//2401 2180//2192 2299//2283
f 2481//2401 2300//2194 2180//2192
f 2303//2195 2406//2402 2187//2196
f 2182//2287 2306//2286 2483//2403
f 2182//2287 2301//2398 2183//1987
f 2183//1987 2301//2398 2302//2279
f 2304//2284 2187//2196 2406//2402
f 2406//2402 2407//2404 2304//2284
f 2304//2284 2407//2404 2305//2285
f 2188//2112 2305//2285 2306//2286
f 2308//2291 2311//2405 2307//2406
f 2307//2406 2191//2288 2308//2291
f 2310//2302 2213//2303 2315//2407
f 2213//2303 2316//2317 2315//2407
f 2308//2291 2309//2304 2311//2405
f 2309//2304 2310//2302 2311//2405
f 2311//2405 2310//2302 2313//2408
f 2310//2302 2312//2409 2313//2408
f 2315//2407 2312//2409 2310//2302
f 2311//2405 2313//2408 2337//2410
f 2313//2408 2312//2409 2338//2411
f 2312//2409 2319//2412 2338//2411
f 2215//2316 2314//2319 2317//2318
f 2315//2407 2316//2317 2318//2413
f 2318//2413 2316//2317 2317//2318
f 2317//2318 2314//2319 2340//2414
f 2312//2409 2315//2407 2318//2413
f 2312//2409 2318//2413 2319//2412
f 2319//2412 2318//2413 2321//2415
f 2321//2415 2318//2413 2317//2318
f 2320//2416 2317//2318 2340//2414
f 2321//2415 2317//2318 2320//2416
f 2340//2414 2341//2417 2320//2416
f 2319//2412 2321//2415 2342//2418
f 2320//2416 2341//2417 2321//2415
f 2323//2419 2228//2330 2322//2331
f 2323//2419 2314//2319 2228//2330
f 2314//2319 2323//2419 2340//2414
f 2323//2419 2347//2420 2340//2414
f 2324//2421 2237//2345 2236//2344
f 2330//2346 2324//2421 2236//2344
f 2237//2345 2324//2421 2325//2422
f 2237//2345 2325//2422 2235//2341
f 2235//2341 2325//2422 2356//2369
f 2330//2346 2333//2423 2324//2421
f 2325//2422 2324//2421 2326//2424
f 2333//2423 2327//2425 2324//2421
f 2324//2421 2426//2426 2326//2424
f 2327//2425 2426//2426 2324//2421
f 2326//2424 2426//2426 2355//2427
f 2426//2426 2327//2425 2428//2428
f 2327//2425 2336//2429 2428//2428
f 2329//2355 2331//2430 2332//2431
f 2249//2353 2331//2430 2329//2355
f 2331//2430 2249//2353 2191//2288
f 2328//2356 2332//2431 2330//2346
f 2332//2431 2328//2356 2329//2355
f 2331//2430 2191//2288 2307//2406
f 2330//2346 2332//2431 2333//2423
f 2332//2431 2331//2430 2334//2432
f 2327//2425 2333//2423 2334//2432
f 2334//2432 2333//2423 2332//2431
f 2307//2406 2311//2405 2337//2410
f 2331//2430 2307//2406 2335//2433
f 2307//2406 2337//2410 2335//2433
f 2327//2425 2334//2432 2336//2429
f 2334//2432 2331//2430 2335//2433
f 2334//2432 2335//2433 2336//2429
f 2335//2433 2337//2410 2409//2434
f 2336//2429 2335//2433 2409//2434
f 2337//2410 2339//2435 2409//2434
f 2337//2410 2313//2408 2339//2435
f 2338//2411 2319//2412 2411//2436
f 2411//2436 2319//2412 2342//2418
f 2338//2411 2339//2435 2313//2408
f 2339//2435 2338//2411 2412//2437
f 2338//2411 2411//2436 2412//2437
f 2341//2417 2340//2414 2350//2438
f 2321//2415 2341//2417 2416//2439
f 2416//2439 2341//2417 2418//2440
f 2418//2440 2341//2417 2350//2438
f 2321//2415 2416//2439 2342//2418
f 2323//2419 2322//2331 2346//2441
f 2346//2441 2322//2331 2343//2361
f 2344//2362 2260//2360 2345//2363
f 2345//2363 2258//2232 2357//2364
f 2347//2420 2323//2419 2346//2441
f 2344//2362 2346//2441 2343//2361
f 2357//2364 2358//2442 2345//2363
f 2348//2443 2346//2441 2344//2362
f 2348//2443 2347//2420 2346//2441
f 2348//2443 2344//2362 2349//2444
f 2344//2362 2345//2363 2349//2444
f 2349//2444 2345//2363 2358//2442
f 2348//2443 2349//2444 2351//2445
f 2350//2438 2340//2414 2347//2420
f 2350//2438 2348//2443 2351//2445
f 2350//2438 2347//2420 2348//2443
f 2425//2446 2350//2438 2351//2445
f 2353//2447 2354//2370 2269//2366
f 2360//2371 2352//2368 2354//2370
f 2355//2427 2354//2370 2353//2447
f 2354//2370 2439//2448 2360//2371
f 2439//2448 2361//2449 2360//2371
f 2354//2370 2355//2427 2439//2448
f 2356//2369 2353//2447 2269//2366
f 2325//2422 2353//2447 2356//2369
f 2326//2424 2353//2447 2325//2422
f 2355//2427 2353//2447 2326//2424
f 2349//2444 2358//2442 2351//2445
f 2357//2364 2359//2450 2358//2442
f 2435//2451 2351//2445 2358//2442
f 2437//2452 2351//2445 2435//2451
f 2358//2442 2359//2450 2435//2451
f 2360//2371 2362//2453 2364//2373
f 2360//2371 2361//2449 2362//2453
f 2367//2241 2357//2364 2136//2238
f 2367//2241 2359//2450 2357//2364
f 2370//2454 2363//2374 2364//2373
f 2364//2373 2371//2455 2370//2454
f 2365//2456 2371//2455 2364//2373
f 2362//2453 2365//2456 2364//2373
f 2365//2456 2372//2457 2371//2455
f 2489//2458 2365//2456 2362//2453
f 2142//2153 2366//2459 2367//2241
f 2366//2459 2142//2153 2374//2244
f 2367//2241 2366//2459 2442//2460
f 2363//2374 2370//2454 2368//2375
f 2370//2454 2369//2376 2368//2375
f 2372//2457 2370//2454 2371//2455
f 2372//2457 2369//2376 2370//2454
f 2373//2461 2369//2376 2372//2457
f 2373//2461 2443//2462 2369//2376
f 2443//2462 2378//2251 2369//2376
f 2372//2457 2443//2462 2373//2461
f 2375//2249 2366//2459 2374//2244
f 2445//2463 2376//2250 2446//2464
f 2375//2249 2376//2250 2445//2463
f 2376//2250 2380//2379 2446//2464
f 2378//2251 2447//2465 2377//2377
f 2381//2378 2377//2377 2447//2465
f 2379//2252 2276//2253 2498//2466
f 2448//2467 2077//2080 2379//2252
f 2380//2379 2077//2080 2448//2467
f 2381//2378 2451//2468 2383//2380
f 2276//2253 2275//2256 2498//2466
f 2383//2380 2452//2469 2382//2381
f 2452//2469 2500//2470 2382//2381
f 2502//2471 2503//2472 2384//2382
f 2500//2470 2502//2471 2382//2381
f 2382//2381 2502//2471 2384//2382
f 2391//2384 2385//2473 2156//2259
f 2387//2387 2283//2261 2386//2385
f 2156//2259 2385//2473 2386//2385
f 2385//2473 2387//2387 2386//2385
f 2387//2387 2385//2473 2453//2386
f 2453//2386 2388//2388 2282//2173
f 2501//2474 2390//2254 2389//2389
f 2284//2087 2458//2475 2459//2476
f 2392//2176 2458//2475 2284//2087
f 2508//2390 2286//2263 2393//2477
f 2285//2177 2508//2390 2507//2478
f 2393//2477 2286//2263 2288//2264
f 2459//2476 2287//2267 2284//2087
f 2459//2476 2460//2479 2287//2267
f 2393//2477 2288//2264 2394//2391
f 2394//2391 2165//2266 2511//2480
f 2165//2266 2290//2392 2511//2480
f 2461//2481 2290//2392 2396//2482
f 2462//2483 2461//2481 2397//2484
f 2466//2485 2395//2394 2460//2479
f 2395//2394 2399//2486 2398//2273
f 2395//2394 2291//2272 2460//2479
f 2287//2267 2460//2479 2291//2272
f 2396//2482 2290//2392 2292//2269
f 2396//2482 2292//2269 2397//2484
f 2401//2395 2397//2484 2293//2393
f 2397//2484 2292//2269 2293//2393
f 2461//2481 2396//2482 2397//2484
f 2399//2486 2403//2276 2398//2273
f 2468//2487 2400//2397 2297//2282
f 2468//2487 2520//2488 2400//2397
f 2402//2396 2401//2395 2173//2097
f 2402//2396 2470//2489 2401//2395
f 2469//2490 2402//2396 2400//2397
f 2469//2490 2470//2489 2402//2396
f 2520//2488 2469//2490 2400//2397
f 2404//2491 2181//2278 2403//2276
f 2404//2491 2299//2283 2181//2278
f 2404//2491 2479//2492 2299//2283
f 2483//2403 2592//2399 2182//2287
f 2468//2487 2298//2281 2478//2400
f 2592//2399 2478//2400 2302//2279
f 2468//2487 2297//2282 2298//2281
f 2479//2492 2481//2401 2299//2283
f 2303//2195 2300//2194 2481//2401
f 2523//2493 2406//2402 2303//2195
f 2525//2494 2303//2195 2481//2401
f 2303//2195 2525//2494 2523//2493
f 2405//2495 2589//2496 2593//2497
f 2484//2498 2483//2403 2306//2286
f 2482//2499 2484//2498 2306//2286
f 2306//2286 2305//2285 2408//2500
f 2406//2402 2589//2496 2407//2404
f 2305//2285 2407//2404 2405//2495
f 2408//2500 2305//2285 2405//2495
f 2406//2402 2523//2493 2589//2496
f 2405//2495 2407//2404 2589//2496
f 2408//2500 2482//2499 2306//2286
f 2405//2495 2482//2499 2408//2500
f 2339//2435 2410//2501 2409//2434
f 2409//2434 2410//2501 2487//2502
f 2428//2428 2336//2429 2429//2503
f 2336//2429 2409//2434 2429//2503
f 2412//2437 2410//2501 2339//2435
f 2413//2504 2411//2436 2417//2505
f 2413//2504 2412//2437 2411//2436
f 2410//2501 2412//2437 2414//2506
f 2487//2502 2410//2501 2414//2506
f 2412//2437 2413//2504 2414//2506
f 2413//2504 2422//2507 2415//2508
f 2432//2509 2422//2507 2424//2510
f 2414//2506 2413//2504 2415//2508
f 2432//2509 2415//2508 2422//2507
f 2411//2436 2342//2418 2417//2505
f 2417//2505 2342//2418 2416//2439
f 2418//2440 2350//2438 2425//2446
f 2417//2505 2416//2439 2420//2511
f 2419//2512 2420//2511 2416//2439
f 2419//2512 2416//2439 2418//2440
f 2419//2512 2418//2440 2421//2513
f 2421//2513 2418//2440 2425//2446
f 2420//2511 2413//2504 2417//2505
f 2423//2514 2419//2512 2421//2513
f 2422//2507 2413//2504 2420//2511
f 2423//2514 2421//2513 2431//2515
f 2431//2515 2421//2513 2425//2446
f 2431//2515 2425//2446 2437//2452
f 2420//2511 2419//2512 2423//2514
f 2422//2507 2420//2511 2424//2510
f 2424//2510 2420//2511 2423//2514
f 2424//2510 2423//2514 2430//2516
f 2425//2446 2351//2445 2437//2452
f 2441//2517 2439//2448 2355//2427
f 2426//2426 2485//2518 2427//2519
f 2426//2426 2427//2519 2355//2427
f 2355//2427 2427//2519 2441//2517
f 2427//2519 2485//2518 2528//2520
f 2426//2426 2428//2428 2485//2518
f 2428//2428 2429//2503 2485//2518
f 2429//2503 2409//2434 2487//2502
f 2430//2516 2423//2514 2431//2515
f 2434//2521 2431//2515 2437//2452
f 2432//2509 2424//2510 2433//2522
f 2433//2522 2430//2516 2488//2523
f 2433//2522 2424//2510 2430//2516
f 2488//2523 2430//2516 2431//2515
f 2435//2451 2359//2450 2436//2524
f 2435//2451 2436//2524 2437//2452
f 2437//2452 2436//2524 2438//2525
f 2434//2521 2437//2452 2438//2525
f 2490//2526 2438//2525 2436//2524
f 2438//2525 2490//2526 2434//2521
f 2362//2453 2361//2449 2440//2527
f 2439//2448 2440//2527 2361//2449
f 2440//2527 2489//2458 2362//2453
f 2489//2458 2440//2527 2439//2448
f 2441//2517 2427//2519 2533//2528
f 2533//2528 2439//2448 2441//2517
f 2442//2460 2359//2450 2367//2241
f 2442//2460 2436//2524 2359//2450
f 2365//2456 2444//2529 2372//2457
f 2489//2458 2444//2529 2365//2456
f 2444//2529 2489//2458 2531//2530
f 2445//2463 2446//2464 2493//2531
f 2366//2459 2375//2249 2492//2532
f 2375//2249 2445//2463 2492//2532
f 2493//2531 2492//2532 2445//2463
f 2443//2462 2447//2465 2378//2251
f 2443//2462 2494//2533 2447//2465
f 2494//2533 2381//2378 2447//2465
f 2372//2457 2494//2533 2443//2462
f 2444//2529 2495//2534 2372//2457
f 2495//2534 2494//2533 2372//2457
f 2446//2464 2380//2379 2449//2535
f 2380//2379 2448//2467 2449//2535
f 2379//2252 2496//2536 2448//2467
f 2449//2535 2448//2467 2542//2537
f 2542//2537 2448//2467 2496//2536
f 2446//2464 2449//2535 2493//2531
f 2499//2538 2451//2468 2497//2539
f 2450//2255 2390//2254 2455//2540
f 2499//2538 2452//2469 2451//2468
f 2500//2470 2452//2469 2499//2538
f 2452//2469 2383//2380 2451//2468
f 2385//2473 2551//2541 2453//2386
f 2551//2541 2454//2542 2453//2386
f 2454//2542 2388//2388 2453//2386
f 2389//2389 2388//2388 2454//2542
f 2389//2389 2454//2542 2501//2474
f 2455//2540 2390//2254 2546//2543
f 2390//2254 2501//2474 2546//2543
f 2455//2540 2546//2543 2450//2255
f 2384//2382 2503//2472 2456//2544
f 2279//2383 2384//2382 2456//2544
f 2457//2545 2279//2383 2456//2544
f 2615//2546 2457//2545 2456//2544
f 2279//2383 2457//2545 2391//2384
f 2391//2384 2457//2545 2385//2473
f 2385//2473 2457//2545 2551//2541
f 2458//2475 2505//2547 2459//2476
f 2392//2176 2506//2548 2458//2475
f 2557//2549 2458//2475 2506//2548
f 2392//2176 2285//2177 2506//2548
f 2285//2177 2507//2478 2506//2548
f 2508//2390 2393//2477 2509//2550
f 2394//2391 2509//2550 2393//2477
f 2510//2551 2394//2391 2511//2480
f 2459//2476 2560//2552 2460//2479
f 2466//2485 2460//2479 2560//2552
f 2290//2392 2512//2553 2511//2480
f 2290//2392 2461//2481 2512//2553
f 2464//2554 2467//2555 2565//2556
f 2565//2556 2467//2555 2466//2485
f 2463//2557 2462//2483 2397//2484
f 2401//2395 2463//2557 2397//2484
f 2470//2489 2463//2557 2401//2395
f 2465//2558 2464//2554 2516//2559
f 2467//2555 2395//2394 2466//2485
f 2467//2555 2399//2486 2395//2394
f 2467//2555 2464//2554 2399//2486
f 2521//2560 2468//2487 2478//2400
f 2399//2486 2471//2561 2403//2276
f 2473//2562 2404//2491 2471//2561
f 2471//2561 2404//2491 2403//2276
f 2471//2561 2399//2486 2464//2554
f 2465//2558 2475//2563 2471//2561
f 2465//2558 2471//2561 2464//2554
f 2475//2563 2473//2562 2471//2561
f 2472//2564 2404//2491 2473//2562
f 2474//2565 2473//2562 2475//2563
f 2474//2565 2472//2564 2473//2562
f 2474//2565 2480//2566 2472//2564
f 2522//2567 2477//2568 2474//2565
f 2477//2568 2480//2566 2474//2565
f 2477//2568 2481//2401 2480//2566
f 2475//2563 2476//2569 2474//2565
f 2474//2565 2476//2569 2522//2567
f 2517//2570 2579//2571 2475//2563
f 2517//2570 2475//2563 2465//2558
f 2476//2569 2579//2571 2522//2567
f 2476//2569 2475//2563 2579//2571
f 2477//2568 2582//2572 2525//2494
f 2472//2564 2479//2492 2404//2491
f 2472//2564 2480//2566 2479//2492
f 2481//2401 2479//2492 2480//2566
f 2525//2494 2481//2401 2477//2568
f 2482//2499 2524//2573 2484//2498
f 2483//2403 2484//2498 2524//2573
f 2414//2506 2526//2574 2487//2502
f 2528//2520 2485//2518 2527//2575
f 2485//2518 2429//2503 2486//2576
f 2485//2518 2486//2576 2527//2575
f 2486//2576 2429//2503 2487//2502
f 2415//2508 2526//2574 2414//2506
f 2598//2577 2526//2574 2415//2508
f 2432//2509 2598//2577 2415//2508
f 2432//2509 2433//2522 2534//2578
f 2434//2521 2488//2523 2431//2515
f 2534//2578 2433//2522 2488//2523
f 2529//2579 2534//2578 2488//2523
f 2434//2521 2529//2579 2488//2523
f 2533//2528 2532//2580 2439//2448
f 2533//2528 2427//2519 2528//2520
f 2434//2521 2490//2526 2529//2579
f 2532//2580 2531//2530 2489//2458
f 2439//2448 2532//2580 2489//2458
f 2436//2524 2442//2460 2490//2526
f 2490//2526 2442//2460 2492//2532
f 2492//2532 2442//2460 2366//2459
f 2491//2581 2444//2529 2531//2530
f 2492//2532 2493//2531 2537//2582
f 2490//2526 2492//2532 2537//2582
f 2493//2531 2541//2583 2537//2582
f 2494//2533 2497//2539 2381//2378
f 2444//2529 2491//2581 2495//2534
f 2495//2534 2497//2539 2494//2533
f 2538//2584 2491//2581 2535//2585
f 2495//2534 2491//2581 2538//2584
f 2495//2534 2539//2586 2497//2539
f 2493//2531 2449//2535 2541//2583
f 2449//2535 2542//2537 2541//2583
f 2542//2537 2496//2536 2540//2587
f 2379//2252 2498//2466 2496//2536
f 2381//2378 2497//2539 2451//2468
f 2275//2256 2450//2255 2498//2466
f 2549//2588 2503//2472 2502//2471
f 2503//2472 2549//2588 2550//2589
f 2502//2471 2500//2470 2549//2588
f 2503//2472 2550//2589 2456//2544
f 2506//2548 2504//2590 2555//2591
f 2555//2591 2557//2549 2506//2548
f 2504//2590 2507//2478 2556//2592
f 2557//2549 2505//2547 2458//2475
f 2504//2590 2506//2548 2507//2478
f 2559//2593 2508//2390 2509//2550
f 2560//2552 2459//2476 2505//2547
f 2394//2391 2510//2551 2509//2550
f 2561//2594 2510//2551 2511//2480
f 2511//2480 2562//2595 2561//2594
f 2562//2595 2511//2480 2512//2553
f 2512//2553 2513//2596 2563//2597
f 2512//2553 2563//2597 2562//2595
f 2566//2598 2466//2485 2560//2552
f 2513//2596 2512//2553 2461//2481
f 2462//2483 2513//2596 2461//2481
f 2463//2557 2572//2599 2462//2483
f 2572//2599 2513//2596 2462//2483
f 2571//2600 2572//2599 2463//2557
f 2570//2601 2571//2600 2470//2489
f 2514//2602 2516//2559 2464//2554
f 2565//2556 2514//2602 2464//2554
f 2573//2603 2516//2559 2514//2602
f 2573//2603 2518//2604 2516//2559
f 2574//2605 2518//2604 2573//2603
f 2515//2606 2521//2560 2577//2607
f 2571//2600 2463//2557 2470//2489
f 2570//2601 2470//2489 2469//2490
f 2570//2601 2469//2490 2520//2488
f 2516//2559 2517//2570 2465//2558
f 2518//2604 2517//2570 2516//2559
f 2578//2608 2517//2570 2518//2604
f 2578//2608 2579//2571 2517//2570
f 2592//2399 2519//2609 2478//2400
f 2515//2606 2520//2488 2468//2487
f 2519//2609 2521//2560 2478//2400
f 2521//2560 2515//2606 2468//2487
f 2577//2607 2521//2560 2519//2609
f 2477//2568 2522//2567 2581//2610
f 2522//2567 2579//2571 2581//2610
f 2477//2568 2581//2610 2582//2572
f 2588//2611 2525//2494 2582//2572
f 2523//2493 2525//2494 2588//2611
f 2523//2493 2587//2612 2589//2496
f 2587//2612 2523//2493 2588//2611
f 2483//2403 2524//2573 2591//2613
f 2482//2499 2405//2495 2593//2497
f 2526//2574 2597//2614 2596//2615
f 2597//2614 2526//2574 2598//2577
f 2600//2616 2528//2520 2594//2617
f 2600//2616 2533//2528 2528//2520
f 2595//2618 2527//2575 2486//2576
f 2486//2576 2596//2615 2595//2618
f 2486//2576 2487//2502 2596//2615
f 2526//2574 2596//2615 2487//2502
f 2597//2614 2656//2619 2596//2615
f 2534//2578 2529//2579 2604//2620
f 2534//2578 2598//2577 2432//2509
f 2532//2580 2530//2621 2605//2622
f 2532//2580 2533//2528 2530//2621
f 2605//2622 2531//2530 2532//2580
f 2535//2585 2531//2530 2605//2622
f 2603//2623 2534//2578 2604//2620
f 2603//2623 2598//2577 2534//2578
f 2529//2579 2490//2526 2606//2624
f 2529//2579 2606//2624 2604//2620
f 2531//2530 2535//2585 2491//2581
f 2606//2624 2490//2526 2536//2625
f 2490//2526 2537//2582 2536//2625
f 2537//2582 2608//2626 2536//2625
f 2607//2627 2606//2624 2536//2625
f 2536//2625 2608//2626 2607//2627
f 2537//2582 2541//2583 2608//2626
f 2495//2534 2538//2584 2539//2586
f 2535//2585 2663//2628 2538//2584
f 2542//2537 2543//2629 2541//2583
f 2541//2583 2543//2629 2608//2626
f 2542//2537 2540//2587 2543//2629
f 2540//2587 2545//2630 2610//2631
f 2544//2632 2497//2539 2539//2586
f 2609//2633 2544//2632 2539//2586
f 2548//2634 2610//2631 2545//2630
f 2496//2536 2545//2630 2540//2587
f 2545//2630 2496//2536 2498//2466
f 2545//2630 2498//2466 2548//2634
f 2544//2632 2499//2538 2497//2539
f 2499//2538 2613//2635 2500//2470
f 2546//2543 2501//2474 2547//2636
f 2619//2637 2547//2636 2501//2474
f 2619//2637 2501//2474 2454//2542
f 2498//2466 2450//2255 2548//2634
f 2548//2634 2450//2255 2546//2543
f 2546//2543 2547//2636 2611//2638
f 2547//2636 2619//2637 2617//2639
f 2667//2640 2610//2631 2548//2634
f 2612//2641 2548//2634 2546//2543
f 2612//2641 2546//2543 2611//2638
f 2612//2641 2667//2640 2548//2634
f 2547//2636 2617//2639 2611//2638
f 2500//2470 2668//2642 2549//2588
f 2550//2589 2615//2546 2456//2544
f 2550//2589 2614//2643 2615//2546
f 2616//2644 2457//2545 2615//2546
f 2457//2545 2616//2644 2551//2541
f 2618//2645 2619//2637 2454//2542
f 2551//2541 2618//2645 2454//2542
f 2505//2547 2554//2646 2552//2647
f 2629//2648 2627//2649 2552//2647
f 2555//2591 2553//2650 2557//2549
f 2553//2650 2554//2646 2557//2549
f 2553//2650 2628//2651 2554//2646
f 2554//2646 2629//2648 2552//2647
f 2630//2652 2553//2650 2555//2591
f 2556//2592 2630//2652 2555//2591
f 2630//2652 2628//2651 2553//2650
f 2630//2652 2556//2592 2631//2653
f 2632//2654 2556//2592 2558//2655
f 2557//2549 2554//2646 2505//2547
f 2504//2590 2556//2592 2555//2591
f 2507//2478 2508//2390 2558//2655
f 2507//2478 2558//2655 2556//2592
f 2559//2593 2558//2655 2508//2390
f 2559//2593 2509//2550 2510//2551
f 2564//2656 2561//2594 2562//2595
f 2564//2656 2562//2595 2563//2597
f 2563//2597 2634//2657 2564//2656
f 2635//2658 2634//2657 2563//2597
f 2563//2597 2569//2659 2635//2658
f 2466//2485 2566//2598 2567//2660
f 2567//2660 2565//2556 2466//2485
f 2638//2661 2682//2662 2568//2663
f 2682//2662 2569//2659 2568//2663
f 2572//2599 2569//2659 2513//2596
f 2563//2597 2513//2596 2569//2659
f 2568//2663 2569//2659 2572//2599
f 2636//2664 2514//2602 2565//2556
f 2514//2602 2636//2664 2639//2665
f 2639//2665 2574//2605 2514//2602
f 2568//2663 2572//2599 2571//2600
f 2570//2601 2568//2663 2571//2600
f 2638//2661 2568//2663 2570//2601
f 2638//2661 2570//2601 2520//2488
f 2574//2605 2578//2608 2518//2604
f 2514//2602 2574//2605 2573//2603
f 2580//2666 2578//2608 2574//2605
f 2575//2667 2580//2666 2574//2605
f 2646//2668 2586//2669 2584//2670
f 2646//2668 2585//2671 2586//2669
f 2646//2668 2647//2672 2585//2671
f 2577//2607 2519//2609 2576//2673
f 2592//2399 2576//2673 2519//2609
f 2592//2399 2700//2674 2576//2673
f 2642//2675 2577//2607 2576//2673
f 2643//2676 2576//2673 2700//2674
f 2692//2677 2520//2488 2515//2606
f 2692//2677 2515//2606 2577//2607
f 2642//2675 2692//2677 2577//2607
f 2579//2571 2580//2666 2581//2610
f 2579//2571 2578//2608 2580//2666
f 2583//2678 2582//2572 2581//2610
f 2582//2572 2583//2678 2585//2671
f 2588//2611 2582//2572 2585//2671
f 2584//2670 2580//2666 2575//2667
f 2584//2670 2581//2610 2580//2666
f 2581//2610 2584//2670 2583//2678
f 2585//2671 2583//2678 2586//2669
f 2583//2678 2584//2670 2586//2669
f 2585//2671 2647//2672 2588//2611
f 2648//2679 2588//2611 2647//2672
f 2587//2612 2588//2611 2648//2679
f 2649//2680 2589//2496 2587//2612
f 2589//2496 2697//2681 2593//2497
f 2593//2497 2697//2681 2650//2682
f 2482//2499 2593//2497 2650//2682
f 2524//2573 2482//2499 2650//2682
f 2650//2682 2699//2683 2524//2573
f 2483//2403 2591//2613 2590//2684
f 2699//2683 2590//2684 2591//2613
f 2591//2613 2524//2573 2699//2683
f 2483//2403 2590//2684 2592//2399
f 2527//2575 2595//2618 2601//2685
f 2528//2520 2527//2575 2594//2617
f 2601//2685 2594//2617 2527//2575
f 2600//2616 2652//2686 2533//2528
f 2599//2687 2530//2621 2533//2528
f 2652//2686 2599//2687 2533//2528
f 2599//2687 2651//2688 2530//2621
f 2652//2686 2600//2616 2653//2689
f 2653//2689 2600//2616 2594//2617
f 2601//2685 2595//2618 2602//2690
f 2594//2617 2601//2685 2654//2691
f 2654//2691 2601//2685 2602//2690
f 2654//2691 2602//2690 2655//2692
f 2602//2690 2595//2618 2596//2615
f 2596//2615 2656//2619 2602//2690
f 2656//2619 2597//2614 2658//2693
f 2660//2694 2603//2623 2604//2620
f 2597//2614 2598//2577 2603//2623
f 2530//2621 2704//2695 2605//2622
f 2651//2688 2704//2695 2530//2621
f 2661//2696 2604//2620 2606//2624
f 2661//2696 2660//2694 2604//2620
f 2661//2696 2606//2624 2607//2627
f 2709//2697 2661//2696 2607//2627
f 2607//2627 2608//2626 2709//2697
f 2543//2629 2540//2587 2665//2698
f 2664//2699 2665//2698 2540//2587
f 2543//2629 2662//2700 2608//2626
f 2662//2700 2709//2697 2608//2626
f 2543//2629 2665//2698 2662//2700
f 2711//2701 2539//2586 2538//2584
f 2539//2586 2711//2701 2609//2633
f 2540//2587 2610//2631 2664//2699
f 2544//2632 2609//2633 2666//2702
f 2666//2702 2716//2703 2544//2632
f 2499//2538 2544//2632 2716//2703
f 2611//2638 2671//2704 2612//2641
f 2671//2704 2611//2638 2617//2639
f 2664//2699 2610//2631 2667//2640
f 2499//2538 2715//2705 2613//2635
f 2668//2642 2500//2470 2613//2635
f 2668//2642 2672//2706 2549//2588
f 2550//2589 2549//2588 2672//2706
f 2616//2644 2615//2546 2724//2707
f 2618//2645 2670//2708 2619//2637
f 2617//2639 2619//2637 2670//2708
f 2672//2706 2673//2709 2550//2589
f 2673//2709 2674//2710 2550//2589
f 2674//2710 2614//2643 2550//2589
f 2621//2711 2620//2712 2627//2649
f 2629//2648 2621//2711 2627//2649
f 2627//2649 2626//2713 2552//2647
f 2621//2711 2623//2714 2620//2712
f 2627//2649 2620//2712 2626//2713
f 2622//2715 2628//2651 2625//2716
f 2622//2715 2625//2716 2726//2717
f 2629//2648 2628//2651 2621//2711
f 2622//2715 2623//2714 2621//2711
f 2628//2651 2622//2715 2621//2711
f 2628//2651 2630//2652 2625//2716
f 2630//2652 2631//2653 2624//2718
f 2624//2718 2632//2654 2728//2719
f 2631//2653 2632//2654 2624//2718
f 2624//2718 2625//2716 2630//2652
f 2728//2719 2625//2716 2624//2718
f 2728//2719 2632//2654 2675//2720
f 2552//2647 2626//2713 2560//2552
f 2505//2547 2552//2647 2560//2552
f 2628//2651 2629//2648 2554//2646
f 2556//2592 2632//2654 2631//2653
f 2675//2720 2632//2654 2558//2655
f 2558//2655 2559//2593 2675//2720
f 2633//2721 2564//2656 2634//2657
f 2564//2656 2633//2721 2561//2594
f 2679//2722 2633//2721 2635//2658
f 2680//2723 2679//2722 2635//2658
f 2565//2556 2567//2660 2839//2724
f 2839//2724 2845//2725 2565//2556
f 2635//2658 2633//2721 2634//2657
f 2682//2662 2635//2658 2569//2659
f 2680//2723 2635//2658 2682//2662
f 2845//2725 2636//2664 2565//2556
f 2691//2726 2638//2661 2520//2488
f 2682//2662 2638//2661 2691//2726
f 2691//2726 2520//2488 2692//2677
f 2637//2727 2639//2665 2636//2664
f 2640//2728 2639//2665 2637//2727
f 2640//2728 2644//2729 2639//2665
f 2641//2730 2644//2729 2640//2728
f 2645//2731 2644//2729 2641//2730
f 2645//2731 2641//2730 2687//2732
f 2689//2733 2642//2675 2643//2676
f 2644//2729 2574//2605 2639//2665
f 2644//2729 2575//2667 2574//2605
f 2644//2729 2584//2670 2575//2667
f 2584//2670 2645//2731 2646//2668
f 2584//2670 2644//2729 2645//2731
f 2687//2732 2646//2668 2645//2731
f 2687//2732 2693//2734 2646//2668
f 2693//2734 2647//2672 2646//2668
f 2694//2735 2647//2672 2693//2734
f 2647//2672 2694//2735 2648//2679
f 2648//2679 2694//2735 2649//2680
f 2590//2684 2699//2683 2592//2399
f 2699//2683 2700//2674 2592//2399
f 2576//2673 2643//2676 2642//2675
f 2648//2679 2649//2680 2587//2612
f 2599//2687 2705//2736 2651//2688
f 2705//2736 2659//2737 2651//2688
f 2652//2686 2705//2736 2599//2687
f 2653//2689 2654//2691 2702//2738
f 2653//2689 2594//2617 2654//2691
f 2654//2691 2655//2692 2753//2739
f 2657//2740 2762//2741 2655//2692
f 2762//2741 2657//2740 2763//2742
f 2655//2692 2602//2690 2657//2740
f 2657//2740 2602//2690 2656//2619
f 2658//2693 2657//2740 2656//2619
f 2603//2623 2658//2693 2597//2614
f 2660//2694 2658//2693 2603//2623
f 2651//2688 2703//2743 2704//2695
f 2651//2688 2659//2737 2703//2743
f 2708//2744 2658//2693 2660//2694
f 2708//2744 2660//2694 2661//2696
f 2605//2622 2707//2745 2535//2585
f 2535//2585 2707//2745 2663//2628
f 2708//2744 2661//2696 2709//2697
f 2710//2746 2711//2701 2663//2628
f 2666//2702 2609//2633 2711//2701
f 2711//2701 2712//2747 2666//2702
f 2711//2701 2538//2584 2663//2628
f 2712//2747 2713//2748 2666//2702
f 2665//2698 2664//2699 2770//2749
f 2666//2702 2713//2748 2716//2703
f 2499//2538 2716//2703 2715//2705
f 2667//2640 2612//2641 2671//2704
f 2613//2635 2719//2750 2718//2751
f 2613//2635 2715//2705 2719//2750
f 2613//2635 2718//2751 2668//2642
f 2616//2644 2724//2707 2551//2541
f 2724//2707 2669//2752 2551//2541
f 2618//2645 2551//2541 2669//2752
f 2669//2752 2670//2708 2618//2645
f 2717//2753 2617//2639 2670//2708
f 2671//2704 2617//2639 2717//2753
f 2718//2751 2720//2754 2668//2642
f 2720//2754 2672//2706 2668//2642
f 2673//2709 2721//2755 2674//2710
f 2721//2755 2722//2756 2674//2710
f 2614//2643 2722//2756 2615//2546
f 2614//2643 2674//2710 2722//2756
f 2722//2756 2724//2707 2615//2546
f 2623//2714 2725//2757 2620//2712
f 2623//2714 2622//2715 2725//2757
f 2728//2719 2726//2717 2625//2716
f 2626//2713 2789//2758 2730//2759
f 2626//2713 2620//2712 2789//2758
f 2622//2715 2726//2717 2725//2757
f 2675//2720 2727//2760 2728//2719
f 2626//2713 2732//2761 2560//2552
f 2626//2713 2730//2759 2732//2761
f 2730//2759 2791//2762 2732//2761
f 2561//2594 2731//2763 2510//2551
f 2561//2594 2676//2764 2731//2763
f 2510//2551 2729//2765 2559//2593
f 2559//2593 2729//2765 2675//2720
f 2729//2765 2510//2551 2731//2763
f 2791//2762 2567//2660 2566//2598
f 2732//2761 2566//2598 2560//2552
f 2791//2762 2566//2598 2732//2761
f 2676//2764 2561//2594 2633//2721
f 2678//2766 2680//2723 2683//2767
f 2676//2764 2633//2721 2679//2722
f 2677//2768 2676//2764 2679//2722
f 2677//2768 2679//2722 2680//2723
f 2677//2768 2680//2723 2678//2766
f 2681//2769 2636//2664 2845//2725
f 2735//2770 2681//2769 2845//2725
f 2686//2771 2684//2772 2681//2769
f 2735//2770 2686//2771 2681//2769
f 2683//2767 2680//2723 2682//2662
f 2737//2773 2682//2662 2691//2726
f 2737//2773 2683//2767 2682//2662
f 2692//2677 2737//2773 2691//2726
f 2681//2769 2637//2727 2636//2664
f 2684//2772 2637//2727 2681//2769
f 2685//2774 2640//2728 2637//2727
f 2685//2774 2641//2730 2640//2728
f 2684//2772 2685//2774 2637//2727
f 2687//2732 2641//2730 2685//2774
f 2686//2771 2685//2774 2684//2772
f 2686//2771 2687//2732 2685//2774
f 2687//2732 2746//2775 2693//2734
f 2699//2683 2688//2776 2700//2674
f 2700//2674 2688//2776 2690//2777
f 2743//2778 2642//2675 2689//2733
f 2693//2734 2696//2779 2694//2735
f 2746//2775 2696//2779 2693//2734
f 2741//2780 2696//2779 2746//2775
f 2695//2781 2694//2735 2696//2779
f 2802//2782 2750//2783 2696//2779
f 2696//2779 2750//2783 2695//2781
f 2750//2783 2698//2784 2695//2781
f 2741//2780 2802//2782 2696//2779
f 2698//2784 2697//2681 2589//2496
f 2747//2785 2650//2682 2697//2681
f 2699//2683 2650//2682 2751//2786
f 2751//2786 2650//2682 2747//2785
f 2699//2683 2751//2786 2749//2787
f 2700//2674 2690//2777 2643//2676
f 2690//2777 2689//2733 2643//2676
f 2695//2781 2649//2680 2694//2735
f 2589//2496 2649//2680 2695//2781
f 2589//2496 2695//2781 2698//2784
f 2701//2788 2705//2736 2652//2686
f 2652//2686 2653//2689 2701//2788
f 2701//2788 2653//2689 2752//2789
f 2752//2789 2653//2689 2702//2738
f 2702//2738 2654//2691 2753//2739
f 2762//2741 2753//2739 2655//2692
f 2768//2790 2706//2791 2704//2695
f 2703//2743 2768//2790 2704//2695
f 2659//2737 2758//2792 2755//2793
f 2705//2736 2758//2792 2659//2737
f 2755//2793 2703//2743 2659//2737
f 2755//2793 2768//2790 2703//2743
f 2705//2736 2756//2794 2758//2792
f 2658//2693 2763//2742 2657//2740
f 2765//2795 2763//2742 2658//2693
f 2708//2744 2765//2795 2658//2693
f 2605//2622 2706//2791 2707//2745
f 2710//2746 2707//2745 2769//2796
f 2706//2791 2767//2797 2707//2745
f 2706//2791 2605//2622 2704//2695
f 2765//2795 2708//2744 2709//2697
f 2662//2700 2665//2698 2770//2749
f 2711//2701 2710//2746 2712//2747
f 2707//2745 2710//2746 2663//2628
f 2664//2699 2714//2798 2770//2749
f 2664//2699 2667//2640 2714//2798
f 2774//2799 2714//2798 2667//2640
f 2824//2800 2715//2705 2716//2703
f 2715//2705 2824//2800 2719//2750
f 2780//2801 2717//2753 2778//2802
f 2780//2801 2671//2704 2717//2753
f 2717//2753 2670//2708 2778//2802
f 2667//2640 2671//2704 2774//2799
f 2774//2799 2671//2704 2780//2801
f 2718//2751 2719//2750 2720//2754
f 2775//2803 2672//2706 2720//2754
f 2673//2709 2672//2706 2782//2804
f 2782//2804 2721//2755 2673//2709
f 2781//2805 2782//2804 2672//2706
f 2783//2806 2722//2756 2721//2755
f 2722//2756 2723//2807 2724//2707
f 2724//2707 2776//2808 2779//2809
f 2724//2707 2723//2807 2776//2808
f 2779//2809 2669//2752 2724//2707
f 2779//2809 2670//2708 2669//2752
f 2779//2809 2777//2810 2670//2708
f 2670//2708 2777//2810 2778//2802
f 2726//2717 2784//2811 2725//2757
f 2728//2719 2786//2812 2726//2717
f 2786//2812 2785//2813 2726//2717
f 2729//2765 2787//2814 2786//2812
f 2789//2758 2792//2815 2730//2759
f 2725//2757 2789//2758 2620//2712
f 2727//2760 2786//2812 2728//2719
f 2729//2765 2786//2812 2727//2760
f 2727//2760 2675//2720 2729//2765
f 2731//2763 2790//2816 2729//2765
f 2733//2817 2676//2764 2677//2768
f 2846//2818 2733//2817 2734//2819
f 2796//2820 2846//2818 2734//2819
f 2791//2762 2839//2724 2567//2660
f 2733//2817 2677//2768 2734//2819
f 2734//2819 2677//2768 2796//2820
f 2798//2821 2686//2771 2735//2770
f 2798//2821 2738//2822 2686//2771
f 2739//2823 2738//2822 2798//2821
f 2736//2824 2678//2766 2683//2767
f 2736//2824 2683//2767 2737//2773
f 2677//2768 2678//2766 2796//2820
f 2736//2824 2796//2820 2678//2766
f 2736//2824 2737//2773 2795//2825
f 2796//2820 2736//2824 2795//2825
f 2737//2773 2642//2675 2852//2826
f 2738//2822 2739//2823 2740//2827
f 2801//2828 2741//2780 2740//2827
f 2801//2828 2802//2782 2741//2780
f 2642//2675 2737//2773 2692//2677
f 2686//2771 2744//2829 2687//2732
f 2687//2732 2744//2829 2745//2830
f 2746//2775 2687//2732 2745//2830
f 2744//2829 2686//2771 2738//2822
f 2744//2829 2738//2822 2745//2830
f 2745//2830 2740//2827 2746//2775
f 2745//2830 2738//2822 2740//2827
f 2740//2827 2741//2780 2746//2775
f 2750//2783 2802//2782 2803//2831
f 2698//2784 2803//2831 2804//2832
f 2698//2784 2804//2832 2697//2681
f 2749//2787 2751//2786 2748//2833
f 2751//2786 2747//2785 2748//2833
f 2688//2776 2699//2683 2749//2787
f 2749//2787 2748//2833 2926//2834
f 2742//2835 2749//2787 2926//2834
f 2742//2835 2688//2776 2749//2787
f 2690//2777 2688//2776 2742//2835
f 2690//2777 2742//2835 2743//2778
f 2743//2778 2689//2733 2690//2777
f 2698//2784 2750//2783 2803//2831
f 2757//2836 2701//2788 2752//2789
f 2760//2837 2752//2789 2754//2838
f 2754//2838 2752//2789 2702//2738
f 2753//2739 2754//2838 2702//2738
f 2761//2839 2754//2838 2753//2739
f 2753//2739 2762//2741 2761//2839
f 2755//2793 2758//2792 2872//2840
f 2758//2792 2805//2841 2872//2840
f 2756//2794 2805//2841 2758//2792
f 2805//2841 2756//2794 2757//2836
f 2805//2841 2757//2836 2806//2842
f 2757//2836 2759//2843 2806//2842
f 2756//2794 2705//2736 2701//2788
f 2756//2794 2701//2788 2757//2836
f 2759//2843 2757//2836 2752//2789
f 2759//2843 2752//2789 2760//2837
f 2761//2839 2760//2837 2754//2838
f 2761//2839 2762//2741 2810//2844
f 2762//2741 2763//2742 2810//2844
f 2764//2845 2763//2742 2765//2795
f 2706//2791 2768//2790 2767//2797
f 2767//2797 2811//2846 2766//2847
f 2766//2847 2886//2848 2769//2796
f 2811//2846 2767//2797 2812//2849
f 2814//2850 2886//2848 2766//2847
f 2768//2790 2812//2849 2767//2797
f 2811//2846 2814//2850 2766//2847
f 2766//2847 2769//2796 2707//2745
f 2767//2797 2766//2847 2707//2745
f 2764//2845 2765//2795 2883//2851
f 2771//2852 2769//2796 2817//2853
f 2710//2746 2769//2796 2771//2852
f 2710//2746 2771//2852 2712//2747
f 2771//2852 2772//2854 2712//2747
f 2713//2748 2712//2747 2772//2854
f 2772//2854 2771//2852 2818//2855
f 2773//2856 2713//2748 2772//2854
f 2772//2854 2822//2857 2773//2856
f 2818//2855 2822//2857 2772//2854
f 2714//2798 2774//2799 2823//2858
f 2773//2856 2716//2703 2713//2748
f 2716//2703 2773//2856 2824//2800
f 2774//2799 2780//2801 2828//2859
f 2720//2754 2719//2750 2829//2860
f 2830//2861 2720//2754 2829//2860
f 2829//2860 2719//2750 2824//2800
f 2830//2861 2775//2803 2720//2754
f 2778//2802 2777//2810 2827//2862
f 2827//2862 2777//2810 2779//2809
f 2825//2863 2779//2809 2776//2808
f 2825//2863 2827//2862 2779//2809
f 2826//2864 2780//2801 2778//2802
f 2828//2859 2780//2801 2826//2864
f 2781//2805 2672//2706 2775//2803
f 2782//2804 2783//2806 2721//2755
f 2782//2804 2781//2805 2897//2865
f 2783//2806 2782//2804 2897//2865
f 2723//2807 2831//2866 2776//2808
f 2789//2758 2788//2867 2837//2868
f 2788//2867 2838//2869 2837//2868
f 2784//2811 2838//2869 2788//2867
f 2785//2813 2833//2870 2784//2811
f 2834//2871 2785//2813 2786//2812
f 2833//2870 2785//2813 2834//2871
f 2837//2868 2792//2815 2789//2758
f 2725//2757 2788//2867 2789//2758
f 2725//2757 2784//2811 2788//2867
f 2784//2811 2726//2717 2785//2813
f 2787//2814 2729//2765 2790//2816
f 2791//2762 2730//2759 2840//2872
f 2792//2815 2840//2872 2730//2759
f 2731//2763 2676//2764 2793//2873
f 2731//2763 2841//2874 2790//2816
f 2731//2763 2793//2873 2841//2874
f 2676//2764 2794//2875 2793//2873
f 2794//2875 2841//2874 2793//2873
f 2846//2818 2843//2876 2794//2875
f 2794//2875 2842//2877 2841//2874
f 2842//2877 2794//2875 2843//2876
f 2794//2875 2676//2764 2733//2817
f 2846//2818 2794//2875 2733//2817
f 2855//2878 2846//2818 2796//2820
f 2796//2820 2797//2879 2855//2878
f 2849//2880 2735//2770 2845//2725
f 2849//2880 2799//2881 2735//2770
f 2850//2882 2799//2881 2849//2880
f 2795//2825 2797//2879 2796//2820
f 2799//2881 2798//2821 2735//2770
f 2799//2881 2800//2883 2798//2821
f 2798//2821 2800//2883 2739//2823
f 2800//2883 2799//2881 2850//2882
f 2739//2823 2974//2884 2740//2827
f 2800//2883 2850//2882 2858//2885
f 2739//2823 2800//2883 2858//2885
f 2801//2828 2740//2827 2974//2884
f 2801//2828 2860//2886 2802//2782
f 2802//2782 2860//2886 2803//2831
f 2852//2826 2642//2675 2853//2887
f 2853//2887 2642//2675 2743//2778
f 2852//2826 2795//2825 2737//2773
f 2861//2888 2697//2681 2804//2832
f 2697//2681 2861//2888 2747//2785
f 2863//2889 2747//2785 2861//2888
f 2747//2785 2863//2889 2748//2833
f 2863//2889 2925//2890 2748//2833
f 2926//2834 2748//2833 2925//2890
f 2805//2841 2807//2891 2864//2892
f 2865//2893 2864//2892 2807//2891
f 2807//2891 2808//2894 2866//2895
f 2807//2891 2805//2841 2806//2842
f 2807//2891 2806//2842 2759//2843
f 2759//2843 2760//2837 2808//2894
f 2807//2891 2759//2843 2808//2894
f 2808//2894 2760//2837 2809//2896
f 2808//2894 2809//2896 2867//2897
f 2867//2897 2809//2896 2931//2898
f 2809//2896 2760//2837 2761//2839
f 2809//2896 2761//2839 2868//2899
f 2868//2899 2761//2839 2810//2844
f 2931//2898 2809//2896 2868//2899
f 2881//2900 2811//2846 2812//2849
f 2805//2841 2864//2892 2872//2840
f 2755//2793 2872//2840 2873//2901
f 2709//2697 2662//2700 2816//2902
f 2813//2903 2765//2795 2709//2697
f 2813//2903 2709//2697 2816//2902
f 2765//2795 2813//2903 2883//2851
f 2883//2851 2813//2903 2816//2902
f 2814//2850 2881//2900 2886//2848
f 2811//2846 2881//2900 2814//2850
f 2817//2853 2769//2796 2886//2848
f 2662//2700 2770//2749 2815//2904
f 2714//2798 2823//2858 2819//2905
f 2662//2700 2815//2904 2816//2902
f 2770//2749 2714//2798 2819//2905
f 2815//2904 2770//2749 2819//2905
f 2888//2906 2817//2853 2887//2907
f 2888//2906 2818//2855 2817//2853
f 2817//2853 2886//2848 2887//2907
f 2771//2852 2817//2853 2818//2855
f 2820//2908 2819//2905 2823//2858
f 2819//2905 2820//2908 2889//2909
f 2888//2906 2821//2910 2818//2855
f 2773//2856 2822//2857 2821//2910
f 2773//2856 2821//2910 2824//2800
f 2822//2857 2818//2855 2821//2910
f 2820//2908 2823//2858 2946//2911
f 2946//2911 2823//2858 2774//2799
f 2829//2860 2824//2800 2952//2912
f 2826//2864 2778//2802 2827//2862
f 2828//2859 2826//2864 2893//2913
f 2826//2864 2827//2862 2893//2913
f 2830//2861 2829//2860 2955//2914
f 2781//2805 2775//2803 2830//2861
f 2895//2915 2781//2805 2830//2861
f 2896//2916 2897//2865 2781//2805
f 2895//2915 2896//2916 2781//2805
f 2897//2865 2959//2917 2783//2806
f 2892//2918 2722//2756 2783//2806
f 2722//2756 2892//2918 2831//2866
f 2831//2866 2723//2807 2722//2756
f 2776//2808 2832//2919 2825//2863
f 2831//2866 2832//2919 2776//2808
f 2892//2918 2832//2919 2831//2866
f 2832//2919 2827//2862 2825//2863
f 2893//2913 2827//2862 2960//2920
f 2838//2869 2833//2870 2901//2921
f 2833//2870 2900//2922 2901//2921
f 2833//2870 2838//2869 2784//2811
f 2833//2870 2834//2871 2899//2923
f 2899//2923 2834//2871 2902//2924
f 2899//2923 2900//2922 2833//2870
f 2786//2812 2835//2925 2834//2871
f 2902//2924 2834//2871 2835//2925
f 2902//2924 2835//2925 2904//2926
f 2836//2927 2792//2815 2837//2868
f 2786//2812 2787//2814 2835//2925
f 2787//2814 2790//2816 2835//2925
f 2790//2816 2904//2926 2835//2925
f 2790//2816 2905//2928 2904//2926
f 2840//2872 2792//2815 2836//2927
f 2790//2816 2841//2874 2906//2929
f 2906//2929 2841//2874 2908//2930
f 2909//2931 2908//2930 2842//2877
f 2909//2931 2842//2877 2843//2876
f 2907//2932 2845//2725 2839//2724
f 2841//2874 2842//2877 2908//2930
f 2910//2933 2843//2876 2844//2934
f 2910//2933 2844//2934 2915//2935
f 2911//2936 2851//2937 2849//2880
f 2844//2934 2843//2876 2846//2818
f 2847//2938 2844//2934 2846//2818
f 2915//2935 2844//2934 2847//2938
f 2915//2935 2847//2938 2848//2939
f 2851//2937 2850//2882 2849//2880
f 2918//2940 2850//2882 2851//2937
f 2918//2940 2858//2885 2850//2882
f 2918//2940 2919//2941 2858//2885
f 2854//2942 2852//2826 2853//2887
f 2922//2943 2923//2944 2853//2887
f 2743//2778 2922//2943 2853//2887
f 2923//2944 2854//2942 2853//2887
f 2743//2778 2859//2945 2922//2943
f 2847//2938 2846//2818 2855//2878
f 2855//2878 2797//2879 2856//2946
f 2847//2938 2855//2878 2856//2946
f 2848//2939 2847//2938 2856//2946
f 2795//2825 2856//2946 2797//2879
f 2856//2946 2795//2825 2857//2947
f 2857//2947 2795//2825 2852//2826
f 2857//2947 2848//2939 2856//2946
f 2854//2942 2857//2947 2852//2826
f 2858//2885 2919//2941 2739//2823
f 2859//2945 2743//2778 2742//2835
f 2804//2832 2803//2831 2860//2886
f 2861//2888 2804//2832 2862//2948
f 2863//2889 2861//2888 2862//2948
f 2920//2949 2863//2889 2862//2948
f 2862//2948 2804//2832 2920//2949
f 2925//2890 2863//2889 2920//2949
f 2807//2891 2866//2895 2865//2893
f 2865//2893 2866//2895 2929//2950
f 2929//2950 2866//2895 2867//2897
f 2808//2894 2867//2897 2866//2895
f 2934//2951 2810//2844 2763//2742
f 2768//2790 2875//2952 2812//2849
f 2768//2790 2755//2793 2869//2953
f 2869//2953 2875//2952 2768//2790
f 2755//2793 2873//2901 2869//2953
f 2869//2953 2878//2954 2875//2952
f 2873//2901 2871//2955 2869//2953
f 2870//2956 2871//2955 2873//2901
f 2871//2955 2878//2954 2869//2953
f 2873//2901 2872//2840 2870//2956
f 2874//2957 2864//2892 2865//2893
f 2870//2956 2872//2840 2874//2957
f 2874//2957 2872//2840 2864//2892
f 3042//2958 2870//2956 2874//2957
f 3042//2958 2874//2957 2927//2959
f 2764//2845 3047//2960 2763//2742
f 3047//2960 2764//2845 2883//2851
f 2877//2961 2881//2900 2876//2962
f 2875//2952 2876//2962 2881//2900
f 2877//2961 2876//2962 2936//2963
f 2878//2954 2879//2964 2875//2952
f 2879//2964 2936//2963 2876//2962
f 2875//2952 2879//2964 2876//2962
f 2880//2965 2879//2964 2878//2954
f 2880//2965 2878//2954 2871//2955
f 2812//2849 2875//2952 2881//2900
f 2881//2900 2877//2961 2886//2848
f 2815//2904 2884//2966 2816//2902
f 2815//2904 2819//2905 2882//2967
f 2882//2967 2884//2966 2815//2904
f 2884//2966 2882//2967 2989//2968
f 2883//2851 2816//2902 2884//2966
f 2885//2969 2886//2848 2877//2961
f 2887//2907 2886//2848 2885//2969
f 2891//2970 2887//2907 2885//2969
f 2885//2969 2877//2961 2940//2971
f 2885//2969 2940//2971 2891//2970
f 2940//2971 2877//2961 2936//2963
f 2888//2906 2887//2907 2891//2970
f 2890//2972 2888//2906 2891//2970
f 2889//2909 2882//2967 2819//2905
f 2889//2909 2820//2908 2944//2973
f 2889//2909 2944//2973 2882//2967
f 2989//2968 2882//2967 2944//2973
f 2821//2910 2888//2906 2890//2972
f 2949//2974 2821//2910 2890//2972
f 2946//2911 2774//2799 2828//2859
f 2946//2911 2828//2859 2995//2975
f 2946//2911 2944//2973 2820//2908
f 2824//2800 2821//2910 2949//2974
f 2828//2859 2893//2913 2953//2976
f 2949//2974 2952//2912 2824//2800
f 2950//2977 2952//2912 2949//2974
f 2955//2914 2894//2978 2830//2861
f 2894//2978 2895//2915 2830//2861
f 2827//2862 2832//2919 2960//2920
f 2832//2919 2892//2918 2960//2920
f 2894//2978 2956//2979 2895//2915
f 2956//2979 2958//2980 2895//2915
f 2895//2915 2958//2980 2896//2916
f 2897//2865 2896//2916 2958//2980
f 2959//2917 2892//2918 2783//2806
f 2836//2927 2837//2868 2965//2981
f 2901//2921 2898//2982 2838//2869
f 2837//2868 2838//2869 2898//2982
f 2965//2981 2837//2868 2898//2982
f 2964//2983 2900//2922 2899//2923
f 2901//2921 2900//2922 2964//2983
f 2836//2927 3018//2984 2840//2872
f 2903//2985 2902//2924 2904//2926
f 3020//2986 2905//2928 2968//2987
f 2839//2724 2791//2762 2840//2872
f 2790//2816 2906//2929 2905//2928
f 2968//2987 2905//2928 2906//2929
f 2906//2929 2908//2930 2968//2987
f 2908//2930 2969//2988 2968//2987
f 2910//2933 2909//2931 2843//2876
f 2908//2930 2909//2931 2969//2988
f 2909//2931 2970//2989 2969//2988
f 2970//2989 2909//2931 2910//2933
f 3110//2990 2970//2989 2910//2933
f 2911//2936 2849//2880 2913//2991
f 2913//2991 2849//2880 2845//2725
f 2913//2991 2845//2725 2907//2932
f 2914//2992 2913//2991 2907//2932
f 2914//2992 2911//2936 2913//2991
f 2972//2993 2915//2935 2917//2994
f 2918//2940 2851//2937 2911//2936
f 2912//2995 2918//2940 2911//2936
f 2918//2940 2912//2995 2919//2941
f 2916//2996 2857//2947 2854//2942
f 2916//2996 2854//2942 2923//2944
f 2917//2994 2915//2935 2848//2939
f 2917//2994 2848//2939 2857//2947
f 2916//2996 2917//2994 2857//2947
f 2973//2997 2739//2823 2919//2941
f 2973//2997 2974//2884 2739//2823
f 2801//2828 2974//2884 2860//2886
f 2860//2886 2976//2998 2804//2832
f 2980//2999 2926//2834 2925//2890
f 2926//2834 2921//3000 2859//2945
f 2922//2943 2859//2945 2921//3000
f 2979//3001 2921//3000 2980//2999
f 2980//2999 2921//3000 2926//2834
f 2924//3002 2923//2944 2922//2943
f 2924//3002 3032//3003 2923//2944
f 2922//2943 2921//3000 2924//3002
f 2979//3001 3032//3003 2924//3002
f 2921//3000 2979//3001 2924//3002
f 2742//2835 2926//2834 2859//2945
f 2928//3004 3042//2958 2927//2959
f 2927//2959 2874//2957 2865//2893
f 2927//2959 2865//2893 2928//3004
f 2929//2950 2867//2897 2931//2898
f 2865//2893 2929//2950 2928//3004
f 2928//3004 2929//2950 2930//3005
f 2929//2950 2931//2898 2930//3005
f 2932//3006 2931//2898 2868//2899
f 2930//3005 2931//2898 2932//3006
f 2982//3007 2930//3005 2932//3006
f 2933//3008 2868//2899 2810//2844
f 2933//3008 2932//3006 2868//2899
f 2810//2844 2934//2951 2933//3008
f 2763//2742 3047//2960 2934//2951
f 2937//3009 2879//2964 2880//2965
f 2871//2955 2937//3009 2880//2965
f 2935//3010 2936//2963 2879//2964
f 2985//3011 2937//3009 2871//2955
f 2937//3009 2935//3010 2879//2964
f 2939//3012 2936//2963 2935//3010
f 2936//2963 2938//3013 2940//2971
f 2983//3014 2935//3010 2937//3009
f 2983//3014 2939//3012 2935//3010
f 2870//2956 2985//3011 2871//2955
f 2936//2963 2939//3012 2938//3013
f 3041//3015 2870//2956 3042//2958
f 2985//3011 2870//2956 3041//3015
f 3056//3016 2884//2966 2989//2968
f 2883//2851 2884//2966 3056//3016
f 2938//3013 2939//3012 2987//3017
f 2988//3018 2987//3017 2939//3012
f 2938//3013 2941//3019 2940//2971
f 2989//2968 2944//2973 3063//3020
f 2943//3021 2891//2970 2941//3019
f 2943//3021 2942//3022 2948//3023
f 2991//3024 2941//3019 2938//3013
f 2942//3022 2941//3019 2991//3024
f 2941//3019 2942//3022 2943//3021
f 2891//2970 2943//3021 2948//3023
f 2890//2972 2891//2970 2948//3023
f 2940//2971 2941//3019 2891//2970
f 2944//2973 2946//2911 2945//3025
f 2947//3026 2948//3023 2942//3022
f 2951//3027 2948//3023 2947//3026
f 2993//3028 2942//3022 2991//3024
f 2942//3022 2993//3028 2947//3026
f 2949//2974 2890//2972 2948//3023
f 2951//3027 2949//2974 2948//3023
f 2828//2859 2953//2976 2995//2975
f 2951//3027 2947//3026 2999//3029
f 2950//2977 2949//2974 2951//3027
f 2953//2976 2893//2913 2954//3030
f 2995//2975 2953//2976 3001//3031
f 3001//3031 2954//3030 3004//3032
f 3001//3031 2953//2976 2954//3030
f 2955//2914 2952//2912 3007//3033
f 2952//2912 2955//2914 2829//2860
f 2894//2978 2957//3034 2956//2979
f 2957//3034 2961//3035 2956//2979
f 2957//3034 2894//2978 2955//2914
f 2957//3034 2955//2914 3008//3036
f 2961//3035 2958//2980 2956//2979
f 3002//3037 2893//2913 2960//2920
f 2954//3030 2893//2913 3002//3037
f 3009//3038 2961//3035 2957//3034
f 3008//3036 3009//3038 2957//3034
f 2958//2980 3011//3039 2897//2865
f 3010//3040 2958//2980 2961//3035
f 3011//3039 2958//2980 3010//3040
f 2897//2865 3011//3039 2959//2917
f 2901//2921 2964//2983 2962//3041
f 2962//3041 2963//3042 2901//2921
f 2965//2981 3019//3043 3018//2984
f 2965//2981 3016//3044 3019//3043
f 2901//2921 2963//3042 2898//2982
f 2898//2982 2963//3042 3016//3044
f 2965//2981 2898//2982 3016//3044
f 2902//2924 2903//2985 3017//3045
f 3098//3046 2839//2724 3097//3047
f 2836//2927 2965//2981 3018//2984
f 2903//2985 2904//2926 2966//3048
f 2966//3048 2904//2926 2905//2928
f 2905//2928 2967//3049 2966//3048
f 2905//2928 3020//2986 2967//3049
f 3020//2986 2968//2987 3021//3050
f 2839//2724 3100//3051 2907//2932
f 3100//3051 2839//2724 3098//3046
f 3021//3050 2968//2987 2969//2988
f 3021//3050 2969//2988 2970//2989
f 3022//3052 3021//3050 2970//2989
f 3022//3052 2970//2989 3110//2990
f 3023//3053 2914//2992 2907//2932
f 3023//3053 2911//2936 2914//2992
f 3023//3053 2907//2932 3100//3051
f 3106//3054 3023//3053 3100//3051
f 3023//3053 2912//2995 2911//2936
f 2919//2941 2912//2995 3026//3055
f 3110//2990 2910//2933 2915//2935
f 3110//2990 2915//2935 2972//2993
f 3105//3056 3110//2990 2972//2993
f 2974//2884 3036//3057 2975//3058
f 3036//3057 2974//2884 3027//3059
f 3040//3060 3032//3003 2979//3001
f 3031//3061 2923//2944 3032//3003
f 2916//2996 2971//3062 2972//2993
f 2972//2993 2917//2994 2916//2996
f 2923//2944 2971//3062 2916//2996
f 2974//2884 2975//3058 2860//2886
f 2975//3058 3036//3057 3037//3063
f 2860//2886 2975//3058 3037//3063
f 3037//3063 2976//2998 2860//2886
f 2976//2998 2977//3064 2804//2832
f 2920//2949 2977//3064 3038//3065
f 2925//2890 2920//2949 2978//3066
f 2920//2949 3038//3065 3120//3067
f 2978//3066 2920//2949 3120//3067
f 2925//2890 2978//3066 2980//2999
f 2980//2999 3040//3060 2979//3001
f 3040//3060 2980//2999 3039//3068
f 2920//2949 2804//2832 2977//3064
f 2928//3004 2981//3069 3131//3070
f 3043//3071 2981//3069 2982//3007
f 2928//3004 2930//3005 2981//3069
f 2981//3069 2930//3005 2982//3007
f 2933//3008 3045//3072 2932//3006
f 3125//3073 3045//3072 2933//3008
f 2934//2951 3125//3073 2933//3008
f 2988//3018 2939//3012 2983//3014
f 2984//3074 2988//3018 2983//3014
f 2984//3074 3041//3015 3053//3075
f 2985//3011 2983//3014 2937//3009
f 2984//3074 2983//3014 2985//3011
f 3041//3015 2984//3074 2985//3011
f 3045//3072 2982//3007 2932//3006
f 3046//3076 3125//3073 2934//2951
f 2934//2951 3047//2960 3046//3076
f 3054//3077 2986//3078 2988//3018
f 3048//3079 2987//3017 2986//3078
f 2988//3018 2986//3078 2987//3017
f 2984//3074 3054//3077 2988//3018
f 3063//3020 2944//2973 2945//3025
f 2993//3028 2991//3024 2990//3080
f 2990//3080 2991//3024 2987//3017
f 2990//3080 3064//3081 2993//3028
f 2938//3013 2987//3017 2991//3024
f 2992//3082 3063//3020 2945//3025
f 3064//3081 3066//3083 2993//3028
f 3067//3084 2993//3028 3066//3083
f 2993//3028 3067//3084 2994//3085
f 2994//3085 3067//3084 3074//3086
f 2947//3026 2993//3028 2994//3085
f 3074//3086 2947//3026 2994//3085
f 2947//3026 3074//3086 2999//3029
f 2996//3087 2946//2911 2995//2975
f 2945//3025 2996//3087 2992//3082
f 2945//3025 2946//2911 2996//3087
f 2996//3087 2995//2975 2997//3088
f 2999//3029 3074//3086 3073//3089
f 2999//3029 2998//3090 2951//3027
f 2998//3090 2999//3029 3080//3091
f 2998//3090 3080//3091 2950//2977
f 2950//2977 2951//3027 2998//3090
f 3000//3092 3077//3093 2997//3088
f 2997//3088 3001//3031 3000//3092
f 2997//3088 2995//2975 3001//3031
f 2952//2912 2950//2977 3007//3033
f 3007//3033 2950//2977 3080//3091
f 3004//3032 2954//3030 3002//3037
f 2892//2918 3003//3094 2960//2920
f 3001//3031 3004//3032 3000//3092
f 2960//2920 3005//3095 3002//3037
f 3005//3095 2960//2920 3003//3094
f 3082//3096 3004//3032 3002//3037
f 3007//3033 3006//3097 2955//2914
f 3008//3036 2955//2914 3006//3097
f 2959//2917 3011//3039 3012//3098
f 3012//3098 3011//3039 3086//3099
f 2959//2917 3012//3098 2892//2918
f 3012//3098 3003//3094 2892//2918
f 3163//3100 3009//3038 3008//3036
f 3009//3038 3163//3100 2961//3035
f 2963//3042 2962//3041 3089//3101
f 2962//3041 3014//3102 3089//3101
f 3014//3102 2962//3041 3013//3103
f 3015//3104 3090//3105 3013//3103
f 3016//3044 3088//3106 3019//3043
f 3088//3106 3016//3044 3089//3101
f 3091//3107 3019//3043 3088//3106
f 3089//3101 3016//3044 2963//3042
f 3013//3103 2962//3041 2964//2983
f 2899//2923 3013//3103 2964//2983
f 3015//3104 3013//3103 2899//2923
f 3015//3104 2899//2923 2902//2924
f 3015//3104 2902//2924 3017//3045
f 2903//2985 3093//3108 3017//3045
f 3093//3108 2903//2985 2966//3048
f 2966//3048 2967//3049 3093//3108
f 3094//3109 2967//3049 3020//2986
f 3093//3108 2967//3049 3094//3109
f 3095//3110 3094//3109 3020//2986
f 3097//3047 2839//2724 2840//2872
f 3097//3047 2840//2872 3018//2984
f 3095//3110 3020//2986 3021//3050
f 3103//3111 3021//3050 3022//3052
f 3110//2990 3103//3111 3022//3052
f 3111//3112 3105//3056 2971//3062
f 3106//3054 3107//3113 3025//3114
f 3109//3115 3025//3114 3107//3113
f 3109//3115 3026//3055 3025//3114
f 3113//3116 3027//3059 3026//3055
f 3109//3115 3113//3116 3026//3055
f 3035//3117 3111//3112 2971//3062
f 3025//3114 3023//3053 3106//3054
f 2919//2941 3026//3055 3024//3118
f 2919//2941 3024//3118 2973//2997
f 3025//3114 2912//2995 3023//3053
f 3025//3114 3026//3055 2912//2995
f 3024//3118 3026//3055 3027//3059
f 3036//3057 3114//3119 3028//3120
f 2976//2998 3028//3120 3119//3121
f 3030//3122 3029//3123 3039//3068
f 3031//3061 3033//3124 3035//3117
f 3031//3061 3035//3117 2923//2944
f 3033//3124 3031//3061 3032//3003
f 3033//3124 3032//3003 3034//3125
f 3034//3125 3032//3003 3040//3060
f 3118//3126 3033//3124 3034//3125
f 2971//3062 3105//3056 2972//2993
f 2923//2944 3035//3117 2971//3062
f 3024//3118 2974//2884 2973//2997
f 2974//2884 3024//3118 3027//3059
f 3037//3063 3036//3057 3028//3120
f 3037//3063 3028//3120 2976//2998
f 2976//2998 3119//3121 2977//3064
f 2977//3064 3119//3121 3038//3065
f 2978//3066 3120//3067 3030//3122
f 2980//2999 3030//3122 3039//3068
f 2980//2999 2978//3066 3030//3122
f 3029//3123 3040//3060 3039//3068
f 3042//2958 2928//3004 3131//3070
f 3131//3070 2981//3069 3132//3127
f 2981//3069 3044//3128 3132//3127
f 2981//3069 3043//3071 3044//3128
f 3043//3071 2982//3007 3124//3129
f 3045//3072 3124//3129 2982//3007
f 3134//3130 3125//3073 3046//3076
f 3048//3079 3057//3131 2987//3017
f 3049//3132 3057//3131 3048//3079
f 3049//3132 3058//3133 3057//3131
f 3050//3134 3049//3132 3048//3079
f 3051//3135 3058//3133 3049//3132
f 3050//3134 3051//3135 3049//3132
f 3052//3136 3051//3135 3050//3134
f 3053//3075 3052//3136 3050//3134
f 3053//3075 3127//3137 3052//3136
f 2986//3078 3054//3077 3048//3079
f 2984//3074 3053//3075 3054//3077
f 3050//3134 3048//3079 3054//3077
f 3053//3075 3050//3134 3054//3077
f 3041//3015 3126//3138 3053//3075
f 3135//3139 3047//2960 3055//3140
f 3055//3140 3047//2960 2883//2851
f 3055//3140 3136//3141 3135//3139
f 2883//2851 3056//3016 3055//3140
f 2989//2968 3144//3142 3056//3016
f 3136//3141 3055//3140 3056//3016
f 3145//3143 3144//3142 2989//2968
f 3137//3144 3060//3145 3061//3146
f 3060//3145 3137//3144 3069//3147
f 2990//3080 2987//3017 3059//3148
f 3059//3148 3057//3131 3058//3133
f 3057//3131 3059//3148 2987//3017
f 3065//3149 2990//3080 3059//3148
f 3058//3133 3060//3145 3059//3148
f 3059//3148 3060//3145 3065//3149
f 3065//3149 3069//3147 3066//3083
f 3060//3145 3069//3147 3065//3149
f 3058//3133 3061//3146 3060//3145
f 3058//3133 3051//3135 3062//3150
f 3061//3146 3058//3133 3062//3150
f 3052//3136 3062//3150 3051//3135
f 3063//3020 2992//3082 3072//3151
f 3145//3143 2989//2968 3063//3020
f 3072//3151 3145//3143 3063//3020
f 3064//3081 2990//3080 3065//3149
f 3066//3083 3064//3081 3065//3149
f 3067//3084 3066//3083 3068//3152
f 3074//3086 3067//3084 3075//3153
f 3068//3152 3066//3083 3069//3147
f 3067//3084 3068//3152 3075//3153
f 3068//3152 3151//3154 3075//3153
f 2992//3082 2996//3087 3072//3151
f 2996//3087 2997//3088 3071//3155
f 2997//3088 3077//3093 3071//3155
f 2996//3087 3070//3156 3072//3151
f 2996//3087 3071//3155 3070//3156
f 3070//3156 3071//3155 3072//3151
f 3071//3155 3147//3157 3072//3151
f 3075//3153 3151//3154 3152//3158
f 3075//3153 3152//3158 3076//3159
f 3073//3089 3076//3159 3153//3160
f 3076//3159 3152//3158 3153//3160
f 3076//3159 3074//3086 3075//3153
f 3073//3089 3074//3086 3076//3159
f 3079//3161 2999//3029 3073//3089
f 3077//3093 3000//3092 3078//3162
f 3071//3155 3077//3093 3078//3162
f 3079//3161 3080//3091 2999//3029
f 3081//3163 3082//3096 3236//3164
f 3156//3165 3078//3162 3081//3163
f 3081//3163 3000//3092 3004//3032
f 3081//3163 3004//3032 3082//3096
f 3000//3092 3081//3163 3078//3162
f 3158//3166 3080//3091 3079//3161
f 3080//3091 3158//3166 3007//3033
f 3006//3097 3007//3033 3159//3167
f 3086//3099 3083//3168 3012//3098
f 3012//3098 3083//3168 3003//3094
f 3083//3168 3085//3169 3003//3094
f 3084//3170 3002//3037 3005//3095
f 3082//3096 3002//3037 3084//3170
f 3003//3094 3085//3169 3005//3095
f 3235//3171 3082//3096 3084//3170
f 3085//3169 3084//3170 3005//3095
f 2961//3035 3163//3100 3164//3172
f 3164//3172 3163//3100 3247//3173
f 3010//3040 2961//3035 3164//3172
f 3010//3040 3165//3174 3011//3039
f 3165//3174 3086//3099 3011//3039
f 3086//3099 3166//3175 3083//3168
f 3083//3168 3166//3175 3085//3169
f 3089//3101 3087//3176 3169//3177
f 3087//3176 3014//3102 3090//3105
f 3087//3176 3089//3101 3014//3102
f 3090//3105 3015//3104 3170//3178
f 3015//3104 3171//3179 3170//3178
f 3089//3101 3168//3180 3088//3106
f 3089//3101 3169//3177 3168//3180
f 3014//3102 3013//3103 3090//3105
f 3171//3179 3015//3104 3017//3045
f 3171//3179 3017//3045 3093//3108
f 3093//3108 3173//3181 3318//3182
f 3173//3181 3093//3108 3092//3183
f 3093//3108 3094//3109 3092//3183
f 3177//3184 3092//3183 3096//3185
f 3173//3181 3092//3183 3177//3184
f 3177//3184 3096//3185 3178//3186
f 3091//3107 3018//2984 3019//3043
f 3092//3183 3094//3109 3096//3185
f 3096//3185 3094//3109 3095//3110
f 3095//3110 3178//3186 3096//3185
f 3099//3187 3178//3186 3095//3110
f 3174//3188 3018//2984 3091//3107
f 3174//3188 3097//3047 3018//2984
f 3099//3187 3095//3110 3102//3189
f 3180//3190 3100//3051 3098//3046
f 3101//3191 3103//3111 3110//2990
f 3182//3192 3103//3111 3101//3191
f 3186//3193 3101//3191 3110//2990
f 3186//3193 3110//2990 3105//3056
f 3095//3110 3021//3050 3102//3189
f 3099//3187 3102//3189 3103//3111
f 3103//3111 3102//3189 3021//3050
f 3182//3192 3099//3187 3103//3111
f 3187//3194 3108//3195 3104//3196
f 3328//3197 3105//3056 3111//3112
f 3192//3198 3111//3112 3033//3124
f 3106//3054 3100//3051 3104//3196
f 3108//3195 3106//3054 3104//3196
f 3108//3195 3107//3113 3106//3054
f 3194//3199 3107//3113 3108//3195
f 3109//3115 3107//3113 3194//3199
f 3193//3200 3113//3116 3109//3115
f 3189//3201 3194//3199 3108//3195
f 3194//3199 3195//3202 3109//3115
f 3118//3126 3191//3203 3033//3124
f 3035//3117 3033//3124 3111//3112
f 3193//3200 3112//3204 3027//3059
f 3113//3116 3193//3200 3027//3059
f 3112//3204 3272//3205 3114//3119
f 3272//3205 3115//3206 3114//3119
f 3116//3207 3199//3208 3119//3121
f 3201//3209 3122//3210 3119//3121
f 3122//3210 3203//3211 3121//3212
f 3117//3213 3121//3212 3203//3211
f 3117//3213 3034//3125 3029//3123
f 3034//3125 3191//3203 3118//3126
f 3027//3059 3112//3204 3036//3057
f 3112//3204 3114//3119 3036//3057
f 3115//3206 3116//3207 3028//3120
f 3114//3119 3115//3206 3028//3120
f 3028//3120 3116//3207 3119//3121
f 3122//3210 3038//3065 3119//3121
f 3122//3210 3121//3212 3120//3067
f 3030//3122 3120//3067 3121//3212
f 3120//3067 3038//3065 3122//3210
f 3117//3213 3030//3122 3121//3212
f 3030//3122 3117//3213 3029//3123
f 3040//3060 3029//3123 3034//3125
f 3044//3128 3123//3214 3133//3215
f 3133//3215 3132//3127 3044//3128
f 3043//3071 3124//3129 3123//3214
f 3043//3071 3123//3214 3044//3128
f 3124//3129 3045//3072 3207//3216
f 3208//3217 3125//3073 3134//3130
f 3126//3138 3127//3137 3053//3075
f 3128//3218 3127//3137 3126//3138
f 3052//3136 3127//3137 3143//3219
f 3126//3138 3129//3220 3128//3218
f 3129//3220 3126//3138 3130//3221
f 3126//3138 3041//3015 3130//3221
f 3041//3015 3042//2958 3130//3221
f 3127//3137 3128//3218 3143//3219
f 3210//3222 3128//3218 3129//3220
f 3128//3218 3142//3223 3143//3219
f 3142//3223 3128//3218 3210//3222
f 3042//2958 3131//3070 3130//3221
f 3131//3070 3204//3224 3130//3221
f 3132//3127 3206//3225 3131//3070
f 3206//3225 3132//3127 3133//3215
f 3133//3215 3123//3214 3276//3226
f 3123//3214 3124//3129 3278//3227
f 3278//3227 3124//3129 3277//3228
f 3277//3228 3124//3129 3207//3216
f 3207//3216 3045//3072 3125//3073
f 3134//3130 3046//3076 3135//3139
f 3209//3229 3208//3217 3134//3130
f 3135//3139 3209//3229 3134//3130
f 3217//3230 3136//3141 3056//3016
f 3217//3230 3056//3016 3144//3142
f 3046//3076 3047//2960 3135//3139
f 3215//3231 3135//3139 3136//3141
f 3138//3232 3061//3146 3062//3150
f 3138//3232 3137//3144 3061//3146
f 3139//3233 3062//3150 3143//3219
f 3139//3233 3138//3232 3062//3150
f 3140//3234 3137//3144 3138//3232
f 3139//3233 3219//3235 3138//3232
f 3219//3235 3140//3234 3138//3232
f 3143//3219 3142//3223 3141//3236
f 3141//3236 3139//3233 3143//3219
f 3141//3236 3222//3237 3139//3233
f 3222//3237 3219//3235 3139//3233
f 3222//3237 3141//3236 3221//3238
f 3143//3219 3062//3150 3052//3136
f 3137//3144 3140//3234 3218//3239
f 3224//3240 3146//3241 3218//3239
f 3146//3241 3224//3240 3149//3242
f 3069//3147 3146//3241 3068//3152
f 3068//3152 3146//3241 3151//3154
f 3137//3144 3146//3241 3069//3147
f 3137//3144 3218//3239 3146//3241
f 3147//3157 3287//3243 3145//3143
f 3145//3143 3072//3151 3147//3157
f 3150//3244 3148//3245 3149//3242
f 3150//3244 3149//3242 3225//3246
f 3151//3154 3146//3241 3148//3245
f 3233//3247 3073//3089 3153//3160
f 3146//3241 3149//3242 3148//3245
f 3151//3154 3148//3245 3152//3158
f 3148//3245 3150//3244 3152//3158
f 3153//3160 3150//3244 3231//3248
f 3152//3158 3150//3244 3153//3160
f 3233//3247 3153//3160 3231//3248
f 3147//3157 3071//3155 3154//3249
f 3154//3249 3078//3162 3292//3250
f 3154//3249 3071//3155 3078//3162
f 3233//3247 3295//3251 3073//3089
f 3155//3252 3079//3161 3073//3089
f 3295//3251 3155//3252 3073//3089
f 3156//3165 3081//3163 3236//3164
f 3156//3165 3234//3253 3078//3162
f 3157//3254 3158//3166 3079//3161
f 3236//3164 3082//3096 3235//3171
f 3156//3165 3236//3164 3234//3253
f 3007//3033 3158//3166 3159//3167
f 3162//3255 3008//3036 3006//3097
f 3162//3255 3006//3097 3159//3167
f 3161//3256 3158//3166 3157//3254
f 3161//3256 3159//3167 3158//3166
f 3085//3169 3239//3257 3084//3170
f 3085//3169 3166//3175 3239//3257
f 3160//3258 3235//3171 3084//3170
f 3160//3258 3084//3170 3239//3257
f 3239//3257 3240//3259 3160//3258
f 3160//3258 3240//3259 3235//3171
f 3162//3255 3159//3167 3161//3256
f 3238//3260 3163//3100 3008//3036
f 3245//3261 3161//3256 3157//3254
f 3245//3261 3162//3255 3161//3256
f 3238//3260 3008//3036 3162//3255
f 3238//3260 3246//3262 3163//3100
f 3247//3173 3248//3263 3164//3172
f 3248//3263 3249//3264 3164//3172
f 3165//3174 3010//3040 3164//3172
f 3165//3174 3164//3172 3249//3264
f 3165//3174 3249//3264 3086//3099
f 3253//3265 3169//3177 3255//3266
f 3087//3176 3090//3105 3167//3267
f 3170//3178 3256//3268 3167//3267
f 3170//3178 3252//3269 3256//3268
f 3257//3270 3168//3180 3315//3271
f 3168//3180 3169//3177 3253//3265
f 3168//3180 3253//3265 3315//3271
f 3255//3266 3169//3177 3087//3176
f 3167//3267 3090//3105 3170//3178
f 3252//3269 3170//3178 3171//3179
f 3176//3272 3172//3273 3258//3274
f 3088//3106 3168//3180 3257//3270
f 3171//3179 3093//3108 3318//3182
f 3252//3269 3171//3179 3317//3275
f 3318//3182 3317//3275 3171//3179
f 3177//3184 3318//3182 3173//3181
f 3091//3107 3088//3106 3172//3273
f 3088//3106 3257//3270 3172//3273
f 3172//3273 3174//3188 3091//3107
f 3097//3047 3174//3188 3175//3276
f 3174//3188 3172//3273 3176//3272
f 3259//3277 3097//3047 3175//3276
f 3259//3277 3175//3276 3176//3272
f 3176//3272 3175//3276 3174//3188
f 3324//3278 3177//3184 3178//3186
f 3260//3279 3324//3278 3179//3280
f 3097//3047 3259//3277 3098//3046
f 3262//3281 3180//3190 3098//3046
f 3262//3281 3098//3046 3259//3277
f 3180//3190 3262//3281 3261//3282
f 3182//3192 3178//3186 3099//3187
f 3324//3278 3178//3186 3179//3280
f 3179//3280 3178//3186 3182//3192
f 3179//3280 3182//3192 3184//3283
f 3183//3284 3182//3192 3101//3191
f 3181//3285 3183//3284 3186//3193
f 3184//3283 3183//3284 3181//3285
f 3184//3283 3182//3192 3183//3284
f 3327//3286 3184//3283 3181//3285
f 3180//3190 3187//3194 3100//3051
f 3185//3287 3187//3194 3180//3190
f 3185//3287 3190//3288 3189//3201
f 3185//3287 3189//3201 3187//3194
f 3185//3287 3267//3289 3266//3290
f 3190//3288 3185//3287 3266//3290
f 3196//3291 3190//3288 3266//3290
f 3181//3285 3186//3193 3105//3056
f 3183//3284 3101//3191 3186//3193
f 3181//3285 3105//3056 3328//3197
f 3191//3203 3263//3292 3192//3198
f 3187//3194 3104//3196 3100//3051
f 3189//3201 3108//3195 3187//3194
f 3194//3199 3189//3201 3188//3293
f 3189//3201 3190//3288 3188//3293
f 3190//3288 3196//3291 3188//3293
f 3197//3294 3269//3295 3272//3205
f 3273//3296 3200//3297 3198//3298
f 3274//3299 3275//3300 3200//3297
f 3191//3203 3034//3125 3271//3301
f 3191//3203 3192//3198 3033//3124
f 3328//3197 3111//3112 3263//3292
f 3192//3198 3263//3292 3111//3112
f 3194//3199 3188//3293 3195//3202
f 3195//3202 3196//3291 3109//3115
f 3193//3200 3197//3294 3112//3204
f 3195//3202 3188//3293 3196//3291
f 3109//3115 3196//3291 3193//3200
f 3196//3291 3197//3294 3193//3200
f 3197//3294 3272//3205 3112//3204
f 3272//3205 3198//3298 3115//3206
f 3198//3298 3272//3205 3273//3296
f 3198//3298 3200//3297 3199//3208
f 3200//3297 3275//3300 3199//3208
f 3199//3208 3115//3206 3198//3298
f 3275//3300 3201//3209 3199//3208
f 3275//3300 3202//3302 3201//3209
f 3117//3213 3203//3211 3362//3303
f 3203//3211 3202//3302 3362//3303
f 3199//3208 3116//3207 3115//3206
f 3119//3121 3199//3208 3201//3209
f 3202//3302 3122//3210 3201//3209
f 3203//3211 3122//3210 3202//3302
f 3129//3220 3130//3221 3214//3304
f 3130//3221 3204//3224 3214//3304
f 3204//3224 3131//3070 3205//3305
f 3205//3305 3131//3070 3206//3225
f 3206//3225 3133//3215 3276//3226
f 3276//3226 3123//3214 3278//3227
f 3125//3073 3208//3217 3207//3216
f 3280//3306 3277//3228 3207//3216
f 3208//3217 3280//3306 3207//3216
f 3283//3307 3280//3306 3208//3217
f 3209//3229 3135//3139 3215//3231
f 3212//3308 3213//3309 3286//3310
f 3142//3223 3210//3222 3212//3308
f 3212//3308 3141//3236 3142//3223
f 3141//3236 3212//3308 3221//3238
f 3212//3308 3210//3222 3211//3311
f 3211//3311 3210//3222 3214//3304
f 3214//3304 3279//3312 3211//3311
f 3212//3308 3211//3311 3213//3309
f 3211//3311 3369//3313 3213//3309
f 3369//3313 3211//3311 3279//3312
f 3213//3309 3369//3313 3286//3310
f 3214//3304 3210//3222 3129//3220
f 3214//3304 3204//3224 3205//3305
f 3279//3312 3214//3304 3205//3305
f 3283//3307 3208//3217 3281//3314
f 3281//3314 3208//3217 3209//3229
f 3217//3230 3215//3231 3136//3141
f 3216//3315 3215//3231 3217//3230
f 3144//3142 3287//3243 3217//3230
f 3215//3231 3284//3316 3209//3229
f 3284//3316 3215//3231 3216//3315
f 3285//3317 3216//3315 3217//3230
f 3285//3317 3284//3316 3216//3315
f 3285//3317 3217//3230 3287//3243
f 3144//3142 3145//3143 3287//3243
f 3288//3318 3220//3319 3289//3320
f 3219//3235 3218//3239 3140//3234
f 3220//3319 3218//3239 3219//3235
f 3218//3239 3220//3319 3224//3240
f 3222//3237 3223//3321 3219//3235
f 3223//3321 3220//3319 3219//3235
f 3221//3238 3212//3308 3286//3310
f 3289//3320 3220//3319 3223//3321
f 3287//3243 3147//3157 3228//3322
f 3227//3323 3226//3324 3229//3325
f 3288//3318 3226//3324 3220//3319
f 3226//3324 3293//3326 3229//3325
f 3150//3244 3225//3246 3230//3327
f 3231//3248 3150//3244 3230//3327
f 3149//3242 3224//3240 3226//3324
f 3226//3324 3225//3246 3149//3242
f 3227//3323 3225//3246 3226//3324
f 3230//3327 3225//3246 3227//3323
f 3220//3319 3226//3324 3224//3240
f 3230//3327 3227//3323 3232//3328
f 3154//3249 3228//3322 3147//3157
f 3292//3250 3228//3322 3154//3249
f 3231//3248 3232//3328 3383//3329
f 3231//3248 3230//3327 3232//3328
f 3232//3328 3227//3323 3229//3325
f 3294//3330 3233//3247 3231//3248
f 3294//3330 3231//3248 3383//3329
f 3296//3331 3155//3252 3295//3251
f 3078//3162 3234//3253 3292//3250
f 3296//3331 3388//3332 3079//3161
f 3079//3161 3155//3252 3296//3331
f 3388//3332 3157//3254 3079//3161
f 3234//3253 3236//3164 3237//3333
f 3157//3254 3388//3332 3299//3334
f 3235//3171 3240//3259 3243//3335
f 3243//3335 3244//3336 3235//3171
f 3244//3336 3236//3164 3235//3171
f 3237//3333 3236//3164 3244//3336
f 3393//3337 3237//3333 3244//3336
f 3157//3254 3299//3334 3245//3261
f 3301//3338 3238//3260 3162//3255
f 3301//3338 3162//3255 3245//3261
f 3250//3339 3166//3175 3086//3099
f 3249//3264 3250//3339 3086//3099
f 3239//3257 3241//3340 3240//3259
f 3240//3259 3241//3340 3242//3341
f 3250//3339 3304//3342 3166//3175
f 3166//3175 3304//3342 3239//3257
f 3307//3343 3243//3335 3242//3341
f 3241//3340 3305//3344 3242//3341
f 3307//3343 3242//3341 3305//3344
f 3243//3335 3240//3259 3242//3341
f 3301//3338 3245//3261 3395//3345
f 3309//3346 3246//3262 3238//3260
f 3238//3260 3301//3338 3309//3346
f 3309//3346 3301//3338 3311//3347
f 3246//3262 3247//3173 3163//3100
f 3309//3346 3247//3173 3246//3262
f 3310//3348 3249//3264 3248//3263
f 3251//3349 3087//3176 3254//3350
f 3251//3349 3253//3265 3255//3266
f 3251//3349 3255//3266 3087//3176
f 3167//3267 3254//3350 3087//3176
f 3313//3351 3167//3267 3256//3268
f 3313//3351 3256//3268 3252//3269
f 3257//3270 3315//3271 3258//3274
f 3318//3182 3177//3184 3320//3352
f 3258//3274 3172//3273 3257//3270
f 3323//3353 3177//3184 3324//3278
f 3259//3277 3176//3272 3258//3274
f 3325//3354 3324//3278 3260//3279
f 3184//3283 3325//3354 3260//3279
f 3419//3355 3262//3281 3259//3277
f 3184//3283 3260//3279 3179//3280
f 3332//3356 3261//3282 3262//3281
f 3330//3357 3261//3282 3332//3356
f 3261//3282 3185//3287 3180//3190
f 3264//3358 3185//3287 3261//3282
f 3264//3358 3267//3289 3185//3287
f 3330//3357 3264//3358 3261//3282
f 3265//3359 3267//3289 3264//3358
f 3355//3360 3264//3358 3330//3357
f 3265//3359 3264//3358 3355//3360
f 3355//3360 3356//3361 3265//3359
f 3268//3362 3358//3363 3269//3295
f 3358//3363 3359//3364 3269//3295
f 3191//3203 3354//3365 3263//3292
f 3328//3197 3327//3286 3181//3285
f 3196//3291 3266//3290 3268//3362
f 3267//3289 3265//3359 3266//3290
f 3265//3359 3268//3362 3266//3290
f 3269//3295 3359//3364 3270//3366
f 3438//3367 3360//3368 3274//3299
f 3360//3368 3361//3369 3275//3300
f 3202//3302 3361//3369 3362//3303
f 3197//3294 3196//3291 3268//3362
f 3268//3362 3269//3295 3197//3294
f 3200//3297 3273//3296 3274//3299
f 3269//3295 3270//3366 3272//3205
f 3272//3205 3270//3366 3273//3296
f 3273//3296 3270//3366 3438//3367
f 3273//3296 3438//3367 3274//3299
f 3274//3299 3360//3368 3275//3300
f 3275//3300 3361//3369 3202//3302
f 3034//3125 3363//3370 3271//3301
f 3117//3213 3363//3370 3034//3125
f 3117//3213 3362//3303 3363//3370
f 3365//3371 3278//3227 3277//3228
f 3205//3305 3206//3225 3364//3372
f 3364//3372 3206//3225 3276//3226
f 3278//3227 3365//3371 3276//3226
f 3277//3228 3366//3373 3365//3371
f 3367//3374 3280//3306 3283//3307
f 3280//3306 3366//3373 3277//3228
f 3367//3374 3366//3373 3280//3306
f 3281//3314 3209//3229 3284//3316
f 3281//3314 3282//3375 3283//3307
f 3282//3375 3281//3314 3284//3316
f 3285//3317 3282//3375 3284//3316
f 3372//3376 3282//3375 3285//3317
f 3282//3375 3372//3376 3283//3307
f 3222//3237 3290//3377 3223//3321
f 3290//3377 3289//3320 3223//3321
f 3222//3237 3291//3378 3290//3377
f 3222//3237 3221//3238 3291//3378
f 3221//3238 3286//3310 3369//3313
f 3369//3313 3279//3312 3370//3379
f 3285//3317 3287//3243 3374//3380
f 3287//3243 3376//3381 3374//3380
f 3373//3382 3372//3376 3285//3317
f 3285//3317 3374//3380 3373//3382
f 3228//3322 3292//3250 3287//3243
f 3464//3383 3288//3318 3289//3320
f 3288//3318 3293//3326 3226//3324
f 3378//3384 3464//3383 3289//3320
f 3464//3383 3293//3326 3288//3318
f 3290//3377 3378//3384 3289//3320
f 3290//3377 3291//3378 3381//3385
f 3381//3385 3378//3384 3290//3377
f 3232//3328 3229//3325 3383//3329
f 3384//3386 3229//3325 3293//3326
f 3384//3386 3383//3329 3229//3325
f 3294//3330 3295//3251 3233//3247
f 3298//3387 3295//3251 3294//3330
f 3297//3388 3296//3331 3295//3251
f 3298//3387 3297//3388 3295//3251
f 3489//3389 3234//3253 3237//3333
f 3234//3253 3386//3390 3292//3250
f 3387//3391 3296//3331 3297//3388
f 3387//3391 3297//3388 3298//3387
f 3489//3389 3237//3333 3393//3337
f 3244//3336 3243//3335 3306//3392
f 3306//3392 3243//3335 3307//3343
f 3300//3393 3244//3336 3306//3392
f 3393//3337 3244//3336 3300//3393
f 3299//3334 3308//3394 3245//3261
f 3395//3345 3245//3261 3308//3394
f 3250//3339 3249//3264 3302//3395
f 3310//3348 3302//3395 3249//3264
f 3304//3342 3303//3396 3239//3257
f 3239//3257 3303//3396 3241//3340
f 3250//3339 3302//3395 3304//3342
f 3305//3344 3303//3396 3304//3342
f 3241//3340 3303//3396 3305//3344
f 3300//3393 3306//3392 3392//3397
f 3395//3345 3311//3347 3301//3338
f 3309//3346 3311//3347 3247//3173
f 3398//3398 3310//3348 3247//3173
f 3248//3263 3247//3173 3310//3348
f 3403//3399 3302//3395 3310//3348
f 3403//3399 3396//3400 3302//3395
f 3396//3400 3304//3342 3302//3395
f 3304//3342 3396//3400 3305//3344
f 3398//3398 3247//3173 3311//3347
f 3398//3398 3403//3399 3310//3348
f 3407//3401 3312//3402 3313//3351
f 3251//3349 3254//3350 3404//3403
f 3314//3404 3313//3351 3252//3269
f 3407//3401 3313//3351 3314//3404
f 3314//3404 3511//3405 3407//3401
f 3511//3405 3314//3404 3410//3406
f 3315//3271 3253//3265 3408//3407
f 3404//3403 3408//3407 3251//3349
f 3313//3351 3312//3402 3167//3267
f 3254//3350 3167//3267 3312//3402
f 3252//3269 3317//3275 3314//3404
f 3314//3404 3317//3275 3410//3406
f 3251//3349 3408//3407 3253//3265
f 3317//3275 3318//3182 3410//3406
f 3318//3182 3414//3408 3410//3406
f 3414//3408 3318//3182 3320//3352
f 3320//3352 3322//3409 3414//3408
f 3415//3410 3414//3408 3322//3409
f 3416//3411 3415//3410 3322//3409
f 3316//3412 3258//3274 3315//3271
f 3316//3412 3259//3277 3258//3274
f 3319//3413 3259//3277 3316//3412
f 3321//3414 3320//3352 3323//3353
f 3320//3352 3321//3414 3322//3409
f 3322//3409 3321//3414 3417//3415
f 3416//3411 3322//3409 3417//3415
f 3419//3355 3259//3277 3319//3413
f 3320//3352 3177//3184 3323//3353
f 3417//3415 3323//3353 3324//3278
f 3321//3414 3323//3353 3417//3415
f 3325//3354 3417//3415 3324//3278
f 3421//3416 3418//3417 3325//3354
f 3325//3354 3184//3283 3326//3418
f 3326//3418 3421//3416 3325//3354
f 3327//3286 3421//3416 3326//3418
f 3263//3292 3329//3419 3433//3420
f 3326//3418 3184//3283 3327//3286
f 3328//3197 3263//3292 3433//3420
f 3327//3286 3328//3197 3426//3421
f 3426//3421 3328//3197 3433//3420
f 3426//3421 3422//3422 3327//3286
f 3341//3423 3336//3424 3428//3425
f 3427//3426 3341//3423 3428//3425
f 3336//3424 3332//3356 3262//3281
f 3428//3425 3336//3424 3262//3281
f 3419//3355 3428//3425 3262//3281
f 3353//3427 3437//3428 3354//3365
f 3354//3365 3329//3419 3263//3292
f 3437//3428 3329//3419 3354//3365
f 3333//3429 3331//3430 3330//3357
f 3333//3429 3330//3357 3332//3356
f 3331//3430 3355//3360 3330//3357
f 3334//3431 3331//3430 3333//3429
f 3355//3360 3331//3430 3335//3432
f 3335//3432 3356//3361 3355//3360
f 3337//3433 3333//3429 3332//3356
f 3337//3433 3338//3434 3333//3429
f 3338//3434 3334//3431 3333//3429
f 3339//3435 3334//3431 3338//3434
f 3331//3430 3334//3431 3335//3432
f 3334//3431 3339//3435 3335//3432
f 3335//3432 3340//3436 3356//3361
f 3341//3423 3332//3356 3336//3424
f 3341//3423 3342//3437 3332//3356
f 3342//3437 3337//3433 3332//3356
f 3342//3437 3343//3438 3337//3433
f 3343//3438 3338//3434 3337//3433
f 3339//3435 3338//3434 3344//3439
f 3344//3439 3340//3436 3339//3435
f 3335//3432 3339//3435 3340//3436
f 3427//3426 3345//3440 3341//3423
f 3345//3440 3342//3437 3341//3423
f 3344//3439 3338//3434 3343//3438
f 3343//3438 3348//3441 3344//3439
f 3344//3439 3347//3442 3340//3436
f 3344//3439 3348//3441 3347//3442
f 3345//3440 3427//3426 3429//3443
f 3429//3443 3346//3444 3345//3440
f 3342//3437 3345//3440 3343//3438
f 3345//3440 3346//3444 3343//3438
f 3343//3438 3346//3444 3348//3441
f 3429//3443 3435//3445 3346//3444
f 3348//3441 3346//3444 3435//3445
f 3347//3442 3349//3446 3358//3363
f 3347//3442 3358//3363 3340//3436
f 3349//3446 3359//3364 3358//3363
f 3347//3442 3348//3441 3349//3446
f 3349//3446 3431//3447 3359//3364
f 3431//3447 3350//3448 3359//3364
f 3348//3441 3435//3445 3349//3446
f 3363//3370 3351//3449 3352//3450
f 3351//3449 3353//3427 3352//3450
f 3351//3449 3442//3451 3353//3427
f 3353//3427 3354//3365 3352//3450
f 3268//3362 3356//3361 3357//3452
f 3265//3359 3356//3361 3268//3362
f 3357//3452 3358//3363 3268//3362
f 3357//3452 3356//3361 3340//3436
f 3357//3452 3340//3436 3358//3363
f 3359//3364 3350//3448 3270//3366
f 3270//3366 3350//3448 3438//3367
f 3362//3303 3361//3369 3440//3453
f 3441//3454 3362//3303 3440//3453
f 3362//3303 3351//3449 3363//3370
f 3352//3450 3354//3365 3191//3203
f 3191//3203 3271//3301 3352//3450
f 3363//3370 3352//3450 3271//3301
f 3276//3226 3365//3371 3364//3372
f 3447//3455 3364//3372 3365//3371
f 3365//3371 3448//3456 3447//3455
f 3366//3373 3448//3456 3365//3371
f 3371//3457 3366//3373 3367//3374
f 3368//3458 3367//3374 3283//3307
f 3221//3238 3369//3313 3377//3459
f 3279//3312 3456//3460 3370//3379
f 3444//3461 3205//3305 3364//3372
f 3451//3462 3371//3457 3450//3463
f 3371//3457 3367//3374 3368//3458
f 3452//3464 3368//3458 3372//3376
f 3368//3458 3450//3463 3371//3457
f 3450//3463 3368//3458 3452//3464
f 3368//3458 3283//3307 3372//3376
f 3373//3382 3375//3465 3372//3376
f 3375//3465 3373//3382 3374//3380
f 3374//3380 3376//3381 3375//3465
f 3377//3459 3291//3378 3221//3238
f 3291//3378 3379//3466 3381//3385
f 3379//3466 3291//3378 3377//3459
f 3377//3459 3380//3467 3379//3466
f 3380//3467 3377//3459 3369//3313
f 3379//3466 3453//3468 3381//3385
f 3380//3467 3369//3313 3370//3379
f 3292//3250 3376//3381 3287//3243
f 3292//3250 3461//3469 3376//3381
f 3376//3381 3461//3469 3459//3470
f 3376//3381 3459//3470 3375//3465
f 3378//3384 3465//3471 3464//3383
f 3293//3326 3464//3383 3382//3472
f 3384//3386 3293//3326 3382//3472
f 3382//3472 3473//3473 3384//3386
f 3473//3473 3382//3472 3464//3383
f 3385//3474 3384//3386 3473//3473
f 3386//3390 3461//3469 3292//3250
f 3384//3386 3385//3474 3383//3329
f 3294//3330 3481//3475 3482//3476
f 3478//3477 3383//3329 3385//3474
f 3383//3329 3478//3477 3481//3475
f 3481//3475 3294//3330 3383//3329
f 3294//3330 3488//3478 3298//3387
f 3386//3390 3234//3253 3489//3389
f 3298//3387 3488//3478 3387//3391
f 3387//3391 3488//3478 3492//3479
f 3488//3478 3294//3330 3482//3476
f 3491//3480 3389//3481 3387//3391
f 3389//3481 3390//3482 3388//3332
f 3296//3331 3389//3481 3388//3332
f 3387//3391 3389//3481 3296//3331
f 3389//3481 3491//3480 3390//3482
f 3489//3389 3393//3337 3709//3483
f 3299//3334 3391//3484 3308//3394
f 3388//3332 3390//3482 3299//3334
f 3299//3334 3390//3482 3391//3484
f 3709//3483 3393//3337 3392//3397
f 3393//3337 3300//3393 3392//3397
f 3497//3485 3306//3392 3307//3343
f 3306//3392 3497//3485 3392//3397
f 3390//3482 3394//3486 3391//3484
f 3391//3484 3394//3486 3308//3394
f 3397//3487 3308//3394 3394//3486
f 3397//3487 3395//3345 3308//3394
f 3305//3344 3494//3488 3307//3343
f 3401//3489 3395//3345 3397//3487
f 3402//3490 3311//3347 3395//3345
f 3402//3490 3395//3345 3401//3489
f 3311//3347 3402//3490 3507//3491
f 3311//3347 3507//3491 3398//3398
f 3396//3400 3400//3492 3305//3344
f 3396//3400 3403//3399 3399//3493
f 3396//3400 3501//3494 3400//3492
f 3399//3493 3501//3494 3396//3400
f 3400//3492 3494//3488 3305//3344
f 3401//3489 3505//3495 3402//3490
f 3402//3490 3505//3495 3507//3491
f 3499//3496 3399//3493 3403//3399
f 3405//3497 3406//3498 3509//3499
f 3635//3500 3509//3499 3406//3498
f 3409//3501 3408//3407 3510//3502
f 3408//3407 3404//3403 3510//3502
f 3405//3497 3254//3350 3406//3498
f 3406//3498 3254//3350 3312//3402
f 3410//3406 3643//3503 3511//3405
f 3638//3504 3315//3271 3409//3501
f 3315//3271 3408//3407 3409//3501
f 3254//3350 3405//3497 3404//3403
f 3407//3401 3406//3498 3312//3402
f 3643//3503 3410//3406 3411//3505
f 3643//3503 3411//3505 3412//3506
f 3316//3412 3315//3271 3638//3504
f 3411//3505 3410//3406 3414//3408
f 3412//3506 3411//3505 3414//3408
f 3414//3408 3413//3507 3412//3506
f 3513//3508 3412//3506 3413//3507
f 3513//3508 3413//3507 3415//3410
f 3516//3509 3319//3413 3512//3510
f 3413//3507 3414//3408 3415//3410
f 3514//3511 3415//3410 3416//3411
f 3319//3413 3316//3412 3733//3512
f 3512//3510 3319//3413 3733//3512
f 3420//3513 3319//3413 3516//3509
f 3517//3514 3417//3415 3418//3417
f 3517//3514 3416//3411 3417//3415
f 3418//3417 3417//3415 3325//3354
f 3521//3515 3527//3516 3421//3416
f 3527//3516 3418//3417 3421//3416
f 3420//3513 3419//3355 3319//3413
f 3424//3517 3423//3518 3419//3355
f 3529//3519 3419//3355 3420//3513
f 3424//3517 3419//3355 3529//3519
f 3529//3519 3541//3520 3424//3517
f 3421//3416 3327//3286 3422//3422
f 3421//3416 3422//3422 3521//3515
f 3426//3421 3521//3515 3422//3422
f 3528//3521 3521//3515 3426//3421
f 3426//3421 3434//3522 3528//3521
f 3423//3518 3428//3425 3419//3355
f 3425//3523 3428//3425 3423//3518
f 3540//3524 3430//3525 3425//3523
f 3430//3525 3428//3425 3425//3523
f 3424//3517 3425//3523 3423//3518
f 3541//3520 3542//3526 3424//3517
f 3542//3526 3425//3523 3424//3517
f 3540//3524 3552//3527 3430//3525
f 3430//3525 3427//3426 3428//3425
f 3429//3443 3427//3426 3430//3525
f 3429//3443 3431//3447 3435//3445
f 3429//3443 3430//3525 3552//3527
f 3429//3443 3553//3528 3431//3447
f 3553//3528 3554//3529 3431//3447
f 3429//3443 3552//3527 3553//3528
f 3555//3530 3563//3531 3350//3448
f 3436//3532 3442//3451 3561//3533
f 3434//3522 3432//3534 3539//3535
f 3561//3533 3432//3534 3436//3532
f 3329//3419 3434//3522 3433//3420
f 3434//3522 3329//3419 3437//3428
f 3432//3534 3434//3522 3437//3428
f 3434//3522 3426//3421 3433//3420
f 3435//3445 3431//3447 3349//3446
f 3554//3529 3350//3448 3431//3447
f 3563//3531 3564//3536 3439//3537
f 3440//3453 3559//3538 3560//3539
f 3437//3428 3353//3427 3436//3532
f 3436//3532 3432//3534 3437//3428
f 3438//3367 3350//3448 3563//3531
f 3360//3368 3438//3367 3439//3537
f 3361//3369 3360//3368 3439//3537
f 3438//3367 3563//3531 3439//3537
f 3439//3537 3440//3453 3361//3369
f 3441//3454 3351//3449 3362//3303
f 3351//3449 3441//3454 3442//3451
f 3441//3454 3440//3453 3560//3539
f 3441//3454 3560//3539 3442//3451
f 3442//3451 3436//3532 3353//3427
f 3456//3460 3279//3312 3443//3540
f 3279//3312 3205//3305 3443//3540
f 3205//3305 3572//3541 3443//3540
f 3205//3305 3444//3461 3572//3541
f 3572//3541 3444//3461 3445//3542
f 3445//3542 3444//3461 3446//3543
f 3444//3461 3364//3372 3447//3455
f 3444//3461 3447//3455 3449//3544
f 3446//3543 3444//3461 3449//3544
f 3449//3544 3447//3455 3448//3456
f 3451//3462 3448//3456 3366//3373
f 3449//3544 3566//3545 3446//3543
f 3448//3456 3566//3545 3449//3544
f 3366//3373 3371//3457 3451//3462
f 3450//3463 3581//3546 3451//3462
f 3581//3546 3450//3463 3457//3547
f 3458//3548 3452//3464 3372//3376
f 3375//3465 3458//3548 3372//3376
f 3452//3464 3457//3547 3450//3463
f 3453//3468 3380//3467 3454//3549
f 3453//3468 3379//3466 3380//3467
f 3380//3467 3455//3550 3454//3549
f 3454//3549 3455//3550 3587//3551
f 3380//3467 3370//3379 3455//3550
f 3370//3379 3456//3460 3455//3550
f 3455//3550 3456//3460 3567//3552
f 3587//3551 3455//3550 3568//3553
f 3459//3470 3458//3548 3375//3465
f 3461//3469 3460//3554 3459//3470
f 3460//3554 3463//3555 3458//3548
f 3459//3470 3460//3554 3458//3548
f 3462//3556 3457//3547 3452//3464
f 3588//3557 3460//3554 3461//3469
f 3458//3548 3462//3556 3452//3464
f 3463//3555 3462//3556 3458//3548
f 3460//3554 3588//3557 3463//3555
f 3584//3558 3462//3556 3463//3555
f 3381//3385 3465//3471 3378//3384
f 3468//3559 3464//3383 3465//3471
f 3381//3385 3466//3560 3465//3471
f 3453//3468 3466//3560 3381//3385
f 3465//3471 3466//3560 3467//3561
f 3467//3561 3468//3559 3465//3471
f 3453//3468 3454//3549 3469//3562
f 3469//3562 3466//3560 3453//3468
f 3466//3560 3470//3563 3467//3561
f 3469//3562 3470//3563 3466//3560
f 3470//3563 3471//3564 3467//3561
f 3471//3564 3468//3559 3467//3561
f 3470//3563 3469//3562 3472//3565
f 3471//3564 3470//3563 3472//3565
f 3471//3564 3476//3566 3468//3559
f 3471//3564 3472//3565 3591//3567
f 3476//3566 3471//3564 3591//3567
f 3469//3562 3586//3568 3472//3565
f 3454//3549 3586//3568 3469//3562
f 3593//3569 3590//3570 3461//3469
f 3473//3473 3464//3383 3474//3571
f 3479//3572 3473//3473 3474//3571
f 3473//3473 3479//3572 3385//3474
f 3464//3383 3475//3573 3474//3571
f 3464//3383 3468//3559 3475//3573
f 3476//3566 3475//3573 3468//3559
f 3594//3574 3479//3572 3474//3571
f 3475//3573 3594//3574 3474//3571
f 3595//3575 3594//3574 3475//3573
f 3477//3576 3594//3574 3604//3577
f 3478//3477 3385//3474 3480//3578
f 3480//3578 3385//3474 3479//3572
f 3480//3578 3483//3579 3478//3477
f 3477//3576 3483//3579 3480//3578
f 3594//3574 3477//3576 3479//3572
f 3477//3576 3480//3578 3479//3572
f 3477//3576 3604//3577 3487//3580
f 3485//3581 3482//3476 3481//3475
f 3483//3579 3484//3582 3478//3477
f 3481//3475 3478//3477 3484//3582
f 3486//3583 3481//3475 3484//3582
f 3485//3581 3481//3475 3486//3583
f 3488//3478 3482//3476 3485//3581
f 3477//3576 3487//3580 3483//3579
f 3484//3582 3483//3579 3487//3580
f 3613//3584 3484//3582 3487//3580
f 3484//3582 3613//3584 3486//3583
f 3613//3584 3487//3580 3606//3585
f 3487//3580 3605//3586 3606//3585
f 3488//3478 3490//3587 3492//3479
f 3485//3581 3490//3587 3488//3478
f 3492//3479 3491//3480 3387//3391
f 3491//3480 3493//3588 3390//3482
f 3491//3480 3492//3479 3620//3589
f 3492//3479 3490//3587 3620//3589
f 3491//3480 3620//3589 3493//3588
f 3390//3482 3493//3588 3394//3486
f 3493//3588 3498//3590 3394//3486
f 3495//3591 3497//3485 3307//3343
f 3709//3483 3392//3397 3623//3592
f 3623//3592 3392//3397 3497//3485
f 3498//3590 3493//3588 3621//3593
f 3397//3487 3394//3486 3498//3590
f 3397//3487 3504//3594 3401//3489
f 3397//3487 3498//3590 3504//3594
f 3496//3595 3400//3492 3503//3596
f 3307//3343 3494//3488 3495//3591
f 3496//3595 3495//3591 3494//3488
f 3494//3488 3400//3492 3496//3595
f 3497//3485 3495//3591 3496//3595
f 3500//3597 3403//3399 3398//3398
f 3403//3399 3500//3597 3499//3496
f 3499//3496 3500//3597 3502//3598
f 3499//3496 3501//3494 3399//3493
f 3501//3494 3503//3596 3400//3492
f 3502//3598 3501//3494 3499//3496
f 3503//3596 3501//3494 3625//3599
f 3625//3599 3501//3494 3502//3598
f 3505//3495 3401//3489 3504//3594
f 3505//3495 3506//3600 3507//3491
f 3398//3398 3507//3491 3500//3597
f 3500//3597 3507//3491 3508//3601
f 3630//3602 3625//3599 3502//3598
f 3508//3601 3507//3491 3506//3600
f 3731//3603 3638//3504 3510//3502
f 3731//3603 3510//3502 3404//3403
f 3404//3403 3509//3499 3731//3603
f 3641//3604 3511//3405 3643//3503
f 3316//3412 3639//3605 3640//3606
f 3733//3512 3316//3412 3640//3606
f 3405//3497 3509//3499 3404//3403
f 3638//3504 3409//3501 3510//3502
f 3639//3605 3316//3412 3638//3504
f 3645//3607 3512//3510 3733//3512
f 3644//3608 3412//3506 3513//3508
f 3644//3608 3513//3508 3514//3511
f 3512//3510 3744//3609 3516//3509
f 3415//3410 3514//3511 3513//3508
f 3515//3610 3514//3511 3416//3411
f 3646//3611 3520//3612 3521//3515
f 3646//3611 3521//3515 3528//3521
f 3515//3610 3416//3411 3517//3514
f 3518//3613 3515//3610 3517//3514
f 3518//3613 3517//3514 3519//3614
f 3738//3615 3515//3610 3518//3613
f 3520//3612 3519//3614 3521//3515
f 3520//3612 3518//3613 3519//3614
f 3646//3611 3738//3615 3520//3612
f 3738//3615 3518//3613 3520//3612
f 3519//3614 3517//3514 3418//3417
f 3519//3614 3418//3417 3527//3516
f 3519//3614 3527//3516 3521//3515
f 3523//3616 3522//3617 3420//3513
f 3523//3616 3524//3618 3522//3617
f 3524//3618 3533//3619 3522//3617
f 3525//3620 3523//3616 3420//3513
f 3525//3620 3420//3513 3516//3509
f 3653//3621 3523//3616 3525//3620
f 3524//3618 3523//3616 3653//3621
f 3536//3622 3524//3618 3648//3623
f 3648//3623 3654//3624 3536//3622
f 3526//3625 3539//3535 3754//3626
f 3522//3617 3529//3519 3420//3513
f 3541//3520 3529//3519 3530//3627
f 3522//3617 3530//3627 3529//3519
f 3543//3628 3541//3520 3530//3627
f 3543//3628 3531//3629 3532//3630
f 3543//3628 3530//3627 3531//3629
f 3533//3619 3530//3627 3522//3617
f 3533//3619 3534//3631 3530//3627
f 3531//3629 3530//3627 3534//3631
f 3534//3631 3535//3632 3531//3629
f 3532//3630 3531//3629 3535//3632
f 3532//3630 3535//3632 3548//3633
f 3536//3622 3534//3631 3533//3619
f 3536//3622 3535//3632 3534//3631
f 3537//3634 3548//3633 3535//3632
f 3524//3618 3536//3622 3533//3619
f 3536//3622 3537//3634 3535//3632
f 3537//3634 3538//3635 3548//3633
f 3547//3636 3548//3633 3538//3635
f 3538//3635 3549//3637 3547//3636
f 3549//3637 3538//3635 3661//3638
f 3536//3622 3654//3624 3537//3634
f 3537//3634 3660//3639 3538//3635
f 3660//3639 3661//3638 3538//3635
f 3664//3640 3561//3533 3562//3641
f 3666//3642 3561//3533 3664//3640
f 3666//3642 3539//3535 3561//3533
f 3434//3522 3526//3625 3754//3626
f 3539//3535 3526//3625 3434//3522
f 3754//3626 3528//3521 3434//3522
f 3544//3643 3425//3523 3542//3526
f 3425//3523 3544//3643 3540//3524
f 3543//3628 3542//3526 3541//3520
f 3544//3643 3546//3644 3545//3645
f 3540//3524 3545//3645 3552//3527
f 3540//3524 3544//3643 3545//3645
f 3542//3526 3543//3628 3544//3643
f 3532//3630 3546//3644 3544//3643
f 3543//3628 3532//3630 3544//3643
f 3546//3644 3548//3633 3545//3645
f 3545//3645 3547//3636 3552//3527
f 3547//3636 3553//3528 3552//3527
f 3553//3528 3547//3636 3549//3637
f 3546//3644 3532//3630 3548//3633
f 3545//3645 3548//3633 3547//3636
f 3549//3637 3550//3646 3555//3530
f 3550//3646 3556//3647 3555//3530
f 3550//3646 3667//3648 3556//3647
f 3556//3647 3667//3648 3557//3649
f 3667//3648 3662//3650 3557//3649
f 3559//3538 3551//3651 3668//3652
f 3668//3652 3562//3641 3560//3539
f 3561//3533 3539//3535 3432//3534
f 3549//3637 3554//3529 3553//3528
f 3554//3529 3549//3637 3555//3530
f 3555//3530 3350//3448 3554//3529
f 3556//3647 3563//3531 3555//3530
f 3564//3536 3563//3531 3556//3647
f 3556//3647 3557//3649 3564//3536
f 3440//3453 3439//3537 3558//3653
f 3559//3538 3440//3453 3558//3653
f 3551//3651 3558//3653 3557//3649
f 3559//3538 3558//3653 3551//3651
f 3559//3538 3668//3652 3560//3539
f 3442//3451 3562//3641 3561//3533
f 3560//3539 3562//3641 3442//3451
f 3557//3649 3558//3653 3564//3536
f 3558//3653 3439//3537 3564//3536
f 3445//3542 3565//3654 3572//3541
f 3576//3655 3445//3542 3446//3543
f 3578//3656 3576//3655 3446//3543
f 3566//3545 3578//3656 3446//3543
f 3566//3545 3448//3456 3451//3462
f 3566//3545 3451//3462 3579//3657
f 3581//3546 3579//3657 3451//3462
f 3579//3657 3580//3658 3566//3545
f 3455//3550 3567//3552 3568//3553
f 3567//3552 3571//3659 3569//3660
f 3568//3553 3567//3552 3569//3660
f 3443//3540 3570//3661 3456//3460
f 3443//3540 3572//3541 3570//3661
f 3456//3460 3570//3661 3571//3659
f 3570//3661 3574//3662 3571//3659
f 3567//3552 3456//3460 3571//3659
f 3571//3659 3574//3662 3669//3663
f 3569//3660 3571//3659 3669//3663
f 3572//3541 3573//3664 3570//3661
f 3573//3664 3574//3662 3570//3661
f 3572//3541 3565//3654 3573//3664
f 3573//3664 3575//3665 3574//3662
f 3573//3664 3565//3654 3575//3665
f 3574//3662 3575//3665 3669//3663
f 3565//3654 3445//3542 3576//3655
f 3577//3666 3565//3654 3576//3655
f 3576//3655 3671//3667 3577//3666
f 3565//3654 3577//3666 3575//3665
f 3578//3656 3566//3545 3580//3658
f 3576//3655 3578//3656 3671//3667
f 3578//3656 3580//3658 3671//3667
f 3579//3657 3673//3668 3580//3658
f 3673//3668 3579//3657 3582//3669
f 3581//3546 3582//3669 3579//3657
f 3583//3670 3582//3669 3581//3546
f 3457//3547 3583//3670 3581//3546
f 3584//3558 3457//3547 3462//3556
f 3463//3555 3589//3671 3584//3558
f 3583//3670 3457//3547 3584//3558
f 3472//3565 3586//3568 3585//3672
f 3591//3567 3472//3565 3585//3672
f 3586//3568 3454//3549 3587//3551
f 3586//3568 3587//3551 3688//3673
f 3586//3568 3688//3673 3585//3672
f 3587//3551 3568//3553 3674//3674
f 3688//3673 3587//3551 3674//3674
f 3568//3553 3569//3660 3675//3675
f 3674//3674 3568//3553 3675//3675
f 3589//3671 3590//3570 3691//3676
f 3590//3570 3588//3557 3461//3469
f 3463//3555 3588//3557 3589//3671
f 3590//3570 3589//3671 3588//3557
f 3593//3569 3699//3677 3590//3570
f 3591//3567 3597//3678 3476//3566
f 3597//3678 3592//3679 3697//3680
f 3585//3672 3684//3681 3591//3567
f 3592//3679 3597//3678 3591//3567
f 3592//3679 3591//3567 3684//3681
f 3697//3680 3592//3679 3684//3681
f 3461//3469 3386//3390 3593//3569
f 3476//3566 3595//3575 3475//3573
f 3595//3575 3596//3682 3594//3574
f 3608//3683 3594//3574 3596//3682
f 3608//3683 3604//3577 3594//3574
f 3598//3684 3595//3575 3476//3566
f 3598//3684 3596//3682 3595//3575
f 3476//3566 3597//3678 3598//3684
f 3599//3685 3596//3682 3598//3684
f 3608//3683 3599//3685 3611//3686
f 3596//3682 3599//3685 3608//3683
f 3601//3687 3599//3685 3598//3684
f 3601//3687 3602//3688 3599//3685
f 3602//3688 3611//3686 3599//3685
f 3602//3688 3612//3689 3611//3686
f 3597//3678 3697//3680 3600//3690
f 3600//3690 3598//3684 3597//3678
f 3601//3687 3598//3684 3600//3690
f 3692//3691 3600//3690 3697//3680
f 3600//3690 3692//3691 3693//3692
f 3693//3692 3601//3687 3600//3690
f 3693//3692 3700//3693 3601//3687
f 3700//3693 3602//3688 3601//3687
f 3700//3693 3701//3694 3602//3688
f 3701//3694 3612//3689 3602//3688
f 3603//3695 3593//3569 3386//3390
f 3487//3580 3604//3577 3605//3586
f 3607//3696 3605//3586 3604//3577
f 3606//3585 3605//3586 3610//3697
f 3608//3683 3607//3696 3604//3577
f 3607//3696 3610//3697 3605//3586
f 3614//3698 3606//3585 3610//3697
f 3609//3699 3607//3696 3608//3683
f 3609//3699 3610//3697 3607//3696
f 3609//3699 3608//3683 3611//3686
f 3612//3689 3609//3699 3611//3686
f 3610//3697 3609//3699 3612//3689
f 3614//3698 3610//3697 3704//3700
f 3610//3697 3705//3701 3704//3700
f 3701//3694 3705//3701 3612//3689
f 3705//3701 3610//3697 3612//3689
f 3606//3585 3614//3698 3613//3584
f 3489//3389 3603//3695 3386//3390
f 3616//3702 3614//3698 3617//3703
f 3614//3698 3704//3700 3617//3703
f 3617//3703 3704//3700 3707//3704
f 3615//3705 3486//3583 3613//3584
f 3485//3581 3486//3583 3615//3705
f 3615//3705 3618//3706 3485//3581
f 3616//3702 3613//3584 3614//3698
f 3618//3706 3490//3587 3485//3581
f 3616//3702 3615//3705 3613//3584
f 3616//3702 3617//3703 3615//3705
f 3708//3707 3615//3705 3617//3703
f 3615//3705 3708//3707 3618//3706
f 3620//3589 3490//3587 3619//3708
f 3619//3708 3622//3709 3620//3589
f 3618//3706 3619//3708 3490//3587
f 3622//3709 3493//3588 3620//3589
f 3621//3593 3493//3588 3622//3709
f 3624//3710 3709//3483 3623//3592
f 3621//3593 3716//3711 3498//3590
f 3498//3590 3716//3711 3717//3712
f 3625//3599 3626//3713 3503//3596
f 3627//3714 3496//3595 3503//3596
f 3626//3713 3627//3714 3503//3596
f 3496//3595 3627//3714 3497//3485
f 3624//3710 3623//3592 3497//3485
f 3713//3715 3497//3485 3627//3714
f 3624//3710 3497//3485 3713//3715
f 3624//3710 3713//3715 3812//3716
f 3498//3590 3717//3712 3504//3594
f 3628//3717 3504//3594 3717//3712
f 3505//3495 3504//3594 3628//3717
f 3502//3598 3632//3718 3630//3602
f 3626//3713 3714//3719 3627//3714
f 3716//3711 3818//3720 3717//3712
f 3628//3717 3629//3721 3505//3495
f 3629//3721 3628//3717 3633//3722
f 3629//3721 3506//3600 3505//3495
f 3508//3601 3506//3600 3634//3723
f 3633//3722 3506//3600 3629//3721
f 3500//3597 3508//3601 3631//3724
f 3500//3597 3631//3724 3632//3718
f 3502//3598 3500//3597 3632//3718
f 3626//3713 3718//3725 3714//3719
f 3625//3599 3718//3725 3626//3713
f 3630//3602 3718//3725 3625//3599
f 3719//3726 3628//3717 3717//3712
f 3633//3722 3628//3717 3719//3726
f 3634//3723 3631//3724 3508//3601
f 3724//3727 3631//3724 3634//3723
f 3633//3722 3634//3723 3506//3600
f 3633//3722 3723//3728 3634//3723
f 3729//3729 3636//3730 3637//3731
f 3728//3732 3731//3603 3509//3499
f 3728//3732 3509//3499 3726//3733
f 3636//3730 3406//3498 3637//3731
f 3730//3734 3637//3731 3511//3405
f 3640//3606 3639//3605 3844//3735
f 3635//3500 3726//3733 3509//3499
f 3636//3730 3635//3500 3406//3498
f 3637//3731 3407//3401 3511//3405
f 3406//3498 3407//3401 3637//3731
f 3643//3503 3642//3736 3641//3604
f 3642//3736 3643//3503 3734//3737
f 3732//3738 3642//3736 3735//3739
f 3642//3736 3734//3737 3735//3739
f 3412//3506 3734//3737 3643//3503
f 3412//3506 3644//3608 3734//3737
f 3736//3740 3644//3608 3514//3511
f 3737//3741 3736//3740 3515//3610
f 3645//3607 3744//3609 3512//3510
f 3736//3740 3514//3511 3515//3610
f 3737//3741 3515//3610 3738//3615
f 3753//3742 3745//3743 3646//3611
f 3744//3609 3746//3744 3516//3509
f 3753//3742 3528//3521 3754//3626
f 3646//3611 3528//3521 3753//3742
f 3646//3611 3745//3743 3738//3615
f 3647//3745 3516//3509 3746//3744
f 3647//3745 3525//3620 3516//3509
f 3653//3621 3525//3620 3647//3745
f 3746//3744 3649//3746 3647//3745
f 3649//3746 3653//3621 3647//3745
f 3649//3746 3648//3623 3653//3621
f 3650//3747 3648//3623 3649//3746
f 3651//3748 3652//3749 3655//3750
f 3652//3749 3656//3751 3655//3750
f 3648//3623 3524//3618 3653//3621
f 3537//3634 3654//3624 3655//3750
f 3661//3638 3657//3752 3549//3637
f 3648//3623 3650//3747 3654//3624
f 3655//3750 3654//3624 3651//3748
f 3655//3750 3656//3751 3661//3638
f 3661//3638 3656//3751 3657//3752
f 3654//3624 3650//3747 3651//3748
f 3757//3753 3758//3754 3667//3648
f 3888//3755 3662//3650 3758//3754
f 3666//3642 3659//3756 3539//3535
f 3537//3634 3655//3750 3660//3639
f 3655//3750 3661//3638 3660//3639
f 3549//3637 3657//3752 3550//3646
f 3757//3753 3550//3646 3657//3752
f 3550//3646 3757//3753 3667//3648
f 3662//3650 3667//3648 3758//3754
f 3662//3650 3663//3757 3668//3652
f 3658//3758 3663//3757 3662//3650
f 3658//3758 3665//3759 3663//3757
f 3659//3756 3666//3642 3665//3759
f 3664//3640 3663//3757 3665//3759
f 3664//3640 3665//3759 3666//3642
f 3658//3758 3659//3756 3665//3759
f 3551//3651 3557//3649 3662//3650
f 3668//3652 3551//3651 3662//3650
f 3663//3757 3664//3640 3668//3652
f 3664//3640 3562//3641 3668//3652
f 3669//3663 3575//3665 3678//3760
f 3678//3760 3575//3665 3670//3761
f 3577//3666 3670//3761 3575//3665
f 3670//3761 3577//3666 3671//3667
f 3670//3761 3671//3667 3679//3762
f 3673//3668 3672//3763 3580//3658
f 3672//3763 3671//3667 3580//3658
f 3679//3762 3671//3667 3672//3763
f 3675//3675 3690//3764 3674//3674
f 3569//3660 3669//3663 3677//3765
f 3675//3675 3569//3660 3676//3766
f 3760//3767 3677//3765 3678//3760
f 3676//3766 3569//3660 3677//3765
f 3759//3768 3677//3765 3760//3767
f 3759//3768 3676//3766 3677//3765
f 3678//3760 3677//3765 3669//3663
f 3760//3767 3678//3760 3762//3769
f 3670//3761 3762//3769 3678//3760
f 3679//3762 3680//3770 3670//3761
f 3680//3770 3679//3762 3764//3771
f 3764//3771 3679//3762 3672//3763
f 3764//3771 3672//3763 3765//3772
f 3673//3668 3765//3772 3672//3763
f 3681//3773 3582//3669 3682//3774
f 3681//3773 3673//3668 3582//3669
f 3776//3775 3681//3773 3682//3774
f 3765//3772 3673//3668 3681//3773
f 3765//3772 3681//3773 3776//3775
f 3775//3776 3776//3775 3682//3774
f 3682//3774 3582//3669 3583//3670
f 3682//3774 3583//3670 3683//3777
f 3584//3558 3683//3777 3583//3670
f 3682//3774 3683//3777 3775//3776
f 3589//3671 3683//3777 3584//3558
f 3691//3676 3683//3777 3589//3671
f 3585//3672 3688//3673 3685//3778
f 3684//3681 3585//3672 3685//3778
f 3698//3779 3697//3680 3684//3681
f 3686//3780 3684//3681 3685//3778
f 3684//3681 3686//3780 3698//3779
f 3685//3778 3689//3781 3687//3782
f 3685//3778 3687//3782 3686//3780
f 3685//3778 3688//3673 3689//3781
f 3688//3673 3674//3674 3689//3781
f 3690//3764 3689//3781 3674//3674
f 3687//3782 3689//3781 3766//3783
f 3777//3784 3775//3776 3683//3777
f 3786//3785 3777//3784 3683//3777
f 3683//3777 3778//3786 3786//3785
f 3778//3786 3691//3676 3590//3570
f 3699//3677 3778//3786 3590//3570
f 3778//3786 3683//3777 3691//3676
f 3692//3691 3697//3680 3694//3787
f 3695//3788 3692//3691 3694//3787
f 3695//3788 3693//3692 3692//3691
f 3695//3788 3696//3789 3693//3692
f 3693//3692 3696//3789 3700//3693
f 3695//3788 3694//3787 3779//3790
f 3696//3789 3695//3788 3779//3790
f 3789//3791 3696//3789 3779//3790
f 3697//3680 3698//3779 3694//3787
f 3698//3779 3686//3780 3780//3792
f 3698//3779 3780//3792 3779//3790
f 3694//3787 3698//3779 3779//3790
f 3603//3695 3699//3677 3593//3569
f 3701//3694 3706//3793 3705//3701
f 3696//3789 3702//3794 3700//3693
f 3703//3795 3706//3793 3701//3694
f 3702//3794 3701//3694 3700//3693
f 3703//3795 3701//3694 3702//3794
f 3702//3794 3790//3796 3703//3795
f 3702//3794 3696//3789 3789//3791
f 3789//3791 3790//3796 3702//3794
f 3699//3677 3603//3695 3798//3797
f 3489//3389 3798//3797 3603//3695
f 3704//3700 3705//3701 3707//3704
f 3798//3797 3489//3389 3797//3798
f 3797//3798 3489//3389 3709//3483
f 3707//3704 3708//3707 3617//3703
f 3806//3799 3708//3707 3707//3704
f 3797//3798 3709//3483 3801//3800
f 3808//3801 3618//3706 3708//3707
f 3619//3708 3618//3706 3808//3801
f 3808//3801 3809//3802 3619//3708
f 3712//3803 3622//3709 3619//3708
f 3712//3803 3619//3708 3809//3802
f 3709//3483 3624//3710 3710//3804
f 3710//3804 3624//3710 3711//3805
f 3801//3800 3709//3483 3710//3804
f 3802//3806 3801//3800 3710//3804
f 3621//3593 3622//3709 3712//3803
f 3621//3593 3712//3803 3716//3711
f 3812//3716 3711//3805 3624//3710
f 3713//3715 3627//3714 3714//3719
f 3714//3719 3715//3807 3713//3715
f 3715//3807 3812//3716 3713//3715
f 3711//3805 3812//3716 3813//3808
f 3714//3719 3817//3809 3715//3807
f 3814//3810 3812//3716 3715//3807
f 3819//3811 3719//3726 3717//3712
f 3630//3602 3720//3812 3718//3725
f 3630//3602 3632//3718 3720//3812
f 3721//3813 3718//3725 3720//3812
f 3820//3814 3714//3719 3718//3725
f 3820//3814 3718//3725 3816//3815
f 3816//3815 3718//3725 3721//3813
f 3817//3809 3714//3719 3820//3814
f 3819//3811 3717//3712 3818//3720
f 3633//3722 3719//3726 3723//3728
f 3819//3811 3722//3816 3719//3726
f 3723//3728 3719//3726 3722//3816
f 3634//3723 3723//3728 3724//3727
f 3632//3718 3631//3724 3725//3817
f 3631//3724 3724//3727 3725//3817
f 3824//3818 3725//3817 3724//3727
f 3720//3812 3632//3718 3725//3817
f 3723//3728 3830//3819 3724//3727
f 3840//3820 3839//3821 3729//3729
f 3729//3729 3730//3734 3840//3820
f 3730//3734 3847//3822 3845//3823
f 3731//3603 3728//3732 3842//3824
f 3726//3733 3636//3730 3727//3825
f 3726//3733 3635//3500 3636//3730
f 3727//3825 3729//3729 3839//3821
f 3727//3825 3636//3730 3729//3729
f 3730//3734 3511//3405 3847//3822
f 3641//3604 3847//3822 3511//3405
f 3638//3504 3731//3603 3842//3824
f 3638//3504 3842//3824 3844//3735
f 3729//3729 3637//3731 3730//3734
f 3638//3504 3844//3735 3639//3605
f 3640//3606 3844//3735 3975//3826
f 3640//3606 3975//3826 3733//3512
f 3976//3827 3733//3512 3975//3826
f 3641//3604 3642//3736 3732//3738
f 3732//3738 3735//3739 3858//3828
f 3853//3829 3732//3738 3858//3828
f 3735//3739 3734//3737 3644//3608
f 3858//3828 3735//3739 3644//3608
f 3857//3830 3645//3607 3733//3512
f 3858//3828 3644//3608 3736//3740
f 3859//3831 3858//3828 3736//3740
f 3867//3832 3744//3609 3645//3607
f 3859//3831 3736//3740 3737//3741
f 3863//3833 3737//3741 3738//3615
f 3863//3833 3738//3615 3873//3834
f 3874//3835 3873//3834 3745//3743
f 3873//3834 3738//3615 3745//3743
f 3739//3836 3744//3609 3740//3837
f 3739//3836 3741//3838 3746//3744
f 3741//3838 3748//3839 3746//3744
f 3740//3837 3741//3838 3739//3836
f 3748//3839 3741//3838 3750//3840
f 3743//3841 3741//3838 3740//3837
f 3743//3841 3742//3842 3741//3838
f 3742//3842 3750//3840 3741//3838
f 3742//3842 3882//3843 3750//3840
f 3881//3844 3882//3843 3742//3842
f 3743//3841 3881//3844 3742//3842
f 3739//3836 3746//3744 3744//3609
f 3748//3839 3649//3746 3746//3744
f 3747//3845 3649//3746 3748//3839
f 3748//3839 3750//3840 3747//3845
f 3747//3845 3749//3846 3651//3748
f 3747//3845 3750//3840 3749//3846
f 3750//3840 3882//3843 3749//3846
f 3751//3847 3749//3846 3884//3848
f 3751//3847 3651//3748 3749//3846
f 3749//3846 3882//3843 3884//3848
f 3872//3849 3754//3626 3539//3535
f 3747//3845 3650//3747 3649//3746
f 3747//3845 3651//3748 3650//3747
f 3751//3847 3752//3850 3756//3851
f 3755//3852 3757//3753 3752//3850
f 3757//3753 3755//3852 3758//3754
f 3755//3852 3890//3853 3758//3754
f 3658//3758 3889//3854 3659//3756
f 3659//3756 3872//3849 3539//3535
f 3651//3748 3751//3847 3652//3749
f 3751//3847 3756//3851 3652//3749
f 3756//3851 3657//3752 3652//3749
f 3756//3851 3757//3753 3657//3752
f 3657//3752 3656//3751 3652//3749
f 3752//3850 3757//3753 3756//3851
f 3758//3754 3890//3853 3888//3755
f 3658//3758 3888//3755 3889//3854
f 3658//3758 3662//3650 3888//3755
f 3767//3855 3676//3766 3759//3768
f 3761//3856 3760//3767 3762//3769
f 3760//3767 3761//3856 3769//3857
f 3763//3858 3761//3856 3762//3769
f 3769//3857 3768//3859 3760//3767
f 3680//3770 3762//3769 3670//3761
f 3770//3860 3680//3770 3764//3771
f 3680//3770 3763//3858 3762//3769
f 3770//3860 3763//3858 3680//3770
f 3770//3860 3765//3772 3772//3861
f 3765//3772 3770//3860 3764//3771
f 3687//3782 3782//3862 3781//3863
f 3689//3781 3690//3764 3766//3783
f 3687//3782 3766//3783 3782//3862
f 3676//3766 3690//3764 3675//3675
f 3690//3764 3676//3766 3767//3855
f 3767//3855 3783//3864 3690//3764
f 3690//3764 3783//3864 3766//3783
f 3768//3859 3785//3865 3767//3855
f 3760//3767 3768//3859 3759//3768
f 3768//3859 3767//3855 3759//3768
f 3891//3866 3785//3865 3768//3859
f 3761//3856 3763//3858 3771//3867
f 3769//3857 3761//3856 3771//3867
f 3769//3857 3891//3866 3768//3859
f 3771//3867 3892//3868 3769//3857
f 3771//3867 3763//3858 3770//3860
f 3771//3867 3770//3860 3893//3869
f 3893//3869 3770//3860 3772//3861
f 3892//3868 3771//3867 3893//3869
f 3899//3870 3892//3868 3893//3869
f 3898//3871 3893//3869 3774//3872
f 3772//3861 3765//3772 3776//3775
f 3893//3869 3772//3861 3774//3872
f 3773//3873 3774//3872 3772//3861
f 3774//3872 3773//3873 3901//3874
f 3776//3775 3775//3776 3773//3873
f 3773//3873 3772//3861 3776//3775
f 3773//3873 3775//3776 3787//3875
f 3901//3874 3773//3873 3787//3875
f 3775//3776 3777//3784 3787//3875
f 3786//3785 3787//3875 3777//3784
f 3780//3792 3686//3780 3781//3863
f 3687//3782 3781//3863 3686//3780
f 3780//3792 3792//3876 3779//3790
f 3792//3876 3780//3792 3781//3863
f 3782//3862 3793//3877 3781//3863
f 3782//3862 3784//3878 3902//3879
f 3766//3783 3784//3878 3782//3862
f 3785//3865 3783//3864 3767//3855
f 3766//3783 3783//3864 3784//3878
f 3783//3864 3785//3865 3894//3880
f 3784//3878 3783//3864 3894//3880
f 3786//3785 3788//3881 3787//3875
f 3901//3874 3787//3875 3788//3881
f 3778//3786 3699//3677 3913//3882
f 3789//3791 3791//3883 3790//3796
f 3791//3883 3789//3791 3779//3790
f 3779//3790 3792//3876 3791//3883
f 3791//3883 3792//3876 3907//3884
f 3793//3877 3792//3876 3781//3863
f 3907//3884 3792//3876 3793//3877
f 3798//3797 3794//3885 3699//3677
f 3699//3677 3794//3885 3913//3882
f 3795//3886 3706//3793 3703//3795
f 3790//3796 3795//3886 3703//3795
f 3796//3887 3791//3883 3907//3884
f 3790//3796 3791//3883 3796//3887
f 3804//3888 3797//3798 3801//3800
f 3914//3889 3798//3797 3797//3798
f 3705//3701 3799//3890 3707//3704
f 3799//3890 3806//3799 3707//3704
f 3800//3891 3799//3890 3705//3701
f 3800//3891 3705//3701 3706//3793
f 3800//3891 3807//3892 3799//3890
f 3795//3886 3915//3893 3706//3793
f 3915//3893 3800//3891 3706//3793
f 3915//3893 3919//3894 3800//3891
f 3711//3805 3802//3806 3710//3804
f 3803//3895 3804//3888 3801//3800
f 3802//3806 3803//3895 3801//3800
f 3914//3889 3797//3798 3804//3888
f 3808//3801 3708//3707 3805//3896
f 3805//3896 3708//3707 3806//3799
f 3805//3896 3806//3799 3921//3897
f 3806//3799 3799//3890 3921//3897
f 3921//3897 3808//3801 3805//3896
f 3807//3892 3921//3897 3799//3890
f 3920//3898 3803//3895 3802//3806
f 3804//3888 3803//3895 3920//3898
f 3808//3801 3922//3899 3809//3802
f 3808//3801 3921//3897 3922//3899
f 3712//3803 3809//3802 3811//3900
f 3802//3806 3711//3805 3813//3808
f 3802//3806 3813//3808 3924//3901
f 3810//3902 3811//3900 3809//3802
f 3810//3902 3809//3802 3925//3903
f 3922//3899 3925//3903 3809//3802
f 3811//3900 3716//3711 3712//3803
f 3815//3904 3716//3711 3811//3900
f 3817//3809 3814//3810 3715//3807
f 3814//3810 3813//3808 3812//3716
f 3924//3901 3813//3808 3814//3810
f 3810//3902 3923//3905 3811//3900
f 3811//3900 3923//3905 3815//3904
f 3721//3813 3821//3906 3816//3815
f 3821//3906 3820//3814 3816//3815
f 3716//3711 3930//3907 3818//3720
f 3720//3812 3725//3817 3826//3908
f 3826//3908 3821//3906 3720//3812
f 3720//3812 3821//3906 3721//3813
f 3820//3814 3821//3906 3827//3909
f 3817//3809 3820//3814 3827//3909
f 3817//3809 3827//3909 3933//3910
f 3829//3911 3819//3811 3818//3720
f 3819//3811 3822//3912 3722//3816
f 3823//3913 3722//3816 3822//3912
f 3822//3912 3819//3811 3829//3911
f 3723//3728 3722//3816 3823//3913
f 3830//3819 3723//3728 3823//3913
f 3724//3727 3830//3819 3824//3818
f 3725//3817 3824//3818 3825//3914
f 3725//3817 3825//3914 3826//3908
f 3825//3914 3824//3818 3833//3915
f 3825//3914 3833//3915 3826//3908
f 3940//3916 3821//3906 3826//3908
f 3827//3909 3821//3906 3932//3917
f 3933//3910 3827//3909 3932//3917
f 3829//3911 3828//3918 3822//3912
f 3822//3912 3828//3918 3823//3913
f 3830//3819 3823//3913 3831//3919
f 3830//3819 3831//3919 3824//3818
f 3824//3818 3831//3919 3832//3920
f 3832//3920 3831//3919 3835//3921
f 3832//3920 3835//3921 3836//3922
f 3824//3818 3832//3920 3833//3915
f 3826//3908 3833//3915 3837//3923
f 3940//3916 3826//3908 3837//3923
f 3836//3922 3833//3915 3832//3920
f 3833//3915 3836//3922 3837//3923
f 3940//3916 3935//3924 3821//3906
f 3944//3925 3828//3918 3829//3911
f 3823//3913 3828//3918 3834//3926
f 3828//3918 3944//3925 3834//3926
f 3823//3913 3834//3926 3831//3919
f 3834//3926 3957//3927 3831//3919
f 3835//3921 3939//3928 3836//3922
f 3835//3921 3945//3929 3939//3928
f 3835//3921 3831//3919 3946//3930
f 3960//3931 3838//3932 3839//3821
f 3965//3933 3839//3821 3840//3820
f 3841//3934 3728//3732 3726//3733
f 3841//3934 3968//3935 3728//3732
f 3726//3733 3838//3932 3841//3934
f 3838//3932 3726//3733 3727//3825
f 3838//3932 3727//3825 3839//3821
f 3840//3820 3843//3936 3970//3937
f 3970//3937 3843//3936 3846//3938
f 3844//3735 3842//3824 3969//3939
f 3842//3824 3968//3935 3969//3939
f 3971//3940 3846//3938 3848//3941
f 3971//3940 3848//3941 3972//3942
f 3842//3824 3728//3732 3968//3935
f 3840//3820 3730//3734 3843//3936
f 3730//3734 3845//3823 3843//3936
f 3843//3936 3845//3823 3846//3938
f 3845//3823 3847//3822 3846//3938
f 3846//3938 3847//3822 3848//3941
f 3848//3941 3641//3604 3732//3738
f 3847//3822 3641//3604 3848//3941
f 3980//3943 3983//3944 3976//3827
f 3851//3945 3848//3941 3732//3738
f 3848//3941 3851//3945 3849//3946
f 3850//3947 3851//3945 3852//3948
f 3849//3946 3851//3945 3850//3947
f 3983//3944 3984//3949 3733//3512
f 3976//3827 3983//3944 3733//3512
f 3853//3829 3851//3945 3732//3738
f 3851//3945 3853//3829 3852//3948
f 3852//3948 3853//3829 3854//3950
f 3850//3947 3852//3948 3854//3950
f 3850//3947 3854//3950 3978//3951
f 3978//3951 3854//3950 3856//3952
f 3855//3953 3853//3829 3858//3828
f 3856//3952 3855//3953 3858//3828
f 3854//3950 3853//3829 3855//3953
f 3856//3952 3854//3950 3855//3953
f 3987//3954 3988//3955 3857//3830
f 3988//3955 4001//3956 3857//3830
f 3984//3949 3987//3954 3857//3830
f 3733//3512 3984//3949 3857//3830
f 3856//3952 3858//3828 3859//3831
f 3860//3957 3859//3831 3863//3833
f 3860//3957 3856//3952 3859//3831
f 3999//3958 3860//3957 3863//3833
f 3986//3959 3860//3957 3999//3958
f 3986//3959 3856//3952 3860//3957
f 3863//3833 3859//3831 3737//3741
f 4000//3960 3999//3958 3863//3833
f 3866//3961 4010//3962 4009//3963
f 3866//3961 4009//3963 3865//3964
f 3857//3830 4001//3956 3645//3607
f 4001//3956 3867//3832 3645//3607
f 4001//3956 4002//3965 3867//3832
f 3868//3966 3867//3832 4002//3965
f 3861//3967 4011//3968 3868//3966
f 3861//3967 3868//3966 4002//3965
f 4011//3968 4020//3969 3868//3966
f 3754//3626 3862//3970 3866//3961
f 3864//3971 3873//3834 3865//3964
f 4000//3960 3863//3833 3864//3971
f 3865//3964 4009//3963 3864//3971
f 4009//3963 4000//3960 3864//3971
f 3867//3832 3875//3972 3740//3837
f 3867//3832 3740//3837 3744//3609
f 3868//3966 3875//3972 3867//3832
f 3868//3966 3876//3973 3875//3972
f 3869//3974 3876//3973 3868//3966
f 3869//3974 3877//3975 3876//3973
f 3877//3975 3878//3976 3876//3973
f 3877//3975 3869//3974 3870//3977
f 4020//3969 3870//3977 3869//3974
f 4020//3969 3871//3978 3870//3977
f 3870//3977 3871//3978 3877//3975
f 3878//3976 3877//3975 3871//3978
f 4020//3969 3869//3974 3868//3966
f 3878//3976 3871//3978 3879//3979
f 3871//3978 4021//3980 3879//3979
f 3872//3849 3862//3970 3754//3626
f 3864//3971 3863//3833 3873//3834
f 3745//3743 3753//3742 3874//3835
f 3865//3964 3873//3834 3866//3961
f 3866//3961 3873//3834 3874//3835
f 3866//3961 3874//3835 3753//3742
f 3866//3961 3753//3742 3754//3626
f 3876//3973 3881//3844 3743//3841
f 3875//3972 3743//3841 3740//3837
f 3876//3973 3878//3976 3881//3844
f 3876//3973 3743//3841 3875//3972
f 3884//3848 3878//3976 3879//3979
f 3879//3979 4021//3980 4027//3981
f 4027//3981 3880//3982 3885//3983
f 3881//3844 3883//3984 3882//3843
f 3883//3984 3881//3844 3878//3976
f 3882//3843 3883//3984 3884//3848
f 3883//3984 3878//3976 3884//3848
f 3884//3848 3879//3979 3751//3847
f 3885//3983 3751//3847 3879//3979
f 3879//3979 4027//3981 3885//3983
f 3880//3982 3886//3985 3885//3983
f 3886//3985 3880//3982 4024//3986
f 4024//3986 4025//3987 3887//3988
f 3889//3854 3888//3755 4025//3987
f 3889//3854 4160//3989 3659//3756
f 3751//3847 3885//3983 3752//3850
f 3885//3983 3886//3985 3752//3850
f 3886//3985 3755//3852 3752//3850
f 3887//3988 3755//3852 3886//3985
f 3887//3988 3886//3985 4024//3986
f 3755//3852 3887//3988 3890//3853
f 3887//3988 3888//3755 3890//3853
f 4025//3987 3888//3755 3887//3988
f 3769//3857 3892//3868 3891//3866
f 3892//3868 3897//3990 3891//3866
f 3902//3879 3784//3878 3903//3991
f 3785//3865 3896//3992 3894//3880
f 3894//3880 3903//3991 3784//3878
f 3896//3992 3895//3993 3894//3880
f 3894//3880 3895//3993 3903//3991
f 3785//3865 3891//3866 3896//3992
f 3891//3866 3897//3990 3896//3992
f 3897//3990 3906//3994 3896//3992
f 3896//3992 3906//3994 3895//3993
f 3892//3868 3899//3870 3897//3990
f 3898//3871 3899//3870 3893//3869
f 3900//3995 3898//3871 3774//3872
f 3901//3874 3900//3995 3774//3872
f 3782//3862 3902//3879 3793//3877
f 3908//3996 3793//3877 3902//3879
f 3910//3997 3902//3879 3909//3998
f 3909//3998 3902//3879 3903//3991
f 3895//3993 3904//3999 3903//3991
f 3895//3993 3905//4000 3904//3999
f 3905//4000 3895//3993 3906//3994
f 3903//3991 3904//3999 3909//3998
f 4029//4001 3905//4000 3906//3994
f 3904//3999 3905//4000 4028//4002
f 3905//4000 4029//4001 4028//4002
f 3906//3994 3897//3990 4030//4003
f 4168//4004 3898//3871 3900//3995
f 3912//4005 3788//3881 3786//3785
f 3786//3785 3778//3786 3912//4005
f 3796//3887 3907//3884 3917//4006
f 3902//3879 3910//3997 3908//3996
f 3908//3996 3907//3884 3793//3877
f 3910//3997 4036//4007 3908//3996
f 4028//4002 3909//3998 3904//3999
f 3778//3786 3911//4008 3912//4005
f 3778//3786 3913//3882 3911//4008
f 3794//3885 3798//3797 3913//3882
f 3916//4009 3795//3886 3790//3796
f 3916//4009 3790//3796 3796//3887
f 3916//4009 3796//3887 3917//4006
f 4039//4010 3917//4006 3907//3884
f 3907//3884 3908//3996 4039//4010
f 3901//3874 3788//3881 4038//4011
f 4045//4012 3913//3882 3914//3889
f 4038//4011 3788//3881 3912//4005
f 3913//3882 3798//3797 3914//3889
f 3916//4009 3915//3893 3795//3886
f 4049//4013 3919//3894 3915//3893
f 3916//4009 4049//4013 3915//3893
f 4052//4014 4045//4012 3914//3889
f 3914//3889 3804//3888 4052//4014
f 3919//3894 3807//3892 3800//3891
f 3919//3894 3918//4015 3807//3892
f 4049//4013 4054//4016 3919//3894
f 3920//3898 4052//4014 3804//3888
f 4062//4017 3921//3897 3807//3892
f 4054//4016 3918//4015 3919//3894
f 4062//4017 3807//3892 4063//4018
f 3921//3897 4062//4017 3922//3899
f 4062//4017 4070//4019 3922//3899
f 3925//3903 3923//3905 3810//3902
f 3923//3905 3925//3903 3926//4020
f 3923//3905 3926//4020 3815//3904
f 3926//4020 4080//4021 3928//4022
f 3926//4020 3925//3903 3927//4023
f 3925//3903 3922//3899 4069//4024
f 3927//4023 3925//3903 4069//4024
f 4080//4021 3927//4023 4069//4024
f 3926//4020 3927//4023 4080//4021
f 3928//4022 3716//3711 3815//3904
f 3815//3904 3926//4020 3928//4022
f 3924//3901 3814//3810 3817//3809
f 3929//4025 3924//3901 3817//3809
f 3930//3907 3716//3711 3928//4022
f 3924//3901 3929//4025 4077//4026
f 3930//3907 3931//4027 3818//3720
f 3930//3907 3934//4028 3931//4027
f 3928//4022 3934//4028 3930//3907
f 3936//4029 3933//3910 3932//3917
f 3929//4025 3817//3809 3933//3910
f 4077//4026 3929//4025 4084//4030
f 4083//4031 3929//4025 3933//3910
f 4084//4030 3929//4025 4083//4031
f 3931//4027 3937//4032 3818//3720
f 3818//3720 3937//4032 3938//4033
f 3937//4032 3931//4027 3934//4028
f 3818//3720 3938//4033 3829//3911
f 3935//3924 3932//3917 3821//3906
f 3935//3924 3936//4029 3932//3917
f 3933//3910 3936//4029 4083//4031
f 3936//4029 3935//3924 4089//4034
f 3829//3911 3938//4033 3941//4035
f 3937//4032 3942//4036 3938//4033
f 3938//4033 3942//4036 3941//4035
f 3944//3925 3829//3911 3941//4035
f 3837//3923 3836//3922 3939//3928
f 3837//3923 3939//3928 3953//4037
f 3947//4038 3935//3924 3940//3916
f 3953//4037 3947//4038 3940//3916
f 3953//4037 3940//3916 3837//3923
f 3935//3924 3947//4038 4089//4034
f 4089//4034 4083//4031 3936//4029
f 4089//4034 4090//4039 4083//4031
f 3937//4032 4088//4040 3942//4036
f 3942//4036 3948//4041 3943//4042
f 3937//4032 3934//4028 4088//4040
f 3942//4036 4088//4040 3948//4041
f 3943//4042 3941//4035 3942//4036
f 3834//3926 3944//3925 3949//4043
f 3944//3925 3941//4035 3949//4043
f 3835//3921 3946//3930 3945//3929
f 3948//4041 3954//4044 3950//4045
f 3949//4043 3941//4035 3950//4045
f 3950//4045 3954//4044 3949//4043
f 3943//4042 3948//4041 3950//4045
f 3943//4042 3950//4045 3941//4035
f 3949//4043 3951//4046 3834//3926
f 3951//4046 3957//3927 3834//3926
f 3946//3930 3831//3919 3956//4047
f 3956//4047 3831//3919 3957//3927
f 3939//3928 3945//3929 3952//4048
f 3952//4048 4094//4049 3939//3928
f 3953//4037 3939//3928 4094//4049
f 3953//4037 4094//4049 3947//4038
f 3945//3929 3946//3930 3952//4048
f 3952//4048 3946//3930 4093//4050
f 3949//4043 3955//4051 3951//4046
f 3954//4044 4096//4052 3949//4043
f 3951//4046 3955//4051 3957//3927
f 3946//3930 3956//4047 4093//4050
f 4093//4050 3956//4047 4097//4053
f 4118//4054 3959//4055 4113//4056
f 3959//4055 3960//3931 3958//4057
f 4119//4058 3958//4057 3960//3931
f 4118//4054 3838//3932 3959//4055
f 3838//3932 4118//4054 4127//4059
f 4120//4060 3960//3931 3965//3933
f 3960//3931 3959//4055 3838//3932
f 4124//4061 4120//4060 3961//4062
f 3961//4062 3970//3937 3962//4063
f 4128//4064 3961//4062 3962//4063
f 3963//4065 4134//4066 3966//4067
f 3963//4065 3964//4068 4127//4059
f 3966//4067 3964//4068 3963//4065
f 3964//4068 3838//3932 4127//4059
f 3960//3931 3839//3821 3965//3933
f 4120//4060 3965//3933 3961//4062
f 3971//3940 4132//4069 3962//4063
f 4132//4069 3971//3940 3972//3942
f 4135//4070 3967//4071 4134//4066
f 3964//4068 3841//3934 3838//3932
f 3966//4067 3841//3934 3964//4068
f 3966//4067 3968//3935 3841//3934
f 3840//3820 3961//4062 3965//3933
f 3962//4063 3970//3937 3971//3940
f 3967//4071 3974//4072 3844//3735
f 3967//4071 4136//4073 3974//4072
f 3844//3735 3969//3939 3967//4071
f 3969//3939 4134//4066 3967//4071
f 4134//4066 3969//3939 3966//4067
f 3966//4067 3969//3939 3968//3935
f 3970//3937 3961//4062 3840//3820
f 3970//3937 3846//3938 3971//3940
f 4139//4074 3972//3942 3973//4075
f 4139//4074 3973//4075 4140//4076
f 4138//4077 3974//4072 4136//4073
f 3974//4072 3975//3826 3844//3735
f 3975//3826 3974//4072 3976//3827
f 3974//4072 4142//4078 3976//3827
f 4142//4078 3974//4072 4138//4077
f 3849//3946 3972//3942 3848//3941
f 3973//4075 3972//3942 3849//3946
f 3973//4075 3849//3946 3977//4079
f 3977//4079 3849//3946 3979//4080
f 3978//3951 3977//4079 3979//4080
f 4142//4078 4143//4081 3976//3827
f 3976//3827 4143//4081 3980//3943
f 3979//4080 3849//3946 3850//3947
f 3979//4080 3850//3947 3978//3951
f 4475//4082 3978//3951 3856//3952
f 4143//4081 3981//4083 3980//3943
f 3982//4084 3984//3949 3981//4083
f 3981//4083 4144//4085 3982//4084
f 3981//4083 3983//3944 3980//3943
f 3981//4083 3984//3949 3983//3944
f 3989//4086 3987//3954 3984//3949
f 3982//4084 3985//4087 3984//3949
f 3989//4086 3984//3949 3985//4087
f 3992//4088 3989//4086 3985//4087
f 4148//4089 3992//4088 3985//4087
f 3856//3952 3986//3959 4145//4090
f 3991//4091 4001//3956 3988//3955
f 3988//3955 3987//3954 3989//4086
f 3990//4092 3991//4091 3988//3955
f 3991//4091 4004//4093 4001//3956
f 3989//4086 3990//4092 3988//3955
f 3991//4091 3990//4092 3993//4094
f 3992//4088 3993//4094 3990//4092
f 3992//4088 3990//4092 3989//4086
f 3994//4095 3991//4091 3993//4094
f 3994//4095 4004//4093 3991//4091
f 3994//4095 3995//4096 4004//4093
f 3992//4088 3996//4097 3993//4094
f 3996//4097 3994//4095 3993//4094
f 3996//4097 3997//4098 3994//4095
f 3997//4098 3995//4096 3994//4095
f 3995//4096 3998//4099 4007//4100
f 3996//4097 3992//4088 4148//4089
f 4154//4101 3996//4097 4148//4089
f 4154//4101 4156//4102 3997//4098
f 3996//4097 4154//4101 3997//4098
f 3995//4096 3997//4098 3998//4099
f 3997//4098 4156//4102 3998//4099
f 4007//4100 3998//4099 4157//4103
f 4000//3960 4145//4090 3999//3958
f 4145//4090 3986//3959 3999//3958
f 4152//4104 4000//3960 4009//3963
f 4152//4104 4009//3963 4010//3962
f 4152//4104 4010//3962 4164//4105
f 4004//4093 4002//3965 4001//3956
f 4003//4106 4002//3965 4004//4093
f 4003//4106 3861//3967 4002//3965
f 4003//4106 4011//3968 3861//3967
f 4006//4107 4003//4106 4004//4093
f 3995//4096 4006//4107 4004//4093
f 4006//4107 4005//4108 4003//4106
f 4005//4108 4006//4107 4018//4109
f 4006//4107 4008//4110 4018//4109
f 3995//4096 4007//4100 4006//4107
f 4006//4107 4007//4100 4008//4110
f 3862//3970 4164//4105 3866//3961
f 3862//3970 4162//4111 4164//4105
f 3872//3849 4162//4111 3862//3970
f 3866//3961 4164//4105 4010//3962
f 4003//4106 4012//4112 4011//3968
f 4012//4112 4014//4113 4011//3968
f 4011//3968 4014//4113 4020//3969
f 4013//4114 4012//4112 4003//4106
f 4013//4114 4014//4113 4012//4112
f 4013//4114 4003//4106 4005//4108
f 4005//4108 4015//4115 4013//4114
f 4015//4115 4016//4116 4014//4113
f 4013//4114 4015//4115 4014//4113
f 4014//4113 4016//4116 3871//3978
f 4016//4116 4017//4117 3871//3978
f 4005//4108 4018//4109 4015//4115
f 4015//4115 4019//4118 4016//4116
f 4016//4116 4019//4118 4017//4117
f 4019//4118 4018//4109 4008//4110
f 4015//4115 4018//4109 4019//4118
f 4165//4119 4017//4117 4019//4118
f 4165//4119 4022//4120 4017//4117
f 4165//4119 4023//4121 4022//4120
f 3871//3978 4020//3969 4014//4113
f 4021//3980 4022//4120 4027//3981
f 3871//3978 4017//4117 4021//3980
f 4017//4117 4022//4120 4021//3980
f 4022//4120 4023//4121 4027//3981
f 4026//4122 3889//3854 4025//3987
f 4160//3989 4026//4122 4354//4123
f 4352//4124 4354//4123 4026//4122
f 4023//4121 3880//3982 4027//3981
f 3880//3982 4023//4121 4024//3986
f 4160//3989 3889//3854 4026//4122
f 4028//4002 4029//4001 4032//4125
f 4030//4003 4029//4001 3906//3994
f 4030//4003 4033//4126 4029//4001
f 4030//4003 3897//3990 3899//3870
f 3899//3870 3898//3871 4035//4127
f 3909//3998 4031//4128 3910//3997
f 4028//4002 4031//4128 3909//3998
f 4028//4002 4032//4125 4031//4128
f 4031//4128 4032//4125 4037//4129
f 4033//4126 4032//4125 4029//4001
f 4033//4126 4030//4003 4034//4130
f 4030//4003 3899//3870 4034//4130
f 3899//3870 4035//4127 4034//4130
f 4035//4127 3898//3871 4168//4004
f 4038//4011 3900//3995 3901//3874
f 4038//4011 4168//4004 3900//3995
f 4031//4128 4036//4007 3910//3997
f 4037//4129 4032//4125 4169//4131
f 4037//4129 4036//4007 4031//4128
f 4033//4126 4169//4131 4032//4125
f 4033//4126 4034//4130 4171//4132
f 4035//4127 4168//4004 4167//4133
f 3912//4005 3911//4008 4046//4134
f 3916//4009 3917//4006 4051//4135
f 3917//4006 4039//4010 4051//4135
f 3908//3996 4040//4136 4039//4010
f 4036//4007 4040//4136 3908//3996
f 4036//4007 4042//4137 4040//4136
f 4042//4137 4041//4138 4040//4136
f 4176//4139 4041//4138 4042//4137
f 4041//4138 4176//4139 4357//4140
f 4037//4129 4042//4137 4036//4007
f 4043//4141 4038//4011 3912//4005
f 4043//4141 3912//4005 4046//4134
f 4038//4011 4043//4141 4044//4142
f 4044//4142 4043//4141 4048//4143
f 4048//4143 4043//4141 4046//4134
f 4175//4144 4038//4011 4044//4142
f 3913//3882 4047//4145 3911//4008
f 4045//4012 4047//4145 3913//3882
f 3911//4008 4047//4145 4046//4134
f 4047//4145 4045//4012 4181//4146
f 4046//4134 4047//4145 4048//4143
f 4047//4145 4181//4146 4048//4143
f 4050//4147 3916//4009 4051//4135
f 4050//4147 4049//4013 3916//4009
f 4055//4148 4049//4013 4050//4147
f 4055//4148 4054//4016 4049//4013
f 4057//4149 4050//4147 4051//4135
f 4051//4135 4039//4010 4182//4150
f 4057//4149 4051//4135 4182//4150
f 4041//4138 4039//4010 4040//4136
f 4041//4138 4357//4140 4039//4010
f 4053//4151 4052//4014 3920//3898
f 4045//4012 4052//4014 4053//4151
f 4053//4151 4181//4146 4045//4012
f 4181//4146 4053//4151 4187//4152
f 3918//4015 4060//4153 3807//3892
f 4054//4016 4060//4153 3918//4015
f 4055//4148 4050//4147 4057//4149
f 4055//4148 4056//4154 4054//4016
f 4058//4155 4055//4148 4057//4149
f 4058//4155 4056//4154 4055//4148
f 4059//4156 4053//4151 3920//3898
f 4187//4152 4053//4151 4059//4156
f 3807//3892 4064//4157 4063//4018
f 4060//4153 4064//4157 3807//3892
f 4056//4154 4061//4158 4054//4016
f 4061//4158 4060//4153 4054//4016
f 4058//4155 4188//4159 4056//4154
f 4061//4158 4056//4154 4188//4159
f 4199//4160 3920//3898 3802//3806
f 3920//3898 4199//4160 4059//4156
f 3922//3899 4070//4019 4069//4024
f 4071//4161 4062//4017 4063//4018
f 4071//4161 4070//4019 4062//4017
f 4071//4161 4063//4018 4065//4162
f 4063//4018 4066//4163 4065//4162
f 4064//4157 4066//4163 4063//4018
f 4061//4158 4194//4164 4060//4153
f 4194//4164 4064//4157 4060//4153
f 4194//4164 4066//4163 4064//4157
f 4066//4163 4201//4165 4065//4162
f 4067//4166 4065//4162 4201//4165
f 4073//4167 4067//4166 4068//4168
f 4214//4169 4073//4167 4068//4168
f 4201//4165 4068//4168 4067//4166
f 4214//4169 4068//4168 4209//4170
f 4069//4024 4070//4019 4072//4171
f 4071//4161 4073//4167 4070//4019
f 4072//4171 4070//4019 4073//4167
f 4076//4172 4072//4171 4214//4169
f 4072//4171 4073//4167 4214//4169
f 4065//4162 4067//4166 4071//4161
f 4071//4161 4067//4166 4073//4167
f 4216//4173 4208//4174 4074//4175
f 4208//4174 3802//3806 4074//4175
f 4075//4176 4072//4171 4076//4172
f 4069//4024 4072//4171 4075//4176
f 4080//4021 4069//4024 4075//4176
f 4217//4177 4075//4176 4076//4172
f 4214//4169 4217//4177 4076//4172
f 3802//3806 3924//3901 4077//4026
f 4074//4175 3802//3806 4077//4026
f 4074//4175 4077//4026 4085//4178
f 4396//4179 4074//4175 4085//4178
f 4075//4176 4078//4180 4080//4021
f 4075//4176 4219//4181 4078//4180
f 4079//4182 3934//4028 3928//4022
f 4079//4182 3928//4022 4080//4021
f 4077//4026 4084//4030 4085//4178
f 4080//4021 4078//4180 4081//4183
f 4081//4183 4082//4184 4080//4021
f 4081//4183 4078//4180 4219//4181
f 4219//4181 4220//4185 4081//4183
f 3934//4028 4079//4182 4082//4184
f 4080//4021 4082//4184 4079//4182
f 4086//4186 4084//4030 4083//4031
f 4085//4178 4084//4030 4086//4186
f 4226//4187 4085//4178 4086//4186
f 4396//4179 4085//4178 4226//4187
f 4082//4184 4081//4183 4087//4188
f 4088//4040 3934//4028 4082//4184
f 4087//4188 4088//4040 4082//4184
f 4090//4039 4086//4186 4083//4031
f 4090//4039 4089//4034 4091//4189
f 4091//4189 4086//4186 4090//4039
f 4226//4187 4086//4186 4091//4189
f 4226//4187 4091//4189 4229//4190
f 3948//4041 4088//4040 4227//4191
f 4091//4189 4089//4034 4229//4190
f 3948//4041 4092//4192 3954//4044
f 4092//4192 3948//4041 4227//4191
f 4094//4049 3952//4048 4099//4193
f 3952//4048 4093//4050 4099//4193
f 4099//4193 4098//4194 4094//4049
f 4094//4049 4098//4194 3947//4038
f 3947//4038 4095//4195 4089//4034
f 4095//4195 3947//4038 4098//4194
f 4089//4034 4228//4196 4229//4190
f 4095//4195 4228//4196 4089//4034
f 3949//4043 4096//4052 3955//4051
f 3956//4047 3957//3927 4102//4197
f 4093//4050 4097//4053 4099//4193
f 4098//4194 4232//4198 4095//4195
f 4231//4199 4100//4200 4092//4192
f 4100//4200 3954//4044 4092//4192
f 4096//4052 3954//4044 4108//4201
f 4096//4052 4108//4201 4106//4202
f 4096//4052 4106//4202 4101//4203
f 4100//4200 4108//4201 3954//4044
f 3955//4051 4096//4052 4101//4203
f 4101//4203 3957//3927 3955//4051
f 3957//3927 4101//4203 4102//4197
f 4102//4197 4097//4053 3956//4047
f 4102//4197 4103//4204 4097//4053
f 4103//4204 4104//4205 4097//4053
f 4097//4053 4105//4206 4099//4193
f 4097//4053 4104//4205 4105//4206
f 4100//4200 4107//4207 4108//4201
f 4100//4200 4235//4208 4107//4207
f 4101//4203 4109//4209 4102//4197
f 4102//4197 4109//4209 4103//4204
f 4104//4205 4103//4204 4245//4210
f 4098//4194 4234//4211 4238//4212
f 4099//4193 4234//4211 4098//4194
f 4234//4211 4099//4193 4105//4206
f 4101//4203 4106//4202 4109//4209
f 4103//4204 4109//4209 4110//4213
f 4245//4210 4103//4204 4110//4213
f 4104//4205 4245//4210 4243//4214
f 4105//4206 4104//4205 4243//4214
f 4105//4206 4243//4214 4236//4215
f 4108//4201 4248//4216 4106//4202
f 4109//4209 4244//4217 4110//4213
f 4245//4210 4110//4213 4244//4217
f 4106//4202 4248//4216 4247//4218
f 4106//4202 4247//4218 4249//4219
f 4244//4217 4109//4209 4249//4219
f 4109//4209 4106//4202 4249//4219
f 4244//4217 4250//4220 4245//4210
f 4292//4221 4111//4222 4288//4223
f 4292//4221 4113//4056 4111//4222
f 4289//4224 4288//4223 4112//4225
f 4295//4226 4115//4227 4113//4056
f 4295//4226 4300//4228 4115//4227
f 4113//4056 3958//4057 4111//4222
f 4288//4223 4111//4222 4112//4225
f 4114//4229 4289//4224 4112//4225
f 4112//4225 4111//4222 4119//4058
f 4114//4229 4121//4230 4116//4231
f 4114//4229 4116//4231 4297//4232
f 4116//4231 4301//4233 4297//4232
f 4117//4234 4115//4227 4300//4228
f 4119//4058 4111//4222 3958//4057
f 4112//4225 4119//4058 4114//4229
f 4120//4060 4114//4229 4119//4058
f 4114//4229 4120//4060 4121//4230
f 4121//4230 4122//4235 4116//4231
f 4122//4235 4301//4233 4116//4231
f 4122//4235 4123//4236 4301//4233
f 4307//4237 4134//4066 4304//4238
f 4134//4066 4127//4059 4117//4234
f 4117//4234 4127//4059 4118//4054
f 4134//4066 4117//4234 4304//4238
f 4115//4227 4118//4054 4113//4056
f 4117//4234 4118//4054 4115//4227
f 3958//4057 4113//4056 3959//4055
f 3960//3931 4120//4060 4119//4058
f 4125//4239 4122//4235 4121//4230
f 4310//4240 4134//4066 4307//4237
f 4120//4060 4124//4061 4121//4230
f 4125//4239 4124//4061 4128//4064
f 4121//4230 4124//4061 4125//4239
f 4128//4064 4129//4241 4125//4239
f 4129//4241 4126//4242 4125//4239
f 4122//4235 4125//4239 4123//4236
f 4125//4239 4126//4242 4123//4236
f 4126//4242 4130//4243 4123//4236
f 4123//4236 4130//4243 4305//4244
f 4134//4066 3963//4065 4127//4059
f 3961//4062 4128//4064 4124//4061
f 4129//4241 4130//4243 4126//4242
f 4132//4069 4130//4243 4129//4241
f 4130//4243 4132//4069 4133//4245
f 4305//4244 4130//4243 4133//4245
f 4135//4070 4134//4066 4310//4240
f 4135//4070 4310//4240 4131//4246
f 3962//4063 4129//4241 4128//4064
f 4129//4241 3962//4063 4132//4069
f 3972//3942 4133//4245 4132//4069
f 4311//4247 4133//4245 4313//4248
f 4313//4248 4133//4245 4139//4074
f 4133//4245 3972//3942 4139//4074
f 4137//4249 4313//4248 4139//4074
f 4136//4073 3967//4071 4135//4070
f 4131//4246 4136//4073 4135//4070
f 4131//4246 4315//4250 4136//4073
f 4315//4250 4138//4077 4136//4073
f 4137//4249 4139//4074 4140//4076
f 4137//4249 4140//4076 4316//4251
f 4316//4251 4140//4076 4320//4252
f 4140//4076 3973//4075 4141//4253
f 4320//4252 4141//4253 3977//4079
f 3977//4079 4141//4253 3973//4075
f 4141//4253 4320//4252 4140//4076
f 3978//3951 4320//4252 3977//4079
f 4322//4254 4142//4078 4138//4077
f 4143//4081 4142//4078 4322//4254
f 4326//4255 4144//4085 4325//4256
f 4322//4254 4325//4256 4143//4081
f 4325//4256 4144//4085 4143//4081
f 4331//4257 4144//4085 4326//4255
f 4145//4090 4475//4082 3856//3952
f 4475//4082 4145//4090 4482//4258
f 4482//4258 4145//4090 4338//4259
f 4144//4085 3981//4083 4143//4081
f 4342//4260 4149//4261 4332//4262
f 4144//4085 4331//4257 3985//4087
f 4144//4085 3985//4087 3982//4084
f 4332//4262 4148//4089 4331//4257
f 4332//4262 4146//4263 4148//4089
f 4332//4262 4149//4261 4146//4263
f 4342//4260 4341//4264 4149//4261
f 4163//4265 4147//4266 4162//4111
f 4339//4267 4338//4259 4153//4268
f 4162//4111 4147//4266 4153//4268
f 4331//4257 4148//4089 3985//4087
f 4149//4261 4341//4264 4150//4269
f 4146//4263 4149//4261 4148//4089
f 4150//4269 4341//4264 4151//4270
f 4338//4259 4145//4090 4000//3960
f 4338//4259 4000//3960 4152//4104
f 4338//4259 4152//4104 4153//4268
f 4152//4104 4164//4105 4153//4268
f 4162//4111 4153//4268 4164//4105
f 4155//4271 4154//4101 4149//4261
f 4156//4102 4154//4101 4155//4271
f 4157//4103 4156//4102 4155//4271
f 3998//4099 4156//4102 4157//4103
f 4155//4271 4158//4272 4157//4103
f 4157//4103 4158//4272 4008//4110
f 4158//4272 4151//4270 4008//4110
f 4007//4100 4157//4103 4008//4110
f 4008//4110 4151//4270 4019//4118
f 4154//4101 4148//4089 4149//4261
f 4149//4261 4150//4269 4155//4271
f 4158//4272 4155//4271 4150//4269
f 4150//4269 4151//4270 4158//4272
f 4151//4270 4165//4119 4019//4118
f 4151//4270 4350//4273 4165//4119
f 4351//4274 4024//3986 4350//4273
f 4351//4274 4025//3987 4024//3986
f 4351//4274 4352//4124 4025//3987
f 4161//4275 4163//4265 4159//4276
f 4161//4275 4159//4276 4160//3989
f 4161//4275 4160//3989 4354//4123
f 4165//4119 4350//4273 4024//3986
f 4352//4124 4026//4122 4025//3987
f 3659//3756 4159//4276 3872//3849
f 3872//3849 4159//4276 4163//4265
f 4160//3989 4159//4276 3659//3756
f 4162//4111 3872//3849 4163//4265
f 4165//4119 4024//3986 4023//4121
f 4037//4129 4169//4131 4170//4277
f 4033//4126 4171//4132 4169//4131
f 4166//4278 4171//4132 4034//4130
f 4035//4127 4166//4278 4034//4130
f 4166//4278 4035//4127 4167//4133
f 4166//4278 4167//4133 4172//4279
f 4172//4279 4171//4132 4166//4278
f 4168//4004 4174//4280 4167//4133
f 4037//4129 4170//4277 4042//4137
f 4042//4137 4170//4277 4176//4139
f 4170//4277 4169//4131 4355//4281
f 4177//4282 4169//4131 4171//4132
f 4177//4282 4173//4283 4356//4284
f 4174//4280 4172//4279 4167//4133
f 4171//4132 4173//4283 4177//4282
f 4173//4283 4171//4132 4172//4279
f 4173//4283 4172//4279 4178//4285
f 4173//4283 4364//4286 4356//4284
f 4178//4285 4364//4286 4173//4283
f 4175//4144 4168//4004 4038//4011
f 4174//4280 4168//4004 4175//4144
f 4172//4279 4174//4280 4178//4285
f 4179//4287 4174//4280 4175//4144
f 4185//4288 4179//4287 4175//4144
f 4355//4281 4176//4139 4170//4277
f 4178//4285 4174//4280 4179//4287
f 4178//4285 4179//4287 4184//4289
f 4365//4290 4184//4289 4179//4287
f 4364//4286 4178//4285 4184//4289
f 4175//4144 4044//4142 4185//4288
f 4179//4287 4185//4288 4365//4290
f 4048//4143 4180//4291 4044//4142
f 4044//4142 4180//4291 4185//4288
f 4048//4143 4181//4146 4180//4291
f 4057//4149 4182//4150 4183//4292
f 4057//4149 4183//4292 4058//4155
f 4189//4293 4058//4155 4183//4292
f 4182//4150 4039//4010 4357//4140
f 4182//4150 4357//4140 4191//4294
f 4176//4139 4358//4295 4357//4140
f 4355//4281 4358//4295 4176//4139
f 4192//4296 4180//4291 4181//4146
f 4192//4296 4186//4297 4180//4291
f 4180//4291 4186//4297 4185//4288
f 4187//4152 4192//4296 4181//4146
f 4188//4159 4058//4155 4189//4293
f 4197//4298 4061//4158 4188//4159
f 4197//4298 4195//4299 4061//4158
f 4189//4293 4197//4298 4188//4159
f 4189//4293 4183//4292 4190//4300
f 4183//4292 4182//4150 4190//4300
f 4182//4150 4191//4294 4190//4300
f 4059//4156 4200//4301 4187//4152
f 4202//4302 4201//4165 4066//4163
f 4196//4303 4193//4304 4202//4302
f 4193//4304 4204//4305 4202//4302
f 4195//4299 4194//4164 4061//4158
f 4195//4299 4196//4303 4194//4164
f 4196//4303 4202//4302 4066//4163
f 4196//4303 4066//4163 4194//4164
f 4197//4298 4196//4303 4195//4299
f 4197//4298 4193//4304 4196//4303
f 4189//4293 4205//4306 4197//4298
f 4193//4304 4197//4298 4205//4306
f 4198//4307 4189//4293 4190//4300
f 4205//4306 4189//4293 4207//4308
f 4198//4307 4190//4300 4366//4309
f 4190//4300 4191//4294 4366//4309
f 4198//4307 4207//4308 4189//4293
f 4367//4310 4191//4294 4357//4140
f 4366//4309 4191//4294 4367//4310
f 4371//4311 4187//4152 4200//4301
f 4199//4160 4380//4312 4200//4301
f 4199//4160 4200//4301 4059//4156
f 4203//4313 4209//4170 4068//4168
f 4203//4313 4201//4165 4202//4302
f 4201//4165 4203//4313 4068//4168
f 4204//4305 4203//4313 4202//4302
f 4204//4305 4206//4314 4203//4313
f 4206//4314 4211//4315 4203//4313
f 4204//4305 4372//4316 4206//4314
f 4205//4306 4204//4305 4193//4304
f 4205//4306 4372//4316 4204//4305
f 4371//4311 4200//4301 4376//4317
f 3802//3806 4208//4174 4199//4160
f 4215//4318 4380//4312 4199//4160
f 4208//4174 4215//4318 4199//4160
f 4216//4173 4215//4318 4208//4174
f 4380//4312 4215//4318 4377//4319
f 4209//4170 4210//4320 4214//4169
f 4211//4315 4209//4170 4203//4313
f 4209//4170 4212//4321 4210//4320
f 4389//4322 4210//4320 4212//4321
f 4211//4315 4212//4321 4209//4170
f 4390//4323 4389//4322 4212//4321
f 4390//4323 4212//4321 4213//4324
f 4213//4324 4212//4321 4211//4315
f 4206//4314 4213//4324 4211//4315
f 4216//4173 4074//4175 4396//4179
f 4377//4319 4215//4318 4383//4325
f 4215//4318 4216//4173 4383//4325
f 4210//4320 4217//4177 4214//4169
f 4210//4320 4218//4326 4217//4177
f 4389//4322 4218//4326 4210//4320
f 4075//4176 4217//4177 4219//4181
f 4216//4173 4396//4179 4387//4327
f 4217//4177 4220//4185 4219//4181
f 4217//4177 4221//4328 4220//4185
f 4393//4329 4217//4177 4218//4326
f 4221//4328 4217//4177 4393//4329
f 4220//4185 4221//4328 4225//4330
f 4087//4188 4081//4183 4222//4331
f 4220//4185 4222//4331 4081//4183
f 4220//4185 4224//4332 4223//4333
f 4220//4185 4225//4330 4224//4332
f 4220//4185 4223//4333 4222//4331
f 4222//4331 4223//4333 4087//4188
f 4087//4188 4223//4333 4224//4332
f 4087//4188 4227//4191 4088//4040
f 4226//4187 4229//4190 4230//4334
f 4396//4179 4226//4187 4230//4334
f 4087//4188 4224//4332 4227//4191
f 4227//4191 4231//4199 4092//4192
f 4413//4335 4230//4334 4229//4190
f 4408//4336 4230//4334 4413//4335
f 4231//4199 4227//4191 4416//4337
f 4228//4196 4095//4195 4233//4338
f 4233//4338 4095//4195 4232//4198
f 4228//4196 4233//4338 4229//4190
f 4233//4338 4413//4335 4229//4190
f 4239//4339 4233//4338 4232//4198
f 4233//4338 4239//4339 4418//4340
f 4414//4341 4233//4338 4418//4340
f 4100//4200 4231//4199 4417//4342
f 4235//4208 4100//4200 4417//4342
f 4239//4339 4098//4194 4238//4212
f 4098//4194 4239//4339 4232//4198
f 4235//4208 4417//4342 4420//4343
f 4105//4206 4236//4215 4234//4211
f 4234//4211 4236//4215 4237//4344
f 4234//4211 4237//4344 4238//4212
f 4235//4208 4420//4343 4242//4345
f 4240//4346 4236//4215 4243//4214
f 4237//4344 4236//4215 4240//4346
f 4237//4344 4241//4347 4238//4212
f 4237//4344 4240//4346 4241//4347
f 4241//4347 4421//4348 4238//4212
f 4240//4346 4424//4349 4241//4347
f 4424//4349 4421//4348 4241//4347
f 4238//4212 4421//4348 4239//4339
f 4107//4207 4235//4208 4242//4345
f 4107//4207 4242//4345 4108//4201
f 4108//4201 4242//4345 4248//4216
f 4246//4350 4243//4214 4245//4210
f 4240//4346 4243//4214 4246//4350
f 4424//4349 4240//4346 4246//4350
f 4423//4351 4242//4345 4420//4343
f 4247//4218 4255//4352 4249//4219
f 4244//4217 4249//4219 4250//4220
f 4245//4210 4251//4353 4246//4350
f 4424//4349 4246//4350 4252//4354
f 4253//4355 4248//4216 4242//4345
f 4254//4356 4253//4355 4242//4345
f 4247//4218 4248//4216 4256//4357
f 4247//4218 4256//4357 4255//4352
f 4255//4352 4258//4358 4249//4219
f 4249//4219 4258//4358 4257//4359
f 4249//4219 4257//4359 4250//4220
f 4250//4220 4259//4360 4245//4210
f 4245//4210 4259//4360 4251//4353
f 4246//4350 4251//4353 4252//4354
f 4252//4354 4251//4353 4426//4361
f 4252//4354 4426//4361 4424//4349
f 4254//4356 4242//4345 4423//4351
f 4248//4216 4253//4355 4256//4357
f 4255//4352 4256//4357 4263//4362
f 4255//4352 4263//4362 4258//4358
f 4257//4359 4261//4363 4250//4220
f 4270//4364 4250//4220 4261//4363
f 4250//4220 4270//4364 4259//4360
f 4253//4355 4254//4356 4260//4365
f 4264//4366 4260//4365 4254//4356
f 4253//4355 4260//4365 4265//4367
f 4265//4367 4260//4365 4264//4366
f 4253//4355 4265//4367 4256//4357
f 4258//4358 4261//4363 4257//4359
f 4258//4358 4263//4362 4261//4363
f 4259//4360 4270//4364 4271//4368
f 4262//4369 4259//4360 4271//4368
f 4251//4353 4262//4369 4426//4361
f 4259//4360 4262//4369 4251//4353
f 4428//4370 4426//4361 4262//4369
f 4256//4357 4266//4371 4267//4372
f 4267//4372 4266//4371 4278//4373
f 4256//4357 4265//4367 4266//4371
f 4263//4362 4256//4357 4267//4372
f 4267//4372 4268//4374 4263//4362
f 4268//4374 4269//4375 4263//4362
f 4269//4375 4268//4374 4273//4376
f 4261//4363 4263//4362 4269//4375
f 4270//4364 4261//4363 4269//4375
f 4264//4366 4277//4377 4265//4367
f 4278//4373 4266//4371 4265//4367
f 4268//4374 4267//4372 4273//4376
f 4269//4375 4273//4376 4274//4378
f 4270//4364 4269//4375 4274//4378
f 4278//4373 4275//4379 4267//4372
f 4271//4368 4270//4364 4272//4380
f 4271//4368 4272//4380 4432//4381
f 4432//4381 4279//4382 4280//4383
f 4272//4380 4279//4382 4432//4381
f 4267//4372 4275//4379 4273//4376
f 4272//4380 4270//4364 4279//4382
f 4274//4378 4279//4382 4270//4364
f 4277//4377 4278//4373 4265//4367
f 4264//4366 4276//4384 4277//4377
f 4273//4376 4275//4379 4288//4223
f 4273//4376 4288//4223 4274//4378
f 4289//4224 4279//4382 4274//4378
f 4283//4385 4275//4379 4278//4373
f 4276//4384 4281//4386 4277//4377
f 4275//4379 4283//4385 4288//4223
f 4289//4224 4290//4387 4279//4382
f 4279//4382 4290//4387 4280//4383
f 4282//4388 4277//4377 4281//4386
f 4277//4377 4282//4388 4278//4373
f 4274//4378 4288//4223 4289//4224
f 4290//4387 4284//4389 4280//4383
f 4280//4383 4284//4389 4438//4390
f 4286//4391 4281//4386 4276//4384
f 4286//4391 4276//4384 4437//4392
f 4278//4373 4282//4388 4283//4385
f 4283//4385 4292//4221 4288//4223
f 4291//4393 4286//4391 4437//4392
f 4281//4386 4294//4394 4282//4388
f 4281//4386 4285//4395 4295//4226
f 4281//4386 4295//4226 4294//4394
f 4285//4395 4281//4386 4286//4391
f 4285//4395 4286//4391 4291//4393
f 4287//4396 4294//4394 4292//4221
f 4294//4394 4287//4396 4282//4388
f 4282//4388 4287//4396 4283//4385
f 4283//4385 4287//4396 4292//4221
f 4297//4232 4293//4397 4284//4389
f 4296//4398 4295//4226 4285//4395
f 4296//4398 4285//4395 4291//4393
f 4290//4387 4289//4224 4297//4232
f 4297//4232 4284//4389 4290//4387
f 4299//4399 4442//4400 4293//4397
f 4294//4394 4113//4056 4292//4221
f 4291//4393 4300//4228 4296//4398
f 4294//4394 4295//4226 4113//4056
f 4300//4228 4295//4226 4296//4398
f 4297//4232 4289//4224 4114//4229
f 4301//4233 4298//4401 4297//4232
f 4298//4401 4293//4397 4297//4232
f 4299//4399 4293//4397 4298//4401
f 4446//4402 4442//4400 4299//4399
f 4299//4399 4298//4401 4301//4233
f 4299//4399 4301//4233 4302//4403
f 4446//4402 4299//4399 4302//4403
f 4447//4404 4446//4402 4303//4405
f 4445//4406 4448//4407 4304//4238
f 4117//4234 4300//4228 4304//4238
f 4300//4228 4291//4393 4445//4406
f 4304//4238 4300//4228 4445//4406
f 4303//4405 4302//4403 4305//4244
f 4303//4405 4446//4402 4302//4403
f 4447//4404 4303//4405 4450//4408
f 4304//4238 4448//4407 4308//4409
f 4302//4403 4301//4233 4123//4236
f 4123//4236 4305//4244 4302//4403
f 4303//4405 4305//4244 4309//4410
f 4450//4408 4303//4405 4309//4410
f 4308//4409 4310//4240 4307//4237
f 4304//4238 4308//4409 4307//4237
f 4308//4409 4448//4407 4306//4411
f 4450//4408 4309//4410 4453//4412
f 4306//4411 4452//4413 4310//4240
f 4306//4411 4310//4240 4308//4409
f 4133//4245 4309//4410 4305//4244
f 4452//4413 4312//4414 4131//4246
f 4310//4240 4452//4413 4131//4246
f 4311//4247 4309//4410 4133//4245
f 4453//4412 4309//4410 4311//4247
f 4311//4247 4313//4248 4453//4412
f 4314//4415 4453//4412 4313//4248
f 4452//4413 4455//4416 4312//4414
f 4314//4415 4313//4248 4137//4249
f 4312//4414 4315//4250 4131//4246
f 4459//4417 4315//4250 4312//4414
f 4314//4415 4137//4249 4316//4251
f 4458//4418 4314//4415 4316//4251
f 4458//4418 4316//4251 4317//4419
f 4461//4420 4458//4418 4317//4419
f 4459//4417 4138//4077 4315//4250
f 4318//4421 4322//4254 4138//4077
f 4459//4417 4318//4421 4138//4077
f 4317//4419 4316//4251 4320//4252
f 4468//4422 4317//4419 4320//4252
f 4318//4421 4323//4423 4322//4254
f 4318//4421 4319//4424 4323//4423
f 4471//4425 4324//4426 4319//4424
f 4320//4252 3978//3951 4321//4427
f 4321//4427 3978//3951 4475//4082
f 4468//4422 4320//4252 4321//4427
f 4321//4427 4475//4082 4468//4422
f 4324//4426 4326//4255 4323//4423
f 4476//4428 4327//4429 4324//4426
f 4319//4424 4324//4426 4323//4423
f 4471//4425 4476//4428 4324//4426
f 4323//4423 4326//4255 4325//4256
f 4327//4429 4331//4257 4326//4255
f 4327//4429 4328//4430 4331//4257
f 4333//4431 4331//4257 4328//4430
f 4324//4426 4327//4429 4326//4255
f 4476//4428 4329//4432 4327//4429
f 4329//4432 4328//4430 4327//4429
f 4329//4432 4330//4433 4328//4430
f 4333//4431 4328//4430 4330//4433
f 4334//4434 4333//4431 4335//4435
f 4329//4432 4476//4428 4477//4436
f 4323//4423 4325//4256 4322//4254
f 4330//4433 4335//4435 4333//4431
f 4477//4436 4483//4437 4329//4432
f 4329//4432 4483//4437 4330//4433
f 4339//4267 4482//4258 4338//4259
f 4332//4262 4331//4257 4333//4431
f 4334//4434 4332//4262 4333//4431
f 4342//4260 4332//4262 4334//4434
f 4336//4438 4334//4434 4335//4435
f 4336//4438 4335//4435 4337//4439
f 4337//4439 4341//4264 4336//4438
f 4337//4439 4151//4270 4341//4264
f 4340//4440 4339//4267 4147//4266
f 4349//4441 4340//4440 4147//4266
f 4341//4264 4342//4260 4334//4434
f 4336//4438 4341//4264 4334//4434
f 4486//4442 4350//4273 4151//4270
f 4350//4273 4486//4442 4491//4443
f 4493//4444 4492//4445 4344//4446
f 4492//4445 4346//4447 4345//4448
f 4492//4445 4494//4449 4346//4447
f 4347//4450 4346//4447 4494//4449
f 4347//4450 4348//4451 4161//4275
f 4153//4268 4147//4266 4339//4267
f 4343//4452 4351//4274 4350//4273
f 4351//4274 4343//4452 4344//4446
f 4493//4444 4344//4446 4343//4452
f 4343//4452 4350//4273 4491//4443
f 4493//4444 4343//4452 4491//4443
f 4351//4274 4344//4446 4345//4448
f 4492//4445 4345//4448 4344//4446
f 4346//4447 4353//4453 4345//4448
f 4345//4448 4353//4453 4352//4124
f 4353//4453 4347//4450 4161//4275
f 4346//4447 4347//4450 4353//4453
f 4348//4451 4163//4265 4161//4275
f 4163//4265 4349//4441 4147//4266
f 4348//4451 4349//4441 4163//4265
f 4345//4448 4352//4124 4351//4274
f 4353//4453 4354//4123 4352//4124
f 4161//4275 4354//4123 4353//4453
f 4355//4281 4359//4454 4358//4295
f 4361//4455 4359//4454 4355//4281
f 4169//4131 4361//4455 4355//4281
f 4169//4131 4362//4456 4361//4455
f 4177//4282 4362//4456 4169//4131
f 4177//4282 4356//4284 4362//4456
f 4360//4457 4357//4140 4358//4295
f 4359//4454 4360//4457 4358//4295
f 4363//4458 4361//4455 4362//4456
f 4361//4455 4363//4458 4359//4454
f 4362//4456 4496//4459 4363//4458
f 4362//4456 4498//4460 4496//4459
f 4356//4284 4498//4460 4362//4456
f 4356//4284 4364//4286 4498//4460
f 4498//4460 4364//4286 4499//4461
f 4369//4462 4364//4286 4184//4289
f 4365//4290 4185//4288 4370//4463
f 4370//4463 4185//4288 4186//4297
f 4370//4463 4186//4297 4378//4464
f 4368//4465 4367//4310 4357//4140
f 4366//4309 4367//4310 4508//4466
f 4360//4457 4368//4465 4357//4140
f 4363//4458 4496//4459 4359//4454
f 4364//4286 4369//4462 4499//4461
f 4184//4289 4370//4463 4369//4462
f 4369//4462 4370//4463 4374//4467
f 4365//4290 4370//4463 4184//4289
f 4371//4311 4192//4296 4187//4152
f 4371//4311 4186//4297 4192//4296
f 4371//4311 4376//4317 4379//4468
f 4371//4311 4378//4464 4186//4297
f 4371//4311 4379//4468 4378//4464
f 4207//4308 4198//4307 4366//4309
f 4205//4306 4207//4308 4372//4316
f 4373//4469 4207//4308 4366//4309
f 4373//4469 4372//4316 4207//4308
f 4366//4309 4508//4466 4373//4469
f 4382//4470 4373//4469 4508//4466
f 4372//4316 4373//4469 4382//4470
f 4367//4310 4368//4465 4508//4466
f 4360//4457 4495//4471 4368//4465
f 4370//4463 4375//4472 4374//4467
f 4377//4319 4384//4473 4376//4317
f 4380//4312 4377//4319 4376//4317
f 4376//4317 4384//4473 4379//4468
f 4370//4463 4378//4464 4375//4472
f 4378//4464 4379//4468 4507//4474
f 4376//4317 4200//4301 4380//4312
f 4372//4316 4213//4324 4206//4314
f 4372//4316 4381//4475 4213//4324
f 4382//4470 4381//4475 4372//4316
f 4383//4325 4385//4476 4377//4319
f 4384//4473 4377//4319 4385//4476
f 4388//4477 4385//4476 4383//4325
f 4383//4325 4387//4327 4388//4477
f 4385//4476 4386//4478 4384//4473
f 4516//4479 4386//4478 4385//4476
f 4388//4477 4516//4479 4385//4476
f 4384//4473 4386//4478 4379//4468
f 4386//4478 4507//4474 4379//4468
f 4387//4327 4383//4325 4216//4173
f 4390//4323 4213//4324 4391//4480
f 4381//4475 4391//4480 4213//4324
f 4382//4470 4391//4480 4381//4475
f 4382//4470 4508//4466 4518//4481
f 4516//4479 4388//4477 4702//4482
f 4389//4322 4401//4483 4218//4326
f 4218//4326 4401//4483 4393//4329
f 4390//4323 4401//4483 4389//4322
f 4390//4323 4394//4484 4401//4483
f 4395//4485 4390//4323 4391//4480
f 4395//4485 4394//4484 4390//4323
f 4395//4485 4391//4480 4392//4486
f 4382//4470 4392//4486 4391//4480
f 4392//4486 4382//4470 4518//4481
f 4522//4487 4392//4486 4523//4488
f 4395//4485 4392//4486 4522//4487
f 4388//4477 4387//4327 4396//4179
f 4394//4484 4403//4489 4401//4483
f 4394//4484 4395//4485 4399//4490
f 4530//4491 4399//4490 4395//4485
f 4388//4477 4396//4179 4397//4492
f 4399//4490 4398//4493 4403//4489
f 4400//4494 4398//4493 4399//4490
f 4400//4494 4404//4495 4398//4493
f 4394//4484 4399//4490 4403//4489
f 4530//4491 4529//4496 4399//4490
f 4529//4496 4400//4494 4399//4490
f 4221//4328 4393//4329 4406//4497
f 4405//4498 4221//4328 4406//4497
f 4401//4483 4402//4499 4393//4329
f 4393//4329 4402//4499 4406//4497
f 4403//4489 4402//4499 4401//4483
f 4403//4489 4398//4493 4402//4499
f 4398//4493 4404//4495 4402//4499
f 4404//4495 4407//4500 4406//4497
f 4225//4330 4221//4328 4405//4498
f 4411//4501 4405//4498 4406//4497
f 4405//4498 4411//4501 4225//4330
f 4410//4502 4225//4330 4411//4501
f 4224//4332 4225//4330 4410//4502
f 4406//4497 4407//4500 4411//4501
f 4402//4499 4404//4495 4406//4497
f 4397//4492 4396//4179 4539//4503
f 4536//4504 4407//4500 4404//4495
f 4400//4494 4536//4504 4404//4495
f 4408//4336 4396//4179 4230//4334
f 4539//4503 4396//4179 4408//4336
f 4542//4505 4539//4503 4408//4336
f 4409//4506 4411//4501 4407//4500
f 4410//4502 4411//4501 4409//4506
f 4547//4507 4410//4502 4409//4506
f 4540//4508 4407//4500 4536//4504
f 4409//4506 4407//4500 4540//4508
f 4224//4332 4410//4502 4227//4191
f 4410//4502 4412//4509 4227//4191
f 4542//4505 4408//4336 4413//4335
f 4412//4509 4410//4502 4547//4507
f 4227//4191 4412//4509 4416//4337
f 4546//4510 4412//4509 4547//4507
f 4413//4335 4233//4338 4414//4341
f 4415//4511 4413//4335 4414//4341
f 4545//4512 4413//4335 4415//4511
f 4415//4511 4414//4341 4419//4513
f 4416//4337 4412//4509 4556//4514
f 4546//4510 4556//4514 4412//4509
f 4417//4342 4231//4199 4416//4337
f 4419//4513 4414//4341 4418//4340
f 4416//4337 4420//4343 4417//4342
f 4561//4515 4419//4513 4418//4340
f 4565//4516 4420//4343 4416//4337
f 4565//4516 4416//4337 4559//4517
f 4416//4337 4556//4514 4559//4517
f 4418//4340 4239//4339 4422//4518
f 4421//4348 4422//4518 4239//4339
f 4418//4340 4422//4518 4561//4515
f 4561//4515 4422//4518 4571//4519
f 4422//4518 4421//4348 4424//4349
f 4565//4516 4423//4351 4420//4343
f 4425//4520 4422//4518 4424//4349
f 4571//4519 4422//4518 4425//4520
f 4429//4521 4425//4520 4424//4349
f 4426//4361 4429//4521 4424//4349
f 4427//4522 4571//4519 4425//4520
f 4427//4522 4425//4520 4429//4521
f 4565//4516 4577//4523 4423//4351
f 4423//4351 4264//4366 4254//4356
f 4429//4521 4426//4361 4430//4524
f 4427//4522 4429//4521 4430//4524
f 4573//4525 4427//4522 4430//4524
f 4427//4522 4573//4525 4571//4519
f 4428//4370 4430//4524 4426//4361
f 4264//4366 4423//4351 4577//4523
f 4431//4526 4428//4370 4262//4369
f 4428//4370 4431//4526 4430//4524
f 4262//4369 4271//4368 4431//4526
f 4431//4526 4271//4368 4432//4381
f 4432//4381 4280//4383 4431//4526
f 4434//4527 4430//4524 4431//4526
f 4430//4524 4434//4527 4433//4528
f 4573//4525 4430//4524 4433//4528
f 4573//4525 4433//4528 4579//4529
f 4264//4366 4581//4530 4276//4384
f 4280//4383 4434//4527 4431//4526
f 4435//4531 4433//4528 4434//4527
f 4435//4531 4434//4527 4436//4532
f 4583//4533 4433//4528 4435//4531
f 4583//4533 4435//4531 4436//4532
f 4276//4384 4581//4530 4586//4534
f 4436//4532 4434//4527 4439//4535
f 4440//4536 4436//4532 4439//4535
f 4437//4392 4276//4384 4586//4534
f 4434//4527 4438//4390 4439//4535
f 4280//4383 4438//4390 4434//4527
f 4583//4533 4436//4532 4440//4536
f 4293//4397 4438//4390 4284//4389
f 4439//4535 4438//4390 4293//4397
f 4442//4400 4440//4536 4439//4535
f 4590//4537 4440//4536 4441//4538
f 4441//4538 4602//4539 4592//4540
f 4291//4393 4437//4392 4443//4541
f 4439//4535 4293//4397 4442//4400
f 4442//4400 4441//4538 4440//4536
f 4602//4539 4441//4538 4444//4542
f 4444//4542 4441//4538 4442//4400
f 4443//4541 4445//4406 4291//4393
f 4445//4406 4443//4541 4601//4543
f 4603//4544 4445//4406 4601//4543
f 4444//4542 4442//4400 4446//4402
f 4610//4545 4444//4542 4447//4404
f 4444//4542 4610//4545 4602//4539
f 4444//4542 4446//4402 4447//4404
f 4449//4546 4613//4547 4612//4548
f 4445//4406 4613//4547 4448//4407
f 4450//4408 4610//4545 4447//4404
f 4611//4549 4610//4545 4454//4550
f 4449//4546 4448//4407 4613//4547
f 4610//4545 4450//4408 4451//4551
f 4454//4550 4610//4545 4451//4551
f 4306//4411 4449//4546 4452//4413
f 4448//4407 4449//4546 4306//4411
f 4451//4551 4450//4408 4453//4412
f 4451//4551 4453//4412 4454//4550
f 4619//4552 4455//4416 4449//4546
f 4629//4553 4455//4416 4619//4552
f 4452//4413 4449//4546 4455//4416
f 4454//4550 4453//4412 4314//4415
f 4458//4418 4454//4550 4314//4415
f 4631//4554 4454//4550 4458//4418
f 4631//4554 4458//4418 4461//4420
f 4629//4553 4459//4417 4455//4416
f 4629//4553 4456//4555 4459//4417
f 4462//4556 4459//4417 4456//4555
f 4460//4557 4457//4558 4641//4559
f 4457//4558 4460//4557 4456//4555
f 4457//4558 4456//4555 4629//4553
f 4459//4417 4312//4414 4455//4416
f 4460//4557 4463//4560 4462//4556
f 4460//4557 4462//4556 4456//4555
f 4642//4561 4464//4562 4463//4560
f 4641//4559 4463//4560 4460//4557
f 4641//4559 4642//4561 4463//4560
f 4462//4556 4318//4421 4459//4417
f 4318//4421 4462//4556 4319//4424
f 4465//4563 4462//4556 4463//4560
f 4462//4556 4465//4563 4319//4424
f 4461//4420 4317//4419 4468//4422
f 4471//4425 4319//4424 4465//4563
f 4463//4560 4471//4425 4465//4563
f 4466//4564 4472//4565 4471//4425
f 4466//4564 4471//4425 4463//4560
f 4464//4562 4467//4566 4466//4564
f 4463//4560 4464//4562 4466//4564
f 4472//4565 4466//4564 4473//4567
f 4464//4562 4654//4568 4467//4566
f 4466//4564 4467//4566 4473//4567
f 4467//4566 4654//4568 4660//4569
f 4660//4569 4478//4570 4473//4567
f 4469//4571 4461//4420 4468//4422
f 4461//4420 4469//4571 4652//4572
f 4658//4573 4652//4572 4469//4571
f 4469//4571 4470//4574 4658//4573
f 4474//4575 4679//4576 4470//4574
f 4679//4576 4659//4577 4470//4574
f 4481//4578 4679//4576 4340//4440
f 4340//4440 4679//4576 4474//4575
f 4677//4579 4679//4576 4481//4578
f 4469//4571 4468//4422 4475//4082
f 4469//4571 4475//4082 4482//4258
f 4482//4258 4470//4574 4469//4571
f 4470//4574 4482//4258 4474//4575
f 4476//4428 4471//4425 4472//4565
f 4472//4565 4477//4436 4476//4428
f 4478//4570 4477//4436 4473//4567
f 4477//4436 4472//4565 4473//4567
f 4485//4580 4478//4570 4479//4581
f 4481//4578 4340//4440 4480//4582
f 4481//4578 4480//4582 4678//4583
f 4340//4440 4474//4575 4339//4267
f 4474//4575 4482//4258 4339//4267
f 4483//4437 4477//4436 4478//4570
f 4484//4584 4335//4435 4483//4437
f 4483//4437 4335//4435 4330//4433
f 4483//4437 4478//4570 4484//4584
f 4484//4584 4337//4439 4335//4435
f 4337//4439 4484//4584 4490//4585
f 4490//4585 4486//4442 4151//4270
f 4485//4580 4484//4584 4478//4570
f 4484//4584 4485//4580 4490//4585
f 4479//4581 4487//4586 4485//4580
f 4485//4580 4486//4442 4490//4585
f 4485//4580 4487//4586 4486//4442
f 4487//4586 4488//4587 4486//4442
f 4491//4443 4674//4588 4493//4444
f 4488//4587 4674//4588 4491//4443
f 4675//4589 4493//4444 4674//4588
f 4675//4589 4494//4449 4492//4445
f 4489//4590 4494//4449 4680//4591
f 4480//4582 4340//4440 4349//4441
f 4490//4585 4151//4270 4337//4439
f 4488//4587 4491//4443 4486//4442
f 4493//4444 4675//4589 4492//4445
f 4348//4451 4347//4450 4489//4590
f 4489//4590 4347//4450 4494//4449
f 4348//4451 4489//4590 4480//4582
f 4480//4582 4349//4441 4348//4451
f 4360//4457 4359//4454 4495//4471
f 4497//4592 4495//4471 4359//4454
f 4359//4454 4496//4459 4497//4592
f 4496//4459 4498//4460 4500//4593
f 4498//4460 4502//4594 4500//4593
f 4500//4593 4497//4592 4496//4459
f 4498//4460 4499//4461 4502//4594
f 4499//4461 4369//4462 4503//4595
f 4503//4595 4369//4462 4374//4467
f 4504//4596 4368//4465 4495//4471
f 4497//4592 4504//4596 4495//4471
f 4501//4597 4504//4596 4497//4592
f 4500//4593 4501//4597 4497//4592
f 4502//4594 4501//4597 4500//4593
f 4504//4596 4501//4597 4505//4598
f 4501//4597 4502//4594 4505//4598
f 4499//4461 4503//4595 4510//4599
f 4511//4600 4510//4599 4503//4595
f 4505//4598 4509//4601 4504//4596
f 4504//4596 4509//4601 4519//4602
f 4503//4595 4374//4467 4511//4600
f 4507//4474 4506//4603 4375//4472
f 4513//4604 4374//4467 4506//4603
f 4506//4603 4374//4467 4375//4472
f 4374//4467 4513//4604 4511//4600
f 4507//4474 4375//4472 4378//4464
f 4516//4479 4517//4605 4386//4478
f 4507//4474 4517//4605 4506//4603
f 4386//4478 4517//4605 4507//4474
f 4368//4465 4519//4602 4508//4466
f 4519//4602 4368//4465 4504//4596
f 4509//4601 4681//4606 4519//4602
f 4509//4601 4505//4598 4681//4606
f 4502//4594 4682//4607 4505//4598
f 4502//4594 4499//4461 4510//4599
f 4502//4594 4510//4599 4682//4607
f 4510//4599 4511//4600 4684//4608
f 4684//4608 4511//4600 4515//4609
f 4517//4605 4512//4610 4506//4603
f 4512//4610 4513//4604 4506//4603
f 4512//4610 4517//4605 4520//4611
f 4521//4612 4520//4611 4517//4605
f 4512//4610 4514//4613 4513//4604
f 4515//4609 4513//4604 4514//4613
f 4520//4611 4514//4613 4512//4610
f 4515//4609 4511//4600 4513//4604
f 4702//4482 4521//4612 4516//4479
f 4521//4612 4517//4605 4516//4479
f 4523//4488 4392//4486 4518//4481
f 4508//4466 4526//4614 4518//4481
f 4519//4602 4526//4614 4508//4466
f 4526//4614 4524//4615 4518//4481
f 4518//4481 4524//4615 4523//4488
f 4690//4616 4515//4609 4514//4613
f 4520//4611 4521//4612 4528//4617
f 4514//4613 4520//4611 4528//4617
f 4514//4613 4528//4617 4527//4618
f 4690//4616 4514//4613 4527//4618
f 4703//4619 4521//4612 4702//4482
f 4530//4491 4395//4485 4522//4487
f 4531//4620 4522//4487 4523//4488
f 4532//4621 4523//4488 4524//4615
f 4531//4620 4523//4488 4532//4621
f 4526//4614 4525//4622 4524//4615
f 4524//4615 4699//4623 4532//4621
f 4524//4615 4525//4622 4699//4623
f 4686//4624 4691//4625 4525//4622
f 4526//4614 4686//4624 4525//4622
f 4519//4602 4686//4624 4526//4614
f 4521//4612 4703//4619 4528//4617
f 4529//4496 4533//4626 4400//4494
f 4522//4487 4531//4620 4530//4491
f 4529//4496 4530//4491 4531//4620
f 4531//4620 4534//4627 4529//4496
f 4534//4627 4531//4620 4532//4621
f 4532//4621 4699//4623 4698//4628
f 4534//4627 4532//4621 4698//4628
f 4691//4625 4699//4623 4525//4622
f 4711//4629 4533//4626 4529//4496
f 4538//4630 4529//4496 4534//4627
f 4538//4630 4711//4629 4529//4496
f 4702//4482 4388//4477 4535//4631
f 4397//4492 4539//4503 4535//4631
f 4388//4477 4397//4492 4535//4631
f 4537//4632 4536//4504 4400//4494
f 4537//4632 4541//4633 4536//4504
f 4711//4629 4537//4632 4533//4626
f 4537//4632 4400//4494 4533//4626
f 4711//4629 4541//4633 4537//4632
f 4698//4628 4538//4630 4534//4627
f 4698//4628 4712//4634 4538//4630
f 4712//4634 4711//4629 4538//4630
f 4710//4635 4535//4631 4539//4503
f 4710//4635 4539//4503 4542//4505
f 4541//4633 4540//4508 4536//4504
f 4543//4636 4547//4507 4409//4506
f 4543//4636 4540//4508 4541//4633
f 4409//4506 4540//4508 4543//4636
f 4543//4636 4548//4637 4547//4507
f 4549//4638 4548//4637 4543//4636
f 4711//4629 4544//4639 4541//4633
f 4544//4639 4543//4636 4541//4633
f 4714//4640 4549//4638 4544//4639
f 4544//4639 4549//4638 4543//4636
f 4711//4629 4714//4640 4544//4639
f 4542//4505 4413//4335 4545//4512
f 4552//4641 4545//4512 4415//4511
f 4542//4505 4545//4512 4552//4641
f 4710//4635 4542//4505 4552//4641
f 4548//4637 4551//4642 4547//4507
f 4551//4642 4550//4643 4547//4507
f 4549//4638 4720//4644 4548//4637
f 4720//4644 4551//4642 4548//4637
f 4714//4640 4720//4644 4549//4638
f 4552//4641 4415//4511 4419//4513
f 4710//4635 4552//4641 4729//4645
f 4719//4646 4710//4635 4729//4645
f 4550//4643 4546//4510 4547//4507
f 4720//4644 4724//4647 4551//4642
f 4745//4648 4552//4641 4419//4513
f 4546//4510 4550//4643 4553//4649
f 4556//4514 4546//4510 4553//4649
f 4550//4643 4554//4650 4553//4649
f 4551//4642 4554//4650 4550//4643
f 4551//4642 4555//4651 4554//4650
f 4724//4647 4555//4651 4551//4642
f 4745//4648 4419//4513 4561//4515
f 4555//4651 4730//4652 4554//4650
f 4554//4650 4738//4653 4557//4654
f 4554//4650 4557//4654 4553//4649
f 4558//4655 4559//4517 4560//4656
f 4560//4656 4557//4654 4558//4655
f 4739//4657 4557//4654 4738//4653
f 4557//4654 4739//4657 4558//4655
f 4559//4517 4556//4514 4553//4649
f 4560//4656 4553//4649 4557//4654
f 4559//4517 4553//4649 4560//4656
f 4558//4655 4563//4658 4559//4517
f 4750//4659 4739//4657 4752//4660
f 4739//4657 4750//4659 4558//4655
f 4559//4517 4563//4658 4565//4516
f 4745//4648 4561//4515 4562//4661
f 4564//4662 4563//4658 4558//4655
f 4750//4659 4564//4662 4558//4655
f 4564//4662 4751//4663 4563//4658
f 4564//4662 4750//4659 4751//4663
f 4754//4664 4563//4658 4751//4663
f 4562//4661 4561//4515 4566//4665
f 4760//4666 4562//4661 4566//4665
f 4567//4667 4563//4658 4754//4664
f 4754//4664 4568//4668 4567//4667
f 4566//4665 4561//4515 4572//4669
f 4572//4669 4561//4515 4571//4519
f 4760//4666 4566//4665 4572//4669
f 4563//4658 4567//4667 4565//4516
f 4565//4516 4567//4667 4569//4670
f 4761//4671 4567//4667 4568//4668
f 4570//4672 4567//4667 4761//4671
f 4577//4523 4565//4516 4569//4670
f 4569//4670 4567//4667 4570//4672
f 4776//4673 4569//4670 4570//4672
f 4768//4674 4572//4669 4575//4675
f 4577//4523 4569//4670 4776//4673
f 4572//4669 4571//4519 4574//4676
f 4574//4676 4571//4519 4573//4525
f 4575//4675 4572//4669 4574//4676
f 4577//4523 4776//4673 4576//4677
f 4776//4673 4788//4678 4576//4677
f 4574//4676 4573//4525 4578//4679
f 4580//4680 4575//4675 4574//4676
f 4580//4680 4574//4676 4578//4679
f 4580//4680 4780//4681 4575//4675
f 4581//4530 4577//4523 4576//4677
f 4576//4677 4788//4678 4581//4530
f 4581//4530 4264//4366 4577//4523
f 4573//4525 4579//4529 4578//4679
f 4583//4533 4579//4529 4433//4528
f 4584//4682 4578//4679 4579//4529
f 4580//4680 4578//4679 4584//4682
f 4580//4680 4584//4682 4582//4683
f 4787//4684 4580//4680 4582//4683
f 4583//4533 4584//4682 4579//4529
f 4789//4685 4581//4530 4788//4678
f 4789//4685 4587//4686 4581//4530
f 4586//4534 4581//4530 4587//4686
f 4584//4682 4583//4533 4585//4687
f 4582//4683 4584//4682 4585//4687
f 4793//4688 4582//4683 4585//4687
f 4792//4689 4588//4690 4587//4686
f 4789//4685 4792//4689 4587//4686
f 4590//4537 4585//4687 4583//4533
f 4585//4687 4590//4537 4793//4688
f 4588//4690 4437//4392 4587//4686
f 4591//4691 4588//4690 4589//4692
f 4589//4692 4588//4690 4792//4689
f 4587//4686 4437//4392 4586//4534
f 4590//4537 4583//4533 4440//4536
f 4593//4693 4792//4689 4801//4694
f 4588//4690 4591//4691 4437//4392
f 4594//4695 4591//4691 4589//4692
f 4594//4695 4437//4392 4591//4691
f 4589//4692 4792//4689 4597//4696
f 4592//4540 4590//4537 4441//4538
f 4793//4688 4590//4537 4592//4540
f 4597//4696 4601//4543 4595//4697
f 4792//4689 4593//4693 4597//4696
f 4443//4541 4594//4695 4601//4543
f 4594//4695 4443//4541 4437//4392
f 4595//4697 4594//4695 4589//4692
f 4601//4543 4594//4695 4595//4697
f 4595//4697 4589//4692 4597//4696
f 4592//4540 4602//4539 4596//4698
f 4793//4688 4592//4540 4596//4698
f 4601//4543 4597//4696 4603//4544
f 4598//4699 4597//4696 4593//4693
f 4599//4700 4598//4699 4600//4701
f 4597//4696 4598//4699 4599//4700
f 4593//4693 4600//4701 4598//4699
f 4801//4694 4600//4701 4593//4693
f 4600//4701 4605//4702 4599//4700
f 4801//4694 4814//4703 4600//4701
f 4814//4703 4605//4702 4600//4701
f 4604//4704 4603//4544 4599//4700
f 4608//4705 4603//4544 4604//4704
f 4599//4700 4603//4544 4597//4696
f 4605//4702 4604//4704 4599//4700
f 4816//4706 4606//4707 4604//4704
f 4605//4702 4816//4706 4604//4704
f 4611//4549 4602//4539 4610//4545
f 4611//4549 4596//4698 4602//4539
f 4607//4708 4609//4709 4606//4707
f 4606//4707 4609//4709 4608//4705
f 4816//4706 4821//4710 4606//4707
f 4822//4711 4607//4708 4606//4707
f 4613//4547 4445//4406 4603//4544
f 4608//4705 4613//4547 4603//4544
f 4608//4705 4609//4709 4613//4547
f 4604//4704 4606//4707 4608//4705
f 4607//4708 4612//4548 4609//4709
f 4613//4547 4609//4709 4612//4548
f 4621//4712 4614//4713 4616//4714
f 4607//4708 4614//4713 4612//4548
f 4614//4713 4621//4712 4612//4548
f 4615//4715 4617//4716 4614//4713
f 4617//4716 4616//4714 4614//4713
f 4615//4715 4614//4713 4830//4717
f 4830//4717 4614//4713 4607//4708
f 4835//4718 4617//4716 4615//4715
f 4835//4718 4839//4719 4617//4716
f 4832//4720 4611//4549 4618//4721
f 4832//4720 4618//4721 4627//4722
f 4612//4548 4621//4712 4620//4723
f 4617//4716 4621//4712 4616//4714
f 4449//4546 4612//4548 4620//4723
f 4611//4549 4454//4550 4618//4721
f 4620//4723 4621//4712 4449//4546
f 4621//4712 4619//4552 4449//4546
f 4621//4712 4625//4724 4619//4552
f 4630//4725 4625//4724 4622//4726
f 4622//4726 4621//4712 4617//4716
f 4621//4712 4622//4726 4625//4724
f 4617//4716 4623//4727 4622//4726
f 4624//4728 4623//4727 4617//4716
f 4624//4728 4637//4729 4623//4727
f 4839//4719 4624//4728 4617//4716
f 4839//4719 4840//4730 4624//4728
f 4618//4721 4454//4550 4631//4554
f 4625//4724 4629//4553 4619//4552
f 4625//4724 4630//4725 4629//4553
f 4623//4727 4630//4725 4622//4726
f 4623//4727 4626//4731 4630//4725
f 4623//4727 4637//4729 4626//4731
f 4637//4729 4624//4728 4849//4732
f 4627//4722 4628//4733 4632//4734
f 4632//4734 4628//4733 4631//4554
f 4628//4733 4618//4721 4631//4554
f 4628//4733 4627//4722 4618//4721
f 4630//4725 4457//4558 4629//4553
f 4626//4731 4457//4558 4630//4725
f 4626//4731 4633//4735 4457//4558
f 4849//4732 4850//4736 4637//4729
f 4639//4737 4866//4738 4627//4722
f 4627//4722 4652//4572 4639//4737
f 4632//4734 4652//4572 4627//4722
f 4633//4735 4634//4739 4457//4558
f 4634//4739 4641//4559 4457//4558
f 4635//4740 4634//4739 4633//4735
f 4643//4741 4634//4739 4635//4740
f 4626//4731 4635//4740 4633//4735
f 4637//4729 4636//4742 4635//4740
f 4626//4731 4637//4729 4635//4740
f 4643//4741 4635//4740 4636//4742
f 4638//4743 4648//4744 4647//4745
f 4638//4743 4637//4729 4850//4736
f 4636//4742 4637//4729 4638//4743
f 4631//4554 4461//4420 4632//4734
f 4652//4572 4632//4734 4461//4420
f 4653//4746 4640//4747 4639//4737
f 4640//4747 4865//4748 4639//4737
f 4634//4739 4642//4561 4641//4559
f 4644//4749 4464//4562 4642//4561
f 4642//4561 4634//4739 4643//4741
f 4643//4741 4644//4749 4642//4561
f 4636//4742 4645//4750 4643//4741
f 4643//4741 4645//4750 4644//4749
f 4646//4751 4644//4749 4645//4750
f 4638//4743 4645//4750 4636//4742
f 4645//4750 4647//4745 4646//4751
f 4654//4568 4644//4749 4646//4751
f 4638//4743 4647//4745 4645//4750
f 4647//4745 4648//4744 4646//4751
f 4648//4744 4649//4752 4650//4753
f 4874//4754 4650//4753 4867//4755
f 4649//4752 4867//4755 4650//4753
f 4651//4756 4640//4747 4653//4746
f 4873//4757 4640//4747 4651//4756
f 4652//4572 4658//4573 4639//4737
f 4644//4749 4654//4568 4464//4562
f 4660//4569 4654//4568 4655//4758
f 4654//4568 4646//4751 4655//4758
f 4655//4758 4661//4759 4660//4569
f 4661//4759 4655//4758 4646//4751
f 4648//4744 4662//4760 4661//4759
f 4646//4751 4648//4744 4661//4759
f 4650//4753 4662//4760 4648//4744
f 4662//4760 4650//4753 4663//4761
f 4663//4761 4874//4754 4665//4762
f 4663//4761 4650//4753 4874//4754
f 4874//4754 4880//4763 4665//4762
f 4880//4763 4666//4764 4665//4762
f 4878//4765 4656//4766 4671//4767
f 4656//4766 4672//4768 4671//4767
f 4883//4769 4671//4767 4670//4770
f 4883//4769 4878//4765 4671//4767
f 4673//4771 4672//4768 4656//4766
f 4659//4577 4657//4772 4653//4746
f 4653//4746 4657//4772 4651//4756
f 4673//4771 4651//4756 4657//4772
f 4651//4756 4673//4771 4656//4766
f 4659//4577 4639//4737 4658//4573
f 4653//4746 4639//4737 4659//4577
f 4473//4567 4467//4566 4660//4569
f 4660//4569 4661//4759 4478//4570
f 4661//4759 4479//4581 4478//4570
f 4661//4759 4662//4760 4479//4581
f 4662//4760 4663//4761 4479//4581
f 4479//4581 4663//4761 4664//4773
f 4665//4762 4664//4773 4663//4761
f 4665//4762 4666//4764 4664//4773
f 4674//4588 4664//4773 4666//4764
f 4666//4764 4668//4774 4667//4775
f 4880//4763 4668//4774 4666//4764
f 4669//4776 4667//4775 4668//4774
f 4669//4776 4670//4770 4676//4777
f 4881//4778 4882//4779 4669//4776
f 4882//4779 4670//4770 4669//4776
f 4672//4768 4678//4583 4670//4770
f 4670//4770 4671//4767 4672//4768
f 4678//4583 4672//4768 4677//4579
f 4672//4768 4673//4771 4677//4579
f 4679//4576 4657//4772 4659//4577
f 4679//4576 4673//4771 4657//4772
f 4673//4771 4679//4576 4677//4579
f 4658//4573 4470//4574 4659//4577
f 4664//4773 4487//4586 4479//4581
f 4666//4764 4667//4775 4674//4588
f 4667//4775 4675//4589 4674//4588
f 4667//4775 4669//4776 4675//4589
f 4676//4777 4675//4589 4669//4776
f 4676//4777 4680//4591 4675//4589
f 4680//4591 4676//4777 4670//4770
f 4678//4583 4480//4582 4489//4590
f 4670//4770 4678//4583 4680//4591
f 4680//4591 4678//4583 4489//4590
f 4678//4583 4677//4579 4481//4578
f 4664//4773 4488//4587 4487//4586
f 4664//4773 4674//4588 4488//4587
f 4494//4449 4675//4589 4680//4591
f 4505//4598 4682//4607 4681//4606
f 4519//4602 4681//4606 4687//4780
f 4681//4606 4688//4781 4687//4780
f 4688//4781 4681//4606 4682//4607
f 4682//4607 4510//4599 4684//4608
f 4682//4607 4684//4608 4685//4782
f 4682//4607 4685//4782 4683//4783
f 4685//4782 4684//4608 4690//4616
f 4690//4616 4684//4608 4515//4609
f 4519//4602 4692//4784 4686//4624
f 4686//4624 4692//4784 4691//4625
f 4519//4602 4687//4780 4692//4784
f 4682//4607 4683//4783 4689//4785
f 4682//4607 4701//4786 4688//4781
f 4682//4607 4689//4785 4701//4786
f 4683//4783 4685//4782 4689//4785
f 4685//4782 4690//4616 4697//4787
f 4696//4788 4697//4787 4690//4616
f 4690//4616 4527//4618 4696//4788
f 4691//4625 4692//4784 4693//4789
f 4695//4790 4693//4789 4692//4784
f 4687//4780 4694//4791 4692//4784
f 4687//4780 4688//4781 4694//4791
f 4694//4791 4688//4781 4701//4786
f 4692//4784 4694//4791 4695//4790
f 4695//4790 4694//4791 4701//4786
f 4885//4792 4701//4786 4689//4785
f 4689//4785 4685//4782 4885//4792
f 4886//4793 4685//4782 4697//4787
f 4685//4782 4886//4793 4885//4792
f 4696//4788 4527//4618 4528//4617
f 4691//4625 4693//4789 4699//4623
f 4701//4786 4700//4794 4695//4790
f 4885//4792 4884//4795 4701//4786
f 4703//4619 4704//4796 4528//4617
f 4528//4617 4704//4796 4696//4788
f 4698//4628 4699//4623 4712//4634
f 4699//4623 4705//4797 4712//4634
f 4705//4797 4699//4623 4693//4789
f 4693//4789 4695//4790 4706//4798
f 4695//4790 4700//4794 4706//4798
f 4696//4788 4704//4796 4709//4799
f 4697//4787 4708//4800 4886//4793
f 4696//4788 4709//4799 4697//4787
f 4697//4787 4709//4799 4708//4800
f 4693//4789 4706//4798 4705//4797
f 4706//4798 4890//4801 4705//4797
f 4707//4802 4709//4799 4704//4796
f 4707//4802 4703//4619 4713//4803
f 4704//4796 4703//4619 4707//4802
f 4707//4802 4713//4803 4709//4799
f 4710//4635 4702//4482 4535//4631
f 4702//4482 4710//4635 4719//4646
f 4702//4482 4719//4646 4703//4619
f 4712//4634 4716//4804 4711//4629
f 4711//4629 4715//4805 4714//4640
f 4715//4805 4720//4644 4714//4640
f 4716//4804 4715//4805 4711//4629
f 4716//4804 4717//4806 4715//4805
f 4717//4806 4716//4804 4712//4634
f 4712//4634 4718//4807 4717//4806
f 4712//4634 4705//4797 4718//4807
f 4723//4808 4717//4806 4718//4807
f 4723//4808 4718//4807 4705//4797
f 4719//4646 4713//4803 4703//4619
f 4726//4809 4720//4644 4721//4810
f 4726//4809 4724//4647 4720//4644
f 4715//4805 4721//4810 4720//4644
f 4721//4810 4715//4805 4717//4806
f 4721//4810 4727//4811 4726//4809
f 4722//4812 4721//4810 4717//4806
f 4727//4811 4721//4810 4722//4812
f 4722//4812 4717//4806 4723//4808
f 4727//4811 4722//4812 4723//4808
f 4725//4813 4730//4652 4555//4651
f 4726//4809 4731//4814 4725//4813
f 4731//4814 4730//4652 4725//4813
f 4732//4815 4731//4814 4726//4809
f 4726//4809 4725//4813 4724//4647
f 4725//4813 4555//4651 4724//4647
f 4727//4811 4732//4815 4726//4809
f 4723//4808 4737//4816 4727//4811
f 4910//4817 4713//4803 4719//4646
f 4719//4646 4728//4818 4910//4817
f 4745//4648 4744//4819 4552//4641
f 4729//4645 4552//4641 4744//4819
f 4929//4820 4729//4645 4744//4819
f 4719//4646 4729//4645 4728//4818
f 4729//4645 4929//4820 4728//4818
f 4730//4652 4740//4821 4738//4653
f 4554//4650 4730//4652 4738//4653
f 4731//4814 4740//4821 4730//4652
f 4732//4815 4733//4822 4731//4814
f 4734//4823 4732//4815 4727//4811
f 4734//4823 4733//4822 4732//4815
f 4727//4811 4735//4824 4734//4823
f 4743//4825 4734//4823 4735//4824
f 4737//4816 4735//4824 4727//4811
f 4736//4826 4735//4824 4737//4816
f 4743//4825 4735//4824 4736//4826
f 4741//4827 4738//4653 4740//4821
f 4741//4827 4739//4657 4738//4653
f 4731//4814 4742//4828 4740//4821
f 4742//4828 4741//4827 4740//4821
f 4733//4822 4742//4828 4731//4814
f 4746//4829 4741//4827 4742//4828
f 4734//4823 4742//4828 4733//4822
f 4734//4823 4747//4830 4742//4828
f 4747//4830 4746//4829 4742//4828
f 4743//4825 4747//4830 4734//4823
f 4736//4826 4918//4831 4743//4825
f 4736//4826 4737//4816 4918//4831
f 4743//4825 4918//4831 4926//4832
f 4741//4827 4752//4660 4739//4657
f 4746//4829 4752//4660 4741//4827
f 4746//4829 4753//4833 4752//4660
f 4747//4830 4743//4825 4926//4832
f 4744//4819 4745//4648 4748//4834
f 4749//4835 4744//4819 4748//4834
f 4929//4820 4744//4819 4749//4835
f 4745//4648 4562//4661 4748//4834
f 4750//4659 4752//4660 4751//4663
f 4753//4833 4746//4829 4757//4836
f 4748//4834 4562//4661 4760//4666
f 4748//4834 4760//4666 4749//4835
f 4754//4664 4751//4663 4752//4660
f 4754//4664 4755//4837 4568//4668
f 4754//4664 4752//4660 4755//4837
f 4756//4838 4755//4837 4752//4660
f 4756//4838 4762//4839 4755//4837
f 4753//4833 4756//4838 4752//4660
f 4763//4840 4762//4839 4756//4838
f 4757//4836 4758//4841 4753//4833
f 4758//4841 4756//4838 4753//4833
f 4758//4841 4759//4842 4756//4838
f 4759//4842 4763//4840 4756//4838
f 4759//4842 4765//4843 4763//4840
f 4747//4830 4757//4836 4746//4829
f 4747//4830 4938//4844 4757//4836
f 4938//4844 4758//4841 4757//4836
f 4749//4835 4760//4666 4949//4845
f 4765//4843 4764//4846 4763//4840
f 4761//4671 4766//4847 4570//4672
f 4755//4837 4761//4671 4568//4668
f 4755//4837 4762//4839 4761//4671
f 4762//4839 4767//4848 4761//4671
f 4764//4846 4767//4848 4762//4839
f 4763//4840 4764//4846 4762//4839
f 4759//4842 4943//4849 4765//4843
f 4760//4666 4572//4669 4768//4674
f 4771//4850 4764//4846 4765//4843
f 4947//4851 4771//4850 4765//4843
f 4570//4672 4772//4852 4776//4673
f 4766//4847 4761//4671 4767//4848
f 4570//4672 4766//4847 4772//4852
f 4760//4666 4768//4674 4773//4853
f 4773//4853 4949//4845 4760//4666
f 4764//4846 4770//4854 4767//4848
f 4770//4854 4769//4855 4767//4848
f 4770//4854 4775//4856 4769//4855
f 4764//4846 4771//4850 4770//4854
f 4771//4850 4775//4856 4770//4854
f 4947//4851 4950//4857 4771//4850
f 4772//4852 4766//4847 4769//4855
f 4766//4847 4767//4848 4769//4855
f 4773//4853 4768//4674 4781//4858
f 4954//4859 4773//4853 4781//4858
f 4769//4855 4774//4860 4772//4852
f 4772//4852 4774//4860 4776//4673
f 4778//4861 4774//4860 4779//4862
f 4769//4855 4775//4856 4774//4860
f 4775//4856 4779//4862 4774//4860
f 4950//4857 4775//4856 4771//4850
f 4955//4863 4775//4856 4950//4857
f 4955//4863 4779//4862 4775//4856
f 4768//4674 4575//4675 4780//4681
f 4768//4674 4780//4681 4781//4858
f 4954//4859 4781//4858 4983//4864
f 4774//4860 4777//4865 4776//4673
f 4776//4673 4777//4865 4788//4678
f 4778//4861 4777//4865 4774//4860
f 4779//4862 4782//4866 4778//4861
f 4955//4863 4956//4867 4779//4862
f 4956//4867 4782//4866 4779//4862
f 4781//4858 4780//4681 4786//4868
f 4786//4868 4983//4864 4781//4858
f 4778//4861 4782//4866 4777//4865
f 4785//4869 4782//4866 4968//4870
f 4968//4870 4782//4866 4956//4867
f 4968//4870 4976//4871 4785//4869
f 4780//4681 4580//4680 4787//4684
f 4786//4868 4780//4681 4787//4684
f 4788//4678 4777//4865 4783//4872
f 4777//4865 4784//4873 4783//4872
f 4784//4873 4777//4865 4782//4866
f 4782//4866 4785//4869 4784//4873
f 4783//4872 4789//4685 4788//4678
f 4789//4685 4783//4872 4784//4873
f 4976//4871 4985//4874 4785//4869
f 4786//4868 4787//4684 4582//4683
f 4786//4868 4582//4683 4804//4875
f 4786//4868 4804//4875 4983//4864
f 4785//4869 4985//4874 4784//4873
f 4784//4873 4801//4694 4789//4685
f 4804//4875 4582//4683 4793//4688
f 4801//4694 4784//4873 4791//4876
f 4784//4873 4790//4877 4791//4876
f 4985//4874 4790//4877 4784//4873
f 4985//4874 4791//4876 4790//4877
f 4792//4689 4789//4685 4801//4694
f 4820//4878 4983//4864 4804//4875
f 4985//4874 4796//4879 4791//4876
f 4985//4874 4797//4880 4796//4879
f 4804//4875 4793//4688 4596//4698
f 4801//4694 4791//4876 4794//4881
f 4791//4876 4795//4882 4794//4881
f 4796//4879 4802//4883 4791//4876
f 4802//4883 4795//4882 4791//4876
f 4797//4880 4802//4883 4796//4879
f 4798//4884 4802//4883 4797//4880
f 4803//4885 4802//4883 4798//4884
f 5004//4886 4798//4884 4797//4880
f 5004//4886 4803//4885 4798//4884
f 5008//4887 4803//4885 5004//4886
f 4802//4883 4808//4888 4799//4889
f 4808//4888 4807//4890 4799//4889
f 4803//4885 4800//4891 4802//4883
f 4800//4891 4808//4888 4802//4883
f 4813//4892 4800//4891 4803//4885
f 4799//4889 4814//4703 4801//4694
f 4794//4881 4799//4889 4801//4694
f 4795//4882 4802//4883 4799//4889
f 4795//4882 4799//4889 4794//4881
f 5008//4887 4813//4892 4803//4885
f 4806//4893 4814//4703 4799//4889
f 4817//4894 4816//4706 4805//4895
f 4805//4895 4814//4703 4806//4893
f 4807//4890 4806//4893 4799//4889
f 4807//4890 4805//4895 4806//4893
f 4807//4890 4817//4894 4805//4895
f 4808//4888 4809//4896 4807//4890
f 4809//4896 4810//4897 4807//4890
f 4800//4891 4811//4898 4808//4888
f 4811//4898 4809//4896 4808//4888
f 4811//4898 4810//4897 4809//4896
f 4811//4898 4812//4899 4810//4897
f 4811//4898 4813//4892 4815//4900
f 4811//4898 4800//4891 4813//4892
f 5014//4901 4815//4900 4813//4892
f 4814//4703 4805//4895 4605//4702
f 4805//4895 4816//4706 4605//4702
f 4811//4898 4815//4900 4812//4899
f 5014//4901 5016//4902 4815//4900
f 4821//4710 4816//4706 4817//4894
f 4818//4903 4821//4710 4817//4894
f 4818//4903 4823//4904 4821//4710
f 4817//4894 4807//4890 4819//4905
f 4819//4905 4818//4903 4817//4894
f 4819//4905 4826//4906 4818//4903
f 4826//4906 4823//4904 4818//4903
f 4810//4897 4825//4907 4807//4890
f 4825//4907 4819//4905 4807//4890
f 4826//4906 4819//4905 4825//4907
f 4812//4899 4825//4907 4810//4897
f 4812//4899 5027//4908 4825//4907
f 5027//4908 4812//4899 5015//4909
f 5027//4908 5015//4909 5029//4910
f 4611//4549 4804//4875 4596//4698
f 4821//4710 4822//4711 4606//4707
f 4823//4904 4824//4911 4822//4711
f 4823//4904 4822//4711 4821//4710
f 4824//4911 4823//4904 4826//4906
f 4824//4911 4826//4906 4827//4912
f 4824//4911 4830//4717 4822//4711
f 4830//4717 4824//4911 4827//4912
f 4827//4912 4831//4913 4830//4717
f 4825//4907 4828//4914 4826//4906
f 4828//4914 4829//4915 4827//4912
f 4829//4915 4831//4913 4827//4912
f 4828//4914 4825//4907 5027//4908
f 4827//4912 4826//4906 4828//4914
f 4829//4915 4828//4914 5027//4908
f 5027//4908 5028//4916 4829//4915
f 4804//4875 4611//4549 4832//4720
f 4820//4878 4832//4720 4833//4917
f 4804//4875 4832//4720 4820//4878
f 5035//4918 4820//4878 4833//4917
f 5035//4918 4833//4917 4834//4919
f 5035//4918 4834//4919 5025//4920
f 4822//4711 4830//4717 4607//4708
f 4835//4718 4615//4715 4830//4717
f 4836//4921 4835//4718 4830//4717
f 4831//4913 4836//4921 4830//4717
f 4831//4913 4837//4922 4836//4921
f 4831//4913 4829//4915 4837//4922
f 4837//4922 4829//4915 5028//4916
f 5028//4916 4838//4923 4837//4922
f 4833//4917 4832//4720 4627//4722
f 4834//4919 4833//4917 4627//4722
f 5051//4924 5036//4925 4834//4919
f 4840//4730 4839//4719 4835//4718
f 4840//4730 4835//4718 4836//4921
f 4841//4926 4836//4921 4837//4922
f 4834//4919 4857//4927 5051//4924
f 4841//4926 4840//4730 4836//4921
f 4841//4926 4843//4928 4840//4730
f 4841//4926 4845//4929 4843//4928
f 4845//4929 4841//4926 4837//4922
f 4837//4922 4846//4930 4845//4929
f 4846//4930 4837//4922 4847//4931
f 4847//4931 4837//4922 4838//4923
f 4838//4923 4851//4932 4847//4931
f 4848//4933 4851//4932 4838//4923
f 5050//4934 5051//4924 4842//4935
f 4843//4928 4849//4732 4624//4728
f 4840//4730 4843//4928 4624//4728
f 4849//4732 4843//4928 4845//4929
f 4849//4732 4845//4929 4850//4736
f 4845//4929 4844//4936 4850//4736
f 4845//4929 4847//4931 4844//4936
f 4845//4929 4846//4930 4847//4931
f 4853//4937 4852//4938 4848//4933
f 4848//4933 5052//4939 4853//4937
f 4856//4940 5057//4941 5050//4934
f 5050//4934 4842//4935 4856//4940
f 4842//4935 4857//4927 4856//4940
f 5051//4924 4857//4927 4842//4935
f 4858//4942 4850//4736 4844//4936
f 4858//4942 4844//4936 4847//4931
f 4847//4931 4851//4932 4858//4942
f 4848//4933 4852//4938 4851//4932
f 4852//4938 4859//4943 4851//4932
f 4859//4943 4858//4942 4851//4932
f 5055//4944 4860//4945 4853//4937
f 5055//4944 4854//4946 4860//4945
f 5058//4947 4861//4948 4854//4946
f 5059//4949 5057//4941 4862//4950
f 4866//4738 4834//4919 4627//4722
f 4866//4738 4857//4927 4834//4919
f 4858//4942 4648//4744 4850//4736
f 4638//4743 4850//4736 4648//4744
f 4858//4942 4859//4943 4648//4744
f 4859//4943 4852//4938 4867//4755
f 4853//4937 4868//4951 4852//4938
f 4860//4945 4870//4952 4869//4953
f 4870//4952 4860//4945 4854//4946
f 4861//4948 4870//4952 4854//4946
f 4861//4948 4855//4954 4863//4955
f 4862//4950 4871//4956 4863//4955
f 4855//4954 4862//4950 4863//4955
f 4862//4950 4864//4957 4872//4958
f 4856//4940 4864//4957 5057//4941
f 4864//4957 4862//4950 5057//4941
f 4865//4748 4866//4738 4639//4737
f 4857//4927 4866//4738 4865//4748
f 4865//4748 4856//4940 4857//4927
f 4859//4943 4649//4752 4648//4744
f 4649//4752 4859//4943 4867//4755
f 4852//4938 4868//4951 4867//4755
f 4853//4937 4860//4945 4868//4951
f 4860//4945 4869//4953 4868//4951
f 4875//4959 4870//4952 4877//4960
f 4870//4952 4875//4959 4869//4953
f 4861//4948 4877//4960 4870//4952
f 4861//4948 4863//4955 4877//4960
f 4873//4757 4872//4958 4864//4957
f 4873//4757 4878//4765 4872//4958
f 4878//4765 4871//4956 4872//4958
f 4871//4956 4862//4950 4872//4958
f 4873//4757 4865//4748 4640//4747
f 4864//4957 4865//4748 4873//4757
f 4864//4957 4856//4940 4865//4748
f 4868//4951 4874//4754 4867//4755
f 4868//4951 4869//4953 4874//4754
f 4875//4959 4880//4763 4869//4953
f 4871//4956 4876//4961 4877//4960
f 4877//4960 4876//4961 4881//4778
f 4863//4955 4871//4956 4877//4960
f 4871//4956 4878//4765 4879//4962
f 4876//4961 4871//4956 4879//4962
f 4873//4757 4656//4766 4878//4765
f 4656//4766 4873//4757 4651//4756
f 4874//4754 4869//4953 4880//4763
f 4668//4774 4881//4778 4669//4776
f 4875//4959 4881//4778 4880//4763
f 4881//4778 4668//4774 4880//4763
f 4881//4778 4875//4959 4877//4960
f 4882//4779 4876//4961 4883//4769
f 4882//4779 4883//4769 4670//4770
f 4882//4779 4881//4778 4876//4961
f 4876//4961 4879//4962 4883//4769
f 4883//4769 4879//4962 4878//4765
f 4700//4794 4701//4786 4884//4795
f 4884//4795 4892//4963 4899//4964
f 4884//4795 4885//4792 4892//4963
f 4885//4792 4893//4965 4892//4963
f 4706//4798 4891//4966 4890//4801
f 4700//4794 4884//4795 4706//4798
f 4706//4798 4884//4795 4891//4966
f 4885//4792 4886//4793 4893//4965
f 4888//4967 4708//4800 4709//4799
f 4886//4793 4708//4800 4887//4968
f 4886//4793 4887//4968 4893//4965
f 4708//4800 4888//4967 4887//4968
f 4887//4968 4888//4967 4895//4969
f 4896//4970 4888//4967 4709//4799
f 4713//4803 4896//4970 4709//4799
f 4889//4971 4705//4797 4890//4801
f 4890//4801 4898//4972 4889//4971
f 4891//4966 4898//4972 4890//4801
f 4884//4795 4899//4964 4891//4966
f 4893//4965 4901//4973 4892//4963
f 4894//4974 4893//4965 4887//4968
f 4887//4968 4895//4969 4894//4974
f 4893//4965 4894//4974 4901//4973
f 4888//4967 4896//4970 4895//4969
f 4705//4797 4889//4971 4723//4808
f 4897//4975 4723//4808 4889//4971
f 4898//4972 4897//4975 4889//4971
f 4899//4964 4902//4976 4898//4972
f 4899//4964 4905//4977 4902//4976
f 4891//4966 4899//4964 4898//4972
f 4899//4964 4892//4963 4900//4978
f 4899//4964 4900//4978 4905//4977
f 4906//4979 4905//4977 4900//4978
f 4892//4963 4901//4973 4907//4980
f 4900//4978 4907//4980 4906//4979
f 4900//4978 4892//4963 4907//4980
f 4894//4974 4908//4981 4901//4973
f 4908//4981 4895//4969 4909//4982
f 4894//4974 4895//4969 4908//4981
f 4895//4969 4896//4970 4909//4982
f 4903//4983 4898//4972 4902//4976
f 4898//4972 4903//4983 4897//4975
f 4902//4976 4904//4984 4903//4983
f 4902//4976 4905//4977 4904//4984
f 4905//4977 4914//4985 4904//4984
f 4906//4979 4914//4985 4905//4977
f 4901//4973 4916//4986 4907//4980
f 4907//4980 4916//4986 4906//4979
f 4906//4979 4916//4986 5060//4987
f 4901//4973 4908//4981 4923//4988
f 4909//4982 4917//4989 4908//4981
f 4896//4970 4713//4803 4911//4990
f 4713//4803 4910//4817 4911//4990
f 4909//4982 4911//4990 4917//4989
f 4896//4970 4911//4990 4909//4982
f 4911//4990 4910//4817 4925//4991
f 4723//4808 4920//4992 4737//4816
f 4903//4983 4921//4993 4897//4975
f 4903//4983 4912//4994 4921//4993
f 4903//4983 4913//4995 4912//4994
f 4903//4983 4904//4984 4913//4995
f 4913//4995 4922//4996 4912//4994
f 4904//4984 4914//4985 4913//4995
f 4906//4979 4915//4997 4914//4985
f 4914//4985 4915//4997 4913//4995
f 4906//4979 5060//4987 4915//4997
f 4916//4986 4923//4988 5060//4987
f 4901//4973 4923//4988 4916//4986
f 4923//4988 4908//4981 4924//4998
f 4908//4981 4917//4989 4924//4998
f 4728//4818 4930//4999 4910//4817
f 4910//4817 4930//4999 4925//4991
f 4918//4831 4737//4816 4919//5000
f 4926//4832 4918//4831 4919//5000
f 4737//4816 4920//4992 4919//5000
f 4920//4992 4933//5001 4919//5000
f 4723//4808 4897//4975 4920//4992
f 4897//4975 4921//4993 4920//4992
f 4920//4992 4921//4993 4933//5001
f 4912//4994 4922//4996 4921//4993
f 4922//4996 5065//5002 4921//4993
f 4922//4996 4913//4995 5065//5002
f 5063//5003 5060//4987 4923//4988
f 4927//5004 4923//4988 4924//4998
f 4924//4998 4917//4989 4928//5005
f 4728//4818 4929//4820 4930//4999
f 4911//4990 4925//4991 4917//4989
f 4917//4989 4925//4991 4931//5006
f 4930//4999 4931//5006 4925//4991
f 4932//5007 4926//4832 4919//5000
f 4933//5001 4932//5007 4919//5000
f 4933//5001 4921//4993 4934//5008
f 4924//4998 4928//5005 4927//5004
f 4928//5005 4935//5009 4927//5004
f 4917//4989 4931//5006 4928//5005
f 4931//5006 4937//5010 4936//5011
f 4928//5005 4931//5006 4936//5011
f 4928//5005 4936//5011 4935//5009
f 4938//4844 4747//4830 4926//4832
f 4940//5012 4926//4832 4932//5007
f 4932//5007 4933//5001 4940//5012
f 4934//5008 4946//5013 4933//5001
f 4921//4993 5064//5014 4934//5008
f 4921//4993 5065//5002 5064//5014
f 5064//5014 5072//5015 4934//5008
f 4931//5006 4942//5016 4937//5010
f 4929//4820 4749//4835 4949//4845
f 4929//4820 4949//4845 4930//4999
f 4931//5006 4930//4999 4942//5016
f 4939//5017 4758//4841 4938//4844
f 4939//5017 4759//4842 4758//4841
f 4944//5018 4939//5017 4938//4844
f 4940//5012 4945//5019 4941//5020
f 4926//4832 4940//5012 4941//5020
f 4938//4844 4926//4832 4941//5020
f 4944//5018 4938//4844 4941//5020
f 4945//5019 4940//5012 4933//5001
f 4933//5001 4946//5013 4945//5019
f 4934//5008 5072//5015 4946//5013
f 4942//5016 4936//5011 4937//5010
f 4939//5017 4943//4849 4759//4842
f 4943//4849 4939//5017 4944//5018
f 4945//5019 4944//5018 4941//5020
f 4942//5016 4953//5021 4936//5011
f 4943//4849 4947//4851 4765//4843
f 4947//4851 4943//4849 4944//5018
f 4944//5018 4952//5022 4947//4851
f 4952//5022 4944//5018 4945//5019
f 4945//5019 4946//5013 4948//5023
f 4946//5013 5075//5024 4948//5023
f 4952//5022 4950//4857 4947//4851
f 4945//5019 4948//5023 4952//5022
f 4965//5025 4942//5016 4930//4999
f 4949//4845 4773//4853 4954//4859
f 4950//4857 4951//5026 4955//4863
f 4955//4863 4951//5026 4957//5027
f 4952//5022 4959//5028 4950//4857
f 4959//5028 4951//5026 4950//4857
f 4951//5026 4959//5028 4957//5027
f 4952//5022 4948//5023 4962//5029
f 4948//5023 5075//5024 4975//5030
f 4930//4999 4964//5031 4965//5025
f 4967//5032 4942//5016 4965//5025
f 4967//5032 4965//5025 4966//5033
f 4967//5032 4953//5021 4942//5016
f 5087//5034 4953//5021 4967//5032
f 4964//5031 4949//4845 4954//4859
f 4954//4859 4983//4864 4964//5031
f 4949//4845 4964//5031 4930//4999
f 4957//5027 4956//4867 4955//4863
f 4957//5027 4958//5035 4956//4867
f 4958//5035 4969//5036 4956//4867
f 4959//5028 4960//5037 4957//5027
f 4960//5037 4958//5035 4957//5027
f 4960//5037 4969//5036 4958//5035
f 4960//5037 4959//5028 4961//5038
f 4961//5038 4959//5028 4952//5022
f 4963//5039 4961//5038 4952//5022
f 4973//5040 4961//5038 4963//5039
f 4963//5039 4952//5022 4962//5029
f 4963//5039 4962//5029 4973//5040
f 4953//5021 5087//5034 5081//5041
f 5081//5041 5087//5034 5088//5042
f 4969//5036 4968//4870 4956//4867
f 4969//5036 4976//4871 4968//4870
f 4970//5043 4969//5036 4960//5037
f 4970//5043 4977//5044 4969//5036
f 4977//5044 4976//4871 4969//5036
f 4961//5038 4970//5043 4960//5037
f 4961//5038 4971//5045 4970//5043
f 4972//5046 4970//5043 4971//5045
f 4977//5044 4970//5043 4972//5046
f 4971//5045 4961//5038 4973//5040
f 4973//5040 4972//5046 4971//5045
f 4962//5029 4974//5047 4973//5040
f 4962//5029 4948//5023 4974//5047
f 4948//5023 4975//5030 4974//5047
f 5087//5034 4981//5048 5099//5049
f 4965//5025 4964//5031 4980//5050
f 4965//5025 4980//5050 4966//5033
f 4981//5048 4967//5032 4966//5033
f 4967//5032 4981//5048 5087//5034
f 4977//5044 4972//5046 4973//5040
f 4978//5051 4977//5044 4973//5040
f 4978//5051 4973//5040 4974//5047
f 4974//5047 4982//5052 4978//5051
f 4974//5047 4975//5030 4982//5052
f 4975//5030 5094//5053 4982//5052
f 4979//5054 4964//5031 4983//4864
f 4964//5031 4979//5054 4980//5050
f 4980//5050 4984//5055 4966//5033
f 4984//5055 4981//5048 4966//5033
f 4977//5044 4985//4874 4976//4871
f 4988//5056 4978//5051 4982//5052
f 4982//5052 5094//5053 4995//5057
f 4990//5058 5099//5049 4981//5048
f 4981//5048 4984//5055 4990//5058
f 4979//5054 4983//4864 4991//5059
f 4979//5054 4991//5059 4980//5050
f 4992//5060 4984//5055 4980//5050
f 4992//5060 4980//5050 4991//5059
f 4977//5044 4993//5061 4985//4874
f 4986//5062 4977//5044 4978//5051
f 4986//5062 4993//5061 4977//5044
f 4986//5062 4987//5063 4993//5061
f 4986//5062 4978//5051 4988//5056
f 4987//5063 4986//5062 4988//5056
f 4987//5063 4988//5056 4989//5064
f 4982//5052 4989//5064 4988//5056
f 4989//5064 4982//5052 4995//5057
f 4995//5057 5100//5065 4996//5066
f 5100//5065 4995//5057 5094//5053
f 5099//5049 4990//5058 5003//5067
f 5103//5068 5099//5049 5003//5067
f 4991//5059 4983//4864 4820//4878
f 4990//5058 4984//5055 4992//5060
f 4994//5069 4987//5063 4989//5064
f 4994//5069 4989//5064 4995//5057
f 4996//5066 4998//5070 4995//5057
f 4998//5070 4994//5069 4995//5057
f 5000//5071 4992//5060 4991//5059
f 4992//5060 5000//5071 4990//5058
f 5002//5072 5003//5067 4990//5058
f 5000//5071 5002//5072 4990//5058
f 5001//5073 5003//5067 5002//5072
f 4985//4874 4993//5061 4797//4880
f 5005//5074 4797//4880 4993//5061
f 5005//5074 4993//5061 5009//5075
f 4993//5061 4987//5063 4997//5076
f 4993//5061 4997//5076 5009//5075
f 4987//5063 4994//5069 4997//5076
f 4997//5076 4994//5069 5009//5075
f 4998//5070 5010//5077 4994//5069
f 5001//5073 4999//5078 5003//5067
f 5007//5079 5001//5073 5000//5071
f 5000//5071 5006//5080 5007//5079
f 5002//5072 5000//5071 5001//5073
f 4999//5078 5001//5073 5007//5079
f 4991//5059 4820//4878 5006//5080
f 4991//5059 5006//5080 5000//5071
f 5004//4886 4797//4880 5005//5074
f 5005//5074 5008//4887 5004//4886
f 5005//5074 5009//5075 5008//4887
f 4994//5069 5010//5077 5009//5075
f 4998//5070 5109//5081 5010//5077
f 5010//5077 5109//5081 5011//5082
f 5109//5081 5110//5083 5011//5082
f 5118//5084 4999//5078 5012//5085
f 4999//5078 5007//5079 5013//5086
f 4813//4892 5008//4887 5014//4901
f 5016//4902 5014//4901 5008//4887
f 5016//4902 5008//4887 5009//5075
f 5009//5075 5017//5087 5016//4902
f 5017//5087 5009//5075 5010//5077
f 5010//5077 5019//5088 5017//5087
f 5011//5082 5019//5088 5010//5077
f 5011//5082 5110//5083 5033//5089
f 5012//5085 5013//5086 5023//5090
f 5012//5085 4999//5078 5013//5086
f 5023//5090 5024//5091 5012//5085
f 5025//4920 5007//5079 5006//5080
f 5026//5092 5013//5086 5007//5079
f 5007//5079 5025//4920 5026//5092
f 5015//4909 4815//4900 5016//4902
f 4812//4899 4815//4900 5015//4909
f 5017//5087 5018//5093 5016//4902
f 5018//5093 5015//4909 5016//4902
f 5030//5094 5018//5093 5019//5088
f 5018//5093 5017//5087 5019//5088
f 5011//5082 5033//5089 5019//5088
f 5110//5083 5119//5095 5033//5089
f 5033//5089 5119//5095 5123//5096
f 5034//5097 5033//5089 5123//5096
f 5024//5091 5021//5098 5012//5085
f 5026//5092 5036//4925 5022//5099
f 5023//5090 5013//5086 5026//5092
f 5022//5099 5023//5090 5026//5092
f 5023//5090 5022//5099 5024//5091
f 5006//5080 4820//4878 5035//4918
f 5035//4918 5025//4920 5006//5080
f 5036//4925 5026//5092 5025//4920
f 5015//4909 5018//5093 5029//4910
f 5018//5093 5030//5094 5029//4910
f 5028//4916 5027//4908 5029//4910
f 5029//4910 5030//5094 5028//4916
f 5030//5094 5037//5100 5028//4916
f 5030//5094 5031//5101 5037//5100
f 5030//5094 5019//5088 5031//5101
f 5031//5101 5032//5102 5037//5100
f 5019//5088 5033//5089 5031//5101
f 5032//5102 5031//5101 5033//5089
f 5034//5097 5038//5103 5033//5089
f 5033//5089 5038//5103 5032//5102
f 5034//5097 5039//5104 5038//5103
f 5124//5105 5034//5097 5123//5096
f 5020//5106 5040//5107 5034//5097
f 5117//5108 5021//5098 5041//5109
f 5020//5106 5117//5108 5041//5109
f 5021//5098 5024//5091 5042//5110
f 5021//5098 5042//5110 5041//5109
f 5043//5111 5024//5091 5022//5099
f 5028//4916 5037//5100 4838//4923
f 5038//5103 5044//5112 5032//5102
f 5044//5112 5038//5103 5039//5104
f 5034//5097 5040//5107 5039//5104
f 5039//5104 5040//5107 5047//5113
f 5040//5107 5054//5114 5047//5113
f 5041//5109 5042//5110 5048//5115
f 5020//5106 5041//5109 5040//5107
f 5042//5110 5024//5091 5043//5111
f 5045//5116 5022//5099 5036//4925
f 5043//5111 5022//5099 5045//5116
f 5036//4925 5025//4920 4834//4919
f 5037//5100 4848//4933 4838//4923
f 5037//5100 5032//5102 4848//4933
f 5032//5102 5044//5112 4848//4933
f 5040//5107 5048//5115 5054//5114
f 5040//5107 5041//5109 5048//5115
f 5048//5115 5042//5110 5049//5117
f 5043//5111 5045//5116 5050//4934
f 5049//5117 5043//5111 5050//4934
f 5042//5110 5043//5111 5049//5117
f 5045//5116 5036//4925 5051//4924
f 4848//4933 5044//5112 5052//4939
f 5044//5112 5039//5104 5046//5118
f 5047//5113 5046//5118 5039//5104
f 5046//5118 5047//5113 5053//5119
f 5047//5113 5054//5114 5053//5119
f 5050//4934 5045//5116 5051//4924
f 5052//4939 5055//4944 4853//4937
f 5044//5112 5046//5118 5052//4939
f 5053//5119 5054//5114 5058//4947
f 5058//4947 5054//5114 5056//5120
f 5054//5114 5048//5115 5056//5120
f 5049//5117 5050//4934 5057//4941
f 5048//5115 5049//5117 5057//4941
f 5046//5118 5055//4944 5052//4939
f 5046//5118 5053//5119 5055//4944
f 5048//5115 5059//4949 5056//5120
f 5048//5115 5057//4941 5059//4949
f 5053//5119 4854//4946 5055//4944
f 5053//5119 5058//4947 4854//4946
f 5056//5120 4855//4954 5058//4947
f 4855//4954 4861//4948 5058//4947
f 5056//5120 5059//4949 4855//4954
f 4855//4954 5059//4949 4862//4950
f 4913//4995 4915//4997 5061//5121
f 4913//4995 5061//5121 5065//5002
f 5060//4987 5062//5122 4915//4997
f 4915//4997 5062//5122 5061//5121
f 5062//5122 5060//4987 5063//5003
f 5066//5123 5061//5121 5062//5122
f 5062//5122 5063//5003 5067//5124
f 5063//5003 4923//4988 4927//5004
f 5064//5014 5065//5002 5072//5015
f 5061//5121 5066//5123 5065//5002
f 5062//5122 5067//5124 5066//5123
f 4927//5004 5068//5125 5063//5003
f 5063//5003 5068//5125 5067//5124
f 4927//5004 5071//5126 5068//5125
f 4935//5009 5071//5126 4927//5004
f 4935//5009 4936//5011 5071//5126
f 5065//5002 5073//5127 5072//5015
f 5065//5002 5069//5128 5073//5127
f 5066//5123 5069//5128 5065//5002
f 5067//5124 5074//5129 5066//5123
f 5068//5125 5071//5126 5070//5130
f 5068//5125 5070//5130 5067//5124
f 5070//5130 5071//5126 5085//5131
f 5071//5126 4936//5011 5079//5132
f 5066//5123 5074//5129 5069//5128
f 5073//5127 5069//5128 5077//5133
f 5074//5129 5067//5124 5078//5134
f 5070//5130 5085//5131 5078//5134
f 5067//5124 5070//5130 5078//5134
f 5071//5126 5079//5132 5085//5131
f 4936//5011 4953//5021 5079//5132
f 4946//5013 5072//5015 5075//5024
f 5073//5127 5077//5133 5076//5135
f 5073//5127 5076//5135 5072//5015
f 5069//5128 5074//5129 5077//5133
f 5076//5135 5075//5024 5072//5015
f 5077//5133 5083//5136 5076//5135
f 5077//5133 5074//5129 5078//5134
f 5079//5132 5080//5137 5085//5131
f 5075//5024 5076//5135 5082//5138
f 5082//5138 4975//5030 5075//5024
f 5083//5136 5082//5138 5076//5135
f 5079//5132 4953//5021 5080//5137
f 5081//5041 5080//5137 4953//5021
f 5080//5137 5081//5041 5088//5042
f 5088//5042 5086//5139 5080//5137
f 5082//5138 5083//5136 5091//5140
f 5077//5133 5078//5134 5084//5141
f 5077//5133 5084//5141 5083//5136
f 5083//5136 5084//5141 5092//5142
f 5085//5131 5084//5141 5078//5134
f 5080//5137 5086//5139 5085//5131
f 5089//5143 5088//5042 5087//5034
f 5088//5042 5089//5143 5086//5139
f 4975//5030 5090//5144 5094//5053
f 5090//5144 4975//5030 5082//5138
f 5082//5138 5091//5140 5090//5144
f 5094//5053 5090//5144 5101//5145
f 5090//5144 5091//5140 5101//5145
f 5083//5136 5092//5142 5091//5140
f 5095//5146 5091//5140 5092//5142
f 5084//5141 5096//5147 5092//5142
f 5085//5131 5097//5148 5084//5141
f 5084//5141 5097//5148 5096//5147
f 5098//5149 5085//5131 5086//5139
f 5089//5143 5093//5150 5086//5139
f 5086//5139 5093//5150 5098//5149
f 5087//5034 5099//5049 5089//5143
f 5089//5143 5099//5049 5093//5150
f 5100//5065 5094//5053 5101//5145
f 5091//5140 5095//5146 5101//5145
f 5095//5146 5092//5142 5096//5147
f 5102//5151 5095//5146 5096//5147
f 5096//5147 5097//5148 5106//5152
f 5097//5148 5085//5131 5098//5149
f 5098//5149 5107//5153 5097//5148
f 5098//5149 5093//5150 5103//5068
f 5093//5150 5099//5049 5103//5068
f 5101//5145 5104//5154 5100//5065
f 5100//5065 5104//5154 4996//5066
f 5095//5146 5102//5151 5101//5145
f 5101//5145 5105//5155 5104//5154
f 5102//5151 5105//5155 5101//5145
f 5106//5152 5102//5151 5096//5147
f 5106//5152 5097//5148 5107//5153
f 5098//5149 5103//5068 5107//5153
f 5107//5153 5103//5068 5108//5156
f 4996//5066 5109//5081 4998//5070
f 4996//5066 5104//5154 5109//5081
f 5105//5155 5112//5157 5111//5158
f 5105//5155 5111//5158 5104//5154
f 5105//5155 5102//5151 5112//5157
f 5102//5151 5106//5152 5112//5157
f 5106//5152 5107//5153 5113//5159
f 5107//5153 5118//5084 5113//5159
f 5108//5156 5103//5068 5003//5067
f 4999//5078 5108//5156 5003//5067
f 5109//5081 5104//5154 5110//5083
f 5104//5154 5111//5158 5110//5083
f 5111//5158 5112//5157 5121//5160
f 5112//5157 5106//5152 5115//5161
f 5106//5152 5113//5159 5115//5161
f 5118//5084 5108//5156 4999//5078
f 5118//5084 5107//5153 5108//5156
f 5111//5158 5121//5160 5110//5083
f 5110//5083 5121//5160 5119//5095
f 5115//5161 5114//5162 5112//5157
f 5112//5157 5114//5162 5121//5160
f 5116//5163 5121//5160 5114//5162
f 5115//5161 5116//5163 5114//5162
f 5115//5161 5117//5108 5116//5163
f 5021//5098 5117//5108 5118//5084
f 5118//5084 5117//5108 5113//5159
f 5115//5161 5113//5159 5117//5108
f 5120//5164 5119//5095 5121//5160
f 5119//5095 5120//5164 5123//5096
f 5121//5160 5125//5165 5120//5164
f 5122//5166 5020//5106 5125//5165
f 5125//5165 5121//5160 5122//5166
f 5117//5108 5122//5166 5116//5163
f 5121//5160 5116//5163 5122//5166
f 5117//5108 5020//5106 5122//5166
f 5118//5084 5012//5085 5021//5098
f 5120//5164 5125//5165 5123//5096
f 5123//5096 5125//5165 5124//5105
f 5125//5165 5020//5106 5124//5105
f 5020//5106 5034//5097 5124//5105
