# Blender 4.0.2
# www.blender.org
mtllib rib9_r.mtl
o rib9_r
v 0.001836 0.008345 -0.001491
v 0.002616 0.009365 -0.000969
v 0.002553 0.006295 -0.001390
v 0.002500 0.006895 -0.001426
v 0.003640 0.008535 -0.001012
v 0.003164 0.009145 -0.000954
v 0.003885 0.009415 -0.000628
v 0.004282 0.009825 -0.000248
v 0.004566 0.010025 0.000045
v 0.004858 0.009855 0.000016
v 0.004804 0.010055 0.000218
v 0.003482 0.009815 -0.000475
v 0.003833 0.010045 -0.000176
v 0.004321 0.010135 0.000081
v 0.004568 0.010175 0.000250
v 0.004330 0.010285 0.000306
v 0.004762 0.010215 0.000475
v 0.003761 0.005255 -0.001030
v 0.002681 0.005285 -0.001221
v 0.004852 0.006935 -0.000801
v 0.003908 0.007575 -0.001065
v 0.004456 0.006025 -0.000901
v 0.003732 0.006505 -0.001132
v 0.005178 0.008675 -0.000437
v 0.005071 0.008085 -0.000635
v 0.005504 0.008415 -0.000354
v 0.005188 0.007485 -0.000659
v 0.004375 0.008075 -0.000889
v 0.004623 0.008585 -0.000691
v 0.005657 0.008755 -0.000176
v 0.005961 0.008955 0.000087
v 0.005972 0.008525 -0.000071
v 0.006175 0.008995 0.000299
v 0.005011 0.009365 -0.000244
v 0.005347 0.009575 0.000043
v 0.005591 0.009195 -0.000035
v 0.005866 0.009385 0.000329
v 0.005209 0.009835 0.000209
v 0.005541 0.009755 0.000472
v 0.005856 0.009545 0.000656
v 0.005155 0.010025 0.000496
v 0.005486 0.009855 0.000699
v 0.005772 0.009605 0.000866
v 0.004196 0.003835 -0.000662
v 0.005923 0.005865 -0.000370
v 0.005348 0.004985 -0.000491
v 0.005880 0.007925 -0.000266
v 0.006297 0.007135 -0.000153
v 0.006122 0.006525 -0.000297
v 0.006658 0.006585 -0.000005
v 0.006916 0.007055 0.000235
v 0.006291 0.008285 0.000063
v 0.006702 0.007895 0.000261
v 0.007085 0.007365 0.000466
v 0.006273 0.008715 0.000208
v 0.006472 0.008745 0.000461
v 0.006576 0.008455 0.000366
v 0.006923 0.007945 0.000526
v 0.006919 0.008155 0.000748
v 0.007183 0.007635 0.000877
v 0.006299 0.009075 0.000660
v 0.006762 0.008475 0.000916
v 0.006250 0.009135 0.000883
v 0.006681 0.008475 0.001139
v 0.006127 0.009145 0.001083
v 0.006622 0.008035 0.001538
v 0.006651 0.004535 0.000071
v 0.006784 0.005725 0.000035
v 0.007209 0.006135 0.000319
v 0.007364 0.006475 0.000511
v 0.007550 0.006495 0.000758
v 0.007448 0.005375 0.000471
v 0.007665 0.005895 0.000742
v 0.007671 0.006505 0.001080
v 0.007814 0.005965 0.001028
v 0.007877 0.005965 0.001402
v 0.007221 0.007455 0.000718
v 0.007409 0.007035 0.000826
v 0.007322 0.007355 0.000936
v 0.007157 0.007705 0.001117
v 0.007478 0.006965 0.001259
v 0.007098 0.007435 0.001519
v 0.007006 0.007235 0.001726
v 0.006927 0.002565 0.000528
v 0.007261 0.004475 0.000389
v 0.007930 0.003945 0.000914
v 0.008227 0.004105 0.001203
v 0.007721 0.003075 0.000830
v 0.007887 0.005645 0.001023
v 0.008056 0.004615 0.001042
v 0.007906 0.005805 0.001184
v 0.008017 0.005465 0.001233
v 0.008186 0.004835 0.001295
v 0.008293 0.004295 0.001327
v 0.008143 0.005265 0.001529
v 0.008336 0.004605 0.001648
v 0.008166 0.005155 0.001787
v 0.008411 0.004425 0.001890
v 0.008138 0.004785 0.002217
v 0.006721 0.000455 0.000821
v 0.007470 0.000485 0.001224
v 0.007489 0.001205 0.001055
v 0.007831 0.000795 0.001430
v 0.008221 0.001385 0.001736
v 0.008421 0.003885 0.001476
v 0.008208 0.002985 0.001242
v 0.008384 0.003475 0.001389
v 0.008511 0.003725 0.001660
v 0.008462 0.004045 0.001648
v 0.008568 0.003175 0.001701
v 0.008609 0.002555 0.001862
v 0.008747 0.002875 0.002193
v 0.008743 0.003015 0.002458
v 0.008807 0.002675 0.002478
v 0.008599 0.003695 0.002160
v 0.008563 0.003735 0.002388
v 0.007702 0.000225 0.001486
v 0.007903 -0.000015 0.001772
v 0.008029 0.000475 0.001720
v 0.008352 0.001115 0.002142
v 0.008212 0.000535 0.001978
v 0.008643 0.001875 0.002208
v 0.008804 0.002225 0.002424
v -0.000027 0.008555 -0.001426
v -0.000216 0.008795 -0.001215
v 0.000011 0.009105 -0.001084
v -0.000362 0.008415 -0.001324
v 0.000257 0.009385 -0.000895
v 0.000897 0.007605 -0.001670
v 0.000186 0.007485 -0.001614
v 0.000338 0.006955 -0.001580
v -0.000110 0.008185 -0.001501
v -0.000119 0.007515 -0.001560
v -0.000066 0.007205 -0.001556
v -0.000115 0.006835 -0.001505
v -0.000027 0.006145 -0.001382
v -0.000368 0.007595 -0.001480
v -0.000332 0.007295 -0.001493
v -0.000344 0.006955 -0.001467
v -0.000609 0.007815 -0.001318
v -0.000572 0.007295 -0.001396
v -0.000472 0.006455 -0.001367
v 0.001621 0.008915 -0.001379
v 0.001478 0.007795 -0.001615
v 0.000929 0.008785 -0.001514
v 0.001170 0.008665 -0.001546
v 0.001120 0.008215 -0.001639
v 0.000582 0.008725 -0.001503
v 0.000770 0.009035 -0.001349
v 0.000460 0.008105 -0.001633
v 0.000789 0.008545 -0.001590
v 0.001096 0.009055 -0.001351
v 0.000349 0.008395 -0.001576
v 0.000898 0.009215 -0.001220
v 0.000401 0.009005 -0.001294
v 0.000647 0.009265 -0.001137
v 0.001741 0.009555 -0.000897
v 0.001922 0.009955 -0.000411
v 0.000954 0.009505 -0.000907
v 0.000683 0.009745 -0.000517
v 0.002492 0.010235 -0.000027
v 0.001906 0.010395 0.000285
v 0.002288 0.010565 0.000552
v 0.001361 0.007085 -0.001618
v 0.001254 0.006525 -0.001540
v 0.003138 0.010015 -0.000318
v 0.003849 0.010335 0.000228
v 0.004462 0.010355 0.000529
v 0.004724 0.010295 0.000700
v 0.004186 0.010455 0.000606
v 0.004439 0.010405 0.000787
v 0.003465 0.010465 0.000383
v 0.003724 0.010515 0.000552
v 0.002995 0.010445 0.000302
v 0.003827 0.010565 0.000852
v 0.004210 0.010375 0.001106
v 0.003030 0.010605 0.000629
v 0.003439 0.010635 0.000846
v 0.003510 0.010575 0.001140
v 0.003735 0.010355 0.001344
v 0.002976 0.010685 0.001104
v 0.001930 0.004085 -0.000948
v 0.005035 0.010125 0.000883
v 0.005253 0.009935 0.000999
v 0.005531 0.009585 0.001178
v 0.004743 0.010225 0.000985
v 0.005038 0.009975 0.001131
v 0.005518 0.009325 0.001389
v 0.005033 0.009745 0.001342
v 0.004501 0.010105 0.001289
v 0.004759 0.009505 0.001600
v 0.003768 0.009695 0.001796
v 0.006017 0.008865 0.001410
v 0.006451 0.007615 0.001855
v 0.005618 0.008825 0.001633
v 0.005425 0.008035 0.002036
v 0.003666 0.001545 -0.000224
v 0.004047 -0.001305 0.000326
v 0.004056 -0.001725 0.000431
v 0.003240 -0.001625 0.000329
v 0.003370 -0.002115 0.000504
v 0.004646 -0.000655 0.000326
v 0.006899 0.004165 0.002914
v 0.007579 0.004985 0.002438
v 0.004796 -0.001725 0.000583
v 0.005091 -0.001955 0.000753
v 0.005390 -0.002185 0.000972
v 0.004615 -0.002175 0.000713
v 0.004913 -0.002425 0.000924
v 0.003880 -0.002195 0.000588
v 0.004947 -0.002845 0.001211
v 0.004355 -0.002685 0.000968
v 0.006374 -0.001005 0.001021
v 0.005098 -0.001375 0.000571
v 0.005430 -0.000965 0.000593
v 0.005577 -0.001415 0.000761
v 0.004639 -0.001325 0.000438
v 0.008636 0.003225 0.002653
v 0.008758 0.002705 0.002685
v 0.008436 0.003415 0.002782
v 0.008592 0.002955 0.002843
v 0.008365 0.003115 0.002952
v 0.008452 0.002805 0.002989
v 0.007969 0.002815 0.003192
v 0.008476 0.003715 0.002591
v 0.008245 0.003885 0.002683
v 0.008099 0.003665 0.002844
v 0.005422 -0.002625 0.001231
v 0.005880 -0.002825 0.001584
v 0.005550 -0.003175 0.001694
v 0.005849 -0.003115 0.001815
v 0.005172 -0.003055 0.001445
v 0.006918 -0.001345 0.001496
v 0.006173 -0.001755 0.001186
v 0.006623 -0.001965 0.001575
v 0.006945 -0.002005 0.001940
v 0.006101 -0.002355 0.001426
v 0.006463 -0.002415 0.001722
v 0.006950 -0.002185 0.002219
v 0.006166 -0.002765 0.001733
v 0.006533 -0.002545 0.001929
v 0.007175 -0.001965 0.002665
v 0.006230 -0.002895 0.001936
v 0.006531 -0.002685 0.002156
v 0.006227 -0.003015 0.002166
v 0.006530 -0.002745 0.002403
v 0.007209 -0.000645 0.001426
v 0.007571 -0.000465 0.001639
v 0.008049 -0.000275 0.002143
v 0.007590 -0.000895 0.001917
v 0.007751 -0.001055 0.002410
v 0.008013 -0.000695 0.002600
v 0.007872 -0.000985 0.002747
v 0.007980 -0.000785 0.002816
v 0.008034 -0.000595 0.002870
v 0.007904 -0.000845 0.003012
v 0.007851 -0.000655 0.003234
v 0.007666 -0.001265 0.003060
v 0.007646 -0.001145 0.003331
v 0.008184 0.000195 0.002065
v 0.008251 0.000365 0.002192
v 0.008315 0.000695 0.002432
v 0.008467 0.001085 0.002578
v 0.008229 0.000075 0.002336
v 0.008500 0.001155 0.002863
v 0.008252 0.000415 0.002635
v 0.008360 0.000805 0.002729
v 0.008207 -0.000025 0.002576
v 0.008162 -0.000255 0.002518
v 0.008228 0.000715 0.003092
v 0.008129 0.000285 0.003007
v 0.008065 -0.000335 0.002922
v 0.007823 0.000415 0.003520
v 0.008823 0.002335 0.002685
v 0.008628 0.001505 0.002486
v 0.008781 0.001875 0.002626
v 0.008825 0.002085 0.002680
v 0.008734 0.002305 0.002870
v 0.008736 0.001805 0.002838
v 0.008763 0.002025 0.002860
v 0.008635 0.001425 0.002733
v 0.008631 0.002035 0.003013
v 0.008570 0.001365 0.002923
v 0.008628 0.001715 0.002996
v 0.008423 0.001775 0.003166
v 0.008446 0.001305 0.003094
v -0.001706 0.008215 -0.000388
v -0.000365 0.009195 -0.000821
v -0.000884 0.008945 -0.000717
v -0.001126 0.008575 -0.000732
v -0.000322 0.009655 -0.000275
v -0.001064 0.009355 -0.000240
v -0.001380 0.009025 -0.000313
v -0.001652 0.008675 -0.000289
v -0.001716 0.009055 -0.000011
v -0.001590 0.009395 0.000195
v -0.000291 0.010095 0.000453
v -0.000972 0.009915 0.000494
v -0.001207 0.004995 -0.000899
v -0.001420 0.005735 -0.000844
v -0.000736 0.006585 -0.001292
v -0.001038 0.007105 -0.001080
v 0.001143 0.010295 0.000287
v 0.001683 0.010575 0.000685
v 0.001899 0.010745 0.001096
v 0.001678 0.010515 0.001854
v 0.000511 0.010665 0.001285
v 0.001122 0.010785 0.001697
v -0.001244 0.004025 -0.000684
v -0.000777 0.003315 -0.000561
v -0.001500 0.003195 -0.000329
v -0.001692 0.004115 -0.000441
v -0.000958 0.004845 -0.000952
v 0.002760 0.010605 0.001410
v 0.001642 0.010055 0.002195
v 0.000236 -0.000395 0.000293
v 0.004504 0.006205 0.002856
v 0.001536 -0.001865 0.000562
v 0.000984 -0.001515 0.000501
v 0.001322 -0.001975 0.000700
v 0.000552 -0.001395 0.000627
v 0.000924 -0.001785 0.000694
v 0.001181 -0.002035 0.000850
v 0.001804 -0.001585 0.000428
v 0.002310 -0.002205 0.000628
v 0.002670 -0.002495 0.000820
v 0.001749 -0.002165 0.000724
v 0.002153 -0.002435 0.000936
v 0.001656 -0.002255 0.000902
v 0.002818 -0.002055 0.000478
v 0.002812 -0.002365 0.000672
v 0.003571 -0.002425 0.000705
v 0.003413 -0.002785 0.001022
v 0.004294 -0.003325 0.001560
v 0.003895 -0.003285 0.001581
v 0.003668 -0.003435 0.002048
v 0.006428 0.002575 0.003762
v 0.004810 -0.003185 0.001459
v 0.005158 -0.003325 0.001669
v 0.005369 -0.003375 0.001814
v 0.005552 -0.003375 0.001922
v 0.005643 -0.003435 0.002144
v 0.005868 -0.003305 0.002150
v 0.004965 -0.003465 0.001772
v 0.005155 -0.003505 0.001886
v 0.005346 -0.003535 0.002035
v 0.004633 -0.003505 0.001793
v 0.004978 -0.003615 0.002017
v 0.005585 -0.003525 0.002521
v 0.004302 -0.003505 0.001829
v 0.004954 -0.003735 0.002452
v 0.004445 -0.003715 0.002302
v 0.006190 -0.003095 0.002449
v 0.007366 -0.001185 0.003729
v 0.006924 -0.000505 0.004173
v 0.007200 0.000515 0.003914
v 0.006609 -0.002545 0.003396
v 0.006505 -0.002535 0.003953
v 0.006102 -0.003005 0.003772
v 0.007187 -0.001865 0.003380
v 0.006869 -0.002105 0.003843
v 0.006633 -0.002195 0.004210
v -0.002228 0.008295 0.000079
v -0.002539 0.007585 0.000223
v -0.002583 0.008555 0.000567
v -0.002802 0.008125 0.000621
v -0.002974 0.008505 0.001027
v -0.003165 0.007595 0.000947
v -0.001987 0.008705 0.000020
v -0.001329 0.009815 0.000567
v -0.002327 0.009225 0.000759
v -0.002117 0.009615 0.000972
v -0.001140 0.010085 0.000900
v -0.000668 0.010285 0.001023
v -0.001768 0.010125 0.001481
v -0.001402 0.010375 0.001695
v -0.000887 0.010655 0.002368
v -0.001752 0.010385 0.002025
v -0.001367 0.010565 0.002257
v -0.000055 0.010735 0.001782
v -0.002761 0.005305 0.000297
v -0.003134 0.006065 0.000703
v -0.000057 0.010225 0.002757
v 0.000452 0.010805 0.001751
v 0.000595 0.010785 0.001919
v 0.000288 0.010795 0.001974
v 0.000374 0.010675 0.002206
v -0.000127 0.010775 0.002164
v 0.000062 0.010725 0.002263
v -0.000121 0.010645 0.002423
v -0.002232 0.002115 0.000647
v 0.001975 0.008585 0.002815
v -0.001113 0.000835 0.000269
v -0.001560 0.001315 0.000350
v -0.001111 0.000345 0.000558
v -0.001538 0.000795 0.000601
v -0.000979 -0.000585 0.001335
v 0.002142 0.005925 0.003738
v 0.000761 -0.001835 0.000887
v 0.000335 -0.001945 0.001568
v -0.000562 -0.001275 0.001466
v -0.000272 -0.001605 0.001570
v 0.004033 0.004535 0.003631
v 0.001244 -0.002215 0.001186
v 0.003522 0.002735 0.004739
v 0.004970 0.001005 0.004970
v 0.004657 -0.003945 0.003972
v 0.005609 -0.001295 0.005220
v 0.005918 0.000015 0.004725
v 0.004781 -0.003795 0.005016
v 0.005303 -0.003555 0.004387
v 0.005678 -0.003155 0.004702
v 0.005808 -0.002815 0.005003
v 0.005158 -0.003525 0.005058
v 0.005341 -0.002385 0.005634
v 0.005187 -0.003395 0.005324
v 0.005387 -0.002865 0.005545
v 0.006001 -0.002135 0.004993
v -0.003858 0.006145 0.001734
v -0.003270 0.008085 0.001234
v -0.003294 0.008495 0.001476
v -0.003013 0.008905 0.001387
v -0.002649 0.009575 0.001583
v -0.002409 0.009895 0.001743
v -0.002763 0.009875 0.002241
v -0.003149 0.009515 0.002290
v -0.003095 0.009775 0.002698
v -0.002171 0.010155 0.001977
v -0.001216 0.010525 0.002688
v -0.002024 0.010365 0.002318
v -0.001811 0.010455 0.002469
v -0.001519 0.010505 0.002657
v -0.002288 0.010235 0.002399
v -0.002140 0.010335 0.002501
v -0.001567 0.010345 0.002970
v -0.002043 0.010335 0.002823
v -0.002661 0.010065 0.002648
v -0.002465 0.010175 0.002808
v -0.003318 0.004805 0.000837
v -0.003095 0.003575 0.000627
v -0.003668 0.003625 0.001395
v -0.000893 0.010395 0.002865
v -0.000980 0.008665 0.004164
v -0.002949 0.002855 0.000674
v -0.003176 0.002825 0.000926
v -0.002842 0.002265 0.000990
v -0.003093 0.002185 0.001420
v -0.002395 0.001695 0.001041
v -0.002323 0.000395 0.002003
v -0.002796 0.001105 0.002167
v 0.000360 0.006475 0.004301
v 0.000401 0.005425 0.004707
v -0.001167 -0.001295 0.001922
v -0.001470 -0.000955 0.001943
v -0.002196 -0.000525 0.002399
v 0.001541 0.004165 0.004761
v -0.000851 -0.001605 0.002000
v -0.000378 -0.001965 0.002312
v -0.001563 -0.001725 0.002575
v -0.001227 -0.001985 0.002799
v 0.000720 -0.002755 0.003227
v 0.004042 0.001435 0.005239
v 0.003269 -0.004255 0.004543
v 0.003641 -0.004275 0.004863
v 0.002532 -0.004255 0.004890
v 0.003543 -0.004375 0.005639
v 0.002907 -0.004535 0.005684
v 0.004483 -0.002475 0.006381
v 0.004577 -0.000395 0.005730
v 0.004241 -0.004065 0.005147
v 0.004555 -0.003855 0.005396
v 0.003996 -0.004145 0.005695
v 0.004927 -0.003585 0.005415
v 0.005164 -0.003245 0.005570
v 0.004931 -0.003445 0.005677
v 0.004896 -0.003255 0.005908
v 0.004828 -0.002835 0.006112
v 0.004469 -0.003765 0.005839
v 0.004664 -0.003465 0.006015
v 0.004324 -0.003225 0.006490
v 0.003979 -0.003765 0.006471
v -0.004802 0.007925 0.003494
v -0.004206 0.008555 0.002956
v -0.003454 0.009635 0.003544
v -0.004220 0.008895 0.003336
v -0.004062 0.009215 0.003533
v -0.003571 0.009475 0.004168
v -0.003408 0.009435 0.004330
v -0.003374 0.009295 0.004586
v -0.002522 0.009565 0.004019
v -0.003165 0.009675 0.003811
v -0.004307 0.004525 0.001983
v -0.004953 0.004735 0.002853
v -0.004949 0.003615 0.003066
v -0.004515 0.005065 0.002272
v -0.004851 0.005485 0.002899
v -0.002573 0.008515 0.005050
v -0.002115 0.009165 0.004284
v -0.003052 0.009085 0.004739
v -0.003574 0.002215 0.002248
v -0.003907 0.002615 0.002326
v -0.003791 0.001985 0.002810
v -0.002074 0.007685 0.005316
v -0.002801 0.000285 0.002651
v -0.003345 0.001575 0.002759
v -0.003259 0.001105 0.003034
v -0.003600 0.001295 0.003321
v -0.003548 0.000765 0.003514
v -0.000516 0.006005 0.004990
v -0.002359 -0.001395 0.002864
v -0.002940 -0.001565 0.003461
v -0.002760 -0.002035 0.003635
v -0.003378 -0.001135 0.003773
v 0.000552 0.003875 0.005373
v 0.000360 0.003475 0.005710
v -0.000402 0.004135 0.005850
v -0.001612 -0.002875 0.004565
v 0.000939 0.003285 0.005501
v 0.000481 0.002755 0.006153
v 0.000028 -0.003115 0.004562
v 0.000053 -0.003805 0.005800
v 0.002282 0.000605 0.006866
v 0.002891 -0.000615 0.007174
v 0.001538 -0.004825 0.006657
v 0.003091 -0.004475 0.006296
v 0.002346 -0.004705 0.006607
v 0.002700 -0.004495 0.006843
v 0.003789 -0.002905 0.006959
v 0.002713 -0.001745 0.007712
v 0.003522 -0.001305 0.006943
v 0.003530 -0.004205 0.006347
v 0.003189 -0.003975 0.007091
v 0.003469 -0.003575 0.007114
v -0.005013 0.007185 0.003530
v -0.004979 0.008275 0.004033
v -0.005597 0.007775 0.004744
v -0.005852 0.007255 0.004924
v -0.004886 0.008745 0.004420
v -0.004656 0.009015 0.004710
v -0.005263 0.008355 0.004632
v -0.004490 0.009045 0.005117
v -0.004447 0.008945 0.005427
v -0.004264 0.008865 0.005536
v -0.005262 0.008615 0.005164
v -0.006196 0.003415 0.004421
v -0.005672 0.005485 0.004013
v -0.003770 0.008545 0.005672
v -0.005236 0.001575 0.004702
v -0.005374 0.002865 0.003894
v -0.004129 0.001405 0.003692
v -0.002167 0.005705 0.006339
v -0.002377 0.004775 0.007015
v -0.003563 -0.002015 0.004359
v -0.004567 -0.000775 0.005028
v -0.003585 -0.002965 0.005137
v -0.002672 -0.002585 0.004266
v -0.003027 -0.003075 0.005109
v -0.000853 -0.003465 0.005674
v -0.002353 -0.003355 0.005502
v -0.001608 -0.003535 0.005926
v -0.001081 -0.003905 0.006490
v -0.000488 -0.004345 0.006826
v 0.001312 -0.001595 0.008708
v 0.000966 -0.000655 0.008501
v 0.000827 -0.004645 0.006538
v 0.000922 -0.005145 0.007708
v 0.000182 -0.005275 0.007797
v 0.001379 -0.004975 0.007804
v 0.001432 -0.004835 0.008090
v 0.002414 -0.002735 0.008137
v 0.002442 -0.003415 0.008115
v 0.001912 -0.002355 0.008491
v -0.005939 0.007675 0.005338
v -0.006138 0.007795 0.005965
v -0.006419 0.007035 0.005883
v -0.005629 0.008235 0.005314
v -0.005257 0.008625 0.005638
v -0.004605 0.008485 0.006125
v -0.005226 0.008525 0.006099
v -0.005031 0.008485 0.006238
v -0.005967 0.008085 0.006076
v -0.006081 0.007965 0.006503
v -0.005793 0.007965 0.006913
v -0.006391 0.002945 0.004698
v -0.006844 0.005315 0.005882
v -0.004713 0.007115 0.007455
v -0.005433 0.007795 0.007145
v -0.006172 0.001455 0.005497
v -0.006869 0.002005 0.005546
v -0.003791 0.006075 0.007495
v -0.005537 -0.000415 0.005855
v -0.005243 0.000375 0.005322
v -0.006064 0.000805 0.005822
v -0.004814 -0.001895 0.005614
v -0.002307 0.002545 0.008347
v -0.003747 -0.003435 0.005760
v -0.004333 -0.002825 0.005544
v -0.004525 -0.003415 0.006060
v -0.004462 -0.004085 0.006655
v -0.001939 0.001625 0.008740
v -0.003133 -0.003745 0.006125
v -0.003371 -0.004135 0.006702
v -0.003178 -0.004815 0.007801
v -0.002737 -0.003875 0.006373
v -0.002008 -0.004155 0.007073
v -0.000293 0.000535 0.008482
v -0.001436 -0.004285 0.007177
v -0.001914 -0.004715 0.007853
v -0.002561 -0.004705 0.007908
v -0.000446 -0.005015 0.007606
v -0.000013 -0.005515 0.008325
v 0.000244 -0.005465 0.008552
v 0.000268 -0.005395 0.008912
v 0.001264 -0.004565 0.008715
v 0.001450 -0.004185 0.008795
v 0.000341 -0.004635 0.009765
v 0.000261 -0.005105 0.009451
v 0.000800 -0.002455 0.009344
v 0.000675 -0.003155 0.009581
v -0.006545 0.007465 0.007318
v -0.007245 0.006845 0.007689
v -0.007914 0.002775 0.006293
v -0.006906 0.001105 0.006194
v -0.007799 0.001725 0.006281
v -0.006904 -0.000555 0.006971
v -0.006280 0.000135 0.006290
v -0.006857 0.000435 0.006541
v -0.005509 -0.002485 0.006410
v -0.003802 0.002745 0.009445
v -0.005211 -0.004255 0.007018
v -0.004739 -0.004635 0.007265
v -0.004066 -0.004875 0.007555
v -0.004883 -0.005665 0.008296
v -0.001193 -0.000165 0.009527
v -0.003107 -0.005265 0.008557
v -0.002687 -0.005335 0.008684
v -0.003239 -0.005945 0.009325
v -0.001583 -0.002085 0.010772
v -0.001897 -0.006175 0.009355
v -0.001537 -0.006355 0.009672
v -0.001249 -0.006295 0.009947
v 0.000404 -0.004005 0.009852
v -0.007998 0.005425 0.007753
v -0.008114 0.005725 0.008322
v -0.008024 0.005985 0.008690
v -0.008390 0.001905 0.006671
v -0.009166 0.001205 0.007423
v -0.008128 0.004165 0.007381
v -0.007831 0.006155 0.008747
v -0.008524 0.000995 0.007037
v -0.007946 -0.002065 0.007970
v -0.008274 -0.001615 0.008015
v -0.008320 -0.002365 0.008182
v -0.007627 -0.000555 0.007379
v -0.007316 -0.001435 0.007480
v -0.006686 -0.003605 0.007542
v -0.007820 -0.003495 0.008136
v -0.005976 -0.005465 0.008106
v -0.007079 -0.004965 0.008169
v -0.003896 0.001045 0.010431
v -0.001532 -0.003235 0.011182
v -0.003423 -0.007045 0.010388
v -0.002956 -0.007285 0.010779
v -0.002679 -0.007255 0.011084
v -0.002624 -0.007125 0.011660
v -0.001630 -0.006385 0.010772
v -0.001379 -0.005555 0.011260
v -0.001526 -0.006025 0.011105
v -0.001647 -0.005325 0.011609
v -0.001871 -0.004325 0.011703
v -0.009765 0.000995 0.008045
v -0.009193 0.003425 0.008601
v -0.008978 0.004335 0.008888
v -0.008657 0.005105 0.009423
v -0.008343 0.005475 0.009517
v -0.009225 0.004175 0.009485
v -0.008258 0.005005 0.010507
v -0.007946 0.005675 0.009614
v -0.007633 0.005425 0.010106
v -0.010735 -0.000765 0.008653
v -0.010562 -0.001645 0.008638
v -0.009853 0.000455 0.008009
v -0.009622 -0.000065 0.007965
v -0.007316 0.004895 0.010641
v -0.006549 0.004095 0.011007
v -0.007018 0.004265 0.011136
v -0.010702 -0.003505 0.008584
v -0.009112 -0.002065 0.008367
v -0.009748 -0.003045 0.008516
v -0.005737 0.003805 0.010568
v -0.009235 -0.004135 0.008572
v -0.008812 -0.004955 0.008749
v -0.009504 -0.005295 0.008835
v -0.008438 -0.003405 0.008335
v -0.005668 0.002035 0.011510
v -0.008107 -0.005985 0.008851
v -0.008720 -0.006255 0.009013
v -0.008295 -0.007015 0.009280
v -0.009411 -0.006475 0.009042
v -0.004070 -0.000715 0.011425
v -0.007373 -0.006715 0.009111
v -0.007020 -0.007545 0.009776
v -0.006541 -0.008415 0.010879
v -0.005899 -0.007505 0.010126
v -0.005093 -0.007335 0.010506
v -0.003399 -0.004055 0.012623
v -0.003889 -0.008305 0.012073
v -0.003583 -0.008065 0.012280
v -0.002436 -0.006595 0.012011
v -0.010416 0.002215 0.010679
v -0.010918 0.000985 0.010181
v -0.009512 0.003785 0.010255
v -0.011324 -0.002635 0.008907
v -0.012031 -0.003115 0.009178
v -0.012127 -0.002355 0.009529
v -0.010788 -0.002515 0.008726
v -0.011166 -0.000865 0.008990
v -0.011217 -0.001855 0.008943
v -0.011449 -0.000825 0.009375
v -0.011612 -0.001825 0.009202
v -0.011282 -0.004525 0.008638
v -0.010898 -0.005475 0.008721
v -0.011373 -0.005495 0.008745
v -0.011843 -0.005015 0.008784
v -0.010705 -0.004245 0.008579
v -0.011169 -0.003945 0.008634
v -0.011922 -0.004055 0.008892
v -0.010942 -0.006615 0.008977
v -0.010576 -0.007085 0.009177
v -0.011497 -0.006745 0.009159
v -0.011075 -0.007205 0.009367
v -0.011584 -0.007145 0.009516
v -0.010556 -0.006535 0.008944
v -0.011146 -0.006185 0.008864
v -0.005915 0.000405 0.012508
v -0.009442 -0.007825 0.009620
v -0.010469 -0.007515 0.009465
v -0.010809 -0.007675 0.009722
v -0.009878 -0.008515 0.010283
v -0.009845 -0.007015 0.009155
v -0.008770 -0.008645 0.010280
v -0.008381 -0.008795 0.010452
v -0.008468 -0.009245 0.010870
v -0.008205 -0.008335 0.010119
v -0.007735 -0.008585 0.010422
v -0.004848 -0.002925 0.012924
v -0.005782 -0.002055 0.013213
v -0.007955 -0.009425 0.011206
v -0.007760 -0.009835 0.011773
v -0.007250 -0.008665 0.010679
v -0.007827 -0.008955 0.010729
v -0.006393 -0.008705 0.011633
v -0.007339 -0.009165 0.011146
v -0.007153 -0.009505 0.011663
v -0.006962 -0.009495 0.011911
v -0.007393 -0.009925 0.012088
v -0.006067 -0.008515 0.011707
v -0.005155 -0.008985 0.012424
v -0.004585 -0.009005 0.012954
v -0.005054 -0.009285 0.012961
v -0.004263 -0.007215 0.013979
v -0.004556 -0.008965 0.013400
v -0.013797 -0.005145 0.009611
v -0.013764 -0.003965 0.009999
v -0.012608 -0.002795 0.009761
v -0.012854 -0.002415 0.010296
v -0.012346 -0.002005 0.010021
v -0.012254 -0.001415 0.010462
v -0.012793 -0.001995 0.010710
v -0.012538 -0.001565 0.011028
v -0.011862 -0.000585 0.010697
v -0.011379 0.000715 0.012259
v -0.010363 0.002425 0.012525
v -0.010136 0.002645 0.012891
v -0.009443 0.003275 0.012463
v -0.009218 0.003095 0.012787
v -0.012582 -0.005835 0.009106
v -0.013880 -0.006785 0.009957
v -0.013422 -0.007485 0.010251
v -0.013164 -0.005565 0.009276
v -0.007975 0.002245 0.013257
v -0.007756 0.001605 0.013503
v -0.011636 -0.007655 0.010132
v -0.012448 -0.007215 0.009877
v -0.011155 -0.008235 0.010566
v -0.011524 -0.008185 0.010653
v -0.012114 -0.008365 0.010824
v -0.009173 -0.009475 0.011099
v -0.008890 -0.009995 0.011705
v -0.005699 -0.004835 0.014340
v -0.008112 -0.010745 0.012896
v -0.007951 -0.010895 0.013339
v -0.006502 -0.009655 0.013077
v -0.006105 -0.009985 0.013612
v -0.006977 -0.010055 0.013385
v -0.006207 -0.010235 0.014107
v -0.005236 -0.009585 0.013743
v -0.004717 -0.008765 0.014044
v -0.005229 -0.009515 0.014076
v -0.004631 -0.008295 0.014207
v -0.014759 -0.005235 0.010251
v -0.015471 -0.006355 0.010592
v -0.015677 -0.005765 0.010819
v -0.014461 -0.003935 0.010579
v -0.015292 -0.004805 0.010901
v -0.015244 -0.004205 0.011218
v -0.014023 -0.003435 0.010514
v -0.014392 -0.003475 0.010878
v -0.014070 -0.002915 0.011360
v -0.014269 -0.003035 0.011752
v -0.014880 -0.003625 0.011575
v -0.013529 -0.002405 0.011665
v -0.012749 -0.001695 0.012301
v -0.011930 -0.000505 0.012031
v -0.012601 -0.001405 0.012797
v -0.012342 -0.000695 0.013184
v -0.011336 0.001105 0.013884
v -0.011015 0.001515 0.014159
v -0.013475 -0.009265 0.011376
v -0.014655 -0.008735 0.011137
v -0.010782 -0.009705 0.011823
v -0.010719 -0.010945 0.012976
v -0.008029 -0.011335 0.015170
v -0.006518 -0.007185 0.015783
v -0.006651 -0.010595 0.014988
v -0.006009 -0.009495 0.015353
v -0.006365 -0.010125 0.015312
v -0.016988 -0.005095 0.011928
v -0.016216 -0.007295 0.010967
v -0.016460 -0.007505 0.011106
v -0.016663 -0.007035 0.011195
v -0.017248 -0.006885 0.011588
v -0.017038 -0.007595 0.011466
v -0.017139 -0.007975 0.011603
v -0.015908 -0.005135 0.011213
v -0.016572 -0.005565 0.011385
v -0.016684 -0.006385 0.011254
v -0.016639 -0.005135 0.011645
v -0.016969 -0.005485 0.011652
v -0.017281 -0.005895 0.011734
v -0.016039 -0.004715 0.011588
v -0.016135 -0.004515 0.011957
v -0.016592 -0.004805 0.011958
v -0.016194 -0.004445 0.012309
v -0.014902 -0.003555 0.012575
v -0.013731 -0.002425 0.014220
v -0.016645 -0.008945 0.011922
v -0.016055 -0.007525 0.010935
v -0.016700 -0.007975 0.011341
v -0.016260 -0.008275 0.011302
v -0.017025 -0.008415 0.011741
v -0.012173 -0.000035 0.015546
v -0.010969 0.001285 0.014783
v -0.014403 -0.009495 0.011652
v -0.015701 -0.009285 0.011817
v -0.014967 -0.010585 0.012919
v -0.012368 -0.011155 0.013087
v -0.011633 -0.012245 0.014337
v -0.008177 -0.006135 0.016719
v -0.009589 -0.012315 0.014590
v -0.010347 -0.012295 0.014385
v -0.009886 -0.012655 0.015575
v -0.011267 -0.012825 0.014884
v -0.008543 -0.011605 0.015146
v -0.009343 -0.012345 0.014931
v -0.009027 -0.012085 0.014925
v -0.009392 -0.012205 0.015804
v -0.008902 -0.012105 0.016378
v -0.008065 -0.011555 0.015898
v -0.008245 -0.011535 0.016649
v -0.017303 -0.005415 0.011926
v -0.016988 -0.004935 0.012172
v -0.017361 -0.005225 0.012158
v -0.017691 -0.005595 0.012191
v -0.017225 -0.004975 0.012505
v -0.017619 -0.005265 0.012475
v -0.018172 -0.005805 0.012628
v -0.017864 -0.005365 0.012901
v -0.018236 -0.008025 0.012452
v -0.017036 -0.004855 0.012986
v -0.016338 -0.004545 0.013620
v -0.015604 -0.004195 0.014546
v -0.014793 -0.003525 0.014497
v -0.013208 -0.001155 0.015990
v -0.012002 0.000115 0.015951
v -0.011403 0.000235 0.016241
v -0.012061 -0.000145 0.016655
v -0.012656 -0.000465 0.016575
v -0.012585 -0.000465 0.016994
v -0.012275 -0.000425 0.017142
v -0.012179 -0.000565 0.017395
v -0.010396 -0.001155 0.017079
v -0.011022 -0.000335 0.016825
v -0.010106 -0.002005 0.017252
v -0.013796 -0.011655 0.013708
v -0.010406 -0.005065 0.018480
v -0.012333 -0.012865 0.014829
v -0.012292 -0.013485 0.015221
v -0.012680 -0.013545 0.015253
v -0.012499 -0.013665 0.015342
v -0.012696 -0.013805 0.015466
v -0.012922 -0.013935 0.015685
v -0.013730 -0.013165 0.015115
v -0.013297 -0.013785 0.015517
v -0.013140 -0.013915 0.015623
v -0.011563 -0.013615 0.015742
v -0.012261 -0.013695 0.015444
v -0.012564 -0.013885 0.015729
v -0.011014 -0.013215 0.015357
v -0.010824 -0.013225 0.015991
v -0.010519 -0.012815 0.016235
v -0.011139 -0.013445 0.015894
v -0.010503 -0.012685 0.016543
v -0.011535 -0.013635 0.016004
v -0.011350 -0.013525 0.016121
v -0.011203 -0.013365 0.016219
v -0.011761 -0.013645 0.016150
v -0.011508 -0.013495 0.016293
v -0.011229 -0.012915 0.016738
v -0.010762 -0.012965 0.017334
v -0.011942 -0.013425 0.016518
v -0.009667 -0.012395 0.016439
v -0.008815 -0.009575 0.018100
v -0.009438 -0.008455 0.018442
v -0.009770 -0.012665 0.017064
v -0.010014 -0.012975 0.017722
v -0.009755 -0.012745 0.017845
v -0.008407 -0.010665 0.017666
v -0.008663 -0.011535 0.017475
v -0.019040 -0.006825 0.012931
v -0.019208 -0.006635 0.013199
v -0.019029 -0.006285 0.013323
v -0.019433 -0.006875 0.013322
v -0.019380 -0.006545 0.013598
v -0.019709 -0.007125 0.013587
v -0.019632 -0.006895 0.013648
v -0.019483 -0.006605 0.013815
v -0.019738 -0.006965 0.013841
v -0.019145 -0.006245 0.013811
v -0.018652 -0.008735 0.013125
v -0.019372 -0.007875 0.013136
v -0.019383 -0.008405 0.013335
v -0.019235 -0.008825 0.013464
v -0.019738 -0.008035 0.013468
v -0.019883 -0.008045 0.013657
v -0.019805 -0.008355 0.013655
v -0.019624 -0.008785 0.013710
v -0.019490 -0.007205 0.013245
v -0.019427 -0.007555 0.013146
v -0.019657 -0.007515 0.013358
v -0.019641 -0.007775 0.013328
v -0.019787 -0.007735 0.013498
v -0.019885 -0.007545 0.013673
v -0.016949 -0.005005 0.014464
v -0.018120 -0.009605 0.013363
v -0.018204 -0.010365 0.013991
v -0.019166 -0.009275 0.013735
v -0.018744 -0.010185 0.014166
v -0.017167 -0.010205 0.013416
v -0.016515 -0.010865 0.013882
v -0.017663 -0.010785 0.014150
v -0.018161 -0.010715 0.014305
v -0.017902 -0.011165 0.014666
v -0.017439 -0.011555 0.014918
v -0.015720 -0.012155 0.014965
v -0.015354 -0.013085 0.015957
v -0.015041 -0.013285 0.016311
v -0.013342 -0.013955 0.015755
v -0.013043 -0.013945 0.015899
v -0.014050 -0.013515 0.015571
v -0.013404 -0.013915 0.015972
v -0.013015 -0.013795 0.016191
v -0.013388 -0.013695 0.016312
v -0.014220 -0.013585 0.015922
v -0.014091 -0.013525 0.016259
v -0.013810 -0.013195 0.016734
v -0.013504 -0.013325 0.016674
v -0.014599 -0.013195 0.016659
v -0.014039 -0.012995 0.017094
v -0.012916 -0.013125 0.017010
v -0.013374 -0.012955 0.017241
v -0.013168 -0.012805 0.017668
v -0.011554 -0.012865 0.017040
v -0.011997 -0.013065 0.016939
v -0.011871 -0.012925 0.017084
v -0.011505 -0.012835 0.017274
v -0.012670 -0.012865 0.017369
v -0.012235 -0.012845 0.017589
v -0.012270 -0.013245 0.018100
v -0.011683 -0.014095 0.018873
v -0.019719 -0.006845 0.014125
v -0.019779 -0.008815 0.013888
v -0.019581 -0.009215 0.013989
v -0.020061 -0.008045 0.013999
v -0.020020 -0.008405 0.014052
v -0.020134 -0.008225 0.014275
v -0.019906 -0.009145 0.014398
v -0.019984 -0.007575 0.013858
v -0.019933 -0.007365 0.013897
v -0.019491 -0.006555 0.014266
v -0.019998 -0.007805 0.013827
v -0.019944 -0.007245 0.014168
v -0.020066 -0.007635 0.014102
v -0.019699 -0.006835 0.014638
v -0.020134 -0.007905 0.014218
v -0.019953 -0.007235 0.014662
v -0.020221 -0.008145 0.014725
v -0.020136 -0.007655 0.014688
v -0.019902 -0.007305 0.015483
v -0.020189 -0.007955 0.015516
v -0.018694 -0.005985 0.014647
v -0.019383 -0.006485 0.014631
v -0.018955 -0.006395 0.015842
v -0.019521 -0.006865 0.015744
v -0.019271 -0.009945 0.014377
v -0.019708 -0.009565 0.014502
v -0.019039 -0.010455 0.014716
v -0.017029 -0.005145 0.015994
v -0.017203 -0.005255 0.017252
v -0.016657 -0.004645 0.017765
v -0.015583 -0.002875 0.018663
v -0.014858 -0.002065 0.019493
v -0.018657 -0.010765 0.014741
v -0.018017 -0.011425 0.015095
v -0.013721 -0.002035 0.019843
v -0.017382 -0.012085 0.015663
v -0.015914 -0.013085 0.016580
v -0.016548 -0.012815 0.016427
v -0.015521 -0.013115 0.016992
v -0.015588 -0.013115 0.017518
v -0.016814 -0.012975 0.017195
v -0.016227 -0.013145 0.017502
v -0.015161 -0.013045 0.018050
v -0.014197 -0.012915 0.017561
v -0.013702 -0.012885 0.018007
v -0.013071 -0.012845 0.017993
v -0.012924 -0.012955 0.018127
v -0.013775 -0.013175 0.018662
v -0.011286 -0.010745 0.020442
v -0.011864 -0.013885 0.020598
v -0.019560 -0.010775 0.015738
v -0.020371 -0.009145 0.016058
v -0.020324 -0.010105 0.016248
v -0.020356 -0.009005 0.016873
v -0.019210 -0.006985 0.017972
v -0.018475 -0.006255 0.018039
v -0.015208 -0.002355 0.019347
v -0.014534 -0.001935 0.019706
v -0.015064 -0.002295 0.020254
v -0.018901 -0.011675 0.016313
v -0.019574 -0.012065 0.017390
v -0.014677 -0.002295 0.020427
v -0.018245 -0.012325 0.016906
v -0.018621 -0.012535 0.017458
v -0.013696 -0.004785 0.021805
v -0.018063 -0.013145 0.018046
v -0.017670 -0.013595 0.018364
v -0.017355 -0.013975 0.018696
v -0.016039 -0.013265 0.017931
v -0.017038 -0.013055 0.017545
v -0.016675 -0.013315 0.017955
v -0.017609 -0.012925 0.017615
v -0.017180 -0.013245 0.017926
v -0.016597 -0.013595 0.018458
v -0.017081 -0.013625 0.018394
v -0.016971 -0.013865 0.018728
v -0.015763 -0.013235 0.018146
v -0.015283 -0.013055 0.018674
v -0.015071 -0.013025 0.018715
v -0.015277 -0.013095 0.018946
v -0.015619 -0.013235 0.018957
v -0.015024 -0.013275 0.019272
v -0.016166 -0.013545 0.018805
v -0.015422 -0.013285 0.019372
v -0.016685 -0.013825 0.018899
v -0.015803 -0.013555 0.019731
v -0.015508 -0.013505 0.019721
v -0.016354 -0.013785 0.019387
v -0.016002 -0.013595 0.019594
v -0.014189 -0.014525 0.019975
v -0.014101 -0.013565 0.019211
v -0.012495 -0.013825 0.021567
v -0.011679 -0.012485 0.020888
v -0.020558 -0.009835 0.017850
v -0.020672 -0.010635 0.017991
v -0.020791 -0.010365 0.018619
v -0.020055 -0.008365 0.017844
v -0.020562 -0.009635 0.018664
v -0.019816 -0.007885 0.018037
v -0.019964 -0.008105 0.019570
v -0.018587 -0.006275 0.019403
v -0.016807 -0.003705 0.020978
v -0.020145 -0.011485 0.017340
v -0.015358 -0.003545 0.022351
v -0.016428 -0.003405 0.022440
v -0.019083 -0.012805 0.017945
v -0.019072 -0.013495 0.018553
v -0.019801 -0.013215 0.018639
v -0.020282 -0.012855 0.018824
v -0.014657 -0.003955 0.022262
v -0.015567 -0.004045 0.022947
v -0.017414 -0.014265 0.018990
v -0.017954 -0.014675 0.019184
v -0.018805 -0.015035 0.019514
v -0.017987 -0.015115 0.019605
v -0.017737 -0.015155 0.019937
v -0.018401 -0.015425 0.019829
v -0.018175 -0.015455 0.019966
v -0.017810 -0.015315 0.020242
v -0.016946 -0.014195 0.019413
v -0.015901 -0.014095 0.020548
v -0.016579 -0.014165 0.020240
v -0.015463 -0.014295 0.020560
v -0.013148 -0.010145 0.022027
v -0.014579 -0.016325 0.021920
v -0.018431 -0.005205 0.021966
v -0.020621 -0.012255 0.018959
v -0.021326 -0.011545 0.019970
v -0.021424 -0.011015 0.020246
v -0.016301 -0.003695 0.022929
v -0.016918 -0.003675 0.022563
v -0.020754 -0.014355 0.019993
v -0.020263 -0.014435 0.019631
v -0.020885 -0.012845 0.019680
v -0.021029 -0.013835 0.020140
v -0.015322 -0.004885 0.023337
v -0.015322 -0.005445 0.023589
v -0.015452 -0.004445 0.023195
v -0.016356 -0.004485 0.023734
v -0.019448 -0.015305 0.019849
v -0.019875 -0.015105 0.019862
v -0.019899 -0.015605 0.020257
v -0.019956 -0.015995 0.020670
v -0.019615 -0.014675 0.019472
v -0.015174 -0.006335 0.023682
v -0.019067 -0.015675 0.020079
v -0.018665 -0.015795 0.020303
v -0.019035 -0.015875 0.020319
v -0.019007 -0.016005 0.020596
v -0.019518 -0.015965 0.020484
v -0.019491 -0.016135 0.020719
v -0.019498 -0.016275 0.021019
v -0.019263 -0.016235 0.021173
v -0.018268 -0.015655 0.020366
v -0.018552 -0.015835 0.020544
v -0.017526 -0.015075 0.021242
v -0.018312 -0.015735 0.020807
v -0.018654 -0.015945 0.020923
v -0.015335 -0.009795 0.024393
v -0.017179 -0.015715 0.022460
v -0.015185 -0.016515 0.022150
v -0.015730 -0.017245 0.023175
v -0.015454 -0.017145 0.023318
v -0.014657 -0.016495 0.022367
v -0.014750 -0.016545 0.022887
v -0.014907 -0.016415 0.023558
v -0.014213 -0.014365 0.023543
v -0.014498 -0.015365 0.023662
v -0.014516 -0.013315 0.023916
v -0.021940 -0.010935 0.021677
v -0.021267 -0.010115 0.020985
v -0.020191 -0.007495 0.022124
v -0.019266 -0.005825 0.023835
v -0.016956 -0.004605 0.024095
v -0.021183 -0.014475 0.020592
v -0.021761 -0.014755 0.021537
v -0.021868 -0.013595 0.021410
v -0.016628 -0.006075 0.024917
v -0.017117 -0.005765 0.025083
v -0.017547 -0.005535 0.025144
v -0.020556 -0.015455 0.020497
v -0.020336 -0.015805 0.020670
v -0.020325 -0.015995 0.020889
v -0.020968 -0.015395 0.020835
v -0.020612 -0.015915 0.021013
v -0.020324 -0.016165 0.021145
v -0.016279 -0.006495 0.024784
v -0.019934 -0.016185 0.020901
v -0.019770 -0.016285 0.021008
v -0.019942 -0.016335 0.021204
v -0.019728 -0.016375 0.021282
v -0.019403 -0.016345 0.022158
v -0.020517 -0.016455 0.021933
v -0.020130 -0.016595 0.022154
v -0.019742 -0.016595 0.022515
v -0.018311 -0.015695 0.021972
v -0.018713 -0.015955 0.021983
v -0.018172 -0.015665 0.022360
v -0.018802 -0.016055 0.022407
v -0.019266 -0.016375 0.022567
v -0.019305 -0.016655 0.023075
v -0.017872 -0.015595 0.022536
v -0.017745 -0.015745 0.022747
v -0.018357 -0.015965 0.022924
v -0.018692 -0.016185 0.022976
v -0.018325 -0.016115 0.023197
v -0.018768 -0.016525 0.023457
v -0.016503 -0.017345 0.023290
v -0.016874 -0.018155 0.024318
v -0.017193 -0.018135 0.024288
v -0.016489 -0.018005 0.024398
v -0.016561 -0.018095 0.024868
v -0.016285 -0.017605 0.025120
v -0.022474 -0.012805 0.021981
v -0.022281 -0.011765 0.021703
v -0.023015 -0.012405 0.022719
v -0.020402 -0.006955 0.024001
v -0.018906 -0.005695 0.025665
v -0.022532 -0.013945 0.022252
v -0.018566 -0.006575 0.026373
v -0.017950 -0.006205 0.025840
v -0.018498 -0.005715 0.025625
v -0.017911 -0.006705 0.026131
v -0.021737 -0.015585 0.021901
v -0.021350 -0.016285 0.022228
v -0.020342 -0.016985 0.022883
v -0.019948 -0.017005 0.023078
v -0.020915 -0.017005 0.022925
v -0.019931 -0.017605 0.023899
v -0.019317 -0.017615 0.024487
v -0.019738 -0.017855 0.024538
v -0.020406 -0.017955 0.024102
v -0.018491 -0.016665 0.023705
v -0.016377 -0.012575 0.025855
v -0.018286 -0.017765 0.024317
v -0.016100 -0.015835 0.025702
v -0.016331 -0.014225 0.026015
v -0.016267 -0.016865 0.025648
v -0.023894 -0.013085 0.024036
v -0.023401 -0.012175 0.023471
v -0.022708 -0.009965 0.024270
v -0.019782 -0.006075 0.025618
v -0.019728 -0.006145 0.026064
v -0.020515 -0.006695 0.026055
v -0.020430 -0.006665 0.026400
v -0.023773 -0.014285 0.023911
v -0.019412 -0.006355 0.026405
v -0.018570 -0.007125 0.026736
v -0.018963 -0.006895 0.026747
v -0.023234 -0.017155 0.024397
v -0.018079 -0.009145 0.027108
v -0.022407 -0.017775 0.024294
v -0.020897 -0.018875 0.025239
v -0.021456 -0.018825 0.025074
v -0.017897 -0.019325 0.025975
v -0.022520 -0.008565 0.027070
v -0.022357 -0.008425 0.027659
v -0.021834 -0.008245 0.028124
v -0.020203 -0.008345 0.028150
v -0.024223 -0.016575 0.025085
v -0.019218 -0.009135 0.028091
v -0.019719 -0.008515 0.028078
v -0.020875 -0.020075 0.026823
v -0.020598 -0.020355 0.027163
v -0.019954 -0.019745 0.026529
v -0.018732 -0.016875 0.029157
v -0.019553 -0.020495 0.027152
v -0.019941 -0.021225 0.028059
v -0.019276 -0.020795 0.028005
v -0.019009 -0.020385 0.028578
v -0.019010 -0.020125 0.029007
v -0.017920 -0.017875 0.027936
v -0.018235 -0.019325 0.027829
v -0.025503 -0.014235 0.026620
v -0.021441 -0.008295 0.028335
v -0.021269 -0.008835 0.028885
v -0.024442 -0.017785 0.025842
v -0.020636 -0.010395 0.029814
v -0.021347 -0.009865 0.029848
v -0.020167 -0.011265 0.029902
v -0.019705 -0.013035 0.030028
v -0.022397 -0.020695 0.027106
v -0.021223 -0.022045 0.028799
v -0.020577 -0.022155 0.029293
v -0.020272 -0.021975 0.029702
v -0.024709 -0.010655 0.028411
v -0.023545 -0.009295 0.028811
v -0.024282 -0.010065 0.028585
v -0.024021 -0.009715 0.028909
v -0.025727 -0.013675 0.027254
v -0.023917 -0.009715 0.029715
v -0.023212 -0.009125 0.029079
v -0.022642 -0.009235 0.029611
v -0.023198 -0.009435 0.029815
v -0.025340 -0.018145 0.026985
v -0.026229 -0.017675 0.027950
v -0.022484 -0.009955 0.030417
v -0.024879 -0.019415 0.027109
v -0.024660 -0.020915 0.027855
v -0.022818 -0.022345 0.028807
v -0.021436 -0.022665 0.029489
v -0.022196 -0.022835 0.029454
v -0.023004 -0.023365 0.029737
v -0.022682 -0.023515 0.029966
v -0.021266 -0.023345 0.031043
v -0.019774 -0.020265 0.030649
v -0.020254 -0.021855 0.030688
v -0.025261 -0.010935 0.029498
v -0.026940 -0.015345 0.029039
v -0.026868 -0.013705 0.029698
v -0.027056 -0.014545 0.029568
v -0.026034 -0.012485 0.028890
v -0.025839 -0.011785 0.029380
v -0.026027 -0.011595 0.030724
v -0.026791 -0.016185 0.028674
v -0.023958 -0.010875 0.031864
v -0.026411 -0.020755 0.029127
v -0.026249 -0.018955 0.028247
v -0.022147 -0.011335 0.031560
v -0.022300 -0.012725 0.032750
v -0.025575 -0.021365 0.028758
v -0.021144 -0.014675 0.032260
v -0.024330 -0.022685 0.029219
v -0.025070 -0.022705 0.029443
v -0.023636 -0.023385 0.029715
v -0.023895 -0.024495 0.030586
v -0.023251 -0.024495 0.030663
v -0.022296 -0.023645 0.030366
v -0.021545 -0.023525 0.030836
v -0.022357 -0.024315 0.031268
v -0.022196 -0.024655 0.032098
v -0.020684 -0.021795 0.032143
v -0.021003 -0.020425 0.032937
v 0.088530 -0.115425 0.097662
v 0.089229 -0.114335 0.098007
v 0.088780 -0.115015 0.097773
v 0.089940 -0.113135 0.098503
v 0.090156 -0.112745 0.098700
v 0.090320 -0.112435 0.098902
v 0.090486 -0.112155 0.099121
v 0.090795 -0.111925 0.099328
v 0.088866 -0.115335 0.097697
v 0.088394 -0.116005 0.097543
v 0.088767 -0.115835 0.097704
v 0.089209 -0.114795 0.097866
v 0.089454 -0.114765 0.098002
v 0.089489 -0.115005 0.098158
v 0.089953 -0.114255 0.098399
v 0.089930 -0.114765 0.098791
v 0.090062 -0.113435 0.098403
v 0.090370 -0.112875 0.098648
v 0.090167 -0.113635 0.098441
v 0.090551 -0.112545 0.098838
v 0.090707 -0.112695 0.098845
v 0.090808 -0.112885 0.099028
v 0.090679 -0.112225 0.099055
v 0.090950 -0.112165 0.099180
v 0.091062 -0.111865 0.099445
v 0.091108 -0.112285 0.099288
v 0.091082 -0.111545 0.099793
v 0.091315 -0.111725 0.099708
v 0.091372 -0.111505 0.099928
v -0.027701 -0.014545 0.031023
v -0.026634 -0.012505 0.030556
v -0.027304 -0.013545 0.031002
v -0.025799 -0.011405 0.031191
v -0.025902 -0.011905 0.032741
v -0.027768 -0.017855 0.030361
v -0.027929 -0.017205 0.030611
v -0.023722 -0.011515 0.032592
v -0.027220 -0.020045 0.029884
v -0.023304 -0.012665 0.033570
v -0.022043 -0.014115 0.033289
v -0.021745 -0.016725 0.033695
v -0.022377 -0.015705 0.034484
v -0.024849 -0.024255 0.030548
v -0.023484 -0.025585 0.031754
v -0.024105 -0.026185 0.032089
v -0.022118 -0.024765 0.033412
v -0.022739 -0.025725 0.033581
v -0.021383 -0.023275 0.033325
v 0.088228 -0.115035 0.097892
v 0.087979 -0.115975 0.097635
v 0.087602 -0.116395 0.097666
v 0.088696 -0.113795 0.098377
v 0.089588 -0.112765 0.098777
v 0.090506 -0.111835 0.099427
v 0.089790 -0.112235 0.099153
v 0.090581 -0.110875 0.100574
v 0.089899 -0.111035 0.100366
v 0.086495 -0.120405 0.097431
v 0.086692 -0.120475 0.097595
v 0.086128 -0.120265 0.097499
v 0.086253 -0.120685 0.097448
v 0.086162 -0.121055 0.097537
v 0.086375 -0.120855 0.097512
v 0.087494 -0.118655 0.097597
v 0.087078 -0.118535 0.097586
v 0.087258 -0.118655 0.097553
v 0.087201 -0.119145 0.097541
v 0.087484 -0.119005 0.097723
v 0.086894 -0.119135 0.097523
v 0.086706 -0.119795 0.097447
v 0.086999 -0.119795 0.097577
v 0.086410 -0.119575 0.097529
v 0.086533 -0.118015 0.097818
v 0.088167 -0.117035 0.097595
v 0.087972 -0.116525 0.097505
v 0.087680 -0.117105 0.097520
v 0.087601 -0.117665 0.097522
v 0.088471 -0.117275 0.098207
v 0.088158 -0.116695 0.097500
v 0.091403 -0.111205 0.100287
v 0.091623 -0.111375 0.100201
v 0.091887 -0.111515 0.100510
v 0.091867 -0.110985 0.100778
v 0.092048 -0.111165 0.100741
v 0.091339 -0.110875 0.100755
v 0.092092 -0.110935 0.101034
v 0.092355 -0.111175 0.101189
v 0.092393 -0.111005 0.101376
v 0.091806 -0.110775 0.101144
v 0.092068 -0.110805 0.101306
v 0.092071 -0.110655 0.102040
v 0.091682 -0.110505 0.101917
v 0.087556 -0.120145 0.098585
v 0.089374 -0.116865 0.099966
v 0.090729 -0.114345 0.100347
v 0.091110 -0.114765 0.101365
v 0.092430 -0.111595 0.101494
v 0.092405 -0.112695 0.102102
v 0.092754 -0.111245 0.101928
v 0.092496 -0.110945 0.101823
v 0.092915 -0.111255 0.102527
v 0.093096 -0.111515 0.102640
v 0.093222 -0.111855 0.102707
v 0.092316 -0.110865 0.102810
v 0.093557 -0.112335 0.103305
v -0.028228 -0.015095 0.032019
v -0.027692 -0.013815 0.031921
v -0.027375 -0.013145 0.032376
v -0.026577 -0.012355 0.032812
v -0.027018 -0.012735 0.032647
v -0.028422 -0.018005 0.031531
v -0.028222 -0.015985 0.031418
v -0.028599 -0.017265 0.031900
v -0.025506 -0.011985 0.033354
v -0.025103 -0.012235 0.033909
v -0.028303 -0.019775 0.031574
v -0.025446 -0.012925 0.035094
v -0.024325 -0.012535 0.034043
v -0.028188 -0.023655 0.032469
v -0.022951 -0.014965 0.034908
v -0.022934 -0.017325 0.036090
v -0.023202 -0.016275 0.036142
v -0.024873 -0.026685 0.032492
v -0.025640 -0.026525 0.032527
v -0.025598 -0.027445 0.033315
v -0.024150 -0.027115 0.033247
v -0.024754 -0.027525 0.033385
v -0.021859 -0.022515 0.034975
v 0.086689 -0.112935 0.099469
v 0.085914 -0.113935 0.099232
v 0.087406 -0.111995 0.099949
v 0.087547 -0.110505 0.101171
v 0.086198 -0.116425 0.098301
v 0.089770 -0.110245 0.101405
v 0.090368 -0.110235 0.101653
v 0.085756 -0.120985 0.097655
v 0.085930 -0.121275 0.097645
v 0.085755 -0.121385 0.097768
v 0.085363 -0.121315 0.097985
v 0.085969 -0.121765 0.097888
v 0.085691 -0.121695 0.097955
v 0.086034 -0.122175 0.098128
v 0.086218 -0.122475 0.098359
v 0.085755 -0.122125 0.098183
v 0.086408 -0.122705 0.098741
v 0.085834 -0.122545 0.098444
v 0.086057 -0.123045 0.098774
v 0.085196 -0.122125 0.098554
v 0.085764 -0.122995 0.098841
v 0.085915 -0.123185 0.098933
v 0.086144 -0.121355 0.097659
v 0.085925 -0.121535 0.097771
v 0.086097 -0.121645 0.097815
v 0.086218 -0.121805 0.097936
v 0.086359 -0.121565 0.097879
v 0.086534 -0.121785 0.098192
v 0.089716 -0.117035 0.100803
v 0.088968 -0.118585 0.100550
v 0.093024 -0.111555 0.103172
v 0.086226 -0.123355 0.099156
v 0.086372 -0.123185 0.099146
v 0.087679 -0.121295 0.100044
v 0.090499 -0.116725 0.101866
v 0.090070 -0.118145 0.102144
v 0.092358 -0.114525 0.103008
v 0.093105 -0.113015 0.103178
v 0.093542 -0.112685 0.103468
v 0.093678 -0.112925 0.103876
v 0.093539 -0.113405 0.103856
v 0.093535 -0.112865 0.104116
v 0.093413 -0.111985 0.103258
v 0.093653 -0.112495 0.103538
v 0.093238 -0.111965 0.103628
v 0.093542 -0.112245 0.103594
v 0.093383 -0.112205 0.103778
v 0.093521 -0.112435 0.103835
v 0.093084 -0.115115 0.104153
v 0.093087 -0.115465 0.104481
v 0.093606 -0.113415 0.104245
v 0.093607 -0.113775 0.104210
v 0.093512 -0.114205 0.104222
v 0.093459 -0.113425 0.104435
v 0.093558 -0.113855 0.104423
v 0.093549 -0.114145 0.104399
v 0.093354 -0.114675 0.104248
v 0.093374 -0.113755 0.104600
v 0.093439 -0.114165 0.104601
v 0.093388 -0.114785 0.104468
v 0.093451 -0.114445 0.104567
v 0.093311 -0.114875 0.104659
v -0.029007 -0.016945 0.032870
v -0.029082 -0.017755 0.032859
v -0.029248 -0.016545 0.033906
v -0.028696 -0.015225 0.033554
v -0.028379 -0.014355 0.033984
v -0.027972 -0.013785 0.034360
v -0.027699 -0.013575 0.034665
v -0.028520 -0.014445 0.034782
v -0.027014 -0.012955 0.034173
v -0.026843 -0.013075 0.034760
v -0.026062 -0.013055 0.035324
v -0.026520 -0.013195 0.035363
v -0.029140 -0.019495 0.033036
v -0.025122 -0.013405 0.035583
v -0.024522 -0.013735 0.035586
v -0.028313 -0.022705 0.032266
v -0.024072 -0.014535 0.035932
v -0.024702 -0.014395 0.036386
v -0.023463 -0.015885 0.036291
v -0.023862 -0.016735 0.037395
v -0.026565 -0.027755 0.033869
v -0.024087 -0.027945 0.035137
v -0.022553 -0.025055 0.036721
v 0.084429 -0.112135 0.100741
v 0.085258 -0.110175 0.101837
v 0.082544 -0.118425 0.098976
v 0.087786 -0.109705 0.101938
v 0.088001 -0.109015 0.102829
v 0.083835 -0.119195 0.098417
v 0.083484 -0.120165 0.098737
v 0.084295 -0.117855 0.098470
v 0.089089 -0.109335 0.102800
v 0.089484 -0.109275 0.103355
v 0.083539 -0.121395 0.099369
v 0.085767 -0.123255 0.099064
v 0.085422 -0.123055 0.099167
v 0.086012 -0.123515 0.099202
v 0.086077 -0.123655 0.099410
v 0.085814 -0.123545 0.099372
v 0.086621 -0.123515 0.099968
v 0.085835 -0.123705 0.099621
v 0.086039 -0.123845 0.099689
v 0.086230 -0.123865 0.099795
v 0.085771 -0.123785 0.099951
v 0.086080 -0.123955 0.099951
v 0.086210 -0.124015 0.100039
v 0.086469 -0.123995 0.100212
v 0.086114 -0.124045 0.100200
v 0.085861 -0.123945 0.100354
v 0.086342 -0.124215 0.100568
v 0.092310 -0.112875 0.105176
v 0.091568 -0.113665 0.105787
v 0.092456 -0.112035 0.104618
v 0.086751 -0.124225 0.100869
v 0.086944 -0.124065 0.100989
v 0.086586 -0.124365 0.100953
v 0.086803 -0.124355 0.101121
v 0.086390 -0.124315 0.101141
v 0.086671 -0.124425 0.101273
v 0.087055 -0.124395 0.101557
v 0.087913 -0.122385 0.101321
v 0.090978 -0.118625 0.103778
v 0.091286 -0.117045 0.103238
v 0.092125 -0.117095 0.104328
v 0.092326 -0.116925 0.104521
v 0.092396 -0.116815 0.104805
v 0.092187 -0.117375 0.104692
v 0.092092 -0.117075 0.105111
v 0.093106 -0.115335 0.104751
v 0.093099 -0.114895 0.104963
v 0.092860 -0.115425 0.105068
v 0.092729 -0.115055 0.105252
v 0.092304 -0.115885 0.105353
v 0.092079 -0.114825 0.105611
v 0.092103 -0.115405 0.105553
v 0.093092 -0.113915 0.104880
v 0.092994 -0.114575 0.105062
v 0.092457 -0.114055 0.105361
v 0.090646 -0.120685 0.104400
v 0.091737 -0.118605 0.104951
v 0.091540 -0.119075 0.105036
v 0.091654 -0.118565 0.105145
v 0.091297 -0.119645 0.104751
v 0.092015 -0.117575 0.105014
v -0.029857 -0.017755 0.034890
v -0.029450 -0.016445 0.034878
v -0.029185 -0.015475 0.035615
v -0.029967 -0.019105 0.034726
v -0.026588 -0.014355 0.037373
v -0.027516 -0.014455 0.037324
v -0.027155 -0.014525 0.037638
v -0.029194 -0.024815 0.034299
v -0.029545 -0.023735 0.034562
v -0.024381 -0.016115 0.037672
v -0.023730 -0.018085 0.037998
v -0.023521 -0.019595 0.038294
v -0.027669 -0.027405 0.034142
v -0.028389 -0.027435 0.034718
v -0.028596 -0.028515 0.035569
v -0.023235 -0.026315 0.039245
v -0.023937 -0.028785 0.038277
v -0.023283 -0.027105 0.038632
v 0.083171 -0.110545 0.101937
v 0.083645 -0.112805 0.100666
v 0.082417 -0.112075 0.101349
v 0.086519 -0.108385 0.103327
v 0.086072 -0.107745 0.104126
v 0.081951 -0.119235 0.099241
v 0.082142 -0.117355 0.099416
v 0.087278 -0.108395 0.103518
v 0.087568 -0.108255 0.103980
v 0.087802 -0.108185 0.104598
v 0.081796 -0.120045 0.099603
v 0.089374 -0.109405 0.105081
v 0.088468 -0.108605 0.104755
v 0.089915 -0.110285 0.105636
v 0.089517 -0.110475 0.106102
v 0.083898 -0.122635 0.100374
v 0.083643 -0.122775 0.101039
v 0.090746 -0.115185 0.106095
v 0.090673 -0.114095 0.106197
v 0.086396 -0.124315 0.101536
v 0.086935 -0.124475 0.101697
v 0.086657 -0.124325 0.102026
v 0.087251 -0.124435 0.102137
v 0.087973 -0.123835 0.102433
v 0.087520 -0.124365 0.102343
v 0.087099 -0.124335 0.102428
v 0.087428 -0.124365 0.102523
v 0.087260 -0.124215 0.102803
v 0.087068 -0.123725 0.103671
v 0.089625 -0.119595 0.105698
v 0.090324 -0.118955 0.105697
v 0.091389 -0.116755 0.105618
v 0.090231 -0.117455 0.105999
v 0.087812 -0.124205 0.102535
v 0.087685 -0.124305 0.102702
v 0.088308 -0.123955 0.103136
v 0.087700 -0.124205 0.103000
v 0.088262 -0.124005 0.103354
v 0.088052 -0.123945 0.103518
v 0.088616 -0.123645 0.103374
v 0.088598 -0.123765 0.103598
v 0.088999 -0.123355 0.103904
v 0.088461 -0.123775 0.103755
v 0.088867 -0.123435 0.104057
v 0.089128 -0.123115 0.104262
v 0.088165 -0.123685 0.103878
v 0.088521 -0.123485 0.104092
v 0.088758 -0.123205 0.104301
v 0.089008 -0.122885 0.104476
v 0.089509 -0.122565 0.104008
v 0.090114 -0.121845 0.104562
v 0.090080 -0.121665 0.104779
v 0.089562 -0.122655 0.104347
v 0.089842 -0.122185 0.104581
v 0.089528 -0.122425 0.104599
v 0.088977 -0.122255 0.104808
v 0.090992 -0.120385 0.104788
v 0.090457 -0.121265 0.104592
v 0.090760 -0.120805 0.104832
v 0.090929 -0.120445 0.104982
v 0.090473 -0.121175 0.104852
v 0.090637 -0.120785 0.104999
v 0.090776 -0.120405 0.105120
v 0.090504 -0.120325 0.105237
v 0.090325 -0.120985 0.105030
v 0.089603 -0.120895 0.105247
v 0.091521 -0.118365 0.105316
v 0.091450 -0.118915 0.105236
v 0.091283 -0.119705 0.105042
v 0.091100 -0.119855 0.105159
v 0.091067 -0.118465 0.105539
v 0.091061 -0.119005 0.105436
v 0.090885 -0.119815 0.105283
v -0.029977 -0.017495 0.035693
v -0.029704 -0.016485 0.036174
v -0.029085 -0.015265 0.036290
v -0.028905 -0.015165 0.036730
v -0.028296 -0.014695 0.036855
v -0.030529 -0.019645 0.036071
v -0.030571 -0.018885 0.036612
v -0.030005 -0.016855 0.037440
v -0.029741 -0.016345 0.037646
v -0.030444 -0.022835 0.036079
v -0.025583 -0.017305 0.040205
v -0.025799 -0.016135 0.039150
v -0.029805 -0.027825 0.036459
v -0.024683 -0.017775 0.039447
v -0.024315 -0.018945 0.039683
v -0.029313 -0.027805 0.035843
v -0.029458 -0.028925 0.036644
v -0.028505 -0.030015 0.036635
v -0.027492 -0.031255 0.037473
v -0.026821 -0.029995 0.036155
v -0.026553 -0.030345 0.036656
v -0.025563 -0.030185 0.037164
v -0.026814 -0.031155 0.037499
v -0.023264 -0.024875 0.039389
v -0.026260 -0.031395 0.038057
v -0.025624 -0.031445 0.038760
v -0.025270 -0.031275 0.039131
v -0.024437 -0.029605 0.038232
v 0.081159 -0.110715 0.102202
v 0.084197 -0.107925 0.103756
v 0.079111 -0.117845 0.100550
v 0.080104 -0.115665 0.100658
v 0.085240 -0.106915 0.104975
v 0.085652 -0.106965 0.105138
v 0.085808 -0.106915 0.105706
v 0.084964 -0.106455 0.105727
v 0.080547 -0.120145 0.100502
v 0.080715 -0.119525 0.100010
v 0.079503 -0.119215 0.100664
v 0.086195 -0.107285 0.106138
v 0.080689 -0.120675 0.100888
v 0.088002 -0.111975 0.107131
v 0.089056 -0.110975 0.106577
v 0.088520 -0.111215 0.106881
v 0.083753 -0.123055 0.101839
v 0.082692 -0.122655 0.102833
v 0.088541 -0.115665 0.106714
v 0.089564 -0.114335 0.106557
v 0.086958 -0.123365 0.104150
v 0.087400 -0.123035 0.104521
v 0.086832 -0.122445 0.104963
v 0.088040 -0.121365 0.105361
v 0.087027 -0.121685 0.105356
v 0.087147 -0.120605 0.105767
v 0.088742 -0.119805 0.105813
v 0.089557 -0.118105 0.106101
v 0.089146 -0.118745 0.106053
v 0.088058 -0.122535 0.104826
v -0.030338 -0.017725 0.037388
v -0.030777 -0.021225 0.036598
v -0.027956 -0.016275 0.040261
v -0.027486 -0.016475 0.040539
v -0.028553 -0.016425 0.040266
v -0.030288 -0.027385 0.037074
v -0.025555 -0.018585 0.041485
v -0.024962 -0.019735 0.041585
v -0.024476 -0.021525 0.041821
v -0.027031 -0.032755 0.038821
v -0.026630 -0.033225 0.039432
v -0.026286 -0.033485 0.040005
v -0.025136 -0.032265 0.041108
v -0.024352 -0.030625 0.041427
v -0.023941 -0.029185 0.041814
v -0.023854 -0.028405 0.041888
v 0.078899 -0.112755 0.101947
v 0.078881 -0.110425 0.102814
v 0.080800 -0.109125 0.103105
v 0.082032 -0.106585 0.104888
v 0.077362 -0.116565 0.101337
v 0.084145 -0.106085 0.105835
v 0.078920 -0.118315 0.100713
v 0.078555 -0.118775 0.101138
v 0.084430 -0.106155 0.106109
v 0.084985 -0.106515 0.106374
v 0.085543 -0.107065 0.106774
v 0.084957 -0.106875 0.107114
v 0.079547 -0.120285 0.101521
v 0.078829 -0.119465 0.101386
v 0.078572 -0.119815 0.102028
v 0.079185 -0.120495 0.102278
v 0.085737 -0.108285 0.107621
v 0.085498 -0.108725 0.107873
v 0.086162 -0.107695 0.106881
v 0.085754 -0.107705 0.107275
v 0.084629 -0.107275 0.107716
v 0.080334 -0.121005 0.101671
v 0.080138 -0.121125 0.102173
v 0.080127 -0.121285 0.102609
v 0.086463 -0.109475 0.107573
v 0.081122 -0.121785 0.102337
v 0.080836 -0.121745 0.102907
v 0.087263 -0.112535 0.107339
v 0.083047 -0.122755 0.103487
v 0.083418 -0.122525 0.104366
v 0.085661 -0.115045 0.107436
v 0.083725 -0.122325 0.104830
v 0.085162 -0.122455 0.104928
v 0.083858 -0.121885 0.105297
v 0.084579 -0.121055 0.105803
v 0.083671 -0.121425 0.105618
v 0.084840 -0.120245 0.106113
v 0.087317 -0.118835 0.106344
v 0.085900 -0.118685 0.106572
v 0.086811 -0.117275 0.106835
v -0.031248 -0.019925 0.038568
v -0.030663 -0.018065 0.039079
v -0.031159 -0.019295 0.039341
v -0.030726 -0.018115 0.039938
v -0.031413 -0.021025 0.038316
v -0.029840 -0.017225 0.040578
v -0.030628 -0.018085 0.040657
v -0.028163 -0.016855 0.041318
v -0.028633 -0.016955 0.041502
v -0.029230 -0.017105 0.041373
v -0.026425 -0.018465 0.042466
v -0.029547 -0.031635 0.038524
v -0.030293 -0.031535 0.039151
v -0.024082 -0.027325 0.043082
v -0.027703 -0.034095 0.039944
v -0.027011 -0.034885 0.040705
v -0.027353 -0.034985 0.040673
v -0.028111 -0.034915 0.040638
v -0.027070 -0.034085 0.040004
v -0.026787 -0.034025 0.040100
v -0.026008 -0.033695 0.040666
v -0.026587 -0.034885 0.041080
v 0.076753 -0.108825 0.103888
v 0.075215 -0.113805 0.102491
v 0.076506 -0.111845 0.102949
v 0.076271 -0.110015 0.103562
v 0.078561 -0.108245 0.103882
v 0.079364 -0.106905 0.104643
v 0.080204 -0.105095 0.105930
v 0.080576 -0.104485 0.106647
v 0.081672 -0.105245 0.106061
v 0.081626 -0.104895 0.106624
v 0.081184 -0.104625 0.106999
v 0.077094 -0.117365 0.101575
v 0.076243 -0.117785 0.102373
v 0.076230 -0.118345 0.102938
v 0.078054 -0.119765 0.102631
v 0.078447 -0.120255 0.103011
v 0.078440 -0.120425 0.103583
v 0.084128 -0.110005 0.108274
v 0.084558 -0.107725 0.107990
v 0.085359 -0.109495 0.107978
v 0.084279 -0.108435 0.108249
v 0.079975 -0.121325 0.103232
v 0.079110 -0.120765 0.103112
v 0.079068 -0.120875 0.104093
v 0.083800 -0.112595 0.108015
v 0.080703 -0.121715 0.103867
v 0.080747 -0.121555 0.104569
v 0.080828 -0.120685 0.105869
v -0.031679 -0.020435 0.040620
v -0.031548 -0.019785 0.041743
v -0.029106 -0.017315 0.042323
v -0.029707 -0.017635 0.042544
v -0.029979 -0.017915 0.042744
v -0.031988 -0.023305 0.039683
v -0.032327 -0.023115 0.040674
v -0.028599 -0.017295 0.042383
v -0.028252 -0.017475 0.042565
v -0.028725 -0.017525 0.042832
v -0.028237 -0.018005 0.043281
v -0.029256 -0.017545 0.042803
v -0.029009 -0.017675 0.043108
v -0.028834 -0.017775 0.043228
v -0.029764 -0.017895 0.043099
v -0.029146 -0.017935 0.043466
v -0.028718 -0.018235 0.043763
v -0.029562 -0.018135 0.043616
v -0.027259 -0.018285 0.042977
v -0.030880 -0.031005 0.039650
v -0.031373 -0.030515 0.040308
v -0.026298 -0.020755 0.044996
v -0.024937 -0.024195 0.044912
v -0.029331 -0.034675 0.040784
v -0.030250 -0.034635 0.041301
v -0.027991 -0.035885 0.041480
v -0.024774 -0.027115 0.045971
v -0.027220 -0.036085 0.041819
v -0.026608 -0.035705 0.042201
v -0.026929 -0.036225 0.042282
v -0.027206 -0.036945 0.042941
v 0.074694 -0.111205 0.103515
v 0.075313 -0.108725 0.104133
v 0.076745 -0.106475 0.104951
v 0.078042 -0.105385 0.105562
v 0.077538 -0.103835 0.106435
v 0.079422 -0.104085 0.106673
v 0.080250 -0.104175 0.107119
v 0.080025 -0.104175 0.107896
v 0.074647 -0.115815 0.102383
v 0.074834 -0.115175 0.102285
v 0.080762 -0.105015 0.108390
v 0.076029 -0.118605 0.103644
v 0.076076 -0.118895 0.104282
v 0.077756 -0.119985 0.105525
v 0.082453 -0.110515 0.108589
v 0.079428 -0.120835 0.105129
v 0.078762 -0.120645 0.104868
v 0.079673 -0.120675 0.105529
v 0.081371 -0.119965 0.106388
v -0.032042 -0.021065 0.042526
v -0.031417 -0.019555 0.042409
v -0.031784 -0.020335 0.042737
v -0.032589 -0.024315 0.041386
v -0.032486 -0.022835 0.041670
v -0.031542 -0.020055 0.043445
v -0.030241 -0.018515 0.043521
v -0.029163 -0.018365 0.043981
v -0.032571 -0.026095 0.041765
v -0.029846 -0.019495 0.045195
v -0.028641 -0.019405 0.045019
v -0.027684 -0.020775 0.046205
v -0.031797 -0.031235 0.041471
v -0.026782 -0.020885 0.045695
v -0.031457 -0.032695 0.041496
v -0.031062 -0.033915 0.041631
v -0.025483 -0.023365 0.045990
v -0.026339 -0.022285 0.046816
v -0.031100 -0.035355 0.042691
v -0.025152 -0.025575 0.046803
v -0.029534 -0.036055 0.042094
v -0.030196 -0.035635 0.042072
v -0.030496 -0.036455 0.043036
v -0.029037 -0.037805 0.043742
v -0.027832 -0.037345 0.043120
v -0.027726 -0.038495 0.044728
v -0.027388 -0.038275 0.044845
v -0.025857 -0.035365 0.045278
v -0.024755 -0.033095 0.045505
v -0.024409 -0.031935 0.046001
v -0.024418 -0.031295 0.047380
v 0.072848 -0.106835 0.104907
v 0.072909 -0.104485 0.105749
v 0.074249 -0.103505 0.106247
v 0.075024 -0.102385 0.106847
v 0.072708 -0.109875 0.104146
v 0.071790 -0.108935 0.104481
v 0.074883 -0.106015 0.105190
v 0.075622 -0.104635 0.105851
v 0.076866 -0.102705 0.107119
v 0.076598 -0.102195 0.108141
v 0.072054 -0.113835 0.103102
v 0.077271 -0.102665 0.107451
v 0.078899 -0.103515 0.107984
v 0.078341 -0.103395 0.108506
v 0.079289 -0.107975 0.109503
v 0.076073 -0.119085 0.105112
v 0.076245 -0.119185 0.105631
v 0.077573 -0.119535 0.106183
v 0.075984 -0.118855 0.106279
v 0.076363 -0.118595 0.106808
v 0.078021 -0.116975 0.107772
v 0.079980 -0.115955 0.107969
v 0.080305 -0.114065 0.108393
v -0.032112 -0.021365 0.044071
v -0.031861 -0.021115 0.044580
v -0.031199 -0.020345 0.044982
v -0.033024 -0.025485 0.042863
v -0.033082 -0.024665 0.043209
v -0.032822 -0.029395 0.043828
v -0.032205 -0.032145 0.042924
v -0.026008 -0.023565 0.047625
v -0.031437 -0.034885 0.042822
v -0.031924 -0.034175 0.043320
v -0.030931 -0.036785 0.043720
v -0.031278 -0.036435 0.043815
v -0.029788 -0.037495 0.043653
v -0.030490 -0.037835 0.044376
v -0.030236 -0.038595 0.045064
v -0.024874 -0.029285 0.048749
v -0.028781 -0.038405 0.044375
v -0.028277 -0.038815 0.044869
v -0.029557 -0.038545 0.044699
v -0.026948 -0.037945 0.045422
v -0.025277 -0.035685 0.047795
v -0.025669 -0.036475 0.048026
v -0.024648 -0.034215 0.048286
v -0.024904 -0.035115 0.048282
v 0.069742 -0.104555 0.105529
v 0.071408 -0.102415 0.106331
v 0.072914 -0.101725 0.106766
v 0.072660 -0.100125 0.107764
v 0.072979 -0.100085 0.108202
v 0.070315 -0.110395 0.104025
v 0.070147 -0.108095 0.104762
v 0.070098 -0.113605 0.103806
v 0.070719 -0.114805 0.104194
v 0.070882 -0.115525 0.104911
v 0.078183 -0.105115 0.109704
v 0.072679 -0.116925 0.105159
v 0.077120 -0.108715 0.109784
v 0.077300 -0.106605 0.109985
v 0.078584 -0.106205 0.109698
v 0.073579 -0.117605 0.105810
v 0.074997 -0.118405 0.106107
v 0.076181 -0.117965 0.107304
v 0.076617 -0.114425 0.108721
v 0.076641 -0.117715 0.107483
v -0.032871 -0.023455 0.046752
v -0.032130 -0.022335 0.046753
v -0.031681 -0.021905 0.047074
v -0.031205 -0.021555 0.047188
v -0.033576 -0.026765 0.045029
v -0.033733 -0.026265 0.045797
v -0.029486 -0.021075 0.047245
v -0.030348 -0.021245 0.047325
v -0.029581 -0.021875 0.048433
v -0.028696 -0.021615 0.047805
v -0.027276 -0.023575 0.049546
v -0.026475 -0.024575 0.049773
v -0.031777 -0.036175 0.044440
v -0.031754 -0.037525 0.045534
v -0.032177 -0.036805 0.045800
v -0.025357 -0.027175 0.049318
v -0.025763 -0.026035 0.049667
v -0.031316 -0.037785 0.045126
v -0.030961 -0.038365 0.045343
v -0.025360 -0.028085 0.050630
v -0.030396 -0.039525 0.046245
v -0.029655 -0.040155 0.046692
v -0.028670 -0.039855 0.046051
v -0.028135 -0.040095 0.046375
v -0.027889 -0.040255 0.046730
v -0.028499 -0.040205 0.046466
v -0.028151 -0.040565 0.046981
v -0.028608 -0.040855 0.047386
v -0.024466 -0.033725 0.049758
v -0.024484 -0.032875 0.050544
v -0.024788 -0.031055 0.051301
v -0.027532 -0.040175 0.047194
v -0.028237 -0.041115 0.047813
v -0.027942 -0.041265 0.048229
v 0.066737 -0.103635 0.105603
v 0.068982 -0.101215 0.106392
v 0.070711 -0.099595 0.107345
v 0.069156 -0.099685 0.106897
v 0.069306 -0.099105 0.107198
v 0.069625 -0.098915 0.107423
v 0.070559 -0.099095 0.107646
v 0.069917 -0.098585 0.107797
v 0.066736 -0.107635 0.104840
v 0.067799 -0.106335 0.105176
v 0.070664 -0.098815 0.108012
v 0.074160 -0.101155 0.109536
v 0.074654 -0.101785 0.109790
v 0.075748 -0.103045 0.109980
v 0.074288 -0.102725 0.110380
v 0.076381 -0.104895 0.110156
v 0.075634 -0.103715 0.110221
v 0.074563 -0.103975 0.110457
v 0.074621 -0.107855 0.110193
v 0.075381 -0.105825 0.110333
v 0.075280 -0.106725 0.110286
v 0.072281 -0.116915 0.106285
v 0.071159 -0.116185 0.106084
v 0.072139 -0.116745 0.107009
v 0.072179 -0.116555 0.107450
v 0.072399 -0.116345 0.107807
v 0.072396 -0.115835 0.108218
v 0.072896 -0.115455 0.108491
v 0.073162 -0.114685 0.108832
v 0.073020 -0.113165 0.109288
v 0.073940 -0.111815 0.109560
v 0.074803 -0.115645 0.108419
v 0.074638 -0.113895 0.109024
v 0.075733 -0.112445 0.109294
v -0.034040 -0.027895 0.047260
v -0.033667 -0.025615 0.046239
v -0.033979 -0.026885 0.047054
v -0.033921 -0.026205 0.047659
v -0.033497 -0.024915 0.046882
v -0.031296 -0.022285 0.048481
v -0.031917 -0.022835 0.048740
v -0.030230 -0.022115 0.048872
v -0.033668 -0.029415 0.046165
v -0.033917 -0.028865 0.046891
v -0.029537 -0.022385 0.049372
v -0.028899 -0.022685 0.049511
v -0.033367 -0.031715 0.046247
v -0.033196 -0.034575 0.047251
v -0.032605 -0.036625 0.046821
v -0.032518 -0.035555 0.045793
v -0.032089 -0.037775 0.046469
v -0.025988 -0.026895 0.051771
v -0.030784 -0.039845 0.046914
v -0.030507 -0.040185 0.047143
v -0.031255 -0.039915 0.047444
v -0.030903 -0.040495 0.047833
v -0.031279 -0.040415 0.048098
v -0.025272 -0.029195 0.052692
v -0.028379 -0.042045 0.049085
v -0.028908 -0.041955 0.048936
v -0.025773 -0.038075 0.050575
v -0.024337 -0.034525 0.052505
v -0.024346 -0.033385 0.053036
v -0.027714 -0.042145 0.049894
v -0.026615 -0.039995 0.049861
v -0.025021 -0.037845 0.052430
v -0.024645 -0.035955 0.051792
v -0.024941 -0.036775 0.051450
v -0.024722 -0.037165 0.052810
v 0.066038 -0.097145 0.107268
v 0.065043 -0.097725 0.106780
v 0.063595 -0.106055 0.105164
v 0.067878 -0.097805 0.107490
v 0.067863 -0.097415 0.107750
v 0.065489 -0.104775 0.105416
v 0.064591 -0.108925 0.104762
v 0.071142 -0.098915 0.109108
v 0.071420 -0.099235 0.109487
v 0.070841 -0.099045 0.109817
v 0.071059 -0.099515 0.110169
v 0.065912 -0.110945 0.104701
v 0.065747 -0.111515 0.105113
v 0.071183 -0.100065 0.110462
v 0.070938 -0.100515 0.110708
v 0.067005 -0.112975 0.105567
v 0.071842 -0.103795 0.110835
v 0.072020 -0.102625 0.110790
v 0.069340 -0.115135 0.106894
v 0.069257 -0.115075 0.107344
v 0.070674 -0.113695 0.109114
v -0.034158 -0.027625 0.048130
v -0.034109 -0.026865 0.048579
v -0.033653 -0.025325 0.048515
v -0.034027 -0.026495 0.049384
v -0.032351 -0.023565 0.049429
v -0.031521 -0.023005 0.050161
v -0.031956 -0.023445 0.050279
v -0.034052 -0.030155 0.048075
v -0.034206 -0.029245 0.048559
v -0.031061 -0.023075 0.050791
v -0.031516 -0.023305 0.050788
v -0.030947 -0.023585 0.051753
v -0.030829 -0.022735 0.050167
v -0.030557 -0.022885 0.050632
v -0.030118 -0.023165 0.051262
v -0.030439 -0.023365 0.051631
v -0.033779 -0.031295 0.047486
v -0.034100 -0.031245 0.048976
v -0.029202 -0.023375 0.051160
v -0.029775 -0.023335 0.051522
v -0.029610 -0.023615 0.051951
v -0.029084 -0.024115 0.052345
v -0.030058 -0.023485 0.051889
v -0.029899 -0.023755 0.052275
v -0.029538 -0.024105 0.052607
v -0.030377 -0.023665 0.052160
v -0.033312 -0.035255 0.048158
v -0.033573 -0.034215 0.048439
v -0.028165 -0.024435 0.051982
v -0.026956 -0.026055 0.052841
v -0.032775 -0.038265 0.048951
v -0.031715 -0.039775 0.047920
v -0.031986 -0.040395 0.049159
v -0.032284 -0.039415 0.048655
v -0.025417 -0.029235 0.054410
v -0.030567 -0.041675 0.049220
v -0.031594 -0.040935 0.049214
v -0.031110 -0.041515 0.049442
v -0.025042 -0.030215 0.053822
v -0.024683 -0.031485 0.053973
v -0.024896 -0.030665 0.055190
v -0.029850 -0.042105 0.049452
v -0.030365 -0.042265 0.049975
v -0.024332 -0.032445 0.055652
v -0.028396 -0.042925 0.050500
v -0.029222 -0.042995 0.050562
v -0.028055 -0.042565 0.050123
v -0.027268 -0.042045 0.050962
v -0.027841 -0.042855 0.050906
v -0.024229 -0.035635 0.054018
v -0.025715 -0.040075 0.052895
v 0.061404 -0.099665 0.105912
v 0.062369 -0.096225 0.106698
v 0.063313 -0.095355 0.107260
v 0.064501 -0.094825 0.108373
v 0.063119 -0.094285 0.107837
v 0.066770 -0.096125 0.108767
v 0.066486 -0.095985 0.109113
v 0.066789 -0.096425 0.109741
v 0.066418 -0.096385 0.110040
v 0.067951 -0.097435 0.110136
v 0.067803 -0.097955 0.110657
v 0.062911 -0.109115 0.105155
v 0.062508 -0.110025 0.105979
v 0.068495 -0.099575 0.111017
v 0.062875 -0.110465 0.106205
v 0.063884 -0.110225 0.105298
v 0.070115 -0.102505 0.111017
v 0.065567 -0.112525 0.106592
v 0.069966 -0.105635 0.110778
v 0.070929 -0.104585 0.110867
v 0.068331 -0.111815 0.109643
v 0.067942 -0.114155 0.107997
v 0.068185 -0.113855 0.108611
v 0.067441 -0.113635 0.108507
v 0.069422 -0.110005 0.110067
v 0.069503 -0.113945 0.108889
v -0.033585 -0.025515 0.050078
v -0.034349 -0.029505 0.049721
v -0.034205 -0.027315 0.049579
v -0.034336 -0.028735 0.049682
v -0.034316 -0.028415 0.051048
v -0.034205 -0.027835 0.051134
v -0.034071 -0.026805 0.050152
v -0.033834 -0.026485 0.051153
v -0.033370 -0.025575 0.051108
v -0.032989 -0.025395 0.051735
v -0.031216 -0.023845 0.051941
v -0.032086 -0.024665 0.052153
v -0.034281 -0.030205 0.049437
v -0.034407 -0.030525 0.050848
v -0.034386 -0.029145 0.050634
v -0.031800 -0.024945 0.052908
v -0.030529 -0.024905 0.053673
v -0.030831 -0.023955 0.052379
v -0.030338 -0.024025 0.052663
v -0.029881 -0.024525 0.053251
v -0.034289 -0.031795 0.050665
v -0.033722 -0.035225 0.050073
v -0.027197 -0.027085 0.054955
v -0.028196 -0.026685 0.055244
v -0.032361 -0.040145 0.049744
v -0.032557 -0.039485 0.049514
v -0.032609 -0.040165 0.050563
v -0.032888 -0.039405 0.050701
v -0.025879 -0.028495 0.055035
v -0.026122 -0.028515 0.055797
v -0.031998 -0.040795 0.049739
v -0.031538 -0.041765 0.050381
v -0.032279 -0.040695 0.050304
v -0.031994 -0.041275 0.050461
v -0.031838 -0.041785 0.050990
v -0.032245 -0.041195 0.051017
v -0.032634 -0.040505 0.051180
v -0.025288 -0.029925 0.056391
v -0.031025 -0.042095 0.050237
v -0.031176 -0.042795 0.051618
v -0.024401 -0.031755 0.057449
v -0.029817 -0.043135 0.050946
v -0.030350 -0.043165 0.051302
v -0.029635 -0.043795 0.051745
v -0.023877 -0.034505 0.056138
v -0.028617 -0.043885 0.051689
v -0.028147 -0.043965 0.052049
v -0.028569 -0.044325 0.052310
v -0.029286 -0.044345 0.052364
v -0.029030 -0.044715 0.052857
v -0.024730 -0.039395 0.054646
v -0.024340 -0.038595 0.055210
v -0.027689 -0.044745 0.053811
v -0.025518 -0.041725 0.055158
v -0.023628 -0.036975 0.057019
v 0.058763 -0.093295 0.106677
v 0.058616 -0.092125 0.107068
v 0.060200 -0.092065 0.108158
v 0.059103 -0.095215 0.106329
v 0.061047 -0.092545 0.108531
v 0.059096 -0.099255 0.105826
v 0.062472 -0.093435 0.108601
v 0.062051 -0.093185 0.108854
v 0.061865 -0.093255 0.109396
v 0.059823 -0.101775 0.105726
v 0.064203 -0.094585 0.108945
v 0.064064 -0.094755 0.109631
v 0.058538 -0.106115 0.105461
v 0.058998 -0.104975 0.105442
v 0.064842 -0.095655 0.110224
v 0.059453 -0.108145 0.106045
v 0.061291 -0.108805 0.105646
v 0.066680 -0.097055 0.110545
v 0.066070 -0.097075 0.110803
v 0.066859 -0.098095 0.111015
v 0.066284 -0.098395 0.111189
v 0.066994 -0.099805 0.111245
v 0.063329 -0.111385 0.107871
v 0.063579 -0.111435 0.108578
v 0.065407 -0.112605 0.108308
v 0.065689 -0.112675 0.108581
v 0.065863 -0.112635 0.108805
v 0.065276 -0.112305 0.108819
v 0.065804 -0.112415 0.109006
v 0.065428 -0.111675 0.109417
v 0.066194 -0.110695 0.109903
v 0.067129 -0.112755 0.109151
v 0.066797 -0.111935 0.109523
v -0.034234 -0.028635 0.052079
v -0.034389 -0.029735 0.051885
v -0.034177 -0.029205 0.053065
v -0.033929 -0.027475 0.052340
v -0.033580 -0.026725 0.052584
v -0.033561 -0.027115 0.053217
v -0.033987 -0.028225 0.053025
v -0.033055 -0.026385 0.053228
v -0.032491 -0.026235 0.053887
v -0.033197 -0.027135 0.054021
v -0.031363 -0.025165 0.053538
v -0.034356 -0.032705 0.052480
v -0.030033 -0.026055 0.055068
v -0.030758 -0.026455 0.055360
v -0.029262 -0.026465 0.055473
v -0.033805 -0.035905 0.051972
v -0.028252 -0.027915 0.057210
v -0.032868 -0.039955 0.051353
v -0.033084 -0.039325 0.051720
v -0.032867 -0.040215 0.051883
v -0.033000 -0.039885 0.052650
v -0.033381 -0.038235 0.052968
v -0.026458 -0.028595 0.056660
v -0.027100 -0.028255 0.056916
v -0.032231 -0.041845 0.052451
v -0.032520 -0.041425 0.052980
v -0.032631 -0.040795 0.051754
v -0.030290 -0.044195 0.052686
v -0.030641 -0.044455 0.053449
v -0.024292 -0.032005 0.059320
v -0.029722 -0.044565 0.052844
v -0.029486 -0.045235 0.053843
v -0.030031 -0.045215 0.054139
v -0.023365 -0.034975 0.058692
v -0.023528 -0.033825 0.059100
v -0.028904 -0.045265 0.053767
v -0.028291 -0.045635 0.054515
v -0.029099 -0.045795 0.054690
v -0.028437 -0.046285 0.055402
v -0.026793 -0.044725 0.055625
v -0.025867 -0.043235 0.056270
v -0.025360 -0.042695 0.056730
v -0.024326 -0.041585 0.057248
v -0.023807 -0.040995 0.057842
v -0.023443 -0.038915 0.057869
v -0.023405 -0.041955 0.059099
v -0.023082 -0.041435 0.059487
v 0.054135 -0.090515 0.106227
v 0.054261 -0.089445 0.106629
v 0.053850 -0.094645 0.105590
v 0.057348 -0.090515 0.107431
v 0.056908 -0.089835 0.107937
v 0.057160 -0.089935 0.108276
v 0.053710 -0.096585 0.105587
v 0.056002 -0.095515 0.105838
v 0.055651 -0.097605 0.105733
v 0.056033 -0.100625 0.105776
v 0.060799 -0.092465 0.108969
v 0.062522 -0.093825 0.109724
v 0.061560 -0.093325 0.109845
v 0.056499 -0.105585 0.105710
v 0.062344 -0.094105 0.110203
v 0.058153 -0.106465 0.105607
v 0.057400 -0.106645 0.105940
v 0.057797 -0.107415 0.106363
v 0.063716 -0.096325 0.111095
v 0.063320 -0.096715 0.111275
v 0.063605 -0.097765 0.111409
v 0.063726 -0.099325 0.111490
v 0.063384 -0.100815 0.111468
v 0.060902 -0.109855 0.107328
v 0.060973 -0.109985 0.107794
v 0.060719 -0.109855 0.108523
v 0.065371 -0.100945 0.111396
v 0.064965 -0.102155 0.111330
v 0.062968 -0.107775 0.110522
v 0.063950 -0.111265 0.109203
v -0.033583 -0.028075 0.054307
v -0.034425 -0.031765 0.053056
v -0.034339 -0.031245 0.053670
v -0.034005 -0.030035 0.054620
v -0.034093 -0.031085 0.054870
v -0.033867 -0.028925 0.054247
v -0.033312 -0.028465 0.055328
v -0.033768 -0.029675 0.055234
v -0.033541 -0.029165 0.055477
v -0.032213 -0.026745 0.054780
v -0.032700 -0.027155 0.054771
v -0.033169 -0.027825 0.054897
v -0.032855 -0.028175 0.055722
v -0.034289 -0.033105 0.054090
v -0.034099 -0.034305 0.054259
v -0.034253 -0.032305 0.054460
v -0.031602 -0.027965 0.056572
v -0.029385 -0.027605 0.056954
v -0.033333 -0.038075 0.054784
v -0.032767 -0.040555 0.054239
v -0.026835 -0.029715 0.059365
v -0.025970 -0.030195 0.059292
v -0.031985 -0.043085 0.055072
v -0.031620 -0.043985 0.055228
v -0.024949 -0.031315 0.059804
v -0.030660 -0.044985 0.054391
v -0.031051 -0.044535 0.054330
v -0.030616 -0.045495 0.055326
v -0.031005 -0.045125 0.055598
v -0.030204 -0.045945 0.055612
v -0.023121 -0.034135 0.061759
v -0.027354 -0.046555 0.056631
v -0.022300 -0.036925 0.061595
v -0.028220 -0.047475 0.057193
v -0.025436 -0.045205 0.058850
v -0.024699 -0.043385 0.058375
v -0.023712 -0.042875 0.059193
v -0.022404 -0.039885 0.060580
v -0.022649 -0.043435 0.060969
v -0.022575 -0.042595 0.060773
v -0.021875 -0.041875 0.061875
v -0.022764 -0.044345 0.061309
v -0.021920 -0.043585 0.062101
v 0.050952 -0.087755 0.105966
v 0.052760 -0.087505 0.107051
v 0.051840 -0.090475 0.105591
v 0.053713 -0.088505 0.106843
v 0.053846 -0.087885 0.108096
v 0.055543 -0.088905 0.108152
v 0.056535 -0.089565 0.108433
v 0.057003 -0.089895 0.108618
v 0.055916 -0.089225 0.108617
v 0.056606 -0.089825 0.109046
v 0.055306 -0.089105 0.109114
v 0.052474 -0.100105 0.105653
v 0.053354 -0.098515 0.105676
v 0.051986 -0.101925 0.105716
v 0.058098 -0.092815 0.110871
v 0.054367 -0.103735 0.105734
v 0.054041 -0.104285 0.105865
v 0.059438 -0.095675 0.111439
v 0.060803 -0.093825 0.110673
v 0.060493 -0.094505 0.111078
v 0.060089 -0.094935 0.111271
v 0.055664 -0.105795 0.106082
v 0.055582 -0.106315 0.106585
v 0.061118 -0.096055 0.111392
v 0.055780 -0.106935 0.107335
v 0.061966 -0.098625 0.111552
v 0.061163 -0.099715 0.111542
v 0.061158 -0.097145 0.111510
v 0.059031 -0.108985 0.108215
v 0.058977 -0.108915 0.108794
v 0.058316 -0.108385 0.109317
v 0.058991 -0.108575 0.109521
v 0.059157 -0.108135 0.109998
v 0.059896 -0.107315 0.110512
v 0.062107 -0.102165 0.111340
v 0.060454 -0.109625 0.108952
v 0.060700 -0.108385 0.110219
v 0.062898 -0.106295 0.110791
v 0.061864 -0.108505 0.110309
v -0.033822 -0.030285 0.055481
v -0.033593 -0.029795 0.055830
v -0.033341 -0.029295 0.056051
v -0.034108 -0.033835 0.054911
v -0.033928 -0.031885 0.055681
v -0.033861 -0.031185 0.055750
v -0.033591 -0.030535 0.056280
v -0.033498 -0.031685 0.056949
v -0.033032 -0.029115 0.056410
v -0.033197 -0.030045 0.056879
v -0.032831 -0.030005 0.057449
v -0.033245 -0.030985 0.057315
v -0.031013 -0.028615 0.057701
v -0.032277 -0.028825 0.057065
v -0.031790 -0.028715 0.057366
v -0.031913 -0.029165 0.057769
v -0.032402 -0.029585 0.057645
v -0.033771 -0.035105 0.056001
v -0.033636 -0.034515 0.056833
v -0.031161 -0.029435 0.058581
v -0.030069 -0.028535 0.057997
v -0.033620 -0.036325 0.055632
v -0.029468 -0.029845 0.059884
v -0.027336 -0.030075 0.060308
v -0.027926 -0.029915 0.060216
v -0.028733 -0.029955 0.060250
v -0.032827 -0.039525 0.056563
v -0.031635 -0.043815 0.056545
v -0.032204 -0.041725 0.057043
v -0.025448 -0.031465 0.061072
v -0.026465 -0.031395 0.061937
v -0.031332 -0.044645 0.055951
v -0.030872 -0.045485 0.056434
v -0.031227 -0.044795 0.056932
v -0.024116 -0.032975 0.062204
v -0.030590 -0.045845 0.056292
v -0.030723 -0.045765 0.057527
v -0.023065 -0.034305 0.062924
v -0.029510 -0.047185 0.057269
v -0.028922 -0.047505 0.057437
v -0.029846 -0.046995 0.057440
v -0.030103 -0.046775 0.057754
v -0.027083 -0.047965 0.058411
v -0.027636 -0.048085 0.058185
v -0.028069 -0.048375 0.058657
v -0.022100 -0.036205 0.062991
v -0.021539 -0.037625 0.063673
v -0.021769 -0.036295 0.064496
v -0.027024 -0.048765 0.059378
v -0.027480 -0.048915 0.059558
v -0.024621 -0.045385 0.060084
v -0.025323 -0.046425 0.059884
v -0.021381 -0.041075 0.062878
v -0.026211 -0.048895 0.060163
v -0.025786 -0.048375 0.060292
v -0.024964 -0.047845 0.061245
v -0.024548 -0.046875 0.061199
v -0.023424 -0.044965 0.061144
v -0.022680 -0.046005 0.062561
v -0.021632 -0.045265 0.063119
v -0.021790 -0.045775 0.063210
v 0.044190 -0.085785 0.104136
v 0.045432 -0.085075 0.104704
v 0.047313 -0.085175 0.105431
v 0.047605 -0.084485 0.106279
v 0.047806 -0.088645 0.104823
v 0.048871 -0.087535 0.105315
v 0.048960 -0.085465 0.106185
v 0.047989 -0.090515 0.104763
v 0.050291 -0.085965 0.106741
v 0.050725 -0.086075 0.107192
v 0.050492 -0.085935 0.107471
v 0.050096 -0.085895 0.107941
v 0.052483 -0.087165 0.108188
v 0.049598 -0.095075 0.105156
v 0.053744 -0.088005 0.108634
v 0.053641 -0.088195 0.109069
v 0.052583 -0.087435 0.108682
v 0.052094 -0.087525 0.109113
v 0.053442 -0.088575 0.109605
v 0.050024 -0.099085 0.105496
v 0.055720 -0.090645 0.110356
v 0.054921 -0.090825 0.110624
v 0.056185 -0.090105 0.109755
v 0.051652 -0.102565 0.105809
v 0.051744 -0.103235 0.105998
v 0.056362 -0.094335 0.111343
v 0.051258 -0.103885 0.106750
v 0.057591 -0.093685 0.111220
v 0.057428 -0.096365 0.111486
v 0.058096 -0.099765 0.111432
v 0.059744 -0.098055 0.111564
v 0.055567 -0.107055 0.108309
v 0.055783 -0.107175 0.108890
v 0.055667 -0.106905 0.109442
v 0.057256 -0.104645 0.110861
v 0.058951 -0.107575 0.110274
v 0.058929 -0.106725 0.110577
v 0.059906 -0.106265 0.110741
v -0.033394 -0.035765 0.057447
v -0.033305 -0.034285 0.057855
v -0.032793 -0.032805 0.059007
v -0.033227 -0.037215 0.057256
v -0.032849 -0.038335 0.058102
v -0.033003 -0.036955 0.058427
v -0.032793 -0.036575 0.059225
v -0.032714 -0.037495 0.059183
v -0.029400 -0.031755 0.062015
v -0.028775 -0.031225 0.061734
v -0.032585 -0.039445 0.058222
v -0.032472 -0.039025 0.059065
v -0.026993 -0.031465 0.062294
v -0.027501 -0.031875 0.062926
v -0.030986 -0.044935 0.058303
v -0.031644 -0.043025 0.058285
v -0.031256 -0.043455 0.059577
v -0.024482 -0.033265 0.063641
v -0.029730 -0.047455 0.059229
v -0.029824 -0.047195 0.059819
v -0.022433 -0.035345 0.065226
v -0.023176 -0.034625 0.064918
v -0.023950 -0.034235 0.065345
v -0.028524 -0.048555 0.059241
v -0.029139 -0.048125 0.058957
v -0.029445 -0.047885 0.059229
v -0.028747 -0.048745 0.059936
v -0.028841 -0.048835 0.060521
v -0.028513 -0.049215 0.060737
v -0.028219 -0.049485 0.060949
v -0.021146 -0.036985 0.066087
v -0.026459 -0.049695 0.060829
v -0.026005 -0.050045 0.061413
v -0.026206 -0.050185 0.061546
v -0.027086 -0.049905 0.061120
v -0.026696 -0.050125 0.061425
v -0.027021 -0.050135 0.061496
v -0.026539 -0.050495 0.062082
v -0.025369 -0.049345 0.061402
v -0.020587 -0.037935 0.066415
v -0.025610 -0.049815 0.061446
v -0.024943 -0.050505 0.062575
v -0.025275 -0.050835 0.062783
v -0.023736 -0.048275 0.062982
v -0.023138 -0.047745 0.063388
v -0.019657 -0.039835 0.067269
v -0.019611 -0.039285 0.067801
v -0.024655 -0.050935 0.063200
v -0.024426 -0.050395 0.062960
v -0.023934 -0.050085 0.063398
v -0.024180 -0.050845 0.063495
v -0.022044 -0.049115 0.065377
v -0.020576 -0.047445 0.065650
v -0.018825 -0.044445 0.067554
v -0.019037 -0.045465 0.067181
v 0.041202 -0.085905 0.103440
v 0.041935 -0.084815 0.103644
v 0.042960 -0.083205 0.104348
v 0.042263 -0.083705 0.103945
v 0.044108 -0.083135 0.104966
v 0.043951 -0.082715 0.105273
v 0.042299 -0.087725 0.103705
v 0.043447 -0.086545 0.103886
v 0.047308 -0.084235 0.106675
v 0.046948 -0.084125 0.107064
v 0.049690 -0.086095 0.108582
v 0.049325 -0.086235 0.108887
v 0.045223 -0.096605 0.105001
v 0.046056 -0.094455 0.104815
v 0.049884 -0.087225 0.109585
v 0.051637 -0.087725 0.109506
v 0.051173 -0.088045 0.109877
v 0.051509 -0.088955 0.110300
v 0.047612 -0.099935 0.105539
v 0.047224 -0.100325 0.105644
v 0.047140 -0.100675 0.105797
v 0.053490 -0.089235 0.110103
v 0.052937 -0.090005 0.110581
v 0.052385 -0.090595 0.110786
v 0.046954 -0.101195 0.106234
v 0.053751 -0.092035 0.111045
v 0.053895 -0.091165 0.110861
v 0.049053 -0.102165 0.106157
v 0.048828 -0.102445 0.106496
v 0.048780 -0.102725 0.106851
v 0.047599 -0.102065 0.106809
v 0.048495 -0.102815 0.107264
v 0.054051 -0.094565 0.111274
v 0.051266 -0.104455 0.107709
v 0.051139 -0.104535 0.108335
v 0.055041 -0.097665 0.111350
v 0.053158 -0.105665 0.108983
v 0.053961 -0.105805 0.109638
v 0.053493 -0.105155 0.109987
v 0.053890 -0.104955 0.110234
v 0.055564 -0.106525 0.109837
v 0.055670 -0.106175 0.110125
v 0.056020 -0.105185 0.110600
v -0.032166 -0.032615 0.060122
v -0.032438 -0.034025 0.060136
v -0.032146 -0.033625 0.060640
v -0.032048 -0.035375 0.061149
v -0.031637 -0.034755 0.061890
v -0.031515 -0.032335 0.060861
v -0.031374 -0.033345 0.061709
v -0.030415 -0.032555 0.062157
v -0.032025 -0.038015 0.060978
v -0.031730 -0.041615 0.059744
v -0.025017 -0.033715 0.065324
v -0.025910 -0.033685 0.065694
v -0.029466 -0.047445 0.061552
v -0.029716 -0.046365 0.062414
v -0.022885 -0.035355 0.066978
v -0.028627 -0.049155 0.060975
v -0.028435 -0.049375 0.061108
v -0.028799 -0.048925 0.061058
v -0.029007 -0.048535 0.061206
v -0.028591 -0.049205 0.061460
v -0.028267 -0.049615 0.061786
v -0.028493 -0.049215 0.062218
v -0.027723 -0.049905 0.061423
v -0.027191 -0.050375 0.062111
v -0.027798 -0.050055 0.061943
v -0.021044 -0.037025 0.068635
v -0.027102 -0.050785 0.063304
v -0.024813 -0.051115 0.063359
v -0.024226 -0.051465 0.064189
v -0.024974 -0.051445 0.063879
v -0.025058 -0.051755 0.064543
v -0.024290 -0.051135 0.063684
v -0.023793 -0.051025 0.064117
v -0.018617 -0.040715 0.069097
v -0.019219 -0.039155 0.069459
v -0.018296 -0.040435 0.070194
v -0.018301 -0.040125 0.070766
v -0.024492 -0.051815 0.064735
v -0.023638 -0.051495 0.064742
v -0.023258 -0.051235 0.065046
v -0.023846 -0.051745 0.064939
v -0.023535 -0.052015 0.065723
v -0.023134 -0.051845 0.065920
v -0.021015 -0.050665 0.067767
v -0.020026 -0.049015 0.067144
v -0.019159 -0.047355 0.067389
v -0.017666 -0.042885 0.070041
v -0.018985 -0.049605 0.068497
v -0.019297 -0.049955 0.068465
v -0.018532 -0.048645 0.068604
v -0.017569 -0.046115 0.069697
v -0.016764 -0.043795 0.071349
v 0.034193 -0.078775 0.101758
v 0.034276 -0.078005 0.102023
v 0.034528 -0.077695 0.102308
v 0.036826 -0.078915 0.103211
v 0.036470 -0.082805 0.102255
v 0.037342 -0.080645 0.102737
v 0.036164 -0.081085 0.102200
v 0.036778 -0.079475 0.102878
v 0.037105 -0.078655 0.103790
v 0.039985 -0.081045 0.103910
v 0.039946 -0.080635 0.104221
v 0.040746 -0.080815 0.104983
v 0.041178 -0.081035 0.105405
v 0.036435 -0.087965 0.102699
v 0.038440 -0.086665 0.102901
v 0.039767 -0.091875 0.103851
v 0.041271 -0.089825 0.103694
v 0.045085 -0.084115 0.108184
v 0.046415 -0.084295 0.107852
v 0.046715 -0.085715 0.109111
v 0.047817 -0.088225 0.110116
v 0.044422 -0.098315 0.105271
v 0.044061 -0.099285 0.105735
v 0.049568 -0.087625 0.109878
v 0.048835 -0.087955 0.110076
v 0.044072 -0.098905 0.105478
v 0.043267 -0.099365 0.106128
v 0.049754 -0.089985 0.110545
v 0.050150 -0.089135 0.110441
v 0.051457 -0.092085 0.110901
v 0.045632 -0.101355 0.107462
v 0.050926 -0.094075 0.110997
v 0.050758 -0.095765 0.110997
v 0.053057 -0.103865 0.110461
v 0.053208 -0.102655 0.110766
v -0.028412 -0.034165 0.065238
v -0.028699 -0.034975 0.065720
v -0.026514 -0.034015 0.066164
v -0.030096 -0.044705 0.063110
v -0.030120 -0.043745 0.063827
v -0.024761 -0.034725 0.067554
v -0.024010 -0.035035 0.067765
v -0.029446 -0.045795 0.064414
v -0.024269 -0.035425 0.068692
v -0.027315 -0.050675 0.063611
v -0.026888 -0.051135 0.065070
v -0.027119 -0.050705 0.065494
v -0.025679 -0.051665 0.064608
v -0.026399 -0.051505 0.064924
v -0.019279 -0.038945 0.070300
v -0.024431 -0.052385 0.066125
v -0.025073 -0.052365 0.066401
v -0.023948 -0.052205 0.065801
v -0.018127 -0.040005 0.072390
v -0.022773 -0.052625 0.067253
v -0.023016 -0.052785 0.067227
v -0.023401 -0.053065 0.067490
v -0.022260 -0.051945 0.067335
v -0.016969 -0.042585 0.071390
v -0.016707 -0.041965 0.072377
v -0.016783 -0.041525 0.072763
v -0.022198 -0.052875 0.068138
v -0.022515 -0.053235 0.068184
v -0.021634 -0.052215 0.068295
v -0.020081 -0.050725 0.068558
v -0.020522 -0.051465 0.068837
v -0.020558 -0.052455 0.069473
v -0.019624 -0.052265 0.070065
v -0.018250 -0.051275 0.070028
v -0.016838 -0.048425 0.070851
v -0.016359 -0.046695 0.071535
v -0.015687 -0.045215 0.072690
v -0.015260 -0.044555 0.073515
v -0.015009 -0.043995 0.074212
v -0.015438 -0.042975 0.074182
v -0.019419 -0.053025 0.070680
v -0.016479 -0.050145 0.071452
v -0.015947 -0.048675 0.072028
v -0.015330 -0.047385 0.072867
v -0.014462 -0.046095 0.074190
v -0.014270 -0.045305 0.074722
v -0.016633 -0.052315 0.071915
v -0.015167 -0.050535 0.072970
v -0.014945 -0.048825 0.073205
v -0.014249 -0.051525 0.073949
v -0.013687 -0.050035 0.074496
v -0.013634 -0.048675 0.074697
v 0.027221 -0.073525 0.099490
v 0.028864 -0.073595 0.100461
v 0.028895 -0.073075 0.100881
v 0.030430 -0.076605 0.100443
v 0.031016 -0.079185 0.100567
v 0.030185 -0.082935 0.100704
v 0.034580 -0.077365 0.102539
v 0.034367 -0.077015 0.102660
v 0.034323 -0.076705 0.103200
v 0.034383 -0.076765 0.103651
v 0.037539 -0.078855 0.104388
v 0.039005 -0.080065 0.105728
v 0.038144 -0.080045 0.106263
v 0.042226 -0.083145 0.108041
v 0.037597 -0.095145 0.104460
v 0.039053 -0.096445 0.104988
v 0.039119 -0.095455 0.104555
v 0.043813 -0.086775 0.109493
v 0.039119 -0.096995 0.105441
v 0.045273 -0.086525 0.109578
v 0.046037 -0.086365 0.109524
v 0.047426 -0.090855 0.110387
v 0.043451 -0.099945 0.106807
v 0.047388 -0.094015 0.110566
v 0.046144 -0.101695 0.108965
v 0.046979 -0.099905 0.110361
v 0.047688 -0.102185 0.109552
v 0.048108 -0.100755 0.110409
v 0.047087 -0.101335 0.109914
v 0.048200 -0.101475 0.110209
v 0.049069 -0.099835 0.110645
v -0.030161 -0.039515 0.065272
v -0.028350 -0.037005 0.067612
v -0.029563 -0.041825 0.066223
v -0.029217 -0.041305 0.067093
v -0.029383 -0.039205 0.066873
v -0.027294 -0.036515 0.068360
v -0.024830 -0.035525 0.068839
v -0.025389 -0.035485 0.068614
v -0.026297 -0.035535 0.068139
v -0.029551 -0.044935 0.064828
v -0.029353 -0.044025 0.065908
v -0.025507 -0.036365 0.069616
v -0.024896 -0.036475 0.070050
v -0.028618 -0.047205 0.065774
v -0.028758 -0.046405 0.066115
v -0.022752 -0.037285 0.071320
v -0.027800 -0.049095 0.066047
v -0.021187 -0.038025 0.071991
v -0.026661 -0.051155 0.066247
v -0.026888 -0.050425 0.067076
v -0.019524 -0.038825 0.071797
v -0.025671 -0.052125 0.066842
v -0.025957 -0.051795 0.067091
v -0.023629 -0.053385 0.068088
v -0.024627 -0.053155 0.068400
v -0.017024 -0.040805 0.074439
v -0.017625 -0.040385 0.074740
v -0.022847 -0.054335 0.069834
v -0.015521 -0.042545 0.074531
v -0.016280 -0.041575 0.074302
v -0.021368 -0.053655 0.069455
v -0.021863 -0.053955 0.069348
v -0.022206 -0.054185 0.069513
v -0.021006 -0.054995 0.070619
v -0.020167 -0.055535 0.071257
v -0.021283 -0.055095 0.070684
v -0.020913 -0.055345 0.070948
v -0.020363 -0.054575 0.070676
v -0.014011 -0.044425 0.075648
v -0.013806 -0.043975 0.076470
v -0.014113 -0.043345 0.076787
v -0.019314 -0.055995 0.071897
v -0.019649 -0.056085 0.071747
v -0.018965 -0.054925 0.071816
v -0.018306 -0.054035 0.071992
v -0.017701 -0.053595 0.072142
v -0.017801 -0.054565 0.072665
v -0.012748 -0.044795 0.077569
v -0.019099 -0.056635 0.072349
v -0.016944 -0.054675 0.073248
v -0.015479 -0.053655 0.073346
v -0.012777 -0.047215 0.076081
v -0.012159 -0.046185 0.077398
v -0.014743 -0.053335 0.073776
v -0.011786 -0.049605 0.076509
v -0.011206 -0.048785 0.077405
v -0.011376 -0.046055 0.078602
v -0.015456 -0.056175 0.074764
v -0.014257 -0.056635 0.075730
v -0.013366 -0.054945 0.075342
v -0.014335 -0.055675 0.075186
v -0.012138 -0.054235 0.076098
v -0.012049 -0.051735 0.076026
v -0.010268 -0.048035 0.078783
v -0.012712 -0.056405 0.076429
v -0.012224 -0.055845 0.076427
v -0.009881 -0.050405 0.078241
v -0.008965 -0.049805 0.079295
v -0.008423 -0.049235 0.080105
v -0.008209 -0.052185 0.079310
v -0.008435 -0.051115 0.079366
v -0.007973 -0.050645 0.079987
v -0.008519 -0.053015 0.078960
v -0.007548 -0.052805 0.079818
v -0.007803 -0.051885 0.079752
v -0.006753 -0.052185 0.080774
v -0.006589 -0.051465 0.081217
v -0.007427 -0.055235 0.079909
v -0.007786 -0.056045 0.079713
v -0.007034 -0.054025 0.080200
v -0.006739 -0.056315 0.080641
v 0.017647 -0.067305 0.095926
v 0.018099 -0.068945 0.095857
v 0.021034 -0.076315 0.097304
v 0.024414 -0.069715 0.099592
v 0.024653 -0.069735 0.099995
v 0.024127 -0.069325 0.099967
v 0.023970 -0.073625 0.098024
v 0.025254 -0.070145 0.100626
v 0.027954 -0.072255 0.100819
v 0.029051 -0.072945 0.101336
v 0.027651 -0.071895 0.101110
v 0.029811 -0.073435 0.102197
v 0.030630 -0.074235 0.103183
v 0.032192 -0.075235 0.103283
v 0.031873 -0.075285 0.103819
v 0.034022 -0.076675 0.104098
v 0.033052 -0.076415 0.104564
v 0.033813 -0.077765 0.105636
v 0.030564 -0.089895 0.102338
v 0.037766 -0.080705 0.107011
v 0.038048 -0.081675 0.107566
v 0.033105 -0.093135 0.103679
v 0.039949 -0.086715 0.108970
v 0.041767 -0.083865 0.108547
v 0.041741 -0.084325 0.108742
v 0.041606 -0.084935 0.108911
v 0.037189 -0.095725 0.104875
v 0.041832 -0.090785 0.109621
v 0.042526 -0.089345 0.109629
v 0.038896 -0.097325 0.105950
v 0.039573 -0.097935 0.106457
v 0.040241 -0.098575 0.107232
v 0.040249 -0.098685 0.107716
v 0.043451 -0.100385 0.108096
v 0.043021 -0.100115 0.108524
v 0.044008 -0.100375 0.109082
v 0.045707 -0.098535 0.110255
v 0.046137 -0.100115 0.110143
v -0.028822 -0.038895 0.067794
v -0.028566 -0.038065 0.067895
v -0.026317 -0.036835 0.069562
v -0.026729 -0.037155 0.069495
v -0.028199 -0.040045 0.068973
v -0.027840 -0.039155 0.069307
v -0.027206 -0.037885 0.069510
v -0.026325 -0.037725 0.070341
v -0.025115 -0.037065 0.070605
v -0.028376 -0.045795 0.067540
v -0.028768 -0.044215 0.067304
v -0.028176 -0.043975 0.068661
v -0.027802 -0.041465 0.069620
v -0.025320 -0.038465 0.071742
v -0.026048 -0.038855 0.071339
v -0.025000 -0.038125 0.071711
v -0.027798 -0.048135 0.067451
v -0.027935 -0.045245 0.068791
v -0.023190 -0.037585 0.071827
v -0.023586 -0.038245 0.072615
v -0.026990 -0.049145 0.068732
v -0.027279 -0.047325 0.069322
v -0.021485 -0.038265 0.072820
v -0.026136 -0.049705 0.070346
v -0.025809 -0.050465 0.070305
v -0.019320 -0.039885 0.075614
v -0.018734 -0.040115 0.075721
v -0.023297 -0.054225 0.069827
v -0.024306 -0.053415 0.070023
v -0.023465 -0.054325 0.070417
v -0.021640 -0.055285 0.070957
v -0.022107 -0.055585 0.071726
v -0.022308 -0.055485 0.072197
v -0.014640 -0.042725 0.076946
v -0.015184 -0.042365 0.077687
v -0.020097 -0.056375 0.071867
v -0.020142 -0.057135 0.072730
v -0.021122 -0.056545 0.072379
v -0.020512 -0.057235 0.073011
v -0.021452 -0.056455 0.072646
v -0.021053 -0.056865 0.072883
v -0.013129 -0.043925 0.078209
v -0.013493 -0.043505 0.078747
v -0.019172 -0.056945 0.072534
v -0.019446 -0.057255 0.072784
v -0.018547 -0.057875 0.073529
v -0.017991 -0.056945 0.073260
v -0.011535 -0.044685 0.080396
v -0.018085 -0.057425 0.073398
v -0.018763 -0.058325 0.074022
v -0.017223 -0.056605 0.073752
v -0.010488 -0.045705 0.080344
v -0.016939 -0.058675 0.074619
v -0.017050 -0.059095 0.074874
v -0.015964 -0.058255 0.075031
v -0.014949 -0.056935 0.075369
v -0.009694 -0.046875 0.080212
v -0.016069 -0.059585 0.075471
v -0.016194 -0.059855 0.075626
v -0.015607 -0.060095 0.076038
v -0.015950 -0.060215 0.076036
v -0.015811 -0.059105 0.075402
v -0.015775 -0.059545 0.075593
v -0.015310 -0.060055 0.076157
v -0.013923 -0.057585 0.076431
v -0.008520 -0.048315 0.080491
v -0.008456 -0.047405 0.081241
v -0.008129 -0.047045 0.082066
v -0.008540 -0.046515 0.082246
v -0.014846 -0.059975 0.076417
v -0.014483 -0.059715 0.076625
v -0.012805 -0.058415 0.077631
v -0.013264 -0.058795 0.077434
v -0.011143 -0.057315 0.077876
v -0.007922 -0.048855 0.080860
v -0.007528 -0.049685 0.080908
v -0.007332 -0.049145 0.081426
v -0.007757 -0.048235 0.081451
v -0.007205 -0.048505 0.082000
v -0.007334 -0.047725 0.082523
v -0.005627 -0.049235 0.083779
v -0.005575 -0.050035 0.083217
v -0.009605 -0.059835 0.080318
v -0.007961 -0.058785 0.080424
v -0.007976 -0.057375 0.079880
v -0.004088 -0.052445 0.083745
v -0.006226 -0.059385 0.081807
v -0.004867 -0.055805 0.082181
v -0.004607 -0.054715 0.082478
v -0.002696 -0.051825 0.085619
v -0.004879 -0.060895 0.083144
v -0.002089 -0.058725 0.084317
v -0.001402 -0.056135 0.085044
v 0.001554 -0.056785 0.087559
v 0.001569 -0.059805 0.086799
v 0.001809 -0.059295 0.087013
v 0.002784 -0.061275 0.087786
v 0.004397 -0.061055 0.088660
v 0.005227 -0.060375 0.089345
v 0.005905 -0.058895 0.090406
v 0.006503 -0.058555 0.091117
v 0.005453 -0.063205 0.089679
v 0.006266 -0.061985 0.089931
v 0.006741 -0.061575 0.090280
v 0.005798 -0.062395 0.089674
v 0.006308 -0.064065 0.090217
v 0.006994 -0.063795 0.090548
v 0.007634 -0.062445 0.090919
v 0.008403 -0.061745 0.091537
v 0.009057 -0.060885 0.092362
v 0.007059 -0.066075 0.090828
v 0.007727 -0.065255 0.091024
v 0.008173 -0.064295 0.091260
v 0.009279 -0.062825 0.091975
v 0.009008 -0.065905 0.091716
v 0.008459 -0.066645 0.091504
v 0.009640 -0.064385 0.092069
v 0.011807 -0.065155 0.093140
v 0.014566 -0.063375 0.095844
v 0.012326 -0.068395 0.093376
v 0.011725 -0.069435 0.093245
v 0.014747 -0.064945 0.094832
v 0.015943 -0.064515 0.096004
v 0.016972 -0.064835 0.097525
v 0.016113 -0.071205 0.095064
v 0.014744 -0.071745 0.094664
v 0.017525 -0.065225 0.097208
v 0.016962 -0.074435 0.095785
v 0.020132 -0.066815 0.099057
v 0.018068 -0.073575 0.095943
v 0.022078 -0.067985 0.099469
v 0.022267 -0.068195 0.100095
v 0.023898 -0.069185 0.100335
v 0.023826 -0.069395 0.101069
v 0.028284 -0.072955 0.103147
v 0.028839 -0.074405 0.104371
v 0.029367 -0.074325 0.104156
v 0.024907 -0.086215 0.100608
v 0.031342 -0.077895 0.105977
v 0.026689 -0.088605 0.101601
v 0.032615 -0.077885 0.105955
v 0.029314 -0.090915 0.102854
v 0.029933 -0.090585 0.102521
v 0.036238 -0.081305 0.107360
v 0.035327 -0.085095 0.108032
v 0.032475 -0.093385 0.104105
v 0.032954 -0.094045 0.104653
v 0.037824 -0.083675 0.108154
v 0.037469 -0.088085 0.108751
v 0.035409 -0.095465 0.105326
v 0.035001 -0.095655 0.105858
v 0.037818 -0.089635 0.108900
v 0.040039 -0.089115 0.109251
v 0.036686 -0.096595 0.106282
v 0.037509 -0.097395 0.107598
v 0.039048 -0.097835 0.108513
v 0.038682 -0.095785 0.109156
v 0.039828 -0.094565 0.109377
v 0.040183 -0.098635 0.108166
v 0.040916 -0.098565 0.108954
v 0.041126 -0.098125 0.109290
v 0.042035 -0.097755 0.109635
v -0.027052 -0.040555 0.070709
v -0.026308 -0.040625 0.071690
v -0.026273 -0.039565 0.071395
v -0.025342 -0.039415 0.072310
v -0.027132 -0.044595 0.070480
v -0.023408 -0.039115 0.073569
v -0.027222 -0.045735 0.070089
v -0.026490 -0.045885 0.071357
v -0.025688 -0.043315 0.072867
v -0.025987 -0.044095 0.072403
v -0.025215 -0.042595 0.073433
v -0.023411 -0.040025 0.074253
v -0.026432 -0.048785 0.070352
v -0.026414 -0.047905 0.070829
v -0.025918 -0.047495 0.071870
v -0.025401 -0.044945 0.073211
v -0.025706 -0.049835 0.071161
v -0.025747 -0.048765 0.071666
v -0.025272 -0.049925 0.071903
v -0.024730 -0.049365 0.073049
v -0.025189 -0.047965 0.072896
v -0.025142 -0.046855 0.073259
v -0.019730 -0.039945 0.075797
v -0.020662 -0.039715 0.075362
v -0.020162 -0.040445 0.076419
v -0.020417 -0.040925 0.076815
v -0.024546 -0.051655 0.071895
v -0.018993 -0.040345 0.076370
v -0.019489 -0.040425 0.076519
v -0.019609 -0.041095 0.077309
v -0.017950 -0.041195 0.077436
v -0.022948 -0.053765 0.073053
v -0.016577 -0.041755 0.077838
v -0.022575 -0.054815 0.072694
v -0.014664 -0.042865 0.078997
v -0.015155 -0.042825 0.079586
v -0.015444 -0.042905 0.079898
v -0.020813 -0.057225 0.073485
v -0.021408 -0.056435 0.073666
v -0.020858 -0.057155 0.074002
v -0.020925 -0.056815 0.074390
v -0.021361 -0.055985 0.074312
v -0.020637 -0.056535 0.075184
v -0.013021 -0.044025 0.081350
v -0.018981 -0.058665 0.074555
v -0.019230 -0.058795 0.075119
v -0.019188 -0.058485 0.076013
v -0.011669 -0.044525 0.081050
v -0.010587 -0.045085 0.081728
v -0.010923 -0.044925 0.082053
v -0.018251 -0.059645 0.075949
v -0.018632 -0.059345 0.075990
v -0.018124 -0.059795 0.076300
v -0.009952 -0.045485 0.081878
v -0.009902 -0.045465 0.082447
v -0.010577 -0.045225 0.082962
v -0.016582 -0.060045 0.075846
v -0.017389 -0.060115 0.076223
v -0.016308 -0.060755 0.076923
v -0.017001 -0.060555 0.076961
v -0.008042 -0.046605 0.083288
v -0.008129 -0.046525 0.083760
v -0.015462 -0.061205 0.077469
v -0.015885 -0.061195 0.077660
v -0.007700 -0.046975 0.082975
v -0.014012 -0.061855 0.078354
v -0.014779 -0.061855 0.078353
v -0.015262 -0.061695 0.078241
v -0.013408 -0.061615 0.078295
v -0.006237 -0.047995 0.084325
v -0.006108 -0.047965 0.084974
v -0.006781 -0.047515 0.085074
v -0.012768 -0.061295 0.078525
v -0.011738 -0.060455 0.079205
v -0.005886 -0.048235 0.085863
v -0.011047 -0.062755 0.080482
v -0.009976 -0.061305 0.080803
v -0.004277 -0.049505 0.086021
v -0.003938 -0.049745 0.086974
v -0.010381 -0.062535 0.080834
v -0.009356 -0.062665 0.081612
v -0.009468 -0.063205 0.081786
v -0.009094 -0.060995 0.081238
v -0.003021 -0.051145 0.085752
v -0.003150 -0.050665 0.086085
v -0.003308 -0.050345 0.086398
v -0.003343 -0.050165 0.087022
v -0.007660 -0.062655 0.082617
v -0.007131 -0.060555 0.082054
v -0.007242 -0.061125 0.082309
v -0.006449 -0.061415 0.082763
v -0.001605 -0.051405 0.087879
v -0.006126 -0.063195 0.083554
v -0.007312 -0.063475 0.083182
v -0.000613 -0.052025 0.088737
v -0.005448 -0.064425 0.084600
v -0.004197 -0.063245 0.084273
v 0.000450 -0.053525 0.088067
v 0.000849 -0.053155 0.089152
v -0.004459 -0.063905 0.084497
v 0.001723 -0.054025 0.089274
v -0.002676 -0.064115 0.085497
v -0.002940 -0.064935 0.085746
v 0.002340 -0.055435 0.088914
v 0.002673 -0.054255 0.090948
v 0.004075 -0.055265 0.091543
v 0.004055 -0.055245 0.091812
v -0.000270 -0.066185 0.087483
v -0.000396 -0.067055 0.087839
v 0.001687 -0.063775 0.087968
v 0.005311 -0.057045 0.090863
v 0.005975 -0.057205 0.091549
v 0.006076 -0.057015 0.092004
v 0.005226 -0.056265 0.091745
v 0.006009 -0.056835 0.092444
v 0.005217 -0.056145 0.092464
v 0.005785 -0.056635 0.092800
v 0.002018 -0.067935 0.089149
v 0.004366 -0.065035 0.089673
v 0.007728 -0.058855 0.092339
v 0.007491 -0.058235 0.092820
v 0.007464 -0.058145 0.093318
v 0.008782 -0.059495 0.093570
v 0.008976 -0.059775 0.094650
v 0.004975 -0.069175 0.090754
v 0.010289 -0.060795 0.093906
v 0.010302 -0.060665 0.094675
v 0.010067 -0.060575 0.095060
v 0.006970 -0.071055 0.091909
v 0.008464 -0.068575 0.091874
v 0.007176 -0.072385 0.092389
v 0.013886 -0.062875 0.095919
v 0.013441 -0.062605 0.096153
v 0.013025 -0.062415 0.096411
v 0.009265 -0.073625 0.093442
v 0.010706 -0.071085 0.093252
v 0.016654 -0.064765 0.097929
v 0.012472 -0.074995 0.094737
v 0.016996 -0.065245 0.098773
v 0.012014 -0.075925 0.094938
v 0.018945 -0.066435 0.099604
v 0.018438 -0.066555 0.100073
v 0.015573 -0.077605 0.096263
v 0.014813 -0.078775 0.096622
v 0.020678 -0.068405 0.101441
v 0.021738 -0.069295 0.102008
v 0.022125 -0.068435 0.100873
v 0.022022 -0.068705 0.101319
v 0.022239 -0.070125 0.102507
v 0.023135 -0.069985 0.102236
v 0.018527 -0.081925 0.098326
v 0.024484 -0.071835 0.103330
v 0.024169 -0.072935 0.103763
v 0.021313 -0.084075 0.099504
v 0.020992 -0.082225 0.098778
v 0.027979 -0.074885 0.104727
v 0.027320 -0.075715 0.104943
v 0.025752 -0.088705 0.101770
v 0.031693 -0.079405 0.106396
v 0.028625 -0.092235 0.104331
v 0.032581 -0.084915 0.107516
v 0.032778 -0.086645 0.107703
v 0.030983 -0.093975 0.105538
v 0.035288 -0.087575 0.108305
v 0.032599 -0.094975 0.106235
v 0.032814 -0.095185 0.106577
v 0.032157 -0.094875 0.106813
v 0.034275 -0.095845 0.106875
v 0.033194 -0.095215 0.107367
v 0.032913 -0.094885 0.107496
v 0.035107 -0.091875 0.108438
v 0.035729 -0.096195 0.108113
v 0.035704 -0.094365 0.108604
v 0.035733 -0.095205 0.108524
v 0.034645 -0.095365 0.108097
v 0.036304 -0.096765 0.107748
v 0.037698 -0.095965 0.108922
v 0.036371 -0.096005 0.108513
v 0.037475 -0.094095 0.108966
v 0.037042 -0.095095 0.108867
v -0.024201 -0.043865 0.074868
v -0.023310 -0.042185 0.075522
v -0.024287 -0.044785 0.074793
v -0.024151 -0.045965 0.074837
v -0.023404 -0.045505 0.075873
v -0.023033 -0.044595 0.076310
v -0.023698 -0.042945 0.075320
v -0.022875 -0.043465 0.076348
v -0.022052 -0.043085 0.077072
v -0.021365 -0.041305 0.076588
v -0.022093 -0.042375 0.076720
v -0.024062 -0.048345 0.074420
v -0.020778 -0.042985 0.078076
v -0.018224 -0.042005 0.078578
v -0.018868 -0.042355 0.078749
v -0.019749 -0.042595 0.078487
v -0.021389 -0.054135 0.075654
v -0.019459 -0.056575 0.077075
v -0.013184 -0.044165 0.081798
v -0.013334 -0.044505 0.082378
v -0.019285 -0.055675 0.077857
v -0.011481 -0.044815 0.082626
v -0.011714 -0.045015 0.083212
v -0.017840 -0.059795 0.077100
v -0.010998 -0.045145 0.083197
v -0.011050 -0.045355 0.083665
v -0.011734 -0.045605 0.084090
v -0.010898 -0.046015 0.084625
v -0.017276 -0.060385 0.077277
v -0.017299 -0.059135 0.078575
v -0.008707 -0.046345 0.084291
v -0.009003 -0.046415 0.084829
v -0.009353 -0.046555 0.085166
v -0.015998 -0.061275 0.078044
v -0.015516 -0.061635 0.078330
v -0.016269 -0.061075 0.078147
v -0.016225 -0.060935 0.078593
v -0.007828 -0.047315 0.085824
v -0.015194 -0.061845 0.078536
v -0.014797 -0.062055 0.078816
v -0.015475 -0.061705 0.078598
v -0.015098 -0.061955 0.078864
v -0.015404 -0.061745 0.078894
v -0.014964 -0.062055 0.079220
v -0.015196 -0.061825 0.079326
v -0.015368 -0.061415 0.079632
v -0.006699 -0.047775 0.085785
v -0.007448 -0.047335 0.085564
v -0.006564 -0.048175 0.086549
v -0.007169 -0.048175 0.086857
v -0.013698 -0.062495 0.079497
v -0.013449 -0.062905 0.080514
v -0.013976 -0.062385 0.080978
v -0.012379 -0.063155 0.080590
v -0.013064 -0.063035 0.080557
v -0.012812 -0.063255 0.081038
v -0.013233 -0.063075 0.081188
v -0.004671 -0.049555 0.087644
v -0.004940 -0.049665 0.088038
v -0.010967 -0.064315 0.082572
v -0.010017 -0.064405 0.082612
v -0.009451 -0.064195 0.082553
v -0.001064 -0.051745 0.088922
v -0.000158 -0.052375 0.089510
v -0.001496 -0.051715 0.089594
v -0.001708 -0.051955 0.090231
v -0.006599 -0.065335 0.084871
v -0.006004 -0.066065 0.085667
v -0.006825 -0.066475 0.085485
v -0.005856 -0.065455 0.085292
v -0.005414 -0.066625 0.086251
v -0.005718 -0.066965 0.086274
v -0.004677 -0.066045 0.086117
v -0.003758 -0.066545 0.086701
v -0.004476 -0.066965 0.086778
v 0.002630 -0.054315 0.091432
v 0.001764 -0.054185 0.092024
v 0.004075 -0.055655 0.092969
v 0.003791 -0.055735 0.093291
v 0.004585 -0.055765 0.092588
v 0.005376 -0.056405 0.093047
v 0.004714 -0.056055 0.093119
v 0.005130 -0.056415 0.093381
v 0.004472 -0.056115 0.093444
v -0.001356 -0.068905 0.088789
v 0.005820 -0.056945 0.093549
v 0.005332 -0.056955 0.093965
v 0.001408 -0.068415 0.089110
v 0.007143 -0.058035 0.093855
v 0.006787 -0.057935 0.094125
v 0.007616 -0.059065 0.094983
v 0.004560 -0.070305 0.090952
v 0.009589 -0.060825 0.096147
v 0.004162 -0.072255 0.091862
v 0.010928 -0.061295 0.096028
v 0.006667 -0.072705 0.092444
v 0.012490 -0.062355 0.096957
v 0.010390 -0.062115 0.097385
v 0.005732 -0.073895 0.092992
v 0.012697 -0.063345 0.098229
v 0.007984 -0.075195 0.094122
v 0.014553 -0.063895 0.098163
v 0.013615 -0.063515 0.098132
v 0.013334 -0.064185 0.098899
v 0.009143 -0.074565 0.093874
v 0.015296 -0.065685 0.099890
v 0.014626 -0.065795 0.099941
v 0.016439 -0.065815 0.099813
v 0.010694 -0.076865 0.095432
v 0.018381 -0.066905 0.100493
v 0.012214 -0.077745 0.096034
v 0.011989 -0.079205 0.096766
v 0.018495 -0.067255 0.100798
v 0.013310 -0.079335 0.096951
v 0.018273 -0.069905 0.102040
v 0.019926 -0.071815 0.102851
v 0.020311 -0.068945 0.101873
v 0.019909 -0.069485 0.102113
v 0.015424 -0.082595 0.098896
v 0.021889 -0.070545 0.102709
v 0.017087 -0.083535 0.099563
v 0.017985 -0.082845 0.098898
v 0.019345 -0.084185 0.099741
v 0.025647 -0.075215 0.104608
v 0.025077 -0.076005 0.104699
v 0.025663 -0.078585 0.105289
v 0.021653 -0.087745 0.101875
v 0.022272 -0.088625 0.102499
v 0.023949 -0.089205 0.102549
v 0.025742 -0.082925 0.105746
v 0.023978 -0.089755 0.103095
v 0.023939 -0.090045 0.103476
v 0.023167 -0.089615 0.103305
v 0.027691 -0.083515 0.106292
v 0.026344 -0.091445 0.104227
v 0.026622 -0.091915 0.104815
v 0.026495 -0.091865 0.105226
v 0.027679 -0.089625 0.106448
v 0.027781 -0.091825 0.106174
v 0.029621 -0.093585 0.106021
v 0.029644 -0.093485 0.106401
v 0.029120 -0.092965 0.106442
v 0.030374 -0.092035 0.107230
v 0.030712 -0.094145 0.106131
v 0.030245 -0.092885 0.107034
v 0.031403 -0.091185 0.107542
v 0.032768 -0.094365 0.107671
v 0.033291 -0.093265 0.108044
v 0.032965 -0.093845 0.107888
v -0.020025 -0.044315 0.079334
v -0.019450 -0.044125 0.079641
v -0.020554 -0.049205 0.078998
v -0.019410 -0.046775 0.080489
v -0.017965 -0.045045 0.081116
v -0.018769 -0.045185 0.080710
v -0.019238 -0.045915 0.080544
v -0.018130 -0.045555 0.081326
v -0.018505 -0.046045 0.081258
v -0.019878 -0.051475 0.079285
v -0.019489 -0.048045 0.080413
v -0.018949 -0.050135 0.080847
v -0.018528 -0.048235 0.081484
v -0.017278 -0.046755 0.082410
v -0.016149 -0.044225 0.081489
v -0.016232 -0.044625 0.081766
v -0.016959 -0.045765 0.082112
v -0.019262 -0.053715 0.079117
v -0.018721 -0.052845 0.080332
v -0.018418 -0.052015 0.081017
v -0.012567 -0.045405 0.083746
v -0.013515 -0.045245 0.083338
v -0.013517 -0.045855 0.083879
v -0.014198 -0.046315 0.083883
v -0.017544 -0.055965 0.080391
v -0.011558 -0.046055 0.084659
v -0.012270 -0.045975 0.084426
v -0.011415 -0.046585 0.085190
v -0.012803 -0.047035 0.084967
v -0.011650 -0.046915 0.085354
v -0.010535 -0.047565 0.086144
v -0.011137 -0.047755 0.086079
v -0.010912 -0.046395 0.085086
v -0.009869 -0.046945 0.085713
v -0.010412 -0.047095 0.085815
v -0.015806 -0.058695 0.081265
v -0.015423 -0.057705 0.082459
v -0.015002 -0.060975 0.080708
v -0.008120 -0.049265 0.087901
v -0.008522 -0.049665 0.088024
v -0.007304 -0.048655 0.087460
v -0.007865 -0.048795 0.087595
v -0.005409 -0.050015 0.088641
v -0.006176 -0.050215 0.088833
v -0.011075 -0.064505 0.083067
v -0.011677 -0.064125 0.082831
v -0.011932 -0.063835 0.082970
v -0.012013 -0.062525 0.084127
v -0.004128 -0.051305 0.089890
v -0.004652 -0.051475 0.090004
v -0.011035 -0.064655 0.083737
v -0.010908 -0.064545 0.084263
v -0.009535 -0.066075 0.085315
v -0.002375 -0.052985 0.091356
v -0.008442 -0.065995 0.084574
v -0.008852 -0.066085 0.084743
v -0.007982 -0.066755 0.085568
v -0.008876 -0.066425 0.085310
v -0.008696 -0.066785 0.086081
v -0.001006 -0.053155 0.091517
v -0.007271 -0.066725 0.085544
v -0.004895 -0.067865 0.087128
v -0.005944 -0.067625 0.086640
v -0.006478 -0.067585 0.086536
v -0.005167 -0.068235 0.087372
v -0.006821 -0.067715 0.086758
v 0.000265 -0.054915 0.092964
v 0.000785 -0.055995 0.093642
v 0.001272 -0.054365 0.092446
v 0.002217 -0.055045 0.092979
v 0.001580 -0.055065 0.093093
v 0.001433 -0.055595 0.093478
v -0.005639 -0.068445 0.087689
v 0.003075 -0.056335 0.093970
v -0.003230 -0.069805 0.088696
v -0.004114 -0.069715 0.088645
v -0.003478 -0.070145 0.089017
v 0.002708 -0.056995 0.094339
v 0.003823 -0.056165 0.093746
v 0.004322 -0.056845 0.094235
v -0.001763 -0.070435 0.089445
v -0.001921 -0.070835 0.089749
v -0.002427 -0.070905 0.089906
v 0.005265 -0.057535 0.094579
v 0.005192 -0.058025 0.094966
v -0.001232 -0.071485 0.090413
v 0.004828 -0.059875 0.095929
v 0.006689 -0.059005 0.095360
v 0.006268 -0.059175 0.095593
v -0.000154 -0.071705 0.090600
v 0.000168 -0.072145 0.091036
v 0.006063 -0.059845 0.096053
v 0.001255 -0.073125 0.092117
v 0.001829 -0.072515 0.091507
v 0.001767 -0.072905 0.091789
v 0.007366 -0.061415 0.097002
v 0.007965 -0.060675 0.096545
v 0.009366 -0.062515 0.097654
v 0.003797 -0.074025 0.092752
v 0.003724 -0.074675 0.093401
v 0.009377 -0.064565 0.098506
v 0.006174 -0.074915 0.093574
v 0.006264 -0.075695 0.094025
v 0.006898 -0.076435 0.094623
v 0.005799 -0.075875 0.094207
v 0.005148 -0.075925 0.094479
v 0.012885 -0.065185 0.099466
v 0.007913 -0.077365 0.095464
v 0.006516 -0.076715 0.095046
v 0.011774 -0.067035 0.099902
v 0.012494 -0.066345 0.099869
v 0.009112 -0.077165 0.095322
v 0.008527 -0.077315 0.095366
v 0.007747 -0.077585 0.095830
v 0.007565 -0.077575 0.095975
v 0.008678 -0.078415 0.096595
v 0.015189 -0.067295 0.100681
v 0.014255 -0.068045 0.100772
v 0.014381 -0.069305 0.101101
v 0.011109 -0.079395 0.096910
v 0.010873 -0.079645 0.097227
v 0.010609 -0.079775 0.097514
v 0.010423 -0.079745 0.097652
v 0.012505 -0.080075 0.097287
v 0.012195 -0.080545 0.097737
v 0.011935 -0.080865 0.098258
v 0.011891 -0.080965 0.098502
v 0.016788 -0.071455 0.102133
v 0.017258 -0.070555 0.102057
v 0.013635 -0.080915 0.097844
v 0.013600 -0.081935 0.098816
v 0.016756 -0.074265 0.102394
v 0.018899 -0.072475 0.102814
v 0.013564 -0.082215 0.099276
v 0.014404 -0.082955 0.099729
v 0.013294 -0.082045 0.099354
v 0.013670 -0.082345 0.099568
v 0.015234 -0.083005 0.099330
v 0.014791 -0.083045 0.099543
v 0.015180 -0.083465 0.099980
v 0.014731 -0.083235 0.099938
v 0.014450 -0.083055 0.100022
v 0.014971 -0.083465 0.100322
v 0.020403 -0.075295 0.103584
v 0.016500 -0.084215 0.100502
v 0.016112 -0.084305 0.100988
v 0.018377 -0.085405 0.100921
v 0.017730 -0.085535 0.101466
v 0.017270 -0.085305 0.101692
v 0.018859 -0.082335 0.103282
v 0.023239 -0.079085 0.104795
v 0.019463 -0.086845 0.102041
v 0.019246 -0.086835 0.102374
v 0.019134 -0.086645 0.102796
v 0.019127 -0.086425 0.102959
v 0.022871 -0.081525 0.104807
v 0.021049 -0.088205 0.102656
v 0.020725 -0.088085 0.102778
v 0.021178 -0.088445 0.103001
v 0.020542 -0.087965 0.102938
v 0.021199 -0.088465 0.103271
v 0.020640 -0.087955 0.103293
v 0.020764 -0.087825 0.103526
v 0.022277 -0.089195 0.103446
v 0.022002 -0.088955 0.103744
v 0.025289 -0.084865 0.105654
v 0.023737 -0.090125 0.103791
v 0.023596 -0.090105 0.104184
v 0.023437 -0.089835 0.104416
v 0.023699 -0.089795 0.104644
v 0.023502 -0.088985 0.104771
v 0.024508 -0.087515 0.105374
v 0.025991 -0.091415 0.105281
v 0.026084 -0.091055 0.105542
v 0.026701 -0.090585 0.105981
v -0.017801 -0.047425 0.082151
v -0.017945 -0.050755 0.081889
v -0.017967 -0.049915 0.081977
v -0.017740 -0.048515 0.082286
v -0.016829 -0.047855 0.083064
v -0.016858 -0.048395 0.083100
v -0.017278 -0.050605 0.082600
v -0.016943 -0.049545 0.083028
v -0.015019 -0.047325 0.084002
v -0.016392 -0.052405 0.083187
v -0.015070 -0.051055 0.084674
v -0.015146 -0.048825 0.084545
v -0.014728 -0.048535 0.084731
v -0.015026 -0.050195 0.084765
v -0.014053 -0.051175 0.085575
v -0.013708 -0.050475 0.085852
v -0.013127 -0.050195 0.086227
v -0.012987 -0.048245 0.085549
v -0.012006 -0.048515 0.086125
v -0.013642 -0.049415 0.085696
v -0.012822 -0.049585 0.086189
v -0.012274 -0.047855 0.085695
v -0.012720 -0.050795 0.086574
v -0.012712 -0.050295 0.086474
v -0.011682 -0.050765 0.087069
v -0.014078 -0.057605 0.084255
v -0.012860 -0.055105 0.086242
v -0.012090 -0.053995 0.087050
v -0.012837 -0.057165 0.085846
v -0.011156 -0.054105 0.087810
v -0.010458 -0.053725 0.088319
v -0.009744 -0.053515 0.088750
v -0.009291 -0.052265 0.088683
v -0.007531 -0.051625 0.089265
v -0.006726 -0.051575 0.089569
v -0.011813 -0.061645 0.085144
v -0.011676 -0.060975 0.085745
v -0.010137 -0.061475 0.087421
v -0.010113 -0.060515 0.087797
v -0.004951 -0.051965 0.090264
v -0.009613 -0.064195 0.086654
v -0.004051 -0.053755 0.091413
v -0.004396 -0.054505 0.091538
v -0.002593 -0.053755 0.091810
v -0.008634 -0.066795 0.086607
v -0.009211 -0.066225 0.086091
v -0.008669 -0.066335 0.086935
v -0.008399 -0.064595 0.087961
v -0.004508 -0.056465 0.091982
v -0.002204 -0.055365 0.092620
v -0.003469 -0.055735 0.092267
v -0.007910 -0.067415 0.086796
v -0.007866 -0.067155 0.087566
v -0.007397 -0.067765 0.087610
v -0.007369 -0.067405 0.088021
v -0.007446 -0.066725 0.088218
v -0.003150 -0.057935 0.092765
v -0.001887 -0.057115 0.093201
v -0.007111 -0.067905 0.087232
v -0.005933 -0.068585 0.088040
v -0.007047 -0.068025 0.087558
v -0.006242 -0.068475 0.088290
v -0.006701 -0.065865 0.089209
v -0.005268 -0.066445 0.090267
v -0.002074 -0.058255 0.093256
v -0.000230 -0.057065 0.093756
v 0.000161 -0.055545 0.093322
v 0.000530 -0.056525 0.093798
v -0.005764 -0.068855 0.088591
v -0.006046 -0.068575 0.088665
v -0.006114 -0.068315 0.088877
v -0.004402 -0.064725 0.091262
v -0.001496 -0.059665 0.093577
v 0.000419 -0.058485 0.094249
v -0.003922 -0.070185 0.089206
v -0.004575 -0.069825 0.089031
v -0.004317 -0.070115 0.089429
v -0.004806 -0.069725 0.089354
v -0.004682 -0.069725 0.089684
v -0.004351 -0.070095 0.089660
v -0.004201 -0.070095 0.089966
v -0.004372 -0.069775 0.090027
v -0.003601 -0.068155 0.091178
v -0.002796 -0.071015 0.090622
v -0.003563 -0.069905 0.090716
v -0.000170 -0.063335 0.094287
v 0.000709 -0.062595 0.094811
v 0.000858 -0.061525 0.094808
v -0.001214 -0.071905 0.091041
v -0.002572 -0.071135 0.090482
v -0.002155 -0.071235 0.091367
v 0.001494 -0.063765 0.095285
v 0.003915 -0.060245 0.095798
v -0.001297 -0.071975 0.091280
v -0.001122 -0.072105 0.091613
v -0.001241 -0.071735 0.091988
v -0.001097 -0.072025 0.091893
v 0.002771 -0.066025 0.095944
v 0.004413 -0.063255 0.096724
v 0.002904 -0.063685 0.096073
v 0.004373 -0.063945 0.096829
v 0.005609 -0.061285 0.096612
v 0.000767 -0.073115 0.092329
v 0.000765 -0.073175 0.092785
v -0.000054 -0.072485 0.092660
v 0.000034 -0.072165 0.092895
v 0.000834 -0.071895 0.093598
v 0.000613 -0.070285 0.093833
v 0.004507 -0.065245 0.096985
v 0.003560 -0.065245 0.096463
v 0.004420 -0.066225 0.096921
v 0.002423 -0.073605 0.094262
v 0.003076 -0.069065 0.095784
v 0.004426 -0.067925 0.096797
v 0.005601 -0.066385 0.097554
v 0.005555 -0.065095 0.097471
v 0.007169 -0.064285 0.097920
v 0.003215 -0.074725 0.093772
v 0.002631 -0.074205 0.094142
v 0.003193 -0.074715 0.094236
v 0.003587 -0.072055 0.095556
v 0.005427 -0.070675 0.097054
v 0.006341 -0.068245 0.097843
v 0.006605 -0.067195 0.098042
v 0.007344 -0.065435 0.098227
v 0.006828 -0.066355 0.098120
v 0.004900 -0.074515 0.095836
v 0.005451 -0.073115 0.096586
v 0.004927 -0.075955 0.094823
v 0.005172 -0.075985 0.095404
v 0.005027 -0.075655 0.095511
v 0.006271 -0.076805 0.095363
v 0.006299 -0.076855 0.095641
v 0.007268 -0.077445 0.096237
v 0.007325 -0.077275 0.096597
v 0.007156 -0.076665 0.096746
v 0.010313 -0.069895 0.099701
v 0.010973 -0.068265 0.099860
v 0.008683 -0.078495 0.096827
v 0.013570 -0.070505 0.101003
v 0.010402 -0.079775 0.097875
v 0.010451 -0.079735 0.098158
v 0.010820 -0.079875 0.098517
v 0.011626 -0.080715 0.098766
v 0.012047 -0.081105 0.098842
v 0.011579 -0.079725 0.099229
v 0.013384 -0.082075 0.099636
v 0.013206 -0.081835 0.099729
v 0.014305 -0.082875 0.100182
v 0.013946 -0.082225 0.100294
v 0.014417 -0.082835 0.100432
v 0.014927 -0.083275 0.100730
v 0.014976 -0.083425 0.100579
v 0.015077 -0.083195 0.100963
v 0.014827 -0.082015 0.101002
v 0.015502 -0.080775 0.101614
v 0.015536 -0.083905 0.100908
v 0.015741 -0.083985 0.101266
v 0.016142 -0.084145 0.101701
v 0.016000 -0.083785 0.101675
v 0.016704 -0.084065 0.102146
v 0.016877 -0.084905 0.101940
v 0.016843 -0.084715 0.102098
v 0.017399 -0.085155 0.102327
v 0.017078 -0.084705 0.102299
v 0.017945 -0.084855 0.102741
v -0.010188 -0.056855 0.088430
v -0.010005 -0.058505 0.088374
v -0.009482 -0.056065 0.089031
v -0.009251 -0.057525 0.089123
v -0.009256 -0.059815 0.088789
v -0.009086 -0.058435 0.089150
v -0.007616 -0.057295 0.090299
v -0.007909 -0.058255 0.090026
v -0.007440 -0.055375 0.090331
v -0.007630 -0.056245 0.090289
v -0.008041 -0.061285 0.089416
v -0.007471 -0.059825 0.090126
v -0.006790 -0.058195 0.090793
v -0.006461 -0.056825 0.091039
v -0.005814 -0.055755 0.091227
v -0.005663 -0.056645 0.091467
v -0.006416 -0.059495 0.090882
v -0.005536 -0.057555 0.091590
v -0.005499 -0.058375 0.091582
v -0.004869 -0.057085 0.091905
v -0.003603 -0.059075 0.092611
v -0.003579 -0.060345 0.092529
v -0.002488 -0.060195 0.093151
v -0.002820 -0.058945 0.092978
v -0.010503 -0.012685 0.016543
v 0.091623 -0.111375 0.100201
v 0.093557 -0.112335 0.103305
v 0.093557 -0.112335 0.103305
v 0.093557 -0.112335 0.103305
v 0.093678 -0.112925 0.103876
v 0.093413 -0.111985 0.103258
v 0.093653 -0.112495 0.103538
v 0.093238 -0.111965 0.103628
v 0.086012 -0.123515 0.099202
v 0.086077 -0.123655 0.099410
v 0.086039 -0.123845 0.099689
v 0.086342 -0.124215 0.100568
v 0.086586 -0.124365 0.100953
v 0.086671 -0.124425 0.101273
v 0.086935 -0.124475 0.101697
v 0.087251 -0.124435 0.102137
v 0.089562 -0.122655 0.104347
vn 0.1502 0.4241 -0.8931
vn 0.0223 0.6985 -0.7153
vn 0.1380 0.5393 -0.8307
vn 0.2305 0.3652 -0.9019
vn 0.0743 -0.0845 -0.9937
vn 0.1592 0.0358 -0.9866
vn 0.2011 -0.0038 -0.9796
vn 0.0085 -0.1871 -0.9823
vn 0.1578 -0.0988 -0.9825
vn 0.2587 0.2209 -0.9404
vn 0.2594 0.0630 -0.9637
vn 0.2122 0.1697 -0.9624
vn 0.2519 -0.0268 -0.9674
vn 0.3248 0.2723 -0.9057
vn 0.2629 0.4326 -0.8624
vn 0.3563 0.4219 -0.8337
vn 0.1549 0.6279 -0.7627
vn 0.0590 0.7648 -0.6415
vn 0.2648 0.5876 -0.7646
vn 0.1558 0.7380 -0.6566
vn 0.2135 0.7649 -0.6077
vn 0.2857 0.7097 -0.6440
vn 0.3508 0.6222 -0.6999
vn 0.3714 0.7679 -0.5219
vn 0.4590 0.7076 -0.5373
vn 0.3006 0.8109 -0.5020
vn 0.2169 0.8505 -0.4792
vn 0.3874 0.8540 -0.3472
vn 0.4815 0.8336 -0.2708
vn 0.1275 0.8473 -0.5156
vn 0.2945 0.9058 -0.3047
vn 0.4082 0.9120 -0.0417
vn 0.2296 -0.1400 -0.9632
vn 0.0986 -0.1954 -0.9758
vn 0.3241 0.0076 -0.9460
vn 0.3770 0.0733 -0.9233
vn 0.3003 -0.0665 -0.9515
vn 0.2963 0.1355 -0.9454
vn 0.3821 0.1627 -0.9097
vn 0.3885 0.2849 -0.8763
vn 0.4378 0.2193 -0.8719
vn 0.4771 0.1543 -0.8652
vn 0.5042 0.2562 -0.8247
vn 0.4812 0.4159 -0.7717
vn 0.4523 0.2972 -0.8409
vn 0.5397 0.4011 -0.7402
vn 0.6253 0.6047 -0.4933
vn 0.6588 0.5207 -0.5430
vn 0.6185 0.3628 -0.6970
vn 0.5618 0.2253 -0.7960
vn 0.7646 0.5057 -0.3996
vn 0.7583 0.6265 -0.1802
vn 0.4629 0.5525 -0.6931
vn 0.5799 0.7403 -0.3401
vn 0.6833 0.7194 -0.1249
vn 0.7296 0.6576 0.1874
vn 0.5782 0.8158 -0.0042
vn 0.6279 0.7320 0.2644
vn 0.4798 0.8522 0.2088
vn 0.5204 0.7492 0.4097
vn 0.5005 0.6191 0.6052
vn 0.4141 0.5113 0.7531
vn 0.6022 0.6071 0.5184
vn 0.4800 0.4947 0.7245
vn 0.3275 -0.1341 -0.9353
vn 0.2388 -0.2046 -0.9493
vn 0.1231 -0.2063 -0.9707
vn 0.3758 -0.0569 -0.9249
vn 0.6319 0.2241 -0.7419
vn 0.4246 0.0276 -0.9049
vn 0.4919 0.1193 -0.8624
vn 0.6036 0.1539 -0.7823
vn 0.5178 0.0764 -0.8521
vn 0.4827 -0.0223 -0.8755
vn 0.7410 0.2277 -0.6317
vn 0.7276 0.3646 -0.5811
vn 0.7997 0.3394 -0.4953
vn 0.8609 0.3274 -0.3894
vn 0.8697 0.4440 -0.2158
vn 0.8358 0.5465 0.0522
vn 0.8977 0.4181 -0.1390
vn 0.8688 0.4525 0.2010
vn 0.7033 0.5384 0.4642
vn 0.5264 0.4591 0.7157
vn 0.3761 0.3755 0.8471
vn 0.5276 0.4034 0.7476
vn 0.3717 -0.1701 -0.9126
vn 0.4007 -0.1226 -0.9080
vn 0.6332 0.0144 -0.7739
vn 0.5170 -0.0811 -0.8521
vn 0.6499 -0.0383 -0.7590
vn 0.7184 0.1548 -0.6782
vn 0.8446 0.2300 -0.4834
vn 0.8976 0.3092 -0.3143
vn 0.6161 0.0677 -0.7848
vn 0.7836 0.1266 -0.6083
vn 0.9298 0.3321 -0.1585
vn 0.8915 0.4146 0.1826
vn 0.9359 0.3521 -0.0077
vn 0.9081 0.2458 -0.3389
vn 0.7675 0.0741 -0.6368
vn 0.8751 0.1784 -0.4499
vn 0.9337 0.2916 -0.2079
vn 0.9145 0.3992 -0.0649
vn 0.7050 0.4444 0.5527
vn 0.6755 0.4284 0.6002
vn 0.5447 -0.1290 -0.8286
vn 0.3886 -0.1878 -0.9020
vn 0.7705 0.0286 -0.6368
vn 0.8803 0.1354 -0.4546
vn 0.7125 -0.1238 -0.6907
vn 0.8052 -0.0201 -0.5926
vn 0.8899 0.0812 -0.4488
vn 0.9537 0.1771 -0.2431
vn 0.9220 0.2329 -0.3092
vn 0.8932 0.1855 -0.4096
vn 0.9502 0.2997 -0.0857
vn 0.9539 0.2435 -0.1757
vn 0.8984 0.3747 0.2293
vn 0.9587 0.2836 0.0205
vn 0.9098 0.3238 0.2597
vn 0.9749 0.2217 -0.0225
vn 0.3480 0.3652 0.8634
vn 0.4729 0.4047 0.7827
vn 0.5310 -0.1791 -0.8282
vn 0.5402 -0.2308 -0.8093
vn 0.5649 -0.3023 -0.7678
vn 0.6300 -0.2525 -0.7344
vn 0.6729 -0.1845 -0.7164
vn 0.4610 -0.2628 -0.8476
vn 0.3847 -0.2739 -0.8815
vn 0.8117 -0.1968 -0.5500
vn 0.7551 -0.2067 -0.6222
vn 0.9469 0.0987 -0.3059
vn 0.8936 -0.0128 -0.4486
vn 0.8629 -0.1220 -0.4904
vn 0.9722 0.0708 -0.2230
vn 0.9648 -0.0967 -0.2446
vn 0.9728 0.2116 0.0942
vn 0.8816 -0.2378 -0.4078
vn 0.9939 0.1103 0.0018
vn 0.8486 0.2871 0.4444
vn 0.7305 0.3799 0.5675
vn 0.9061 0.1976 0.3741
vn 0.9750 0.0600 0.2138
vn 0.7296 -0.2977 -0.6156
vn 0.6466 -0.3390 -0.6834
vn 0.7334 -0.4138 -0.5393
vn 0.8409 -0.3605 -0.4036
vn 0.9059 -0.1548 -0.3941
vn 0.9133 -0.2397 -0.3292
vn 0.9098 -0.3334 -0.2470
vn 0.8803 -0.2446 -0.4064
vn 0.9711 -0.2164 -0.1005
vn 0.9209 -0.3682 -0.1280
vn 0.9681 -0.2162 -0.1268
vn 0.9673 -0.2428 -0.0729
vn 0.9893 -0.0934 0.1121
vn -0.4764 0.2965 -0.8277
vn -0.5380 0.1507 -0.8294
vn -0.5605 0.2988 -0.7724
vn -0.3227 0.1670 -0.9316
vn -0.6246 0.1730 -0.7616
vn -0.3908 0.4850 -0.7823
vn -0.2223 0.5696 -0.7913
vn -0.3102 0.3713 -0.8752
vn -0.1811 0.2288 -0.9565
vn -0.2915 0.6235 -0.7255
vn -0.2217 0.7458 -0.6282
vn -0.1546 0.6994 -0.6978
vn -0.3582 0.6543 -0.6660
vn 0.0027 -0.0253 -0.9997
vn 0.0793 0.1127 -0.9905
vn -0.0756 -0.1449 -0.9866
vn -0.1148 0.0828 -0.9899
vn -0.1300 -0.0169 -0.9914
vn -0.1056 -0.2213 -0.9695
vn -0.1851 -0.0817 -0.9793
vn -0.1682 -0.1487 -0.9745
vn -0.3867 0.0790 -0.9188
vn -0.2281 0.0249 -0.9733
vn -0.3170 -0.0375 -0.9477
vn -0.2906 -0.0873 -0.9529
vn -0.2507 -0.1550 -0.9556
vn -0.4792 0.0188 -0.8775
vn -0.4429 -0.0560 -0.8948
vn -0.6054 0.0556 -0.7940
vn 0.1085 0.3067 -0.9456
vn 0.0392 0.5620 -0.8262
vn -0.0454 0.2380 -0.9702
vn -0.0084 0.4231 -0.9060
vn -0.1611 0.4156 -0.8952
vn -0.1091 0.5685 -0.8154
vn -0.0527 0.6718 -0.7388
vn -0.0864 0.7767 -0.6240
vn -0.0433 0.8105 -0.5842
vn -0.1488 0.8287 -0.5396
vn -0.1396 0.8681 -0.4764
vn -0.0817 0.8643 -0.4963
vn -0.0138 0.8351 -0.5500
vn 0.0219 0.8637 -0.5035
vn -0.0360 0.9089 -0.4154
vn -0.1025 0.9111 -0.3992
vn 0.1291 0.9874 -0.0914
vn 0.0356 0.9479 -0.3167
vn 0.1134 0.9879 0.1061
vn -0.0097 0.9834 -0.1810
vn -0.0136 -0.2652 -0.9641
vn 0.1277 0.9320 -0.3393
vn 0.2149 0.9426 -0.2557
vn 0.0717 0.8853 -0.4595
vn 0.3184 0.9443 0.0830
vn 0.3748 0.8387 0.3951
vn 0.2937 0.8378 0.4603
vn 0.2210 0.9746 0.0353
vn 0.3031 0.6497 0.6972
vn 0.2237 0.8988 0.3770
vn 0.2499 0.4751 0.8437
vn 0.2489 0.6798 0.6898
vn 0.1988 0.8232 0.5319
vn 0.2400 0.6713 0.7013
vn -0.1450 -0.2776 -0.9497
vn 0.4077 0.6997 0.5867
vn 0.3572 0.5606 0.7471
vn 0.2802 0.4571 0.8441
vn 0.3411 0.4211 0.8404
vn 0.2720 0.3411 0.8998
vn 0.1283 -0.2005 -0.9712
vn 0.2343 -0.1424 -0.9617
vn 0.1391 -0.2979 -0.9444
vn 0.0060 -0.2421 -0.9702
vn 0.0343 -0.4328 -0.9008
vn 0.1145 -0.4496 -0.8858
vn -0.0841 -0.2708 -0.9590
vn 0.0318 -0.5943 -0.8037
vn 0.3231 -0.1702 -0.9309
vn 0.2143 -0.2065 -0.9547
vn 0.2991 0.3828 0.8741
vn 0.2450 0.3587 0.9007
vn 0.2674 0.3146 0.9108
vn 0.3042 0.3564 0.8834
vn 0.2922 -0.2285 -0.9287
vn 0.2372 -0.3014 -0.9235
vn 0.3086 -0.3540 -0.8829
vn 0.1986 -0.4250 -0.8831
vn 0.3692 -0.4007 -0.8385
vn 0.2463 -0.4855 -0.8388
vn 0.3447 -0.5031 -0.7925
vn 0.1067 -0.5992 -0.7934
vn 0.2182 -0.5779 -0.7864
vn 0.1167 -0.6761 -0.7275
vn 0.2638 -0.5986 -0.7564
vn 0.4654 -0.3412 -0.8167
vn 0.5745 0.3427 0.7433
vn 0.7035 0.2413 0.6685
vn 0.7886 0.1241 0.6022
vn 0.4431 0.2932 0.8472
vn 0.4996 0.1867 0.8459
vn 0.3212 0.2527 0.9127
vn 0.5239 0.0384 0.8509
vn 0.4822 0.1197 0.8679
vn 0.5422 -0.5417 -0.6423
vn 0.4810 -0.6700 -0.5655
vn 0.4203 -0.5322 -0.7349
vn 0.4689 -0.4255 -0.7740
vn 0.6141 -0.6479 -0.4506
vn 0.3487 -0.6312 -0.6928
vn 0.4046 -0.7615 -0.5063
vn 0.6524 -0.7158 -0.2488
vn 0.2266 -0.6881 -0.6893
vn 0.3069 -0.7339 -0.6059
vn 0.5548 -0.7900 -0.2611
vn 0.6544 -0.7561 -0.0062
vn 0.5918 -0.3507 -0.7258
vn 0.5854 -0.3957 -0.7076
vn 0.5994 -0.4805 -0.6402
vn 0.7284 -0.4771 -0.4917
vn 0.7830 -0.5754 -0.2363
vn 0.8159 -0.4995 -0.2911
vn 0.6895 -0.5611 -0.4580
vn 0.7968 -0.6037 -0.0263
vn 0.7338 -0.6280 -0.2590
vn 0.7444 -0.6665 -0.0415
vn 0.7408 -0.6616 0.1161
vn 0.7956 -0.5768 0.1853
vn 0.9052 -0.3987 -0.1471
vn 0.9577 -0.2840 -0.0462
vn 0.8528 -0.5214 -0.0307
vn 0.9229 -0.1540 0.3528
vn 0.9397 -0.2468 0.2367
vn 0.9105 -0.4013 0.0998
vn 0.8808 -0.3641 0.3027
vn 0.8334 -0.5308 0.1537
vn 0.8415 -0.1855 0.5074
vn 0.8315 -0.3703 0.4141
vn 0.7532 -0.2069 0.6244
vn 0.9374 -0.3433 0.0580
vn 0.9723 -0.1220 -0.1994
vn 0.8954 -0.3911 0.2128
vn 0.9290 -0.3558 0.1015
vn 0.8825 -0.3043 0.3586
vn 0.9693 -0.1960 0.1485
vn 0.9769 -0.1634 0.1374
vn 0.7567 -0.2151 0.6173
vn 0.8537 -0.3145 0.4150
vn 0.8938 -0.2041 0.3993
vn 0.6865 -0.0974 0.7205
vn 0.9182 -0.2031 0.3401
vn 0.8804 -0.0701 0.4691
vn 0.7837 -0.1524 0.6021
vn 0.6454 0.0468 0.7624
vn -0.6050 0.3180 -0.7300
vn -0.6938 0.0975 -0.7135
vn -0.6460 0.3560 -0.6753
vn -0.2674 0.7937 -0.5464
vn -0.4031 0.6804 -0.6121
vn -0.4781 0.4838 -0.7331
vn -0.5246 0.4948 -0.6928
vn -0.4908 0.6548 -0.5748
vn -0.5843 0.4960 -0.6424
vn -0.2938 0.8152 -0.4992
vn -0.3826 0.7742 -0.5042
vn -0.6457 0.5234 -0.5560
vn -0.2118 0.8599 -0.4644
vn -0.2290 0.8833 -0.4090
vn -0.1497 0.9198 -0.3627
vn -0.2040 -0.2157 -0.9549
vn -0.4382 -0.1378 -0.8883
vn -0.5830 -0.0293 -0.8120
vn -0.5527 -0.1467 -0.8204
vn -0.6637 0.0001 -0.7480
vn 0.1331 0.9549 0.2655
vn 0.2335 0.7727 0.5903
vn 0.2752 0.5841 0.7636
vn 0.2941 0.5059 0.8109
vn -0.0602 0.9917 -0.1138
vn 0.1179 0.9475 0.2973
vn -0.3320 -0.2357 -0.9134
vn -0.4136 -0.2714 -0.8691
vn -0.3993 -0.3590 -0.8436
vn 0.3225 0.3701 0.8712
vn -0.2204 -0.3120 -0.9242
vn -0.5406 -0.5074 -0.6710
vn -0.4559 -0.5050 -0.7329
vn -0.2315 -0.3933 -0.8898
vn -0.1631 -0.4635 -0.8709
vn -0.2296 -0.6961 -0.6803
vn -0.2755 -0.6561 -0.7026
vn -0.3785 -0.6193 -0.6879
vn -0.3662 -0.7929 -0.4870
vn -0.3065 -0.8354 -0.4563
vn -0.4682 -0.7244 -0.5059
vn -0.3671 -0.8601 -0.3543
vn -0.1705 -0.7547 -0.6335
vn -0.1599 -0.5795 -0.7992
vn -0.0742 -0.6161 -0.7842
vn -0.0670 -0.7343 -0.6755
vn -0.1859 -0.8422 -0.5061
vn -0.2453 -0.8204 -0.5165
vn -0.2680 -0.8890 -0.3713
vn -0.0615 -0.4074 -0.9112
vn -0.0255 -0.7653 -0.6431
vn 0.0063 -0.8421 -0.5393
vn -0.1298 -0.8860 -0.4451
vn 0.3293 0.3243 0.8868
vn 0.1172 -0.7810 -0.6134
vn 0.2185 -0.8138 -0.5384
vn 0.3155 -0.8828 -0.3481
vn 0.4463 -0.8560 -0.2607
vn 0.4674 -0.8832 -0.0381
vn 0.1101 -0.9178 -0.3815
vn -0.0769 -0.9470 -0.3119
vn 0.1862 -0.9669 -0.1745
vn 0.6677 -0.7319 0.1359
vn 0.3654 -0.9308 -0.0077
vn 0.5709 -0.8129 0.1152
vn 0.5996 0.0291 0.7998
vn 0.7057 -0.0644 0.7056
vn 0.5103 0.2021 0.8359
vn 0.7474 -0.6171 0.2462
vn 0.7942 -0.5179 0.3178
vn 0.7785 -0.4192 0.4671
vn 0.7692 -0.4192 0.4824
vn -0.7583 0.0566 -0.6494
vn -0.7883 0.1191 -0.6037
vn -0.6689 0.2220 -0.7094
vn -0.7441 0.2113 -0.6338
vn -0.7046 0.3586 -0.6123
vn -0.7491 0.3491 -0.5630
vn -0.7994 0.2179 -0.5599
vn -0.7821 0.3431 -0.5203
vn -0.7290 0.4644 -0.5028
vn -0.5285 0.6866 -0.4992
vn -0.4005 0.8101 -0.4283
vn -0.6531 0.6018 -0.4596
vn -0.5370 0.7351 -0.4138
vn -0.4681 0.8104 -0.3524
vn -0.5936 0.7348 -0.3283
vn -0.3029 0.8435 -0.4436
vn -0.1754 0.9548 -0.2401
vn -0.2808 0.8890 -0.3617
vn -0.0703 0.9852 0.1564
vn -0.0937 0.9790 0.1811
vn -0.3413 0.8890 -0.3053
vn -0.2330 0.9652 -0.1187
vn -0.2863 0.9581 -0.0070
vn -0.1708 0.9499 0.2616
vn -0.0172 0.9025 0.4303
vn 0.1281 0.7571 0.6407
vn -0.6887 -0.1094 -0.7167
vn -0.7454 0.0111 -0.6665
vn 0.1320 0.7793 0.6126
vn 0.0175 0.9869 0.1603
vn 0.1470 0.8636 0.4822
vn -0.6206 -0.5033 -0.6013
vn -0.5948 -0.3154 -0.7394
vn -0.5725 -0.3740 -0.7297
vn -0.5816 -0.3161 -0.7496
vn -0.6347 -0.4484 -0.6293
vn -0.7064 -0.4081 -0.5783
vn -0.6716 -0.4492 -0.5892
vn -0.7830 -0.4044 -0.4727
vn 0.3379 0.3483 0.8744
vn -0.5935 -0.4905 -0.6381
vn -0.5188 -0.5433 -0.6601
vn -0.4605 -0.7121 -0.5300
vn -0.4106 -0.8282 -0.3815
vn -0.3834 -0.7219 -0.5761
vn -0.3323 -0.8666 -0.3722
vn -0.3112 -0.8497 -0.4256
vn 0.3434 0.4655 0.8157
vn 0.3562 0.4129 0.8382
vn 0.4217 0.4124 0.8075
vn 0.4357 0.2951 0.8503
vn 0.5641 0.2968 0.7705
vn -0.2145 -0.9062 -0.3645
vn -0.0265 -0.9691 -0.2450
vn 0.2200 -0.9689 -0.1135
vn 0.4224 -0.9050 0.0506
vn 0.6325 0.0730 0.7711
vn 0.6803 0.0349 0.7321
vn 0.6035 0.1462 0.7839
vn 0.5137 -0.8465 0.1399
vn 0.6979 -0.6667 0.2615
vn 0.6150 -0.7574 0.2195
vn 0.7371 -0.2364 0.6331
vn 0.5962 -0.7472 0.2937
vn 0.6823 -0.6438 0.3464
vn 0.7192 -0.4906 0.4921
vn 0.6694 -0.0817 0.7384
vn 0.5294 -0.8244 0.2003
vn 0.6561 -0.6112 0.4426
vn -0.7984 0.1066 -0.5927
vn -0.8215 0.1758 -0.5424
vn -0.6972 0.5928 -0.4031
vn -0.6147 0.7551 -0.2279
vn -0.5152 0.8475 -0.1279
vn -0.7790 0.4058 -0.4780
vn -0.7452 0.5246 -0.4117
vn -0.5029 0.8402 -0.2029
vn -0.3932 0.8961 -0.2060
vn -0.0524 0.8484 0.5267
vn -0.4145 0.9096 -0.0279
vn -0.2566 0.9292 0.2661
vn -0.4137 0.9073 0.0753
vn 0.1069 0.7757 0.6220
vn -0.1787 0.9230 0.3408
vn -0.4270 0.9025 0.0560
vn -0.7941 -0.1704 -0.5833
vn -0.7796 -0.0561 -0.6238
vn -0.7940 0.1097 -0.5979
vn 0.3900 0.4514 0.8026
vn 0.2793 0.6343 0.7208
vn -0.7516 -0.3256 -0.5737
vn -0.7365 -0.4224 -0.5283
vn -0.7220 -0.5105 -0.4670
vn 0.4261 0.3265 0.8437
vn 0.4914 0.4250 0.7602
vn -0.7572 -0.2628 -0.5980
vn 0.5062 0.3463 0.7899
vn 0.4312 0.3685 0.8236
vn 0.5253 0.4249 0.7372
vn 0.4404 0.4123 0.7975
vn -0.4956 -0.5267 -0.6906
vn -0.3545 -0.7076 -0.6112
vn -0.5853 -0.3765 -0.7181
vn -0.6464 -0.3094 -0.6974
vn -0.5844 -0.3906 -0.7113
vn -0.6455 -0.3574 -0.6750
vn -0.4679 -0.6027 -0.6464
vn -0.2228 -0.8399 -0.4948
vn -0.2501 -0.8673 -0.4304
vn 0.5502 0.3581 0.7544
vn 0.1181 -0.9813 -0.1519
vn 0.3507 -0.9354 0.0454
vn -0.0060 -0.9500 -0.3121
vn 0.3935 -0.9044 0.1649
vn 0.6103 0.1996 0.7666
vn 0.6123 0.2294 0.7566
vn 0.6376 -0.0219 0.7701
vn 0.6484 -0.2310 0.7254
vn 0.4897 -0.8499 0.1944
vn 0.5782 -0.7284 0.3677
vn 0.5182 -0.7786 0.3540
vn 0.6051 -0.5777 0.5479
vn 0.5991 -0.6004 0.5297
vn 0.6949 -0.3695 0.6169
vn 0.6399 -0.5279 0.5584
vn -0.8167 0.2724 -0.5088
vn -0.6683 0.6901 -0.2777
vn -0.5260 0.8493 -0.0446
vn -0.7949 0.4070 -0.4500
vn -0.7135 0.6320 -0.3024
vn -0.1867 0.9442 0.2712
vn -0.0276 0.9111 0.4112
vn 0.1375 0.8328 0.5362
vn -0.2722 0.9371 0.2186
vn 0.2687 0.7105 0.6503
vn 0.1780 0.8023 0.5698
vn -0.7393 -0.2234 -0.6352
vn -0.8060 0.0236 -0.5914
vn -0.8016 0.1535 -0.5778
vn -0.8181 0.1521 -0.5545
vn 0.3793 0.5798 0.7211
vn -0.7135 -0.5501 -0.4340
vn -0.6048 -0.5737 -0.5523
vn -0.6298 -0.4589 -0.6267
vn -0.6422 -0.3939 -0.6576
vn -0.6285 -0.4439 -0.6387
vn -0.7791 -0.3155 -0.5417
vn -0.7149 -0.5140 -0.4740
vn -0.7168 -0.2440 -0.6532
vn -0.7331 -0.2230 -0.6425
vn 0.5715 0.3727 0.7311
vn 0.5772 0.4098 0.7063
vn -0.6720 -0.3328 -0.6615
vn 0.3779 0.5123 0.7712
vn 0.4921 0.4765 0.7286
vn 0.4435 0.5406 0.7149
vn -0.1946 -0.8082 -0.5558
vn 0.4599 0.4937 0.7381
vn 0.4557 0.5263 0.7178
vn -0.0958 -0.8828 -0.4598
vn -0.1589 -0.8722 -0.4627
vn -0.2904 -0.8105 -0.5086
vn -0.2353 -0.8245 -0.5146
vn 0.4875 0.4229 0.7639
vn 0.5440 0.3007 0.7833
vn 0.2821 -0.9591 0.0242
vn 0.4861 -0.8165 0.3114
vn 0.6540 -0.3197 0.6856
vn 0.6447 0.0693 0.7613
vn 0.6629 -0.0974 0.7423
vn 0.6055 0.1668 0.7781
vn -0.8519 0.2121 -0.4788
vn -0.8331 0.3207 -0.4507
vn -0.7920 0.4793 -0.3782
vn -0.7893 0.5385 -0.2951
vn -0.8512 0.2773 -0.4456
vn -0.0591 0.9063 0.4185
vn -0.6648 0.7339 -0.1394
vn -0.4889 0.8653 0.1103
vn 0.0074 0.8344 0.5512
vn -0.7062 0.7032 -0.0820
vn -0.2947 0.8923 0.3419
vn 0.2445 0.7198 0.6496
vn -0.7134 -0.0799 -0.6962
vn -0.6373 -0.2379 -0.7330
vn 0.3331 0.6670 0.6665
vn 0.4065 0.5751 0.7099
vn -0.5984 -0.4288 -0.6768
vn 0.5559 0.4337 0.7091
vn -0.7004 -0.2120 -0.6816
vn -0.6478 -0.2901 -0.7044
vn -0.5834 -0.4086 -0.7019
vn -0.6672 -0.2381 -0.7058
vn 0.5362 0.4620 0.7065
vn -0.3279 -0.6985 -0.6360
vn -0.1099 -0.8254 -0.5538
vn -0.1654 -0.7690 -0.6175
vn 0.0030 -0.8697 -0.4935
vn -0.0215 -0.8855 -0.4642
vn -0.0057 -0.8340 -0.5517
vn -0.1763 -0.8309 -0.5278
vn 0.0154 -0.8537 -0.5205
vn 0.0881 -0.8667 -0.4910
vn -0.2821 -0.7591 -0.5867
vn -0.2199 -0.7592 -0.6126
vn -0.1802 -0.7918 -0.5836
vn -0.0173 -0.8883 -0.4589
vn 0.2487 -0.9590 -0.1361
vn 0.4486 -0.8786 0.1641
vn 0.4144 -0.9100 -0.0123
vn 0.5784 -0.7282 0.3676
vn 0.6644 -0.0590 0.7450
vn 0.6694 -0.3520 0.6543
vn 0.6587 -0.5429 0.5210
vn 0.5676 0.2167 0.7943
vn -0.8288 0.2353 -0.5077
vn -0.8456 0.3564 -0.3973
vn -0.8314 0.4726 -0.2924
vn -0.7440 0.6669 -0.0413
vn -0.5586 0.8144 0.1573
vn -0.2236 0.8533 0.4710
vn 0.1482 0.7336 0.6633
vn -0.0499 0.7854 0.6170
vn 0.1746 0.7041 0.6883
vn -0.4695 -0.4810 -0.7404
vn -0.5067 -0.3673 -0.7800
vn -0.7844 0.2002 -0.5871
vn -0.4992 -0.4855 -0.7177
vn -0.5551 -0.3886 -0.7354
vn -0.4401 -0.4654 -0.7679
vn 0.5759 0.4329 0.6935
vn -0.6403 -0.2269 -0.7338
vn -0.5719 -0.2925 -0.7664
vn 0.5989 0.3936 0.6974
vn -0.4307 -0.5283 -0.7317
vn -0.5903 -0.2421 -0.7700
vn 0.4741 0.5041 0.7219
vn -0.1205 -0.7203 -0.6831
vn 0.0655 -0.8253 -0.5609
vn 0.1231 -0.7677 -0.6289
vn -0.3029 -0.5546 -0.7750
vn -0.0449 -0.6998 -0.7129
vn 0.4444 0.4671 0.7644
vn 0.2223 -0.8190 -0.5289
vn 0.0904 -0.8334 -0.5452
vn -0.1557 -0.7573 -0.6343
vn -0.0466 -0.7371 -0.6742
vn 0.5909 -0.7650 0.2563
vn 0.2540 -0.9317 -0.2596
vn 0.2259 -0.8993 -0.3744
vn 0.5094 -0.8606 0.0010
vn -0.0515 -0.7781 -0.6260
vn 0.6776 -0.5766 0.4565
vn 0.7059 -0.3204 0.6317
vn 0.6108 0.1055 0.7848
vn -0.8380 0.3134 -0.4466
vn -0.4740 0.8283 0.2987
vn -0.6815 -0.0528 -0.7299
vn -0.4692 -0.3156 -0.8247
vn -0.8099 0.2604 -0.5257
vn -0.4571 -0.3896 -0.7995
vn -0.4075 -0.3274 -0.8525
vn -0.5313 -0.2628 -0.8054
vn -0.4872 -0.2488 -0.8371
vn -0.5056 -0.2120 -0.8363
vn 0.5794 0.3660 0.7283
vn 0.6084 0.3700 0.7021
vn -0.1201 -0.5858 -0.8015
vn -0.3415 -0.3248 -0.8820
vn 0.4781 0.3986 0.7827
vn 0.0927 -0.7067 -0.7014
vn 0.1533 -0.6353 -0.7569
vn 0.1958 -0.7907 -0.5801
vn 0.4753 0.3642 0.8009
vn 0.2465 -0.7843 -0.5693
vn 0.0314 -0.7217 -0.6914
vn 0.5281 0.2619 0.8078
vn 0.2632 -0.8455 -0.4646
vn 0.7133 -0.6194 0.3279
vn 0.7339 -0.4965 0.4635
vn 0.7449 -0.6214 0.2429
vn 0.6804 -0.0747 0.7290
vn 0.7189 -0.3041 0.6251
vn 0.5851 0.1531 0.7964
vn -0.8505 0.4567 -0.2610
vn -0.8623 0.3862 -0.3274
vn -0.7771 0.6294 -0.0010
vn -0.6563 -0.0299 -0.7539
vn -0.7581 0.2381 -0.6071
vn -0.8253 0.3170 -0.4674
vn -0.8699 0.4678 -0.1560
vn -0.8202 0.5721 -0.0072
vn -0.5530 0.7893 0.2666
vn -0.3488 0.8141 0.4642
vn -0.6444 0.7233 0.2480
vn -0.4103 -0.2196 -0.8851
vn 0.4774 0.5183 0.7095
vn -0.4443 -0.1740 -0.8788
vn -0.4027 -0.1872 -0.8960
vn -0.3289 -0.1448 -0.9332
vn -0.3484 -0.2465 -0.9043
vn -0.2311 -0.1488 -0.9615
vn -0.2401 -0.1481 -0.9594
vn -0.3413 -0.0838 -0.9362
vn -0.1741 -0.3267 -0.9290
vn 0.3326 -0.7606 -0.5576
vn 0.0652 -0.7504 -0.6577
vn 0.4943 0.3178 0.8091
vn 0.1751 -0.7965 -0.5788
vn 0.5515 -0.8280 -0.1010
vn 0.7769 -0.4178 0.4710
vn -0.6177 0.0084 -0.7863
vn -0.8016 0.3298 -0.4988
vn -0.8753 0.4212 -0.2376
vn -0.8804 0.4624 -0.1056
vn -0.8560 0.5161 -0.0316
vn -0.6413 0.7322 0.2294
vn -0.2903 0.8003 0.5246
vn -0.8152 0.5789 0.0200
vn -0.2814 0.0625 -0.9575
vn -0.1330 -0.0268 -0.9908
vn -0.5533 -0.0144 -0.8329
vn -0.7055 0.1733 -0.6872
vn 0.3254 0.6230 0.7113
vn 0.4394 0.5291 0.7260
vn -0.0345 -0.0685 -0.9971
vn -0.1416 0.0711 -0.9874
vn -0.2375 0.0745 -0.9685
vn 0.5644 0.4043 0.7197
vn 0.6364 0.2943 0.7130
vn 0.0690 -0.2284 -0.9711
vn 0.0342 -0.1860 -0.9819
vn -0.0352 -0.2682 -0.9627
vn 0.0217 -0.1495 -0.9885
vn 0.0378 -0.2803 -0.9592
vn -0.0933 -0.2159 -0.9719
vn -0.0533 -0.1780 -0.9826
vn -0.0395 -0.5481 -0.8355
vn 0.0467 -0.4550 -0.8893
vn 0.0566 -0.3892 -0.9194
vn 0.6066 0.2849 0.7422
vn 0.1329 -0.5801 -0.8036
vn 0.0108 -0.5756 -0.8176
vn 0.3266 -0.6667 -0.6700
vn 0.4983 0.3557 0.7907
vn 0.5278 0.3254 0.7846
vn 0.2411 -0.7883 -0.5661
vn 0.3897 -0.7712 -0.5034
vn 0.5022 -0.8246 -0.2605
vn 0.6869 -0.7267 0.0140
vn 0.7515 -0.6309 0.1928
vn 0.5975 -0.7922 -0.1240
vn -0.8701 0.4774 -0.1221
vn -0.3299 0.8017 0.4984
vn -0.4019 0.1449 -0.9041
vn -0.6183 0.1754 -0.7661
vn -0.4865 0.0553 -0.8719
vn -0.3916 0.1412 -0.9092
vn -0.5196 0.2439 -0.8189
vn -0.6907 0.2964 -0.6596
vn -0.6007 0.4039 -0.6899
vn -0.7455 0.4196 -0.5179
vn -0.8104 0.4726 -0.3463
vn -0.8619 0.4851 -0.1477
vn -0.1006 0.7927 0.6012
vn -0.1201 -0.2611 -0.9578
vn -0.2410 -0.4759 -0.8459
vn -0.3001 -0.2426 -0.9225
vn -0.1403 -0.1620 -0.9768
vn -0.1826 -0.0178 -0.9830
vn -0.2834 -0.0329 -0.9584
vn -0.3989 -0.0789 -0.9136
vn -0.0742 -0.4939 -0.8663
vn -0.1079 -0.3777 -0.9196
vn -0.2312 -0.6113 -0.7568
vn -0.1343 -0.6265 -0.7677
vn -0.2673 -0.7015 -0.6607
vn -0.2708 -0.6618 -0.6991
vn -0.1735 -0.6883 -0.7044
vn 0.0184 -0.6465 -0.7627
vn 0.1198 -0.6568 -0.7444
vn 0.0915 -0.7254 -0.6822
vn 0.2187 -0.6873 -0.6927
vn -0.0874 -0.7394 -0.6676
vn 0.0230 -0.7717 -0.6356
vn 0.2183 -0.6347 -0.7413
vn 0.1944 -0.7489 -0.6335
vn 0.2284 -0.7728 -0.5921
vn 0.4570 -0.7703 -0.4446
vn 0.2948 -0.8058 -0.5137
vn 0.5086 -0.7129 -0.4829
vn 0.3362 -0.7018 -0.6280
vn 0.6010 -0.6948 -0.3950
vn 0.4616 -0.7197 -0.5186
vn 0.6603 -0.6744 -0.3304
vn 0.5423 -0.7898 -0.2867
vn 0.3808 -0.8473 -0.3702
vn 0.6053 -0.7954 -0.0316
vn 0.2603 -0.8426 -0.4715
vn 0.7480 -0.2172 0.6271
vn 0.6685 0.0031 0.7437
vn 0.7318 -0.1861 0.6556
vn 0.6012 0.2025 0.7730
vn 0.7258 -0.6243 0.2890
vn 0.7780 -0.4268 0.4611
vn 0.4313 -0.8718 -0.2323
vn -0.5006 0.0529 -0.8641
vn -0.5024 0.1301 -0.8548
vn -0.5856 0.2202 -0.7801
vn -0.5565 0.3409 -0.7577
vn -0.6227 0.4059 -0.6689
vn -0.6373 0.5343 -0.5553
vn -0.5963 0.4981 -0.6296
vn -0.7041 0.6070 -0.3684
vn -0.7784 0.6046 -0.1690
vn -0.6562 0.7503 -0.0797
vn -0.8592 0.4926 -0.1386
vn -0.8214 0.5688 -0.0428
vn -0.1195 0.8214 0.5576
vn 0.2908 0.6638 0.6891
vn -0.4200 0.8066 0.4160
vn -0.2554 -0.4046 -0.8781
vn -0.1838 -0.6484 -0.7388
vn -0.1243 -0.5229 -0.8433
vn -0.3407 -0.2436 -0.9081
vn -0.2825 -0.6940 -0.6622
vn -0.2358 -0.7212 -0.6514
vn -0.1467 -0.6679 -0.7297
vn -0.0123 -0.5985 -0.8011
vn -0.1026 -0.6805 -0.7256
vn -0.0384 -0.7098 -0.7034
vn 0.2859 -0.8311 -0.4769
vn 0.4466 -0.8000 -0.4007
vn 0.4149 -0.8632 -0.2876
vn 0.5500 -0.8343 -0.0389
vn 0.6278 -0.7689 0.1213
vn 0.7460 -0.3430 0.5708
vn 0.7264 -0.5514 0.4102
vn -0.5296 0.2197 -0.8193
vn -0.6087 0.3558 -0.7092
vn -0.5158 0.1246 -0.8476
vn -0.6579 0.5878 -0.4708
vn -0.6394 0.5334 -0.5538
vn -0.6554 0.7185 -0.2328
vn -0.5420 0.5728 -0.6149
vn -0.5600 0.7412 -0.3700
vn -0.6608 0.7170 -0.2218
vn -0.6627 0.7458 -0.0686
vn -0.6076 0.7942 -0.0069
vn -0.7529 0.6544 -0.0700
vn -0.8200 0.5378 -0.1958
vn -0.6861 0.7224 -0.0864
vn -0.8422 0.4928 -0.2186
vn -0.7577 0.6296 -0.1716
vn -0.7691 0.6388 -0.0206
vn -0.6788 0.7125 0.1774
vn -0.1642 -0.5253 -0.8349
vn -0.0260 -0.6065 -0.7946
vn -0.1328 -0.6502 -0.7481
vn 0.6461 0.2877 0.7069
vn 0.6826 0.1865 0.7066
vn 0.0712 -0.7521 -0.6552
vn 0.6281 0.2339 0.7422
vn 0.5328 -0.8377 -0.1195
vn 0.6524 -0.7578 0.0123
vn 0.5828 -0.8073 -0.0935
vn 0.6693 0.0535 0.7410
vn 0.6431 0.1576 0.7494
vn 0.7580 -0.4603 0.4622
vn 0.7129 -0.6413 0.2839
vn -0.5132 0.3474 -0.7848
vn -0.5880 0.4227 -0.6896
vn -0.5102 0.6188 -0.5973
vn -0.5101 0.7814 -0.3593
vn -0.4768 0.7443 -0.4676
vn -0.4726 0.5213 -0.7106
vn -0.5982 0.6434 -0.4777
vn -0.5329 0.8363 -0.1287
vn -0.4090 -0.0721 -0.9097
vn -0.5110 0.0050 -0.8596
vn -0.4507 -0.1429 -0.8812
vn -0.4267 -0.3120 -0.8489
vn -0.5604 -0.0981 -0.8224
vn -0.5821 0.0254 -0.8127
vn -0.5472 -0.2577 -0.7964
vn -0.4594 -0.4621 -0.7586
vn -0.5433 -0.2771 -0.7925
vn -0.5094 0.3942 -0.7649
vn -0.4827 0.2998 -0.8229
vn -0.5774 0.1967 -0.7924
vn -0.2529 -0.6316 -0.7329
vn -0.3536 -0.5900 -0.7259
vn -0.2968 -0.4574 -0.8383
vn -0.4120 -0.5536 -0.7237
vn -0.2942 -0.6672 -0.6843
vn -0.7341 0.6534 -0.1847
vn -0.5513 0.8075 0.2098
vn -0.6591 0.7520 -0.0069
vn -0.2265 -0.7106 -0.6661
vn -0.1534 -0.6968 -0.7007
vn 0.0052 -0.6990 -0.7151
vn 0.6772 0.2397 0.6957
vn 0.0347 -0.7046 -0.7088
vn -0.1855 -0.6482 -0.7385
vn 0.0003 -0.5733 -0.8193
vn 0.0881 -0.6908 -0.7176
vn 0.3005 -0.8262 -0.4765
vn 0.4887 -0.8725 0.0045
vn 0.2307 -0.8191 -0.5252
vn 0.5687 -0.8002 0.1907
vn 0.5107 -0.8596 0.0166
vn 0.4270 -0.8821 -0.1988
vn 0.3010 -0.9247 -0.2331
vn 0.5345 -0.8394 -0.0980
vn 0.7040 -0.6823 0.1971
vn -0.6648 0.4168 -0.6199
vn -0.5281 0.8331 -0.1642
vn -0.6942 0.5519 -0.4620
vn -0.6383 0.6996 -0.3210
vn -0.6125 0.7823 -0.1130
vn -0.6442 0.2189 -0.7329
vn -0.6916 0.6306 -0.3523
vn -0.4537 -0.4673 -0.7588
vn -0.4796 0.8769 0.0315
vn -0.5021 0.8617 0.0726
vn -0.5471 0.8311 0.0995
vn -0.4946 0.8647 0.0875
vn -0.5856 0.8106 0.0110
vn -0.3676 -0.6103 -0.7018
vn -0.3061 0.8873 0.3449
vn 0.0398 0.8403 0.5407
vn -0.4111 0.8854 0.2169
vn -0.1846 0.8831 0.4313
vn -0.5532 0.8321 0.0395
vn -0.2843 0.9110 0.2989
vn -0.2425 -0.7081 -0.6632
vn 0.5345 0.4504 0.7152
vn 0.5281 0.4954 0.6897
vn -0.2793 -0.7245 -0.6301
vn 0.1190 -0.6198 -0.7757
vn -0.0476 -0.5709 -0.8196
vn 0.0887 -0.6824 -0.7256
vn 0.0632 -0.8001 -0.5965
vn -0.1984 -0.6887 -0.6974
vn 0.2026 -0.9739 -0.1024
vn 0.0721 -0.9729 -0.2196
vn -0.0630 -0.8807 -0.4695
vn 0.0603 -0.9764 0.2072
vn -0.3546 -0.7575 -0.5482
vn -0.2024 -0.9539 -0.2215
vn 0.3276 -0.9065 -0.2663
vn 0.3213 -0.9385 0.1267
vn 0.1846 -0.8988 0.3976
vn 0.5553 -0.7765 0.2978
vn 0.5271 -0.7522 0.3953
vn 0.5015 -0.7187 0.4817
vn 0.3643 -0.8031 0.4715
vn 0.4344 -0.8391 0.3275
vn 0.4470 -0.8298 0.3341
vn 0.3077 -0.7741 0.5533
vn 0.1485 -0.7743 0.6151
vn 0.1817 -0.7672 0.6151
vn 0.0476 -0.8403 0.5401
vn 0.1547 -0.9536 0.2583
vn -0.0116 -0.9944 -0.1053
vn 0.2124 -0.9439 -0.2527
vn 0.0054 -0.8766 -0.4812
vn 0.0200 -0.8010 0.5983
vn 0.1508 -0.8758 0.4585
vn 0.2726 -0.8994 -0.3416
vn 0.2214 -0.8734 -0.4337
vn -0.7114 0.4304 -0.5556
vn -0.7156 0.1881 -0.6727
vn -0.7498 0.3697 -0.5487
vn -0.7489 0.5914 -0.2991
vn -0.7499 0.1219 -0.6502
vn -0.8312 0.3136 -0.4591
vn -0.8124 0.4641 -0.3531
vn -0.6442 0.7611 -0.0752
vn -0.7690 0.6192 -0.1588
vn -0.8518 0.4646 -0.2420
vn -0.8264 0.5579 -0.0759
vn -0.7226 0.6913 0.0047
vn -0.4599 -0.5238 -0.7170
vn -0.4450 -0.4633 -0.7664
vn -0.5237 -0.3550 -0.7744
vn -0.5663 -0.1841 -0.8034
vn -0.5847 -0.4264 -0.6902
vn -0.6966 -0.1865 -0.6928
vn -0.6839 -0.0642 -0.7267
vn -0.8023 0.0180 -0.5966
vn -0.7342 -0.2834 -0.6169
vn -0.8324 -0.1249 -0.5400
vn -0.7446 -0.3928 -0.5397
vn -0.6087 -0.5163 -0.6025
vn -0.5754 -0.5829 -0.5737
vn -0.6177 0.0139 -0.7863
vn -0.8501 0.1755 -0.4965
vn -0.9041 0.0255 -0.4266
vn -0.9143 0.1958 -0.3545
vn -0.8985 0.3274 -0.2925
vn -0.7940 0.6025 0.0817
vn -0.5375 0.8428 0.0278
vn -0.4670 -0.5967 -0.6526
vn -0.3787 -0.6750 -0.6333
vn -0.5468 -0.6468 -0.5317
vn -0.7289 0.6568 -0.1929
vn -0.6332 0.7723 -0.0516
vn -0.7333 0.6504 -0.1981
vn -0.2626 -0.6855 -0.6791
vn -0.3446 -0.7230 -0.5988
vn -0.2815 -0.7576 -0.5889
vn -0.4815 -0.6908 -0.5395
vn -0.4062 -0.7556 -0.5140
vn 0.2211 0.7553 0.6170
vn -0.3425 -0.8052 -0.4841
vn -0.3540 -0.8437 -0.4036
vn -0.2401 -0.9693 0.0540
vn -0.2312 -0.9588 -0.1648
vn -0.3718 -0.9261 -0.0649
vn -0.1998 -0.9278 0.3150
vn -0.1323 -0.7837 0.6069
vn -0.2264 -0.8596 0.4581
vn -0.1721 -0.7558 0.6318
vn -0.1235 -0.8231 0.5543
vn -0.0260 -0.8974 0.4404
vn -0.0472 -0.9072 0.4181
vn 0.0157 -0.9417 0.3360
vn -0.0005 -0.9973 0.0739
vn 0.0328 -0.9378 0.3456
vn 0.0318 -0.9971 0.0688
vn -0.1137 -0.9519 -0.2844
vn -0.2678 -0.6908 -0.6717
vn -0.0283 -0.7922 -0.6096
vn -0.0693 -0.9405 -0.3325
vn -0.2500 -0.7663 -0.5918
vn 0.6776 0.0771 0.7314
vn -0.9220 -0.0862 -0.3776
vn -0.8843 -0.2377 -0.4018
vn -0.8140 -0.3934 -0.4273
vn -0.7022 -0.5198 -0.4865
vn -0.9583 -0.1183 -0.2602
vn -0.9752 0.0751 -0.2081
vn -0.9937 0.0533 -0.0985
vn -0.9103 -0.2663 -0.3168
vn -0.6956 -0.5280 -0.4872
vn -0.9944 0.0382 -0.0985
vn -0.9556 0.2163 -0.2004
vn -0.9067 0.4067 -0.1114
vn -0.6605 0.7429 0.1086
vn -0.8835 0.4667 0.0405
vn -0.7297 0.6689 0.1417
vn -0.8563 0.5018 0.1227
vn -0.9566 0.2911 -0.0127
vn -0.9563 0.2859 0.0606
vn -0.6049 0.7876 0.1178
vn -0.5884 -0.6362 -0.4991
vn -0.6656 0.7420 -0.0797
vn -0.0229 0.8758 0.4821
vn -0.4361 -0.7483 -0.4998
vn -0.3287 -0.8248 -0.4600
vn -0.3392 -0.8716 -0.3539
vn -0.2532 -0.9129 -0.3201
vn 0.1345 -0.9894 -0.0555
vn 0.0959 -0.9923 0.0781
vn -0.0338 -0.9723 -0.2311
vn -0.0168 -0.8832 -0.4686
vn -0.2235 -0.8847 -0.4091
vn 0.1579 -0.9487 -0.2740
vn 0.3222 -0.9389 -0.1214
vn 0.1977 -0.9803 0.0002
vn 0.2718 -0.9604 -0.0612
vn 0.0262 -0.9787 -0.2034
vn 0.0491 -0.9761 -0.2119
vn -0.1656 -0.8191 -0.5492
vn -0.1801 -0.8252 -0.5354
vn -0.3173 -0.6403 -0.6995
vn 0.7025 0.1083 0.7034
vn -0.3431 -0.5906 -0.7304
vn 0.7228 -0.6699 0.1697
vn 0.7760 -0.3976 0.4896
vn 0.7256 -0.0452 0.6866
vn -0.8683 0.4904 0.0742
vn -0.9700 -0.0449 -0.2389
vn -0.8440 -0.2961 -0.4472
vn -0.9724 0.2239 -0.0653
vn -0.9230 0.3756 0.0833
vn -0.9670 0.2516 0.0405
vn -0.7754 0.6242 0.0956
vn -0.7546 0.6430 -0.1308
vn -0.6556 0.7549 0.0174
vn -0.7396 0.6554 -0.1535
vn -0.6944 0.7134 -0.0943
vn -0.3488 0.9024 0.2531
vn -0.2200 0.9046 0.3650
vn -0.2689 -0.7781 -0.5677
vn -0.4614 -0.6726 -0.5785
vn -0.2342 -0.8221 -0.5189
vn -0.1717 -0.7136 -0.6792
vn -0.2425 -0.6904 -0.6816
vn 0.5890 0.3616 0.7227
vn -0.1272 -0.8026 -0.5828
vn 0.0692 -0.7739 -0.6295
vn -0.0783 -0.6543 -0.7522
vn 0.1658 -0.6829 -0.7115
vn 0.3087 -0.8001 -0.5143
vn -0.1121 -0.5977 -0.7938
vn -0.2241 -0.5827 -0.7812
vn 0.1015 -0.6504 -0.7528
vn 0.3982 -0.7286 -0.5573
vn 0.2303 -0.8754 -0.4251
vn 0.4118 -0.8446 -0.3422
vn 0.5519 -0.7622 -0.3383
vn 0.4322 -0.8849 -0.1739
vn 0.1334 -0.9466 -0.2934
vn 0.4408 -0.8730 -0.2085
vn 0.1193 -0.8980 -0.4236
vn 0.4671 -0.8455 -0.2586
vn 0.2703 -0.8669 -0.4188
vn -0.0582 -0.8098 -0.5838
vn -0.1085 -0.7641 -0.6359
vn 0.5295 -0.8201 -0.2169
vn -0.3610 -0.5903 -0.7220
vn 0.7373 0.0347 0.6747
vn 0.7782 -0.2291 0.5847
vn -0.9532 0.2117 -0.2158
vn -0.9275 0.3541 -0.1196
vn -0.8566 0.5024 -0.1178
vn -0.7050 -0.3891 -0.5930
vn -0.8888 -0.0749 -0.4522
vn 0.3498 0.6770 0.6475
vn 0.1132 0.7867 0.6069
vn -0.4555 -0.5229 -0.7205
vn -0.2875 -0.5210 -0.8037
vn 0.3841 0.6163 0.6875
vn 0.4961 0.4830 0.7215
vn -0.2190 -0.5988 -0.7703
vn 0.1071 -0.7424 -0.6613
vn -0.0791 -0.7079 -0.7019
vn 0.7010 0.1485 0.6975
vn 0.7311 0.0972 0.6753
vn 0.3361 -0.7259 -0.6000
vn 0.5799 -0.7372 -0.3468
vn 0.5660 -0.7950 -0.2182
vn 0.3815 -0.8123 -0.4411
vn 0.6140 -0.7744 -0.1523
vn 0.2513 -0.8688 -0.4268
vn 0.4760 -0.8512 -0.2213
vn 0.2194 -0.8636 -0.4540
vn -0.4011 -0.5108 -0.7604
vn -0.1692 -0.6849 -0.7087
vn 0.4565 -0.8725 -0.1740
vn 0.2164 -0.8856 -0.4109
vn 0.7616 -0.0847 0.6425
vn 0.8033 -0.4604 0.3777
vn -0.8614 0.4187 -0.2875
vn -0.8002 0.5450 -0.2502
vn -0.8262 -0.1749 -0.5355
vn -0.8047 -0.1824 -0.5649
vn -0.7957 -0.1504 -0.5868
vn -0.9121 0.2161 -0.3484
vn -0.8646 0.1811 -0.4687
vn -0.5501 0.8265 0.1198
vn -0.6067 0.7935 0.0478
vn -0.7135 0.6935 -0.1000
vn 0.3484 0.6075 0.7138
vn 0.2062 0.6956 0.6882
vn -0.6789 -0.3319 -0.6549
vn -0.4940 -0.4425 -0.7484
vn -0.5142 -0.5289 -0.6752
vn 0.6444 0.2631 0.7180
vn 0.4577 0.4776 0.7499
vn 0.5660 0.3435 0.7495
vn 0.6487 0.2182 0.7291
vn -0.3559 -0.5371 -0.7647
vn -0.3075 -0.6260 -0.7166
vn -0.2846 -0.7213 -0.6314
vn -0.1494 -0.7534 -0.6403
vn -0.2581 -0.8092 -0.5278
vn -0.4144 -0.6505 -0.6366
vn -0.6528 -0.4650 -0.5980
vn -0.5038 -0.6828 -0.5291
vn -0.3948 -0.7341 -0.5525
vn 0.0605 -0.8333 -0.5495
vn 0.2387 -0.9140 -0.3280
vn 0.3935 -0.8950 -0.2101
vn 0.4450 -0.8917 -0.0833
vn -0.0022 -0.8647 -0.5024
vn 0.1717 -0.9406 -0.2928
vn 0.3407 -0.9314 -0.1279
vn -0.0869 -0.9011 -0.4248
vn 0.6158 -0.7835 -0.0832
vn 0.5630 -0.8257 -0.0358
vn 0.5511 -0.8322 -0.0609
vn 0.4527 -0.8611 -0.2312
vn 0.6756 0.2096 0.7068
vn -0.2530 -0.5974 -0.7610
vn 0.2992 -0.8685 -0.3951
vn 0.5624 -0.8207 -0.1002
vn -0.2104 -0.6623 -0.7191
vn 0.5204 -0.8341 -0.1831
vn 0.8209 -0.4572 0.3421
vn 0.7968 -0.2553 0.5477
vn -0.8500 0.3693 -0.3756
vn -0.8075 -0.0748 -0.5851
vn -0.8068 0.4851 -0.3374
vn -0.7456 0.6395 -0.1875
vn 0.1743 0.6879 0.7045
vn 0.3169 0.5992 0.7352
vn -0.7845 -0.2462 -0.5691
vn -0.7759 -0.2125 -0.5940
vn 0.5613 0.3598 0.7453
vn 0.4854 0.4043 0.7752
vn 0.3531 0.5477 0.7585
vn -0.3954 -0.8057 -0.4410
vn -0.2475 -0.8625 -0.4413
vn -0.6577 -0.4364 -0.6140
vn -0.4336 -0.6776 -0.5941
vn -0.1971 -0.9129 -0.3575
vn 0.0957 -0.9705 -0.2213
vn 0.1143 -0.9326 -0.3424
vn 0.4110 -0.9010 -0.1392
vn 0.3618 -0.8558 -0.3696
vn 0.4716 -0.8274 -0.3050
vn 0.4721 -0.7629 -0.4418
vn 0.1228 -0.8325 -0.5403
vn 0.3223 -0.7796 -0.5370
vn 0.5167 -0.8556 -0.0328
vn 0.4929 -0.8467 -0.2005
vn 0.4773 -0.7888 -0.3873
vn 0.7652 0.1468 0.6268
vn -0.0809 -0.6345 -0.7687
vn 0.3871 -0.8289 -0.4037
vn 0.1357 -0.7534 -0.6434
vn 0.3785 -0.7390 -0.5573
vn 0.7588 0.0636 0.6482
vn 0.7621 0.0409 0.6462
vn -0.1178 -0.7304 -0.6728
vn 0.2089 -0.8479 -0.4873
vn 0.7320 -0.6752 0.0911
vn 0.8312 -0.2477 0.4977
vn 0.7961 -0.0854 0.5991
vn 0.4552 -0.8380 -0.3010
vn -0.8075 -0.0910 -0.5828
vn -0.8381 0.0763 -0.5401
vn -0.8550 0.0780 -0.5127
vn -0.8512 0.2845 -0.4411
vn -0.3426 0.8409 0.4189
vn -0.0889 0.8170 0.5698
vn 0.0206 0.7145 0.6993
vn -0.7682 -0.1377 -0.6252
vn -0.7315 -0.2385 -0.6388
vn 0.2897 0.5737 0.7662
vn 0.4064 0.4519 0.7941
vn -0.3525 -0.6229 -0.6984
vn -0.5824 -0.4433 -0.6813
vn -0.1396 -0.7787 -0.6117
vn 0.4200 -0.7605 -0.4952
vn -0.0248 -0.7407 -0.6714
vn 0.3967 -0.7629 -0.5105
vn 0.2481 -0.7968 -0.5510
vn 0.2210 -0.7755 -0.5914
vn 0.0885 -0.7034 -0.7053
vn 0.8135 0.0222 0.5812
vn 0.0246 -0.7508 -0.6601
vn -0.8655 0.0924 -0.4924
vn -0.8561 0.0022 -0.5167
vn -0.6699 0.7423 -0.0170
vn -0.5150 0.8076 0.2873
vn -0.0241 0.7786 0.6270
vn -0.6961 0.7122 -0.0906
vn 0.2428 0.5738 0.7822
vn 0.2326 0.5971 0.7677
vn 0.3923 0.4773 0.7863
vn -0.1484 -0.6304 -0.7620
vn 0.0991 -0.7430 -0.6619
vn 0.1433 -0.7477 -0.6484
vn -0.0683 -0.6886 -0.7219
vn 0.3391 -0.8187 -0.4635
vn 0.6654 -0.7399 -0.0993
vn 0.8342 -0.5238 0.1728
vn 0.8641 -0.2932 0.4092
vn 0.8361 -0.1311 0.5327
vn -0.8435 0.4030 -0.3552
vn -0.7800 0.5648 -0.2695
vn -0.5725 0.8143 0.0959
vn -0.3372 0.8537 0.3969
vn -0.4298 0.8671 0.2519
vn 0.1821 0.6979 0.6927
vn -0.6723 -0.3198 -0.6676
vn 0.6581 0.3143 0.6842
vn 0.5116 0.4660 0.7219
vn -0.4082 -0.5375 -0.7379
vn 0.0139 -0.7054 -0.7087
vn 0.1107 -0.7373 -0.6665
vn 0.8806 -0.3480 0.3216
vn 0.8886 -0.1068 0.4462
vn -0.6085 0.7926 0.0384
vn -0.7370 0.6461 -0.1988
vn -0.6880 0.7246 -0.0407
vn -0.8708 0.2424 -0.4278
vn -0.8796 0.1101 -0.4628
vn 0.2297 0.7064 0.6695
vn -0.0106 0.8134 0.5816
vn -0.7258 -0.2440 -0.6432
vn -0.8099 -0.1015 -0.5778
vn 0.3613 0.5964 0.7168
vn -0.6102 -0.3747 -0.6980
vn 0.8103 0.1265 0.5722
vn 0.0651 -0.7034 -0.7078
vn 0.8864 0.0243 0.4622
vn 0.1966 -0.7189 -0.6667
vn 0.2668 -0.7721 -0.5767
vn 0.5317 -0.7874 -0.3120
vn 0.7489 -0.6603 -0.0555
vn 0.9223 -0.1456 0.3580
vn 0.8758 -0.4548 0.1619
vn 0.5513 -0.7466 -0.3724
vn -0.8109 0.5142 -0.2792
vn -0.7582 0.6312 -0.1632
vn -0.7497 0.6585 -0.0651
vn -0.8842 0.2105 -0.4171
vn -0.5205 0.8231 0.2272
vn -0.2394 0.8565 0.4572
vn -0.2503 0.8732 0.4181
vn 0.0447 0.8027 0.5947
vn 0.2501 0.7268 0.6397
vn -0.7594 -0.1898 -0.6224
vn -0.8080 -0.1601 -0.5670
vn 0.4340 0.5912 0.6798
vn -0.5249 -0.4597 -0.7164
vn -0.6824 -0.3146 -0.6598
vn 0.7428 0.2983 0.5994
vn 0.6075 0.4470 0.6566
vn -0.3237 -0.5694 -0.7556
vn 0.8696 0.1036 0.4827
vn 0.1291 -0.6634 -0.7370
vn 0.2982 -0.6819 -0.6679
vn 0.4069 -0.7280 -0.5518
vn 0.7478 -0.6466 -0.1507
vn -0.8735 0.3145 -0.3716
vn -0.9007 0.1619 -0.4031
vn -0.8951 0.2868 -0.3413
vn -0.8734 0.3970 -0.2821
vn -0.8366 0.5012 -0.2211
vn -0.6319 0.7652 0.1233
vn -0.4543 0.8428 0.2885
vn -0.8543 -0.0571 -0.5167
vn -0.8768 0.0288 -0.4799
vn 0.4629 0.6194 0.6341
vn 0.0477 0.8473 0.5290
vn 0.6247 0.5102 0.5911
vn 0.8244 0.2208 0.5211
vn -0.1860 -0.6050 -0.7742
vn -0.0110 -0.6284 -0.7778
vn -0.0144 -0.6412 -0.7673
vn 0.2580 -0.6791 -0.6872
vn 0.2225 -0.7108 -0.6673
vn -0.2592 -0.5955 -0.7604
vn 0.4748 -0.7004 -0.5329
vn 0.5421 -0.7141 -0.4430
vn 0.6480 -0.6939 -0.3139
vn 0.7835 -0.6027 -0.1512
vn 0.8698 -0.4930 0.0216
vn 0.9294 -0.2913 0.2268
vn 0.9351 0.0200 0.3538
vn -0.1110 0.2732 -0.9555
vn -0.2758 0.3792 -0.8832
vn -0.0700 0.3352 -0.9395
vn 0.3047 0.0619 -0.9504
vn -0.0203 0.3668 -0.9301
vn 0.2901 0.2175 -0.9320
vn 0.2905 0.1385 -0.9468
vn -0.0321 0.4260 -0.9041
vn -0.2195 0.4700 -0.8550
vn -0.1782 0.5515 -0.8149
vn -0.0428 0.5179 -0.8544
vn 0.2515 0.3134 -0.9157
vn -0.0580 0.5923 -0.8036
vn 0.2059 0.4475 -0.8702
vn -0.1502 0.6577 -0.7381
vn -0.0630 0.6668 -0.7426
vn 0.1321 0.5743 -0.8079
vn -0.0507 0.7289 -0.6827
vn 0.0885 0.6884 -0.7199
vn -0.0508 0.7368 -0.6742
vn 0.6171 -0.2263 -0.7536
vn 0.6315 -0.1318 -0.7641
vn 0.7811 -0.3344 -0.5274
vn 0.1236 0.0783 -0.9892
vn 0.8255 -0.3439 -0.4476
vn 0.6471 -0.0800 -0.7582
vn 0.7967 -0.2870 -0.5319
vn 0.8405 -0.2578 -0.4765
vn 0.8438 -0.3806 -0.3783
vn 0.8441 -0.3617 -0.3959
vn 0.8485 -0.3715 -0.3770
vn 0.6097 0.0939 -0.7871
vn 0.8329 -0.1084 -0.5427
vn 0.4619 0.4122 -0.7854
vn 0.8072 -0.0087 -0.5902
vn 0.5756 0.4382 -0.6904
vn 0.3248 0.6062 -0.7260
vn 0.1393 0.7401 -0.6580
vn 0.3225 0.6625 -0.6761
vn 0.7827 0.1347 -0.6077
vn -0.8763 0.4317 -0.2140
vn -0.6040 0.7835 0.1458
vn -0.7121 0.7009 0.0407
vn -0.8066 0.5848 -0.0862
vn 0.2950 0.7456 0.5975
vn -0.8146 -0.1711 -0.5543
vn -0.8597 -0.0977 -0.5013
vn 0.7414 0.3624 0.5647
vn -0.4653 -0.4976 -0.7321
vn -0.0370 -0.6764 -0.7356
vn 0.5387 -0.7182 -0.4404
vn -0.1675 0.1167 -0.9789
vn -0.2088 0.0702 -0.9754
vn -0.3721 0.2187 -0.9021
vn -0.2877 0.1745 -0.9417
vn -0.3462 0.2597 -0.9015
vn -0.2935 0.2702 -0.9170
vn -0.3282 0.3811 -0.8643
vn -0.1869 0.6022 -0.7762
vn 0.0758 0.8060 -0.5870
vn -0.0119 0.7371 -0.6756
vn -0.2742 0.0692 -0.9592
vn 0.1081 0.0069 -0.9941
vn 0.2191 -0.1161 -0.9688
vn 0.6064 -0.2676 -0.7487
vn 0.6505 -0.3239 -0.6870
vn 0.7046 -0.4097 -0.5795
vn -0.2213 0.1599 -0.9620
vn -0.3062 0.2266 -0.9246
vn -0.1018 -0.1124 -0.9884
vn 0.3945 -0.3279 -0.8584
vn 0.5283 -0.4294 -0.7325
vn -0.4074 -0.1405 -0.9024
vn -0.2681 -0.3112 -0.9118
vn -0.0274 -0.2827 -0.9588
vn 0.1538 -0.4381 -0.8857
vn -0.2048 0.1142 -0.9721
vn -0.0778 -0.0164 -0.9968
vn 0.0340 0.0211 -0.9992
vn -0.0758 0.1314 -0.9884
vn 0.4477 -0.1825 -0.8754
vn 0.3567 -0.1074 -0.9280
vn 0.7212 -0.3078 -0.6206
vn 0.8229 -0.3536 -0.4446
vn 0.2804 -0.0972 -0.9550
vn 0.6663 -0.2750 -0.6931
vn 0.8449 -0.3204 -0.4284
vn 0.8262 -0.2426 -0.5085
vn 0.7966 -0.3507 -0.4923
vn 0.2092 0.7698 -0.6030
vn 0.3417 0.6978 -0.6295
vn 0.3549 0.7572 -0.5483
vn 0.7123 0.3439 -0.6118
vn 0.1667 0.8473 -0.5043
vn 0.5375 0.7041 -0.4640
vn 0.8428 0.1277 -0.5229
vn 0.1278 0.8471 -0.5158
vn 0.2555 0.8897 -0.3784
vn 0.4238 0.8600 -0.2843
vn 0.7260 0.5752 -0.3768
vn 0.8749 0.2830 -0.3931
vn 0.6502 0.7449 -0.1494
vn 0.3404 0.9113 -0.2315
vn 0.2117 0.8823 -0.4205
vn 0.4943 0.8665 -0.0690
vn 0.8204 -0.3517 -0.4508
vn 0.7719 -0.3108 -0.5547
vn 0.8900 0.0033 -0.4560
vn 0.7359 0.6770 0.0026
vn 0.5749 0.8023 0.1605
vn 0.8757 0.4702 -0.1097
vn 0.6593 0.7071 0.2557
vn 0.5987 0.7157 0.3596
vn 0.7219 -0.3153 -0.6159
vn 0.7100 -0.3224 -0.6260
vn 0.9120 0.3346 -0.2372
vn 0.6511 0.6379 0.4113
vn 0.7705 0.5597 0.3051
vn 0.9097 0.3428 -0.2345
vn 0.8124 0.5673 -0.1345
vn 0.7982 0.5862 0.1386
vn 0.9126 0.3582 0.1971
vn -0.9083 0.2941 -0.2977
vn -0.8540 0.5060 -0.1210
vn -0.7364 0.6755 0.0391
vn -0.8816 -0.0276 -0.4711
vn -0.8966 0.0609 -0.4387
vn -0.9123 0.0452 -0.4071
vn -0.9203 0.1619 -0.3561
vn -0.4078 0.8509 0.3312
vn -0.5181 0.8227 0.2340
vn -0.6188 0.7645 0.1806
vn 0.1387 0.8227 0.5513
vn 0.3133 0.7332 0.6035
vn 0.4228 0.6593 0.6217
vn 0.4952 0.6248 0.6036
vn -0.7135 -0.3055 -0.6305
vn 0.8733 0.1637 0.4589
vn 0.7561 0.3735 0.5375
vn 0.8192 0.2599 0.5112
vn 0.2163 -0.7732 -0.5961
vn -0.1152 -0.6950 -0.7098
vn -0.2745 -0.6262 -0.7297
vn 0.5423 -0.7045 -0.4579
vn 0.7009 -0.6589 -0.2731
vn 0.9588 0.0531 0.2792
vn 0.9644 -0.1876 0.1864
vn -0.2582 0.5044 -0.8240
vn -0.2567 0.4855 -0.8357
vn -0.2968 0.3962 -0.8689
vn -0.1251 0.5925 -0.7958
vn -0.1082 0.6714 -0.7331
vn 0.2799 0.8747 -0.3957
vn 0.1665 0.8123 -0.5590
vn 0.3798 0.8978 -0.2231
vn -0.4328 -0.4383 -0.7878
vn -0.4374 -0.3360 -0.8341
vn -0.2203 -0.4489 -0.8660
vn -0.5258 -0.4902 -0.6951
vn -0.5168 -0.3331 -0.7887
vn -0.3764 -0.5116 -0.7724
vn -0.3724 0.0163 -0.9279
vn -0.4615 -0.2764 -0.8430
vn 0.5640 0.8175 0.1166
vn -0.1350 -0.5070 -0.8513
vn 0.1194 -0.4872 -0.8651
vn 0.3433 -0.4892 -0.8018
vn -0.0383 -0.5500 -0.8343
vn 0.3357 -0.5690 -0.7507
vn -0.2891 -0.5757 -0.7648
vn 0.1116 -0.6530 -0.7491
vn 0.6899 -0.4878 -0.5350
vn 0.4783 -0.6261 -0.6158
vn -0.4061 -0.5823 -0.7042
vn -0.1614 -0.6692 -0.7253
vn -0.4373 -0.6379 -0.6340
vn -0.3433 -0.7475 -0.5686
vn 0.3429 -0.6528 -0.6755
vn 0.7812 -0.4328 -0.4498
vn 0.7996 -0.3190 -0.5087
vn 0.7852 -0.3576 -0.5056
vn 0.5957 0.5608 0.5751
vn 0.6069 0.4792 0.6340
vn 0.7093 -0.5071 -0.4897
vn 0.8385 -0.3600 -0.4090
vn 0.8027 -0.3495 -0.4832
vn 0.7438 -0.3302 -0.5812
vn 0.7557 -0.3528 -0.5519
vn 0.7661 -0.3771 -0.5204
vn 0.8077 -0.2730 -0.5226
vn 0.8354 -0.3191 -0.4475
vn 0.7479 -0.3116 -0.5861
vn 0.8198 -0.2749 -0.5024
vn 0.8917 -0.2423 -0.3823
vn 0.7475 0.3228 0.5806
vn 0.8791 0.2537 0.4035
vn 0.7669 0.4173 0.4875
vn 0.9879 -0.1284 -0.0874
vn 0.9047 0.1096 0.4116
vn 0.6915 0.2321 0.6841
vn 0.5564 0.2811 0.7819
vn 0.8384 0.3953 0.3752
vn 0.6527 0.7323 -0.1942
vn 0.6331 0.5898 0.5013
vn 0.7501 -0.3772 -0.5431
vn 0.8869 -0.4324 -0.1630
vn 0.9431 -0.3304 -0.0376
vn 0.8829 -0.2756 0.3801
vn 0.8880 -0.3923 0.2400
vn 0.8702 -0.3490 0.3478
vn 0.8965 -0.2881 -0.3366
vn 0.8838 0.0410 0.4661
vn 0.9727 -0.1612 0.1672
vn 0.6691 0.1684 0.7238
vn 0.7805 0.0294 0.6245
vn 0.8998 -0.1389 0.4136
vn 0.6191 0.1673 0.7673
vn 0.7349 -0.1238 0.6668
vn -0.9247 0.2742 -0.2643
vn -0.9065 0.3663 -0.2101
vn -0.9364 0.1999 -0.2883
vn -0.8101 0.5862 -0.0139
vn -0.7962 0.6022 0.0588
vn -0.6828 0.7057 0.1891
vn -0.8879 0.4494 -0.0986
vn -0.5431 0.7894 0.2862
vn -0.1047 0.8694 0.4829
vn -0.2936 0.8688 0.3987
vn -0.3472 0.8461 0.4045
vn -0.8855 -0.0571 -0.4610
vn -0.9196 0.0417 -0.3907
vn 0.0969 0.8208 0.5629
vn -0.1194 0.8506 0.5121
vn -0.8656 -0.1245 -0.4850
vn 0.7172 0.4379 0.5422
vn 0.4425 0.6726 0.5931
vn -0.8133 -0.2089 -0.5430
vn 0.7954 0.3312 0.5077
vn -0.6027 -0.4028 -0.6889
vn 0.8631 0.2459 0.4411
vn 0.9110 0.1645 0.3783
vn -0.3485 -0.5976 -0.7221
vn 0.0383 -0.7471 -0.6636
vn 0.8925 -0.4342 -0.1223
vn 0.9620 -0.2663 0.0604
vn -0.1557 0.4740 -0.8666
vn -0.4365 -0.1435 -0.8882
vn -0.3750 0.1208 -0.9191
vn -0.4225 -0.0181 -0.9062
vn -0.3374 0.2729 -0.9010
vn 0.2128 0.8410 -0.4975
vn 0.3362 0.8731 -0.3531
vn 0.0836 0.7781 -0.6226
vn 0.4806 0.8678 -0.1262
vn -0.5170 -0.5221 -0.6783
vn -0.5521 -0.6069 -0.5717
vn -0.4689 -0.3961 -0.7895
vn -0.5414 -0.7037 -0.4601
vn -0.4385 -0.7462 -0.5010
vn -0.2921 -0.8088 -0.5104
vn 0.4095 -0.7167 -0.5645
vn -0.4555 -0.7883 -0.4136
vn -0.4265 -0.8185 -0.3848
vn 0.3477 -0.7878 -0.5084
vn 0.5487 -0.6875 -0.4757
vn 0.1829 -0.8521 -0.4903
vn 0.7536 -0.4631 -0.4664
vn -0.5039 -0.8215 -0.2668
vn -0.2597 -0.8961 -0.3599
vn 0.0738 -0.9047 -0.4196
vn -0.3549 -0.9031 -0.2419
vn 0.2264 -0.8626 -0.4524
vn -0.4138 -0.8997 -0.1389
vn -0.4705 -0.8649 -0.1748
vn 0.5927 -0.6512 -0.4739
vn -0.3952 -0.9163 -0.0644
vn 0.3573 -0.8306 -0.4272
vn -0.3474 -0.9307 -0.1146
vn -0.4517 -0.8837 -0.1228
vn 0.5426 0.3887 0.7447
vn 0.4443 0.1198 0.8878
vn 0.5169 0.1240 0.8470
vn 0.4823 -0.7912 -0.3761
vn 0.5407 -0.7625 -0.3554
vn 0.2422 -0.9406 -0.2380
vn -0.3319 -0.9432 0.0115
vn -0.3661 -0.9276 0.0737
vn -0.2769 -0.9450 0.1743
vn 0.3399 -0.9120 -0.2298
vn 0.7755 -0.4119 -0.4785
vn 0.6713 -0.6761 -0.3037
vn 0.8116 -0.3647 -0.4564
vn 0.7670 -0.3176 -0.5575
vn 0.9231 -0.3739 -0.0894
vn 0.8631 -0.4134 -0.2903
vn 0.8807 -0.3607 -0.3070
vn 0.8375 -0.2624 0.4794
vn 0.6715 -0.2295 0.7046
vn 0.5723 -0.1573 0.8048
vn 0.7026 -0.2595 0.6626
vn 0.5573 -0.0764 0.8268
vn 0.6214 0.0485 0.7820
vn 0.5225 -0.2173 0.8245
vn 0.4280 -0.0150 0.9037
vn 0.4222 -0.1229 0.8981
vn 0.3319 -0.0970 0.9383
vn 0.4292 -0.1509 0.8905
vn 0.3584 0.0020 0.9336
vn 0.8868 -0.4346 -0.1574
vn 0.8603 -0.3784 0.3417
vn 0.8359 -0.5345 0.1251
vn 0.7744 -0.2322 0.5885
vn 0.9302 -0.3317 0.1573
vn 0.8841 -0.3569 0.3018
vn 0.6309 -0.2523 0.7337
vn -0.9221 0.3335 -0.1963
vn -0.9358 0.2946 -0.1935
vn -0.9477 0.2238 -0.2275
vn -0.9187 0.3715 -0.1341
vn -0.9205 -0.0145 -0.3905
vn 0.1897 0.8181 0.5429
vn -0.8976 -0.0881 -0.4320
vn 0.6262 0.5602 0.5423
vn -0.8707 -0.1656 -0.4631
vn 0.7558 0.4151 0.5065
vn -0.6962 -0.3426 -0.6309
vn 0.8571 0.2962 0.4214
vn -0.5524 -0.4673 -0.6903
vn 0.9205 0.2104 0.3292
vn 0.2688 -0.7591 -0.5929
vn 0.7739 -0.5622 -0.2915
vn 0.9787 -0.0819 0.1882
vn 0.0231 0.6781 -0.7347
vn -0.2752 0.2968 -0.9144
vn -0.2228 0.3871 -0.8947
vn -0.1697 0.4221 -0.8905
vn 0.1459 0.7908 -0.5945
vn 0.1888 0.7609 -0.6208
vn 0.2387 0.8193 -0.5213
vn 0.3706 0.8648 -0.3387
vn -0.5007 -0.2104 -0.8397
vn -0.4931 -0.3382 -0.8016
vn -0.3630 0.0230 -0.9315
vn 0.5864 0.7562 0.2903
vn 0.5880 0.6167 0.5233
vn -0.4976 -0.8158 -0.2945
vn 0.4749 0.2270 0.8502
vn 0.2946 -0.0681 0.9532
vn 0.3299 0.0121 0.9439
vn -0.2894 -0.9308 0.2235
vn -0.1329 -0.9545 0.2669
vn 0.3817 -0.9042 -0.1914
vn 0.3663 -0.9234 -0.1148
vn -0.3305 -0.9214 0.2042
vn -0.1923 -0.9369 0.2921
vn -0.0375 -0.9801 0.1950
vn 0.2463 -0.9594 0.1375
vn -0.1823 -0.8953 0.4065
vn -0.0275 -0.9202 0.3905
vn -0.2466 -0.8672 0.4326
vn -0.1434 -0.8415 0.5209
vn 0.2029 -0.3568 0.9119
vn 0.2609 -0.3235 0.9095
vn 0.2204 -0.2913 0.9309
vn 0.2810 -0.2243 0.9331
vn 0.3186 -0.1311 0.9388
vn 0.2501 -0.1777 0.9518
vn 0.2012 -0.2438 0.9487
vn 0.3924 -0.1557 0.9065
vn 0.6982 -0.6667 -0.2608
vn 0.7953 -0.4873 -0.3607
vn 0.3596 -0.9116 0.1990
vn 0.6377 -0.7691 0.0432
vn -0.0084 -0.8596 0.5109
vn 0.2269 -0.8432 0.4873
vn -0.0236 -0.7685 0.6394
vn 0.8182 -0.4354 -0.3755
vn 0.7706 -0.6350 -0.0549
vn 0.8276 -0.4969 -0.2613
vn 0.4434 -0.7606 0.4743
vn 0.4947 -0.6835 0.5367
vn 0.5497 -0.6166 0.5636
vn 0.3569 -0.5158 0.7789
vn 0.0873 -0.7078 0.7010
vn 0.1446 -0.6151 0.7751
vn 0.2082 -0.5295 0.8223
vn 0.0020 -0.6493 0.7606
vn 0.0991 -0.4940 0.8638
vn 0.8577 -0.4843 -0.1729
vn 0.8234 -0.5529 0.1276
vn 0.6481 -0.5491 0.5277
vn 0.6129 -0.5658 0.5516
vn 0.4693 -0.4973 0.7297
vn 0.3018 -0.4020 0.8645
vn 0.1800 -0.4158 0.8915
vn 0.7560 -0.4602 0.4654
vn 0.5775 -0.3308 0.7464
vn 0.4200 -0.3759 0.8260
vn 0.3579 -0.2794 0.8910
vn 0.4971 -0.4555 0.7385
vn 0.4025 -0.2170 0.8893
vn -0.9060 0.4175 -0.0695
vn -0.9338 0.3315 -0.1347
vn -0.8241 0.5633 0.0605
vn -0.9389 0.0867 -0.3331
vn -0.9530 0.1129 -0.2810
vn -0.7786 0.6121 0.1382
vn -0.6109 0.7590 0.2251
vn -0.3123 0.8573 0.4093
vn -0.0884 0.8566 0.5083
vn 0.4275 0.7083 0.5618
vn -0.7878 -0.2662 -0.5555
vn 0.8268 0.3670 0.4263
vn -0.6763 -0.3827 -0.6294
vn -0.6923 -0.3883 -0.6082
vn -0.0371 -0.6740 -0.7378
vn 0.2310 -0.7016 -0.6741
vn 0.2144 -0.6424 -0.7358
vn 0.4671 -0.6441 -0.6057
vn 0.6569 -0.5699 -0.4937
vn 0.7487 -0.5410 -0.3831
vn 0.4574 -0.6024 -0.6541
vn 0.9356 -0.3420 -0.0877
vn 0.8777 -0.4322 -0.2071
vn 0.9805 -0.1943 0.0281
vn 0.9891 -0.0596 0.1344
vn 0.9746 0.0775 0.2102
vn -0.1050 0.4642 -0.8795
vn -0.0949 0.5234 -0.8468
vn 0.0082 0.6269 -0.7791
vn 0.3182 0.8848 -0.3404
vn -0.5514 -0.3896 -0.7376
vn -0.5331 -0.3923 -0.7496
vn -0.5689 -0.5368 -0.6231
vn 0.4213 0.8872 -0.1884
vn 0.5174 0.8558 0.0025
vn 0.5072 0.8235 0.2540
vn -0.5142 -0.5255 -0.6778
vn -0.5100 -0.6366 -0.5785
vn -0.5513 -0.6396 -0.5357
vn 0.5496 0.7107 0.4391
vn -0.5167 -0.7291 -0.4489
vn -0.5212 -0.7810 -0.3441
vn -0.4755 -0.8442 -0.2473
vn 0.4014 0.1045 0.9099
vn 0.2907 0.0163 0.9567
vn 0.2545 -0.0641 0.9649
vn 0.4099 0.1511 0.8996
vn -0.3981 -0.9172 -0.0177
vn -0.1710 -0.7809 0.6008
vn 0.2455 -0.1209 0.9618
vn 0.1630 -0.2067 0.9647
vn -0.0869 -0.7662 0.6367
vn -0.0638 -0.6724 0.7375
vn 0.0243 -0.5392 0.8418
vn 0.0805 -0.4177 0.9050
vn 0.1437 -0.3726 0.9168
vn 0.1103 -0.3421 0.9332
vn 0.0678 -0.3533 0.9331
vn 0.1674 -0.3117 0.9353
vn 0.1404 -0.2827 0.9489
vn -0.9520 0.2493 -0.1777
vn -0.8719 0.4891 0.0224
vn -0.9174 0.3914 -0.0716
vn -0.0150 0.9047 0.4257
vn 0.2866 0.8063 0.5175
vn -0.8101 -0.2706 -0.5201
vn 0.7122 0.4965 0.4963
vn 0.8915 0.3147 0.3259
vn -0.5223 -0.5037 -0.6881
vn -0.3098 -0.6058 -0.7328
vn 0.2295 -0.6348 -0.7378
vn -0.0444 -0.6378 -0.7690
vn 0.6329 -0.5541 -0.5407
vn 0.4429 -0.6041 -0.6625
vn 0.6609 -0.5692 -0.4891
vn 0.7978 -0.4832 -0.3607
vn 0.9958 0.0527 0.0746
vn -0.0064 0.5431 -0.8396
vn -0.2291 0.3303 -0.9157
vn -0.2051 0.3656 -0.9079
vn -0.2149 0.3257 -0.9207
vn 0.1003 0.6132 -0.7835
vn 0.3271 0.8752 -0.3564
vn 0.4378 0.8991 -0.0074
vn -0.4922 -0.2450 -0.8353
vn -0.3963 -0.2029 -0.8954
vn 0.4412 0.8973 0.0108
vn 0.5032 0.7862 0.3586
vn -0.5840 -0.6379 -0.5019
vn -0.5376 -0.4930 -0.6841
vn 0.4920 0.6885 0.5328
vn -0.5612 -0.7334 -0.3836
vn -0.5906 -0.7021 -0.3978
vn 0.4744 0.3485 0.8084
vn 0.3779 0.1729 0.9096
vn 0.3876 0.3191 0.8648
vn 0.4515 0.5083 0.7333
vn 0.5219 0.5251 0.6722
vn -0.5110 -0.8239 -0.2450
vn -0.5407 -0.8138 -0.2129
vn -0.4873 -0.8672 -0.1024
vn -0.4604 -0.8811 -0.1085
vn -0.4132 -0.9052 0.0991
vn -0.3232 -0.8794 0.3495
vn 0.1773 -0.1426 0.9738
vn 0.2267 -0.0606 0.9721
vn -0.2375 -0.7879 0.5682
vn 0.1017 -0.2951 0.9501
vn 0.0922 -0.2795 0.9557
vn -0.0816 -0.6431 0.7614
vn -0.1332 -0.6558 0.7431
vn -0.0302 -0.5324 0.8460
vn 0.0388 -0.4287 0.9026
vn -0.0122 -0.4670 0.8842
vn -0.9493 0.2963 -0.1051
vn -0.9387 0.3269 -0.1097
vn -0.9210 0.3886 -0.0282
vn -0.9293 -0.0360 -0.3676
vn -0.9649 0.2196 -0.1443
vn -0.6793 0.6912 0.2464
vn 0.0572 0.8999 0.4323
vn -0.3880 0.8860 0.2540
vn -0.1601 0.9243 0.3464
vn -0.2280 0.9157 0.3311
vn 0.3187 0.7432 0.5883
vn -0.9260 -0.1083 -0.3616
vn 0.5580 0.6401 0.5282
vn 0.6699 0.5604 0.4869
vn 0.5107 0.6604 0.5505
vn -0.8812 -0.1673 -0.4422
vn 0.9476 0.1732 0.2683
vn 0.9695 0.1456 0.1971
vn 0.1252 -0.6612 -0.7397
vn -0.1321 -0.6304 -0.7650
vn 0.3953 -0.6318 -0.6668
vn 0.3390 -0.7034 -0.6247
vn -0.0498 -0.7035 -0.7090
vn 0.9332 -0.3287 -0.1451
vn 0.6679 -0.6110 -0.4249
vn 0.8200 -0.4919 -0.2926
vn 0.9868 -0.1596 -0.0275
vn -0.1487 0.3767 -0.9143
vn -0.1915 0.3008 -0.9343
vn -0.1093 0.3198 -0.9412
vn -0.1932 0.2702 -0.9432
vn -0.0314 0.4375 -0.8987
vn 0.0424 0.5074 -0.8606
vn 0.2894 0.7589 -0.5834
vn 0.2994 0.8443 -0.4444
vn 0.3892 0.8997 -0.1976
vn -0.2853 0.0754 -0.9555
vn -0.0492 0.2698 -0.9617
vn 0.4641 0.6306 0.6220
vn 0.3754 0.3841 0.8435
vn -0.5691 -0.6452 -0.5098
vn -0.5777 -0.7626 -0.2910
vn -0.5648 -0.7405 -0.3643
vn -0.5554 -0.8146 -0.1674
vn -0.5557 -0.7946 -0.2446
vn -0.5326 -0.8423 -0.0825
vn 0.3119 0.1991 0.9290
vn 0.2914 0.0994 0.9514
vn -0.4893 -0.8720 -0.0107
vn -0.4271 -0.8845 0.1879
vn 0.1642 -0.1262 0.9783
vn 0.1342 -0.1941 0.9718
vn 0.1937 -0.1251 0.9731
vn -0.3190 -0.8591 0.4002
vn 0.0463 -0.3573 0.9328
vn -0.9595 0.0988 -0.2640
vn -0.9486 0.3140 -0.0408
vn -0.8345 0.5381 0.1186
vn -0.6351 0.6853 0.3563
vn -0.4935 0.8269 0.2695
vn -0.2260 0.8822 0.4132
vn -0.4601 0.7827 0.4191
vn -0.9492 -0.0149 -0.3144
vn -0.9748 0.1227 -0.1861
vn 0.0948 0.8583 0.5044
vn -0.0531 0.8476 0.5279
vn 0.1506 0.7923 0.5912
vn -0.0644 0.8001 0.5964
vn 0.1970 0.7400 0.6431
vn -0.2994 0.7722 0.5605
vn -0.0086 0.7540 0.6568
vn 0.1603 0.7445 0.6481
vn -0.8427 -0.2626 -0.4700
vn -0.9040 -0.1652 -0.3942
vn 0.7370 0.5109 0.4425
vn -0.5388 -0.5113 -0.6695
vn -0.2900 -0.6612 -0.6919
vn -0.4773 -0.5754 -0.6642
vn 0.9647 0.1582 0.2106
vn -0.1431 -0.7264 -0.6722
vn 0.1385 -0.7658 -0.6279
vn 0.5563 -0.6893 -0.4641
vn 0.8545 -0.4485 -0.2621
vn 0.4418 -0.7161 -0.5403
vn 0.7058 -0.5918 -0.3895
vn 0.0556 0.4331 -0.8996
vn 0.0004 0.3831 -0.9237
vn 0.1018 0.5250 -0.8450
vn 0.1674 0.4504 -0.8770
vn 0.2902 0.6856 -0.6677
vn -0.1243 0.3170 -0.9402
vn -0.0711 0.3039 -0.9501
vn 0.4030 0.8446 -0.3525
vn 0.4982 0.8335 0.2388
vn -0.2735 0.0107 -0.9618
vn 0.2492 0.0415 0.9676
vn 0.2042 -0.0719 0.9763
vn 0.1395 -0.1431 0.9798
vn -0.4827 -0.8656 0.1329
vn -0.3805 -0.8595 0.3413
vn -0.2521 -0.7664 0.5908
vn -0.9162 0.3980 0.0473
vn -0.8179 0.5388 0.2018
vn -0.9687 0.2312 -0.0899
vn -0.8954 0.4324 0.1063
vn -0.7367 0.6051 0.3018
vn -0.8283 0.5188 0.2118
vn -0.5031 0.7514 0.4269
vn -0.1292 0.7695 0.6255
vn -0.9574 -0.0431 -0.2856
vn 0.3616 0.7269 0.5838
vn 0.2379 0.7818 0.5763
vn -0.9246 -0.1634 -0.3442
vn 0.5335 0.6955 0.4813
vn -0.7279 -0.3788 -0.5715
vn -0.8909 -0.2409 -0.3851
vn -0.8064 -0.3408 -0.4833
vn 0.8422 0.4076 0.3530
vn 0.9083 0.3310 0.2556
vn -0.4866 -0.5893 -0.6449
vn -0.6792 -0.4537 -0.5770
vn -0.2915 -0.6848 -0.6679
vn -0.4398 -0.6498 -0.6199
vn -0.0682 -0.7575 -0.6493
vn -0.2141 -0.7384 -0.6394
vn 0.9774 0.1700 0.1254
vn 0.1385 -0.7547 -0.6413
vn 0.8952 -0.4038 -0.1886
vn 0.9694 -0.2198 -0.1093
vn -0.0288 0.2897 -0.9567
vn -0.0520 0.2668 -0.9623
vn 0.0356 0.2488 -0.9679
vn 0.0594 0.3476 -0.9358
vn 0.0937 0.3860 -0.9177
vn 0.1447 0.3772 -0.9148
vn 0.5143 0.8563 0.0464
vn 0.4944 0.7518 0.4364
vn -0.4156 -0.3655 -0.8329
vn -0.3714 -0.3183 -0.8722
vn 0.4353 0.5464 0.7155
vn -0.5411 -0.7122 -0.4472
vn -0.5340 -0.8026 -0.2661
vn 0.1845 -0.0454 0.9818
vn -0.4697 -0.8720 0.1380
vn -0.3669 -0.8267 0.4266
vn -0.5080 -0.8565 -0.0920
vn 0.0963 -0.2037 0.9743
vn -0.2160 -0.7032 0.6774
vn -0.1157 -0.5756 0.8095
vn -0.3488 -0.7872 0.5086
vn -0.0199 -0.4584 0.8885
vn 0.0250 -0.3694 0.9289
vn 0.0823 -0.2752 0.9579
vn -0.9420 0.3351 -0.0198
vn 0.0059 0.8006 0.5992
vn -0.6843 0.6605 0.3090
vn -0.2338 0.8101 0.5377
vn -0.9444 -0.1455 -0.2948
vn -0.9364 -0.1293 -0.3262
vn 0.3502 0.8152 0.4613
vn -0.9179 -0.2177 -0.3318
vn 0.7638 0.5141 0.3903
vn -0.7259 -0.4483 -0.5216
vn -0.8434 -0.3309 -0.4234
vn -0.5923 -0.5497 -0.5891
vn 0.9569 0.2232 0.1857
vn -0.3541 -0.7049 -0.6146
vn -0.5412 -0.6237 -0.5640
vn -0.2163 -0.7730 -0.5963
vn 0.9972 -0.0616 -0.0427
vn 0.9810 0.1889 0.0448
vn -0.0772 -0.7642 -0.6404
vn 0.2286 -0.7513 -0.6191
vn 0.5255 -0.6857 -0.5037
vn 0.7692 -0.5354 -0.3488
vn 0.8703 -0.4383 -0.2246
vn 0.8668 -0.4400 -0.2349
vn 0.9234 -0.3388 -0.1803
vn 0.1143 0.2699 -0.9561
vn 0.1076 0.3096 -0.9448
vn -0.0183 0.2537 -0.9671
vn 0.0153 0.2064 -0.9783
vn 0.2667 0.5147 -0.8149
vn 0.3932 0.7484 -0.5342
vn 0.4789 0.8442 -0.2408
vn 0.5312 0.8321 0.1591
vn 0.4798 0.6889 0.5433
vn -0.1392 0.0105 -0.9902
vn -0.2759 -0.3017 -0.9126
vn -0.5149 -0.5780 -0.6331
vn 0.2628 0.1751 0.9488
vn 0.2131 0.0530 0.9756
vn -0.5028 -0.8639 -0.0288
vn -0.4475 -0.8575 0.2538
vn 0.1145 -0.1015 0.9882
vn -0.1497 -0.5571 0.8169
vn -0.0586 -0.4484 0.8919
vn -0.9654 -0.0363 -0.2584
vn -0.9816 0.0962 -0.1648
vn -0.7910 0.5731 0.2142
vn -0.8746 0.4731 0.1064
vn -0.4372 0.8204 0.3685
vn -0.9507 -0.1154 -0.2879
vn -0.9842 -0.0121 -0.1764
vn 0.0727 0.8531 0.5167
vn -0.1181 0.8934 0.4335
vn 0.1868 0.8827 0.4312
vn 0.3856 0.8176 0.4277
vn -0.8798 -0.2991 -0.3695
vn 0.7024 0.6160 0.3566
vn -0.7900 -0.4249 -0.4419
vn -0.6627 -0.5313 -0.5279
vn -0.9191 -0.2570 -0.2988
vn -0.7347 -0.5150 -0.4416
vn -0.8534 -0.3722 -0.3650
vn -0.3559 -0.7162 -0.6003
vn 0.9700 0.2190 0.1056
vn -0.4643 -0.6838 -0.5629
vn -0.3433 -0.7469 -0.5695
vn -0.5960 -0.6164 -0.5146
vn -0.0312 -0.7902 -0.6121
vn 0.2200 -0.8032 -0.5536
vn 0.4992 -0.7220 -0.4791
vn -0.0471 -0.8152 -0.5773
vn 0.2014 -0.8140 -0.5448
vn 0.9190 -0.3248 -0.2233
vn 0.9959 0.0900 0.0062
vn 0.9901 0.1246 -0.0644
vn 0.1961 -0.8186 -0.5398
vn 0.8897 -0.3761 -0.2588
vn 0.8983 -0.3541 -0.2601
vn 0.9666 -0.2105 -0.1464
vn 0.9934 -0.0532 -0.1021
vn 0.2966 0.5156 -0.8039
vn 0.3494 0.5973 -0.7219
vn 0.2502 0.4522 -0.8561
vn 0.4284 0.7399 -0.5187
vn 0.3553 0.6229 -0.6969
vn 0.0171 0.1586 -0.9872
vn 0.0648 0.1341 -0.9889
vn 0.0513 0.1869 -0.9810
vn 0.1896 0.3558 -0.9151
vn 0.2918 0.5403 -0.7893
vn 0.3367 0.6189 -0.7097
vn 0.5278 0.8451 -0.0846
vn -0.0195 0.2033 -0.9789
vn -0.0116 0.1437 -0.9896
vn 0.5228 0.7703 0.3651
vn -0.4521 -0.5321 -0.7159
vn 0.3463 0.4228 0.8375
vn 0.2530 0.2233 0.9413
vn -0.5333 -0.7856 -0.3137
vn 0.1419 -0.0341 0.9893
vn 0.1668 0.0472 0.9849
vn 0.0644 -0.0906 0.9938
vn 0.1089 -0.0247 0.9937
vn -0.5376 -0.8238 -0.1797
vn -0.5336 -0.8426 -0.0731
vn 0.0777 -0.1513 0.9854
vn -0.4975 -0.8566 0.1371
vn -0.4314 -0.8286 0.3567
vn -0.2757 -0.6882 0.6711
vn -0.2352 -0.6808 0.6937
vn -0.0021 -0.3448 0.9387
vn 0.0572 -0.2754 0.9596
vn 0.0207 -0.2534 0.9671
vn 0.0556 -0.1965 0.9789
vn -0.9713 -0.0768 -0.2253
vn -0.9880 -0.0379 -0.1497
vn -0.9866 0.0952 -0.1325
vn -0.9707 0.2340 -0.0544
vn -0.9935 0.0545 -0.0999
vn -0.9840 0.1731 -0.0424
vn -0.9243 0.3791 0.0441
vn -0.6554 0.7081 0.2628
vn -0.8727 0.4650 0.1491
vn -0.7592 0.6097 0.2277
vn -0.9619 -0.1335 -0.2387
vn -0.9750 -0.0975 -0.1995
vn 0.0392 0.9023 0.4293
vn -0.2443 0.9004 0.3600
vn -0.5055 0.7997 0.3239
vn -0.1031 0.9047 0.4134
vn -0.9636 -0.1569 -0.2166
vn 0.5072 0.7288 0.4600
vn -0.9426 -0.1764 -0.2834
vn -0.9307 -0.2634 -0.2537
vn -0.9495 -0.2051 -0.2374
vn 0.8572 0.4426 0.2631
vn -0.8543 -0.3821 -0.3525
vn 0.9580 0.2760 0.0774
vn -0.3580 -0.7648 -0.5357
vn -0.4472 -0.7145 -0.5380
vn -0.5883 -0.6417 -0.4921
vn -0.5102 -0.7107 -0.4844
vn 0.9695 0.2436 -0.0282
vn 0.9562 0.2919 0.0239
vn -0.0809 -0.8192 -0.5678
vn -0.1008 -0.8090 -0.5791
vn 0.9797 -0.0968 -0.1757
vn 0.9833 0.1000 -0.1519
vn 0.2284 -0.8130 -0.5356
vn 0.4465 -0.7678 -0.4594
vn 0.7039 -0.6057 -0.3710
vn 0.8302 -0.4639 -0.3093
vn 0.6410 -0.6387 -0.4258
vn 0.8729 -0.3646 -0.3243
vn 0.9098 -0.2901 -0.2968
vn 0.9493 -0.2152 -0.2293
vn 0.2550 0.4142 -0.8737
vn 0.2842 0.4147 -0.8645
vn 0.1889 0.3025 -0.9342
vn 0.0045 0.0807 -0.9967
vn 0.5109 0.8057 -0.2997
vn 0.5085 0.8353 0.2091
vn 0.4839 0.7758 0.4049
vn -0.4119 -0.4920 -0.7670
vn -0.0513 0.0555 -0.9971
vn 0.4702 0.7150 0.5174
vn 0.4319 0.6669 0.6072
vn 0.4203 0.5821 0.6961
vn 0.2340 0.2368 0.9430
vn 0.1525 0.0733 0.9856
vn -0.5288 -0.6747 -0.5150
vn -0.4756 -0.7097 -0.5198
vn 0.0345 -0.1417 0.9893
vn -0.3553 -0.7545 0.5518
vn -0.1464 -0.5027 0.8520
vn -0.0465 -0.3530 0.9345
vn -0.0220 -0.2773 0.9605
vn -0.9884 0.1516 0.0013
vn -0.9568 0.2883 0.0385
vn -0.8102 0.5311 0.2482
vn -0.6863 0.6599 0.3059
vn -0.9879 -0.0748 -0.1359
vn -0.9958 -0.0138 -0.0908
vn -0.9970 0.0465 -0.0616
vn -0.3118 0.8495 0.4255
vn -0.5277 0.7426 0.4123
vn -0.3293 0.8050 0.4935
vn -0.4590 0.7341 0.5005
vn 0.2162 0.8725 0.4382
vn -0.1410 0.8690 0.4743
vn 0.0579 0.8626 0.5026
vn -0.1239 0.8263 0.5495
vn -0.3219 0.7594 0.5655
vn -0.9773 -0.1209 -0.1742
vn -0.9714 -0.1805 -0.1545
vn 0.3984 0.7649 0.5062
vn 0.2929 0.8196 0.4924
vn 0.2687 0.7696 0.5792
vn 0.1312 0.8088 0.5732
vn 0.3650 0.7721 0.5202
vn 0.0967 0.7688 0.6321
vn 0.5252 0.7268 0.4427
vn 0.8289 0.5187 0.2095
vn 0.7190 0.6334 0.2860
vn -0.6528 -0.6177 -0.4384
vn -0.7740 -0.5001 -0.3884
vn -0.8584 -0.4094 -0.3090
vn -0.7695 -0.5264 -0.3616
vn -0.9052 -0.3214 -0.2782
vn 0.9189 0.3822 0.0975
vn -0.6416 -0.6530 -0.4025
vn -0.4922 -0.7352 -0.4661
vn -0.3303 -0.7873 -0.5206
vn 0.9397 0.3419 0.0034
vn -0.2385 -0.8015 -0.5484
vn -0.2552 -0.7804 -0.5709
vn -0.4091 -0.7535 -0.5146
vn 0.9658 0.2454 -0.0841
vn 0.1082 -0.7968 -0.5945
vn 0.8891 -0.2959 -0.3493
vn 0.9639 -0.0107 -0.2660
vn 0.4757 -0.7173 -0.5091
vn 0.6576 -0.6187 -0.4299
vn 0.9383 -0.1659 -0.3035
vn 0.1572 0.1664 -0.9734
vn 0.2473 0.2769 -0.9285
vn 0.1928 0.2598 -0.9462
vn 0.3263 0.4034 -0.8548
vn 0.4238 0.5979 -0.6804
vn 0.5277 0.8403 0.1245
vn 0.5432 0.8364 -0.0726
vn 0.4810 0.7787 0.4028
vn 0.4231 0.7089 0.5642
vn 0.3888 0.6645 0.6382
vn -0.1375 -0.0913 -0.9863
vn -0.2387 -0.2991 -0.9239
vn 0.3585 0.5816 0.7302
vn 0.3390 0.4857 0.8057
vn -0.3551 -0.5303 -0.7698
vn -0.4269 -0.6355 -0.6433
vn 0.2256 0.3030 0.9259
vn 0.1730 0.1598 0.9719
vn 0.1065 0.0607 0.9925
vn 0.0576 -0.0251 0.9980
vn 0.0942 0.0045 0.9955
vn -0.4814 -0.8333 -0.2717
vn -0.5098 -0.8602 -0.0140
vn -0.5073 -0.8364 0.2075
vn -0.4601 -0.8048 0.3749
vn -0.1866 -0.5296 0.8275
vn -0.1022 -0.3892 0.9154
vn 0.0186 -0.1949 0.9807
vn -0.9585 0.2719 0.0861
vn -0.9712 0.2110 0.1106
vn -0.9898 0.1297 0.0582
vn -0.9987 0.0496 -0.0081
vn -0.9150 0.3632 0.1754
vn -0.9378 0.2853 0.1977
vn -0.8454 0.4533 0.2826
vn -0.7299 0.5960 0.3348
vn -0.6183 0.6631 0.4219
vn -0.9872 -0.1107 -0.1146
vn -0.9982 -0.0310 -0.0516
vn -0.9924 -0.1157 -0.0412
vn -0.3928 0.7076 0.5874
vn -0.1816 0.7502 0.6358
vn -0.5093 0.6919 0.5117
vn -0.0925 0.7835 0.6145
vn 0.1768 0.7832 0.5961
vn 0.4560 0.7785 0.4313
vn 0.5968 0.7241 0.3457
vn 0.2314 0.8187 0.5255
vn -0.8441 -0.4485 -0.2939
vn -0.9009 -0.3551 -0.2494
vn -0.8985 -0.3823 -0.2159
vn -0.9503 -0.2373 -0.2017
vn -0.9419 -0.2879 -0.1730
vn 0.6929 0.6759 0.2509
vn -0.7661 -0.5463 -0.3386
vn -0.6351 -0.6701 -0.3841
vn -0.8363 -0.4873 -0.2514
vn -0.7411 -0.6027 -0.2959
vn -0.8394 -0.5046 -0.2021
vn -0.9021 -0.4000 -0.1619
vn 0.8720 0.4830 0.0796
vn 0.9229 0.3831 -0.0376
vn -0.2263 -0.7812 -0.5818
vn -0.4317 -0.7442 -0.5097
vn -0.2771 -0.8051 -0.5243
vn 0.9653 0.1477 -0.2153
vn 0.2788 -0.7970 -0.5357
vn 0.1726 -0.8126 -0.5567
vn -0.1294 -0.8030 -0.5818
vn -0.0405 -0.8418 -0.5382
vn 0.0082 -0.8586 -0.5125
vn 0.8185 -0.4347 -0.3755
vn 0.8368 -0.4071 -0.3660
vn 0.8393 -0.4027 -0.3653
vn 0.7804 -0.4568 -0.4270
vn 0.8011 -0.3912 -0.4530
vn 0.8771 -0.2249 -0.4243
vn 0.9242 -0.1072 -0.3666
vn 0.3242 0.3482 -0.8796
vn 0.2736 0.2392 -0.9316
vn 0.0466 0.0675 -0.9966
vn 0.0504 0.0039 -0.9987
vn 0.1322 0.0857 -0.9875
vn 0.4576 0.6060 -0.6506
vn 0.5295 0.7893 -0.3109
vn 0.5275 0.8495 0.0009
vn 0.5358 0.7875 -0.3045
vn 0.5112 0.8241 0.2441
vn 0.5248 0.8341 0.1696
vn 0.4756 0.7577 0.4468
vn 0.4854 0.7997 0.3533
vn 0.3833 0.6398 0.6662
vn 0.2761 0.4684 0.8392
vn 0.2047 0.3499 0.9142
vn -0.3219 -0.5019 -0.8028
vn -0.3862 -0.5984 -0.7019
vn 0.1403 0.1644 0.9764
vn 0.1329 0.2156 0.9674
vn -0.4724 -0.8313 0.2928
vn -0.2955 -0.6286 0.7194
vn -0.2084 -0.5066 0.8366
vn -0.3555 -0.6905 0.6299
vn -0.3705 -0.7357 0.5670
vn -0.4260 -0.7559 0.4972
vn -0.0030 -0.1560 0.9877
vn -0.0382 -0.2709 0.9618
vn -0.9767 0.1664 0.1354
vn -0.9955 0.0708 0.0632
vn -0.9989 -0.0111 0.0456
vn -0.9738 0.1560 0.1657
vn -0.9453 0.2483 0.2117
vn -0.9378 0.2404 0.2505
vn -0.8509 0.4230 0.3114
vn -0.7164 0.5809 0.3865
vn -0.5910 0.6425 0.4877
vn -0.4707 0.6684 0.5760
vn -0.7426 0.5263 0.4142
vn -0.6133 0.6025 0.5107
vn -0.9819 -0.1794 -0.0604
vn -0.0404 0.7571 0.6521
vn -0.2636 0.7238 0.6377
vn -0.3786 0.6984 0.6074
vn -0.0110 0.7909 0.6118
vn -0.9687 -0.2226 -0.1094
vn -0.9474 -0.3036 -0.1010
vn -0.9664 -0.2567 -0.0096
vn -0.9273 -0.3686 -0.0657
vn -0.9780 -0.2087 -0.0000
vn -0.9744 -0.2138 0.0698
vn 0.5479 0.7503 0.3699
vn -0.9634 -0.2633 0.0496
vn 0.8288 0.5528 0.0869
vn -0.5637 -0.7070 -0.4270
vn -0.7579 -0.5835 -0.2916
vn -0.5841 -0.7122 -0.3893
vn 0.9532 0.2665 -0.1424
vn 0.8894 0.4561 -0.0321
vn -0.3670 -0.8081 -0.4607
vn -0.2077 -0.8477 -0.4881
vn -0.1027 -0.8475 -0.5207
vn 0.0640 -0.8226 -0.5651
vn 0.9248 -0.0064 -0.3804
vn 0.9515 0.1399 -0.2742
vn 0.7212 -0.5009 -0.4785
vn 0.7742 -0.3972 -0.4929
vn 0.7239 -0.4522 -0.5211
vn 0.8820 -0.1461 -0.4481
vn 0.7376 -0.3933 -0.5488
vn 0.8388 -0.2534 -0.4819
vn 0.0790 -0.0343 -0.9963
vn 0.1664 0.0058 -0.9860
vn 0.1369 0.0336 -0.9900
vn 0.4000 0.4824 -0.7793
vn 0.4953 0.6857 -0.5333
vn 0.5155 0.8402 -0.1681
vn 0.5272 0.8495 -0.0187
vn 0.5304 0.8387 0.1239
vn 0.5554 0.8310 -0.0297
vn 0.0509 -0.0350 -0.9981
vn 0.2490 0.1485 -0.9570
vn 0.0096 0.0159 -0.9998
vn -0.0724 -0.0768 -0.9944
vn 0.0371 -0.0223 -0.9991
vn 0.4303 0.7395 0.5176
vn 0.4659 0.7758 0.4255
vn 0.3636 0.6593 0.6581
vn 0.2810 0.5091 0.8136
vn -0.2231 -0.3036 -0.9263
vn -0.4124 -0.6523 -0.6360
vn -0.3314 -0.5238 -0.7847
vn -0.4084 -0.6856 -0.6027
vn -0.4642 -0.8072 -0.3645
vn 0.0154 -0.0592 0.9981
vn 0.0548 0.0193 0.9983
vn 0.0312 0.0184 0.9993
vn 0.0884 0.1055 0.9905
vn 0.0242 -0.0997 0.9947
vn -0.0159 -0.1114 0.9937
vn -0.4931 -0.8647 -0.0956
vn -0.4809 -0.8751 -0.0547
vn -0.4750 -0.8758 0.0859
vn -0.4617 -0.8685 0.1804
vn -0.4366 -0.8447 0.3096
vn -0.0163 -0.2056 0.9785
vn -0.0725 -0.2974 0.9520
vn -0.3448 -0.7172 0.6056
vn -0.1550 -0.4179 0.8952
vn -0.8723 0.3655 0.3247
vn -0.7439 0.5026 0.4405
vn -0.9869 0.0747 0.1428
vn -0.9820 0.0096 0.1889
vn -0.9695 0.0951 0.2258
vn -0.9625 0.1608 0.2187
vn -0.9315 0.2251 0.2858
vn -0.7981 0.4276 0.4244
vn -0.8877 0.3069 0.3433
vn -0.6614 0.5444 0.5159
vn -0.8352 0.3489 0.4251
vn -0.7324 0.4570 0.5047
vn -0.5765 0.5971 0.5577
vn -0.9923 -0.0875 0.0874
vn -0.9849 -0.1662 0.0492
vn -0.9823 -0.0938 0.1624
vn -0.9599 0.0388 0.2777
vn -0.4305 0.6903 0.5815
vn -0.2974 0.7449 0.5972
vn -0.2104 0.7672 0.6059
vn -0.9410 -0.3384 -0.0008
vn -0.9657 -0.2311 0.1179
vn 0.3924 0.8021 0.4502
vn 0.5074 0.7745 0.3778
vn 0.3233 0.8230 0.4671
vn -0.8912 -0.4443 -0.0914
vn 0.4966 0.8020 0.3318
vn -0.5153 -0.7748 -0.3663
vn -0.6596 -0.6902 -0.2977
vn -0.8073 -0.5641 -0.1734
vn -0.7394 -0.6469 -0.1867
vn -0.8941 -0.4471 -0.0279
vn 0.7808 0.6177 0.0937
vn -0.2499 -0.8496 -0.4645
vn 0.9315 0.2943 -0.2135
vn -0.0288 -0.8424 -0.5381
vn 0.1920 -0.8071 -0.5583
vn 0.5857 -0.5794 -0.5668
vn 0.7619 -0.3600 -0.5384
vn 0.7065 -0.4202 -0.5694
vn 0.7926 -0.2530 -0.5548
vn 0.8831 -0.0558 -0.4658
vn 0.9100 0.0651 -0.4095
vn 0.9309 0.1857 -0.3145
vn 0.6418 -0.4479 -0.6225
vn 0.6736 -0.3995 -0.6218
vn 0.8530 -0.1577 -0.4976
vn 0.8343 -0.1446 -0.5320
vn 0.8588 -0.0604 -0.5087
vn 0.5026 0.7513 -0.4277
vn 0.2475 0.1090 -0.9627
vn 0.2895 0.1895 -0.9382
vn 0.3417 0.3067 -0.8884
vn 0.4607 0.8788 0.1247
vn 0.4989 0.8602 0.1060
vn 0.4419 0.8521 0.2803
vn 0.4427 0.8203 0.3622
vn 0.4928 0.8259 0.2740
vn 0.0828 -0.0728 -0.9939
vn 0.5151 0.8215 0.2446
vn 0.4220 0.7648 0.4867
vn -0.0974 -0.1980 -0.9754
vn -0.0332 -0.0774 -0.9964
vn 0.2502 0.5125 0.8214
vn -0.1761 -0.2710 -0.9463
vn -0.2500 -0.4522 -0.8562
vn 0.1801 0.3833 0.9059
vn 0.0842 0.1589 0.9837
vn 0.1059 0.2332 0.9667
vn 0.0334 0.1109 0.9933
vn 0.1844 0.3537 0.9170
vn 0.0761 0.2232 0.9718
vn -0.3766 -0.7033 -0.6029
vn 0.0389 0.0741 0.9965
vn -0.0546 -0.0713 0.9960
vn -0.0112 -0.0532 0.9985
vn -0.0167 0.0039 0.9999
vn -0.4905 -0.8656 -0.1009
vn -0.2623 -0.5699 0.7787
vn -0.1956 -0.4213 0.8856
vn -0.0869 -0.2809 0.9558
vn -0.1173 -0.2681 0.9562
vn -0.0411 -0.1738 0.9839
vn -0.4173 -0.7973 0.4361
vn -0.9432 0.1653 0.2882
vn -0.9039 0.2404 0.3539
vn -0.8416 0.3023 0.4475
vn -0.9641 -0.0297 0.2637
vn -0.9439 0.0146 0.3299
vn -0.9506 0.0962 0.2952
vn -0.9168 0.1785 0.3573
vn -0.9337 0.0897 0.3467
vn -0.8837 0.2011 0.4225
vn -0.9063 0.1293 0.4024
vn -0.7566 0.3891 0.5256
vn -0.6544 0.4952 0.5714
vn -0.6909 0.4295 0.5816
vn -0.8175 0.2829 0.5017
vn -0.5230 0.6006 0.6047
vn -0.3862 0.6738 0.6299
vn -0.5469 0.5516 0.6298
vn -0.9775 -0.1825 0.1055
vn -0.9781 -0.1228 0.1682
vn -0.7460 0.3338 0.5762
vn -0.3718 0.6805 0.6314
vn -0.2507 0.7414 0.6224
vn -0.9695 -0.1746 0.1718
vn -0.1098 0.7850 0.6097
vn 0.2235 0.8176 0.5306
vn 0.0640 0.8175 0.5723
vn -0.9569 -0.2614 0.1268
vn 0.1297 0.8364 0.5325
vn -0.9405 -0.3282 0.0875
vn -0.9448 -0.2842 0.1632
vn 0.6514 0.7142 0.2562
vn -0.8466 -0.5291 -0.0571
vn -0.9143 -0.3986 0.0722
vn -0.9242 -0.3533 0.1448
vn -0.8860 -0.4617 0.0438
vn 0.6094 0.7669 0.2015
vn -0.4535 -0.8044 -0.3837
vn -0.8011 -0.5910 -0.0942
vn -0.6680 -0.7056 -0.2364
vn -0.5600 -0.7759 -0.2907
vn -0.1151 -0.8692 -0.4809
vn -0.3083 -0.8581 -0.4106
vn 0.8829 0.4447 -0.1508
vn 0.8930 0.3776 -0.2449
vn 0.7461 -0.3439 -0.5701
vn 0.2397 -0.7791 -0.5793
vn 0.5914 -0.5330 -0.6051
vn -0.0392 -0.8556 -0.5162
vn 0.1967 -0.7643 -0.6141
vn 0.7645 -0.3046 -0.5681
vn 0.7097 -0.3818 -0.5921
vn 0.8982 0.2129 -0.3845
vn 0.7177 -0.3398 -0.6078
vn 0.7355 -0.2918 -0.6115
vn 0.6213 -0.4567 -0.6367
vn 0.7614 -0.2727 -0.5881
vn 0.6707 -0.4028 -0.6228
vn 0.6633 -0.4131 -0.6240
vn 0.6826 -0.3746 -0.6275
vn 0.8041 -0.1594 -0.5728
vn 0.8797 0.0562 -0.4723
vn 0.2808 0.1399 -0.9495
vn 0.3347 0.2460 -0.9097
vn 0.3967 0.4167 -0.8179
vn 0.4622 0.6201 -0.6339
vn 0.3987 0.8710 0.2871
vn 0.4666 0.8844 -0.0130
vn 0.4934 0.7999 -0.3416
vn 0.3876 0.8394 0.3809
vn 0.3793 0.8021 0.4612
vn 0.3128 0.7639 0.5645
vn 0.3085 0.7325 0.6069
vn 0.0813 -0.1416 -0.9866
vn 0.1377 -0.1096 -0.9844
vn 0.3772 0.7521 0.5404
vn 0.2978 0.6508 0.6984
vn 0.2453 0.6413 0.7270
vn 0.0408 -0.0799 -0.9960
vn 0.0481 -0.1402 -0.9890
vn 0.2171 0.5220 0.8248
vn -0.0128 -0.1707 -0.9852
vn -0.0981 -0.2949 -0.9505
vn 0.1542 0.3824 0.9110
vn 0.1012 0.3617 0.9268
vn 0.0717 0.2600 0.9629
vn -0.2826 -0.5788 -0.7649
vn -0.0132 0.1426 0.9897
vn -0.0060 0.1004 0.9949
vn -0.0272 0.0251 0.9993
vn -0.4579 -0.8259 -0.3288
vn -0.4776 -0.8645 0.1566
vn -0.4835 -0.8500 0.2091
vn -0.4261 -0.7820 0.4550
vn -0.3431 -0.6380 0.6894
vn -0.2502 -0.4656 0.8489
vn -0.0791 -0.1600 0.9839
vn -0.1174 -0.1569 0.9806
vn -0.1566 -0.2831 0.9462
vn -0.9645 -0.0870 0.2495
vn -0.9587 -0.1222 0.2570
vn -0.9415 -0.0490 0.3334
vn -0.9136 0.0192 0.4063
vn -0.9170 0.0613 0.3941
vn -0.9566 -0.2214 0.1892
vn -0.9608 -0.1901 0.2017
vn -0.9462 -0.1361 0.2936
vn -0.2613 0.7314 0.6300
vn -0.9463 -0.1858 0.2648
vn -0.0581 0.8205 0.5686
vn -0.1767 0.7991 0.5747
vn -0.9468 -0.2302 0.2251
vn -0.9358 -0.2936 0.1952
vn 0.3202 0.8645 0.3874
vn -0.8996 -0.4253 0.0994
vn -0.9372 -0.2610 0.2312
vn 0.4757 0.8323 0.2846
vn -0.7749 -0.6236 -0.1027
vn -0.8605 -0.5093 0.0118
vn 0.7030 0.7023 0.1121
vn 0.5177 0.8231 0.2333
vn -0.7568 -0.6427 -0.1188
vn -0.5344 -0.7923 -0.2943
vn 0.8421 0.5281 -0.1098
vn -0.5976 -0.7608 -0.2532
vn -0.4584 -0.8301 -0.3175
vn -0.1077 -0.8497 -0.5162
vn -0.3254 -0.8657 -0.3804
vn -0.7530 -0.6534 -0.0772
vn -0.8393 -0.5428 0.0293
vn -0.6682 -0.7327 -0.1294
vn -0.5319 -0.8229 -0.1999
vn 0.8316 0.5309 -0.1633
vn 0.2953 -0.7256 -0.6215
vn 0.5498 -0.5307 -0.6451
vn 0.0951 -0.8335 -0.5443
vn -0.0196 -0.8487 -0.5285
vn -0.1638 -0.8729 -0.4596
vn -0.0821 -0.8973 -0.4337
vn 0.8882 0.3410 -0.3078
vn 0.4792 -0.5950 -0.6452
vn 0.6639 -0.3823 -0.6427
vn 0.1814 -0.8088 -0.5595
vn 0.0628 -0.8851 -0.4612
vn 0.4099 -0.6659 -0.6234
vn 0.7452 -0.2711 -0.6092
vn 0.8655 0.1316 -0.4834
vn 0.2171 -0.8146 -0.5379
vn 0.4656 -0.6856 -0.5597
vn 0.6406 -0.4684 -0.6085
vn 0.6836 -0.4717 -0.5569
vn 0.6829 -0.4104 -0.6043
vn 0.7554 -0.4349 -0.4902
vn 0.8851 0.2674 -0.3809
vn 0.5884 -0.4765 -0.6532
vn 0.6465 -0.3541 -0.6757
vn 0.2100 -0.0172 -0.9775
vn 0.2457 -0.0320 -0.9688
vn 0.3300 0.0875 -0.9399
vn 0.4571 0.4822 -0.7474
vn 0.3801 0.3368 -0.8615
vn 0.3926 0.2483 -0.8856
vn 0.2671 0.0965 -0.9588
vn 0.3321 0.2023 -0.9213
vn 0.4392 0.5412 -0.7171
vn 0.4823 0.6964 -0.5314
vn 0.1579 -0.0482 -0.9863
vn 0.1811 -0.0772 -0.9804
vn 0.2129 0.0305 -0.9766
vn 0.5233 0.8222 -0.2241
vn 0.4577 0.8856 0.0785
vn -0.0171 -0.2347 -0.9719
vn 0.2155 0.6796 0.7012
vn 0.2313 0.6799 0.6958
vn 0.3082 0.7874 0.5338
vn 0.1715 0.5811 0.7955
vn 0.1699 0.5272 0.8326
vn 0.0976 0.4595 0.8828
vn 0.1003 0.3920 0.9145
vn -0.2066 -0.4662 -0.8602
vn -0.3074 -0.6271 -0.7157
vn -0.2510 -0.5984 -0.7608
vn -0.0799 0.0909 0.9927
vn -0.0054 0.2076 0.9782
vn -0.0838 0.1225 0.9889
vn -0.4333 -0.8186 -0.3771
vn -0.4387 -0.8424 -0.3129
vn -0.3988 -0.7434 -0.5369
vn -0.0621 0.0431 0.9971
vn -0.3371 -0.6667 -0.6647
vn -0.3859 -0.7557 -0.5292
vn -0.0994 0.0407 0.9942
vn -0.1106 -0.0144 0.9938
vn -0.4747 -0.8707 -0.1287
vn -0.0742 -0.0383 0.9965
vn -0.1166 -0.0781 0.9901
vn -0.4620 -0.8073 0.3672
vn -0.4204 -0.7222 0.5493
vn -0.3304 -0.5541 0.7641
vn -0.2397 -0.4106 0.8798
vn -0.1860 -0.2919 0.9382
vn -0.8607 0.1756 0.4779
vn -0.9324 -0.0967 0.3484
vn -0.8593 0.1391 0.4922
vn -0.8804 0.0376 0.4727
vn 0.0784 0.8642 0.4969
vn -0.9377 -0.1865 0.2933
vn 0.3425 0.8668 0.3626
vn -0.9068 -0.3892 0.1619
vn -0.8819 -0.4585 0.1101
vn -0.9233 -0.3317 0.1935
vn 0.6391 0.7592 0.1230
vn -0.8187 -0.5723 0.0461
vn -0.7507 -0.6606 -0.0069
vn -0.8605 -0.4921 0.1317
vn -0.2849 -0.8962 -0.3401
vn -0.4512 -0.8680 -0.2072
vn -0.2382 -0.9220 -0.3053
vn -0.6731 -0.7377 -0.0517
vn -0.7285 -0.6839 0.0390
vn 0.7475 0.6638 -0.0260
vn 0.5570 0.8204 0.1295
vn 0.3573 -0.7795 -0.5145
vn 0.1302 -0.8975 -0.4213
vn -0.0690 -0.9251 -0.3733
vn -0.0677 -0.9183 -0.3900
vn 0.5945 -0.6205 -0.5113
vn 0.8521 0.4289 -0.2998
vn 0.8073 0.5564 -0.1968
vn 0.3591 -0.8147 -0.4553
vn 0.1785 -0.8775 -0.4451
vn 0.4186 -0.7758 -0.4722
vn 0.6325 -0.6018 -0.4876
vn 0.7058 -0.4572 -0.5411
vn 0.3768 -0.7573 -0.5334
vn 0.8610 0.2254 -0.4560
vn 0.8496 0.3733 -0.3727
vn 0.8256 0.4852 -0.2881
vn 0.8306 0.2909 -0.4749
vn 0.4740 -0.5527 -0.6854
vn 0.5957 -0.5116 -0.6192
vn 0.7594 -0.2033 -0.6181
vn 0.8491 0.0184 -0.5278
vn 0.8419 0.1210 -0.5259
vn 0.5491 -0.5002 -0.6695
vn 0.5145 -0.4982 -0.6979
vn 0.8077 -0.0298 -0.5889
vn 0.4960 -0.4842 -0.7208
vn 0.5648 -0.3634 -0.7409
vn 0.3936 0.1085 -0.9129
vn 0.2959 -0.0324 -0.9547
vn 0.4223 0.2171 -0.8801
vn 0.4650 0.2940 -0.8351
vn 0.4714 0.3674 -0.8018
vn 0.5103 0.3855 -0.7687
vn 0.5537 0.4948 -0.6698
vn 0.5337 0.5205 -0.6665
vn 0.1521 -0.1575 -0.9757
vn 0.5302 0.6482 -0.5466
vn 0.5793 0.7328 -0.3569
vn 0.5268 0.8483 0.0531
vn 0.3840 0.8326 0.3991
vn 0.0944 -0.1811 -0.9789
vn 0.2872 0.7302 0.6199
vn 0.1447 0.5987 0.7878
vn 0.1349 0.5556 0.8205
vn 0.0379 0.3939 0.9184
vn -0.0451 0.2633 0.9636
vn -0.0712 0.1955 0.9781
vn 0.0169 0.3400 0.9403
vn -0.1303 -0.4282 -0.8942
vn -0.0066 -0.2952 -0.9554
vn -0.1514 -0.5258 -0.8371
vn -0.3172 -0.7110 -0.6276
vn -0.0081 0.2480 0.9687
vn -0.1182 0.0854 0.9893
vn -0.4131 -0.8680 -0.2757
vn -0.3892 -0.7894 -0.4748
vn -0.4598 -0.8868 -0.0461
vn -0.1354 0.0192 0.9906
vn -0.3944 -0.6558 0.6437
vn -0.2355 -0.3661 0.9003
vn -0.4779 0.6136 0.6286
vn -0.9185 -0.1093 0.3801
vn -0.9127 -0.0348 0.4072
vn -0.7036 0.3832 0.5985
vn -0.5870 0.5166 0.6233
vn -0.4088 0.6823 0.6061
vn 0.1004 0.8819 0.4607
vn -0.9264 -0.2845 0.2466
vn 0.1215 0.8559 0.5027
vn -0.0904 0.8154 0.5718
vn -0.2573 0.7673 0.5874
vn -0.9294 -0.2146 0.3003
vn 0.3490 0.8798 0.3226
vn -0.8900 -0.3994 0.2198
vn -0.4746 -0.8673 -0.1499
vn -0.8475 -0.5058 0.1611
vn -0.7950 -0.5771 0.1869
vn -0.8535 -0.4628 0.2395
vn 0.6876 0.7231 -0.0656
vn -0.3247 -0.9077 -0.2659
vn -0.6179 -0.7850 -0.0451
vn -0.6033 -0.7903 -0.1066
vn 0.6023 -0.5823 -0.5461
vn 0.4495 -0.6484 -0.6144
vn 0.1350 -0.8597 -0.4927
vn 0.8347 0.3966 -0.3821
vn 0.7626 0.6130 -0.2065
vn 0.6206 -0.4962 -0.6071
vn 0.5428 -0.4579 -0.7041
vn 0.3324 -0.6603 -0.6734
vn 0.6518 -0.4403 -0.6175
vn 0.5820 -0.4266 -0.6923
vn 0.4595 -0.5191 -0.7207
vn 0.8298 0.1966 -0.5222
vn 0.8073 0.4955 -0.3204
vn 0.5304 -0.4118 -0.7410
vn 0.8199 0.0445 -0.5707
vn 0.8171 0.1105 -0.5658
vn 0.7829 0.0676 -0.6185
vn 0.7917 0.1489 -0.5925
vn 0.8076 0.2390 -0.5392
vn 0.4617 -0.4828 -0.7441
vn 0.7525 -0.1071 -0.6498
vn 0.6189 -0.1988 -0.7599
vn 0.7790 -0.0001 -0.6270
vn 0.7326 -0.0422 -0.6794
vn 0.7477 0.1065 -0.6554
vn 0.7486 0.0282 -0.6625
vn 0.7717 0.2090 -0.6007
vn 0.6811 -0.0598 -0.7297
vn 0.7149 0.0364 -0.6982
vn 0.4095 0.0826 -0.9086
vn 0.4703 0.2494 -0.8465
vn 0.2678 -0.1666 -0.9490
vn 0.3353 -0.0253 -0.9418
vn 0.6012 0.6497 -0.4653
vn 0.5987 0.5932 -0.5383
vn 0.5351 0.4106 -0.7383
vn 0.2080 -0.1564 -0.9655
vn 0.5614 0.8227 0.0890
vn 0.5961 0.7865 -0.1615
vn 0.6193 0.7444 -0.2495
vn 0.5968 0.6386 -0.4858
vn 0.5278 0.8165 0.2340
vn 0.5341 0.8340 0.1390
vn 0.4711 0.8099 0.3495
vn -0.0363 -0.3882 -0.9209
vn -0.1975 -0.6262 -0.7542
vn -0.1424 -0.5761 -0.8049
vn 0.0469 0.4595 0.8870
vn -0.0330 0.3360 0.9413
vn -0.0996 0.2215 0.9701
vn -0.1090 0.1553 0.9818
vn -0.2660 -0.6878 -0.6754
vn -0.2892 -0.7702 -0.5685
vn -0.3223 -0.7681 -0.5534
vn -0.3645 -0.8225 -0.4366
vn -0.4423 -0.8930 -0.0833
vn -0.4665 -0.8450 0.2614
vn -0.4209 -0.6937 0.5845
vn -0.3285 -0.4854 0.8102
vn -0.3004 -0.3584 0.8839
vn -0.2556 -0.2839 0.9242
vn -0.1673 -0.2080 0.9637
vn -0.1673 -0.1268 0.9777
vn -0.7865 0.2459 0.5665
vn -0.5764 0.5453 0.6086
vn -0.9247 -0.1652 0.3430
vn -0.8920 -0.0572 0.4484
vn -0.8413 0.1248 0.5259
vn -0.4869 0.6169 0.6183
vn -0.3670 0.6972 0.6158
vn -0.6051 0.5121 0.6096
vn -0.7054 0.3631 0.6088
vn -0.9185 -0.2450 0.3104
vn -0.9083 -0.1469 0.3917
vn -0.2272 0.7511 0.6198
vn -0.3683 0.6711 0.6434
vn -0.9137 -0.3223 0.2477
vn -0.9004 -0.3119 0.3034
vn -0.9093 -0.1958 0.3671
vn 0.1201 0.8516 0.5102
vn -0.0423 0.8220 0.5679
vn 0.1589 0.8942 0.4186
vn -0.7722 -0.6223 0.1281
vn -0.8041 -0.5673 0.1775
vn 0.5083 0.8514 0.1294
vn -0.0658 -0.8960 -0.4392
vn 0.6258 0.7799 -0.0130
vn 0.6601 0.7469 -0.0796
vn 0.3411 0.8840 0.3198
vn 0.0635 -0.7953 -0.6029
vn -0.1437 -0.8616 -0.4869
vn -0.3237 -0.8804 -0.3466
vn -0.5165 -0.7936 -0.3216
vn 0.4914 -0.3969 -0.7752
vn 0.2392 -0.6176 -0.7492
vn -0.1684 -0.7999 -0.5760
vn 0.0169 -0.7567 -0.6535
vn 0.8086 0.3587 -0.4665
vn 0.7545 0.6019 -0.2618
vn 0.4992 0.8587 0.1161
vn 0.2921 -0.4944 -0.8187
vn 0.5241 -0.3221 -0.7884
vn 0.0428 -0.6811 -0.7309
vn 0.0273 -0.6758 -0.7366
vn 0.5890 -0.2598 -0.7652
vn 0.5500 -0.3772 -0.7451
vn 0.7712 0.3285 -0.5452
vn 0.7895 0.4839 -0.3776
vn 0.3240 -0.4712 -0.8204
vn 0.5536 -0.2532 -0.7933
vn 0.5873 -0.3015 -0.7511
vn 0.2367 -0.6144 -0.7526
vn 0.4162 -0.4654 -0.7811
vn 0.5463 -0.3456 -0.7630
vn 0.4617 -0.3966 -0.7934
vn 0.7680 0.4857 -0.4174
vn 0.4473 -0.4231 -0.7880
vn 0.4850 -0.4018 -0.7767
vn 0.5089 -0.3069 -0.8042
vn 0.7151 0.1748 -0.6769
vn 0.7274 0.2416 -0.6423
vn 0.7519 0.4126 -0.5142
vn 0.4485 -0.4184 -0.7898
vn 0.5260 -0.3185 -0.7886
vn 0.6198 -0.1193 -0.7756
vn 0.6783 0.0078 -0.7348
vn 0.6754 0.1926 -0.7119
vn 0.7088 0.3220 -0.6276
vn 0.5452 -0.2618 -0.7964
vn 0.5679 -0.2774 -0.7749
vn 0.4863 -0.3937 -0.7801
vn 0.4403 -0.4404 -0.7824
vn 0.6371 0.0366 -0.7699
vn 0.5072 -0.3374 -0.7931
vn 0.4520 -0.4440 -0.7736
vn 0.5671 -0.2424 -0.7872
vn 0.6727 0.2683 -0.6896
vn 0.6726 0.2084 -0.7101
vn 0.6969 0.3086 -0.6474
vn 0.6873 0.3887 -0.6136
vn 0.7169 0.3406 -0.6083
vn 0.6486 0.1257 -0.7507
vn 0.6933 0.1824 -0.6972
vn 0.7055 0.2526 -0.6622
vn 0.7276 0.2937 -0.6199
vn 0.6835 0.0964 -0.7235
vn 0.7217 0.1907 -0.6654
vn 0.6873 0.1260 -0.7154
vn 0.6667 0.0172 -0.7451
vn 0.7304 0.2535 -0.6342
vn 0.6149 -0.1394 -0.7762
vn 0.6416 -0.1444 -0.7533
vn 0.6386 -0.0606 -0.7672
vn 0.4975 -0.3128 -0.8091
vn 0.6333 -0.0328 -0.7732
vn 0.3024 -0.1264 -0.9448
vn 0.3464 -0.0586 -0.9363
vn 0.4903 0.2501 -0.8349
vn 0.6052 0.5455 -0.5798
vn 0.5489 0.8336 -0.0610
vn 0.5817 0.7995 -0.1497
vn 0.6214 0.7537 -0.2140
vn 0.6103 0.7766 -0.1563
vn 0.5605 0.8217 0.1027
vn 0.5233 0.8371 0.1596
vn 0.4363 0.8050 0.4020
vn 0.6166 0.7132 -0.3335
vn 0.4690 0.8069 0.3591
vn 0.3628 0.7533 0.5485
vn 0.4375 0.7801 0.4473
vn 0.3733 0.7382 0.5618
vn 0.1278 -0.2855 -0.9498
vn 0.2161 0.6333 0.7431
vn 0.1630 0.5966 0.7858
vn -0.1768 -0.6264 -0.7592
vn -0.0321 -0.4456 -0.8947
vn 0.1027 -0.2728 -0.9566
vn -0.2505 -0.6983 -0.6705
vn -0.1412 0.1356 0.9807
vn -0.1279 0.2066 0.9700
vn -0.1612 0.1459 0.9761
vn 0.0252 0.4409 0.8972
vn -0.0664 0.3031 0.9506
vn -0.1328 0.0892 0.9871
vn -0.1532 0.0762 0.9853
vn -0.3479 -0.8231 -0.4489
vn -0.1516 0.0420 0.9875
vn -0.4299 -0.9027 0.0176
vn -0.4623 -0.8640 0.1997
vn -0.4240 -0.7407 0.5212
vn -0.3752 -0.5587 0.7396
vn -0.2187 -0.1566 0.9631
vn -0.1589 -0.0528 0.9859
vn -0.8548 -0.0158 0.5187
vn -0.8468 0.0472 0.5299
vn -0.7851 0.1965 0.5874
vn -0.8893 -0.0980 0.4468
vn -0.8644 -0.0694 0.4981
vn -0.8048 0.1012 0.5849
vn -0.7358 0.2376 0.6342
vn -0.5893 0.4884 0.6436
vn -0.4450 0.5920 0.6719
vn -0.8994 -0.1479 0.4113
vn -0.6696 0.3540 0.6529
vn -0.5495 0.4840 0.6811
vn -0.6380 0.3507 0.6856
vn -0.2612 0.7253 0.6369
vn -0.8778 -0.1377 0.4587
vn -0.1072 0.8164 0.5675
vn -0.8834 -0.3468 0.3151
vn -0.8931 -0.2153 0.3951
vn -0.8771 -0.2523 0.4088
vn -0.8652 -0.3381 0.3703
vn -0.8468 -0.4187 0.3281
vn -0.8302 -0.3974 0.3909
vn 0.0140 0.8557 0.5173
vn 0.1974 0.8964 0.3969
vn 0.1520 0.8516 0.5017
vn -0.8386 -0.4581 0.2947
vn -0.6312 -0.7682 -0.1075
vn 0.3336 0.8912 0.3074
vn -0.7760 -0.6282 0.0568
vn 0.5709 0.8193 -0.0537
vn -0.1572 -0.7743 -0.6130
vn -0.3865 -0.7754 -0.4994
vn -0.6431 -0.7331 -0.2214
vn 0.4195 0.8918 0.1694
vn 0.0099 -0.7384 -0.6743
vn -0.3579 -0.8177 -0.4510
vn -0.5475 -0.7754 -0.3145
vn -0.6404 -0.7562 -0.1341
vn 0.7003 0.6699 -0.2465
vn 0.6081 0.7727 -0.1821
vn 0.1626 -0.6594 -0.7340
vn -0.0981 -0.7740 -0.6255
vn -0.2916 -0.8268 -0.4810
vn 0.6815 0.6043 -0.4128
vn 0.3695 -0.4439 -0.8163
vn 0.1495 -0.6278 -0.7639
vn -0.0886 -0.7957 -0.5992
vn 0.6396 0.7021 -0.3130
vn 0.3293 -0.4801 -0.8131
vn 0.5303 -0.2776 -0.8011
vn 0.1324 -0.6636 -0.7363
vn 0.6873 0.4636 -0.5592
vn 0.6879 0.4845 -0.5404
vn 0.6911 0.5755 -0.4373
vn 0.4587 -0.3886 -0.7991
vn 0.3100 -0.6009 -0.7368
vn 0.4363 -0.4801 -0.7610
vn 0.0871 -0.7608 -0.6431
vn 0.1029 -0.7957 -0.5969
vn 0.6064 -0.2541 -0.7535
vn 0.5535 -0.3295 -0.7649
vn 0.6206 -0.2044 -0.7570
vn 0.5702 -0.3176 -0.7576
vn 0.5710 -0.3284 -0.7524
vn 0.5117 -0.3791 -0.7710
vn 0.7202 0.4190 -0.5530
vn 0.7353 0.5180 -0.4371
vn 0.3583 -0.5928 -0.7213
vn 0.5842 -0.2606 -0.7687
vn 0.4446 -0.4487 -0.7753
vn 0.7404 0.3349 -0.5828
vn 0.7451 0.4086 -0.5271
vn 0.7425 0.3741 -0.5556
vn 0.7386 0.4814 -0.4719
vn 0.6828 0.6755 -0.2784
vn 0.4580 -0.4141 -0.7866
vn 0.7096 0.2730 -0.6496
vn 0.6950 0.4015 -0.5964
vn 0.3817 -0.4559 -0.8040
vn 0.7108 0.4854 -0.5091
vn 0.7034 0.5920 -0.3934
vn 0.6562 0.2126 -0.7240
vn 0.6573 0.3755 -0.6535
vn 0.3581 -0.3593 -0.8618
vn 0.4476 -0.3004 -0.8423
vn 0.5362 -0.1464 -0.8313
vn 0.6906 0.4636 -0.5550
vn 0.4174 -0.3331 -0.8455
vn 0.5980 0.1396 -0.7893
vn 0.6472 0.2781 -0.7098
vn 0.4714 -0.2108 -0.8564
vn 0.5535 -0.0247 -0.8325
vn 0.5999 0.1819 -0.7791
vn 0.5427 -0.0219 -0.8397
vn 0.6174 0.2996 -0.7273
vn 0.4632 -0.2368 -0.8540
vn 0.5024 -0.1320 -0.8545
vn 0.3976 -0.2071 -0.8939
vn 0.5570 -0.0193 -0.8303
vn 0.6387 0.3595 -0.6803
vn 0.6077 0.1781 -0.7740
vn 0.6610 0.3898 -0.6411
vn 0.6634 0.4587 -0.5912
vn 0.7144 0.5159 -0.4728
vn 0.4087 -0.1387 -0.9021
vn 0.4123 -0.2090 -0.8867
vn 0.5926 0.0829 -0.8013
vn 0.5693 0.0158 -0.8219
vn 0.3618 -0.1591 -0.9186
vn 0.4961 -0.0550 -0.8665
vn 0.5022 0.0019 -0.8647
vn 0.5305 0.1272 -0.8381
vn 0.4465 -0.0660 -0.8924
vn 0.3949 -0.1197 -0.9109
vn 0.4482 -0.0246 -0.8936
vn 0.4657 0.0359 -0.8842
vn 0.5369 0.2773 -0.7967
vn 0.4623 0.0610 -0.8846
vn 0.6356 0.6921 -0.3420
vn 0.5953 0.7442 -0.3030
vn 0.3338 -0.1959 -0.9220
vn 0.3471 -0.1492 -0.9259
vn 0.3934 -0.0530 -0.9179
vn 0.3104 -0.2200 -0.9248
vn 0.2962 -0.1598 -0.9417
vn 0.5907 0.7689 -0.2447
vn 0.5509 0.8304 -0.0828
vn 0.5081 0.8581 0.0743
vn 0.4600 0.8674 0.1897
vn 0.4255 0.8629 0.2727
vn 0.2464 -0.2610 -0.9334
vn 0.2552 -0.2075 -0.9444
vn 0.3518 0.8395 0.4141
vn 0.4571 0.8558 0.2421
vn 0.3669 0.8138 0.4507
vn 0.2830 0.7411 0.6089
vn 0.1942 -0.3066 -0.9318
vn 0.1581 -0.2944 -0.9425
vn 0.0508 -0.4419 -0.8956
vn 0.2264 0.6546 0.7212
vn 0.2760 0.6695 0.6896
vn 0.1512 0.5622 0.8131
vn 0.0841 0.4759 0.8754
vn -0.0521 0.3189 0.9464
vn 0.0029 0.4036 0.9149
vn 0.0077 -0.4323 -0.9017
vn -0.0237 -0.4486 -0.8934
vn -0.1298 0.2138 0.9682
vn -0.1274 -0.5829 -0.8025
vn -0.2266 -0.7147 -0.6617
vn -0.1810 -0.6611 -0.7282
vn -0.2755 -0.7407 -0.6127
vn -0.1948 0.0725 0.9782
vn -0.1692 0.0870 0.9817
vn -0.3089 -0.8107 -0.4974
vn -0.3303 -0.8573 -0.3949
vn -0.1801 0.0411 0.9828
vn -0.3184 -0.8053 -0.5001
vn -0.3811 -0.9090 -0.1688
vn -0.3863 -0.9109 -0.1450
vn -0.4493 -0.8378 0.3102
vn -0.4089 -0.6238 0.6661
vn -0.1904 -0.0666 0.9794
vn -0.1645 0.0003 0.9864
vn -0.2468 -0.1895 0.9504
vn -0.7643 0.1589 0.6250
vn -0.7810 0.0952 0.6173
vn -0.8537 -0.1136 0.5083
vn -0.8391 -0.0381 0.5427
vn -0.8166 0.0194 0.5769
vn -0.7428 0.1458 0.6534
vn -0.5260 0.4749 0.7056
vn -0.4039 0.6030 0.6880
vn -0.8689 -0.1934 0.4557
vn -0.8486 -0.1619 0.5036
vn -0.8257 -0.0634 0.5605
vn -0.7754 0.0596 0.6286
vn -0.6818 0.2659 0.6815
vn -0.4660 0.5199 0.7159
vn -0.8464 -0.2230 0.4836
vn -0.8228 -0.1232 0.5548
vn -0.5883 0.3810 0.7133
vn -0.3369 0.6347 0.6955
vn -0.8484 -0.3155 0.4250
vn -0.8281 -0.2927 0.4782
vn -0.8137 -0.2408 0.5291
vn -0.8257 -0.1769 0.5356
vn -0.0363 0.8023 0.5959
vn -0.1983 0.7442 0.6378
vn -0.1947 0.7093 0.6775
vn -0.8092 -0.3168 0.4949
vn -0.8049 -0.1727 0.5677
vn 0.1372 0.8481 0.5118
vn -0.0990 0.7620 0.6399
vn -0.8264 -0.3949 0.4014
vn -0.8331 -0.3778 0.4039
vn 0.1041 0.8780 0.4671
vn -0.8378 -0.4875 0.2459
vn 0.2637 0.9092 0.3222
vn 0.2838 0.9211 0.2666
vn -0.7834 -0.5992 0.1649
vn -0.8155 -0.4500 0.3639
vn -0.8041 -0.3757 0.4608
vn -0.7940 -0.4554 0.4028
vn 0.4543 0.8907 0.0125
vn 0.1131 0.8928 0.4359
vn -0.5967 -0.7870 -0.1569
vn -0.7913 -0.3464 0.5038
vn -0.4793 -0.8366 -0.2653
vn -0.7293 -0.6685 0.1460
vn 0.4036 0.9097 0.0980
vn 0.5051 0.8612 -0.0563
vn 0.4879 0.8722 0.0337
vn 0.3725 0.9039 0.2102
vn 0.2633 0.9253 0.2730
vn -0.2728 -0.8582 -0.4348
vn -0.6199 -0.7846 0.0108
vn -0.4242 -0.8797 -0.2150
vn -0.6612 -0.7339 0.1554
vn -0.7623 -0.5237 0.3803
vn 0.5804 0.7975 -0.1644
vn 0.5972 0.7927 -0.1219
vn -0.1946 -0.8695 -0.4540
vn -0.5153 -0.8423 -0.1579
vn 0.5092 0.8577 0.0713
vn 0.3912 0.8887 0.2392
vn -0.1116 -0.8453 -0.5226
vn -0.2939 -0.8810 -0.3709
vn -0.2489 -0.8678 -0.4301
vn -0.4404 -0.8603 -0.2566
vn 0.7100 0.6485 -0.2745
vn 0.6298 0.7759 -0.0357
vn 0.5006 0.8506 0.1612
vn 0.3772 0.8612 0.3408
vn -0.0905 -0.8659 -0.4920
vn -0.1047 -0.9059 -0.4104
vn -0.3380 -0.8968 -0.2853
vn -0.2345 -0.9230 -0.3052
vn 0.4432 -0.5112 -0.7364
vn 0.3005 -0.6299 -0.7162
vn 0.5035 0.8346 0.2234
vn 0.4240 0.8480 0.3179
vn -0.0516 -0.8845 -0.4636
vn 0.6799 0.7206 -0.1358
vn 0.5315 0.8376 0.1263
vn 0.3913 0.8449 0.3648
vn 0.0777 -0.7661 -0.6380
vn 0.5432 -0.2908 -0.7876
vn 0.5592 -0.2979 -0.7736
vn 0.4734 -0.3547 -0.8063
vn 0.6780 0.6889 -0.2562
vn 0.6125 0.7871 -0.0726
vn 0.5135 -0.3058 -0.8018
vn 0.4639 -0.4616 -0.7561
vn 0.4461 -0.3268 -0.8332
vn 0.6218 0.7677 -0.1548
vn 0.3818 0.8603 0.3377
vn 0.3432 -0.4109 -0.8446
vn 0.3983 -0.3707 -0.8390
vn 0.4951 0.8592 0.1287
vn 0.3853 -0.4763 -0.7904
vn 0.2553 -0.5807 -0.7731
vn 0.6473 0.7232 -0.2408
vn 0.5930 0.8025 -0.0656
vn 0.5214 0.8425 0.1355
vn 0.2935 -0.5007 -0.8144
vn 0.6868 0.5467 -0.4791
vn 0.3024 -0.4846 -0.8208
vn 0.2379 -0.5641 -0.7907
vn 0.4604 -0.3076 -0.8327
vn 0.6748 0.6903 -0.2610
vn 0.5673 0.8235 -0.0028
vn 0.4438 0.8569 0.2622
vn 0.4171 -0.3111 -0.8540
vn 0.6356 0.7598 -0.1370
vn 0.5548 0.8253 0.1053
vn 0.2219 -0.4846 -0.8462
vn 0.2679 -0.4675 -0.8424
vn 0.6928 0.5417 -0.4760
vn 0.4861 0.8312 0.2698
vn 0.3845 -0.2748 -0.8813
vn 0.7002 0.6478 -0.3003
vn 0.7273 0.6440 -0.2373
vn 0.6781 0.7289 -0.0941
vn 0.6069 0.7928 0.0566
vn 0.6261 0.7696 0.1254
vn 0.5291 0.7947 0.2975
vn 0.2608 -0.4276 -0.8655
vn 0.6755 0.7349 0.0611
vn 0.5745 0.7508 0.3259
vn 0.6829 0.7259 -0.0824
vn 0.5477 0.7986 0.2497
vn 0.2598 -0.3620 -0.8953
vn 0.3446 -0.2324 -0.9095
vn 0.5614 0.8275 -0.0067
vn 0.4703 0.8486 0.2422
vn 0.3095 0.7937 0.5237
vn 0.3048 -0.2512 -0.9187
vn 0.2298 -0.3619 -0.9034
vn 0.5057 0.8586 0.0838
vn 0.4496 0.8641 0.2264
vn 0.3712 0.8631 0.3424
vn 0.3485 0.8382 0.4195
vn 0.2375 -0.3375 -0.9109
vn 0.3386 0.8089 0.4807
vn 0.1331 -0.4159 -0.8996
vn 0.1184 -0.4772 -0.8708
vn 0.3632 0.8449 0.3928
vn 0.2450 0.7755 0.5819
vn 0.1609 0.7086 0.6870
vn 0.0609 -0.4376 -0.8971
vn 0.1700 0.7086 0.6848
vn 0.1528 0.6721 0.7245
vn 0.0957 0.6279 0.7724
vn -0.0700 -0.5895 -0.8047
vn 0.0660 0.5113 0.8569
vn 0.1421 0.6207 0.7710
vn 0.0098 0.5140 0.8577
vn 0.0653 0.4933 0.8674
vn -0.0651 0.3738 0.9252
vn -0.0963 0.3090 0.9462
vn -0.1086 -0.5766 -0.8098
vn -0.1363 0.2473 0.9593
vn -0.1090 0.2583 0.9599
vn -0.1671 0.1992 0.9656
vn -0.1882 0.1546 0.9699
vn -0.2327 -0.6419 -0.7307
vn -0.2394 0.0676 0.9686
vn -0.2578 0.0122 0.9661
vn -0.2227 0.0588 0.9731
vn -0.2119 0.0273 0.9769
vn -0.1944 0.1149 0.9742
vn -0.4110 -0.8910 -0.1928
vn -0.4747 -0.8530 0.2168
vn -0.4553 -0.7335 0.5046
vn -0.5082 -0.7023 0.4986
vn -0.4424 -0.5234 0.7283
vn -0.3692 -0.3752 0.8502
vn -0.3844 -0.3184 0.8665
vn -0.4823 -0.4529 0.7499
vn -0.3202 -0.1705 0.9319
vn -0.2850 -0.1818 0.9411
vn -0.2593 -0.0400 0.9650
vn -0.2333 -0.0441 0.9714
vn -0.1843 0.0071 0.9829
vn -0.3221 -0.3674 0.8725
vn -0.2148 -0.0662 0.9744
vn -0.7960 -0.0215 0.6049
vn -0.8024 -0.0985 0.5886
vn -0.7850 -0.1145 0.6088
vn -0.7527 0.0438 0.6570
vn -0.7779 -0.0413 0.6271
vn -0.7245 0.1387 0.6752
vn -0.7571 -0.0308 0.6525
vn -0.6588 0.2498 0.7097
vn -0.6842 0.1642 0.7106
vn -0.6044 0.3097 0.7341
vn -0.5316 0.4223 0.7342
vn -0.2995 0.6154 0.7290
vn -0.4174 0.5201 0.7452
vn -0.4743 0.4601 0.7506
vn -0.3613 0.5428 0.7582
vn -0.2753 0.6384 0.7188
vn -0.1904 0.7183 0.6692
vn -0.0251 0.8308 0.5560
vn -0.7930 -0.3275 0.5137
vn -0.7820 -0.2972 0.5479
vn 0.0785 0.8748 0.4782
vn -0.1000 0.7768 0.6217
vn -0.0304 0.7985 0.6012
vn 0.2515 0.9042 0.3452
vn 0.1311 0.8610 0.4914
vn -0.7765 -0.4061 0.4819
vn 0.2614 0.8701 0.4180
vn 0.0403 0.8014 0.5968
vn 0.1195 0.8119 0.5714
vn 0.0104 0.7379 0.6748
vn -0.7498 -0.5528 0.3635
vn -0.0450 0.7306 0.6813
vn -0.6580 -0.7382 0.1488
vn -0.5584 -0.8279 -0.0535
vn -0.6549 -0.7452 0.1256
vn -0.7624 -0.5071 0.4019
vn -0.7705 -0.4301 0.4705
vn -0.7784 -0.3625 0.5126
vn 0.2453 0.8355 0.4918
vn 0.0743 0.7248 0.6849
vn -0.4544 -0.8836 -0.1131
vn -0.3505 -0.9166 -0.1924
vn -0.5519 -0.8328 0.0431
vn -0.7033 -0.6599 0.2643
vn -0.5798 -0.8125 0.0612
vn -0.7370 -0.5683 0.3658
vn 0.3419 0.8310 0.4389
vn 0.1787 0.7924 0.5832
vn 0.2474 0.8138 0.5259
vn -0.2103 -0.9211 -0.3277
vn -0.7559 -0.5756 0.3120
vn -0.3080 -0.9161 -0.2565
vn -0.1476 -0.8809 -0.4497
vn -0.3982 -0.8734 -0.2805
vn -0.1357 -0.8240 -0.5501
vn 0.0354 -0.7622 -0.6464
vn 0.0912 0.7414 0.6649
vn 0.2248 0.8119 0.5387
vn 0.3662 -0.5417 -0.7566
vn 0.3264 -0.5468 -0.7710
vn 0.3514 -0.4996 -0.7918
vn 0.2899 -0.5824 -0.7594
vn 0.1290 -0.6999 -0.7025
vn 0.2996 0.8277 0.4746
vn 0.3318 -0.4560 -0.8258
vn 0.3862 -0.4146 -0.8240
vn 0.2664 -0.4923 -0.8286
vn 0.1929 -0.5467 -0.8148
vn 0.3823 0.8251 0.4160
vn 0.1500 0.7439 0.6512
vn 0.1643 0.7253 0.6686
vn 0.2634 0.7674 0.5845
vn 0.4344 0.8115 0.3908
vn 0.3332 0.7539 0.5662
vn 0.1728 0.6740 0.7182
vn 0.4403 0.7712 0.4598
vn 0.4955 0.7534 0.4324
vn 0.3509 0.7105 0.6099
vn 0.1517 0.6251 0.7656
vn 0.2371 0.6418 0.7293
vn 0.4825 0.7344 0.4774
vn 0.4049 0.7375 0.5405
vn 0.2401 0.6592 0.7126
vn 0.1620 -0.4643 -0.8708
vn 0.1384 -0.5365 -0.8325
vn 0.1131 0.6092 0.7849
vn 0.0805 0.6557 0.7507
vn 0.1459 -0.4577 -0.8770
vn 0.1400 -0.4690 -0.8720
vn 0.1448 0.7111 0.6881
vn 0.2573 0.7731 0.5798
vn 0.0462 0.6047 0.7951
vn 0.1497 -0.4714 -0.8691
vn 0.1599 -0.4525 -0.8773
vn 0.1123 -0.4847 -0.8674
vn 0.0975 -0.4803 -0.8717
vn 0.0500 0.5841 0.8101
vn -0.0609 0.4697 0.8807
vn -0.1143 0.4394 0.8910
vn 0.0425 -0.4994 -0.8653
vn 0.0385 -0.4894 -0.8712
vn 0.0312 -0.4863 -0.8732
vn -0.1239 0.3619 0.9239
vn -0.1426 0.3015 0.9427
vn -0.0870 0.3734 0.9236
vn -0.0212 -0.5669 -0.8235
vn -0.1926 0.2403 0.9514
vn -0.1502 0.2561 0.9549
vn -0.1166 -0.6380 -0.7611
vn -0.0435 -0.5665 -0.8229
vn -0.1343 -0.6765 -0.7241
vn -0.1853 -0.7288 -0.6592
vn -0.2686 -0.6814 -0.6809
vn -0.2643 0.0911 0.9601
vn -0.2486 0.1239 0.9606
vn -0.2753 -0.7098 -0.6484
vn -0.3872 -0.7578 -0.5252
vn -0.3675 -0.7973 -0.4788
vn -0.2273 -0.7254 -0.6497
vn -0.3096 -0.7938 -0.5235
vn -0.2700 0.0457 0.9618
vn -0.3022 0.0108 0.9532
vn -0.2729 -0.7726 -0.5733
vn -0.4352 -0.8524 -0.2900
vn -0.5675 -0.8104 0.1455
vn -0.4105 -0.8678 -0.2802
vn -0.4846 -0.8724 0.0636
vn -0.5375 -0.8036 0.2556
vn -0.4720 -0.3293 0.8178
vn -0.4343 -0.2826 0.8553
vn -0.4002 -0.1608 0.9022
vn -0.3189 -0.0323 0.9472
vn -0.3901 -0.2509 0.8859
vn -0.3243 -0.0860 0.9420
vn -0.7279 0.0549 0.6835
vn -0.5537 0.3612 0.7503
vn -0.6654 0.1146 0.7376
vn -0.4304 0.4928 0.7562
vn -0.6235 0.2233 0.7492
vn -0.4976 0.3899 0.7748
vn -0.4336 0.4423 0.7851
vn -0.5433 0.2930 0.7867
vn -0.7927 -0.2851 0.5389
vn -0.7940 -0.2091 0.5708
vn -0.7588 -0.1909 0.6227
vn -0.7771 -0.2503 0.5774
vn -0.7646 -0.1118 0.6347
vn -0.7274 -0.0024 0.6862
vn -0.7264 -0.0650 0.6842
vn -0.3039 0.5811 0.7549
vn -0.7525 -0.2455 0.6112
vn -0.7346 -0.1298 0.6660
vn -0.3843 0.4829 0.7869
vn -0.4433 0.4025 0.8009
vn -0.2021 0.6647 0.7192
vn -0.2827 0.5413 0.7919
vn -0.3554 0.4896 0.7962
vn -0.4146 0.3913 0.8216
vn -0.0908 0.7354 0.6715
vn -0.1893 0.6283 0.7546
vn -0.3564 0.4475 0.8202
vn -0.7737 -0.2930 0.5616
vn -0.2095 0.5542 0.8056
vn -0.1177 0.6469 0.7534
vn -0.2915 0.4816 0.8265
vn -0.2881 0.4377 0.8517
vn -0.3596 0.3750 0.8545
vn -0.0668 0.6456 0.7608
vn -0.1774 0.5431 0.8208
vn -0.7797 -0.4096 0.4736
vn -0.7737 -0.3592 0.5218
vn -0.0497 0.6314 0.7739
vn -0.1977 0.4905 0.8487
vn -0.6093 -0.7928 0.0114
vn -0.7088 -0.7001 0.0863
vn -0.8025 -0.4520 0.3895
vn -0.7743 -0.3118 0.5507
vn 0.0202 0.6894 0.7241
vn -0.1064 0.5918 0.7990
vn 0.0654 0.7005 0.7106
vn -0.0730 0.5925 0.8022
vn -0.3123 -0.8577 -0.4084
vn -0.6620 -0.7489 -0.0285
vn -0.1873 0.4644 0.8656
vn -0.0803 -0.8159 -0.5726
vn -0.5608 -0.8189 -0.1221
vn -0.7552 -0.5933 0.2788
vn -0.8140 -0.4577 0.3575
vn -0.5210 -0.8426 -0.1367
vn 0.1366 -0.6926 -0.7082
vn 0.0100 -0.7754 -0.6314
vn -0.1318 -0.8426 -0.5222
vn -0.2968 -0.8848 -0.3593
vn -0.0645 0.5687 0.8200
vn 0.0505 0.6440 0.7634
vn 0.2296 -0.5359 -0.8125
vn -0.1606 -0.7948 -0.5852
vn 0.0140 -0.6869 -0.7266
vn -0.3611 -0.8553 -0.3716
vn -0.0338 0.5359 0.8436
vn -0.1687 0.4333 0.8853
vn -0.1341 0.4205 0.8974
vn 0.1197 -0.5865 -0.8011
vn -0.1559 -0.7334 -0.6617
vn -0.0806 0.4506 0.8891
vn -0.2177 0.3132 0.9244
vn 0.0303 0.5671 0.8231
vn -0.0803 -0.7609 -0.6439
vn 0.0011 -0.7045 -0.7097
vn -0.2656 -0.8459 -0.4626
vn -0.1703 -0.8371 -0.5199
vn -0.4452 -0.8096 -0.3827
vn -0.1754 0.3636 0.9149
vn 0.1799 -0.5315 -0.8277
vn -0.0289 0.4998 0.8657
vn 0.0947 0.5590 0.8237
vn 0.0711 -0.6380 -0.7668
vn -0.1079 -0.7851 -0.6100
vn -0.0440 -0.7474 -0.6629
vn -0.2441 -0.8540 -0.4595
vn 0.1226 0.5857 0.8012
vn -0.1610 -0.8022 -0.5749
vn -0.0087 -0.6803 -0.7329
vn -0.0899 0.4228 0.9018
vn -0.0540 0.4688 0.8817
vn -0.2386 0.2927 0.9260
vn 0.0343 -0.5938 -0.8039
vn -0.1890 0.3443 0.9197
vn -0.2002 -0.7614 -0.6166
vn -0.4345 -0.8613 -0.2633
vn 0.0493 -0.5714 -0.8192
vn -0.1222 -0.7151 -0.6883
vn -0.3053 -0.8203 -0.4836
vn -0.0491 -0.6829 -0.7288
vn 0.0070 -0.6039 -0.7970
vn -0.2257 -0.8016 -0.5536
vn -0.4038 -0.8688 -0.2865
vn -0.1928 0.3272 0.9251
vn -0.2606 0.2259 0.9387
vn -0.1426 -0.7431 -0.6539
vn -0.2992 -0.8153 -0.4957
vn -0.4358 -0.8546 -0.2822
vn -0.1973 0.2703 0.9423
vn -0.0922 -0.6482 -0.7559
vn -0.4222 -0.8313 -0.3617
vn -0.5380 -0.8300 -0.1471
vn -0.3321 0.0813 0.9397
vn -0.2619 0.1769 0.9487
vn -0.3297 0.1086 0.9378
vn -0.3475 -0.7952 -0.4969
vn -0.4838 -0.8303 -0.2768
vn -0.2600 0.1421 0.9551
vn -0.2248 -0.7359 -0.6386
vn -0.5263 -0.8181 -0.2316
vn -0.6240 -0.7809 0.0291
vn -0.1950 -0.7051 -0.6817
vn -0.3575 -0.7852 -0.5057
vn -0.2793 -0.7370 -0.6154
vn -0.4884 -0.8069 -0.3321
vn -0.6019 -0.7985 -0.0090
vn -0.6461 -0.7510 0.1360
vn -0.3325 0.0503 0.9417
vn -0.3994 0.0063 0.9168
vn -0.3983 -0.0219 0.9170
vn -0.2210 0.1658 0.9611
vn -0.3131 -0.7712 -0.5543
vn -0.5056 -0.7951 -0.3351
vn -0.6516 -0.7577 -0.0358
vn -0.6414 -0.7672 -0.0060
vn -0.6846 -0.6941 0.2226
vn -0.7145 -0.6372 0.2890
vn -0.7112 -0.4908 0.5032
vn -0.7054 -0.6637 0.2490
vn -0.3043 -0.7696 -0.5614
vn -0.3343 -0.8350 -0.4370
vn -0.4742 -0.8291 -0.2962
vn -0.5303 -0.8215 -0.2096
vn -0.5735 -0.8160 -0.0729
vn -0.6496 -0.7520 0.1121
vn -0.4491 -0.7834 -0.4295
vn -0.4741 -0.7624 -0.4404
vn -0.6154 -0.7835 -0.0855
vn -0.6087 -0.7922 -0.0437
vn -0.6593 -0.6304 0.4098
vn -0.3654 -0.0508 0.9295
vn -0.3243 0.0228 0.9457
vn -0.5386 -0.7927 -0.2856
vn -0.6506 -0.7582 0.0441
vn -0.6552 -0.6287 0.4190
vn -0.5585 -0.3845 0.7350
vn -0.5652 -0.3822 0.7311
vn -0.4535 -0.1400 0.8802
vn -0.5174 -0.8292 -0.2115
vn -0.6116 -0.7755 0.1564
vn -0.5293 -0.8406 -0.1154
vn -0.6119 -0.7168 0.3344
vn -0.5865 -0.5779 0.5674
vn -0.5055 -0.3616 0.7834
vn -0.4418 -0.1774 0.8794
vn -0.5475 -0.5738 0.6091
vn -0.7000 0.0071 0.7141
vn -0.6880 -0.0329 0.7249
vn -0.6118 0.1625 0.7741
vn -0.7035 -0.0938 0.7045
vn -0.6590 0.0490 0.7505
vn -0.7199 -0.1829 0.6696
vn -0.7157 -0.1456 0.6831
vn -0.6804 -0.0728 0.7292
vn -0.5850 0.1666 0.7938
vn -0.6523 0.0114 0.7579
vn -0.4919 0.3130 0.8124
vn -0.6017 0.0676 0.7959
vn -0.5004 0.2576 0.8266
vn -0.6857 -0.1109 0.7194
vn -0.6452 -0.0342 0.7633
vn -0.5164 0.1858 0.8359
vn -0.5157 0.1166 0.8488
vn -0.4052 0.3130 0.8589
vn -0.4244 0.2384 0.8735
vn -0.6494 -0.0593 0.7582
vn -0.4032 0.2806 0.8710
vn -0.6128 -0.0178 0.7901
vn -0.5618 0.0436 0.8261
vn -0.4173 0.2519 0.8731
vn -0.3700 0.3203 0.8721
vn -0.7581 -0.3015 0.5782
vn -0.4875 0.1390 0.8620
vn -0.4217 0.1991 0.8846
vn -0.2951 0.3963 0.8694
vn -0.7174 -0.2712 0.6417
vn -0.6965 -0.2138 0.6849
vn -0.6677 -0.1305 0.7329
vn -0.5377 0.0349 0.8424
vn -0.4785 0.1376 0.8672
vn -0.3671 0.2696 0.8902
vn -0.2912 0.3681 0.8830
vn -0.7156 -0.2615 0.6478
vn -0.7790 -0.3178 0.5406
vn -0.4005 0.1692 0.9006
vn -0.4537 0.1099 0.8843
vn -0.3615 0.2333 0.9027
vn -0.2833 0.3189 0.9044
vn -0.7487 -0.4017 0.5273
vn -0.6968 -0.2490 0.6727
vn -0.6447 -0.2183 0.7326
vn -0.3497 0.1742 0.9205
vn -0.4070 0.0834 0.9096
vn -0.6768 -0.6844 0.2713
vn -0.4805 -0.8742 -0.0707
vn -0.7054 -0.3863 0.5944
vn -0.3788 0.0802 0.9220
vn -0.4120 0.0380 0.9104
vn -0.4605 -0.0104 0.8876
vn -0.2748 0.2369 0.9319
vn -0.5206 -0.8533 -0.0307
vn -0.7068 -0.6446 0.2914
vn -0.7106 -0.4217 0.5632
vn -0.6303 -0.2726 0.7269
vn -0.6204 -0.1754 0.7644
vn -0.5771 -0.1540 0.8020
vn -0.6028 -0.1870 0.7757
vn -0.3302 0.1614 0.9300
vn -0.3967 0.0643 0.9157
vn -0.6245 -0.7768 -0.0808
vn -0.6798 -0.7314 0.0541
vn -0.7241 -0.5336 0.4371
vn -0.6751 -0.3571 0.6455
vn -0.4541 -0.0109 0.8909
vn -0.4061 0.1045 0.9079
vn -0.4786 0.0256 0.8777
vn -0.4869 -0.8533 -0.1866
vn -0.4055 -0.8809 -0.2441
vn -0.6265 -0.7638 0.1550
vn -0.6619 -0.6021 0.4466
vn -0.5783 -0.1707 0.7978
vn -0.5518 -0.1291 0.8239
vn -0.5149 -0.0945 0.8520
vn -0.5000 -0.0447 0.8649
vn -0.3022 0.2387 0.9229
vn -0.5749 -0.8059 0.1415
vn -0.6698 -0.5114 0.5383
vn -0.5869 -0.2201 0.7791
vn -0.5344 -0.0736 0.8420
vn -0.5067 -0.0104 0.8621
vn -0.4583 0.0692 0.8861
vn -0.3639 0.1923 0.9114
vn -0.4191 -0.8812 -0.2189
vn -0.6424 -0.3948 0.6569
vn -0.6402 -0.6415 0.4225
vn -0.4988 -0.0176 0.8666
vn -0.3478 -0.8853 -0.3088
vn -0.5449 -0.8349 0.0770
vn -0.5765 -0.8067 0.1300
vn -0.6308 -0.5068 0.5875
vn -0.6092 -0.2849 0.7400
vn -0.4052 0.1200 0.9063
vn -0.4559 0.0254 0.8897
vn -0.6469 -0.5091 0.5677
vn -0.4924 -0.0424 0.8693
vn -0.5130 -0.0885 0.8538
vn -0.3934 0.0958 0.9144
vn -0.3267 0.1519 0.9329
vn -0.2674 0.2523 0.9300
vn -0.6241 -0.7524 0.2108
vn -0.6002 -0.2973 0.7425
vn -0.5671 -0.2460 0.7860
vn -0.5629 -0.1857 0.8054
vn -0.5208 -0.1293 0.8438
vn -0.4497 -0.0045 0.8932
vn -0.4703 -0.0717 0.8796
vn -0.3862 0.0596 0.9205
vn -0.4326 -0.0156 0.9015
vn -0.5484 -0.1888 0.8146
vn -0.5017 -0.0895 0.8604
vn -0.5362 -0.8419 -0.0609
vn -0.6118 -0.3824 0.6924
vn -0.6439 -0.6299 0.4344
vn -0.6544 -0.4982 0.5689
vn -0.5972 -0.2957 0.7456
vn -0.5642 -0.8207 0.0899
vn -0.6011 -0.7853 0.1482
vn -0.5986 -0.2430 0.7633
vn -0.6864 -0.6333 0.3574
vn -0.6627 -0.4140 0.6241
vn -0.6955 -0.6087 0.3818
vn -0.5792 -0.1386 0.8033
vn -0.6398 -0.2990 0.7080
vn -0.6881 -0.5621 0.4588
vn -0.6879 -0.2806 0.6693
vn -0.7212 -0.5051 0.4742
vn -0.5311 -0.0974 0.8417
vn -0.7091 -0.6157 0.3436
vn -0.6811 -0.6520 0.3331
vn -0.6804 -0.3654 0.6352
vn -0.6266 -0.1489 0.7650
vn -0.6616 -0.3893 0.6408
vn -0.5433 -0.2196 0.8103
vn -0.5852 -0.4507 0.6741
vn -0.6419 -0.0738 0.7632
vn -0.5885 -0.0172 0.8083
vn -0.6067 -0.0690 0.7919
vn -0.6387 -0.1702 0.7504
vn -0.6098 -0.1060 0.7854
vn -0.5696 -0.1365 0.8105
vn -0.6109 -0.1933 0.7677
vn -0.5571 -0.0294 0.8299
vn -0.5730 -0.0846 0.8151
vn -0.5101 0.0344 0.8594
vn -0.5418 -0.0660 0.8379
vn -0.5392 -0.1201 0.8336
vn -0.4871 0.0085 0.8733
vn -0.5109 -0.0607 0.8575
vn -0.4290 0.0843 0.8994
s 1
usemtl mtl1.263
f 143//1 157//2 2//3
f 2//3 6//4 143//1
f 164//5 144//6 4//7
f 165//8 164//5 3//9
f 164//5 4//7 3//9
f 5//10 21//11 1//12
f 21//11 23//13 4//7
f 143//1 6//4 1//12
f 21//11 4//7 144//6
f 29//14 7//15 34//16
f 5//10 6//4 7//15
f 5//10 7//15 29//14
f 1//12 6//4 5//10
f 2//3 7//15 6//4
f 2//3 12//17 7//15
f 2//3 157//2 12//17
f 166//18 12//17 157//2
f 7//15 8//19 34//16
f 13//20 8//19 12//17
f 8//19 7//15 12//17
f 14//21 9//22 8//19
f 8//19 10//23 34//16
f 8//19 9//22 10//23
f 9//22 11//24 10//23
f 10//23 11//24 38//25
f 12//17 166//18 13//20
f 14//21 8//19 13//20
f 14//21 15//26 9//22
f 14//21 16//27 15//26
f 15//26 11//24 9//22
f 15//26 17//28 11//24
f 17//28 41//29 11//24
f 13//20 167//30 14//21
f 167//30 16//27 14//21
f 16//27 168//31 15//26
f 168//31 17//28 15//26
f 17//28 168//31 169//32
f 169//32 41//29 17//28
f 23//13 3//9 4//7
f 18//33 19//34 3//9
f 3//9 23//13 18//33
f 19//34 165//8 3//9
f 21//11 20//35 23//13
f 21//11 27//36 20//35
f 22//37 18//33 23//13
f 23//13 20//35 22//37
f 28//38 29//14 25//39
f 25//39 29//14 24//40
f 24//40 26//41 25//39
f 25//39 26//41 47//42
f 47//42 27//36 25//39
f 32//43 47//42 26//41
f 21//11 5//10 28//38
f 5//10 29//14 28//38
f 34//16 24//40 29//14
f 28//38 27//36 21//11
f 28//38 25//39 27//36
f 24//40 36//44 30//45
f 24//40 30//45 26//41
f 36//44 31//46 30//45
f 36//44 37//47 31//46
f 37//47 33//48 31//46
f 30//45 32//43 26//41
f 30//45 31//46 32//43
f 31//46 33//48 55//49
f 32//43 55//49 52//50
f 32//43 31//46 55//49
f 33//48 56//51 55//49
f 33//48 61//52 56//51
f 34//16 36//44 24//40
f 34//16 35//53 36//44
f 36//44 35//53 37//47
f 61//52 33//48 37//47
f 10//23 35//53 34//16
f 10//23 38//25 35//53
f 37//47 35//53 38//25
f 38//25 39//54 37//47
f 39//54 40//55 37//47
f 37//47 40//55 61//52
f 63//56 61//52 40//55
f 41//29 42//57 39//54
f 38//25 41//29 39//54
f 39//54 42//57 40//55
f 40//55 42//57 43//58
f 63//56 40//55 43//58
f 11//24 41//29 38//25
f 41//29 169//32 183//59
f 41//29 183//59 42//57
f 184//60 43//58 42//57
f 42//57 183//59 184//60
f 184//60 185//61 43//58
f 185//61 188//62 65//63
f 185//61 65//63 43//58
f 188//62 193//64 65//63
f 46//65 18//33 22//37
f 18//33 46//65 44//66
f 19//34 18//33 44//66
f 19//34 44//66 197//67
f 20//35 45//68 22//37
f 22//37 45//68 46//65
f 47//42 52//50 53//69
f 27//36 49//70 20//35
f 27//36 48//71 49//70
f 27//36 47//42 48//71
f 47//42 53//69 48//71
f 20//35 49//70 45//68
f 53//69 51//72 48//71
f 48//71 50//73 49//70
f 48//71 51//72 50//73
f 49//70 68//74 45//68
f 49//70 50//73 68//74
f 53//69 54//75 51//72
f 32//43 52//50 47//42
f 52//50 57//76 53//69
f 57//76 58//77 53//69
f 77//78 54//75 58//77
f 58//77 54//75 53//69
f 57//76 52//50 55//49
f 55//49 56//51 57//76
f 59//79 58//77 57//76
f 56//51 62//80 59//79
f 57//76 56//51 59//79
f 58//77 60//81 77//78
f 58//77 59//79 60//81
f 62//80 56//51 61//52
f 80//82 59//79 62//80
f 60//81 59//79 80//82
f 63//56 62//80 61//52
f 64//83 62//80 63//56
f 80//82 62//80 64//83
f 63//56 43//58 65//63
f 65//63 64//83 63//56
f 193//64 64//83 65//63
f 193//64 66//84 64//83
f 194//85 83//86 66//84
f 44//66 84//87 197//67
f 45//68 68//74 67//88
f 68//74 72//89 85//90
f 85//90 72//89 86//91
f 67//88 46//65 45//68
f 68//74 85//90 67//88
f 44//66 46//65 84//87
f 51//72 54//75 70//92
f 54//75 71//93 70//92
f 78//94 71//93 54//75
f 50//73 69//95 68//74
f 50//73 51//72 69//95
f 51//72 70//92 69//95
f 68//74 69//95 72//89
f 69//95 70//92 73//96
f 70//92 71//93 73//96
f 69//95 73//96 72//89
f 71//93 78//94 74//97
f 78//94 81//98 74//97
f 81//98 76//99 74//97
f 71//93 75//100 73//96
f 74//97 75//100 71//93
f 73//96 90//101 72//89
f 73//96 89//102 90//101
f 91//103 89//102 75//100
f 75//100 89//102 73//96
f 75//100 74//97 76//99
f 91//103 75//100 76//99
f 54//75 77//78 78//94
f 77//78 79//104 78//94
f 77//78 60//81 79//104
f 81//98 78//94 79//104
f 80//82 81//98 60//81
f 81//98 79//104 60//81
f 64//83 82//105 80//82
f 80//82 82//105 81//98
f 82//105 99//106 81//98
f 66//84 82//105 64//83
f 66//84 83//86 82//105
f 83//86 99//106 82//105
f 46//65 67//88 84//87
f 67//88 88//107 84//87
f 197//67 84//87 100//108
f 85//90 88//107 67//88
f 85//90 86//91 88//107
f 90//101 87//109 86//91
f 90//101 94//110 87//109
f 86//91 106//111 88//107
f 87//109 107//112 86//91
f 87//109 105//113 107//112
f 94//110 109//114 105//113
f 94//110 105//113 87//109
f 86//91 72//89 90//101
f 89//102 92//115 90//101
f 89//102 91//103 92//115
f 92//115 93//116 90//101
f 92//115 91//103 76//99
f 92//115 76//99 95//117
f 95//117 93//116 92//115
f 93//116 95//117 96//118
f 90//101 93//116 94//110
f 96//118 94//110 93//116
f 97//119 95//117 76//99
f 97//119 76//99 81//98
f 96//118 95//117 97//119
f 94//110 96//118 109//114
f 96//118 98//120 109//114
f 96//118 97//119 98//120
f 99//106 97//119 81//98
f 116//121 97//119 99//106
f 116//121 98//120 97//119
f 98//120 116//121 115//122
f 83//86 204//123 99//106
f 204//123 226//124 99//106
f 100//108 84//87 102//125
f 102//125 101//126 100//108
f 100//108 101//126 247//127
f 117//128 247//127 101//126
f 101//126 103//129 117//128
f 100//108 213//130 216//131
f 100//108 247//127 213//130
f 106//111 102//125 88//107
f 84//87 88//107 102//125
f 102//125 103//129 101//126
f 103//129 106//111 104//132
f 103//129 104//132 119//133
f 86//91 107//112 106//111
f 108//134 107//112 105//113
f 105//113 109//114 108//134
f 102//125 106//111 103//129
f 106//111 107//112 110//135
f 109//114 115//122 108//134
f 107//112 108//134 110//135
f 106//111 110//135 111//136
f 111//136 110//135 112//137
f 110//135 108//134 112//137
f 112//137 108//134 115//122
f 111//136 112//137 123//138
f 111//136 104//132 106//111
f 112//137 115//122 113//139
f 115//122 116//121 113//139
f 104//132 111//136 122//140
f 114//141 123//138 112//137
f 112//137 113//139 114//141
f 111//136 123//138 122//140
f 218//142 116//121 225//143
f 113//139 218//142 219//144
f 113//139 116//121 218//142
f 114//141 113//139 219//144
f 114//141 219//144 274//145
f 98//120 115//122 109//114
f 225//143 116//121 99//106
f 226//124 225//143 99//106
f 117//128 103//129 119//133
f 118//146 117//128 119//133
f 248//147 247//127 117//128
f 117//128 118//146 248//147
f 248//147 118//146 250//148
f 249//149 250//148 118//146
f 121//150 119//133 104//132
f 120//151 121//150 104//132
f 122//140 120//151 104//132
f 275//152 120//151 122//140
f 260//153 118//146 119//133
f 121//150 260//153 119//133
f 262//154 121//150 120//151
f 120//151 275//152 263//155
f 118//146 260//153 249//149
f 264//156 249//149 260//153
f 276//157 275//152 122//140
f 123//138 276//157 122//140
f 123//138 274//145 277//158
f 123//138 114//141 274//145
f 276//157 123//138 277//158
f 127//159 140//160 290//161
f 132//162 140//160 127//159
f 290//161 140//160 287//163
f 125//164 155//165 124//166
f 132//162 124//166 153//167
f 127//159 125//164 124//166
f 124//166 132//162 127//159
f 155//165 125//164 126//168
f 126//168 128//169 155//165
f 128//169 156//170 155//165
f 288//171 128//169 126//168
f 125//164 127//159 290//161
f 126//168 125//164 288//171
f 129//172 147//173 144//6
f 164//5 129//172 144//6
f 131//174 129//172 164//5
f 129//172 150//175 147//173
f 129//172 130//176 150//175
f 131//174 130//176 129//172
f 136//177 131//174 165//8
f 150//175 130//176 132//162
f 134//178 130//176 131//174
f 134//178 131//174 135//179
f 140//160 132//162 137//180
f 132//162 130//176 133//181
f 137//180 132//162 133//181
f 137//180 133//181 138//182
f 133//181 130//176 134//178
f 138//182 133//181 134//178
f 139//183 134//178 135//179
f 135//179 131//174 136//177
f 142//184 135//179 136//177
f 140//160 137//180 141//185
f 141//185 137//180 138//182
f 138//182 134//178 139//183
f 141//185 138//182 139//183
f 141//185 139//183 301//186
f 139//183 135//179 142//184
f 301//186 139//183 142//184
f 302//187 140//160 141//185
f 287//163 140//160 302//187
f 302//187 141//185 301//186
f 146//188 152//189 143//1
f 1//12 146//188 143//1
f 143//1 152//189 157//2
f 147//173 1//12 144//6
f 144//6 1//12 21//11
f 151//190 145//191 146//188
f 147//173 151//190 146//188
f 145//191 152//189 146//188
f 1//12 147//173 146//188
f 148//192 155//165 149//193
f 145//191 148//192 149//193
f 148//192 145//191 151//190
f 153//167 148//192 151//190
f 149//193 152//189 145//191
f 149//193 154//194 152//189
f 147//173 150//175 151//190
f 157//2 152//189 154//194
f 124//166 148//192 153//167
f 155//165 148//192 124//166
f 156//170 149//193 155//165
f 153//167 150//175 132//162
f 151//190 150//175 153//167
f 156//170 154//194 149//193
f 156//170 159//195 154//194
f 159//195 157//2 154//194
f 128//169 159//195 156//170
f 166//18 157//2 158//196
f 158//196 157//2 159//195
f 160//197 158//196 159//195
f 303//198 162//199 158//196
f 161//200 158//196 162//199
f 128//169 160//197 159//195
f 158//196 160//197 303//198
f 161//200 166//18 158//196
f 161//200 174//201 166//18
f 161//200 163//202 174//201
f 162//199 163//202 161//200
f 304//203 162//199 303//198
f 304//203 163//202 162//199
f 178//204 177//205 181//206
f 305//207 163//202 304//203
f 305//207 177//205 163//202
f 181//206 177//205 305//207
f 131//174 164//5 165//8
f 182//208 136//177 165//8
f 167//30 13//20 166//18
f 167//30 173//209 170//210
f 167//30 172//211 173//209
f 170//210 16//27 167//30
f 170//210 168//31 16//27
f 170//210 171//212 168//31
f 168//31 171//212 169//32
f 171//212 186//213 169//32
f 172//211 167//30 166//18
f 176//214 186//213 171//212
f 174//201 172//211 166//18
f 178//204 173//209 172//211
f 173//209 178//204 175//215
f 175//215 170//210 173//209
f 170//210 175//215 171//212
f 190//216 186//213 176//214
f 163//202 177//205 174//201
f 177//205 172//211 174//201
f 177//205 178//204 172//211
f 171//212 175//215 176//214
f 179//217 175//215 178//204
f 175//215 179//217 176//214
f 192//218 190//216 180//219
f 180//219 190//216 176//214
f 179//217 178//204 181//206
f 179//217 180//219 176//214
f 314//220 179//217 181//206
f 314//220 180//219 179//217
f 306//221 192//218 180//219
f 314//220 306//221 180//219
f 310//222 136//177 182//208
f 182//208 165//8 19//34
f 186//213 183//59 169//32
f 187//223 183//59 186//213
f 187//223 185//61 184//60
f 187//223 184//60 183//59
f 187//223 186//213 190//216
f 189//224 185//61 187//223
f 189//224 191//225 188//62
f 189//224 188//62 185//61
f 191//225 195//226 188//62
f 189//224 187//223 190//216
f 191//225 190//216 192//218
f 190//216 191//225 189//224
f 192//218 196//227 191//225
f 197//67 182//208 19//34
f 197//67 310//222 182//208
f 195//226 193//64 188//62
f 195//226 66//84 193//64
f 195//226 194//85 66//84
f 195//226 196//227 194//85
f 191//225 196//227 195//226
f 204//123 83//86 194//85
f 196//227 204//123 194//85
f 198//228 197//67 202//229
f 198//228 199//230 200//231
f 200//231 197//67 198//228
f 201//232 200//231 199//230
f 210//233 201//232 199//230
f 324//234 197//67 200//231
f 210//233 332//235 201//232
f 100//108 216//131 215//236
f 202//229 197//67 100//108
f 100//108 215//236 202//229
f 198//228 202//229 217//237
f 403//238 203//239 317//240
f 227//241 226//124 204//123
f 227//241 204//123 203//239
f 196//227 317//240 204//123
f 317//240 203//239 204//123
f 217//237 214//242 205//243
f 206//244 208//245 205//243
f 205//243 214//242 206//244
f 206//244 214//242 216//131
f 207//246 206//244 216//131
f 205//243 199//230 217//237
f 199//230 198//228 217//237
f 208//245 199//230 205//243
f 208//245 206//244 209//247
f 206//244 207//246 209//247
f 210//233 199//230 208//245
f 207//246 228//248 209//247
f 208//245 212//249 210//233
f 208//245 209//247 212//249
f 211//250 338//251 212//249
f 212//249 209//247 211//250
f 211//250 228//248 232//252
f 209//247 228//248 211//250
f 210//233 212//249 332//235
f 211//250 232//252 338//251
f 213//130 234//253 216//131
f 202//229 215//236 214//242
f 214//242 215//236 216//131
f 214//242 217//237 202//229
f 234//253 207//246 216//131
f 220//254 218//142 225//143
f 221//255 219//144 218//142
f 220//254 221//255 218//142
f 278//256 274//145 219//144
f 221//255 278//256 219//144
f 227//241 222//257 220//254
f 222//257 221//255 220//254
f 222//257 223//258 221//255
f 223//258 278//256 221//255
f 224//259 223//258 222//257
f 224//259 285//260 223//258
f 227//241 224//259 222//257
f 356//261 285//260 224//259
f 203//239 224//259 227//241
f 226//124 220//254 225//143
f 227//241 220//254 226//124
f 240//262 231//263 229//264
f 237//265 229//264 228//248
f 237//265 240//262 229//264
f 231//263 240//262 243//266
f 228//248 229//264 232//252
f 229//264 230//267 232//252
f 341//268 230//267 231//263
f 231//263 230//267 229//264
f 243//266 245//269 231//263
f 339//270 338//251 232//252
f 339//270 230//267 340//271
f 232//252 230//267 339//270
f 340//271 230//267 341//268
f 341//268 231//263 343//272
f 231//263 245//269 343//272
f 353//273 343//272 245//269
f 234//253 213//130 233//274
f 234//253 233//274 235//275
f 207//246 234//253 237//265
f 235//275 237//265 234//253
f 238//276 235//275 236//277
f 233//274 236//277 235//275
f 239//278 236//277 251//279
f 207//246 237//265 228//248
f 235//275 238//276 237//265
f 240//262 237//265 238//276
f 240//262 238//276 241//280
f 241//280 238//276 236//277
f 241//280 236//277 239//278
f 242//281 239//278 251//279
f 241//280 243//266 240//262
f 245//269 243//266 244//282
f 244//282 243//266 241//280
f 239//278 244//282 241//280
f 246//283 244//282 239//278
f 246//283 239//278 242//281
f 246//283 245//269 244//282
f 353//273 245//269 246//283
f 242//281 357//284 246//283
f 353//273 246//283 357//284
f 357//284 242//281 360//285
f 252//286 249//149 269//287
f 269//287 249//149 264//156
f 247//127 233//274 213//130
f 250//148 247//127 248//147
f 250//148 233//274 247//127
f 233//274 250//148 236//277
f 250//148 249//149 251//279
f 251//279 236//277 250//148
f 252//286 251//279 249//149
f 253//288 251//279 252//286
f 269//287 272//289 255//290
f 253//288 252//286 254//291
f 269//287 255//290 252//286
f 252//286 255//290 254//291
f 242//281 251//279 253//288
f 253//288 254//291 256//292
f 256//292 254//291 255//290
f 253//288 256//292 258//293
f 256//292 255//290 257//294
f 255//290 272//289 257//294
f 242//281 253//288 258//293
f 258//293 256//292 259//295
f 242//281 258//293 360//285
f 360//285 258//293 259//295
f 259//295 256//292 257//294
f 354//296 259//295 257//294
f 263//155 262//154 120//151
f 275//152 281//297 263//155
f 262//154 261//298 121//150
f 260//153 261//298 264//156
f 260//153 121//150 261//298
f 264//156 261//298 262//154
f 263//155 265//299 267//300
f 263//155 281//297 265//299
f 265//299 281//297 283//301
f 264//156 262//154 266//302
f 262//154 267//300 266//302
f 262//154 263//155 267//300
f 264//156 268//303 269//287
f 264//156 266//302 268//303
f 265//299 283//301 286//304
f 266//302 270//305 271//306
f 266//302 267//300 270//305
f 270//305 267//300 265//299
f 268//303 266//302 271//306
f 269//287 268//303 272//289
f 268//303 271//306 272//289
f 270//305 265//299 286//304
f 271//306 273//307 272//289
f 270//305 286//304 273//307
f 286//304 285//260 273//307
f 273//307 271//306 270//305
f 273//307 257//294 272//289
f 274//145 278//256 277//158
f 276//157 279//308 281//297
f 279//308 276//157 280//309
f 276//157 277//158 280//309
f 278//256 280//309 277//158
f 275//152 276//157 281//297
f 279//308 284//310 281//297
f 284//310 279//308 282//311
f 279//308 280//309 282//311
f 282//311 280//309 278//256
f 223//258 282//311 278//256
f 284//310 283//301 281//297
f 285//260 282//311 223//258
f 282//311 285//260 284//310
f 286//304 283//301 284//310
f 285//260 286//304 284//310
f 290//161 287//163 294//312
f 364//313 287//163 302//187
f 369//314 294//312 287//163
f 291//315 288//171 292//316
f 291//315 128//169 288//171
f 289//317 292//316 288//171
f 125//164 289//317 288//171
f 125//164 290//161 289//317
f 289//317 290//161 293//318
f 293//318 292//316 289//317
f 293//318 296//319 292//316
f 294//312 293//318 290//161
f 295//320 296//319 293//318
f 298//321 291//315 292//316
f 294//312 295//320 293//318
f 370//322 298//321 292//316
f 371//323 295//320 369//314
f 295//320 294//312 369//314
f 296//319 295//320 371//323
f 296//319 370//322 292//316
f 160//197 128//169 291//315
f 303//198 160//197 297//324
f 297//324 160//197 291//315
f 291//315 298//321 297//324
f 374//325 297//324 298//321
f 307//326 297//324 374//325
f 142//184 136//177 313//327
f 301//186 142//184 299//328
f 299//328 142//184 313//327
f 300//329 301//186 299//328
f 312//330 300//329 299//328
f 381//331 302//187 300//329
f 312//330 381//331 300//329
f 300//329 302//187 301//186
f 307//326 303//198 297//324
f 307//326 304//203 303//198
f 304//203 307//326 305//207
f 308//332 181//206 305//207
f 181//206 308//332 314//220
f 306//221 314//220 308//332
f 306//221 308//332 387//333
f 383//334 315//335 306//221
f 384//336 305//207 307//326
f 384//336 308//332 305//207
f 308//332 384//336 385//337
f 308//332 385//337 387//333
f 387//333 383//334 306//221
f 310//222 313//327 136//177
f 299//328 313//327 309//338
f 310//222 309//338 313//327
f 312//330 299//328 309//338
f 310//222 311//339 309//338
f 311//339 312//330 309//338
f 311//339 310//222 393//340
f 315//335 392//341 192//218
f 306//221 315//335 192//218
f 316//342 393//340 310//222
f 392//341 196//227 192//218
f 392//341 317//240 196//227
f 395//343 316//342 321//344
f 310//222 197//67 316//342
f 319//345 324//234 318//346
f 327//347 320//348 318//346
f 320//348 319//345 318//346
f 321//344 319//345 322//349
f 322//349 319//345 320//348
f 322//349 320//348 323//350
f 323//350 320//348 329//351
f 321//344 322//349 399//352
f 322//349 323//350 399//352
f 399//352 323//350 404//353
f 323//350 329//351 404//353
f 197//67 324//234 316//342
f 316//342 324//234 319//345
f 316//342 319//345 321//344
f 326//354 325//355 331//356
f 333//357 326//354 331//356
f 335//358 326//354 333//357
f 324//234 325//355 318//346
f 325//355 328//359 327//347
f 318//346 325//355 327//347
f 326//354 328//359 325//355
f 328//359 326//354 335//358
f 320//348 327//347 329//351
f 329//351 327//347 328//359
f 336//360 328//359 335//358
f 336//360 329//351 328//359
f 404//353 329//351 336//360
f 324//234 200//231 330//361
f 325//355 324//234 330//361
f 201//232 331//356 330//361
f 200//231 201//232 330//361
f 332//235 331//356 201//232
f 333//357 331//356 332//235
f 325//355 330//361 331//356
f 332//235 212//249 333//357
f 333//357 212//249 334//362
f 334//362 212//249 338//251
f 338//251 347//363 334//362
f 335//358 333//357 334//362
f 335//358 334//362 350//364
f 334//362 347//363 350//364
f 336//360 335//358 350//364
f 403//238 337//365 203//239
f 337//365 224//259 203//239
f 337//365 356//261 224//259
f 339//270 344//366 338//251
f 344//366 339//270 345//367
f 339//270 340//271 345//367
f 340//271 346//368 345//367
f 340//271 341//268 346//368
f 346//368 341//268 342//369
f 342//369 341//268 343//272
f 342//369 343//272 349//370
f 349//370 343//272 353//273
f 338//251 344//366 347//363
f 347//363 344//366 348//371
f 344//366 345//367 348//371
f 348//371 345//367 346//368
f 349//370 346//368 342//369
f 347//363 348//371 352//372
f 348//371 351//373 352//372
f 348//371 346//368 351//373
f 351//373 346//368 349//370
f 349//370 353//273 359//374
f 350//364 352//372 336//360
f 350//364 347//363 352//372
f 407//375 351//373 349//370
f 407//375 349//370 411//376
f 349//370 359//374 411//376
f 359//374 353//273 357//284
f 354//296 257//294 273//307
f 355//377 418//378 354//296
f 356//261 273//307 285//260
f 355//377 273//307 356//261
f 273//307 355//377 354//296
f 409//379 355//377 356//261
f 358//380 357//284 361//381
f 359//374 357//284 358//380
f 358//380 361//381 362//382
f 362//382 354//296 413//383
f 259//295 361//381 360//285
f 361//381 357//284 360//285
f 354//296 361//381 259//295
f 362//382 361//381 354//296
f 413//383 354//296 418//378
f 364//313 302//187 381//331
f 381//331 382//384 364//313
f 364//313 382//384 368//385
f 363//386 287//163 364//313
f 363//386 369//314 287//163
f 366//387 365//388 363//386
f 363//386 365//388 369//314
f 366//387 363//386 364//313
f 366//387 367//389 365//388
f 366//387 364//313 368//385
f 420//390 367//389 366//387
f 420//390 366//387 368//385
f 367//389 421//391 422//392
f 371//323 372//393 296//319
f 365//388 371//323 369//314
f 372//393 370//322 296//319
f 375//394 370//322 372//393
f 423//395 372//393 371//323
f 367//389 422//392 365//388
f 371//323 422//392 423//395
f 371//323 365//388 422//392
f 423//395 424//396 372//393
f 424//396 375//394 372//393
f 428//397 375//394 424//396
f 428//397 424//396 425//398
f 373//399 298//321 370//322
f 374//325 298//321 373//399
f 380//400 307//326 374//325
f 373//399 376//401 374//325
f 370//322 375//394 373//399
f 376//401 373//399 375//394
f 380//400 374//325 376//401
f 388//402 380//400 377//403
f 378//404 376//401 375//394
f 379//405 376//401 378//404
f 379//405 380//400 376//401
f 380//400 379//405 377//403
f 428//397 378//404 375//394
f 378//404 431//406 379//405
f 432//407 379//405 431//406
f 432//407 377//403 379//405
f 377//403 432//407 429//408
f 377//403 429//408 442//409
f 381//331 440//410 439//411
f 381//331 439//411 382//384
f 442//409 383//334 390//412
f 380//400 384//336 307//326
f 380//400 386//413 384//336
f 385//337 384//336 386//413
f 386//413 387//333 385//337
f 388//402 386//413 380//400
f 388//402 389//414 386//413
f 387//333 386//413 389//414
f 377//403 390//412 388//402
f 390//412 389//414 388//402
f 390//412 387//333 389//414
f 390//412 383//334 387//333
f 377//403 442//409 390//412
f 446//415 444//416 391//417
f 440//410 381//331 312//330
f 440//410 312//330 311//339
f 444//416 311//339 391//417
f 440//410 311//339 444//416
f 395//343 393//340 316//342
f 391//417 311//339 394//418
f 394//418 311//339 393//340
f 394//418 393//340 396//419
f 396//419 393//340 395//343
f 395//343 449//420 396//419
f 448//421 391//417 394//418
f 448//421 394//418 396//419
f 396//419 449//420 448//421
f 450//422 448//421 449//420
f 398//423 317//240 392//341
f 397//424 321//344 401//425
f 397//424 395//343 321//344
f 449//420 395//343 397//424
f 398//423 403//238 317//240
f 402//426 399//352 400//427
f 321//344 399//352 402//426
f 404//353 400//427 399//352
f 402//426 401//425 321//344
f 457//428 401//425 402//426
f 404//353 461//429 400//427
f 461//429 458//430 400//427
f 405//431 403//238 456//432
f 404//353 336//360 461//429
f 405//431 462//433 337//365
f 405//431 337//365 403//238
f 406//434 356//261 337//365
f 356//261 406//434 409//379
f 462//433 406//434 337//365
f 406//434 469//435 409//379
f 462//433 469//435 406//434
f 465//436 336//360 352//372
f 351//373 463//437 352//372
f 463//437 351//373 464//438
f 464//438 351//373 407//375
f 352//372 463//437 465//436
f 470//439 464//438 407//375
f 468//440 415//441 408//442
f 408//442 355//377 409//379
f 355//377 408//442 418//378
f 469//435 408//442 409//379
f 410//443 407//375 411//376
f 470//439 407//375 410//443
f 358//380 362//382 413//383
f 411//376 359//374 412//444
f 359//374 358//380 412//444
f 413//383 412//444 358//380
f 410//443 411//376 414//445
f 414//445 411//376 412//444
f 418//378 415//441 417//446
f 408//442 415//441 418//378
f 410//443 414//445 473//447
f 473//447 414//445 416//448
f 414//445 412//444 416//448
f 416//448 412//444 413//383
f 474//449 413//383 417//446
f 417//446 413//383 418//378
f 415//441 468//440 477//450
f 415//441 477//450 417//446
f 471//451 410//443 473//447
f 473//447 416//448 475//452
f 475//452 416//448 474//449
f 416//448 413//383 474//449
f 439//411 419//453 382//384
f 420//390 421//391 367//389
f 419//453 368//385 382//384
f 368//385 419//453 534//454
f 420//390 368//385 534//454
f 423//395 425//398 424//396
f 422//392 426//455 423//395
f 426//455 425//398 423//395
f 426//455 427//456 425//398
f 425//398 427//456 437//457
f 483//458 422//392 421//391
f 485//459 426//455 422//392
f 433//460 428//397 425//398
f 433//460 430//461 428//397
f 428//397 430//461 378//404
f 430//461 431//406 378//404
f 435//462 442//409 429//408
f 430//461 433//460 434//463
f 434//463 431//406 430//461
f 434//463 436//464 431//406
f 431//406 436//464 432//407
f 432//407 435//462 429//408
f 425//398 437//457 433//460
f 434//463 433//460 438//465
f 436//464 434//463 438//465
f 436//464 435//462 432//407
f 435//462 490//466 442//409
f 433//460 437//457 438//465
f 491//467 436//464 438//465
f 436//464 491//467 435//462
f 427//456 484//468 437//457
f 484//468 438//465 437//457
f 438//465 484//468 491//467
f 441//469 439//411 440//410
f 439//411 441//469 492//470
f 439//411 492//470 495//471
f 442//409 490//466 383//334
f 383//334 443//472 315//335
f 498//473 443//472 383//334
f 440//410 444//416 445//474
f 445//474 444//416 446//415
f 446//415 391//417 448//421
f 501//475 445//474 447//476
f 448//421 447//476 446//415
f 447//476 445//474 446//415
f 440//410 445//474 441//469
f 441//469 445//474 501//475
f 315//335 443//472 392//341
f 443//472 451//477 392//341
f 451//477 443//472 503//478
f 447//476 448//421 450//422
f 449//420 504//479 450//422
f 451//477 398//423 392//341
f 509//480 452//481 451//477
f 452//481 398//423 451//477
f 516//482 452//481 509//480
f 452//481 516//482 514//483
f 397//424 401//425 453//484
f 453//484 457//428 459//485
f 453//484 401//425 457//428
f 397//424 454//486 455//487
f 454//486 397//424 453//484
f 454//486 510//488 455//487
f 454//486 453//484 510//488
f 504//479 449//420 455//487
f 511//489 504//479 455//487
f 455//487 510//488 511//489
f 512//490 510//488 453//484
f 449//420 397//424 455//487
f 452//481 456//432 398//423
f 514//483 456//432 452//481
f 398//423 456//432 403//238
f 460//491 457//428 458//430
f 458//430 457//428 402//426
f 458//430 402//426 400//427
f 460//491 459//485 457//428
f 458//430 520//492 460//491
f 461//429 520//492 458//430
f 465//436 461//429 336//360
f 523//493 469//435 462//433
f 523//493 462//433 405//431
f 463//437 467//494 465//436
f 467//494 463//437 464//438
f 466//495 464//438 470//439
f 465//436 467//494 524//496
f 464//438 466//495 467//494
f 467//494 466//495 525//497
f 529//498 468//440 530//499
f 528//500 480//501 468//440
f 530//499 468//440 408//442
f 530//499 408//442 469//435
f 470//439 410//443 471//451
f 472//502 470//439 471//451
f 472//502 471//451 478//503
f 466//495 470//439 472//502
f 525//497 466//495 531//504
f 466//495 472//502 531//504
f 531//504 472//502 478//503
f 531//504 478//503 481//505
f 531//504 481//505 532//506
f 478//503 471//451 473//447
f 475//452 474//449 476//507
f 476//507 474//449 417//446
f 478//503 473//447 475//452
f 478//503 475//452 479//508
f 479//508 475//452 476//507
f 476//507 417//446 477//450
f 477//450 468//440 480//501
f 481//505 478//503 479//508
f 479//508 476//507 480//501
f 477//450 480//501 476//507
f 480//501 481//505 479//508
f 420//390 482//509 421//391
f 482//509 483//458 421//391
f 534//454 482//509 420//390
f 483//458 485//459 422//392
f 485//459 486//510 426//455
f 486//510 427//456 426//455
f 486//510 539//511 427//456
f 539//511 484//468 427//456
f 483//458 535//512 485//459
f 483//458 482//509 535//512
f 538//513 485//459 535//512
f 538//513 486//510 485//459
f 491//467 484//468 487//514
f 491//467 487//514 488//515
f 488//515 489//516 490//466
f 484//468 541//517 487//514
f 541//517 488//515 487//514
f 490//466 489//516 499//518
f 541//517 484//468 539//511
f 543//519 499//518 489//516
f 491//467 490//466 435//462
f 491//467 488//515 490//466
f 494//520 492//470 441//469
f 493//521 495//471 492//470
f 496//522 495//471 493//521
f 493//521 492//470 494//520
f 495//471 419//453 439//411
f 534//454 419//453 496//522
f 495//471 496//522 419//453
f 546//523 534//454 496//522
f 497//524 503//478 443//472
f 497//524 498//473 499//518
f 498//473 383//334 490//466
f 498//473 497//524 443//472
f 499//518 498//473 490//466
f 501//475 447//476 500//525
f 502//526 550//527 501//475
f 500//525 502//526 501//475
f 501//475 549//528 494//520
f 550//527 502//526 507//529
f 550//527 549//528 501//475
f 501//475 494//520 441//469
f 503//478 509//480 451//477
f 450//422 504//479 506//530
f 505//531 500//525 447//476
f 502//526 500//525 505//531
f 505//531 447//476 450//422
f 505//531 450//422 506//530
f 507//529 502//526 505//531
f 508//532 504//479 513//533
f 505//531 506//530 507//529
f 508//532 506//530 504//479
f 507//529 506//530 508//532
f 550//527 507//529 508//532
f 551//534 552//535 516//482
f 509//480 551//534 516//482
f 503//478 551//534 509//480
f 512//490 453//484 459//485
f 504//479 511//489 513//533
f 511//489 510//488 512//490
f 511//489 553//536 513//533
f 518//537 456//432 514//483
f 514//483 515//538 518//537
f 514//483 516//482 515//538
f 519//539 515//538 516//482
f 556//540 459//485 460//491
f 512//490 459//485 556//540
f 518//537 405//431 456//432
f 519//539 405//431 518//537
f 519//539 518//537 515//538
f 522//541 405//431 519//539
f 519//539 606//542 522//541
f 517//543 556//540 460//491
f 520//492 517//543 460//491
f 517//543 520//492 558//544
f 558//544 520//492 521//545
f 405//431 522//541 523//493
f 520//492 461//429 465//436
f 520//492 465//436 521//545
f 521//545 465//436 565//546
f 469//435 523//493 530//499
f 522//541 564//547 523//493
f 529//498 530//499 523//493
f 523//493 563//548 529//498
f 565//546 465//436 524//496
f 526//549 467//494 525//497
f 527//550 526//549 525//497
f 527//550 525//497 531//504
f 526//549 524//496 467//494
f 528//500 533//551 480//501
f 468//440 529//498 528//500
f 570//552 528//500 529//498
f 528//500 570//552 571//553
f 528//500 571//553 533//551
f 570//552 529//498 572//554
f 527//550 531//504 532//506
f 481//505 480//501 533//551
f 532//506 481//505 533//551
f 537//555 534//454 546//523
f 536//556 535//512 482//509
f 482//509 534//454 536//556
f 536//556 540//557 535//512
f 537//555 536//556 534//454
f 536//556 576//558 540//557
f 546//523 575//559 537//555
f 538//513 539//511 486//510
f 540//557 538//513 535//512
f 541//517 542//560 488//515
f 542//560 489//516 488//515
f 542//560 543//519 489//516
f 576//558 538//513 540//557
f 576//558 544//561 538//513
f 538//513 544//561 539//511
f 539//511 544//561 577//562
f 577//562 541//517 539//511
f 542//560 580//563 543//519
f 581//564 544//561 576//558
f 581//564 577//562 544//561
f 541//517 577//562 579//565
f 542//560 541//517 579//565
f 542//560 579//565 580//563
f 580//563 578//566 543//519
f 493//521 494//520 545//567
f 494//520 549//528 545//567
f 493//521 545//567 546//523
f 584//568 545//567 549//528
f 496//522 493//521 546//523
f 499//518 547//569 497//524
f 547//569 499//518 543//519
f 586//570 497//524 547//569
f 586//570 503//478 497//524
f 543//519 578//566 547//569
f 578//566 586//570 547//569
f 548//571 549//528 550//527
f 503//478 590//572 551//534
f 508//532 513//533 554//573
f 548//571 550//527 508//532
f 508//532 554//573 592//574
f 590//572 552//535 551//534
f 511//489 512//490 553//536
f 512//490 597//575 553//536
f 513//533 553//536 554//573
f 554//573 553//536 594//576
f 595//577 519//539 516//482
f 555//578 557//579 596//580
f 559//581 556//540 517//543
f 517//543 560//582 559//581
f 557//579 556//540 559//581
f 555//578 512//490 556//540
f 555//578 556//540 557//579
f 555//578 597//575 512//490
f 601//583 557//579 559//581
f 517//543 558//544 560//582
f 561//584 560//582 558//544
f 558//544 521//545 561//584
f 605//585 559//581 560//582
f 560//582 561//584 605//585
f 559//581 605//585 604//586
f 606//542 564//547 522//541
f 565//546 562//587 521//545
f 562//587 561//584 521//545
f 562//587 565//546 610//588
f 561//584 562//587 607//589
f 562//587 610//588 607//589
f 529//498 563//548 572//554
f 564//547 563//548 523//493
f 567//590 565//546 524//496
f 566//591 524//496 526//549
f 568//592 566//591 526//549
f 610//588 565//546 567//590
f 566//591 567//590 524//496
f 566//591 568//592 612//593
f 527//550 568//592 526//549
f 568//592 527//550 569//594
f 569//594 527//550 532//506
f 571//553 642//595 533//551
f 533//551 615//596 532//506
f 533//551 642//595 615//596
f 569//594 532//506 614//597
f 614//597 532//506 615//596
f 618//598 572//554 563//548
f 570//552 642//595 571//553
f 575//559 546//523 585//599
f 537//555 573//600 536//556
f 536//556 573//600 576//558
f 573//600 574//601 576//558
f 574//601 581//564 576//558
f 575//559 573//600 537//555
f 621//602 581//564 574//601
f 573//600 575//559 574//601
f 621//602 582//603 581//564
f 582//603 577//562 581//564
f 579//565 577//562 582//603
f 582//603 583//604 579//565
f 583//604 580//563 579//565
f 580//563 587//605 578//566
f 580//563 583//604 587//605
f 583//604 679//606 587//605
f 587//605 679//606 684//607
f 584//568 549//528 589//608
f 624//609 545//567 584//568
f 624//609 584//568 589//608
f 585//599 546//523 622//610
f 587//605 586//570 578//566
f 588//611 549//528 548//571
f 593//612 588//611 548//571
f 588//611 589//608 549//528
f 623//613 589//608 588//611
f 623//613 588//611 593//612
f 586//570 690//614 590//572
f 586//570 590//572 503//478
f 592//574 554//573 591//615
f 554//573 594//576 591//615
f 508//532 592//574 548//571
f 548//571 592//574 593//612
f 593//612 592//574 626//616
f 626//616 592//574 591//615
f 552//535 590//572 629//617
f 595//577 552//535 629//617
f 590//572 690//614 629//617
f 598//618 628//619 597//575
f 594//576 553//536 597//575
f 628//619 591//615 594//576
f 594//576 597//575 628//619
f 600//620 519//539 595//577
f 552//535 595//577 516//482
f 557//579 601//583 596//580
f 598//618 555//578 596//580
f 599//621 596//580 601//583
f 599//621 598//618 596//580
f 555//578 598//618 597//575
f 599//621 602//622 632//623
f 630//624 598//618 599//621
f 632//623 631//625 599//621
f 600//620 606//542 519//539
f 600//620 634//626 606//542
f 601//583 604//586 602//622
f 601//583 602//622 599//621
f 604//586 605//585 602//622
f 602//622 605//585 603//627
f 605//585 609//628 603//627
f 632//623 602//622 603//627
f 559//581 604//586 601//583
f 561//584 607//589 605//585
f 608//629 605//585 607//589
f 609//628 605//585 608//629
f 564//547 606//542 634//626
f 610//588 608//629 607//589
f 608//629 636//630 609//628
f 613//631 612//593 568//592
f 569//594 613//631 568//592
f 611//632 567//590 566//591
f 611//632 566//591 612//593
f 640//633 611//632 612//593
f 641//634 640//633 612//593
f 641//634 612//593 613//631
f 567//590 611//632 640//633
f 610//588 567//590 639//635
f 617//636 613//631 569//594
f 617//636 569//594 614//597
f 642//595 616//637 615//596
f 615//596 616//637 614//597
f 617//636 614//597 616//637
f 572//554 619//638 570//552
f 642//595 570//552 619//638
f 618//598 619//638 572//554
f 643//639 575//559 585//599
f 643//639 574//601 575//559
f 620//640 583//604 582//603
f 621//602 620//640 582//603
f 546//523 545//567 622//610
f 646//641 545//567 624//609
f 622//610 545//567 646//641
f 646//641 624//609 650//642
f 648//643 585//599 622//610
f 648//643 643//639 585//599
f 684//607 586//570 587//605
f 650//642 627//644 654//645
f 623//613 624//609 589//608
f 627//644 623//613 593//612
f 627//644 624//609 623//613
f 626//616 591//615 625//646
f 627//644 626//616 625//646
f 593//612 626//616 627//644
f 656//647 628//619 598//618
f 625//646 591//615 628//619
f 655//648 625//646 628//619
f 629//617 660//649 595//577
f 660//649 600//620 595//577
f 629//617 695//650 660//649
f 630//624 599//621 631//625
f 598//618 630//624 656//647
f 631//625 658//651 630//624
f 658//651 659//652 630//624
f 700//653 634//626 600//620
f 600//620 660//649 700//653
f 633//654 702//655 658//651
f 635//656 603//627 609//628
f 632//623 633//654 631//625
f 631//625 633//654 658//651
f 632//623 603//627 633//654
f 564//547 634//626 638//657
f 610//588 639//635 608//629
f 609//628 636//630 635//656
f 636//630 608//629 639//635
f 705//658 603//627 635//656
f 637//659 705//658 635//656
f 636//630 637//659 635//656
f 661//660 618//598 563//548
f 564//547 638//657 563//548
f 563//548 638//657 661//660
f 639//635 637//659 636//630
f 639//635 640//633 663//661
f 641//634 663//661 640//633
f 567//590 640//633 639//635
f 641//634 613//631 666//662
f 666//662 613//631 668//663
f 668//663 613//631 617//636
f 665//664 641//634 666//662
f 668//663 617//636 616//637
f 619//638 669//665 642//595
f 669//665 616//637 642//595
f 669//665 667//666 616//637
f 670//667 669//665 619//638
f 643//639 644//668 574//601
f 643//639 673//669 644//668
f 644//668 621//602 574//601
f 645//670 621//602 644//668
f 650//642 647//671 646//641
f 622//610 646//641 647//671
f 622//610 647//671 671//672
f 671//672 672//673 622//610
f 648//643 622//610 672//673
f 672//673 643//639 648//643
f 643//639 672//673 673//669
f 676//674 644//668 673//669
f 676//674 674//675 644//668
f 645//670 649//676 621//602
f 621//602 649//676 620//640
f 649//676 678//677 620//640
f 583//604 620//640 678//677
f 583//604 678//677 679//606
f 645//670 675//678 649//676
f 675//678 678//677 649//676
f 683//679 650//642 654//645
f 647//671 650//642 683//679
f 624//609 627//644 650//642
f 586//570 685//680 690//614
f 651//681 655//648 657//682
f 651//681 653//683 652//684
f 657//682 653//683 651//681
f 653//683 688//685 652//684
f 653//683 657//682 694//686
f 688//685 653//683 694//686
f 627//644 625//646 654//645
f 654//645 625//646 655//648
f 654//645 655//648 652//684
f 655//648 651//681 652//684
f 683//679 654//645 652//684
f 688//685 683//679 652//684
f 681//687 683//679 688//685
f 656//647 659//652 657//682
f 655//648 628//619 656//647
f 656//647 657//682 655//648
f 629//617 690//614 695//650
f 656//647 630//624 659//652
f 658//651 696//688 659//652
f 702//655 633//654 603//627
f 700//653 638//657 634//626
f 704//689 603//627 705//658
f 662//690 705//658 637//659
f 661//660 670//667 618//598
f 706//691 670//667 661//660
f 638//657 706//691 661//660
f 705//658 662//690 758//692
f 662//690 637//659 639//635
f 639//635 663//661 662//690
f 663//661 758//692 662//690
f 663//661 641//634 664//693
f 641//634 665//664 664//693
f 665//664 666//662 709//694
f 668//663 616//637 667//666
f 666//662 668//663 709//694
f 667//666 709//694 668//663
f 669//665 709//694 667//666
f 670//667 619//638 618//598
f 647//671 683//679 682//695
f 682//695 671//672 647//671
f 671//672 719//696 672//673
f 672//673 711//697 673//669
f 719//696 711//697 672//673
f 711//697 676//674 673//669
f 676//674 711//697 710//698
f 710//698 712//699 676//674
f 644//668 674//675 645//670
f 674//675 675//678 645//670
f 774//700 675//678 674//675
f 774//700 677//701 678//677
f 774//700 678//677 675//678
f 676//674 712//699 674//675
f 674//675 712//699 773//702
f 674//675 773//702 774//700
f 678//677 677//701 679//606
f 716//703 681//687 689//704
f 682//695 680//705 717//706
f 682//695 717//706 671//672
f 680//705 683//679 681//687
f 682//695 683//679 680//705
f 684//607 686//707 586//570
f 686//707 685//680 586//570
f 781//708 685//680 686//707
f 725//709 687//710 689//704
f 687//710 716//703 689//704
f 687//710 726//711 716//703
f 688//685 689//704 681//687
f 690//614 782//712 695//650
f 685//680 782//712 690//614
f 781//708 782//712 685//680
f 695//650 782//712 735//713
f 699//714 693//715 697//716
f 693//715 722//717 725//709
f 693//715 699//714 722//717
f 733//718 722//717 699//714
f 657//682 659//652 696//688
f 694//686 696//688 692//719
f 657//682 696//688 694//686
f 691//720 689//704 694//686
f 692//719 691//720 694//686
f 725//709 689//704 691//720
f 692//719 693//715 691//720
f 697//716 693//715 692//719
f 725//709 691//720 693//715
f 688//685 694//686 689//704
f 695//650 735//713 660//649
f 701//721 698//722 696//688
f 696//688 698//722 697//716
f 698//722 699//714 697//716
f 740//723 733//718 699//714
f 699//714 698//722 740//723
f 658//651 701//721 696//688
f 697//716 692//719 696//688
f 735//713 747//724 660//649
f 747//724 700//653 660//649
f 658//651 702//655 701//721
f 701//721 702//655 698//722
f 702//655 744//725 698//722
f 698//722 744//725 736//726
f 702//655 704//689 750//727
f 746//728 706//691 638//657
f 746//728 790//729 706//691
f 746//728 638//657 700//653
f 704//689 702//655 603//627
f 705//658 758//692 793//730
f 704//689 705//658 757//731
f 793//730 757//731 705//658
f 663//661 664//693 707//732
f 707//732 664//693 708//733
f 762//734 759//735 708//733
f 759//735 707//732 708//733
f 663//661 707//732 758//692
f 664//693 665//664 708//733
f 762//734 708//733 665//664
f 711//697 772//736 710//698
f 773//702 712//699 710//698
f 772//736 773//702 710//698
f 774//700 775//737 677//701
f 716//703 726//711 713//738
f 713//738 720//739 718//740
f 726//711 727//741 713//738
f 713//738 727//741 714//742
f 720//739 714//742 715//743
f 714//742 720//739 713//738
f 720//739 715//743 719//696
f 715//743 714//742 765//744
f 671//672 717//706 719//696
f 717//706 680//705 718//740
f 681//687 716//703 718//740
f 680//705 681//687 718//740
f 718//740 716//703 713//738
f 720//739 717//706 718//740
f 720//739 719//696 717//706
f 767//745 719//696 715//743
f 719//696 768//746 711//697
f 719//696 767//745 768//746
f 711//697 814//747 772//736
f 775//737 776//748 677//701
f 677//701 776//748 679//606
f 734//749 730//750 777//751
f 723//752 721//753 722//717
f 722//717 721//753 725//709
f 724//754 727//741 721//753
f 723//752 724//754 721//753
f 777//751 724//754 723//752
f 777//751 723//752 734//749
f 780//755 724//754 777//751
f 780//755 727//741 724//754
f 726//711 687//710 725//709
f 725//709 721//753 726//711
f 721//753 727//741 726//711
f 729//756 730//750 728//757
f 734//749 728//757 730//750
f 731//758 730//750 729//756
f 731//758 729//756 737//759
f 738//760 731//758 737//759
f 730//750 731//758 732//761
f 731//758 738//760 732//761
f 734//749 723//752 722//717
f 733//718 734//749 722//717
f 729//756 728//757 733//718
f 729//756 733//718 740//723
f 728//757 734//749 733//718
f 736//726 737//759 729//756
f 737//759 736//726 739//762
f 738//760 737//759 739//762
f 739//762 736//726 741//763
f 698//722 736//726 740//723
f 736//726 729//756 740//723
f 742//764 741//763 744//725
f 741//763 742//764 743//765
f 751//766 743//765 742//764
f 739//762 741//763 788//767
f 741//763 743//765 788//767
f 789//768 788//767 743//765
f 736//726 744//725 741//763
f 744//725 702//655 745//769
f 744//725 745//769 742//764
f 751//766 742//764 745//769
f 745//769 750//727 751//766
f 702//655 750//727 745//769
f 700//653 747//724 746//728
f 790//729 746//728 747//724
f 748//770 743//765 751//766
f 789//768 743//765 748//770
f 749//771 756//772 791//773
f 703//774 750//727 704//689
f 753//775 750//727 703//774
f 757//731 752//776 704//689
f 752//776 703//774 704//689
f 750//727 753//775 751//766
f 753//775 703//774 754//777
f 748//770 751//766 753//775
f 749//771 753//775 754//777
f 749//771 748//770 753//775
f 754//777 703//774 755//778
f 755//778 703//774 752//776
f 749//771 754//777 756//772
f 756//772 754//777 755//778
f 756//772 755//778 792//779
f 757//731 793//730 752//776
f 758//692 707//732 760//780
f 759//735 760//780 707//732
f 759//735 762//734 797//781
f 794//782 758//692 760//780
f 794//782 793//730 758//692
f 709//694 669//665 800//783
f 761//784 800//783 669//665
f 928//785 800//783 761//784
f 824//786 761//784 670//667
f 670//667 761//784 669//665
f 824//786 706//691 790//729
f 824//786 670//667 706//691
f 760//780 759//735 797//781
f 799//787 797//781 762//734
f 799//787 762//734 798//788
f 798//788 762//734 665//664
f 796//789 794//782 760//780
f 797//781 796//789 760//780
f 798//788 665//664 709//694
f 798//788 709//694 800//783
f 780//755 802//790 763//791
f 801//792 763//791 802//790
f 727//741 780//755 763//791
f 714//742 727//741 763//791
f 764//793 714//742 763//791
f 764//793 801//792 804//794
f 764//793 763//791 801//792
f 765//744 767//745 715//743
f 714//742 764//793 765//744
f 766//795 767//745 765//744
f 765//744 764//793 807//796
f 807//796 766//795 765//744
f 807//796 769//797 766//795
f 767//745 766//795 769//797
f 767//745 769//797 768//746
f 769//797 770//798 768//746
f 769//797 812//799 770//798
f 768//746 771//800 711//697
f 768//746 770//798 771//800
f 771//800 814//747 711//697
f 771//800 770//798 814//747
f 772//736 817//801 773//702
f 775//737 886//802 776//748
f 684//607 776//748 886//802
f 893//803 684//607 886//802
f 853//804 775//737 774//700
f 684//607 679//606 776//748
f 780//755 777//751 778//805
f 777//751 730//750 778//805
f 778//805 730//750 784//806
f 778//805 784//806 779//807
f 802//790 780//755 848//808
f 893//803 686//707 684//607
f 732//761 784//806 730//750
f 785//809 783//810 732//761
f 785//809 732//761 738//760
f 784//806 783//810 786//811
f 732//761 783//810 784//806
f 786//811 787//812 784//806
f 779//807 784//806 787//812
f 739//762 788//767 821//813
f 785//809 738//760 739//762
f 785//809 786//811 783//810
f 785//809 739//762 821//813
f 786//811 785//809 821//813
f 786//811 821//813 787//812
f 821//813 788//767 789//768
f 822//814 821//813 789//768
f 789//768 748//770 749//771
f 756//772 792//779 791//773
f 789//768 749//771 791//773
f 791//773 792//779 860//815
f 755//778 752//776 795//816
f 793//730 795//816 752//776
f 795//816 792//779 755//778
f 795//816 793//730 794//782
f 794//782 796//789 823//817
f 795//816 794//782 823//817
f 869//818 823//817 796//789
f 797//781 799//787 825//819
f 825//819 796//789 797//781
f 826//820 798//788 800//783
f 799//787 798//788 827//821
f 827//821 798//788 826//820
f 826//820 800//783 928//785
f 801//792 803//822 805//823
f 801//792 802//790 803//822
f 803//822 802//790 837//824
f 804//794 807//796 764//793
f 805//823 804//794 801//792
f 808//825 807//796 804//794
f 804//794 806//826 808//825
f 806//826 804//794 805//823
f 811//827 808//825 806//826
f 805//823 841//828 806//826
f 842//829 806//826 841//828
f 808//825 769//797 807//796
f 809//830 769//797 808//825
f 809//830 812//799 769//797
f 809//830 810//831 812//799
f 808//825 811//827 809//830
f 809//830 811//827 810//831
f 811//827 845//832 810//831
f 845//832 812//799 810//831
f 770//798 812//799 813//833
f 813//833 814//747 770//798
f 813//833 815//834 814//747
f 883//835 813//833 812//799
f 814//747 816//836 772//736
f 814//747 815//834 816//836
f 816//836 817//801 772//736
f 813//833 846//837 815//834
f 846//837 816//836 815//834
f 846//837 852//838 817//801
f 775//737 853//804 886//802
f 817//801 818//839 773//702
f 818//839 774//700 773//702
f 774//700 818//839 853//804
f 778//805 779//807 820//840
f 848//808 780//755 778//805
f 893//803 781//708 686//707
f 819//841 779//807 787//812
f 779//807 819//841 820//840
f 820//840 819//841 854//842
f 787//812 821//813 819//841
f 735//713 894//843 747//724
f 896//844 747//724 894//843
f 822//814 819//841 821//813
f 789//768 861//845 822//814
f 747//724 859//846 790//729
f 860//815 789//768 791//773
f 860//815 792//779 865//847
f 865//847 792//779 866//848
f 792//779 795//816 866//848
f 866//848 795//816 864//849
f 795//816 823//817 864//849
f 761//784 923//850 928//785
f 923//850 761//784 824//786
f 923//850 824//786 924//851
f 859//846 824//786 790//729
f 859//846 924//851 824//786
f 825//819 869//818 796//789
f 825//819 799//787 827//821
f 929//852 825//819 827//821
f 870//853 825//819 929//852
f 826//820 928//785 929//852
f 826//820 929//852 827//821
f 839//854 871//855 828//856
f 828//856 872//857 843//858
f 838//859 828//856 843//858
f 871//855 873//860 828//856
f 843//858 872//857 844//861
f 802//790 848//808 829//862
f 837//824 802//790 831//863
f 829//862 830//864 831//863
f 831//863 802//790 829//862
f 849//865 830//864 848//808
f 830//864 829//862 848//808
f 833//866 831//863 830//864
f 833//866 830//864 849//865
f 831//863 833//866 832//867
f 832//867 837//824 831//863
f 833//866 849//865 834//868
f 834//868 849//865 851//869
f 833//866 879//870 832//867
f 879//870 833//866 834//868
f 835//871 805//823 803//822
f 835//871 803//822 836//872
f 803//822 837//824 836//872
f 836//872 838//859 835//871
f 836//872 839//854 838//859
f 836//872 837//824 839//854
f 839//854 828//856 838//859
f 837//824 832//867 840//873
f 839//854 837//824 840//873
f 839//854 840//873 871//855
f 806//826 842//829 811//827
f 835//871 841//828 805//823
f 842//829 844//861 811//827
f 838//859 841//828 835//871
f 843//858 841//828 838//859
f 842//829 841//828 843//858
f 843//858 844//861 842//829
f 811//827 844//861 845//832
f 845//832 883//835 812//799
f 846//837 813//833 883//835
f 816//836 846//837 817//801
f 818//839 817//801 852//838
f 855//874 847//875 850//876
f 955//877 847//875 959//878
f 850//876 848//808 778//805
f 820//840 850//876 778//805
f 849//865 848//808 850//876
f 851//869 849//865 850//876
f 851//869 850//876 847//875
f 955//877 851//869 847//875
f 846//837 884//879 852//838
f 885//880 853//804 818//839
f 888//881 885//880 852//838
f 852//838 885//880 818//839
f 959//878 847//875 855//874
f 959//878 855//874 856//882
f 855//874 820//840 854//842
f 854//842 856//882 855//874
f 850//876 820//840 855//874
f 782//712 894//843 735//713
f 856//882 854//842 895//883
f 854//842 819//841 857//884
f 854//842 857//884 895//883
f 1055//885 896//844 894//843
f 858//886 903//887 857//884
f 903//887 858//886 897//888
f 819//841 822//814 857//884
f 822//814 858//886 857//884
f 822//814 861//845 858//886
f 861//845 863//889 858//886
f 858//886 863//889 897//888
f 896//844 924//851 859//846
f 789//768 860//815 861//845
f 861//845 860//815 909//890
f 909//890 860//815 912//891
f 865//847 912//891 860//815
f 909//890 863//889 861//845
f 909//890 907//892 863//889
f 912//891 865//847 862//893
f 866//848 864//849 867//894
f 864//849 823//817 867//894
f 869//818 867//894 823//817
f 865//847 866//848 867//894
f 862//893 865//847 867//894
f 868//895 867//894 869//818
f 922//896 867//894 868//895
f 926//897 868//895 869//818
f 927//898 926//897 869//818
f 927//898 869//818 870//853
f 869//818 825//819 870//853
f 871//855 840//873 874//899
f 873//860 872//857 828//856
f 874//899 873//860 871//855
f 873//860 875//900 872//857
f 877//901 876//902 874//899
f 874//899 876//902 873//860
f 876//902 875//900 873//860
f 876//902 878//903 875//900
f 874//899 930//904 877//901
f 932//905 878//903 877//901
f 877//901 878//903 876//902
f 879//870 851//869 940//906
f 879//870 834//868 851//869
f 930//904 840//873 832//867
f 874//899 840//873 930//904
f 875//900 878//903 880//907
f 872//857 875//900 844//861
f 880//907 844//861 875//900
f 881//908 844//861 880//907
f 881//908 845//832 844//861
f 880//907 1011//909 881//908
f 880//907 878//903 1011//909
f 1011//909 954//910 881//908
f 881//908 882//911 845//832
f 882//911 881//908 954//910
f 882//911 883//835 845//832
f 940//906 851//869 955//877
f 956//912 955//877 959//878
f 853//804 885//880 886//802
f 884//879 888//881 852//838
f 887//913 886//802 885//880
f 891//914 893//803 886//802
f 888//881 889//915 885//880
f 887//913 885//880 889//915
f 890//916 887//913 889//915
f 886//802 887//913 890//916
f 890//916 891//914 886//802
f 1022//917 888//881 884//879
f 1022//917 889//915 888//881
f 1048//918 889//915 1022//917
f 890//916 889//915 1048//918
f 890//916 1048//918 891//914
f 959//878 856//882 960//919
f 782//712 781//708 892//920
f 892//920 894//843 782//712
f 892//920 781//708 893//803
f 1100//921 892//920 893//803
f 960//919 856//882 965//922
f 895//883 857//884 903//887
f 856//882 895//883 965//922
f 965//922 895//883 903//887
f 896//844 859//846 747//724
f 863//889 898//923 897//888
f 903//887 897//888 899//924
f 898//923 899//924 897//888
f 898//923 900//925 899//924
f 907//892 900//925 898//923
f 900//925 901//926 899//924
f 900//925 907//892 901//926
f 903//887 899//924 904//927
f 901//926 908//928 902//929
f 901//926 907//892 908//928
f 899//924 901//926 904//927
f 904//927 901//926 905//930
f 901//926 902//929 905//930
f 905//930 902//929 969//931
f 902//929 908//928 969//931
f 903//887 904//927 970//932
f 970//932 904//927 968//933
f 968//933 904//927 905//930
f 968//933 905//930 969//931
f 863//889 907//892 898//923
f 908//928 907//892 906//934
f 908//928 906//934 914//935
f 917//936 908//928 914//935
f 917//936 969//931 908//928
f 910//937 912//891 862//893
f 910//937 862//893 911//938
f 911//938 862//893 867//894
f 907//892 909//890 906//934
f 906//934 909//890 912//891
f 912//891 910//937 916//939
f 910//937 911//938 916//939
f 916//939 911//938 919//940
f 913//941 911//938 867//894
f 914//935 906//934 912//891
f 915//942 914//935 912//891
f 915//942 912//891 916//939
f 913//941 919//940 911//938
f 918//943 917//936 914//935
f 918//943 914//935 915//942
f 918//943 915//942 916//939
f 918//943 916//939 919//940
f 917//936 918//943 921//944
f 919//940 984//945 918//943
f 921//944 972//946 917//936
f 984//945 919//940 983//947
f 919//940 986//948 983//947
f 913//941 986//948 919//940
f 3791//949 920//950 986//948
f 980//951 972//946 921//944
f 984//945 921//944 918//943
f 984//945 980//951 921//944
f 985//952 984//945 983//947
f 3791//949 867//894 922//896
f 868//895 925//953 922//896
f 3791//949 922//896 920//950
f 920//950 922//896 925//953
f 929//852 927//898 870//853
f 926//897 925//953 868//895
f 920//950 925//953 990//954
f 990//954 925//953 926//897
f 931//955 877//901 930//904
f 930//904 948//956 933//957
f 933//957 931//955 930//904
f 931//955 932//905 877//901
f 933//957 934//958 931//955
f 934//958 932//905 931//955
f 948//956 950//959 935//960
f 933//957 948//956 935//960
f 935//960 936//961 933//957
f 933//957 936//961 934//958
f 934//958 939//962 932//905
f 932//905 939//962 878//903
f 936//961 937//963 934//958
f 937//963 939//962 934//958
f 935//960 938//964 936//961
f 938//964 937//963 936//961
f 938//964 991//965 937//963
f 937//963 991//965 1000//966
f 939//962 1011//909 878//903
f 957//967 943//968 940//906
f 879//870 940//906 942//969
f 879//870 942//969 941//970
f 942//969 940//906 943//968
f 957//967 947//971 943//968
f 941//970 944//972 951//973
f 951//973 944//972 952//974
f 944//972 941//970 942//969
f 947//971 942//969 943//968
f 944//972 946//975 945//976
f 944//972 945//976 952//974
f 946//975 944//972 942//969
f 942//969 947//971 946//975
f 946//975 947//971 992//977
f 947//971 957//967 993//978
f 992//977 947//971 993//978
f 993//978 957//967 1015//979
f 832//867 949//980 930//904
f 930//904 949//980 948//956
f 832//867 941//970 949//980
f 941//970 832//867 879//870
f 949//980 950//959 948//956
f 951//973 949//980 941//970
f 950//959 949//980 951//973
f 950//959 952//974 953//981
f 950//959 953//981 935//960
f 952//974 950//959 951//973
f 952//974 1001//982 953//981
f 1001//982 952//974 945//976
f 953//981 1001//982 998//983
f 998//983 999//984 953//981
f 953//981 999//984 935//960
f 935//960 999//984 938//964
f 991//965 1004//985 1000//966
f 937//963 1000//966 939//962
f 954//910 1018//986 882//911
f 1011//909 1018//986 954//910
f 957//967 940//906 955//877
f 958//987 957//967 955//877
f 958//987 955//877 956//912
f 962//988 958//987 956//912
f 1015//979 957//967 958//987
f 1015//979 958//987 1017//989
f 883//835 1020//990 846//837
f 1019//991 882//911 1018//986
f 1019//991 883//835 882//911
f 884//879 846//837 1021//992
f 1020//990 1021//992 846//837
f 961//993 956//912 959//878
f 959//878 960//919 961//993
f 961//993 960//919 965//922
f 961//993 963//994 962//988
f 956//912 961//993 962//988
f 963//994 961//993 964//995
f 964//995 961//993 965//922
f 958//987 962//988 1023//996
f 1023//996 962//988 963//994
f 1023//996 963//994 1024//997
f 1024//997 963//994 964//995
f 1100//921 894//843 892//920
f 1025//998 1100//921 893//803
f 964//995 965//922 1026//999
f 965//922 903//887 970//932
f 965//922 970//932 966//1000
f 1026//999 965//922 966//1000
f 967//1001 1027//1002 966//1000
f 970//932 968//933 974//1003
f 974//1003 968//933 971//1004
f 969//931 971//1004 968//933
f 971//1004 969//931 972//946
f 972//946 969//931 917//936
f 971//1004 972//946 973//1005
f 966//1000 970//932 974//1003
f 971//1004 975//1006 974//1003
f 971//1004 973//1005 975//1006
f 973//1005 972//946 980//951
f 974//1003 967//1001 966//1000
f 975//1006 977//1007 976//1008
f 977//1007 975//1006 973//1005
f 977//1007 973//1005 980//951
f 967//1001 974//1003 975//1006
f 976//1008 977//1007 981//1009
f 980//951 981//1009 977//1007
f 978//1010 967//1001 975//1006
f 978//1010 975//1006 976//1008
f 978//1010 976//1008 979//1011
f 1029//1012 967//1001 978//1010
f 1029//1012 978//1010 979//1011
f 981//1009 980//951 987//1013
f 982//1014 981//1009 987//1013
f 979//1011 976//1008 981//1009
f 982//1014 979//1011 981//1009
f 986//948 985//952 983//947
f 987//1013 985//952 986//948
f 986//948 988//1015 987//1013
f 988//1015 986//948 920//950
f 984//945 987//1013 980//951
f 987//1013 984//945 985//952
f 989//1016 988//1015 920//950
f 982//1014 987//1013 988//1015
f 1151//1017 989//1016 920//950
f 982//1014 988//1015 1036//1018
f 1037//1019 1036//1018 988//1015
f 1037//1019 988//1015 989//1016
f 924//851 1039//1020 923//850
f 945//976 994//1021 1001//982
f 946//975 995//1022 945//976
f 945//976 995//1022 994//1021
f 946//975 992//977 995//1022
f 997//1023 992//977 993//978
f 997//1023 993//978 1016//1024
f 1016//1024 993//978 1015//979
f 994//1021 996//1025 1005//1026
f 1001//982 994//1021 1005//1026
f 996//1025 994//1021 995//1022
f 995//1022 992//977 997//1023
f 996//1025 1007//1027 1005//1026
f 996//1025 1043//1028 1007//1027
f 995//1022 1043//1028 996//1025
f 1043//1028 995//1022 997//1023
f 1093//1029 997//1023 1016//1024
f 997//1023 1093//1029 1043//1028
f 1043//1028 1042//1030 1007//1027
f 998//983 1001//982 1003//1031
f 1003//1031 999//984 998//983
f 999//984 1002//1032 938//964
f 938//964 1002//1032 991//965
f 1004//985 1012//1033 1000//966
f 1000//966 1012//1033 939//962
f 1003//1031 1002//1032 999//984
f 1006//1034 1004//985 991//965
f 1001//982 1005//1026 1003//1031
f 1004//985 1014//1035 1012//1033
f 1006//1034 991//965 1002//1032
f 1004//985 1006//1034 1009//1036
f 1014//1035 1004//985 1009//1036
f 1005//1026 1008//1037 1003//1031
f 1003//1031 1008//1037 1002//1032
f 1005//1026 1007//1027 1008//1037
f 1010//1038 1009//1036 1006//1034
f 1002//1032 1008//1037 1006//1034
f 1006//1034 1008//1037 1010//1038
f 1007//1027 1010//1038 1008//1037
f 1013//1039 1011//909 1012//1033
f 1012//1033 1011//909 939//962
f 1012//1033 1014//1035 1013//1039
f 1011//909 1013//1039 1018//986
f 1017//989 958//987 1023//996
f 1041//1040 1016//1024 1015//979
f 1041//1040 1015//979 1017//989
f 1041//1040 1093//1029 1016//1024
f 1041//1040 1017//989 1023//996
f 1013//1039 1019//991 1018//986
f 1019//991 1020//990 883//835
f 1021//992 1047//1041 884//879
f 884//879 1047//1041 1022//917
f 1048//918 1052//1042 891//914
f 1024//997 1026//999 1050//1043
f 1023//996 1024//997 1050//1043
f 1050//1043 1041//1040 1023//996
f 891//914 1052//1042 1025//998
f 891//914 1025//998 893//803
f 1050//1043 1026//999 1053//1044
f 1024//997 964//995 1026//999
f 1053//1044 1026//999 1028//1045
f 1031//1046 1053//1044 1028//1045
f 966//1000 1028//1045 1026//999
f 1029//1012 1027//1002 967//1001
f 966//1000 1027//1002 1028//1045
f 1030//1047 1029//1012 1034//1048
f 1032//1049 1027//1002 1029//1012
f 1029//1012 1030//1047 1032//1049
f 1031//1046 1028//1045 1027//1002
f 1031//1046 1027//1002 1032//1049
f 1061//1050 1031//1046 1032//1049
f 1031//1046 1061//1050 1060//1051
f 1061//1050 1032//1049 1059//1052
f 1032//1049 1030//1047 1059//1052
f 1067//1053 1059//1052 1030//1047
f 1034//1048 1029//1012 979//1011
f 1033//1054 1067//1053 1030//1047
f 1030//1047 1034//1048 1033//1054
f 1068//1055 1067//1053 1033//1054
f 1033//1054 1069//1056 1068//1055
f 1034//1048 1069//1056 1033//1054
f 982//1014 1034//1048 979//1011
f 1035//1057 982//1014 1036//1018
f 982//1014 1035//1057 1034//1048
f 1035//1057 1036//1018 1038//1058
f 1038//1058 1072//1059 1035//1057
f 1081//1060 1072//1059 1038//1058
f 1034//1048 1035//1057 1069//1056
f 1114//1061 1039//1020 924//851
f 1037//1019 1038//1058 1036//1018
f 1080//1062 989//1016 1151//1017
f 1081//1060 1038//1058 1037//1019
f 1081//1060 1037//1019 989//1016
f 1080//1062 1081//1060 989//1016
f 920//950 990//954 1151//1017
f 926//897 927//898 1155//1063
f 1155//1063 927//898 929//852
f 1155//1063 929//852 1040//1064
f 928//785 1040//1064 929//852
f 1083//1065 928//785 923//850
f 1007//1027 1042//1030 1010//1038
f 1009//1036 1010//1038 1089//1066
f 1043//1028 1085//1067 1042//1030
f 1085//1067 1043//1028 1117//1068
f 1085//1067 1084//1069 1042//1030
f 1043//1028 1093//1029 1117//1068
f 1084//1069 1087//1070 1044//1071
f 1084//1069 1044//1071 1042//1030
f 1042//1030 1044//1071 1010//1038
f 1044//1071 1087//1070 1010//1038
f 1010//1038 1087//1070 1089//1066
f 1009//1036 1045//1072 1014//1035
f 1089//1066 1045//1072 1009//1036
f 1089//1066 1091//1073 1045//1072
f 1046//1074 1013//1039 1014//1035
f 1013//1039 1046//1074 1019//991
f 1019//991 1091//1073 1020//990
f 1091//1073 1116//1075 1020//990
f 1045//1072 1046//1074 1014//1035
f 1046//1074 1091//1073 1019//991
f 1116//1075 1021//992 1020//990
f 1021//992 1092//1076 1047//1041
f 1092//1076 1022//917 1047//1041
f 1048//918 1022//917 1049//1077
f 1048//918 1049//1077 1052//1042
f 1049//1077 1022//917 1095//1078
f 1052//1042 1049//1077 1095//1078
f 1054//1079 1050//1043 1053//1044
f 1051//1080 1050//1043 1054//1079
f 1093//1029 1041//1040 1051//1080
f 1051//1080 1041//1040 1050//1043
f 1053//1044 1062//1081 1054//1079
f 1062//1081 1056//1082 1054//1079
f 1096//1083 1051//1080 1054//1079
f 1054//1079 1056//1082 1096//1083
f 1062//1081 1031//1046 1060//1051
f 1053//1044 1031//1046 1062//1081
f 894//843 1126//1084 1055//885
f 1100//921 1126//1084 894//843
f 1063//1085 1056//1082 1062//1081
f 1061//1050 1065//1086 1063//1085
f 1056//1082 1063//1085 1057//1087
f 1057//1087 1063//1085 1065//1086
f 1057//1087 1065//1086 1058//1088
f 1065//1086 1066//1089 1058//1088
f 1057//1087 1104//1090 1097//1091
f 1056//1082 1057//1087 1097//1091
f 1103//1092 1104//1090 1057//1087
f 1058//1088 1103//1092 1057//1087
f 1102//1093 1058//1088 1066//1089
f 1102//1093 1103//1092 1058//1088
f 1059//1052 1064//1094 1061//1050
f 1064//1094 1059//1052 1067//1053
f 1062//1081 1060//1051 1063//1085
f 1063//1085 1060//1051 1061//1050
f 1061//1050 1064//1094 1065//1086
f 1065//1086 1064//1094 1066//1089
f 1064//1094 1075//1095 1066//1089
f 1102//1093 1066//1089 1110//1096
f 1071//1097 1067//1053 1068//1055
f 1068//1055 1070//1098 1071//1097
f 1069//1056 1070//1098 1068//1055
f 1069//1056 1035//1057 1072//1059
f 1069//1056 1072//1059 1070//1098
f 1073//1099 1067//1053 1071//1097
f 1064//1094 1067//1053 1073//1099
f 1074//1100 1071//1097 1070//1098
f 1070//1098 1072//1059 1074//1100
f 1075//1095 1064//1094 1073//1099
f 1079//1101 1073//1099 1071//1097
f 1071//1097 1076//1102 1079//1101
f 1074//1100 1076//1102 1071//1097
f 1076//1102 1074//1100 1077//1103
f 1077//1103 1074//1100 1072//1059
f 1072//1059 1111//1104 1077//1103
f 1073//1099 1079//1101 1078//1105
f 1110//1096 1066//1089 1075//1095
f 1110//1096 1075//1095 1078//1105
f 1078//1105 1075//1095 1073//1099
f 1077//1103 1111//1104 1076//1102
f 1114//1061 924//851 896//844
f 1111//1104 1072//1059 1081//1060
f 1113//1106 1111//1104 1081//1060
f 1113//1106 1081//1060 1080//1062
f 1039//1020 1159//1107 1083//1065
f 1082//1108 1040//1064 928//785
f 1083//1065 923//850 1039//1020
f 1082//1108 928//785 1083//1065
f 1085//1067 1086//1109 1084//1069
f 1087//1070 1084//1069 1088//1110
f 1086//1109 1088//1110 1084//1069
f 1088//1110 1089//1066 1087//1070
f 1089//1066 1088//1110 1090//1111
f 1089//1066 1090//1111 1091//1073
f 1091//1073 1046//1074 1045//1072
f 1116//1075 1092//1076 1021//992
f 1099//1112 1117//1068 1093//1029
f 1117//1068 1118//1113 1085//1067
f 1086//1109 1085//1067 1118//1113
f 1094//1114 1100//921 1025//998
f 1052//1042 1095//1078 1025//998
f 1120//1115 1025//998 1095//1078
f 1025//998 1120//1115 1094//1114
f 1097//1091 1098//1116 1096//1083
f 1097//1091 1096//1083 1056//1082
f 1051//1080 1096//1083 1098//1116
f 1099//1112 1093//1029 1051//1080
f 1099//1112 1051//1080 1098//1116
f 1098//1116 1097//1091 1134//1117
f 1101//1118 1100//921 1094//1114
f 1128//1119 1126//1084 1100//921
f 1128//1119 1100//921 1101//1118
f 1134//1117 1097//1091 1104//1090
f 1104//1090 1130//1120 1134//1117
f 1107//1121 1104//1090 1103//1092
f 1130//1120 1104//1090 1136//1122
f 1104//1090 1107//1121 1136//1122
f 1135//1123 896//844 1055//885
f 896//844 1135//1123 1149//1124
f 1105//1125 1103//1092 1102//1093
f 1106//1126 1102//1093 1110//1096
f 1106//1126 1105//1125 1102//1093
f 1103//1092 1105//1125 1107//1121
f 1106//1126 1110//1096 1112//1127
f 1108//1128 1105//1125 1106//1126
f 1108//1128 1107//1121 1105//1125
f 1108//1128 1106//1126 1109//1129
f 1106//1126 1112//1127 1109//1129
f 1108//1128 1137//1130 1107//1121
f 1137//1130 1108//1128 1144//1131
f 1108//1128 1109//1129 1144//1131
f 1110//1096 1078//1105 1112//1127
f 1112//1127 1078//1105 1079//1101
f 1076//1102 1112//1127 1079//1101
f 1112//1127 1076//1102 1192//1132
f 1076//1102 1111//1104 1192//1132
f 896//844 1149//1124 1114//1061
f 1150//1133 1113//1106 1080//1062
f 1150//1133 1193//1134 1113//1106
f 1113//1106 1193//1134 1111//1104
f 1114//1061 1159//1107 1039//1020
f 1154//1135 990//954 926//897
f 1154//1135 926//897 1155//1063
f 1151//1017 990//954 1115//1136
f 1115//1136 990//954 1154//1135
f 1082//1108 1083//1065 1157//1137
f 1156//1138 1155//1063 1040//1064
f 1159//1107 1157//1137 1083//1065
f 1088//1110 1161//1139 1090//1111
f 1116//1075 1091//1073 1090//1111
f 1090//1111 1162//1140 1116//1075
f 1161//1139 1162//1140 1090//1111
f 1117//1068 1124//1141 1118//1113
f 1125//1142 1167//1143 1124//1141
f 1124//1141 1167//1143 1118//1113
f 1086//1109 1161//1139 1088//1110
f 1086//1109 1118//1113 1119//1144
f 1119//1144 1118//1113 1205//1145
f 1086//1109 1119//1144 1161//1139
f 1092//1076 1121//1146 1022//917
f 1092//1076 1232//1147 1121//1146
f 1163//1148 1092//1076 1116//1075
f 1163//1148 1232//1147 1092//1076
f 1129//1149 1120//1115 1164//1150
f 1094//1114 1120//1115 1101//1118
f 1121//1146 1095//1078 1022//917
f 1129//1149 1101//1118 1120//1115
f 1232//1147 1095//1078 1121//1146
f 1122//1151 1123//1152 1171//1153
f 1117//1068 1099//1112 1124//1141
f 1098//1116 1134//1117 1123//1152
f 1099//1112 1098//1116 1122//1151
f 1122//1151 1098//1116 1123//1152
f 1124//1141 1099//1112 1125//1142
f 1099//1112 1122//1151 1125//1142
f 1126//1084 1127//1154 1055//885
f 1127//1154 1135//1123 1055//885
f 1128//1119 1169//1155 1126//1084
f 1169//1155 1168//1156 1126//1084
f 1168//1156 1127//1154 1126//1084
f 1135//1123 1127//1154 1177//1157
f 1169//1155 1128//1119 1129//1149
f 1129//1149 1128//1119 1101//1118
f 1123//1152 1134//1117 1131//1158
f 1131//1158 1134//1117 1130//1120
f 1131//1158 1130//1120 1132//1159
f 1136//1122 1132//1159 1130//1120
f 1171//1153 1123//1152 1131//1158
f 1171//1153 1131//1158 1132//1159
f 1133//1160 1132//1159 1140//1161
f 1140//1161 1132//1159 1136//1122
f 1140//1161 1178//1162 1133//1160
f 1172//1163 1171//1153 1132//1159
f 1172//1163 1132//1159 1133//1160
f 1122//1151 1171//1153 1174//1164
f 1171//1153 1172//1163 1175//1165
f 1172//1163 1133//1160 1173//1166
f 1173//1166 1133//1160 1178//1162
f 1107//1121 1138//1167 1136//1122
f 1137//1130 1138//1167 1107//1121
f 1138//1167 1137//1130 1139//1168
f 1145//1169 1139//1168 1137//1130
f 1140//1161 1136//1122 1138//1167
f 1139//1168 1145//1169 1148//1170
f 1141//1171 1178//1162 1140//1161
f 1138//1167 1141//1171 1140//1161
f 1141//1171 1138//1167 1139//1168
f 1139//1168 1142//1172 1141//1171
f 1139//1168 1143//1173 1142//1172
f 1143//1173 1139//1168 1148//1170
f 1179//1174 1178//1162 1141//1171
f 1141//1171 1142//1172 1179//1174
f 1146//1175 1109//1129 1112//1127
f 1145//1169 1137//1130 1144//1131
f 1145//1169 1144//1131 1147//1176
f 1147//1176 1144//1131 1109//1129
f 1147//1176 1109//1129 1146//1175
f 1148//1170 1145//1169 1147//1176
f 1147//1176 1146//1175 1186//1177
f 1148//1170 1147//1176 1186//1177
f 1188//1178 1186//1177 1146//1175
f 1188//1178 1146//1175 1192//1132
f 1192//1132 1146//1175 1112//1127
f 1241//1179 1149//1124 1135//1123
f 1111//1104 1193//1134 1192//1132
f 1080//1062 1151//1017 1225//1180
f 1151//1017 1154//1135 1152//1181
f 1152//1181 1154//1135 1153//1182
f 1198//1183 1225//1180 1151//1017
f 1201//1184 1152//1181 1153//1182
f 1201//1184 1153//1182 1155//1063
f 1151//1017 1115//1136 1154//1135
f 1153//1182 1154//1135 1155//1063
f 1155//1063 1156//1138 1203//1185
f 1040//1064 1082//1108 1158//1186
f 1157//1137 1158//1186 1082//1108
f 1158//1186 1156//1138 1040//1064
f 1205//1145 1160//1187 1119//1144
f 1160//1187 1161//1139 1119//1144
f 1118//1113 1204//1188 1205//1145
f 1160//1187 1231//1189 1161//1139
f 1161//1139 1231//1189 1162//1140
f 1162//1140 1207//1190 1116//1075
f 1164//1150 1120//1115 1212//1191
f 1170//1192 1164//1150 1212//1191
f 1125//1142 1122//1151 1165//1193
f 1165//1193 1166//1194 1167//1143
f 1167//1143 1125//1142 1165//1193
f 1168//1156 1177//1157 1127//1154
f 1168//1156 1251//1195 1177//1157
f 1170//1192 1129//1149 1164//1150
f 1170//1192 1169//1155 1129//1149
f 1169//1155 1213//1196 1168//1156
f 1213//1196 1251//1195 1168//1156
f 1169//1155 1211//1197 1213//1196
f 1170//1192 1211//1197 1169//1155
f 1211//1197 1170//1192 1212//1191
f 1165//1193 1122//1151 1174//1164
f 1174//1164 1171//1153 1175//1165
f 1173//1166 1175//1165 1172//1163
f 1173//1166 1178//1162 1176//1198
f 1175//1165 1173//1166 1176//1198
f 1175//1165 1176//1198 1183//1199
f 1174//1164 1214//1200 1165//1193
f 1175//1165 1215//1201 1174//1164
f 1215//1201 1175//1165 1183//1199
f 1165//1193 1214//1200 1166//1194
f 1174//1164 1215//1201 1214//1200
f 1177//1157 1241//1179 1135//1123
f 1178//1162 1180//1202 1176//1198
f 1178//1162 1179//1174 1180//1202
f 1180//1202 1179//1174 1181//1203
f 1181//1203 1179//1174 1142//1172
f 1142//1172 1143//1173 1181//1203
f 1176//1198 1180//1202 1183//1199
f 1183//1199 1180//1202 1184//1204
f 1180//1202 1181//1203 1184//1204
f 1143//1173 1184//1204 1181//1203
f 1182//1205 1143//1173 1148//1170
f 1184//1204 1143//1173 1182//1205
f 1185//1206 1184//1204 1182//1205
f 1185//1206 1182//1205 1190//1207
f 1191//1208 1185//1206 1190//1207
f 1184//1204 1185//1206 1216//1209
f 1217//1210 1216//1209 1185//1206
f 1217//1210 1185//1206 1191//1208
f 1148//1170 1186//1177 1187//1211
f 1187//1211 1186//1177 1189//1212
f 1188//1178 1189//1212 1186//1177
f 1148//1170 1187//1211 1182//1205
f 1189//1212 1182//1205 1187//1211
f 1182//1205 1189//1212 1190//1207
f 1191//1208 1190//1207 1195//1213
f 1149//1124 1241//1179 1271//1214
f 1223//1215 1193//1134 1150//1133
f 1223//1215 1150//1133 1225//1180
f 1150//1133 1080//1062 1225//1180
f 1194//1216 1188//1178 1192//1132
f 1194//1216 1189//1212 1188//1178
f 1194//1216 1192//1132 1196//1217
f 1192//1132 1193//1134 1196//1217
f 1190//1207 1189//1212 1195//1213
f 1195//1213 1194//1216 1196//1217
f 1195//1213 1189//1212 1194//1216
f 1193//1134 1223//1215 1196//1217
f 1196//1217 1223//1215 1197//1218
f 1197//1218 1191//1208 1195//1213
f 1197//1218 1195//1213 1196//1217
f 1159//1107 1224//1219 1227//1220
f 1224//1219 1159//1107 1114//1061
f 1149//1124 1224//1219 1114//1061
f 1200//1221 1198//1183 1151//1017
f 1198//1183 1200//1221 1225//1180
f 1151//1017 1199//1222 1200//1221
f 1151//1017 1152//1181 1199//1222
f 1199//1222 1152//1181 1201//1184
f 1201//1184 1155//1063 1202//1223
f 1202//1223 1155//1063 1203//1185
f 1203//1185 1156//1138 1158//1186
f 1203//1185 1158//1186 1228//1224
f 1157//1137 1226//1225 1158//1186
f 1159//1107 1226//1225 1157//1137
f 1227//1220 1226//1225 1159//1107
f 1199//1222 1201//1184 1245//1226
f 1245//1226 1201//1184 1202//1223
f 1236//1227 1206//1228 1204//1188
f 1229//1229 1206//1228 1236//1227
f 1230//1230 1160//1187 1205//1145
f 1206//1228 1205//1145 1204//1188
f 1206//1228 1230//1230 1205//1145
f 1229//1229 1230//1230 1206//1228
f 1230//1230 1231//1189 1160//1187
f 1207//1190 1163//1148 1116//1075
f 1231//1189 1207//1190 1162//1140
f 1207//1190 1232//1147 1163//1148
f 1095//1078 1232//1147 1233//1231
f 1095//1078 1233//1231 1208//1232
f 1233//1231 1237//1233 1208//1232
f 1120//1115 1095//1078 1208//1232
f 1212//1191 1120//1115 1208//1232
f 1208//1232 1237//1233 1212//1191
f 1204//1188 1118//1113 1167//1143
f 1209//1234 1204//1188 1167//1143
f 1209//1234 1167//1143 1166//1194
f 1166//1194 1250//1235 1209//1234
f 1236//1227 1204//1188 1209//1234
f 1236//1227 1209//1234 1250//1235
f 1210//1236 1238//1237 1213//1196
f 1238//1237 1251//1195 1213//1196
f 1237//1233 1210//1236 1212//1191
f 1210//1236 1211//1197 1212//1191
f 1210//1236 1213//1196 1211//1197
f 1250//1235 1166//1194 1214//1200
f 1242//1238 1240//1239 1215//1201
f 1214//1200 1215//1201 1240//1239
f 1251//1195 1241//1179 1177//1157
f 1218//1240 1183//1199 1184//1204
f 1184//1204 1216//1209 1218//1240
f 1219//1241 1217//1210 1191//1208
f 1215//1201 1183//1199 1218//1240
f 1218//1240 1216//1209 1244//1242
f 1218//1240 1242//1238 1215//1201
f 1149//1124 1271//1214 1224//1219
f 1219//1241 1191//1208 1221//1243
f 1221//1243 1191//1208 1197//1218
f 1222//1244 1216//1209 1217//1210
f 1217//1210 1219//1241 1222//1244
f 1216//1209 1222//1244 1244//1242
f 1243//1245 1244//1242 1222//1244
f 1222//1244 1221//1243 1243//1245
f 1219//1241 1221//1243 1222//1244
f 1220//1246 1197//1218 1223//1215
f 1220//1246 1221//1243 1197//1218
f 1227//1220 1224//1219 1256//1247
f 1223//1215 1225//1180 1220//1246
f 1226//1225 1228//1224 1158//1186
f 1256//1247 1226//1225 1227//1220
f 1199//1222 1245//1226 1257//1248
f 1199//1222 1257//1248 1200//1221
f 1229//1229 1264//1249 1230//1230
f 1229//1229 1305//1250 1264//1249
f 1234//1251 1232//1147 1207//1190
f 1234//1251 1235//1252 1232//1147
f 1235//1252 1233//1231 1232//1147
f 1235//1252 1265//1253 1233//1231
f 1233//1231 1265//1253 1237//1233
f 1207//1190 1246//1254 1234//1251
f 1246//1254 1235//1252 1234//1251
f 1229//1229 1236//1227 1305//1250
f 1237//1233 1239//1255 1210//1236
f 1239//1255 1238//1237 1210//1236
f 1265//1253 1249//1256 1237//1233
f 1249//1256 1239//1255 1237//1233
f 1238//1237 1252//1257 1251//1195
f 1252//1257 1238//1237 1239//1255
f 1239//1255 1249//1256 1252//1257
f 1250//1235 1214//1200 1240//1239
f 1242//1238 1218//1240 1244//1242
f 1244//1242 1313//1258 1242//1238
f 1244//1242 1243//1245 1272//1259
f 1243//1245 1253//1260 1272//1259
f 1244//1242 1272//1259 1313//1258
f 1243//1245 1221//1243 1253//1260
f 1221//1243 1220//1246 1253//1260
f 1256//1247 1224//1219 1271//1214
f 1255//1261 1253//1260 1220//1246
f 1225//1180 1200//1221 1257//1248
f 1255//1261 1220//1246 1225//1180
f 1257//1248 1245//1226 1258//1262
f 1258//1262 1245//1226 1259//1263
f 1245//1226 1202//1223 1259//1263
f 1259//1263 1202//1223 1203//1185
f 1260//1264 1259//1263 1203//1185
f 1260//1264 1203//1185 1263//1265
f 1203//1185 1228//1224 1263//1265
f 1262//1266 1228//1224 1226//1225
f 1256//1247 1262//1266 1226//1225
f 1302//1267 1276//1268 1231//1189
f 1207//1190 1231//1189 1276//1268
f 1246//1254 1207//1190 1276//1268
f 1247//1269 1235//1252 1246//1254
f 1247//1269 1248//1270 1235//1252
f 1247//1269 1282//1271 1248//1270
f 1235//1252 1248//1270 1265//1253
f 1266//1272 1249//1256 1265//1253
f 1250//1235 1240//1239 1267//1273
f 1251//1195 1270//1274 1241//1179
f 1249//1256 1268//1275 1252//1257
f 1268//1275 1251//1195 1252//1257
f 1268//1275 1270//1274 1251//1195
f 1242//1238 1313//1258 1289//1276
f 1289//1276 1240//1239 1242//1238
f 1255//1261 1257//1248 1254//1277
f 1255//1261 1254//1277 1253//1260
f 1255//1261 1225//1180 1257//1248
f 1257//1248 1258//1262 1273//1278
f 1257//1248 1273//1278 1254//1277
f 1260//1264 1263//1265 1261//1279
f 1296//1280 1261//1279 1263//1265
f 1263//1265 1228//1224 1262//1266
f 1296//1280 1263//1265 1262//1266
f 1256//1247 1296//1280 1262//1266
f 1230//1230 1302//1267 1231//1189
f 1246//1254 1277//1281 1247//1269
f 1278//1282 1246//1254 1276//1268
f 1278//1282 1279//1283 1246//1254
f 1277//1281 1282//1271 1247//1269
f 1264//1249 1280//1284 1230//1230
f 1299//1285 1280//1284 1264//1249
f 1265//1253 1287//1286 1266//1272
f 1248//1270 1283//1287 1265//1253
f 1265//1253 1283//1287 1287//1286
f 1250//1235 1267//1273 1285//1288
f 1250//1235 1285//1288 1286//1289
f 1286//1289 1236//1227 1250//1235
f 1249//1256 1266//1272 1269//1290
f 1269//1290 1268//1275 1249//1256
f 1287//1286 1269//1290 1266//1272
f 1288//1291 1267//1273 1240//1239
f 1240//1239 1289//1276 1288//1291
f 1285//1288 1267//1273 1288//1291
f 1241//1179 1270//1274 1271//1214
f 1271//1214 1312//1292 1256//1247
f 1272//1259 1290//1293 1313//1258
f 1272//1259 1253//1260 1290//1293
f 1323//1294 1256//1247 1312//1292
f 1253//1260 1292//1295 1290//1293
f 1291//1296 1292//1295 1273//1278
f 1259//1263 1274//1297 1258//1262
f 1254//1277 1273//1278 1253//1260
f 1292//1295 1253//1260 1273//1278
f 1273//1278 1258//1262 1291//1296
f 1291//1296 1258//1262 1274//1297
f 1275//1298 1259//1263 1260//1264
f 1322//1299 1260//1264 1261//1279
f 1322//1299 1261//1279 1296//1280
f 1274//1297 1259//1263 1275//1298
f 1275//1298 1260//1264 1297//1300
f 1319//1301 1274//1297 1275//1298
f 1260//1264 1322//1299 1297//1300
f 1303//1302 1276//1268 1302//1267
f 1276//1268 1298//1303 1278//1282
f 1298//1303 1276//1268 1303//1302
f 1246//1254 1279//1283 1277//1281
f 1298//1303 1279//1283 1278//1282
f 1304//1304 1279//1283 1298//1303
f 1264//1249 1305//1250 1299//1285
f 1299//1285 1301//1305 1280//1284
f 1280//1284 1302//1267 1230//1230
f 1279//1283 1281//1306 1277//1281
f 1281//1306 1282//1271 1277//1281
f 1282//1271 1281//1306 1284//1307
f 1281//1306 1437//1308 1284//1307
f 1304//1304 1281//1306 1279//1283
f 1284//1307 1437//1308 1306//1309
f 1287//1286 1306//1309 1360//1310
f 1282//1271 1284//1307 1248//1270
f 1248//1270 1284//1307 1283//1287
f 1287//1286 1283//1287 1306//1309
f 1283//1287 1284//1307 1306//1309
f 1308//1311 1286//1289 1285//1288
f 1361//1312 1286//1289 1308//1311
f 1236//1227 1286//1289 1305//1250
f 1309//1313 1268//1275 1269//1290
f 1287//1286 1309//1313 1269//1290
f 1311//1314 1288//1291 1289//1276
f 1288//1291 1311//1314 1307//1315
f 1288//1291 1307//1315 1285//1288
f 1285//1288 1307//1315 1308//1311
f 1270//1274 1363//1316 1271//1214
f 1310//1317 1270//1274 1268//1275
f 1310//1317 1363//1316 1270//1274
f 1309//1313 1310//1317 1268//1275
f 1314//1318 1289//1276 1313//1258
f 1311//1314 1289//1276 1314//1318
f 1271//1214 1363//1316 1312//1292
f 1256//1247 1323//1294 1296//1280
f 1312//1292 1364//1319 1323//1294
f 1290//1293 1292//1295 1293//1320
f 1294//1321 1293//1320 1292//1295
f 1294//1321 1292//1295 1318//1322
f 1291//1296 1274//1297 1318//1322
f 1291//1296 1318//1322 1292//1295
f 1318//1322 1274//1297 1319//1301
f 1295//1323 1275//1298 1297//1300
f 1295//1323 1319//1301 1275//1298
f 1296//1280 1323//1294 1322//1299
f 1300//1324 1280//1284 1301//1305
f 1301//1305 1299//1285 1435//1325
f 1301//1305 1353//1326 1300//1324
f 1301//1305 1435//1325 1353//1326
f 1302//1267 1280//1284 1300//1324
f 1302//1267 1300//1324 1355//1327
f 1355//1327 1354//1328 1302//1267
f 1302//1267 1354//1328 1303//1302
f 1303//1302 1304//1304 1298//1303
f 1354//1328 1304//1304 1303//1302
f 1304//1304 1356//1329 1281//1306
f 1356//1329 1357//1330 1281//1306
f 1357//1330 1437//1308 1281//1306
f 1358//1331 1286//1289 1361//1312
f 1305//1250 1286//1289 1358//1331
f 1358//1331 1359//1332 1305//1250
f 1305//1250 1359//1332 1299//1285
f 1362//1333 1309//1313 1287//1286
f 1360//1310 1362//1333 1287//1286
f 1437//1308 1438//1334 1306//1309
f 1361//1312 1308//1311 1307//1315
f 1362//1333 1310//1317 1309//1313
f 1362//1333 1530//1335 1310//1317
f 1312//1292 1363//1316 1365//1336
f 1310//1317 1530//1335 1363//1316
f 1314//1318 1313//1258 1366//1337
f 1365//1336 1364//1319 1312//1292
f 1293//1320 1315//1338 1290//1293
f 1313//1258 1290//1293 1315//1338
f 1293//1320 1316//1339 1315//1338
f 1293//1320 1317//1340 1316//1339
f 1316//1339 1313//1258 1315//1338
f 1316//1339 1366//1337 1313//1258
f 1316//1339 1317//1340 1368//1341
f 1366//1337 1316//1339 1447//1342
f 1293//1320 1294//1321 1317//1340
f 1318//1322 1317//1340 1294//1321
f 1317//1340 1318//1322 1367//1343
f 1367//1343 1320//1344 1321//1345
f 1367//1343 1318//1322 1320//1344
f 1368//1341 1317//1340 1367//1343
f 1319//1301 1295//1323 1321//1345
f 1321//1345 1295//1323 1370//1346
f 1320//1344 1318//1322 1319//1301
f 1321//1345 1320//1344 1319//1301
f 1370//1346 1295//1323 1369//1347
f 1369//1347 1295//1323 1297//1300
f 1297//1300 1322//1299 1371//1348
f 1371//1348 1322//1299 1451//1349
f 1322//1299 1323//1294 1451//1349
f 1324//1350 1372//1351 1326//1352
f 1326//1352 1332//1353 1324//1350
f 1325//1354 1340//1355 1335//1356
f 1340//1355 1325//1354 1327//1357
f 1326//1352 1375//1358 1325//1354
f 1327//1357 1325//1354 1375//1358
f 1376//1359 1327//1357 1375//1358
f 1335//1356 1332//1353 1326//1352
f 1326//1352 1325//1354 1335//1356
f 1327//1357 1328//1360 1341//1361
f 1340//1355 1327//1357 1341//1361
f 1328//1360 1329//1362 1343//1363
f 1341//1361 1328//1360 1343//1363
f 1376//1359 1328//1360 1327//1357
f 1378//1364 1328//1360 1376//1359
f 1329//1362 1328//1360 1378//1364
f 1329//1362 1330//1365 1346//1366
f 1329//1362 1346//1366 1343//1363
f 1330//1365 1377//1367 1331//1368
f 1346//1366 1330//1365 1331//1368
f 1378//1364 1380//1369 1377//1367
f 1378//1364 1330//1365 1329//1362
f 1377//1367 1330//1365 1378//1364
f 1334//1370 1336//1371 1337//1372
f 1333//1373 1332//1353 1334//1370
f 1332//1353 1336//1371 1334//1370
f 1337//1372 1401//1374 1334//1370
f 1336//1371 1340//1355 1342//1375
f 1332//1353 1335//1356 1336//1371
f 1335//1356 1340//1355 1336//1371
f 1336//1371 1338//1376 1337//1372
f 1342//1375 1338//1376 1336//1371
f 1345//1377 1338//1376 1342//1375
f 1337//1372 1338//1376 1339//1378
f 1345//1377 1339//1378 1338//1376
f 1337//1372 1339//1378 1401//1374
f 1418//1379 1339//1378 1345//1377
f 1339//1378 1418//1379 1417//1380
f 1340//1355 1344//1381 1342//1375
f 1340//1355 1341//1361 1344//1381
f 1341//1361 1343//1363 1344//1381
f 1345//1377 1342//1375 1344//1381
f 1405//1382 1418//1379 1345//1377
f 1343//1363 1346//1366 1347//1383
f 1344//1381 1343//1363 1347//1383
f 1346//1366 1331//1368 1347//1383
f 1344//1381 1349//1384 1345//1377
f 1344//1381 1347//1383 1349//1384
f 1405//1382 1345//1377 1349//1384
f 1347//1383 1351//1385 1349//1384
f 1331//1368 1348//1386 1347//1383
f 1347//1383 1348//1386 1351//1385
f 1351//1385 1405//1382 1349//1384
f 1331//1368 1350//1387 1348//1386
f 1348//1386 1350//1387 1351//1385
f 1350//1387 1352//1388 1351//1385
f 1405//1382 1351//1385 1404//1389
f 1299//1285 1359//1332 1435//1325
f 1353//1326 1355//1327 1300//1324
f 1353//1326 1430//1390 1355//1327
f 1354//1328 1355//1327 1430//1390
f 1304//1304 1432//1391 1356//1329
f 1356//1329 1432//1391 1357//1330
f 1433//1392 1304//1304 1431//1393
f 1433//1392 1432//1391 1304//1304
f 1438//1334 1360//1310 1306//1309
f 1438//1334 1441//1394 1360//1310
f 1441//1394 1362//1333 1360//1310
f 1307//1315 1529//1395 1361//1312
f 1439//1396 1358//1331 1361//1312
f 1363//1316 1530//1335 1443//1397
f 1443//1397 1365//1336 1363//1316
f 1610//1398 1307//1315 1311//1314
f 1447//1342 1314//1318 1366//1337
f 1311//1314 1314//1318 1447//1342
f 1368//1341 1446//1399 1316//1339
f 1316//1339 1446//1399 1447//1342
f 1449//1400 1367//1343 1321//1345
f 1370//1346 1449//1400 1321//1345
f 1297//1300 1371//1348 1369//1347
f 1398//1401 1399//1402 1374//1403
f 1374//1403 1399//1402 1396//1404
f 1374//1403 1396//1404 1456//1405
f 1372//1351 1375//1358 1326//1352
f 1373//1406 1372//1351 1324//1350
f 1398//1401 1373//1406 1333//1373
f 1324//1350 1333//1373 1373//1406
f 1332//1353 1333//1373 1324//1350
f 1373//1406 1374//1403 1453//1407
f 1373//1406 1453//1407 1372//1351
f 1373//1406 1398//1401 1374//1403
f 1372//1351 1453//1407 1375//1358
f 1453//1407 1374//1403 1456//1405
f 1378//1364 1376//1359 1454//1408
f 1376//1359 1375//1358 1454//1408
f 1454//1408 1380//1369 1378//1364
f 1380//1369 1350//1387 1377//1367
f 1379//1409 1350//1387 1380//1369
f 1380//1369 1540//1410 1379//1409
f 1383//1411 1393//1412 1381//1413
f 1381//1413 1394//1414 1382//1415
f 1479//1416 1382//1415 1394//1414
f 1395//1417 1383//1411 1544//1418
f 1393//1412 1383//1411 1395//1417
f 1384//1419 1383//1411 1381//1413
f 1384//1419 1381//1413 1386//1420
f 1381//1413 1382//1415 1386//1420
f 1386//1420 1382//1415 1478//1421
f 1478//1421 1382//1415 1479//1416
f 1395//1417 1544//1418 1396//1404
f 1459//1422 1383//1411 1384//1419
f 1460//1423 1459//1422 1385//1424
f 1459//1422 1384//1419 1385//1424
f 1385//1424 1384//1419 1386//1420
f 1474//1425 1460//1423 1385//1424
f 1385//1424 1386//1420 1474//1425
f 1386//1420 1478//1421 1474//1425
f 1388//1426 1396//1404 1400//1427
f 1389//1428 1388//1426 1400//1427
f 1392//1429 1388//1426 1389//1428
f 1389//1428 1400//1427 1387//1430
f 1390//1431 1392//1429 1389//1428
f 1387//1430 1390//1431 1389//1428
f 1394//1414 1393//1412 1390//1431
f 1391//1432 1394//1414 1390//1431
f 1391//1432 1390//1431 1387//1430
f 1388//1426 1392//1429 1396//1404
f 1393//1412 1392//1429 1390//1431
f 1393//1412 1395//1417 1392//1429
f 1393//1412 1394//1414 1381//1413
f 1391//1432 1416//1433 1394//1414
f 1392//1429 1395//1417 1396//1404
f 1479//1416 1394//1414 1416//1433
f 1402//1434 1334//1370 1397//1435
f 1399//1402 1398//1401 1402//1434
f 1400//1427 1402//1434 1387//1430
f 1402//1434 1397//1435 1387//1430
f 1401//1374 1397//1435 1334//1370
f 1396//1404 1399//1402 1400//1427
f 1400//1427 1399//1402 1402//1434
f 1397//1435 1391//1432 1387//1430
f 1397//1435 1401//1374 1391//1432
f 1402//1434 1333//1373 1334//1370
f 1402//1434 1398//1401 1333//1373
f 1481//1436 1401//1374 1417//1380
f 1401//1374 1339//1378 1417//1380
f 1377//1367 1350//1387 1331//1368
f 1418//1379 1405//1382 1420//1437
f 1420//1437 1419//1438 1418//1379
f 1350//1387 1379//1409 1403//1439
f 1352//1388 1350//1387 1403//1439
f 1351//1385 1352//1388 3792//1440
f 1352//1388 1403//1439 3792//1440
f 1403//1439 1406//1441 3792//1440
f 1404//1389 1407//1442 1405//1382
f 3792//1440 1406//1441 1407//1442
f 1408//1443 1406//1441 1403//1439
f 1406//1441 1409//1444 1407//1442
f 1407//1442 1410//1445 1405//1382
f 1407//1442 1409//1444 1410//1445
f 1379//1409 1408//1443 1403//1439
f 1379//1409 1457//1446 1408//1443
f 1408//1443 1412//1447 1406//1441
f 1406//1441 1412//1447 1409//1444
f 1409//1444 1412//1447 1413//1448
f 1409//1444 1411//1449 1410//1445
f 1409//1444 1413//1448 1411//1449
f 1411//1449 1422//1450 1410//1445
f 1411//1449 1423//1451 1422//1450
f 1413//1448 1412//1447 1415//1452
f 1458//1453 1408//1443 1457//1446
f 1458//1453 1412//1447 1408//1443
f 1412//1447 1458//1453 1415//1452
f 1411//1449 1413//1448 1423//1451
f 1413//1448 1415//1452 1414//1454
f 1414//1454 1423//1451 1413//1448
f 1416//1433 1391//1432 1401//1374
f 1416//1433 1401//1374 1481//1436
f 1481//1436 1417//1380 1480//1455
f 1480//1455 1417//1380 1418//1379
f 1480//1455 1418//1379 1419//1438
f 1419//1438 1420//1437 1421//1456
f 1405//1382 1410//1445 1420//1437
f 1420//1437 1410//1445 1422//1450
f 1422//1450 1426//1457 1420//1437
f 1420//1437 1426//1457 1421//1456
f 1422//1450 1423//1451 1424//1458
f 1423//1451 1427//1459 1424//1458
f 1414//1454 1427//1459 1423//1451
f 1424//1458 1425//1460 1422//1450
f 1425//1460 1426//1457 1422//1450
f 1427//1459 1482//1461 1424//1458
f 1482//1461 1425//1460 1424//1458
f 1627//1462 1482//1461 1427//1459
f 1489//1463 1421//1456 1426//1457
f 1489//1463 1426//1457 1428//1464
f 1425//1460 1494//1465 1426//1457
f 1482//1461 1496//1466 3797//1467
f 1425//1460 1482//1461 3797//1467
f 1494//1465 3793//1468 1426//1457
f 3794//1469 1497//1470 1495//1471
f 1429//1472 1430//1390 1353//1326
f 1354//1328 1431//1393 1304//1304
f 1431//1393 1354//1328 1430//1390
f 1430//1390 1518//1473 1431//1393
f 1431//1393 1519//1474 1433//1392
f 1519//1474 1431//1393 1518//1473
f 1433//1392 1519//1474 1432//1391
f 1358//1331 1434//1475 1359//1332
f 1359//1332 1434//1475 1436//1476
f 1436//1476 1434//1475 1515//1477
f 1436//1476 1435//1325 1359//1332
f 1353//1326 1435//1325 1429//1472
f 1436//1476 1514//1478 1435//1325
f 1357//1330 1523//1479 1437//1308
f 1432//1391 1522//1480 1357//1330
f 1522//1480 1523//1479 1357//1330
f 1519//1474 1520//1481 1432//1391
f 1432//1391 1520//1481 1522//1480
f 1440//1482 1441//1394 1438//1334
f 1441//1394 1440//1482 1527//1483
f 1358//1331 1439//1396 1434//1475
f 1527//1483 1528//1484 1362//1333
f 1362//1333 1528//1484 1531//1485
f 1527//1483 1362//1333 1441//1394
f 1307//1315 1442//1486 1529//1395
f 1439//1396 1361//1312 1529//1395
f 1444//1487 1364//1319 1365//1336
f 1532//1488 1445//1489 1443//1397
f 1445//1489 1365//1336 1443//1397
f 1445//1489 1444//1487 1365//1336
f 1610//1398 1311//1314 1447//1342
f 1323//1294 1444//1487 1451//1349
f 1364//1319 1444//1487 1323//1294
f 1368//1341 1450//1490 1446//1399
f 1446//1399 1448//1491 1447//1342
f 1450//1490 1448//1491 1446//1399
f 1610//1398 1447//1342 1534//1492
f 1447//1342 1448//1491 1534//1492
f 1449//1400 1368//1341 1367//1343
f 1449//1400 1450//1490 1368//1341
f 1710//1493 1450//1490 1449//1400
f 1535//1494 1710//1493 1449//1400
f 1449//1400 1370//1346 1535//1494
f 1371//1348 1712//1495 1536//1496
f 1712//1495 1371//1348 1451//1349
f 1544//1418 1453//1407 1456//1405
f 1453//1407 1452//1497 1375//1358
f 1537//1498 1452//1497 1453//1407
f 1453//1407 1617//1499 1537//1498
f 1452//1497 1454//1408 1375//1358
f 1454//1408 1452//1497 1537//1498
f 1538//1500 1454//1408 1537//1498
f 1454//1408 1455//1501 1380//1369
f 1455//1501 1454//1408 1538//1500
f 1380//1369 1455//1501 1540//1410
f 1456//1405 1396//1404 1544//1418
f 1540//1410 1457//1446 1379//1409
f 1545//1502 1458//1453 1457//1446
f 1541//1503 1457//1446 1540//1410
f 1541//1503 1545//1502 1457//1446
f 1545//1502 1415//1452 1458//1453
f 1546//1504 1415//1452 1545//1502
f 1464//1505 1461//1506 1475//1507
f 1471//1508 1462//1509 1464//1505
f 1471//1508 1464//1505 1467//1510
f 1542//1511 1383//1411 1459//1422
f 1474//1425 1475//1507 1460//1423
f 1544//1418 1383//1411 1542//1511
f 1461//1506 1459//1422 1460//1423
f 1461//1506 1460//1423 1475//1507
f 1461//1506 1462//1509 1459//1422
f 1464//1505 1462//1509 1461//1506
f 1543//1512 1542//1511 1459//1422
f 1543//1512 1459//1422 1462//1509
f 1414//1454 1415//1452 1546//1504
f 1546//1504 1628//1513 1414//1454
f 1628//1513 1427//1459 1414//1454
f 1627//1462 1427//1459 1628//1513
f 1463//1514 1464//1505 1475//1507
f 1476//1515 1463//1514 1475//1507
f 1477//1516 1463//1514 1476//1515
f 1464//1505 1463//1514 1467//1510
f 1465//1517 1467//1510 1463//1514
f 1477//1516 1465//1517 1463//1514
f 1466//1518 1465//1517 1477//1516
f 1469//1519 1467//1510 1465//1517
f 1466//1518 1469//1519 1465//1517
f 1470//1520 1469//1519 1466//1518
f 1470//1520 1466//1518 1468//1521
f 1471//1508 1467//1510 1469//1519
f 1483//1522 1470//1520 1468//1521
f 1472//1523 1471//1508 1469//1519
f 1470//1520 1473//1524 1472//1523
f 1469//1519 1470//1520 1472//1523
f 1483//1522 1473//1524 1470//1520
f 1548//1525 1472//1523 1473//1524
f 1548//1525 1473//1524 1550//1526
f 3800//1527 1473//1524 1483//1522
f 1475//1507 1474//1425 1476//1515
f 1476//1515 1478//1421 1477//1516
f 1474//1425 1478//1421 1476//1515
f 1479//1416 1466//1518 1477//1516
f 1479//1416 1477//1516 1478//1421
f 1468//1521 1466//1518 1479//1416
f 1416//1433 1468//1521 1479//1416
f 1416//1433 1553//1528 1468//1521
f 1481//1436 1480//1455 1487//1529
f 1486//1530 1480//1455 1419//1438
f 1496//1466 1482//1461 1627//1462
f 1629//1531 1566//1532 1496//1466
f 1483//1522 1468//1521 1484//1533
f 1484//1533 1468//1521 1553//1528
f 1553//1528 1416//1433 1485//1534
f 1553//1528 1485//1534 1574//1535
f 1416//1433 1481//1436 1485//1534
f 1485//1534 1481//1436 1487//1529
f 1480//1455 1486//1530 1487//1529
f 1419//1438 1488//1536 1576//1537
f 1576//1537 1486//1530 1419//1438
f 1488//1536 1577//1538 1576//1537
f 1421//1456 1488//1536 1419//1438
f 1492//1539 1508//1540 1488//1536
f 1489//1463 1488//1536 1421//1456
f 1428//1464 1490//1541 1489//1463
f 3798//1542 1490//1541 1428//1464
f 1489//1463 1490//1541 1492//1539
f 1492//1539 1490//1541 3798//1542
f 1492//1539 1488//1536 1489//1463
f 1492//1539 3798//1542 1491//1543
f 1493//1544 3796//1545 1499//1546
f 1503//1547 1492//1539 1491//1543
f 1503//1547 3796//1545 1502//1548
f 1493//1544 1502//1548 3796//1545
f 1505//1549 1502//1548 1493//1544
f 1493//1544 1566//1532 1564//1550
f 1493//1544 1564//1550 1505//1549
f 3797//1467 1496//1466 3795//1551
f 1497//1470 3794//1469 3799//1552
f 1498//1553 1497//1470 1496//1466
f 1498//1553 1499//1546 1497//1470
f 1499//1546 1495//1471 1497//1470
f 1499//1546 3796//1545 1495//1471
f 1566//1532 1498//1553 1496//1466
f 1566//1532 1499//1546 1498//1553
f 1566//1532 1493//1544 1499//1546
f 1488//1536 1508//1540 1500//1554
f 1500//1554 1508//1540 1501//1555
f 1501//1555 1508//1540 1511//1556
f 1488//1536 1500//1554 1577//1538
f 1501//1555 1577//1538 1500//1554
f 1511//1556 1513//1557 1501//1555
f 1579//1558 1501//1555 1582//1559
f 1501//1555 1513//1557 1582//1559
f 1504//1560 1492//1539 1503//1547
f 1508//1540 1492//1539 1504//1560
f 1506//1561 1503//1547 1502//1548
f 1505//1549 1506//1561 1502//1548
f 1508//1540 1504//1560 1507//1562
f 1504//1560 1503//1547 1507//1562
f 1503//1547 1506//1561 1507//1562
f 1506//1561 1505//1549 1509//1563
f 1506//1561 1509//1563 1510//1564
f 1512//1565 1507//1562 1510//1564
f 1510//1564 1507//1562 1506//1561
f 1508//1540 1507//1562 1511//1556
f 1507//1562 1512//1565 1511//1556
f 1564//1550 1509//1563 1505//1549
f 1513//1557 1511//1556 1512//1565
f 1589//1566 1509//1563 1564//1550
f 1589//1566 1510//1564 1509//1563
f 1583//1567 1513//1557 1512//1565
f 1510//1564 1583//1567 1512//1565
f 1514//1478 1429//1472 1435//1325
f 1515//1477 1514//1478 1436//1476
f 1429//1472 1516//1568 1517//1569
f 1514//1478 1516//1568 1429//1472
f 1514//1478 1598//1570 1516//1568
f 1598//1570 1514//1478 1515//1477
f 1517//1569 1430//1390 1429//1472
f 1517//1569 1518//1473 1430//1390
f 1518//1473 1521//1571 1519//1474
f 1521//1571 1691//1572 1519//1474
f 1692//1573 1520//1481 1519//1474
f 1600//1574 1521//1571 1518//1473
f 1691//1572 1692//1573 1519//1474
f 1520//1481 1692//1573 1693//1575
f 1693//1575 1522//1480 1520//1481
f 1437//1308 1524//1576 1438//1334
f 1438//1334 1524//1576 1440//1482
f 1693//1575 1523//1479 1522//1480
f 1523//1479 1525//1577 1437//1308
f 1525//1577 1524//1576 1437//1308
f 1523//1479 1693//1575 1603//1578
f 1523//1479 1603//1578 1525//1577
f 1603//1578 1524//1576 1525//1577
f 1526//1579 1434//1475 1439//1396
f 1434//1475 1526//1579 1515//1477
f 1515//1477 1526//1579 1601//1580
f 1527//1483 1531//1485 1528//1484
f 1527//1483 1440//1482 1602//1581
f 1524//1576 1604//1582 1440//1482
f 1524//1576 1603//1578 1604//1582
f 1440//1482 1604//1582 1602//1581
f 1606//1583 1526//1579 1529//1395
f 1526//1579 1439//1396 1529//1395
f 1531//1485 1530//1335 1362//1333
f 1607//1584 1443//1397 1530//1335
f 1527//1483 1700//1585 1531//1485
f 1700//1585 1530//1335 1531//1485
f 1307//1315 1610//1398 1442//1486
f 1442//1486 1605//1586 1529//1395
f 1445//1489 1533//1587 1444//1487
f 1533//1587 1445//1489 1532//1488
f 1607//1584 1532//1488 1443//1397
f 1532//1488 1607//1584 1533//1587
f 1610//1398 1611//1588 1442//1486
f 1608//1589 1609//1590 1444//1487
f 1533//1587 1608//1589 1444//1487
f 1706//1591 1610//1398 1534//1492
f 1451//1349 1444//1487 1609//1590
f 1448//1491 1450//1490 1708//1592
f 1609//1590 1712//1495 1451//1349
f 1535//1494 1370//1346 1614//1593
f 1370//1346 1369//1347 1615//1594
f 1615//1594 1614//1593 1370//1346
f 1369//1347 1536//1496 1615//1594
f 1369//1347 1371//1348 1536//1496
f 1616//1595 1538//1500 1537//1498
f 1621//1596 1539//1597 1542//1511
f 1621//1596 1719//1598 1539//1597
f 1719//1598 1622//1599 1539//1597
f 1621//1596 1542//1511 1543//1512
f 1544//1418 1539//1597 1622//1599
f 1453//1407 1544//1418 1622//1599
f 1538//1500 1540//1410 1455//1501
f 1541//1503 1623//1600 1545//1502
f 1623//1600 1624//1601 1545//1502
f 1540//1410 1619//1602 1541//1503
f 1619//1602 1623//1600 1541//1503
f 1542//1511 1539//1597 1544//1418
f 1546//1504 1545//1502 1624//1601
f 1624//1601 1625//1603 1546//1504
f 1625//1603 1628//1513 1546//1504
f 1547//1604 1471//1508 1549//1605
f 1543//1512 1471//1508 1547//1604
f 1626//1606 1543//1512 1547//1604
f 1547//1604 1549//1605 1631//1607
f 1471//1508 1543//1512 1462//1509
f 1629//1531 1496//1466 1627//1462
f 1549//1605 1471//1508 1472//1523
f 1549//1605 1472//1523 1548//1525
f 1549//1605 1548//1525 1552//1608
f 1552//1608 1548//1525 1550//1526
f 1552//1608 1631//1607 1549//1605
f 1550//1526 1551//1609 1552//1608
f 3800//1527 1483//1522 3801//1610
f 1553//1528 1483//1522 1484//1533
f 1631//1607 1552//1608 1554//1611
f 1554//1611 1552//1608 1551//1609
f 1551//1609 1555//1612 1554//1611
f 1556//1613 1483//1522 1560//1614
f 1556//1613 3801//1610 1483//1522
f 1556//1613 3802//1615 3801//1610
f 1553//1528 1560//1614 1483//1522
f 1568//1616 1553//1528 1574//1535
f 1557//1617 1554//1611 1555//1612
f 1556//1613 1558//1618 3802//1615
f 1555//1612 1558//1618 1557//1617
f 1559//1619 1556//1613 1560//1614
f 1559//1619 1558//1618 1556//1613
f 1560//1614 1553//1528 1568//1616
f 1557//1617 1631//1607 1554//1611
f 1561//1620 1558//1618 1559//1619
f 1560//1614 1563//1621 1559//1619
f 1559//1619 3803//1622 1561//1620
f 1558//1618 1562//1623 1557//1617
f 1561//1620 1562//1623 1558//1618
f 1562//1623 1561//1620 3803//1622
f 1560//1614 1568//1616 1567//1624
f 1571//1625 1562//1623 3803//1622
f 1560//1614 1569//1626 1563//1621
f 3803//1622 3804//1627 1571//1625
f 1733//1628 1557//1617 1562//1623
f 1733//1628 1562//1623 1571//1625
f 1485//1534 1487//1529 1574//1535
f 1566//1532 1630//1629 1564//1550
f 1564//1550 1565//1630 1591//1631
f 1569//1626 1560//1614 1567//1624
f 1569//1626 1567//1624 1570//1632
f 1570//1632 1568//1616 1573//1633
f 1570//1632 1567//1624 1568//1616
f 1570//1632 1572//1634 1569//1626
f 3804//1627 3805//1635 1571//1625
f 1572//1634 1570//1632 1573//1633
f 1635//1636 1571//1625 3805//1635
f 1636//1637 1635//1636 3805//1635
f 1573//1633 3806//1638 1572//1634
f 1574//1535 1639//1639 1568//1616
f 1568//1616 1639//1639 1573//1633
f 1649//1640 1573//1633 1639//1639
f 1592//1641 1574//1535 1487//1529
f 1592//1641 1639//1639 1574//1535
f 1486//1530 1576//1537 1487//1529
f 1592//1641 1487//1529 1575//1642
f 1576//1537 1575//1642 1487//1529
f 1575//1642 1576//1537 1577//1538
f 1580//1643 1577//1538 1578//1644
f 1577//1538 1501//1555 1578//1644
f 1575//1642 1577//1538 1596//1645
f 1577//1538 1580//1643 1596//1645
f 1578//1644 1501//1555 1579//1558
f 1580//1643 1578//1644 1579//1558
f 1580//1643 1579//1558 1597//1646
f 1597//1646 1579//1558 1581//1647
f 1581//1647 1682//1648 1597//1646
f 1579//1558 1582//1559 1584//1649
f 1584//1649 1582//1559 1583//1567
f 1513//1557 1583//1567 1582//1559
f 1584//1649 1583//1567 1585//1650
f 1590//1651 1585//1650 1583//1567
f 1581//1647 1579//1558 1584//1649
f 1590//1651 1591//1631 1585//1650
f 1585//1650 1586//1652 1584//1649
f 1586//1652 1581//1647 1584//1649
f 1591//1631 1587//1653 1585//1650
f 1585//1650 1588//1654 1586//1652
f 1585//1650 1587//1653 1588//1654
f 1633//1655 1588//1654 1587//1653
f 1588//1654 1647//1656 1586//1652
f 1586//1652 1647//1656 1581//1647
f 1634//1657 1633//1655 1587//1653
f 1588//1654 1633//1655 1647//1656
f 1590//1651 1583//1567 1510//1564
f 1589//1566 1590//1651 1510//1564
f 1591//1631 1589//1566 1564//1550
f 1591//1631 1590//1651 1589//1566
f 1565//1630 1587//1653 1591//1631
f 1634//1657 1587//1653 1565//1630
f 1596//1645 1672//1658 1592//1641
f 1684//1659 1672//1658 1596//1645
f 1674//1660 1592//1641 1672//1658
f 1575//1642 1596//1645 1592//1641
f 1597//1646 1595//1661 1593//1662
f 1595//1661 1597//1646 1682//1648
f 1596//1645 1593//1662 1594//1663
f 1595//1661 1594//1663 1593//1662
f 1595//1661 1682//1648 1683//1664
f 1683//1664 1594//1663 1595//1661
f 1596//1645 1594//1663 1684//1659
f 1683//1664 1684//1659 1594//1663
f 1593//1662 1596//1645 1580//1643
f 1580//1643 1597//1646 1593//1662
f 1601//1580 1598//1570 1515//1477
f 1516//1568 1598//1570 1599//1665
f 1598//1570 1689//1666 1599//1665
f 1695//1667 1689//1666 1598//1570
f 1517//1569 1600//1574 1518//1473
f 1599//1665 1517//1569 1516//1568
f 1599//1665 1600//1574 1517//1569
f 1599//1665 1690//1668 1600//1574
f 1689//1666 1690//1668 1599//1665
f 1691//1572 1521//1571 1600//1574
f 1526//1579 1748//1669 1601//1580
f 1602//1581 1750//1670 1527//1483
f 1602//1581 1604//1582 1750//1670
f 1606//1583 1698//1671 1526//1579
f 1700//1585 1699//1672 1530//1335
f 1607//1584 1530//1335 1699//1672
f 1698//1671 1606//1583 1752//1673
f 1606//1583 1529//1395 1605//1586
f 1533//1587 1607//1584 1702//1674
f 1611//1588 1704//1675 1442//1486
f 1703//1676 1608//1589 1533//1587
f 1703//1676 1609//1590 1608//1589
f 1610//1398 1612//1677 1611//1588
f 1704//1675 1611//1588 1612//1677
f 1612//1677 1610//1398 1706//1591
f 1609//1590 1703//1676 1755//1678
f 1448//1491 1708//1592 1534//1492
f 1755//1678 1712//1495 1609//1590
f 1450//1490 1709//1679 1708//1592
f 1450//1490 1710//1493 1709//1679
f 1710//1493 1535//1494 1716//1680
f 1716//1680 1535//1494 1614//1593
f 1536//1496 1613//1681 1615//1594
f 1538//1500 1718//1682 1540//1410
f 1720//1683 1617//1499 1622//1599
f 1617//1499 1453//1407 1622//1599
f 1618//1684 1616//1595 1617//1499
f 1617//1499 1616//1595 1537//1498
f 1618//1684 1717//1685 1616//1595
f 1718//1682 1619//1602 1540//1410
f 1718//1682 1620//1686 1619//1602
f 1620//1686 1624//1601 1623//1600
f 1718//1682 1833//1687 1620//1686
f 1721//1688 1624//1601 1620//1686
f 1833//1687 1721//1688 1620//1686
f 1721//1688 1722//1689 1624//1601
f 1626//1606 1621//1596 1543//1512
f 1769//1690 1719//1598 1621//1596
f 1726//1691 1621//1596 1626//1606
f 1769//1690 1621//1596 1726//1691
f 1719//1598 1767//1692 1622//1599
f 1619//1602 1620//1686 1623//1600
f 1722//1689 1625//1603 1624//1601
f 1728//1693 1781//1694 1627//1462
f 1781//1694 1629//1531 1627//1462
f 1630//1629 1629//1531 1781//1694
f 1566//1532 1629//1531 1630//1629
f 1632//1695 1631//1607 1557//1617
f 1557//1617 1733//1628 1632//1695
f 1731//1696 1564//1550 1630//1629
f 1565//1630 1564//1550 1731//1696
f 1634//1657 1736//1697 1633//1655
f 1736//1697 1634//1657 1730//1698
f 1634//1657 1565//1630 1730//1698
f 1571//1625 1635//1636 1733//1628
f 1636//1637 1637//1699 1635//1636
f 1638//1700 1637//1699 1636//1637
f 3807//1701 3806//1638 1573//1633
f 3807//1701 1573//1633 1640//1702
f 1791//1703 1733//1628 1635//1636
f 1637//1699 1791//1703 1635//1636
f 1637//1699 1638//1700 1641//1704
f 1573//1633 1649//1640 1640//1702
f 1640//1702 1641//1704 1638//1700
f 1642//1705 1641//1704 1640//1702
f 1642//1705 1640//1702 1650//1706
f 1649//1640 1650//1706 1640//1702
f 1643//1707 1641//1704 1642//1705
f 1643//1707 1642//1705 1650//1706
f 1650//1706 1652//1708 1643//1707
f 1641//1704 1792//1709 1637//1699
f 1641//1704 1643//1707 1792//1709
f 1643//1707 1652//1708 1644//1710
f 1792//1709 1643//1707 1644//1710
f 1681//1711 1679//1712 1645//1713
f 1646//1714 1648//1715 1744//1716
f 1745//1717 1645//1713 1646//1714
f 1682//1648 1647//1656 1686//1718
f 1581//1647 1647//1656 1682//1648
f 1649//1640 1639//1639 1651//1719
f 1651//1719 1650//1706 1649//1640
f 1651//1719 1639//1639 1655//1720
f 1653//1721 1652//1708 1650//1706
f 1650//1706 1651//1719 1653//1721
f 1656//1722 1653//1721 1651//1719
f 1655//1720 1656//1722 1651//1719
f 1653//1721 1654//1723 1652//1708
f 1658//1724 1654//1723 1653//1721
f 1658//1724 1653//1721 1656//1722
f 1652//1708 1654//1723 1644//1710
f 1661//1725 1654//1723 1658//1724
f 1644//1710 1654//1723 1661//1725
f 1655//1720 1639//1639 1665//1726
f 1655//1720 1665//1726 1657//1727
f 1656//1722 1655//1720 1657//1727
f 1657//1727 1665//1726 1668//1728
f 1658//1724 1656//1722 1659//1729
f 1657//1727 1659//1729 1656//1722
f 1659//1729 1657//1727 1660//1730
f 1657//1727 3808//1731 1660//1730
f 1660//1730 3808//1731 1670//1732
f 1661//1725 1658//1724 1662//1733
f 1662//1733 1658//1724 1659//1729
f 1663//1734 1662//1733 1659//1729
f 1663//1734 1659//1729 1660//1730
f 1663//1734 1660//1730 1664//1735
f 1660//1730 1670//1732 1664//1735
f 1663//1734 1738//1736 1662//1733
f 1746//1737 1738//1736 1663//1734
f 1664//1735 1746//1737 1663//1734
f 1738//1736 1661//1725 1662//1733
f 1639//1639 1592//1641 1673//1738
f 1665//1726 1639//1639 1673//1738
f 1673//1738 1666//1739 1665//1726
f 1676//1740 1666//1739 1673//1738
f 1666//1739 1668//1728 1665//1726
f 1669//1741 3808//1731 1666//1739
f 1666//1739 1667//1742 1669//1741
f 1676//1740 1667//1742 1666//1739
f 1670//1732 1667//1742 1680//1743
f 3808//1731 1669//1741 1670//1732
f 1667//1742 1670//1732 1669//1741
f 1681//1711 1670//1732 1680//1743
f 1681//1711 1671//1744 1670//1732
f 1671//1744 1664//1735 1670//1732
f 1671//1744 1746//1737 1664//1735
f 1673//1738 1592//1641 1674//1660
f 1674//1660 1672//1658 1675//1745
f 1672//1658 1684//1659 1675//1745
f 1685//1746 1675//1745 1684//1659
f 1685//1746 1678//1747 1675//1745
f 1685//1746 1688//1748 1678//1747
f 1673//1738 1674//1660 1676//1740
f 1676//1740 1674//1660 1677//1749
f 1674//1660 1675//1745 1677//1749
f 1677//1749 1675//1745 1678//1747
f 1679//1712 1688//1748 1646//1714
f 1678//1747 1688//1748 1679//1712
f 1677//1749 1678//1747 1679//1712
f 1667//1742 1676//1740 1680//1743
f 1680//1743 1676//1740 1677//1749
f 1677//1749 1679//1712 1680//1743
f 1645//1713 1679//1712 1646//1714
f 1681//1711 1680//1743 1679//1712
f 1682//1648 1686//1718 1687//1750
f 1682//1648 1687//1750 1683//1664
f 1683//1664 1685//1746 1684//1659
f 1683//1664 1687//1750 1685//1746
f 1646//1714 1686//1718 1648//1715
f 1647//1656 1648//1715 1686//1718
f 1686//1718 1646//1714 1687//1750
f 1688//1748 1687//1750 1646//1714
f 1685//1746 1687//1750 1688//1748
f 1696//1751 1600//1574 1690//1668
f 1689//1666 1747//1752 1690//1668
f 1697//1753 1691//1572 1600//1574
f 1690//1668 1747//1752 1696//1751
f 1696//1751 1697//1753 1600//1574
f 1697//1753 1692//1573 1691//1572
f 1598//1570 1694//1754 1695//1667
f 1694//1754 1598//1570 1601//1580
f 1694//1754 1748//1669 1807//1755
f 1748//1669 1694//1754 1601//1580
f 1694//1754 1807//1755 1695//1667
f 1695//1667 1747//1752 1689//1666
f 1809//1756 1692//1573 1697//1753
f 1808//1757 1693//1575 1692//1573
f 1603//1578 1751//1758 1604//1582
f 1751//1758 1749//1759 1604//1582
f 1808//1757 1603//1578 1693//1575
f 1809//1756 1808//1757 1692//1573
f 1751//1758 1603//1578 1808//1757
f 1604//1582 1749//1759 1750//1670
f 1526//1579 1698//1671 1748//1669
f 1605//1586 1752//1673 1606//1583
f 1699//1672 1702//1674 1607//1584
f 1871//1760 1699//1672 1700//1585
f 1750//1670 1700//1585 1527//1483
f 1750//1670 1871//1760 1700//1585
f 1605//1586 1442//1486 1701//1761
f 1442//1486 1704//1675 1701//1761
f 1701//1761 1752//1673 1605//1586
f 1702//1674 1703//1676 1533//1587
f 1754//1762 1703//1676 1702//1674
f 1701//1761 1704//1675 1705//1763
f 1705//1763 1704//1675 1612//1677
f 1701//1761 1705//1763 1815//1764
f 1754//1762 1755//1678 1703//1676
f 1534//1492 1707//1765 1706//1591
f 1707//1765 1711//1766 1756//1767
f 1709//1679 1707//1765 1708//1592
f 1708//1592 1707//1765 1534//1492
f 1709//1679 1711//1766 1707//1765
f 1709//1679 1713//1768 1711//1766
f 1713//1768 1756//1767 1711//1766
f 1536//1496 1712//1495 1613//1681
f 1714//1769 1710//1493 1715//1770
f 1713//1768 1709//1679 1710//1493
f 1710//1493 1714//1769 1713//1768
f 1757//1771 1713//1768 1714//1769
f 1716//1680 1715//1770 1710//1493
f 1614//1593 1615//1594 1760//1772
f 1614//1593 1760//1772 1759//1773
f 1760//1772 1615//1594 1761//1774
f 1762//1775 1615//1594 1613//1681
f 1615//1594 1762//1775 1761//1774
f 1613//1681 1712//1495 1816//1776
f 1613//1681 1816//1776 1762//1775
f 1829//1777 1765//1778 1717//1685
f 1765//1778 1766//1779 1538//1500
f 1617//1499 1720//1683 1618//1684
f 1616//1595 1765//1778 1538//1500
f 1717//1685 1765//1778 1616//1595
f 1718//1682 1538//1500 1766//1779
f 1718//1682 1766//1779 1833//1687
f 1833//1687 1768//1780 1721//1688
f 1770//1781 1769//1690 1727//1782
f 1776//1783 1770//1781 1727//1782
f 1721//1688 1768//1780 1722//1689
f 1768//1780 1724//1784 1722//1689
f 1722//1689 1723//1785 1625//1603
f 1722//1689 1724//1784 1723//1785
f 1728//1693 1723//1785 1772//1786
f 1726//1691 1626//1606 1725//1787
f 1727//1782 1726//1691 1725//1787
f 1725//1787 1547//1604 1729//1788
f 1776//1783 1727//1782 1725//1787
f 1775//1789 1725//1787 1729//1788
f 1776//1783 1725//1787 1775//1789
f 1727//1782 1769//1690 1726//1691
f 1723//1785 1628//1513 1625//1603
f 1728//1693 1628//1513 1723//1785
f 1728//1693 1627//1462 1628//1513
f 1728//1693 1773//1790 1781//1694
f 1547//1604 1725//1787 1626//1606
f 1631//1607 1729//1788 1547//1604
f 1631//1607 1784//1791 1729//1788
f 1784//1791 1775//1789 1729//1788
f 1784//1791 1631//1607 1785//1792
f 1785//1792 1631//1607 1632//1695
f 1788//1793 1785//1792 1632//1695
f 1565//1630 1732//1794 1730//1698
f 1844//1795 1790//1796 1730//1698
f 1732//1794 1565//1630 1731//1696
f 1787//1797 1732//1794 1731//1696
f 1791//1703 1734//1798 1733//1628
f 1637//1699 1792//1709 1791//1703
f 1794//1799 1792//1709 1644//1710
f 1735//1800 1802//1801 1744//1716
f 1633//1655 1648//1715 1647//1656
f 1735//1800 1648//1715 1633//1655
f 1735//1800 1744//1716 1648//1715
f 1735//1800 1736//1697 1790//1796
f 1790//1796 1736//1697 1730//1698
f 1735//1800 1633//1655 1736//1697
f 1737//1802 1644//1710 1661//1725
f 1794//1799 1644//1710 1737//1802
f 1794//1799 1737//1802 1795//1803
f 1738//1736 1795//1803 1737//1802
f 1746//1737 1739//1804 1738//1736
f 1746//1737 1741//1805 1739//1804
f 1795//1803 1738//1736 1739//1804
f 1671//1744 1740//1806 1746//1737
f 1740//1806 1741//1805 1746//1737
f 1740//1806 1742//1807 1741//1805
f 1742//1807 1799//1808 1741//1805
f 1745//1717 1743//1809 1645//1713
f 1645//1713 1743//1809 1681//1711
f 1743//1809 1740//1806 1681//1711
f 1800//1810 1743//1809 1745//1717
f 1743//1809 1742//1807 1740//1806
f 1800//1810 1742//1807 1743//1809
f 1744//1716 1745//1717 1646//1714
f 1745//1717 1744//1716 1802//1801
f 1800//1810 1745//1717 1802//1801
f 1738//1736 1737//1802 1661//1725
f 1681//1711 1740//1806 1671//1744
f 1695//1667 1803//1811 1747//1752
f 1696//1751 1806//1812 1697//1753
f 1806//1812 1809//1756 1697//1753
f 1804//1813 1696//1751 1747//1752
f 1806//1812 1696//1751 1804//1813
f 1749//1759 1751//1758 1810//1814
f 1810//1814 1750//1670 1749//1759
f 1750//1670 1810//1814 1861//1815
f 1861//1815 1871//1760 1750//1670
f 1701//1761 1872//1816 1752//1673
f 1753//1817 1702//1674 1699//1672
f 1753//1817 1754//1762 1702//1674
f 1612//1677 1815//1764 1705//1763
f 1872//1816 1701//1761 1815//1764
f 1755//1678 1754//1762 1919//1818
f 1814//1819 1612//1677 1706//1591
f 1876//1820 1706//1591 1707//1765
f 1756//1767 1713//1768 1757//1771
f 1756//1767 1757//1771 1821//1821
f 1707//1765 1756//1767 1817//1822
f 1757//1771 1714//1769 1758//1823
f 1758//1823 1714//1769 1715//1770
f 1758//1823 1822//1824 1757//1771
f 1824//1825 1758//1823 1823//1826
f 1759//1773 1715//1770 1716//1680
f 1823//1826 1758//1823 1715//1770
f 1759//1773 1823//1826 1715//1770
f 1716//1680 1614//1593 1759//1773
f 1933//1827 1761//1774 1762//1775
f 1933//1827 1762//1775 1816//1776
f 1830//1828 1765//1778 1829//1777
f 1763//1829 1618//1684 1720//1683
f 1764//1830 1618//1684 1763//1829
f 1764//1830 1717//1685 1618//1684
f 1827//1831 1764//1830 1763//1829
f 1764//1830 1829//1777 1717//1685
f 1766//1779 1765//1778 1830//1828
f 1831//1832 1766//1779 1830//1828
f 1833//1687 1766//1779 1831//1832
f 1834//1833 1768//1780 1833//1687
f 1768//1780 1834//1833 1835//1834
f 1836//1835 1767//1692 1719//1598
f 1892//1836 1767//1692 1836//1835
f 1836//1835 1719//1598 1769//1690
f 1767//1692 1720//1683 1622//1599
f 1768//1780 1835//1834 1771//1837
f 1771//1837 1835//1834 1891//1838
f 1777//1839 1837//1840 1776//1783
f 1770//1781 1836//1835 1769//1690
f 1836//1835 1770//1781 1837//1840
f 1837//1840 1770//1781 1776//1783
f 1768//1780 1771//1837 1724//1784
f 1771//1837 1723//1785 1724//1784
f 1771//1837 1772//1786 1723//1785
f 1772//1786 1773//1790 1728//1693
f 1891//1838 1772//1786 1771//1837
f 1774//1841 1773//1790 1772//1786
f 1891//1838 1774//1841 1772//1786
f 1776//1783 1775//1789 1777//1839
f 1777//1839 1775//1789 1778//1842
f 1839//1843 1777//1839 1778//1842
f 1731//1696 1630//1629 1779//1844
f 1780//1845 1787//1797 1779//1844
f 1843//1846 1780//1845 1779//1844
f 1783//1847 1843//1846 1779//1844
f 1780//1845 1844//1795 1787//1797
f 1774//1841 1781//1694 1773//1790
f 1783//1847 1782//1848 1774//1841
f 1782//1848 1781//1694 1774//1841
f 1782//1848 1630//1629 1781//1694
f 1779//1844 1782//1848 1783//1847
f 1779//1844 1630//1629 1782//1848
f 1778//1842 1775//1789 1784//1791
f 1778//1842 1784//1791 1785//1792
f 1786//1849 1785//1792 1788//1793
f 1785//1792 1786//1849 1847//1850
f 1847//1850 1778//1842 1785//1792
f 1846//1851 1786//1849 1789//1852
f 1846//1851 1847//1850 1786//1849
f 1787//1797 1730//1698 1732//1794
f 1779//1844 1787//1797 1731//1696
f 1844//1795 1730//1698 1787//1797
f 1632//1695 1733//1628 1788//1793
f 1789//1852 1733//1628 1734//1798
f 1786//1849 1788//1793 1789//1852
f 1788//1793 1733//1628 1789//1852
f 1846//1851 1789//1852 1850//1853
f 1850//1853 1791//1703 1851//1854
f 1793//1855 1790//1796 1842//1856
f 1842//1856 1790//1796 1844//1795
f 1789//1852 1734//1798 1850//1853
f 1734//1798 1791//1703 1850//1853
f 1851//1854 1791//1703 1792//1709
f 1901//1857 1851//1854 1792//1709
f 1901//1857 1792//1709 1794//1799
f 1799//1808 1801//1858 1955//1859
f 1735//1800 1793//1855 1802//1801
f 1790//1796 1793//1855 1735//1800
f 1794//1799 1795//1803 1796//1860
f 1794//1799 1796//1860 1852//1861
f 1796//1860 1739//1804 1798//1862
f 1739//1804 1796//1860 1795//1803
f 1739//1804 1797//1863 1798//1862
f 1741//1805 1797//1863 1739//1804
f 1796//1860 1798//1862 1852//1861
f 1799//1808 1797//1863 1741//1805
f 1798//1862 1797//1863 1902//1864
f 1799//1808 1742//1807 1801//1858
f 1800//1810 1801//1858 1742//1807
f 1801//1858 1800//1810 1802//1801
f 1803//1811 1853//1865 1805//1866
f 1803//1811 1805//1866 1747//1752
f 1747//1752 1805//1866 1804//1813
f 1804//1813 1854//1867 1806//1812
f 1854//1867 1804//1813 1805//1866
f 1748//1669 1698//1671 1858//1868
f 1748//1669 1858//1868 1807//1755
f 1803//1811 1695//1667 1807//1755
f 1807//1755 1907//1869 1803//1811
f 1907//1869 1853//1865 1803//1811
f 1854//1867 1805//1866 1853//1865
f 1809//1756 1857//1870 1808//1757
f 1860//1871 1861//1815 1810//1814
f 1812//1872 1811//1873 1751//1758
f 1812//1872 1751//1758 1808//1757
f 1751//1758 1811//1873 1810//1814
f 1810//1814 1811//1873 1860//1871
f 1855//1874 1811//1873 1812//1872
f 1863//1875 1871//1760 1861//1815
f 1855//1874 1860//1871 1811//1873
f 1752//1673 1911//1876 1698//1671
f 1813//1877 1699//1672 1871//1760
f 1813//1877 1753//1817 1699//1672
f 1813//1877 1874//1878 1753//1817
f 1916//1879 1874//1878 1813//1877
f 1813//1877 1871//1760 1916//1879
f 1872//1816 1873//1880 1752//1673
f 1815//1764 1612//1677 1814//1819
f 1755//1678 1919//1818 1875//1881
f 1706//1591 1876//1820 1814//1819
f 1755//1678 1875//1881 1712//1495
f 1817//1822 1756//1767 1821//1821
f 1817//1822 1876//1820 1707//1765
f 1816//1776 1712//1495 1875//1881
f 1816//1776 1875//1881 1879//1882
f 1821//1821 1819//1883 1817//1822
f 1817//1822 1820//1884 1876//1820
f 1818//1885 1819//1883 1821//1821
f 1820//1884 1817//1822 1819//1883
f 1818//1885 1880//1886 1819//1883
f 1818//1885 1824//1825 1880//1886
f 1878//1887 1820//1884 1819//1883
f 1757//1771 1822//1824 1821//1821
f 1818//1885 1821//1821 1822//1824
f 1758//1823 1818//1885 1822//1824
f 1824//1825 1818//1885 1758//1823
f 1931//1888 1759//1773 1760//1772
f 1816//1776 1879//1882 1933//1827
f 1882//1889 1824//1825 1881//1890
f 1882//1889 1880//1886 1824//1825
f 1823//1826 1881//1890 1824//1825
f 1759//1773 1881//1890 1823//1826
f 1760//1772 1761//1774 1932//1891
f 1825//1892 1828//1893 1885//1894
f 1720//1683 1826//1895 1763//1829
f 1763//1829 1826//1895 1827//1831
f 1764//1830 1827//1831 1828//1893
f 1825//1892 1764//1830 1828//1893
f 1764//1830 1825//1892 1829//1777
f 1825//1892 1886//1896 1829//1777
f 1830//1828 1829//1777 1886//1896
f 1830//1828 1887//1897 1831//1832
f 1831//1832 1889//1898 1833//1687
f 1833//1687 1832//1899 1834//1833
f 1889//1898 1832//1899 1833//1687
f 1890//1900 1835//1834 1834//1833
f 1832//1899 1890//1900 1834//1833
f 1832//1899 1889//1898 1890//1900
f 1893//1901 1767//1692 1892//1836
f 1893//1901 1826//1895 1720//1683
f 1720//1683 1767//1692 1893//1901
f 1826//1895 1893//1901 1986//1902
f 1783//1847 1774//1841 1894//1903
f 2048//1904 1783//1847 1894//1903
f 1839//1843 1838//1905 1777//1839
f 1837//1840 1777//1839 1838//1905
f 1839//1843 1778//1842 1840//1906
f 1847//1850 1840//1906 1778//1842
f 1895//1907 1838//1905 1839//1843
f 1895//1907 1839//1843 1840//1906
f 1841//1908 1840//1906 1847//1850
f 1896//1909 1895//1907 1840//1906
f 1841//1908 1949//1910 1840//1906
f 2048//1904 1843//1846 1783//1847
f 1991//1911 1845//1912 1843//1846
f 1845//1912 1780//1845 1843//1846
f 1845//1912 1844//1795 1780//1845
f 1991//1911 1843//1846 2048//1904
f 1845//1912 1842//1856 1844//1795
f 1847//1850 1846//1851 1848//1913
f 1848//1913 1846//1851 1850//1853
f 1841//1908 1847//1850 1848//1913
f 1841//1908 1848//1913 1949//1910
f 1900//1914 1848//1913 1850//1853
f 1793//1855 1849//1915 1956//1916
f 1849//1915 1793//1855 1842//1856
f 1842//1856 1898//1917 1849//1915
f 1900//1914 1850//1853 1851//1854
f 1851//1854 1899//1918 1900//1914
f 1899//1918 1851//1854 1901//1857
f 1902//1864 1799//1808 1954//1919
f 1954//1919 1799//1808 1955//1859
f 1802//1801 1956//1916 1955//1859
f 1956//1916 1802//1801 1793//1855
f 1852//1861 1798//1862 1902//1864
f 1799//1808 1902//1864 1797//1863
f 1802//1801 1955//1859 1801//1858
f 1858//1868 1859//1920 1807//1755
f 1907//1869 1903//1921 1853//1865
f 1904//1922 1809//1756 1806//1812
f 1854//1867 1853//1865 1903//1921
f 1854//1867 1904//1922 1806//1812
f 1809//1756 1904//1922 1909//1923
f 1909//1923 1857//1870 1809//1756
f 1856//1924 1812//1872 1808//1757
f 1812//1872 1856//1924 1855//1874
f 1856//1924 1864//1925 1855//1874
f 1857//1870 1856//1924 1808//1757
f 1857//1870 1867//1926 1856//1924
f 1864//1925 1856//1924 1867//1926
f 1909//1923 1867//1926 1857//1870
f 1698//1671 1911//1876 1858//1868
f 1858//1868 1911//1876 1906//1927
f 1858//1868 1906//1927 1859//1920
f 1859//1920 1907//1869 1807//1755
f 1907//1869 1859//1920 1961//1928
f 1961//1928 1859//1920 1906//1927
f 1855//1874 1862//1929 1860//1871
f 1862//1929 1861//1815 1860//1871
f 1862//1929 1863//1875 1861//1815
f 1862//1929 1855//1874 1864//1925
f 1865//1930 1862//1929 1864//1925
f 1862//1929 1866//1931 1863//1875
f 1862//1929 1865//1930 1866//1931
f 1868//1932 1866//1931 1865//1930
f 1868//1932 1869//1933 1866//1931
f 1869//1933 1863//1875 1866//1931
f 1868//1932 1865//1930 1864//1925
f 1868//1932 1864//1925 1870//1934
f 1864//1925 1867//1926 1870//1934
f 1869//1933 1868//1932 1910//1935
f 1868//1932 1870//1934 1910//1935
f 1869//1933 1913//1936 1863//1875
f 1867//1926 1909//1923 1870//1934
f 1910//1935 1913//1936 1869//1933
f 1863//1875 1916//1879 1871//1760
f 1752//1673 1873//1880 1911//1876
f 1753//1817 1874//1878 1754//1762
f 1917//1937 1872//1816 1815//1764
f 1873//1880 1872//1816 1917//1937
f 1873//1880 1917//1937 1915//1938
f 1920//1939 1754//1762 1874//1878
f 1920//1939 1919//1818 1754//1762
f 1876//1820 1820//1884 1878//1887
f 1877//1940 1815//1764 1814//1819
f 1923//1941 1876//1820 1878//1887
f 1877//1940 1814//1819 1876//1820
f 1924//1942 1877//1940 1876//1820
f 1924//1942 1876//1820 1923//1941
f 1922//1943 1879//1882 1875//1881
f 1819//1883 1880//1886 1878//1887
f 1926//1944 1923//1941 1878//1887
f 1927//1945 1880//1886 1883//1946
f 1927//1945 1878//1887 1880//1886
f 1880//1886 1882//1889 1883//1946
f 1883//1946 1882//1889 1976//1947
f 1881//1890 1976//1947 1882//1889
f 1759//1773 1976//1947 1881//1890
f 1878//1887 1927//1945 1926//1944
f 1760//1772 1932//1891 1931//1888
f 1932//1891 1761//1774 1933//1827
f 1883//1946 1928//1948 1927//1945
f 1929//1949 1883//1946 1976//1947
f 1941//1950 1887//1897 1886//1896
f 1886//1896 1885//1894 1940//1951
f 1941//1950 1886//1896 1940//1951
f 1888//1952 1941//1950 1937//1953
f 1888//1952 1887//1897 1941//1950
f 1942//1954 1888//1952 1937//1953
f 1884//1955 1826//1895 1938//1956
f 1825//1892 1885//1894 1886//1896
f 1887//1897 1830//1828 1886//1896
f 1887//1897 1888//1952 1831//1832
f 1831//1832 1888//1952 1942//1954
f 1945//1957 1890//1900 1889//1898
f 1946//1958 1835//1834 1890//1900
f 1986//1902 1893//1901 1944//1959
f 1826//1895 1884//1955 1827//1831
f 1827//1831 1884//1955 1828//1893
f 1828//1893 1884//1955 1885//1894
f 1889//1898 1831//1832 1942//1954
f 1946//1958 1891//1838 1835//1834
f 1892//1836 1944//1959 1893//1901
f 1892//1836 1836//1835 1837//1840
f 1891//1838 1894//1903 1774//1841
f 1995//1960 1842//1856 1845//1912
f 1840//1906 1949//1910 1896//1909
f 1898//1917 1948//1961 1993//1962
f 1898//1917 1842//1856 1948//1961
f 1898//1917 1956//1916 1849//1915
f 1848//1913 1950//1963 1949//1910
f 1950//1963 1848//1913 1900//1914
f 1900//1914 1899//1918 1897//1964
f 1901//1857 1897//1964 1899//1918
f 1900//1914 1897//1964 1950//1963
f 1951//1965 1897//1964 1901//1857
f 1901//1857 1794//1799 1852//1861
f 1854//1867 1905//1966 1904//1922
f 1854//1867 1903//1921 1905//1966
f 1908//1967 1909//1923 1904//1922
f 1905//1966 1908//1967 1904//1922
f 1907//1869 2070//1968 1903//1921
f 1907//1869 1961//1928 2070//1968
f 1903//1921 1957//1969 1905//1966
f 1959//1970 1909//1923 1908//1967
f 1905//1966 1957//1969 1908//1967
f 1908//1967 1958//1971 1959//1970
f 1959//1970 2004//1972 1909//1923
f 1870//1934 1909//1923 2004//1972
f 1870//1934 2004//1972 1912//1973
f 1870//1934 1912//1973 1910//1935
f 1910//1935 1912//1973 1913//1936
f 1911//1876 1960//1974 1906//1927
f 1914//1975 1863//1875 1913//1936
f 1914//1975 1916//1879 1863//1875
f 1913//1936 2010//1976 1914//1975
f 1911//1876 1873//1880 1915//1938
f 1915//1938 1963//1977 1911//1876
f 1915//1938 1917//1937 1963//1977
f 1916//1879 1920//1939 1874//1878
f 2010//1976 2011//1978 1914//1975
f 2011//1978 1916//1879 1914//1975
f 2011//1978 1920//1939 1916//1879
f 1815//1764 1918//1979 1917//1937
f 1966//1980 1917//1937 1965//1981
f 1963//1977 1917//1937 1966//1980
f 1919//1818 1920//1939 1964//1982
f 1964//1982 2017//1983 1919//1818
f 1919//1818 2017//1983 1875//1881
f 1925//1984 1921//1985 1924//1942
f 1815//1764 1877//1940 1918//1979
f 1918//1979 1877//1940 1921//1985
f 1921//1985 1877//1940 1924//1942
f 1917//1937 1918//1979 1965//1981
f 1918//1979 1921//1985 1965//1981
f 1923//1941 1925//1984 1924//1942
f 1969//1986 1925//1984 1923//1941
f 1969//1986 1923//1941 1926//1944
f 1925//1984 1969//1986 1970//1987
f 1927//1945 1973//1988 1926//1944
f 1969//1986 1926//1944 1975//1989
f 1933//1827 1879//1882 1972//1990
f 1928//1948 1974//1991 1927//1945
f 1928//1948 1883//1946 1929//1949
f 1930//1992 1976//1947 1759//1773
f 1759//1773 1931//1888 1930//1992
f 1932//1891 1979//1993 1931//1888
f 1934//1994 1885//1894 1939//1995
f 1934//1994 1981//1996 1935//1997
f 1940//1951 1885//1894 1934//1994
f 1940//1951 1934//1994 1935//1997
f 1941//1950 1935//1997 1936//1998
f 1941//1950 1936//1998 1937//1953
f 1937//1953 1936//1998 1983//1999
f 1938//1956 1826//1895 1986//1902
f 1938//1956 1939//1995 1885//1894
f 1884//1955 1938//1956 1885//1894
f 1941//1950 1940//1951 1935//1997
f 1889//1898 1942//1954 1945//1957
f 1890//1900 1943//2000 1946//1958
f 1946//1958 1943//2000 1947//2001
f 1988//2002 1892//1836 1837//1840
f 1988//2002 2115//2003 1944//1959
f 1943//2000 1890//1900 1945//1957
f 2047//2004 1894//1903 1947//2001
f 2047//2004 2048//1904 1894//1903
f 1988//2002 1944//1959 1892//1836
f 1947//2001 1891//1838 1946//1958
f 1894//1903 1891//1838 1947//2001
f 1990//2005 1838//1905 1895//1907
f 1895//1907 1896//1909 1992//2006
f 1995//1960 1994//2007 1948//1961
f 1948//1961 1994//2007 1993//1962
f 1842//1856 1995//1960 1948//1961
f 1992//2006 1896//1909 1949//1910
f 1997//2008 1949//1910 1950//1963
f 1950//1963 1952//2009 1997//2008
f 1996//2010 1992//2006 1949//1910
f 1956//1916 1993//1962 2068//2011
f 1993//1962 1956//1916 1898//1917
f 1951//1965 1953//2012 1952//2009
f 1852//1861 1953//2012 1951//1965
f 1951//1965 1952//2009 1897//1964
f 1953//2012 1852//1861 1998//2013
f 1897//1964 1952//2009 1950//1963
f 2059//2014 1952//2009 1953//2012
f 1852//1861 1902//1864 1998//2013
f 1902//1864 1954//1919 2000//2015
f 1954//1919 2066//2016 2000//2015
f 1956//1916 1999//2017 1955//1859
f 1951//1965 1901//1857 1852//1861
f 2073//2018 1957//1969 1903//1921
f 1903//1921 2070//1968 2073//2018
f 1958//1971 1908//1967 1957//1969
f 1960//1974 1961//1928 1906//1927
f 2007//2019 1913//1936 1912//1973
f 2007//2019 2010//1976 1913//1936
f 2003//2020 2004//1972 1959//1970
f 2004//1972 2008//2021 1912//1973
f 1912//1973 2008//2021 2007//2019
f 2081//2022 1911//1876 1962//2023
f 1962//2023 1911//1876 1963//1977
f 2010//1976 2080//2024 2011//1978
f 1966//1980 2084//2025 1963//1977
f 2081//2022 1963//1977 2084//2025
f 2012//2026 1964//1982 1920//1939
f 2011//1978 2012//2026 1920//1939
f 1921//1985 1968//2027 1965//1981
f 1965//1981 1968//2027 2013//2028
f 1966//1980 1965//1981 2013//2028
f 2013//2028 2084//2025 1966//1980
f 1922//1943 1875//1881 2017//1983
f 1964//1982 2012//2026 2017//1983
f 1967//2029 1921//1985 1925//1984
f 1967//2029 1925//1984 1970//1987
f 1968//2027 1921//1985 1967//2029
f 1922//1943 2016//2030 1879//1882
f 2017//1983 2016//2030 1922//1943
f 1973//1988 1975//1989 1926//1944
f 1970//1987 1969//1986 1975//1989
f 1971//2031 1970//1987 1975//1989
f 2019//2032 1970//1987 1971//2031
f 1972//1990 1879//1882 2016//2030
f 1927//1945 1974//1991 1973//1988
f 2022//2033 1975//1989 1973//1988
f 2029//2034 1932//1891 1933//1827
f 1972//1990 2031//2035 1933//1827
f 1973//1988 1974//1991 2023//2036
f 1973//1988 2023//2036 2022//2033
f 1974//1991 1928//1948 2024//2037
f 2025//2038 1928//1948 1929//1949
f 2025//2038 2024//2037 1928//1948
f 1976//1947 2032//2039 1929//1949
f 1976//1947 1930//1992 1978//2040
f 1977//2041 1930//1992 1931//1888
f 1977//2041 1931//1888 1980//2042
f 1977//2041 1978//2040 1930//1992
f 1979//1993 1932//1891 2029//2034
f 1980//2042 1931//1888 1979//1993
f 1981//1996 2036//2043 1982//2044
f 2036//2043 1983//1999 1982//2044
f 1987//2045 2044//2046 1981//1996
f 1981//1996 1982//2044 1935//1997
f 1983//1999 1936//1998 1935//1997
f 2037//2047 1937//1953 1983//1999
f 2037//2047 1942//1954 1937//1953
f 1983//1999 1935//1997 1982//2044
f 1984//2048 1942//1954 2037//2047
f 1984//2048 1945//1957 1942//1954
f 1984//2048 1985//2049 1945//1957
f 1939//1995 1938//1956 1986//1902
f 1986//1902 1987//2045 1939//1995
f 1939//1995 1987//2045 1981//1996
f 1934//1994 1939//1995 1981//1996
f 1945//1957 1985//2049 1943//2000
f 1985//2049 2111//2050 1943//2000
f 2111//2050 1947//2001 1943//2000
f 2046//2051 1947//2001 2111//2050
f 2110//2052 1944//1959 2115//2003
f 2110//2052 1986//1902 1944//1959
f 2115//2003 2187//2053 2110//2052
f 2047//2004 1947//2001 2046//2051
f 1989//2054 1988//2002 1837//1840
f 1991//1911 2051//2055 2050//2056
f 1989//2054 1837//1840 1838//1905
f 1989//2054 1838//1905 1990//2005
f 1995//1960 1845//1912 1991//1911
f 1995//1960 2050//2056 1994//2007
f 2050//2056 1995//1960 1991//1911
f 1990//2005 1895//1907 1992//2006
f 2056//2057 1992//2006 1996//2010
f 1997//2008 2056//2057 1996//2010
f 2056//2057 1997//2008 2058//2058
f 2055//2059 1993//1962 1994//2007
f 1949//1910 1997//2008 1996//2010
f 1953//2012 1998//2013 2061//2060
f 1956//1916 2068//2011 1999//2017
f 1998//2013 2000//2015 2062//2061
f 2062//2061 2000//2015 2066//2016
f 2000//2015 1998//2013 1902//1864
f 1954//1919 1955//1859 1999//2017
f 1960//1974 2005//2062 1961//1928
f 1911//1876 2005//2062 1960//1974
f 1961//1928 2006//2063 2070//1968
f 2002//2064 1958//1971 1957//1969
f 1959//1970 1958//1971 2002//2064
f 2001//2065 2002//2064 1957//1969
f 2073//2018 2001//2065 1957//1969
f 1959//1970 2002//2064 2003//2020
f 2003//2020 2074//2066 2004//1972
f 1911//1876 2077//2067 2005//2062
f 2081//2022 2077//2067 1911//1876
f 2006//2063 1961//1928 2005//2062
f 2006//2063 2005//2062 2069//2068
f 2010//1976 2009//2069 2080//2024
f 2009//2069 2010//1976 2007//2019
f 2008//2021 2009//2069 2007//2019
f 2074//2066 2008//2021 2004//1972
f 2008//2021 2076//2070 2009//2069
f 2076//2070 2079//2071 2009//2069
f 2008//2021 2074//2066 2076//2070
f 2079//2071 2080//2024 2009//2069
f 1963//1977 2081//2022 1962//2023
f 2143//2072 2011//1978 2080//2024
f 2015//2073 2084//2025 2013//2028
f 2011//1978 2154//2074 2012//2026
f 1968//2027 2014//2075 2013//2028
f 2015//2073 2013//2028 2014//2075
f 2014//2075 1968//2027 2018//2076
f 2018//2076 1968//2027 1967//2029
f 2083//2077 2084//2025 2015//2073
f 2014//2075 2156//2078 2085//2079
f 2085//2079 2015//2073 2014//2075
f 2019//2032 1971//2031 2021//2080
f 2018//2076 1967//2029 1970//1987
f 2018//2076 1970//1987 2019//2032
f 2156//2078 2014//2075 2018//2076
f 1972//1990 2016//2030 2020//2081
f 1972//1990 2020//2081 2031//2035
f 2020//2081 2016//2030 2017//1983
f 2087//2082 2019//2032 2021//2080
f 2088//2083 2021//2080 2022//2033
f 2018//2076 2019//2032 2089//2084
f 2089//2084 2019//2032 2087//2082
f 1971//2031 1975//1989 2022//2033
f 2021//2080 1971//2031 2022//2033
f 1974//1991 2024//2037 2026//2085
f 1974//1991 2026//2085 2023//2036
f 2027//2086 2026//2085 2024//2037
f 2027//2086 2024//2037 2025//2038
f 2025//2038 1929//1949 2032//2039
f 2032//2039 2034//2087 2025//2038
f 2026//2085 2022//2033 2023//2036
f 2027//2086 2028//2088 2026//2085
f 2027//2086 2033//2089 2028//2088
f 2034//2087 2033//2089 2027//2086
f 2025//2038 2034//2087 2027//2086
f 2022//2033 2026//2085 2028//2088
f 1977//2041 2102//2090 1978//2040
f 2030//2091 2029//2034 1933//1827
f 2030//2091 1933//1827 2031//2035
f 2029//2034 2030//2091 2097//2092
f 2033//2089 2034//2087 2093//2093
f 2099//2094 2032//2039 1976//1947
f 1976//1947 2095//2095 2099//2094
f 2102//2090 1977//2041 1980//2042
f 2102//2090 1980//2042 2101//2096
f 1980//2042 1979//1993 2101//2096
f 1979//1993 2029//2034 2096//2097
f 2107//2098 2108//2099 2039//2100
f 2108//2099 2045//2101 2042//2102
f 2109//2103 2176//2104 2035//2105
f 1981//1996 2044//2046 2035//2105
f 2044//2046 2109//2103 2035//2105
f 2036//2043 1981//1996 2035//2105
f 1983//1999 2036//2043 2038//2106
f 2038//2106 2037//2047 1983//1999
f 2038//2106 2039//2100 2037//2047
f 2108//2099 2040//2107 2039//2100
f 2039//2100 2040//2107 2037//2047
f 2108//2099 2042//2102 2040//2107
f 2037//2047 2041//2108 1984//2048
f 2041//2108 2045//2101 1984//2048
f 2037//2047 2040//2107 2041//2108
f 2040//2107 2042//2102 2041//2108
f 2042//2102 2045//2101 2041//2108
f 1985//2049 2045//2101 2181//2109
f 2109//2103 2044//2046 2043//2110
f 2106//2111 2109//2103 2043//2110
f 2045//2101 1985//2049 1984//2048
f 2181//2109 2111//2050 1985//2049
f 2112//2112 2046//2051 2111//2050
f 1986//1902 2110//2052 2043//2110
f 1986//1902 2043//2110 1987//2045
f 1987//2045 2043//2110 2044//2046
f 2116//2113 2115//2003 1988//2002
f 2116//2113 1988//2002 1989//2054
f 2117//2114 2048//1904 2047//2004
f 2048//1904 2051//2055 1991//1911
f 2047//2004 2046//2051 2117//2114
f 2117//2114 2049//2115 2048//1904
f 2048//1904 2049//2115 2051//2055
f 1990//2005 1992//2006 2193//2116
f 2054//2117 2050//2056 2052//2118
f 2195//2119 2055//2059 2054//2117
f 2052//2118 2120//2120 2054//2117
f 2052//2118 2050//2056 2051//2055
f 2051//2055 2049//2115 2052//2118
f 2057//2121 2193//2116 1992//2006
f 2122//2122 2193//2116 2057//2121
f 1994//2007 2054//2117 2055//2059
f 2054//2117 1994//2007 2050//2056
f 1993//1962 2055//2059 2053//2123
f 2195//2119 2053//2123 2055//2059
f 2057//2121 1992//2006 2056//2057
f 2057//2121 2056//2057 2122//2122
f 2056//2057 2058//2058 2122//2122
f 2123//2124 2122//2122 2058//2058
f 2197//2125 2123//2124 2058//2058
f 2058//2058 2059//2014 2197//2125
f 2198//2126 2059//2014 2060//2127
f 2198//2126 2060//2127 2061//2060
f 2063//2128 2067//2129 2064//2130
f 2064//2130 2067//2129 2065//2131
f 2068//2011 2065//2131 2067//2129
f 2065//2131 2068//2011 2053//2123
f 1993//1962 2053//2123 2068//2011
f 1952//2009 2059//2014 2058//2058
f 1997//2008 1952//2009 2058//2058
f 2059//2014 1953//2012 2060//2127
f 1998//2013 2062//2061 2061//2060
f 2061//2060 2060//2127 1953//2012
f 2066//2016 2063//2128 2062//2061
f 1999//2017 2066//2016 1954//1919
f 1999//2017 2067//2129 2066//2016
f 2063//2128 2066//2016 2067//2129
f 2068//2011 2067//2129 1999//2017
f 2069//2068 2005//2062 2078//2132
f 2005//2062 2077//2067 2078//2132
f 2078//2132 2133//2133 2069//2068
f 2069//2068 2071//2134 2006//2063
f 2071//2134 2070//1968 2006//2063
f 2070//1968 2071//2134 2072//2135
f 2073//2018 2070//1968 2072//2135
f 2071//2134 2125//2136 2126//2137
f 2069//2068 2125//2136 2071//2134
f 2127//2138 2001//2065 2073//2018
f 2075//2139 2003//2020 2002//2064
f 2202//2140 2002//2064 2001//2065
f 2003//2020 2075//2139 2074//2066
f 2002//2064 2129//2141 2075//2139
f 2081//2022 2141//2142 2077//2067
f 2132//2143 2077//2067 2141//2142
f 2078//2132 2077//2067 2132//2143
f 2132//2143 2133//2133 2078//2132
f 2143//2072 2080//2024 2079//2071
f 2076//2070 2139//2144 2079//2071
f 2076//2070 2074//2066 2137//2145
f 2074//2066 2130//2146 2137//2145
f 2076//2070 2138//2147 2139//2144
f 2141//2142 2081//2022 2152//2148
f 2153//2149 2011//1978 2143//2072
f 2081//2022 2084//2025 2082//2150
f 2153//2149 2154//2074 2011//1978
f 2015//2073 2085//2079 2083//2077
f 2083//2077 2085//2079 2155//2151
f 2084//2025 2083//2077 2082//2150
f 2083//2077 2151//2152 2082//2150
f 2017//1983 2012//2026 2086//2153
f 2012//2026 2154//2074 2086//2153
f 2158//2154 2155//2151 2085//2079
f 2158//2154 2085//2079 2156//2078
f 2020//2081 2017//1983 2092//2155
f 2017//1983 2086//2153 2092//2155
f 2087//2082 2021//2080 2088//2083
f 2160//2156 2088//2083 2022//2033
f 2089//2084 2087//2082 2090//2157
f 2087//2082 2088//2083 2090//2157
f 2090//2157 2088//2083 2160//2156
f 2089//2084 2090//2157 2091//2158
f 2018//2076 2089//2084 2156//2078
f 2156//2078 2089//2084 2091//2158
f 2162//2159 2091//2158 2090//2157
f 2162//2159 2090//2157 2160//2156
f 2031//2035 2020//2081 2092//2155
f 2031//2035 2097//2092 2030//2091
f 2031//2035 2164//2160 2097//2092
f 2163//2161 2031//2035 2092//2155
f 2093//2093 2028//2088 2033//2089
f 2028//2088 2093//2093 2094//2162
f 2022//2033 2028//2088 2094//2162
f 2094//2162 2093//2093 2170//2163
f 1978//2040 2095//2095 1976//1947
f 2102//2090 2095//2095 1978//2040
f 2029//2034 2097//2092 2096//2097
f 2101//2096 1979//1993 2096//2097
f 2096//2097 2174//2164 2101//2096
f 2246//2165 2096//2097 2097//2092
f 2169//2166 2170//2163 2093//2093
f 2169//2166 2093//2093 2171//2167
f 2032//2039 2098//2168 2034//2087
f 2098//2168 2032//2039 2172//2169
f 2172//2169 2032//2039 2099//2094
f 2171//2167 2093//2093 2034//2087
f 2171//2167 2098//2168 2173//2170
f 2171//2167 2034//2087 2098//2168
f 2172//2169 2173//2170 2098//2168
f 2095//2095 2175//2171 2099//2094
f 2100//2172 2095//2095 2102//2090
f 2103//2173 2100//2172 2102//2090
f 2102//2090 2101//2096 2103//2173
f 2101//2096 2174//2164 2103//2173
f 2104//2174 2178//2175 2108//2099
f 2038//2106 2036//2043 2105//2176
f 2036//2043 2035//2105 2105//2176
f 2038//2106 2105//2176 2104//2174
f 2108//2099 2107//2098 2104//2174
f 2266//2177 2109//2103 2106//2111
f 2109//2103 2266//2177 2176//2104
f 2039//2100 2104//2174 2107//2098
f 2039//2100 2038//2106 2104//2174
f 2179//2178 2045//2101 2108//2099
f 2179//2178 2181//2109 2045//2101
f 2182//2179 2111//2050 2181//2109
f 2183//2180 2111//2050 2182//2179
f 2187//2053 2115//2003 2191//2181
f 2110//2052 2106//2111 2043//2110
f 2110//2052 2270//2182 2106//2111
f 2113//2183 2183//2180 2185//2184
f 2114//2185 2113//2183 2185//2184
f 2113//2183 2046//2051 2112//2112
f 2111//2050 2183//2180 2112//2112
f 2183//2180 2113//2183 2112//2112
f 2114//2185 2046//2051 2113//2183
f 2191//2181 2115//2003 2116//2113
f 2049//2115 2117//2114 2118//2186
f 2117//2114 2046//2051 2114//2185
f 2118//2186 2121//2187 2049//2115
f 2116//2113 1989//2054 2119//2188
f 2119//2188 1989//2054 1990//2005
f 2119//2188 2190//2189 2116//2113
f 2193//2116 2119//2188 1990//2005
f 2053//2123 2195//2119 2194//2190
f 2120//2120 2052//2118 2121//2187
f 2052//2118 2049//2115 2121//2187
f 2199//2191 2197//2125 2198//2126
f 2120//2120 2195//2119 2054//2117
f 2061//2060 2062//2061 2201//2192
f 2201//2192 2198//2126 2061//2060
f 2201//2192 2062//2061 2124//2193
f 2064//2130 2196//2194 2124//2193
f 2059//2014 2198//2126 2197//2125
f 2064//2130 2124//2193 2063//2128
f 2063//2128 2124//2193 2062//2061
f 2126//2137 2072//2135 2071//2134
f 2069//2068 2133//2133 2125//2136
f 2125//2136 2204//2195 2126//2137
f 2204//2195 2128//2196 2126//2137
f 2127//2138 2073//2018 2072//2135
f 2126//2137 2128//2196 2072//2135
f 2072//2135 2128//2196 2127//2138
f 2129//2141 2002//2064 2202//2140
f 2129//2141 2202//2140 2210//2197
f 2131//2198 2075//2139 2129//2141
f 2210//2197 2131//2198 2129//2141
f 2075//2139 2130//2146 2074//2066
f 2131//2198 2130//2146 2075//2139
f 2133//2133 2132//2143 2214//2199
f 2203//2200 2205//2201 2133//2133
f 2133//2133 2205//2201 2125//2136
f 2134//2202 2137//2145 2130//2146
f 2131//2198 2135//2203 2130//2146
f 2130//2146 2135//2203 2134//2202
f 2134//2202 2135//2203 2136//2204
f 2135//2203 2212//2205 2136//2204
f 2137//2145 2138//2147 2076//2070
f 2134//2202 2138//2147 2137//2145
f 2139//2144 2144//2206 2079//2071
f 2134//2202 2140//2207 2138//2147
f 2138//2147 2140//2207 2139//2144
f 2140//2207 2147//2208 2139//2144
f 2140//2207 2150//2209 2147//2208
f 2134//2202 2136//2204 2140//2207
f 2136//2204 2150//2209 2140//2207
f 2219//2210 2150//2209 2136//2204
f 2132//2143 2141//2142 2142//2211
f 2141//2142 2152//2148 2142//2211
f 2152//2148 2223//2212 2142//2211
f 2214//2199 2132//2143 2142//2211
f 2144//2206 2143//2072 2079//2071
f 2146//2213 2153//2149 2143//2072
f 2145//2214 2146//2213 2143//2072
f 2147//2208 2144//2206 2139//2144
f 2144//2206 2147//2208 2145//2214
f 2144//2206 2145//2214 2143//2072
f 2149//2215 2146//2213 2145//2214
f 2147//2208 2148//2216 2145//2214
f 2148//2216 2149//2215 2145//2214
f 2150//2209 2148//2216 2147//2208
f 2149//2215 2225//2217 2146//2213
f 2221//2218 2149//2215 2148//2216
f 2081//2022 2082//2150 2152//2148
f 2152//2148 2082//2150 2151//2152
f 2225//2217 2224//2219 2146//2213
f 2151//2152 2083//2077 2155//2151
f 2224//2219 2153//2149 2146//2213
f 2154//2074 2230//2220 2086//2153
f 2154//2074 2231//2221 2230//2220
f 2231//2221 2154//2074 2153//2149
f 2161//2222 2156//2078 2091//2158
f 2157//2223 2158//2154 2156//2078
f 2226//2224 2158//2154 2157//2223
f 2156//2078 2161//2222 2157//2223
f 2232//2225 2157//2223 2161//2222
f 2232//2225 2226//2224 2157//2223
f 2158//2154 2227//2226 2155//2151
f 2226//2224 2227//2226 2158//2154
f 2163//2161 2092//2155 2159//2227
f 2086//2153 2159//2227 2092//2155
f 2161//2222 2091//2158 2162//2159
f 2233//2228 2161//2222 2162//2159
f 2162//2159 2160//2156 2240//2229
f 2240//2229 2160//2156 2167//2230
f 2233//2228 2232//2225 2161//2222
f 2240//2229 2233//2228 2162//2159
f 2163//2161 2165//2231 2164//2160
f 2031//2035 2163//2161 2164//2160
f 2159//2227 2165//2231 2163//2161
f 2159//2227 2086//2153 2230//2220
f 2160//2156 2022//2033 2166//2232
f 2166//2232 2022//2033 2094//2162
f 2094//2162 2170//2163 2166//2232
f 2167//2230 2166//2232 2170//2163
f 2160//2156 2166//2232 2167//2230
f 2167//2230 2170//2163 2243//2233
f 2244//2234 2167//2230 2243//2233
f 2097//2092 2164//2160 2168//2235
f 2168//2235 2164//2160 2165//2231
f 2247//2236 2170//2163 2169//2166
f 2171//2167 2173//2170 2169//2166
f 2175//2171 2172//2169 2099//2094
f 2103//2173 2252//2237 2100//2172
f 2096//2097 2246//2165 2174//2164
f 2174//2164 2246//2165 2256//2238
f 2248//2239 2173//2170 2254//2240
f 2248//2239 2169//2166 2173//2170
f 2248//2239 2247//2236 2169//2166
f 2254//2240 2173//2170 2172//2169
f 2095//2095 2100//2172 2252//2237
f 2252//2237 2103//2173 2253//2241
f 2260//2242 2257//2243 2177//2244
f 2258//2245 2178//2175 2177//2244
f 2177//2244 2257//2243 2258//2245
f 2178//2175 2258//2245 2180//2246
f 2035//2105 2176//2104 2177//2244
f 2260//2242 2177//2244 2176//2104
f 2105//2176 2035//2105 2177//2244
f 2177//2244 2178//2175 2105//2176
f 2267//2247 2181//2109 2179//2178
f 2179//2178 2263//2248 2267//2247
f 2104//2174 2105//2176 2178//2175
f 2180//2246 2108//2099 2178//2175
f 2180//2246 2179//2178 2108//2099
f 2267//2247 2182//2179 2181//2109
f 2268//2249 2183//2180 2182//2179
f 2268//2249 2184//2250 2183//2180
f 2271//2251 2184//2250 2268//2249
f 2110//2052 2269//2252 2270//2182
f 2352//2253 2110//2052 2187//2053
f 2185//2184 2183//2180 2184//2250
f 2274//2254 2186//2255 2185//2184
f 2274//2254 2185//2184 2184//2250
f 2273//2256 2187//2053 2191//2181
f 2273//2256 2191//2181 2188//2257
f 2188//2257 2191//2181 2116//2113
f 2186//2255 2114//2185 2185//2184
f 2276//2258 2189//2259 2118//2186
f 2190//2189 2188//2257 2116//2113
f 2278//2260 2121//2187 2189//2259
f 2363//2261 2192//2262 2278//2260
f 2186//2255 2117//2114 2114//2185
f 2121//2187 2118//2186 2189//2259
f 2276//2258 2118//2186 2117//2114
f 2186//2255 2276//2258 2117//2114
f 2193//2116 2190//2189 2119//2188
f 2360//2263 2190//2189 2193//2116
f 2360//2263 2193//2116 2279//2264
f 2195//2119 2120//2120 2192//2262
f 2192//2262 2121//2187 2278//2260
f 2195//2119 2192//2262 2363//2261
f 2121//2187 2192//2262 2120//2120
f 2279//2264 2193//2116 2122//2122
f 2279//2264 2122//2122 2281//2265
f 2123//2124 2281//2265 2122//2122
f 2123//2124 2197//2125 2281//2265
f 2281//2265 2197//2125 2282//2266
f 2201//2192 2288//2267 2198//2126
f 2289//2268 2288//2267 2201//2192
f 2194//2190 2200//2269 2065//2131
f 2053//2123 2194//2190 2065//2131
f 2201//2192 2124//2193 2289//2268
f 2197//2125 2199//2191 2282//2266
f 2065//2131 2200//2269 2064//2130
f 2196//2194 2064//2130 2200//2269
f 2196//2194 2289//2268 2124//2193
f 2202//2140 2001//2065 2127//2138
f 2127//2138 2128//2196 2202//2140
f 2133//2133 2214//2199 2203//2200
f 2128//2196 2204//2195 2208//2270
f 2205//2201 2204//2195 2125//2136
f 2207//2271 2208//2270 2204//2195
f 2207//2271 2204//2195 2206//2272
f 2204//2195 2216//2273 2206//2272
f 2209//2274 2207//2271 2293//2275
f 2208//2270 2202//2140 2128//2196
f 2210//2197 2202//2140 2209//2274
f 2209//2274 2294//2276 2210//2197
f 2208//2270 2209//2274 2202//2140
f 2207//2271 2209//2274 2208//2270
f 2211//2277 2210//2197 2294//2276
f 2131//2198 2213//2278 2135//2203
f 2212//2205 2135//2203 2213//2278
f 2212//2205 2219//2210 2136//2204
f 2211//2277 2131//2198 2210//2197
f 2211//2277 2213//2278 2131//2198
f 2142//2211 2222//2279 2214//2199
f 2214//2199 2222//2279 2215//2280
f 2222//2279 2301//2281 2215//2280
f 2203//2200 2216//2273 2205//2201
f 2205//2201 2216//2273 2204//2195
f 2214//2199 2215//2280 2203//2200
f 2215//2280 2216//2273 2203//2200
f 2300//2282 2219//2210 2212//2205
f 2218//2283 2219//2210 2300//2282
f 2217//2284 2212//2205 2213//2278
f 2217//2284 2300//2282 2212//2205
f 2150//2209 2219//2210 2220//2285
f 2150//2209 2220//2285 2148//2216
f 2148//2216 2220//2285 2221//2218
f 2219//2210 2218//2283 2220//2285
f 2149//2215 2221//2218 2304//2286
f 2220//2285 2218//2283 2221//2218
f 2142//2211 2223//2212 2222//2279
f 2149//2215 2304//2286 2225//2217
f 2151//2152 2223//2212 2152//2148
f 2151//2152 2155//2151 2223//2212
f 2224//2219 2231//2221 2153//2149
f 2313//2287 2312//2288 2224//2219
f 2312//2288 2231//2221 2224//2219
f 2225//2217 2313//2287 2224//2219
f 2225//2217 2306//2289 2313//2287
f 2234//2290 2226//2224 2232//2225
f 2234//2290 2228//2291 2226//2224
f 2238//2292 2228//2291 2234//2290
f 2226//2224 2228//2291 2227//2226
f 2155//2151 2227//2226 2229//2293
f 2229//2293 2227//2226 2228//2291
f 2229//2293 2228//2291 2307//2294
f 2238//2292 2307//2294 2228//2291
f 2231//2221 2312//2288 2391//2295
f 2235//2296 2232//2225 2233//2228
f 2232//2225 2235//2296 2234//2290
f 2233//2228 2240//2229 2241//2297
f 2237//2298 2234//2290 2235//2296
f 2236//2299 2235//2296 2233//2228
f 2236//2299 2233//2228 2241//2297
f 2238//2292 2234//2290 2237//2298
f 2236//2299 2237//2298 2235//2296
f 2314//2300 2237//2298 2236//2299
f 2241//2297 2314//2300 2236//2299
f 2316//2301 2238//2292 2237//2298
f 2316//2301 2237//2298 2314//2300
f 2159//2227 2239//2302 2165//2231
f 2159//2227 2230//2220 2239//2302
f 2239//2302 2230//2220 2231//2221
f 2244//2234 2240//2229 2167//2230
f 2241//2297 2240//2229 2244//2234
f 2165//2231 2239//2302 2242//2303
f 2168//2235 2165//2231 2242//2303
f 2243//2233 2170//2163 2245//2304
f 2245//2304 2244//2234 2243//2233
f 2247//2236 2245//2304 2170//2163
f 2244//2234 2245//2304 2317//2305
f 2320//2306 2317//2305 2245//2304
f 2097//2092 2168//2235 2246//2165
f 2246//2165 2323//2307 2256//2238
f 2326//2308 2248//2239 2254//2240
f 2247//2236 2248//2239 2249//2309
f 2250//2310 2245//2304 2247//2236
f 2250//2310 2247//2236 2249//2309
f 2249//2309 2251//2311 2250//2310
f 2245//2304 2250//2310 2320//2306
f 2320//2306 2250//2310 2251//2311
f 2249//2309 2325//2312 2251//2311
f 2249//2309 2326//2308 2325//2312
f 2252//2237 2175//2171 2095//2095
f 2103//2173 2174//2164 2253//2241
f 2253//2241 2174//2164 2256//2238
f 2326//2308 2249//2309 2248//2239
f 2172//2169 2329//2313 2254//2240
f 2255//2314 2329//2313 2172//2169
f 2255//2314 2330//2315 2329//2313
f 2255//2314 2172//2169 2175//2171
f 2331//2316 2330//2315 2255//2314
f 2255//2314 2175//2171 2252//2237
f 2252//2237 2332//2317 2255//2314
f 2333//2318 2252//2237 2253//2241
f 2334//2319 2253//2241 2256//2238
f 2253//2241 2334//2319 2333//2318
f 2338//2320 2258//2245 2337//2321
f 2337//2321 2257//2243 2260//2242
f 2337//2321 2258//2245 2257//2243
f 2262//2322 2345//2323 2344//2324
f 2258//2245 2340//2325 2180//2246
f 2341//2326 2261//2327 2259//2328
f 2341//2326 2347//2329 2261//2327
f 2176//2104 2262//2322 2260//2242
f 2262//2322 2344//2324 2260//2242
f 2179//2178 2180//2246 2340//2325
f 2340//2325 2259//2328 2179//2178
f 2259//2328 2263//2248 2179//2178
f 2263//2248 2259//2328 2261//2327
f 2261//2327 2264//2330 2263//2248
f 2263//2248 2264//2330 2267//2247
f 2264//2330 2348//2331 2267//2247
f 2261//2327 2347//2329 2264//2330
f 2265//2332 2264//2330 2347//2329
f 2265//2332 2348//2331 2264//2330
f 2270//2182 2266//2177 2106//2111
f 2266//2177 2262//2322 2176//2104
f 2268//2249 2182//2179 2267//2247
f 2268//2249 2267//2247 2348//2331
f 2348//2331 2271//2251 2268//2249
f 2351//2333 2271//2251 2348//2331
f 2351//2333 2275//2334 2271//2251
f 2110//2052 2352//2253 2269//2252
f 2271//2251 2274//2254 2184//2250
f 2274//2254 2271//2251 2275//2334
f 2276//2258 2275//2334 2355//2335
f 2187//2053 2353//2336 2352//2253
f 2273//2256 2353//2336 2187//2053
f 2353//2336 2273//2256 2272//2337
f 2190//2189 2272//2337 2188//2257
f 2275//2334 2186//2255 2274//2254
f 2276//2258 2186//2255 2275//2334
f 2277//2338 2189//2259 2276//2258
f 2276//2258 2356//2339 2277//2338
f 2272//2337 2273//2256 2188//2257
f 2189//2259 2277//2338 2278//2260
f 2279//2264 2281//2265 2280//2340
f 2285//2341 2286//2342 2366//2343
f 2282//2266 2283//2344 2284//2345
f 2283//2344 2285//2341 2284//2345
f 2284//2345 2280//2340 2281//2265
f 2282//2266 2284//2345 2281//2265
f 2366//2343 2284//2345 2285//2341
f 2284//2345 2366//2343 2280//2340
f 2200//2269 2194//2190 2447//2346
f 2199//2191 2283//2344 2282//2266
f 2283//2344 2198//2126 2285//2341
f 2283//2344 2199//2191 2198//2126
f 2285//2341 2198//2126 2288//2267
f 2288//2267 2286//2342 2285//2341
f 2289//2268 2286//2342 2288//2267
f 2287//2347 2289//2268 2196//2194
f 2196//2194 2200//2269 2287//2347
f 2290//2348 2207//2271 2206//2272
f 2293//2275 2207//2271 2290//2348
f 2215//2280 2291//2349 2216//2273
f 2368//2350 2291//2349 2215//2280
f 2291//2349 2206//2272 2216//2273
f 2291//2349 2290//2348 2206//2272
f 2290//2348 2291//2349 2292//2351
f 2292//2351 2296//2352 2290//2348
f 2293//2275 2290//2348 2296//2352
f 2292//2351 2372//2353 2296//2352
f 2294//2276 2209//2274 2293//2275
f 2295//2354 2294//2276 2293//2275
f 2295//2354 2293//2275 2296//2352
f 2294//2276 2297//2355 2211//2277
f 2297//2355 2213//2278 2211//2277
f 2298//2356 2213//2278 2297//2355
f 2295//2354 2297//2355 2294//2276
f 2376//2357 2217//2284 2298//2356
f 2299//2358 2297//2355 2295//2354
f 2297//2355 2299//2358 2298//2356
f 2377//2359 2298//2356 2299//2358
f 2377//2359 2376//2357 2298//2356
f 2217//2284 2213//2278 2298//2356
f 2217//2284 2376//2357 2300//2282
f 2222//2279 2223//2212 2301//2281
f 2301//2281 2223//2212 2305//2360
f 2301//2281 2368//2350 2215//2280
f 2302//2361 2304//2286 2221//2218
f 2221//2218 2218//2283 2302//2361
f 2218//2283 2303//2362 2302//2361
f 2303//2362 2300//2282 2376//2357
f 2300//2282 2303//2362 2218//2283
f 2376//2357 2383//2363 2303//2362
f 2384//2364 2304//2286 2302//2361
f 2308//2365 2223//2212 2155//2151
f 2229//2293 2308//2365 2155//2151
f 2308//2365 2305//2360 2223//2212
f 2306//2289 2225//2217 2304//2286
f 2304//2286 2384//2364 2306//2289
f 2309//2366 2307//2294 2238//2292
f 2308//2365 2307//2294 2309//2366
f 2307//2294 2308//2365 2229//2293
f 2309//2366 2310//2367 2308//2365
f 2309//2366 2315//2368 2310//2367
f 2308//2365 2310//2367 2311//2369
f 2311//2369 2310//2367 2385//2370
f 2308//2365 2311//2369 2305//2360
f 2391//2295 2312//2288 2388//2371
f 2313//2287 2388//2371 2312//2288
f 2316//2301 2309//2366 2238//2292
f 2315//2368 2309//2366 2316//2301
f 2316//2301 2314//2300 2315//2368
f 2315//2368 2386//2372 2310//2367
f 2319//2373 2242//2303 2239//2302
f 2319//2373 2239//2302 2231//2221
f 2391//2295 2319//2373 2231//2221
f 2241//2297 2244//2234 2317//2305
f 2318//2374 2241//2297 2317//2305
f 2393//2375 2314//2300 2241//2297
f 2393//2375 2241//2297 2318//2374
f 2393//2375 2318//2374 2392//2376
f 2168//2235 2242//2303 2324//2377
f 2242//2303 2319//2373 2397//2378
f 2322//2379 2320//2306 2321//2380
f 2321//2380 2320//2306 2251//2311
f 2251//2311 2325//2312 2321//2380
f 2317//2305 2320//2306 2322//2379
f 2325//2312 2327//2381 2321//2380
f 2322//2379 2321//2380 2327//2381
f 2318//2374 2317//2305 2322//2379
f 2392//2376 2318//2374 2322//2379
f 2168//2235 2324//2377 2246//2165
f 2246//2165 2324//2377 2323//2307
f 2324//2377 2242//2303 2397//2378
f 2325//2312 2326//2308 2327//2381
f 2326//2308 2328//2382 2327//2381
f 2334//2319 2256//2238 2404//2383
f 2399//2384 2256//2238 2323//2307
f 2399//2384 2404//2383 2256//2238
f 2254//2240 2329//2313 2398//2385
f 2326//2308 2254//2240 2398//2385
f 2401//2386 2330//2315 2331//2316
f 2401//2386 2329//2313 2330//2315
f 2331//2316 2255//2314 2332//2317
f 2332//2317 2402//2387 2331//2316
f 2401//2386 2331//2316 2402//2387
f 2333//2318 2332//2317 2252//2237
f 2336//2388 2334//2319 2404//2383
f 2336//2388 2333//2318 2334//2319
f 2402//2387 2332//2317 2403//2389
f 2333//2318 2335//2390 2332//2317
f 2336//2388 2335//2390 2333//2318
f 2403//2389 2332//2317 2335//2390
f 2343//2391 2517//2392 2339//2393
f 2413//2394 2411//2395 2340//2325
f 2341//2326 2259//2328 2340//2325
f 2340//2325 2411//2395 2341//2326
f 2519//2396 2415//2397 2341//2326
f 2341//2326 2415//2397 2416//2398
f 2416//2398 2342//2399 2341//2326
f 2345//2323 2343//2391 2339//2393
f 2345//2323 2422//2400 2343//2391
f 2412//2401 2344//2324 2339//2393
f 2344//2324 2412//2401 2337//2321
f 2260//2242 2344//2324 2337//2321
f 2338//2320 2413//2394 2258//2245
f 2413//2394 2340//2325 2258//2245
f 2342//2399 2347//2329 2341//2326
f 2422//2400 2345//2323 2346//2402
f 2425//2403 2421//2404 2346//2402
f 2345//2323 2339//2393 2344//2324
f 2349//2405 2347//2329 2419//2406
f 2419//2406 2532//2407 2349//2405
f 2269//2252 2425//2403 2270//2182
f 2270//2182 2346//2402 2266//2177
f 2425//2403 2346//2402 2270//2182
f 2262//2322 2346//2402 2345//2323
f 2262//2322 2266//2177 2346//2402
f 2349//2405 2265//2332 2347//2329
f 2349//2405 2348//2331 2265//2332
f 2532//2407 2351//2333 2349//2405
f 2532//2407 2428//2408 2351//2333
f 2350//2409 2425//2403 2269//2252
f 2349//2405 2351//2333 2348//2331
f 2275//2334 2351//2333 2428//2408
f 2350//2409 2269//2252 2352//2253
f 2353//2336 2272//2337 2354//2410
f 2353//2336 2350//2409 2352//2253
f 2431//2411 2350//2409 2353//2336
f 2431//2411 2353//2336 2354//2410
f 2432//2412 2354//2410 2434//2413
f 2428//2408 2355//2335 2275//2334
f 2354//2410 2272//2337 2190//2189
f 2434//2413 2354//2410 2190//2189
f 2359//2414 2358//2415 2435//2416
f 2357//2417 2277//2338 2356//2339
f 2278//2260 2277//2338 2357//2417
f 2363//2261 2278//2260 2358//2415
f 2358//2415 2278//2260 2357//2417
f 2357//2417 2435//2416 2358//2415
f 2355//2335 2356//2339 2276//2258
f 2360//2263 2434//2413 2190//2189
f 2364//2418 2359//2414 2444//2419
f 2363//2261 2358//2415 2359//2414
f 2364//2418 2363//2261 2359//2414
f 2361//2420 2360//2263 2279//2264
f 2361//2420 2438//2421 2360//2263
f 2362//2422 2438//2421 2361//2420
f 2439//2423 2362//2422 2445//2424
f 2362//2422 2280//2340 2445//2424
f 2444//2419 2447//2346 2364//2418
f 2194//2190 2195//2119 2364//2418
f 2194//2190 2364//2418 2447//2346
f 2364//2418 2195//2119 2363//2261
f 2362//2422 2361//2420 2279//2264
f 2362//2422 2279//2264 2280//2340
f 2287//2347 2365//2425 2448//2426
f 2200//2269 2365//2425 2287//2347
f 2200//2269 2447//2346 2365//2425
f 2280//2340 2366//2343 2441//2427
f 2366//2343 2286//2342 2441//2427
f 2445//2424 2280//2340 2441//2427
f 2289//2268 2446//2428 2286//2342
f 2448//2426 2446//2428 2289//2268
f 2287//2347 2448//2426 2289//2268
f 2295//2354 2296//2352 2367//2429
f 2372//2353 2367//2429 2296//2352
f 2367//2429 2299//2358 2295//2354
f 2377//2359 2299//2358 2378//2430
f 2378//2430 2299//2358 2367//2429
f 2291//2349 2369//2431 2292//2351
f 2368//2350 2369//2431 2291//2349
f 2368//2350 2382//2432 2369//2431
f 2382//2432 2371//2433 2369//2431
f 2372//2353 2292//2351 2370//2434
f 2370//2434 2292//2351 2369//2431
f 2372//2353 2370//2434 2374//2435
f 2370//2434 2369//2431 2371//2433
f 2373//2436 2378//2430 2367//2429
f 2373//2436 2367//2429 2375//2437
f 2373//2436 2379//2438 2378//2430
f 2372//2353 2375//2437 2367//2429
f 2375//2437 2372//2353 2374//2435
f 2373//2436 2375//2437 2451//2439
f 2457//2440 2373//2436 2451//2439
f 2378//2430 2379//2438 2377//2359
f 2462//2441 2376//2357 2377//2359
f 2383//2363 2376//2357 2462//2441
f 2457//2440 2379//2438 2373//2436
f 2462//2441 2377//2359 2379//2438
f 2301//2281 2380//2442 2368//2350
f 2380//2442 2382//2432 2368//2350
f 2381//2443 2301//2281 2305//2360
f 2381//2443 2380//2442 2301//2281
f 2380//2442 2381//2443 2452//2444
f 2382//2432 2380//2442 2452//2444
f 2382//2432 2453//2445 2371//2433
f 2383//2363 2463//2446 2461//2447
f 2303//2362 2384//2364 2302//2361
f 2383//2363 2469//2448 2303//2362
f 2469//2448 2384//2364 2303//2362
f 2461//2447 2469//2448 2383//2363
f 2305//2360 2311//2369 2381//2443
f 2311//2369 2385//2370 2381//2443
f 2315//2368 2389//2449 2386//2372
f 2310//2367 2386//2372 2385//2370
f 2386//2372 2475//2450 2385//2370
f 2387//2451 2388//2371 2313//2287
f 2478//2452 2388//2371 2387//2451
f 2306//2289 2387//2451 2313//2287
f 2478//2452 2387//2451 2479//2453
f 2389//2449 2315//2368 2314//2300
f 2478//2452 2391//2295 2388//2371
f 2390//2454 2389//2449 2314//2300
f 2478//2452 2565//2455 2391//2295
f 2396//2456 2392//2376 2322//2379
f 2394//2457 2393//2375 2392//2376
f 2394//2457 2392//2376 2396//2456
f 2393//2375 2390//2454 2314//2300
f 2395//2458 2393//2375 2394//2457
f 2395//2458 2390//2454 2393//2375
f 2484//2459 2395//2458 2394//2457
f 2484//2459 2394//2457 2396//2456
f 2390//2454 2395//2458 2480//2460
f 2391//2295 2486//2461 2319//2373
f 2319//2373 2486//2461 2397//2378
f 2322//2379 2327//2381 2488//2462
f 2323//2307 2324//2377 2494//2463
f 2324//2377 2397//2378 2494//2463
f 2327//2381 2328//2382 2400//2464
f 2327//2381 2400//2464 2488//2462
f 2492//2465 2328//2382 2326//2308
f 2492//2465 2400//2464 2328//2382
f 2491//2466 2492//2465 2326//2308
f 2398//2385 2491//2466 2326//2308
f 2401//2386 2398//2385 2329//2313
f 2399//2384 2323//2307 2494//2463
f 2491//2466 2398//2385 2500//2467
f 2500//2467 2398//2385 2401//2386
f 2499//2468 2402//2387 2403//2389
f 2401//2386 2402//2387 2499//2468
f 2405//2469 2335//2390 2336//2388
f 2403//2389 2335//2390 2405//2469
f 2336//2388 2404//2383 2407//2470
f 2501//2471 2404//2383 2399//2384
f 2399//2384 2495//2472 2501//2471
f 2506//2473 2499//2468 2403//2389
f 2403//2389 2405//2469 2408//2474
f 2506//2473 2403//2389 2408//2474
f 2336//2388 2406//2475 2405//2469
f 2336//2388 2407//2470 2406//2475
f 2406//2475 2407//2470 2409//2476
f 2409//2476 2405//2469 2406//2475
f 2407//2470 2404//2383 2501//2471
f 2409//2476 2407//2470 2602//2477
f 2519//2396 2411//2395 2518//2478
f 2514//2479 2515//2480 2412//2401
f 2337//2321 2515//2480 2410//2481
f 2515//2480 2337//2321 2412//2401
f 2337//2321 2410//2481 2338//2320
f 2410//2481 2413//2394 2338//2320
f 2520//2482 2414//2483 2519//2396
f 2414//2483 2520//2482 2522//2484
f 2524//2485 2414//2483 2522//2484
f 2339//2393 2514//2479 2412//2401
f 2514//2479 2339//2393 2517//2392
f 2519//2396 2341//2326 2411//2395
f 2414//2483 2415//2397 2519//2396
f 2415//2397 2414//2483 2418//2486
f 2523//2487 2517//2392 2343//2391
f 2422//2400 2523//2487 2343//2391
f 2417//2488 2342//2399 2416//2398
f 2416//2398 2419//2406 2417//2488
f 2415//2397 2418//2486 2416//2398
f 2416//2398 2418//2486 2419//2406
f 2420//2489 2419//2406 2418//2486
f 2417//2488 2347//2329 2342//2399
f 2419//2406 2347//2329 2417//2488
f 2425//2403 2533//2490 2423//2491
f 2421//2404 2425//2403 2423//2491
f 2422//2400 2346//2402 2421//2404
f 2530//2492 2428//2408 2532//2407
f 2425//2403 2426//2493 2533//2490
f 2534//2494 2533//2490 2426//2493
f 2530//2492 2424//2495 2428//2408
f 2426//2493 2425//2403 2350//2409
f 2426//2493 2350//2409 2431//2411
f 2534//2494 2426//2493 2431//2411
f 2433//2496 2430//2497 2427//2498
f 2429//2499 2356//2339 2355//2335
f 2429//2499 2355//2335 2428//2408
f 2424//2495 2429//2499 2428//2408
f 2429//2499 2424//2495 2537//2500
f 2537//2500 2430//2497 2429//2499
f 2432//2412 2431//2411 2354//2410
f 2534//2494 2431//2411 2432//2412
f 2432//2412 2536//2501 2534//2494
f 2536//2501 2432//2412 2434//2413
f 2437//2502 2433//2496 2427//2498
f 2356//2339 2430//2497 2433//2496
f 2429//2499 2430//2497 2356//2339
f 2539//2503 2436//2504 2540//2505
f 2435//2416 2437//2502 2540//2505
f 2436//2504 2435//2416 2540//2505
f 2357//2417 2356//2339 2433//2496
f 2437//2502 2435//2416 2357//2417
f 2437//2502 2357//2417 2433//2496
f 2437//2502 2427//2498 2540//2505
f 2541//2506 2434//2413 2360//2263
f 2444//2419 2436//2504 2539//2503
f 2436//2504 2359//2414 2435//2416
f 2360//2263 2438//2421 2541//2506
f 2438//2421 2439//2423 2541//2506
f 2442//2507 2446//2428 2545//2508
f 2545//2508 2443//2509 2546//2510
f 2547//2511 2546//2510 2443//2509
f 2359//2414 2436//2504 2444//2419
f 2438//2421 2362//2422 2439//2423
f 2439//2423 2445//2424 2440//2512
f 2445//2424 2441//2427 2440//2512
f 2441//2427 2286//2342 2442//2507
f 2446//2428 2448//2426 2443//2509
f 2448//2426 2547//2511 2443//2509
f 2365//2425 2547//2511 2448//2426
f 2545//2508 2446//2428 2443//2509
f 2446//2428 2442//2507 2286//2342
f 2547//2511 2447//2346 2444//2419
f 2447//2346 2547//2511 2365//2425
f 2374//2435 2370//2434 2449//2513
f 2450//2514 2374//2435 2449//2513
f 2449//2513 2370//2434 2371//2433
f 2375//2437 2374//2435 2450//2514
f 2451//2439 2375//2437 2450//2514
f 2457//2440 2451//2439 2458//2515
f 2452//2444 2467//2516 2382//2432
f 2549//2517 2453//2445 2467//2516
f 2453//2445 2382//2432 2467//2516
f 2454//2518 2371//2433 2453//2445
f 2371//2433 2454//2518 2449//2513
f 2449//2513 2454//2518 2455//2519
f 2450//2514 2449//2513 2455//2519
f 2456//2520 2454//2518 2453//2445
f 2455//2519 2454//2518 2456//2520
f 2456//2520 2453//2445 2549//2517
f 2460//2521 2455//2519 2456//2520
f 2460//2521 2456//2520 2550//2522
f 2458//2515 2450//2514 2455//2519
f 2451//2439 2450//2514 2458//2515
f 2459//2523 2457//2440 2458//2515
f 2459//2523 2465//2524 2457//2440
f 2460//2521 2458//2515 2455//2519
f 2459//2523 2651//2525 2465//2524
f 2646//2526 2459//2523 2458//2515
f 2646//2526 2458//2515 2460//2521
f 2646//2526 2651//2525 2459//2523
f 2462//2441 2463//2446 2383//2363
f 2462//2441 2379//2438 2457//2440
f 2463//2446 2462//2441 2464//2527
f 2463//2446 2468//2528 2461//2447
f 2465//2524 2462//2441 2457//2440
f 2465//2524 2464//2527 2462//2441
f 2653//2529 2464//2527 2465//2524
f 2468//2528 2463//2446 2464//2527
f 2468//2528 2464//2527 2653//2529
f 2653//2529 2465//2524 2651//2525
f 2470//2530 2381//2443 2385//2370
f 2381//2443 2466//2531 2452//2444
f 2452//2444 2466//2531 2467//2516
f 2381//2443 2470//2530 2466//2531
f 2652//2532 2651//2525 2646//2526
f 2556//2533 2468//2528 2653//2529
f 2471//2534 2461//2447 2468//2528
f 2556//2533 2471//2534 2468//2528
f 2471//2534 2469//2448 2461//2447
f 2475//2450 2470//2530 2385//2370
f 2470//2530 2475//2450 2551//2535
f 2470//2530 2551//2535 2466//2531
f 2384//2364 2469//2448 2474//2536
f 2469//2448 2471//2534 2474//2536
f 2472//2537 2479//2453 2387//2451
f 2473//2538 2306//2289 2384//2364
f 2472//2537 2306//2289 2473//2538
f 2387//2451 2306//2289 2472//2537
f 2384//2364 2474//2536 2473//2538
f 2386//2372 2477//2539 2475//2450
f 2386//2372 2389//2449 2477//2539
f 2472//2537 2473//2538 2479//2453
f 2560//2540 2479//2453 2473//2538
f 2473//2538 2474//2536 2560//2540
f 2390//2454 2476//2541 2389//2449
f 2389//2449 2476//2541 2477//2539
f 2476//2541 2563//2542 2477//2539
f 2483//2543 2391//2295 2565//2455
f 2479//2453 2565//2455 2478//2452
f 2481//2544 2480//2460 2395//2458
f 2484//2459 2481//2544 2395//2458
f 2480//2460 2476//2541 2390//2454
f 2482//2545 2480//2460 2481//2544
f 2480//2460 2482//2545 2476//2541
f 2482//2545 2562//2546 2476//2541
f 2485//2547 2562//2546 2482//2545
f 2562//2546 2563//2542 2476//2541
f 2483//2543 2486//2461 2391//2295
f 2483//2543 2569//2548 2486//2461
f 2322//2379 2487//2549 2396//2456
f 2322//2379 2488//2462 2487//2549
f 2490//2550 2481//2544 2484//2459
f 2485//2547 2482//2545 2481//2544
f 2490//2550 2485//2547 2481//2544
f 2483//2543 2565//2455 2569//2548
f 2489//2551 2396//2456 2487//2549
f 2572//2552 2489//2551 2487//2549
f 2572//2552 2487//2549 2488//2462
f 2488//2462 2400//2464 2493//2553
f 2484//2459 2396//2456 2489//2551
f 2490//2550 2484//2459 2489//2551
f 2572//2552 2488//2462 2571//2554
f 2495//2472 2399//2384 2494//2463
f 2486//2461 2496//2555 2397//2378
f 2397//2378 2496//2555 2494//2463
f 2571//2554 2488//2462 2493//2553
f 2493//2553 2400//2464 2492//2465
f 2495//2472 2494//2463 2587//2556
f 2494//2463 2496//2555 2587//2556
f 2491//2466 2500//2467 2503//2557
f 2492//2465 2491//2466 2497//2558
f 2491//2466 2503//2557 2502//2559
f 2497//2558 2498//2560 2492//2465
f 2493//2553 2492//2465 2498//2560
f 2497//2558 2491//2466 2579//2561
f 2493//2553 2498//2560 2571//2554
f 2498//2560 2497//2558 2579//2561
f 2503//2557 2500//2467 2504//2562
f 2500//2467 2401//2386 2499//2468
f 2500//2467 2499//2468 2505//2563
f 2504//2562 2500//2467 2505//2563
f 2495//2472 2593//2564 2501//2471
f 2587//2556 2593//2564 2495//2472
f 2579//2561 2491//2466 2502//2559
f 2586//2565 2503//2557 2504//2562
f 2503//2557 2586//2565 2502//2559
f 2504//2562 2505//2563 2591//2566
f 2507//2567 2506//2473 2408//2474
f 2505//2563 2499//2468 2506//2473
f 2507//2567 2505//2563 2506//2473
f 2408//2474 2405//2469 2508//2568
f 2508//2568 2405//2469 2409//2476
f 2501//2471 2602//2477 2407//2470
f 2592//2569 2505//2563 2507//2567
f 2592//2569 2591//2566 2505//2563
f 2508//2568 2509//2570 2408//2474
f 2600//2571 2509//2570 2508//2568
f 2508//2568 2691//2572 2600//2571
f 2507//2567 2408//2474 2509//2570
f 2409//2476 2691//2572 2508//2568
f 2409//2476 2602//2477 2691//2572
f 2501//2471 2601//2573 2602//2477
f 2601//2573 2501//2471 2593//2564
f 2510//2574 2511//2575 2514//2479
f 2511//2575 2515//2480 2514//2479
f 2410//2481 2512//2576 2413//2394
f 2511//2575 2410//2481 2515//2480
f 2511//2575 2512//2576 2410//2481
f 2512//2576 2516//2577 2413//2394
f 2612//2578 2520//2482 2611//2579
f 2413//2394 2516//2577 2411//2395
f 2516//2577 2518//2478 2411//2395
f 2513//2580 2518//2478 2516//2577
f 2513//2580 2519//2396 2518//2478
f 2519//2396 2513//2580 2611//2579
f 2611//2579 2520//2482 2519//2396
f 2612//2578 2521//2581 2520//2482
f 2521//2581 2522//2484 2520//2482
f 2521//2581 2526//2582 2522//2484
f 2613//2583 2527//2584 2521//2581
f 2527//2584 2526//2582 2521//2581
f 2616//2585 2714//2586 2523//2487
f 2523//2487 2714//2586 2517//2392
f 2524//2485 2418//2486 2414//2483
f 2526//2582 2524//2485 2522//2484
f 2524//2485 2526//2582 2525//2587
f 2527//2584 2525//2587 2526//2582
f 2527//2584 2528//2588 2525//2587
f 2527//2584 2618//2589 2528//2588
f 2529//2590 2615//2591 2523//2487
f 2616//2585 2523//2487 2615//2591
f 2624//2592 2532//2407 2528//2588
f 2524//2485 2420//2489 2418//2486
f 2525//2587 2420//2489 2524//2485
f 2525//2587 2532//2407 2420//2489
f 2528//2588 2532//2407 2525//2587
f 2533//2490 2534//2494 2621//2593
f 2533//2490 2529//2590 2423//2491
f 2533//2490 2621//2593 2529//2590
f 2534//2494 2622//2594 2621//2593
f 2421//2404 2529//2590 2422//2400
f 2523//2487 2422//2400 2529//2590
f 2624//2592 2530//2492 2532//2407
f 2624//2592 2531//2595 2530//2492
f 2625//2596 2629//2597 2531//2595
f 2420//2489 2532//2407 2419//2406
f 2630//2598 2534//2494 2536//2501
f 2529//2590 2421//2404 2423//2491
f 2531//2595 2424//2495 2530//2492
f 2531//2595 2537//2500 2424//2495
f 2531//2595 2629//2597 2537//2500
f 2628//2599 2535//2600 2537//2500
f 2427//2498 2537//2500 2535//2600
f 2538//2601 2427//2498 2535//2600
f 2427//2498 2430//2497 2537//2500
f 2636//2602 2536//2501 2434//2413
f 2541//2506 2636//2602 2434//2413
f 2541//2506 2542//2603 2639//2604
f 2540//2505 2427//2498 2538//2601
f 2539//2503 2540//2505 2538//2601
f 2439//2423 2542//2603 2541//2506
f 2439//2423 2440//2512 2542//2603
f 2542//2603 2440//2512 2543//2605
f 2643//2606 2442//2507 2644//2607
f 2644//2607 2442//2507 2545//2508
f 2444//2419 2539//2503 2544//2608
f 2544//2608 2539//2503 2732//2609
f 2440//2512 2441//2427 2543//2605
f 2441//2427 2643//2606 2543//2605
f 2444//2419 2544//2608 2547//2511
f 2643//2606 2441//2427 2442//2507
f 2546//2510 2645//2610 2545//2508
f 2547//2511 2544//2608 2546//2510
f 2544//2608 2645//2610 2546//2510
f 2456//2520 2549//2517 2550//2522
f 2646//2526 2460//2521 2550//2522
f 2466//2531 2551//2535 2548//2611
f 2467//2516 2466//2531 2548//2611
f 2548//2611 2551//2535 2553//2612
f 2467//2516 2554//2613 2549//2517
f 2548//2611 2553//2612 2554//2613
f 2467//2516 2548//2611 2554//2613
f 2549//2517 2554//2613 2649//2614
f 2550//2522 2549//2517 2647//2615
f 2475//2450 2477//2539 2558//2616
f 2475//2450 2558//2616 2552//2617
f 2552//2617 2551//2535 2475//2450
f 2552//2617 2553//2612 2551//2535
f 2553//2612 2552//2617 2555//2618
f 2553//2612 2555//2618 2554//2613
f 2471//2534 2556//2533 2557//2619
f 2471//2534 2557//2619 2474//2536
f 2559//2620 2552//2617 2558//2616
f 2559//2620 2555//2618 2552//2617
f 2474//2536 2561//2621 2560//2540
f 2561//2621 2474//2536 2557//2619
f 2557//2619 2735//2622 2561//2621
f 2556//2533 2735//2622 2557//2619
f 2477//2539 2655//2623 2558//2616
f 2655//2623 2477//2539 2563//2542
f 2562//2546 2564//2624 2563//2542
f 2655//2623 2563//2542 2564//2624
f 2656//2625 2565//2455 2479//2453
f 2485//2547 2567//2626 2562//2546
f 2562//2546 2736//2627 2564//2624
f 2570//2628 2569//2548 2565//2455
f 2656//2625 2570//2628 2565//2455
f 2490//2550 2489//2551 2573//2629
f 2573//2629 2489//2551 2572//2552
f 2566//2630 2485//2547 2490//2550
f 2573//2629 2566//2630 2490//2550
f 2566//2630 2567//2626 2485//2547
f 2569//2548 2568//2631 2486//2461
f 2660//2632 2569//2548 2570//2628
f 2575//2633 2573//2629 2572//2552
f 2574//2634 2572//2552 2571//2554
f 2573//2629 2575//2633 2566//2630
f 2575//2633 2572//2552 2574//2634
f 2578//2635 2496//2555 2486//2461
f 2496//2555 2578//2635 2587//2556
f 2578//2635 2486//2461 2568//2631
f 2575//2633 2574//2634 2576//2636
f 2576//2636 2574//2634 2571//2554
f 2576//2636 2571//2554 2577//2637
f 2571//2554 2498//2560 2582//2638
f 2668//2639 2571//2554 2582//2638
f 2577//2637 2571//2554 2668//2639
f 2661//2640 2575//2633 2576//2636
f 2575//2633 2661//2640 2663//2641
f 2661//2640 2576//2636 2662//2642
f 2662//2642 2576//2636 2577//2637
f 2670//2643 2577//2637 2668//2639
f 2680//2644 2578//2635 2568//2631
f 2498//2560 2579//2561 2582//2638
f 2580//2645 2579//2561 2502//2559
f 2588//2646 2580//2645 2502//2559
f 2502//2559 2586//2565 2588//2646
f 2579//2561 2580//2645 2581//2647
f 2583//2648 2579//2561 2581//2647
f 2668//2639 2582//2638 2584//2649
f 2582//2638 2583//2648 2584//2649
f 2582//2638 2579//2561 2583//2648
f 2581//2647 2585//2650 2583//2648
f 2584//2649 2583//2648 2585//2650
f 2586//2565 2504//2562 2591//2566
f 2578//2635 2680//2644 2587//2556
f 2593//2564 2587//2556 2594//2651
f 2589//2652 2580//2645 2588//2646
f 2589//2652 2588//2646 2586//2565
f 2596//2653 2589//2652 2586//2565
f 2581//2647 2580//2645 2590//2654
f 2581//2647 2590//2654 2585//2650
f 2590//2654 2675//2655 2585//2650
f 2580//2645 2589//2652 2590//2654
f 2595//2656 2590//2654 2589//2652
f 2586//2565 2591//2566 2596//2653
f 2597//2657 2596//2653 2591//2566
f 2601//2573 2593//2564 2692//2658
f 2595//2656 2673//2659 2590//2654
f 2595//2656 2677//2660 2673//2659
f 2596//2653 2595//2656 2589//2652
f 2598//2661 2595//2656 2596//2653
f 2596//2653 2597//2657 2598//2661
f 2598//2661 2677//2660 2595//2656
f 2677//2660 2598//2661 2678//2662
f 2598//2661 2597//2657 2678//2662
f 2678//2662 2597//2657 2599//2663
f 2685//2664 2678//2662 2599//2663
f 2597//2657 2591//2566 2599//2663
f 2600//2571 2592//2569 2507//2567
f 2599//2663 2591//2566 2592//2569
f 2600//2571 2507//2567 2509//2570
f 2593//2564 2679//2665 2692//2658
f 2599//2663 2592//2569 2600//2571
f 2690//2666 2600//2571 2693//2667
f 2603//2668 2702//2669 2704//2670
f 2707//2671 2605//2672 2703//2673
f 2603//2668 2704//2670 2604//2674
f 2606//2675 2604//2674 2704//2670
f 2703//2673 2606//2675 2704//2670
f 2605//2672 2606//2675 2703//2673
f 2707//2671 2607//2676 2605//2672
f 2607//2676 2707//2671 2608//2677
f 2603//2668 2609//2678 2714//2586
f 2714//2586 2712//2679 2603//2668
f 2603//2668 2610//2680 2609//2678
f 2603//2668 2604//2674 2610//2680
f 2606//2675 2605//2672 2511//2575
f 2512//2576 2605//2672 2607//2676
f 2709//2681 2513//2580 2608//2677
f 2517//2392 2609//2678 2610//2680
f 2604//2674 2606//2675 2510//2574
f 2610//2680 2510//2574 2514//2479
f 2510//2574 2610//2680 2604//2674
f 2510//2574 2606//2675 2511//2575
f 2605//2672 2512//2576 2511//2575
f 2607//2676 2516//2577 2512//2576
f 2516//2577 2607//2676 2608//2677
f 2710//2682 2611//2579 2513//2580
f 2709//2681 2710//2682 2513//2580
f 2517//2392 2714//2586 2609//2678
f 2517//2392 2610//2680 2514//2479
f 2608//2677 2513//2580 2516//2577
f 2611//2579 2710//2682 2612//2578
f 2615//2591 2719//2683 2714//2586
f 2715//2684 2614//2685 2716//2686
f 2716//2686 2521//2581 2612//2578
f 2716//2686 2614//2685 2613//2583
f 2615//2591 2714//2586 2616//2585
f 2716//2686 2613//2583 2521//2581
f 2614//2685 2527//2584 2613//2583
f 2614//2685 2618//2589 2527//2584
f 2529//2590 2621//2593 2615//2591
f 2719//2683 2615//2591 2621//2593
f 2617//2687 2619//2688 2618//2589
f 2617//2687 2721//2689 2619//2688
f 2528//2588 2618//2589 2624//2592
f 2618//2589 2619//2688 2624//2592
f 2619//2688 2620//2690 2624//2592
f 2721//2689 2620//2690 2619//2688
f 2622//2594 2719//2683 2621//2593
f 2623//2691 2719//2683 2622//2594
f 2627//2692 2720//2693 2623//2691
f 2727//2694 2626//2695 2725//2696
f 2624//2592 2625//2596 2531//2595
f 2625//2596 2624//2592 2620//2690
f 2625//2596 2620//2690 2626//2695
f 2634//2697 2728//2698 2633//2699
f 2623//2691 2534//2494 2630//2598
f 2622//2594 2534//2494 2623//2691
f 2627//2692 2623//2691 2630//2598
f 2635//2700 2628//2599 2727//2694
f 2727//2694 2628//2599 2626//2695
f 2626//2695 2629//2597 2625//2596
f 2537//2500 2629//2597 2628//2599
f 2626//2695 2628//2599 2629//2597
f 2630//2598 2536//2501 2631//2701
f 2627//2692 2630//2598 2631//2701
f 2633//2699 2627//2692 2631//2701
f 2633//2699 2631//2701 2632//2702
f 2634//2697 2632//2702 2536//2501
f 2634//2697 2536//2501 2636//2602
f 2633//2699 2632//2702 2634//2697
f 2635//2700 2729//2703 2730//2704
f 2729//2703 2635//2700 2727//2694
f 2536//2501 2632//2702 2631//2701
f 2635//2700 2535//2600 2628//2599
f 2639//2604 2637//2705 2541//2506
f 2638//2706 2538//2601 2635//2700
f 2730//2704 2638//2706 2635//2700
f 2730//2704 2815//2707 2638//2706
f 2538//2601 2535//2600 2635//2700
f 2636//2602 2541//2506 2637//2705
f 2809//2708 2639//2604 2640//2709
f 2539//2503 2538//2601 2638//2706
f 2640//2709 2643//2606 2641//2710
f 2641//2710 2643//2606 2644//2607
f 2642//2711 2644//2607 2645//2610
f 2642//2711 2645//2610 2731//2712
f 2644//2607 2642//2711 2641//2710
f 2731//2712 2645//2610 2732//2609
f 2732//2609 2539//2503 2638//2706
f 2639//2604 2542//2603 2543//2605
f 2640//2709 2639//2604 2543//2605
f 2543//2605 2643//2606 2640//2709
f 2645//2610 2644//2607 2545//2508
f 2645//2610 2544//2608 2732//2609
f 2648//2713 2550//2522 2647//2615
f 2646//2526 2550//2522 2648//2713
f 2555//2618 2654//2714 2554//2613
f 2649//2614 2554//2613 2654//2714
f 2647//2615 2549//2517 2649//2614
f 2650//2715 2648//2713 2647//2615
f 2647//2615 2649//2614 2650//2715
f 2646//2526 2648//2713 2652//2532
f 2650//2715 2652//2532 2648//2713
f 2652//2532 2653//2529 2651//2525
f 2555//2618 2559//2620 2654//2714
f 2649//2614 2820//2716 2650//2715
f 2558//2616 2655//2623 2559//2620
f 2561//2621 2735//2622 2657//2717
f 2564//2624 2736//2627 2655//2623
f 2655//2623 2737//2718 2559//2620
f 2655//2623 2736//2627 2737//2718
f 2561//2621 2657//2717 2560//2540
f 2657//2717 2479//2453 2560//2540
f 2656//2625 2739//2719 2570//2628
f 2657//2717 2656//2625 2479//2453
f 2658//2720 2562//2546 2567//2626
f 2660//2632 2568//2631 2569//2548
f 2660//2632 2570//2628 2739//2719
f 2664//2721 2658//2720 2567//2626
f 2566//2630 2664//2721 2567//2626
f 2566//2630 2575//2633 2663//2641
f 2663//2641 2664//2721 2566//2630
f 2658//2720 2659//2722 2562//2546
f 2660//2632 2671//2723 2568//2631
f 2665//2724 2663//2641 2661//2640
f 2662//2642 2665//2724 2661//2640
f 2665//2724 2662//2642 2666//2725
f 2662//2642 2577//2637 2670//2643
f 2664//2721 2663//2641 2665//2724
f 2667//2726 2664//2721 2665//2724
f 2666//2725 2667//2726 2665//2724
f 2664//2721 2667//2726 2658//2720
f 2668//2639 2584//2649 2669//2727
f 2669//2727 2584//2649 2585//2650
f 2668//2639 2669//2727 2670//2643
f 2670//2643 2669//2727 2672//2728
f 2669//2727 2585//2650 2745//2729
f 2666//2725 2662//2642 2670//2643
f 2672//2728 2669//2727 2745//2729
f 2670//2643 2742//2730 2666//2725
f 2742//2730 2670//2643 2672//2728
f 2743//2731 2667//2726 2666//2725
f 2742//2730 2743//2731 2666//2725
f 2568//2631 2747//2732 2680//2644
f 2747//2732 2568//2631 2671//2723
f 2836//2733 2747//2732 2671//2723
f 2587//2556 2680//2644 2594//2651
f 2590//2654 2673//2659 2675//2655
f 2674//2734 2673//2659 2677//2660
f 2674//2734 2675//2655 2673//2659
f 2675//2655 2674//2734 2683//2735
f 2675//2655 2676//2736 2585//2650
f 2745//2729 2585//2650 2676//2736
f 2675//2655 2683//2735 2676//2736
f 2683//2735 2748//2737 2676//2736
f 2748//2737 2745//2729 2676//2736
f 2674//2734 2677//2660 2678//2662
f 2684//2738 2678//2662 2685//2664
f 2593//2564 2594//2651 2679//2665
f 2680//2644 2681//2739 2594//2651
f 2594//2651 2681//2739 2679//2665
f 2680//2644 2682//2740 2681//2739
f 2674//2734 2686//2741 2683//2735
f 2683//2735 2750//2742 2748//2737
f 2674//2734 2678//2662 2684//2738
f 2686//2741 2674//2734 2684//2738
f 2687//2743 2684//2738 2688//2744
f 2684//2738 2685//2664 2688//2744
f 2688//2744 2685//2664 2755//2745
f 2686//2741 2684//2738 2687//2743
f 2683//2735 2686//2741 2750//2742
f 2687//2743 2750//2742 2686//2741
f 2753//2746 2687//2743 2688//2744
f 2685//2664 2599//2663 2755//2745
f 2690//2666 2599//2663 2600//2571
f 2679//2665 2756//2747 2692//2658
f 2681//2739 2757//2748 2679//2665
f 2679//2665 2757//2748 2756//2747
f 2682//2740 2758//2749 2681//2739
f 2681//2739 2758//2749 2757//2748
f 2757//2748 2771//2750 2756//2747
f 2762//2751 2689//2752 2690//2666
f 2599//2663 2690//2666 2689//2752
f 2693//2667 2600//2571 2695//2753
f 2600//2571 2691//2572 2695//2753
f 2602//2477 2696//2754 2691//2572
f 2602//2477 2601//2573 2696//2754
f 2692//2658 2696//2754 2601//2573
f 2692//2658 2697//2755 2696//2754
f 2692//2658 2756//2747 2697//2755
f 2762//2751 2763//2756 2689//2752
f 2694//2757 2762//2751 2690//2666
f 2693//2667 2694//2757 2690//2666
f 2767//2758 2691//2572 2696//2754
f 2694//2757 2693//2667 2766//2759
f 2779//2760 2693//2667 2695//2753
f 2788//2761 2704//2670 2789//2762
f 2704//2670 2788//2761 2698//2763
f 2699//2764 2705//2765 2703//2673
f 2698//2763 2699//2764 2703//2673
f 2700//2766 2705//2765 2699//2764
f 2791//2767 2701//2768 2700//2766
f 2700//2766 2701//2768 2705//2765
f 2711//2769 2789//2762 2702//2669
f 2789//2762 2704//2670 2702//2669
f 2698//2763 2703//2673 2704//2670
f 2707//2671 2703//2673 2705//2765
f 2705//2765 2701//2768 2707//2671
f 2701//2768 2708//2770 2707//2671
f 2701//2768 2706//2771 2708//2770
f 2708//2770 2706//2771 2709//2681
f 2706//2771 2795//2772 2709//2681
f 2711//2769 2702//2669 2712//2679
f 2712//2679 2702//2669 2603//2668
f 2707//2671 2708//2770 2608//2677
f 2608//2677 2708//2770 2709//2681
f 2795//2772 2710//2682 2709//2681
f 2795//2772 2796//2773 2710//2682
f 2714//2586 2711//2769 2712//2679
f 2796//2773 2612//2578 2710//2682
f 2713//2774 2711//2769 2714//2586
f 2796//2773 2716//2686 2612//2578
f 2714//2586 2719//2683 2713//2774
f 2715//2684 2716//2686 2797//2775
f 2797//2775 2798//2776 2715//2684
f 2715//2684 2717//2777 2614//2685
f 2798//2776 2717//2777 2715//2684
f 2617//2687 2614//2685 2717//2777
f 2617//2687 2618//2589 2614//2685
f 2721//2689 2617//2687 2717//2777
f 2717//2777 2805//2778 2721//2689
f 2805//2778 2804//2779 2718//2780
f 2722//2781 2721//2689 2805//2778
f 2805//2778 2718//2780 2722//2781
f 2723//2782 2801//2783 2719//2683
f 2800//2784 2723//2782 2720//2693
f 2800//2784 2720//2693 2724//2785
f 2725//2696 2726//2786 2718//2780
f 2806//2787 2725//2696 2718//2780
f 2722//2781 2620//2690 2721//2689
f 2722//2781 2726//2786 2620//2690
f 2726//2786 2722//2781 2718//2780
f 2723//2782 2719//2683 2623//2691
f 2720//2693 2723//2782 2623//2691
f 2725//2696 2626//2695 2726//2786
f 2726//2786 2626//2695 2620//2690
f 2928//2788 2807//2789 2728//2698
f 2633//2699 2720//2693 2627//2692
f 2633//2699 2724//2785 2720//2693
f 2807//2789 2724//2785 2633//2699
f 2807//2789 2633//2699 2728//2698
f 2727//2694 2725//2696 2806//2787
f 2727//2694 2806//2787 2729//2703
f 2728//2698 2634//2697 2930//2790
f 2808//2791 2729//2703 2806//2787
f 2808//2791 2730//2704 2729//2703
f 2930//2790 2634//2697 2636//2602
f 2639//2604 2930//2790 2637//2705
f 2637//2705 2930//2790 2636//2602
f 2640//2709 2811//2792 2809//2708
f 2811//2792 2640//2709 2641//2710
f 2814//2793 2642//2711 2731//2712
f 2814//2793 2731//2712 2732//2609
f 2642//2711 2814//2793 2641//2710
f 2815//2707 2732//2609 2638//2706
f 2556//2533 2653//2529 2733//2794
f 2654//2714 2559//2620 2737//2718
f 2654//2714 2818//2795 2816//2796
f 2816//2796 2649//2614 2654//2714
f 2820//2716 2649//2614 2816//2796
f 2817//2797 2734//2798 2653//2529
f 2652//2532 2817//2797 2653//2529
f 2733//2794 2824//2799 2556//2533
f 2733//2794 2653//2529 2734//2798
f 2824//2799 2735//2622 2556//2533
f 2657//2717 2735//2622 2738//2800
f 2562//2546 2659//2722 2736//2627
f 2736//2627 2659//2722 2740//2801
f 2738//2800 2739//2719 2656//2625
f 2657//2717 2738//2800 2656//2625
f 2738//2800 2741//2802 2739//2719
f 2735//2622 2822//2803 2738//2800
f 2823//2804 2735//2622 2824//2799
f 2735//2622 2823//2804 2822//2803
f 2738//2800 2822//2803 2741//2802
f 2737//2718 2736//2627 2825//2805
f 2739//2719 2833//2806 2660//2632
f 2832//2807 2658//2720 2667//2726
f 2660//2632 2836//2733 2671//2723
f 2672//2728 2745//2729 2746//2808
f 2742//2730 2672//2728 2746//2808
f 2667//2726 2743//2731 2744//2809
f 2744//2809 2834//2810 2835//2811
f 2667//2726 2744//2809 2832//2807
f 2751//2812 2747//2732 2836//2733
f 2749//2813 2745//2729 2748//2737
f 2746//2808 2745//2729 2749//2813
f 2743//2731 2742//2730 2746//2808
f 2749//2813 2837//2814 2746//2808
f 2743//2731 2834//2810 2744//2809
f 2837//2814 2743//2731 2746//2808
f 2680//2644 2747//2732 2682//2740
f 2682//2740 2747//2732 2751//2812
f 2837//2814 2749//2813 2840//2815
f 2752//2816 2688//2744 2755//2745
f 2687//2743 2753//2746 2750//2742
f 2753//2746 2688//2744 2752//2816
f 2760//2817 2753//2746 2752//2816
f 2750//2742 2754//2818 2748//2737
f 2750//2742 2753//2746 2754//2818
f 2753//2746 2760//2817 2754//2818
f 2689//2752 2755//2745 2599//2663
f 2757//2748 2772//2819 2771//2750
f 2758//2749 2772//2819 2757//2748
f 2682//2740 2751//2812 2845//2820
f 2758//2749 2682//2740 2845//2820
f 2752//2816 2755//2745 2759//2821
f 2759//2821 2760//2817 2752//2816
f 2846//2822 2760//2817 2759//2821
f 2847//2823 2754//2818 2760//2817
f 2689//2752 2761//2824 2755//2745
f 2759//2821 2755//2745 2761//2824
f 2689//2752 2763//2756 2761//2824
f 2761//2824 2763//2756 2764//2825
f 2759//2821 2761//2824 2846//2822
f 2762//2751 2765//2826 2763//2756
f 2765//2826 2764//2825 2763//2756
f 2756//2747 2770//2827 2697//2755
f 2771//2750 2770//2827 2756//2747
f 2758//2749 2844//2828 2772//2819
f 2758//2749 2845//2820 2844//2828
f 2846//2822 2761//2824 2764//2825
f 2764//2825 2773//2829 2846//2822
f 2765//2826 2773//2829 2764//2825
f 2766//2759 2762//2751 2694//2757
f 2693//2667 2779//2760 2766//2759
f 2767//2758 2695//2753 2691//2572
f 2696//2754 2768//2830 2767//2758
f 2696//2754 2697//2755 2768//2830
f 2697//2755 2769//2831 2768//2830
f 2768//2830 2769//2831 2776//2832
f 2770//2827 2769//2831 2697//2755
f 2769//2831 2777//2833 2776//2832
f 2770//2827 2777//2833 2769//2831
f 2770//2827 2771//2750 2778//2834
f 2778//2834 2777//2833 2770//2827
f 2861//2835 2765//2826 2762//2751
f 2773//2829 2765//2826 2861//2835
f 2861//2835 2766//2759 2779//2760
f 2861//2835 2762//2751 2766//2759
f 2779//2760 2695//2753 2774//2836
f 2779//2760 2774//2836 2869//2837
f 2775//2838 2780//2839 2774//2836
f 2780//2839 2869//2837 2774//2836
f 2768//2830 2775//2838 2767//2758
f 2774//2836 2695//2753 2767//2758
f 2767//2758 2775//2838 2774//2836
f 2768//2830 2776//2832 2775//2838
f 2776//2832 2784//2840 2781//2841
f 2776//2832 2781//2841 2775//2838
f 2776//2832 2777//2833 2784//2840
f 2867//2842 2784//2840 2777//2833
f 2777//2833 2778//2834 2867//2842
f 2780//2839 2782//2843 2869//2837
f 2782//2843 2780//2839 2783//2844
f 2780//2839 2775//2838 2781//2841
f 2781//2841 2783//2844 2780//2839
f 2784//2840 2783//2844 2781//2841
f 2788//2761 2898//2845 2785//2846
f 2899//2847 2903//2848 2789//2762
f 2900//2849 2787//2850 2786//2851
f 2789//2762 2903//2848 2788//2761
f 2785//2846 2699//2764 2788//2761
f 2785//2846 2786//2851 2699//2764
f 2790//2852 2899//2847 2789//2762
f 2788//2761 2699//2764 2698//2763
f 2908//2853 2793//2854 2906//2855
f 2787//2850 2792//2856 2786//2851
f 2792//2856 2787//2850 2906//2855
f 2793//2854 2792//2856 2906//2855
f 2908//2853 2910//2857 2793//2854
f 2786//2851 2700//2766 2699//2764
f 2791//2767 2700//2766 2786//2851
f 2786//2851 2792//2856 2791//2767
f 2793//2854 2910//2857 2794//2858
f 2910//2857 2912//2859 2794//2858
f 2790//2852 2789//2762 2711//2769
f 2791//2767 2792//2856 2701//2768
f 2792//2856 2706//2771 2701//2768
f 2792//2856 2793//2854 2706//2771
f 2706//2771 2793//2854 2795//2772
f 2795//2772 2793//2854 2794//2858
f 2794//2858 2912//2859 2795//2772
f 2912//2859 2796//2773 2795//2772
f 2912//2859 2797//2775 2796//2773
f 2797//2775 2716//2686 2796//2773
f 2801//2783 2799//2860 2711//2769
f 2719//2683 2801//2783 2713//2774
f 2801//2783 2711//2769 2713//2774
f 2923//2861 2918//2862 2799//2860
f 2800//2784 2923//2861 2799//2860
f 2805//2778 2920//2863 2921//2864
f 2921//2864 2804//2779 2805//2778
f 2921//2864 2922//2865 2804//2779
f 2922//2865 2802//2866 2804//2779
f 2798//2776 2920//2863 2717//2777
f 2803//2867 3084//2868 2923//2861
f 2923//2861 2800//2784 2803//2867
f 2800//2784 2801//2783 2723//2782
f 2801//2783 2800//2784 2799//2860
f 2717//2777 2920//2863 2805//2778
f 2800//2784 2724//2785 2803//2867
f 2926//2869 2803//2867 2724//2785
f 2718//2780 2804//2779 2802//2866
f 2806//2787 2718//2780 2802//2866
f 2926//2869 2724//2785 2927//2870
f 2927//2870 2724//2785 2807//2789
f 2927//2870 2807//2789 2928//2788
f 2929//2871 2928//2788 2930//2790
f 2928//2788 2728//2698 2930//2790
f 2931//2872 2930//2790 2809//2708
f 2932//2873 2809//2708 2811//2792
f 2809//2708 2932//2873 2931//2872
f 2932//2873 2811//2792 2813//2874
f 3095//2875 2813//2874 2934//2876
f 2815//2707 2730//2704 2808//2791
f 2809//2708 2930//2790 2639//2604
f 2811//2792 2641//2710 2813//2874
f 2815//2707 2812//2877 2732//2609
f 2732//2609 2812//2877 2814//2793
f 2814//2793 2813//2874 2641//2710
f 2815//2707 2810//2878 2812//2877
f 2812//2877 2810//2878 2934//2876
f 2814//2793 2934//2876 2813//2874
f 2812//2877 2934//2876 2814//2793
f 2652//2532 2650//2715 2936//2879
f 2652//2532 2936//2879 2817//2797
f 2821//2880 2734//2798 2817//2797
f 2821//2880 2733//2794 2734//2798
f 2733//2794 2821//2880 2824//2799
f 2654//2714 2737//2718 2826//2881
f 2816//2796 2818//2795 2819//2882
f 2820//2716 2816//2796 2819//2882
f 2650//2715 2820//2716 2935//2883
f 2650//2715 2935//2883 2936//2879
f 2821//2880 2937//2884 2824//2799
f 2937//2884 2827//2885 2824//2799
f 2938//2886 2821//2880 2941//2887
f 2937//2884 2821//2880 2938//2886
f 2941//2887 2821//2880 2817//2797
f 2737//2718 2825//2805 2826//2881
f 2825//2805 2736//2627 2740//2801
f 2825//2805 2830//2888 2826//2881
f 2825//2805 2740//2801 2830//2888
f 2654//2714 2826//2881 2818//2795
f 2818//2795 2826//2881 2945//2889
f 2823//2804 2828//2890 2822//2803
f 2824//2799 2827//2885 2823//2804
f 2823//2804 2827//2885 2828//2890
f 2943//2891 2828//2890 2827//2885
f 2741//2802 2833//2806 2739//2719
f 2740//2801 2659//2722 2829//2892
f 2830//2888 2740//2801 2829//2892
f 2829//2892 2951//2893 2830//2888
f 2826//2881 2830//2888 2944//2894
f 2741//2802 2822//2803 2831//2895
f 2822//2803 2953//2896 2831//2895
f 2831//2895 2833//2806 2741//2802
f 2658//2720 2832//2807 2659//2722
f 2659//2722 2832//2807 2829//2892
f 2832//2807 2951//2893 2829//2892
f 2835//2811 2832//2807 2744//2809
f 2835//2811 2951//2893 2832//2807
f 2836//2733 2660//2632 2833//2806
f 2831//2895 2957//2897 2833//2806
f 2838//2898 2834//2810 2743//2731
f 2837//2814 2838//2898 2743//2731
f 2838//2898 2835//2811 2834//2810
f 2838//2898 2963//2899 2835//2811
f 2836//2733 2842//2900 2751//2812
f 2839//2901 2749//2813 2748//2737
f 2839//2901 2748//2737 2754//2818
f 2963//2899 2838//2898 2837//2814
f 2963//2899 2837//2814 2840//2815
f 2841//2902 2968//2903 2751//2812
f 2841//2902 2751//2812 2842//2900
f 2968//2903 2841//2902 2842//2900
f 2836//2733 2833//2806 2842//2900
f 2833//2806 2961//2904 2842//2900
f 2760//2817 2846//2822 2847//2823
f 2754//2818 2847//2823 2839//2901
f 2847//2823 2848//2905 2839//2901
f 2839//2901 2848//2905 2843//2906
f 2749//2813 2839//2901 2962//2907
f 2962//2907 2839//2901 2843//2906
f 2962//2907 2843//2906 2966//2908
f 2845//2820 2751//2812 2968//2903
f 2846//2822 2853//2909 2847//2823
f 2853//2909 2849//2910 2847//2823
f 2847//2823 2849//2910 2848//2905
f 2965//2911 2843//2906 2848//2905
f 2965//2911 2848//2905 2851//2912
f 2849//2910 2851//2912 2848//2905
f 2844//2828 2854//2913 2772//2819
f 2845//2820 2856//2914 2844//2828
f 2842//2900 2969//2915 2968//2903
f 2849//2910 2853//2909 2850//2916
f 2850//2916 2853//2909 2857//2917
f 2849//2910 2852//2918 2851//2912
f 2850//2916 2852//2918 2849//2910
f 2852//2918 2965//2911 2851//2912
f 2970//2919 2852//2918 2850//2916
f 2846//2822 2773//2829 2853//2909
f 2853//2909 2859//2920 2857//2917
f 2773//2829 2860//2921 2853//2909
f 2861//2835 2860//2921 2773//2829
f 2772//2819 2854//2913 2771//2750
f 2854//2913 2778//2834 2771//2750
f 2778//2834 2868//2922 2867//2842
f 2854//2913 2868//2922 2778//2834
f 2844//2828 2855//2923 2854//2913
f 2844//2828 2856//2914 2855//2923
f 2856//2914 2845//2820 2968//2903
f 2858//2924 2850//2916 2857//2917
f 2857//2917 2985//2925 2981//2926
f 2858//2924 2978//2927 2970//2919
f 2850//2916 2858//2924 2970//2919
f 2864//2928 2978//2927 2858//2924
f 2858//2924 2857//2917 2864//2928
f 2853//2909 2860//2921 2859//2920
f 2860//2921 2862//2929 2859//2920
f 2859//2920 2862//2929 2985//2925
f 2859//2920 2985//2925 2857//2917
f 2861//2835 2779//2760 2865//2930
f 2861//2835 2862//2929 2860//2921
f 2861//2835 2865//2930 2862//2929
f 2855//2923 2863//2931 2854//2913
f 2854//2913 2863//2931 2868//2922
f 2855//2923 2856//2914 2863//2931
f 2981//2926 2983//2932 2857//2917
f 2866//2933 2865//2930 2779//2760
f 2862//2929 2865//2930 2985//2925
f 2873//2934 2985//2925 2865//2930
f 2867//2842 2870//2935 2784//2840
f 2867//2842 2871//2936 2870//2935
f 2868//2922 2871//2936 2867//2842
f 2863//2931 2872//2937 2868//2922
f 2876//2938 2873//2934 2865//2930
f 2869//2837 2866//2933 2779//2760
f 2869//2837 2875//2939 2866//2933
f 2866//2933 2876//2938 2865//2930
f 2869//2837 2782//2843 2877//2940
f 2783//2844 2878//2941 2782//2843
f 2784//2840 2870//2935 2783//2844
f 2870//2935 2871//2936 2882//2942
f 2868//2922 2879//2943 2871//2936
f 2868//2922 2872//2937 2879//2943
f 2989//2944 2873//2934 2990//2945
f 2873//2934 2876//2938 2874//2946
f 2873//2934 2874//2946 2990//2945
f 2866//2933 2875//2939 2876//2938
f 2876//2938 2875//2939 2880//2947
f 2880//2947 2874//2946 2876//2938
f 2869//2837 2877//2940 2875//2939
f 2782//2843 2878//2941 2877//2940
f 2877//2940 2878//2941 2888//2948
f 2783//2844 2870//2935 2882//2942
f 2783//2844 2882//2942 2878//2941
f 2882//2942 2871//2936 2879//2943
f 2881//2949 2880//2947 2875//2939
f 3008//2950 2880//2947 2881//2949
f 2875//2939 3019//2951 2881//2949
f 2877//2940 3019//2951 2875//2939
f 3019//2951 3008//2950 2881//2949
f 2878//2941 2882//2942 2888//2948
f 2879//2943 2883//2952 2882//2942
f 2886//2953 2882//2942 2883//2952
f 2879//2943 2884//2954 2883//2952
f 2879//2943 3000//2955 2884//2954
f 3000//2955 3009//2956 2884//2954
f 2886//2953 2885//2957 2882//2942
f 2886//2953 2890//2958 2885//2957
f 2882//2942 2885//2957 2888//2948
f 2886//2953 2883//2952 2887//2959
f 2886//2953 2887//2959 2890//2958
f 2883//2952 2884//2954 2887//2959
f 2884//2954 3010//2960 2887//2959
f 3009//2956 3010//2960 2884//2954
f 2888//2948 2885//2957 2889//2961
f 2885//2957 2890//2958 2889//2961
f 2890//2958 2891//2962 2889//2961
f 2891//2962 3023//2963 2889//2961
f 2889//2961 2895//2964 2888//2948
f 2889//2961 3023//2963 2895//2964
f 2890//2958 2887//2959 2891//2962
f 2887//2959 2892//2965 2891//2962
f 2887//2959 3010//2960 2892//2965
f 2877//2940 2894//2966 3019//2951
f 2894//2966 2896//2967 3019//2951
f 2888//2948 2893//2968 2877//2940
f 2893//2968 2888//2948 2895//2964
f 2877//2940 2893//2968 2894//2966
f 2894//2966 2893//2968 2896//2967
f 2896//2967 3021//2969 3019//2951
f 2895//2964 3022//2970 2893//2968
f 2895//2964 3023//2963 3022//2970
f 2893//2968 3022//2970 2896//2967
f 3022//2970 3021//2969 2896//2967
f 2903//2848 3064//2971 3059//2972
f 2897//2973 3057//2974 2785//2846
f 2785//2846 3057//2974 2786//2851
f 3057//2974 3065//2975 2900//2849
f 3065//2975 2902//2976 2900//2849
f 2898//2845 2897//2973 2785//2846
f 2901//2977 2907//2978 2900//2849
f 2900//2849 2902//2976 2901//2977
f 2902//2976 2904//2979 2901//2977
f 2904//2979 2907//2978 2901//2977
f 3067//2980 3068//2981 2904//2979
f 2902//2976 3067//2980 2904//2979
f 2788//2761 2903//2848 2898//2845
f 3057//2974 2900//2849 2786//2851
f 2900//2849 2907//2978 2905//2982
f 2904//2979 2908//2853 2907//2978
f 2904//2979 3068//2981 2908//2853
f 2900//2849 2905//2982 2787//2850
f 2905//2982 2906//2855 2787//2850
f 2905//2982 2907//2978 2906//2855
f 2907//2978 2908//2853 2906//2855
f 3068//2981 2909//2983 2908//2853
f 3068//2981 3069//2984 2909//2983
f 2909//2983 2910//2857 2908//2853
f 2909//2983 2911//2985 2910//2857
f 3069//2984 2911//2985 2909//2983
f 3069//2984 2913//2986 2911//2985
f 2711//2769 3072//2987 2790//2852
f 2911//2985 2912//2859 2910//2857
f 2913//2986 2912//2859 2911//2985
f 2914//2988 2797//2775 2913//2986
f 2912//2859 2913//2986 2797//2775
f 2916//2989 2797//2775 2914//2988
f 3076//2990 3077//2991 2918//2862
f 2915//2992 2711//2769 2799//2860
f 2916//2989 2798//2776 2797//2775
f 3076//2990 2918//2862 3080//2993
f 2919//2994 3082//2995 3079//2996
f 2916//2989 2920//2863 2798//2776
f 2916//2989 2917//2997 2920//2863
f 2921//2864 2920//2863 2917//2997
f 3078//2998 2921//2864 2917//2997
f 2918//2862 3077//2991 2799//2860
f 3080//2993 2918//2862 2923//2861
f 2922//2865 3082//2995 2919//2994
f 2922//2865 2921//2864 3078//2998
f 3078//2998 3082//2995 2922//2865
f 2919//2994 2802//2866 2922//2865
f 2925//2999 2919//2994 3087//3000
f 3084//2868 2803//2867 2926//2869
f 3088//3001 3084//2868 2926//2869
f 3088//3001 2926//2869 2927//2870
f 2924//3002 2925//2999 3087//3000
f 2802//2866 2919//2994 2925//2999
f 3088//3001 2927//2870 2928//2788
f 2806//2787 2925//2999 2924//3002
f 2925//2999 2806//2787 2802//2866
f 3089//3003 2928//2788 2929//2871
f 2924//3002 2808//2791 2806//2787
f 2929//2871 2930//2790 3093//3004
f 2931//2872 3090//3005 3093//3004
f 2930//2790 2931//2872 3093//3004
f 3094//3006 2813//2874 3095//2875
f 2932//2873 2813//2874 3094//3006
f 3096//3007 2810//2878 2933//3008
f 2815//2707 2933//3008 2810//2878
f 3096//3007 3095//2875 2934//2876
f 2810//2878 3096//3007 2934//2876
f 2933//3008 2815//2707 2808//2791
f 2820//2716 2819//2882 2947//3009
f 2820//2716 2947//3009 2939//3010
f 2939//3010 2935//2883 2820//2716
f 2940//3011 2936//2879 2935//2883
f 2945//2889 2946//3012 2818//2795
f 2819//2882 2818//2795 2946//3012
f 2947//3009 2819//2882 2946//3012
f 2947//3009 2946//3012 3101//3013
f 2947//3009 3097//3014 2939//3010
f 2941//2887 2936//2879 2940//3011
f 2936//2879 2941//2887 2817//2797
f 2939//3010 2940//3011 2935//2883
f 2940//3011 2939//3010 3097//3014
f 3099//3015 2941//2887 2940//3011
f 2942//3016 2938//2886 2941//2887
f 2942//3016 2937//2884 2938//2886
f 2942//3016 2950//3017 2937//2884
f 2827//2885 2937//2884 2943//2891
f 2950//3017 2943//2891 2937//2884
f 2945//2889 2826//2881 2944//2894
f 2946//3012 2945//2889 2944//2894
f 2946//3012 2944//2894 2952//3018
f 2940//3011 3097//3014 3099//3015
f 2942//3016 2941//2887 2949//3019
f 3099//3015 2949//3019 2941//2887
f 2948//3020 2942//3016 2949//3019
f 2950//3017 2942//3016 2948//3020
f 3099//3015 3100//3021 2949//3019
f 3100//3021 2948//3020 2949//3019
f 2953//2896 2822//2803 2954//3022
f 2822//2803 2828//2890 2954//3022
f 2943//2891 2950//3017 2954//3022
f 2943//2891 2954//3022 2828//2890
f 2830//2888 2951//2893 2944//2894
f 2946//3012 2952//3018 3103//3023
f 3101//3013 2946//3012 3103//3023
f 2953//2896 2954//3022 3120//3024
f 2951//2893 2835//2811 2955//3025
f 2952//3018 2944//2894 2956//3026
f 2944//2894 2951//2893 2956//3026
f 2956//3026 2951//2893 2955//3025
f 3120//3024 2957//2897 2953//2896
f 2957//2897 2831//2895 2953//2896
f 2955//3025 3109//3027 2956//3026
f 3109//3027 2955//3025 2958//3028
f 2835//2811 2959//3029 2955//3025
f 2963//2899 2959//3029 2835//2811
f 3123//3030 2959//3029 2963//2899
f 2955//3025 2959//3029 2958//3028
f 2957//2897 2961//2904 2833//2806
f 3119//3031 2960//3032 2957//2897
f 2960//3032 2961//2904 2957//2897
f 2960//3032 3124//3033 2961//2904
f 3120//3024 3119//3031 2957//2897
f 3119//3031 3124//3033 2960//3032
f 2963//2899 3130//3034 3123//3030
f 2961//2904 2969//2915 2842//2900
f 2840//2815 2749//2813 2964//3035
f 2964//3035 2749//2813 2962//2907
f 2964//3035 2962//2907 2966//2908
f 2964//3035 2963//2899 2840//2815
f 2961//2904 3129//3036 2969//2915
f 2966//2908 2843//2906 2965//2911
f 2967//3037 2964//3035 2966//2908
f 2963//2899 2964//3035 2967//3037
f 2967//3037 3130//3034 2963//2899
f 2977//3038 2968//2903 2969//2915
f 2965//2911 2971//3039 2972//3040
f 2966//2908 2965//2911 2972//3040
f 2967//3037 2966//2908 2974//3041
f 2974//3041 2966//2908 2972//3040
f 2977//3038 2969//2915 3131//3042
f 2965//2911 2852//2918 2970//2919
f 2971//3039 2965//2911 2970//2919
f 2979//3043 2970//2919 2978//2927
f 2971//3039 2970//2919 2979//3043
f 2972//3040 2971//3039 2973//3044
f 2974//3041 2972//3040 2975//3045
f 2975//3045 2972//3040 2973//3044
f 3134//3046 2967//3037 2974//3041
f 2975//3045 3134//3046 2974//3041
f 3134//3046 2975//3045 2973//3044
f 2976//3047 2856//2914 2968//2903
f 2863//2931 2856//2914 2976//3047
f 2968//2903 2977//3038 2976//3047
f 2977//3038 2982//3048 2976//3047
f 2983//2932 2864//2928 2857//2917
f 2983//2932 2978//2927 2864//2928
f 2979//3043 2978//2927 2980//3049
f 2978//2927 2983//2932 2980//3049
f 2984//3050 2979//3043 2980//3049
f 2979//3043 3141//3051 2971//3039
f 2984//3050 3141//3051 2979//3043
f 2971//3039 3141//3051 2973//3044
f 3134//3046 2973//3044 3141//3051
f 2976//3047 2986//3052 2863//2931
f 2863//2931 2986//3052 2872//2937
f 2982//3048 2986//3052 2976//3047
f 2980//3049 2983//2932 2987//3053
f 2983//2932 2989//2944 2987//3053
f 2980//3049 2987//3053 2988//3054
f 2984//3050 2980//3049 3153//3055
f 3153//3055 2980//3049 2988//3054
f 3141//3051 2984//3050 3153//3055
f 2985//2925 2873//2934 2989//2944
f 2985//2925 2983//2932 2981//2926
f 2983//2932 2985//2925 2989//2944
f 2982//3048 3003//3056 2986//3052
f 2992//3057 2988//3054 2987//3053
f 2987//3053 2996//3058 2992//3057
f 2989//2944 2996//3058 2987//3053
f 2992//3057 2993//3059 2988//3054
f 2993//3059 3153//3055 2988//3054
f 2991//3060 2872//2937 2986//3052
f 2879//2943 2872//2937 2991//3060
f 2986//3052 3001//3061 2991//3060
f 3000//2955 2879//2943 2991//3060
f 3001//3061 3000//2955 2991//3060
f 3002//3062 2986//3052 3003//3056
f 3001//3061 2986//3052 3002//3062
f 2997//3063 2992//3057 2996//3058
f 2994//3064 2993//3059 2992//3057
f 2997//3063 2994//3064 2992//3057
f 2997//3063 2998//3065 2994//3064
f 2993//3059 2994//3064 2995//3066
f 2993//3059 2995//3066 3153//3055
f 2995//3066 2994//3064 3162//3067
f 3007//3068 2996//3058 2989//2944
f 3004//3069 2997//3063 2996//3058
f 3005//3070 2996//3058 3007//3068
f 2997//3063 3004//3069 2998//3065
f 3005//3070 3004//3069 2996//3058
f 3007//3068 3169//3071 3005//3070
f 2874//2946 2999//3072 2990//2945
f 2999//3072 2989//2944 2990//2945
f 3007//3068 2989//2944 2999//3072
f 3006//3073 2999//3072 2874//2946
f 3009//2956 3000//2955 3012//3074
f 3000//2955 3001//3061 3012//3074
f 3012//3074 3001//3061 3014//3075
f 3001//3061 3002//3062 3014//3075
f 3165//3076 2994//3064 2998//3065
f 3004//3069 3165//3076 2998//3065
f 2999//3072 3006//3073 3007//3068
f 3170//3077 3007//3068 3006//3073
f 3170//3077 3006//3073 3017//3078
f 3170//3077 3169//3071 3007//3068
f 2880//2947 3017//3078 2874//2946
f 3008//2950 3017//3078 2880//2947
f 3017//3078 3006//3073 2874//2946
f 3012//3074 3011//3079 3009//2956
f 3011//3079 3010//2960 3009//2956
f 3011//3079 3012//3074 3013//3080
f 3013//3080 3016//3081 3011//3079
f 3012//3074 3014//3075 3013//3080
f 3014//3075 3015//3082 3013//3080
f 3013//3080 3015//3082 3016//3081
f 3161//3083 3014//3075 3002//3062
f 3169//3071 3004//3069 3005//3070
f 3018//3084 3017//3078 3008//2950
f 3011//3079 3016//3081 3020//3085
f 3010//2960 3011//3079 3020//3085
f 3010//2960 3020//3085 2892//2965
f 3008//2950 3019//2951 3018//3084
f 2892//2965 3020//3085 2891//2962
f 3016//3081 3024//3086 3020//3085
f 3015//3082 3024//3086 3016//3081
f 3185//3087 3017//3078 3018//3084
f 3018//3084 3019//2951 3021//2969
f 3023//2963 2891//2962 3020//3085
f 3024//3086 3015//3082 3180//3088
f 3015//3082 3181//3089 3180//3088
f 3185//3087 3018//3084 3021//2969
f 3023//2963 3020//3085 3027//3090
f 3023//2963 3027//3090 3022//2970
f 3200//3091 3020//3085 3024//3086
f 3021//2969 3187//3092 3185//3087
f 3025//3093 3187//3092 3021//2969
f 3022//2970 3026//3094 3021//2969
f 3020//3085 3200//3091 3027//3090
f 3200//3091 3024//3086 3194//3095
f 3187//3092 3025//3093 3193//3096
f 3021//2969 3026//3094 3025//3093
f 3027//3090 3030//3097 3022//2970
f 3027//3090 3200//3091 3028//3098
f 3031//3099 3026//3094 3029//3100
f 3026//3094 3022//2970 3030//3097
f 3026//3094 3030//3097 3029//3100
f 3030//3097 3027//3090 3028//3098
f 3033//3101 3030//3097 3028//3098
f 3028//3098 3200//3091 3033//3101
f 3030//3097 3032//3102 3029//3100
f 3030//3097 3033//3101 3032//3102
f 3033//3101 3200//3091 3034//3103
f 3026//3094 3031//3099 3206//3104
f 3029//3100 3032//3102 3031//3099
f 3031//3099 3032//3102 3039//3105
f 3031//3099 3215//3106 3206//3104
f 3032//3102 3033//3101 3037//3107
f 3044//3108 3043//3109 3033//3101
f 3033//3101 3034//3103 3044//3108
f 3200//3091 3035//3110 3034//3103
f 3034//3103 3035//3110 3044//3108
f 3035//3110 3200//3091 3207//3111
f 3207//3111 3216//3112 3035//3110
f 3044//3108 3035//3110 3216//3112
f 3037//3107 3040//3113 3039//3105
f 3039//3105 3036//3114 3031//3099
f 3039//3105 3040//3113 3036//3114
f 3040//3113 3215//3106 3036//3114
f 3031//3099 3036//3114 3215//3106
f 3043//3109 3038//3115 3033//3101
f 3033//3101 3038//3115 3037//3107
f 3037//3107 3039//3105 3032//3102
f 3038//3115 3042//3116 3037//3107
f 3215//3106 3040//3113 3045//3117
f 3040//3113 3037//3107 3041//3118
f 3037//3107 3042//3116 3041//3118
f 3041//3118 3042//3116 3047//3119
f 3047//3119 3042//3116 3048//3120
f 3038//3115 3043//3109 3042//3116
f 3043//3109 3048//3120 3042//3116
f 3046//3121 3040//3113 3041//3118
f 3045//3117 3040//3113 3046//3121
f 3041//3118 3047//3119 3046//3121
f 3050//3122 3045//3117 3046//3121
f 3050//3122 3046//3121 3049//3123
f 3046//3121 3047//3119 3049//3123
f 3048//3120 3051//3124 3047//3119
f 3048//3120 3056//3125 3052//3126
f 3048//3120 3044//3108 3056//3125
f 3043//3109 3044//3108 3048//3120
f 3044//3108 3222//3127 3057//2974
f 3048//3120 3052//3126 3051//3124
f 3047//3119 3051//3124 3049//3123
f 3057//2974 3222//3127 3053//3128
f 3045//3117 3050//3122 3226//3129
f 3055//3130 3050//3122 3054//3131
f 3050//3122 3049//3123 3054//3131
f 3226//3129 3050//3122 3055//3130
f 3049//3123 3051//3124 3052//3126
f 3052//3126 2898//2845 3054//3131
f 3044//3108 3057//2974 3056//3125
f 3232//3132 3226//3129 3055//3130
f 3052//3126 3054//3131 3049//3123
f 3052//3126 3056//3125 2898//2845
f 3055//3130 3060//3133 3232//3132
f 3054//3131 3060//3133 3055//3130
f 3054//3131 3059//2972 3060//3133
f 3059//2972 3054//3131 2898//2845
f 2898//2845 3056//3125 2897//2973
f 3053//3128 3061//3134 3057//2974
f 3053//3128 3228//3135 3061//3134
f 3228//3135 3058//3136 3061//3134
f 2898//2845 2903//2848 3059//2972
f 3057//2974 2897//2973 3056//3125
f 3058//3136 3065//2975 3061//3134
f 3065//2975 3058//3136 3063//3137
f 3233//3138 3063//3137 3058//3136
f 3234//3139 3060//3133 3062//3140
f 3061//3134 3065//2975 3057//2974
f 3237//3141 3063//3137 3233//3138
f 3064//2971 3060//3133 3059//2972
f 3060//3133 3064//2971 3062//3140
f 2903//2848 2899//2847 3064//2971
f 3062//3140 3064//2971 2899//2847
f 3066//3142 3065//2975 3063//3137
f 3237//3141 3066//3142 3063//3137
f 3067//2980 3066//3142 3068//2981
f 3067//2980 3065//2975 3066//3142
f 3243//3143 3068//2981 3066//3142
f 3244//3144 3068//2981 3243//3143
f 3237//3141 3243//3143 3066//3142
f 2899//2847 3239//3145 3062//3140
f 2902//2976 3065//2975 3067//2980
f 3244//3144 3069//2984 3068//2981
f 3251//3146 3247//3147 3239//3145
f 2899//2847 3251//3146 3239//3145
f 3251//3146 2790//2852 3072//2987
f 2899//2847 2790//2852 3251//3146
f 3246//3148 3071//3149 3069//2984
f 3070//3150 3071//3149 3246//3148
f 2913//2986 3069//2984 3071//3149
f 3075//3151 2914//2988 3070//3150
f 3070//3150 2914//2988 3071//3149
f 3073//3152 3075//3151 3252//3153
f 3071//3149 2914//2988 2913//2986
f 3250//3154 3072//2987 3074//3155
f 3078//2998 3075//3151 3073//3152
f 3078//2998 3073//3152 3255//3156
f 3077//2991 3072//2987 2915//2992
f 3074//3155 3072//2987 3077//2991
f 3254//3157 3074//3155 3077//2991
f 3077//2991 3076//2990 3254//3157
f 3072//2987 2711//2769 2915//2992
f 2914//2988 3075//3151 2916//2989
f 3075//3151 2917//2997 2916//2989
f 2917//2997 3075//3151 3078//2998
f 3082//2995 3078//2998 3255//3156
f 3077//2991 2915//2992 2799//2860
f 3256//3158 3254//3157 3076//2990
f 3254//3157 3256//3158 3405//3159
f 3080//2993 2923//2861 3081//3160
f 3256//3158 3076//2990 3080//2993
f 3260//3161 3083//3162 3079//2996
f 3084//2868 3081//3160 2923//2861
f 3259//3163 3081//3160 3084//2868
f 3080//2993 3081//3160 3259//3163
f 3259//3163 3084//2868 3261//3164
f 3260//3161 3086//3165 3083//3162
f 3083//3162 2919//2994 3079//2996
f 3084//2868 3088//3001 3085//3166
f 3085//3166 3262//3167 3261//3164
f 3084//2868 3085//3166 3261//3164
f 3262//3167 3085//3166 3088//3001
f 3087//3000 2919//2994 3083//3162
f 2924//3002 3087//3000 3086//3165
f 3087//3000 3083//3162 3086//3165
f 3262//3167 3088//3001 3264//3168
f 3264//3168 3088//3001 2928//2788
f 2928//2788 3089//3003 3264//3168
f 3089//3003 3272//3169 3264//3168
f 3089//3003 3093//3004 3272//3169
f 2929//2871 3093//3004 3089//3003
f 3093//3004 3090//3005 3272//3169
f 3090//3005 3094//3006 3268//3170
f 3268//3170 3094//3006 3095//2875
f 3090//3005 2932//2873 3094//3006
f 3091//3171 2933//3008 3092//3172
f 2808//2791 3092//3172 2933//3008
f 3092//3172 2808//2791 2924//3002
f 2931//2872 2932//2873 3090//3005
f 3273//3173 3095//2875 3096//3007
f 3096//3007 2933//3008 3091//3171
f 3096//3007 3091//3171 3273//3173
f 3099//3015 3097//3014 3098//3174
f 3107//3175 3098//3174 3097//3014
f 3103//3023 3104//3176 3101//3013
f 3101//3013 3104//3176 3106//3177
f 2947//3009 3101//3013 3106//3177
f 3105//3178 3097//3014 2947//3009
f 3105//3178 2947//3009 3106//3177
f 3097//3014 3105//3178 3107//3175
f 3107//3175 3283//3179 3098//3174
f 3108//3180 2948//3020 3100//3021
f 3102//3181 2950//3017 2948//3020
f 3108//3180 3102//3181 2948//3020
f 3102//3181 2954//3022 2950//3017
f 2952//3018 2956//3026 3103//3023
f 3103//3023 2956//3026 3110//3182
f 3104//3176 3103//3023 3110//3182
f 3110//3182 3111//3183 3104//3176
f 3106//3177 3112//3184 3105//3178
f 3107//3175 3105//3178 3277//3185
f 3283//3179 3099//3015 3098//3174
f 3100//3021 3099//3015 3278//3186
f 3102//3181 3108//3180 3286//3187
f 2956//3026 3109//3027 3110//3182
f 3110//3182 3109//3027 3114//3188
f 3111//3183 3110//3182 3114//3188
f 3104//3176 3111//3183 3118//3189
f 3106//3177 3104//3176 3112//3184
f 3112//3184 3104//3176 3118//3189
f 3278//3186 3287//3190 3100//3021
f 3102//3181 3286//3187 3122//3191
f 3108//3180 3100//3021 3287//3190
f 3109//3027 2958//3028 3113//3192
f 2959//3029 3113//3192 2958//3028
f 3113//3192 2959//3029 3123//3030
f 3109//3027 3113//3192 3114//3188
f 3114//3188 3113//3192 3115//3193
f 3123//3030 3115//3193 3113//3192
f 3114//3188 3115//3193 3116//3194
f 3111//3183 3114//3188 3117//3195
f 3114//3188 3116//3194 3117//3195
f 3119//3031 3120//3024 3125//3196
f 3121//3197 3120//3024 2954//3022
f 3120//3024 3121//3197 3125//3196
f 3125//3196 3124//3033 3119//3031
f 3102//3181 3121//3197 2954//3022
f 3126//3198 3125//3196 3121//3197
f 3121//3197 3102//3181 3122//3191
f 3115//3193 3123//3030 3293//3199
f 3116//3194 3115//3193 3293//3199
f 3116//3194 3288//3200 3117//3195
f 3127//3201 2961//2904 3124//3033
f 3127//3201 3129//3036 2961//2904
f 3290//3202 3124//3033 3125//3196
f 3126//3198 3290//3202 3125//3196
f 3127//3201 3124//3033 3290//3202
f 3121//3197 3122//3191 3126//3198
f 3128//3203 3123//3030 3130//3034
f 3123//3030 3128//3203 3293//3199
f 3128//3203 3130//3034 3138//3204
f 3138//3204 3293//3199 3128//3203
f 3129//3036 3131//3042 2969//2915
f 3129//3036 3127//3201 3133//3205
f 3127//3201 3290//3202 3133//3205
f 3135//3206 3130//3034 2967//3037
f 3130//3034 3135//3206 3138//3204
f 3129//3036 3132//3207 3131//3042
f 3132//3207 3140//3208 3131//3042
f 3133//3205 3132//3207 3129//3036
f 3132//3207 3133//3205 3140//3208
f 2967//3037 3134//3046 3136//3209
f 3136//3209 3135//3206 2967//3037
f 3135//3206 3136//3209 3137//3210
f 3138//3204 3135//3206 3137//3210
f 3138//3204 3137//3210 3139//3211
f 3143//3212 3137//3210 3136//3209
f 3137//3210 3143//3212 3139//3211
f 3138//3204 3139//3211 3293//3199
f 3140//3208 3144//3213 3131//3042
f 2977//3038 3131//3042 3144//3213
f 3140//3208 3133//3205 3295//3214
f 3142//3215 3134//3046 3141//3051
f 3142//3215 3136//3209 3134//3046
f 3139//3211 3143//3212 3294//3216
f 3139//3211 3294//3216 3293//3199
f 2982//3048 2977//3038 3144//3213
f 3142//3215 3141//3051 3147//3217
f 3136//3209 3142//3215 3148//3218
f 3148//3218 3142//3215 3147//3217
f 3148//3218 3143//3212 3136//3209
f 3146//3219 3144//3213 3140//3208
f 3144//3213 3145//3220 2982//3048
f 3146//3219 3145//3220 3144//3213
f 3145//3220 3146//3219 3151//3221
f 3152//3222 3151//3221 3146//3219
f 3298//3223 3146//3219 3140//3208
f 3298//3223 3152//3222 3146//3219
f 3154//3224 3141//3051 3153//3055
f 3141//3051 3154//3224 3147//3217
f 3149//3225 3147//3217 3156//3226
f 3148//3218 3147//3217 3149//3225
f 3149//3225 3305//3227 3148//3218
f 3305//3227 3149//3225 3156//3226
f 3143//3212 3148//3218 3300//3228
f 3305//3227 3300//3228 3148//3218
f 2982//3048 3150//3229 3003//3056
f 3003//3056 3150//3229 3157//3230
f 3145//3220 3150//3229 2982//3048
f 3150//3229 3151//3221 3157//3230
f 3145//3220 3151//3221 3150//3229
f 3153//3055 2995//3066 3162//3067
f 3147//3217 3154//3224 3156//3226
f 3154//3224 3153//3055 3155//3231
f 3154//3224 3155//3231 3156//3226
f 3310//3232 3305//3227 3156//3226
f 3157//3230 3161//3083 3003//3056
f 3151//3221 3158//3233 3157//3230
f 3158//3233 3151//3221 3307//3234
f 3152//3222 3307//3234 3151//3221
f 3165//3076 3162//3067 2994//3064
f 3155//3231 3153//3055 3159//3235
f 3153//3055 3162//3067 3159//3235
f 3156//3226 3155//3231 3160//3236
f 3155//3231 3159//3235 3160//3236
f 3310//3232 3156//3226 3160//3236
f 3160//3236 3159//3235 3164//3237
f 3310//3232 3160//3236 3311//3238
f 3311//3238 3160//3236 3164//3237
f 3003//3056 3161//3083 3002//3062
f 3161//3083 3166//3239 3014//3075
f 3161//3083 3157//3230 3166//3239
f 3158//3233 3167//3240 3157//3230
f 3168//3241 3167//3240 3158//3233
f 3307//3234 3168//3241 3158//3233
f 3307//3234 3324//3242 3168//3241
f 3162//3067 3163//3243 3159//3235
f 3164//3237 3159//3235 3163//3243
f 3163//3243 3162//3067 3327//3244
f 3311//3238 3164//3237 3315//3245
f 3315//3245 3164//3237 3163//3243
f 3315//3245 3163//3243 3316//3246
f 3316//3246 3163//3243 3327//3244
f 3004//3069 3169//3071 3165//3076
f 3172//3247 3338//3248 3165//3076
f 3169//3071 3172//3247 3165//3076
f 3165//3076 3338//3248 3162//3067
f 3166//3239 3015//3082 3014//3075
f 3157//3230 3167//3240 3166//3239
f 3168//3241 3171//3249 3167//3240
f 3324//3242 3323//3250 3168//3241
f 3171//3249 3168//3241 3323//3250
f 3338//3248 3330//3251 3162//3067
f 3162//3067 3330//3251 3327//3244
f 3166//3239 3181//3089 3015//3082
f 3181//3089 3166//3239 3174//3252
f 3174//3252 3166//3239 3167//3240
f 3175//3253 3167//3240 3171//3249
f 3174//3252 3167//3240 3175//3253
f 3334//3254 3175//3253 3171//3249
f 3338//3248 3337//3255 3330//3251
f 3173//3256 3170//3077 3017//3078
f 3176//3257 3169//3071 3170//3077
f 3176//3257 3170//3077 3173//3256
f 3172//3247 3169//3071 3176//3257
f 3179//3258 3017//3078 3185//3087
f 3181//3089 3174//3252 3182//3259
f 3183//3260 3182//3259 3174//3252
f 3174//3252 3175//3253 3183//3260
f 3177//3261 3176//3257 3173//3256
f 3178//3262 3172//3247 3176//3257
f 3176//3257 3177//3261 3178//3262
f 3172//3247 3178//3262 3338//3248
f 3177//3261 3184//3263 3178//3262
f 3173//3256 3179//3258 3177//3261
f 3017//3078 3179//3258 3173//3256
f 3177//3261 3179//3258 3184//3263
f 3024//3086 3180//3088 3194//3095
f 3180//3088 3181//3089 3194//3095
f 3182//3259 3188//3264 3181//3089
f 3182//3259 3183//3260 3188//3264
f 3175//3253 3188//3264 3183//3260
f 3334//3254 3341//3265 3175//3253
f 3187//3092 3189//3266 3184//3263
f 3185//3087 3186//3267 3179//3258
f 3185//3087 3187//3092 3186//3267
f 3186//3267 3187//3092 3184//3263
f 3179//3258 3186//3267 3184//3263
f 3175//3253 3339//3268 3188//3264
f 3175//3253 3341//3265 3339//3268
f 3184//3263 3190//3269 3178//3262
f 3184//3263 3189//3266 3190//3269
f 3190//3269 3189//3266 3192//3270
f 3187//3092 3193//3096 3189//3266
f 3188//3264 3195//3271 3181//3089
f 3339//3268 3191//3272 3188//3264
f 3195//3271 3188//3264 3191//3272
f 3191//3272 3340//3273 3195//3271
f 3339//3268 3340//3273 3191//3272
f 3192//3270 3189//3266 3196//3274
f 3189//3266 3193//3096 3196//3274
f 3193//3096 3025//3093 3026//3094
f 3197//3275 3194//3095 3181//3089
f 3181//3089 3195//3271 3197//3275
f 3200//3091 3194//3095 3197//3275
f 3192//3270 3199//3276 3349//3277
f 3198//3278 3199//3276 3193//3096
f 3193//3096 3199//3276 3196//3274
f 3196//3274 3199//3276 3192//3270
f 3195//3271 3210//3279 3197//3275
f 3340//3273 3201//3280 3195//3271
f 3201//3280 3340//3273 3352//3281
f 3198//3278 3204//3282 3199//3276
f 3198//3278 3193//3096 3026//3094
f 3197//3275 3207//3111 3200//3091
f 3195//3271 3202//3283 3210//3279
f 3201//3280 3202//3283 3195//3271
f 3201//3280 3203//3284 3202//3283
f 3203//3284 3201//3280 3352//3281
f 3198//3278 3026//3094 3204//3282
f 3361//3285 3199//3276 3205//3286
f 3199//3276 3204//3282 3205//3286
f 3208//3287 3207//3111 3197//3275
f 3197//3275 3210//3279 3208//3287
f 3352//3281 3356//3288 3203//3284
f 3204//3282 3026//3094 3206//3104
f 3204//3282 3206//3104 3214//3289
f 3215//3106 3214//3289 3206//3104
f 3208//3287 3209//3290 3217//3291
f 3209//3290 3208//3287 3210//3279
f 3210//3279 3211//3292 3209//3290
f 3202//3283 3212//3293 3210//3279
f 3212//3293 3211//3292 3210//3279
f 3202//3283 3203//3284 3212//3293
f 3212//3293 3213//3294 3211//3292
f 3356//3288 3212//3293 3203//3284
f 3356//3288 3357//3295 3212//3293
f 3357//3295 3213//3294 3212//3293
f 3364//3296 3205//3286 3204//3282
f 3204//3282 3214//3289 3364//3296
f 3208//3287 3216//3112 3207//3111
f 3209//3290 3211//3292 3217//3291
f 3211//3292 3218//3297 3217//3291
f 3213//3294 3218//3297 3211//3292
f 3365//3298 3218//3297 3213//3294
f 3208//3287 3217//3291 3216//3112
f 3219//3299 3216//3112 3217//3291
f 3219//3299 3217//3291 3218//3297
f 3220//3300 3218//3297 3365//3298
f 3364//3296 3214//3289 3368//3301
f 3214//3289 3221//3302 3368//3301
f 3214//3289 3215//3106 3221//3302
f 3221//3302 3215//3106 3045//3117
f 3222//3127 3044//3108 3216//3112
f 3219//3299 3222//3127 3216//3112
f 3223//3303 3222//3127 3219//3299
f 3219//3299 3220//3300 3223//3303
f 3220//3300 3219//3299 3218//3297
f 3224//3304 3223//3303 3220//3300
f 3220//3300 3369//3305 3224//3304
f 3225//3306 3221//3302 3045//3117
f 3225//3306 3368//3301 3221//3302
f 3045//3117 3226//3129 3225//3306
f 3223//3303 3228//3135 3222//3127
f 3227//3307 3368//3301 3225//3306
f 3232//3132 3225//3306 3226//3129
f 3222//3127 3228//3135 3053//3128
f 3223//3303 3229//3308 3228//3135
f 3224//3304 3230//3309 3229//3308
f 3224//3304 3229//3308 3223//3303
f 3224//3304 3371//3310 3230//3309
f 3373//3311 3230//3309 3371//3310
f 3231//3312 3225//3306 3232//3132
f 3230//3309 3233//3138 3229//3308
f 3373//3311 3233//3138 3230//3309
f 3378//3313 3233//3138 3373//3311
f 3227//3307 3225//3306 3231//3312
f 3060//3133 3231//3312 3232//3132
f 3229//3308 3058//3136 3228//3135
f 3233//3138 3058//3136 3229//3308
f 3236//3314 3381//3315 3231//3312
f 3378//3313 3235//3316 3233//3138
f 3060//3133 3234//3139 3231//3312
f 3236//3314 3231//3312 3234//3139
f 3378//3313 3238//3317 3235//3316
f 3238//3317 3237//3141 3235//3316
f 3384//3318 3238//3317 3378//3313
f 3237//3141 3233//3138 3235//3316
f 3062//3140 3239//3145 3234//3139
f 3239//3145 3236//3314 3234//3139
f 3239//3145 3240//3319 3236//3314
f 3238//3317 3244//3144 3237//3141
f 3238//3317 3386//3320 3244//3144
f 3241//3321 3386//3320 3389//3322
f 3386//3320 3241//3321 3244//3144
f 3243//3143 3237//3141 3244//3144
f 3240//3319 3239//3145 3247//3147
f 3240//3319 3247//3147 3555//3323
f 3245//3324 3246//3148 3242//3325
f 3245//3324 3242//3325 3393//3326
f 3241//3321 3393//3326 3242//3325
f 3242//3325 3246//3148 3244//3144
f 3241//3321 3242//3325 3244//3144
f 3245//3324 3248//3327 3246//3148
f 3245//3324 3393//3326 3396//3328
f 3245//3324 3396//3328 3248//3327
f 3244//3144 3246//3148 3069//2984
f 3396//3328 3252//3153 3248//3327
f 3396//3328 3249//3329 3252//3153
f 3070//3150 3246//3148 3248//3327
f 3247//3147 3251//3146 3250//3154
f 3247//3147 3250//3154 3399//3330
f 3072//2987 3250//3154 3251//3146
f 3400//3331 3253//3332 3249//3329
f 3400//3331 3401//3333 3253//3332
f 3248//3327 3252//3153 3070//3150
f 3249//3329 3253//3332 3252//3153
f 3250//3154 3254//3157 3399//3330
f 3402//3334 3253//3332 3401//3333
f 3075//3151 3070//3150 3252//3153
f 3403//3335 3399//3330 3254//3157
f 3252//3153 3253//3332 3073//3152
f 3255//3156 3253//3332 3402//3334
f 3405//3159 3403//3335 3254//3157
f 3255//3156 3073//3152 3253//3332
f 3250//3154 3074//3155 3254//3157
f 3079//2996 3255//3156 3402//3334
f 3082//2995 3255//3156 3079//2996
f 3410//3336 3422//3337 3258//3338
f 3256//3158 3080//2993 3259//3163
f 3267//3339 3258//3338 3422//3337
f 3260//3161 3079//2996 3257//3340
f 3257//3340 3258//3338 3260//3161
f 3258//3338 3267//3339 3260//3161
f 3420//3341 3259//3163 3261//3164
f 3267//3339 3086//3165 3260//3161
f 3420//3341 3261//3164 3262//3167
f 3263//3342 3420//3341 3262//3167
f 3272//3169 3263//3342 3262//3167
f 3265//3343 3263//3342 3272//3169
f 3263//3342 3265//3343 3417//3344
f 3272//3169 3262//3167 3264//3168
f 3266//3345 3271//3346 3423//3347
f 3265//3343 3268//3170 3266//3345
f 3418//3348 3417//3344 3266//3345
f 3418//3348 3266//3345 3423//3347
f 3265//3343 3266//3345 3417//3344
f 3425//3349 3423//3347 3270//3350
f 3423//3347 3271//3346 3270//3350
f 3425//3349 3270//3350 3424//3351
f 3269//3352 3424//3351 3270//3350
f 3424//3351 3269//3352 3267//3339
f 3086//3165 3267//3339 3275//3353
f 3269//3352 3275//3353 3267//3339
f 3265//3343 3272//3169 3268//3170
f 3266//3345 3268//3170 3271//3346
f 3271//3346 3268//3170 3274//3354
f 3269//3352 3270//3350 3276//3355
f 3270//3350 3271//3346 3274//3354
f 3275//3353 2924//3002 3086//3165
f 3269//3352 3276//3355 3275//3353
f 3272//3169 3090//3005 3268//3170
f 3273//3173 3091//3171 3276//3355
f 3274//3354 3268//3170 3095//2875
f 3274//3354 3095//2875 3273//3173
f 3273//3173 3270//3350 3274//3354
f 3276//3355 3270//3350 3273//3173
f 3092//3172 2924//3002 3275//3353
f 3092//3172 3275//3353 3091//3171
f 3091//3171 3275//3353 3276//3355
f 3283//3179 3107//3175 3277//3185
f 3112//3184 3279//3356 3105//3178
f 3118//3189 3280//3357 3112//3184
f 3105//3178 3279//3356 3277//3185
f 3099//3015 3283//3179 3278//3186
f 3118//3189 3111//3183 3117//3195
f 3118//3189 3117//3195 3288//3200
f 3280//3357 3118//3189 3288//3200
f 3428//3358 3280//3357 3288//3200
f 3282//3359 3277//3185 3279//3356
f 3279//3356 3112//3184 3280//3357
f 3279//3356 3280//3357 3281//3360
f 3279//3356 3281//3360 3282//3359
f 3277//3185 3282//3359 3283//3179
f 3284//3361 3283//3179 3282//3359
f 3281//3360 3436//3362 3282//3359
f 3278//3186 3285//3363 3287//3190
f 3278//3186 3283//3179 3284//3361
f 3284//3361 3285//3363 3278//3186
f 3285//3363 3284//3361 3432//3364
f 3284//3361 3282//3359 3432//3364
f 3426//3365 3287//3190 3285//3363
f 3286//3187 3108//3180 3287//3190
f 3280//3357 3428//3358 3281//3360
f 3426//3365 3285//3363 3432//3364
f 3289//3366 3286//3187 3287//3190
f 3426//3365 3289//3366 3287//3190
f 3291//3367 3126//3198 3122//3191
f 3292//3368 3122//3191 3286//3187
f 3291//3367 3122//3191 3292//3368
f 3292//3368 3286//3187 3289//3366
f 3289//3366 3427//3369 3292//3368
f 3426//3365 3427//3369 3289//3366
f 3126//3198 3291//3367 3290//3202
f 3292//3368 3427//3369 3291//3367
f 3441//3370 3291//3367 3427//3369
f 3440//3371 3291//3367 3441//3370
f 3447//3372 3291//3367 3440//3371
f 3290//3202 3291//3367 3447//3372
f 3441//3370 3447//3372 3440//3371
f 3295//3214 3133//3205 3296//3373
f 3290//3202 3296//3373 3133//3205
f 3296//3373 3290//3202 3447//3372
f 3293//3199 3294//3216 3297//3374
f 3293//3199 3297//3374 3450//3375
f 3140//3208 3295//3214 3298//3223
f 3296//3373 3299//3376 3295//3214
f 3297//3374 3294//3216 3450//3375
f 3295//3214 3299//3376 3298//3223
f 3299//3376 3446//3377 3303//3378
f 3299//3376 3296//3373 3446//3377
f 3301//3379 3152//3222 3298//3223
f 3298//3223 3299//3376 3301//3379
f 3302//3380 3301//3379 3299//3376
f 3143//3212 3300//3228 3306//3381
f 3294//3216 3143//3212 3306//3381
f 3301//3379 3308//3382 3152//3222
f 3301//3379 3302//3380 3308//3382
f 3302//3380 3304//3383 3309//3384
f 3303//3378 3302//3380 3299//3376
f 3304//3383 3302//3380 3303//3378
f 3304//3383 3459//3385 3309//3384
f 3313//3386 3300//3228 3305//3227
f 3300//3228 3313//3386 3306//3381
f 3308//3382 3307//3234 3152//3222
f 3302//3380 3309//3384 3308//3382
f 3458//3387 3459//3385 3304//3383
f 3310//3232 3312//3388 3305//3227
f 3312//3388 3310//3232 3317//3389
f 3317//3389 3310//3232 3311//3238
f 3313//3386 3305//3227 3312//3388
f 3312//3388 3317//3389 3319//3390
f 3319//3390 3313//3386 3312//3388
f 3313//3386 3322//3391 3463//3392
f 3313//3386 3463//3392 3306//3381
f 3306//3381 3463//3392 3461//3393
f 3308//3382 3324//3242 3307//3234
f 3308//3382 3309//3384 3314//3394
f 3314//3394 3324//3242 3308//3382
f 3466//3395 3309//3384 3459//3385
f 3317//3389 3311//3238 3315//3245
f 3315//3245 3316//3246 3318//3396
f 3316//3246 3328//3397 3318//3396
f 3328//3397 3316//3246 3327//3244
f 3317//3389 3315//3245 3318//3396
f 3318//3396 3319//3390 3317//3389
f 3319//3390 3318//3396 3320//3398
f 3320//3398 3318//3396 3328//3397
f 3321//3399 3313//3386 3319//3390
f 3321//3399 3320//3398 3333//3400
f 3319//3390 3320//3398 3321//3399
f 3320//3398 3328//3397 3333//3400
f 3321//3399 3322//3391 3313//3386
f 3329//3401 3322//3391 3321//3399
f 3333//3400 3329//3401 3321//3399
f 3322//3391 3329//3401 3463//3392
f 3323//3250 3325//3402 3171//3249
f 3325//3402 3323//3250 3324//3242
f 3314//3394 3325//3402 3324//3242
f 3309//3384 3326//3403 3314//3394
f 3314//3394 3326//3403 3325//3402
f 3326//3403 3335//3404 3325//3402
f 3466//3395 3326//3403 3309//3384
f 3466//3395 3335//3404 3326//3403
f 3331//3405 3328//3397 3327//3244
f 3329//3401 3333//3400 3472//3406
f 3463//3392 3329//3401 3472//3406
f 3325//3402 3334//3254 3171//3249
f 3335//3404 3334//3254 3325//3402
f 3331//3405 3327//3244 3330//3251
f 3331//3405 3330//3251 3332//3407
f 3328//3397 3331//3405 3332//3407
f 3333//3400 3328//3397 3332//3407
f 3330//3251 3337//3255 3336//3408
f 3332//3407 3330//3251 3336//3408
f 3332//3407 3336//3408 3470//3409
f 3341//3265 3334//3254 3335//3404
f 3481//3410 3336//3408 3337//3255
f 3337//3255 3480//3411 3481//3410
f 3338//3248 3480//3411 3337//3255
f 3470//3409 3336//3408 3481//3410
f 3335//3404 3468//3412 3342//3413
f 3178//3262 3190//3269 3338//3248
f 3341//3265 3340//3273 3339//3268
f 3342//3413 3341//3265 3335//3404
f 3190//3269 3343//3414 3338//3248
f 3345//3415 3338//3248 3343//3414
f 3344//3416 3345//3415 3343//3414
f 3343//3414 3346//3417 3344//3416
f 3480//3411 3338//3248 3486//3418
f 3190//3269 3192//3270 3343//3414
f 3353//3419 3352//3281 3340//3273
f 3340//3273 3341//3265 3353//3419
f 3341//3265 3342//3413 3353//3419
f 3349//3277 3344//3416 3346//3417
f 3345//3415 3486//3418 3338//3248
f 3344//3416 3347//3420 3348//3421
f 3192//3270 3346//3417 3343//3414
f 3349//3277 3346//3417 3192//3270
f 3344//3416 3349//3277 3347//3420
f 3347//3420 3351//3422 3348//3421
f 3350//3423 3349//3277 3199//3276
f 3350//3423 3351//3422 3349//3277
f 3347//3420 3349//3277 3351//3422
f 3350//3423 3199//3276 3361//3285
f 3353//3419 3354//3424 3352//3281
f 3494//3425 3495//3426 3353//3419
f 3495//3426 3355//3427 3353//3419
f 3351//3422 3350//3423 3361//3285
f 3354//3424 3356//3288 3352//3281
f 3354//3424 3358//3428 3356//3288
f 3355//3427 3354//3424 3353//3419
f 3355//3427 3360//3429 3354//3424
f 3495//3426 3504//3430 3355//3427
f 3205//3286 3364//3296 3361//3285
f 3358//3428 3357//3295 3356//3288
f 3357//3295 3365//3298 3213//3294
f 3358//3428 3359//3431 3357//3295
f 3359//3431 3362//3432 3357//3295
f 3354//3424 3360//3429 3358//3428
f 3360//3429 3359//3431 3358//3428
f 3363//3433 3362//3432 3359//3431
f 3360//3429 3363//3433 3359//3431
f 3355//3427 3504//3430 3360//3429
f 3504//3430 3363//3433 3360//3429
f 3504//3430 3505//3434 3363//3433
f 3363//3433 3505//3434 3509//3435
f 3357//3295 3362//3432 3365//3298
f 3362//3432 3366//3436 3365//3298
f 3363//3433 3366//3436 3362//3432
f 3363//3433 3367//3437 3366//3436
f 3509//3435 3513//3438 3363//3433
f 3363//3433 3513//3438 3367//3437
f 3364//3296 3370//3439 3361//3285
f 3361//3285 3370//3439 3519//3440
f 3367//3437 3365//3298 3366//3436
f 3365//3298 3367//3437 3220//3300
f 3367//3437 3369//3305 3220//3300
f 3513//3438 3369//3305 3367//3437
f 3364//3296 3368//3301 3370//3439
f 3371//3310 3224//3304 3369//3305
f 3369//3305 3522//3441 3374//3442
f 3227//3307 3372//3443 3368//3301
f 3372//3443 3370//3439 3368//3301
f 3375//3444 3370//3439 3372//3443
f 3369//3305 3373//3311 3371//3310
f 3374//3442 3376//3445 3369//3305
f 3369//3305 3379//3446 3373//3311
f 3379//3446 3378//3313 3373//3311
f 3376//3445 3379//3446 3369//3305
f 3376//3445 3384//3318 3379//3446
f 3384//3318 3376//3445 3380//3447
f 3376//3445 3374//3442 3380//3447
f 3377//3448 3527//3449 3375//3444
f 3527//3449 3377//3448 3537//3450
f 3227//3307 3231//3312 3372//3443
f 3231//3312 3381//3315 3372//3443
f 3372//3443 3381//3315 3377//3448
f 3375//3444 3372//3443 3377//3448
f 3379//3446 3384//3318 3378//3313
f 3377//3448 3381//3315 3385//3451
f 3537//3450 3377//3448 3385//3451
f 3382//3452 3384//3318 3380//3447
f 3382//3452 3380//3447 3383//3453
f 3532//3454 3383//3453 3380//3447
f 3537//3450 3385//3451 3388//3455
f 3236//3314 3240//3319 3387//3456
f 3387//3456 3385//3451 3236//3314
f 3381//3315 3236//3314 3385//3451
f 3387//3456 3388//3455 3385//3451
f 3238//3317 3384//3318 3386//3320
f 3384//3318 3382//3452 3386//3320
f 3240//3319 3390//3457 3387//3456
f 3390//3457 3388//3455 3387//3456
f 3542//3458 3391//3459 3394//3460
f 3389//3322 3393//3326 3241//3321
f 3389//3322 3382//3452 3393//3326
f 3386//3320 3382//3452 3389//3322
f 3382//3452 3383//3453 3393//3326
f 3383//3453 3542//3458 3394//3460
f 3390//3457 3240//3319 3555//3323
f 3390//3457 3549//3461 3388//3455
f 3390//3457 3555//3323 3549//3461
f 3554//3462 3392//3463 3391//3459
f 3393//3326 3394//3460 3396//3328
f 3383//3453 3394//3460 3393//3326
f 3392//3463 3396//3328 3394//3460
f 3392//3463 3394//3460 3391//3459
f 3395//3464 3555//3323 3398//3465
f 3397//3466 3563//3467 3395//3464
f 3395//3464 3398//3465 3397//3466
f 3555//3323 3247//3147 3398//3465
f 3401//3333 3249//3329 3392//3463
f 3249//3329 3396//3328 3392//3463
f 3572//3468 3397//3466 3399//3330
f 3398//3465 3399//3330 3397//3466
f 3398//3465 3247//3147 3399//3330
f 3576//3469 3402//3334 3569//3470
f 3569//3470 3402//3334 3401//3333
f 3401//3333 3400//3331 3249//3329
f 3404//3471 3403//3335 3405//3159
f 3572//3468 3399//3330 3403//3335
f 3403//3335 3404//3471 3582//3472
f 3572//3468 3403//3335 3582//3472
f 3582//3472 3404//3471 3409//3473
f 3404//3471 3405//3159 3407//3474
f 3409//3473 3407//3474 3408//3475
f 3404//3471 3407//3474 3409//3473
f 3410//3336 3406//3476 3591//3477
f 3410//3336 3576//3469 3406//3476
f 3408//3475 3407//3474 3411//3478
f 3411//3478 3407//3474 3405//3159
f 3409//3473 3408//3475 3592//3479
f 3408//3475 3411//3478 3592//3479
f 3257//3340 3402//3334 3410//3336
f 3576//3469 3410//3336 3402//3334
f 3593//3480 3592//3479 3412//3481
f 3257//3340 3079//2996 3402//3334
f 3258//3338 3257//3340 3410//3336
f 3411//3478 3405//3159 3256//3158
f 3256//3158 3259//3163 3411//3478
f 3412//3481 3411//3478 3259//3163
f 3592//3479 3411//3478 3412//3481
f 3412//3481 3259//3163 3420//3341
f 3420//3341 3416//3482 3412//3481
f 3593//3480 3412//3481 3413//3483
f 3413//3483 3417//3344 3418//3348
f 3416//3482 3413//3483 3412//3481
f 3413//3483 3416//3482 3417//3344
f 3599//3484 3418//3348 3415//3485
f 3599//3484 3415//3485 3600//3486
f 3414//3487 3422//3337 3410//3336
f 3421//3488 3419//3489 3600//3486
f 3418//3348 3421//3488 3415//3485
f 3415//3485 3421//3488 3600//3486
f 3414//3487 3419//3489 3422//3337
f 3414//3487 3600//3486 3419//3489
f 3263//3342 3417//3344 3416//3482
f 3420//3341 3263//3342 3416//3482
f 3423//3347 3425//3349 3421//3488
f 3421//3488 3418//3348 3423//3347
f 3421//3488 3425//3349 3419//3489
f 3424//3351 3422//3337 3419//3489
f 3419//3489 3425//3349 3424//3351
f 3424//3351 3267//3339 3422//3337
f 3282//3359 3429//3490 3432//3364
f 3282//3359 3436//3362 3429//3490
f 3431//3491 3427//3369 3426//3365
f 3426//3365 3432//3364 3431//3491
f 3281//3360 3428//3358 3436//3362
f 3429//3490 3601//3492 3432//3364
f 3430//3493 3427//3369 3431//3491
f 3434//3494 3431//3491 3432//3364
f 3433//3495 3430//3493 3431//3491
f 3430//3493 3433//3495 3442//3496
f 3432//3364 3601//3492 3434//3494
f 3431//3491 3434//3494 3433//3495
f 3434//3494 3439//3497 3433//3495
f 3427//3369 3430//3493 3441//3370
f 3293//3199 3443//3498 3116//3194
f 3288//3200 3116//3194 3435//3499
f 3445//3500 3435//3499 3444//3501
f 3435//3499 3428//3358 3288//3200
f 3435//3499 3437//3502 3428//3358
f 3436//3362 3428//3358 3437//3502
f 3436//3362 3437//3502 3438//3503
f 3437//3502 3603//3504 3438//3503
f 3429//3490 3436//3362 3438//3503
f 3429//3490 3438//3503 3601//3492
f 3439//3497 3442//3496 3433//3495
f 3434//3494 3601//3492 3439//3497
f 3441//3370 3430//3493 3442//3496
f 3441//3370 3448//3505 3447//3372
f 3293//3199 3450//3375 3443//3498
f 3116//3194 3443//3498 3435//3499
f 3435//3499 3443//3498 3444//3501
f 3444//3501 3443//3498 3626//3506
f 3626//3506 3445//3500 3444//3501
f 3435//3499 3445//3500 3437//3502
f 3437//3502 3445//3500 3602//3507
f 3441//3370 3442//3496 3449//3508
f 3449//3508 3442//3496 3609//3509
f 3442//3496 3439//3497 3609//3509
f 3441//3370 3449//3508 3448//3505
f 3443//3498 3450//3375 3626//3506
f 3446//3377 3296//3373 3447//3372
f 3447//3372 3452//3510 3446//3377
f 3303//3378 3446//3377 3452//3510
f 3452//3510 3447//3372 3448//3505
f 3448//3505 3455//3511 3452//3510
f 3449//3508 3454//3512 3448//3505
f 3448//3505 3454//3512 3455//3511
f 3618//3513 3449//3508 3609//3509
f 3303//3378 3452//3510 3451//3514
f 3304//3383 3303//3378 3451//3514
f 3451//3514 3452//3510 3453//3515
f 3455//3511 3453//3515 3452//3510
f 3454//3512 3622//3516 3455//3511
f 3449//3508 3618//3513 3454//3512
f 3454//3512 3618//3513 3622//3516
f 3458//3387 3304//3383 3451//3514
f 3451//3514 3453//3515 3458//3387
f 3294//3216 3306//3381 3461//3393
f 3294//3216 3461//3393 3450//3375
f 3450//3375 3462//3517 3626//3506
f 3456//3518 3453//3515 3455//3511
f 3453//3515 3456//3518 3460//3519
f 3455//3511 3457//3520 3456//3518
f 3457//3520 3465//3521 3456//3518
f 3457//3520 3619//3522 3465//3521
f 3457//3520 3455//3511 3622//3516
f 3458//3387 3453//3515 3460//3519
f 3458//3387 3460//3519 3459//3385
f 3462//3517 3450//3375 3461//3393
f 3459//3385 3467//3523 3466//3395
f 3459//3385 3460//3519 3467//3523
f 3467//3523 3460//3519 3456//3518
f 3464//3524 3467//3523 3456//3518
f 3465//3521 3464//3524 3456//3518
f 3461//3393 3463//3392 3473//3525
f 3473//3525 3463//3392 3472//3406
f 3461//3393 3473//3525 3636//3526
f 3468//3412 3335//3404 3466//3395
f 3466//3395 3467//3523 3469//3527
f 3469//3527 3468//3412 3466//3395
f 3467//3523 3464//3524 3469//3527
f 3640//3528 3469//3527 3464//3524
f 3471//3529 3333//3400 3332//3407
f 3471//3529 3332//3407 3470//3409
f 3333//3400 3471//3529 3472//3406
f 3472//3406 3471//3529 3476//3530
f 3476//3530 3471//3529 3470//3409
f 3477//3531 3472//3406 3476//3530
f 3473//3525 3472//3406 3477//3531
f 3473//3525 3477//3531 3641//3532
f 3474//3533 3468//3412 3469//3527
f 3640//3528 3475//3534 3469//3527
f 3485//3535 3342//3413 3468//3412
f 3485//3535 3468//3412 3474//3533
f 3474//3533 3469//3527 3475//3534
f 3479//3536 3474//3533 3475//3534
f 3475//3534 3640//3528 3479//3536
f 3470//3409 3481//3410 3483//3537
f 3476//3530 3470//3409 3478//3538
f 3478//3538 3470//3409 3483//3537
f 3476//3530 3478//3538 3477//3531
f 3485//3535 3474//3533 3479//3536
f 3479//3536 3640//3528 3644//3539
f 3481//3410 3480//3411 3482//3540
f 3482//3540 3480//3411 3486//3418
f 3481//3410 3482//3540 3483//3537
f 3484//3541 3478//3538 3483//3537
f 3478//3538 3484//3541 3645//3542
f 3646//3543 3477//3531 3478//3538
f 3645//3542 3646//3543 3478//3538
f 3342//3413 3485//3535 3494//3425
f 3494//3425 3353//3419 3342//3413
f 3484//3541 3483//3537 3652//3544
f 3645//3542 3484//3541 3652//3544
f 3488//3545 3486//3418 3345//3415
f 3344//3416 3348//3421 3345//3415
f 3486//3418 3488//3545 3489//3546
f 3486//3418 3489//3546 3482//3540
f 3489//3546 3491//3547 3482//3540
f 3482//3540 3491//3547 3483//3537
f 3483//3537 3659//3548 3652//3544
f 3492//3549 3496//3550 3479//3536
f 3644//3539 3492//3549 3479//3536
f 3485//3535 3496//3550 3494//3425
f 3485//3535 3479//3536 3496//3550
f 3345//3415 3348//3421 3487//3551
f 3348//3421 3351//3422 3487//3551
f 3345//3415 3487//3551 3488//3545
f 3498//3552 3489//3546 3488//3545
f 3487//3551 3490//3553 3488//3545
f 3488//3545 3490//3553 3498//3552
f 3489//3546 3498//3552 3491//3547
f 3483//3537 3491//3547 3659//3548
f 3491//3547 3498//3552 3659//3548
f 3498//3552 3660//3554 3659//3548
f 3497//3555 3492//3549 3667//3556
f 3667//3556 3493//3557 3497//3555
f 3496//3550 3495//3426 3494//3425
f 3504//3430 3495//3426 3496//3550
f 3492//3549 3497//3555 3496//3550
f 3351//3422 3361//3285 3487//3551
f 3487//3551 3361//3285 3500//3558
f 3490//3553 3487//3551 3500//3558
f 3500//3558 3501//3559 3490//3553
f 3490//3553 3501//3559 3498//3552
f 3503//3560 3497//3555 3493//3557
f 3503//3560 3493//3557 3668//3561
f 3496//3550 3499//3562 3504//3430
f 3504//3430 3499//3562 3505//3434
f 3496//3550 3497//3555 3499//3562
f 3497//3555 3503//3560 3499//3562
f 3502//3563 3501//3559 3500//3558
f 3500//3558 3507//3564 3502//3563
f 3498//3552 3501//3559 3660//3554
f 3675//3565 3502//3563 3508//3566
f 3660//3554 3501//3559 3676//3567
f 3675//3565 3676//3567 3501//3559
f 3502//3563 3675//3565 3501//3559
f 3512//3568 3503//3560 3668//3561
f 3500//3558 3361//3285 3506//3569
f 3506//3569 3507//3564 3500//3558
f 3507//3564 3508//3566 3502//3563
f 3517//3570 3503//3560 3512//3568
f 3505//3434 3510//3571 3509//3435
f 3510//3571 3513//3438 3509//3435
f 3499//3562 3510//3571 3505//3434
f 3499//3562 3517//3570 3510//3571
f 3503//3560 3517//3570 3499//3562
f 3519//3440 3506//3569 3361//3285
f 3515//3572 3506//3569 3519//3440
f 3507//3564 3506//3569 3515//3572
f 3511//3573 3508//3566 3507//3564
f 3507//3564 3516//3574 3511//3573
f 3507//3564 3515//3572 3516//3574
f 3511//3573 3689//3575 3508//3566
f 3514//3576 3510//3571 3517//3570
f 3510//3571 3514//3576 3513//3438
f 3519//3440 3516//3574 3515//3572
f 3689//3575 3511//3573 3516//3574
f 3516//3574 3518//3577 3689//3575
f 3517//3570 3522//3441 3514//3576
f 3513//3438 3522//3441 3369//3305
f 3513//3438 3514//3576 3522//3441
f 3516//3574 3519//3440 3520//3578
f 3518//3577 3516//3574 3520//3578
f 3374//3442 3522//3441 3521//3579
f 3523//3580 3374//3442 3521//3579
f 3521//3579 3517//3570 3512//3568
f 3517//3570 3521//3579 3522//3441
f 3702//3581 3521//3579 3512//3568
f 3370//3439 3524//3582 3519//3440
f 3520//3578 3519//3440 3524//3582
f 3518//3577 3520//3578 3524//3582
f 3523//3580 3521//3579 3526//3583
f 3370//3439 3375//3444 3524//3582
f 3518//3577 3524//3582 3525//3584
f 3718//3585 3518//3577 3525//3584
f 3374//3442 3523//3580 3380//3447
f 3375//3444 3527//3449 3524//3582
f 3528//3586 3524//3582 3527//3449
f 3524//3582 3528//3586 3530//3587
f 3525//3584 3524//3582 3530//3587
f 3525//3584 3530//3587 3531//3588
f 3532//3454 3380//3447 3523//3580
f 3523//3580 3526//3583 3532//3454
f 3537//3450 3528//3586 3527//3449
f 3529//3589 3528//3586 3537//3450
f 3529//3589 3537//3450 3538//3590
f 3529//3589 3530//3587 3528//3586
f 3534//3591 3530//3587 3529//3589
f 3531//3588 3530//3587 3534//3591
f 3531//3588 3534//3591 3732//3592
f 3536//3593 3526//3583 3535//3594
f 3542//3458 3532//3454 3536//3593
f 3536//3593 3532//3454 3526//3583
f 3533//3595 3534//3591 3529//3589
f 3534//3591 3533//3595 3539//3596
f 3732//3592 3534//3591 3539//3596
f 3539//3596 3540//3597 3732//3592
f 3542//3458 3383//3453 3532//3454
f 3543//3598 3542//3458 3536//3593
f 3536//3593 3535//3594 3543//3598
f 3545//3599 3533//3595 3538//3590
f 3533//3595 3529//3589 3538//3590
f 3540//3597 3539//3596 3541//3600
f 3739//3601 3540//3597 3541//3600
f 3740//3602 3544//3603 3738//3604
f 3738//3604 3544//3603 3535//3594
f 3544//3603 3543//3598 3535//3594
f 3554//3462 3543//3598 3544//3603
f 3543//3598 3554//3462 3542//3458
f 3388//3455 3538//3590 3537//3450
f 3388//3455 3545//3599 3538//3590
f 3539//3596 3533//3595 3547//3605
f 3541//3600 3539//3596 3547//3605
f 3541//3600 3547//3605 3548//3606
f 3739//3601 3541//3600 3548//3606
f 3554//3462 3544//3603 3553//3607
f 3740//3602 3553//3607 3544//3603
f 3391//3459 3542//3458 3554//3462
f 3388//3455 3549//3461 3545//3599
f 3546//3608 3533//3595 3545//3599
f 3547//3605 3533//3595 3546//3608
f 3548//3606 3547//3605 3552//3609
f 3741//3610 3548//3606 3552//3609
f 3555//3323 3550//3611 3549//3461
f 3545//3599 3549//3461 3550//3611
f 3546//3608 3545//3599 3550//3611
f 3546//3608 3550//3611 3551//3612
f 3551//3612 3550//3611 3556//3613
f 3547//3605 3546//3608 3551//3612
f 3559//3614 3551//3612 3556//3613
f 3552//3609 3547//3605 3551//3612
f 3552//3609 3551//3612 3559//3614
f 3552//3609 3559//3614 3561//3615
f 3741//3610 3552//3609 3745//3616
f 3745//3616 3552//3609 3561//3615
f 3557//3617 3737//3618 3575//3619
f 3558//3620 3554//3462 3553//3607
f 3740//3602 3557//3617 3553//3607
f 3553//3607 3557//3617 3558//3620
f 3556//3613 3550//3611 3555//3323
f 3569//3470 3558//3620 3557//3617
f 3558//3620 3569//3470 3401//3333
f 3558//3620 3392//3463 3554//3462
f 3555//3323 3395//3464 3563//3467
f 3555//3323 3563//3467 3556//3613
f 3556//3613 3563//3467 3564//3621
f 3556//3613 3564//3621 3560//3622
f 3559//3614 3556//3613 3560//3622
f 3561//3615 3559//3614 3562//3623
f 3562//3623 3559//3614 3567//3624
f 3567//3624 3559//3614 3560//3622
f 3561//3615 3562//3623 3747//3625
f 3567//3624 3747//3625 3562//3623
f 3749//3626 3747//3625 3567//3624
f 3747//3625 3749//3626 3751//3627
f 3749//3626 3567//3624 3753//3628
f 3558//3620 3401//3333 3392//3463
f 3570//3629 3563//3467 3397//3466
f 3564//3621 3563//3467 3565//3630
f 3565//3630 3563//3467 3570//3629
f 3566//3631 3560//3622 3564//3621
f 3566//3631 3564//3621 3565//3630
f 3565//3630 3570//3629 3571//3632
f 3567//3624 3560//3622 3566//3631
f 3567//3624 3566//3631 3568//3633
f 3568//3633 3566//3631 3565//3630
f 3568//3633 3565//3630 3571//3632
f 3567//3624 3568//3633 3753//3628
f 3757//3634 3753//3628 3568//3633
f 3572//3468 3570//3629 3397//3466
f 3570//3629 3572//3468 3573//3635
f 3571//3632 3570//3629 3573//3635
f 3568//3633 3571//3632 3757//3634
f 3576//3469 3569//3470 3557//3617
f 3577//3636 3573//3635 3572//3468
f 3573//3635 3577//3636 3578//3637
f 3574//3638 3571//3632 3573//3635
f 3574//3638 3573//3635 3578//3637
f 3574//3638 3578//3637 3579//3639
f 3575//3619 3597//3640 3581//3641
f 3576//3469 3557//3617 3581//3641
f 3557//3617 3575//3619 3581//3641
f 3582//3472 3577//3636 3572//3468
f 3578//3637 3577//3636 3583//3642
f 3583//3642 3577//3636 3582//3472
f 3585//3643 3578//3637 3583//3642
f 3579//3639 3587//3644 3588//3645
f 3585//3643 3587//3644 3579//3639
f 3585//3643 3579//3639 3578//3637
f 3579//3639 3588//3645 3580//3646
f 3580//3646 3588//3645 3766//3647
f 3591//3477 3581//3641 3597//3640
f 3582//3472 3409//3473 3584//3648
f 3583//3642 3582//3472 3584//3648
f 3584//3648 3585//3643 3583//3642
f 3585//3643 3584//3648 3586//3649
f 3586//3649 3589//3650 3590//3651
f 3584//3648 3589//3650 3586//3649
f 3585//3643 3586//3649 3587//3644
f 3590//3651 3587//3644 3586//3649
f 3594//3652 3587//3644 3590//3651
f 3588//3645 3587//3644 3594//3652
f 3584//3648 3409//3473 3589//3650
f 3589//3650 3409//3473 3592//3479
f 3589//3650 3592//3479 3593//3480
f 3590//3651 3589//3650 3593//3480
f 3593//3480 3594//3652 3590//3651
f 3588//3645 3594//3652 3595//3653
f 3588//3645 3595//3653 3596//3654
f 3588//3645 3596//3654 3766//3647
f 3766//3647 3596//3654 3597//3640
f 3581//3641 3406//3476 3576//3469
f 3406//3476 3581//3641 3591//3477
f 3593//3480 3413//3483 3598//3655
f 3598//3655 3594//3652 3593//3480
f 3594//3652 3598//3655 3595//3653
f 3595//3653 3599//3484 3596//3654
f 3595//3653 3598//3655 3599//3484
f 3596//3654 3599//3484 3600//3486
f 3597//3640 3596//3654 3600//3486
f 3597//3640 3414//3487 3591//3477
f 3597//3640 3600//3486 3414//3487
f 3591//3477 3414//3487 3410//3336
f 3418//3348 3599//3484 3598//3655
f 3413//3483 3418//3348 3598//3655
f 3438//3503 3604//3656 3601//3492
f 3438//3503 3603//3504 3604//3656
f 3603//3504 3608//3657 3604//3656
f 3439//3497 3601//3492 3605//3658
f 3437//3502 3602//3507 3603//3504
f 3603//3504 3602//3507 3607//3659
f 3601//3492 3604//3656 3606//3660
f 3604//3656 3608//3657 3606//3660
f 3601//3492 3606//3660 3605//3658
f 3445//3500 3626//3506 3629//3661
f 3607//3659 3602//3507 3610//3662
f 3603//3504 3607//3659 3608//3657
f 3602//3507 3445//3500 3610//3662
f 3607//3659 3610//3662 3611//3663
f 3608//3657 3607//3659 3611//3663
f 3605//3658 3606//3660 3612//3664
f 3605//3658 3612//3664 3439//3497
f 3606//3660 3608//3657 3614//3665
f 3606//3660 3614//3665 3612//3664
f 3445//3500 3629//3661 3610//3662
f 3614//3665 3608//3657 3611//3663
f 3439//3497 3613//3666 3609//3509
f 3613//3666 3439//3497 3612//3664
f 3614//3665 3616//3667 3612//3664
f 3616//3667 3620//3668 3612//3664
f 3613//3666 3612//3664 3620//3668
f 3609//3509 3613//3666 3618//3513
f 3618//3513 3613//3666 3620//3668
f 3610//3662 3629//3661 3627//3669
f 3610//3662 3627//3669 3611//3663
f 3611//3663 3615//3670 3614//3665
f 3615//3670 3616//3667 3614//3665
f 3620//3668 3616//3667 3617//3671
f 3616//3667 3623//3672 3617//3671
f 3621//3673 3619//3522 3618//3513
f 3622//3516 3618//3513 3619//3522
f 3620//3668 3621//3673 3618//3513
f 3621//3673 3620//3668 3617//3671
f 3624//3674 3621//3673 3617//3671
f 3622//3516 3619//3522 3457//3520
f 3611//3663 3628//3675 3615//3670
f 3617//3671 3623//3672 3624//3674
f 3624//3674 3623//3672 3625//3676
f 3621//3673 3625//3676 3619//3522
f 3621//3673 3624//3674 3625//3676
f 3627//3669 3628//3675 3611//3663
f 3615//3670 3628//3675 3630//3677
f 3615//3670 3630//3677 3616//3667
f 3616//3667 3630//3677 3631//3678
f 3623//3672 3616//3667 3631//3678
f 3633//3679 3625//3676 3623//3672
f 3619//3522 3634//3680 3465//3521
f 3634//3680 3619//3522 3625//3676
f 3462//3517 3461//3393 3637//3681
f 3626//3506 3462//3517 3637//3681
f 3623//3672 3631//3678 3632//3682
f 3623//3672 3632//3682 3633//3679
f 3625//3676 3633//3679 3634//3680
f 3461//3393 3636//3526 3637//3681
f 3781//3683 3633//3679 3632//3682
f 3635//3684 3465//3521 3634//3680
f 3464//3524 3465//3521 3640//3528
f 3641//3532 3636//3526 3473//3525
f 3636//3526 3641//3532 3637//3681
f 3637//3681 3641//3532 3638//3685
f 3626//3506 3638//3685 3639//3686
f 3626//3506 3637//3681 3638//3685
f 3626//3506 3639//3686 3629//3661
f 3629//3661 3768//3687 3627//3669
f 3776//3688 3775//3689 3632//3682
f 3633//3679 3781//3683 3643//3690
f 3781//3683 3632//3682 3775//3689
f 3635//3684 3642//3691 3640//3528
f 3635//3684 3640//3528 3465//3521
f 3635//3684 3634//3680 3642//3691
f 3633//3679 3643//3690 3634//3680
f 3638//3685 3648//3692 3639//3686
f 3634//3680 3643//3690 3642//3691
f 3641//3532 3477//3531 3647//3693
f 3638//3685 3641//3532 3648//3692
f 3781//3683 3649//3694 3643//3690
f 3781//3683 3782//3695 3649//3694
f 3643//3690 3649//3694 3651//3696
f 3650//3697 3644//3539 3642//3691
f 3642//3691 3643//3690 3650//3697
f 3643//3690 3651//3696 3650//3697
f 3640//3528 3642//3691 3644//3539
f 3646//3543 3647//3693 3477//3531
f 3647//3693 3646//3543 3645//3542
f 3647//3693 3653//3698 3656//3699
f 3647//3693 3648//3692 3641//3532
f 3663//3700 3639//3686 3648//3692
f 3651//3696 3649//3694 3658//3701
f 3657//3702 3658//3701 3649//3694
f 3650//3697 3651//3696 3658//3701
f 3645//3542 3652//3544 3654//3703
f 3653//3698 3647//3693 3645//3542
f 3654//3703 3653//3698 3645//3542
f 3654//3703 3652//3544 3661//3704
f 3652//3544 3659//3548 3661//3704
f 3653//3698 3654//3703 3655//3705
f 3647//3693 3656//3699 3648//3692
f 3656//3699 3653//3698 3655//3705
f 3648//3692 3656//3699 3663//3700
f 3657//3702 3665//3706 3658//3701
f 3657//3702 3790//3707 3665//3706
f 3787//3708 3790//3707 3657//3702
f 3666//3709 3650//3697 3658//3701
f 3661//3704 3659//3548 3660//3554
f 3660//3554 3662//3710 3661//3704
f 3661//3704 3662//3710 3654//3703
f 3670//3711 3654//3703 3662//3710
f 3655//3705 3654//3703 3671//3712
f 3654//3703 3670//3711 3671//3712
f 3655//3705 3671//3712 3656//3699
f 3656//3699 3685//3713 3663//3700
f 3663//3700 3685//3713 3664//3714
f 3663//3700 3664//3714 3672//3715
f 3672//3715 3664//3714 3683//3716
f 3658//3701 3665//3706 3674//3717
f 3790//3707 3673//3718 3665//3706
f 3674//3717 3666//3709 3658//3701
f 3667//3556 3644//3539 3650//3697
f 3492//3549 3644//3539 3667//3556
f 3668//3561 3667//3556 3650//3697
f 3493//3557 3667//3556 3668//3561
f 3666//3709 3674//3717 3668//3561
f 3666//3709 3668//3561 3650//3697
f 3662//3710 3660//3554 3669//3719
f 3669//3719 3660//3554 3678//3720
f 3669//3719 3670//3711 3662//3710
f 3678//3720 3670//3711 3669//3719
f 3670//3711 3679//3721 3671//3712
f 3678//3720 3679//3721 3670//3711
f 3671//3712 3679//3721 3682//3722
f 3671//3712 3682//3722 3656//3699
f 3656//3699 3682//3722 3685//3713
f 3683//3716 3664//3714 3685//3713
f 3673//3718 3789//3723 3688//3724
f 3789//3723 3687//3725 3688//3724
f 3665//3706 3673//3718 3674//3717
f 3674//3717 3673//3718 3688//3724
f 3678//3720 3660//3554 3676//3567
f 3678//3720 3676//3567 3677//3726
f 3677//3726 3676//3567 3675//3565
f 3677//3726 3675//3565 3690//3727
f 3677//3726 3680//3728 3678//3720
f 3677//3726 3690//3727 3680//3728
f 3680//3728 3679//3721 3678//3720
f 3681//3729 3679//3721 3680//3728
f 3681//3729 3682//3722 3679//3721
f 3708//3730 3672//3715 3683//3716
f 3672//3715 3713//3731 3788//3732
f 3686//3733 3687//3725 3789//3723
f 3674//3717 3693//3734 3668//3561
f 3675//3565 3508//3566 3690//3727
f 3680//3728 3690//3727 3684//3735
f 3681//3729 3680//3728 3684//3735
f 3684//3735 3691//3736 3681//3729
f 3685//3713 3682//3722 3691//3736
f 3691//3736 3682//3722 3681//3729
f 3685//3713 3707//3737 3683//3716
f 3683//3716 3707//3737 3708//3730
f 3686//3733 3713//3731 3698//3738
f 3686//3733 3698//3738 3692//3739
f 3700//3740 3688//3724 3687//3725
f 3686//3733 3692//3739 3687//3725
f 3688//3724 3699//3741 3693//3734
f 3688//3724 3693//3734 3674//3717
f 3690//3727 3508//3566 3689//3575
f 3690//3727 3689//3575 3694//3742
f 3684//3735 3690//3727 3694//3742
f 3685//3713 3691//3736 3696//3743
f 3697//3744 3691//3736 3684//3735
f 3691//3736 3697//3744 3696//3743
f 3687//3725 3692//3739 3700//3740
f 3692//3739 3710//3745 3700//3740
f 3668//3561 3693//3734 3512//3568
f 3693//3734 3702//3581 3512//3568
f 3694//3742 3689//3575 3703//3746
f 3703//3746 3689//3575 3518//3577
f 3695//3747 3694//3742 3703//3746
f 3695//3747 3703//3746 3704//3748
f 3684//3735 3694//3742 3695//3747
f 3704//3748 3697//3744 3695//3747
f 3695//3747 3697//3744 3684//3735
f 3697//3744 3705//3749 3696//3743
f 3704//3748 3705//3749 3697//3744
f 3696//3743 3705//3749 3706//3750
f 3685//3713 3706//3750 3707//3737
f 3696//3743 3706//3750 3685//3713
f 3708//3730 3713//3731 3672//3715
f 3698//3738 3710//3745 3692//3739
f 3688//3724 3700//3740 3699//3741
f 3699//3741 3700//3740 3701//3751
f 3710//3745 3709//3752 3700//3740
f 3700//3740 3709//3752 3701//3751
f 3702//3581 3693//3734 3699//3741
f 3719//3753 3706//3750 3705//3749
f 3704//3748 3719//3753 3705//3749
f 3711//3754 3698//3738 3714//3755
f 3710//3745 3711//3754 3709//3752
f 3710//3745 3698//3738 3711//3754
f 3716//3756 3725//3757 3699//3741
f 3699//3741 3725//3757 3717//3758
f 3701//3751 3716//3756 3699//3741
f 3709//3752 3716//3756 3701//3751
f 3702//3581 3699//3741 3717//3758
f 3518//3577 3718//3585 3703//3746
f 3704//3748 3703//3746 3718//3585
f 3704//3748 3718//3585 3720//3759
f 3704//3748 3720//3759 3719//3753
f 3706//3750 3719//3753 3712//3760
f 3712//3760 3727//3761 3707//3737
f 3707//3737 3706//3750 3712//3760
f 3713//3731 3708//3730 3721//3762
f 3714//3755 3713//3731 3722//3763
f 3713//3731 3721//3762 3722//3763
f 3698//3738 3713//3731 3714//3755
f 3709//3752 3711//3754 3715//3764
f 3711//3754 3723//3765 3715//3764
f 3714//3755 3723//3765 3711//3754
f 3725//3757 3716//3756 3726//3766
f 3709//3752 3715//3764 3716//3756
f 3726//3766 3716//3756 3715//3764
f 3715//3764 3724//3767 3726//3766
f 3521//3579 3702//3581 3717//3758
f 3521//3579 3717//3758 3526//3583
f 3707//3737 3727//3761 3721//3762
f 3708//3730 3707//3737 3721//3762
f 3721//3762 3728//3768 3722//3763
f 3722//3763 3723//3765 3714//3755
f 3715//3764 3723//3765 3724//3767
f 3724//3767 3723//3765 3737//3618
f 3722//3763 3756//3769 3723//3765
f 3738//3604 3725//3757 3726//3766
f 3737//3618 3726//3766 3724//3767
f 3726//3766 3737//3618 3738//3604
f 3718//3585 3525//3584 3531//3588
f 3718//3585 3531//3588 3729//3770
f 3720//3759 3718//3585 3729//3770
f 3712//3760 3719//3753 3731//3771
f 3730//3772 3719//3753 3720//3759
f 3719//3753 3730//3772 3731//3771
f 3727//3761 3728//3768 3721//3762
f 3535//3594 3526//3583 3717//3758
f 3535//3594 3717//3758 3725//3757
f 3729//3770 3531//3588 3732//3592
f 3720//3759 3729//3770 3730//3772
f 3735//3773 3731//3771 3730//3772
f 3727//3761 3731//3771 3736//3774
f 3735//3773 3736//3774 3731//3771
f 3727//3761 3712//3760 3731//3771
f 3723//3765 3756//3769 3575//3619
f 3729//3770 3732//3592 3733//3775
f 3733//3775 3732//3592 3540//3597
f 3540//3597 3734//3776 3733//3775
f 3729//3770 3733//3775 3730//3772
f 3734//3776 3730//3772 3733//3775
f 3734//3776 3735//3773 3730//3772
f 3728//3768 3727//3761 3736//3774
f 3723//3765 3575//3619 3737//3618
f 3725//3757 3738//3604 3535//3594
f 3734//3776 3540//3597 3739//3601
f 3736//3774 3746//3777 3728//3768
f 3737//3618 3740//3602 3738//3604
f 3741//3610 3739//3601 3548//3606
f 3739//3601 3741//3610 3734//3776
f 3742//3778 3735//3773 3734//3776
f 3741//3610 3742//3778 3734//3776
f 3735//3773 3742//3778 3743//3779
f 3743//3779 3736//3774 3735//3773
f 3736//3774 3743//3779 3746//3777
f 3728//3768 3746//3777 3722//3763
f 3744//3780 3742//3778 3741//3610
f 3742//3778 3744//3780 3743//3779
f 3746//3777 3755//3781 3722//3763
f 3755//3781 3756//3769 3722//3763
f 3740//3602 3737//3618 3557//3617
f 3745//3616 3744//3780 3741//3610
f 3743//3779 3750//3782 3746//3777
f 3748//3783 3744//3780 3745//3616
f 3561//3615 3747//3625 3745//3616
f 3745//3616 3747//3625 3748//3783
f 3748//3783 3743//3779 3744//3780
f 3743//3779 3748//3783 3750//3782
f 3746//3777 3750//3782 3755//3781
f 3751//3627 3748//3783 3747//3625
f 3748//3783 3751//3627 3750//3782
f 3753//3628 3751//3627 3749//3626
f 3754//3784 3750//3782 3751//3627
f 3752//3785 3751//3627 3753//3628
f 3751//3627 3752//3785 3754//3784
f 3757//3634 3752//3785 3753//3628
f 3754//3784 3755//3781 3750//3782
f 3756//3769 3761//3786 3575//3619
f 3571//3632 3758//3787 3757//3634
f 3758//3787 3574//3638 3762//3788
f 3571//3632 3574//3638 3758//3787
f 3758//3787 3752//3785 3757//3634
f 3752//3785 3758//3787 3754//3784
f 3754//3784 3758//3787 3759//3789
f 3754//3784 3759//3789 3760//3790
f 3760//3790 3759//3789 3761//3786
f 3762//3788 3759//3789 3758//3787
f 3755//3781 3754//3784 3760//3790
f 3755//3781 3760//3790 3761//3786
f 3756//3769 3755//3781 3761//3786
f 3575//3619 3761//3786 3766//3647
f 3579//3639 3762//3788 3574//3638
f 3763//3791 3759//3789 3762//3788
f 3759//3789 3763//3791 3761//3786
f 3761//3786 3763//3791 3765//3792
f 3764//3793 3763//3791 3762//3788
f 3763//3791 3764//3793 3765//3792
f 3579//3639 3764//3793 3762//3788
f 3764//3793 3579//3639 3580//3646
f 3580//3646 3766//3647 3764//3793
f 3761//3786 3765//3792 3766//3647
f 3765//3792 3764//3793 3766//3647
f 3766//3647 3597//3640 3575//3619
f 3627//3669 3767//3794 3628//3675
f 3630//3677 3628//3675 3767//3794
f 3767//3794 3769//3795 3630//3677
f 3630//3677 3769//3795 3631//3678
f 3627//3669 3768//3687 3767//3794
f 3767//3794 3768//3687 3770//3796
f 3769//3795 3767//3794 3770//3796
f 3631//3678 3776//3688 3632//3682
f 3769//3795 3776//3688 3631//3678
f 3629//3661 3639//3686 3768//3687
f 3768//3687 3771//3797 3772//3798
f 3768//3687 3639//3686 3771//3797
f 3772//3798 3771//3797 3778//3799
f 3771//3797 3639//3686 3777//3800
f 3771//3797 3777//3800 3778//3799
f 3768//3687 3772//3798 3770//3796
f 3769//3795 3770//3796 3773//3801
f 3770//3796 3772//3798 3774//3802
f 3770//3796 3774//3802 3773//3801
f 3769//3795 3773//3801 3776//3688
f 3776//3688 3780//3803 3775//3689
f 3776//3688 3773//3801 3780//3803
f 3663//3700 3777//3800 3639//3686
f 3772//3798 3778//3799 3774//3802
f 3778//3799 3777//3800 3672//3715
f 3773//3801 3774//3802 3779//3804
f 3774//3802 3778//3799 3779//3804
f 3778//3799 3783//3805 3779//3804
f 3775//3689 3782//3695 3781//3683
f 3773//3801 3779//3804 3780//3803
f 3775//3689 3780//3803 3782//3695
f 3780//3803 3779//3804 3784//3806
f 3782//3695 3780//3803 3784//3806
f 3779//3804 3785//3807 3784//3806
f 3782//3695 3784//3806 3786//3808
f 3782//3695 3786//3808 3649//3694
f 3777//3800 3663//3700 3672//3715
f 3778//3799 3672//3715 3783//3805
f 3779//3804 3783//3805 3785//3807
f 3784//3806 3787//3708 3786//3808
f 3784//3806 3785//3807 3787//3708
f 3783//3805 3788//3732 3785//3807
f 3785//3807 3788//3732 3787//3708
f 3649//3694 3786//3808 3657//3702
f 3787//3708 3657//3702 3786//3808
f 3788//3732 3783//3805 3672//3715
f 3787//3708 3788//3732 3789//3723
f 3787//3708 3789//3723 3790//3707
f 3673//3718 3790//3707 3789//3723
f 3789//3723 3788//3732 3686//3733
f 3788//3732 3713//3731 3686//3733
