# Blender 4.0.2
# www.blender.org
mtllib skull_right_temporal_bone.mtl
o skull_right_temporal_bone
v 0.011372 0.070101 0.071913
v 0.010113 0.069431 0.072157
v 0.010350 0.071181 0.072219
v 0.008250 0.070301 0.072550
v 0.010050 0.070001 0.072245
v 0.009150 0.069401 0.072315
v 0.008222 0.068921 0.072450
v 0.007950 0.070411 0.072519
v 0.008850 0.069811 0.072219
v 0.008250 0.070461 0.072219
v 0.007950 0.070461 0.072219
v 0.006436 0.068241 0.072586
v 0.004340 0.066251 0.072666
v 0.006150 0.068281 0.072519
v 0.006150 0.068271 0.072219
v 0.007050 0.069701 0.072714
v 0.006750 0.069701 0.072283
v 0.006357 0.068501 0.072519
v 0.006336 0.068501 0.072219
v 0.005250 0.068221 0.072519
v 0.003368 0.068941 0.073140
v 0.003258 0.069581 0.073070
v 0.003193 0.069451 0.072451
v 0.003150 0.069941 0.072819
v 0.003552 0.069111 0.072333
v 0.001950 0.067901 0.073178
v 0.001101 0.067591 0.073213
v 0.001084 0.067891 0.073167
v 0.000752 0.067601 0.073186
v 0.002328 0.067061 0.073103
v 0.000750 0.067681 0.073119
v 0.001838 0.068201 0.072819
v 0.001050 0.067941 0.072819
v 0.000750 0.067631 0.072819
v 0.002285 0.067931 0.072363
v 0.001002 0.066881 0.072349
v 0.002850 0.069701 0.073178
v 0.002550 0.068501 0.073164
v 0.002823 0.070001 0.072819
v 0.002172 0.068501 0.072819
v -0.001650 0.065501 0.073351
v -0.000673 0.065841 0.072020
v -0.001650 0.067301 0.073440
v 0.000478 0.067331 0.073258
v -0.000130 0.067581 0.073271
v -0.000859 0.067271 0.073391
v -0.001303 0.067591 0.073305
v 0.000450 0.067661 0.073119
v -0.000150 0.067761 0.073119
v -0.001650 0.067751 0.073119
v -0.000924 0.067211 0.072584
v -0.001389 0.067601 0.072819
v -0.001796 0.067001 0.072819
v -0.002369 0.065281 0.073417
v -0.002582 0.065581 0.073403
v -0.002250 0.065911 0.073119
v -0.002550 0.065861 0.073119
v -0.001950 0.065501 0.072746
v -0.002988 0.064491 0.072094
v -0.003759 0.066031 0.073552
v -0.003689 0.066381 0.073409
v -0.003710 0.066061 0.072745
v -0.004272 0.066341 0.072813
v -0.004670 0.064441 0.073615
v -0.005267 0.064641 0.073619
v -0.005550 0.064301 0.073698
v -0.005160 0.065501 0.073419
v -0.005550 0.064701 0.073419
v -0.006150 0.064551 0.073419
v -0.005550 0.064301 0.073028
v -0.006722 0.064151 0.073105
v -0.004650 0.065801 0.072761
v -0.004692 0.065991 0.073607
v -0.004597 0.066651 0.073537
v -0.004650 0.066871 0.073419
v -0.005009 0.066701 0.073419
v -0.004350 0.066781 0.073119
v -0.004649 0.066391 0.072899
v -0.004651 0.066771 0.073121
v -0.004976 0.066371 0.073120
v -0.007065 0.062651 0.073895
v -0.008779 0.063031 0.073989
v -0.008680 0.063051 0.073280
v -0.007050 0.064601 0.073792
v -0.006750 0.064671 0.073419
v -0.009660 0.058991 0.073815
v -0.010693 0.058631 0.073854
v -0.010530 0.058171 0.073834
v -0.010950 0.058701 0.073719
v -0.010828 0.058531 0.073304
v -0.009446 0.060811 0.073968
v -0.009598 0.059771 0.073895
v -0.010371 0.059491 0.073924
v -0.010318 0.060101 0.073968
v -0.010656 0.058921 0.073822
v -0.010663 0.059261 0.073818
v -0.010643 0.060071 0.073930
v -0.010581 0.060431 0.073932
v -0.010362 0.060891 0.073723
v -0.010769 0.058901 0.073719
v -0.010808 0.059501 0.073719
v -0.011073 0.060401 0.073719
v -0.010013 0.060601 0.073218
v -0.010667 0.058901 0.073419
v -0.009434 0.062191 0.073918
v -0.009750 0.061301 0.073759
v -0.009150 0.063341 0.073719
v -0.009640 0.062201 0.073719
v -0.009450 0.061301 0.073328
v -0.012130 0.050671 0.072437
v -0.013062 0.050791 0.072564
v -0.013049 0.051141 0.072721
v -0.012493 0.050221 0.072249
v -0.012150 0.049901 0.072132
v -0.012750 0.050201 0.072033
v -0.013050 0.050461 0.072219
v -0.011630 0.052751 0.072989
v -0.013357 0.053401 0.073336
v -0.013732 0.053501 0.073119
v -0.013670 0.053481 0.072824
v -0.012978 0.056201 0.073794
v -0.011724 0.054641 0.073468
v -0.012798 0.054751 0.073545
v -0.012994 0.054061 0.073477
v -0.013306 0.056111 0.073689
v -0.013087 0.054701 0.073419
v -0.013062 0.055001 0.073419
v -0.013310 0.055881 0.073402
v -0.013650 0.054121 0.073419
v -0.013274 0.054671 0.073119
v -0.013058 0.055001 0.073119
v -0.012783 0.056121 0.072918
v -0.013845 0.054101 0.073119
v -0.012608 0.054921 0.072699
v -0.013214 0.053941 0.072573
v -0.012131 0.057051 0.073875
v -0.012089 0.057981 0.073928
v -0.012467 0.057401 0.073849
v -0.012447 0.057991 0.073888
v -0.012450 0.058301 0.073845
v -0.012750 0.057101 0.073726
v -0.012612 0.057411 0.073712
v -0.012701 0.058001 0.073719
v -0.013171 0.056501 0.073719
v -0.012654 0.057401 0.073419
v -0.012599 0.057941 0.073402
v -0.012226 0.058211 0.073311
v -0.012750 0.057101 0.073379
v -0.013252 0.056511 0.073414
v -0.012105 0.057061 0.072817
v -0.013883 0.051471 0.072828
v -0.013897 0.051091 0.072695
v -0.013897 0.050881 0.072506
v -0.014335 0.051101 0.072519
v -0.014407 0.051401 0.072519
v -0.013905 0.050841 0.072209
v -0.013780 0.051121 0.071903
v -0.014275 0.051111 0.072227
v -0.014096 0.051431 0.072105
v -0.013986 0.051821 0.072828
v -0.014056 0.052001 0.072519
v -0.013752 0.051821 0.072069
v 0.018280 0.068561 0.069445
v 0.015871 0.070531 0.070507
v 0.015142 0.071271 0.070699
v 0.017106 0.070791 0.070092
v 0.015749 0.071291 0.070403
v 0.015164 0.071351 0.070432
v 0.016625 0.071221 0.070112
v 0.016058 0.071371 0.070107
v 0.015364 0.071281 0.070159
v 0.015111 0.070821 0.069794
v 0.016655 0.071251 0.069805
v 0.015986 0.071161 0.069773
v 0.012750 0.071201 0.071619
v 0.013931 0.071501 0.071004
v 0.012813 0.071111 0.070871
v 0.014623 0.071481 0.070697
v 0.014286 0.071511 0.070705
v 0.013879 0.071471 0.070704
v 0.014014 0.071121 0.070333
v 0.011550 0.070951 0.071919
v 0.010665 0.071321 0.071905
v 0.011361 0.070751 0.071227
v 0.011371 0.071141 0.071590
v 0.010477 0.071041 0.071492
v 0.010050 0.067901 0.070768
v 0.008499 0.066701 0.069946
v 0.009750 0.070181 0.071919
v 0.009150 0.069591 0.071919
v 0.008550 0.069991 0.071919
v 0.007960 0.069901 0.071821
v 0.010075 0.070391 0.071487
v 0.009150 0.069201 0.071619
v 0.010050 0.071191 0.071919
v 0.006666 0.066191 0.070824
v 0.003459 0.063081 0.069652
v 0.003026 0.062671 0.069602
v 0.003422 0.064401 0.070275
v 0.003076 0.063881 0.070396
v 0.004493 0.067041 0.071386
v 0.003204 0.054011 0.070539
v 0.001357 0.062301 0.069992
v 0.000837 0.064511 0.071154
v 0.002205 0.064341 0.070938
v -0.000369 0.062481 0.071106
v 0.000335 0.062791 0.070976
v -0.007248 0.059921 0.071738
v -0.009566 0.052911 0.070255
v -0.010123 0.051951 0.070205
v -0.009881 0.054761 0.071161
v -0.012819 0.049901 0.071919
v -0.012450 0.050201 0.071556
v -0.012647 0.049751 0.071447
v -0.012732 0.050821 0.071577
v -0.014550 0.048401 0.071687
v -0.015627 0.047581 0.071488
v -0.015750 0.048411 0.071619
v -0.014850 0.048641 0.071319
v -0.015617 0.048401 0.070825
v -0.017250 0.047051 0.071177
v -0.016829 0.048191 0.070978
v -0.018283 0.047251 0.071015
v -0.016713 0.048151 0.070604
v -0.019365 0.046531 0.070665
v -0.020333 0.046141 0.070277
v -0.020566 0.046231 0.070054
v -0.019522 0.046811 0.069679
v -0.020284 0.046451 0.069723
v -0.019615 0.046901 0.070440
v -0.019551 0.046951 0.070098
v -0.021530 0.044461 0.069554
v 0.022375 0.068601 0.067879
v 0.023249 0.069141 0.067419
v 0.022649 0.069401 0.067155
v 0.019691 0.069691 0.068999
v 0.018606 0.070541 0.069196
v 0.017442 0.070411 0.069034
v 0.019852 0.069961 0.068679
v 0.019650 0.070001 0.068561
v 0.018673 0.070181 0.068570
v 0.019813 0.069341 0.067911
v 0.017517 0.070881 0.069514
v 0.016906 0.070511 0.069184
v 0.017213 0.070951 0.069498
v 0.016575 0.070811 0.069383
v 0.012844 0.067061 0.068459
v 0.014439 0.068251 0.068210
v 0.014061 0.066961 0.067496
v 0.010396 0.065741 0.068396
v 0.007420 0.063101 0.068145
v 0.006670 0.064171 0.068997
v 0.007344 0.064251 0.068735
v 0.007740 0.063951 0.068319
v 0.002838 0.055781 0.067772
v 0.003722 0.063421 0.069566
v 0.004105 0.061941 0.068978
v 0.004106 0.064381 0.069698
v 0.001236 0.060941 0.069433
v -0.001779 0.045841 0.069012
v -0.003375 0.058391 0.069518
v -0.004546 0.057231 0.069320
v -0.007109 0.056231 0.069915
v -0.008674 0.048611 0.067238
v -0.008354 0.050781 0.068385
v -0.007827 0.052631 0.068881
v -0.010180 0.048951 0.067949
v -0.012747 0.037171 0.068199
v -0.011978 0.047871 0.068937
v -0.013384 0.047821 0.067909
v -0.012128 0.048121 0.067436
v -0.015951 0.047471 0.068348
v -0.019982 0.045701 0.067987
v -0.021228 0.045061 0.067303
v -0.021477 0.043101 0.069189
v -0.023303 0.043781 0.068559
v -0.021510 0.044891 0.069550
v -0.022111 0.044451 0.069234
v -0.021733 0.044961 0.069231
v -0.021123 0.045421 0.068876
v -0.021678 0.045041 0.068953
v -0.022399 0.044491 0.068607
v -0.022045 0.044631 0.068077
v -0.023974 0.042481 0.068633
v -0.024754 0.043161 0.067291
v -0.026992 0.040591 0.067623
v -0.026713 0.041591 0.067639
v -0.028821 0.040551 0.067287
v -0.029256 0.039191 0.067142
v 0.038525 0.026111 0.064801
v 0.035077 0.025571 0.064944
v 0.034149 0.027071 0.064719
v 0.024810 0.068191 0.066798
v 0.026586 0.066661 0.065890
v 0.026952 0.067441 0.065645
v 0.026733 0.067671 0.065213
v 0.024749 0.068801 0.066540
v 0.024733 0.068601 0.066186
v 0.022594 0.068391 0.066387
v 0.020105 0.051751 0.064585
v 0.017013 0.066601 0.066332
v 0.013994 0.065551 0.066392
v 0.008375 0.042541 0.065537
v 0.005756 0.052981 0.066238
v -0.005160 0.034081 0.066388
v -0.006808 0.046591 0.066043
v -0.013355 0.047971 0.066943
v -0.012157 0.047381 0.066068
v -0.012668 0.047831 0.066306
v -0.014363 0.047711 0.066241
v -0.015469 0.047131 0.065606
v -0.015059 0.047071 0.064966
v -0.016107 0.047031 0.065029
v -0.017156 0.023821 0.065526
v -0.017384 0.031061 0.066049
v -0.016761 0.046491 0.065973
v -0.019395 0.020851 0.064510
v -0.019484 0.045751 0.066496
v -0.019605 0.046251 0.065262
v -0.022928 0.044951 0.065413
v -0.029030 0.032041 0.065264
v -0.028798 0.041141 0.066685
v -0.031753 0.038691 0.066907
v -0.031869 0.039431 0.067064
v -0.032991 0.038761 0.066755
v -0.031935 0.039761 0.066961
v -0.032581 0.039701 0.066949
v -0.031508 0.040251 0.066529
v -0.032904 0.040291 0.066165
v -0.030739 0.040941 0.065578
v -0.031851 0.040501 0.065617
v -0.033555 0.039611 0.066809
v -0.033588 0.039921 0.066629
v -0.036073 0.038201 0.065853
v -0.037079 0.038781 0.065570
v -0.037088 0.039161 0.065031
v 0.052723 0.025841 0.062625
v 0.049216 0.022261 0.063594
v 0.048567 0.026331 0.063608
v 0.046764 0.020471 0.063637
v 0.046284 0.020091 0.062852
v 0.045890 0.021661 0.064388
v 0.047406 0.027211 0.062748
v 0.044547 0.020141 0.064181
v 0.044938 0.019841 0.063485
v 0.044269 0.019511 0.063481
v 0.043861 0.020481 0.064399
v 0.043965 0.026791 0.063814
v 0.044223 0.026871 0.063182
v 0.042413 0.018011 0.063075
v 0.042737 0.018831 0.063990
v 0.041518 0.018661 0.063725
v 0.043196 0.018421 0.063156
v 0.043543 0.026191 0.062365
v 0.040501 0.021111 0.064466
v 0.037597 0.021801 0.064384
v 0.038731 0.026751 0.064391
v 0.038849 0.026851 0.063819
v 0.038636 0.025781 0.062878
v 0.036392 0.021251 0.063193
v 0.035549 0.027381 0.064037
v 0.034835 0.026531 0.063048
v 0.031847 0.023901 0.064196
v 0.032189 0.027661 0.063150
v 0.032294 0.063061 0.062469
v 0.032219 0.063701 0.062619
v 0.031107 0.022921 0.062846
v 0.030319 0.027081 0.064353
v 0.029549 0.028531 0.063519
v 0.030160 0.028201 0.063185
v 0.029861 0.027711 0.062518
v 0.030638 0.064301 0.063519
v 0.031049 0.064501 0.062919
v 0.027246 0.024911 0.063303
v 0.027231 0.023831 0.062737
v 0.029201 0.028411 0.062899
v 0.027015 0.029621 0.062842
v 0.027143 0.063481 0.064940
v 0.025917 0.029751 0.063293
v 0.025525 0.063191 0.062652
v 0.026712 0.067071 0.064696
v 0.024704 0.029131 0.063335
v 0.021264 0.030601 0.063128
v 0.021672 0.031961 0.062610
v 0.018144 0.032741 0.063348
v 0.019363 0.033031 0.062960
v 0.017522 0.033421 0.063138
v 0.015404 0.032321 0.063034
v 0.016917 0.033081 0.063240
v 0.015902 0.033531 0.063335
v 0.016275 0.034391 0.063057
v 0.014025 0.035831 0.063402
v 0.014553 0.036771 0.062613
v 0.012950 0.038561 0.063099
v 0.011251 0.035581 0.063992
v 0.010764 0.039351 0.064151
v 0.011896 0.037851 0.063781
v 0.012871 0.043921 0.064247
v 0.008986 0.033871 0.063284
v 0.008251 0.037601 0.064752
v 0.005910 0.044331 0.062912
v 0.006033 0.046561 0.063249
v 0.004000 0.046981 0.063431
v 0.001148 0.032471 0.063058
v -0.000691 0.031931 0.062955
v -0.001302 0.031601 0.062961
v -0.000252 0.033311 0.064425
v -0.003675 0.031111 0.064182
v -0.004748 0.015581 0.062017
v -0.005305 0.028781 0.063776
v -0.007167 0.018191 0.063573
v -0.008790 0.027541 0.064478
v -0.010751 0.014691 0.063482
v -0.010251 0.044281 0.064128
v -0.017358 0.015801 0.062646
v -0.018464 0.036191 0.062449
v -0.017320 0.046821 0.064751
v -0.017267 0.047061 0.064050
v -0.018524 0.047031 0.064132
v -0.018487 0.047101 0.063415
v -0.018942 0.040081 0.063141
v -0.018377 0.041011 0.062655
v -0.020051 0.041221 0.062837
v -0.020806 0.046821 0.064276
v -0.020284 0.047201 0.064094
v -0.020175 0.047521 0.063438
v -0.023673 0.040531 0.062469
v -0.021868 0.047441 0.063840
v -0.021787 0.047871 0.063491
v -0.021308 0.047881 0.063085
v -0.022053 0.047931 0.062784
v -0.025826 0.022831 0.062851
v -0.025199 0.046331 0.063446
v -0.024107 0.047501 0.063197
v -0.023740 0.047791 0.062904
v -0.026204 0.046781 0.062606
v -0.027668 0.045621 0.062627
v -0.030240 0.041941 0.064424
v -0.030004 0.043721 0.062624
v -0.032880 0.040431 0.064710
v -0.031638 0.041091 0.063866
v -0.031975 0.041531 0.063220
v -0.031337 0.042361 0.062657
v -0.031930 0.042011 0.062672
v -0.034842 0.029971 0.063942
v -0.033701 0.040641 0.063728
v -0.034950 0.040681 0.062619
v -0.035654 0.040401 0.062854
v -0.038755 0.038671 0.063593
v -0.040863 0.031571 0.062984
v -0.042019 0.033101 0.062604
v -0.042295 0.034111 0.062606
v -0.040016 0.036991 0.063940
v -0.040175 0.037961 0.063792
v -0.041752 0.037161 0.063363
v -0.042675 0.036441 0.062905
v 0.053670 0.025661 0.061688
v 0.053968 0.026521 0.061690
v 0.054327 0.026431 0.061008
v 0.053741 0.027301 0.061158
v 0.054307 0.027081 0.060723
v 0.053788 0.027471 0.060454
v 0.051411 0.022331 0.060892
v 0.051106 0.022251 0.060205
v 0.052848 0.027041 0.062044
v 0.051254 0.027631 0.061620
v 0.050073 0.021541 0.061577
v 0.049716 0.021231 0.060922
v 0.049866 0.022191 0.059998
v 0.046263 0.019801 0.061762
v 0.047131 0.020011 0.061492
v 0.046660 0.026921 0.062170
v 0.046741 0.025881 0.060730
v 0.048067 0.026211 0.060298
v 0.047413 0.024981 0.060021
v 0.044858 0.019711 0.062357
v 0.044244 0.019001 0.061763
v 0.045176 0.019361 0.061188
v 0.043915 0.018491 0.061212
v 0.045414 0.019501 0.060566
v 0.043859 0.018611 0.060532
v 0.045066 0.020051 0.060057
v 0.041545 0.017691 0.061471
v 0.042229 0.017811 0.061146
v 0.041570 0.017821 0.060803
v 0.042173 0.017991 0.060533
v 0.041529 0.018151 0.060413
v 0.042254 0.018471 0.060136
v 0.042375 0.019271 0.059980
v 0.041525 0.018761 0.060083
v 0.043085 0.024451 0.061157
v 0.040837 0.018021 0.061138
v 0.040492 0.018281 0.062342
v 0.040246 0.019361 0.060422
v 0.040902 0.020181 0.060246
v 0.038146 0.064241 0.061009
v 0.039597 0.064481 0.060533
v 0.039449 0.065411 0.060519
v 0.040336 0.063871 0.060074
v 0.037561 0.021761 0.061208
v 0.038555 0.024051 0.061851
v 0.036746 0.063911 0.061270
v 0.038849 0.065201 0.060831
v 0.036552 0.064321 0.061157
v 0.037109 0.064601 0.060846
v 0.038849 0.065331 0.060519
v 0.038891 0.065051 0.060049
v 0.036554 0.021031 0.061986
v 0.034494 0.021871 0.062021
v 0.035123 0.022061 0.061538
v 0.035189 0.023331 0.061554
v 0.033938 0.063091 0.061864
v 0.034349 0.063831 0.061419
v 0.032538 0.022401 0.061688
v 0.032812 0.022611 0.061164
v 0.031927 0.025061 0.061275
v 0.032993 0.023261 0.061009
v 0.032215 0.023641 0.060741
v 0.032687 0.062861 0.060759
v 0.032821 0.063691 0.062198
v 0.033184 0.063731 0.062011
v 0.032870 0.063831 0.062025
v 0.032249 0.063871 0.062019
v 0.030445 0.022761 0.061198
v 0.030860 0.022791 0.060489
v 0.031622 0.022941 0.060501
v 0.031431 0.026511 0.062048
v 0.030079 0.025971 0.060816
v 0.030951 0.064071 0.062359
v 0.027365 0.023031 0.061117
v 0.028716 0.026581 0.059957
v 0.026505 0.029691 0.061944
v 0.025844 0.060341 0.060267
v 0.025305 0.061981 0.061695
v 0.026298 0.061751 0.061341
v 0.024355 0.025281 0.062335
v 0.023960 0.024091 0.060687
v 0.022293 0.051241 0.060625
v 0.022318 0.057741 0.061819
v 0.022675 0.061891 0.062333
v 0.020582 0.026641 0.061087
v 0.021058 0.026201 0.059908
v 0.022036 0.032021 0.061040
v 0.020260 0.033101 0.062018
v 0.021404 0.060651 0.062324
v 0.017671 0.034271 0.062349
v 0.019059 0.034021 0.061062
v 0.016949 0.027831 0.060487
v 0.013873 0.030201 0.061286
v 0.014988 0.050741 0.062043
v 0.011907 0.045271 0.060513
v 0.008162 0.031351 0.060978
v 0.009833 0.038231 0.059824
v 0.010769 0.040001 0.060395
v 0.005936 0.039241 0.060604
v 0.004474 0.031141 0.060660
v 0.003305 0.042401 0.061728
v 0.002326 0.031391 0.061118
v 0.000783 0.030671 0.060623
v 0.001099 0.030391 0.060333
v 0.000588 0.029901 0.060409
v 0.002491 0.030641 0.060028
v 0.001980 0.044041 0.061688
v -0.001445 0.029421 0.061186
v -0.000673 0.027691 0.060263
v -0.000944 0.030821 0.061261
v -0.000056 0.029931 0.060738
v 0.000325 0.045361 0.062503
v -0.002212 0.017781 0.060406
v -0.003837 0.025001 0.061963
v -0.002595 0.029531 0.062036
v -0.002278 0.030481 0.062463
v -0.011127 0.010881 0.061012
v -0.009935 0.011941 0.062013
v -0.010271 0.042671 0.059857
v -0.012185 0.012251 0.062000
v -0.013279 0.011471 0.060198
v -0.012826 0.032201 0.060447
v -0.014068 0.034191 0.061742
v -0.012792 0.034711 0.061414
v -0.012924 0.037461 0.061328
v -0.015469 0.013131 0.060798
v -0.016188 0.013261 0.060512
v -0.015082 0.012791 0.060066
v -0.016765 0.031771 0.060407
v -0.020886 0.016601 0.060519
v -0.020241 0.033841 0.060450
v -0.019296 0.041611 0.061937
v -0.022415 0.018851 0.061468
v -0.021427 0.034671 0.060828
v -0.022332 0.041531 0.061648
v -0.023290 0.047351 0.061057
v -0.023585 0.019981 0.061777
v -0.023811 0.019151 0.060589
v -0.025244 0.019641 0.060490
v -0.023535 0.047801 0.062314
v -0.024719 0.047501 0.062317
v -0.028162 0.019981 0.060464
v -0.025895 0.020761 0.061519
v -0.027603 0.036761 0.061854
v -0.027755 0.045811 0.062031
v -0.026495 0.046611 0.061684
v -0.027057 0.045721 0.060279
v -0.030417 0.042441 0.061454
v -0.030496 0.043021 0.061701
v -0.028918 0.043821 0.060328
v -0.028362 0.045031 0.060891
v -0.030429 0.041571 0.061721
v -0.031710 0.041491 0.061955
v -0.031814 0.041771 0.062044
v -0.031285 0.042471 0.062309
v -0.031729 0.042131 0.062330
v -0.031050 0.042101 0.061801
v -0.031335 0.042191 0.062022
v -0.034319 0.023671 0.061347
v -0.035250 0.039401 0.061801
v -0.033641 0.039931 0.062105
v -0.034469 0.040391 0.062188
v -0.037281 0.024931 0.060958
v -0.039936 0.025261 0.060689
v -0.039150 0.039201 0.061419
v -0.041589 0.026781 0.060460
v -0.041910 0.029891 0.061404
v -0.041976 0.028091 0.060578
v -0.041917 0.028351 0.060205
v -0.041673 0.030481 0.062185
v -0.042015 0.032131 0.062281
v -0.041556 0.031381 0.061014
v -0.041523 0.030131 0.060679
v -0.042146 0.033151 0.062298
v -0.042304 0.033761 0.062309
v -0.042024 0.032421 0.061931
v -0.042102 0.033121 0.062005
v -0.042277 0.033751 0.061999
v -0.041952 0.033121 0.061701
v -0.042101 0.033701 0.061694
v -0.041508 0.033621 0.060741
v -0.042549 0.034881 0.061360
v -0.042698 0.036621 0.060521
v -0.040948 0.038581 0.062363
v -0.042424 0.037941 0.061639
v -0.041798 0.038371 0.060257
v -0.042447 0.037921 0.060246
v -0.042764 0.034961 0.062320
v -0.043149 0.036601 0.062030
v -0.042853 0.035221 0.061718
v -0.043041 0.036691 0.061408
v -0.042658 0.037591 0.062347
v -0.043006 0.037291 0.061983
v -0.042749 0.037341 0.060540
v 0.054489 0.026411 0.059876
v 0.054646 0.026801 0.059608
v 0.054601 0.027101 0.059330
v 0.054856 0.026451 0.058707
v 0.054894 0.026801 0.058732
v 0.054443 0.027381 0.058776
v 0.055030 0.026801 0.058407
v 0.054900 0.027091 0.058415
v 0.053793 0.027581 0.058565
v 0.054492 0.025661 0.058087
v 0.053262 0.024251 0.059391
v 0.052284 0.023571 0.059302
v 0.051434 0.024241 0.058954
v 0.051764 0.027661 0.059608
v 0.050078 0.027061 0.059726
v 0.050445 0.026411 0.059030
v 0.040968 0.062611 0.059331
v 0.040561 0.060971 0.058783
v 0.042400 0.062011 0.058292
v 0.043011 0.063211 0.057988
v 0.042110 0.063631 0.059082
v 0.042246 0.064301 0.059019
v 0.041830 0.064801 0.058706
v 0.040949 0.065211 0.059919
v 0.039737 0.065291 0.059810
v 0.040700 0.065261 0.059398
v 0.030525 0.024151 0.059675
v 0.030520 0.023501 0.059571
v 0.030145 0.023141 0.059597
v 0.029684 0.023791 0.058772
v 0.029353 0.023491 0.058725
v 0.029413 0.024481 0.058484
v 0.031423 0.044351 0.057913
v 0.028688 0.023151 0.058931
v 0.028628 0.023401 0.058244
v 0.029066 0.023821 0.058071
v 0.029347 0.056631 0.058736
v 0.029542 0.060041 0.059455
v 0.026633 0.023381 0.058444
v 0.024752 0.029471 0.059092
v 0.020984 0.033011 0.059355
v 0.021049 0.036121 0.058272
v 0.019564 0.026971 0.059645
v 0.017828 0.027271 0.059593
v 0.017632 0.027701 0.058059
v 0.019573 0.035201 0.059319
v 0.015482 0.027041 0.059314
v 0.016087 0.027121 0.058055
v 0.015590 0.042781 0.058115
v 0.017577 0.044841 0.059124
v 0.014185 0.026471 0.058355
v 0.013188 0.026821 0.058041
v 0.014869 0.026331 0.057844
v 0.014567 0.043131 0.058723
v 0.013801 0.042221 0.058696
v 0.007988 0.030211 0.058925
v 0.004072 0.030381 0.058567
v 0.004439 0.038191 0.058245
v 0.000504 0.015611 0.058340
v 0.000713 0.016691 0.058217
v 0.001427 0.016281 0.057574
v 0.001157 0.028981 0.058379
v 0.002746 0.029821 0.057852
v 0.001316 0.030051 0.059901
v 0.002462 0.039501 0.057965
v 0.002075 0.041161 0.059610
v 0.000834 0.041021 0.059096
v -0.001070 0.015341 0.058252
v -0.000739 0.014831 0.058056
v -0.000147 0.013701 0.057731
v -0.001016 0.014211 0.057675
v -0.001431 0.014281 0.057848
v -0.001619 0.016001 0.059069
v 0.000150 0.016101 0.058495
v -0.000175 0.015661 0.058446
v -0.001013 0.015991 0.058477
v -0.001074 0.017241 0.058643
v -0.000442 0.016661 0.058414
v -0.001322 0.019421 0.059004
v -0.000465 0.018681 0.058252
v 0.000142 0.017991 0.058112
v 0.000701 0.019421 0.057159
v -0.001045 0.020951 0.058508
v -0.001421 0.024871 0.059364
v 0.000476 0.029081 0.059892
v -0.005570 0.040801 0.058423
v -0.008399 0.009821 0.059638
v -0.009013 0.009131 0.058795
v -0.009300 0.009171 0.057745
v -0.009956 0.035471 0.059251
v -0.009747 0.037271 0.058225
v -0.012993 0.029031 0.057957
v -0.015769 0.012981 0.059871
v -0.016051 0.012971 0.058720
v -0.015190 0.012901 0.058491
v -0.015742 0.013221 0.057800
v -0.017156 0.012861 0.059298
v -0.016425 0.013181 0.058171
v -0.018174 0.013301 0.059619
v -0.017907 0.013481 0.058376
v -0.016932 0.013631 0.057844
v -0.018130 0.014911 0.057822
v -0.017389 0.029811 0.058361
v -0.019466 0.015741 0.058553
v -0.019779 0.016211 0.057783
v -0.019292 0.042261 0.057875
v -0.018520 0.046421 0.060284
v -0.023070 0.018441 0.059862
v -0.022260 0.031821 0.057957
v -0.022028 0.033041 0.058594
v -0.021773 0.042321 0.059344
v -0.023890 0.017651 0.057706
v -0.023619 0.043251 0.058340
v -0.026880 0.033561 0.059092
v -0.026283 0.042901 0.059452
v -0.027099 0.043831 0.059169
v -0.027966 0.044701 0.059924
v -0.026104 0.045091 0.059181
v -0.030213 0.035371 0.059997
v -0.032183 0.034531 0.058934
v -0.035053 0.019261 0.057752
v -0.034450 0.020741 0.059187
v -0.036499 0.022241 0.058656
v -0.036389 0.020511 0.057925
v -0.037065 0.020581 0.057669
v -0.037391 0.036441 0.057725
v -0.038980 0.022371 0.058230
v -0.039732 0.022741 0.058202
v -0.038151 0.021101 0.057658
v -0.039435 0.022111 0.057811
v -0.040028 0.030751 0.058689
v -0.037896 0.038471 0.059767
v -0.040880 0.024661 0.057749
v -0.041828 0.026971 0.059809
v -0.040894 0.025601 0.057714
v -0.041604 0.027591 0.059205
v -0.040975 0.028791 0.059065
v -0.041995 0.035701 0.059784
v -0.042437 0.036601 0.059165
v -0.042697 0.037901 0.059037
v -0.041482 0.038761 0.057929
v -0.042887 0.037001 0.057860
v -0.042785 0.037281 0.059536
v -0.043025 0.037571 0.057838
v 0.055389 0.026491 0.057564
v 0.055465 0.026801 0.057593
v 0.055015 0.027391 0.057613
v 0.054059 0.025611 0.057628
v 0.053450 0.027081 0.057484
v 0.055435 0.026481 0.057241
v 0.055574 0.026791 0.057234
v 0.055452 0.027091 0.057251
v 0.055330 0.026501 0.057004
v 0.055018 0.026131 0.057242
v 0.054877 0.027421 0.057335
v 0.053975 0.026431 0.057118
v 0.055445 0.026791 0.056943
v 0.055007 0.026501 0.056837
v 0.055014 0.027071 0.056826
v 0.054686 0.026801 0.056775
v 0.044081 0.048821 0.055544
v 0.044432 0.050271 0.055454
v 0.045435 0.049261 0.055100
v 0.043944 0.051441 0.055405
v 0.043630 0.059561 0.056103
v 0.043691 0.060531 0.055678
v 0.043622 0.059321 0.055368
v 0.043228 0.051731 0.055631
v 0.042151 0.053021 0.055718
v 0.042954 0.052571 0.055408
v 0.042545 0.053271 0.055413
v 0.042099 0.054351 0.055577
v 0.042357 0.055601 0.055413
v 0.041603 0.056521 0.056167
v 0.042844 0.057151 0.055427
v 0.041862 0.063091 0.055405
v 0.042718 0.064121 0.057533
v 0.042104 0.064451 0.057332
v 0.042442 0.063981 0.056753
v 0.041784 0.064091 0.056630
v 0.039776 0.051871 0.056605
v 0.040497 0.063301 0.056132
v 0.037923 0.062361 0.056984
v 0.031428 0.044891 0.055113
v 0.031047 0.051471 0.056863
v 0.028627 0.024411 0.056835
v 0.028104 0.024081 0.056097
v 0.028144 0.024761 0.055492
v 0.027510 0.023971 0.055534
v 0.028510 0.025301 0.057216
v 0.027644 0.026211 0.056398
v 0.028115 0.025331 0.056011
v 0.026787 0.046851 0.056589
v 0.026774 0.027401 0.057603
v 0.026560 0.027501 0.056527
v 0.026099 0.043321 0.054887
v 0.023093 0.043891 0.055596
v 0.020212 0.027921 0.056128
v 0.017911 0.028801 0.055443
v 0.018601 0.041151 0.055691
v 0.018987 0.042221 0.055926
v 0.015080 0.026531 0.056963
v 0.016651 0.028291 0.056152
v 0.016931 0.039431 0.057013
v 0.013950 0.024951 0.056919
v 0.008900 0.036121 0.057228
v 0.000877 0.013081 0.057155
v 0.002266 0.017611 0.056279
v 0.000242 0.039651 0.056962
v 0.000450 0.012011 0.056319
v -0.001889 0.013551 0.057553
v -0.000739 0.013571 0.057192
v -0.001063 0.013771 0.057245
v -0.001356 0.013731 0.057218
v -0.001057 0.013581 0.056908
v -0.001350 0.013591 0.056904
v -0.001641 0.013441 0.056898
v -0.000667 0.013251 0.056502
v -0.001021 0.013481 0.056529
v -0.001343 0.013491 0.056295
v -0.001677 0.013351 0.056232
v -0.001028 0.013451 0.055961
v -0.002112 0.012941 0.056551
v -0.005017 0.010031 0.057377
v -0.006628 0.008791 0.057053
v -0.005835 0.009161 0.056163
v -0.004488 0.010191 0.055876
v -0.007115 0.008961 0.056138
v -0.008106 0.035401 0.055921
v -0.009600 0.031501 0.057216
v -0.012543 0.040091 0.056660
v -0.014084 0.012541 0.057531
v -0.015084 0.013531 0.056639
v -0.016133 0.014161 0.056714
v -0.014919 0.044011 0.055984
v -0.018428 0.042711 0.056329
v -0.017591 0.043341 0.055541
v -0.018021 0.043021 0.055785
v -0.019469 0.028591 0.056907
v -0.020250 0.043001 0.057296
v -0.020293 0.043911 0.057191
v -0.019235 0.043851 0.056789
v -0.019050 0.043021 0.056619
v -0.018900 0.044781 0.057531
v -0.024310 0.025151 0.056336
v -0.025111 0.023281 0.054738
v -0.028058 0.026941 0.056445
v -0.030853 0.017031 0.057383
v -0.029355 0.029531 0.057057
v -0.031153 0.029131 0.055830
v -0.031155 0.030811 0.057043
v -0.034106 0.032121 0.057182
v -0.035709 0.017381 0.055471
v -0.037364 0.019901 0.057227
v -0.037006 0.034321 0.057085
v -0.040148 0.022801 0.057689
v -0.038529 0.020571 0.057143
v -0.039022 0.020831 0.055613
v -0.039715 0.030041 0.056607
v -0.039687 0.031351 0.056007
v -0.039161 0.031991 0.055177
v -0.039380 0.034881 0.055790
v -0.039977 0.034771 0.055521
v -0.039921 0.036591 0.055793
v -0.040332 0.028331 0.057446
v -0.040752 0.034171 0.056852
v -0.040356 0.034521 0.055678
v -0.042450 0.036431 0.056693
v -0.041440 0.035521 0.056456
v -0.040361 0.036081 0.055462
v -0.040668 0.035791 0.055418
v -0.041020 0.035581 0.055624
v -0.042124 0.036301 0.055747
v -0.042423 0.037011 0.055391
v -0.040549 0.038291 0.056702
v -0.042445 0.038251 0.056617
v -0.041818 0.038231 0.056060
v -0.042415 0.037611 0.055578
v -0.040718 0.037281 0.055522
v -0.041205 0.037631 0.055474
v -0.041846 0.037601 0.055311
v -0.042127 0.037301 0.055188
v -0.042931 0.037021 0.056934
v -0.042815 0.037001 0.056057
v -0.042869 0.037921 0.057534
v -0.042993 0.037591 0.056657
v -0.042804 0.037581 0.056024
v 0.047172 0.046301 0.053319
v 0.047215 0.045471 0.053110
v 0.046949 0.046301 0.052946
v 0.046300 0.048951 0.054500
v 0.046653 0.047981 0.054164
v 0.046549 0.049001 0.054219
v 0.046396 0.049001 0.053919
v 0.044395 0.044601 0.054440
v 0.045997 0.047511 0.054609
v 0.043529 0.048401 0.054328
v 0.045950 0.048981 0.053942
v 0.044748 0.050771 0.055100
v 0.045712 0.049881 0.054819
v 0.045149 0.050501 0.054769
v 0.045735 0.050041 0.054525
v 0.045487 0.050121 0.054460
v 0.044985 0.050161 0.054508
v 0.044149 0.051701 0.055119
v 0.043932 0.051561 0.054725
v 0.043043 0.052531 0.055085
v 0.042556 0.053481 0.055118
v 0.042458 0.053301 0.054826
v 0.041983 0.052141 0.054422
v 0.042043 0.053611 0.054227
v 0.041182 0.052791 0.053960
v 0.042395 0.054411 0.055131
v 0.042332 0.054281 0.054806
v 0.042415 0.055631 0.054780
v 0.041990 0.055561 0.053391
v 0.042986 0.057661 0.055053
v 0.042201 0.057751 0.053506
v 0.041551 0.057401 0.052954
v 0.042149 0.061001 0.053523
v 0.042149 0.059801 0.053157
v 0.041425 0.059911 0.053315
v 0.038589 0.052761 0.054582
v 0.040329 0.056261 0.053309
v 0.041170 0.054991 0.053058
v 0.041286 0.062881 0.055149
v 0.040827 0.062261 0.054941
v 0.038004 0.057621 0.055162
v 0.027943 0.024411 0.055193
v 0.028040 0.025041 0.054796
v 0.027763 0.024431 0.054508
v 0.028093 0.025011 0.053919
v 0.027476 0.024401 0.053769
v 0.027773 0.024611 0.053620
v 0.028255 0.025021 0.053036
v 0.027889 0.024731 0.052798
v 0.027161 0.024431 0.053179
v 0.027668 0.026241 0.055071
v 0.027957 0.025591 0.054911
v 0.028106 0.025601 0.054229
v 0.028189 0.026221 0.053655
v 0.028469 0.025611 0.053305
v 0.028677 0.026491 0.052805
v 0.027438 0.027701 0.053619
v 0.026474 0.024531 0.053076
v 0.026741 0.032621 0.054803
v 0.024107 0.025431 0.054887
v 0.023957 0.038971 0.052952
v 0.022671 0.041741 0.053965
v 0.016569 0.028551 0.055057
v 0.010985 0.017841 0.052836
v 0.010240 0.016381 0.053025
v 0.010583 0.018211 0.053838
v 0.011119 0.018981 0.053233
v 0.010655 0.022101 0.053762
v 0.010377 0.022571 0.053929
v 0.010831 0.022611 0.053638
v 0.010986 0.022161 0.053214
v 0.011047 0.022601 0.053343
v 0.011098 0.022621 0.052988
v 0.011850 0.023241 0.054819
v 0.010760 0.024161 0.054567
v 0.011188 0.023231 0.054222
v 0.010642 0.023481 0.054181
v 0.010084 0.023851 0.054238
v 0.012524 0.023491 0.054012
v 0.011259 0.022921 0.053738
v 0.010947 0.023051 0.053934
v 0.010657 0.022911 0.053875
v 0.011381 0.022921 0.053314
v 0.010339 0.026091 0.054786
v 0.011549 0.035071 0.052844
v 0.007813 0.013811 0.053596
v 0.008640 0.014231 0.052976
v 0.008839 0.015101 0.052897
v 0.008642 0.016971 0.053756
v 0.008288 0.015881 0.053759
v 0.009222 0.016411 0.053451
v 0.009437 0.015951 0.053027
v 0.009896 0.018161 0.053944
v 0.009758 0.021231 0.054244
v 0.009389 0.022441 0.054142
v 0.010059 0.023191 0.054109
v 0.009762 0.024161 0.054177
v 0.009428 0.023431 0.054128
v 0.009363 0.024331 0.053916
v 0.008798 0.024251 0.053258
v 0.008937 0.025171 0.053303
v 0.009411 0.025341 0.053941
v 0.009181 0.026481 0.053972
v 0.008735 0.027341 0.053914
v 0.008774 0.026691 0.053633
v 0.008583 0.026791 0.053326
v 0.008256 0.027471 0.053288
v 0.008826 0.027921 0.054972
v 0.005936 0.015101 0.054287
v 0.006093 0.017701 0.053839
v 0.007833 0.019361 0.053727
v 0.006802 0.018471 0.053461
v 0.005844 0.018741 0.052959
v 0.007393 0.020701 0.053072
v 0.007599 0.028081 0.053349
v 0.003936 0.013131 0.054513
v 0.004280 0.011821 0.053940
v 0.005313 0.011651 0.053577
v 0.004197 0.011131 0.053436
v 0.004027 0.016491 0.055096
v 0.003793 0.017801 0.054707
v 0.003646 0.019091 0.053782
v 0.004735 0.018831 0.053022
v 0.004414 0.029631 0.054778
v 0.003145 0.029541 0.054993
v 0.002850 0.010811 0.053619
v 0.002387 0.011851 0.055064
v 0.001650 0.011411 0.055119
v 0.000940 0.011641 0.054018
v 0.001781 0.026161 0.053950
v 0.001941 0.028151 0.054595
v -0.000307 0.013031 0.054896
v -0.001029 0.013551 0.055010
v -0.001631 0.013491 0.054872
v -0.000034 0.013621 0.053298
v -0.001431 0.013881 0.053345
v -0.000683 0.014081 0.052968
v -0.002297 0.012991 0.054623
v -0.003653 0.012091 0.053517
v -0.008547 0.037141 0.053249
v -0.006863 0.041201 0.053768
v -0.009173 0.042441 0.053999
v -0.009805 0.011001 0.054762
v -0.013423 0.012881 0.055019
v -0.011725 0.012211 0.054143
v -0.012355 0.012461 0.053550
v -0.012977 0.011751 0.052649
v -0.014186 0.022981 0.054435
v -0.016128 0.010691 0.052897
v -0.014230 0.012991 0.054261
v -0.014585 0.012331 0.053675
v -0.015909 0.012801 0.053949
v -0.015089 0.041861 0.053983
v -0.015632 0.042401 0.053629
v -0.015427 0.042981 0.053383
v -0.016938 0.043271 0.055037
v -0.017252 0.042731 0.055142
v -0.016316 0.043471 0.054807
v -0.016376 0.043021 0.054370
v -0.020774 0.022181 0.054802
v -0.020895 0.012451 0.052934
v -0.030120 0.013971 0.053785
v -0.035026 0.015471 0.053447
v -0.036872 0.018451 0.054035
v -0.036836 0.029881 0.053668
v -0.039503 0.024181 0.054372
v -0.038910 0.028651 0.054112
v -0.037929 0.029231 0.053254
v -0.037878 0.028071 0.052974
v -0.037930 0.032031 0.055200
v -0.038978 0.030651 0.054776
v -0.038240 0.031081 0.054494
v -0.041119 0.036971 0.055156
v -0.041213 0.036671 0.055097
v -0.041516 0.036651 0.055075
v -0.041534 0.036991 0.055031
v -0.041871 0.036661 0.055164
v -0.041849 0.037001 0.055050
v -0.041541 0.037291 0.055126
v 0.047144 0.043411 0.052340
v 0.048054 0.043551 0.051241
v 0.048097 0.043611 0.050944
v 0.047845 0.042081 0.050674
v 0.048062 0.042701 0.050619
v 0.047794 0.043631 0.050625
v 0.046966 0.043021 0.050612
v 0.047815 0.044751 0.052119
v 0.047800 0.044821 0.051819
v 0.044696 0.039861 0.052216
v 0.042826 0.038761 0.050450
v 0.038233 0.031731 0.051002
v 0.035476 0.033071 0.052874
v 0.036670 0.035961 0.050769
v 0.030585 0.027231 0.050790
v 0.031970 0.028951 0.051000
v 0.029247 0.025681 0.051805
v 0.025170 0.025091 0.050617
v 0.025920 0.038911 0.052399
v 0.021903 0.034731 0.051670
v 0.023690 0.035701 0.052430
v 0.020318 0.027631 0.051184
v 0.016401 0.028441 0.052380
v 0.014908 0.027661 0.052753
v 0.010371 0.016371 0.052302
v 0.011079 0.022261 0.052623
v 0.011089 0.022601 0.052072
v 0.011483 0.023581 0.052414
v 0.011188 0.024711 0.050716
v 0.010963 0.023701 0.050697
v 0.007822 0.013001 0.052744
v 0.009083 0.015421 0.052702
v 0.009444 0.015401 0.051940
v 0.009158 0.014821 0.051895
v 0.008459 0.013591 0.051731
v 0.010009 0.015981 0.052659
v 0.009470 0.015741 0.052704
v 0.009696 0.015691 0.052139
v 0.009686 0.015601 0.051068
v 0.009039 0.025211 0.052421
v 0.008561 0.027001 0.052551
v 0.008019 0.027801 0.052353
v 0.008952 0.035931 0.051582
v 0.006002 0.011311 0.052182
v 0.006511 0.019391 0.052626
v 0.006734 0.020361 0.050715
v 0.007357 0.021041 0.050991
v 0.006203 0.028341 0.051382
v 0.004650 0.010731 0.052419
v 0.002647 0.011581 0.051462
v 0.001500 0.013641 0.050812
v 0.002175 0.038381 0.052907
v -0.001038 0.014061 0.052637
v -0.001662 0.013681 0.051590
v -0.000164 0.014041 0.051169
v -0.003187 0.013091 0.051270
v -0.002292 0.013321 0.052420
v -0.002221 0.013771 0.050569
v -0.003591 0.039801 0.051426
v -0.005716 0.012331 0.051071
v -0.006572 0.030271 0.051293
v -0.006411 0.041521 0.052212
v -0.007408 0.028381 0.051630
v -0.007851 0.042971 0.051228
v -0.009299 0.012121 0.052029
v -0.010098 0.011981 0.051430
v -0.011005 0.043281 0.052805
v -0.013084 0.041331 0.052120
v -0.012845 0.043231 0.051378
v -0.013571 0.042061 0.051019
v -0.013411 0.042391 0.050639
v -0.015960 0.009371 0.051555
v -0.014417 0.018331 0.051611
v -0.018725 0.009891 0.051829
v -0.020063 0.018111 0.051486
v -0.018481 0.019041 0.052355
v -0.024095 0.012091 0.051490
v -0.027184 0.013571 0.052771
v -0.031628 0.024791 0.051273
v -0.033967 0.014211 0.052746
v -0.035193 0.014181 0.051354
v -0.035239 0.015941 0.051937
v -0.035317 0.025301 0.050665
v -0.035884 0.027761 0.052367
v 0.046113 0.038501 0.050132
v 0.047774 0.041621 0.050289
v 0.047849 0.042401 0.049989
v 0.047350 0.042171 0.049962
v 0.044599 0.034601 0.048519
v 0.044623 0.036571 0.050088
v 0.044946 0.036401 0.049419
v 0.044549 0.036401 0.049056
v 0.044112 0.034901 0.049119
v 0.044392 0.035501 0.048819
v 0.044249 0.035801 0.048789
v 0.043928 0.035861 0.048806
v 0.044249 0.035611 0.048519
v 0.046049 0.038451 0.049419
v 0.045149 0.037301 0.049271
v 0.043049 0.034601 0.048123
v 0.042550 0.035791 0.048855
v 0.042346 0.036461 0.048966
v 0.041729 0.036601 0.049217
v 0.042171 0.034831 0.048516
v 0.041436 0.035341 0.048421
v 0.043596 0.035481 0.048501
v 0.043321 0.035081 0.048213
v 0.043571 0.038151 0.049395
v 0.040792 0.035841 0.048740
v 0.036969 0.029621 0.049426
v 0.032757 0.028111 0.049189
v 0.034071 0.032461 0.048387
v 0.030383 0.033621 0.049367
v 0.027378 0.024711 0.049516
v 0.027796 0.031491 0.047824
v 0.014549 0.028471 0.048981
v 0.010436 0.017541 0.049157
v 0.011303 0.020811 0.050478
v 0.010003 0.024791 0.049211
v 0.010196 0.025301 0.049252
v 0.010258 0.025211 0.048748
v 0.010235 0.025931 0.048976
v 0.010266 0.025531 0.048251
v 0.012398 0.027931 0.048585
v 0.009741 0.027341 0.048771
v 0.006161 0.011141 0.049205
v 0.005782 0.011151 0.048904
v 0.006160 0.020211 0.050403
v 0.007515 0.021001 0.048695
v 0.006213 0.021321 0.048501
v 0.005118 0.022121 0.049157
v 0.004722 0.024041 0.048999
v 0.004484 0.027641 0.050834
v 0.005144 0.027251 0.049316
v 0.002650 0.014131 0.048371
v 0.001892 0.014501 0.048006
v 0.000739 0.015961 0.047975
v -0.000068 0.014511 0.049597
v -0.001321 0.014841 0.049554
v -0.001668 0.015591 0.048833
v -0.000114 0.015661 0.048858
v -0.000513 0.016201 0.048543
v 0.000130 0.016311 0.048205
v -0.000462 0.016431 0.048187
v -0.001324 0.016161 0.048210
v -0.002495 0.014261 0.049747
v -0.003155 0.013901 0.049758
v -0.002827 0.014521 0.049060
v -0.003703 0.013861 0.049127
v -0.003310 0.014241 0.048482
v -0.004066 0.013481 0.048271
v -0.001992 0.015661 0.048235
v -0.004579 0.013111 0.050032
v -0.006406 0.012411 0.049648
v -0.005396 0.012821 0.049342
v -0.006668 0.011651 0.048655
v -0.006717 0.028731 0.049705
v -0.006607 0.029801 0.048975
v -0.006269 0.030601 0.050212
v -0.006913 0.033091 0.049460
v -0.005101 0.041671 0.049435
v -0.008215 0.034791 0.048270
v -0.009506 0.010891 0.049888
v -0.009866 0.014901 0.047907
v -0.011291 0.016331 0.048495
v -0.009177 0.036421 0.047883
v -0.011656 0.009131 0.049419
v -0.011759 0.019101 0.050347
v -0.012270 0.040731 0.049849
v -0.012782 0.041421 0.049391
v -0.012693 0.041761 0.049031
v -0.014019 0.014951 0.049707
v -0.016037 0.013131 0.048446
v -0.017233 0.014801 0.049828
v -0.022065 0.016621 0.048498
v -0.029454 0.022301 0.049720
v -0.032887 0.012241 0.049582
v -0.030811 0.011991 0.048737
v -0.035470 0.014671 0.050252
v -0.035212 0.017741 0.048326
v -0.035504 0.018861 0.049649
v -0.035391 0.012801 0.048887
v 0.044613 0.034601 0.047919
v 0.043949 0.034081 0.047919
v 0.044603 0.034901 0.047919
v 0.043949 0.034901 0.047546
v 0.041849 0.033101 0.047462
v 0.041205 0.031901 0.047619
v 0.040006 0.032211 0.046636
v 0.039753 0.034611 0.047366
v 0.039862 0.033421 0.046963
v 0.039981 0.034051 0.047071
v 0.039831 0.034371 0.047073
v 0.038823 0.034061 0.046905
v 0.039692 0.033991 0.046728
v 0.039449 0.034201 0.046719
v 0.039512 0.033371 0.046322
v 0.039605 0.033701 0.046427
v 0.039530 0.033991 0.046397
v 0.039476 0.033701 0.045813
v 0.039159 0.034001 0.045819
v 0.032165 0.027141 0.047747
v 0.033441 0.027281 0.045881
v 0.031288 0.031041 0.046646
v 0.020359 0.026341 0.047133
v 0.015938 0.028341 0.048048
v 0.015680 0.028661 0.045872
v 0.010026 0.013991 0.046396
v 0.010241 0.026761 0.047562
v 0.011174 0.025961 0.047170
v 0.011533 0.027571 0.047325
v 0.012585 0.028661 0.046997
v 0.012063 0.028201 0.045761
v 0.008033 0.011801 0.046419
v 0.009354 0.014881 0.047658
v 0.008144 0.021311 0.046845
v 0.009368 0.022551 0.046572
v 0.008786 0.021661 0.046388
v 0.009102 0.027621 0.046191
v 0.009671 0.027651 0.047845
v 0.008222 0.028421 0.047796
v 0.008247 0.027981 0.046477
v 0.006474 0.011801 0.047593
v 0.005886 0.012141 0.047782
v 0.006983 0.011871 0.047420
v 0.007650 0.012381 0.047019
v 0.007350 0.012071 0.046719
v 0.006712 0.012161 0.046748
v 0.006063 0.012571 0.046732
v 0.006300 0.012361 0.046382
v 0.005812 0.012621 0.046376
v 0.007071 0.011951 0.046110
v 0.006123 0.012011 0.045838
v 0.005317 0.012401 0.045810
v 0.007302 0.028181 0.047139
v 0.007703 0.027671 0.046041
v 0.004752 0.013531 0.047414
v 0.004382 0.013611 0.046152
v 0.004950 0.036941 0.047527
v 0.001305 0.015071 0.047966
v 0.002591 0.014361 0.047288
v 0.001614 0.015111 0.047268
v 0.001482 0.015141 0.046394
v 0.000787 0.016081 0.047564
v -0.001733 0.015421 0.047008
v 0.000423 0.015431 0.046121
v -0.001599 0.014621 0.046118
v 0.000440 0.016351 0.047628
v 0.000094 0.016471 0.047651
v -0.000987 0.016331 0.047627
v -0.001633 0.015941 0.047619
v 0.000487 0.016221 0.047262
v 0.000105 0.016341 0.047299
v -0.001012 0.015931 0.046972
v -0.002281 0.015291 0.047650
v -0.003452 0.013741 0.047565
v -0.002606 0.013301 0.045765
v -0.005445 0.010451 0.046131
v -0.004814 0.012571 0.047959
v -0.005451 0.042291 0.046720
v -0.007425 0.009811 0.047416
v -0.008246 0.014481 0.046345
v -0.008600 0.016061 0.046244
v -0.008421 0.025611 0.047417
v -0.008089 0.028941 0.046992
v -0.007728 0.032081 0.047164
v -0.008214 0.029761 0.045626
v -0.007822 0.033361 0.047357
v -0.007868 0.033411 0.046337
v -0.007808 0.032431 0.046105
v -0.008531 0.035311 0.047587
v -0.008400 0.035451 0.046820
v -0.009075 0.008931 0.047417
v -0.010235 0.013121 0.047557
v -0.010845 0.011811 0.046068
v -0.010065 0.017371 0.046982
v -0.010129 0.020581 0.046823
v -0.009366 0.023041 0.047932
v -0.010847 0.041471 0.045923
v -0.011580 0.039701 0.047609
v -0.011133 0.039751 0.046100
v -0.011525 0.040551 0.046185
v -0.015688 0.006681 0.047107
v -0.015172 0.006181 0.045865
v -0.015744 0.006351 0.045786
v -0.017022 0.006771 0.047078
v -0.018359 0.007351 0.045937
v -0.020310 0.008051 0.047503
v -0.020598 0.008501 0.045790
v -0.019694 0.013531 0.047574
v -0.024508 0.010651 0.047588
v -0.032328 0.020071 0.046293
v -0.032028 0.021431 0.047608
v -0.034489 0.012241 0.047420
v -0.035247 0.012751 0.046458
v -0.034004 0.012781 0.045759
v -0.033753 0.020041 0.046758
v -0.034597 0.018911 0.046724
v -0.033769 0.019301 0.046068
v -0.033714 0.021661 0.047827
v -0.034536 0.020591 0.047813
v -0.036100 0.013451 0.047737
v -0.036078 0.014571 0.045856
v -0.036056 0.016021 0.046823
v 0.039142 0.030101 0.045519
v 0.039264 0.033361 0.044975
v 0.039143 0.033681 0.044789
v 0.038955 0.032971 0.044587
v 0.039103 0.033381 0.044553
v 0.037819 0.029541 0.044082
v 0.036682 0.028401 0.044276
v 0.038718 0.032041 0.045280
v 0.037502 0.030601 0.043776
v 0.038790 0.033661 0.044668
v 0.038823 0.033461 0.044322
v 0.038195 0.033171 0.043968
v 0.038224 0.032751 0.043709
v 0.033384 0.030931 0.045241
v 0.031869 0.025831 0.043593
v 0.024679 0.023361 0.043471
v 0.013022 0.007951 0.043952
v 0.012735 0.007261 0.043420
v 0.012504 0.009901 0.044890
v 0.013654 0.008501 0.043398
v 0.013082 0.027251 0.043305
v 0.013127 0.028661 0.044958
v 0.014106 0.028151 0.043699
v 0.013660 0.032531 0.043064
v 0.012064 0.007991 0.044317
v 0.012096 0.007081 0.043195
v 0.012502 0.013601 0.043577
v 0.010996 0.016421 0.045467
v 0.011087 0.022011 0.045555
v 0.011633 0.026361 0.044950
v 0.010127 0.026161 0.045098
v 0.009750 0.009681 0.045519
v 0.008754 0.010241 0.044807
v 0.009923 0.008711 0.044483
v 0.007991 0.011451 0.044638
v 0.008314 0.011231 0.043995
v 0.007928 0.011531 0.044042
v 0.007894 0.021701 0.045231
v 0.008255 0.021861 0.044713
v 0.007959 0.022001 0.044390
v 0.008573 0.022281 0.044096
v 0.008240 0.022161 0.044037
v 0.007943 0.022231 0.044042
v 0.008261 0.022921 0.043486
v 0.009727 0.024711 0.045498
v 0.009620 0.023511 0.044384
v 0.009559 0.024421 0.044338
v 0.009350 0.022851 0.044444
v 0.009122 0.023181 0.043744
v 0.009136 0.023861 0.043638
v 0.008681 0.024151 0.043441
v 0.007967 0.024161 0.043417
v 0.008795 0.027501 0.045536
v 0.010006 0.026821 0.045059
v 0.009409 0.027231 0.045033
v 0.009926 0.025831 0.044634
v 0.009691 0.025261 0.044620
v 0.009861 0.026201 0.044350
v 0.009406 0.026851 0.044336
v 0.008285 0.026961 0.044436
v 0.009381 0.025301 0.044044
v 0.009369 0.026161 0.043927
v 0.008259 0.026481 0.043907
v 0.008873 0.025261 0.043659
v 0.008282 0.025801 0.043596
v 0.007458 0.003201 0.043885
v 0.006297 0.002621 0.043339
v 0.006588 0.008791 0.044335
v 0.007741 0.011391 0.045508
v 0.006728 0.011771 0.045467
v 0.005831 0.011631 0.045516
v 0.007374 0.011701 0.045208
v 0.005617 0.010851 0.045108
v 0.006775 0.011101 0.044815
v 0.007628 0.011361 0.044027
v 0.007622 0.022051 0.044735
v 0.007404 0.022651 0.044362
v 0.006471 0.024701 0.045087
v 0.007623 0.023601 0.043654
v 0.007079 0.026671 0.045057
v 0.007396 0.025781 0.043959
v 0.004753 0.008751 0.044125
v 0.004989 0.011471 0.045246
v 0.004371 0.012871 0.045452
v 0.003271 0.013071 0.044581
v 0.001050 0.015151 0.045519
v 0.001921 0.014851 0.045202
v 0.002635 0.014201 0.045062
v 0.001350 0.015401 0.044720
v 0.002274 0.014791 0.044595
v 0.001956 0.015381 0.044530
v 0.002823 0.013681 0.044293
v 0.002158 0.015381 0.044317
v 0.002486 0.014491 0.044044
v 0.002342 0.015081 0.044041
v 0.002499 0.014181 0.043655
v 0.002215 0.015921 0.044068
v 0.001648 0.016001 0.044174
v 0.001039 0.015701 0.044043
v 0.002366 0.015931 0.043718
v 0.002270 0.016281 0.043658
v 0.001940 0.016501 0.043723
v 0.001625 0.016421 0.043725
v 0.002314 0.015931 0.043416
v 0.001931 0.016581 0.043381
v 0.001620 0.016551 0.043381
v 0.001262 0.016321 0.043368
v 0.000434 0.015101 0.045518
v -0.000441 0.014871 0.045572
v -0.001043 0.014351 0.045240
v 0.000394 0.015011 0.044877
v -0.000826 0.014261 0.044343
v -0.002138 0.013051 0.043802
v -0.004315 0.010661 0.043994
v -0.008709 0.008241 0.044788
v -0.007294 0.008411 0.044480
v -0.008299 0.008421 0.043700
v -0.009099 0.008211 0.043728
v -0.008695 0.012721 0.044866
v -0.007983 0.015511 0.044860
v -0.007927 0.014181 0.044269
v -0.008251 0.037851 0.043431
v -0.011222 0.006961 0.044476
v -0.010056 0.022631 0.043678
v -0.009462 0.024531 0.045694
v -0.009063 0.025771 0.043096
v -0.012741 0.006351 0.045073
v -0.012769 0.006361 0.044330
v -0.011783 0.007101 0.043764
v -0.013269 0.006921 0.043778
v -0.013223 0.011041 0.044862
v -0.013930 0.006191 0.045690
v -0.013972 0.006071 0.044962
v -0.014175 0.006511 0.044361
v -0.014866 0.010431 0.044173
v -0.014870 0.008991 0.043267
v -0.015175 0.009731 0.043403
v -0.017053 0.010691 0.044429
v -0.017235 0.009071 0.043739
v -0.017102 0.009671 0.043480
v -0.017296 0.010001 0.043569
v -0.017641 0.009701 0.043425
v -0.021289 0.010641 0.043872
v -0.019003 0.009351 0.043345
v -0.019675 0.009351 0.043595
v -0.020540 0.011911 0.044087
v -0.020550 0.011061 0.043419
v -0.026265 0.017391 0.045130
v -0.029908 0.018091 0.044266
v -0.031950 0.017581 0.043450
v -0.034833 0.014831 0.044328
v -0.034890 0.017401 0.044986
v -0.033653 0.018131 0.044474
v 0.036861 0.032431 0.043274
v 0.037082 0.031861 0.042878
v 0.037086 0.032221 0.042861
v 0.036738 0.031871 0.042652
v 0.035945 0.028261 0.042789
v 0.035896 0.029661 0.042327
v 0.035259 0.028901 0.041619
v 0.036464 0.031011 0.042791
v 0.036422 0.031571 0.042605
v 0.036391 0.031851 0.042616
v 0.035630 0.031011 0.042552
v 0.035539 0.031281 0.042589
v 0.034755 0.031061 0.042843
v 0.035264 0.030901 0.042519
v 0.034932 0.030591 0.042332
v 0.032430 0.026051 0.042800
v 0.031912 0.026271 0.042143
v 0.031898 0.026871 0.041594
v 0.033199 0.029961 0.041357
v 0.032533 0.029911 0.041478
v 0.032810 0.027691 0.041028
v 0.030328 0.024991 0.042894
v 0.031634 0.025611 0.042880
v 0.031616 0.025741 0.042529
v 0.030849 0.025711 0.042107
v 0.031081 0.029331 0.041183
v 0.029143 0.025031 0.041187
v 0.024831 0.022561 0.041913
v 0.023649 0.022331 0.041647
v 0.022204 0.023611 0.042743
v 0.017125 0.026761 0.042840
v 0.013329 0.007391 0.043090
v 0.012748 0.006831 0.042548
v 0.013864 0.007631 0.042226
v 0.013325 0.006971 0.042219
v 0.012749 0.006711 0.041902
v 0.013341 0.007011 0.041313
v 0.013976 0.008271 0.040995
v 0.012731 0.006831 0.041043
v 0.013547 0.009971 0.043178
v 0.013954 0.008571 0.042444
v 0.014208 0.025561 0.041224
v 0.010630 -0.004209 0.041303
v 0.010268 -0.002349 0.042683
v 0.010604 -0.003469 0.042073
v 0.011504 -0.002799 0.041682
v 0.011766 -0.002189 0.041316
v 0.011573 -0.003479 0.041017
v 0.010700 0.000241 0.042691
v 0.011369 0.000941 0.041292
v 0.010570 0.007981 0.042777
v 0.011530 0.007041 0.042541
v 0.012170 0.006741 0.042244
v 0.012158 0.006771 0.041633
v 0.011813 0.007041 0.041479
v 0.012157 0.006941 0.041024
v 0.011801 0.007371 0.040829
v 0.010655 0.008981 0.040826
v 0.010650 0.013561 0.041019
v 0.010350 0.014931 0.041019
v 0.012553 0.022901 0.041630
v 0.010675 0.034101 0.043279
v 0.011776 0.033171 0.041323
v 0.009212 -0.004009 0.041574
v 0.008552 -0.003849 0.041019
v 0.009056 -0.002829 0.042440
v 0.008005 -0.002849 0.041645
v 0.009780 0.009271 0.043063
v 0.008030 0.010111 0.043089
v 0.009759 0.009811 0.042123
v 0.008883 0.009231 0.041300
v 0.008550 0.010991 0.042819
v 0.008245 0.011011 0.042865
v 0.008850 0.011051 0.042219
v 0.008393 0.010901 0.042219
v 0.008850 0.011501 0.041665
v 0.009422 0.012081 0.040852
v 0.009450 0.012401 0.040792
v 0.009462 0.012711 0.040934
v 0.009150 0.012101 0.040896
v 0.009163 0.013001 0.040868
v 0.010064 0.014201 0.041687
v 0.009769 0.013891 0.041792
v 0.009750 0.014501 0.041715
v 0.009455 0.013571 0.041671
v 0.009470 0.013911 0.041785
v 0.009769 0.013301 0.041450
v 0.009293 0.013891 0.041567
v 0.009589 0.014491 0.041287
v 0.009290 0.013951 0.041246
v 0.005494 0.003131 0.042743
v 0.006504 0.036341 0.041947
v 0.003155 0.010551 0.043175
v 0.003036 0.009441 0.041100
v 0.001605 0.016531 0.043043
v 0.001936 0.016301 0.042858
v 0.001964 0.015851 0.042514
v 0.001666 0.016351 0.042554
v 0.001637 0.016201 0.042219
v 0.001311 0.016341 0.042180
v 0.001389 0.016251 0.041626
v 0.001041 0.016311 0.041564
v 0.001856 0.015451 0.041349
v 0.001346 0.016391 0.041029
v 0.001058 0.016481 0.040999
v 0.000761 0.016411 0.041021
v -0.000500 0.014951 0.042611
v -0.001063 0.015451 0.040908
v 0.000486 0.016041 0.042001
v 0.000181 0.016171 0.041041
v -0.000470 0.040641 0.043089
v -0.001735 0.041501 0.041883
v -0.003495 0.012241 0.042435
v -0.005264 0.010691 0.042915
v -0.006600 0.009451 0.043002
v -0.004998 0.012661 0.041880
v -0.005668 0.013261 0.041347
v -0.007293 0.010781 0.042128
v -0.008412 0.011681 0.041445
v -0.008464 0.013011 0.041585
v -0.008352 0.012411 0.041321
v -0.006793 0.013051 0.040819
v -0.007656 0.012681 0.040970
v -0.007966 0.013001 0.040968
v -0.008443 0.013291 0.042360
v -0.008064 0.014521 0.041679
v -0.006894 0.035601 0.041504
v -0.010994 0.009341 0.042316
v -0.011179 0.010101 0.042085
v -0.010396 0.011451 0.043314
v -0.009616 0.011881 0.042555
v -0.010736 0.011071 0.042591
v -0.009206 0.011781 0.041744
v -0.013041 0.010051 0.043083
v -0.012817 0.009361 0.042764
v -0.018916 0.009951 0.043052
v -0.019038 0.010351 0.043183
v -0.019664 0.010021 0.043088
v -0.026870 0.014331 0.043315
v -0.028350 0.016301 0.042948
v -0.030683 0.016581 0.042799
v -0.032191 0.015591 0.042983
v -0.033135 0.016861 0.043223
v 0.033149 0.028901 0.040628
v 0.030335 0.027581 0.040757
v 0.030231 0.028271 0.040313
v 0.030057 0.028671 0.040388
v 0.029538 0.028311 0.040130
v 0.028063 0.025601 0.039821
v 0.028352 0.027351 0.039334
v 0.027647 0.026131 0.038629
v 0.027751 0.027361 0.038637
v 0.029270 0.028581 0.040311
v 0.029033 0.028751 0.040678
v 0.029276 0.027541 0.040189
v 0.029217 0.028001 0.039968
v 0.028964 0.028301 0.039953
v 0.028170 0.027981 0.039271
v 0.027431 0.027681 0.038608
v 0.026121 0.028001 0.038959
v 0.024087 0.021641 0.040787
v 0.023231 0.021461 0.040735
v 0.022673 0.021091 0.040106
v 0.024702 0.022081 0.039851
v 0.022243 0.021151 0.039542
v 0.021685 0.021601 0.040353
v 0.022098 0.021181 0.040141
v 0.021669 0.021121 0.039833
v 0.021100 0.021351 0.039806
v 0.020111 0.022111 0.039898
v 0.021754 0.021091 0.039525
v 0.021135 0.021211 0.039519
v 0.021942 0.021551 0.039110
v 0.021099 0.021331 0.039205
v 0.019963 0.021861 0.038915
v 0.020826 0.022531 0.038488
v 0.019709 0.021851 0.039229
v 0.017890 0.022761 0.039045
v 0.018454 0.022431 0.038598
v 0.016411 0.023691 0.038740
v 0.015100 0.025591 0.040798
v 0.016709 0.029281 0.038645
v 0.013338 0.007691 0.040251
v 0.013027 0.007291 0.040404
v 0.012741 0.007651 0.040003
v 0.013856 0.010541 0.040750
v 0.013548 0.009051 0.039850
v 0.013640 0.010301 0.039251
v 0.013039 0.009331 0.039349
v 0.013062 0.010321 0.038736
v 0.010954 -0.004239 0.040708
v 0.010304 -0.004449 0.040700
v 0.011352 -0.003779 0.040141
v 0.010898 -0.004159 0.040119
v 0.010909 -0.003759 0.039513
v 0.011596 -0.002659 0.039869
v 0.010859 -0.002989 0.039027
v 0.011195 0.001401 0.039845
v 0.010194 0.001751 0.038661
v 0.012459 0.007041 0.040648
v 0.012150 0.007121 0.040708
v 0.011562 0.008211 0.040165
v 0.012173 0.007601 0.040160
v 0.012161 0.008281 0.039729
v 0.011331 0.009261 0.039751
v 0.012467 0.010051 0.038844
v 0.010605 0.012401 0.039519
v 0.010973 0.011911 0.038920
v 0.010662 0.014481 0.040238
v 0.010350 0.014871 0.039219
v 0.010677 0.013821 0.038708
v 0.009131 -0.004199 0.040421
v 0.009784 -0.004139 0.039572
v 0.007890 -0.003119 0.040421
v 0.008583 -0.003189 0.039313
v 0.009744 -0.003409 0.038835
v 0.008374 -0.001669 0.038685
v 0.009304 0.007521 0.040033
v 0.008756 0.010321 0.039846
v 0.009981 0.012721 0.040718
v 0.009735 0.011991 0.040678
v 0.009096 0.012401 0.040719
v 0.008749 0.010861 0.040760
v 0.008903 0.012101 0.040419
v 0.008636 0.012101 0.038919
v 0.009147 0.013331 0.040619
v 0.010050 0.014921 0.040119
v 0.008642 0.035871 0.039143
v 0.007373 -0.001659 0.039516
v 0.006338 -0.000279 0.040704
v 0.003410 0.038811 0.039482
v 0.001818 0.015831 0.040749
v 0.000933 0.016861 0.040510
v 0.001356 0.016941 0.040401
v 0.001037 0.017871 0.040063
v 0.002198 0.015821 0.039846
v 0.002291 0.017821 0.039190
v 0.000760 0.019531 0.039467
v 0.001441 0.019721 0.038451
v 0.000394 0.017491 0.040136
v -0.001215 0.016601 0.039831
v -0.001367 0.017531 0.039561
v 0.000078 0.018961 0.039920
v -0.000771 0.019911 0.039401
v -0.001678 0.018961 0.039336
v -0.000131 0.020221 0.039218
v 0.000139 0.020561 0.038531
v -0.000502 0.020651 0.038572
v -0.002830 0.014031 0.040478
v -0.002800 0.016261 0.038742
v -0.004319 0.013651 0.040486
v -0.005272 0.014481 0.039976
v -0.006603 0.014451 0.039598
v -0.004304 0.015071 0.039144
v -0.006390 0.015241 0.038686
v -0.005533 0.041841 0.041504
v -0.006153 0.040571 0.039879
v -0.007351 0.013371 0.040508
v -0.007938 0.013981 0.040671
v -0.007675 0.013831 0.040320
v -0.007939 0.015151 0.039854
v -0.007299 0.015031 0.038953
v -0.008047 0.017311 0.040004
v -0.007667 0.016081 0.038914
v -0.007970 0.019031 0.038895
v -0.007413 0.018061 0.038697
v -0.009095 0.019331 0.041116
v -0.009350 0.019901 0.039519
v 0.026877 0.026811 0.037844
v 0.026135 0.025291 0.037962
v 0.026172 0.026171 0.037415
v 0.025789 0.026821 0.037421
v 0.024418 0.025241 0.037367
v 0.023657 0.025861 0.037058
v 0.017652 0.024641 0.037408
v 0.019789 0.026331 0.037030
v 0.019789 0.027141 0.037073
v 0.015539 0.022351 0.036721
v 0.016724 0.023341 0.038316
v 0.015551 0.023651 0.038255
v 0.016976 0.023471 0.037868
v 0.016309 0.023451 0.038014
v 0.017369 0.023751 0.037682
v 0.016384 0.023501 0.037655
v 0.015760 0.023331 0.037706
v 0.016944 0.024571 0.037187
v 0.016636 0.023781 0.037408
v 0.016068 0.023401 0.037434
v 0.015343 0.023001 0.037623
v 0.016052 0.023531 0.037100
v 0.015753 0.023111 0.037137
v 0.016279 0.024811 0.036527
v 0.015764 0.023031 0.036712
v 0.015844 0.023881 0.036698
v 0.015568 0.023111 0.036309
v 0.017458 0.026831 0.036782
v 0.016938 0.026731 0.036640
v 0.016994 0.027371 0.036661
v 0.015463 0.029441 0.037805
v 0.016675 0.028051 0.036989
v 0.015839 0.028561 0.036461
v 0.016207 0.027701 0.036197
v 0.013292 0.012191 0.037023
v 0.012320 0.012441 0.037075
v 0.010882 0.013641 0.037637
v 0.010459 0.014761 0.037258
v 0.010639 0.014771 0.036226
v 0.009617 -0.001559 0.038333
v 0.008013 0.006791 0.038300
v 0.007921 0.010471 0.038390
v 0.009150 0.014491 0.038019
v 0.009750 0.015291 0.037419
v 0.008723 0.014811 0.037394
v 0.010052 0.015271 0.037193
v 0.009167 0.015201 0.037100
v 0.007935 0.015411 0.036898
v 0.009718 0.015361 0.036824
v 0.009172 0.015401 0.036580
v 0.008824 0.015351 0.036835
v 0.008512 0.015671 0.036514
v 0.009136 0.015531 0.036169
v 0.008486 0.016061 0.035907
v 0.008826 0.035281 0.037484
v 0.005914 0.008661 0.037761
v 0.007669 0.014571 0.037238
v 0.007360 0.013571 0.037475
v 0.006923 0.015701 0.036956
v 0.006461 0.016691 0.036401
v 0.004434 0.008171 0.038493
v 0.004475 0.016061 0.037481
v 0.004303 0.017681 0.036780
v 0.001789 0.019541 0.036432
v -0.001598 0.020561 0.038045
v -0.001074 0.020881 0.037734
v 0.000504 0.020511 0.037439
v -0.001658 0.020981 0.037430
v -0.000962 0.021091 0.037173
v -0.000385 0.020941 0.036579
v -0.001547 0.021681 0.036219
v 0.000678 0.039441 0.036134
v -0.003440 0.017541 0.037745
v -0.002245 0.020121 0.038058
v -0.003082 0.018741 0.037958
v -0.003767 0.018981 0.037549
v -0.002005 0.020661 0.037715
v -0.003244 0.020471 0.037577
v -0.002543 0.021011 0.037405
v -0.003715 0.021891 0.037126
v -0.001999 0.021551 0.036839
v -0.002874 0.022531 0.036202
v -0.002391 0.040771 0.038059
v -0.005259 0.016221 0.037602
v -0.005767 0.017281 0.037334
v -0.005262 0.019271 0.037535
v -0.006289 0.018381 0.037777
v -0.006107 0.020311 0.037366
v -0.004630 0.022491 0.036172
v -0.005141 0.036161 0.037583
v -0.005024 0.038511 0.038368
v -0.006962 0.016061 0.038135
v -0.006765 0.016951 0.037907
v -0.006744 0.019311 0.037953
v -0.007950 0.019901 0.037914
v -0.008952 0.020231 0.037080
v -0.009082 0.020571 0.036162
v -0.010040 0.020571 0.037908
v -0.009838 0.021451 0.037186
v 0.015174 0.019711 0.035056
v 0.015205 0.020081 0.034418
v 0.016279 0.026741 0.035986
v 0.015144 0.025571 0.035345
v 0.015174 0.026871 0.034209
v 0.015206 0.029161 0.035641
v 0.015625 0.027701 0.034419
v 0.014478 0.017331 0.035156
v 0.014568 0.021581 0.034145
v 0.014028 0.025131 0.034750
v 0.014309 0.026441 0.034397
v 0.013806 0.025901 0.033669
v 0.012779 0.031071 0.034860
v 0.010344 0.015181 0.035975
v 0.010747 0.015011 0.035621
v 0.010334 0.015431 0.035257
v 0.011305 0.032531 0.033931
v 0.009775 0.015381 0.035969
v 0.009723 0.015481 0.035369
v 0.009396 0.015611 0.035318
v 0.008608 0.016711 0.034760
v 0.009884 0.016071 0.034174
v 0.010026 0.033621 0.035439
v 0.007096 0.017861 0.034464
v 0.005921 0.018091 0.034426
v 0.003059 0.018921 0.035876
v 0.004416 0.018741 0.034240
v 0.003724 0.019331 0.034148
v 0.004017 0.037681 0.034488
v 0.002164 0.019011 0.035304
v 0.002528 0.019101 0.034743
v 0.001580 0.018881 0.034654
v 0.000706 0.019321 0.034640
v 0.001934 0.018881 0.034355
v 0.002511 0.019401 0.033783
v -0.000591 0.020781 0.035177
v -0.001786 0.039381 0.035649
v -0.000759 0.039691 0.035679
v -0.002508 0.022581 0.035315
v -0.003218 0.022581 0.033722
v -0.003474 0.023051 0.035047
v -0.002408 0.038401 0.035754
v -0.006136 0.021991 0.033877
v -0.004727 0.022831 0.034366
v -0.005944 0.026921 0.034572
v -0.006666 0.021361 0.035591
v -0.007107 0.021531 0.033944
v -0.007664 0.021991 0.033612
v 0.014980 0.018201 0.033223
v 0.015498 0.027701 0.033410
v 0.014806 0.029331 0.033554
v 0.015489 0.027701 0.031419
v 0.013677 0.016451 0.032855
v 0.012494 0.016071 0.032986
v 0.014850 0.018931 0.031419
v 0.013633 0.023951 0.033298
v 0.014839 0.027001 0.033443
v 0.014552 0.026911 0.031429
v 0.010748 0.033081 0.033389
v 0.010041 0.017561 0.032075
v 0.010150 0.017801 0.031327
v 0.007935 0.019201 0.032807
v 0.009237 0.018151 0.032303
v 0.008561 0.034361 0.033375
v 0.006452 0.018921 0.033492
v 0.005613 0.019081 0.033235
v 0.005804 0.019641 0.032578
v 0.007232 0.020641 0.031720
v 0.005031 0.018741 0.033592
v 0.003721 0.019381 0.033191
v 0.003079 0.019571 0.033045
v 0.004081 0.019161 0.032954
v 0.004942 0.019231 0.032632
v 0.004279 0.019221 0.031981
v 0.003479 0.019251 0.032098
v 0.004691 0.019441 0.031718
v 0.001564 0.018721 0.033186
v 0.000800 0.018171 0.032695
v 0.001027 0.018481 0.032300
v 0.001357 0.018991 0.032084
v 0.001350 0.019111 0.031419
v 0.000936 0.038221 0.031211
v 0.000111 0.018071 0.032012
v 0.000168 0.018181 0.032738
v -0.000548 0.018451 0.032345
v 0.000440 0.018171 0.031978
v -0.000836 0.018481 0.031344
v 0.000388 0.038921 0.033568
v -0.000735 0.037831 0.033048
v -0.003642 0.035011 0.032591
v -0.006127 0.022031 0.032703
v -0.006221 0.022011 0.031983
v -0.005244 0.022031 0.031845
v -0.006659 0.022301 0.031727
v -0.006086 0.021851 0.031326
v -0.004782 0.033121 0.032917
v -0.007390 0.022721 0.033364
v -0.006757 0.022011 0.032572
v -0.006961 0.022561 0.032322
v -0.006766 0.022601 0.031737
v -0.006805 0.022961 0.032149
v 0.014896 0.019711 0.030955
v 0.015550 0.028601 0.030519
v 0.015352 0.029301 0.030496
v 0.015128 0.028251 0.030051
v 0.015641 0.028951 0.029836
v 0.015445 0.028691 0.029599
v 0.012735 0.017681 0.030459
v 0.014828 0.019001 0.030519
v 0.014313 0.021621 0.029659
v 0.013897 0.025841 0.030520
v 0.014305 0.027651 0.029696
v 0.014859 0.028401 0.029249
v 0.014205 0.027601 0.028880
v 0.010179 0.017891 0.030275
v 0.009521 0.018371 0.030623
v 0.008529 0.020011 0.030648
v 0.008418 0.034841 0.029377
v 0.005486 0.020511 0.030809
v 0.007634 0.020631 0.030024
v 0.006120 0.020721 0.029620
v 0.003779 0.019281 0.030483
v 0.002842 0.018971 0.030965
v 0.001666 0.018801 0.030257
v 0.001006 0.018941 0.029910
v 0.002165 0.038451 0.030933
v 0.000495 0.018771 0.031183
v -0.000422 0.018711 0.030818
v 0.000450 0.019091 0.030219
v -0.000779 0.019591 0.029321
v -0.003239 0.020131 0.030298
v -0.002055 0.019751 0.029610
v -0.003193 0.020521 0.031103
v -0.003947 0.031101 0.029326
v -0.003685 0.034281 0.029898
v -0.006619 0.022661 0.031155
v -0.006460 0.021991 0.030837
v -0.004885 0.021181 0.030364
v -0.006093 0.021311 0.029659
v -0.006441 0.021731 0.029657
v -0.004889 0.020861 0.029331
v 0.015715 0.019011 0.028770
v 0.015823 0.019691 0.028385
v 0.016265 0.019671 0.027146
v 0.016438 0.019321 0.026963
v 0.016134 0.018951 0.026720
v 0.016349 0.019951 0.026543
v 0.015859 0.029191 0.028560
v 0.015466 0.028851 0.028688
v 0.015924 0.030111 0.028203
v 0.014782 0.031161 0.028382
v 0.013347 0.017801 0.027068
v 0.014342 0.027291 0.026657
v 0.014150 0.025311 0.026879
v 0.014880 0.028221 0.026729
v 0.008935 0.018701 0.027256
v 0.007988 0.036121 0.026964
v 0.007037 0.036541 0.027181
v 0.006486 0.036591 0.026560
v 0.003559 0.019291 0.028280
v 0.003006 0.031421 0.028508
v 0.004258 0.031601 0.028119
v 0.003993 0.030711 0.028009
v 0.004539 0.030981 0.027512
v 0.004165 0.030331 0.027504
v 0.004326 0.030341 0.027128
v 0.004309 0.031651 0.027173
v 0.004419 0.030751 0.026780
v 0.003450 0.032551 0.028119
v 0.005163 0.037211 0.028595
v 0.001354 0.017751 0.028373
v 0.002044 0.017861 0.028191
v 0.002295 0.017841 0.026571
v 0.000509 0.017611 0.026744
v 0.000734 0.018531 0.028700
v 0.002590 0.029281 0.027584
v 0.000876 0.028661 0.027301
v 0.002877 0.028861 0.026839
v 0.002496 0.032181 0.028208
v 0.000828 0.030651 0.027529
v 0.002519 0.032821 0.027792
v 0.002812 0.033051 0.027105
v 0.001439 0.033001 0.026953
v 0.000706 0.033371 0.026560
v 0.001823 0.037731 0.027629
v -0.000124 0.019351 0.028771
v -0.001108 0.020421 0.028154
v -0.000460 0.019441 0.027617
v 0.000477 0.029321 0.027447
v -0.000610 0.029741 0.026897
v 0.000141 0.028121 0.026627
v -0.000720 0.032211 0.027472
v -0.001630 0.031561 0.027637
v 0.000480 0.031151 0.027196
v 0.000179 0.030131 0.027344
v 0.000151 0.030701 0.027247
v -0.000172 0.030361 0.027247
v -0.000477 0.030771 0.027317
v 0.000426 0.031971 0.026965
v 0.000122 0.031331 0.027158
v 0.000121 0.032201 0.027031
v -0.001297 0.030411 0.027159
v -0.001625 0.032501 0.027429
v 0.000116 0.033281 0.026727
v -0.000715 0.033931 0.026600
v -0.001372 0.036511 0.029026
v 0.000201 0.037251 0.027812
v -0.002201 0.020941 0.028456
v -0.002579 0.021411 0.028245
v -0.003141 0.021101 0.028320
v -0.003135 0.021961 0.028163
v -0.002325 0.021691 0.028112
v -0.002856 0.022551 0.027942
v -0.003476 0.022301 0.028023
v -0.004038 0.021701 0.028076
v -0.004308 0.022031 0.027803
v -0.004014 0.022621 0.027498
v -0.002306 0.022431 0.027554
v -0.003146 0.023001 0.027495
v -0.003494 0.023131 0.027154
v -0.002561 0.022801 0.026802
v -0.003183 0.023221 0.026605
v -0.004072 0.023091 0.026670
v -0.003874 0.026821 0.026314
v -0.003038 0.030891 0.028060
v -0.002815 0.031921 0.028017
v -0.002272 0.031321 0.027747
v -0.002226 0.031921 0.027729
v -0.002111 0.030561 0.027424
v -0.002193 0.032721 0.027505
v -0.002221 0.033931 0.027474
v -0.001829 0.035511 0.027835
v -0.004558 0.020971 0.028697
v -0.005825 0.021121 0.028752
v -0.006133 0.021431 0.028706
v -0.006229 0.022191 0.028945
v -0.005502 0.021151 0.028453
v -0.005825 0.021301 0.028408
v -0.005199 0.021721 0.027857
v -0.005811 0.022031 0.028102
v -0.004631 0.022601 0.027185
v -0.005345 0.023741 0.027858
v -0.004978 0.022881 0.027129
v -0.004647 0.023201 0.026607
v -0.004863 0.023481 0.026656
v 0.017791 0.020811 0.024004
v 0.016676 0.019611 0.026333
v 0.016528 0.020321 0.025857
v 0.016967 0.019641 0.025519
v 0.016934 0.019931 0.025708
v 0.015544 0.021401 0.025879
v 0.016577 0.022321 0.024128
v 0.015915 0.023131 0.024563
v 0.015459 0.023601 0.024453
v 0.016176 0.029761 0.025809
v 0.015993 0.029401 0.025963
v 0.015445 0.028461 0.024575
v 0.013724 0.018351 0.024204
v 0.014261 0.024641 0.026457
v 0.014123 0.025121 0.026014
v 0.014716 0.023971 0.025764
v 0.014259 0.024401 0.024610
v 0.014151 0.027021 0.026276
v 0.014240 0.027421 0.026272
v 0.014009 0.027641 0.025357
v 0.013617 0.026731 0.025334
v 0.013783 0.027341 0.024650
v 0.014703 0.028001 0.025922
v 0.014856 0.028151 0.024516
v 0.011968 0.033791 0.025579
v 0.010782 0.035581 0.024605
v 0.008233 0.036361 0.025979
v 0.008287 0.036271 0.025063
v 0.009901 0.036221 0.024762
v 0.009686 0.036381 0.024245
v 0.007626 0.036391 0.025883
v 0.007157 0.036011 0.025137
v 0.003433 0.017291 0.024080
v 0.004658 0.019231 0.025918
v 0.003200 0.029571 0.024881
v 0.004710 0.036491 0.024991
v 0.001145 0.017171 0.026372
v 0.000792 0.017201 0.026021
v 0.001739 0.017161 0.025368
v 0.001386 0.017111 0.025056
v 0.000750 0.027621 0.026333
v 0.001048 0.027401 0.025708
v 0.001279 0.027581 0.024766
v 0.001654 0.027831 0.026359
v 0.001969 0.027801 0.025401
v 0.001707 0.033671 0.026404
v 0.001953 0.033661 0.025977
v 0.001101 0.034221 0.026030
v 0.001478 0.034481 0.025321
v 0.000764 0.034841 0.025811
v 0.000684 0.035721 0.025867
v 0.002456 0.036471 0.025200
v 0.001754 0.035341 0.024878
v 0.000370 0.017911 0.025656
v -0.000835 0.019481 0.024715
v 0.000459 0.027481 0.025085
v -0.001661 0.027741 0.024251
v -0.001361 0.029711 0.026297
v -0.001675 0.029681 0.026355
v 0.000108 0.027741 0.025926
v -0.000865 0.029121 0.025991
v -0.001656 0.029541 0.026004
v -0.001896 0.028821 0.025086
v -0.001315 0.029171 0.024895
v -0.001681 0.029201 0.024819
v -0.000521 0.028061 0.024561
v -0.001038 0.028281 0.024279
v -0.001334 0.028841 0.024511
v -0.001650 0.028841 0.024519
v -0.000134 0.027761 0.024278
v -0.000682 0.027981 0.024184
v -0.001048 0.027961 0.024026
v -0.001351 0.028031 0.024137
v -0.004023 0.023251 0.026027
v -0.003437 0.023021 0.025175
v -0.003948 0.023431 0.024463
v -0.003995 0.023881 0.024301
v -0.002238 0.027451 0.024866
v -0.002039 0.029141 0.026235
v -0.004515 0.023771 0.025760
v -0.004480 0.024421 0.025782
v 0.018022 0.020441 0.023421
v 0.017559 0.022491 0.022971
v 0.018627 0.021101 0.022523
v 0.018417 0.022481 0.022144
v 0.018117 0.022701 0.022137
v 0.018482 0.022621 0.021674
v 0.017121 0.019551 0.022916
v 0.015723 0.019201 0.022371
v 0.017198 0.022221 0.023558
v 0.016350 0.022751 0.023619
v 0.016950 0.022531 0.023319
v 0.016682 0.022441 0.022944
v 0.017286 0.022521 0.022654
v 0.016293 0.022361 0.022201
v 0.015717 0.028371 0.023011
v 0.016328 0.029161 0.022873
v 0.015676 0.030481 0.023047
v 0.012826 0.018961 0.022146
v 0.014584 0.027871 0.023568
v 0.010727 0.017621 0.024336
v 0.012408 0.018161 0.023574
v 0.011680 0.018101 0.022976
v 0.010394 0.036131 0.023882
v 0.011845 0.034711 0.023442
v 0.011302 0.035131 0.022329
v 0.008567 0.018221 0.024306
v 0.008617 0.035641 0.023830
v 0.009459 0.036041 0.023540
v 0.010140 0.035831 0.022882
v 0.005587 0.017931 0.023382
v 0.007280 0.017981 0.022878
v 0.006326 0.017761 0.022381
v 0.007115 0.017801 0.021765
v 0.004691 0.017731 0.023633
v 0.004323 0.017381 0.022753
v 0.004229 0.017721 0.022097
v 0.003137 0.033071 0.022555
v 0.001202 0.017541 0.023998
v 0.002561 0.016911 0.023674
v 0.001964 0.017221 0.023310
v 0.002902 0.017121 0.022995
v 0.001605 0.017861 0.023023
v 0.002556 0.017581 0.022638
v 0.000726 0.019261 0.023031
v 0.001702 0.018971 0.022258
v 0.000762 0.027881 0.023660
v 0.001384 0.028351 0.023376
v 0.002589 0.030631 0.022421
v 0.002861 0.032431 0.024169
v -0.000726 0.027461 0.023366
v -0.001427 0.027161 0.023399
v -0.000982 0.026951 0.022403
v 0.000203 0.027721 0.023960
v -0.000150 0.027701 0.023785
v -0.000449 0.027761 0.023938
v 0.000390 0.027791 0.023274
v -0.003081 0.021961 0.023282
v 0.018516 0.019801 0.020501
v 0.017478 0.019801 0.019821
v 0.019297 0.020281 0.019825
v 0.018773 0.019971 0.019530
v 0.018114 0.022651 0.021525
v 0.018750 0.022461 0.020919
v 0.018135 0.022531 0.020880
v 0.018458 0.022551 0.020634
v 0.019050 0.022451 0.019719
v 0.018409 0.022531 0.019422
v 0.015715 0.019311 0.021183
v 0.017273 0.022271 0.021255
v 0.016727 0.022371 0.020202
v 0.015637 0.023051 0.020757
v 0.016442 0.028581 0.021223
v 0.015744 0.027651 0.021132
v 0.016438 0.029271 0.020797
v 0.016681 0.028021 0.020006
v 0.016806 0.028581 0.019722
v 0.013215 0.018971 0.020189
v 0.014369 0.025901 0.021219
v 0.013859 0.031841 0.019585
v 0.010726 0.018391 0.019512
v 0.011664 0.033631 0.019716
v 0.010739 0.033591 0.019853
v 0.009740 0.017701 0.021269
v 0.006262 0.018191 0.019815
v 0.006979 0.034201 0.021417
v 0.006147 0.033401 0.020613
v 0.005211 0.017921 0.021518
v 0.003102 0.018701 0.021544
v 0.004034 0.018761 0.020486
v 0.003212 0.031581 0.021487
v 0.004751 0.032841 0.020823
v 0.002237 0.019361 0.021508
v 0.001362 0.020351 0.021160
v 0.002598 0.019591 0.020833
v 0.001775 0.020841 0.020182
v 0.001067 0.021471 0.019970
v 0.002762 0.029371 0.019751
v 0.000490 0.027661 0.021111
v -0.002724 0.021671 0.021295
v -0.003104 0.022771 0.021068
v -0.001862 0.021581 0.020628
v -0.002032 0.024941 0.020699
v 0.019872 0.021401 0.018819
v 0.019293 0.022831 0.017325
v 0.017526 0.027731 0.017170
v 0.017434 0.028041 0.017320
v 0.016205 0.023651 0.018435
v 0.017251 0.027341 0.017656
v 0.016122 0.025601 0.017319
v 0.016650 0.028981 0.019144
v 0.017081 0.027641 0.018798
v 0.017195 0.028011 0.018822
v 0.017174 0.028311 0.018484
v 0.016833 0.028811 0.017767
v 0.013733 0.020461 0.017462
v 0.008773 0.018951 0.017504
v 0.008840 0.031551 0.018039
v 0.007562 0.030671 0.017610
v 0.004584 0.019931 0.017913
v 0.003330 0.020461 0.018713
v 0.003727 0.020791 0.017922
v 0.003126 0.022551 0.017048
v 0.002845 0.021681 0.018420
v 0.001754 0.022431 0.018241
v 0.002573 0.022971 0.017308
v 0.003161 0.027171 0.017230
v -0.001678 0.022581 0.018697
v -0.000691 0.022501 0.018259
v -0.001535 0.023261 0.018389
v -0.000553 0.024401 0.018009
v -0.000681 0.023241 0.017598
v 0.000488 0.023191 0.017169
v 0.000641 0.024221 0.016932
v 0.020018 0.022601 0.016419
v 0.019620 0.021231 0.016911
v 0.019217 0.021301 0.016534
v 0.019650 0.022411 0.015519
v 0.017289 0.022261 0.015703
v 0.018613 0.023431 0.016145
v 0.017630 0.024371 0.015621
v 0.019027 0.023501 0.015219
v 0.018342 0.023901 0.015341
v 0.017803 0.024411 0.015210
v 0.017350 0.024921 0.015334
v 0.018750 0.022901 0.014818
v 0.017867 0.024101 0.014794
v 0.017394 0.024981 0.014916
v 0.017552 0.026741 0.014774
v 0.017777 0.028131 0.015830
v 0.017870 0.027711 0.015531
v 0.017307 0.024091 0.014623
v 0.016991 0.024711 0.014515
v 0.016730 0.024351 0.014591
v 0.017200 0.025551 0.015078
v 0.017258 0.025921 0.014942
v 0.017134 0.025911 0.015270
v 0.017173 0.025561 0.014616
v 0.017242 0.025911 0.014637
v 0.016423 0.030041 0.014985
v 0.015493 0.030971 0.015097
v 0.014275 0.023521 0.014991
v 0.014039 0.031671 0.016464
v 0.013035 0.031761 0.015902
v 0.009887 0.019821 0.016499
v 0.008019 0.019891 0.016092
v 0.006109 0.019551 0.016901
v 0.005773 0.020941 0.015538
v 0.004251 0.020791 0.016801
v 0.003848 0.021811 0.016406
v 0.003415 0.022891 0.016547
v 0.003108 0.024081 0.016235
v 0.003971 0.023511 0.016082
v 0.004856 0.025251 0.015646
v 0.002877 0.023491 0.016664
v 0.001953 0.023711 0.016655
v 0.001022 0.023831 0.016713
v 0.017536 0.027471 0.014053
v 0.017301 0.029071 0.014109
v 0.017068 0.025981 0.014306
v 0.016653 0.025311 0.014250
v 0.016534 0.026161 0.013910
v 0.015538 0.025411 0.014098
v 0.016751 0.027111 0.013599
v 0.016952 0.029631 0.014363
v 0.017168 0.028861 0.013736
v 0.016833 0.028801 0.013506
v 0.016926 0.029221 0.013660
v 0.016249 0.029181 0.013492
v 0.016323 0.030101 0.014319
v 0.015424 0.031071 0.014379
v 0.015348 0.030331 0.013813
v 0.014064 0.026111 0.013412
v 0.013050 0.028301 0.012695
v 0.014748 0.031331 0.014408
v 0.014680 0.030571 0.013612
v 0.014157 0.030761 0.013833
v 0.011186 0.023741 0.013746
v 0.012301 0.029541 0.013788
v 0.011872 0.028381 0.013273
v 0.007275 0.023831 0.014124
v 0.010350 0.071181 0.072219
v 0.010350 0.071181 0.072219
v 0.010350 0.071181 0.072219
v 0.008250 0.070301 0.072550
v 0.010050 0.070001 0.072245
v 0.010050 0.070001 0.072245
v 0.009150 0.069401 0.072315
v 0.009150 0.069401 0.072315
v 0.007950 0.070411 0.072519
v 0.007950 0.070411 0.072519
v 0.008850 0.069811 0.072219
v 0.008850 0.069811 0.072219
v 0.008850 0.069811 0.072219
v 0.008250 0.070461 0.072219
v 0.008250 0.070461 0.072219
v 0.007950 0.070461 0.072219
v 0.007950 0.070461 0.072219
v 0.006436 0.068241 0.072586
v 0.006436 0.068241 0.072586
v 0.004340 0.066251 0.072666
v 0.006150 0.068281 0.072519
v 0.006150 0.068281 0.072519
v 0.006150 0.068281 0.072519
v 0.006150 0.068271 0.072219
v 0.006150 0.068271 0.072219
v 0.006150 0.068271 0.072219
v 0.007050 0.069701 0.072714
v 0.007050 0.069701 0.072714
v 0.006750 0.069701 0.072283
v 0.006357 0.068501 0.072519
v 0.006336 0.068501 0.072219
v 0.005250 0.068221 0.072519
v 0.005250 0.068221 0.072519
v 0.005250 0.068221 0.072519
v 0.005250 0.068221 0.072519
v 0.005250 0.068221 0.072519
v 0.003368 0.068941 0.073140
v 0.003258 0.069581 0.073070
v 0.003258 0.069581 0.073070
v 0.003258 0.069581 0.073070
v 0.003150 0.069941 0.072819
v 0.001950 0.067901 0.073178
v 0.001950 0.067901 0.073178
v 0.001084 0.067891 0.073167
v 0.001084 0.067891 0.073167
v 0.001084 0.067891 0.073167
v 0.000750 0.067681 0.073119
v 0.000750 0.067681 0.073119
v 0.001838 0.068201 0.072819
v 0.001838 0.068201 0.072819
v 0.001838 0.068201 0.072819
v 0.001050 0.067941 0.072819
v 0.000750 0.067631 0.072819
v 0.000750 0.067631 0.072819
v 0.000750 0.067631 0.072819
v 0.002850 0.069701 0.073178
v 0.002850 0.069701 0.073178
v 0.002550 0.068501 0.073164
v 0.002823 0.070001 0.072819
v 0.002823 0.070001 0.072819
v 0.002172 0.068501 0.072819
v -0.001650 0.065501 0.073351
v -0.001650 0.067301 0.073440
v 0.000450 0.067661 0.073119
v -0.000150 0.067761 0.073119
v -0.000150 0.067761 0.073119
v -0.001650 0.067751 0.073119
v -0.001650 0.067751 0.073119
v -0.001650 0.067751 0.073119
v -0.001389 0.067601 0.072819
v -0.001796 0.067001 0.072819
v -0.002582 0.065581 0.073403
v -0.002250 0.065911 0.073119
v -0.002250 0.065911 0.073119
v -0.002250 0.065911 0.073119
v -0.002250 0.065911 0.073119
v -0.002550 0.065861 0.073119
v -0.002550 0.065861 0.073119
v -0.002550 0.065861 0.073119
v -0.003689 0.066381 0.073409
v -0.005267 0.064641 0.073619
v -0.005267 0.064641 0.073619
v -0.005550 0.064301 0.073698
v -0.005160 0.065501 0.073419
v -0.005550 0.064701 0.073419
v -0.005550 0.064701 0.073419
v -0.005550 0.064701 0.073419
v -0.006150 0.064551 0.073419
v -0.006150 0.064551 0.073419
v -0.006150 0.064551 0.073419
v -0.005550 0.064301 0.073028
v -0.004650 0.066871 0.073419
v -0.004650 0.066871 0.073419
v -0.005009 0.066701 0.073419
v -0.005009 0.066701 0.073419
v -0.005009 0.066701 0.073419
v -0.004350 0.066781 0.073119
v -0.004350 0.066781 0.073119
v -0.004651 0.066771 0.073121
v -0.007050 0.064601 0.073792
v -0.007050 0.064601 0.073792
v -0.007050 0.064601 0.073792
v -0.006750 0.064671 0.073419
v -0.006750 0.064671 0.073419
v -0.010693 0.058631 0.073854
v -0.010693 0.058631 0.073854
v -0.010950 0.058701 0.073719
v -0.010950 0.058701 0.073719
v -0.010950 0.058701 0.073719
v -0.010950 0.058701 0.073719
v -0.010828 0.058531 0.073304
v -0.010656 0.058921 0.073822
v -0.010362 0.060891 0.073723
v -0.010769 0.058901 0.073719
v -0.010769 0.058901 0.073719
v -0.010769 0.058901 0.073719
v -0.011073 0.060401 0.073719
v -0.010667 0.058901 0.073419
v -0.010667 0.058901 0.073419
v -0.010667 0.058901 0.073419
v -0.009750 0.061301 0.073759
v -0.009750 0.061301 0.073759
v -0.009150 0.063341 0.073719
v -0.009150 0.063341 0.073719
v -0.009640 0.062201 0.073719
v -0.012493 0.050221 0.072249
v -0.012493 0.050221 0.072249
v -0.012150 0.049901 0.072132
v -0.012750 0.050201 0.072033
v -0.012750 0.050201 0.072033
v -0.012750 0.050201 0.072033
v -0.013050 0.050461 0.072219
v -0.013050 0.050461 0.072219
v -0.013050 0.050461 0.072219
v -0.013732 0.053501 0.073119
v -0.013732 0.053501 0.073119
v -0.013670 0.053481 0.072824
v -0.013306 0.056111 0.073689
v -0.013087 0.054701 0.073419
v -0.013087 0.054701 0.073419
v -0.013062 0.055001 0.073419
v -0.013310 0.055881 0.073402
v -0.013650 0.054121 0.073419
v -0.013650 0.054121 0.073419
v -0.013274 0.054671 0.073119
v -0.013058 0.055001 0.073119
v -0.013058 0.055001 0.073119
v -0.013845 0.054101 0.073119
v -0.013845 0.054101 0.073119
v -0.013845 0.054101 0.073119
v -0.012450 0.058301 0.073845
v -0.012450 0.058301 0.073845
v -0.012750 0.057101 0.073726
v -0.012612 0.057411 0.073712
v -0.012612 0.057411 0.073712
v -0.012701 0.058001 0.073719
v -0.012701 0.058001 0.073719
v -0.012701 0.058001 0.073719
v -0.013171 0.056501 0.073719
v -0.012654 0.057401 0.073419
v -0.012654 0.057401 0.073419
v -0.012599 0.057941 0.073402
v -0.012226 0.058211 0.073311
v -0.012750 0.057101 0.073379
v -0.013252 0.056511 0.073414
v -0.013897 0.050881 0.072506
v -0.014335 0.051101 0.072519
v -0.014335 0.051101 0.072519
v -0.014407 0.051401 0.072519
v -0.014407 0.051401 0.072519
v -0.014407 0.051401 0.072519
v -0.013905 0.050841 0.072209
v -0.014275 0.051111 0.072227
v -0.014275 0.051111 0.072227
v -0.014275 0.051111 0.072227
v -0.013986 0.051821 0.072828
v -0.014056 0.052001 0.072519
v -0.014056 0.052001 0.072519
v 0.015142 0.071271 0.070699
v 0.017106 0.070791 0.070092
v 0.015749 0.071291 0.070403
v 0.016625 0.071221 0.070112
v 0.016058 0.071371 0.070107
v 0.016655 0.071251 0.069805
v 0.012750 0.071201 0.071619
v 0.013931 0.071501 0.071004
v 0.013931 0.071501 0.071004
v 0.013931 0.071501 0.071004
v 0.011550 0.070951 0.071919
v 0.010665 0.071321 0.071905
v 0.010665 0.071321 0.071905
v 0.011371 0.071141 0.071590
v 0.010477 0.071041 0.071492
v 0.009750 0.070181 0.071919
v 0.009750 0.070181 0.071919
v 0.009750 0.070181 0.071919
v 0.009150 0.069591 0.071919
v 0.009150 0.069591 0.071919
v 0.009150 0.069591 0.071919
v 0.008550 0.069991 0.071919
v 0.010050 0.071191 0.071919
v 0.010050 0.071191 0.071919
v 0.010050 0.071191 0.071919
v -0.012819 0.049901 0.071919
v -0.012819 0.049901 0.071919
v -0.012819 0.049901 0.071919
v -0.012819 0.049901 0.071919
v -0.012450 0.050201 0.071556
v -0.012732 0.050821 0.071577
v -0.014550 0.048401 0.071687
v -0.014550 0.048401 0.071687
v -0.015750 0.048411 0.071619
v -0.015750 0.048411 0.071619
v -0.015750 0.048411 0.071619
v -0.014850 0.048641 0.071319
v -0.014850 0.048641 0.071319
v -0.016829 0.048191 0.070978
v -0.018283 0.047251 0.071015
v -0.020566 0.046231 0.070054
v -0.019615 0.046901 0.070440
v -0.019615 0.046901 0.070440
v 0.023249 0.069141 0.067419
v 0.023249 0.069141 0.067419
v 0.022649 0.069401 0.067155
v 0.019691 0.069691 0.068999
v 0.018606 0.070541 0.069196
v 0.019852 0.069961 0.068679
v 0.017517 0.070881 0.069514
v -0.010180 0.048951 0.067949
v -0.010180 0.048951 0.067949
v -0.010180 0.048951 0.067949
v -0.023303 0.043781 0.068559
v -0.022111 0.044451 0.069234
v -0.026713 0.041591 0.067639
v -0.028821 0.040551 0.067287
v 0.026952 0.067441 0.065645
v 0.026733 0.067671 0.065213
v 0.024749 0.068801 0.066540
v 0.024749 0.068801 0.066540
v 0.024749 0.068801 0.066540
v -0.037079 0.038781 0.065570
v 0.052723 0.025841 0.062625
v 0.049216 0.022261 0.063594
v 0.046764 0.020471 0.063637
v 0.047406 0.027211 0.062748
v 0.044547 0.020141 0.064181
v 0.043965 0.026791 0.063814
v 0.038849 0.026851 0.063819
v 0.035549 0.027381 0.064037
v 0.032219 0.063701 0.062619
v 0.032219 0.063701 0.062619
v 0.032219 0.063701 0.062619
v 0.031107 0.022921 0.062846
v 0.029549 0.028531 0.063519
v 0.029549 0.028531 0.063519
v 0.031049 0.064501 0.062919
v 0.031049 0.064501 0.062919
v 0.025917 0.029751 0.063293
v 0.021672 0.031961 0.062610
v -0.018377 0.041011 0.062655
v -0.020051 0.041221 0.062837
v -0.026204 0.046781 0.062606
v -0.027668 0.045621 0.062627
v -0.031930 0.042011 0.062672
v -0.034950 0.040681 0.062619
v -0.040175 0.037961 0.063792
v -0.041752 0.037161 0.063363
v 0.039449 0.065411 0.060519
v 0.039449 0.065411 0.060519
v 0.036746 0.063911 0.061270
v 0.038849 0.065201 0.060831
v 0.038849 0.065201 0.060831
v 0.037109 0.064601 0.060846
v 0.037109 0.064601 0.060846
v 0.037109 0.064601 0.060846
v 0.037109 0.064601 0.060846
v 0.038849 0.065331 0.060519
v 0.036554 0.021031 0.061986
v 0.035123 0.022061 0.061538
v 0.034349 0.063831 0.061419
v 0.034349 0.063831 0.061419
v 0.034349 0.063831 0.061419
v 0.032812 0.022611 0.061164
v 0.032821 0.063691 0.062198
v 0.033184 0.063731 0.062011
v 0.032870 0.063831 0.062025
v 0.032249 0.063871 0.062019
v 0.032249 0.063871 0.062019
v 0.031622 0.022941 0.060501
v -0.012924 0.037461 0.061328
v -0.020886 0.016601 0.060519
v -0.030417 0.042441 0.061454
v -0.028918 0.043821 0.060328
v -0.031729 0.042131 0.062330
v -0.035250 0.039401 0.061801
v -0.039150 0.039201 0.061419
v -0.039150 0.039201 0.061419
v -0.039150 0.039201 0.061419
v -0.043006 0.037291 0.061983
v 0.052284 0.023571 0.059302
v 0.043011 0.063211 0.057988
v 0.042246 0.064301 0.059019
v 0.040949 0.065211 0.059919
v 0.040949 0.065211 0.059919
v 0.029684 0.023791 0.058772
v 0.015482 0.027041 0.059314
v 0.014185 0.026471 0.058355
v -0.001013 0.015991 0.058477
v -0.018174 0.013301 0.059619
v -0.019779 0.016211 0.057783
v -0.023070 0.018441 0.059862
v -0.037896 0.038471 0.059767
v 0.055015 0.027391 0.057613
v 0.055574 0.026791 0.057234
v 0.055574 0.026791 0.057234
v 0.055574 0.026791 0.057234
v 0.055452 0.027091 0.057251
v 0.055445 0.026791 0.056943
v 0.055445 0.026791 0.056943
v 0.055014 0.027071 0.056826
v 0.055014 0.027071 0.056826
v 0.054686 0.026801 0.056775
v 0.054686 0.026801 0.056775
v 0.043630 0.059561 0.056103
v 0.042954 0.052571 0.055408
v 0.042844 0.057151 0.055427
v 0.013950 0.024951 0.056919
v 0.013950 0.024951 0.056919
v -0.006628 0.008791 0.057053
v -0.005835 0.009161 0.056163
v -0.019235 0.043851 0.056789
v -0.039161 0.031991 0.055177
v -0.042415 0.037611 0.055578
v -0.042127 0.037301 0.055188
v -0.042993 0.037591 0.056657
v -0.042804 0.037581 0.056024
v 0.047172 0.046301 0.053319
v 0.047172 0.046301 0.053319
v 0.046949 0.046301 0.052946
v 0.046549 0.049001 0.054219
v 0.046396 0.049001 0.053919
v 0.045149 0.050501 0.054769
v 0.045735 0.050041 0.054525
v 0.044149 0.051701 0.055119
v 0.044149 0.051701 0.055119
v 0.043043 0.052531 0.055085
v 0.043043 0.052531 0.055085
v 0.042458 0.053301 0.054826
v 0.041983 0.052141 0.054422
v 0.042043 0.053611 0.054227
v 0.041182 0.052791 0.053960
v 0.041182 0.052791 0.053960
v 0.042332 0.054281 0.054806
v 0.041990 0.055561 0.053391
v 0.041551 0.057401 0.052954
v 0.042149 0.059801 0.053157
v 0.041170 0.054991 0.053058
v 0.010240 0.016381 0.053025
v 0.010831 0.022611 0.053638
v 0.011047 0.022601 0.053343
v 0.011850 0.023241 0.054819
v 0.011259 0.022921 0.053738
v 0.008798 0.024251 0.053258
v 0.006802 0.018471 0.053461
v 0.005844 0.018741 0.052959
v 0.005844 0.018741 0.052959
v 0.007393 0.020701 0.053072
v 0.002850 0.010811 0.053619
v 0.001650 0.011411 0.055119
v -0.014230 0.012991 0.054261
v -0.016316 0.043471 0.054807
v -0.035026 0.015471 0.053447
v -0.038240 0.031081 0.054494
v 0.048097 0.043611 0.050944
v 0.047794 0.043631 0.050625
v 0.047815 0.044751 0.052119
v 0.047800 0.044821 0.051819
v 0.006511 0.019391 0.052626
v 0.006511 0.019391 0.052626
v -0.012845 0.043231 0.051378
v -0.013571 0.042061 0.051019
v -0.035193 0.014181 0.051354
v -0.035317 0.025301 0.050665
v 0.047849 0.042401 0.049989
v 0.044599 0.034601 0.048519
v 0.044599 0.034601 0.048519
v 0.044599 0.034601 0.048519
v 0.044946 0.036401 0.049419
v 0.044946 0.036401 0.049419
v 0.044946 0.036401 0.049419
v 0.044549 0.036401 0.049056
v 0.044112 0.034901 0.049119
v 0.044112 0.034901 0.049119
v 0.044392 0.035501 0.048819
v 0.044392 0.035501 0.048819
v 0.044392 0.035501 0.048819
v 0.044249 0.035801 0.048789
v 0.044249 0.035801 0.048789
v 0.044249 0.035801 0.048789
v 0.044249 0.035611 0.048519
v 0.044249 0.035611 0.048519
v 0.046049 0.038451 0.049419
v 0.046049 0.038451 0.049419
v 0.043049 0.034601 0.048123
v 0.005782 0.011151 0.048904
v 0.006160 0.020211 0.050403
v 0.007515 0.021001 0.048695
v -0.000068 0.014511 0.049597
v -0.030811 0.011991 0.048737
v 0.044613 0.034601 0.047919
v 0.044613 0.034601 0.047919
v 0.043949 0.034081 0.047919
v 0.043949 0.034081 0.047919
v 0.043949 0.034081 0.047919
v 0.043949 0.034081 0.047919
v 0.044603 0.034901 0.047919
v 0.044603 0.034901 0.047919
v 0.043949 0.034901 0.047546
v 0.043949 0.034901 0.047546
v 0.043949 0.034901 0.047546
v 0.041849 0.033101 0.047462
v 0.041849 0.033101 0.047462
v 0.041205 0.031901 0.047619
v 0.041205 0.031901 0.047619
v 0.039449 0.034201 0.046719
v 0.039530 0.033991 0.046397
v 0.039476 0.033701 0.045813
v 0.039159 0.034001 0.045819
v 0.008033 0.011801 0.046419
v 0.008033 0.011801 0.046419
v 0.009354 0.014881 0.047658
v 0.007650 0.012381 0.047019
v 0.007650 0.012381 0.047019
v 0.007350 0.012071 0.046719
v 0.007350 0.012071 0.046719
v 0.007350 0.012071 0.046719
v 0.006712 0.012161 0.046748
v 0.006063 0.012571 0.046732
v 0.007071 0.011951 0.046110
v -0.010065 0.017371 0.046982
v -0.024508 0.010651 0.047588
v -0.036078 0.014571 0.045856
v 0.039142 0.030101 0.045519
v 0.039142 0.030101 0.045519
v 0.039142 0.030101 0.045519
v 0.039142 0.030101 0.045519
v 0.039143 0.033681 0.044789
v 0.039143 0.033681 0.044789
v 0.037819 0.029541 0.044082
v 0.038823 0.033461 0.044322
v 0.038823 0.033461 0.044322
v 0.038195 0.033171 0.043968
v 0.038224 0.032751 0.043709
v 0.009750 0.009681 0.045519
v 0.009750 0.009681 0.045519
v 0.007928 0.011531 0.044042
v 0.007741 0.011391 0.045508
v 0.001050 0.015151 0.045519
v 0.001921 0.014851 0.045202
v 0.001350 0.015401 0.044720
v 0.001956 0.015381 0.044530
v 0.002366 0.015931 0.043718
v 0.002270 0.016281 0.043658
v 0.001931 0.016581 0.043381
v -0.017102 0.009671 0.043480
v -0.020550 0.011061 0.043419
v -0.034833 0.014831 0.044328
v 0.037086 0.032221 0.042861
v 0.037086 0.032221 0.042861
v 0.037086 0.032221 0.042861
v 0.035259 0.028901 0.041619
v 0.036391 0.031851 0.042616
v 0.035539 0.031281 0.042589
v 0.035264 0.030901 0.042519
v 0.010604 -0.003469 0.042073
v 0.010650 0.013561 0.041019
v 0.010350 0.014931 0.041019
v 0.010350 0.014931 0.041019
v 0.008550 0.010991 0.042819
v 0.008550 0.010991 0.042819
v 0.008245 0.011011 0.042865
v 0.008245 0.011011 0.042865
v 0.008245 0.011011 0.042865
v 0.008850 0.011051 0.042219
v 0.008850 0.011051 0.042219
v 0.008393 0.010901 0.042219
v 0.008393 0.010901 0.042219
v 0.009450 0.012401 0.040792
v 0.009462 0.012711 0.040934
v 0.009462 0.012711 0.040934
v 0.009462 0.012711 0.040934
v 0.009150 0.012101 0.040896
v 0.009150 0.012101 0.040896
v 0.009150 0.012101 0.040896
v 0.009163 0.013001 0.040868
v 0.010064 0.014201 0.041687
v 0.009750 0.014501 0.041715
v 0.009455 0.013571 0.041671
v 0.009470 0.013911 0.041785
v 0.009470 0.013911 0.041785
v 0.001637 0.016201 0.042219
v 0.001389 0.016251 0.041626
v 0.001346 0.016391 0.041029
v -0.008412 0.011681 0.041445
v -0.011179 0.010101 0.042085
v -0.011179 0.010101 0.042085
v -0.019664 0.010021 0.043088
v -0.026870 0.014331 0.043315
v -0.026870 0.014331 0.043315
v -0.028350 0.016301 0.042948
v -0.032191 0.015591 0.042983
v 0.033149 0.028901 0.040628
v 0.030231 0.028271 0.040313
v 0.028964 0.028301 0.039953
v 0.028170 0.027981 0.039271
v 0.024087 0.021641 0.040787
v 0.021754 0.021091 0.039525
v 0.021099 0.021331 0.039205
v 0.019963 0.021861 0.038915
v 0.018454 0.022431 0.038598
v 0.018454 0.022431 0.038598
v 0.013640 0.010301 0.039251
v 0.011195 0.001401 0.039845
v 0.010605 0.012401 0.039519
v 0.009304 0.007521 0.040033
v 0.009981 0.012721 0.040718
v 0.009735 0.011991 0.040678
v 0.009735 0.011991 0.040678
v 0.009735 0.011991 0.040678
v 0.009096 0.012401 0.040719
v 0.009096 0.012401 0.040719
v 0.008903 0.012101 0.040419
v 0.010050 0.014921 0.040119
v 0.010050 0.014921 0.040119
v 0.000933 0.016861 0.040510
v 0.001356 0.016941 0.040401
v -0.005533 0.041841 0.041504
v -0.006153 0.040571 0.039879
v -0.007970 0.019031 0.038895
v -0.009095 0.019331 0.041116
v -0.009350 0.019901 0.039519
v -0.009350 0.019901 0.039519
v 0.019789 0.027141 0.037073
v 0.016724 0.023341 0.038316
v 0.016309 0.023451 0.038014
v 0.015760 0.023331 0.037706
v 0.016052 0.023531 0.037100
v 0.008013 0.006791 0.038300
v 0.009150 0.014491 0.038019
v 0.009750 0.015291 0.037419
v -0.002391 0.040771 0.038059
v -0.007950 0.019901 0.037914
v -0.009082 0.020571 0.036162
v -0.009082 0.020571 0.036162
v -0.010040 0.020571 0.037908
v -0.010040 0.020571 0.037908
v -0.010040 0.020571 0.037908
v 0.015174 0.026871 0.034209
v 0.015174 0.026871 0.034209
v 0.015625 0.027701 0.034419
v 0.014309 0.026441 0.034397
v 0.003059 0.018921 0.035876
v -0.000759 0.039691 0.035679
v -0.007664 0.021991 0.033612
v 0.015498 0.027701 0.033410
v 0.015489 0.027701 0.031419
v 0.014850 0.018931 0.031419
v -0.006221 0.022011 0.031983
v -0.006221 0.022011 0.031983
v -0.006659 0.022301 0.031727
v -0.006659 0.022301 0.031727
v -0.006757 0.022011 0.032572
v -0.006757 0.022011 0.032572
v -0.006961 0.022561 0.032322
v 0.015550 0.028601 0.030519
v 0.015641 0.028951 0.029836
v 0.014828 0.019001 0.030519
v 0.014828 0.019001 0.030519
v 0.010179 0.017891 0.030275
v 0.000450 0.019091 0.030219
v 0.015715 0.019011 0.028770
v 0.016438 0.019321 0.026963
v 0.004258 0.031601 0.028119
v 0.003450 0.032551 0.028119
v 0.003450 0.032551 0.028119
v 0.002519 0.032821 0.027792
v -0.000124 0.019351 0.028771
v -0.001108 0.020421 0.028154
v -0.002856 0.022551 0.027942
v -0.003146 0.023001 0.027495
v 0.016967 0.019641 0.025519
v 0.016934 0.019931 0.025708
v 0.015915 0.023131 0.024563
v 0.016176 0.029761 0.025809
v 0.014716 0.023971 0.025764
v 0.000792 0.017201 0.026021
v 0.001707 0.033671 0.026404
v 0.001101 0.034221 0.026030
v 0.000764 0.034841 0.025811
v -0.000835 0.019481 0.024715
v -0.001656 0.029541 0.026004
v -0.001681 0.029201 0.024819
v -0.001650 0.028841 0.024519
v -0.001650 0.028841 0.024519
v -0.001351 0.028031 0.024137
v 0.017559 0.022491 0.022971
v 0.018117 0.022701 0.022137
v 0.018482 0.022621 0.021674
v 0.016950 0.022531 0.023319
v 0.010727 0.017621 0.024336
v 0.002589 0.030631 0.022421
v 0.002861 0.032431 0.024169
v 0.018750 0.022461 0.020919
v 0.019050 0.022451 0.019719
v 0.016442 0.028581 0.021223
v 0.000490 0.027661 0.021111
v -0.002724 0.021671 0.021295
v -0.001678 0.022581 0.018697
v 0.020018 0.022601 0.016419
v 0.020018 0.022601 0.016419
v 0.020018 0.022601 0.016419
v 0.019650 0.022411 0.015519
v 0.019650 0.022411 0.015519
v 0.019027 0.023501 0.015219
v 0.018750 0.022901 0.014818
v 0.017867 0.024101 0.014794
v 0.017394 0.024981 0.014916
v 0.017173 0.025561 0.014616
v 0.016323 0.030101 0.014319
v 0.016323 0.030101 0.014319
v 0.015424 0.031071 0.014379
v 0.013050 0.028301 0.012695
v 0.013050 0.028301 0.012695
v 0.013050 0.028301 0.012695
v 0.013050 0.028301 0.012695
v 0.014748 0.031331 0.014408
vn 0.2432 -0.0634 0.9679
vn 0.2399 -0.1678 0.9562
vn 0.2742 -0.1441 0.9508
vn 0.1351 -0.0487 0.9896
vn 0.3590 -0.1035 0.9276
vn 0.2294 -0.2435 0.9424
vn 0.2079 -0.1208 0.9707
vn 0.3130 -0.0618 0.9477
vn 0.2443 -0.0580 0.9680
vn 0.1241 0.8707 0.4759
vn 0.3091 0.7610 0.5704
vn 0.2944 0.7275 0.6197
vn -0.1964 0.9536 0.2281
vn 0.1634 -0.1318 0.9777
vn 0.4348 -0.0739 0.8975
vn 0.2123 0.0263 0.9768
vn -0.0017 0.2669 0.9637
vn 0.1360 -0.0823 0.9873
vn -0.5271 0.8294 0.1850
vn -0.7216 0.5381 0.4356
vn -0.6376 0.6296 0.4438
vn -0.5758 0.6762 0.4595
vn -0.3665 0.6297 0.6850
vn -0.4420 0.6525 0.6155
vn 0.0172 0.2398 0.9707
vn 0.4078 0.8548 0.3209
vn 0.5122 0.7733 0.3738
vn 0.6982 0.6445 0.3115
vn 0.1565 0.9369 0.3127
vn -0.0000 0.9864 0.1644
vn -0.5244 0.8399 0.1399
vn -0.6715 0.1958 0.7147
vn -0.6851 0.1925 0.7025
vn -0.6646 0.1974 0.7206
vn -0.6909 0.1910 0.6972
vn -0.6634 0.6746 0.3237
vn 0.6876 0.7059 0.1700
vn 0.6559 0.7546 -0.0200
vn 0.7380 0.6084 0.2919
vn 0.6665 0.7045 -0.2438
vn 0.6982 0.6445 -0.3115
vn 0.1279 0.5367 -0.8341
vn -0.1769 0.5158 -0.8383
vn 0.0224 0.5714 -0.8203
vn -0.1643 0.5695 -0.8054
vn -0.4684 0.4070 -0.7842
vn -0.3569 0.1300 0.9251
vn -0.1992 0.1874 0.9619
vn -0.2949 0.1535 0.9431
vn -0.0500 0.7492 0.6604
vn 0.0789 -0.0516 0.9955
vn 0.0810 0.0369 0.9960
vn -0.7531 0.6577 0.0154
vn -0.8617 0.5059 0.0404
vn -0.7774 0.6287 -0.0209
vn -0.8525 0.5095 0.1173
vn -0.0665 0.9972 -0.0332
vn 0.1359 0.5444 -0.8278
vn -0.2467 0.7488 -0.6151
vn -0.1150 0.6585 -0.7437
vn -0.4281 0.1013 0.8980
vn 0.2979 0.5461 -0.7830
vn 0.3626 0.5319 -0.7653
vn 0.8165 0.1996 0.5417
vn 0.1121 -0.0258 0.9934
vn 0.1589 0.0591 0.9855
vn 0.0374 -0.0150 0.9992
vn 0.4575 0.6274 0.6301
vn 0.2457 0.6720 0.6986
vn 0.3674 0.7271 0.5800
vn 0.2949 0.1538 0.9431
vn 0.2415 -0.0392 0.9696
vn 0.5598 0.5803 0.5915
vn 0.2570 0.6034 0.7549
vn -0.2384 0.4987 -0.8334
vn 0.1959 0.6050 -0.7718
vn 0.0483 0.5298 -0.8467
vn -0.3539 0.4145 -0.8384
vn 0.1185 -0.1178 0.9859
vn 0.0582 -0.0391 0.9975
vn 0.0133 0.0733 0.9972
vn -0.0359 0.1495 0.9881
vn -0.2758 0.6132 0.7403
vn -0.1382 0.4231 0.8955
vn -0.4544 0.5653 0.6885
vn 0.0698 0.1935 0.9786
vn 0.0385 0.4497 0.8924
vn -0.5346 0.5707 0.6233
vn -0.6192 0.4434 0.6481
vn -0.5141 0.5724 0.6388
vn -0.6393 0.3174 0.7004
vn -0.0170 0.7646 0.6443
vn -0.3090 0.9367 0.1648
vn -0.4753 0.8729 0.1104
vn -0.4396 0.8820 0.1697
vn -0.6503 0.7596 0.0080
vn -0.7138 0.6908 -0.1151
vn 0.0201 0.9966 -0.0795
vn 0.1071 0.9942 0.0076
vn -0.0656 0.9843 -0.1640
vn -0.4655 0.3953 -0.7919
vn -0.3245 0.6397 -0.6968
vn -0.6545 0.3889 -0.6483
vn -0.1848 0.4236 -0.8868
vn -0.3305 0.4544 -0.8272
vn -0.2155 0.4655 -0.8584
vn -0.8332 0.3404 0.4358
vn -0.8512 0.3694 0.3727
vn 0.1480 -0.2556 0.9554
vn 0.0236 -0.0863 0.9960
vn -0.0482 0.1930 0.9800
vn -0.3872 -0.0455 0.9209
vn -0.7140 0.1070 -0.6919
vn -0.4877 0.2248 -0.8436
vn -0.3469 0.3585 -0.8667
vn -0.4508 0.3316 -0.8288
vn -0.2264 0.4341 -0.8720
vn -0.2979 0.2766 -0.9136
vn 0.0750 0.1574 0.9847
vn 0.0330 0.4546 0.8901
vn 0.0159 0.6162 0.7874
vn -0.0048 0.5660 0.8244
vn -0.1046 0.6491 0.7535
vn -0.9667 0.2273 0.1175
vn -0.9777 0.1219 0.1710
vn -0.9459 0.3171 0.0692
vn 0.1640 0.9843 0.0656
vn -0.0120 0.9021 -0.4314
vn -0.0067 0.8936 -0.4488
vn -0.0059 0.8923 -0.4513
vn -0.3723 0.3887 -0.8428
vn -0.5850 0.3968 -0.7073
vn -0.0127 0.9031 -0.4293
vn -0.0877 0.4162 -0.9050
vn 0.1085 -0.0177 0.9939
vn 0.2440 0.2916 0.9249
vn 0.1515 0.1633 0.9749
vn 0.2563 0.3683 0.8937
vn 0.0748 0.0229 0.9969
vn -0.1669 0.0730 0.9833
vn 0.0955 0.5924 0.8000
vn 0.0232 0.6386 0.7692
vn 0.0147 0.6437 0.7652
vn -0.1189 0.7137 0.6903
vn 0.4457 0.6118 0.6535
vn -0.0957 0.4143 -0.9051
vn -0.1092 0.6185 -0.7782
vn 0.1071 0.5925 -0.7984
vn 0.2375 0.5344 -0.8112
vn -0.4818 0.1591 -0.8617
vn -0.2425 0.4171 -0.8759
vn -0.0142 0.4384 -0.8987
vn 0.0054 0.3274 0.9449
vn -0.0104 0.4707 0.8822
vn -0.9201 0.3908 0.0275
vn 0.4471 0.8746 0.1872
vn 0.4470 0.8746 0.1875
vn 0.4477 0.8746 0.1858
vn 0.4479 0.8746 0.1855
vn 0.0870 0.5939 -0.7998
vn 0.1015 -0.0395 0.9941
vn -0.0151 0.1698 0.9854
vn 0.0704 0.0521 0.9962
vn -0.0167 0.1652 0.9861
vn -0.5388 0.2407 0.8073
vn -0.5281 0.2322 0.8169
vn -0.2891 0.1992 0.9363
vn -0.5743 0.2493 0.7798
vn -0.2410 0.4055 0.8817
vn 0.2015 0.9092 0.3645
vn 0.1932 0.9193 0.3429
vn 0.2044 0.9055 0.3719
vn -0.2048 0.8193 0.5356
vn 0.1856 0.9279 0.3234
vn -0.8361 0.2602 -0.4830
vn -0.7856 0.2274 -0.5755
vn -0.8083 0.4068 -0.4255
vn -0.1473 0.7082 -0.6905
vn -0.1806 0.4483 -0.8755
vn -0.1172 0.7114 -0.6929
vn -0.1161 0.5152 -0.8492
vn -0.8092 0.4107 -0.4202
vn -0.3434 0.3772 -0.8601
vn -0.0336 0.9475 -0.3179
vn -0.1825 0.9323 -0.3123
vn -0.2833 0.9095 -0.3043
vn -0.3443 0.5212 -0.7809
vn -0.6104 0.4975 -0.6164
vn -0.9632 0.1212 -0.2401
vn -0.4097 0.8652 -0.2890
vn -0.3530 0.3501 -0.8677
vn 0.1815 -0.2794 0.9429
vn 0.0995 -0.0989 0.9901
vn -0.0447 0.0340 0.9984
vn -0.4558 0.1392 0.8791
vn -0.1741 0.1868 0.9669
vn -0.3778 0.3402 0.8611
vn -0.5837 0.1882 -0.7898
vn -0.4286 0.3433 -0.8357
vn -0.2804 0.4173 0.8644
vn -0.5005 0.3721 -0.7817
vn -0.4933 0.8361 -0.2398
vn 0.1189 -0.1173 0.9860
vn 0.1080 -0.0939 0.9897
vn 0.0533 -0.0280 0.9982
vn -0.6122 0.5540 0.5642
vn -0.5810 0.0998 0.8077
vn -0.4266 0.1528 0.8914
vn -0.4593 0.1551 0.8746
vn 0.1377 -0.1937 0.9713
vn -0.6651 0.6019 -0.4421
vn -0.7545 0.5395 -0.3738
vn -0.7690 0.5276 -0.3610
vn -0.8427 0.4558 -0.2865
vn -0.4000 0.3873 -0.8307
vn -0.2811 0.6883 -0.6688
vn -0.4303 0.4520 -0.7814
vn -0.2570 0.3328 -0.9073
vn -0.0321 -0.0243 0.9992
vn -0.4185 0.1736 0.8915
vn -0.2713 0.2555 0.9280
vn -0.3921 0.5287 0.7528
vn -0.0790 -0.0924 0.9926
vn -0.4829 -0.0494 0.8743
vn -0.3122 -0.0438 0.9490
vn -0.5260 0.1197 0.8420
vn -0.6545 -0.0151 0.7559
vn -0.9021 -0.2352 0.3618
vn -0.5243 0.3716 -0.7662
vn -0.4739 0.6242 -0.6212
vn -0.5065 0.7869 -0.3525
vn -0.4481 0.4102 -0.7943
vn -0.5070 0.2728 -0.8176
vn -0.9649 -0.1069 -0.2398
vn -0.9450 -0.0614 -0.3213
vn -0.5532 0.0169 -0.8329
vn -0.6770 0.1923 0.7104
vn -0.8184 0.0747 -0.5697
vn 0.0564 -0.3161 0.9470
vn -0.2289 -0.2288 0.9462
vn -0.1975 -0.4727 0.8588
vn 0.1176 -0.3437 0.9317
vn -0.0531 -0.5515 0.8325
vn -0.1884 -0.6657 0.7221
vn 0.0393 -0.4256 0.9040
vn -0.0717 -0.4542 0.8880
vn -0.3516 -0.7452 0.5665
vn -0.2773 -0.7179 0.6385
vn -0.4038 -0.9051 0.1328
vn -0.4255 -0.8953 0.1320
vn -0.4506 -0.8886 0.0858
vn 0.0712 -0.2951 0.9528
vn -0.2516 -0.5587 0.7903
vn -0.6300 -0.1450 0.7630
vn -0.3642 -0.7820 0.5058
vn -0.4918 0.4525 0.7439
vn -0.2973 0.1987 0.9339
vn -0.3162 0.2223 0.9223
vn -0.5306 0.2669 -0.8045
vn -0.5430 0.3604 -0.7584
vn -0.5280 0.3561 -0.7710
vn 0.0050 -0.1640 0.9865
vn -0.1886 -0.2252 0.9559
vn -0.4457 -0.1258 0.8863
vn -0.5804 -0.1844 0.7932
vn -0.4287 -0.1776 0.8858
vn -0.8235 -0.1551 0.5456
vn -0.8831 0.2898 0.3689
vn -0.9570 0.0973 0.2735
vn -0.9007 0.2544 0.3522
vn -0.9331 0.2878 -0.2156
vn -0.9784 0.0134 -0.2065
vn -0.9701 0.1186 -0.2119
vn -0.6596 0.2714 -0.7009
vn -0.5538 0.3667 -0.7475
vn -0.9647 -0.1817 -0.1904
vn -0.6987 0.3892 -0.6003
vn -0.2306 0.0938 0.9685
vn -0.3052 -0.1207 0.9446
vn -0.1465 -0.0725 0.9866
vn -0.1453 -0.0868 0.9856
vn -0.5802 -0.2170 0.7850
vn -0.4240 0.2811 0.8609
vn -0.9941 -0.1080 0.0050
vn -0.9950 0.0617 0.0784
vn -0.9763 -0.1737 0.1294
vn -0.8628 0.4430 0.2436
vn -0.9005 0.4071 0.1531
vn -0.4232 0.4108 0.8076
vn -0.7042 0.5966 0.3849
vn -0.7164 0.5795 0.3886
vn -0.7582 0.4963 0.4230
vn -0.9965 0.0830 -0.0133
vn -0.9904 -0.1378 -0.0132
vn -0.5791 0.1603 -0.7994
vn -0.6243 0.2475 -0.7410
vn -0.5011 0.2837 -0.8176
vn -0.6890 0.0554 -0.7227
vn -0.6574 0.6538 0.3747
vn -0.6532 0.6544 0.3810
vn -0.5391 0.2391 -0.8076
vn -0.6496 0.2042 -0.7324
vn -0.5618 0.4501 -0.6941
vn -0.0332 0.0479 0.9983
vn -0.2326 0.1564 0.9599
vn -0.2187 0.8944 -0.3902
vn -0.3602 0.8408 -0.4040
vn -0.4772 0.8116 -0.3370
vn -0.1426 0.7413 0.6558
vn 0.0210 -0.0879 0.9959
vn -0.3677 0.0145 0.9298
vn -0.3332 0.0377 0.9421
vn -0.5388 0.2124 0.8152
vn -0.6787 0.1092 0.7263
vn -0.5726 0.0086 0.8198
vn -0.6177 0.6997 -0.3590
vn -0.9781 -0.1493 0.1453
vn -0.7325 0.1455 -0.6651
vn -0.9435 0.0860 -0.3199
vn -0.7508 0.1797 -0.6356
vn -0.8640 0.5003 0.0569
vn -0.9323 0.3572 0.0575
vn -0.9055 0.4083 0.1159
vn -0.4357 0.3162 -0.8428
vn -0.5928 0.3845 -0.7077
vn -0.6049 0.7239 -0.3316
vn -0.8714 0.4906 -0.0000
vn -0.4221 -0.3023 0.8546
vn -0.4915 -0.1253 0.8618
vn -0.7614 0.3482 -0.5468
vn -0.6272 0.2541 -0.7362
vn -0.5392 -0.8411 -0.0425
vn -0.5877 -0.7954 -0.1480
vn -0.9520 -0.2285 -0.2035
vn -0.4595 -0.2514 -0.8518
vn -0.4042 -0.6143 -0.6776
vn -0.4447 -0.5629 -0.6967
vn -0.7041 0.1275 -0.6986
vn -0.7752 0.4535 0.4398
vn 0.5016 0.5221 0.6898
vn 0.4224 0.8129 0.4009
vn 0.5448 0.6596 0.5179
vn 0.3217 -0.1701 0.9314
vn 0.3169 -0.0186 0.9483
vn 0.3233 0.0010 0.9463
vn 0.3787 0.1849 0.9068
vn 0.2888 0.0364 0.9567
vn 0.3659 0.2764 0.8887
vn 0.2651 0.9046 0.3337
vn 0.2154 0.9548 0.2049
vn 0.2938 0.7320 0.6146
vn 0.1628 0.9183 0.3607
vn 0.0022 0.9879 0.1551
vn 0.3655 0.9010 0.2335
vn 0.2809 0.2269 0.9325
vn 0.1846 0.9813 0.0544
vn -0.1057 0.8858 -0.4519
vn 0.3678 0.9213 0.1260
vn -0.0379 0.7418 -0.6696
vn -0.1683 0.7206 -0.6727
vn -0.1204 0.8519 -0.5097
vn -0.2291 0.6026 -0.7645
vn 0.1047 0.7521 -0.6507
vn 0.1165 0.7600 -0.6394
vn -0.0852 0.5917 -0.8017
vn -0.3275 0.5266 -0.7845
vn -0.2646 0.6071 -0.7492
vn -0.3111 0.6840 -0.6598
vn -0.4173 0.5543 -0.7201
vn -0.0481 0.9310 0.3618
vn 0.1847 0.8975 0.4005
vn -0.0482 0.9242 0.3788
vn -0.1417 0.7213 -0.6780
vn -0.1980 0.9752 -0.0987
vn -0.0037 0.9799 -0.1995
vn -0.2491 0.8802 -0.4040
vn -0.6893 0.2671 -0.6735
vn -0.3190 0.4950 -0.8082
vn -0.1667 0.6062 -0.7777
vn -0.0835 0.7770 -0.6239
vn -0.5504 0.3462 -0.7597
vn -0.8271 0.1981 -0.5260
vn -0.1020 0.8443 -0.5260
vn -0.1910 0.8507 -0.4898
vn -0.0003 0.5087 -0.8609
vn -0.3364 0.4579 -0.8229
vn -0.3079 0.5595 -0.7695
vn -0.2873 0.5291 -0.7985
vn -0.6877 0.3282 -0.6476
vn -0.5142 0.5229 -0.6798
vn 0.3766 0.5648 -0.7343
vn -0.4023 0.5070 -0.7623
vn -0.2512 0.5720 -0.7809
vn -0.4916 0.3976 -0.7747
vn -0.6611 0.3164 -0.6803
vn -0.4568 0.4053 -0.7919
vn -0.5136 0.2825 -0.8102
vn -0.4676 0.3622 -0.8064
vn -0.2117 0.4625 -0.8610
vn -0.2754 0.3942 -0.8768
vn -0.6285 0.2649 -0.7313
vn 0.3034 -0.2046 0.9306
vn -0.2435 0.3727 -0.8954
vn -0.4208 0.3666 -0.8298
vn -0.2528 0.3552 -0.9000
vn -0.2195 0.3704 -0.9026
vn -0.5057 0.3297 -0.7972
vn -0.4783 0.2404 -0.8447
vn -0.3781 0.3210 -0.8683
vn -0.3986 0.4448 -0.8020
vn 0.0305 -0.2975 0.9542
vn -0.5353 0.6271 -0.5659
vn -0.7971 0.4031 -0.4496
vn -0.6283 0.2770 -0.7270
vn -0.8382 0.3513 -0.4171
vn -0.7272 -0.5119 -0.4574
vn -0.7530 -0.3941 -0.5269
vn -0.7558 -0.3748 -0.5370
vn -0.1953 0.9055 -0.3767
vn -0.3924 0.8256 -0.4054
vn -0.5064 0.4728 0.7212
vn -0.7609 -0.3271 -0.5603
vn -0.3791 -0.3349 -0.8626
vn -0.3252 -0.7470 -0.5799
vn -0.3475 0.9045 -0.2472
vn -0.0249 0.8280 0.5602
vn -0.0969 -0.1629 0.9819
vn -0.0507 -0.2441 0.9684
vn -0.1389 -0.2347 0.9621
vn -0.1520 0.9664 -0.2073
vn -0.2185 0.9746 -0.0489
vn -0.1352 -0.2809 0.9502
vn -0.3137 -0.0440 0.9485
vn -0.2133 -0.1338 0.9678
vn -0.2665 0.9516 -0.1528
vn -0.4533 0.7217 0.5232
vn -0.4342 0.6942 0.5741
vn -0.4552 0.7245 0.5176
vn -0.4318 0.6908 0.5799
vn -0.2486 0.9308 -0.2680
vn -0.4388 0.8875 -0.1406
vn -0.5045 0.8628 0.0317
vn -0.2839 0.9198 -0.2709
vn -0.4509 0.2449 0.8583
vn -0.4705 0.0715 0.8795
vn -0.6302 0.2439 0.7372
vn -0.6512 0.7577 -0.0427
vn -0.6382 0.1912 0.7457
vn -0.3406 -0.1130 0.9334
vn -0.3541 0.8573 -0.3737
vn -0.5469 0.8115 -0.2061
vn 0.3725 -0.2303 0.8990
vn 0.3870 -0.0507 0.9207
vn 0.4322 0.1273 0.8927
vn 0.3616 -0.0677 0.9299
vn 0.4791 0.1484 0.8651
vn 0.4021 0.5900 0.7001
vn 0.4485 0.5591 0.6974
vn 0.4794 0.5331 0.6971
vn 0.5335 0.3742 0.7585
vn 0.3065 0.9289 0.2078
vn 0.2395 0.9689 -0.0615
vn 0.3164 0.9283 0.1952
vn 0.1622 0.8740 -0.4581
vn -0.1733 0.6228 -0.7629
vn -0.2022 0.5552 -0.8068
vn -0.1315 0.6077 -0.7832
vn -0.2565 0.4621 -0.8489
vn -0.1262 0.6308 -0.7656
vn 0.1454 0.8691 -0.4727
vn 0.0015 0.7326 -0.6807
vn -0.1692 0.5485 -0.8189
vn -0.0871 0.5425 -0.8355
vn -0.3823 0.5562 -0.7379
vn -0.3153 0.4604 -0.8298
vn -0.4161 0.4186 -0.8072
vn -0.3380 0.6202 -0.7079
vn -0.3360 0.2932 -0.8951
vn -0.2438 0.3450 -0.9064
vn -0.3315 0.2536 -0.9088
vn -0.2054 0.2804 -0.9376
vn 0.1905 -0.3547 0.9154
vn 0.2031 -0.2272 0.9524
vn -0.2834 0.4805 -0.8300
vn -0.1224 0.5402 -0.8326
vn -0.6173 0.7010 -0.3571
vn -0.0480 0.8577 -0.5119
vn 0.0284 0.8414 -0.5396
vn -0.0143 -0.2036 0.9789
vn -0.0866 0.9961 0.0160
vn -0.1107 0.9911 -0.0736
vn -0.2938 0.9546 0.0492
vn -0.4149 0.9025 0.1154
vn -0.4060 0.8770 -0.2570
vn -0.3236 0.9440 0.0653
vn -0.2064 0.9459 -0.2503
vn -0.5208 0.7864 -0.3321
vn -0.4861 0.8666 -0.1131
vn -0.4094 0.9053 0.1133
vn -0.5074 0.8053 0.3065
vn -0.2873 0.9451 0.1556
vn -0.3026 0.0008 0.9531
vn -0.1277 -0.2558 0.9583
vn -0.5669 0.3354 0.7524
vn -0.4944 0.1810 0.8502
vn -0.5921 0.7418 0.3148
vn -0.6977 0.5961 0.3972
vn -0.5849 0.8032 0.1130
vn -0.6336 0.7713 -0.0597
vn -0.7318 0.5945 0.3331
vn -0.3195 0.7712 0.5507
vn -0.3217 0.0880 0.9427
vn -0.1901 -0.0989 0.9768
vn -0.1418 -0.0395 0.9891
vn -0.4457 0.6825 0.5792
vn -0.3827 0.7124 0.5883
vn -0.3378 0.6831 0.6475
vn -0.0643 -0.1930 0.9791
vn -0.1085 -0.0034 0.9941
vn -0.0766 -0.2633 0.9617
vn -0.1353 0.5290 0.8378
vn 0.0745 0.2564 0.9637
vn -0.0549 -0.0294 0.9981
vn 0.1839 -0.1358 0.9735
vn -0.0445 -0.2035 0.9781
vn 0.0148 0.4906 0.8712
vn 0.1049 0.8010 0.5894
vn -0.1340 0.1477 0.9799
vn 0.5694 0.0957 0.8164
vn 0.4297 -0.0901 0.8985
vn 0.5152 0.0752 0.8538
vn 0.5971 0.7932 0.1196
vn 0.5899 0.7977 0.1256
vn 0.5624 0.8135 0.1480
vn 0.3201 -0.2649 0.9096
vn 0.1209 0.8619 -0.4924
vn -0.0192 0.6677 -0.7442
vn 0.0084 0.7548 -0.6559
vn -0.0747 0.5835 -0.8087
vn 0.3201 0.9287 0.1871
vn 0.3317 -0.2633 0.9059
vn 0.2456 -0.6166 0.7480
vn -0.1586 0.5631 -0.8110
vn -0.1154 0.5578 -0.8220
vn 0.2187 -0.2122 0.9525
vn 0.1459 0.5848 -0.7979
vn 0.1751 0.7813 -0.5991
vn 0.1013 0.9207 -0.3768
vn 0.1960 0.9073 -0.3719
vn 0.0522 -0.3452 0.9371
vn 0.3155 -0.1292 0.9401
vn -0.0065 -0.1490 0.9888
vn -0.1717 0.9715 0.1637
vn -0.3243 0.9435 -0.0689
vn -0.2519 -0.3652 0.8962
vn -0.1785 0.8432 0.5070
vn -0.1555 0.9253 0.3460
vn 0.0286 0.9400 0.3400
vn 0.0036 0.7811 0.6244
vn -0.3365 0.5697 0.7498
vn -0.1955 -0.3085 0.9309
vn -0.1160 0.3891 0.9138
vn -0.1785 -0.2297 0.9567
vn -0.2610 0.1600 0.9520
vn -0.2253 0.8314 0.5080
vn -0.2788 0.7309 0.6229
vn -0.1648 0.9289 0.3317
vn -0.3882 0.8756 0.2873
vn -0.3850 0.8288 0.4061
vn -0.2302 0.9370 0.2626
vn -0.2626 0.9326 0.2475
vn -0.3970 0.7884 0.4699
vn -0.3054 -0.1895 0.9332
vn -0.4384 0.7235 0.5332
vn -0.3732 -0.1579 0.9142
vn -0.3538 -0.0764 0.9322
vn -0.4045 0.7723 0.4898
vn -0.4183 0.0696 0.9056
vn 0.1669 0.4281 0.8882
vn 0.2398 -0.0314 0.9703
vn 0.2976 0.2979 0.9070
vn 0.7582 -0.4351 0.4856
vn 0.6172 -0.3694 0.6947
vn 0.5761 -0.6450 0.5021
vn 0.6661 -0.7268 0.1673
vn 0.3011 0.6403 0.7066
vn 0.7257 0.1602 0.6691
vn 0.5457 -0.7783 0.3106
vn 0.3802 -0.8673 0.3213
vn 0.1046 0.7622 0.6388
vn 0.0401 0.9464 0.3205
vn 0.2756 -0.3601 0.8913
vn 0.0917 0.5441 0.8340
vn -0.2254 0.8808 -0.4163
vn -0.1201 0.9673 -0.2234
vn -0.1818 0.9599 -0.2132
vn 0.1790 -0.3090 0.9341
vn 0.0653 -0.1816 0.9812
vn 0.1312 -0.5626 0.8163
vn 0.3255 -0.8899 0.3197
vn 0.2704 -0.9336 0.2352
vn 0.3752 -0.7724 0.5124
vn 0.5630 -0.7624 0.3190
vn 0.4163 -0.8795 0.2304
vn 0.4947 -0.7918 0.3583
vn -0.0198 0.9927 0.1193
vn -0.1816 0.7159 -0.6742
vn 0.5022 -0.8644 0.0267
vn 0.1118 -0.9155 0.3866
vn -0.2344 -0.6459 0.7266
vn -0.4487 -0.8507 0.2739
vn 0.0769 0.9796 0.1855
vn -0.0197 0.6813 -0.7317
vn -0.3817 -0.8273 0.4123
vn -0.2116 -0.4353 0.8750
vn -0.0480 0.5799 -0.8133
vn -0.2295 0.4524 -0.8618
vn -0.1028 0.4208 -0.9013
vn 0.0970 0.2551 -0.9620
vn 0.1794 0.5645 -0.8057
vn -0.2166 -0.4312 0.8759
vn -0.2194 -0.8731 0.4354
vn -0.3065 -0.9428 0.1307
vn -0.4758 -0.8748 0.0911
vn 0.1034 0.8249 0.5558
vn 0.1352 0.7136 -0.6873
vn -0.2745 -0.8547 -0.4406
vn -0.3174 -0.5334 -0.7841
vn 0.0811 0.5475 0.8328
vn 0.2178 0.7262 -0.6521
vn 0.2931 0.5882 -0.7538
vn 0.3448 0.8581 -0.3805
vn 0.4074 -0.1469 0.9014
vn 0.4876 -0.0326 0.8724
vn 0.4764 -0.1551 0.8654
vn 0.3977 0.6549 0.6427
vn 0.3093 0.6969 0.6470
vn 0.4542 0.6252 0.6347
vn 0.5893 0.7691 0.2474
vn 0.6040 0.5720 0.5550
vn 0.5895 0.7461 0.3095
vn -0.1675 -0.9774 -0.1287
vn 0.3614 0.6812 -0.6367
vn 0.2468 0.8121 -0.5288
vn 0.4604 0.7572 -0.4633
vn 0.6224 0.7765 0.0979
vn -0.0831 0.7661 -0.6374
vn -0.0661 0.6964 -0.7146
vn 0.1447 0.7724 -0.6184
vn -0.2810 -0.3003 0.9115
vn -0.3019 -0.6920 0.6557
vn -0.2152 -0.9642 0.1549
vn -0.0462 0.2481 0.9676
vn -0.1275 -0.0402 0.9910
vn 0.5158 0.7905 -0.3304
vn 0.3818 0.9160 0.1234
vn -0.1518 0.5622 -0.8129
vn -0.3872 -0.4828 0.7855
vn -0.4690 -0.8620 0.1925
vn 0.2689 0.8751 0.4024
vn 0.3091 0.7939 0.5236
vn 0.4778 0.8530 0.2098
vn -0.0640 -0.0625 0.9960
vn 0.1617 0.3085 0.9374
vn -0.1717 0.6214 -0.7644
vn 0.4961 0.8197 0.2864
vn 0.5633 0.8258 0.0270
vn 0.3318 0.5688 0.7525
vn 0.0548 0.1199 0.9913
vn 0.4510 0.6677 0.5923
vn -0.0853 -0.4064 0.9097
vn -0.2160 -0.6054 0.7661
vn -0.4337 -0.7144 0.5490
vn 0.0018 0.0064 1.0000
vn 0.1746 0.4384 0.8817
vn 0.3285 0.3656 0.8709
vn -0.3619 0.1776 -0.9151
vn 0.1012 -0.0264 0.9945
vn 0.5228 0.3851 0.7605
vn 0.3328 0.2584 0.9069
vn -0.3568 0.1204 -0.9264
vn -0.2654 0.3392 -0.9025
vn 0.0868 -0.1939 0.9772
vn 0.4597 0.0065 0.8880
vn 0.3615 0.1134 0.9255
vn 0.0063 -0.5048 0.8632
vn 0.3580 -0.0727 0.9309
vn -0.2882 0.3669 -0.8845
vn -0.2058 0.2954 -0.9329
vn 0.1964 0.6206 -0.7592
vn -0.1197 0.2636 -0.9572
vn -0.1395 0.6133 -0.7774
vn 0.0596 0.3766 -0.9245
vn 0.3766 0.4623 -0.8028
vn 0.1358 -0.7958 0.5902
vn -0.0628 -0.7861 0.6149
vn 0.2433 0.4953 -0.8340
vn 0.3128 -0.7779 0.5450
vn 0.5322 -0.7270 0.4338
vn 0.5650 -0.5855 0.5814
vn 0.5890 -0.3209 0.7417
vn 0.4139 -0.3622 0.8351
vn 0.4138 -0.5205 0.7469
vn 0.4977 -0.3318 0.8014
vn 0.5690 -0.1349 0.8112
vn 0.1419 -0.5645 0.8132
vn -0.2537 -0.6090 0.7515
vn -0.3454 -0.5367 0.7698
vn 0.3328 0.9216 -0.1998
vn -0.4491 -0.0923 -0.8887
vn -0.1061 -0.0995 -0.9894
vn -0.2832 -0.3034 -0.9098
vn -0.3768 -0.8544 -0.3579
vn -0.5287 -0.8091 -0.2566
vn -0.5371 -0.7154 -0.4469
vn 0.0060 0.9993 0.0373
vn 0.1634 0.9833 -0.0799
vn 0.2372 0.9601 0.1484
vn 0.0577 -0.2045 -0.9772
vn 0.0202 -0.8968 -0.4419
vn -0.1717 -0.9341 -0.3132
vn 0.0874 -0.3215 -0.9429
vn 0.0544 -0.8652 -0.4985
vn -0.1853 0.5975 0.7801
vn -0.0229 0.8836 0.4677
vn 0.2014 0.9794 -0.0155
vn -0.2665 -0.4392 0.8579
vn -0.3658 -0.6290 0.6860
vn 0.1040 0.4371 -0.8934
vn 0.0558 0.3342 -0.9408
vn 0.0146 0.1224 -0.9924
vn -0.1443 -0.3213 -0.9359
vn -0.1537 0.4990 0.8529
vn -0.3331 0.6939 0.6384
vn -0.2339 0.9411 0.2443
vn 0.0393 0.9893 -0.1403
vn -0.1282 0.9691 -0.2110
vn -0.2146 -0.6037 0.7678
vn -0.3446 0.9346 -0.0878
vn -0.4765 0.8774 0.0562
vn -0.3980 0.5209 0.7552
vn -0.2912 -0.4981 0.8168
vn -0.1348 -0.6462 0.7512
vn -0.3983 0.4930 0.7735
vn -0.6429 0.7238 0.2507
vn -0.6164 0.7864 0.0405
vn -0.5917 0.7390 0.3220
vn -0.1184 0.4510 -0.8846
vn -0.5162 0.6855 0.5134
vn -0.6845 0.7097 -0.1667
vn -0.5997 0.7263 0.3359
vn -0.2631 0.7282 0.6328
vn -0.3009 0.8219 0.4838
vn -0.3436 0.7325 0.5877
vn -0.4783 0.6252 -0.6167
vn -0.3587 0.4262 -0.8305
vn -0.1824 0.7124 -0.6777
vn -0.4355 0.8985 0.0555
vn -0.4994 0.8643 0.0604
vn -0.3920 0.9168 -0.0763
vn -0.3462 0.8914 0.2923
vn -0.3518 -0.2324 0.9068
vn -0.3630 0.8597 0.3595
vn -0.3982 0.8609 0.3167
vn -0.3254 0.9452 0.0264
vn -0.3361 -0.0786 0.9385
vn -0.6593 -0.2867 0.6950
vn -0.7403 -0.1920 0.6443
vn -0.3793 -0.5483 0.7453
vn -0.9412 -0.1448 0.3051
vn -0.9728 -0.1965 0.1231
vn -0.6847 0.0275 0.7283
vn -0.8055 -0.2524 0.5362
vn -0.9435 -0.2975 0.1456
vn -0.9097 -0.2683 0.3171
vn -0.5016 0.5801 0.6418
vn -0.6552 0.6016 0.4568
vn 0.7849 0.5311 0.3192
vn 0.4194 0.7952 0.4379
vn 0.9320 -0.1722 0.3190
vn 0.7224 -0.6890 -0.0584
vn 0.9000 -0.3944 0.1855
vn 0.9657 0.0772 0.2478
vn 0.3142 0.9368 0.1539
vn 0.4628 0.8717 0.1610
vn 0.8827 -0.3523 0.3109
vn 0.4445 -0.8863 -0.1301
vn 0.4213 -0.7733 -0.4739
vn 0.0927 0.9951 -0.0356
vn -0.1586 0.9609 -0.2268
vn 0.3893 -0.9197 0.0503
vn 0.3770 -0.7925 -0.4793
vn -0.4104 0.7222 -0.5568
vn -0.4184 0.5461 -0.7257
vn 0.2539 -0.9385 0.2340
vn 0.4352 -0.8859 0.1606
vn 0.1510 -0.2939 -0.9438
vn 0.0231 -0.3304 -0.9436
vn -0.2581 0.1969 -0.9458
vn -0.3192 0.6071 -0.7277
vn 0.6085 -0.7382 0.2912
vn 0.3715 -0.7533 -0.5428
vn 0.2537 -0.9601 -0.1174
vn -0.0273 -0.0564 -0.9980
vn -0.1979 0.1234 -0.9724
vn -0.1348 -0.9903 0.0334
vn -0.5181 -0.8016 -0.2983
vn -0.1734 -0.8945 -0.4122
vn 0.1518 -0.8183 -0.5544
vn -0.2811 -0.6231 -0.7299
vn 0.0765 -0.4567 -0.8863
vn -0.2231 -0.2497 -0.9423
vn -0.4230 -0.2984 -0.8556
vn -0.2303 -0.0133 -0.9730
vn 0.3837 -0.0962 0.9184
vn 0.3439 0.0072 0.9390
vn 0.2637 -0.0806 0.9612
vn 0.4091 0.0788 0.9091
vn -0.2345 0.8973 0.3739
vn -0.1222 0.9162 0.3817
vn -0.2010 0.9042 0.3768
vn 0.4274 -0.2124 0.8787
vn 0.4671 -0.0817 0.8804
vn 0.2278 0.9736 -0.0154
vn 0.0556 0.9675 -0.2468
vn -0.0815 0.9800 -0.1814
vn -0.2016 0.9082 -0.3669
vn -0.3435 0.8285 -0.4423
vn -0.3928 0.7707 -0.5017
vn -0.2351 -0.7280 -0.6440
vn 0.1829 0.1544 0.9709
vn 0.0573 0.6090 0.7911
vn 0.2709 0.1174 0.9554
vn -0.3004 0.8804 0.3668
vn -0.1953 0.5860 0.7864
vn 0.2969 0.3817 0.8753
vn -0.1226 0.8367 0.5337
vn 0.0996 0.4820 0.8705
vn -0.3597 0.7803 -0.5116
vn -0.2713 0.7198 -0.6389
vn -0.2897 0.8257 -0.4840
vn 0.0271 -0.0135 -0.9995
vn 0.3139 0.0401 -0.9486
vn -0.0477 -0.9074 -0.4176
vn 0.2422 -0.2884 -0.9264
vn 0.4935 -0.2058 -0.8450
vn 0.4583 0.1849 -0.8694
vn 0.3935 0.4700 -0.7901
vn 0.3777 0.1835 0.9076
vn 0.2594 0.7253 0.6377
vn 0.0592 0.9597 0.2749
vn 0.0615 0.9819 0.1790
vn 0.0597 0.9648 0.2560
vn 0.2600 0.7277 0.6347
vn 0.0621 0.9865 0.1515
vn -0.1178 -0.9929 0.0139
vn 0.1611 -0.7688 -0.6189
vn 0.0291 -0.9492 -0.3133
vn 0.3383 -0.7065 -0.6217
vn 0.0805 -0.9611 -0.2643
vn 0.6388 0.3118 -0.7034
vn 0.5097 0.6058 -0.6109
vn 0.5634 -0.2188 -0.7967
vn 0.6413 0.6539 -0.4015
vn -0.2651 0.4323 -0.8619
vn -0.2377 -0.9577 -0.1624
vn 0.5860 0.7683 -0.2575
vn -0.1181 0.6312 -0.7666
vn -0.2797 0.3350 -0.8997
vn -0.5338 -0.8415 -0.0830
vn -0.2474 0.4186 -0.8738
vn -0.2969 0.2906 -0.9096
vn -0.3251 0.2484 -0.9125
vn -0.3579 0.1741 -0.9174
vn 0.5661 0.7192 0.4028
vn 0.7150 0.6429 0.2745
vn 0.2971 -0.2884 0.9103
vn -0.2664 -0.9457 -0.1861
vn -0.1076 -0.9931 0.0468
vn -0.2435 -0.7456 0.6203
vn 0.6208 0.2905 0.7281
vn 0.4558 -0.1281 0.8808
vn -0.2137 -0.8674 0.4494
vn -0.3558 0.2345 -0.9047
vn -0.4405 0.1535 -0.8845
vn -0.4960 0.0667 -0.8658
vn 0.0140 -0.8932 0.4495
vn 0.0845 -0.8343 0.5448
vn 0.4573 -0.6687 0.5863
vn 0.5294 -0.3862 0.7554
vn 0.7141 -0.5170 0.4720
vn 0.2150 -0.8391 0.4997
vn 0.2840 -0.5820 0.7619
vn 0.3849 -0.1763 0.9060
vn 0.3889 -0.5129 0.7653
vn 0.3631 0.6304 -0.6861
vn 0.0998 0.7357 -0.6700
vn 0.6947 -0.2716 0.6660
vn 0.6250 -0.0378 0.7797
vn 0.7216 -0.0942 0.6859
vn 0.7673 0.0702 0.6374
vn 0.7962 -0.1985 0.5716
vn 0.7442 -0.4327 0.5088
vn 0.4423 -0.1272 0.8878
vn 0.4144 -0.5541 0.7219
vn 0.5946 -0.6906 0.4116
vn 0.2637 -0.7137 0.6490
vn 0.5842 -0.6464 0.4908
vn -0.2018 -0.7847 0.5861
vn -0.7399 -0.5195 -0.4273
vn -0.7525 0.0078 -0.6585
vn -0.5124 -0.8305 0.2185
vn -0.3690 0.4785 -0.7968
vn 0.1445 0.5865 -0.7969
vn -0.1667 0.2942 -0.9411
vn -0.4738 0.1363 -0.8700
vn -0.7198 0.3447 -0.6025
vn 0.1395 0.9664 -0.2160
vn -0.3775 -0.7938 0.4769
vn -0.2715 -0.8232 0.4986
vn -0.4622 -0.8863 0.0291
vn -0.1602 -0.9759 0.1480
vn -0.4993 -0.8350 -0.2314
vn -0.2796 -0.9549 -0.0998
vn -0.2097 -0.9775 0.0231
vn -0.2858 0.5676 -0.7721
vn 0.2001 0.5954 -0.7781
vn -0.3639 -0.7120 0.6005
vn -0.5360 -0.6064 0.5874
vn 0.2952 0.6110 -0.7346
vn 0.1643 0.6859 -0.7090
vn -0.3235 -0.8813 -0.3444
vn -0.4888 -0.6240 0.6097
vn -0.4182 -0.8003 0.4297
vn -0.3649 -0.7830 0.5037
vn 0.1731 0.6094 -0.7737
vn -0.1779 -0.6990 -0.6927
vn -0.1314 -0.9235 -0.3605
vn -0.0864 0.8635 -0.4969
vn -0.2109 -0.7869 0.5798
vn -0.2742 0.5220 -0.8076
vn -0.4159 0.7539 -0.5085
vn -0.4393 0.8704 -0.2224
vn -0.6580 0.6811 -0.3211
vn -0.5591 0.4662 -0.6856
vn 0.1740 0.6242 -0.7617
vn 0.1632 0.4335 -0.8862
vn -0.7108 0.5149 -0.4792
vn -0.3943 -0.2646 -0.8801
vn -0.4089 0.0929 -0.9079
vn -0.6262 0.2317 -0.7444
vn -0.6986 0.5122 -0.4996
vn -0.5283 -0.0895 -0.8443
vn -0.3544 -0.5421 0.7619
vn 0.2262 0.5220 -0.8224
vn -0.2203 0.2089 -0.9528
vn -0.5547 0.5149 -0.6536
vn -0.3417 -0.5365 0.7717
vn -0.2240 -0.5456 0.8076
vn 0.4283 0.6620 -0.6150
vn 0.0770 0.3098 -0.9477
vn -0.0940 0.7742 -0.6259
vn -0.0068 0.9127 -0.4085
vn 0.1099 0.9394 -0.3247
vn 0.1089 0.9372 -0.3315
vn -0.2674 -0.6070 0.7484
vn -0.5391 -0.6143 0.5762
vn -0.8450 -0.5057 0.1738
vn -0.7387 -0.4244 0.5237
vn -0.9749 -0.2135 -0.0629
vn -0.9670 -0.1394 0.2131
vn -0.9999 -0.0060 0.0155
vn -0.9653 -0.0577 -0.2546
vn -0.8472 0.2002 -0.4921
vn -0.9299 0.1712 -0.3256
vn -0.8133 0.3348 -0.4759
vn -0.8843 0.1478 -0.4430
vn -0.8389 0.0596 -0.5410
vn -0.8790 -0.2605 -0.3995
vn -0.9348 0.0155 -0.3549
vn -0.9440 -0.1643 -0.2862
vn -0.9098 -0.3349 -0.2451
vn -0.9366 -0.2863 -0.2018
vn -0.8823 -0.1278 -0.4529
vn -0.8297 -0.3276 -0.4520
vn -0.8267 -0.3699 -0.4240
vn -0.9329 -0.2345 -0.2732
vn -0.8712 -0.4117 -0.2674
vn -0.6212 0.7801 0.0738
vn -0.8769 0.4750 -0.0733
vn -0.4515 0.8894 0.0712
vn -0.7259 0.6831 0.0806
vn -0.9656 0.2549 -0.0518
vn -0.9945 -0.1019 0.0236
vn -0.7874 0.6049 0.1189
vn -0.9864 0.0243 0.1627
vn -0.8169 0.2472 0.5211
vn -0.9710 -0.0021 -0.2391
vn 0.6647 -0.7462 -0.0354
vn 0.1430 -0.7409 -0.6562
vn 0.8001 0.5596 0.2161
vn 0.9454 0.0880 0.3139
vn 0.7768 0.5285 0.3426
vn 0.8854 0.1580 0.4371
vn 0.9204 0.1074 0.3759
vn 0.8205 0.4712 0.3237
vn 0.7012 0.6289 0.3358
vn 0.3049 0.9519 -0.0285
vn 0.8395 -0.4787 0.2569
vn 0.5540 -0.7494 -0.3626
vn -0.0328 -0.5358 -0.8437
vn -0.2228 -0.3456 -0.9116
vn -0.4520 0.2298 -0.8619
vn -0.3566 -0.2254 -0.9067
vn -0.4034 0.5462 -0.7342
vn 0.1091 0.9308 -0.3488
vn 0.4249 -0.3331 0.8417
vn 0.5901 -0.1584 0.7917
vn 0.4185 -0.3818 0.8241
vn 0.5932 -0.2966 0.7485
vn 0.7292 -0.1851 0.6588
vn 0.5943 -0.0725 0.8010
vn 0.7439 0.6383 0.1980
vn 0.9478 0.3115 0.0675
vn 0.7915 0.6032 -0.0985
vn 0.5167 0.8560 0.0148
vn 0.2546 0.9047 -0.3415
vn -0.3770 0.7277 -0.5730
vn 0.6648 0.7060 0.2442
vn 0.5124 -0.2460 0.8227
vn -0.4342 0.5680 -0.6992
vn 0.3143 -0.0487 0.9481
vn 0.5521 -0.5273 -0.6458
vn 0.7337 0.0240 -0.6790
vn 0.4426 -0.7001 -0.5603
vn 0.8169 0.2466 -0.5214
vn 0.7190 -0.4707 -0.5114
vn 0.9131 -0.0564 -0.4038
vn 0.4386 -0.8103 -0.3886
vn 0.6660 0.7262 -0.1707
vn -0.5018 -0.8540 -0.1373
vn 0.7635 0.6397 0.0889
vn -0.4227 -0.8937 -0.1507
vn 0.7685 0.2289 0.5975
vn -0.2369 0.6097 -0.7564
vn -0.2665 0.5153 -0.8145
vn 0.1370 -0.9221 -0.3620
vn -0.0640 -0.9910 -0.1178
vn -0.3458 0.5536 -0.7576
vn -0.3794 0.5017 -0.7774
vn -0.2317 -0.6536 0.7205
vn -0.3673 -0.5781 0.7286
vn 0.2546 -0.9569 0.1396
vn 0.4306 -0.8923 -0.1355
vn 0.5013 -0.8172 0.2845
vn -0.2924 0.4312 -0.8536
vn 0.2235 -0.8217 0.5242
vn -0.4441 -0.5817 0.6815
vn -0.5065 -0.5352 0.6761
vn -0.1922 -0.6581 0.7280
vn 0.3505 -0.6712 0.6531
vn -0.2830 0.4797 -0.8305
vn -0.0208 0.8535 -0.5206
vn 0.1521 0.9206 -0.3597
vn 0.1671 0.9714 -0.1688
vn 0.0777 -0.9575 0.2776
vn 0.4282 0.8230 -0.3732
vn 0.4172 0.7975 -0.4359
vn 0.6982 0.0239 0.7155
vn 0.4360 -0.2044 0.8764
vn 0.3867 -0.4734 0.7914
vn 0.5373 0.1544 0.8291
vn 0.1480 0.0115 0.9889
vn 0.7027 0.2348 0.6716
vn 0.6492 -0.6896 0.3211
vn 0.4034 -0.8851 0.2321
vn -0.1011 -0.5353 0.8386
vn -0.2852 -0.8528 0.4375
vn 0.4374 -0.5486 0.7125
vn 0.0014 -0.2213 0.9752
vn -0.1635 -0.3930 0.9049
vn 0.2983 -0.4034 0.8651
vn -0.0627 -0.5774 0.8141
vn 0.0512 -0.1518 0.9871
vn 0.6843 -0.1914 0.7037
vn 0.1529 0.0551 0.9867
vn 0.4297 0.2265 0.8741
vn 0.5812 0.0979 0.8079
vn 0.7745 0.0370 0.6315
vn 0.1435 0.9200 -0.3647
vn 0.2088 0.9409 -0.2667
vn 0.2818 0.9509 -0.1279
vn 0.4613 -0.7659 0.4479
vn -0.1140 -0.9379 0.3277
vn -0.3818 -0.9102 -0.1603
vn -0.9311 -0.1752 -0.3200
vn -0.8238 -0.5664 -0.0219
vn -0.2576 0.4972 -0.8285
vn -0.0570 -0.9848 -0.1640
vn -0.3146 -0.8597 -0.4026
vn -0.1920 -0.8675 -0.4588
vn -0.4988 -0.8084 -0.3126
vn -0.1159 0.7728 -0.6240
vn -0.6647 -0.7058 -0.2450
vn -0.5228 -0.6633 -0.5355
vn -0.3682 -0.6446 -0.6700
vn -0.5647 -0.5603 -0.6060
vn 0.0825 0.4119 -0.9075
vn -0.6718 -0.7225 -0.1632
vn -0.6923 -0.6570 -0.2985
vn -0.6250 -0.7689 -0.1349
vn -0.6111 -0.7547 -0.2388
vn -0.3625 -0.5392 -0.7602
vn -0.3150 -0.8804 0.3544
vn -0.1513 -0.8080 0.5694
vn 0.0058 0.3735 -0.9276
vn 0.0730 0.4409 -0.8946
vn 0.0514 0.5153 -0.8555
vn -0.2195 -0.7166 -0.6620
vn -0.3880 -0.0864 -0.9176
vn -0.2891 0.2708 -0.9182
vn -0.1450 -0.7096 0.6895
vn 0.3038 0.4139 -0.8581
vn -0.3828 -0.4282 0.8186
vn -0.3245 -0.6194 0.7149
vn 0.4887 0.5325 -0.6911
vn -0.2953 -0.4196 0.8583
vn -0.3659 -0.5910 0.7189
vn -0.2601 -0.5042 0.8235
vn -0.5231 -0.5934 0.6118
vn -0.5963 -0.6477 0.4742
vn -0.9667 0.0535 -0.2503
vn -0.8915 0.1976 -0.4076
vn -0.9213 -0.1267 -0.3677
vn -0.1884 0.9776 -0.0940
vn -0.9497 -0.2224 -0.2205
vn -0.9038 0.0398 -0.4261
vn -0.8599 -0.0563 -0.5073
vn -0.8891 -0.3679 -0.2723
vn -0.8508 -0.5237 -0.0429
vn -0.7447 -0.6300 -0.2204
vn -0.8862 -0.4586 0.0655
vn -0.9889 0.1293 0.0726
vn -0.7238 -0.6884 -0.0460
vn -0.7609 0.6486 0.0200
vn 0.8063 -0.5773 -0.1291
vn 0.9190 -0.3305 0.2148
vn 0.8988 0.3506 0.2631
vn 0.4323 -0.8119 -0.3924
vn 0.5908 0.6706 -0.4486
vn 0.1490 -0.4248 -0.8929
vn 0.5882 -0.5481 -0.5946
vn 0.8340 -0.3961 -0.3841
vn 0.8432 -0.3865 -0.3738
vn 0.6778 0.5190 -0.5209
vn 0.8504 0.3672 -0.3770
vn -0.2837 0.6716 -0.6844
vn 0.4611 0.7266 -0.5094
vn 0.3257 -0.1508 -0.9334
vn 0.2127 -0.0215 -0.9769
vn 0.1706 -0.0211 -0.9851
vn -0.3669 0.4466 -0.8160
vn -0.2134 -0.4114 -0.8861
vn 0.3799 0.1241 0.9167
vn 0.2759 -0.1111 0.9547
vn 0.4588 0.0089 0.8885
vn 0.6252 0.3812 0.6810
vn 0.4660 0.3068 0.8299
vn 0.6708 0.3784 0.6379
vn 0.7352 0.5746 0.3597
vn 0.5535 0.4030 0.7288
vn 0.9885 -0.1152 0.0980
vn 0.9641 0.1649 -0.2082
vn 0.5998 -0.3527 0.7182
vn 0.9447 -0.1066 -0.3102
vn 0.3605 -0.3022 0.8824
vn 0.3495 0.2305 0.9082
vn 0.3841 0.1722 0.9071
vn 0.4898 0.3586 0.7947
vn 0.7263 0.2972 0.6199
vn 0.5976 0.7991 0.0657
vn 0.7340 0.6685 0.1195
vn 0.7862 0.5956 0.1649
vn 0.9583 0.2635 -0.1106
vn 0.6490 0.0119 0.7607
vn 0.8697 -0.1299 0.4762
vn 0.6016 -0.3314 0.7268
vn 0.9831 0.0540 0.1751
vn 0.9793 -0.1307 -0.1549
vn 0.9566 -0.2914 -0.0040
vn 0.9211 -0.2745 -0.2759
vn 0.2397 0.7103 -0.6618
vn -0.2162 0.6776 -0.7030
vn -0.0327 0.8374 -0.5455
vn 0.2790 0.4576 -0.8442
vn 0.5650 0.6641 -0.4896
vn -0.4859 0.1821 -0.8548
vn -0.4720 0.4734 -0.7437
vn -0.3355 0.0647 -0.9398
vn -0.4625 0.0331 -0.8860
vn 0.3901 -0.2709 0.8800
vn 0.2662 -0.4453 0.8549
vn -0.1516 0.3123 -0.9378
vn 0.6500 -0.6634 -0.3707
vn 0.8544 0.4134 -0.3150
vn 0.9645 -0.0299 -0.2623
vn 0.9060 0.3829 -0.1806
vn 0.2632 -0.9281 -0.2634
vn 0.7929 -0.5381 -0.2860
vn 0.9564 0.2788 0.0869
vn 0.0926 -0.9836 -0.1549
vn 0.9935 -0.1079 -0.0356
vn 0.4231 -0.8865 -0.1872
vn 0.7941 0.5945 -0.1260
vn 0.8861 0.4266 0.1811
vn -0.0648 0.4768 -0.8766
vn -0.2584 -0.9596 -0.1112
vn 0.4329 -0.8500 -0.3002
vn -0.4813 0.0940 -0.8715
vn -0.3627 0.1882 -0.9127
vn 0.7324 -0.6703 -0.1196
vn 0.4288 -0.8942 -0.1287
vn 0.7893 -0.6118 -0.0522
vn 0.6456 -0.7468 -0.1597
vn -0.4643 -0.3514 0.8130
vn -0.5161 -0.7534 0.4075
vn -0.6318 -0.3254 0.7036
vn -0.7057 -0.5177 0.4837
vn -0.0480 -0.9460 0.3207
vn 0.3546 0.9307 -0.0902
vn 0.5059 0.4681 0.7245
vn 0.6883 0.2920 0.6641
vn 0.5406 0.1055 0.8347
vn 0.6294 0.5126 0.5840
vn 0.4002 -0.8530 0.3350
vn 0.4797 -0.5110 0.7133
vn 0.4751 -0.2495 0.8438
vn 0.3863 -0.6405 0.6637
vn -0.6197 -0.7590 -0.1998
vn -0.3918 -0.9180 0.0609
vn 0.8466 -0.1046 0.5218
vn -0.4374 -0.7294 0.5260
vn -0.6311 -0.7672 0.1146
vn 0.5222 -0.8168 0.2453
vn 0.7044 -0.7029 0.0989
vn 0.5435 -0.8393 -0.0153
vn 0.6639 -0.7361 -0.1320
vn -0.7023 -0.6823 -0.2033
vn -0.1313 -0.7758 0.6172
vn 0.2803 -0.8101 0.5149
vn -0.2300 -0.9126 0.3379
vn 0.2095 -0.9340 0.2893
vn -0.3581 -0.9232 0.1392
vn 0.1443 -0.9882 0.0523
vn -0.3416 -0.9396 -0.0205
vn -0.2406 -0.9544 -0.1765
vn 0.4100 -0.9049 -0.1145
vn 0.6438 -0.7528 -0.1371
vn 0.5353 -0.7808 -0.3223
vn 0.5937 -0.7877 0.1644
vn 0.2504 -0.8581 -0.4482
vn -0.0305 -0.9878 -0.1527
vn -0.1117 -0.9164 -0.3844
vn -0.9260 0.1798 -0.3319
vn -0.3755 -0.8228 -0.4267
vn -0.4054 -0.9127 -0.0514
vn -0.7517 -0.6592 -0.0214
vn -0.5001 -0.7771 -0.3822
vn -0.4486 -0.8391 -0.3077
vn -0.6368 -0.7509 -0.1749
vn -0.0796 0.9385 -0.3361
vn -0.5569 -0.3645 -0.7463
vn -0.6361 -0.0760 -0.7678
vn -0.5362 -0.6162 -0.5768
vn -0.4741 0.6325 -0.6125
vn -0.5255 0.3746 -0.7639
vn -0.4474 0.0917 -0.8896
vn -0.5493 0.4580 -0.6989
vn -0.6798 -0.4449 -0.5830
vn -0.6798 -0.1914 -0.7079
vn -0.2789 0.6583 -0.6992
vn 0.0148 0.5302 -0.8478
vn 0.3268 0.6619 -0.6747
vn 0.3483 0.5011 -0.7922
vn 0.3726 0.6799 -0.6316
vn 0.3901 0.5803 -0.7149
vn 0.2953 0.5289 -0.7957
vn -0.3444 -0.7814 0.5203
vn -0.5445 -0.6969 0.4669
vn 0.2995 0.5233 -0.7978
vn 0.4294 0.3774 -0.8205
vn 0.2317 0.5102 -0.8283
vn -0.8539 -0.5005 -0.1428
vn -0.8179 -0.5676 -0.0940
vn -0.8170 0.1139 -0.5653
vn -0.6950 0.2129 -0.6868
vn -0.4771 0.0871 -0.8745
vn 0.4421 0.2446 -0.8630
vn 0.5393 0.2664 -0.7989
vn 0.0410 0.0331 -0.9986
vn -0.6256 -0.2700 -0.7320
vn 0.3825 0.0432 -0.9230
vn 0.3438 0.8254 -0.4477
vn -0.6365 -0.6641 -0.3924
vn -0.8897 -0.3332 -0.3121
vn -0.7199 -0.1912 -0.6672
vn -0.0195 -0.2436 -0.9697
vn -0.4996 -0.5420 -0.6757
vn 0.5073 0.4640 -0.7262
vn 0.3994 0.2411 -0.8845
vn 0.2381 -0.0955 -0.9665
vn 0.1461 0.4383 -0.8869
vn -0.0864 -0.3232 -0.9424
vn -0.4202 -0.4539 -0.7857
vn -0.2617 0.0022 -0.9652
vn -0.5996 0.0530 -0.7986
vn -0.0794 0.8723 -0.4825
vn 0.3223 0.6407 -0.6968
vn -0.5103 0.8297 -0.2263
vn -0.3902 0.7188 -0.5754
vn -0.0816 0.6524 -0.7535
vn -0.7280 0.2128 -0.6518
vn -0.8972 0.0447 -0.4394
vn -0.1970 0.4967 -0.8452
vn -0.9166 -0.3979 -0.0381
vn -0.9852 -0.1112 -0.1304
vn -0.7878 0.5941 -0.1625
vn -0.6421 0.6715 -0.3699
vn 0.4706 -0.4172 0.7775
vn 0.6245 -0.3408 0.7027
vn 0.6694 -0.2203 0.7095
vn 0.4828 -0.1845 0.8561
vn 0.7720 -0.0272 0.6351
vn 0.7485 -0.2526 0.6131
vn 0.6592 0.0695 0.7488
vn 0.7671 0.1381 0.6265
vn 0.7223 -0.1281 0.6796
vn 0.7570 0.4741 -0.4495
vn 0.7683 0.4862 -0.4163
vn 0.7710 0.5009 -0.3932
vn 0.7050 0.5461 -0.4526
vn -0.2492 0.3868 -0.8878
vn -0.1322 0.3255 -0.9363
vn -0.0639 0.3498 -0.9346
vn 0.4098 0.6689 -0.6202
vn -0.3712 0.5128 -0.7741
vn -0.1934 0.5698 -0.7987
vn -0.1121 0.2137 -0.9704
vn 0.6722 0.6988 0.2444
vn 0.1710 0.6202 -0.7656
vn 0.3000 0.5478 -0.7810
vn 0.0020 0.3595 -0.9331
vn 0.3689 0.4514 -0.8125
vn 0.5444 0.6496 -0.5307
vn 0.4047 0.4153 -0.8147
vn 0.2497 -0.0123 -0.9682
vn 0.7602 0.4073 -0.5062
vn 0.8390 0.2900 -0.4604
vn 0.9514 0.0039 -0.3080
vn 0.5454 0.0677 -0.8355
vn 0.5644 0.0558 -0.8236
vn 0.9276 -0.0861 -0.3634
vn 0.9325 -0.0854 -0.3509
vn 0.5090 -0.2682 -0.8179
vn 0.3625 -0.2907 -0.8855
vn 0.9539 -0.0861 -0.2875
vn 0.5052 -0.1720 -0.8457
vn 0.5104 -0.2545 -0.8214
vn 0.7960 -0.1041 -0.5963
vn 0.6338 -0.0619 -0.7710
vn 0.8325 0.0114 -0.5539
vn -0.3980 0.2699 -0.8768
vn -0.1786 0.2062 -0.9621
vn -0.3380 0.0920 -0.9366
vn -0.2323 0.1465 -0.9615
vn -0.3467 -0.1500 -0.9259
vn -0.2125 -0.3717 -0.9037
vn 0.3655 -0.5847 0.7243
vn -0.0722 0.5985 -0.7979
vn 0.7538 -0.6390 -0.1531
vn 0.9606 0.0805 0.2659
vn 0.9048 -0.4093 0.1174
vn 0.9082 -0.1453 0.3925
vn 0.6527 -0.7566 -0.0395
vn 0.4857 -0.8735 -0.0338
vn 0.7428 -0.6540 0.1430
vn 0.8586 0.2836 0.4270
vn 0.7853 0.1277 0.6057
vn 0.6800 -0.3996 0.6147
vn 0.7703 -0.4990 0.3971
vn -0.3139 -0.9454 0.0877
vn -0.2475 0.4171 -0.8745
vn -0.1233 0.4034 -0.9067
vn -0.3027 -0.9336 0.1919
vn 0.0998 -0.9945 0.0316
vn 0.6130 -0.7448 -0.2636
vn 0.5562 -0.2318 0.7981
vn 0.0539 -0.1739 0.9833
vn 0.3522 -0.3823 0.8543
vn 0.9343 -0.0723 0.3492
vn 0.9420 -0.2919 0.1659
vn 0.3516 -0.5541 0.7545
vn 0.8506 -0.4763 0.2228
vn 0.8598 -0.5106 0.0049
vn 0.5906 -0.7549 0.2853
vn 0.1073 0.0015 0.9942
vn 0.6682 -0.0297 0.7434
vn 0.9471 -0.0980 0.3056
vn 0.9987 -0.0436 -0.0259
vn 0.3835 -0.0740 0.9206
vn -0.1885 0.0422 0.9812
vn 0.0904 -0.1851 0.9785
vn 0.2607 -0.4056 0.8761
vn 0.5739 -0.2512 0.7794
vn -0.0178 -0.7520 0.6589
vn 0.4873 -0.8567 0.1692
vn 0.6282 -0.7494 0.2092
vn 0.6724 -0.7326 -0.1057
vn 0.4826 -0.7890 0.3801
vn 0.9117 -0.1951 0.3617
vn 0.9953 -0.0511 0.0823
vn 0.9342 -0.3567 0.0028
vn 0.4648 -0.8777 0.1163
vn -0.3851 -0.6775 0.6266
vn -0.1328 -0.4418 0.8872
vn -0.1978 -0.1958 0.9605
vn -0.0030 -0.6826 0.7308
vn -0.3457 0.0473 0.9371
vn 0.8083 -0.4680 -0.3573
vn 0.4134 -0.1969 0.8890
vn 0.6965 -0.5257 0.4883
vn 0.4182 -0.6405 0.6440
vn 0.6706 -0.6728 0.3126
vn 0.8101 -0.3700 0.4548
vn 0.4829 -0.3703 0.7935
vn 0.8277 -0.2070 0.5216
vn 0.5080 -0.7587 0.4078
vn 0.1177 -0.0764 0.9901
vn -0.3280 0.0736 0.9418
vn -0.5994 0.2161 0.7707
vn -0.4143 -0.0381 0.9093
vn -0.6607 0.0757 0.7468
vn -0.7108 -0.0644 0.7004
vn -0.7662 0.1779 0.6175
vn -0.8324 0.5540 -0.0141
vn -0.8896 0.4481 0.0886
vn -0.9524 0.2995 0.0567
vn -0.9598 -0.0443 0.2770
vn -0.9783 0.0604 -0.1983
vn -0.8800 0.4154 -0.2304
vn -0.6458 -0.2154 0.7325
vn -0.4727 -0.8667 0.1596
vn -0.7932 -0.2415 0.5590
vn -0.9270 -0.2941 0.2328
vn -0.7716 -0.6110 0.1771
vn -0.8933 -0.4130 -0.1775
vn -0.5729 -0.8153 -0.0844
vn 0.0094 -0.9833 0.1817
vn 0.2753 -0.0837 0.9577
vn 0.3746 -0.5995 0.7073
vn 0.1849 0.4038 0.8960
vn -0.0822 0.5062 0.8585
vn -0.4311 0.1246 0.8937
vn -0.2279 0.6070 0.7613
vn 0.1575 0.7994 0.5798
vn 0.3205 0.7580 0.5680
vn -0.7472 0.3014 0.5924
vn 0.3365 -0.4448 0.8300
vn 0.2984 -0.7572 0.5811
vn 0.2637 -0.8140 0.5176
vn 0.1126 -0.9882 0.1038
vn 0.5357 -0.8138 0.2252
vn 0.7818 0.3704 0.5016
vn 0.5405 -0.7016 0.4643
vn 0.7590 -0.4733 0.4471
vn 0.7285 -0.5564 0.3997
vn 0.3383 0.9390 -0.0619
vn -0.3639 -0.9053 -0.2190
vn -0.5193 -0.7398 -0.4278
vn -0.6002 -0.7175 -0.3535
vn 0.8779 0.0436 0.4769
vn 0.3962 -0.9093 -0.1276
vn -0.1405 -0.9731 -0.1828
vn -0.4948 -0.7685 -0.4058
vn -0.0432 -0.9896 -0.1374
vn 0.2542 -0.9669 0.0219
vn 0.4295 0.8961 0.1125
vn 0.5267 -0.8431 -0.1083
vn 0.2107 -0.9230 -0.3221
vn -0.8356 0.3864 -0.3905
vn -0.6994 0.3739 -0.6091
vn -0.9334 -0.3114 0.1784
vn 0.4566 0.8786 0.1400
vn 0.3766 0.9097 0.1749
vn -0.3681 -0.9044 -0.2157
vn -0.0412 -0.9937 -0.1044
vn 0.1698 0.9846 0.0418
vn -0.0924 -0.9644 0.2478
vn -0.3102 -0.9304 0.1952
vn 0.2408 -0.7327 0.6365
vn 0.0203 -0.6993 0.7146
vn 0.1125 -0.6206 0.7760
vn 0.2165 -0.8793 0.4241
vn 0.0349 0.9909 -0.1303
vn 0.0418 -0.5980 0.8004
vn -0.0685 -0.5836 0.8092
vn -0.6664 0.3956 -0.6320
vn -0.6218 0.4510 -0.6403
vn -0.2740 0.4795 -0.8337
vn -0.0073 0.5619 -0.8272
vn -0.1958 -0.6363 0.7462
vn -0.0490 -0.8327 0.5516
vn -0.2400 -0.8021 0.5469
vn -0.0539 -0.8430 0.5351
vn 0.1769 0.5997 -0.7804
vn 0.0839 0.5881 -0.8044
vn -0.6622 -0.6677 0.3399
vn -0.9847 -0.1725 -0.0244
vn -0.3788 0.3625 -0.8515
vn 0.0133 0.5861 -0.8101
vn -0.5368 0.1622 -0.8279
vn -0.9272 -0.1406 -0.3472
vn -0.4946 0.3186 -0.8086
vn -0.4490 0.1993 -0.8710
vn 0.0910 0.1130 -0.9894
vn 0.5924 -0.5127 0.6215
vn 0.7930 -0.4981 0.3509
vn 0.8280 -0.3676 0.4234
vn 0.9199 -0.3836 -0.0819
vn 0.9182 -0.1466 0.3681
vn 0.9914 -0.0088 0.1306
vn 0.9519 0.3045 0.0336
vn -0.4109 0.4954 -0.7654
vn 0.9920 -0.1262 -0.0003
vn 0.6890 0.4490 -0.5690
vn 0.6419 0.4549 -0.6173
vn 0.3360 0.6749 -0.6570
vn -0.3470 0.5111 -0.7864
vn 0.9248 -0.1142 -0.3629
vn -0.1217 0.3721 -0.9202
vn -0.1827 0.3308 -0.9258
vn 0.9604 0.2783 0.0169
vn 0.9329 0.3584 0.0370
vn 0.4264 -0.5977 0.6790
vn -0.2623 0.6074 -0.7499
vn 0.5270 -0.8120 0.2509
vn 0.4452 -0.8097 0.3822
vn 0.1910 -0.9797 0.0606
vn 0.0091 0.8350 -0.5501
vn -0.4247 -0.8695 0.2523
vn 0.5748 -0.7358 -0.3582
vn 0.3333 0.9020 -0.2742
vn 0.8531 -0.5213 -0.0205
vn 0.9585 -0.2851 0.0063
vn 0.9953 -0.0860 -0.0453
vn 0.8725 -0.3823 -0.3043
vn 0.9900 -0.0792 -0.1169
vn 0.8727 -0.4459 0.1991
vn 0.7851 -0.5803 0.2165
vn 0.6122 -0.7745 0.1592
vn 0.7945 -0.6030 0.0714
vn 0.7167 -0.6951 0.0572
vn -0.9555 0.1417 -0.2587
vn -0.9013 0.4312 -0.0411
vn -0.9642 -0.1697 -0.2040
vn -0.7992 -0.5572 -0.2254
vn -0.2226 0.6157 0.7559
vn -0.6797 0.6892 0.2511
vn -0.5876 0.7834 0.2024
vn -0.5383 0.7701 0.3425
vn -0.3872 0.8746 0.2919
vn 0.1014 0.8579 0.5037
vn 0.4669 0.7683 0.4378
vn 0.4049 -0.9123 -0.0623
vn 0.0564 -0.9728 -0.2249
vn 0.3402 -0.9375 -0.0737
vn 0.2841 -0.8596 -0.4248
vn -0.2645 -0.8680 -0.4203
vn 0.3671 -0.8775 -0.3086
vn 0.3874 -0.8754 -0.2892
vn -0.9412 0.3378 0.0054
vn -0.9999 -0.0064 0.0144
vn 0.5376 0.7762 0.3293
vn 0.3151 0.9374 0.1481
vn 0.5257 0.8192 0.2291
vn 0.3497 -0.9171 0.1914
vn 0.0958 0.9875 -0.1252
vn 0.4088 -0.6521 0.6385
vn 0.4729 -0.6822 0.5576
vn 0.3216 -0.7599 0.5649
vn -0.6659 -0.7216 -0.1892
vn -0.7671 0.3879 -0.5109
vn -0.4746 0.7458 -0.4675
vn 0.0928 -0.7774 0.6222
vn 0.0389 -0.8845 0.4650
vn -0.2204 -0.7214 0.6566
vn -0.8240 -0.2147 -0.5243
vn 0.1172 0.6108 -0.7830
vn 0.2542 0.6405 -0.7247
vn 0.5102 0.6420 -0.5723
vn -0.0124 -0.9932 0.1155
vn 0.3674 0.7311 -0.5749
vn 0.1315 0.7072 -0.6947
vn -0.5040 -0.7312 0.4597
vn -0.9665 -0.1568 0.2032
vn -0.9865 -0.0600 0.1521
vn -0.9823 0.0470 0.1815
vn -0.9291 -0.3680 0.0367
vn -0.9791 0.1966 -0.0517
vn -0.6079 -0.7515 0.2563
vn -0.7373 0.2825 -0.6137
vn -0.1279 0.5475 -0.8270
vn -0.6665 0.2204 -0.7122
vn 0.8810 -0.4709 -0.0461
vn -0.2614 0.4213 -0.8684
vn 0.7931 -0.2836 -0.5391
vn 0.0327 0.1262 -0.9915
vn 0.5052 -0.5346 0.6774
vn 0.5265 -0.5373 0.6588
vn 0.7667 -0.0373 0.6410
vn 0.5481 -0.8273 0.1232
vn 0.5169 -0.8255 0.2267
vn 0.9992 0.0333 0.0233
vn 0.9848 0.1711 0.0311
vn 0.9848 0.1526 0.0829
vn 0.8945 0.4202 -0.1528
vn 0.6165 -0.7872 0.0144
vn 0.7107 -0.5189 0.4750
vn 0.6448 -0.1613 -0.7471
vn 0.5592 0.1185 -0.8205
vn 0.6582 -0.0256 -0.7524
vn 0.2922 -0.0804 -0.9530
vn 0.0294 0.2617 -0.9647
vn -0.0490 0.3531 -0.9343
vn 0.8778 -0.4657 -0.1120
vn 0.4822 0.1434 -0.8642
vn -0.0371 0.5799 -0.8139
vn 0.0254 0.3958 -0.9180
vn 0.0660 0.3062 -0.9497
vn 0.8396 0.4978 -0.2177
vn 0.8782 0.3911 -0.2752
vn 0.1215 0.8118 -0.5712
vn -0.0724 0.7781 -0.6239
vn -0.1866 0.6883 -0.7010
vn 0.3537 0.7003 -0.6201
vn -0.3884 0.6821 -0.6196
vn 0.8797 -0.4733 -0.0458
vn 0.5402 -0.7550 0.3718
vn 0.0865 0.4816 -0.8721
vn 0.0430 0.4109 -0.9106
vn -0.2493 0.4336 -0.8660
vn 0.0176 0.3914 -0.9201
vn 0.3329 -0.2958 -0.8954
vn 0.2219 0.4295 -0.8754
vn -0.1329 0.7115 -0.6900
vn 0.3831 0.5742 -0.7236
vn -0.4200 0.5948 -0.6854
vn 0.4104 -0.8084 0.4219
vn 0.5128 -0.8389 0.1822
vn 0.5493 -0.8352 -0.0267
vn -0.3045 0.9104 -0.2800
vn -0.0913 0.8736 -0.4779
vn -0.2063 0.7718 -0.6015
vn -0.3485 0.8652 -0.3606
vn -0.2817 -0.9587 -0.0379
vn 0.0856 -0.9899 -0.1134
vn -0.2658 -0.9555 0.1277
vn 0.9805 -0.0483 0.1902
vn 0.9864 -0.1528 0.0600
vn -0.9782 0.2004 -0.0552
vn -0.9946 0.0922 0.0486
vn -0.9544 -0.2982 -0.0145
vn 0.8724 -0.4812 -0.0863
vn 0.4799 0.8758 -0.0517
vn 0.8742 -0.4429 0.1990
vn -0.6651 -0.7467 -0.0130
vn -0.1837 -0.9795 0.0829
vn 0.3358 -0.9264 -0.1702
vn -0.5516 -0.5994 -0.5800
vn -0.5755 -0.6405 -0.5086
vn -0.2933 -0.8244 -0.4840
vn -0.5670 0.8229 -0.0363
vn 0.1754 0.9224 0.3440
vn 0.7615 0.3726 0.5303
vn -0.3529 -0.8917 -0.2834
vn -0.4561 -0.7916 -0.4066
vn -0.6391 -0.5590 -0.5283
vn -0.3540 -0.5288 -0.7714
vn -0.6607 -0.5680 -0.4907
vn 0.0337 -0.6372 -0.7700
vn -0.1219 -0.5690 -0.8133
vn 0.3741 -0.7380 -0.5615
vn 0.3758 -0.7180 -0.5859
vn 0.5783 -0.7300 -0.3642
vn 0.0010 -0.7401 -0.6725
vn 0.4284 -0.8630 -0.2677
vn -0.3810 -0.7687 -0.5138
vn 0.0651 -0.9523 -0.2982
vn 0.6530 -0.7415 -0.1543
vn -0.4719 -0.8814 -0.0219
vn -0.1368 -0.9877 0.0758
vn 0.5912 -0.7648 0.2561
vn 0.4110 -0.7843 -0.4648
vn 0.5565 -0.8171 -0.1503
vn 0.7010 -0.7122 0.0368
vn 0.6394 -0.7260 0.2531
vn 0.6876 -0.6197 0.3785
vn 0.6064 -0.6559 0.4495
vn 0.7214 -0.6343 0.2781
vn 0.4978 0.8455 0.1930
vn 0.4652 -0.8757 0.1295
vn 0.4703 -0.7116 0.5220
vn -0.9260 0.0877 0.3673
vn -0.9034 0.2823 0.3229
vn -0.9638 -0.0273 0.2651
vn 0.2698 0.9625 0.0267
vn -0.9281 0.3720 0.0160
vn -0.9065 0.1542 0.3931
vn -0.8768 -0.4226 0.2296
vn -0.9563 -0.2309 0.1793
vn -0.9872 -0.1263 -0.0975
vn -0.3809 0.7964 -0.4698
vn -0.6028 0.6104 -0.5138
vn 0.2927 -0.8611 0.4156
vn -0.2313 0.4922 -0.8392
vn -0.6191 0.0870 -0.7805
vn -0.9277 0.0364 -0.3714
vn -0.5769 0.0055 -0.8168
vn -0.9785 0.1135 -0.1722
vn -0.8216 -0.5438 -0.1713
vn -0.8409 -0.5274 -0.1215
vn -0.8930 -0.3889 -0.2264
vn -0.8852 0.1423 -0.4429
vn -0.4272 0.5694 -0.7024
vn 0.0501 0.7484 -0.6614
vn 0.4025 0.7135 -0.5735
vn 0.1649 0.7914 -0.5887
vn 0.4243 0.6809 -0.5969
vn -0.1472 -0.9447 0.2932
vn 0.1814 0.7224 -0.6672
vn -0.2449 -0.9649 -0.0952
vn -0.2730 0.5448 -0.7928
vn -0.5459 -0.7495 -0.3745
vn 0.4134 -0.1917 -0.8901
vn 0.3661 -0.2894 -0.8844
vn 0.4954 0.0165 -0.8685
vn 0.3084 -0.3939 -0.8659
vn -0.4070 -0.3782 -0.8315
vn 0.7960 -0.4761 -0.3739
vn 0.4559 0.3173 -0.8315
vn -0.1146 0.7987 -0.5908
vn 0.6911 0.1362 -0.7098
vn 0.6798 0.1211 -0.7233
vn 0.7624 0.3281 -0.5578
vn 0.5192 0.6741 -0.5254
vn -0.2881 0.9155 -0.2807
vn 0.9175 -0.1961 -0.3461
vn 0.9386 0.0397 -0.3427
vn 0.9235 0.2053 -0.3241
vn 0.5904 0.7288 -0.3468
vn 0.6411 0.7015 -0.3113
vn -0.3025 0.9384 -0.1672
vn 0.9757 -0.0891 -0.2001
vn 0.6503 0.6933 -0.3105
vn 0.8494 -0.1453 -0.5073
vn 0.9485 -0.1426 -0.2827
vn -0.1682 0.9274 -0.3341
vn 0.4466 -0.8525 0.2715
vn 0.4270 -0.8850 0.1856
vn -0.0541 0.9056 -0.4206
vn 0.0850 0.8473 -0.5243
vn -0.3341 -0.7995 0.4992
vn 0.3813 -0.9176 -0.1127
vn 0.2956 -0.8983 0.3250
vn 0.5863 -0.0911 0.8049
vn 0.8938 -0.0372 0.4469
vn 0.5949 -0.1943 0.7800
vn 0.0783 -0.6015 0.7950
vn 0.2344 -0.2414 0.9417
vn 0.9048 -0.2440 0.3489
vn -0.9749 0.1992 0.0995
vn -0.9806 0.0485 0.1902
vn 0.7466 -0.6212 0.2383
vn 0.5075 -0.4693 0.7226
vn 0.5328 -0.5315 0.6585
vn 0.3601 -0.3202 0.8762
vn -0.6403 -0.6419 0.4219
vn -0.3912 -0.8089 0.4390
vn -0.4892 -0.7430 0.4567
vn -0.1842 0.9756 0.1194
vn -0.6449 0.7616 0.0639
vn -0.8010 0.5289 0.2805
vn -0.4947 0.6971 0.5190
vn -0.2440 0.9153 0.3205
vn 0.1990 0.9343 0.2959
vn -0.3713 -0.8997 0.2297
vn -0.0699 -0.9201 0.3855
vn 0.2646 -0.8309 0.4894
vn -0.0834 -0.9234 0.3748
vn 0.3693 -0.8707 0.3248
vn 0.6492 -0.7501 0.1259
vn -0.0944 -0.9206 -0.3790
vn 0.0289 -0.7094 0.7042
vn -0.3199 -0.8448 -0.4289
vn -0.5724 -0.7204 -0.3915
vn -0.5353 -0.8154 -0.2205
vn -0.4132 -0.8510 0.3242
vn -0.3757 -0.9181 0.1264
vn -0.5203 -0.8325 0.1904
vn -0.4918 -0.7456 0.4498
vn -0.5012 -0.8007 0.3282
vn -0.1879 -0.9438 0.2720
vn -0.2459 -0.9155 0.3185
vn 0.1170 -0.8337 0.5396
vn -0.1221 -0.7276 0.6751
vn -0.3171 -0.9478 0.0335
vn -0.6618 -0.7326 -0.1588
vn -0.6434 -0.7655 -0.0040
vn -0.0626 -0.5135 0.8558
vn -0.4163 -0.5264 0.7414
vn -0.3252 -0.3642 0.8727
vn 0.8740 -0.0089 0.4859
vn 0.6803 -0.5324 0.5037
vn -0.5585 -0.4621 0.6888
vn -0.4623 -0.8818 -0.0936
vn -0.6827 -0.7218 -0.1135
vn -0.7052 -0.6989 0.1195
vn -0.5190 -0.8397 0.1597
vn -0.6546 -0.7395 -0.1568
vn -0.0449 -0.9907 0.1283
vn -0.0591 -0.8558 0.5140
vn 0.1684 -0.9369 0.3063
vn -0.6868 -0.7257 -0.0396
vn -0.3941 -0.8336 0.3871
vn 0.4817 0.8593 0.1718
vn 0.3221 -0.7516 0.5756
vn 0.5795 -0.6186 0.5306
vn 0.5132 -0.6203 0.5932
vn 0.3525 -0.7992 0.4868
vn 0.5158 -0.7779 0.3589
vn 0.3182 -0.9197 0.2299
vn -0.0541 -0.8830 0.4662
vn 0.6027 -0.6929 0.3958
vn 0.6631 -0.6406 0.3872
vn 0.2675 -0.9551 0.1276
vn 0.3957 -0.9184 -0.0029
vn 0.4221 -0.9059 -0.0351
vn -0.7283 0.6552 -0.2008
vn -0.2888 0.8643 -0.4117
vn -0.8597 0.1528 -0.4874
vn -0.7948 -0.3880 -0.4667
vn -0.9660 -0.2080 -0.1533
vn -0.9528 0.2447 0.1796
vn -0.9774 0.2094 -0.0290
vn -0.9984 0.0259 -0.0506
vn -0.9065 -0.4168 -0.0682
vn -0.9165 -0.3170 -0.2439
vn -0.9400 -0.0022 -0.3411
vn -0.6846 -0.4539 -0.5703
vn -0.8293 -0.4948 -0.2596
vn -0.9967 0.0746 -0.0307
vn -0.7963 -0.4573 -0.3958
vn -0.8260 -0.3573 -0.4360
vn 0.3477 -0.9147 0.2060
vn 0.1800 -0.9252 0.3339
vn -0.1539 0.8745 -0.4600
vn -0.8732 -0.0105 -0.4873
vn -0.1158 -0.9879 0.1030
vn -0.3250 -0.9183 -0.2260
vn -0.2372 -0.9354 0.2622
vn -0.0701 0.8106 -0.5813
vn -0.3548 -0.8746 -0.3303
vn -0.4229 -0.8898 0.1713
vn -0.4125 -0.8902 0.1935
vn -0.5061 -0.7902 -0.3457
vn -0.4449 -0.5761 -0.6857
vn 0.3990 0.6766 -0.6188
vn -0.2391 -0.9492 -0.2046
vn -0.3603 -0.7975 -0.4840
vn 0.0865 -0.9360 -0.3411
vn -0.1416 -0.8220 -0.5516
vn -0.1134 0.6960 -0.7090
vn -0.4850 0.6633 -0.5699
vn -0.4479 0.5434 -0.7100
vn -0.4086 0.6392 -0.6515
vn -0.3519 -0.5968 -0.7211
vn -0.8194 0.4490 -0.3563
vn -0.7531 0.3998 -0.5225
vn -0.9671 0.2488 -0.0540
vn -0.7088 -0.4911 -0.5064
vn -0.9494 0.1235 -0.2886
vn 0.8330 -0.3679 -0.4131
vn 0.8873 0.2207 -0.4049
vn 0.6665 0.7089 -0.2306
vn 0.0670 0.9344 -0.3498
vn 0.8293 0.0269 -0.5581
vn 0.7423 -0.2402 -0.6255
vn 0.6558 0.1743 -0.7345
vn -0.0573 0.8620 -0.5037
vn 0.6584 -0.6687 -0.3456
vn 0.6428 -0.6957 -0.3207
vn 0.6039 -0.6572 -0.4511
vn 0.7107 0.0259 -0.7031
vn 0.7200 0.0707 -0.6904
vn 0.2152 0.3866 -0.8968
vn 0.7179 -0.1113 -0.6872
vn 0.5996 -0.1926 -0.7768
vn 0.5355 0.1956 -0.8216
vn 0.5908 -0.0446 -0.8056
vn 0.4869 -0.1470 -0.8610
vn -0.3828 0.8616 -0.3333
vn 0.2566 0.5201 -0.8146
vn 0.2224 0.5228 -0.8229
vn 0.3203 0.5132 -0.7963
vn -0.2743 0.8788 -0.3905
vn 0.3490 0.5092 -0.7867
vn -0.3343 0.8407 -0.4260
vn 0.4462 -0.8918 -0.0751
vn 0.0309 -0.9310 0.3638
vn -0.3668 -0.7942 0.4844
vn 0.0516 -0.8376 0.5439
vn 0.5362 -0.4342 0.7239
vn 0.2492 -0.7826 0.5704
vn 0.6460 -0.6121 0.4560
vn 0.8708 -0.1071 0.4799
vn 0.2088 -0.9242 0.3197
vn -0.1467 -0.8704 0.4700
vn 0.9210 0.1824 0.3443
vn 0.5884 -0.5256 0.6145
vn 0.0862 -0.7662 0.6368
vn -0.5691 -0.7432 0.3517
vn -0.5381 -0.8380 0.0912
vn -0.7764 -0.6142 -0.1413
vn -0.1956 -0.7320 0.6527
vn 0.9104 0.1551 0.3837
vn -0.8136 -0.5082 0.2825
vn 0.8753 -0.1700 0.4527
vn -0.8026 -0.1140 0.5856
vn -0.8998 0.2510 0.3568
vn 0.6398 0.0490 0.7670
vn -0.0076 -0.1476 0.9890
vn 0.2695 -0.2588 0.9276
vn -0.2720 -0.4574 0.8467
vn 0.2892 -0.1261 0.9489
vn 0.8350 -0.0097 0.5501
vn -0.7684 -0.6376 0.0540
vn -0.6470 -0.7442 -0.1658
vn -0.7355 -0.6723 -0.0839
vn -0.5455 -0.8380 -0.0133
vn -0.8312 -0.4989 -0.2455
vn -0.7680 -0.6099 -0.1957
vn 0.3920 -0.7932 0.4661
vn 0.6021 -0.5587 0.5705
vn 0.0497 -0.9086 0.4148
vn 0.0010 -0.9146 0.4043
vn 0.6219 0.6802 0.3879
vn 0.2885 0.8558 0.4294
vn -0.1094 0.7657 0.6338
vn 0.4526 0.5945 0.6646
vn 0.0777 0.3772 0.9229
vn -0.9442 0.1690 0.2829
vn -0.9332 -0.0052 0.3594
vn -0.9133 0.2302 0.3361
vn -0.7438 0.0618 0.6655
vn -0.6140 0.0441 0.7881
vn -0.6070 0.3326 0.7218
vn -0.2380 -0.0211 0.9710
vn -0.4000 -0.1047 0.9105
vn 0.0783 -0.2691 0.9599
vn 0.2923 -0.0258 0.9560
vn 0.6464 0.1645 0.7450
vn 0.6326 -0.2913 0.7176
vn -0.3277 -0.8753 0.3556
vn -0.3547 -0.6745 0.6475
vn 0.1992 -0.7998 0.5662
vn -0.4455 -0.2295 0.8654
vn 0.1836 -0.5792 0.7942
vn -0.5194 -0.3183 0.7931
vn -0.4600 -0.2788 0.8430
vn -0.8328 -0.3297 0.4447
vn 0.0075 -0.4000 0.9165
vn 0.5445 -0.4218 0.7250
vn 0.9224 -0.1299 0.3637
vn -0.8769 -0.2701 0.3977
vn -0.7034 -0.4105 0.5803
vn -0.8941 -0.3763 0.2430
vn -0.4272 -0.8047 -0.4122
vn -0.3061 -0.7299 -0.6112
vn -0.3410 -0.7944 -0.5026
vn -0.8438 -0.4614 -0.2741
vn 0.3458 -0.8450 -0.4079
vn 0.4054 -0.9122 -0.0597
vn -0.7170 -0.3902 -0.5777
vn -0.2496 -0.6375 -0.7289
vn -0.8022 -0.2601 -0.5375
vn -0.9651 -0.2004 -0.1688
vn 0.5270 -0.7376 -0.4222
vn -0.9589 -0.2096 0.1912
vn -0.9512 -0.3077 0.0221
vn -0.6586 -0.3982 -0.6386
vn 0.6286 -0.7175 -0.3002
vn -0.9008 -0.1829 -0.3939
vn -0.9620 -0.2583 -0.0880
vn -0.9739 -0.1532 0.1677
vn -0.9357 -0.1967 0.2927
vn -0.8921 -0.3297 0.3091
vn 0.1070 -0.6725 -0.7323
vn 0.3739 -0.7822 -0.4984
vn -0.2037 -0.8487 -0.4881
vn -0.6424 -0.6031 -0.4729
vn -0.8758 -0.3853 0.2908
vn -0.5697 -0.8035 -0.1730
vn 0.3109 -0.9384 -0.1506
vn -0.3271 -0.9376 0.1181
vn 0.5962 -0.7520 -0.2811
vn -0.7381 -0.5362 0.4096
vn 0.0904 -0.9809 0.1725
vn 0.5063 -0.8296 -0.2354
vn 0.6035 -0.7972 0.0174
vn 0.7117 -0.6994 0.0658
vn 0.6599 -0.7472 -0.0783
vn 0.4457 -0.7105 -0.5445
vn 0.3127 0.9488 -0.0448
vn 0.3757 -0.6715 -0.6387
vn 0.1918 -0.8716 -0.4512
vn 0.2901 -0.8278 -0.4802
vn -0.0101 -0.4585 -0.8886
vn -0.8847 0.4657 -0.0204
vn -0.6593 0.7218 -0.2105
vn -0.9754 0.2167 -0.0408
vn -0.9929 0.1088 -0.0477
vn -0.9474 -0.1271 -0.2938
vn -0.9267 0.2677 -0.2639
vn -0.9244 0.3367 -0.1793
vn -0.7581 0.1435 -0.6361
vn 0.2193 -0.7109 -0.6682
vn -0.4418 0.8768 -0.1901
vn -0.9718 -0.2330 -0.0361
vn -0.9291 0.1521 -0.3370
vn -0.7400 0.0952 -0.6658
vn -0.0528 -0.9753 -0.2146
vn 0.1696 -0.8960 -0.4103
vn -0.2591 -0.6955 -0.6702
vn -0.1236 -0.5653 -0.8156
vn -0.1985 -0.1974 -0.9600
vn -0.3260 0.5945 -0.7351
vn -0.1063 0.4702 -0.8761
vn -0.1161 -0.5516 -0.8260
vn -0.2871 -0.0614 -0.9559
vn -0.0751 -0.6354 -0.7685
vn 0.1741 0.4950 -0.8513
vn 0.0022 0.2546 -0.9670
vn 0.1574 0.5305 -0.8330
vn -0.0661 -0.3831 -0.9214
vn 0.2160 -0.1084 -0.9703
vn 0.1064 -0.0389 -0.9936
vn -0.4036 -0.6754 -0.6171
vn -0.3830 -0.4660 -0.7975
vn -0.3820 -0.2620 -0.8862
vn 0.2953 0.6601 -0.6907
vn 0.2298 0.5646 -0.7927
vn -0.2116 -0.4297 -0.8778
vn 0.0231 -0.1663 -0.9858
vn -0.1104 -0.6615 -0.7417
vn -0.1368 -0.6501 -0.7474
vn -0.0568 0.6335 -0.7717
vn -0.3891 0.2692 -0.8810
vn -0.6937 0.1003 -0.7132
vn -0.2095 -0.0633 -0.9758
vn 0.3107 0.0801 -0.9471
vn 0.0650 0.4632 -0.8839
vn 0.0663 0.1178 -0.9908
vn -0.2181 0.8168 -0.5341
vn -0.4056 0.7992 -0.4436
vn 0.2109 -0.1229 -0.9697
vn 0.5084 -0.5508 -0.6619
vn 0.4213 0.3928 -0.8174
vn 0.1016 0.1175 -0.9879
vn 0.1690 0.5489 -0.8186
vn 0.3009 -0.5610 -0.7712
vn 0.0650 0.7073 -0.7039
vn 0.3061 -0.3750 -0.8750
vn 0.1670 0.5390 -0.8256
vn -0.0172 0.1300 -0.9914
vn -0.3938 0.5797 -0.7134
vn 0.1251 0.2089 -0.9699
vn -0.3228 0.5429 -0.7752
vn 0.4806 -0.8381 -0.2580
vn 0.4450 -0.8897 -0.1021
vn 0.4028 -0.7718 -0.4920
vn 0.3438 -0.6611 -0.6669
vn 0.1163 -0.6625 -0.7400
vn 0.2983 -0.5057 -0.8095
vn -0.2523 0.8911 -0.3772
vn -0.2458 0.9143 -0.3218
vn 0.0227 0.6010 -0.7989
vn 0.5965 -0.5464 -0.5880
vn 0.4155 -0.6434 -0.6430
vn 0.5635 -0.3397 -0.7530
vn 0.6740 -0.4442 -0.5902
vn 0.1929 -0.8437 0.5009
vn 0.1658 -0.8277 0.5361
vn -0.1059 -0.7583 0.6432
vn -0.0221 -0.8060 0.5915
vn -0.3184 -0.6647 0.6759
vn 0.2644 0.8076 -0.5272
vn -0.1994 -0.9718 0.1261
vn 0.9065 -0.4019 0.1292
vn 0.5831 -0.7962 0.1613
vn 0.9510 -0.2220 -0.2151
vn 0.9845 0.0051 0.1755
vn 0.6313 -0.7465 -0.2104
vn 0.1770 -0.9842 0.0035
vn -0.3131 -0.9380 -0.1490
vn 0.1343 -0.9364 -0.3242
vn -0.4098 -0.8454 -0.3427
vn 0.9960 0.0651 0.0607
vn 0.6841 -0.5296 0.5015
vn 0.5443 -0.5265 0.6531
vn 0.5940 -0.4229 0.6843
vn 0.3071 -0.8114 0.4973
vn 0.8711 -0.4390 0.2201
vn -0.0025 -0.6127 0.7903
vn -0.2803 -0.7952 0.5376
vn 0.5427 -0.8356 0.0853
vn 0.0468 -0.9982 0.0382
vn -0.4167 -0.8986 -0.1373
vn 0.7643 -0.2472 0.5956
vn 0.9748 0.0040 0.2229
vn 0.9602 0.1850 0.2093
vn 0.9141 -0.0800 -0.3974
vn 0.9634 0.2017 0.1767
vn -0.6509 -0.7194 -0.2426
vn -0.6833 -0.6064 -0.4067
vn -0.1112 -0.8188 -0.5633
vn -0.4675 -0.7205 -0.5122
vn -0.8063 -0.4050 -0.4310
vn -0.8112 -0.4551 -0.3672
vn -0.6673 -0.3285 -0.6684
vn -0.9720 -0.0873 -0.2184
vn -0.5362 -0.2642 -0.8017
vn -0.8629 -0.3328 -0.3804
vn -0.3411 -0.3176 -0.8848
vn -0.5894 0.5755 -0.5669
vn -0.2707 0.5957 -0.7562
vn -0.5407 0.5465 -0.6396
vn -0.9508 -0.3050 -0.0534
vn -0.7087 0.4965 -0.5013
vn 0.5650 0.8147 -0.1307
vn -0.7087 -0.5138 0.4835
vn -0.6237 -0.7624 0.1726
vn -0.7932 -0.5961 -0.1246
vn -0.9189 -0.3933 -0.0305
vn -0.4117 -0.6741 -0.6133
vn 0.9521 0.0084 0.3058
vn 0.9914 0.0011 0.1306
vn 0.9704 0.0310 -0.2394
vn 0.9815 -0.0953 -0.1663
vn -0.0860 -0.9862 -0.1416
vn 0.3037 -0.9253 0.2271
vn 0.3505 -0.7654 -0.5398
vn 0.1800 -0.8210 -0.5418
vn -0.2205 0.7046 -0.6745
vn -0.0787 0.4973 -0.8640
vn 0.6064 -0.7262 -0.3239
vn 0.6255 0.5106 -0.5899
vn 0.9185 0.1116 -0.3794
vn 0.7914 0.2747 -0.5461
vn -0.3810 0.1781 -0.9073
vn -0.3982 -0.3639 -0.8421
vn 0.2049 0.4011 -0.8928
vn 0.3000 0.2835 -0.9108
vn 0.2184 0.3994 -0.8904
vn -0.1593 -0.7472 -0.6452
vn 0.0127 -0.3389 -0.9407
vn -0.1622 -0.2826 -0.9454
vn 0.1776 -0.4762 -0.8612
vn 0.2868 0.2938 -0.9118
vn 0.3780 0.1832 -0.9075
vn 0.8438 -0.0061 -0.5367
vn 0.8825 -0.1108 -0.4570
vn 0.6175 -0.7186 -0.3198
vn -0.2435 0.1989 -0.9493
vn -0.5709 0.2821 -0.7711
vn 0.0317 0.1272 -0.9914
vn 0.9060 -0.1584 -0.3926
vn 0.7559 0.1779 -0.6301
vn 0.7261 -0.4101 -0.5519
vn 0.6690 -0.6900 -0.2763
vn 0.7300 -0.6786 -0.0807
vn 0.4567 -0.8778 -0.1445
vn 0.9282 -0.3703 0.0370
vn 0.9609 -0.2570 -0.1035
vn 0.8336 -0.5438 -0.0968
vn 0.5539 0.8308 -0.0548
vn -0.9499 -0.3115 0.0259
vn -0.5200 -0.7628 0.3844
vn -0.8096 -0.5068 0.2962
vn -0.4069 -0.8692 0.2810
vn -0.0294 -0.9922 0.1212
vn -0.2070 -0.9783 -0.0062
vn -0.8314 -0.5518 0.0659
vn 0.0465 -0.9922 -0.1154
vn -0.1991 -0.8770 -0.4373
vn -0.0190 -0.8668 -0.4983
vn 0.3881 -0.8049 -0.4489
vn -0.8863 -0.3711 -0.2770
vn -0.7984 -0.5443 -0.2573
vn 0.2694 -0.8443 -0.4632
vn -0.7111 -0.3647 -0.6012
vn -0.0364 -0.6179 -0.7854
vn 0.0505 -0.7203 -0.6918
vn 0.5556 -0.6390 -0.5320
vn 0.4284 -0.6694 -0.6069
vn 0.4711 -0.4040 -0.7841
vn 0.4608 0.8859 -0.0533
vn 0.2765 0.9400 -0.2000
vn 0.1094 -0.6212 -0.7760
vn -0.0347 -0.7385 -0.6733
vn 0.4277 -0.5866 -0.6878
vn 0.2131 -0.4771 -0.8526
vn 0.1848 -0.6444 -0.7420
vn -0.0064 -0.7562 -0.6543
vn -0.9266 0.2552 -0.2763
vn -0.8229 0.3707 -0.4306
vn -0.3415 0.7979 -0.4968
vn 0.1211 -0.4796 -0.8691
vn -0.8564 0.2849 -0.4307
vn -0.5632 0.3405 -0.7529
vn -0.5232 0.0081 -0.8522
vn -0.3675 -0.0532 -0.9285
vn -0.1250 -0.4568 -0.8808
vn 0.2676 -0.5943 -0.7585
vn -0.6012 -0.2695 -0.7523
vn -0.0927 -0.5995 -0.7950
vn -0.6478 -0.4139 -0.6395
vn -0.9219 -0.0672 -0.3815
vn -0.4999 0.7275 -0.4699
vn -0.4629 0.5265 -0.7132
vn -0.1222 -0.3157 -0.9409
vn -0.3244 0.1930 -0.9260
vn -0.0122 0.2980 -0.9545
vn 0.0344 0.2575 -0.9657
vn 0.2858 -0.4523 -0.8448
vn 0.1530 0.2397 -0.9587
vn 0.1998 0.3988 -0.8950
vn -0.0301 0.8005 -0.5986
vn 0.4771 -0.0112 -0.8788
vn 0.4596 -0.7647 -0.4516
vn 0.7240 -0.0900 -0.6840
vn 0.7201 -0.3356 -0.6072
vn 0.6427 0.1871 -0.7429
vn 0.5150 0.1769 -0.8388
vn 0.2753 0.6637 -0.6954
vn 0.0953 0.8160 -0.5702
vn 0.4386 0.3280 -0.8367
vn 0.6212 0.1865 -0.7611
vn 0.1519 0.8248 -0.5446
vn 0.4452 -0.5512 -0.7057
vn -0.2118 -0.7941 0.5696
vn 0.4488 -0.8854 -0.1213
vn 0.1539 -0.9820 0.1091
vn 0.2270 -0.8256 -0.5167
vn 0.1600 -0.5652 -0.8093
vn 0.0413 -0.4549 -0.8896
vn 0.1881 -0.4744 -0.8600
vn -0.2340 -0.9064 0.3518
vn -0.4007 -0.7441 0.5345
vn -0.4283 -0.6740 0.6019
vn -0.0927 -0.9953 -0.0275
vn -0.3299 -0.9439 0.0129
vn -0.4166 -0.8976 0.1443
vn 0.1039 -0.6893 -0.7170
vn 0.0352 -0.5585 -0.8288
vn -0.2882 -0.9050 -0.3129
vn -0.3214 -0.9019 -0.2887
vn -0.0195 -0.5194 -0.8543
vn -0.0119 -0.5672 -0.8235
vn -0.4470 -0.8932 0.0499
vn -0.4891 -0.7974 0.3534
vn 0.1480 -0.4862 -0.8612
vn 0.1276 -0.8089 0.5740
vn -0.4008 -0.7783 0.4832
vn -0.5107 -0.8178 0.2654
vn -0.2221 -0.8978 0.3804
vn 0.5912 0.7460 -0.3064
vn 0.6319 -0.4757 -0.6119
vn 0.7027 -0.3222 -0.6344
vn 0.3507 -0.7274 -0.5898
vn 0.1005 -0.5517 -0.8280
vn -0.3724 -0.6095 -0.6998
vn 0.3562 -0.4325 -0.8283
vn -0.2498 -0.4350 -0.8651
vn -0.0714 -0.5612 -0.8246
vn 0.5791 -0.4806 -0.6585
vn 0.9835 -0.1201 -0.1351
vn 0.3541 -0.6021 -0.7156
vn 0.9675 -0.2430 0.0707
vn 0.4168 -0.8452 -0.3344
vn 0.8092 -0.5136 -0.2854
vn 0.5092 -0.5827 -0.6334
vn -0.1187 -0.8497 -0.5137
vn -0.0555 -0.5123 -0.8570
vn 0.5774 0.1264 -0.8066
vn 0.7763 0.1450 -0.6135
vn 0.5606 -0.2310 -0.7952
vn 0.1156 -0.1248 -0.9854
vn 0.9749 0.2175 -0.0481
vn 0.9625 0.2684 -0.0384
vn -0.6371 -0.4862 -0.5980
vn -0.6264 -0.3653 -0.6886
vn -0.9242 -0.1378 -0.3563
vn -0.8260 -0.2651 -0.4974
vn -0.9872 -0.1456 -0.0643
vn -0.4352 -0.6116 -0.6608
vn -0.8369 -0.4535 -0.3064
vn -0.6310 -0.7745 -0.0451
vn -0.0665 -0.9972 0.0332
vn -0.1195 -0.9928 0.0107
vn -0.4739 -0.8761 -0.0886
vn 0.6367 0.7685 -0.0631
vn -0.5592 -0.5707 -0.6013
vn -0.7647 -0.3888 -0.5139
vn -0.4359 -0.2754 -0.8568
vn 0.7811 0.1534 -0.6052
vn 0.7565 0.1647 -0.6329
vn 0.6504 -0.0836 -0.7550
vn -0.8108 0.3007 -0.5022
vn 0.8680 -0.1830 -0.4617
vn 0.4573 -0.8778 -0.1427
vn 0.5709 0.7927 -0.2137
vn -0.7041 -0.2148 -0.6768
vn -0.8406 -0.2152 -0.4971
vn 0.1865 -0.2317 -0.9547
vn -0.2814 -0.3419 -0.8966
vn -0.6718 -0.3539 -0.6508
vn -0.4770 -0.2465 -0.8436
vn -0.5682 -0.6434 -0.5130
vn -0.4302 -0.5537 -0.7129
vn 0.0345 -0.2887 -0.9568
vn -0.6196 -0.7090 -0.3366
vn -0.3604 -0.8735 -0.3273
vn -0.5056 -0.8625 -0.0216
vn 0.4911 -0.4488 -0.7466
vn 0.3197 -0.2663 -0.9093
vn 0.4767 -0.1186 -0.8710
vn 0.2865 -0.5334 -0.7958
vn 0.5400 -0.2173 -0.8131
vn -0.1171 -0.7160 -0.6882
vn 0.4473 -0.4744 -0.7582
vn 0.0716 -0.8875 -0.4553
vn 0.1295 -0.7057 -0.6966
vn 0.0807 -0.5004 -0.8620
vn 0.4467 -0.1904 -0.8742
vn 0.5932 -0.1481 -0.7913
vn -0.2903 0.7972 -0.5294
vn -0.4802 0.6489 -0.5902
vn 0.1642 -0.7174 -0.6770
vn 0.0462 -0.7599 -0.6484
vn -0.4540 -0.5523 -0.6992
vn -0.9268 -0.1859 -0.3262
vn -0.8476 -0.1009 -0.5210
vn -0.5062 -0.3068 -0.8060
vn -0.7642 -0.0868 -0.6391
vn -0.6096 0.0021 -0.7927
vn -0.6687 -0.5881 -0.4549
vn -0.6012 -0.7433 -0.2934
vn -0.3919 -0.6133 -0.6858
vn -0.8946 -0.4279 0.1290
vn -0.8608 -0.4801 0.1690
vn -0.9829 0.1728 -0.0644
vn 0.3864 -0.1734 -0.9059
vn 0.1644 0.4601 -0.8725
vn 0.1391 0.7041 -0.6963
vn 0.0581 -0.1109 -0.9921
vn 0.0735 0.0566 -0.9957
vn 0.0302 -0.1628 -0.9862
vn 0.2142 -0.2900 -0.9327
vn 0.1869 -0.1518 -0.9706
vn 0.4074 0.2795 -0.8694
vn 0.4522 0.6597 -0.6002
vn 0.9723 -0.2125 0.0977
vn 0.8863 -0.3225 0.3324
vn 0.9627 -0.2024 -0.1797
vn 0.9889 0.0509 -0.1398
vn 0.8517 0.1068 -0.5131
vn -0.0781 -0.8740 0.4797
vn -0.0015 -0.8111 -0.5849
vn -0.1911 -0.9202 -0.3417
vn -0.3604 -0.8219 -0.4412
vn 0.2883 -0.9056 -0.3109
vn 0.0251 -0.9930 -0.1155
vn 0.4341 -0.8368 0.3338
vn 0.4109 -0.5889 -0.6960
vn 0.5069 -0.8560 -0.1017
vn 0.4506 -0.3242 -0.8318
vn 0.6082 -0.3344 -0.7199
vn 0.7013 -0.6802 -0.2132
vn 0.7131 -0.2844 -0.6408
vn 0.7688 -0.5976 0.2276
vn 0.7085 -0.2295 -0.6674
vn 0.8255 -0.1084 -0.5539
vn 0.5215 -0.1221 -0.8445
vn 0.8205 -0.0312 -0.5707
vn 0.7753 0.3703 -0.5116
vn 0.9279 0.2056 -0.3112
vn 0.8215 0.5469 -0.1612
vn 0.7572 0.5755 -0.3091
vn 0.5924 -0.6646 -0.4553
vn 0.1584 -0.6891 -0.7072
vn -0.8570 -0.5069 -0.0922
vn -0.5321 -0.7126 -0.4572
vn -0.5284 -0.8184 -0.2258
vn -0.0771 -0.7972 -0.5988
vn -0.7411 -0.6105 -0.2794
vn -0.2145 -0.9685 -0.1267
vn 0.6317 0.7612 -0.1468
vn -0.0862 -0.0893 -0.9923
vn 0.2931 0.0539 -0.9546
vn 0.0442 -0.9720 -0.2306
vn 0.8191 -0.5464 -0.1749
vn 0.2925 -0.6360 -0.7141
vn 0.4349 -0.5798 -0.6890
vn 0.7218 -0.6704 -0.1721
vn 0.2086 -0.2348 -0.9494
vn -0.0572 -0.9924 -0.1086
vn 0.2044 -0.8709 -0.4470
vn 0.0918 -0.3019 -0.9489
vn -0.1712 -0.9434 -0.2840
vn -0.1052 -0.8040 -0.5852
vn -0.1074 -0.5414 -0.8339
vn -0.2210 -0.4218 -0.8793
vn -0.4307 -0.8586 -0.2781
vn -0.2920 -0.7714 -0.5655
vn -0.3519 -0.7035 -0.6175
vn -0.4667 -0.7560 -0.4590
vn -0.2150 -0.9297 -0.2990
vn -0.4479 -0.8138 -0.3703
vn -0.5197 -0.8436 -0.1352
vn -0.4874 -0.8726 0.0308
vn -0.4717 -0.8661 0.1656
vn 0.3336 -0.7466 -0.5756
vn -0.2397 -0.9213 -0.3061
vn 0.1404 -0.9040 -0.4037
vn 0.2065 -0.6586 -0.7236
vn 0.0291 -0.7861 -0.6175
vn -0.2568 -0.7521 -0.6070
vn -0.5361 -0.8227 -0.1891
vn -0.6119 -0.7207 0.3259
vn 0.3114 0.9381 -0.1516
vn 0.2399 0.9404 -0.2411
vn -0.2408 0.8441 -0.4791
vn -0.1908 -0.0676 -0.9793
vn 0.2344 -0.0430 -0.9712
vn 0.1578 -0.2518 -0.9548
vn -0.0812 -0.0292 -0.9963
vn -0.0140 -0.5403 -0.8413
vn 0.0393 -0.5978 -0.8007
vn -0.2620 -0.8473 -0.4620
vn 0.3210 -0.8292 -0.4577
vn -0.7015 0.3860 -0.5991
vn -0.4726 0.0697 -0.8785
vn -0.5890 -0.1614 -0.7918
vn -0.3587 -0.3048 -0.8823
vn 0.0766 -0.5598 -0.8251
vn 0.3907 -0.8584 -0.3324
vn 0.2716 -0.9608 0.0564
vn -0.0404 -0.9448 -0.3253
vn -0.3079 -0.9349 -0.1767
vn -0.1915 -0.9347 -0.2993
vn -0.4292 -0.8802 -0.2026
vn -0.4576 -0.8529 -0.2511
vn -0.8607 -0.1899 -0.4723
vn -0.8470 -0.1271 -0.5161
vn 0.9293 -0.3579 -0.0918
vn 0.9895 0.1178 0.0843
vn 0.8971 0.2934 -0.3303
vn 0.4296 -0.4993 -0.7524
vn 0.7596 -0.2622 -0.5951
vn 0.2039 -0.6469 -0.7349
vn 0.5355 -0.4865 -0.6903
vn 0.8847 -0.4526 -0.1114
vn 0.6259 -0.7237 -0.2907
vn 0.7706 -0.6242 -0.1289
vn 0.6663 -0.7279 -0.1618
vn 0.7903 0.6123 -0.0224
vn 0.9717 0.2348 -0.0265
vn 0.9836 0.1225 -0.1325
vn 0.9237 -0.3607 -0.1289
vn 0.6258 -0.7728 -0.1060
vn 0.9887 -0.1500 0.0067
vn -0.2759 -0.8720 -0.4043
vn -0.3798 -0.7778 -0.5008
vn 0.8689 0.4061 0.2829
vn 0.6661 0.7376 0.1104
vn 0.5676 0.8202 0.0711
vn 0.5558 0.8309 -0.0273
vn -0.5292 -0.6762 -0.5125
vn 0.5174 0.8547 -0.0413
vn -0.2590 -0.7321 -0.6300
vn -0.0745 -0.7924 -0.6054
vn -0.0587 -0.7280 -0.6831
vn -0.1122 -0.8792 -0.4630
vn 0.1515 -0.7870 -0.5981
vn -0.4877 -0.8203 -0.2987
vn -0.3575 -0.9097 -0.2114
vn 0.0502 -0.9768 -0.2084
vn 0.3205 -0.9300 -0.1800
vn 0.2997 -0.9357 -0.1862
vn -0.0405 -0.9983 0.0428
vn -0.2797 -0.9563 -0.0849
vn -0.0836 -0.9813 0.1731
vn 0.3751 -0.9268 0.0191
vn -0.1318 -0.9346 0.3304
vn -0.4909 -0.7220 0.4876
vn 0.6553 -0.7327 -0.1837
vn 0.3374 -0.9409 0.0279
vn -0.5633 -0.7603 0.3236
vn -0.2272 0.9079 -0.3523
vn -0.5825 0.7238 -0.3699
vn -0.5541 -0.8323 0.0161
vn -0.1199 -0.9923 -0.0314
vn -0.3916 -0.8348 0.3870
vn 0.4834 -0.8710 -0.0874
vn 0.0493 -0.9355 -0.3499
vn 0.0240 -0.9251 -0.3790
vn -0.8674 0.1371 -0.4784
vn -0.4067 -0.7623 -0.5035
vn -0.8681 0.2985 -0.3966
vn 0.9312 -0.2884 -0.2228
vn 0.9966 -0.0768 -0.0303
vn 0.6638 -0.6984 -0.2675
vn 0.9606 0.2491 0.1233
vn 0.2058 -0.9529 -0.2228
vn 0.9424 0.2960 0.1558
vn 0.7712 -0.6166 -0.1583
vn -0.4381 -0.7826 -0.4422
vn -0.2966 -0.9201 -0.2558
vn -0.0801 -0.9965 -0.0243
vn 0.6410 0.7539 0.1441
vn -0.6673 -0.6306 -0.3962
vn -0.7231 -0.6854 -0.0860
vn -0.6034 -0.7963 -0.0424
vn -0.4695 -0.6577 -0.5891
vn -0.7185 -0.6885 -0.0992
vn 0.5413 0.8182 0.1941
vn -0.1959 -0.8922 -0.4069
vn 0.2978 -0.7985 -0.5231
vn 0.4459 -0.8372 -0.3167
vn 0.3999 -0.8928 -0.2075
vn 0.1321 -0.9787 0.1574
vn 0.3690 0.9277 -0.0572
vn 0.2038 -0.9119 -0.3562
vn -0.4021 -0.9145 0.0447
vn -0.1018 -0.9752 0.1966
vn 0.1755 -0.9790 -0.1040
vn 0.4948 -0.8668 -0.0617
vn 0.1195 -0.9663 0.2281
vn 0.5995 -0.7557 -0.2636
vn 0.1991 -0.9799 0.0152
vn -0.2954 -0.8847 0.3605
vn 0.6509 -0.6825 -0.3325
vn 0.3930 -0.8390 -0.3764
vn 0.3801 -0.8317 -0.4048
vn 0.0736 0.9812 -0.1786
vn -0.3538 0.9003 -0.2537
vn -0.0758 -0.9846 -0.1577
vn -0.3782 -0.9071 -0.1847
vn -0.0066 -0.8784 -0.4779
vn -0.5020 -0.8577 0.1112
vn -0.7606 0.6029 -0.2406
vn -0.6213 0.7494 -0.2288
vn -0.5903 -0.6743 0.4436
vn -0.3559 -0.8580 0.3704
vn -0.8551 0.4035 -0.3256
vn 0.2041 -0.9789 0.0122
vn 0.0687 -0.9812 -0.1805
vn -0.0378 -0.9351 0.3523
vn 0.0351 -0.9944 0.0999
vn -0.3012 -0.9156 0.2665
vn -0.3732 -0.8634 -0.3396
vn -0.5628 -0.8161 0.1316
vn -0.8309 -0.5464 0.1052
vn -0.6020 -0.7863 0.1393
vn -0.9580 -0.0735 -0.2771
vn -0.9735 0.1021 -0.2045
vn -0.9188 -0.3020 -0.2541
vn -0.5533 -0.8224 0.1322
vn -0.9013 0.3042 -0.3085
vn -0.9159 0.1990 -0.3485
vn -0.8913 0.1940 -0.4099
vn -0.6937 -0.5528 -0.4616
vn -0.8079 -0.4474 -0.3836
vn -0.9062 0.1901 -0.3777
vn 0.4940 -0.8559 0.1532
vn 0.5282 -0.8424 0.1068
vn 0.9317 0.0102 0.3630
vn 0.8393 -0.3406 0.4237
vn 0.9002 0.2922 0.3228
vn 0.9131 0.2684 0.3070
vn 0.9413 0.1944 0.2758
vn 0.6778 -0.6596 -0.3247
vn 0.7987 -0.5279 -0.2889
vn 0.6968 -0.7033 -0.1407
vn 0.8295 -0.5528 -0.0795
vn 0.8995 0.4063 0.1604
vn 0.6606 -0.7391 -0.1316
vn 0.6249 -0.7803 -0.0261
vn 0.9150 -0.3969 0.0722
vn 0.5334 -0.8422 -0.0785
vn 0.8342 -0.5070 -0.2168
vn 0.9190 -0.3934 0.0260
vn 0.7638 -0.6447 0.0324
vn 0.1952 -0.9741 -0.1141
vn -0.3194 -0.9428 0.0954
vn -0.5934 -0.7957 0.1212
vn -0.2298 -0.9476 0.2218
vn -0.3627 -0.9235 0.1251
vn 0.5678 -0.8173 0.0983
vn 0.0219 -0.9678 0.2509
vn 0.4431 -0.8781 0.1806
vn -0.2324 -0.9038 0.3592
vn 0.1681 -0.8964 -0.4101
vn -0.3474 -0.9113 0.2210
vn -0.2573 -0.9657 0.0342
vn -0.2259 -0.8938 0.3874
vn -0.6377 -0.6736 0.3736
vn -0.6942 -0.6884 0.2100
vn -0.2886 -0.8260 -0.4841
vn -0.3377 -0.8517 -0.4008
vn -0.4479 -0.8780 -0.1688
vn -0.8350 -0.5503 -0.0033
vn -0.7962 -0.5838 0.1590
vn -0.5043 -0.7065 -0.4966
vn -0.2167 -0.5921 -0.7762
vn -0.3168 -0.9485 -0.0074
vn -0.6807 0.5125 -0.5234
vn -0.6799 0.1492 -0.7180
vn -0.9507 -0.2979 -0.0857
vn -0.8490 -0.3967 -0.3490
vn -0.4461 -0.8763 -0.1820
vn -0.9320 0.1571 -0.3267
vn -0.1245 -0.8336 -0.5381
vn -0.8080 0.3851 -0.4459
vn 0.8995 0.1942 0.3914
vn 0.8484 0.4106 0.3341
vn 0.7786 0.4354 0.4519
vn 0.5488 -0.8346 0.0475
vn 0.2565 -0.9655 -0.0453
vn 0.7335 0.5408 0.4118
vn 0.7169 -0.6825 0.1423
vn 0.6936 -0.7168 0.0710
vn 0.8925 0.1817 0.4128
vn 0.9224 -0.1232 0.3661
vn 0.9251 -0.3689 0.0894
vn 0.8346 -0.5467 0.0677
vn 0.8207 0.5714 0.0004
vn 0.7685 0.6394 -0.0259
vn 0.9541 0.2695 0.1305
vn 0.9676 0.2364 -0.0886
vn 0.9993 0.0142 0.0332
vn 0.9503 -0.2766 -0.1427
vn 0.8450 -0.4343 -0.3121
vn 0.6391 -0.7679 -0.0427
vn 0.8905 -0.0628 -0.4507
vn 0.3184 0.9464 0.0548
vn 0.4260 0.8416 0.3320
vn 0.1844 0.9770 0.1067
vn 0.3022 -0.8745 0.3794
vn 0.1454 0.9697 -0.1965
vn 0.5161 -0.8224 0.2395
vn -0.4689 0.4143 -0.7801
vn 0.0178 0.0343 -0.9993
vn -0.4352 0.0943 -0.8954
vn -0.0562 -0.3583 -0.9319
vn -0.9716 0.0877 -0.2199
vn -0.8654 -0.4830 0.1337
vn -0.8323 -0.5493 -0.0739
vn -0.7078 -0.7058 0.0288
vn -0.2348 0.5872 -0.7746
vn -0.6552 0.5925 -0.4687
vn -0.6205 0.7342 -0.2754
vn -0.4914 -0.8617 -0.1262
vn -0.8443 0.5345 -0.0380
vn -0.9484 0.0879 0.3048
vn -0.8543 0.4031 0.3281
vn -0.9776 0.0475 0.2052
vn -0.1754 -0.9086 -0.3790
vn -0.1380 -0.9200 -0.3668
vn -0.8255 -0.5503 -0.1250
vn 0.0775 0.9058 -0.4166
vn -0.0897 0.9395 -0.3306
vn 0.0201 -0.9754 0.2194
vn -0.7158 -0.6718 0.1905
vn -0.2363 -0.9615 0.1403
vn 0.2163 -0.9528 0.2131
vn 0.5221 0.6016 -0.6045
vn 0.1290 0.5310 -0.8375
vn 0.1122 0.8554 -0.5057
vn -0.3501 0.8170 -0.4581
vn 0.3666 0.2420 -0.8984
vn 0.3406 -0.3436 -0.8752
vn 0.3620 -0.5408 -0.7593
vn 0.4162 -0.1697 -0.8933
vn 0.3629 -0.4938 -0.7902
vn 0.2184 -0.2769 -0.9358
vn -0.4366 -0.8597 -0.2651
vn 0.0570 -0.6463 -0.7610
vn -0.0130 -0.4213 -0.9068
vn -0.1641 -0.2333 -0.9585
vn -0.6503 -0.7478 -0.1337
vn -0.2903 0.7371 -0.6103
vn -0.5658 0.3650 -0.7394
vn -0.4570 0.8005 -0.3876
vn -0.7842 -0.6015 -0.1524
vn -0.8107 -0.5653 -0.1524
vn -0.7765 -0.6255 0.0765
vn -0.7032 -0.6332 -0.3235
vn 0.2675 -0.0633 -0.9615
vn 0.4634 0.4723 -0.7498
vn 0.7029 0.6047 -0.3747
vn 0.1611 0.1193 -0.9797
vn 0.0283 0.5543 -0.8319
vn 0.1914 0.8256 -0.5309
vn -0.4200 0.7115 -0.5634
vn -0.3627 0.4399 -0.8215
vn -0.7300 0.5095 -0.4556
vn -0.7643 0.6084 -0.2137
vn -0.2419 -0.2064 -0.9481
vn -0.1840 0.0649 -0.9808
vn -0.1746 -0.3149 -0.9329
vn -0.3648 -0.2043 -0.9084
vn -0.0832 0.1426 -0.9863
vn -0.3330 -0.1361 -0.9331
vn -0.4470 -0.1560 -0.8808
vn 0.1268 -0.1489 -0.9807
vn -0.1798 -0.1297 -0.9751
vn -0.4102 -0.2031 -0.8891
vn -0.2424 -0.3548 -0.9030
vn -0.6071 -0.1430 -0.7817
vn -0.0325 -0.5061 -0.8619
vn -0.3472 -0.4360 -0.8303
vn -0.0290 -0.3280 -0.9442
vn 0.0101 -0.2582 -0.9660
vn 0.1224 -0.4897 -0.8632
vn 0.2112 -0.4688 -0.8577
vn -0.5248 -0.6576 -0.5405
vn 0.0349 -0.4809 -0.8761
vn 0.2624 -0.6844 -0.6803
vn 0.3535 -0.6813 -0.6409
vn 0.2661 -0.5659 -0.7804
vn 0.1712 -0.9095 -0.3787
vn -0.7076 -0.7052 0.0439
vn -0.0025 -0.6722 -0.7403
vn 0.1411 -0.9065 -0.3978
vn -0.8329 -0.5534 0.0076
vn -0.4351 -0.8588 -0.2704
vn -0.3168 -0.9485 -0.0047
vn -0.3212 -0.9300 -0.1790
vn -0.9141 0.2067 -0.3487
vn -0.6223 0.2844 -0.7292
vn -0.3568 0.1519 -0.9218
vn -0.6407 0.0219 -0.7675
vn -0.1422 -0.8425 -0.5197
vn -0.5175 -0.5830 -0.6264
vn -0.7496 -0.1017 -0.6540
vn -0.1788 -0.5744 -0.7988
vn -0.6719 -0.3149 -0.6704
vn -0.4629 -0.6569 -0.5951
vn -0.8667 -0.2169 -0.4493
vn 0.8226 0.1894 0.5362
vn 0.8250 -0.4587 0.3301
vn 0.4554 -0.8879 0.0648
vn 0.6894 0.4821 0.5406
vn 0.9262 -0.1261 0.3552
vn 0.6568 0.5334 0.5329
vn 0.2565 -0.9456 -0.2003
vn 0.6872 0.5314 0.4954
vn 0.7596 0.2827 0.5858
vn 0.7237 0.6831 0.0982
vn 0.5800 0.8144 -0.0169
vn 0.9012 0.3725 0.2215
vn 0.6136 0.7889 -0.0337
vn 0.5920 0.7984 0.1102
vn 0.9472 -0.2926 0.1315
vn 0.6413 -0.7603 0.1035
vn 0.4982 -0.8656 0.0500
vn 0.8984 0.4373 0.0391
vn 0.6668 -0.7082 0.2322
vn 0.8514 0.5242 0.0171
vn 0.9858 -0.0438 -0.1618
vn 0.3891 0.9189 -0.0646
vn 0.7435 -0.6541 -0.1393
vn 0.8896 -0.4369 0.1332
vn 0.9378 -0.0925 0.3346
vn 0.6451 -0.7208 0.2535
vn 0.6550 0.7120 0.2531
vn 0.6649 0.6909 0.2838
vn 0.4367 0.8557 0.2775
vn 0.7324 0.6799 0.0366
vn 0.4724 0.8789 -0.0668
vn 0.0979 -0.9876 -0.1231
vn -0.0272 0.9680 -0.2494
vn -0.2000 0.9339 -0.2964
vn 0.0685 0.9901 -0.1227
vn -0.3324 0.8042 -0.4928
vn -0.3954 0.7393 -0.5451
vn -0.0058 0.8653 -0.5012
vn -0.0103 0.9128 -0.4084
vn 0.3884 -0.8682 0.3087
vn 0.3472 -0.8539 0.3876
vn 0.1833 -0.9745 -0.1297
vn -0.0031 -0.9982 -0.0597
vn 0.2425 -0.8693 0.4307
vn -0.0697 0.8242 -0.5619
vn -0.2316 0.6939 -0.6818
vn -0.2692 -0.9600 -0.0765
vn -0.7079 -0.6224 -0.3339
vn -0.5727 -0.6632 -0.4818
vn -0.0934 0.9877 -0.1251
vn -0.6165 0.7821 0.0914
vn 0.5644 0.7833 -0.2605
vn -0.3255 0.9065 0.2689
vn 0.2244 0.9736 0.0425
vn -0.6684 0.6943 0.2667
vn -0.0349 0.9940 0.1041
vn -0.3467 0.8955 0.2791
vn -0.1436 -0.4931 -0.8580
vn -0.2110 -0.4371 -0.8743
vn -0.5679 -0.6569 -0.4959
vn -0.7620 -0.3709 -0.5309
vn -0.6499 0.2766 -0.7079
vn -0.8387 0.1948 -0.5085
vn -0.4787 0.5410 -0.6915
vn -0.5097 -0.7706 -0.3827
vn -0.3222 -0.8334 -0.4490
vn 0.3296 0.9391 -0.0973
vn -0.5281 0.6954 -0.4873
vn -0.7221 0.4819 -0.4963
vn -0.7246 0.3730 -0.5794
vn -0.2469 0.9252 -0.2882
vn 0.1091 0.8329 -0.5425
vn -0.8902 0.3466 -0.2955
vn 0.6067 0.7361 -0.3000
vn 0.4465 0.7783 -0.4415
vn -0.9148 0.2737 -0.2970
vn 0.2758 0.5898 -0.7590
vn -0.0211 0.5496 -0.8352
vn -0.9086 0.1521 -0.3889
vn 0.3093 0.5809 -0.7529
vn -0.0744 0.5691 -0.8189
vn -0.5039 0.2092 -0.8380
vn -0.5862 0.3370 -0.7368
vn -0.0864 0.9842 -0.1544
vn 0.1852 0.8984 -0.3982
vn 0.3703 0.7923 -0.4849
vn 0.0066 0.6984 -0.7157
vn -0.5975 -0.7906 0.1341
vn -0.8802 -0.4557 -0.1326
vn -0.8798 -0.3044 -0.3652
vn -0.9447 0.0591 -0.3225
vn -0.7502 0.5021 -0.4302
vn 0.5631 0.5969 0.5715
vn 0.9121 -0.0259 0.4091
vn 0.7421 0.5188 0.4244
vn 0.5491 0.5850 0.5969
vn 0.4492 0.7425 0.4969
vn -0.1607 0.9860 -0.0453
vn -0.1503 0.9877 -0.0421
vn -0.0075 0.9949 0.1006
vn 0.5233 0.7276 0.4436
vn 0.9896 -0.0499 0.1351
vn 0.8221 0.5067 0.2597
vn -0.1352 0.9832 -0.1226
vn 0.1451 0.9866 -0.0753
vn 0.1880 -0.9752 -0.1165
vn 0.4197 -0.9058 0.0589
vn 0.1440 -0.9850 -0.0952
vn 0.0320 0.9799 -0.1971
vn 0.0727 0.9740 -0.2148
vn -0.1275 0.9907 -0.0475
vn 0.7173 -0.5966 0.3600
vn 0.7500 -0.5844 0.3097
vn 0.9890 0.0572 0.1363
vn 0.6908 0.7190 -0.0760
vn 0.2800 -0.9195 -0.2760
vn 0.2686 -0.9487 -0.1666
vn 0.7673 0.6059 0.2098
vn 0.7300 0.5489 0.4071
vn 0.3392 -0.9100 -0.2383
vn 0.5407 0.7956 -0.2733
vn 0.2472 0.8715 -0.4235
vn -0.1763 0.7947 -0.5808
vn -0.0178 -0.9994 -0.0310
vn -0.1654 -0.9346 -0.3148
vn 0.0934 -0.9950 0.0365
vn -0.0756 -0.8728 -0.4822
vn -0.1392 -0.8294 -0.5411
vn -0.0838 -0.9345 -0.3458
vn -0.9460 0.2852 -0.1543
vn -0.7938 0.4051 -0.4536
vn -0.4521 -0.7670 -0.4553
vn -0.6048 -0.5087 -0.6128
vn -0.3262 -0.6132 -0.7194
vn -0.5378 -0.5310 -0.6548
vn -0.4366 -0.6711 -0.5992
vn -0.4058 -0.7134 -0.5712
vn -0.4850 -0.6495 -0.5857
vn -0.3846 0.9221 -0.0423
vn -0.7758 0.5440 0.3198
vn -0.8387 0.5161 0.1738
vn -0.3819 -0.8425 -0.3799
vn -0.2446 0.8572 -0.4533
vn -0.5516 0.7620 -0.3394
vn -0.6380 0.7239 -0.2625
vn -0.8663 -0.4516 -0.2134
vn -0.9282 -0.0578 -0.3674
vn 0.7969 -0.5959 0.0995
vn 0.0874 -0.9419 -0.3242
vn 0.3089 -0.9242 -0.2246
vn 0.8392 0.5091 0.1914
vn 0.3185 0.9475 -0.0271
vn 0.0927 0.9954 -0.0227
vn -0.2547 0.9592 -0.1225
vn 0.0399 0.9881 0.1483
vn 0.1391 0.9877 0.0710
vn 0.8515 0.4734 0.2254
vn 0.4175 0.8815 0.2207
vn 0.2455 -0.9451 -0.2158
vn -0.0892 -0.6933 -0.7151
vn 0.3197 0.9199 0.2272
vn 0.9113 -0.1352 0.3889
vn 0.8261 -0.4532 0.3349
vn 0.9686 0.1269 0.2138
vn 0.9521 0.2225 0.2097
vn 0.8579 -0.3488 0.3772
vn 0.7912 0.6102 0.0412
vn 0.9605 -0.0175 0.2777
vn 0.8967 0.4274 0.1150
vn 0.2191 -0.7880 -0.5753
vn 0.7616 0.6410 0.0952
vn 0.4692 0.8814 -0.0548
vn 0.2142 -0.9134 -0.3463
vn 0.0586 -0.8868 -0.4584
vn -0.3618 0.6271 -0.6898
vn -0.2424 0.7334 -0.6351
vn -0.4261 -0.7875 -0.4452
vn -0.6311 -0.5710 -0.5250
vn -0.5321 -0.6902 -0.4905
vn -0.5418 -0.7185 -0.4362
vn -0.6129 0.5913 -0.5242
vn -0.5507 -0.6131 -0.5664
vn -0.2762 -0.7641 -0.5830
vn -0.6124 -0.5596 -0.5585
vn -0.2062 -0.7794 -0.5916
vn -0.8187 -0.1271 -0.5600
vn 0.6556 -0.6835 -0.3208
vn 0.8569 0.4383 0.2713
vn 0.9109 -0.3456 -0.2256
vn 0.8875 -0.3608 -0.2867
vn 0.3934 0.8690 0.3003
vn 0.5115 0.8364 0.1969
vn 0.4890 0.8502 0.1953
vn 0.1143 -0.8209 -0.5595
vn 0.9695 -0.1198 0.2136
vn 0.9144 0.3608 0.1836
vn 0.9071 -0.1376 0.3979
vn 0.8527 -0.4695 0.2289
vn 0.9407 -0.3291 -0.0827
vn -0.1542 0.8735 -0.4618
vn -0.3689 0.5684 -0.7354
vn 0.2082 -0.7363 -0.6439
vn -0.3923 0.3026 -0.8687
vn -0.2731 -0.8030 -0.5297
vn -0.7008 -0.5650 -0.4354
vn -0.6114 -0.6032 -0.5122
vn -0.4199 -0.6452 -0.6383
vn -0.7219 -0.4216 -0.5487
vn -0.6578 -0.3296 -0.6773
vn -0.6051 -0.2517 -0.7553
vn -0.4614 0.5165 -0.7213
vn -0.3521 -0.5180 -0.7795
vn -0.1116 -0.6374 -0.7624
vn -0.1654 -0.6226 -0.7649
vn -0.2846 -0.1722 -0.9431
vn -0.4827 0.2950 -0.8246
vn -0.4190 0.1997 -0.8858
vn -0.6372 0.4712 -0.6099
vn -0.3121 -0.7966 -0.5178
vn -0.1947 -0.8025 -0.5640
vn -0.5365 -0.1803 -0.8244
vn -0.7700 0.1428 -0.6218
vn 0.8023 0.3199 -0.5040
vn 0.6208 0.2857 -0.7301
vn 0.8337 0.3617 -0.4173
vn 0.1950 -0.7022 -0.6847
vn -0.1060 -0.6446 -0.7571
vn 0.5552 0.8220 0.1267
vn 0.6510 0.6241 0.4321
vn 0.8078 0.4818 0.3397
vn 0.7689 0.6383 0.0364
vn 0.5529 0.2469 -0.7958
vn 0.3507 0.2096 -0.9127
vn 0.7133 0.6441 -0.2764
vn 0.8980 0.4356 0.0629
vn 0.1083 -0.1010 -0.9890
vn 0.3614 -0.0861 -0.9284
vn 0.6422 0.1561 -0.7505
vn 0.9969 -0.0779 0.0137
vn 0.9662 -0.2126 0.1459
vn 0.9315 -0.2266 -0.2846
vn 0.9285 0.3521 0.1180
vn 0.8735 0.4118 -0.2595
vn 0.7198 0.6840 -0.1183
vn 0.7151 0.6900 0.1117
vn 0.8303 -0.1024 -0.5478
vn -0.0387 -0.3827 -0.9231
vn 0.1191 -0.4461 -0.8870
vn 0.3335 -0.2741 -0.9020
vn 0.9414 0.3340 -0.0478
vn 0.8227 -0.1885 -0.5363
vn 0.6919 -0.2891 -0.6616
vn 0.5359 0.7834 -0.3149
vn 0.6185 0.7742 0.1340
vn 0.5667 0.8238 0.0124
vn 0.3161 0.9475 -0.0477
vn 0.1358 -0.5518 -0.8228
vn 0.0753 -0.3925 -0.9166
vn 0.1703 -0.3516 -0.9205
vn -0.0058 -0.7007 -0.7134
vn -0.3223 -0.4877 -0.8114
vn -0.3000 -0.0906 -0.9496
vn -0.4406 -0.1421 -0.8864
vn -0.2515 -0.2950 -0.9218
vn 0.7376 0.1721 -0.6530
vn 0.3119 -0.3593 -0.8795
vn 0.3811 -0.2217 -0.8975
vn 0.3709 0.0928 -0.9240
vn 0.4817 0.5040 -0.7169
vn 0.1212 0.4814 -0.8681
vn 0.0014 0.6685 -0.7438
vn 0.1528 -0.1864 -0.9705
vn 0.4487 0.2657 -0.8533
vn 0.3718 0.5905 -0.7163
vn 0.4891 0.4976 -0.7163
vn 0.4557 -0.0258 -0.8898
vn 0.3954 0.0573 -0.9167
vn -0.0338 0.7731 -0.6334
vn 0.1320 0.4715 -0.8719
vn -0.2477 0.6376 -0.7294
vn -0.3373 0.5506 -0.7636
vn -0.4418 -0.0261 -0.8967
s 1
usemtl mtl1.131
f 3//1 2//2 1//3
f 6//4 2//2 5//5
f 2//2 3//1 5//5
f 1//3 2//2 202//6
f 7//7 202//6 6//4
f 202//6 2//2 6//4
f 175//8 182//9 1//3
f 3//1 1//3 182//9
f 2655//10 183//11 2467//12
f 2468//13 2656//13 195//13
f 202//6 7//7 13//14
f 7//7 9//15 4//16
f 4//16 8//17 16//18
f 2475//19 17//20 2493//21
f 2473//22 2471//23 189//24
f 6//4 2477//25 7//7
f 10//26 2470//27 2478//28
f 2476//29 2470//27 10//26
f 10//26 11//30 2476//29
f 2482//31 17//20 2475//19
f 2472//32 2667//33 2660//34
f 2472//32 2469//35 2667//33
f 190//36 2473//22 189//24
f 2663//37 2479//38 2474//39
f 2479//38 2663//37 191//40
f 2479//38 191//40 2480//41
f 2666//42 192//43 2481//44
f 2481//44 192//43 2483//45
f 192//43 2495//46 2483//45
f 18//47 14//48 12//49
f 2484//50 2487//50 20//50
f 2485//51 2498//52 13//14
f 2485//51 13//14 7//7
f 2488//53 19//54 15//55
f 2496//56 19//54 2488//53
f 2499//57 2489//57 2490//57
f 201//58 2500//59 2491//60
f 7//7 16//18 2485//51
f 7//7 4//16 16//18
f 2494//61 18//47 12//49
f 2496//56 2493//21 17//20
f 17//20 19//54 2496//56
f 25//62 2501//63 201//58
f 2486//64 22//64 21//64
f 2503//65 37//66 38//67
f 2504//68 39//69 2522//70
f 2503//65 2505//71 37//66
f 13//14 2498//52 2506//72
f 2502//73 24//74 2504//68
f 39//69 2504//68 24//74
f 2525//75 2507//76 23//77
f 2501//63 25//62 2507//76
f 25//62 258//78 23//77
f 2507//76 25//62 23//77
f 23//77 258//78 2525//75
f 201//58 258//78 25//62
f 30//79 13//14 2503//65
f 2503//65 26//80 30//79
f 2503//65 38//67 26//80
f 30//79 26//80 27//81
f 26//80 28//82 27//81
f 31//83 29//84 2510//85
f 28//82 29//84 27//81
f 27//81 44//86 30//79
f 27//81 29//84 44//86
f 29//84 48//87 44//86
f 29//84 31//83 48//87
f 2508//88 40//89 32//90
f 2508//88 2524//91 40//89
f 2515//92 2511//92 2509//92
f 2516//93 33//94 2512//95
f 2513//96 33//94 34//97
f 33//94 2513//96 2512//95
f 2519//98 2530//99 2514//100
f 35//101 2517//102 2527//103
f 258//78 35//101 2525//75
f 36//104 2518//105 35//101
f 2518//105 2517//102 35//101
f 36//104 2520//106 2518//105
f 2524//91 2523//107 40//89
f 2523//107 2526//108 40//89
f 2527//103 2525//75 35//101
f 202//6 13//14 117//109
f 13//14 30//79 41//110
f 41//110 43//111 56//112
f 2539//113 53//114 58//115
f 207//116 58//115 53//114
f 206//117 58//115 207//116
f 53//114 42//118 207//116
f 41//110 46//119 43//111
f 30//79 46//119 41//110
f 30//79 44//86 46//119
f 48//87 45//120 44//86
f 48//87 49//121 45//120
f 44//86 45//120 46//119
f 45//120 49//121 46//119
f 47//122 46//119 49//121
f 49//121 50//123 47//122
f 43//111 46//119 47//122
f 47//122 50//123 43//111
f 2529//124 2533//125 2537//126
f 2530//99 2519//98 2531//127
f 2532//128 52//129 2534//130
f 2536//131 53//114 2535//132
f 2520//106 36//104 2536//131
f 2532//128 2521//133 52//129
f 2536//131 36//104 51//134
f 2536//131 51//134 42//118
f 53//114 2536//131 42//118
f 36//104 42//118 51//134
f 13//14 41//110 54//135
f 41//110 55//136 54//135
f 55//136 60//137 54//135
f 55//136 61//138 60//137
f 54//135 60//137 64//139
f 60//137 73//140 64//139
f 2528//141 2540//142 2538//143
f 2540//142 57//144 2538//143
f 64//139 13//14 54//135
f 55//136 2543//145 61//138
f 59//146 2541//147 58//115
f 2544//148 2541//147 59//146
f 206//117 59//146 58//115
f 2544//148 59//146 62//149
f 72//150 59//146 70//151
f 63//152 59//146 72//150
f 59//146 63//152 62//149
f 60//137 74//153 73//140
f 61//138 75//154 74//153
f 60//137 61//138 74//153
f 2542//155 2529//124 2537//126
f 2546//156 2545//157 77//158
f 77//158 2558//159 2546//156
f 62//149 2563//160 2544//148
f 63//152 2563//160 62//149
f 13//14 64//139 81//161
f 66//162 84//163 81//161
f 73//140 65//164 64//139
f 73//140 68//165 2547//166
f 73//140 76//167 67//168
f 81//161 64//139 66//162
f 64//139 65//164 66//162
f 73//140 67//168 68//165
f 69//169 66//162 65//164
f 2554//170 2566//171 2549//172
f 2548//173 2551//173 2555//173
f 2566//171 2554//170 85//174
f 2550//175 80//176 72//150
f 72//150 2552//177 2550//175
f 2553//178 71//179 2556//180
f 2556//180 71//179 2569//181
f 2552//177 72//150 2557//182
f 70//151 208//183 71//179
f 2553//178 70//151 71//179
f 208//183 70//151 59//146
f 73//140 74//153 76//167
f 74//153 75//154 76//167
f 2564//184 79//185 2559//186
f 2565//187 80//176 2560//188
f 2561//189 80//176 2550//175
f 79//185 2562//190 2559//186
f 63//152 78//191 2565//187
f 2563//160 63//152 2565//187
f 78//191 72//150 80//176
f 78//191 80//176 2565//187
f 72//150 78//191 63//152
f 202//6 117//109 260//192
f 81//161 92//193 13//14
f 81//161 91//194 92//193
f 105//195 91//194 82//196
f 81//161 84//163 82//196
f 81//161 82//196 91//194
f 107//197 105//195 82//196
f 108//198 83//199 208//183
f 2567//200 107//197 82//196
f 83//199 2589//201 2569//181
f 2570//202 2590//202 2568//202
f 71//179 83//199 2569//181
f 71//179 208//183 83//199
f 13//14 86//203 88//204
f 13//14 92//193 86//203
f 92//193 87//205 86//203
f 86//203 87//205 88//204
f 100//206 89//206 95//206
f 2578//207 2573//208 2571//209
f 13//14 88//204 122//210
f 2574//211 2580//212 90//213
f 2580//212 104//214 90//213
f 263//215 2577//216 2584//217
f 263//215 2584//217 262//218
f 91//194 94//219 92//193
f 91//194 106//220 98//221
f 106//220 99//222 98//221
f 92//193 93//223 87//205
f 92//193 94//219 93//223
f 91//194 98//221 94//219
f 2571//209 93//223 2578//207
f 93//223 96//224 2578//207
f 93//223 97//225 96//224
f 93//223 94//219 97//225
f 94//219 98//221 97//225
f 98//221 99//222 102//226
f 2578//207 96//224 2581//227
f 2581//227 96//224 101//228
f 102//226 101//228 96//224
f 102//226 96//224 97//225
f 97//225 98//221 102//226
f 109//229 2579//230 2587//231
f 109//229 103//232 2579//230
f 262//218 2583//233 103//232
f 103//232 2583//233 2579//230
f 2585//234 2582//235 101//228
f 102//226 2585//234 101//228
f 208//183 103//232 109//229
f 208//183 262//218 103//232
f 2583//233 262//218 2586//236
f 91//194 105//195 106//220
f 2591//237 105//195 107//197
f 106//220 105//195 2591//237
f 83//199 108//198 2589//201
f 109//229 108//198 208//183
f 108//198 109//229 2588//238
f 112//239 151//240 152//241
f 110//242 112//239 111//243
f 152//241 153//244 111//243
f 111//243 112//239 152//241
f 260//192 110//242 114//245
f 114//245 110//242 113//246
f 2592//247 111//243 116//248
f 110//242 111//243 113//246
f 111//243 153//244 116//248
f 2598//249 2632//250 156//251
f 260//192 114//245 216//252
f 113//246 212//253 114//245
f 115//254 2670//254 2593//254
f 2595//255 2592//247 116//248
f 2676//256 2594//257 2671//258
f 210//259 162//260 135//261
f 122//210 124//262 117//109
f 124//262 118//263 117//109
f 112//239 110//242 117//109
f 151//240 112//239 117//109
f 151//240 117//109 118//263
f 160//264 151//240 118//263
f 118//263 119//265 160//264
f 129//266 118//263 124//262
f 129//266 119//265 118//263
f 129//266 133//267 119//265
f 260//192 117//109 110//242
f 2642//268 2601//269 161//270
f 2643//271 2602//272 120//273
f 135//261 2603//274 2614//275
f 2615//276 120//273 2602//272
f 2644//277 2603//274 135//261
f 162//260 2644//277 135//261
f 144//278 125//279 121//280
f 122//210 121//280 123//281
f 122//210 123//281 124//262
f 123//281 127//282 126//283
f 125//279 123//281 121//280
f 125//279 127//282 123//281
f 2607//284 2604//285 128//286
f 2625//287 149//288 2604//285
f 126//283 2609//289 123//281
f 123//281 129//266 124//262
f 149//288 128//286 2604//285
f 117//109 13//14 122//210
f 130//290 2605//291 131//292
f 2606//293 2607//284 2612//294
f 2612//294 2607//284 128//286
f 132//295 2631//296 150//297
f 132//295 2608//298 2631//296
f 2605//291 130//290 2610//299
f 2610//299 130//290 2616//300
f 134//301 2613//302 132//295
f 2608//298 132//295 2613//302
f 135//261 2614//275 2611//303
f 2613//302 134//301 2611//303
f 135//261 2611//303 134//301
f 150//297 263//215 132//295
f 88//204 87//205 137//304
f 87//205 140//305 137//304
f 2575//306 147//307 2617//308
f 2572//309 2576//309 2618//309
f 122//210 88//204 136//310
f 88//204 137//304 136//310
f 122//210 136//310 121//280
f 136//310 138//311 121//280
f 136//310 137//304 138//311
f 137//304 139//312 138//311
f 137//304 140//305 139//312
f 121//280 138//311 141//313
f 142//314 141//313 138//311
f 138//311 139//312 143//315
f 142//314 138//311 143//315
f 139//312 140//305 143//315
f 2617//308 147//307 2622//316
f 141//313 144//278 121//280
f 2577//216 147//307 2575//306
f 2620//317 2623//317 145//317
f 2626//318 2624//319 146//320
f 2619//321 149//288 2625//287
f 2627//322 2619//321 2621//323
f 150//297 2629//324 263//215
f 263//215 147//307 2577//216
f 150//297 148//325 2626//318
f 146//320 150//297 2626//318
f 2629//324 150//297 146//320
f 2622//316 147//307 2628//326
f 148//325 150//297 2631//296
f 2619//321 2630//327 149//288
f 2630//327 2619//321 2627//322
f 154//328 153//244 152//241
f 151//240 154//328 152//241
f 151//240 160//264 155//329
f 154//328 151//240 155//329
f 2635//330 2644//277 159//331
f 156//251 2632//250 2633//332
f 158//333 156//251 2633//332
f 2639//334 2634//334 2636//334
f 210//259 157//335 159//331
f 159//331 2644//277 162//260
f 159//331 162//260 210//259
f 157//335 2638//336 2640//337
f 159//331 157//335 2641//338
f 2635//330 159//331 2641//338
f 2637//339 2642//268 161//270
f 237//340 243//341 166//342
f 202//6 163//343 164//344
f 2646//345 164//344 163//343
f 164//344 167//346 165//347
f 165//347 176//348 164//344
f 2645//349 178//350 2652//351
f 170//352 2647//353 169//354
f 164//344 2648//355 167//346
f 2647//353 168//356 2645//349
f 168//356 178//350 2645//349
f 243//341 169//354 166//342
f 164//344 2646//345 2648//355
f 170//352 171//357 2647//353
f 171//357 168//356 2647//353
f 243//341 173//358 169//354
f 173//358 170//352 169//354
f 2650//359 174//360 2649//361
f 174//360 172//362 171//357
f 2649//361 174//360 171//357
f 2694//363 245//364 2650//359
f 246//365 2650//359 245//364
f 174//360 2650//359 246//365
f 248//366 172//362 174//360
f 202//6 164//344 1//3
f 181//367 172//362 248//366
f 248//366 177//368 181//367
f 247//369 177//368 248//366
f 164//344 175//8 1//3
f 2653//370 185//371 2651//372
f 164//344 176//348 175//8
f 177//368 2658//373 2654//374
f 2654//374 178//350 179//375
f 2654//374 179//375 180//376
f 2654//374 180//376 177//368
f 178//350 171//357 179//375
f 178//350 168//356 171//357
f 180//376 171//357 181//367
f 179//375 171//357 180//376
f 181//367 177//368 180//376
f 171//357 172//362 181//367
f 193//377 247//369 187//378
f 247//369 184//379 177//368
f 247//369 186//380 184//379
f 247//369 193//377 2659//381
f 187//378 2661//382 193//377
f 2651//372 185//371 2655//10
f 183//11 2655//10 185//371
f 177//368 184//379 2658//373
f 184//379 186//380 2658//373
f 2658//373 186//380 2657//383
f 186//380 2668//384 2657//383
f 187//378 194//385 2662//386
f 188//387 194//385 187//378
f 2495//46 192//43 188//387
f 196//388 2495//46 188//387
f 2661//382 2669//389 193//377
f 2664//390 2662//386 194//385
f 2666//42 2665//391 194//385
f 2669//389 2659//381 193//377
f 2666//42 188//387 192//43
f 194//385 188//387 2666//42
f 196//388 253//392 252//393
f 2492//394 2497//395 196//388
f 201//58 2491//60 196//388
f 2497//395 2495//46 196//388
f 200//396 256//397 197//398
f 205//399 200//396 198//400
f 197//398 198//400 200//396
f 200//396 199//401 256//397
f 35//101 199//401 200//396
f 258//78 256//397 199//401
f 35//101 258//78 199//401
f 252//393 258//78 196//388
f 196//388 258//78 201//58
f 260//192 303//402 202//6
f 198//400 204//403 205//399
f 207//116 203//404 259//405
f 204//403 203//404 207//116
f 198//400 259//405 203//404
f 204//403 198//400 203//404
f 204//403 42//118 36//104
f 36//104 205//399 204//403
f 200//396 205//399 36//104
f 36//104 35//101 200//396
f 206//117 207//116 259//405
f 206//117 259//405 261//406
f 261//406 59//146 206//117
f 42//118 204//403 207//116
f 262//218 208//183 261//406
f 261//406 208//183 59//146
f 209//407 211//408 263//215
f 209//407 263//215 266//409
f 210//259 266//409 265//410
f 135//261 134//301 209//407
f 210//259 135//261 209//407
f 266//409 210//259 209//407
f 211//408 132//295 263//215
f 134//301 132//295 211//408
f 209//407 134//301 211//408
f 216//252 268//411 260//192
f 214//412 2596//413 213//414
f 2672//415 2596//413 214//412
f 2597//416 2599//417 2674//418
f 214//412 219//419 2673//420
f 2681//421 2676//256 2671//258
f 214//412 213//414 265//410
f 2599//417 215//422 2674//418
f 213//414 2675//423 210//259
f 2675//423 2600//424 2638//336
f 2638//336 157//335 2675//423
f 2675//423 157//335 210//259
f 265//410 213//414 210//259
f 219//419 214//412 269//425
f 214//412 265//410 269//425
f 2682//426 218//426 2677//426
f 216//252 2678//427 217//428
f 216//252 217//428 268//411
f 221//429 268//411 217//428
f 220//430 2679//431 219//419
f 219//419 269//425 220//430
f 268//411 221//429 275//432
f 221//429 225//433 275//432
f 217//428 2678//427 221//429
f 221//429 2678//427 223//434
f 220//430 222//435 2679//431
f 2683//436 2684//437 2680//438
f 221//429 223//434 225//433
f 230//439 2684//437 2683//436
f 224//440 222//435 220//430
f 224//440 231//441 222//435
f 231//441 2686//442 222//435
f 272//443 224//440 220//430
f 224//440 272//443 231//441
f 225//433 223//434 2687//444
f 275//432 225//433 226//445
f 226//445 225//433 2687//444
f 226//445 2687//444 227//446
f 231//441 2685//447 2686//442
f 226//445 277//448 232//449
f 227//446 277//448 226//445
f 228//450 229//451 231//441
f 229//451 2685//447 231//441
f 226//445 232//449 275//432
f 272//443 228//450 231//441
f 378//452 233//453 163//343
f 233//453 234//454 236//455
f 234//454 233//453 293//456
f 2688//457 239//458 2691//459
f 297//460 234//454 293//456
f 235//461 2693//462 2689//463
f 163//343 202//6 378//452
f 236//455 163//343 233//453
f 235//461 240//464 2693//462
f 2690//465 299//466 242//467
f 2690//465 242//467 240//464
f 299//466 540//468 242//467
f 2646//345 163//343 236//455
f 237//340 166//342 2691//459
f 2694//363 238//469 245//364
f 239//458 237//340 2691//459
f 2692//470 2693//462 240//464
f 2692//470 240//464 241//471
f 2692//470 241//471 2694//363
f 241//471 238//469 2694//363
f 241//471 240//464 242//467
f 241//471 242//467 301//472
f 238//469 241//471 301//472
f 238//469 301//472 248//366
f 540//468 301//472 242//467
f 244//473 245//364 238//469
f 246//365 244//473 248//366
f 248//366 244//473 238//469
f 245//364 244//473 246//365
f 174//360 246//365 248//366
f 248//366 249//474 247//369
f 301//472 249//474 248//366
f 249//474 302//475 247//369
f 302//475 254//476 250//477
f 187//378 250//477 188//387
f 187//378 247//369 250//477
f 247//369 302//475 250//477
f 302//475 251//478 254//476
f 188//387 253//392 196//388
f 253//392 188//387 254//476
f 250//477 254//476 188//387
f 304//479 257//480 251//478
f 253//392 251//478 252//393
f 254//476 251//478 253//392
f 256//397 258//78 257//480
f 256//397 257//480 197//398
f 257//480 198//400 197//398
f 255//481 198//400 257//480
f 257//480 304//479 255//481
f 252//393 251//478 258//78
f 258//78 251//478 257//480
f 255//481 259//405 198//400
f 261//406 259//405 255//481
f 305//482 400//483 260//192
f 255//481 262//218 261//406
f 255//481 266//409 262//218
f 255//481 265//410 266//409
f 266//409 263//215 262//218
f 267//484 265//410 264//485
f 305//482 260//192 268//411
f 265//410 2695//486 269//425
f 2696//487 264//485 309//488
f 315//489 268//411 275//432
f 220//430 269//425 270//490
f 272//443 220//430 270//490
f 307//491 270//490 269//425
f 271//492 269//425 2697//493
f 271//492 2697//493 309//488
f 271//492 307//491 269//425
f 307//491 271//492 309//488
f 273//494 272//443 316//495
f 310//496 316//495 272//443
f 273//494 229//451 228//450
f 272//443 273//494 228//450
f 273//494 280//497 229//451
f 273//494 283//498 280//497
f 273//494 274//499 285//500
f 318//501 273//494 316//495
f 318//501 274//499 273//494
f 275//432 284//502 321//503
f 275//432 232//449 284//502
f 276//504 284//502 278//505
f 278//505 284//502 232//449
f 2698//506 2699//507 282//508
f 285//500 2698//506 282//508
f 285//500 282//508 283//498
f 273//494 285//500 283//498
f 229//451 281//509 2685//447
f 277//448 227//446 279//510
f 281//509 279//510 2685//447
f 277//448 278//505 232//449
f 277//448 279//510 2699//507
f 280//497 281//509 229//451
f 283//498 281//509 280//497
f 282//508 2699//507 279//510
f 282//508 279//510 281//509
f 283//498 282//508 281//509
f 320//511 285//500 274//499
f 284//502 287//512 286//513
f 276//504 287//512 284//502
f 287//512 288//514 286//513
f 2700//515 322//516 2701//517
f 286//513 288//514 289//518
f 2700//515 2698//506 285//500
f 2700//515 285//500 322//516
f 289//518 324//519 323//520
f 289//518 288//514 324//519
f 288//514 326//521 324//519
f 290//522 291//523 342//524
f 355//525 342//524 291//523
f 291//523 290//522 292//526
f 357//527 292//526 290//522
f 292//526 368//528 291//523
f 378//452 372//529 294//530
f 295//531 294//530 372//529
f 2702//532 296//533 2704//534
f 300//535 378//452 202//6
f 294//530 295//531 293//456
f 294//530 293//456 233//453
f 295//531 297//460 293//456
f 233//453 378//452 294//530
f 2705//536 2703//537 298//538
f 298//538 2703//537 381//539
f 2689//463 2706//540 235//461
f 298//538 2690//465 2705//536
f 299//466 2690//465 298//538
f 302//475 301//472 540//468
f 301//472 302//475 249//474
f 398//541 300//535 202//6
f 398//541 202//6 303//402
f 400//483 303//402 260//192
f 407//542 400//483 305//482
f 568//543 306//544 304//479
f 255//481 304//479 306//544
f 305//482 268//411 412//545
f 255//481 306//544 264//485
f 255//481 264//485 265//410
f 315//489 412//545 268//411
f 308//546 306//544 414//547
f 312//548 308//546 414//547
f 312//548 414//547 757//549
f 307//491 272//443 270//490
f 309//488 310//496 307//491
f 310//496 272//443 307//491
f 309//488 264//485 308//546
f 264//485 306//544 308//546
f 308//546 312//548 309//488
f 310//496 309//488 312//548
f 413//550 411//551 314//552
f 412//545 314//552 411//551
f 313//553 316//495 311//554
f 312//548 311//554 310//496
f 310//496 311//554 316//495
f 312//548 313//553 311//554
f 317//555 314//552 321//503
f 321//503 315//489 275//432
f 319//556 318//501 316//495
f 316//495 313//553 417//557
f 319//556 316//495 417//557
f 419//558 425//559 319//556
f 412//545 315//489 314//552
f 315//489 321//503 314//552
f 320//511 274//499 318//501
f 319//556 320//511 318//501
f 321//503 284//502 286//513
f 285//500 320//511 322//516
f 433//560 322//516 320//511
f 321//503 286//513 289//518
f 321//503 289//518 445//561
f 289//518 323//520 445//561
f 326//521 327//562 324//519
f 323//520 324//519 325//563
f 327//562 332//564 324//519
f 324//519 332//564 325//563
f 445//561 323//520 325//563
f 2701//517 328//565 326//521
f 2701//517 322//516 328//565
f 327//562 333//566 332//564
f 326//521 328//565 329//567
f 333//566 326//521 329//567
f 327//562 326//521 333//566
f 329//567 336//568 333//566
f 330//569 331//570 322//516
f 329//567 328//565 331//570
f 331//570 440//571 329//567
f 440//571 336//568 329//567
f 328//565 322//516 331//570
f 331//570 330//569 441//572
f 332//564 334//573 325//563
f 333//566 335//574 332//564
f 334//573 332//564 2707//575
f 334//573 445//561 325//563
f 2707//575 453//576 334//573
f 334//573 453//576 445//561
f 335//574 333//566 336//568
f 336//568 454//577 335//574
f 453//576 2707//575 2732//578
f 339//579 338//580 337//581
f 457//582 2708//583 2709//584
f 2709//584 463//585 457//582
f 339//579 337//581 465//586
f 458//587 465//586 337//581
f 467//588 2709//584 340//589
f 463//585 2709//584 467//588
f 343//590 339//579 466//591
f 2710//592 338//580 342//524
f 339//579 343//590 348//593
f 472//594 349//595 2711//596
f 344//597 347//598 351//599
f 345//600 341//601 340//589
f 340//589 2712//602 345//600
f 346//603 345//600 2712//602
f 341//601 345//600 476//604
f 476//604 345//600 346//603
f 476//604 346//603 353//605
f 2710//592 342//524 344//597
f 342//524 347//598 344//597
f 338//580 339//579 342//524
f 2711//596 349//595 2713//606
f 472//594 354//607 349//595
f 479//608 353//605 350//609
f 350//609 352//610 493//611
f 351//599 347//598 355//525
f 353//605 346//603 2712//602
f 351//599 353//605 2712//602
f 350//609 353//605 351//599
f 352//610 350//609 351//599
f 342//524 355//525 347//598
f 352//610 351//599 355//525
f 290//522 342//524 339//579
f 348//593 290//522 339//579
f 290//522 348//593 357//527
f 2713//606 358//612 357//527
f 349//595 358//612 2713//606
f 349//595 354//607 2714//613
f 352//610 360//614 493//611
f 352//610 355//525 356//615
f 359//616 354//607 491//617
f 356//615 355//525 291//523
f 352//610 356//615 360//614
f 501//618 359//616 491//617
f 359//616 501//618 511//619
f 362//620 359//616 511//619
f 359//616 2714//613 354//607
f 2714//613 359//616 362//620
f 291//523 363//621 356//615
f 363//621 367//622 356//615
f 356//615 367//622 360//614
f 360//614 2719//623 508//624
f 357//527 361//625 292//526
f 358//612 361//625 357//527
f 2715//626 2714//613 362//620
f 367//622 509//627 2744//628
f 363//621 291//523 368//528
f 292//526 369//629 368//528
f 2715//626 362//620 364//630
f 362//620 527//631 364//630
f 361//625 369//629 292//526
f 2715//626 364//630 2720//632
f 365//633 520//634 366//635
f 300//535 365//633 378//452
f 365//633 366//635 378//452
f 2750//636 522//637 2716//638
f 523//639 373//640 2717//641
f 514//642 509//627 367//622
f 527//631 371//643 364//630
f 370//644 2720//632 364//630
f 371//643 370//644 364//630
f 376//645 370//644 371//643
f 376//645 2720//632 370//644
f 372//529 378//452 366//635
f 372//529 373//640 295//531
f 2722//646 296//533 2702//532
f 372//529 2717//641 373//640
f 2753//647 529//648 2723//649
f 2723//649 529//648 2703//537
f 374//650 363//621 368//528
f 367//622 363//621 375//651
f 363//621 374//650 375//651
f 530//652 367//622 375//651
f 369//629 379//653 368//528
f 379//653 382//654 368//528
f 2720//632 376//645 532//655
f 2720//632 532//655 377//656
f 380//657 381//539 529//648
f 2703//537 529//648 381//539
f 536//658 375//651 374//650
f 536//658 537//659 375//651
f 382//654 374//650 368//528
f 2721//660 377//656 2724//661
f 377//656 384//662 2724//661
f 381//539 299//466 298//538
f 381//539 380//657 299//466
f 374//650 382//654 536//658
f 382//654 379//653 383//663
f 379//653 2725//664 383//663
f 540//468 299//466 380//657
f 540//468 380//657 534//665
f 382//654 383//663 536//658
f 544//666 384//662 543//667
f 386//668 385//669 383//663
f 383//663 2725//664 386//668
f 386//668 384//662 544//666
f 544//666 546//670 386//668
f 385//669 388//671 383//663
f 388//671 549//672 383//663
f 536//658 383//663 541//673
f 541//673 383//663 549//672
f 385//669 389//674 388//671
f 385//669 387//675 389//674
f 385//669 386//668 387//675
f 386//668 546//670 387//675
f 387//675 546//670 391//676
f 545//677 251//478 302//475
f 540//468 545//677 302//475
f 390//678 389//674 387//675
f 387//675 391//676 390//678
f 390//678 388//671 389//674
f 393//679 392//680 391//676
f 304//479 539//681 550//682
f 304//479 251//478 539//681
f 391//676 392//680 390//678
f 388//671 390//678 395//683
f 395//683 390//678 392//680
f 393//679 394//684 397//685
f 388//671 395//683 399//686
f 388//671 399//686 549//672
f 395//683 392//680 400//483
f 394//684 396//687 397//685
f 397//685 400//483 392//680
f 396//687 400//483 397//685
f 393//679 397//685 392//680
f 394//684 303//402 396//687
f 395//683 400//483 399//686
f 396//687 303//402 400//483
f 304//479 550//682 551//688
f 402//689 304//479 551//688
f 555//690 401//691 553//692
f 401//691 403//693 402//689
f 407//542 399//686 400//483
f 403//693 401//691 557//694
f 304//479 402//689 403//693
f 407//542 404//695 399//686
f 552//696 399//686 404//695
f 557//694 563//697 403//693
f 563//697 568//543 403//693
f 403//693 568//543 304//479
f 405//698 407//542 406//699
f 572//700 406//699 407//542
f 405//698 404//695 407//542
f 571//701 572//700 410//702
f 407//542 305//482 408//703
f 572//700 407//542 408//703
f 411//551 413//550 409//704
f 570//705 411//551 409//704
f 412//545 411//551 570//705
f 412//545 410//702 305//482
f 410//702 408//703 305//482
f 412//545 570//705 410//702
f 410//702 572//700 408//703
f 409//704 413//550 574//706
f 574//706 413//550 576//707
f 413//550 415//708 576//707
f 414//547 575//709 757//549
f 413//550 314//552 317//555
f 413//550 317//555 415//708
f 581//710 421//711 422//712
f 2726//713 881//714 2756//715
f 313//553 418//716 417//557
f 419//558 417//557 418//716
f 319//556 417//557 419//558
f 312//548 418//716 313//553
f 418//716 312//548 757//549
f 418//716 420//717 419//558
f 420//717 426//718 419//558
f 426//718 425//559 419//558
f 757//549 426//718 420//717
f 421//711 423//719 422//712
f 2726//713 2727//720 588//721
f 421//711 427//722 423//719
f 591//723 588//721 2727//720
f 427//722 591//723 2727//720
f 588//721 881//714 2726//713
f 424//724 319//556 425//559
f 425//559 426//718 429//725
f 429//725 426//718 430//726
f 426//718 757//549 430//726
f 432//727 593//728 317//555
f 321//503 432//727 317//555
f 421//711 600//729 427//722
f 416//730 600//729 421//711
f 600//729 617//731 427//722
f 427//722 608//732 591//723
f 608//732 427//722 617//731
f 425//559 428//733 424//724
f 428//733 425//559 429//725
f 429//725 434//734 428//733
f 434//734 429//725 435//735
f 431//736 429//725 430//726
f 431//736 435//735 429//725
f 596//737 435//735 431//736
f 432//727 599//738 593//728
f 320//511 319//556 424//724
f 428//733 433//560 424//724
f 428//733 434//734 433//560
f 597//739 434//734 435//735
f 434//734 597//739 436//740
f 2728//741 433//560 434//734
f 596//737 597//739 435//735
f 432//727 615//742 598//743
f 321//503 445//561 432//727
f 320//511 424//724 433//560
f 433//560 2728//741 437//744
f 433//560 437//744 439//745
f 436//740 601//746 2729//747
f 601//746 439//745 2729//747
f 445//561 615//742 432//727
f 617//731 618//748 608//732
f 330//569 322//516 438//749
f 438//749 322//516 433//560
f 439//745 438//749 433//560
f 439//745 611//750 443//751
f 331//570 441//572 440//571
f 438//749 441//572 330//569
f 441//572 442//752 446//753
f 442//752 444//754 446//753
f 441//572 438//749 439//745
f 439//745 443//751 441//572
f 443//751 442//752 441//572
f 612//755 610//756 447//757
f 2730//758 2760//759 2731//760
f 442//752 443//751 444//754
f 2760//759 2730//758 443//751
f 443//751 611//750 2760//759
f 440//571 441//572 446//753
f 446//753 444//754 448//761
f 2731//760 448//761 2730//758
f 447//757 610//756 618//748
f 445//561 453//576 450//762
f 446//753 449//763 440//571
f 449//763 336//568 440//571
f 446//753 448//761 640//764
f 2731//760 621//765 448//761
f 450//762 453//576 455//766
f 336//568 449//763 454//577
f 449//763 446//753 640//764
f 640//764 448//761 621//765
f 626//767 450//762 451//768
f 620//769 450//762 626//767
f 627//770 626//767 451//768
f 627//770 451//768 630//771
f 456//772 450//762 455//766
f 450//762 456//772 451//768
f 451//768 456//772 452//773
f 631//774 451//768 452//773
f 452//773 456//772 644//775
f 630//771 451//768 631//774
f 631//774 452//773 644//775
f 2732//578 455//766 453//576
f 454//577 449//763 640//764
f 2733//776 454//577 640//764
f 648//777 2733//776 640//764
f 2733//776 648//777 456//772
f 458//587 461//778 460//779
f 458//587 2708//583 457//582
f 460//779 465//586 458//587
f 457//582 459//780 458//587
f 458//587 459//780 461//778
f 457//582 661//781 459//780
f 651//782 459//780 661//781
f 652//783 461//778 459//780
f 460//779 461//778 462//784
f 651//782 652//783 459//780
f 461//778 656//785 462//784
f 654//786 651//782 661//781
f 463//585 468//787 464//788
f 463//585 464//788 661//781
f 457//582 463//585 661//781
f 339//579 465//586 466//591
f 465//586 460//779 466//591
f 466//591 462//784 659//789
f 466//591 460//779 462//784
f 664//790 2711//596 466//591
f 659//789 664//790 466//591
f 463//585 467//588 468//787
f 468//787 467//588 340//589
f 468//787 340//589 471//791
f 480//792 464//788 468//787
f 472//594 2711//596 665//793
f 2711//596 664//790 665//793
f 665//793 474//794 472//594
f 470//795 471//791 341//601
f 471//791 340//589 341//601
f 471//791 470//795 478//796
f 471//791 480//792 468//787
f 480//792 471//791 478//796
f 464//788 482//797 469//798
f 480//792 482//797 464//788
f 475//799 469//798 482//797
f 474//794 473//800 472//594
f 354//607 472//594 473//800
f 475//799 473//800 474//794
f 470//795 341//601 476//604
f 477//801 353//605 479//608
f 478//796 470//795 476//604
f 478//796 476//604 477//801
f 478//796 477//801 479//608
f 480//792 478//796 479//608
f 479//608 481//802 480//792
f 484//803 481//802 479//608
f 481//802 482//797 480//792
f 475//799 482//797 489//804
f 475//799 491//617 473//800
f 475//799 495//805 491//617
f 473//800 491//617 354//607
f 479//608 350//609 484//803
f 350//609 493//611 483//806
f 484//803 350//609 483//806
f 492//807 483//806 493//611
f 485//808 484//803 483//806
f 486//809 484//803 485//808
f 485//808 487//810 486//809
f 477//801 476//604 353//605
f 486//809 481//802 484//803
f 481//802 488//811 482//797
f 486//809 488//811 481//802
f 482//797 488//811 489//804
f 475//799 489//804 495//805
f 488//811 490//812 489//804
f 489//804 490//812 495//805
f 487//810 488//811 486//809
f 487//810 490//812 488//811
f 492//807 493//611 508//624
f 483//806 492//807 485//808
f 492//807 487//810 485//808
f 360//614 508//624 493//611
f 494//813 492//807 2744//628
f 487//810 492//807 494//813
f 490//812 487//810 494//813
f 490//812 494//813 495//805
f 500//814 491//617 495//805
f 491//617 500//814 501//618
f 497//815 503//816 496//817
f 497//815 498//818 503//816
f 496//817 300//535 497//815
f 2737//819 2734//820 506//821
f 497//815 499//822 674//823
f 300//535 499//822 497//815
f 497//815 674//823 498//818
f 2769//824 676//825 2735//826
f 676//825 675//827 2735//826
f 675//827 2743//828 2735//826
f 507//829 2743//828 675//827
f 500//814 495//805 494//813
f 510//830 500//814 2744//628
f 500//814 494//813 2744//628
f 511//619 501//618 500//814
f 502//831 504//832 512//833
f 2737//819 506//821 505//834
f 300//535 496//817 502//831
f 496//817 503//816 502//831
f 2739//835 2736//835 2738//835
f 2740//836 504//832 502//831
f 2741//837 513//838 504//832
f 507//829 2742//839 2743//828
f 2742//839 519//840 2746//841
f 509//627 510//830 2744//628
f 2745//842 511//619 500//814
f 2745//842 517//843 511//619
f 362//620 511//619 517//843
f 512//833 300//535 502//831
f 504//832 513//838 512//833
f 510//830 509//627 514//642
f 515//844 510//830 514//642
f 2749//845 517//843 2745//842
f 517//843 2749//845 526//846
f 518//847 362//620 517//843
f 518//847 516//848 362//620
f 518//847 517//843 526//846
f 362//620 516//848 527//631
f 512//833 365//633 300//535
f 512//833 521//849 365//633
f 365//633 521//849 520//634
f 2753//647 2746//841 519//840
f 2751//850 522//637 2750//636
f 2718//851 2752//852 2754//853
f 512//833 513//838 521//849
f 2747//854 522//637 2751//850
f 2752//852 2748//855 2754//853
f 514//642 367//622 524//856
f 2755//857 515//844 525//858
f 525//858 515//844 514//642
f 525//858 514//642 524//856
f 679//859 2755//857 525//858
f 679//859 525//858 684//860
f 518//847 677//861 516//848
f 677//861 528//862 516//848
f 678//863 518//847 526//846
f 678//863 677//861 518//847
f 527//631 528//862 371//643
f 528//862 532//655 371//643
f 528//862 527//631 516//848
f 532//655 528//862 531//864
f 2753//647 519//840 529//648
f 519//840 688//865 529//648
f 524//856 367//622 530//652
f 525//858 524//856 530//652
f 525//858 530//652 689//866
f 684//860 525//858 689//866
f 376//645 371//643 532//655
f 690//867 532//655 531//864
f 529//648 688//865 380//657
f 688//865 535//868 380//657
f 375//651 537//659 530//652
f 690//867 543//667 532//655
f 532//655 543//667 377//656
f 535//868 688//865 533//869
f 380//657 535//868 534//665
f 534//665 533//869 540//468
f 535//868 533//869 534//665
f 541//673 537//659 536//658
f 541//673 542//870 537//659
f 384//662 377//656 543//667
f 843//871 538//872 835//873
f 539//681 251//478 545//677
f 540//468 533//869 545//677
f 539//681 545//677 533//869
f 687//874 539//681 533//869
f 544//666 547//875 546//670
f 547//875 544//666 543//667
f 691//876 547//875 543//667
f 683//877 300//535 398//541
f 538//872 550//682 539//681
f 693//878 542//870 541//673
f 541//673 694//879 693//878
f 541//673 548//880 694//879
f 696//881 393//679 547//875
f 696//881 692//882 394//684
f 398//541 394//684 692//882
f 541//673 549//672 548//880
f 546//670 393//679 391//676
f 547//875 393//679 546//670
f 394//684 393//679 696//881
f 706//883 549//672 552//696
f 398//541 303//402 394//684
f 554//884 401//691 705//885
f 705//885 854//886 554//884
f 551//688 550//682 538//872
f 552//696 549//672 399//686
f 554//884 553//692 401//691
f 401//691 402//689 705//885
f 402//689 551//688 705//885
f 706//883 552//696 556//887
f 555//690 557//694 401//691
f 558//888 556//887 552//696
f 714//889 561//890 735//891
f 558//888 562//892 556//887
f 559//893 562//892 558//888
f 567//894 561//890 559//893
f 562//892 559//893 560//895
f 714//889 560//895 561//890
f 560//895 559//893 561//890
f 562//892 560//895 714//889
f 716//896 563//697 557//694
f 716//896 717//897 563//697
f 563//697 717//897 568//543
f 723//898 727//899 569//900
f 733//901 734//902 570//705
f 570//705 565//903 561//890
f 567//894 564//904 570//705
f 570//705 564//904 571//701
f 570//705 561//890 567//894
f 735//891 561//890 565//903
f 404//695 558//888 552//696
f 566//905 404//695 405//698
f 405//698 406//699 566//905
f 406//699 572//700 566//905
f 558//888 404//695 566//905
f 571//701 566//905 572//700
f 558//888 566//905 559//893
f 566//905 571//701 564//904
f 559//893 566//905 567//894
f 564//904 567//894 566//905
f 717//897 306//544 568//543
f 306//544 717//897 414//547
f 409//704 569//900 570//705
f 409//704 723//898 569//900
f 733//901 570//705 569//900
f 565//903 570//705 734//902
f 410//702 570//705 571//701
f 874//906 409//704 737//907
f 861//908 409//704 874//906
f 574//706 737//907 409//704
f 576//707 573//909 574//706
f 581//710 741//910 740//911
f 573//909 576//707 577//912
f 577//912 576//707 415//708
f 578//913 585//914 579//915
f 581//710 580//916 421//711
f 579//915 421//711 580//916
f 421//711 579//915 416//730
f 578//913 579//915 580//916
f 578//913 580//916 880//917
f 580//916 581//710 740//911
f 885//918 757//549 575//709
f 415//708 582//919 577//912
f 582//919 415//708 583//920
f 582//919 584//921 577//912
f 582//919 743//922 584//921
f 743//922 582//919 583//920
f 882//923 577//912 584//921
f 745//924 882//923 584//921
f 745//924 584//921 743//922
f 743//922 583//920 747//925
f 585//914 742//926 753//927
f 742//926 585//914 578//913
f 579//915 585//914 416//730
f 583//920 415//708 749//928
f 747//925 583//920 749//928
f 415//708 586//929 749//928
f 416//730 585//914 587//930
f 418//716 757//549 420//717
f 416//730 587//930 590//931
f 756//932 881//714 588//721
f 586//929 415//708 589//933
f 589//933 415//708 317//555
f 593//728 589//933 317//555
f 589//933 758//934 586//929
f 594//935 589//933 593//728
f 758//934 589//933 594//935
f 587//930 760//936 590//931
f 591//723 765//937 761//938
f 588//721 591//723 761//938
f 757//549 431//736 430//726
f 592//939 596//737 431//736
f 593//728 595//940 594//935
f 593//728 599//738 595//940
f 600//729 416//730 590//931
f 765//937 591//723 608//732
f 768//941 603//942 592//939
f 597//739 596//737 592//939
f 599//738 432//727 598//743
f 597//739 602//943 436//740
f 601//746 436//740 602//943
f 592//939 602//943 597//739
f 602//943 607//944 601//746
f 601//746 607//944 439//745
f 603//942 602//943 592//939
f 607//944 602//943 603//942
f 607//944 603//942 767//945
f 600//729 769//946 616//947
f 617//731 600//729 616//947
f 439//745 605//948 611//750
f 604//949 608//732 613//950
f 605//948 2758//951 613//950
f 605//948 606//952 2758//951
f 439//745 607//944 605//948
f 606//952 605//948 607//944
f 2759//953 608//732 604//949
f 615//742 772//954 598//743
f 769//946 770//955 616//947
f 609//956 618//748 610//756
f 608//732 609//956 613//950
f 608//732 618//748 609//956
f 613//950 609//956 610//756
f 610//756 614//957 613//950
f 605//948 614//957 611//750
f 614//957 612//755 611//750
f 614//957 610//756 612//755
f 613//950 614//957 605//948
f 615//742 773//958 772//954
f 619//959 615//742 445//561
f 619//959 773//958 615//742
f 782//960 616//947 770//955
f 2762//961 617//731 616//947
f 617//731 2762//961 618//748
f 618//748 2763//962 447//757
f 2761//963 2778//964 2764//965
f 619//959 445//561 620//769
f 777//966 619//959 620//769
f 777//966 620//769 778//967
f 620//769 906//968 778//967
f 445//561 450//762 620//769
f 620//769 622//969 906//968
f 622//969 784//970 906//968
f 784//970 622//969 624//971
f 626//767 627//770 623//972
f 623//972 627//770 632//973
f 626//767 622//969 620//769
f 632//973 629//974 623//972
f 629//974 625//975 623//972
f 624//971 622//969 626//767
f 626//767 623//972 624//971
f 624//971 623//972 625//975
f 629//974 787//976 625//975
f 625//975 787//976 786//977
f 784//970 624//971 625//975
f 627//770 630//771 632//973
f 629//974 632//973 628//978
f 637//979 628//978 632//973
f 628//978 637//979 781//980
f 629//974 628//978 781//980
f 632//973 630//771 633//981
f 630//771 634//982 633//981
f 634//982 630//771 631//774
f 634//982 631//774 646//983
f 631//774 644//775 646//983
f 632//973 633//981 635//984
f 636//985 633//981 634//982
f 636//985 635//984 633//981
f 638//986 636//985 634//982
f 638//986 634//982 646//983
f 632//973 635//984 637//979
f 636//985 637//979 635//984
f 637//979 636//985 638//986
f 638//986 639//987 788//988
f 646//983 639//987 638//986
f 788//988 637//979 638//986
f 641//989 648//777 640//764
f 641//989 649//990 648//777
f 641//989 640//764 642//991
f 642//991 640//764 621//765
f 641//989 643//992 650//993
f 643//992 641//989 642//991
f 650//993 793//994 639//987
f 650//993 790//995 793//994
f 650//993 643//992 790//995
f 645//996 646//983 644//775
f 648//777 2765//997 456//772
f 644//775 456//772 645//996
f 645//996 456//772 2765//997
f 646//983 645//996 647//998
f 649//990 647//998 645//996
f 647//998 649//990 650//993
f 639//987 646//983 647//998
f 650//993 639//987 647//998
f 641//989 650//993 649//990
f 660//999 654//786 661//781
f 660//999 661//781 798//1000
f 652//783 653//1001 461//778
f 656//785 461//778 653//1001
f 656//785 659//789 462//784
f 654//786 655//1002 652//783
f 651//782 654//786 652//783
f 655//1002 658//1003 652//783
f 658//1003 653//1001 652//783
f 653//1001 658//1003 656//785
f 654//786 657//1004 655//1002
f 657//1004 658//1003 655//1002
f 796//1005 657//1004 654//786
f 796//1005 658//1003 657//1004
f 796//1005 802//1006 658//1003
f 802//1006 797//1007 658//1003
f 658//1003 797//1007 656//785
f 2779//1008 659//789 656//785
f 796//1005 654//786 795//1009
f 654//786 660//999 795//1009
f 464//788 662//1010 661//781
f 464//788 469//798 2766//1011
f 2766//1011 469//798 663//1012
f 662//1010 798//1000 661//781
f 798//1000 2766//1011 663//1012
f 663//1012 475//799 666//1013
f 806//1014 666//1013 799//1015
f 805//1016 799//1015 664//790
f 806//1014 663//1012 666//1013
f 805//1016 664//790 659//789
f 663//1012 469//798 475//799
f 475//799 474//794 665//793
f 799//1015 665//793 664//790
f 665//793 799//1015 666//1013
f 475//799 665//793 666//1013
f 667//1017 671//1018 499//822
f 668//1019 669//1020 667//1017
f 671//1018 667//1017 669//1020
f 669//1020 670//1021 671//1018
f 671//1018 672//1022 499//822
f 672//1022 671//1018 670//1021
f 2768//1023 2767//1024 827//1025
f 2768//1023 827//1025 673//1026
f 676//825 673//1026 828//1027
f 300//535 668//1019 667//1017
f 672//1022 674//823 499//822
f 300//535 667//1017 499//822
f 832//1028 675//827 676//825
f 832//1028 507//829 675//827
f 673//1026 2770//1029 2768//1023
f 2769//824 673//1026 676//825
f 668//1019 300//535 824//1030
f 833//1031 519//840 2742//839
f 832//1028 833//1031 2742//839
f 832//1028 2742//839 507//829
f 831//1032 824//1030 300//535
f 300//535 683//877 831//1032
f 526//846 679//859 678//863
f 678//863 679//859 680//1033
f 677//861 678//863 2771//1034
f 681//1035 679//859 684//860
f 682//1036 677//861 2771//1034
f 681//1035 686//1037 680//1033
f 681//1035 680//1033 679//859
f 686//1037 682//1036 2771//1034
f 836//1038 682//1036 686//1037
f 682//1036 528//862 677//861
f 833//1031 688//865 519//840
f 685//1039 686//1037 681//1035
f 685//1039 681//1035 684//860
f 682//1036 531//864 528//862
f 690//867 531//864 844//1040
f 538//872 687//874 835//873
f 687//874 533//869 688//865
f 537//659 689//866 530//652
f 537//659 997//1041 689//866
f 845//1042 690//867 844//1040
f 539//681 687//874 538//872
f 997//1041 537//659 542//870
f 690//867 845//1042 543//667
f 693//878 848//1043 542//870
f 997//1041 542//870 848//1043
f 543//667 845//1042 691//876
f 994//1044 691//876 845//1042
f 696//881 547//875 691//876
f 696//881 691//876 994//1044
f 847//1045 700//1046 843//871
f 695//1047 693//878 694//879
f 693//878 849//1048 848//1043
f 699//1049 700//1046 851//1050
f 843//871 700//1046 538//872
f 694//879 548//880 697//1051
f 548//880 549//672 697//1051
f 701//1052 697//1051 549//672
f 694//879 2772//1053 698//1054
f 698//1054 2772//1053 703//1055
f 698//1054 695//1047 694//879
f 700//1046 699//1049 704//1056
f 705//885 704//1056 699//1049
f 703//1055 2772//1053 2773//1057
f 702//1058 1011//1059 701//1052
f 702//1058 701//1052 549//672
f 701//1052 1011//1059 855//1060
f 2773//1057 2793//1061 703//1055
f 549//672 706//883 702//1058
f 553//692 554//884 1137//1062
f 538//872 700//1046 551//688
f 704//1056 551//688 700//1046
f 705//885 551//688 704//1056
f 553//692 1136//1063 856//1064
f 1022//1065 856//1064 1136//1063
f 1137//1062 554//884 854//886
f 555//690 553//692 856//1064
f 556//887 562//892 707//1066
f 707//1066 706//883 556//887
f 708//1067 557//694 555//690
f 557//694 708//1067 716//896
f 555//690 856//1064 708//1067
f 708//1067 715//1068 716//896
f 711//1069 709//1070 857//1071
f 709//1070 711//1069 710//1072
f 709//1070 710//1072 724//1073
f 711//1069 732//1074 710//1072
f 714//889 712//1075 562//892
f 714//889 735//891 712//1075
f 707//1066 562//892 713//1076
f 717//897 716//896 715//1068
f 720//1077 860//1078 857//1071
f 723//898 409//704 722//1079
f 709//1070 725//1080 720//1077
f 857//1071 709//1070 720//1077
f 719//1081 718//1082 721//1083
f 719//1081 726//1084 718//1082
f 718//1082 723//898 722//1079
f 722//1079 409//704 861//908
f 719//1081 721//1083 720//1077
f 721//1083 718//1082 722//1079
f 718//1082 2774//1085 723//898
f 723//898 2774//1085 727//899
f 709//1070 724//1073 725//1080
f 728//1086 726//1084 725//1080
f 726//1084 728//1086 727//899
f 720//1077 725//1080 719//1081
f 724//1073 728//1086 725//1080
f 724//1073 731//1087 728//1086
f 731//1087 730//1088 728//1086
f 726//1084 719//1081 725//1080
f 730//1088 727//899 728//1086
f 724//1073 710//1072 731//1087
f 729//1089 569//900 727//899
f 729//1089 733//901 569//900
f 730//1088 729//1089 727//899
f 732//1074 730//1088 731//1087
f 730//1088 732//1074 733//901
f 730//1088 733//901 729//1089
f 710//1072 732//1074 731//1087
f 565//903 712//1075 735//891
f 859//1090 414//547 717//897
f 414//547 736//1091 575//709
f 859//1090 736//1091 414//547
f 859//1090 1168//1092 736//1091
f 874//906 737//907 875//1093
f 737//907 574//706 573//909
f 738//1094 875//1093 737//907
f 738//1094 737//907 573//909
f 573//909 577//912 738//1094
f 739//1095 738//1094 577//912
f 580//916 740//911 880//917
f 741//910 879//1096 740//911
f 1077//1097 741//910 881//714
f 1085//1098 753//927 742//926
f 742//926 578//913 880//917
f 741//910 2756//715 881//714
f 744//1099 745//924 743//922
f 744//1099 743//922 747//925
f 744//1099 746//1100 745//924
f 746//1100 744//1099 748//1101
f 882//923 745//924 746//1100
f 746//1100 883//1102 882//923
f 757//549 885//918 894//1103
f 747//925 2775//1104 750//1105
f 747//925 748//1101 744//1099
f 747//925 750//1105 748//1101
f 751//1106 748//1101 750//1105
f 751//1106 750//1105 752//1107
f 748//1101 751//1106 746//1100
f 889//1108 753//927 1085//1098
f 585//914 753//927 587//930
f 2757//1109 750//1105 2775//1104
f 754//1110 750//1105 2757//1109
f 754//1110 752//1107 750//1105
f 754//1110 2757//1109 2777//1111
f 755//1112 754//1110 2777//1111
f 760//936 587//930 753//927
f 756//932 588//721 761//938
f 761//938 890//1113 756//932
f 592//939 431//736 757//549
f 592//939 757//549 894//1103
f 2776//1114 758//934 762//1115
f 760//936 753//927 889//1108
f 760//936 889//1108 759//1116
f 889//1108 895//1117 759//1116
f 590//931 760//936 600//729
f 760//936 764//1118 600//729
f 760//936 759//1116 764//1118
f 895//1117 764//1118 759//1116
f 763//1119 890//1113 761//938
f 890//1113 766//1120 891//1121
f 890//1113 763//1119 766//1120
f 758//934 594//935 595//940
f 758//934 595//940 762//1115
f 595//940 598//743 762//1115
f 761//938 765//937 763//1119
f 765//937 766//1120 763//1119
f 592//939 894//1103 768//941
f 891//1121 768//941 894//1103
f 599//738 598//743 595//940
f 600//729 764//1118 769//946
f 765//937 608//732 766//1120
f 767//945 606//952 607//944
f 766//1120 2759//953 767//945
f 2759//953 766//1120 608//732
f 766//1120 768//941 891//1121
f 768//941 767//945 603//942
f 767//945 768//941 766//1120
f 898//1122 598//743 772//954
f 764//1118 770//955 769//946
f 899//1123 770//955 764//1118
f 774//1124 771//1125 772//954
f 771//1125 898//1122 772//954
f 770//955 776//1126 782//960
f 775//1127 904//1128 774//1124
f 772//954 773//958 774//1124
f 773//958 775//1127 774//1124
f 773//958 777//966 779//1129
f 780//1130 907//1131 777//966
f 777//966 778//967 780//1130
f 775//1127 773//958 779//1129
f 777//966 907//1131 779//1129
f 780//1130 778//967 906//968
f 773//958 619//959 777//966
f 909//1132 915//1133 781//980
f 909//1132 781//980 910//1134
f 791//1135 2764//965 2778//964
f 783//1136 784//970 786//977
f 906//968 784//970 783//1136
f 786//977 785//1137 783//1136
f 786//977 787//976 915//1133
f 786//977 915//1133 785//1137
f 785//1137 915//1133 1103//1138
f 787//976 629//974 781//980
f 784//970 625//975 786//977
f 915//1133 787//976 781//980
f 637//979 788//988 916//1139
f 789//1140 639//987 793//994
f 639//987 789//1140 788//988
f 919//1141 916//1139 788//988
f 789//1140 919//1141 788//988
f 790//995 643//992 642//991
f 791//1135 642//991 621//765
f 791//1135 790//995 642//991
f 789//1140 793//994 792//1142
f 793//994 794//1143 792//1142
f 918//1144 789//1140 792//1142
f 793//994 790//995 794//1143
f 794//1143 790//995 935//1145
f 800//1146 801//1147 795//1009
f 795//1009 801//1147 796//1005
f 2780//1148 802//1006 796//1005
f 660//999 804//1149 800//1146
f 795//1009 660//999 800//1146
f 805//1016 2779//1008 2783//1150
f 659//789 2779//1008 805//1016
f 798//1000 804//1149 660//999
f 806//1014 808//1151 798//1000
f 663//1012 806//1014 798//1000
f 803//1152 807//1153 800//1146
f 800//1146 807//1153 2781//1154
f 2784//1155 2783//1150 2782//1156
f 800//1146 804//1149 803//1152
f 798//1000 808//1151 804//1149
f 809//1157 799//1015 805//1016
f 2786//1158 2783//1150 2784//1155
f 2783//1150 2786//1158 805//1016
f 803//1152 804//1149 808//1151
f 2785//1159 803//1152 808//1151
f 2785//1159 808//1151 2787//1160
f 808//1151 810//1161 2787//1160
f 809//1157 2788//1162 799//1015
f 808//1151 806//1014 2789//1163
f 799//1015 2788//1162 806//1014
f 812//1164 811//1165 813//1166
f 812//1164 949//1167 814//1168
f 831//1032 811//1165 812//1164
f 813//1166 950//1169 812//1164
f 950//1169 952//1170 949//1167
f 812//1164 950//1169 949//1167
f 949//1167 955//1171 814//1168
f 815//1172 816//1173 2767//1024
f 669//1020 2790//1174 670//1021
f 815//1172 817//1175 816//1173
f 945//1176 811//1165 683//877
f 831//1032 683//877 811//1165
f 818//1177 819//1178 831//1032
f 814//1168 818//1177 812//1164
f 812//1164 818//1177 831//1032
f 818//1177 820//1179 819//1178
f 814//1168 955//1171 820//1179
f 814//1168 820//1179 818//1177
f 821//1180 819//1178 820//1179
f 2810//1181 957//1182 2791//1183
f 957//1182 958//1184 2791//1183
f 2791//1183 958//1184 821//1180
f 821//1180 822//1185 819//1178
f 823//1186 825//1187 824//1030
f 823//1186 824//1030 822//1185
f 958//1184 963//1188 821//1180
f 821//1180 963//1188 822//1185
f 965//1189 823//1186 963//1188
f 823//1186 822//1185 963//1188
f 965//1189 2792//1190 823//1186
f 824//1030 2790//1174 669//1020
f 668//1019 824//1030 669//1020
f 815//1172 2792//1190 817//1175
f 2790//1174 824//1030 825//1187
f 2792//1190 967//1191 817//1175
f 2792//1190 965//1189 967//1191
f 826//1192 976//1193 830//1194
f 830//1194 976//1193 832//1028
f 827//1025 2767//1024 816//1173
f 827//1025 828//1027 673//1026
f 970//1195 829//1196 816//1173
f 829//1196 827//1025 816//1173
f 827//1025 829//1196 828//1027
f 830//1194 832//1028 676//825
f 828//1027 830//1194 676//825
f 826//1192 829//1196 970//1195
f 829//1196 826//1192 830//1194
f 829//1196 830//1194 828//1027
f 822//1185 831//1032 819//1178
f 824//1030 831//1032 822//1185
f 978//1197 833//1031 977//1198
f 832//1028 977//1198 833//1031
f 976//1193 977//1198 832//1028
f 973//1199 978//1197 974//1200
f 688//865 978//1197 687//874
f 973//1199 687//874 978//1197
f 996//1201 1129//1202 683//877
f 973//1199 834//1203 835//873
f 835//873 687//874 973//1199
f 833//1031 978//1197 688//865
f 834//1203 843//871 835//873
f 686//1037 837//1204 836//1038
f 837//1204 686//1037 685//1039
f 840//1205 682//1036 836//1038
f 838//1206 842//1207 840//1205
f 685//1039 684//860 839//1208
f 839//1208 684//860 689//866
f 836//1038 838//1206 840//1205
f 837//1204 979//1209 836//1038
f 979//1209 838//1206 836//1038
f 839//1208 837//1204 685//1039
f 838//1206 989//1210 842//1207
f 837//1204 839//1208 979//1209
f 987//1211 839//1208 689//866
f 838//1206 979//1209 980//1212
f 983//1213 839//1208 987//1211
f 682//1036 840//1205 531//864
f 840//1205 841//1214 531//864
f 531//864 841//1214 844//1040
f 844//1040 841//1214 845//1042
f 842//1207 841//1214 840//1205
f 989//1210 841//1214 842//1207
f 988//1215 845//1042 841//1214
f 843//871 834//1203 846//1216
f 997//1041 995//1217 689//866
f 847//1045 843//871 846//1216
f 994//1044 996//1201 696//881
f 996//1201 692//882 696//881
f 996//1201 398//541 692//882
f 996//1201 683//877 398//541
f 847//1045 851//1050 700//1046
f 849//1048 693//878 695//1047
f 849//1048 695//1047 853//1218
f 705//885 699//1049 851//1050
f 850//1219 705//885 851//1050
f 854//886 850//1219 998//1220
f 698//1054 703//1055 852//1221
f 698//1054 853//1218 695//1047
f 852//1221 853//1218 698//1054
f 1000//1222 853//1218 852//1221
f 705//885 850//1219 854//886
f 852//1221 703//1055 2794//1223
f 2794//1223 1016//1224 852//1221
f 702//1058 1012//1225 1011//1059
f 1045//1226 702//1058 706//883
f 1045//1226 1021//1227 702//1058
f 1012//1225 702//1058 1021//1227
f 1021//1227 1045//1226 1041//1228
f 706//883 1061//1229 1045//1226
f 1159//1230 856//1064 1022//1065
f 1159//1230 708//1067 856//1064
f 711//1069 1058//1231 858//1232
f 1057//1233 1058//1231 711//1069
f 1058//1231 1059//1234 858//1232
f 1062//1235 1061//1229 707//1066
f 1061//1229 706//883 707//1066
f 857//1071 1064//1236 1053//1237
f 1064//1236 857//1071 1065//1238
f 857//1071 860//1078 1065//1238
f 1066//1239 2835//1240 860//1078
f 857//1071 1053//1237 711//1069
f 1057//1233 711//1069 1053//1237
f 858//1232 732//1074 711//1069
f 1059//1234 732//1074 858//1232
f 732//1074 1067//1241 733//901
f 713//1076 562//892 712//1075
f 707//1066 713//1076 1062//1235
f 713//1076 712//1075 1062//1235
f 715//1068 859//1090 717//897
f 715//1068 1168//1092 859//1090
f 862//1242 860//1078 720//1077
f 860//1078 862//1242 868//1243
f 867//1244 873//1245 871//1246
f 868//1243 1066//1239 860//1078
f 871//1246 873//1245 1075//1247
f 1069//1248 1066//1239 868//1243
f 720//1077 721//1083 862//1242
f 862//1242 721//1083 863//1249
f 863//1249 722//1079 864//1250
f 721//1083 722//1079 863//1249
f 864//1250 861//908 867//1244
f 864//1250 722//1079 861//908
f 862//1242 865//1251 868//1243
f 862//1242 863//1249 865//1251
f 865//1251 864//1250 866//1252
f 863//1249 864//1250 865//1251
f 866//1252 864//1250 867//1244
f 869//1253 868//1243 865//1251
f 869//1253 865//1251 870//1254
f 870//1254 865//1251 866//1252
f 870//1254 866//1252 867//1244
f 1069//1248 868//1243 869//1253
f 871//1246 870//1254 867//1244
f 869//1253 872//1255 1069//1248
f 872//1255 869//1253 870//1254
f 1069//1248 872//1255 1070//1256
f 1070//1256 872//1255 870//1254
f 1070//1256 870//1254 1071//1257
f 1071//1257 870//1254 871//1246
f 1071//1257 871//1246 1075//1247
f 1067//1241 734//902 733//901
f 874//906 877//1258 861//908
f 1076//1259 1075//1247 877//1258
f 877//1258 873//1245 861//908
f 873//1245 867//1244 861//908
f 877//1258 1075//1247 873//1245
f 876//1260 874//906 875//1093
f 2796//1261 2795//1262 878//1263
f 876//1260 877//1258 874//906
f 739//1095 2795//1262 738//1094
f 878//1263 2795//1262 739//1095
f 880//917 740//911 879//1096
f 879//1096 1177//1264 880//917
f 1077//1097 879//1096 741//910
f 577//912 882//923 739//1095
f 1080//1265 739//1095 882//923
f 882//923 1081//1266 1080//1265
f 1285//1267 1077//1097 881//714
f 883//1102 1081//1266 882//923
f 883//1102 746//1100 884//1268
f 884//1268 746//1100 751//1106
f 884//1268 1081//1266 883//1102
f 756//932 1090//1269 881//714
f 1090//1269 1184//1270 881//714
f 885//918 1095//1271 894//1103
f 752//1107 754//1110 755//1112
f 752//1107 884//1268 751//1106
f 752//1107 755//1112 884//1268
f 1081//1266 884//1268 755//1112
f 1085//1098 895//1117 889//1108
f 893//1272 888//1273 886//1274
f 2837//1275 887//1276 894//1103
f 887//1276 888//1273 892//1277
f 1093//1278 887//1276 2837//1275
f 1091//1279 1090//1269 756//932
f 1094//1280 1091//1279 756//932
f 1094//1280 756//932 886//1274
f 1094//1280 886//1274 888//1273
f 888//1273 887//1276 1094//1280
f 1093//1278 1094//1280 887//1276
f 887//1276 2797//1281 894//1103
f 762//1115 1081//1266 2776//1114
f 1097//1282 895//1117 1085//1098
f 891//1121 894//1103 2797//1281
f 756//932 890//1113 893//1272
f 890//1113 891//1121 893//1272
f 893//1272 891//1121 892//1277
f 893//1272 886//1274 756//932
f 892//1277 888//1273 893//1272
f 896//1283 895//1117 1097//1282
f 898//1122 762//1115 598//743
f 897//1284 764//1118 895//1117
f 897//1284 895//1117 896//1283
f 1195//1285 897//1284 896//1283
f 899//1123 764//1118 897//1284
f 900//1286 899//1123 897//1284
f 1195//1285 900//1286 897//1284
f 901//1287 899//1123 900//1286
f 1196//1288 898//1122 903//1289
f 900//1286 902//1290 901//1287
f 770//955 899//1123 901//1287
f 771//1125 903//1289 898//1122
f 902//1290 770//955 901//1287
f 905//1291 770//955 902//1290
f 774//1124 904//1128 771//1125
f 779//1129 904//1128 775//1127
f 904//1128 903//1289 771//1125
f 1107//1292 905//1291 902//1290
f 905//1291 776//1126 770//955
f 907//1131 904//1128 779//1129
f 904//1128 907//1131 903//1289
f 908//1293 1101//1294 903//1289
f 908//1293 903//1289 907//1131
f 906//968 908//1293 907//1131
f 907//1131 780//1130 906//968
f 908//1293 906//968 783//1136
f 1103//1138 908//1293 783//1136
f 915//1133 1104//1295 1103//1138
f 1104//1295 915//1133 909//1132
f 1104//1295 909//1132 910//1134
f 1108//1296 910//1134 911//1297
f 1107//1292 912//1298 905//1291
f 914//1299 905//1291 912//1298
f 914//1299 776//1126 905//1291
f 910//1134 781//980 916//1139
f 1107//1292 913//1300 912//1298
f 910//1134 917//1301 911//1297
f 1107//1292 911//1297 913//1300
f 911//1297 917//1301 913//1300
f 913//1300 920//1302 912//1298
f 920//1302 914//1299 912//1298
f 925//1303 782//960 776//1126
f 785//1137 1103//1138 783//1136
f 916//1139 781//980 637//979
f 916//1139 919//1141 917//1301
f 917//1301 910//1134 916//1139
f 918//1144 919//1141 789//1140
f 923//1304 919//1141 918//1144
f 923//1304 918//1144 934//1305
f 924//1306 923//1304 934//1305
f 913//1300 917//1301 921//1307
f 913//1300 921//1307 920//1302
f 917//1301 922//1308 921//1307
f 914//1299 929//1309 776//1126
f 922//1308 917//1301 919//1141
f 922//1308 919//1141 923//1304
f 1110//1310 914//1299 920//1302
f 920//1302 921//1307 1111//1311
f 920//1302 1111//1311 1110//1310
f 929//1309 914//1299 1110//1310
f 1116//1312 929//1309 1110//1310
f 922//1308 1112//1313 921//1307
f 921//1307 1112//1313 1111//1311
f 922//1308 923//1304 1114//1314
f 922//1308 1114//1314 1112//1313
f 923//1304 924//1306 1114//1314
f 1114//1314 924//1306 1115//1315
f 1115//1315 924//1306 932//1316
f 790//995 791//1135 935//1145
f 925//1303 791//1135 2778//964
f 927//1317 925//1303 930//1318
f 925//1303 927//1317 791//1135
f 927//1317 926//1319 791//1135
f 927//1317 928//1320 926//1319
f 930//1318 931//1321 927//1317
f 931//1321 928//1320 927//1317
f 929//1309 925//1303 776//1126
f 2799//1322 924//1306 937//1323
f 930//1318 925//1303 929//1309
f 930//1318 929//1309 1116//1312
f 931//1321 930//1318 1116//1312
f 2800//1324 931//1321 1116//1312
f 2800//1324 928//1320 931//1321
f 924//1306 2799//1322 932//1316
f 933//1325 918//1144 792//1142
f 933//1325 792//1142 794//1143
f 934//1305 918//1144 933//1325
f 936//1326 933//1325 794//1143
f 936//1326 934//1305 933//1325
f 935//1145 2801//1327 794//1143
f 926//1319 935//1145 791//1135
f 2801//1327 935//1145 926//1319
f 934//1305 936//1326 937//1323
f 926//1319 928//1320 2802//1328
f 926//1319 2802//1328 2801//1327
f 937//1323 924//1306 934//1305
f 1126//1329 1117//1330 945//1176
f 945//1176 939//1331 946//1332
f 939//1331 942//1333 946//1332
f 939//1331 945//1176 1117//1330
f 1124//1334 939//1331 1117//1330
f 942//1333 941//1335 946//1332
f 943//1336 941//1335 942//1333
f 938//1337 943//1336 942//1333
f 2803//1338 944//1339 2806//1340
f 938//1337 942//1333 939//1331
f 944//1339 2803//1338 940//1341
f 2805//1342 948//1343 2807//1344
f 2806//1340 944//1339 2809//1345
f 1129//1202 1126//1329 945//1176
f 1127//1346 1130//1347 2805//1342
f 1130//1347 947//1348 2805//1342
f 811//1165 945//1176 946//1332
f 941//1335 943//1336 950//1169
f 811//1165 946//1332 813//1166
f 813//1166 946//1332 941//1335
f 950//1169 813//1166 941//1335
f 947//1348 948//1343 2805//1342
f 943//1336 952//1170 950//1169
f 952//1170 951//1349 949//1167
f 949//1167 951//1349 955//1171
f 2809//1345 953//1350 2808//1351
f 954//1352 2808//1351 953//1350
f 954//1352 947//1348 956//1353
f 954//1352 956//1353 2808//1351
f 2808//1351 956//1353 2811//1354
f 2809//1345 944//1339 953//1350
f 953//1350 2807//1344 948//1343
f 947//1348 954//1352 948//1343
f 948//1343 954//1352 953//1350
f 2811//1354 956//1353 2812//1355
f 834//1203 947//1348 1130//1347
f 947//1348 960//1356 956//1353
f 956//1353 960//1356 2812//1355
f 958//1184 2813//1357 959//1358
f 959//1358 964//1359 958//1184
f 2814//1360 2812//1355 960//1356
f 960//1356 2819//1361 2814//1360
f 2815//1362 961//1363 964//1359
f 2816//1364 960//1356 962//1365
f 958//1184 964//1359 963//1188
f 964//1359 965//1189 963//1188
f 964//1359 961//1363 965//1189
f 961//1363 966//1366 965//1189
f 2820//1367 2816//1364 962//1365
f 962//1365 975//1368 2820//1367
f 967//1191 968//1369 817//1175
f 967//1191 965//1189 968//1369
f 965//1189 966//1366 968//1369
f 2820//1367 969//1370 968//1369
f 968//1369 969//1370 971//1371
f 816//1173 817//1175 968//1369
f 971//1371 816//1173 968//1369
f 972//1372 977//1198 970//1195
f 978//1197 977//1198 972//1372
f 970//1195 816//1173 971//1371
f 2822//1373 2821//1374 972//1372
f 2822//1373 972//1372 970//1195
f 2821//1374 974//1200 972//1372
f 970//1195 977//1198 976//1193
f 826//1192 970//1195 976//1193
f 1129//1202 945//1176 683//877
f 947//1348 834//1203 960//1356
f 960//1356 834//1203 962//1365
f 2817//1375 834//1203 973//1199
f 973//1199 2823//1376 2818//1377
f 2820//1367 975//1368 969//1370
f 2821//1374 2823//1376 974//1200
f 972//1372 974//1200 978//1197
f 2823//1376 973//1199 974//1200
f 996//1201 1132//1378 1129//1202
f 834//1203 1130//1347 846//1216
f 1130//1347 1229//1379 846//1216
f 839//1208 983//1213 981//1380
f 979//1209 839//1208 981//1380
f 979//1209 981//1380 980//1212
f 980//1212 989//1210 838//1206
f 990//1381 989//1210 980//1212
f 982//1382 990//1381 980//1212
f 982//1382 980//1212 981//1380
f 982//1382 992//1383 990//1381
f 984//1384 982//1382 981//1380
f 984//1384 981//1380 983//1213
f 995//1217 987//1211 689//866
f 986//1385 984//1384 983//1213
f 987//1211 986//1385 983//1213
f 982//1382 984//1384 985//1386
f 985//1386 992//1383 982//1382
f 984//1384 986//1385 985//1386
f 841//1214 989//1210 988//1215
f 990//1381 988//1215 989//1210
f 994//1044 845//1042 988//1215
f 988//1215 990//1381 991//1387
f 991//1387 994//1044 988//1215
f 992//1383 991//1387 990//1381
f 991//1387 992//1383 993//1388
f 993//1388 1131//1389 994//1044
f 993//1388 994//1044 991//1387
f 1133//1390 993//1388 992//1383
f 1133//1390 1131//1389 993//1388
f 996//1201 994//1044 1131//1389
f 1134//1391 995//1217 997//1041
f 998//1220 1137//1062 854//886
f 846//1216 999//1392 847//1045
f 846//1216 1135//1393 999//1392
f 1135//1393 998//1220 999//1392
f 851//1050 847//1045 999//1392
f 1134//1391 997//1041 848//1043
f 1138//1394 848//1043 849//1048
f 848//1043 1138//1394 1134//1391
f 1137//1062 1136//1063 553//692
f 999//1392 998//1220 850//1219
f 999//1392 850//1219 851//1050
f 1138//1394 849//1048 1139//1395
f 1000//1222 1139//1395 849//1048
f 1000//1222 849//1048 853//1218
f 1000//1222 852//1221 1140//1396
f 1139//1395 1000//1222 1140//1396
f 1016//1224 1140//1396 852//1221
f 1003//1397 1030//1398 1028//1399
f 1004//1400 1003//1397 1001//1401
f 1003//1397 1028//1399 1002//1402
f 2824//1403 1001//1401 1003//1397
f 2824//1403 1141//1404 1001//1401
f 1141//1404 2824//1403 1152//1405
f 1003//1397 1031//1406 1030//1398
f 1003//1397 1005//1407 1031//1406
f 1003//1397 1004//1400 1005//1407
f 1004//1400 1008//1408 1005//1407
f 1234//1409 1008//1408 1004//1400
f 1031//1406 1005//1407 1006//1410
f 1006//1410 1032//1411 1031//1406
f 1006//1410 1033//1412 1032//1411
f 1019//1413 1007//1414 1017//1415
f 1006//1410 1005//1407 1007//1414
f 1019//1413 1006//1410 1007//1414
f 1033//1412 1006//1410 1019//1413
f 2828//1416 1009//1417 1020//1418
f 1009//1417 2828//1416 2825//1419
f 2826//1420 1005//1407 1008//1408
f 1007//1414 1005//1407 2826//1420
f 1234//1409 1142//1421 1008//1408
f 1142//1421 1010//1422 1008//1408
f 1008//1408 1010//1422 2826//1420
f 1009//1417 1010//1422 1020//1418
f 2827//1423 1016//1224 2794//1223
f 1016//1224 2827//1423 2828//1416
f 1011//1059 1013//1424 1017//1415
f 1011//1059 1012//1225 1013//1424
f 1014//1425 1012//1225 1015//1426
f 1015//1426 1012//1225 1021//1227
f 1013//1424 1014//1425 1018//1427
f 1013//1424 1018//1427 1017//1415
f 1013//1424 1012//1225 1014//1425
f 1019//1413 1018//1427 1014//1425
f 1014//1425 1033//1412 1019//1413
f 1014//1425 1015//1426 1033//1412
f 1015//1426 1035//1428 1033//1412
f 1016//1224 1020//1418 1144//1429
f 1140//1396 1016//1224 1144//1429
f 1020//1418 1016//1224 2828//1416
f 1017//1415 1018//1427 1019//1413
f 1027//1430 1148//1431 1029//1432
f 1147//1433 1024//1434 1023//1435
f 1027//1430 1023//1435 1024//1434
f 1027//1430 1024//1434 1025//1436
f 1029//1432 1148//1431 1153//1437
f 1025//1436 1148//1431 1027//1430
f 1028//1399 1030//1398 1026//1438
f 1029//1432 1028//1399 1027//1430
f 1028//1399 1026//1438 1027//1430
f 1002//1402 1028//1399 1029//1432
f 1152//1405 1029//1432 1153//1437
f 1002//1402 1029//1432 1152//1405
f 1048//1439 1030//1398 1031//1406
f 1030//1398 1048//1439 1026//1438
f 1032//1411 1048//1439 1031//1406
f 1032//1411 1051//1440 1048//1439
f 1015//1426 1021//1227 1034//1441
f 1033//1412 1035//1428 1032//1411
f 1034//1441 1035//1428 1015//1426
f 1034//1441 1036//1442 1035//1428
f 1034//1441 1021//1227 1036//1442
f 1021//1227 1039//1443 1036//1442
f 1032//1411 1035//1428 1051//1440
f 1035//1428 1036//1442 1051//1440
f 1036//1442 1037//1444 1051//1440
f 1037//1444 1036//1442 1039//1443
f 1163//1445 2833//1446 2829//1447
f 1037//1444 1039//1443 1038//1448
f 2829//1447 1038//1448 1156//1449
f 1156//1449 1235//1450 1163//1445
f 1163//1445 2829//1447 1156//1449
f 1041//1228 1040//1451 1021//1227
f 1041//1228 1045//1226 1052//1452
f 1021//1227 1040//1451 1039//1443
f 1040//1451 1041//1228 1042//1453
f 1039//1443 1040//1451 1042//1453
f 1042//1453 1038//1448 1039//1443
f 1043//1454 1038//1448 1042//1453
f 1043//1454 1042//1453 1041//1228
f 1043//1454 1041//1228 1044//1455
f 1038//1448 1043//1454 1157//1456
f 1043//1454 1044//1455 1157//1456
f 1158//1457 1157//1456 1044//1455
f 1156//1449 1038//1448 1157//1456
f 1061//1229 1052//1452 1045//1226
f 1041//1228 1052//1452 1044//1455
f 1052//1452 1158//1457 1044//1455
f 1164//1458 1158//1457 1052//1452
f 1053//1237 1046//1459 1057//1233
f 1023//1435 1046//1459 1055//1460
f 1053//1237 1055//1460 1046//1459
f 1047//1461 1046//1459 1026//1438
f 1055//1460 1147//1433 1023//1435
f 1027//1430 1046//1459 1023//1435
f 1027//1430 1026//1438 1046//1459
f 1026//1438 1049//1462 1047//1461
f 1048//1439 2830//1463 1026//1438
f 1050//1464 1047//1461 1049//1462
f 1058//1231 1047//1461 2831//1465
f 2831//1465 1060//1466 1058//1231
f 1048//1439 1051//1440 2830//1463
f 1051//1440 1161//1467 2830//1463
f 1164//1458 1052//1452 1061//1229
f 1055//1460 1053//1237 1054//1468
f 1053//1237 1064//1236 1054//1468
f 1064//1236 1056//1469 1054//1468
f 1055//1460 1054//1468 1056//1469
f 1056//1469 1063//1470 1165//1471
f 1055//1460 1056//1469 1165//1471
f 1160//1472 1055//1460 1165//1471
f 1046//1459 1047//1461 1057//1233
f 1058//1231 1057//1233 1047//1461
f 1058//1231 1060//1466 1059//1234
f 732//1074 1059//1234 1247//1473
f 1249//1474 1062//1235 1068//1475
f 1249//1474 1061//1229 1062//1235
f 1249//1474 1067//1241 1250//1476
f 708//1067 1168//1092 715//1068
f 1355//1477 1168//1092 708//1067
f 1165//1471 2834//1478 1166//1479
f 1056//1469 1064//1236 1065//1238
f 2834//1478 2835//1240 1066//1239
f 1063//1470 1056//1469 1065//1238
f 2834//1478 1066//1239 1166//1479
f 1066//1239 1072//1480 1166//1479
f 732//1074 1248//1481 1067//1241
f 1067//1241 1068//1475 734//902
f 1068//1475 1062//1235 712//1075
f 1068//1475 565//903 734//902
f 712//1075 565//903 1068//1475
f 1067//1241 1249//1474 1068//1475
f 1069//1248 1072//1480 1066//1239
f 1072//1480 1069//1248 1070//1256
f 1073//1482 1071//1257 1075//1247
f 1070//1256 1074//1483 1072//1480
f 1074//1483 1070//1256 1073//1482
f 1073//1482 1070//1256 1071//1257
f 1167//1484 1072//1480 1074//1483
f 1167//1484 1166//1479 1072//1480
f 1074//1483 1171//1485 1167//1484
f 1169//1486 1074//1483 1073//1482
f 1355//1477 1175//1487 1168//1092
f 1173//1488 1073//1482 1076//1259
f 1076//1259 1073//1482 1075//1247
f 1176//1489 1076//1259 877//1258
f 2796//1261 1176//1489 877//1258
f 1080//1265 878//1263 739//1095
f 880//917 1179//1490 1284//1491
f 1276//1492 879//1096 1077//1097
f 1078//1493 1079//1494 575//709
f 1082//1495 1181//1496 1080//1265
f 885//918 575//709 1079//1494
f 1183//1497 885//918 1079//1494
f 1081//1266 1082//1495 1080//1265
f 1083//1498 1082//1495 1081//1266
f 1081//1266 1087//1499 1083//1498
f 1181//1496 1082//1495 1083//1498
f 1084//1500 1083//1498 2836//1501
f 2836//1501 1088//1502 1084//1500
f 1083//1498 1084//1500 1182//1503
f 1284//1491 1085//1098 880//917
f 880//917 1085//1098 742//926
f 1184//1270 1285//1267 881//714
f 1183//1497 1185//1504 885//918
f 885//918 1185//1504 1095//1271
f 1086//1505 1088//1502 1089//1506
f 2836//1501 1089//1506 1088//1502
f 1092//1507 1096//1508 2837//1275
f 1081//1266 762//1115 1087//1499
f 1189//1509 1192//1510 1085//1098
f 1097//1282 1085//1098 1192//1510
f 1094//1280 1093//1278 1096//1508
f 2837//1275 1096//1508 1093//1278
f 1094//1280 1092//1507 1091//1279
f 1096//1508 1092//1507 1094//1280
f 2836//1501 762//1115 1089//1506
f 762//1115 1098//1511 1089//1506
f 1194//1512 1193//1513 762//1115
f 762//1115 898//1122 1099//1514
f 1194//1512 762//1115 1099//1514
f 898//1122 1196//1288 1099//1514
f 900//1286 1102//1515 902//1290
f 1200//1516 1102//1515 900//1286
f 1100//1517 1196//1288 903//1289
f 1100//1517 903//1289 1101//1294
f 1198//1518 1100//1517 1101//1294
f 1102//1515 1105//1519 1109//1520
f 1105//1519 1102//1515 1200//1516
f 1200//1516 1106//1521 1105//1519
f 902//1290 1102//1515 1107//1292
f 908//1293 1103//1138 1297//1522
f 1108//1296 1105//1519 1104//1295
f 1108//1296 2839//1523 1105//1519
f 1104//1295 1105//1519 1106//1521
f 1108//1296 2798//1524 2839//1523
f 1109//1520 911//1297 1107//1292
f 1108//1296 1104//1295 910//1134
f 1107//1292 1102//1515 1109//1520
f 1113//1525 1110//1310 1111//1311
f 1111//1311 1112//1313 1113//1525
f 1116//1312 1110//1310 1113//1525
f 1113//1525 1112//1313 1115//1315
f 1113//1525 1115//1315 1116//1312
f 1115//1315 1112//1313 1114//1314
f 1115//1315 2800//1324 1116//1312
f 1206//1526 1201//1527 1126//1329
f 1120//1528 1201//1527 1202//1529
f 1118//1530 1124//1334 1117//1330
f 1120//1528 1118//1530 1117//1330
f 1118//1530 1119//1531 2842//1532
f 1201//1527 1120//1528 1117//1330
f 1126//1329 1201//1527 1117//1330
f 1123//1533 1127//1346 2805//1342
f 1120//1528 1121//1534 1118//1530
f 1121//1534 1119//1531 1118//1530
f 2840//1535 1122//1536 1125//1537
f 2841//1538 1123//1533 2805//1342
f 1122//1536 940//1341 1125//1537
f 1202//1529 1121//1534 1120//1528
f 1203//1539 2840//1535 1121//1534
f 1122//1536 2840//1535 1203//1539
f 2850//1540 1204//1541 2841//1538
f 1123//1533 2841//1538 1204//1541
f 938//1337 939//1331 1124//1334
f 2842//1532 2843//1542 2804//1543
f 2843//1542 2842//1532 1119//1531
f 1125//1537 940//1341 2803//1338
f 1206//1526 1126//1329 1128//1544
f 1128//1544 1126//1329 1129//1202
f 1130//1347 1127//1346 1219//1545
f 1132//1378 1128//1544 1129//1202
f 1318//1546 1131//1389 1133//1390
f 1133//1390 986//1385 1318//1546
f 1318//1546 1227//1547 1131//1389
f 1230//1548 986//1385 987//1211
f 1318//1546 986//1385 1230//1548
f 992//1383 985//1386 1133//1390
f 1133//1390 985//1386 986//1385
f 996//1201 1131//1389 1132//1378
f 1134//1391 1230//1548 995//1217
f 987//1211 995//1217 1230//1548
f 1229//1379 1231//1549 1137//1062
f 1229//1379 1137//1062 998//1220
f 846//1216 1229//1379 1135//1393
f 1229//1379 998//1220 1135//1393
f 1231//1549 1136//1063 1137//1062
f 1321//1550 1134//1391 1138//1394
f 1240//1551 1139//1395 1140//1396
f 1136//1063 1444//1552 1022//1065
f 1141//1404 1152//1405 1155//1553
f 1141//1404 1155//1553 1233//1554
f 1233//1554 1001//1401 1141//1404
f 1233//1554 1234//1409 1001//1401
f 1001//1401 1234//1409 1004//1400
f 1143//1555 1142//1421 1234//1409
f 1142//1421 1143//1555 1010//1422
f 1143//1555 1144//1429 1010//1422
f 1010//1422 1144//1429 1020//1418
f 1140//1396 1144//1429 1145//1556
f 1143//1555 1146//1557 1144//1429
f 1234//1409 1146//1557 1143//1555
f 1144//1429 1146//1557 1145//1556
f 1148//1431 1025//1436 1150//1558
f 1025//1436 1024//1434 1150//1558
f 1148//1431 1149//1559 1154//1560
f 1148//1431 1150//1558 1149//1559
f 1151//1561 1150//1558 1024//1434
f 1147//1433 1151//1561 1024//1434
f 1155//1553 1154//1560 1149//1559
f 1155//1553 1149//1559 1150//1558
f 1155//1553 1150//1558 1151//1561
f 1151//1561 1342//1562 1155//1553
f 1154//1560 1152//1405 1153//1437
f 1148//1431 1154//1560 1153//1437
f 1154//1560 1155//1553 1152//1405
f 1235//1450 1156//1449 1236//1563
f 1333//1564 1163//1445 1235//1450
f 1156//1449 1157//1456 1238//1565
f 1238//1565 1236//1563 1156//1449
f 1241//1566 1238//1565 1157//1456
f 1147//1433 1055//1460 1160//1472
f 1147//1433 1160//1472 1151//1561
f 1342//1562 1151//1561 1160//1472
f 1050//1464 1049//1462 2844//1567
f 2845//1568 1163//1445 1162//1569
f 2845//1568 2833//1446 1163//1445
f 1162//1569 2832//1570 2845//1568
f 1244//1571 2832//1570 1162//1569
f 2872//1572 1060//1466 2831//1465
f 1059//1234 1060//1466 1246//1573
f 1159//1230 1355//1477 708//1067
f 1242//1574 1160//1472 1165//1471
f 1243//1575 1242//1574 1165//1471
f 1166//1479 1243//1575 1165//1471
f 1059//1234 1246//1573 1247//1473
f 1248//1481 732//1074 1247//1473
f 1061//1229 1249//1474 1164//1458
f 1171//1485 1074//1483 1169//1486
f 1170//1576 1171//1485 1169//1486
f 1170//1576 1169//1486 1073//1482
f 1073//1482 1173//1488 1170//1576
f 1174//1577 1171//1485 1170//1576
f 1254//1578 1171//1485 1174//1577
f 1168//1092 1175//1487 736//1091
f 1172//1579 1173//1488 1076//1259
f 1076//1259 1176//1489 1172//1579
f 1269//1580 1172//1579 1176//1489
f 1172//1579 1170//1576 1173//1488
f 1172//1579 1174//1577 1170//1576
f 1172//1579 1269//1580 1174//1577
f 1175//1487 575//709 736//1091
f 1078//1493 575//709 1175//1487
f 878//1263 1176//1489 2796//1261
f 1177//1264 1273//1581 1179//1490
f 1273//1581 1177//1264 1275//1582
f 1177//1264 879//1096 1275//1582
f 1275//1582 879//1096 1276//1492
f 1178//1583 1078//1493 1175//1487
f 1178//1583 1175//1487 1180//1584
f 1277//1585 1180//1584 1175//1487
f 1176//1489 1080//1265 1181//1496
f 1176//1489 878//1263 1080//1265
f 1182//1503 1176//1489 1181//1496
f 1176//1489 1182//1503 1270//1586
f 1284//1491 1179//1490 1273//1581
f 1177//1264 1179//1490 880//917
f 1079//1494 1078//1493 1178//1583
f 1180//1584 1079//1494 1178//1583
f 1079//1494 1180//1584 1183//1497
f 1829//1587 1185//1504 1180//1584
f 1182//1503 1181//1496 1083//1498
f 1182//1503 1084//1500 1279//1588
f 1272//1589 1182//1503 1279//1588
f 1283//1590 1279//1588 1084//1500
f 1185//1504 1183//1497 1180//1584
f 1184//1270 1090//1269 1186//1591
f 1187//1592 1092//1507 2846//1593
f 1086//1505 1283//1590 1084//1500
f 1084//1500 1088//1502 1086//1505
f 1086//1505 1188//1594 1283//1590
f 1399//1595 1188//1594 1190//1596
f 1189//1509 1085//1098 1284//1491
f 1186//1591 1090//1269 1091//1279
f 1092//1507 2837//1275 2846//1593
f 1187//1592 2847//1597 1091//1279
f 1091//1279 1092//1507 1187//1592
f 1086//1505 1190//1596 1188//1594
f 1189//1509 1290//1598 1192//1510
f 1086//1505 1089//1506 1098//1511
f 1086//1505 1098//1511 1190//1596
f 1193//1513 1190//1596 1098//1511
f 1191//1599 1192//1510 1290//1598
f 1097//1282 1192//1510 1191//1599
f 1098//1511 762//1115 1193//1513
f 1191//1599 896//1283 1097//1282
f 1191//1599 1291//1600 896//1283
f 1193//1513 1194//1512 1294//1601
f 1099//1514 1294//1601 1194//1512
f 896//1283 1292//1602 1195//1285
f 900//1286 1195//1285 1200//1516
f 1195//1285 1409//1603 1200//1516
f 1197//1604 1196//1288 1100//1517
f 2848//1605 2838//1606 1295//1607
f 1295//1607 2838//1606 1198//1518
f 1418//1608 2848//1605 1295//1607
f 1198//1518 1296//1609 1295//1607
f 1298//1610 1196//1288 1197//1604
f 1418//1608 1298//1610 2848//1605
f 1198//1518 1297//1522 1296//1609
f 1297//1522 1101//1294 908//1293
f 1198//1518 1101//1294 1297//1522
f 1417//1611 1297//1522 1103//1138
f 1103//1138 1104//1295 1106//1521
f 1200//1516 1409//1603 1199//1612
f 1106//1521 2849//1613 1103//1138
f 1106//1521 1200//1516 1199//1612
f 1201//1527 1214//1614 1202//1529
f 1127//1346 1123//1533 1224//1615
f 1203//1539 1202//1529 2868//1616
f 1203//1539 1121//1534 1202//1529
f 1224//1615 1123//1533 1204//1541
f 2850//1540 2869//1617 1204//1541
f 1224//1615 1204//1541 2869//1617
f 1128//1544 1205//1618 1209//1619
f 2851//1620 1210//1620 2858//1620
f 2852//1621 1128//1544 1300//1622
f 1299//1623 1301//1624 2853//1625
f 2853//1625 1301//1624 2860//1626
f 1300//1622 2876//1627 2852//1621
f 1209//1619 1206//1526 1128//1544
f 1209//1619 1207//1628 1206//1526
f 2854//1629 2861//1630 1208//1631
f 1208//1631 1215//1632 2854//1629
f 1215//1632 2857//1633 1218//1634
f 2855//1635 2859//1635 2862//1635
f 1211//1636 1208//1631 2861//1630
f 1212//1637 2857//1633 2863//1638
f 1218//1634 2857//1633 1217//1639
f 1213//1640 2864//1641 2860//1626
f 2865//1642 2866//1643 1212//1637
f 2866//1643 1222//1644 1212//1637
f 1301//1624 1213//1640 2860//1626
f 2867//1645 2882//1645 1302//1645
f 2884//1646 1222//1644 2866//1643
f 1201//1527 2856//1647 1214//1614
f 1207//1628 1201//1527 1206//1526
f 1215//1632 2869//1617 2854//1629
f 1215//1632 1218//1634 2869//1617
f 2869//1617 1218//1634 1224//1615
f 1304//1648 1300//1622 1128//1544
f 1303//1649 1220//1650 1216//1651
f 2878//1652 1303//1649 1216//1651
f 2887//1653 2879//1653 2889//1653
f 1212//1637 1217//1639 2857//1633
f 1218//1634 1219//1545 1224//1615
f 1222//1644 1217//1639 1212//1637
f 1222//1644 1220//1650 1217//1639
f 1221//1654 1217//1639 1220//1650
f 1218//1634 1217//1639 1221//1654
f 1218//1634 1221//1654 1225//1655
f 1219//1545 1218//1634 1225//1655
f 1309//1656 1225//1655 1221//1654
f 2884//1646 1223//1657 1222//1644
f 1223//1657 1220//1650 1222//1644
f 2884//1646 1216//1651 1223//1657
f 1216//1651 1220//1650 1223//1657
f 1224//1615 1219//1545 1127//1346
f 1128//1544 1226//1658 1304//1648
f 1226//1658 1421//1659 1304//1648
f 1219//1545 1225//1655 1130//1347
f 1427//1660 1421//1659 1226//1658
f 1226//1658 1128//1544 1132//1378
f 1434//1661 1320//1662 1228//1663
f 1434//1661 1228//1663 1310//1664
f 1310//1664 1228//1663 1130//1347
f 1225//1655 1310//1664 1130//1347
f 1226//1658 1132//1378 1227//1547
f 1320//1662 1229//1379 1228//1663
f 1130//1347 1228//1663 1229//1379
f 1227//1547 1132//1378 1131//1389
f 1320//1662 1231//1549 1229//1379
f 1231//1549 1444//1552 1136//1063
f 1321//1550 1138//1394 1139//1395
f 1321//1550 1139//1395 1322//1665
f 1232//1666 1139//1395 1240//1551
f 1232//1666 1322//1665 1139//1395
f 1232//1666 1323//1667 1322//1665
f 1140//1396 1145//1556 1240//1551
f 1233//1554 1449//1668 1234//1409
f 1449//1668 1146//1557 1234//1409
f 1146//1557 1326//1669 1145//1556
f 1235//1450 1236//1563 1237//1670
f 1235//1450 1237//1670 1333//1564
f 1237//1670 1236//1563 1238//1565
f 1333//1564 1237//1670 1239//1671
f 1237//1670 1238//1565 1239//1671
f 1239//1671 1238//1565 1325//1672
f 1238//1565 1241//1566 1325//1672
f 1327//1673 1240//1551 1145//1556
f 1159//1230 1022//1065 1635//1674
f 1155//1553 1331//1675 1233//1554
f 1158//1457 1241//1566 1157//1456
f 1336//1676 1325//1672 1241//1566
f 1337//1677 1158//1457 1164//1458
f 1336//1676 1241//1566 1158//1457
f 1337//1677 1336//1676 1158//1457
f 1159//1230 1635//1674 1355//1477
f 1242//1574 1342//1562 1160//1472
f 1342//1562 1242//1574 1341//1678
f 1243//1575 1341//1678 1242//1574
f 2871//1679 1340//1680 1339//1681
f 1243//1575 1339//1681 1341//1678
f 1060//1466 2872//1572 1246//1573
f 1245//1682 1162//1569 1163//1445
f 1245//1682 1244//1571 1162//1569
f 2873//1683 1246//1573 2872//1572
f 1497//1684 1247//1473 1246//1573
f 1250//1476 1164//1458 1249//1474
f 1340//1680 2871//1679 1166//1479
f 1340//1680 1166//1479 1167//1484
f 1067//1241 1248//1481 1250//1476
f 1167//1484 1171//1485 1251//1685
f 1254//1578 1251//1685 1171//1485
f 1252//1686 1251//1685 1254//1578
f 1356//1687 1257//1688 1253//1689
f 1252//1686 1254//1578 1356//1687
f 1174//1577 1255//1690 2874//1691
f 1255//1690 1174//1577 1262//1692
f 1356//1687 1254//1578 1257//1688
f 2874//1691 1255//1690 1257//1688
f 1256//1693 1255//1690 1262//1692
f 1262//1692 1264//1694 1256//1693
f 1256//1693 1258//1695 1255//1690
f 1257//1688 1255//1690 1258//1695
f 1258//1695 1256//1693 1261//1696
f 1253//1689 1257//1688 1259//1697
f 1257//1688 1258//1695 1259//1697
f 1259//1697 1258//1695 1260//1698
f 1261//1696 1260//1698 1258//1695
f 1268//1699 1261//1696 1256//1693
f 1268//1699 1256//1693 1264//1694
f 1364//1700 1253//1689 1259//1697
f 1259//1697 1365//1701 1364//1700
f 1365//1701 1259//1697 1260//1698
f 1268//1699 1367//1702 1261//1696
f 1263//1703 1174//1577 1269//1580
f 1174//1577 1263//1703 1262//1692
f 1263//1703 1264//1694 1262//1692
f 1263//1703 1265//1704 1264//1694
f 1266//1705 1264//1694 1265//1704
f 1266//1705 1265//1704 1267//1706
f 1266//1705 1268//1699 1264//1694
f 1372//1707 1267//1706 1375//1708
f 1371//1709 1268//1699 1266//1705
f 1367//1702 1268//1699 1371//1709
f 1175//1487 1684//1710 1277//1585
f 1176//1489 1270//1586 1269//1580
f 1265//1704 1263//1703 1269//1580
f 1270//1586 1271//1711 1269//1580
f 1269//1580 1271//1711 1265//1704
f 1267//1706 1265//1704 1271//1711
f 1271//1711 1270//1586 1375//1708
f 1375//1708 1270//1586 1272//1589
f 1375//1708 1267//1706 1271//1711
f 1375//1708 1272//1589 1377//1712
f 1273//1581 1275//1582 1274//1713
f 1380//1714 1273//1581 1274//1713
f 1275//1582 1276//1492 1274//1713
f 1274//1713 1276//1492 1382//1715
f 1376//1716 1180//1584 1277//1585
f 1180//1584 1376//1716 1829//1587
f 1377//1712 1272//1589 1279//1588
f 1272//1589 1270//1586 1182//1503
f 1394//1717 1284//1491 1273//1581
f 1273//1581 1380//1714 1394//1717
f 1381//1718 1274//1713 1382//1715
f 1278//1719 1384//1720 1276//1492
f 1382//1715 1276//1492 1384//1720
f 1278//1719 1385//1721 1384//1720
f 3003//1722 1395//1723 2846//1593
f 1377//1712 1279//1588 1283//1590
f 1283//1590 1389//1724 1377//1712
f 1288//1725 1284//1491 1281//1726
f 1281//1726 1284//1491 1392//1727
f 1281//1726 1280//1728 1288//1725
f 1393//1729 1392//1727 1284//1491
f 1284//1491 1394//1717 1393//1729
f 1282//1730 1278//1719 1276//1492
f 1282//1730 1276//1492 1396//1731
f 1077//1097 1396//1731 1276//1492
f 1285//1267 1396//1731 1077//1097
f 1288//1725 1189//1509 1284//1491
f 1286//1732 1285//1267 1184//1270
f 1184//1270 1186//1591 1286//1732
f 1287//1733 1286//1732 2847//1597
f 1187//1592 1287//1733 2847//1597
f 1287//1733 1187//1592 1395//1723
f 1396//1731 1285//1267 1286//1732
f 1395//1723 1187//1592 2846//1593
f 1283//1590 1188//1594 1399//1595
f 1288//1725 1390//1734 1289//1735
f 1288//1725 1290//1598 1189//1509
f 1289//1735 1290//1598 1288//1725
f 1290//1598 1406//1736 1191//1599
f 1290//1598 1289//1735 1406//1736
f 1289//1735 1558//1737 1406//1736
f 1291//1600 1191//1599 1406//1736
f 1568//1738 896//1283 1291//1600
f 1293//1739 1294//1601 1099//1514
f 1195//1285 1292//1602 1409//1603
f 1292//1602 1569//1740 1409//1603
f 1099//1514 1196//1288 1293//1739
f 1293//1739 1196//1288 1298//1610
f 1410//1741 1294//1601 1293//1739
f 1410//1741 1293//1739 1298//1610
f 1296//1609 1297//1522 1417//1611
f 1417//1611 2849//1613 1416//1742
f 2849//1613 1417//1611 1103//1138
f 1416//1742 1199//1612 1409//1603
f 1411//1743 1298//1610 1418//1608
f 2877//1744 2885//1745 2883//1746
f 2885//1745 2877//1744 2880//1747
f 2870//1748 2886//1748 2881//1748
f 2890//1749 2909//1749 2888//1749
f 1305//1750 1220//1650 1303//1649
f 1221//1654 1220//1650 1305//1750
f 1225//1655 1309//1656 1306//1751
f 1307//1752 1221//1654 1305//1750
f 1309//1656 1221//1654 1308//1753
f 1307//1752 1308//1753 1221//1654
f 1225//1655 1306//1751 1310//1664
f 1308//1753 1307//1752 1311//1754
f 1309//1656 1308//1753 1311//1754
f 1312//1755 1309//1656 1311//1754
f 1309//1656 1312//1755 1306//1751
f 2891//1756 1310//1664 1306//1751
f 1313//1757 1314//1758 1307//1752
f 1307//1752 1314//1758 1311//1754
f 1314//1758 1315//1759 1311//1754
f 1312//1755 1311//1754 2892//1760
f 2892//1760 1317//1761 1312//1755
f 2894//1762 1310//1664 2891//1756
f 1313//1757 1316//1763 1314//1758
f 2893//1764 1317//1761 2892//1760
f 1316//1763 1315//1759 1314//1758
f 1305//1750 1428//1765 1307//1752
f 1307//1752 1428//1765 1313//1757
f 1422//1766 1313//1757 1428//1765
f 1430//1767 1310//1664 2894//1762
f 1427//1660 1226//1658 1227//1547
f 1319//1768 1427//1660 1227//1547
f 1227//1547 1318//1546 1319//1768
f 1319//1768 1318//1546 1435//1769
f 1727//1770 1231//1549 1320//1662
f 1434//1661 1727//1770 1320//1662
f 1231//1549 1727//1770 1733//1771
f 1134//1391 1603//1772 1230//1548
f 1444//1552 1231//1549 1733//1771
f 1321//1550 1603//1772 1134//1391
f 1322//1665 1323//1667 1321//1550
f 1328//1773 1232//1666 1240//1551
f 1232//1666 1328//1773 1323//1667
f 1323//1667 1328//1773 1442//1774
f 1439//1775 1448//1776 1324//1777
f 1445//1778 1439//1775 1452//1779
f 1448//1776 1233//1554 1331//1675
f 1233//1554 1448//1776 1449//1668
f 1450//1780 1326//1669 1449//1668
f 1326//1669 1146//1557 1449//1668
f 1333//1564 1239//1671 1465//1781
f 1326//1669 1327//1673 1145//1556
f 1450//1780 1327//1673 1326//1669
f 1465//1781 1239//1671 1451//1782
f 1451//1782 1239//1671 1325//1672
f 1328//1773 1240//1551 1327//1673
f 1327//1673 1329//1783 1328//1773
f 1442//1774 1328//1773 1329//1783
f 1450//1780 1329//1783 1327//1673
f 2898//1784 1324//1777 2897//1785
f 1324//1777 2898//1784 1330//1786
f 1330//1786 1452//1779 1439//1775
f 1439//1775 1324//1777 1330//1786
f 2920//1787 2895//1788 1489//1789
f 1155//1553 1342//1562 1331//1675
f 1448//1776 1331//1675 1324//1777
f 1332//1790 1245//1682 1163//1445
f 1332//1790 1246//1573 2873//1683
f 1333//1564 1334//1791 1163//1445
f 1332//1790 1163//1445 1334//1791
f 1333//1564 1468//1792 1334//1791
f 1461//1793 1334//1791 1468//1792
f 1459//1794 1332//1790 1334//1791
f 1459//1794 1458//1795 1332//1790
f 1246//1573 1332//1790 1458//1795
f 1336//1676 1337//1677 1335//1796
f 1337//1677 1338//1797 1335//1796
f 1352//1798 1473//1799 1338//1797
f 1338//1797 1351//1800 1352//1798
f 1473//1799 1335//1796 1338//1797
f 1342//1562 1341//1678 1343//1801
f 2900//1802 1341//1678 1339//1681
f 2896//1803 2899//1803 2901//1803
f 2900//1802 1339//1681 1344//1804
f 1340//1680 1344//1804 1339//1681
f 1340//1680 1345//1805 1344//1804
f 1345//1805 1340//1680 1353//1806
f 1346//1807 2903//1808 2904//1809
f 2904//1809 1347//1810 1346//1807
f 1347//1810 2904//1809 1354//1811
f 2895//1788 2902//1812 1348//1813
f 2902//1812 2903//1808 1348//1813
f 1348//1813 2903//1808 1346//1807
f 1346//1807 1490//1814 1348//1813
f 1349//1815 1490//1814 1346//1807
f 1347//1810 1349//1815 1346//1807
f 1489//1789 2895//1788 1348//1813
f 1492//1816 2923//1817 2905//1818
f 1492//1816 1348//1813 1490//1814
f 1490//1814 1349//1815 1491//1819
f 1350//1820 1503//1821 1491//1819
f 1349//1815 1350//1820 1491//1819
f 1349//1815 1347//1810 1350//1820
f 1497//1684 1248//1481 1247//1473
f 1498//1822 1248//1481 1497//1684
f 1250//1476 1248//1481 1498//1822
f 1498//1822 1500//1823 1250//1476
f 1337//1677 1164//1458 1351//1800
f 1351//1800 1164//1458 1250//1476
f 1338//1797 1337//1677 1351//1800
f 1500//1823 1351//1800 1250//1476
f 1352//1798 1351//1800 1500//1823
f 1350//1820 1347//1810 1354//1811
f 1350//1820 1354//1811 1504//1824
f 1340//1680 1167//1484 1353//1806
f 1251//1685 1353//1806 1167//1484
f 1353//1806 1251//1685 1357//1825
f 1354//1811 2904//1809 1353//1806
f 1353//1806 1357//1825 1354//1811
f 1357//1825 1251//1685 1252//1686
f 1356//1687 1358//1826 1357//1825
f 1356//1687 1357//1825 1252//1686
f 1358//1826 1356//1687 1253//1689
f 1354//1811 1357//1825 1508//1827
f 1358//1826 1508//1827 1357//1825
f 1508//1827 1358//1826 1359//1828
f 1507//1829 1508//1827 1359//1828
f 1506//1830 1507//1829 1359//1828
f 1362//1831 1506//1830 1359//1828
f 1506//1830 1362//1831 1528//1832
f 1358//1826 1253//1689 1360//1833
f 1360//1833 1253//1689 1364//1700
f 1360//1833 1359//1828 1358//1826
f 1360//1833 1368//1834 1359//1828
f 1364//1700 1368//1834 1360//1833
f 1359//1828 1368//1834 1362//1831
f 1684//1710 1175//1487 1665//1835
f 1370//1836 1361//1837 1363//1838
f 1363//1838 1529//1839 1370//1836
f 1362//1831 1529//1839 1528//1832
f 1530//1840 1529//1839 1363//1838
f 1366//1841 1365//1701 1260//1698
f 1366//1841 1260//1698 1261//1696
f 1366//1841 1261//1696 1367//1702
f 1368//1834 1364//1700 1369//1842
f 1369//1842 1364//1700 1365//1701
f 1369//1842 1365//1701 1366//1841
f 1369//1842 1366//1841 1370//1836
f 1367//1702 1361//1837 1370//1836
f 1366//1841 1367//1702 1370//1836
f 1361//1837 1367//1702 1371//1709
f 1362//1831 1368//1834 1369//1842
f 1369//1842 1370//1836 1362//1831
f 1370//1836 1529//1839 1362//1831
f 1372//1707 1374//1843 1373//1844
f 1266//1705 1372//1707 1371//1709
f 1372//1707 1266//1705 1267//1706
f 1371//1709 1372//1707 1361//1837
f 1363//1838 1361//1837 1373//1844
f 1361//1837 1372//1707 1373//1844
f 1277//1585 1684//1710 1376//1716
f 1374//1843 1375//1708 1377//1712
f 1372//1707 1375//1708 1374//1843
f 1535//1845 1536//1846 1389//1724
f 1535//1845 1389//1724 1283//1590
f 1535//1845 1283//1590 1543//1847
f 1536//1846 1374//1843 1377//1712
f 1536//1846 1377//1712 1389//1724
f 1390//1734 1539//1848 1391//1849
f 1280//1728 1378//1850 1390//1734
f 1378//1850 1280//1728 1379//1851
f 1378//1850 1539//1848 1390//1734
f 1540//1852 1378//1850 1379//1851
f 1545//1853 1394//1717 1380//1714
f 1274//1713 1381//1718 1380//1714
f 1380//1714 1381//1718 1545//1853
f 1381//1718 1383//1854 1545//1853
f 1381//1718 1382//1715 1386//1855
f 1382//1715 1384//1720 1386//1855
f 1383//1854 1381//1718 1386//1855
f 1384//1720 1385//1721 1386//1855
f 1387//1856 1385//1721 1278//1719
f 1282//1730 1387//1856 1278//1719
f 1385//1721 1387//1856 1388//1857
f 1387//1856 1282//1730 1388//1857
f 1700//1858 1388//1857 1282//1730
f 1288//1725 1280//1728 1390//1734
f 1281//1726 2906//1859 1280//1728
f 1379//1851 1280//1728 2906//1859
f 1840//1860 1379//1851 2906//1859
f 1393//1729 1394//1717 1545//1853
f 1393//1729 1545//1853 1544//1861
f 1282//1730 1397//1862 1542//1863
f 1547//1864 1283//1590 1552//1865
f 1543//1847 1283//1590 1547//1864
f 1391//1849 1289//1735 1390//1734
f 1551//1866 1289//1735 1391//1849
f 1397//1862 1282//1730 1396//1731
f 1398//1867 1396//1731 1286//1732
f 1287//1733 1398//1867 1286//1732
f 1397//1862 1396//1731 1398//1867
f 1287//1733 1395//1723 1398//1867
f 1552//1865 1399//1595 1400//1868
f 1401//1869 1400//1868 1402//1870
f 1552//1865 1283//1590 1399//1595
f 1555//1871 1558//1737 1289//1735
f 1555//1871 1289//1735 1551//1866
f 1399//1595 1190//1596 1402//1870
f 1400//1868 1399//1595 1402//1870
f 1401//1869 1402//1870 1403//1872
f 1193//1513 1404//1873 1190//1596
f 1402//1870 1190//1596 1404//1873
f 1404//1873 1407//1874 1405//1875
f 1404//1873 1403//1872 1402//1870
f 1404//1873 1405//1875 1403//1872
f 1563//1876 1405//1875 1407//1874
f 1558//1737 1566//1877 1406//1736
f 1406//1736 1568//1738 1291//1600
f 1407//1874 1404//1873 1193//1513
f 1407//1874 1193//1513 1294//1601
f 1563//1876 2907//1878 2875//1879
f 1712//1880 1294//1601 1412//1881
f 1408//1882 1415//1883 1413//1884
f 1573//1885 1415//1883 1408//1882
f 1409//1603 1408//1882 1416//1742
f 1413//1884 1416//1742 1408//1882
f 1408//1882 1409//1603 1569//1740
f 1412//1881 1294//1601 1410//1741
f 1412//1881 1410//1741 1411//1743
f 1412//1881 1411//1743 1571//1886
f 1296//1609 1417//1611 1414//1887
f 1413//1884 1415//1883 1414//1887
f 1417//1611 1413//1884 1414//1887
f 1415//1883 1572//1888 1414//1887
f 1417//1611 1416//1742 1413//1884
f 1410//1741 1298//1610 1411//1743
f 1418//1608 1295//1607 1420//1889
f 1418//1608 1419//1890 1411//1743
f 2908//1891 1418//1608 1420//1889
f 1296//1609 1420//1889 1295//1607
f 1420//1889 1296//1609 1414//1887
f 1313//1757 1422//1766 1316//1763
f 1422//1766 1428//1765 1424//1892
f 1422//1766 1423//1893 1316//1763
f 1317//1761 2893//1764 2913//1894
f 2914//1895 1430//1767 2894//1762
f 1422//1766 1424//1892 1425//1896
f 1422//1766 1425//1896 1423//1893
f 1424//1892 1433//1897 1425//1896
f 1425//1896 1431//1898 1423//1893
f 2914//1895 2916//1899 1430//1767
f 1431//1898 1425//1896 1433//1897
f 1426//1900 2910//1901 1427//1660
f 1426//1900 1427//1660 1578//1902
f 2915//1903 1305//1750 2911//1904
f 1305//1750 1303//1649 2912//1905
f 1428//1765 1429//1906 1424//1892
f 1429//1906 1428//1765 1305//1750
f 1429//1906 1575//1907 1433//1897
f 2915//1903 1429//1906 1305//1750
f 2915//1903 1579//1908 1429//1906
f 1576//1909 1433//1897 1575//1907
f 1581//1910 1429//1906 1579//1908
f 1574//1911 1310//1664 1430//1767
f 1424//1892 1429//1906 1433//1897
f 1432//1912 2917//1913 2919//1914
f 2916//1899 2918//1915 1430//1767
f 2918//1915 1574//1911 1430//1767
f 2919//1914 2934//1916 1432//1912
f 1435//1769 1427//1660 1319//1768
f 1574//1911 1586//1917 1310//1664
f 1586//1917 1434//1661 1310//1664
f 1595//1918 1435//1769 1318//1546
f 1595//1918 1318//1546 1230//1548
f 1436//1919 1230//1548 1603//1772
f 1595//1918 1230//1548 1436//1919
f 1604//1920 1603//1772 1321//1550
f 1323//1667 1604//1920 1321//1550
f 1604//1920 1323//1667 1443//1921
f 1437//1922 1445//1778 1438//1923
f 1605//1924 1440//1925 1437//1922
f 1605//1924 1438//1923 1606//1926
f 1605//1924 1437//1922 1438//1923
f 1446//1927 1606//1926 1438//1923
f 1440//1925 1613//1928 1439//1775
f 1439//1775 1437//1922 1440//1925
f 1443//1921 1323//1667 1442//1774
f 1443//1921 1442//1774 1441//1929
f 1754//1930 1443//1921 1441//1929
f 1438//1923 1445//1778 1446//1927
f 1446//1927 1445//1778 1454//1931
f 1454//1931 1625//1932 1446//1927
f 1454//1931 1624//1933 1625//1932
f 1439//1775 1613//1928 1448//1776
f 1445//1778 1437//1922 1439//1775
f 1445//1778 2921//1934 1454//1931
f 1447//1935 1448//1776 1613//1928
f 1451//1782 1325//1672 1474//1936
f 1634//1937 1441//1929 1450//1780
f 1450//1780 1441//1929 1329//1783
f 1451//1782 1478//1938 1476//1939
f 1451//1782 1474//1936 1478//1938
f 1450//1780 1449//1668 1634//1937
f 1441//1929 1442//1774 1329//1783
f 1444//1552 1635//1674 1022//1065
f 1622//1940 1486//1941 1617//1942
f 1617//1942 1486//1941 1639//1943
f 1622//1940 1488//1944 1486//1941
f 1622//1940 1642//1945 1488//1944
f 1489//1789 1453//1946 2920//1787
f 1454//1931 2920//1787 1453//1946
f 1454//1931 1453//1946 1624//1933
f 2923//1817 1455//1947 1453//1946
f 1455//1947 2923//1817 1492//1816
f 1456//1948 1453//1946 1455//1947
f 1457//1949 1456//1948 1455//1947
f 1492//1816 1457//1949 1455//1947
f 1641//1950 1453//1946 1456//1948
f 1456//1948 1645//1951 1641//1950
f 1456//1948 1457//1949 1645//1951
f 2922//1952 1495//1953 1646//1954
f 1646//1954 2945//1955 2922//1952
f 1334//1791 1461//1793 1459//1794
f 1496//1956 1246//1573 1458//1795
f 1460//1957 1458//1795 1459//1794
f 1458//1795 1460//1957 1496//1956
f 1459//1794 1461//1793 1462//1958
f 1459//1794 1462//1958 1460//1957
f 1460//1957 1462//1958 1463//1959
f 1496//1956 1460//1957 1463//1959
f 1463//1959 1497//1684 1496//1956
f 1463//1959 1464//1960 1497//1684
f 1462//1958 1461//1793 1464//1960
f 1463//1959 1462//1958 1464//1960
f 1466//1961 1333//1564 1465//1781
f 1468//1792 1333//1564 1466//1961
f 1467//1962 1465//1781 1477//1963
f 1466//1961 1465//1781 1467//1962
f 1467//1962 1477//1963 1481//1964
f 1466//1961 1467//1962 1470//1965
f 1470//1965 1467//1962 1481//1964
f 1466//1961 1469//1966 1468//1792
f 1470//1965 1469//1966 1466//1961
f 1468//1792 1469//1966 1461//1793
f 1470//1965 1464//1960 1469//1966
f 1470//1965 1471//1967 1464//1960
f 1470//1965 1484//1968 1471//1967
f 1469//1966 1464//1960 1461//1793
f 1484//1968 1485//1969 1471//1967
f 1472//1970 1471//1967 1485//1969
f 1464//1960 1472//1970 1499//1971
f 1472//1970 1501//1972 1499//1971
f 1464//1960 1471//1967 1472//1970
f 1325//1672 1336//1676 1474//1936
f 1474//1936 1336//1676 1475//1973
f 1336//1676 1335//1796 1475//1973
f 1475//1973 1335//1796 1473//1799
f 1477//1963 1465//1781 1476//1939
f 1476//1939 1465//1781 1451//1782
f 1478//1938 1474//1936 1479//1974
f 1479//1974 1474//1936 1475//1973
f 1480//1975 1475//1973 1473//1799
f 1480//1975 1473//1799 1352//1798
f 1500//1823 1480//1975 1352//1798
f 1477//1963 1476//1939 1481//1964
f 1476//1939 1478//1938 1481//1964
f 1482//1976 1478//1938 1479//1974
f 1480//1975 1479//1974 1475//1973
f 1483//1977 1482//1976 1479//1974
f 1479//1974 1480//1975 1483//1977
f 1483//1977 1480//1975 1500//1823
f 1482//1976 1481//1964 1478//1938
f 1481//1964 1484//1968 1470//1965
f 1481//1964 1482//1976 1484//1968
f 1483//1977 1485//1969 1482//1976
f 1500//1823 1501//1972 1483//1977
f 1484//1968 1482//1976 1485//1969
f 1485//1969 1501//1972 1472//1970
f 1501//1972 1485//1969 1483//1977
f 1639//1943 1486//1941 1487//1978
f 1487//1978 1486//1941 1502//1979
f 1502//1979 1486//1941 1488//1944
f 1502//1979 1664//1980 1487//1978
f 1493//1981 1488//1944 1494//1982
f 1502//1979 1488//1944 1493//1981
f 1503//1821 1502//1979 1493//1981
f 1488//1944 1642//1945 1494//1982
f 1493//1981 1490//1814 1491//1819
f 1491//1819 1503//1821 1493//1981
f 1495//1953 1490//1814 1494//1982
f 1490//1814 1493//1981 1494//1982
f 1495//1953 2922//1952 1490//1814
f 1457//1949 1492//1816 1490//1814
f 1642//1945 2947//1983 1495//1953
f 1495//1953 1494//1982 1642//1945
f 1496//1956 1497//1684 1246//1573
f 1499//1971 1501//1972 1498//1822
f 1497//1684 1499//1971 1498//1822
f 1499//1971 1497//1684 1464//1960
f 1501//1972 1500//1823 1498//1822
f 1635//1674 1665//1835 1355//1477
f 1355//1477 1665//1835 1175//1487
f 1664//1980 1502//1979 1666//1984
f 1503//1821 1504//1824 1502//1979
f 1350//1820 1504//1824 1503//1821
f 1502//1979 1504//1824 1505//1985
f 1505//1985 1666//1984 1502//1979
f 1504//1824 1354//1811 1508//1827
f 1504//1824 1508//1827 1505//1985
f 1505//1985 1508//1827 1512//1986
f 2924//1987 1509//1988 2925//1989
f 1510//1990 1508//1827 1507//1829
f 2926//1991 1506//1830 1531//1992
f 1506//1830 1528//1832 1531//1992
f 1512//1986 1508//1827 1510//1990
f 1510//1990 1507//1829 1511//1993
f 2927//1994 2925//1989 1509//1988
f 1513//1995 1515//1996 1510//1990
f 1513//1995 1510//1990 1511//1993
f 1519//1997 2926//1991 1531//1992
f 1505//1985 1512//1986 1666//1984
f 1666//1984 1512//1986 1516//1998
f 1514//1999 1512//1986 1510//1990
f 1514//1999 1510//1990 1515//1996
f 1517//2000 1515//1996 1513//1995
f 1680//2001 1519//1997 1531//1992
f 1516//1998 1512//1986 1514//1999
f 1514//1999 1515//1996 1516//1998
f 1515//1996 1517//2000 1516//1998
f 1516//1998 1517//2000 1520//2002
f 1667//2003 1666//1984 1516//1998
f 1516//1998 2928//2004 1524//2005
f 1667//2003 1516//1998 1670//2006
f 1516//1998 1524//2005 1670//2006
f 1513//1995 1511//1993 1517//2000
f 1517//2000 1509//1988 1518//2007
f 2927//1994 1509//1988 1517//2000
f 1518//2007 2926//1991 1519//1997
f 1523//2008 1522//2009 1518//2007
f 1522//2009 1517//2000 1518//2007
f 1521//2010 1520//2002 1517//2000
f 1521//2010 1517//2000 1522//2009
f 1519//1997 1523//2008 1518//2007
f 1524//2005 2928//2004 2929//2011
f 1521//2010 1522//2009 1525//2012
f 1526//2013 1522//2009 1523//2008
f 1522//2009 1526//2013 2930//2014
f 1519//1997 1527//2015 1523//2008
f 1527//2015 1526//2013 1523//2008
f 1519//1997 1680//2001 1527//2015
f 2929//2011 1670//2006 1524//2005
f 1670//2006 2929//2011 1669//2016
f 1669//2016 2929//2011 2930//2014
f 2930//2014 1526//2013 1668//2017
f 1668//2017 1526//2013 1682//2018
f 1682//2018 1526//2013 1527//2015
f 1682//2018 1527//2015 1680//2001
f 1530//1840 1531//1992 1529//1839
f 1531//1992 1528//1832 1529//1839
f 1530//1840 1363//1838 1373//1844
f 1532//2019 1530//1840 1373//1844
f 1531//1992 1530//1840 1532//2019
f 1532//2019 1680//2001 1531//1992
f 1532//2019 1533//2020 1680//2001
f 1373//1844 1374//1843 1534//2021
f 1532//2019 1373//1844 1533//2020
f 1373//1844 1534//2021 1533//2020
f 1534//2021 1680//2001 1533//2020
f 1686//2022 1680//2001 1534//2021
f 1685//2023 1829//1587 1376//1716
f 1534//2021 1536//1846 1688//2024
f 1534//2021 1374//1843 1536//1846
f 1537//2025 1536//1846 1535//1845
f 1535//1845 1543//1847 1538//2026
f 1537//2025 1535//1845 1538//2026
f 1537//2025 1688//2024 1536//1846
f 1701//2027 1688//2024 1537//2025
f 1537//2025 1538//2026 1701//2027
f 1698//2028 1704//2029 1539//1848
f 1539//1848 1378//1850 1541//2030
f 1541//2030 1378//1850 1540//1852
f 1698//2028 1539//1848 1541//2030
f 1698//2028 1541//2030 1699//2031
f 1540//1852 1836//2032 1699//2031
f 1379//1851 1840//1860 1540//1852
f 1836//2032 1540//1852 1840//1860
f 1985//2033 1546//2034 1383//1854
f 1385//1721 1985//2033 1386//1855
f 1388//1857 1700//1858 1385//1721
f 1700//1858 1282//1730 1542//1863
f 1932//2035 1700//1858 1542//1863
f 1549//2036 1538//2026 1543//1847
f 1549//2036 1701//2027 1538//2026
f 1539//1848 1703//2037 1391//1849
f 1703//2037 1551//1866 1391//1849
f 1539//1848 1704//2029 1703//2037
f 1392//1727 1393//1729 3006//2038
f 3006//2038 1393//1729 1544//1861
f 1940//2039 1544//1861 1546//2034
f 1544//1861 1545//1853 1383//1854
f 1546//2034 1544//1861 1383//1854
f 1397//1862 1932//2035 1542//1863
f 1932//2035 1397//1862 1398//1867
f 1395//1723 1830//2040 1398//1867
f 1547//1864 1552//1865 1553//2041
f 1547//1864 1553//2041 1548//2042
f 1543//1847 1547//1864 1548//2042
f 1548//2042 1553//2041 1554//2043
f 1549//2036 1543//1847 1548//2042
f 1550//2044 1549//2036 1548//2042
f 1554//2043 1550//2044 1548//2042
f 1550//2044 1554//2043 1556//2045
f 1707//2046 1555//1871 1551//1866
f 1707//2046 1557//2047 1555//1871
f 1553//2041 1552//1865 1400//1868
f 1400//1868 1401//1869 1553//2041
f 1401//1869 1554//2043 1553//2041
f 1554//2043 1401//1869 1403//1872
f 1554//2043 1403//1872 1559//2048
f 1554//2043 1559//2048 1556//2045
f 1707//2046 1708//2049 1557//2047
f 1556//2045 1557//2047 1708//2049
f 1558//1737 1555//1871 1557//2047
f 1403//1872 1564//2050 1559//2048
f 1558//1737 1710//2051 1566//1877
f 1560//2052 1557//2047 1556//2045
f 1557//2047 1560//2052 1561//2053
f 1557//2047 1561//2053 1558//1737
f 2931//2054 1559//2048 1562//2055
f 1560//2052 1562//2055 1561//2053
f 1558//1737 1561//2053 1710//2051
f 1562//2055 1559//2048 1709//2056
f 2931//2054 1556//2045 1559//2048
f 1561//2053 1562//2055 1709//2056
f 1710//2051 1561//2053 1709//2056
f 1405//1875 1563//1876 1565//2057
f 1403//1872 1405//1875 1565//2057
f 1564//2050 1403//1872 1565//2057
f 1559//2048 1564//2050 1709//2056
f 1565//2057 1563//1876 1711//2058
f 1563//1876 1567//2059 1711//2058
f 1568//1738 1566//1877 1713//2060
f 1566//1877 1710//2051 2932//2061
f 1566//1877 2932//2061 1713//2060
f 1567//2059 1563//1876 2974//2062
f 2976//2063 1567//2059 2974//2062
f 1566//1877 1568//1738 1406//1736
f 2875//1879 2974//2062 1563//1876
f 896//1283 1568//1738 1292//1602
f 1568//1738 1569//1740 1292//1602
f 1569//1740 1568//1738 1713//2060
f 2975//2064 1412//1881 1715//2065
f 1569//1740 1570//2066 1408//1882
f 1570//2066 1716//2067 1573//1885
f 1408//1882 1570//2066 1573//1885
f 1412//1881 1571//1886 1715//2065
f 1571//1886 1411//1743 1419//1890
f 2908//1891 1572//1888 2933//2068
f 2977//2069 2933//2068 1716//2067
f 1572//1888 1716//2067 2933//2068
f 1573//1885 1572//1888 1415//1883
f 1716//2067 1572//1888 1573//1885
f 2908//1891 1420//1889 1572//1888
f 1414//1887 1572//1888 1420//1889
f 1575//1907 1429//1906 1581//1910
f 1575//1907 1581//1910 1577//2070
f 1575//1907 1577//2070 1576//1909
f 2935//2071 1577//2070 1583//2072
f 2936//2073 2938//2074 1574//1911
f 2918//1915 2936//2073 1574//1911
f 1581//1910 1582//2075 1577//2070
f 1577//2070 1582//2075 1583//2072
f 2938//2074 1586//1917 1574//1911
f 1426//1900 1578//1902 1580//2076
f 1579//1908 2915//1903 2937//2077
f 1579//1908 1584//2078 1581//1910
f 2937//2077 1588//2079 1579//1908
f 1578//1902 1594//2080 1580//2076
f 1592//2081 1588//2079 2937//2077
f 1580//2076 1594//2080 1717//2082
f 1592//2081 2937//2077 2978//2083
f 1581//1910 1584//2078 1582//2075
f 1582//2075 1584//2078 1583//2072
f 1583//2072 1584//2078 1585//2084
f 2938//2074 2939//2085 1586//1917
f 1584//2078 1587//2086 1585//2084
f 2939//2085 2940//2087 1586//1917
f 1586//1917 2940//2087 1588//2079
f 1587//2086 1584//2078 1579//1908
f 1579//1908 1588//2079 1587//2086
f 1588//2079 1592//2081 1586//1917
f 1578//1902 1427//1660 1589//2088
f 1589//2088 1427//1660 1435//1769
f 1596//2089 1589//2088 1435//1769
f 1597//2090 1589//2088 1596//2089
f 1589//2088 1594//2080 1578//1902
f 1589//2088 1590//2091 1594//2080
f 1594//2080 1590//2091 1591//2092
f 1589//2088 1597//2090 1590//2091
f 1718//2093 1594//2080 1591//2092
f 1592//2081 1593//2094 1586//1917
f 1593//2094 1434//1661 1586//1917
f 1599//2095 1434//1661 1593//2094
f 1720//2096 1592//2081 2978//2083
f 1592//2081 1720//2096 1593//2094
f 1596//2089 1435//1769 1595//1918
f 1595//1918 1600//2097 1598//2098
f 1596//2089 1595//1918 1597//2090
f 1597//2090 1598//2098 1590//2091
f 1595//1918 1598//2098 1597//2090
f 1598//2098 1718//2093 1590//2091
f 1590//2091 1718//2093 1591//2092
f 1598//2098 1728//2099 1718//2093
f 1728//2099 1598//2098 1600//2097
f 1599//2095 1727//1770 1434//1661
f 1722//2100 1728//2099 1600//2097
f 1595//1918 1436//1919 1601//2101
f 1595//1918 1601//2101 1734//2102
f 1602//2103 1601//2101 1436//1919
f 1734//2102 1601//2101 1735//2104
f 1601//2101 1602//2103 1735//2104
f 1436//1919 1603//1772 1602//2103
f 1603//1772 1739//2105 1602//2103
f 1604//1920 1739//2105 1603//1772
f 1733//1771 1755//2106 1444//1552
f 1443//1921 1754//1930 1604//1920
f 1606//1926 1446//1927 1626//2107
f 1605//1924 1607//2108 1440//1925
f 1607//2108 1605//1924 1608//2109
f 1605//1924 1606//1926 1608//2109
f 1607//2108 1611//2110 1614//2111
f 1614//2111 1440//1925 1607//2108
f 1607//2108 1608//2109 1610//2112
f 1610//2112 1608//2109 1609//2113
f 1609//2113 1608//2109 1606//1926
f 1609//2113 1626//2107 1627//2114
f 1609//2113 1606//1926 1626//2107
f 1610//2112 1609//2113 1612//2115
f 1612//2115 1609//2113 1627//2114
f 1610//2112 1611//2110 1607//2108
f 1627//2114 1629//2116 1612//2115
f 1440//1925 1614//2111 1613//1928
f 1759//2117 1613//1928 1614//2111
f 1759//2117 1447//1935 1613//1928
f 1611//2110 1759//2117 1614//2111
f 1634//1937 1448//1776 1447//1935
f 1447//1935 1759//2117 1634//1937
f 1634//1937 1862//2118 1615//2119
f 1615//2119 1754//1930 1441//1929
f 1634//1937 1615//2119 1441//1929
f 1618//2120 1616//2121 1621//2122
f 1616//2121 2941//2123 1637//2124
f 1616//2121 1764//2125 1621//2122
f 1765//2126 1764//2125 1616//2121
f 1765//2126 1637//2124 1785//2127
f 1765//2126 1616//2121 1637//2124
f 1619//2128 1622//1940 1617//1942
f 1617//1942 1618//2120 1619//2128
f 1619//2128 1620//2129 1622//1940
f 1618//2120 1621//2122 1619//2128
f 1622//1940 1620//2129 1623//2130
f 1619//2128 1621//2122 1620//2129
f 1769//2131 1620//2129 1621//2122
f 1622//1940 1623//2130 1642//1945
f 1620//2129 1769//2131 1623//2130
f 1642//1945 1623//2130 1644//2132
f 1625//1932 1626//2107 1446//1927
f 1627//2114 1626//2107 1625//1932
f 1628//2133 1627//2114 1625//1932
f 1628//2133 1625//1932 1624//1933
f 1629//2116 1627//2114 1628//2133
f 1630//2134 1629//2116 1628//2133
f 1630//2134 1628//2133 1624//1933
f 1773//2135 1629//2116 1774//2136
f 1629//2116 1630//2134 1774//2136
f 1624//1933 1631//2137 1630//2134
f 1641//1950 1624//1933 1453//1946
f 1631//2137 1624//1933 1641//1950
f 1643//2138 1631//2137 1641//1950
f 1794//2139 1631//2137 1643//2138
f 1632//2140 1655//2141 1633//2142
f 1655//2141 1657//2143 1633//2142
f 1793//2144 1660//2145 2942//2146
f 1782//2147 1632//2140 1633//2142
f 1780//2148 1793//2144 2942//2146
f 1449//1668 1448//1776 1634//1937
f 1444//1552 1636//2149 1635//1674
f 1639//1943 2941//2123 1617//1942
f 2941//2123 1639//1943 1637//2124
f 1640//2150 1637//2124 1639//1943
f 1640//2150 1638//2151 1637//2124
f 1638//2151 1785//2127 1637//2124
f 1787//2152 1785//2127 1638//2151
f 1640//2150 1639//1943 1487//1978
f 1787//2152 1640//2150 1803//2153
f 1640//2150 1787//2152 1638//2151
f 1647//2154 1641//1950 1645//1951
f 1647//2154 1643//2138 1641//1950
f 1648//2155 1642//1945 1644//2132
f 1647//2154 1794//2139 1643//2138
f 1644//2132 1796//2156 1648//2155
f 1792//2157 1796//2156 1644//2132
f 1648//2155 1796//2156 1797//2158
f 1648//2155 2947//1983 1642//1945
f 2948//2159 2950//2159 2946//2159
f 2949//2160 2952//2160 2951//2160
f 1647//2154 2953//2161 1649//2162
f 1652//2163 1660//2145 1793//2144
f 1658//2164 1660//2145 1652//2163
f 1794//2139 1647//2154 1649//2162
f 2953//2161 2998//2165 1649//2162
f 2955//2166 1654//2167 2964//2168
f 2993//2169 2956//2169 2992//2169
f 1649//2162 1650//2170 1794//2139
f 1651//2171 2957//2172 2994//2173
f 1649//2162 1653//2174 1650//2170
f 1650//2170 2958//2175 2954//2176
f 2954//2176 2958//2175 1795//2177
f 1651//2171 2996//2178 2957//2172
f 2961//2179 2957//2172 2996//2178
f 2997//2180 2959//2181 1797//2158
f 2998//2165 2960//2182 1649//2162
f 1797//2158 1654//2167 2997//2180
f 2942//2146 1660//2145 1656//2183
f 2942//2146 1656//2183 2962//2184
f 1655//2141 1656//2183 1657//2143
f 1660//2145 1658//2164 1656//2183
f 1656//2183 1658//2164 1659//2185
f 1656//2183 1659//2185 1657//2143
f 2964//2168 1661//2186 2965//2187
f 2966//2188 1661//2186 2963//2189
f 1662//2190 2943//2191 2963//2189
f 1662//2190 2963//2189 1661//2186
f 2964//2168 1654//2167 1661//2186
f 1662//2190 1661//2186 1663//2192
f 1654//2167 1799//2193 1661//2186
f 1799//2193 1663//2192 1661//2186
f 1800//2194 1662//2190 1663//2192
f 1799//2193 1800//2194 1663//2192
f 1635//1674 1801//2195 1665//1835
f 1487//1978 1664//1980 1640//2150
f 1640//2150 1664//1980 1803//2153
f 1665//1835 1801//2195 1684//1710
f 1803//2153 1664//1980 1667//2003
f 1664//1980 1666//1984 1667//2003
f 1676//2196 1667//2003 1670//2006
f 1669//2016 2930//2014 1671//2197
f 2930//2014 1668//2017 1671//2197
f 1669//2016 1671//2197 1670//2006
f 1670//2006 1671//2197 1672//2198
f 2967//2199 1671//2197 1673//2200
f 1671//2197 1668//2017 1673//2200
f 1673//2200 1668//2017 1682//2018
f 1673//2200 1674//2201 2967//2199
f 1676//2196 1670//2006 2968//2202
f 1670//2006 1672//2198 2968//2202
f 1674//2201 1673//2200 1675//2203
f 1677//2204 1674//2201 1675//2203
f 1675//2203 1678//2205 1677//2204
f 1683//2206 1673//2200 1682//2018
f 1673//2200 1683//2206 1675//2203
f 1676//2196 2968//2202 1805//2207
f 2968//2202 2969//2208 1805//2207
f 1679//2209 1678//2205 1675//2203
f 1679//2209 1675//2203 1683//2206
f 1805//2207 2969//2208 1807//2210
f 3002//2211 1678//2205 1806//2212
f 1677//2204 1678//2205 3002//2211
f 1806//2212 1678//2205 1679//2209
f 1681//2213 1682//2018 1680//2001
f 1680//2001 1822//2214 1681//2213
f 1681//2213 1683//2206 1682//2018
f 1806//2212 1679//2209 1683//2206
f 1814//2215 1683//2206 1681//2213
f 1683//2206 1814//2215 1806//2212
f 1804//2216 1685//2023 1684//1710
f 1685//2023 1804//2216 1924//2217
f 1689//2218 1824//2219 1686//2022
f 1686//2022 1822//2214 1680//2001
f 1685//2023 1376//1716 1684//1710
f 1686//2022 1534//2021 1687//2220
f 1534//2021 1688//2024 1687//2220
f 1687//2220 1688//2024 1691//2221
f 1689//2218 1687//2220 1691//2221
f 1686//2022 1687//2220 1689//2218
f 1690//2222 1689//2218 1691//2221
f 1825//2223 1689//2218 1690//2222
f 1689//2218 1825//2223 1824//2219
f 2036//2224 1700//1858 1931//2225
f 3004//2226 1395//1723 3003//1722
f 1688//2024 1701//2027 1691//2221
f 1692//2227 1691//2221 1701//2027
f 1693//2228 1704//2029 1698//2028
f 1693//2228 1706//2229 1704//2029
f 1698//2028 1699//2031 1693//2228
f 1693//2228 1694//2230 1706//2229
f 1694//2230 2970//2231 1706//2229
f 1692//2227 1696//2232 1691//2221
f 1691//2221 1696//2232 1695//2233
f 1696//2232 2970//2231 1694//2230
f 1693//2228 1697//2234 1694//2230
f 1695//2233 1696//2232 1831//2235
f 1831//2235 1696//2232 1833//2236
f 1696//2232 1694//2230 1697//2234
f 1696//2232 1697//2234 1833//2236
f 1540//1852 1699//2031 1541//2030
f 1699//2031 1832//2237 1693//2228
f 1697//2234 1693//2228 1833//2236
f 1833//2236 1693//2228 1832//2237
f 1386//1855 1985//2033 1383//1854
f 1705//2238 1707//2046 1551//1866
f 1702//2239 1707//2046 1705//2238
f 1706//2229 1702//2239 1705//2238
f 1692//2227 1701//2027 2971//2240
f 1703//2037 1705//2238 1551//1866
f 1703//2037 1704//2029 1705//2238
f 1706//2229 1705//2238 1704//2029
f 1706//2229 2970//2231 2972//2241
f 1985//2033 1940//2039 1546//2034
f 1830//2040 1932//2035 1398//1867
f 1549//2036 1550//2044 1701//2027
f 1701//2027 1550//2044 1708//2049
f 1707//2046 1702//2239 1708//2049
f 1708//2049 2971//2240 1701//2027
f 1556//2045 1708//2049 1550//2044
f 1710//2051 1709//2056 2973//2242
f 1565//2057 1711//2058 1564//2050
f 1564//2050 1711//2058 1709//2056
f 2973//2242 2932//2061 1710//2051
f 2976//2063 2974//2062 1714//2243
f 1713//2060 1714//2243 1569//1740
f 1714//2243 1570//2066 1569//1740
f 1714//2243 2974//2062 2977//2069
f 1714//2243 1716//2067 1570//2066
f 1716//2067 1714//2243 2977//2069
f 1594//2080 1719//2244 1717//2082
f 2978//2083 2979//2245 1720//2096
f 1594//2080 1718//2093 1719//2244
f 1599//2095 1593//2094 1720//2096
f 1720//2096 1727//1770 1599//2095
f 2979//2245 1721//2246 1720//2096
f 1720//2096 1721//2246 1726//2247
f 1719//2244 1718//2093 1728//2099
f 1720//2096 1726//2247 1727//1770
f 1719//2244 1728//2099 1729//2248
f 1721//2246 2979//2245 1729//2248
f 1600//2097 1737//2249 1722//2100
f 1722//2100 1723//2250 1728//2099
f 1722//2100 1724//2251 1723//2250
f 1737//2249 1724//2251 1722//2100
f 1724//2251 1725//2252 1723//2250
f 1842//2253 1732//2254 1725//2252
f 1730//2255 1726//2247 1721//2246
f 1727//1770 1726//2247 1730//2255
f 2980//2256 1721//2246 1729//2248
f 1728//2099 1723//2250 1729//2248
f 1729//2248 1723//2250 1731//2257
f 2980//2256 1729//2248 1731//2257
f 1727//1770 1730//2255 2981//2258
f 1731//2257 1723//2250 1725//2252
f 1732//2254 1731//2257 1725//2252
f 2981//2258 1732//2254 1727//1770
f 1727//1770 1732//2254 1733//1771
f 1595//1918 1737//2249 1600//2097
f 1737//2249 1843//2259 1724//2251
f 1735//2104 1739//2105 1740//2260
f 1602//2103 1739//2105 1735//2104
f 1595//1918 2982//2261 1737//2249
f 1737//2249 2982//2261 1736//2262
f 1736//2262 1734//2102 1735//2104
f 1740//2260 1736//2262 1735//2104
f 1738//2263 1737//2249 1736//2262
f 1843//2259 1746//2264 1749//2265
f 1843//2259 1737//2249 1746//2264
f 1746//2264 1737//2249 1738//2263
f 1846//2266 1843//2259 1749//2265
f 1741//2267 1736//2262 1740//2260
f 1740//2260 1739//2105 1741//2267
f 1742//2268 1741//2267 1739//2105
f 1742//2268 1739//2105 1743//2269
f 1738//2263 1736//2262 1744//2270
f 1744//2270 1736//2262 1741//2267
f 1744//2270 1741//2267 1745//2271
f 1741//2267 1742//2268 1745//2271
f 1742//2268 1750//2272 1745//2271
f 1742//2268 1743//2269 1750//2272
f 2983//2273 1746//2264 1738//2263
f 1746//2264 2983//2273 1747//2274
f 1744//2270 1745//2271 2984//2275
f 2984//2275 1745//2271 1750//2272
f 1746//2264 1747//2274 1749//2265
f 1748//2276 2984//2275 1750//2272
f 1749//2265 1747//2274 2985//2277
f 1752//2278 1749//2265 2985//2277
f 1750//2272 2986//2279 1748//2276
f 1751//2280 1743//2269 1604//1920
f 1750//2272 1743//2269 1751//2280
f 1750//2272 1751//2280 2986//2279
f 1856//2281 1749//2265 1752//2278
f 1743//2269 1739//2105 1604//1920
f 1853//2282 1753//2283 1604//1920
f 1604//1920 1754//1930 1853//2282
f 1604//1920 1753//2283 1751//2280
f 1754//1930 1862//2118 1853//2282
f 1753//2283 1852//2284 1751//2280
f 1852//2284 1753//2283 1855//2285
f 1855//2285 1753//2283 1853//2282
f 1755//2106 1872//2286 1444//1552
f 1611//2110 1756//2287 1760//2288
f 1610//2112 1756//2287 1611//2110
f 1756//2287 1610//2112 1757//2289
f 1757//2289 1610//2112 1612//2115
f 1773//2135 1757//2289 1612//2115
f 1629//2116 1773//2135 1612//2115
f 1773//2135 1758//2290 1757//2289
f 1757//2289 1758//2290 1756//2287
f 1776//2291 1758//2290 1773//2135
f 1760//2288 1756//2287 1762//2292
f 1777//2293 1762//2292 1758//2290
f 1762//2292 1756//2287 1758//2290
f 1777//2293 1779//2294 1762//2292
f 1761//2295 1611//2110 1760//2288
f 1759//2117 1611//2110 2988//2296
f 1762//2292 1761//2295 1760//2288
f 1762//2292 1763//2297 1761//2295
f 1763//2297 1762//2292 1779//2294
f 1759//2117 1948//2298 1634//1937
f 1634//1937 1948//2298 1862//2118
f 1862//2118 1754//1930 1615//2119
f 1764//2125 1767//2299 1766//2300
f 1621//2122 1764//2125 1766//2300
f 1769//2131 1621//2122 1766//2300
f 1765//2126 1767//2299 1764//2125
f 1767//2299 1768//2301 1766//2300
f 1786//2302 1767//2299 1765//2126
f 1769//2131 1766//2300 1768//2301
f 1768//2301 1767//2299 1786//2302
f 1768//2301 1786//2302 1789//2303
f 1772//2304 1771//2305 1769//2131
f 1769//2131 1768//2301 1770//2306
f 1770//2306 1772//2304 1769//2131
f 1770//2306 1768//2301 1789//2303
f 1770//2306 1789//2303 1881//2307
f 1772//2304 1770//2306 1881//2307
f 2989//2308 1623//2130 1769//2131
f 1791//2309 1644//2132 1623//2130
f 2989//2308 1791//2309 1623//2130
f 1773//2135 1774//2136 1776//2291
f 1775//2310 1630//2134 1631//2137
f 1774//2136 1630//2134 1776//2291
f 1776//2291 1630//2134 1775//2310
f 1777//2293 1758//2290 1776//2291
f 1777//2293 1776//2291 1775//2310
f 1777//2293 1775//2310 1778//2311
f 1631//2137 1778//2311 1775//2310
f 1631//2137 1794//2139 2990//2312
f 1778//2311 1631//2137 1781//2313
f 2990//2312 1781//2313 1631//2137
f 1779//2294 1777//2293 1778//2311
f 2990//2312 1784//2314 1781//2313
f 1778//2311 1781//2313 1877//2315
f 1878//2316 1781//2313 1784//2314
f 1778//2311 1877//2315 1779//2294
f 1877//2315 1781//2313 1878//2316
f 1784//2314 2990//2312 1632//2140
f 1784//2314 1632//2140 1782//2147
f 1782//2147 1633//2142 1783//2317
f 1783//2317 2944//2318 2999//2319
f 1887//2320 1783//2317 2999//2319
f 1953//2321 1636//2149 1444//1552
f 1765//2126 1785//2127 1786//2302
f 1786//2302 1785//2127 1788//2322
f 1785//2127 1787//2152 1788//2322
f 1802//2323 1788//2322 1787//2152
f 1786//2302 1788//2322 1789//2303
f 1790//2324 1789//2303 1788//2322
f 1790//2324 1788//2322 1802//2323
f 1881//2307 1789//2303 1790//2324
f 1771//2305 1772//2304 2991//2325
f 1882//2326 2991//2325 1772//2304
f 1791//2309 1792//2157 1644//2132
f 1883//2327 2991//2325 1882//2326
f 1792//2157 2991//2325 1883//2327
f 2954//2176 1794//2139 1650//2170
f 1799//2193 1654//2167 1797//2158
f 1780//2148 2995//2328 1793//2144
f 1798//2329 1799//2193 1797//2158
f 1792//2157 1797//2158 1796//2156
f 1792//2157 1798//2329 1797//2158
f 3000//2330 2943//2191 1662//2190
f 1635//1674 1636//2149 1801//2195
f 1801//2195 1636//2149 1953//2321
f 1801//2195 1953//2321 1896//2331
f 1787//2152 1803//2153 1802//2323
f 1902//2332 1802//2323 1803//2153
f 1790//2324 1802//2323 1902//2332
f 1902//2332 1803//2153 1667//2003
f 1801//2195 1804//2216 1684//1710
f 1667//2003 1676//2196 1805//2207
f 1667//2003 1805//2207 1809//2333
f 1809//2333 1902//2332 1667//2003
f 3002//2211 1806//2212 1813//2334
f 1807//2210 1809//2333 1805//2207
f 3002//2211 1813//2334 1808//2335
f 1810//2336 1809//2333 1807//2210
f 1902//2332 1809//2333 1810//2336
f 1903//2337 1902//2332 1810//2336
f 1810//2336 1904//2338 1903//2337
f 1810//2336 1807//2210 1808//2335
f 1810//2336 1808//2335 1811//2339
f 1816//2340 1811//2339 1808//2335
f 1810//2336 1811//2339 1812//2341
f 1811//2339 1820//2342 1812//2341
f 1908//2343 1812//2341 1820//2342
f 1823//2344 1814//2215 1681//2213
f 1813//2334 3001//2345 1814//2215
f 1813//2334 1814//2215 1815//2346
f 1814//2215 1823//2344 1815//2346
f 1808//2335 1813//2334 1816//2340
f 1813//2334 1815//2346 1816//2340
f 1817//2347 1816//2340 1818//2348
f 1811//2339 1816//2340 1819//2349
f 1816//2340 1817//2347 1819//2349
f 1818//2348 1816//2340 1815//2346
f 1811//2339 1819//2349 1820//2342
f 1818//2348 1915//2350 1817//2347
f 1820//2342 1819//2349 1821//2351
f 1819//2349 1817//2347 1821//2351
f 1681//2213 1822//2214 1823//2344
f 1822//2214 1686//2022 1824//2219
f 1822//2214 1827//2352 1823//2344
f 1823//2344 1827//2352 1925//2353
f 1815//2346 1914//2354 1818//2348
f 1916//2355 1818//2348 1914//2354
f 1818//2348 1916//2355 1915//2350
f 1685//2023 1924//2217 1829//1587
f 3004//2226 3003//1722 3017//2356
f 3017//2356 1977//2357 3004//2226
f 1695//2233 1690//2222 1691//2221
f 1690//2222 1695//2233 1826//2358
f 1824//2219 1825//2223 1827//2352
f 1826//2358 1825//2223 1690//2222
f 1824//2219 1827//2352 1822//2214
f 1825//2223 1826//2358 1828//2359
f 1826//2358 1835//2360 1828//2359
f 1825//2223 1925//2353 1827//2352
f 1825//2223 1828//2359 1925//2353
f 1835//2360 1925//2353 1828//2359
f 1700//1858 2036//2224 1985//2033
f 1931//2225 1700//1858 1932//2035
f 1932//2035 1830//2040 1977//2357
f 1831//2235 1835//2360 1695//2233
f 1835//2360 1831//2235 1833//2236
f 1834//2361 1832//2237 1699//2031
f 1699//2031 1836//2032 1834//2361
f 1835//2360 1833//2236 1832//2237
f 1835//2360 1832//2237 1834//2361
f 1835//2360 1826//2358 1695//2233
f 1835//2360 1834//2361 1837//2362
f 1933//2363 1835//2360 1837//2362
f 1839//2364 1836//2032 1840//1860
f 1834//2361 1836//2032 1837//2362
f 1839//2364 1837//2362 1836//2032
f 1837//2362 1839//2364 1934//2365
f 1837//2362 1934//2365 1933//2363
f 1838//2366 1840//1860 1841//2367
f 1839//2364 1840//1860 1838//2366
f 1838//2366 1841//2367 1936//2368
f 1985//2033 1385//1721 1700//1858
f 3006//2038 1544//1861 3007//2369
f 1939//2370 3007//2369 1544//1861
f 3021//2371 1544//1861 1940//2039
f 1725//2252 1724//2251 1842//2253
f 1724//2251 1843//2259 1844//2372
f 1724//2251 1844//2372 1842//2253
f 1843//2259 1846//2266 1844//2372
f 1845//2373 1732//2254 1842//2253
f 1732//2254 1845//2373 1733//1771
f 1845//2373 1842//2253 1844//2372
f 1845//2373 1850//2374 1733//1771
f 1846//2266 1749//2265 1847//2375
f 1755//2106 1733//1771 1850//2374
f 1845//2373 1844//2372 1847//2375
f 1845//2373 1847//2375 3009//2376
f 1844//2372 1846//2266 1847//2375
f 1749//2265 1849//2377 1847//2375
f 3009//2376 1847//2375 1849//2377
f 1749//2265 1856//2281 1848//2378
f 1849//2377 1749//2265 1869//2379
f 1849//2377 1869//2379 3009//2376
f 1869//2379 1749//2265 1848//2378
f 1871//2380 3009//2376 1869//2379
f 1850//2374 1871//2380 1873//2381
f 1873//2381 1755//2106 1850//2374
f 1941//2382 1851//2383 1948//2298
f 1941//2382 1866//2384 1851//2383
f 1866//2384 1941//2382 1942//2385
f 1942//2385 1868//2386 1866//2384
f 1751//2280 1852//2284 2986//2279
f 1855//2285 1853//2282 1858//2387
f 1854//2388 1856//2281 1752//2278
f 3010//2389 1854//2388 2987//2390
f 1857//2391 1854//2388 3010//2389
f 1857//2391 3010//2389 3011//2392
f 1853//2282 1862//2118 3012//2393
f 1856//2281 1854//2388 1860//2394
f 1860//2394 1854//2388 1857//2391
f 1861//2395 1860//2394 1857//2391
f 1861//2395 1857//2391 3011//2392
f 1861//2395 3011//2392 3012//2393
f 1856//2281 1860//2394 1859//2396
f 1856//2281 1859//2396 1848//2378
f 1859//2396 1860//2394 1865//2397
f 1861//2395 1863//2398 1860//2394
f 1865//2397 1860//2394 3013//2399
f 1864//2400 1863//2398 1861//2395
f 1864//2400 1861//2395 3012//2393
f 1864//2400 3012//2393 1862//2118
f 1864//2400 1862//2118 1851//2383
f 1851//2383 1862//2118 1948//2298
f 1864//2400 1866//2384 1863//2398
f 3013//2399 1866//2384 1867//2401
f 3013//2399 1867//2401 1865//2397
f 1866//2384 1864//2400 1851//2383
f 1867//2401 1866//2384 1868//2386
f 1868//2386 1950//2402 1867//2401
f 1869//2379 1848//2378 1859//2396
f 1869//2379 1859//2396 1870//2403
f 1869//2379 1870//2403 1871//2380
f 1871//2380 1870//2403 1943//2404
f 1875//2405 1873//2381 1871//2380
f 1943//2404 1870//2403 1859//2396
f 1859//2396 1865//2397 1943//2404
f 1943//2404 1875//2405 1871//2380
f 1943//2404 1865//2397 1947//2406
f 1947//2406 1875//2405 1943//2404
f 1873//2381 1872//2286 1755//2106
f 1946//2407 1872//2286 1874//2408
f 1872//2286 1946//2407 1444//1552
f 1875//2405 1874//2408 1873//2381
f 1873//2381 1874//2408 1872//2286
f 1874//2408 1875//2405 1947//2406
f 2988//2296 1948//2298 1759//2117
f 2988//2296 1993//2409 1948//2298
f 1763//2297 1876//2410 1761//2295
f 1876//2410 1763//2297 1779//2294
f 1876//2410 1779//2294 1877//2315
f 1784//2314 1782//2147 1879//2411
f 1782//2147 1783//2317 1879//2411
f 1783//2317 1887//2320 1879//2411
f 1955//2412 1877//2315 1878//2316
f 1879//2411 1878//2316 1784//2314
f 1954//2413 1879//2411 1887//2320
f 1994//2414 1877//2315 1955//2412
f 1880//2415 1955//2412 1878//2316
f 1879//2411 1880//2415 1878//2316
f 1880//2415 1879//2411 1954//2413
f 1887//2320 1958//2416 1954//2413
f 1953//2321 1963//2417 1896//2331
f 1881//2307 1790//2324 1897//2418
f 1881//2307 1897//2418 1772//2304
f 1772//2304 1897//2418 3014//2419
f 3014//2419 1897//2418 1883//2327
f 1798//2329 1792//2157 1883//2327
f 1887//2320 2999//2319 1885//2420
f 1800//2194 1799//2193 1884//2421
f 1798//2329 1884//2421 1799//2193
f 1886//2422 1885//2420 3015//2423
f 3016//2424 1800//2194 1884//2421
f 3015//2423 1798//2329 1899//2425
f 1886//2422 3015//2423 1899//2425
f 1890//2426 1887//2320 1885//2420
f 1890//2426 1885//2420 1888//2427
f 1886//2422 1888//2427 1885//2420
f 1898//2428 1886//2422 1899//2425
f 1891//2429 1888//2427 1892//2430
f 1892//2430 1888//2427 1886//2422
f 1886//2422 1889//2431 1892//2430
f 1898//2428 1889//2431 1886//2422
f 1889//2431 1898//2428 1900//2432
f 1958//2416 1887//2320 1890//2426
f 1891//2429 1890//2426 1888//2427
f 1894//2433 1891//2429 1893//2434
f 1891//2429 1892//2430 1893//2434
f 1889//2431 1893//2434 1892//2430
f 1900//2432 1901//2435 1889//2431
f 1894//2433 1893//2434 1895//2436
f 1891//2429 1958//2416 1890//2426
f 1958//2416 1891//2429 1959//2437
f 1894//2433 1959//2437 1891//2429
f 1894//2433 1960//2438 1959//2437
f 1895//2436 1960//2438 1894//2433
f 1889//2431 1901//2435 1893//2434
f 1901//2435 1895//2436 1893//2434
f 1896//2331 1804//2216 1801//2195
f 1902//2332 1897//2418 1790//2324
f 1883//2327 1899//2425 1798//2329
f 1883//2327 1897//2418 1899//2425
f 1899//2425 1900//2432 1898//2428
f 1901//2435 1900//2432 1904//2338
f 1897//2418 1902//2332 1903//2337
f 1897//2418 1903//2337 1899//2425
f 1900//2432 1899//2425 1903//2337
f 1904//2338 1900//2432 1903//2337
f 1904//2338 1812//2341 1966//2439
f 1812//2341 1904//2338 1810//2336
f 1908//2343 1911//2440 1905//2441
f 1908//2343 1905//2441 1812//2341
f 1812//2341 1905//2441 1966//2439
f 1817//2347 1915//2350 1906//2442
f 1820//2342 1821//2351 1910//2443
f 1906//2442 1821//2351 1817//2347
f 1907//2444 1910//2443 1821//2351
f 1906//2442 1907//2444 1821//2351
f 1915//2350 1918//2445 1906//2442
f 1910//2443 1907//2444 1909//2446
f 1909//2446 1907//2444 1906//2442
f 1906//2442 1918//2445 1909//2446
f 1820//2342 1911//2440 1908//2343
f 1910//2443 1911//2440 1820//2342
f 1909//2446 1922//2447 1910//2443
f 1910//2443 1912//2448 1911//2440
f 1922//2447 1912//2448 1910//2443
f 1912//2448 1976//2449 1911//2440
f 1804//2216 1913//2450 1924//2217
f 1978//2451 1924//2217 1913//2450
f 1977//2357 3017//2356 3029//2452
f 1914//2354 1815//2346 1823//2344
f 1914//2354 1823//2344 1925//2353
f 1914//2354 1925//2353 1926//2453
f 1914//2354 1926//2453 1917//2454
f 1916//2355 1914//2354 1917//2454
f 1917//2454 1915//2350 1916//2355
f 1915//2350 1919//2455 1918//2445
f 1919//2455 1915//2350 1917//2454
f 1919//2455 1917//2454 1927//2456
f 1918//2445 1919//2455 1920//2457
f 1918//2445 1920//2457 1909//2446
f 1920//2457 1919//2455 1921//2458
f 1920//2457 1922//2447 1909//2446
f 1920//2457 1921//2458 1922//2447
f 1921//2458 1923//2459 1922//2447
f 1921//2458 1930//2460 1923//2459
f 1922//2447 1923//2459 1912//2448
f 1982//2461 1932//2035 1977//2357
f 1932//2035 1982//2461 1931//2225
f 1925//2353 1933//2363 1926//2453
f 1926//2453 1933//2363 1934//2365
f 1928//2462 1926//2453 1934//2365
f 1926//2453 1928//2462 1927//2456
f 1928//2462 3005//2463 1935//2464
f 1935//2464 1929//2465 1927//2456
f 1928//2462 1935//2464 1927//2456
f 1927//2456 1929//2465 1919//2455
f 1935//2464 1936//2368 1929//2465
f 1926//2453 1927//2456 1917//2454
f 1921//2458 1919//2455 1929//2465
f 1921//2458 1929//2465 1930//2460
f 1929//2465 1986//2466 1930//2460
f 1984//2467 1930//2460 1986//2466
f 1933//2363 1925//2353 1835//2360
f 1928//2462 1934//2365 1839//2364
f 3005//2463 1928//2462 1839//2364
f 1935//2464 1838//2366 1936//2368
f 3018//2468 3008//2469 1937//2470
f 3018//2468 1937//2470 1929//2465
f 1937//2470 1986//2466 1929//2465
f 3022//2471 1938//2472 1937//2470
f 3008//2469 3022//2471 1937//2470
f 3023//2473 1940//2039 3019//2474
f 1948//2298 1989//2475 1941//2382
f 1941//2382 1989//2475 1942//2385
f 2042//2476 1942//2385 1989//2475
f 1942//2385 1949//2477 1868//2386
f 1868//2386 1949//2477 1950//2402
f 1867//2401 1944//2478 1865//2397
f 1947//2406 1865//2397 1945//2479
f 3024//2480 1865//2397 1944//2478
f 3024//2480 1944//2478 1951//2481
f 3026//2482 3025//2483 1990//2484
f 1990//2484 3025//2483 1997//2485
f 1947//2406 1946//2407 1874//2408
f 1444//1552 1946//2407 1991//2486
f 3031//2487 1946//2407 1947//2406
f 1877//2315 1994//2414 1876//2410
f 1876//2410 1994//2414 1993//2409
f 1876//2410 1993//2409 1761//2295
f 1949//2477 1942//2385 2042//2476
f 1944//2478 1867//2401 1950//2402
f 1950//2402 1949//2477 1996//2488
f 1950//2402 1996//2488 1952//2489
f 1996//2488 1949//2477 2042//2476
f 1951//2481 1944//2478 1950//2402
f 1952//2489 1951//2481 1950//2402
f 1997//2485 3025//2483 3027//2490
f 2051//2491 1952//2489 1996//2488
f 1997//2485 3027//2490 1952//2489
f 1953//2321 1444//1552 1991//2486
f 1955//2412 1880//2415 1954//2413
f 1956//2492 1955//2412 1954//2413
f 1956//2492 1954//2413 1958//2416
f 1955//2412 1956//2492 1994//2414
f 1962//2493 1994//2414 1956//2492
f 2044//2494 1957//2495 1953//2321
f 1953//2321 1991//2486 2044//2494
f 1953//2321 1957//2495 1963//2417
f 1963//2417 1957//2495 1999//2496
f 1963//2417 1999//2496 2004//2497
f 1956//2492 1958//2416 1959//2437
f 1961//2498 1960//2438 1895//2436
f 1962//2493 1956//2492 1959//2437
f 1962//2493 1959//2437 1960//2438
f 1962//2493 1960//2438 1961//2498
f 1896//2331 1963//2417 2004//2497
f 2004//2497 1804//2216 1896//2331
f 2004//2497 1969//2499 1804//2216
f 1901//2435 1964//2500 1895//2436
f 1901//2435 1965//2501 1964//2500
f 1964//2500 1961//2498 1895//2436
f 1964//2500 1965//2501 2005//2502
f 1965//2501 2009//2503 2005//2502
f 2005//2502 2009//2503 2006//2504
f 1967//2505 1901//2435 1904//2338
f 1904//2338 1966//2439 1968//2506
f 1968//2506 3028//2507 1975//2508
f 1971//2509 1975//2508 3028//2507
f 1901//2435 1967//2505 2009//2503
f 1967//2505 1904//2338 1968//2506
f 1975//2508 2011//2510 1968//2506
f 1901//2435 2009//2503 1965//2501
f 1968//2506 2012//2511 1967//2505
f 1969//2499 1913//2450 1804//2216
f 1970//2512 1966//2439 1905//2441
f 3028//2507 1970//2512 1971//2509
f 1974//2513 1971//2509 1970//2512
f 1905//2441 1972//2514 1970//2512
f 1970//2512 1972//2514 1974//2513
f 1975//2508 1971//2509 1974//2513
f 1905//2441 1973//2515 1972//2514
f 2017//2516 1975//2508 1974//2513
f 1974//2513 2018//2517 2017//2516
f 2018//2517 1974//2513 1972//2514
f 2025//2518 1973//2515 1976//2449
f 1905//2441 1911//2440 1976//2449
f 1973//2515 1905//2441 1976//2449
f 2028//2519 1977//2357 3029//2452
f 1982//2461 1977//2357 2029//2520
f 2028//2519 2029//2520 1977//2357
f 1913//2450 2028//2519 1978//2451
f 1923//2459 1979//2521 1912//2448
f 1912//2448 1979//2521 1976//2449
f 1981//2522 1979//2521 1923//2459
f 1979//2521 1980//2523 1976//2449
f 1984//2467 1980//2523 1981//2522
f 1981//2522 1923//2459 1930//2460
f 1984//2467 1981//2522 1930//2460
f 1980//2523 1979//2521 1981//2522
f 2029//2520 1931//2225 1982//2461
f 1986//2466 1983//2524 1984//2467
f 1986//2466 1987//2525 1983//2524
f 1987//2525 1986//2466 1937//2470
f 3020//2526 1987//2525 1937//2470
f 1940//2039 1988//2527 3019//2474
f 3030//2528 1987//2525 3020//2526
f 2037//2529 1940//2039 1985//2033
f 1948//2298 1993//2409 1989//2475
f 1989//2475 1993//2409 1995//2530
f 1995//2530 2042//2476 1989//2475
f 1995//2530 2049//2531 2042//2476
f 1992//2532 1990//2484 1997//2485
f 3031//2487 3032//2533 1946//2407
f 1991//2486 1946//2407 3032//2533
f 2044//2494 1991//2486 3032//2533
f 1993//2409 2048//2534 1995//2530
f 1962//2493 2048//2534 1994//2414
f 1994//2414 2048//2534 1993//2409
f 2042//2476 2050//2535 1996//2488
f 2050//2535 2051//2491 1996//2488
f 1997//2485 1998//2536 1992//2532
f 1952//2489 1998//2536 1997//2485
f 2000//2537 2001//2538 2048//2534
f 1962//2493 2000//2537 2048//2534
f 2055//2539 2048//2534 2001//2538
f 2004//2497 1999//2496 2091//2540
f 1999//2496 1957//2495 2091//2540
f 1962//2493 1961//2498 2000//2537
f 2000//2537 1961//2498 2003//2541
f 2056//2542 2001//2538 2000//2537
f 2003//2541 2056//2542 2000//2537
f 3045//2543 2001//2538 2056//2542
f 2003//2541 1961//2498 2002//2544
f 2002//2544 2057//2545 2003//2541
f 2057//2545 2056//2542 2003//2541
f 2058//2546 2004//2497 2091//2540
f 1964//2500 2002//2544 1961//2498
f 2005//2502 2002//2544 1964//2500
f 2008//2547 2006//2504 2007//2548
f 2005//2502 2006//2504 2008//2547
f 2005//2502 2008//2547 2002//2544
f 2007//2548 2016//2549 2059//2550
f 2008//2547 2007//2548 2059//2550
f 2008//2547 2059//2550 2061//2551
f 2058//2546 1969//2499 2004//2497
f 1913//2450 1969//2499 2110//2552
f 2110//2552 1969//2499 2058//2546
f 2006//2504 2009//2503 2013//2553
f 2012//2511 2009//2503 1967//2505
f 2010//2554 2012//2511 1968//2506
f 1968//2506 2011//2510 2010//2554
f 2013//2553 2007//2548 2006//2504
f 2009//2503 2012//2511 2013//2553
f 2010//2554 2015//2555 2012//2511
f 2015//2555 2010//2554 2011//2510
f 2013//2553 2016//2549 2007//2548
f 2014//2556 2013//2553 2012//2511
f 2016//2549 2013//2553 2014//2556
f 2014//2556 2012//2511 2015//2555
f 2062//2557 2059//2550 2016//2549
f 2063//2558 2014//2556 2015//2555
f 2063//2558 2015//2555 2011//2510
f 2062//2557 2016//2549 2014//2556
f 1975//2508 2017//2516 2020//2559
f 2021//2560 1975//2508 2020//2559
f 1972//2514 1973//2515 2024//2561
f 1975//2508 2021//2560 2011//2510
f 2018//2517 1972//2514 2024//2561
f 2019//2562 2017//2516 2018//2517
f 2020//2559 2017//2516 2019//2562
f 2018//2517 2026//2563 2019//2562
f 2020//2559 2019//2562 2067//2564
f 2067//2564 2019//2562 2026//2563
f 2020//2559 2067//2564 2021//2560
f 2066//2565 2028//2519 1913//2450
f 2022//2566 2028//2519 2066//2565
f 2029//2520 2028//2519 2022//2566
f 2023//2567 2018//2517 2024//2561
f 2026//2563 2018//2517 2023//2567
f 2025//2518 2027//2568 2023//2567
f 2026//2563 2023//2567 2068//2569
f 2027//2568 2068//2569 2023//2567
f 2024//2561 1973//2515 2025//2518
f 2023//2567 2024//2561 2025//2518
f 2068//2569 2067//2564 2026//2563
f 2027//2568 2025//2518 2071//2570
f 2029//2520 2030//2571 1931//2225
f 2029//2520 2022//2566 2146//2572
f 2025//2518 1976//2449 2073//2573
f 1976//2449 1980//2523 2073//2573
f 2073//2573 1980//2523 2078//2574
f 2075//2575 2036//2224 2030//2571
f 2030//2571 2036//2224 1931//2225
f 2029//2520 2146//2572 2030//2571
f 2031//2576 1984//2467 1983//2524
f 2031//2576 1983//2524 1987//2525
f 2038//2577 2031//2576 1987//2525
f 2033//2578 1984//2467 2031//2576
f 2032//2579 2033//2578 2031//2576
f 2032//2579 2031//2576 2038//2577
f 2033//2578 1980//2523 1984//2467
f 2035//2580 2033//2578 2032//2579
f 2034//2581 3034//2581 3038//2581
f 1980//2523 2033//2578 2078//2574
f 2078//2574 2033//2578 2035//2580
f 3035//2582 2077//2583 2035//2580
f 2077//2583 3035//2582 3036//2584
f 2040//2585 2076//2586 3037//2587
f 2076//2586 2077//2583 3037//2587
f 2035//2580 2079//2588 2078//2574
f 1985//2033 2076//2586 2041//2589
f 2182//2590 1985//2033 2074//2591
f 1985//2033 2036//2224 2074//2591
f 3039//2592 1987//2525 3030//2528
f 2037//2529 1988//2527 1940//2039
f 2039//2593 3039//2592 3030//2528
f 2041//2589 1988//2527 2037//2529
f 3040//2594 1988//2527 2041//2589
f 3037//2587 3039//2592 2039//2593
f 2040//2585 3037//2587 2039//2593
f 2076//2586 2040//2585 2041//2589
f 2041//2589 2040//2585 3040//2594
f 2041//2589 2037//2529 1985//2033
f 2082//2595 3043//2596 2048//2534
f 3047//2597 2042//2476 3044//2598
f 2083//2599 2050//2535 2042//2476
f 2043//2600 2044//2494 3032//2533
f 2043//2600 2046//2601 2044//2494
f 1992//2532 1998//2536 2045//2602
f 3041//2603 2045//2602 2047//2604
f 2047//2604 3042//2605 3041//2603
f 2045//2602 3041//2603 1992//2532
f 2090//2606 2044//2494 2046//2601
f 2045//2602 2053//2607 2047//2604
f 2047//2604 2089//2608 2088//2609
f 2088//2609 3042//2605 2047//2604
f 2089//2608 2047//2604 2053//2607
f 2090//2606 2046//2601 2088//2609
f 1957//2495 2044//2494 2090//2606
f 3043//2596 3033//2610 2048//2534
f 1952//2489 2051//2491 1998//2536
f 1998//2536 2052//2611 2045//2602
f 1998//2536 2051//2491 2052//2611
f 2051//2491 2054//2612 2052//2611
f 2052//2611 2053//2607 2045//2602
f 2053//2607 2052//2611 2054//2612
f 2095//2613 2053//2607 2054//2612
f 2286//2614 2048//2534 2055//2539
f 3076//2615 3045//2543 2056//2542
f 2056//2542 2057//2545 2096//2616
f 2057//2545 2292//2617 2096//2616
f 2002//2544 2008//2547 2057//2545
f 2060//2618 2057//2545 2008//2547
f 2060//2618 2008//2547 2061//2551
f 2100//2619 2061//2551 2059//2550
f 2100//2619 2059//2550 2062//2557
f 2057//2545 2060//2618 2292//2617
f 2060//2618 2061//2551 2297//2620
f 2062//2557 2014//2556 2063//2558
f 2063//2558 2112//2621 2062//2557
f 2100//2619 2062//2557 2112//2621
f 2011//2510 2064//2622 2063//2558
f 2069//2623 2021//2560 2067//2564
f 2011//2510 2021//2560 2064//2622
f 2021//2560 2065//2624 2064//2622
f 2021//2560 3046//2625 2065//2624
f 2111//2626 2063//2558 2064//2622
f 2064//2622 2065//2624 2115//2627
f 2115//2627 2065//2624 2126//2628
f 2112//2621 2063//2558 2111//2626
f 2111//2626 2064//2622 2115//2627
f 2110//2552 2066//2565 1913//2450
f 2069//2623 2067//2564 2068//2569
f 2068//2569 2027//2568 2072//2629
f 2070//2630 2069//2623 2068//2569
f 2070//2630 2068//2569 2072//2629
f 3053//2631 2065//2624 3046//2625
f 3053//2631 3046//2625 2070//2630
f 2127//2632 2128//2633 2126//2628
f 3054//2634 3053//2631 2070//2630
f 2148//2635 2070//2630 2072//2629
f 2073//2573 2071//2570 2025//2518
f 2072//2629 2027//2568 2071//2570
f 2071//2570 2073//2573 2078//2574
f 2071//2570 2078//2574 2081//2636
f 2072//2629 2071//2570 2081//2636
f 2075//2575 2146//2572 2172//2637
f 2074//2591 2036//2224 2075//2575
f 2171//2638 2074//2591 2075//2575
f 2030//2571 2146//2572 2075//2575
f 2079//2588 2035//2580 2077//2583
f 2081//2636 2078//2574 2079//2588
f 2080//2639 2079//2588 2077//2583
f 2077//2583 2076//2586 2080//2639
f 2175//2640 2079//2588 2080//2639
f 2174//2641 2081//2636 2079//2588
f 2174//2641 2079//2588 2175//2640
f 2175//2640 2080//2639 2176//2642
f 2176//2642 2080//2639 2076//2586
f 2081//2636 2173//2643 2072//2629
f 1985//2033 2176//2642 2076//2586
f 2176//2642 1985//2033 2182//2590
f 2164//2644 2182//2590 2074//2591
f 2085//2645 2083//2599 3047//2597
f 3047//2597 2083//2599 2042//2476
f 2085//2645 2084//2646 2083//2599
f 2083//2599 2084//2646 2191//2647
f 2086//2648 2048//2534 2092//2649
f 2048//2534 2086//2648 2082//2595
f 2087//2650 2191//2647 2084//2646
f 2086//2648 3048//2651 2082//2595
f 2189//2652 3048//2651 2086//2648
f 2187//2653 2085//2645 3057//2654
f 2084//2646 2085//2645 2187//2653
f 2187//2653 2087//2650 2084//2646
f 2083//2599 2191//2647 2050//2535
f 2090//2606 2088//2609 2195//2655
f 2095//2613 2088//2609 2089//2608
f 2088//2609 2196//2656 2195//2655
f 2196//2656 2088//2609 2095//2613
f 2095//2613 2089//2608 2053//2607
f 3060//2657 2283//2658 2090//2606
f 2091//2540 1957//2495 2090//2606
f 2090//2606 2283//2658 2091//2540
f 2199//2659 2200//2660 2094//2661
f 2051//2491 2094//2661 2054//2612
f 2050//2535 2094//2661 2051//2491
f 2054//2612 2094//2661 2093//2662
f 2054//2612 2093//2662 2095//2613
f 2204//2663 2208//2664 2095//2613
f 2204//2663 2095//2613 2093//2662
f 2094//2661 2200//2660 2093//2662
f 2200//2660 2203//2665 2093//2662
f 2203//2665 2204//2663 2093//2662
f 2092//2649 2048//2534 2286//2614
f 3076//2615 2056//2542 2096//2616
f 2096//2616 2292//2617 3076//2615
f 2098//2666 2097//2667 2212//2668
f 2297//2620 2061//2551 2219//2669
f 2097//2667 2110//2552 2058//2546
f 2098//2666 2110//2552 2097//2667
f 2099//2670 2110//2552 2098//2666
f 2098//2666 2212//2668 2099//2670
f 2219//2669 2100//2619 2113//2671
f 2219//2669 2061//2551 2100//2619
f 2103//2672 2101//2673 2102//2674
f 2101//2673 2109//2675 2102//2674
f 2102//2674 2104//2676 2103//2672
f 2107//2677 2104//2676 3049//2678
f 2107//2677 3049//2678 3050//2679
f 2103//2672 2116//2680 2101//2673
f 2105//2681 2103//2672 2104//2676
f 2118//2682 2116//2680 2105//2681
f 2105//2681 2116//2680 2103//2672
f 2107//2677 3050//2679 2122//2683
f 2105//2681 2104//2676 2106//2684
f 2106//2684 2104//2676 2108//2685
f 2106//2684 2118//2682 2105//2681
f 2220//2686 2106//2684 2108//2685
f 2108//2685 2104//2676 2107//2677
f 2220//2686 2118//2682 2106//2684
f 2315//2687 2108//2685 2107//2677
f 2121//2688 2122//2683 3051//2689
f 2107//2677 2122//2683 3078//2690
f 2110//2552 2099//2670 2221//2691
f 2221//2691 2125//2692 2110//2552
f 2112//2621 2111//2626 2222//2693
f 2114//2694 2111//2626 2115//2627
f 2100//2619 2112//2621 2113//2671
f 2114//2694 2223//2695 2111//2626
f 2111//2626 2223//2695 2222//2693
f 2112//2621 2222//2693 2113//2671
f 2222//2693 2224//2696 2113//2671
f 2131//2697 2117//2698 2226//2699
f 2118//2682 2229//2700 2116//2680
f 2117//2698 2101//2673 2116//2680
f 2129//2701 2101//2673 2117//2698
f 2129//2701 2117//2698 2131//2697
f 2116//2680 2229//2700 2117//2698
f 2226//2699 2117//2698 2229//2700
f 2109//2675 2101//2673 2119//2702
f 3052//2703 2109//2675 2119//2702
f 2101//2673 2129//2701 2120//2704
f 2101//2673 2120//2704 2119//2702
f 2119//2702 2120//2704 2123//2705
f 2123//2705 2120//2704 2134//2706
f 2119//2702 2123//2705 3052//2703
f 2231//2707 2122//2683 2121//2688
f 3063//2708 3052//2703 2123//2705
f 2134//2706 2124//2709 2123//2705
f 2134//2706 2139//2710 2124//2709
f 2231//2707 2232//2711 2122//2683
f 2237//2712 2236//2713 2147//2714
f 2110//2552 2125//2692 2066//2565
f 2125//2692 2022//2566 2066//2565
f 2125//2692 2147//2714 2022//2566
f 3062//2715 2114//2694 2239//2716
f 2114//2694 2128//2633 2239//2716
f 2239//2716 2128//2633 2240//2717
f 2115//2627 2126//2628 2128//2633
f 2128//2633 2114//2694 2115//2627
f 2158//2718 2128//2633 2127//2632
f 2120//2704 2129//2701 2135//2719
f 2131//2697 2130//2720 2129//2701
f 2246//2721 2130//2720 2131//2697
f 2129//2701 2137//2722 2135//2719
f 2129//2701 2130//2720 2137//2722
f 2130//2720 2142//2723 2137//2722
f 2243//2724 2130//2720 2246//2721
f 2130//2720 2243//2724 2142//2723
f 2243//2724 2244//2725 2169//2726
f 2142//2723 2243//2724 2169//2726
f 2244//2725 2264//2727 2169//2726
f 2244//2725 2247//2728 2264//2727
f 2132//2729 2133//2730 2143//2731
f 2132//2729 2143//2731 2145//2732
f 2133//2730 2132//2729 2138//2733
f 2133//2730 2168//2734 2143//2731
f 2143//2731 2168//2734 2170//2735
f 2120//2704 2135//2719 2136//2736
f 2140//2737 2134//2706 2136//2736
f 2134//2706 2120//2704 2136//2736
f 2134//2706 2140//2737 2139//2710
f 2135//2719 2137//2722 2136//2736
f 2136//2736 2138//2733 2140//2737
f 2136//2736 2137//2722 2138//2733
f 2140//2737 2132//2729 2141//2738
f 2140//2737 2138//2733 2132//2729
f 2137//2722 2142//2723 2138//2733
f 2133//2730 2138//2733 2142//2723
f 2139//2710 2140//2737 2141//2738
f 2141//2738 2144//2739 2139//2710
f 2141//2738 2132//2729 2144//2739
f 2133//2730 2142//2723 2169//2726
f 2143//2731 2170//2735 2145//2732
f 2132//2729 2145//2732 2144//2739
f 2145//2732 2171//2638 2236//2713
f 2236//2713 2171//2638 2172//2637
f 2124//2709 2139//2710 2144//2739
f 2124//2709 2144//2739 2145//2732
f 2145//2732 2236//2713 2235//2740
f 2147//2714 2172//2637 2146//2572
f 2147//2714 2236//2713 2172//2637
f 2147//2714 2146//2572 2022//2566
f 2072//2629 2150//2741 2148//2635
f 2148//2635 3054//2634 2070//2630
f 3054//2634 2148//2635 2152//2742
f 2152//2742 2148//2635 2149//2743
f 2148//2635 2150//2741 2149//2743
f 2149//2743 2150//2741 2151//2744
f 2150//2741 2155//2745 2151//2744
f 2173//2643 2150//2741 2072//2629
f 2150//2741 2173//2643 2155//2745
f 2155//2745 2154//2746 2151//2744
f 2152//2742 2158//2718 3054//2634
f 2149//2743 2151//2744 2152//2742
f 2152//2742 2153//2747 2158//2718
f 2152//2742 2151//2744 3055//2748
f 2151//2744 2154//2746 3055//2748
f 3055//2748 2154//2746 2159//2749
f 2154//2746 2157//2750 2159//2749
f 2154//2746 2155//2745 2156//2751
f 2157//2750 2154//2746 2156//2751
f 2157//2750 2160//2752 2159//2749
f 2128//2633 2158//2718 2161//2753
f 2181//2754 2163//2755 2157//2750
f 2161//2753 2323//2756 2128//2633
f 2158//2718 2153//2747 3056//2757
f 2158//2718 3056//2757 2161//2753
f 3056//2757 2162//2758 2161//2753
f 2162//2758 3056//2757 2160//2752
f 2163//2755 2160//2752 2157//2750
f 2259//2759 2160//2752 2163//2755
f 2182//2590 2164//2644 2266//2760
f 2169//2726 2264//2727 2164//2644
f 2164//2644 2074//2591 2165//2761
f 2167//2762 2166//2763 2168//2734
f 2165//2761 2166//2763 2167//2762
f 2165//2761 2074//2591 2166//2763
f 2133//2730 2169//2726 2167//2762
f 2133//2730 2167//2762 2168//2734
f 2165//2761 2167//2762 2169//2726
f 2168//2734 2166//2763 2170//2735
f 2164//2644 2165//2761 2169//2726
f 2075//2575 2172//2637 2171//2638
f 2171//2638 2166//2763 2074//2591
f 2171//2638 2170//2735 2166//2763
f 2145//2732 2170//2735 2171//2638
f 2081//2636 2177//2764 2173//2643
f 2081//2636 2174//2641 2177//2764
f 2174//2641 2178//2765 2177//2764
f 2175//2640 2178//2765 2174//2641
f 2175//2640 2180//2766 2178//2765
f 2176//2642 2180//2766 2175//2640
f 2173//2643 2179//2767 2155//2745
f 2178//2765 2179//2767 2177//2764
f 2179//2767 2178//2765 2180//2766
f 2156//2751 2179//2767 2181//2754
f 2155//2745 2179//2767 2156//2751
f 2177//2764 2179//2767 2173//2643
f 2180//2766 2183//2768 2179//2767
f 2181//2754 2157//2750 2156//2751
f 2181//2754 2179//2767 2183//2768
f 2181//2754 2184//2769 2163//2755
f 2181//2754 2183//2768 2184//2769
f 2176//2642 2182//2590 2180//2766
f 2180//2766 2182//2590 2183//2768
f 2183//2768 2185//2770 2184//2769
f 2183//2768 2182//2590 2185//2770
f 2186//2771 3057//2654 2267//2772
f 2273//2773 2267//2772 2189//2652
f 2087//2650 2187//2653 2190//2774
f 3058//2775 2187//2653 3057//2654
f 2087//2650 2190//2774 2188//2776
f 2273//2773 2189//2652 2086//2648
f 3057//2654 2186//2771 3058//2775
f 2190//2774 2186//2771 2188//2776
f 2273//2773 2086//2648 2198//2777
f 2087//2650 2188//2776 2191//2647
f 2191//2647 2192//2778 2193//2779
f 3059//2780 2192//2778 2276//2781
f 2191//2647 2193//2779 2201//2782
f 3059//2780 2194//2783 3061//2784
f 2194//2783 3059//2780 2276//2781
f 2282//2785 2195//2655 2196//2656
f 2095//2613 2197//2786 2196//2656
f 2197//2786 2095//2613 2208//2664
f 2282//2785 2196//2656 2197//2786
f 2209//2787 2197//2786 2208//2664
f 2282//2785 2340//2788 2195//2655
f 2340//2788 2283//2658 3060//2657
f 2281//2789 2197//2786 2209//2787
f 2086//2648 2092//2649 2198//2777
f 2286//2614 2198//2777 2092//2649
f 2199//2659 2094//2661 2050//2535
f 2201//2782 2050//2535 2191//2647
f 2200//2660 2199//2659 2201//2782
f 2199//2659 2050//2535 2201//2782
f 2202//2790 2200//2660 2201//2782
f 2194//2783 2202//2790 3061//2784
f 2200//2660 2202//2790 2206//2791
f 2194//2783 2280//2792 2202//2790
f 2203//2665 2200//2660 2206//2791
f 2203//2665 2206//2791 2204//2663
f 2204//2663 2206//2791 2205//2793
f 2207//2794 2205//2793 2206//2791
f 2344//2795 2206//2791 2202//2790
f 2205//2793 2208//2664 2204//2663
f 2205//2793 2209//2787 2208//2664
f 2205//2793 2285//2796 2209//2787
f 2207//2794 2285//2796 2205//2793
f 2281//2789 2209//2787 2285//2796
f 2058//2546 2091//2540 2210//2797
f 2210//2797 2091//2540 2283//2658
f 2210//2797 2211//2798 2058//2546
f 2058//2546 2211//2798 2214//2799
f 2283//2658 2211//2798 2210//2797
f 2290//2800 2211//2798 2283//2658
f 2289//2801 2211//2798 2290//2800
f 2214//2799 2211//2798 2289//2801
f 2349//2802 3076//2615 2292//2617
f 2099//2670 2212//2668 2216//2803
f 2213//2804 2216//2803 2212//2668
f 2058//2546 2214//2799 2097//2667
f 2212//2668 2097//2667 2214//2799
f 2213//2804 2212//2668 2215//2805
f 2289//2801 2215//2805 2214//2799
f 2212//2668 2214//2799 2215//2805
f 2215//2805 2294//2806 2213//2804
f 2293//2807 2213//2804 2294//2806
f 2289//2801 2295//2808 2215//2805
f 2295//2808 2294//2806 2215//2805
f 2297//2620 2292//2617 2060//2618
f 2216//2803 2217//2809 2099//2670
f 2213//2804 2217//2809 2216//2803
f 2217//2809 2221//2691 2099//2670
f 2219//2669 2113//2671 2218//2810
f 2219//2669 2218//2810 2300//2811
f 2218//2810 2301//2812 2300//2811
f 2305//2813 2218//2810 2224//2696
f 2296//2814 2219//2669 2300//2811
f 2108//2685 2315//2687 2220//2686
f 2237//2712 2125//2692 2221//2691
f 2351//2815 2352//2816 2237//2712
f 2221//2691 2351//2815 2237//2712
f 2224//2696 2222//2693 2225//2817
f 2225//2817 2222//2693 2223//2695
f 2224//2696 2218//2810 2113//2671
f 2239//2716 2304//2818 3062//2715
f 3062//2715 2304//2818 2225//2817
f 2239//2716 2310//2819 2304//2818
f 2305//2813 2224//2696 2225//2817
f 2229//2700 2227//2820 2226//2699
f 2230//2821 2227//2820 2229//2700
f 2227//2820 2245//2822 2226//2699
f 2227//2820 2228//2823 2241//2824
f 2230//2821 2228//2823 2227//2820
f 2241//2824 2245//2822 2227//2820
f 2313//2825 2228//2823 2230//2821
f 2228//2823 2319//2826 2241//2824
f 2312//2827 2228//2823 2313//2825
f 2312//2827 2319//2826 2228//2823
f 2230//2821 2118//2682 2220//2686
f 2230//2821 2229//2700 2118//2682
f 2313//2825 2230//2821 2220//2686
f 2123//2705 2233//2828 3063//2708
f 2123//2705 2124//2709 2233//2828
f 2124//2709 2145//2732 3065//2829
f 2232//2711 2231//2707 3064//2830
f 2232//2711 3064//2830 2234//2831
f 2232//2711 2234//2831 3078//2690
f 2124//2709 3065//2829 2233//2828
f 2122//2683 2232//2711 3078//2690
f 2234//2831 3064//2830 2235//2740
f 2234//2831 2235//2740 2238//2832
f 2234//2831 2303//2833 3078//2690
f 2234//2831 2238//2832 2303//2833
f 2125//2692 2237//2712 2147//2714
f 2235//2740 2236//2713 2238//2832
f 2237//2712 2357//2834 2238//2832
f 2238//2832 2236//2713 2237//2712
f 2303//2833 2238//2832 2357//2834
f 2239//2716 3066//2835 2310//2819
f 2323//2756 2240//2717 2128//2633
f 2367//2836 2310//2819 3066//2835
f 2131//2697 2226//2699 2245//2822
f 2255//2837 2245//2822 2241//2824
f 2319//2826 2255//2837 2241//2824
f 2317//2838 2263//2839 2242//2840
f 2245//2822 2246//2721 2131//2697
f 3067//2841 2244//2725 2243//2724
f 2243//2724 2250//2842 3067//2841
f 3068//2843 2264//2727 2247//2728
f 2245//2822 2251//2844 2246//2721
f 2249//2845 2246//2721 2251//2844
f 2243//2724 2246//2721 2249//2845
f 2249//2845 2250//2842 2243//2724
f 2248//2846 2264//2727 3068//2843
f 2251//2844 2245//2822 2255//2837
f 2251//2844 2253//2847 2249//2845
f 2253//2847 2254//2848 2250//2842
f 2249//2845 2253//2847 2250//2842
f 2242//2840 2263//2839 2248//2846
f 3068//2843 3069//2849 2248//2846
f 2253//2847 2251//2844 2252//2850
f 2252//2850 2258//2851 2253//2847
f 2254//2848 2253//2847 2258//2851
f 3070//2852 3071//2853 2242//2840
f 2248//2846 3069//2849 2242//2840
f 2255//2837 2319//2826 2320//2854
f 2320//2854 2321//2855 2255//2837
f 2321//2855 2251//2844 2255//2837
f 2251//2844 2321//2855 2256//2856
f 2256//2856 2257//2857 2252//2850
f 2251//2844 2256//2856 2252//2850
f 2317//2838 2258//2851 2257//2857
f 2252//2850 2257//2857 2258//2851
f 3071//2853 2317//2838 2242//2840
f 2260//2858 2261//2859 2323//2756
f 2161//2753 2162//2758 2260//2858
f 2161//2753 2260//2858 2323//2756
f 2162//2758 2160//2752 2259//2759
f 2184//2769 2259//2759 2163//2755
f 2162//2758 2259//2759 2260//2858
f 2265//2860 2259//2759 2184//2769
f 2261//2859 2260//2858 2259//2759
f 2259//2759 2265//2860 2261//2859
f 2262//2861 2266//2760 2164//2644
f 2262//2861 2261//2859 2265//2860
f 2266//2760 2262//2861 2265//2860
f 2317//2838 2164//2644 2263//2839
f 2368//2862 2164//2644 2317//2838
f 2164//2644 2264//2727 2263//2839
f 2264//2727 2248//2846 2263//2839
f 2265//2860 2184//2769 2185//2770
f 2182//2590 2265//2860 2185//2770
f 2265//2860 2182//2590 2266//2760
f 2186//2771 2275//2863 2188//2776
f 2275//2863 2191//2647 2188//2776
f 2191//2647 2275//2863 2192//2778
f 2267//2772 2269//2864 2186//2771
f 2270//2865 2268//2866 2275//2863
f 2275//2863 2268//2866 2277//2867
f 2275//2863 2186//2771 2270//2865
f 2271//2868 2279//2869 3072//2870
f 2270//2865 3073//2871 2268//2866
f 2269//2864 2270//2865 2186//2771
f 2369//2872 2270//2865 2269//2864
f 2270//2865 2369//2872 2272//2873
f 3073//2871 2270//2865 2272//2873
f 2328//2874 2271//2868 3074//2875
f 2328//2874 2279//2869 2271//2868
f 2273//2773 2198//2777 2274//2876
f 2324//2877 2274//2876 2334//2878
f 2275//2863 2276//2781 2192//2778
f 2276//2781 2275//2863 2277//2867
f 3072//2870 2279//2869 3075//2879
f 2279//2869 2278//2880 3075//2879
f 2278//2880 2276//2781 3075//2879
f 2280//2792 2276//2781 2278//2880
f 2335//2881 2278//2880 2279//2869
f 2280//2792 2278//2880 2335//2881
f 2194//2783 2276//2781 2280//2792
f 2282//2785 2197//2786 2281//2789
f 2339//2882 2281//2789 2285//2796
f 2338//2883 2282//2785 2281//2789
f 2339//2882 2285//2796 2344//2795
f 3081//2884 2340//2788 2282//2785
f 2283//2658 2340//2788 2345//2885
f 2287//2886 2198//2777 2286//2614
f 2284//2887 2198//2777 2287//2886
f 2274//2876 2198//2777 2284//2887
f 2274//2876 2284//2887 2334//2878
f 2202//2790 2280//2792 2337//2888
f 2337//2888 2344//2795 2202//2790
f 2373//2889 2344//2795 2337//2888
f 2344//2795 2207//2794 2206//2791
f 2285//2796 2207//2794 2344//2795
f 2288//2890 2286//2614 2349//2802
f 2286//2614 2288//2890 2287//2886
f 2287//2886 2288//2890 2284//2887
f 2284//2887 2288//2890 2349//2802
f 2345//2885 2290//2800 2283//2658
f 2291//2891 2290//2800 2345//2885
f 2289//2801 2290//2800 2291//2891
f 2289//2801 2291//2891 2295//2808
f 2291//2891 2347//2892 2295//2808
f 2348//2893 2295//2808 2347//2892
f 2297//2620 2349//2802 2292//2617
f 2349//2802 2297//2620 2299//2894
f 2350//2895 2349//2802 2299//2894
f 2351//2815 2217//2809 2348//2893
f 2293//2807 2217//2809 2213//2804
f 2293//2807 2348//2893 2217//2809
f 2294//2806 2348//2893 2293//2807
f 2348//2893 2294//2806 2295//2808
f 2298//2896 2297//2620 2296//2814
f 2298//2896 2299//2894 2297//2620
f 2298//2896 2350//2895 2299//2894
f 2296//2814 2297//2620 2219//2669
f 2221//2691 2217//2809 2351//2815
f 2301//2812 2218//2810 2305//2813
f 2296//2814 2300//2811 2298//2896
f 2298//2896 2300//2811 2301//2812
f 2301//2812 2305//2813 2307//2897
f 2301//2812 2307//2897 2302//2898
f 2301//2812 2302//2898 2353//2899
f 2298//2896 2301//2812 2353//2899
f 2303//2833 2314//2900 2315//2687
f 2356//2901 2314//2900 2303//2833
f 2303//2833 2357//2834 2356//2901
f 2357//2834 2237//2712 2352//2816
f 2305//2813 2225//2817 2306//2902
f 2304//2818 2306//2902 2225//2817
f 2304//2818 2308//2903 2306//2902
f 2308//2903 2304//2818 2310//2819
f 2305//2813 2306//2902 2307//2897
f 2307//2897 2306//2902 2309//2904
f 2306//2902 2308//2903 2309//2904
f 2309//2904 2308//2903 2311//2905
f 2309//2904 2354//2906 2302//2898
f 2307//2897 2309//2904 2302//2898
f 2309//2904 2311//2905 2354//2906
f 2359//2907 2310//2819 2367//2836
f 2311//2905 2308//2903 2310//2819
f 2311//2905 2310//2819 2359//2907
f 2358//2908 2354//2906 2311//2905
f 2358//2908 2311//2905 2359//2907
f 2322//2909 2319//2826 2312//2827
f 2313//2825 2322//2909 2312//2827
f 2220//2686 3077//2910 2313//2825
f 3077//2910 2364//2911 2313//2825
f 2315//2687 2314//2900 2220//2686
f 3066//2835 2365//2912 2367//2836
f 2316//2913 2321//2855 2320//2854
f 2322//2909 2316//2913 2320//2854
f 2316//2913 2318//2914 2317//2838
f 2318//2914 2316//2913 2322//2909
f 2322//2909 2313//2825 3082//2915
f 2322//2909 3082//2915 2318//2914
f 2322//2909 2320//2854 2319//2826
f 2321//2855 2316//2913 2256//2856
f 2256//2856 2316//2913 2257//2857
f 2316//2913 2317//2838 2257//2857
f 3083//2916 2240//2717 2323//2756
f 2323//2756 2261//2859 2366//2917
f 3083//2916 2323//2756 2366//2917
f 2261//2859 2262//2861 2366//2917
f 2366//2917 2262//2861 2164//2644
f 2368//2862 2366//2917 2164//2644
f 2318//2914 2368//2862 2317//2838
f 2269//2864 2326//2918 2369//2872
f 2324//2877 2273//2773 2274//2876
f 2324//2877 2267//2772 2273//2773
f 2325//2919 2327//2920 2324//2877
f 2269//2864 2267//2772 2326//2918
f 2267//2772 2324//2877 2326//2918
f 2326//2918 2324//2877 2327//2920
f 2329//2921 2272//2873 2369//2872
f 2279//2869 2328//2874 2335//2881
f 3079//2922 2331//2923 3074//2875
f 2328//2874 2331//2923 2330//2924
f 2331//2923 2328//2874 3074//2875
f 2328//2874 2330//2924 2335//2881
f 2330//2924 2333//2925 2335//2881
f 2332//2926 2331//2923 3079//2922
f 2331//2923 2333//2925 2330//2924
f 2333//2925 2331//2923 2332//2926
f 3080//2927 2329//2921 2369//2872
f 2370//2928 2333//2925 2332//2926
f 2325//2919 2324//2877 2334//2878
f 2343//2929 2404//2930 2325//2919
f 2280//2792 2335//2881 2336//2931
f 2333//2925 2336//2931 2335//2881
f 2336//2931 2337//2888 2280//2792
f 2337//2888 2336//2931 2373//2889
f 2339//2882 2344//2795 2375//2932
f 2377//2933 2339//2882 2375//2932
f 2375//2932 2373//2889 2420//2934
f 2281//2789 2339//2882 2338//2883
f 2342//2935 2340//2788 3081//2884
f 2342//2935 3081//2884 2341//2936
f 2340//2788 2342//2935 2376//2937
f 2339//2882 2341//2936 2338//2883
f 2345//2885 2340//2788 2376//2937
f 2339//2882 2377//2933 2341//2936
f 2341//2936 2377//2933 2378//2938
f 2378//2938 2342//2935 2341//2936
f 2378//2938 2379//2939 2342//2935
f 2379//2939 2376//2937 2342//2935
f 2343//2929 2284//2887 2349//2802
f 2325//2919 2334//2878 2343//2929
f 2343//2929 2334//2878 2284//2887
f 2343//2929 2381//2940 2404//2930
f 2344//2795 2373//2889 2375//2932
f 2345//2885 2380//2941 2428//2942
f 2345//2885 2428//2942 2347//2892
f 2346//2943 2343//2929 2349//2802
f 2381//2940 2343//2929 2346//2943
f 2347//2892 2291//2891 2345//2885
f 2382//2944 2349//2802 2350//2895
f 2353//2899 2350//2895 2298//2896
f 2384//2945 2357//2834 2352//2816
f 2383//2946 2352//2816 2351//2815
f 2355//2947 2302//2898 2354//2906
f 2386//2948 2355//2947 2360//2949
f 2360//2949 2355//2947 2354//2906
f 2302//2898 2355//2947 2353//2899
f 2355//2947 2350//2895 2353//2899
f 2386//2948 2385//2950 2355//2947
f 2357//2834 2363//2951 2356//2901
f 2384//2945 2363//2951 2357//2834
f 2354//2906 2358//2908 2360//2949
f 2359//2907 2360//2949 2358//2908
f 2360//2949 2359//2907 2386//2948
f 2361//2952 2386//2948 2359//2907
f 2359//2907 2362//2953 2361//2952
f 2389//2954 2361//2952 2362//2953
f 2389//2954 2386//2948 2361//2952
f 2362//2953 2390//2955 2389//2954
f 2314//2900 2363//2951 3082//2915
f 2314//2900 2356//2901 2363//2951
f 3082//2915 2363//2951 2368//2862
f 2367//2836 2362//2953 2359//2907
f 2390//2955 2362//2953 2367//2836
f 2368//2862 2318//2914 3082//2915
f 2366//2917 2393//2956 3083//2916
f 2401//2957 2369//2872 2326//2918
f 2369//2872 2400//2958 3080//2927
f 2401//2957 3085//2959 2369//2872
f 2401//2957 2403//2960 3085//2959
f 2401//2957 2326//2918 2327//2920
f 2336//2931 2333//2925 2405//2961
f 2370//2928 2405//2961 2333//2925
f 2332//2926 3086//2962 2370//2928
f 2370//2928 2407//2963 2405//2961
f 2370//2928 3086//2962 2407//2963
f 2402//2964 2327//2920 2325//2919
f 2401//2957 2327//2920 2402//2964
f 2325//2919 2404//2930 2402//2964
f 2378//2938 2377//2933 2371//2965
f 2371//2965 2379//2939 2378//2938
f 2371//2965 2372//2966 2379//2939
f 2379//2939 2372//2966 2380//2941
f 2405//2961 2373//2889 2336//2931
f 2420//2934 2422//2967 2375//2932
f 2374//2968 2377//2933 2375//2932
f 2371//2965 2377//2933 2374//2968
f 2375//2932 2414//2969 2374//2968
f 2375//2932 2422//2967 2414//2969
f 2345//2885 2376//2937 2380//2941
f 2379//2939 2380//2941 2376//2937
f 2348//2893 2429//2970 2464//2971
f 2347//2892 2429//2970 2348//2893
f 2346//2943 2349//2802 2382//2944
f 2381//2940 2346//2943 2430//2972
f 2346//2943 2382//2944 2430//2972
f 2464//2971 2465//2973 2384//2945
f 2351//2815 2348//2893 2383//2946
f 2464//2971 2383//2946 2348//2893
f 2464//2971 2384//2945 2383//2946
f 2355//2947 2432//2974 2350//2895
f 2382//2944 2350//2895 2432//2974
f 2352//2816 2383//2946 2384//2945
f 2432//2974 2355//2947 2385//2950
f 2389//2954 2387//2975 2386//2948
f 2387//2975 2385//2950 2386//2948
f 2389//2954 2434//2976 2387//2975
f 2385//2950 2387//2975 2434//2976
f 2391//2977 2388//2978 2389//2954
f 2432//2974 2385//2950 2434//2976
f 2434//2976 2389//2954 2435//2979
f 2388//2978 2435//2979 2389//2954
f 2391//2977 2436//2980 2388//2978
f 2384//2945 2392//2981 2363//2951
f 2465//2973 2392//2981 2384//2945
f 2390//2955 2391//2977 2389//2954
f 2436//2980 2391//2977 2440//2982
f 2440//2982 2391//2977 2441//2983
f 2390//2955 2441//2983 2391//2977
f 2398//2984 2441//2983 2390//2955
f 2442//2985 2441//2983 2398//2984
f 2442//2985 2399//2986 2439//2987
f 2396//2988 2368//2862 2363//2951
f 2392//2981 2396//2988 2363//2951
f 2396//2988 2392//2981 2399//2986
f 2399//2986 2392//2981 2439//2987
f 2367//2836 2365//2912 3084//2989
f 2394//2990 2390//2955 2367//2836
f 3084//2989 2394//2990 2367//2836
f 2397//2991 2393//2956 2395//2992
f 2394//2990 3084//2989 2397//2991
f 2395//2992 2368//2862 2396//2988
f 2395//2992 2366//2917 2368//2862
f 2390//2955 2394//2990 2398//2984
f 2397//2991 2395//2992 2396//2988
f 2394//2990 2397//2991 2398//2984
f 2398//2984 2397//2991 2442//2985
f 2399//2986 2442//2985 2397//2991
f 2396//2988 2399//2986 2397//2991
f 2366//2917 2395//2992 2393//2956
f 3088//2993 3090//2994 3087//2995
f 2402//2964 3089//2996 2401//2957
f 2402//2964 2411//2997 3089//2996
f 2404//2930 2411//2997 2402//2964
f 2405//2961 2408//2998 2373//2889
f 2408//2998 2406//2999 2373//2889
f 2406//2999 2410//3000 2373//2889
f 2405//2961 2407//2963 2408//2998
f 2408//2998 2409//3001 2406//2999
f 2410//3000 2406//2999 2409//3001
f 3088//2993 3091//3002 3090//2994
f 3091//3002 2412//3003 3090//2994
f 2408//2998 2407//2963 3092//3004
f 2408//2998 3092//3004 2409//3001
f 3092//3004 2413//3005 2409//3001
f 2409//3001 2413//3005 2410//3000
f 3091//3002 2417//3006 2412//3003
f 2418//3007 2412//3003 2417//3006
f 2418//3007 3093//3008 2412//3003
f 2374//2968 2414//2969 2416//3009
f 2416//3009 2371//2965 2374//2968
f 2421//3010 2424//3011 2414//2969
f 2415//3012 2380//2941 2372//2966
f 2415//3012 2372//2966 2371//2965
f 2416//3009 2415//3012 2371//2965
f 2416//3009 2444//3013 2415//3012
f 2415//3012 2444//3013 2450//3014
f 2415//3012 2450//3014 2425//3015
f 2416//3009 2443//3016 2444//3013
f 2410//3000 2420//2934 2373//2889
f 2413//3005 2420//2934 2410//3000
f 2404//2930 2419//3017 2411//2997
f 2419//3017 2404//2930 2448//3018
f 2419//3017 2448//3018 2446//3019
f 2411//2997 2419//3017 2417//3006
f 2417//3006 2419//3017 2418//3007
f 2418//3007 2419//3017 2446//3019
f 2421//3010 2422//2967 2420//2934
f 2414//2969 2422//2967 2421//3010
f 2413//3005 2423//3020 2420//2934
f 2418//3007 3094//3021 3093//3008
f 2420//2934 2424//3011 2421//3010
f 3094//3021 2424//3011 2420//2934
f 2418//3007 2446//3019 3094//3021
f 3094//3021 2445//3022 2424//3011
f 2424//3011 2445//3022 2414//2969
f 2415//3012 2425//3015 2380//2941
f 2425//3015 2450//3014 2455//3023
f 2426//3024 2428//2942 2380//2941
f 2425//3015 2426//3024 2380//2941
f 2455//3023 2456//3025 2425//3015
f 2426//3024 2425//3015 2456//3025
f 2428//2942 2426//3024 2456//3025
f 2456//3025 2460//3026 2428//2942
f 2460//3026 2429//2970 2428//2942
f 2404//2930 2381//2940 2427//3027
f 2427//3027 2381//2940 2463//3028
f 2381//2940 2430//2972 2463//3028
f 2427//3027 2448//3018 2404//2930
f 2427//3027 2463//3028 2458//3029
f 2448//3018 2427//3027 2458//3029
f 2428//2942 2429//2970 2347//2892
f 2382//2944 2431//3030 2430//2972
f 2463//3028 2430//2972 2431//3030
f 2431//3030 2382//2944 2432//2974
f 2432//2974 2433//3031 2431//3030
f 2433//3031 2463//3028 2431//3030
f 2433//3031 2432//2974 2434//2976
f 2435//2979 2433//3031 2434//2976
f 2436//2980 2435//2979 2388//2978
f 2433//3031 2435//2979 2466//3032
f 2436//2980 2438//3033 2435//2979
f 2438//3033 2466//3032 2435//2979
f 2463//3028 2433//3031 2466//3032
f 2436//2980 2440//2982 2438//3033
f 2438//3033 2440//2982 2437//3034
f 2438//3033 2437//3034 2439//2987
f 2438//3033 2439//2987 2466//3032
f 2439//2987 2392//2981 2465//2973
f 2441//2983 2437//3034 2440//2982
f 2441//2983 2442//2985 2437//3034
f 2437//3034 2442//2985 2439//2987
f 2414//2969 2443//3016 2416//3009
f 2445//3022 2443//3016 2414//2969
f 2444//3013 2443//3016 2451//3035
f 2445//3022 3094//3021 2446//3019
f 2447//3036 2445//3022 2446//3019
f 2447//3036 2446//3019 2448//3018
f 2458//3029 2447//3036 2448//3018
f 2447//3036 2458//3029 2449//3037
f 2445//3022 2447//3036 2449//3037
f 2445//3022 2449//3037 2443//3016
f 2443//3016 2452//3038 2451//3035
f 2451//3035 2453//3039 2444//3013
f 2453//3039 2450//3014 2444//3013
f 2453//3039 2451//3035 2452//3038
f 2450//3014 2453//3039 2455//3023
f 2452//3038 2454//3040 2453//3039
f 2453//3039 2454//3040 2455//3023
f 2455//3023 2454//3040 2459//3041
f 2452//3038 2443//3016 2449//3037
f 2449//3037 3098//3042 2452//3038
f 2454//3040 2452//3038 3098//3042
f 2457//3043 3097//3044 3095//3045
f 2457//3043 3096//3046 3099//3047
f 3102//3048 3097//3044 2461//3049
f 2457//3043 3099//3047 2461//3049
f 3097//3044 2457//3043 2461//3049
f 2458//3029 3098//3042 2449//3037
f 2464//2971 2462//3050 2461//3049
f 2464//2971 2461//3049 2465//2973
f 2461//3049 3100//3051 2465//2973
f 2429//2970 3102//3048 2462//3050
f 2462//3050 3102//3048 2461//3049
f 2462//3050 2464//2971 2429//2970
f 2458//3029 2463//3028 3098//3042
f 3101//3052 2463//3028 2465//2973
f 2463//3028 2466//3032 2465//2973
f 2465//2973 2466//3032 2439//2987
