# Blender 4.0.2
# www.blender.org
mtllib skull_right_first_upper_molar_tooth.mtl
o skull_right_first_upper_molar_tooth
v 0.069230 -0.017819 0.031189
v 0.067470 -0.019649 0.030563
v 0.068313 -0.020169 0.030622
v 0.068875 -0.020419 0.030632
v 0.069167 -0.020579 0.030546
v 0.069347 -0.020519 0.030551
v 0.068360 -0.020599 0.030358
v 0.068844 -0.020739 0.030353
v 0.069238 -0.020719 0.030334
v 0.069519 -0.020589 0.030336
v 0.067030 -0.018619 0.030542
v 0.068846 -0.019709 0.030892
v 0.069357 -0.019729 0.030908
v 0.069305 -0.020279 0.030718
v 0.069654 -0.020009 0.030739
v 0.069849 -0.020229 0.030470
v 0.070297 -0.020069 0.030348
v 0.067310 -0.017729 0.030660
v 0.067996 -0.018719 0.030906
v 0.069009 -0.018809 0.031101
v 0.070459 -0.019769 0.030510
v 0.070805 -0.019919 0.030363
v 0.067926 -0.016829 0.030752
v 0.068046 -0.017789 0.030968
v 0.069638 -0.018509 0.031142
v 0.070298 -0.018649 0.030991
v 0.071134 -0.018969 0.030660
v 0.072110 -0.019109 0.030653
v 0.072398 -0.020059 0.030415
v 0.068879 -0.016889 0.031084
v 0.070117 -0.017629 0.031146
v 0.071106 -0.018169 0.030817
v 0.071478 -0.018299 0.030764
v 0.072818 -0.019229 0.030560
v 0.069855 -0.016459 0.031134
v 0.071220 -0.017039 0.030911
v 0.072279 -0.017729 0.030847
v 0.073059 -0.017589 0.030737
v 0.073741 -0.018199 0.030407
v 0.069880 -0.015629 0.030981
v 0.070851 -0.015449 0.030918
v 0.072498 -0.017029 0.030865
v 0.072889 -0.016389 0.030746
v 0.073554 -0.017269 0.030579
v 0.069455 -0.014409 0.030509
v 0.073634 -0.016159 0.030487
v 0.070394 -0.014069 0.030592
v 0.071518 -0.013589 0.030429
v 0.072754 -0.013879 0.030379
v 0.066562 -0.020179 0.029838
v 0.066540 -0.020219 0.029712
v 0.066307 -0.019979 0.029719
v 0.067011 -0.020189 0.030171
v 0.066795 -0.020209 0.030037
v 0.067212 -0.020409 0.030040
v 0.066743 -0.020309 0.029834
v 0.066918 -0.020419 0.029715
v 0.066708 -0.020329 0.029591
v 0.068352 -0.020899 0.029705
v 0.066087 -0.019149 0.029746
v 0.065950 -0.019249 0.029504
v 0.066736 -0.019649 0.030274
v 0.066642 -0.019989 0.030095
v 0.066460 -0.019409 0.030125
v 0.066266 -0.019779 0.029804
v 0.066109 -0.019469 0.029727
v 0.066952 -0.019999 0.030257
v 0.068362 -0.020819 0.030031
v 0.068978 -0.020919 0.029824
v 0.068729 -0.020919 0.029490
v 0.069035 -0.020879 0.029462
v 0.066327 -0.017999 0.029934
v 0.066435 -0.018749 0.030123
v 0.070156 -0.020339 0.030045
v 0.069933 -0.020649 0.029534
v 0.070623 -0.020239 0.030054
v 0.070404 -0.020549 0.029529
v 0.071395 -0.020799 0.029698
v 0.072209 -0.021299 0.029712
v 0.072911 -0.021399 0.029830
v 0.073428 -0.021649 0.029498
v 0.066653 -0.017689 0.030230
v 0.071385 -0.020279 0.030180
v 0.072926 -0.020639 0.030183
v 0.072314 -0.020919 0.030043
v 0.073436 -0.021179 0.029789
v 0.066948 -0.016579 0.030092
v 0.066518 -0.016919 0.029858
v 0.073408 -0.019809 0.030248
v 0.074430 -0.019639 0.029734
v 0.074432 -0.018259 0.029980
v 0.074887 -0.019179 0.029502
v 0.074923 -0.017489 0.029547
v 0.068685 -0.014219 0.030070
v 0.068377 -0.013829 0.029561
v 0.074075 -0.016599 0.030278
v 0.069633 -0.012549 0.029615
v 0.070548 -0.012859 0.030043
v 0.071451 -0.012839 0.030122
v 0.073514 -0.013979 0.030206
v 0.074124 -0.014409 0.030009
v 0.074515 -0.014529 0.029680
v 0.073111 -0.012949 0.029957
v 0.074277 -0.013299 0.029559
v 0.070480 -0.011049 0.029780
v 0.071649 -0.011419 0.029910
v 0.072967 -0.011979 0.029789
v 0.071740 -0.009079 0.030214
v 0.073532 -0.010369 0.029784
v 0.068217 -0.006889 0.029639
v 0.068608 -0.005829 0.029993
v 0.070067 -0.007049 0.030005
v 0.070391 -0.006469 0.030023
v 0.070922 -0.007369 0.030235
v 0.071000 -0.006709 0.030165
v 0.071680 -0.007569 0.030310
v 0.073596 -0.008869 0.030082
v 0.074133 -0.009099 0.029837
v 0.068424 -0.004579 0.029999
v 0.067866 -0.004879 0.029628
v 0.069036 -0.005319 0.030127
v 0.070223 -0.005999 0.029998
v 0.070524 -0.006159 0.029970
v 0.070502 -0.005819 0.029876
v 0.070909 -0.006089 0.029861
v 0.071283 -0.006279 0.029966
v 0.071808 -0.006079 0.029922
v 0.072741 -0.006709 0.030247
v 0.073530 -0.007669 0.030204
v 0.074087 -0.007739 0.030080
v 0.074763 -0.007629 0.029774
v 0.069774 -0.004749 0.030044
v 0.072051 -0.005759 0.029845
v 0.073793 -0.006439 0.030370
v 0.074882 -0.006639 0.029823
v 0.068288 -0.002549 0.029783
v 0.068885 -0.002679 0.030012
v 0.072325 -0.005039 0.029800
v 0.072541 -0.005279 0.030054
v 0.074001 -0.005669 0.030359
v 0.073151 -0.005669 0.030324
v 0.074283 -0.006289 0.030233
v 0.069337 -0.002439 0.029993
v 0.072689 -0.004059 0.029973
v 0.072494 -0.003899 0.029663
v 0.073455 -0.004109 0.030289
v 0.072939 -0.004369 0.030196
v 0.073974 -0.004469 0.030232
v 0.069819 -0.001979 0.029726
v 0.073142 -0.003529 0.030146
v 0.074578 -0.004569 0.029982
v 0.073822 -0.002389 0.030062
v 0.074301 -0.003299 0.030098
v 0.073506 -0.001629 0.029821
v 0.073900 -0.001509 0.029836
v 0.073567 -0.001179 0.029666
v 0.074307 -0.001369 0.029750
v 0.074318 -0.001879 0.029904
v 0.074714 -0.002049 0.029745
v 0.074526 -0.001439 0.029708
v 0.066577 -0.020189 0.029335
v 0.066276 -0.020019 0.029394
v 0.066228 -0.019889 0.029007
v 0.066051 -0.019719 0.028920
v 0.066381 -0.019859 0.028742
v 0.067123 -0.020499 0.029389
v 0.068056 -0.020799 0.029357
v 0.067486 -0.020469 0.028922
v 0.065873 -0.019309 0.029067
v 0.065868 -0.018839 0.028644
v 0.065997 -0.019639 0.029409
v 0.068807 -0.020799 0.029063
v 0.069322 -0.020629 0.028771
v 0.065975 -0.018329 0.029345
v 0.070353 -0.020599 0.029361
v 0.070740 -0.020649 0.029388
v 0.071064 -0.020799 0.029384
v 0.070411 -0.020499 0.029026
v 0.070813 -0.020579 0.029013
v 0.071512 -0.021019 0.029360
v 0.071210 -0.020889 0.029066
v 0.071561 -0.020979 0.028864
v 0.071444 -0.020879 0.028683
v 0.072117 -0.021449 0.029314
v 0.072708 -0.021789 0.029364
v 0.072958 -0.021849 0.029368
v 0.072993 -0.021999 0.029041
v 0.073330 -0.022029 0.029048
v 0.072903 -0.022009 0.028731
v 0.073268 -0.022129 0.028713
v 0.073560 -0.022079 0.028767
v 0.066129 -0.017259 0.029297
v 0.073856 -0.021769 0.029097
v 0.074581 -0.021319 0.028944
v 0.066469 -0.016179 0.029210
v 0.074632 -0.020689 0.029248
v 0.075106 -0.020159 0.029063
v 0.075451 -0.019309 0.028893
v 0.075262 -0.017019 0.029108
v 0.068861 -0.012159 0.028886
v 0.069096 -0.010949 0.028817
v 0.069342 -0.011529 0.029099
v 0.074776 -0.013739 0.029170
v 0.068547 -0.009289 0.029099
v 0.069446 -0.009629 0.029539
v 0.068964 -0.010059 0.028957
v 0.069786 -0.010709 0.029465
v 0.074124 -0.012189 0.029330
v 0.068614 -0.008499 0.029509
v 0.068174 -0.008529 0.029000
v 0.074256 -0.011279 0.029209
v 0.074636 -0.012349 0.028870
v 0.074220 -0.010259 0.029410
v 0.067400 -0.005139 0.028923
v 0.074716 -0.009059 0.029389
v 0.071399 -0.005859 0.029590
v 0.067306 -0.003229 0.028941
v 0.067796 -0.003219 0.029544
v 0.067502 -0.003719 0.029286
v 0.071060 -0.005539 0.029378
v 0.070894 -0.004959 0.029146
v 0.071159 -0.005349 0.028835
v 0.070935 -0.004849 0.028812
v 0.071442 -0.005509 0.029051
v 0.071805 -0.005359 0.029017
v 0.075126 -0.007179 0.029562
v 0.075436 -0.007829 0.029003
v 0.067594 -0.002429 0.029195
v 0.070309 -0.004149 0.029528
v 0.072110 -0.004989 0.029253
v 0.075337 -0.006349 0.029401
v 0.075629 -0.006049 0.029031
v 0.072376 -0.004039 0.029357
v 0.070106 -0.001629 0.029266
v 0.069051 -0.000059 0.029629
v 0.068630 0.000001 0.029426
v 0.072794 -0.001829 0.029463
v 0.075010 -0.003349 0.029595
v 0.068868 0.001281 0.029424
v 0.068551 0.001441 0.029256
v 0.068367 0.001581 0.029026
v 0.069372 0.000591 0.029507
v 0.069433 0.001081 0.029352
v 0.069600 0.000511 0.029400
v 0.069807 0.000701 0.029018
v 0.073168 -0.001519 0.029644
v 0.073332 -0.000849 0.029414
v 0.072862 -0.000929 0.029112
v 0.072578 -0.001409 0.028957
v 0.074959 -0.002139 0.029471
v 0.068768 0.001881 0.029215
v 0.069014 0.001891 0.029168
v 0.068473 0.001921 0.029049
v 0.068622 0.002101 0.029014
v 0.068380 0.001901 0.028916
v 0.068459 0.002061 0.028936
v 0.068797 0.002151 0.028948
v 0.069073 0.001501 0.029355
v 0.069603 0.001151 0.029145
v 0.069294 0.001681 0.029137
v 0.073764 -0.000329 0.029255
v 0.074011 -0.000819 0.029544
v 0.074436 -0.000689 0.029421
v 0.074738 -0.000859 0.029346
v 0.074197 0.000051 0.029040
v 0.074596 -0.000089 0.029022
v 0.074957 -0.000579 0.028886
v 0.065979 -0.019289 0.028284
v 0.066357 -0.019629 0.028141
v 0.066673 -0.019669 0.028077
v 0.066187 -0.019409 0.027872
v 0.066923 -0.019879 0.028466
v 0.067529 -0.019659 0.027777
v 0.068910 -0.020419 0.028385
v 0.065741 -0.017689 0.028095
v 0.065734 -0.018289 0.027832
v 0.069383 -0.020369 0.028278
v 0.069941 -0.020249 0.028430
v 0.071658 -0.021019 0.028521
v 0.071426 -0.020759 0.028433
v 0.071916 -0.021299 0.028079
v 0.071627 -0.020959 0.028047
v 0.073047 -0.022039 0.028374
v 0.072700 -0.021759 0.028008
v 0.073360 -0.021989 0.028029
v 0.073943 -0.022059 0.028488
v 0.073614 -0.022149 0.028387
v 0.074079 -0.021999 0.028047
v 0.070733 -0.019929 0.028195
v 0.074501 -0.021839 0.028418
v 0.074586 -0.021859 0.028054
v 0.074946 -0.021559 0.028181
v 0.075291 -0.020899 0.028428
v 0.075281 -0.021219 0.027918
v 0.075551 -0.020139 0.028518
v 0.075602 -0.020599 0.027945
v 0.075706 -0.019009 0.028511
v 0.075792 -0.019599 0.028195
v 0.075615 -0.016249 0.028458
v 0.075888 -0.016979 0.028001
v 0.068860 -0.011539 0.028635
v 0.075406 -0.014469 0.028290
v 0.068364 -0.009879 0.028246
v 0.075266 -0.013289 0.027877
v 0.075021 -0.011609 0.028076
v 0.075754 -0.008569 0.027955
v 0.067175 -0.003539 0.028610
v 0.071008 -0.005299 0.028162
v 0.071467 -0.005459 0.028724
v 0.071409 -0.005569 0.028007
v 0.071624 -0.005449 0.027998
v 0.067296 -0.001919 0.028558
v 0.067090 -0.002609 0.028185
v 0.070746 -0.004029 0.028071
v 0.071990 -0.005049 0.028345
v 0.072203 -0.004449 0.028399
v 0.075801 -0.006949 0.028540
v 0.070555 -0.003289 0.028505
v 0.070434 -0.002719 0.028205
v 0.067782 -0.000049 0.028630
v 0.075835 -0.004839 0.028247
v 0.070173 -0.000679 0.028660
v 0.072398 -0.001939 0.028662
v 0.069956 0.000521 0.028479
v 0.069883 0.000631 0.028067
v 0.068410 0.002081 0.028812
v 0.068503 0.002171 0.028832
v 0.068687 0.002221 0.028838
v 0.068818 0.002211 0.028823
v 0.069182 0.002021 0.028837
v 0.068481 0.002171 0.028707
v 0.068697 0.002241 0.028725
v 0.068690 0.002221 0.028604
v 0.069009 0.002151 0.028614
v 0.068218 0.001721 0.028500
v 0.068344 0.002001 0.028507
v 0.068453 0.002071 0.028398
v 0.068775 0.002121 0.028374
v 0.069171 0.001991 0.028387
v 0.068236 0.001731 0.028262
v 0.068457 0.001751 0.028066
v 0.069074 0.001781 0.028068
v 0.069634 0.001391 0.028808
v 0.069429 0.001771 0.028820
v 0.069519 0.001651 0.028585
v 0.069356 0.001891 0.028601
v 0.069386 0.001621 0.028166
v 0.072852 -0.000309 0.028656
v 0.072669 -0.000129 0.028065
v 0.073353 0.000521 0.028503
v 0.073505 0.001161 0.028046
v 0.073706 0.000891 0.028403
v 0.074291 0.000961 0.028402
v 0.074166 0.001441 0.027994
v 0.074493 0.001251 0.028076
v 0.074955 0.000391 0.028362
v 0.065801 -0.018739 0.027545
v 0.065892 -0.018879 0.027289
v 0.066078 -0.018989 0.027143
v 0.065794 -0.018759 0.027010
v 0.066075 -0.018929 0.026889
v 0.066622 -0.019359 0.027489
v 0.066496 -0.019089 0.027097
v 0.065535 -0.017559 0.027366
v 0.065554 -0.018209 0.027119
v 0.067306 -0.019299 0.027236
v 0.067777 -0.019319 0.026986
v 0.069431 -0.019639 0.027177
v 0.068958 -0.019609 0.027070
v 0.072047 -0.020979 0.027302
v 0.069761 -0.019459 0.027067
v 0.070214 -0.019439 0.027413
v 0.070623 -0.019419 0.027438
v 0.070164 -0.019219 0.026997
v 0.073019 -0.021189 0.027087
v 0.074413 -0.021589 0.027468
v 0.074411 -0.021289 0.026852
v 0.074756 -0.021619 0.027537
v 0.075021 -0.021489 0.027541
v 0.074859 -0.021369 0.026957
v 0.075278 -0.021109 0.027105
v 0.075535 -0.020739 0.027153
v 0.065779 -0.015369 0.026882
v 0.075838 -0.019929 0.027001
v 0.075955 -0.019099 0.027665
v 0.075961 -0.016869 0.027492
v 0.068090 -0.011559 0.027675
v 0.075757 -0.015159 0.027407
v 0.068236 -0.010369 0.027756
v 0.068021 -0.010099 0.027349
v 0.068050 -0.009569 0.027769
v 0.067480 -0.008309 0.027049
v 0.067259 -0.006959 0.027586
v 0.067098 -0.006569 0.027013
v 0.075253 -0.010569 0.027782
v 0.075353 -0.011289 0.027040
v 0.067084 -0.005459 0.027769
v 0.067030 -0.005239 0.027063
v 0.071144 -0.005589 0.027684
v 0.070916 -0.005469 0.027431
v 0.071025 -0.005569 0.027269
v 0.075935 -0.008359 0.027212
v 0.067058 -0.002559 0.027318
v 0.070723 -0.004719 0.027587
v 0.071151 -0.005559 0.027184
v 0.071386 -0.005569 0.027709
v 0.071651 -0.005349 0.027730
v 0.071734 -0.005059 0.027377
v 0.072182 -0.003629 0.027627
v 0.067628 0.000041 0.027944
v 0.067807 0.000351 0.027689
v 0.068262 0.000441 0.027415
v 0.070077 -0.000329 0.027819
v 0.069792 -0.000399 0.027225
v 0.069331 0.000171 0.027147
v 0.075579 -0.003019 0.027083
v 0.069249 0.001131 0.027657
v 0.069646 0.000791 0.027728
v 0.069840 0.000251 0.027609
v 0.069612 0.000261 0.027355
v 0.072468 -0.000709 0.027763
v 0.072550 -0.000529 0.027229
v 0.075646 -0.002699 0.027570
v 0.068772 0.001591 0.027883
v 0.072796 0.000331 0.027672
v 0.073055 0.000691 0.027939
v 0.073728 0.001501 0.027831
v 0.073515 0.001641 0.027421
v 0.073759 0.001831 0.027391
v 0.073273 0.001401 0.027279
v 0.075186 0.000111 0.027912
v 0.074877 0.001191 0.027684
v 0.075229 0.000341 0.027152
v 0.074009 0.001831 0.027495
v 0.074362 0.001761 0.027520
v 0.074604 0.001821 0.027158
v 0.065230 -0.018409 0.026173
v 0.065348 -0.018699 0.026042
v 0.065766 -0.018819 0.026549
v 0.066007 -0.018879 0.026564
v 0.065508 -0.018599 0.026575
v 0.065701 -0.018889 0.026018
v 0.066104 -0.018929 0.026020
v 0.066330 -0.018929 0.026735
v 0.066830 -0.018899 0.026693
v 0.067215 -0.018989 0.026620
v 0.066466 -0.018869 0.026463
v 0.066878 -0.018819 0.026308
v 0.068055 -0.019199 0.026162
v 0.069050 -0.019479 0.026672
v 0.069067 -0.019419 0.026123
v 0.069477 -0.019459 0.026569
v 0.069756 -0.019349 0.026441
v 0.070041 -0.019249 0.026232
v 0.069442 -0.019449 0.026079
v 0.070139 -0.019139 0.026688
v 0.070212 -0.019109 0.026467
v 0.070453 -0.019019 0.026461
v 0.070552 -0.019069 0.026456
v 0.070730 -0.019209 0.026486
v 0.070532 -0.019099 0.026345
v 0.070627 -0.019159 0.026243
v 0.070416 -0.019209 0.026130
v 0.070860 -0.019259 0.026148
v 0.070654 -0.019249 0.025946
v 0.071200 -0.019869 0.026740
v 0.071259 -0.019569 0.026144
v 0.071198 -0.019479 0.026037
v 0.071567 -0.019709 0.026020
v 0.071081 -0.019409 0.026005
v 0.072142 -0.020349 0.026538
v 0.072115 -0.020079 0.026080
v 0.072856 -0.020389 0.026130
v 0.073235 -0.020809 0.026714
v 0.073872 -0.020939 0.026755
v 0.073879 -0.020899 0.026410
v 0.074423 -0.021169 0.026223
v 0.070464 -0.018989 0.026679
v 0.075653 -0.020179 0.026366
v 0.075820 -0.019639 0.026327
v 0.075963 -0.018789 0.026555
v 0.067737 -0.010849 0.026824
v 0.067745 -0.009519 0.026603
v 0.075398 -0.013319 0.026439
v 0.075397 -0.010879 0.026129
v 0.067272 -0.005369 0.026359
v 0.075765 -0.009119 0.026113
v 0.067064 -0.003649 0.026684
v 0.070282 -0.004959 0.026353
v 0.071231 -0.005469 0.026902
v 0.076002 -0.007529 0.026503
v 0.067277 -0.002469 0.026404
v 0.071875 -0.004399 0.026796
v 0.067410 -0.001059 0.026963
v 0.067565 -0.001419 0.026513
v 0.067944 -0.001669 0.026304
v 0.068917 -0.002299 0.026210
v 0.069373 -0.002339 0.026411
v 0.069809 -0.002789 0.026679
v 0.072292 -0.003289 0.026679
v 0.075759 -0.005649 0.026371
v 0.067653 -0.000739 0.026862
v 0.068009 -0.000929 0.026612
v 0.069431 -0.001399 0.026608
v 0.069015 -0.001329 0.026474
v 0.068981 -0.000159 0.026939
v 0.069489 -0.000429 0.026960
v 0.072441 -0.002219 0.027006
v 0.072735 -0.001609 0.026566
v 0.072959 -0.002019 0.026255
v 0.073099 -0.001139 0.026270
v 0.074474 -0.001599 0.026180
v 0.075080 -0.001939 0.026469
v 0.072829 -0.000279 0.026554
v 0.073053 -0.000289 0.026285
v 0.074560 -0.000649 0.026241
v 0.073114 0.001131 0.026666
v 0.075055 -0.000619 0.026575
v 0.073482 0.001821 0.026967
v 0.073385 0.001741 0.026662
v 0.073410 0.001741 0.026421
v 0.073656 0.001971 0.026981
v 0.073853 0.002121 0.026873
v 0.074204 0.002171 0.026797
v 0.073669 0.002081 0.026449
v 0.074101 0.002271 0.026333
v 0.074844 0.001791 0.026662
v 0.074538 0.002131 0.026443
v 0.075044 0.001401 0.026795
v 0.075096 0.001161 0.026436
v 0.065072 -0.018649 0.025646
v 0.065263 -0.018849 0.025663
v 0.065687 -0.019009 0.025643
v 0.065307 -0.018979 0.025147
v 0.064680 -0.017929 0.025173
v 0.067134 -0.018909 0.025405
v 0.067815 -0.019099 0.025725
v 0.067989 -0.019269 0.025377
v 0.067508 -0.018969 0.025439
v 0.068146 -0.019249 0.025707
v 0.068471 -0.019439 0.025465
v 0.069466 -0.019549 0.025518
v 0.070865 -0.019399 0.025793
v 0.070551 -0.019669 0.025252
v 0.071198 -0.019469 0.025909
v 0.071306 -0.019509 0.025914
v 0.071073 -0.019469 0.025789
v 0.071318 -0.019499 0.025801
v 0.071237 -0.019519 0.025673
v 0.071398 -0.019559 0.025680
v 0.071579 -0.019659 0.025684
v 0.071479 -0.019639 0.025578
v 0.071329 -0.019669 0.025462
v 0.071592 -0.019689 0.025460
v 0.071479 -0.019859 0.025148
v 0.071856 -0.019859 0.025488
v 0.071842 -0.019869 0.025349
v 0.072313 -0.020049 0.025394
v 0.071731 -0.019859 0.025229
v 0.072119 -0.020059 0.025033
v 0.073326 -0.020419 0.025511
v 0.073116 -0.020279 0.025138
v 0.073997 -0.020639 0.025160
v 0.075025 -0.020729 0.025386
v 0.075198 -0.020419 0.025178
v 0.066382 -0.013659 0.026121
v 0.066726 -0.012359 0.025462
v 0.067138 -0.011169 0.025379
v 0.075739 -0.015659 0.025728
v 0.067513 -0.009639 0.025598
v 0.067246 -0.007589 0.025996
v 0.067214 -0.007569 0.025394
v 0.067281 -0.008349 0.025491
v 0.075043 -0.012259 0.025091
v 0.067222 -0.006509 0.026127
v 0.067231 -0.006959 0.025788
v 0.067275 -0.006859 0.025304
v 0.067347 -0.006509 0.025771
v 0.067554 -0.005929 0.025778
v 0.067657 -0.006059 0.025438
v 0.067764 -0.005049 0.025750
v 0.067976 -0.005599 0.025371
v 0.068310 -0.005169 0.025332
v 0.068232 -0.004729 0.025522
v 0.068936 -0.004479 0.025543
v 0.069622 -0.004829 0.025594
v 0.068999 -0.004899 0.025334
v 0.070100 -0.005379 0.025574
v 0.070225 -0.005459 0.025465
v 0.069715 -0.005219 0.025344
v 0.070808 -0.005549 0.026184
v 0.070460 -0.005469 0.025929
v 0.070600 -0.005509 0.025774
v 0.070640 -0.005399 0.025524
v 0.067254 -0.003649 0.026172
v 0.067598 -0.003199 0.025927
v 0.068065 -0.003139 0.025863
v 0.071133 -0.005359 0.026170
v 0.070903 -0.005409 0.025779
v 0.071276 -0.005009 0.025788
v 0.071476 -0.004799 0.025604
v 0.070956 -0.005069 0.025346
v 0.075705 -0.007169 0.025596
v 0.075694 -0.007939 0.025488
v 0.069050 -0.003249 0.025988
v 0.071954 -0.004269 0.026028
v 0.072385 -0.004419 0.025459
v 0.071699 -0.004779 0.025330
v 0.075908 -0.006899 0.026101
v 0.072991 -0.002659 0.026029
v 0.073345 -0.001989 0.026045
v 0.073505 -0.002679 0.025820
v 0.073979 -0.002479 0.025881
v 0.074783 -0.003169 0.025976
v 0.073812 -0.001839 0.026017
v 0.073561 -0.000649 0.026085
v 0.073143 0.000831 0.026230
v 0.073471 0.000591 0.025917
v 0.073338 0.001431 0.026200
v 0.073456 0.001231 0.025948
v 0.073707 0.001721 0.025868
v 0.073820 0.001241 0.025721
v 0.074510 0.001051 0.025733
v 0.074033 0.001671 0.025666
v 0.074211 0.001501 0.025630
v 0.073657 0.001961 0.026114
v 0.073891 0.002111 0.026000
v 0.074197 0.002201 0.025986
v 0.074038 0.001921 0.025750
v 0.074772 0.001921 0.026217
v 0.074336 0.002241 0.026229
v 0.074747 0.001861 0.025993
v 0.074505 0.002101 0.026004
v 0.074785 0.001661 0.025882
v 0.074238 0.002061 0.025806
v 0.074241 0.001821 0.025672
v 0.074526 0.001651 0.025678
v 0.074524 0.001901 0.025782
v 0.074968 0.001601 0.026214
v 0.074858 0.001321 0.025913
v 0.064607 -0.018289 0.024701
v 0.064920 -0.018799 0.024748
v 0.066130 -0.019189 0.025049
v 0.065693 -0.019159 0.024882
v 0.065254 -0.019029 0.024717
v 0.066431 -0.019189 0.025045
v 0.066254 -0.019319 0.024794
v 0.066811 -0.019599 0.024408
v 0.067482 -0.019439 0.024348
v 0.068101 -0.019789 0.024433
v 0.064661 -0.017429 0.025055
v 0.064503 -0.017829 0.024513
v 0.064563 -0.017289 0.024381
v 0.067440 -0.019089 0.025019
v 0.067677 -0.019379 0.024456
v 0.067806 -0.019479 0.024424
v 0.064943 -0.016159 0.024781
v 0.071450 -0.020369 0.024420
v 0.073724 -0.020709 0.024255
v 0.073861 -0.020599 0.024721
v 0.074454 -0.020699 0.024914
v 0.074250 -0.020639 0.024560
v 0.074721 -0.020599 0.024711
v 0.074477 -0.020539 0.024273
v 0.075558 -0.018709 0.024537
v 0.075326 -0.019539 0.024380
v 0.067382 -0.010149 0.025256
v 0.067218 -0.009639 0.024569
v 0.067064 -0.008489 0.024597
v 0.067157 -0.007159 0.024626
v 0.067629 -0.006109 0.025128
v 0.067693 -0.005929 0.024865
v 0.067369 -0.006399 0.024697
v 0.067927 -0.005819 0.025120
v 0.068071 -0.005579 0.024666
v 0.067749 -0.005589 0.024447
v 0.068464 -0.005449 0.024927
v 0.068856 -0.005199 0.025001
v 0.069274 -0.005169 0.025052
v 0.069266 -0.005189 0.024820
v 0.068835 -0.005209 0.024595
v 0.069367 -0.004959 0.024490
v 0.069786 -0.005329 0.025233
v 0.070079 -0.005389 0.025208
v 0.070224 -0.005269 0.025092
v 0.075128 -0.007679 0.024499
v 0.070292 -0.004649 0.024600
v 0.071283 -0.004869 0.025253
v 0.070727 -0.004879 0.024942
v 0.071069 -0.004759 0.024826
v 0.071526 -0.004809 0.024694
v 0.071626 -0.004869 0.025004
v 0.071932 -0.005019 0.024581
v 0.073000 -0.005569 0.024709
v 0.072726 -0.005599 0.024558
v 0.070873 -0.004389 0.024368
v 0.072206 -0.005099 0.024914
v 0.074619 -0.005739 0.024854
v 0.073975 -0.005889 0.024557
v 0.074174 -0.006119 0.024374
v 0.074723 -0.006339 0.024539
v 0.073643 -0.004499 0.025151
v 0.064712 -0.018919 0.024183
v 0.064900 -0.019099 0.024195
v 0.065121 -0.019349 0.023744
v 0.064846 -0.019199 0.023676
v 0.064513 -0.018409 0.024061
v 0.064622 -0.018849 0.023930
v 0.066532 -0.019739 0.024076
v 0.067625 -0.019699 0.023914
v 0.067003 -0.019909 0.023713
v 0.067376 -0.019929 0.023446
v 0.067711 -0.019979 0.023526
v 0.068709 -0.020419 0.023833
v 0.064513 -0.017719 0.023843
v 0.064680 -0.016979 0.023434
v 0.073909 -0.020839 0.023700
v 0.073459 -0.020929 0.023607
v 0.073971 -0.020899 0.023460
v 0.064957 -0.015729 0.023986
v 0.074195 -0.020639 0.024146
v 0.073986 -0.020719 0.024025
v 0.074198 -0.020649 0.023815
v 0.074066 -0.020789 0.023601
v 0.074147 -0.020709 0.023599
v 0.074086 -0.020809 0.023491
v 0.074219 -0.020639 0.023477
v 0.074092 -0.020789 0.023364
v 0.074414 -0.020499 0.023931
v 0.074383 -0.020469 0.023600
v 0.065319 -0.014739 0.023772
v 0.074759 -0.020239 0.023919
v 0.074786 -0.019949 0.023456
v 0.065698 -0.014019 0.024331
v 0.066140 -0.013129 0.023486
v 0.075203 -0.017269 0.023437
v 0.066824 -0.011769 0.023942
v 0.067132 -0.010749 0.024206
v 0.075262 -0.015449 0.024144
v 0.074870 -0.014029 0.023992
v 0.074266 -0.012749 0.023465
v 0.066888 -0.008149 0.023662
v 0.066986 -0.006869 0.023510
v 0.067450 -0.005839 0.024155
v 0.074748 -0.009979 0.023837
v 0.067475 -0.005289 0.023578
v 0.067723 -0.005179 0.024013
v 0.074982 -0.008499 0.023868
v 0.068296 -0.004949 0.024176
v 0.068556 -0.004199 0.023864
v 0.070031 -0.004089 0.024241
v 0.072753 -0.005649 0.024234
v 0.073379 -0.006139 0.024363
v 0.073625 -0.006269 0.024231
v 0.073250 -0.006179 0.024136
v 0.073591 -0.006289 0.023997
v 0.073101 -0.005959 0.024005
v 0.073361 -0.006019 0.023757
v 0.074083 -0.006259 0.024134
v 0.074505 -0.006419 0.024126
v 0.074314 -0.006299 0.024125
v 0.074067 -0.006289 0.023904
v 0.074514 -0.006609 0.023758
v 0.074368 -0.006419 0.023810
v 0.074693 -0.006709 0.024190
v 0.070537 -0.003639 0.024084
v 0.071418 -0.004589 0.024377
v 0.071827 -0.003929 0.023755
v 0.071792 -0.004719 0.024231
v 0.072763 -0.005019 0.023600
v 0.074475 -0.006229 0.024355
v 0.069407 -0.001989 0.023607
v 0.070121 -0.002309 0.023852
v 0.070119 -0.001289 0.023535
v 0.070717 -0.001689 0.023633
v 0.064841 -0.019109 0.023182
v 0.066501 -0.020059 0.023063
v 0.067022 -0.020169 0.022878
v 0.066851 -0.020189 0.022522
v 0.064665 -0.018579 0.023220
v 0.064923 -0.018759 0.022639
v 0.067531 -0.020089 0.023063
v 0.068186 -0.020529 0.023192
v 0.067753 -0.020169 0.023046
v 0.067751 -0.020179 0.022824
v 0.067997 -0.020349 0.022804
v 0.067875 -0.020189 0.022588
v 0.067599 -0.020129 0.022541
v 0.068495 -0.020719 0.023168
v 0.069356 -0.021219 0.022550
v 0.070324 -0.021199 0.022858
v 0.064666 -0.017629 0.023098
v 0.064796 -0.017959 0.022747
v 0.071960 -0.021229 0.022938
v 0.072958 -0.021079 0.023180
v 0.073531 -0.021079 0.023158
v 0.073950 -0.020859 0.023038
v 0.073063 -0.021219 0.022850
v 0.073451 -0.021129 0.022724
v 0.073531 -0.020989 0.022477
v 0.065233 -0.015329 0.023053
v 0.074350 -0.020249 0.023027
v 0.073996 -0.020639 0.022805
v 0.074710 -0.019539 0.022921
v 0.066036 -0.013879 0.022790
v 0.075107 -0.018509 0.023195
v 0.074793 -0.019069 0.022793
v 0.075023 -0.019309 0.023336
v 0.066953 -0.011909 0.023061
v 0.074799 -0.015709 0.023176
v 0.067130 -0.011079 0.023207
v 0.067317 -0.011159 0.022613
v 0.067229 -0.010259 0.022722
v 0.074087 -0.013499 0.022999
v 0.066828 -0.007889 0.022964
v 0.067183 -0.005979 0.023183
v 0.074304 -0.009799 0.022863
v 0.067450 -0.005079 0.022724
v 0.074598 -0.008479 0.022635
v 0.074795 -0.008999 0.023302
v 0.067837 -0.004429 0.023328
v 0.074722 -0.008229 0.022836
v 0.073836 -0.005979 0.023347
v 0.073990 -0.006149 0.023483
v 0.074219 -0.006269 0.023383
v 0.074396 -0.006539 0.023104
v 0.074600 -0.007299 0.022958
v 0.068294 -0.002999 0.023305
v 0.068237 -0.002369 0.022862
v 0.073568 -0.005449 0.023056
v 0.074042 -0.005839 0.022754
v 0.072653 -0.003509 0.022885
v 0.069486 -0.001149 0.023302
v 0.068891 -0.001389 0.022989
v 0.069927 -0.000319 0.023050
v 0.071077 -0.001129 0.023308
v 0.071511 -0.001059 0.022967
v 0.070542 0.000101 0.022866
v 0.065579 -0.019789 0.022492
v 0.065319 -0.019529 0.022462
v 0.065663 -0.019699 0.022087
v 0.065438 -0.019319 0.022087
v 0.066055 -0.019969 0.022216
v 0.066423 -0.019799 0.021766
v 0.066906 -0.020099 0.022181
v 0.065178 -0.018229 0.022120
v 0.065840 -0.019349 0.021708
v 0.065746 -0.018739 0.021581
v 0.067057 -0.019849 0.021765
v 0.067692 -0.019959 0.022178
v 0.068077 -0.019969 0.022144
v 0.068680 -0.020429 0.022068
v 0.069279 -0.021149 0.022171
v 0.069692 -0.021369 0.022171
v 0.070098 -0.021429 0.022180
v 0.070042 -0.021419 0.021851
v 0.071018 -0.021519 0.021835
v 0.072028 -0.021499 0.022210
v 0.072587 -0.021369 0.022078
v 0.072197 -0.021429 0.021833
v 0.072583 -0.021299 0.021869
v 0.065124 -0.016679 0.022356
v 0.065440 -0.017339 0.021785
v 0.073012 -0.020569 0.021525
v 0.073177 -0.020839 0.021847
v 0.065489 -0.015539 0.022278
v 0.065753 -0.015929 0.021719
v 0.073554 -0.020369 0.021905
v 0.065966 -0.014739 0.022151
v 0.073921 -0.019669 0.021937
v 0.074092 -0.018579 0.021712
v 0.066589 -0.013429 0.022419
v 0.074436 -0.017649 0.021976
v 0.067599 -0.013499 0.021636
v 0.067435 -0.012179 0.022204
v 0.067860 -0.011449 0.021864
v 0.067609 -0.010599 0.021931
v 0.066900 -0.008459 0.022568
v 0.073358 -0.011609 0.021953
v 0.073712 -0.012609 0.022430
v 0.066906 -0.007289 0.022089
v 0.066910 -0.007629 0.021943
v 0.067555 -0.004239 0.021902
v 0.074515 -0.007949 0.022460
v 0.073984 -0.006139 0.021907
v 0.068040 -0.002369 0.022274
v 0.073446 -0.004619 0.022274
v 0.069018 -0.000379 0.022178
v 0.072557 -0.002039 0.021874
v 0.070169 0.000421 0.022667
v 0.069728 0.000391 0.022480
v 0.071702 -0.000219 0.022019
v 0.071913 -0.001019 0.022449
v 0.070257 0.001281 0.021953
v 0.070931 0.000481 0.022553
v 0.071184 0.000331 0.022467
v 0.070595 0.000781 0.022417
v 0.070784 0.001191 0.022035
v 0.071006 0.001081 0.022048
v 0.066277 -0.019179 0.021402
v 0.066603 -0.018859 0.021222
v 0.066995 -0.019469 0.021430
v 0.069673 -0.020579 0.021228
v 0.070068 -0.021269 0.021532
v 0.070435 -0.021389 0.021509
v 0.070201 -0.021079 0.021290
v 0.066387 -0.018249 0.021165
v 0.067872 -0.019389 0.021567
v 0.068112 -0.018899 0.021218
v 0.068343 -0.019219 0.021339
v 0.070189 -0.020419 0.020874
v 0.070814 -0.021029 0.021110
v 0.071250 -0.021259 0.021332
v 0.071775 -0.020909 0.021100
v 0.071282 -0.020889 0.020997
v 0.072202 -0.021199 0.021515
v 0.072485 -0.020939 0.021417
v 0.065767 -0.016619 0.021531
v 0.066018 -0.017539 0.021295
v 0.067181 -0.017469 0.020893
v 0.068617 -0.018589 0.020897
v 0.072160 -0.020139 0.020809
v 0.071670 -0.020329 0.020743
v 0.066509 -0.016079 0.021119
v 0.066803 -0.016979 0.020950
v 0.068180 -0.017729 0.020812
v 0.073341 -0.019939 0.021475
v 0.072769 -0.019729 0.020963
v 0.066497 -0.014969 0.021525
v 0.067012 -0.015739 0.020984
v 0.068100 -0.014179 0.021202
v 0.068197 -0.013009 0.021458
v 0.074152 -0.016119 0.021656
v 0.073905 -0.016639 0.021217
v 0.068756 -0.011779 0.021218
v 0.068317 -0.010889 0.021316
v 0.069147 -0.011099 0.020887
v 0.068861 -0.010529 0.020803
v 0.073180 -0.012729 0.021498
v 0.072715 -0.011609 0.021287
v 0.072287 -0.011899 0.020857
v 0.067116 -0.007509 0.021343
v 0.067099 -0.008319 0.021610
v 0.072136 -0.010549 0.020817
v 0.072784 -0.011089 0.021368
v 0.067000 -0.007059 0.021599
v 0.073401 -0.009829 0.021670
v 0.072905 -0.009969 0.021222
v 0.067194 -0.005629 0.021656
v 0.067416 -0.005239 0.020999
v 0.067895 -0.002649 0.021533
v 0.073361 -0.004929 0.021326
v 0.068597 -0.000639 0.021482
v 0.068489 -0.000799 0.021056
v 0.072601 -0.002239 0.021244
v 0.072889 -0.002999 0.021351
v 0.069026 0.000741 0.021329
v 0.071829 -0.000449 0.021392
v 0.071281 0.001081 0.021701
v 0.071496 0.000491 0.021160
v 0.069869 0.002111 0.021050
v 0.070842 0.001681 0.021524
v 0.070421 0.001871 0.021406
v 0.070708 0.002011 0.021163
v 0.071274 0.001431 0.021165
v 0.071076 0.001751 0.021181
v 0.069642 -0.019489 0.020679
v 0.069735 -0.018919 0.020458
v 0.070259 -0.019529 0.020490
v 0.071132 -0.019949 0.020541
v 0.068197 -0.016149 0.020634
v 0.069817 -0.017389 0.020142
v 0.070492 -0.017719 0.020002
v 0.071452 -0.017909 0.019951
v 0.072000 -0.018359 0.020124
v 0.068856 -0.015709 0.020534
v 0.070388 -0.016899 0.019939
v 0.070678 -0.016549 0.019938
v 0.071969 -0.017029 0.019879
v 0.072431 -0.017959 0.020140
v 0.072849 -0.018309 0.020479
v 0.072926 -0.017549 0.020333
v 0.069989 -0.014829 0.020539
v 0.072253 -0.016339 0.020001
v 0.072872 -0.016689 0.020210
v 0.072708 -0.016219 0.020141
v 0.072509 -0.016689 0.020013
v 0.071239 -0.014879 0.020324
v 0.071964 -0.014959 0.020304
v 0.073146 -0.015709 0.020528
v 0.070142 -0.012939 0.020691
v 0.072745 -0.015009 0.020449
v 0.072076 -0.013069 0.020510
v 0.069992 -0.011139 0.020578
v 0.071391 -0.012189 0.020520
v 0.067713 -0.009049 0.020887
v 0.068171 -0.009619 0.020729
v 0.068400 -0.009069 0.020332
v 0.068879 -0.009499 0.020284
v 0.069376 -0.010369 0.020540
v 0.070052 -0.010299 0.020374
v 0.067738 -0.008479 0.020637
v 0.068030 -0.008229 0.020338
v 0.068882 -0.008799 0.020064
v 0.069343 -0.009299 0.020102
v 0.070329 -0.009739 0.020196
v 0.070954 -0.010319 0.020421
v 0.067763 -0.006829 0.020403
v 0.068345 -0.006959 0.020027
v 0.068027 -0.005309 0.020212
v 0.072182 -0.007799 0.020166
v 0.073078 -0.008369 0.020818
v 0.073181 -0.006639 0.020683
v 0.072821 -0.007259 0.020378
v 0.072541 -0.006899 0.020227
v 0.068479 -0.003449 0.020141
v 0.068148 -0.002139 0.020933
v 0.072567 -0.003849 0.020452
v 0.072044 -0.004169 0.020078
v 0.073031 -0.004259 0.020890
v 0.068647 -0.000829 0.020580
v 0.068966 -0.001439 0.020232
v 0.071587 -0.001999 0.020209
v 0.072339 -0.002469 0.020667
v 0.072666 -0.002819 0.020903
v 0.069209 0.000001 0.020254
v 0.069631 -0.000329 0.020148
v 0.069011 0.001271 0.020780
v 0.069657 0.000311 0.020170
v 0.070688 -0.000259 0.020241
v 0.071717 -0.000529 0.020931
v 0.071431 -0.000749 0.020548
v 0.069306 0.001781 0.020902
v 0.069545 0.002071 0.020895
v 0.069188 0.001781 0.020634
v 0.069370 0.002061 0.020638
v 0.069056 0.001371 0.020446
v 0.069221 0.001801 0.020415
v 0.069403 0.002071 0.020421
v 0.069355 0.001431 0.020127
v 0.069458 0.001921 0.020201
v 0.071137 0.000411 0.020546
v 0.070626 0.000691 0.020302
v 0.071465 0.000321 0.020913
v 0.070065 0.002301 0.020873
v 0.069805 0.002341 0.020755
v 0.069620 0.002301 0.020544
v 0.069973 0.002401 0.020528
v 0.069706 0.002261 0.020316
v 0.069985 0.002251 0.020178
v 0.070247 0.002261 0.020216
v 0.071045 0.001891 0.020760
v 0.070791 0.002131 0.020757
v 0.070408 0.002321 0.020663
v 0.070994 0.001831 0.020528
v 0.070791 0.002121 0.020536
v 0.070417 0.002311 0.020439
v 0.070831 0.001551 0.020303
v 0.070647 0.002091 0.020320
v 0.071185 0.001561 0.020762
v 0.071094 0.001481 0.020540
v 0.071249 -0.016879 0.019837
v 0.069713 -0.007909 0.019781
v 0.070952 -0.008219 0.019894
v 0.071226 -0.007189 0.019828
v 0.068937 -0.004939 0.019748
v 0.068932 -0.003759 0.019840
v 0.070215 -0.003569 0.019629
v 0.069950 -0.002069 0.019776
v 0.071044 -0.002939 0.019785
v 0.070467 -0.001389 0.019876
v 0.070899 -0.001569 0.019945
v 0.071433 -0.002689 0.019941
v 0.069804 0.001401 0.020009
v 0.069747 0.002011 0.020081
v 0.069934 0.001891 0.019987
v 0.070183 0.001601 0.020025
v 0.070051 0.002101 0.020049
v 0.070281 0.001861 0.020028
v 0.070388 0.002041 0.020102
v 0.071159 -0.005349 0.028835
v 0.071442 -0.005509 0.029051
v 0.070623 -0.019419 0.027438
v 0.071144 -0.005589 0.027684
v 0.071025 -0.005569 0.027269
v 0.070464 -0.018989 0.026679
v 0.070808 -0.005549 0.026184
v 0.070600 -0.005509 0.025774
v 0.071476 -0.004799 0.025604
v 0.071699 -0.004779 0.025330
v 0.068464 -0.005449 0.024927
v 0.068856 -0.005199 0.025001
v 0.068856 -0.005199 0.025001
v 0.069266 -0.005189 0.024820
v 0.068835 -0.005209 0.024595
v 0.068835 -0.005209 0.024595
v 0.071283 -0.004869 0.025253
v 0.071283 -0.004869 0.025253
v 0.068495 -0.020719 0.023168
vn -0.0994 -0.1386 0.9854
vn 0.0915 -0.1329 0.9869
vn -0.0721 -0.0068 0.9974
vn 0.1563 -0.0338 0.9871
vn 0.0131 0.1086 0.9940
vn -0.4807 -0.1995 0.8539
vn -0.3063 -0.2439 0.9202
vn -0.4673 -0.0360 0.8834
vn -0.6440 -0.1185 0.7558
vn -0.2531 -0.6815 0.6867
vn -0.2408 -0.4067 0.8813
vn -0.3385 -0.5709 0.7480
vn -0.3222 -0.8006 0.5052
vn -0.1344 -0.4962 0.8578
vn -0.1344 -0.2661 0.9545
vn 0.0684 -0.6774 0.7324
vn 0.1301 -0.4358 0.8906
vn 0.3135 -0.6441 0.6978
vn -0.0768 -0.8307 0.5513
vn 0.2344 -0.8797 0.4136
vn 0.4398 -0.7798 0.4455
vn -0.6707 0.0205 0.7414
vn -0.6325 0.1529 0.7593
vn -0.2726 -0.1141 0.9553
vn 0.0933 -0.2796 0.9556
vn 0.3135 -0.4225 0.8504
vn 0.4428 -0.6186 0.6490
vn 0.3228 -0.8213 0.4704
vn 0.2895 -0.6793 0.6744
vn -0.4608 0.1222 0.8791
vn -0.5883 0.3641 0.7220
vn -0.7497 0.3007 0.5895
vn -0.2911 0.0442 0.9557
vn 0.2397 -0.1920 0.9517
vn 0.2862 -0.4807 0.8289
vn 0.0451 -0.5125 0.8575
vn 0.1188 -0.2447 0.9623
vn -0.0081 -0.7860 0.6182
vn 0.0177 -0.3111 0.9502
vn 0.0315 -0.1927 0.9808
vn -0.1592 -0.5809 0.7983
vn -0.1570 -0.4986 0.8525
vn -0.2101 0.1633 0.9639
vn -0.3961 0.2575 0.8814
vn -0.4748 0.4188 0.7741
vn 0.1913 -0.1296 0.9729
vn 0.0279 -0.1412 0.9896
vn 0.1137 -0.0276 0.9931
vn 0.0855 0.1561 0.9840
vn 0.0737 -0.1017 0.9921
vn 0.2086 -0.1828 0.9608
vn 0.2577 -0.0716 0.9636
vn 0.4357 -0.1169 0.8925
vn 0.3813 -0.2260 0.8964
vn 0.5283 -0.2152 0.8213
vn -0.1058 0.2355 0.9661
vn 0.1380 0.0108 0.9904
vn 0.2260 0.0966 0.9693
vn 0.5957 -0.0712 0.8000
vn 0.5792 0.0398 0.8142
vn -0.2930 0.3578 0.8867
vn 0.4133 -0.0174 0.9104
vn -0.1007 0.3373 0.9360
vn 0.0569 0.3200 0.9457
vn 0.1762 0.2578 0.9500
vn 0.3926 0.0948 0.9148
vn -0.1960 0.3042 0.9322
vn 0.0206 0.2727 0.9619
vn 0.3447 0.2455 0.9061
vn -0.6091 -0.6450 0.4616
vn -0.4531 -0.8279 0.3306
vn -0.4503 -0.6451 0.6174
vn -0.5708 -0.4036 0.7151
vn -0.6001 -0.7819 0.1686
vn -0.3667 -0.9172 0.1556
vn -0.7534 -0.5384 0.3775
vn -0.7563 -0.3084 0.5770
vn -0.8984 -0.3894 0.2029
vn -0.4783 -0.8772 -0.0419
vn -0.6789 -0.7336 -0.0314
vn -0.4560 -0.8402 -0.2933
vn -0.3672 -0.3852 0.8466
vn -0.3724 -0.9107 -0.1787
vn -0.2064 -0.9044 0.3733
vn -0.1840 -0.9805 0.0695
vn -0.2310 -0.9434 -0.2380
vn -0.9447 0.0920 0.3149
vn -0.8180 0.0037 0.5753
vn -0.8047 0.1214 0.5812
vn -0.9380 -0.0467 0.3436
vn -0.8102 -0.1879 0.5552
vn 0.1215 -0.9837 0.1325
vn -0.0131 -0.9887 -0.1492
vn 0.2437 -0.9636 0.1102
vn 0.1852 -0.9680 -0.1695
vn -0.0301 -0.9222 -0.3856
vn 0.1440 -0.9115 -0.3853
vn 0.0586 -0.9141 0.4012
vn 0.0430 -0.9989 -0.0183
vn -0.3867 -0.7501 0.5365
vn -0.3128 -0.9398 0.1379
vn -0.4096 -0.8808 0.2375
vn -0.4909 -0.8591 0.1446
vn -0.5542 -0.8100 0.1918
vn -0.3609 -0.7069 0.6082
vn 0.0243 -0.5856 0.8102
vn -0.3536 -0.8305 0.4304
vn -0.0624 -0.8180 0.5718
vn 0.3137 -0.6337 0.7071
vn 0.3887 -0.4029 0.8286
vn 0.5922 -0.5043 0.6285
vn 0.4284 -0.6984 0.5733
vn 0.1342 -0.8863 0.4432
vn -0.9047 0.2061 0.3728
vn 0.1756 -0.3433 0.9227
vn -0.7841 0.4128 0.4634
vn 0.6558 -0.1180 0.7457
vn 0.6825 -0.2603 0.6829
vn 0.5799 -0.3380 0.7412
vn -0.6376 0.4563 0.6208
vn -0.8443 0.4102 0.3447
vn 0.7250 0.0167 0.6886
vn 0.7260 0.1256 0.6762
vn -0.4508 0.3240 0.8318
vn 0.8072 0.0560 0.5876
vn 0.5431 0.1665 0.8230
vn -0.3046 -0.0100 0.9524
vn 0.2625 0.2823 0.9227
vn 0.5770 0.2512 0.7771
vn 0.0144 0.0145 0.9998
vn 0.2246 0.0660 0.9722
vn 0.5525 0.0994 0.8276
vn 0.7642 0.1685 0.6226
vn 0.8033 0.1798 0.5678
vn -0.4438 -0.2207 0.8686
vn -0.5486 -0.1680 0.8190
vn -0.6871 -0.3277 0.6485
vn 0.3296 -0.1649 0.9296
vn -0.0432 -0.1027 0.9938
vn -0.6373 -0.1725 0.7511
vn -0.5180 -0.2380 0.8216
vn -0.3354 -0.1115 0.9354
vn -0.1772 0.0122 0.9841
vn -0.1660 -0.0530 0.9847
vn 0.2183 -0.1446 0.9651
vn 0.6499 -0.2120 0.7299
vn 0.4741 -0.2079 0.8556
vn -0.8919 -0.1191 0.4362
vn -0.6816 -0.0725 0.7281
vn -0.0338 0.0097 0.9994
vn 0.1059 -0.0989 0.9894
vn -0.0716 -0.0322 0.9969
vn -0.3772 0.0038 0.9261
vn -0.0783 0.2493 0.9653
vn 0.1328 0.2580 0.9570
vn -0.1067 0.1053 0.9887
vn 0.1629 0.0783 0.9835
vn 0.1804 0.5130 0.8392
vn -0.0933 0.0408 0.9948
vn 0.3274 -0.1410 0.9343
vn 0.5748 -0.1762 0.7991
vn 0.3143 0.0946 0.9446
vn 0.3857 0.2739 0.8810
vn 0.5230 0.5818 0.6230
vn -0.0607 0.7288 0.6820
vn -0.0608 0.5410 0.8388
vn -0.2391 0.4490 0.8609
vn -0.5047 0.4765 0.7199
vn 0.7049 -0.2613 0.6594
vn 0.8209 -0.1950 0.5367
vn -0.6308 0.0855 0.7712
vn -0.5035 0.1002 0.8582
vn -0.7910 0.2372 0.5640
vn -0.1975 0.0389 0.9795
vn 0.0996 -0.0819 0.9917
vn 0.4362 -0.0544 0.8982
vn 0.6088 -0.0407 0.7923
vn 0.5320 0.0380 0.8459
vn 0.7157 -0.1289 0.6864
vn -0.4751 0.1422 0.8684
vn -0.1668 0.0949 0.9814
vn 0.1865 0.1113 0.9761
vn -0.3963 0.1043 0.9122
vn -0.6638 0.1754 0.7271
vn -0.8747 0.1614 0.4569
vn -0.9618 0.1493 0.2294
vn -0.0431 0.0945 0.9946
vn 0.2320 0.0345 0.9721
vn 0.7505 -0.0244 0.6605
vn -0.1692 0.1513 0.9739
vn -0.5471 0.1306 0.8268
vn 0.2765 0.1839 0.9433
vn 0.6057 0.1336 0.7844
vn -0.3605 0.1831 0.9146
vn 0.2730 0.0754 0.9591
vn 0.6652 0.1866 0.7230
vn -0.7139 0.2254 0.6630
vn 0.3598 0.0735 0.9301
vn 0.7566 0.0669 0.6505
vn -0.4867 0.3078 0.8176
vn -0.0244 0.1807 0.9832
vn 0.2535 0.2042 0.9455
vn -0.2568 0.2804 0.9249
vn 0.6087 0.1461 0.7798
vn -0.2235 0.3972 0.8901
vn -0.0196 0.3176 0.9480
vn 0.1798 0.3454 0.9211
vn 0.0078 0.4427 0.8966
vn 0.4458 0.2825 0.8494
vn 0.8456 0.1367 0.5160
vn 0.6488 0.3132 0.6935
vn 0.2716 0.4347 0.8586
vn -0.7867 -0.5928 -0.1727
vn -0.5346 -0.8035 -0.2621
vn -0.3163 -0.8814 -0.3508
vn -0.2970 -0.8422 -0.4499
vn -0.0980 -0.8511 -0.5158
vn -0.9867 -0.1608 0.0233
vn -0.9965 -0.0729 0.0401
vn -0.9064 -0.3961 -0.1469
vn -0.3615 -0.8554 -0.3708
vn -0.2782 -0.8452 -0.4562
vn -0.2350 -0.8343 -0.4987
vn 0.1443 -0.8534 -0.5008
vn 0.2405 -0.8235 -0.5139
vn -0.9697 0.0143 0.2440
vn -0.9749 -0.1463 0.1678
vn 0.0230 -0.9111 -0.4116
vn -0.2930 -0.8080 -0.5111
vn -0.4611 -0.8718 -0.1653
vn -0.4245 -0.8187 -0.3868
vn -0.6985 -0.6678 -0.2572
vn -0.5037 -0.8541 -0.1299
vn -0.6919 -0.7194 -0.0613
vn -0.5533 -0.7936 -0.2531
vn -0.4432 -0.8963 0.0156
vn -0.2656 -0.9264 0.2670
vn -0.1058 -0.9892 0.1012
vn 0.2462 -0.9127 0.3262
vn -0.3367 -0.9177 -0.2109
vn 0.0517 -0.9934 -0.1023
vn 0.3195 -0.9238 0.2109
vn -0.8804 0.3449 0.3255
vn 0.7778 -0.4304 0.4581
vn 0.7936 -0.0902 0.6017
vn 0.8493 -0.2472 0.4665
vn 0.9005 -0.0249 0.4342
vn 0.9483 -0.1443 0.2827
vn 0.8895 0.1162 0.4419
vn 0.9522 0.0604 0.2996
vn -0.6335 0.3485 0.6908
vn -0.6321 0.1395 0.7623
vn -0.7383 0.1788 0.6503
vn -0.7310 -0.0443 0.6809
vn -0.6900 -0.3841 0.6135
vn -0.8206 -0.3403 0.4591
vn -0.8356 -0.2613 0.4832
vn 0.7195 -0.0197 0.6943
vn -0.9798 -0.0810 0.1830
vn -0.9476 -0.2000 0.2492
vn 0.8975 -0.1803 0.4025
vn -0.7980 -0.0019 0.6027
vn -0.6171 0.7457 0.2513
vn 0.9320 -0.2075 0.2972
vn -0.7434 0.1664 0.6479
vn -0.9172 0.1864 0.3521
vn -0.8854 0.0587 0.4612
vn -0.9581 -0.0194 0.2856
vn 0.7409 0.2082 0.6385
vn 0.9621 0.2135 0.1697
vn 0.8735 0.3593 0.3286
vn 0.9504 0.2983 0.0879
vn 0.9538 0.2336 -0.1889
vn 0.8992 0.4308 0.0768
vn 0.3270 0.8773 0.3515
vn 0.3004 0.9493 0.0929
vn 0.0261 0.9978 -0.0602
vn 0.8885 0.4304 -0.1594
vn -0.8968 0.3577 0.2606
vn -0.3296 0.8769 0.3499
vn -0.8702 0.4738 0.1353
vn 0.9512 -0.0629 0.3021
vn -0.9669 0.2131 0.1402
vn 0.8779 0.0131 0.4787
vn -0.8556 0.2083 0.4738
vn 0.8954 0.1288 0.4262
vn -0.9726 0.1238 0.1968
vn 0.9030 0.2324 0.3613
vn 0.9778 0.1487 0.1477
vn 0.9796 0.0916 0.1786
vn -0.8864 0.2360 0.3983
vn -0.1742 0.1870 0.9668
vn -0.5584 0.1674 0.8125
vn -0.7939 0.1717 0.5833
vn -0.8743 0.2778 0.3981
vn 0.2266 0.3523 0.9080
vn 0.5185 0.2982 0.8014
vn 0.7896 0.3447 0.5076
vn 0.9649 0.2602 0.0354
vn -0.4112 0.4518 0.7917
vn -0.6837 0.3813 0.6223
vn -0.1820 0.5190 0.8352
vn 0.8489 0.2450 0.4684
vn -0.1320 0.4865 0.8637
vn 0.3274 0.6163 0.7162
vn 0.6070 0.4978 0.6194
vn -0.6202 0.3518 0.7011
vn -0.2279 0.6942 0.6827
vn 0.5692 0.7682 0.2929
vn -0.6539 0.5335 0.5365
vn 0.1884 0.8024 0.5662
vn -0.8244 0.5208 0.2218
vn -0.4798 0.8257 0.2967
vn -0.0854 0.9365 0.3400
vn 0.2784 0.9270 0.2511
vn 0.4085 0.9039 -0.1272
vn 0.8977 0.3996 0.1855
vn 0.7845 0.5575 0.2715
vn -0.5212 0.5345 0.6654
vn -0.7472 0.4212 0.5141
vn -0.2446 0.6052 0.7575
vn 0.0715 0.5441 0.8359
vn 0.4696 0.4643 0.7510
vn 0.1577 0.6023 0.7825
vn -0.9359 -0.3496 0.0421
vn -0.7482 -0.6524 -0.1206
vn -0.5533 -0.7564 -0.3489
vn -0.1200 -0.8941 -0.4315
vn -0.1835 -0.8599 -0.4764
vn -0.4574 -0.8432 -0.2825
vn -0.2088 -0.8655 -0.4553
vn -0.0948 -0.9029 -0.4193
vn 0.1990 -0.8848 -0.4213
vn -0.7692 -0.6159 -0.1702
vn -0.6330 -0.7495 -0.1937
vn -0.6471 -0.6801 -0.3446
vn -0.3994 -0.8325 -0.3839
vn -0.1387 -0.8659 -0.4805
vn 0.1439 -0.9327 -0.3307
vn -0.0495 -0.8424 -0.5366
vn 0.0911 -0.8269 -0.5550
vn -0.7364 -0.6317 -0.2421
vn 0.5120 -0.7844 0.3502
vn 0.4417 -0.8944 -0.0700
vn 0.2562 -0.8964 -0.3617
vn 0.6956 -0.6733 0.2508
vn 0.6161 -0.7695 -0.1679
vn 0.8160 -0.5681 0.1071
vn 0.9209 -0.3551 0.1609
vn 0.7310 -0.6526 -0.1992
vn 0.9893 -0.0777 0.1234
vn 0.9671 -0.2510 -0.0410
vn -0.8202 0.2101 0.5321
vn 0.9131 0.1810 0.3653
vn 0.9819 0.1583 0.1042
vn 0.9966 0.0680 0.0466
vn 0.9807 0.1048 -0.1652
vn -0.8633 -0.0735 0.4992
vn 0.9567 0.1403 0.2549
vn -0.9103 -0.2601 0.3221
vn 0.8998 0.0343 0.4350
vn 0.9865 -0.0851 0.1401
vn -0.9810 0.0961 0.1686
vn -0.9944 -0.0148 -0.1049
vn -0.9903 0.1218 -0.0667
vn -0.0284 0.9996 -0.0009
vn 0.6612 0.7206 -0.2086
vn -0.1940 0.9790 -0.0623
vn -0.6480 0.7554 0.0967
vn -0.7458 0.6287 0.2200
vn -0.3769 0.9192 0.1139
vn -0.9551 0.2958 0.0195
vn 0.9715 0.1893 -0.1423
vn 0.9879 -0.1294 0.0849
vn 0.9945 -0.0138 -0.1035
vn 0.7777 0.2002 -0.5959
vn -0.9847 0.1607 0.0673
vn -0.9017 0.4131 0.1273
vn 0.9211 0.1845 -0.3429
vn -0.7967 0.4824 -0.3641
vn -0.9381 0.3324 0.0969
vn 0.9518 0.1662 -0.2578
vn -0.9804 0.1937 0.0365
vn 0.9511 0.2079 0.2283
vn 0.6989 0.4553 -0.5516
vn 0.6806 0.5519 -0.4819
vn 0.9081 0.3483 -0.2325
vn -0.5443 0.8372 -0.0530
vn -0.0353 0.9992 -0.0166
vn -0.8134 0.5706 -0.1131
vn -0.0592 0.9612 -0.2694
vn 0.7309 0.6755 -0.0969
vn -0.4477 0.7680 -0.4581
vn 0.0537 0.8367 -0.5451
vn 0.5045 0.7642 -0.4019
vn -0.3633 0.5847 -0.7253
vn 0.2828 0.6561 -0.6997
vn -0.0595 0.5572 -0.8282
vn -0.3475 0.4924 -0.7980
vn 0.3176 0.5166 -0.7951
vn 0.8648 0.4894 -0.1121
vn -0.7807 0.5021 0.3721
vn -0.9069 0.3490 0.2360
vn -0.9198 0.3818 0.0904
vn -0.5358 0.6173 0.5761
vn -0.6362 0.6586 0.4020
vn -0.3355 0.7185 0.6092
vn 0.0498 0.7272 0.6846
vn 0.4427 0.6386 0.6294
vn 0.7740 0.3874 0.5009
vn 0.7736 0.4987 0.3909
vn -0.7351 -0.6719 0.0903
vn -0.3230 -0.9360 -0.1398
vn -0.1599 -0.8772 -0.4527
vn -0.4345 -0.8910 0.1314
vn -0.7503 -0.5759 0.3247
vn -0.1150 -0.9353 -0.3348
vn -0.0549 -0.9617 -0.2686
vn -0.9524 0.0240 0.3039
vn -0.9261 -0.2564 0.2769
vn -0.8578 -0.3420 0.3837
vn -0.2457 -0.9021 -0.3546
vn -0.3075 -0.9157 -0.2587
vn -0.0942 -0.9698 -0.2252
vn -0.4643 -0.7233 -0.5111
vn -0.1573 -0.7310 -0.6640
vn 0.3979 -0.8641 -0.3083
vn 0.2117 -0.8215 -0.5295
vn 0.3284 -0.8603 -0.3899
vn 0.3232 -0.9311 -0.1693
vn -0.3782 -0.7559 -0.5343
vn -0.3356 -0.8645 -0.3742
vn -0.1349 -0.7736 -0.6192
vn -0.2992 -0.9056 -0.3005
vn 0.2873 -0.8989 -0.3309
vn -0.1912 -0.9445 -0.2670
vn 0.8791 -0.4645 -0.1067
vn 0.8105 -0.5079 -0.2917
vn -0.8981 0.4191 0.1330
vn 0.8991 -0.3878 -0.2032
vn 0.9609 -0.2116 -0.1784
vn 0.9934 -0.0471 -0.1045
vn -0.9088 0.1566 0.3867
vn 0.9924 0.1167 -0.0401
vn -0.9335 -0.0678 0.3520
vn -0.9505 -0.2413 0.1956
vn -0.9554 -0.1974 0.2197
vn 0.9792 -0.1177 -0.1655
vn -0.9936 -0.1090 0.0297
vn -0.9933 -0.1037 0.0504
vn 0.7598 0.6130 -0.2166
vn 0.5795 0.8077 -0.1086
vn 0.9138 0.2438 -0.3247
vn -0.2214 0.9689 0.1108
vn -0.0467 0.9977 0.0481
vn -0.5849 0.7874 0.1948
vn 0.8092 0.4060 -0.4247
vn -0.8328 0.4886 0.2604
vn -0.8965 0.3129 -0.3137
vn -0.7684 0.4548 -0.4502
vn -0.5604 0.4904 -0.6675
vn 0.7691 0.2145 -0.6020
vn 0.0453 0.4291 -0.9021
vn -0.1636 0.4483 -0.8788
vn 0.2814 0.4274 -0.8591
vn 0.8216 0.3119 -0.4772
vn 0.5820 0.3896 -0.7138
vn 0.4481 0.3156 -0.8365
vn -0.9563 0.1439 -0.2544
vn -0.9639 0.1879 -0.1888
vn -0.8698 0.0991 -0.4834
vn 0.9938 0.1093 -0.0215
vn 0.9287 0.0976 -0.3579
vn -0.9334 0.3421 -0.1085
vn -0.8392 0.5049 0.2020
vn 0.9921 0.1133 -0.0531
vn -0.3651 0.8024 0.4720
vn -0.0464 0.8424 0.5369
vn -0.7372 0.6467 0.1957
vn 0.3424 0.7852 0.5160
vn 0.9221 0.3644 0.1300
vn 0.5732 0.7296 0.3730
vn 0.7764 0.6068 0.1703
vn -0.6318 -0.6790 0.3739
vn -0.8115 -0.4751 0.3402
vn -0.1428 -0.9888 -0.0437
vn 0.0599 -0.9948 -0.0825
vn -0.2644 -0.9306 0.2532
vn 0.0056 -0.9837 0.1797
vn -0.5352 -0.7901 0.2986
vn -0.1035 -0.9927 -0.0625
vn -0.9512 0.1467 0.2715
vn -0.3340 -0.9306 0.1499
vn -0.3845 -0.9223 0.0391
vn -0.2643 -0.9605 -0.0869
vn -0.3378 -0.9266 0.1653
vn -0.1233 -0.9922 0.0158
vn 0.1713 -0.9736 -0.1507
vn -0.2655 -0.8946 0.3596
vn 0.0309 -0.9946 0.0991
vn 0.4585 -0.8804 -0.1214
vn 0.3913 -0.9202 -0.0143
vn 0.3999 -0.9042 0.1499
vn 0.0157 -0.9398 0.3414
vn 0.3143 -0.9203 0.2329
vn -0.0367 -0.9620 0.2707
vn -0.6817 -0.7226 -0.1146
vn -0.5192 -0.8398 0.1587
vn -0.6599 -0.7437 -0.1076
vn -0.5032 -0.8632 0.0414
vn -0.1974 -0.8925 0.4055
vn -0.2566 -0.9367 0.2383
vn 0.1093 -0.9194 0.3778
vn -0.1338 -0.9144 0.3822
vn -0.4303 -0.8875 0.1651
vn -0.2366 -0.8430 0.4831
vn -0.2811 -0.8472 0.4508
vn -0.5395 -0.7980 -0.2687
vn -0.5338 -0.7504 -0.3899
vn -0.5216 -0.8290 -0.2017
vn -0.1814 -0.9289 0.3229
vn -0.2966 -0.9534 0.0547
vn -0.4680 -0.8690 -0.1609
vn -0.4317 -0.8530 -0.2931
vn -0.3253 -0.8939 -0.3085
vn -0.4607 -0.8747 -0.1505
vn -0.3727 -0.9074 -0.1943
vn -0.3234 -0.9315 -0.1668
vn -0.0176 -0.9677 -0.2516
vn 0.3141 -0.8938 -0.3200
vn 0.9050 -0.3044 -0.2971
vn 0.9606 -0.0873 -0.2640
vn -0.8940 0.3725 0.2489
vn -0.9610 0.1237 0.2473
vn -0.9618 -0.0547 0.2681
vn 0.9441 0.0283 -0.3286
vn -0.9727 -0.1299 0.1923
vn -0.9556 0.1320 -0.2633
vn -0.9923 0.0867 -0.0881
vn -0.8832 0.0561 -0.4657
vn 0.9680 -0.1628 -0.1911
vn -0.9766 0.0205 -0.2143
vn -0.8317 0.1972 -0.5191
vn -0.8118 0.0286 -0.5832
vn 0.4738 0.8522 -0.2220
vn 0.2916 0.9534 -0.0775
vn -0.4331 0.8806 0.1923
vn 0.9300 -0.0216 -0.3670
vn 0.5173 0.4918 -0.7003
vn 0.5267 0.7679 -0.3644
vn -0.6697 0.7064 0.2293
vn -0.5587 0.3533 -0.7504
vn -0.1229 0.3266 -0.9371
vn -0.4438 0.1787 -0.8781
vn 0.3306 0.3040 -0.8935
vn -0.7059 0.6774 0.2070
vn -0.6862 0.7212 0.0945
vn -0.7466 0.5985 -0.2905
vn -0.9175 0.3289 -0.2236
vn 0.9574 0.1005 -0.2706
vn 0.8860 0.1242 -0.4468
vn 0.1921 0.3046 -0.9329
vn -0.0284 0.2537 -0.9669
vn 0.2665 0.2358 -0.9346
vn 0.5282 0.2132 -0.8219
vn 0.5265 0.1654 -0.8339
vn -0.5558 0.3063 -0.7728
vn -0.7980 0.1021 -0.5939
vn -0.5395 0.0453 -0.8408
vn -0.5729 0.1993 -0.7950
vn -0.3139 0.1801 -0.9322
vn 0.6968 0.0953 -0.7109
vn 0.6028 0.2332 -0.7630
vn -0.6280 -0.0219 -0.7779
vn -0.1581 -0.0592 -0.9856
vn 0.3357 0.0990 -0.9368
vn 0.3762 -0.0949 -0.9217
vn 0.7844 0.0051 -0.6203
vn -0.8497 0.1541 -0.5042
vn -0.5531 0.7860 0.2762
vn -0.6085 0.7921 -0.0477
vn -0.8483 0.5295 0.0067
vn -0.8497 0.4910 -0.1923
vn -0.8517 0.3299 -0.4071
vn 0.9726 0.0923 -0.2132
vn -0.2919 0.9135 0.2835
vn 0.1698 0.9324 0.3189
vn -0.1272 0.9918 -0.0104
vn -0.7117 0.5768 -0.4010
vn 0.3004 0.9506 -0.0780
vn 0.9204 0.3235 -0.2197
vn 0.5330 0.8373 0.1220
vn 0.7550 0.6485 -0.0971
vn 0.4945 0.7851 -0.3731
vn -0.7014 -0.6417 0.3104
vn -0.4306 -0.8863 0.1705
vn -0.9390 -0.1039 0.3279
vn -0.9242 -0.2801 0.2596
vn -0.4418 -0.8461 0.2981
vn -0.1999 -0.9471 0.2510
vn 0.0551 -0.9023 0.4277
vn -0.2703 -0.9243 0.2694
vn -0.0802 -0.9428 0.3237
vn -0.0022 -0.9641 0.2654
vn -0.9317 0.3018 0.2022
vn -0.1608 -0.9013 0.4023
vn -0.4446 -0.8487 0.2865
vn -0.5707 -0.7363 0.3636
vn -0.0994 -0.8400 0.5333
vn -0.3586 -0.9315 0.0612
vn -0.1499 -0.9098 0.3871
vn -0.3578 -0.8821 0.3064
vn -0.5438 -0.8392 -0.0009
vn -0.1320 -0.8676 0.4794
vn -0.2656 -0.9117 0.3136
vn -0.3086 -0.9040 0.2958
vn -0.1276 -0.8350 0.5352
vn -0.2673 -0.8619 0.4309
vn -0.0807 -0.8456 0.5277
vn -0.5007 -0.8655 0.0181
vn -0.3274 -0.9449 -0.0010
vn -0.4549 -0.8699 0.1907
vn -0.2031 -0.9097 0.3622
vn -0.2998 -0.9520 0.0612
vn 0.5757 -0.7588 -0.3046
vn 0.7884 -0.4935 -0.3672
vn -0.9295 0.3009 0.2135
vn -0.9816 0.1887 0.0299
vn -0.9785 -0.0663 0.1951
vn -0.9960 0.0122 0.0880
vn -0.9702 0.2422 0.0116
vn -0.9181 0.3199 -0.2339
vn -0.9769 0.1581 0.1440
vn -0.8241 0.2783 -0.4934
vn -0.8203 0.5268 -0.2228
vn -0.7134 0.4298 -0.5535
vn -0.8079 0.5829 0.0872
vn -0.9157 0.3624 0.1736
vn -0.7036 0.6402 0.3084
vn -0.6799 0.0946 -0.7271
vn -0.2974 0.2394 -0.9242
vn -0.4142 0.4648 -0.7826
vn -0.4937 0.6526 -0.5748
vn 0.0159 0.6267 -0.7791
vn 0.0992 0.3470 -0.9326
vn 0.2017 0.9021 -0.3815
vn 0.5187 0.6490 -0.5565
vn 0.3566 0.9186 -0.1700
vn 0.1178 0.9888 0.0918
vn -0.0260 0.9233 0.3833
vn -0.3297 0.8222 0.4641
vn -0.5044 0.7916 0.3448
vn -0.2686 0.9083 0.3208
vn 0.2167 0.9746 -0.0557
vn -0.4500 0.7735 0.4464
vn -0.4654 0.8323 0.3012
vn -0.2705 0.7325 0.6247
vn -0.2075 0.7631 0.6120
vn 0.8526 0.1914 -0.4861
vn -0.3217 0.9090 -0.2648
vn -0.1785 0.9538 -0.2416
vn -0.1811 0.9709 -0.1566
vn -0.3233 0.5639 -0.7599
vn -0.1702 0.3074 -0.9362
vn -0.0168 0.3722 -0.9280
vn 0.1515 0.2526 -0.9556
vn 0.5324 0.4351 -0.7261
vn 0.0445 0.1548 -0.9869
vn -0.4872 -0.0657 -0.8708
vn -0.6740 0.1506 -0.7232
vn -0.3398 -0.0256 -0.9401
vn 0.3147 -0.1946 -0.9290
vn -0.6224 0.3215 -0.7136
vn -0.4627 0.7507 -0.4715
vn -0.0068 -0.0349 -0.9994
vn -0.2999 0.1689 -0.9389
vn 0.0275 0.3306 -0.9434
vn 0.7545 -0.0294 -0.6557
vn -0.0075 0.8959 -0.4442
vn 0.0458 0.6801 -0.7317
vn -0.3313 0.4774 -0.8139
vn 0.7327 0.5438 -0.4091
vn 0.7436 0.2539 -0.6185
vn 0.3804 0.1370 -0.9146
vn 0.4423 0.5180 -0.7321
vn -0.9913 0.0065 0.1317
vn -0.9868 -0.1608 0.0172
vn -0.7959 -0.5421 0.2697
vn -0.5373 -0.7830 0.3134
vn -0.1234 -0.8823 0.4543
vn 0.0659 -0.8734 0.4824
vn -0.1725 -0.9143 0.3663
vn 0.1237 -0.8757 0.4668
vn -0.4201 -0.8795 0.2235
vn 0.0845 -0.9253 0.3698
vn -0.5539 -0.8096 0.1946
vn -0.5844 -0.7265 0.3615
vn -0.4105 -0.8088 0.4212
vn -0.9776 0.1982 0.0710
vn -0.9499 0.3124 0.0135
vn -0.2885 -0.8649 0.4107
vn 0.0042 -0.9326 0.3609
vn -0.0226 -0.9061 0.4225
vn 0.2901 -0.9314 0.2200
vn -0.0333 -0.9611 0.2740
vn 0.2870 -0.9173 0.2761
vn -0.1954 -0.9720 0.1305
vn 0.0697 -0.9949 -0.0731
vn 0.3272 -0.9450 -0.0018
vn 0.6561 -0.6880 -0.3100
vn 0.3890 -0.8936 -0.2240
vn 0.8817 -0.2695 -0.3874
vn -0.9294 0.3659 -0.0476
vn 0.9198 0.1416 -0.3659
vn 0.9248 0.0631 -0.3752
vn -0.9844 -0.0665 0.1628
vn 0.8458 0.2130 -0.4891
vn -0.9924 -0.0415 0.1157
vn -0.8787 0.3736 0.2972
vn -0.6802 0.7277 -0.0888
vn -0.4346 0.7443 0.5071
vn -0.6168 0.6007 0.5086
vn 0.9090 -0.1723 -0.3795
vn -0.4726 0.8649 0.1690
vn -0.3376 0.5540 0.7610
vn -0.6745 0.5244 0.5196
vn -0.2582 0.7703 -0.5831
vn -0.5387 0.8425 0.0071
vn -0.4960 0.8654 0.0714
vn -0.2301 0.7152 0.6599
vn -0.0344 0.9991 -0.0228
vn -0.0427 0.9982 -0.0416
vn 0.0753 0.9954 -0.0595
vn -0.1652 0.8321 0.5294
vn -0.2312 0.6333 0.7385
vn 0.8596 0.3424 -0.3792
vn 0.9469 0.0617 -0.3154
vn -0.1553 0.6071 0.7793
vn -0.1265 0.3618 0.9236
vn 0.1402 0.6188 0.7729
vn 0.1716 0.2760 0.9457
vn 0.2122 0.9739 -0.0809
vn 0.0193 0.8803 0.4741
vn 0.1335 0.9738 0.1839
vn 0.3549 0.8947 0.2711
vn 0.5455 0.8287 0.1249
vn 0.3416 0.6988 0.6285
vn 0.2801 0.7996 -0.5311
vn 0.4898 0.7784 -0.3927
vn 0.7086 0.6636 0.2398
vn 0.5374 0.5856 0.6068
vn 0.1181 0.5719 -0.8118
vn 0.5325 0.8459 0.0301
vn 0.2327 0.7531 -0.6154
vn 0.1085 0.5653 -0.8177
vn 0.7412 0.4118 -0.5301
vn -0.1992 0.6443 -0.7384
vn 0.1153 0.7574 -0.6427
vn 0.4611 0.6765 -0.5742
vn -0.7071 -0.7049 0.0558
vn -0.8605 -0.4659 -0.2061
vn -0.9195 -0.3919 0.0293
vn -0.9927 0.0617 -0.1033
vn -0.9537 -0.1638 -0.2521
vn -0.9515 0.0724 -0.2990
vn -0.2406 -0.9498 0.1998
vn -0.0014 -0.9199 0.3922
vn -0.2604 -0.8189 0.5114
vn -0.0050 -0.9847 0.1740
vn -0.1367 -0.9627 0.2336
vn -0.2933 -0.8325 0.4700
vn -0.9601 0.2071 -0.1877
vn -0.0068 -0.9088 0.4173
vn 0.5652 -0.8232 0.0541
vn 0.5653 -0.7868 0.2476
vn 0.4346 -0.8908 0.1325
vn 0.2155 -0.9576 0.1911
vn 0.4159 -0.9016 -0.1190
vn 0.6792 -0.6950 -0.2358
vn 0.7400 -0.6565 -0.1461
vn 0.6830 -0.7258 0.0825
vn 0.1355 -0.9677 0.2128
vn 0.7030 -0.6851 -0.1910
vn 0.5621 -0.8174 -0.1262
vn 0.7269 -0.6824 0.0767
vn 0.7842 -0.6117 -0.1042
vn 0.7753 -0.5135 -0.3676
vn -0.9021 0.3305 -0.2774
vn -0.9204 0.3884 -0.0448
vn -0.8763 0.4494 -0.1737
vn 0.7922 -0.3582 -0.4941
vn 0.8227 -0.2022 -0.5314
vn 0.9049 -0.0746 -0.4191
vn -0.7978 0.4257 -0.4269
vn -0.8717 0.3293 -0.3630
vn 0.8733 0.1876 -0.4496
vn 0.8674 0.1809 -0.4636
vn -0.9705 0.1632 -0.1775
vn -0.9751 -0.1047 -0.1954
vn 0.8939 -0.0065 -0.4482
vn 0.8295 -0.1874 -0.5261
vn -0.9734 0.1910 0.1266
vn -0.8928 0.3818 0.2389
vn -0.9536 0.2781 0.1156
vn 0.9113 -0.1777 -0.3715
vn -0.4290 0.3679 0.8250
vn -0.8256 0.3842 0.4133
vn 0.6905 0.5868 0.4229
vn 0.6246 0.4518 0.6370
vn 0.0675 0.9075 -0.4145
vn 0.2345 0.9527 0.1931
vn 0.5340 0.6474 0.5437
vn 0.4400 0.8233 0.3585
vn 0.1972 0.9800 0.0265
vn 0.5238 0.7016 0.4831
vn 0.0232 0.9480 -0.3173
vn 0.6789 0.6269 -0.3822
vn 0.8437 0.4966 -0.2038
vn 0.3322 0.8625 -0.3817
vn 0.6118 0.7805 -0.1288
vn 0.7024 0.7000 0.1287
vn 0.9439 0.2108 -0.2542
vn -0.0542 0.2374 0.9699
vn 0.4817 0.3663 0.7961
vn 0.2232 0.2914 0.9302
vn -0.3621 0.2989 0.8829
vn -0.6709 0.2930 0.6812
vn -0.0694 0.3693 0.9267
vn 0.1063 0.4698 0.8764
vn -0.5264 -0.8471 -0.0726
vn -0.7776 -0.5525 -0.3000
vn -0.8730 -0.2114 -0.4396
vn -0.0892 -0.9927 -0.0811
vn -0.0304 -0.9779 -0.2070
vn -0.9016 -0.0023 -0.4326
vn -0.5021 -0.8545 0.1332
vn -0.5721 -0.7973 -0.1922
vn -0.4423 -0.8965 -0.0260
vn -0.3566 -0.8676 -0.3467
vn -0.5802 -0.5827 -0.5690
vn -0.5544 -0.7614 -0.3359
vn -0.3218 -0.9241 0.2060
vn -0.5258 -0.8494 -0.0453
vn -0.0747 -0.9008 0.4278
vn 0.0768 -0.9913 0.1068
vn -0.0978 -0.9806 0.1701
vn -0.8692 0.1706 -0.4641
vn 0.4171 -0.7823 -0.4627
vn 0.6166 -0.6761 -0.4035
vn 0.7516 -0.5036 -0.4260
vn -0.8218 0.3148 -0.4748
vn 0.7217 -0.2997 -0.6240
vn -0.7096 0.4030 -0.5780
vn 0.8284 -0.0344 -0.5590
vn 0.8395 0.1523 -0.5217
vn -0.7107 0.2097 -0.6715
vn -0.8951 0.0343 -0.4446
vn 0.8577 0.0050 -0.5141
vn -0.9834 -0.1532 -0.0974
vn -0.9999 0.0019 0.0164
vn -0.9736 0.2098 -0.0895
vn -0.9371 0.3237 0.1308
vn -0.9710 0.2304 0.0636
vn 0.6460 -0.1845 -0.7407
vn 0.8298 -0.1659 -0.5328
vn 0.9372 0.0270 -0.3477
vn 0.8543 0.0346 -0.5187
vn 0.8895 0.2261 -0.3971
vn -0.8198 0.3587 0.4464
vn 0.9130 0.3899 -0.1205
vn 0.8602 0.5038 0.0786
vn -0.6582 0.4221 0.6234
vn -0.9256 0.3179 0.2055
vn -0.7846 0.4265 0.4499
vn 0.7304 0.3383 0.5934
vn 0.6942 0.5078 0.5101
vn 0.9202 0.3810 0.0900
vn -0.4154 0.4015 0.8163
vn -0.5210 0.5256 0.6725
vn 0.6352 0.3440 0.6915
vn -0.2538 0.4688 0.8460
vn 0.3913 0.3558 0.8487
vn -0.1805 0.5664 0.8041
vn 0.3523 0.5092 0.7852
vn -0.7529 -0.3102 -0.5805
vn -0.5622 -0.6419 -0.5214
vn -0.5144 -0.4045 -0.7561
vn -0.3176 -0.9089 -0.2702
vn -0.2086 -0.7156 -0.6666
vn -0.0066 -0.9221 -0.3869
vn -0.7998 -0.0616 -0.5971
vn -0.6096 -0.1559 -0.7772
vn -0.3168 -0.3666 -0.8748
vn 0.0623 -0.8426 -0.5349
vn 0.0852 -0.7687 -0.6340
vn 0.0531 -0.6735 -0.7372
vn 0.0003 -0.5274 -0.8496
vn -0.1384 -0.4307 -0.8918
vn -0.3260 -0.7004 -0.6349
vn -0.3599 -0.5042 -0.7850
vn -0.4955 -0.5063 -0.7058
vn -0.3149 -0.9476 -0.0535
vn -0.2710 -0.9331 -0.2362
vn -0.4077 -0.7155 -0.5673
vn -0.0017 -0.9882 -0.1529
vn -0.1392 -0.8526 -0.5037
vn 0.0703 -0.7909 -0.6079
vn -0.7523 0.0385 -0.6577
vn 0.3271 -0.9333 -0.1479
vn 0.2025 -0.9132 -0.3538
vn 0.5843 -0.5677 -0.5799
vn 0.4141 -0.5543 -0.7220
vn 0.2744 -0.7157 -0.6422
vn -0.6621 0.1203 -0.7397
vn 0.5377 -0.4270 -0.7270
vn 0.6229 -0.3136 -0.7167
vn 0.6914 -0.4132 -0.5927
vn 0.3547 -0.3845 -0.8522
vn -0.6974 0.2499 -0.6717
vn -0.5200 0.3653 -0.7721
vn 0.7349 -0.1807 -0.6537
vn -0.6493 0.3874 -0.6545
vn -0.4739 0.3128 -0.8231
vn -0.4471 0.1552 -0.8809
vn -0.2856 0.2807 -0.9163
vn 0.7785 0.1680 -0.6047
vn 0.7687 0.0249 -0.6391
vn 0.6547 0.1560 -0.7396
vn 0.5191 0.1135 -0.8472
vn -0.7084 -0.0426 -0.7045
vn -0.4945 -0.0784 -0.8656
vn -0.8201 -0.2227 -0.5270
vn -0.5981 -0.2827 -0.7499
vn -0.9083 -0.1787 -0.3783
vn 0.7520 -0.0076 -0.6591
vn 0.6630 -0.0596 -0.7463
vn 0.6982 0.0723 -0.7123
vn -0.9774 -0.0468 -0.2062
vn -0.9922 0.1017 -0.0722
vn -0.9517 0.0645 -0.3001
vn -0.8781 -0.0594 -0.4749
vn 0.7446 -0.1700 -0.6455
vn 0.9050 0.2083 -0.3709
vn -0.9068 0.3415 0.2472
vn 0.8082 0.3733 0.4554
vn 0.9164 0.3749 0.1398
vn 0.9393 0.2899 -0.1837
vn -0.8120 0.3726 0.4493
vn 0.0681 0.6164 0.7845
vn -0.1675 0.6597 0.7326
vn 0.6523 0.4273 0.6260
vn 0.8836 0.3954 0.2507
vn 0.1579 0.6682 0.7270
vn 0.4886 0.5862 0.6463
vn 0.8232 0.4431 0.3550
vn -0.3415 -0.1235 -0.9317
vn -0.1637 -0.2689 -0.9491
vn -0.2357 -0.1895 -0.9532
vn -0.3023 -0.5882 -0.7501
vn -0.0847 -0.5945 -0.7996
vn -0.2626 -0.4437 -0.8568
vn -0.5265 -0.0134 -0.8500
vn -0.1751 -0.1094 -0.9785
vn -0.4118 -0.3219 -0.8525
vn -0.3944 -0.3485 -0.8503
vn -0.1877 -0.3109 -0.9317
vn -0.0084 -0.3557 -0.9346
vn 0.0432 -0.5551 -0.8307
vn 0.2260 -0.5849 -0.7790
vn 0.1730 -0.4129 -0.8942
vn -0.4543 0.1692 -0.8746
vn -0.3089 0.0004 -0.9511
vn -0.3173 -0.2418 -0.9170
vn 0.4997 -0.3307 -0.8006
vn -0.2514 0.0499 -0.9666
vn 0.5518 -0.2577 -0.7932
vn -0.3233 0.2206 -0.9202
vn 0.5914 -0.1322 -0.7955
vn -0.2295 0.2269 -0.9465
vn -0.2139 0.2025 -0.9556
vn -0.2624 0.0234 -0.9647
vn -0.4199 -0.2281 -0.8784
vn -0.5720 -0.3722 -0.7309
vn -0.4166 -0.3804 -0.8257
vn -0.2670 -0.3432 -0.9005
vn -0.7462 -0.2798 -0.6042
vn 0.4557 -0.1084 -0.8835
vn -0.8983 0.1594 -0.4095
vn -0.7026 -0.0178 -0.7114
vn 0.6379 -0.2161 -0.7392
vn -0.9669 0.2502 -0.0508
vn -0.9126 0.2248 -0.3415
vn -0.7976 0.1641 -0.5805
vn 0.7152 0.0356 -0.6980
vn -0.9586 0.2671 -0.0991
vn 0.8372 0.1700 -0.5198
vn 0.9008 0.3607 -0.2418
vn 0.8233 0.2637 -0.5026
vn 0.9249 0.3637 -0.1107
vn 0.8239 0.2935 -0.4849
vn -0.7319 0.4825 0.4812
vn 0.9572 0.2642 -0.1185
vn 0.8662 0.1986 -0.4586
vn -0.5420 0.6450 0.5387
vn -0.2680 0.6902 0.6722
vn 0.0111 0.7411 0.6713
vn 0.9243 0.3712 0.0884
vn 0.3733 0.6991 0.6098
vn 0.0114 0.8756 0.4830
vn 0.3274 0.8130 0.4815
vn 0.6969 0.6390 0.3257
vn 0.9238 0.2793 -0.2619
vn 0.8144 0.5764 -0.0671
vn -0.3083 -0.1111 -0.9448
vn -0.1726 -0.1669 -0.9708
vn 0.0221 -0.1964 -0.9803
vn -0.2063 0.0260 -0.9782
vn -0.0218 0.0529 -0.9984
vn 0.1990 -0.2709 -0.9418
vn 0.3575 -0.2082 -0.9104
vn 0.1592 -0.0293 -0.9868
vn -0.1307 0.1934 -0.9724
vn -0.0827 0.1660 -0.9827
vn 0.3420 0.0125 -0.9396
vn 0.5886 -0.0146 -0.8083
vn 0.0923 0.1663 -0.9817
vn 0.1510 0.1843 -0.9712
vn 0.4181 0.1508 -0.8958
vn 0.0877 0.0518 -0.9948
vn 0.3664 0.1863 -0.9116
vn -0.1965 -0.1521 -0.9686
vn 0.2812 0.1529 -0.9474
vn 0.1468 -0.1748 -0.9736
vn -0.7227 -0.1887 -0.6648
vn -0.4705 -0.2821 -0.8361
vn -0.3183 -0.3625 -0.8760
vn -0.2714 -0.1912 -0.9433
vn -0.0663 -0.2843 -0.9564
vn -0.1263 -0.2818 -0.9511
vn 0.0408 -0.2630 -0.9639
vn -0.5372 -0.1452 -0.8309
vn -0.3990 -0.0592 -0.9150
vn -0.0716 -0.1147 -0.9908
vn 0.1581 -0.1730 -0.9721
vn 0.3623 -0.1617 -0.9179
vn -0.6420 0.0717 -0.7633
vn 0.1845 -0.0557 -0.9813
vn 0.4245 0.0049 -0.9054
vn 0.5675 -0.0826 -0.8192
vn -0.6162 0.1448 -0.7742
vn -0.3492 0.0974 -0.9320
vn 0.4293 0.0526 -0.9016
vn -0.4730 0.1533 -0.8676
vn 0.4269 0.1477 -0.8922
vn 0.6494 0.1475 -0.7460
vn -0.3483 -0.0006 -0.9374
vn -0.1048 0.1085 -0.9886
vn 0.6069 0.2496 -0.7545
vn 0.6863 0.2698 -0.6754
vn 0.5498 0.2456 -0.7984
vn -0.9297 0.3271 0.1695
vn -0.0033 -0.0601 -0.9982
vn 0.2895 0.1699 -0.9420
vn -0.8953 0.2322 -0.3801
vn -0.8847 0.4498 0.1221
vn -0.0724 -0.0769 -0.9944
vn 0.2210 -0.1068 -0.9694
vn 0.3086 -0.0528 -0.9497
vn 0.6102 0.0717 -0.7890
vn 0.1005 0.2039 -0.9738
vn -0.7442 0.6448 0.1746
vn -0.5145 0.8573 -0.0175
vn -0.8364 0.4042 -0.3702
vn -0.7103 0.6269 -0.3202
vn -0.5805 0.4008 -0.7088
vn -0.3905 0.7765 -0.4946
vn -0.5206 0.0996 -0.8480
vn -0.3625 0.4138 -0.8351
vn 0.5545 0.0554 -0.8303
vn -0.2833 0.8831 0.3741
vn -0.0436 0.9959 -0.0794
vn 0.2809 0.9445 0.1700
vn 0.3501 0.9000 -0.2596
vn 0.5355 0.8318 0.1462
vn -0.1144 0.7739 -0.6229
vn 0.2225 0.7847 -0.5786
vn 0.0096 0.4689 -0.8832
vn 0.4072 0.3697 -0.8352
vn 0.7728 0.3600 -0.5226
vn 0.6304 0.7241 -0.2798
vn 0.7916 0.1306 -0.5969
vn 0.5749 0.5201 -0.6317
vn 0.2861 0.0630 -0.9561
vn -0.2776 0.0157 -0.9606
vn 0.0105 0.0365 -0.9993
vn 0.2292 0.0724 -0.9707
vn -0.1264 0.1304 -0.9834
vn 0.3475 0.2124 -0.9133
vn -0.0964 0.1533 -0.9835
s 1
usemtl mtl1.141
f 20//1 25//2 1//3
f 25//2 31//4 1//3
f 1//3 31//4 35//5
f 62//6 2//7 11//8
f 64//9 62//6 11//8
f 7//10 3//11 53//12
f 55//13 7//10 53//12
f 4//14 12//15 3//11
f 4//14 5//16 14//17
f 5//16 6//18 14//17
f 7//10 4//14 3//11
f 7//10 8//19 4//14
f 8//19 5//16 4//14
f 5//16 8//19 9//20
f 5//16 9//20 6//18
f 9//20 10//21 6//18
f 73//22 64//9 11//8
f 11//8 82//23 73//22
f 11//8 2//7 19//24
f 12//15 20//1 19//24
f 2//7 12//15 19//24
f 3//11 12//15 2//7
f 14//17 13//25 12//15
f 14//17 12//15 4//14
f 13//25 14//17 15//26
f 14//17 6//18 15//26
f 6//18 10//21 16//27
f 15//26 6//18 16//27
f 16//27 10//21 74//28
f 17//29 16//27 74//28
f 17//29 15//26 16//27
f 18//30 87//31 82//23
f 88//32 82//23 87//31
f 18//30 82//23 11//8
f 24//33 11//8 19//24
f 18//30 11//8 24//33
f 13//25 25//2 20//1
f 13//25 26//34 25//2
f 12//15 13//25 20//1
f 21//35 15//26 17//29
f 17//29 22//36 21//35
f 27//37 15//26 21//35
f 27//37 21//35 22//36
f 17//29 76//38 22//36
f 22//36 29//39 27//37
f 29//39 28//40 27//37
f 22//36 83//41 29//39
f 83//41 85//42 29//39
f 24//33 30//43 23//44
f 18//30 24//33 23//44
f 18//30 23//44 87//31
f 94//45 87//31 23//44
f 19//24 20//1 1//3
f 19//24 1//3 24//33
f 30//43 24//33 1//3
f 26//34 31//4 25//2
f 26//34 32//46 31//4
f 26//34 13//25 15//26
f 27//37 26//34 15//26
f 26//34 27//37 32//46
f 27//37 28//40 33//47
f 1//3 35//5 30//43
f 31//4 32//46 36//48
f 31//4 36//48 41//49
f 27//37 33//47 32//46
f 33//47 36//48 32//46
f 36//48 33//47 37//50
f 28//40 37//50 33//47
f 29//39 34//51 28//40
f 28//40 34//51 37//50
f 34//51 38//52 37//50
f 34//51 39//53 38//52
f 34//51 89//54 39//53
f 90//55 39//53 89//54
f 30//43 35//5 40//56
f 31//4 41//49 35//5
f 40//56 35//5 41//49
f 36//48 42//57 41//49
f 37//50 38//52 42//57
f 36//48 37//50 42//57
f 38//52 43//58 42//57
f 39//53 91//59 96//60
f 30//43 45//61 23//44
f 23//44 45//61 94//45
f 40//56 45//61 30//43
f 41//49 42//57 43//58
f 38//52 44//62 43//58
f 38//52 39//53 44//62
f 44//62 39//53 96//60
f 40//56 41//49 47//63
f 45//61 40//56 47//63
f 41//49 48//64 47//63
f 41//49 43//58 49//65
f 41//49 49//65 48//64
f 43//58 44//62 46//66
f 44//62 96//60 46//66
f 47//63 98//67 45//61
f 99//68 47//63 48//64
f 43//58 100//69 49//65
f 50//70 56//71 54//72
f 63//73 50//70 54//72
f 56//71 50//70 51//74
f 56//71 51//74 57//75
f 50//70 63//73 52//76
f 50//70 52//76 51//74
f 52//76 63//73 65//77
f 52//76 65//77 171//78
f 51//74 58//79 57//75
f 52//76 162//80 51//74
f 58//79 51//74 162//80
f 162//80 52//76 171//78
f 58//79 162//80 161//81
f 63//73 53//12 67//82
f 56//71 55//13 54//72
f 54//72 53//12 63//73
f 55//13 53//12 54//72
f 57//75 55//13 56//71
f 58//79 166//83 57//75
f 58//79 161//81 166//83
f 55//13 57//75 68//84
f 59//85 68//84 57//75
f 166//83 167//86 57//75
f 167//86 59//85 57//75
f 174//87 60//88 72//89
f 61//90 66//91 60//88
f 171//78 66//91 61//90
f 174//87 61//90 60//88
f 64//9 63//73 62//6
f 65//77 63//73 64//9
f 171//78 65//77 66//91
f 66//91 65//77 64//9
f 66//91 64//9 60//88
f 62//6 63//73 67//82
f 67//82 2//7 62//6
f 3//11 2//7 67//82
f 53//12 3//11 67//82
f 7//10 55//13 68//84
f 9//20 8//19 69//92
f 8//19 7//10 68//84
f 68//84 69//92 8//19
f 69//92 68//84 59//85
f 59//85 70//93 69//92
f 69//92 75//94 9//20
f 71//95 75//94 69//92
f 167//86 70//93 59//85
f 70//93 71//95 69//92
f 70//93 172//96 71//95
f 75//94 10//21 9//20
f 75//94 74//28 10//21
f 75//94 71//95 173//97
f 73//22 60//88 64//9
f 73//22 72//89 60//88
f 72//89 73//22 82//23
f 74//28 76//38 17//29
f 74//28 77//98 76//38
f 75//94 77//98 74//28
f 75//94 173//97 175//99
f 77//98 75//94 175//99
f 83//41 76//38 78//100
f 176//101 76//38 77//98
f 176//101 78//100 76//38
f 175//99 176//101 77//98
f 177//102 78//100 176//101
f 177//102 180//103 78//100
f 180//103 184//104 78//100
f 79//105 83//41 78//100
f 79//105 80//106 85//42
f 79//105 78//100 184//104
f 184//104 185//107 79//105
f 80//106 79//105 185//107
f 80//106 186//108 81//109
f 80//106 81//109 86//110
f 86//110 81//109 194//111
f 81//109 193//112 194//111
f 185//107 186//108 80//106
f 186//108 188//113 81//109
f 188//113 193//112 81//109
f 82//23 88//32 72//89
f 88//32 192//114 72//89
f 192//114 174//87 72//89
f 83//41 22//36 76//38
f 80//106 84//115 85//42
f 85//42 84//115 29//39
f 80//106 86//110 84//115
f 79//105 85//42 83//41
f 195//116 88//32 87//31
f 195//116 192//114 88//32
f 86//110 89//54 84//115
f 34//51 29//39 84//115
f 84//115 89//54 34//51
f 90//55 89//54 86//110
f 92//117 90//55 197//118
f 90//55 196//119 197//118
f 87//31 95//120 195//116
f 87//31 94//45 95//120
f 95//120 566//121 195//116
f 90//55 91//59 39//53
f 90//55 92//117 91//59
f 92//117 93//122 91//59
f 91//59 93//122 96//60
f 93//122 102//123 96//60
f 97//124 94//45 45//61
f 95//120 94//45 97//124
f 199//125 102//123 93//122
f 45//61 98//67 97//124
f 43//58 46//66 100//69
f 102//123 101//126 96//60
f 97//124 98//67 105//127
f 47//63 99//68 98//67
f 48//64 103//128 99//68
f 49//65 103//128 48//64
f 49//65 100//69 103//128
f 100//69 46//66 101//126
f 46//66 96//60 101//126
f 100//69 101//126 104//129
f 102//123 104//129 101//126
f 105//127 98//67 99//68
f 106//130 105//127 99//68
f 99//68 103//128 107//131
f 104//129 103//128 100//69
f 104//129 208//132 103//128
f 208//132 104//129 212//133
f 104//129 102//123 203//134
f 205//135 207//136 105//127
f 206//137 207//136 205//135
f 106//130 99//68 107//131
f 106//130 107//131 109//138
f 103//128 208//132 107//131
f 208//132 109//138 107//131
f 105//127 106//130 108//139
f 110//140 209//141 111//142
f 209//141 205//135 111//142
f 105//127 114//143 112//144
f 112//144 205//135 105//127
f 105//127 108//139 114//143
f 108//139 106//130 117//145
f 213//146 118//147 109//138
f 214//148 110//140 120//149
f 111//142 205//135 112//144
f 114//143 108//139 116//150
f 129//151 108//139 117//145
f 108//139 129//151 116//150
f 106//130 109//138 117//145
f 109//138 118//147 117//145
f 121//152 111//142 112//144
f 120//149 111//142 119//153
f 111//142 121//152 119//153
f 120//149 110//140 111//142
f 115//154 123//155 113//156
f 112//144 113//156 122//157
f 113//156 123//155 122//157
f 113//156 114//143 115//154
f 112//144 114//143 113//156
f 123//155 115//154 125//158
f 114//143 116//150 115//154
f 129//151 128//159 116//150
f 117//145 130//160 129//151
f 130//160 117//145 118//147
f 130//160 118//147 131//161
f 112//144 132//162 121//152
f 122//157 132//162 112//144
f 124//163 132//162 122//157
f 123//155 125//158 124//163
f 123//155 124//163 122//157
f 220//164 124//163 125//158
f 216//165 220//164 125//158
f 115//154 126//166 125//158
f 126//166 216//165 125//158
f 127//167 126//166 115//154
f 115//154 128//159 127//167
f 126//166 127//167 216//165
f 216//165 127//167 133//168
f 128//159 115//154 116//150
f 118//147 215//169 131//161
f 215//169 227//170 131//161
f 218//171 120//149 119//153
f 133//168 139//172 138//173
f 127//167 141//174 133//168
f 127//167 128//159 141//174
f 133//168 141//174 139//172
f 128//159 134//175 141//174
f 128//159 129//151 134//175
f 129//151 130//160 134//175
f 130//160 142//176 134//175
f 130//160 131//161 142//176
f 131//161 135//177 142//176
f 142//176 135//177 151//178
f 131//161 226//179 135//177
f 136//180 218//171 119//153
f 121//152 137//181 119//153
f 121//152 143//182 137//181
f 139//172 147//183 144//184
f 138//173 139//172 144//184
f 145//185 138//173 144//184
f 138//173 145//185 233//186
f 139//172 141//174 147//183
f 141//174 146//187 147//183
f 141//174 140//188 146//187
f 134//175 140//188 141//174
f 134//175 142//176 140//188
f 142//176 151//178 140//188
f 151//178 135//177 231//189
f 143//182 235//190 137//181
f 119//153 137//181 136//180
f 137//181 235//190 136//180
f 136//180 235//190 236//191
f 132//162 143//182 121//152
f 143//182 242//192 235//190
f 143//182 132//162 149//193
f 143//182 149//193 242//192
f 144//184 147//183 150//194
f 147//183 146//187 150//194
f 146//187 140//188 148//195
f 151//178 148//195 140//188
f 149//193 244//196 242//192
f 144//184 237//197 145//185
f 148//195 153//198 146//187
f 148//195 151//178 153//198
f 238//199 153//198 151//178
f 231//189 238//199 151//178
f 246//200 237//197 150//194
f 152//201 150//194 146//187
f 153//198 158//202 152//201
f 150//194 237//197 144//184
f 150//194 154//203 246//200
f 150//194 152//201 154//203
f 152//201 146//187 153//198
f 153//198 238//199 159//204
f 154//203 156//205 246//200
f 155//206 158//202 157//207
f 152//201 155//206 154//203
f 152//201 158//202 155//206
f 154//203 155//206 156//205
f 262//208 156//205 155//206
f 157//207 262//208 155//206
f 158//202 153//198 159//204
f 157//207 158//202 160//209
f 158//202 159//204 160//209
f 250//210 264//211 159//204
f 160//209 263//212 157//207
f 264//211 160//209 159//204
f 164//213 163//214 162//80
f 162//80 163//214 161//81
f 164//213 162//80 171//78
f 163//214 165//215 161//81
f 161//81 168//216 166//83
f 168//216 167//86 166//83
f 274//217 167//86 168//216
f 171//78 61//90 169//218
f 61//90 174//87 169//218
f 164//213 171//78 169//218
f 170//219 169//218 174//87
f 170//219 268//220 169//218
f 164//213 269//221 163//214
f 269//221 165//215 163//214
f 272//222 161//81 165//215
f 161//81 272//222 168//216
f 274//217 172//96 167//86
f 168//216 273//223 274//217
f 70//93 167//86 172//96
f 172//96 173//97 71//95
f 274//217 173//97 172//96
f 274//217 277//224 173//97
f 173//97 277//224 278//225
f 275//226 174//87 192//114
f 276//227 174//87 275//226
f 276//227 170//219 174//87
f 175//99 173//97 178//228
f 278//225 178//228 173//97
f 289//229 178//228 278//225
f 178//228 176//101 175//99
f 176//101 181//230 177//102
f 176//101 179//231 181//230
f 178//228 179//231 176//101
f 289//229 179//231 178//228
f 289//229 280//232 179//231
f 180//103 182//233 184//104
f 184//104 182//233 279//234
f 177//102 181//230 180//103
f 181//230 182//233 180//103
f 179//231 183//235 181//230
f 181//230 183//235 182//233
f 183//235 279//234 182//233
f 179//231 280//232 183//235
f 280//232 279//234 183//235
f 184//104 189//236 185//107
f 185//107 187//237 186//108
f 189//236 187//237 185//107
f 186//108 187//237 188//113
f 189//236 190//238 187//237
f 187//237 190//238 188//113
f 191//239 188//113 190//238
f 283//240 190//238 189//236
f 190//238 287//241 191//239
f 191//239 193//112 188//113
f 191//239 287//241 286//242
f 286//242 193//112 191//239
f 196//119 86//110 194//111
f 192//114 195//116 383//243
f 90//55 86//110 196//119
f 194//111 293//244 196//119
f 197//118 196//119 293//244
f 198//245 197//118 295//246
f 295//246 197//118 293//244
f 566//121 383//243 195//116
f 93//122 92//117 198//245
f 92//117 197//118 198//245
f 297//247 198//245 295//246
f 295//246 298//248 297//247
f 199//125 93//122 198//245
f 198//245 297//247 199//125
f 199//125 297//247 299//249
f 300//250 299//249 297//247
f 97//124 200//251 95//120
f 299//249 203//134 199//125
f 207//136 202//252 105//127
f 202//252 200//251 97//124
f 105//127 202//252 97//124
f 202//252 301//253 200//251
f 206//137 201//254 207//136
f 207//136 201//254 202//252
f 301//253 202//252 201//254
f 102//123 199//125 203//134
f 206//137 205//135 204//255
f 206//137 204//255 303//256
f 203//134 212//133 104//129
f 110//140 210//257 209//141
f 204//255 209//141 210//257
f 303//256 204//255 210//257
f 209//141 204//255 205//135
f 211//258 109//138 208//132
f 212//133 211//258 208//132
f 214//148 210//257 110//140
f 109//138 211//258 213//146
f 215//169 118//147 213//146
f 397//259 393//260 214//148
f 215//169 213//146 395//261
f 214//148 120//149 219//262
f 225//263 216//165 133//168
f 227//170 215//169 395//261
f 227//170 395//261 306//264
f 219//262 218//171 228//265
f 312//266 217//267 228//265
f 217//267 219//262 228//265
f 214//148 219//262 217//267
f 307//268 214//148 217//267
f 219//262 120//149 218//171
f 124//163 229//269 132//162
f 220//164 229//269 124//163
f 318//270 229//269 221//271
f 223//272 314//273 318//270
f 229//269 220//164 221//271
f 220//164 222//274 223//272
f 220//164 224//275 1081//276
f 221//271 220//164 223//272
f 1081//276 224//275 309//277
f 308//278 223//272 222//274
f 230//279 133//168 138//173
f 216//165 224//275 220//164
f 216//165 225//263 1082//280
f 225//263 133//168 230//279
f 1082//280 225//263 309//277
f 315//281 225//263 230//279
f 131//161 227//170 226//179
f 135//177 226//179 231//189
f 306//264 317//282 227//170
f 136//180 228//265 218//171
f 132//162 229//269 149//193
f 318//270 221//271 223//272
f 230//279 138//173 233//186
f 230//279 233//186 316//283
f 226//179 227//170 231//189
f 227//170 232//284 231//189
f 227//170 317//282 232//284
f 228//265 136//180 236//191
f 236//191 320//285 228//265
f 312//266 228//265 320//285
f 234//286 149//193 229//269
f 229//269 318//270 234//286
f 233//186 145//185 323//287
f 316//283 233//186 323//287
f 244//196 149//193 234//286
f 234//286 245//288 244//196
f 245//288 234//286 322//289
f 231//189 232//284 238//199
f 232//284 321//290 238//199
f 249//291 145//185 237//197
f 145//185 249//291 323//287
f 250//210 238//199 321//290
f 236//191 239//292 240//293
f 240//293 320//285 236//191
f 320//285 240//293 241//294
f 255//295 320//285 241//294
f 235//190 239//292 236//191
f 235//190 242//192 239//292
f 258//296 239//292 242//192
f 242//192 244//196 243//297
f 242//192 243//297 258//296
f 244//196 245//288 259//298
f 245//288 322//289 324//299
f 246//200 156//205 247//300
f 237//197 246//200 248//301
f 247//300 248//301 246//200
f 247//300 156//205 261//302
f 237//197 248//301 249//291
f 156//205 262//208 261//302
f 159//204 238//199 250//210
f 264//211 250//210 267//303
f 250//210 321//290 267//303
f 239//292 251//304 240//293
f 258//296 251//304 239//292
f 251//304 258//296 252//305
f 252//305 258//296 260//306
f 241//294 240//293 253//307
f 240//293 251//304 253//307
f 253//307 251//304 254//308
f 330//309 252//305 260//306
f 253//307 255//295 241//294
f 256//310 255//295 253//307
f 254//308 256//310 253//307
f 254//308 251//304 257//311
f 252//305 257//311 251//304
f 330//309 257//311 252//305
f 326//312 255//295 256//310
f 254//308 327//313 256//310
f 256//310 327//313 326//312
f 327//313 254//308 328//314
f 254//308 257//311 328//314
f 328//314 257//311 329//315
f 257//311 330//309 329//315
f 329//315 330//309 334//316
f 243//297 244//196 259//298
f 243//297 260//306 258//296
f 260//306 243//297 259//298
f 260//306 259//298 343//317
f 259//298 245//288 343//317
f 260//306 343//317 344//318
f 260//306 344//318 330//309
f 248//301 350//319 348//320
f 352//321 247//300 261//302
f 350//319 248//301 247//300
f 352//321 350//319 247//300
f 157//207 263//212 262//208
f 265//322 262//208 263//212
f 266//323 265//322 263//212
f 160//209 264//211 263//212
f 265//322 261//302 262//208
f 352//321 261//302 265//322
f 352//321 265//322 353//324
f 353//324 265//322 266//323
f 266//323 263//212 264//211
f 264//211 267//303 266//323
f 169//218 268//220 164//213
f 268//220 357//325 358//326
f 358//326 271//327 268//220
f 269//221 272//222 165//215
f 269//221 270//328 272//222
f 268//220 271//327 164//213
f 164//213 271//327 269//221
f 271//327 362//329 269//221
f 269//221 362//329 270//328
f 362//329 272//222 270//328
f 362//329 271//327 359//330
f 272//222 273//223 168//216
f 273//223 272//222 366//331
f 268//220 170//219 276//227
f 369//332 274//217 273//223
f 369//332 368//333 274//217
f 368//333 277//224 274//217
f 277//224 368//333 278//225
f 279//234 282//334 281//335
f 279//234 280//232 282//334
f 466//336 281//335 282//334
f 466//336 282//334 280//232
f 184//104 281//335 189//236
f 279//234 281//335 184//104
f 281//335 283//240 189//236
f 287//241 190//238 283//240
f 284//337 283//240 281//335
f 284//337 285//338 283//240
f 287//241 288//339 286//242
f 285//338 287//241 283//240
f 285//338 288//339 287//241
f 288//339 285//338 376//340
f 373//341 289//229 278//225
f 1083//342 280//232 289//229
f 193//112 286//242 290//343
f 194//111 193//112 290//343
f 286//242 288//339 291//344
f 290//343 286//242 291//344
f 288//339 376//340 378//345
f 291//344 288//339 378//345
f 293//244 194//111 292//346
f 292//346 194//111 290//343
f 292//346 290//343 291//344
f 292//346 291//344 379//347
f 291//344 378//345 379//347
f 293//244 292//346 294//348
f 294//348 296//349 293//244
f 379//347 294//348 292//346
f 381//350 294//348 379//347
f 293//244 296//349 295//246
f 296//349 298//248 295//246
f 385//351 297//247 298//248
f 385//351 298//248 296//349
f 385//351 296//349 384//352
f 300//250 297//247 385//351
f 200//251 387//353 95//120
f 566//121 95//120 387//353
f 302//354 203//134 299//249
f 388//355 299//249 300//250
f 302//354 299//249 388//355
f 386//356 388//355 300//250
f 569//357 388//355 386//356
f 201//254 389//358 387//353
f 387//353 200//251 301//253
f 201//254 387//353 301//253
f 389//358 201//254 206//137
f 203//134 302//354 304//359
f 388//355 304//359 302//354
f 391//360 303//256 210//257
f 304//359 305//361 203//134
f 305//361 304//359 396//362
f 210//257 214//148 393//260
f 305//361 211//258 212//133
f 212//133 203//134 305//361
f 213//146 211//258 305//361
f 305//361 395//261 213//146
f 307//268 397//259 214//148
f 313//363 397//259 307//268
f 313//363 217//267 312//266
f 313//363 307//268 217//267
f 398//364 313//363 403//365
f 308//278 314//273 223//272
f 1081//276 309//277 399//366
f 222//274 1084//367 308//278
f 399//366 309//277 310//368
f 225//263 310//368 309//277
f 311//369 225//263 315//281
f 310//368 225//263 311//369
f 311//369 315//281 407//370
f 311//369 406//371 310//368
f 406//371 311//369 407//370
f 403//365 313//363 410//372
f 314//273 319//373 318//270
f 315//281 230//279 316//283
f 321//290 232//284 317//282
f 402//374 317//282 306//264
f 402//374 321//290 317//282
f 491//375 321//290 402//374
f 234//286 319//373 322//289
f 319//373 234//286 318//270
f 319//373 314//273 499//376
f 409//377 316//283 323//287
f 316//283 409//377 493//378
f 491//375 501//379 321//290
f 312//266 320//285 410//372
f 312//266 410//372 313//363
f 340//380 410//372 335//381
f 413//382 322//289 319//373
f 413//382 324//299 322//289
f 409//377 323//287 421//383
f 431//384 267//303 321//290
f 255//295 335//381 320//285
f 335//381 410//372 320//285
f 418//385 347//386 325//387
f 413//382 325//387 324//299
f 249//291 248//301 348//320
f 421//383 323//287 249//291
f 335//381 255//295 326//312
f 331//388 326//312 327//313
f 332//389 331//388 327//313
f 332//389 327//313 328//314
f 332//389 328//314 329//315
f 336//390 335//381 326//312
f 336//390 326//312 331//388
f 333//391 331//388 332//389
f 333//391 332//389 334//316
f 332//389 329//315 334//316
f 346//392 334//316 330//309
f 340//380 335//381 336//390
f 340//380 336//390 337//393
f 331//388 337//393 336//390
f 333//391 337//393 331//388
f 334//316 338//394 333//391
f 338//394 334//316 339//395
f 334//316 346//392 339//395
f 338//394 341//396 337//393
f 337//393 341//396 340//380
f 338//394 337//393 333//391
f 342//397 338//394 339//395
f 341//396 424//398 412//399
f 341//396 338//394 424//398
f 424//398 338//394 342//397
f 347//386 342//397 339//395
f 424//398 342//397 417//400
f 344//318 343//317 345//401
f 346//392 344//318 345//401
f 346//392 330//309 344//318
f 325//387 345//401 343//317
f 325//387 343//317 324//299
f 325//387 347//386 345//401
f 346//392 345//401 347//386
f 346//392 347//386 339//395
f 347//386 418//385 417//400
f 417//400 342//397 347//386
f 343//317 245//288 324//299
f 426//402 349//403 348//320
f 350//319 426//402 348//320
f 249//291 348//320 349//403
f 421//383 249//291 349//403
f 425//404 349//403 426//402
f 352//321 351//405 350//319
f 350//319 351//405 426//402
f 351//405 428//406 426//402
f 352//321 427//407 351//405
f 354//408 427//407 352//321
f 354//408 353//324 355//409
f 355//409 353//324 266//323
f 354//408 352//321 353//324
f 267//303 356//410 266//323
f 431//384 356//410 267//303
f 356//410 355//409 266//323
f 356//410 431//384 432//411
f 359//330 271//327 358//326
f 357//325 360//412 358//326
f 360//412 359//330 358//326
f 360//412 361//413 359//330
f 359//330 361//413 363//414
f 439//415 361//413 360//412
f 439//415 360//412 441//416
f 363//414 362//329 359//330
f 362//329 363//414 366//331
f 445//417 363//414 444//418
f 362//329 366//331 272//222
f 276//227 275//226 364//419
f 364//419 275//226 192//114
f 276//227 364//419 365//420
f 437//421 365//420 364//419
f 268//220 276//227 357//325
f 276//227 365//420 357//325
f 360//412 357//325 365//420
f 441//416 360//412 365//420
f 445//417 366//331 363//414
f 367//422 273//223 366//331
f 446//423 367//422 366//331
f 367//422 369//332 273//223
f 450//424 369//332 367//422
f 450//424 368//333 369//332
f 370//425 284//337 281//335
f 281//335 466//336 370//425
f 284//337 375//426 285//338
f 370//425 375//426 284//337
f 376//340 285//338 375//426
f 364//419 192//114 383//243
f 368//333 371//427 372//428
f 278//225 372//428 373//341
f 372//428 278//225 368//333
f 371//427 374//429 372//428
f 374//429 478//430 372//428
f 373//341 372//428 478//430
f 1083//342 466//336 280//232
f 471//431 370//425 466//336
f 370//425 471//431 375//426
f 475//432 376//340 474//433
f 474//433 376//340 375//426
f 377//434 380//435 376//340
f 380//435 378//345 376//340
f 377//434 376//340 475//432
f 477//436 380//435 377//434
f 378//345 380//435 379//347
f 296//349 294//348 382//437
f 381//350 382//437 294//348
f 381//350 565//438 382//437
f 379//347 380//435 381//350
f 383//243 566//121 734//439
f 382//437 384//352 296//349
f 565//438 479//440 382//437
f 479//440 384//352 382//437
f 480//441 384//352 479//440
f 384//352 481//442 385//351
f 481//442 386//356 385//351
f 386//356 300//250 385//351
f 569//357 386//356 481//442
f 387//353 389//358 482//443
f 569//357 484//444 388//355
f 389//358 206//137 303//256
f 390//445 389//358 303//256
f 390//445 482//443 389//358
f 304//359 388//355 484//444
f 392//446 391//360 210//257
f 392//446 483//447 391//360
f 390//445 303//256 391//360
f 392//446 210//257 393//260
f 485//448 396//362 304//359
f 393//260 397//259 394//449
f 392//446 393//260 394//449
f 571//450 392//446 394//449
f 395//261 305//361 396//362
f 394//449 397//259 398//364
f 398//364 397//259 313//363
f 400//451 1084//367 401//452
f 396//362 402//374 395//261
f 402//374 306//264 395//261
f 404//453 314//273 308//278
f 1084//367 400//451 308//278
f 406//371 399//366 310//368
f 405//454 399//366 406//371
f 405//454 1085//455 399//366
f 400//451 404//453 308//278
f 406//371 490//456 405//454
f 489//457 404//453 400//451
f 490//456 406//371 407//370
f 407//370 408//458 490//456
f 404//453 499//376 314//273
f 499//376 404//453 489//457
f 408//458 407//370 315//281
f 493//378 408//458 315//281
f 493//378 315//281 316//283
f 494//459 403//365 410//372
f 411//460 410//372 340//380
f 411//460 412//399 502//461
f 413//382 319//373 499//376
f 499//376 414//462 413//382
f 341//396 412//399 411//460
f 412//399 506//463 503//464
f 417//400 415//465 506//463
f 419//466 413//382 414//462
f 414//462 420//467 419//466
f 417//400 420//467 415//465
f 420//467 414//462 507//468
f 415//465 507//468 506//463
f 420//467 507//468 415//465
f 508//469 409//377 422//470
f 341//396 411//460 340//380
f 412//399 424//398 506//463
f 506//463 424//398 417//400
f 419//466 325//387 413//382
f 325//387 419//466 418//385
f 418//385 420//467 417//400
f 419//466 420//467 418//385
f 421//383 425//404 422//470
f 421//383 422//470 409//377
f 514//471 508//469 422//470
f 431//384 321//290 423//472
f 416//473 423//472 321//290
f 425//404 421//383 349//403
f 422//470 425//404 517//474
f 430//475 425//404 426//402
f 430//475 426//402 428//406
f 423//472 433//476 431//384
f 416//473 433//476 423//472
f 351//405 427//407 428//406
f 429//477 427//407 434//478
f 430//475 428//406 519//479
f 427//407 354//408 434//478
f 355//409 356//410 432//411
f 434//478 354//408 435//480
f 355//409 435//480 354//408
f 431//384 529//481 432//411
f 431//384 433//476 529//481
f 428//406 427//407 429//477
f 435//480 355//409 432//411
f 432//411 436//482 435//480
f 527//483 436//482 432//411
f 438//484 441//416 437//421
f 438//484 437//421 531//485
f 440//486 361//413 439//415
f 438//484 439//415 441//416
f 440//486 444//418 361//413
f 444//418 440//486 447//487
f 442//488 439//415 438//484
f 443//489 440//486 439//415
f 443//489 447//487 440//486
f 442//488 443//489 439//415
f 532//490 442//488 438//484
f 361//413 444//418 363//414
f 448//491 447//487 443//489
f 441//416 365//420 437//421
f 364//419 383//243 651//492
f 445//417 446//423 366//331
f 447//487 445//417 444//418
f 445//417 447//487 448//491
f 448//491 446//423 445//417
f 539//493 446//423 448//491
f 539//493 537//494 446//423
f 446//423 449//495 367//422
f 537//494 449//495 446//423
f 540//496 449//495 537//494
f 449//495 450//424 367//422
f 449//495 451//497 450//424
f 452//498 368//333 450//424
f 451//497 452//498 450//424
f 541//499 455//500 451//497
f 456//501 374//429 371//427
f 452//498 453//502 371//427
f 452//498 371//427 368//333
f 455//500 452//498 451//497
f 452//498 455//500 453//502
f 453//502 456//501 371//427
f 457//503 456//501 453//502
f 453//502 455//500 542//504
f 457//503 453//502 454//505
f 454//505 453//502 542//504
f 478//430 374//429 456//501
f 457//503 478//430 456//501
f 458//506 478//430 457//503
f 1083//342 460//507 466//336
f 458//506 459//508 1086//509
f 459//508 460//507 1086//509
f 1086//509 460//507 1083//342
f 457//503 454//505 458//506
f 460//507 464//510 466//336
f 458//506 461//511 459//508
f 461//511 462//512 459//508
f 462//512 460//507 459//508
f 463//513 458//506 454//505
f 461//511 458//506 463//513
f 463//513 462//512 461//511
f 462//512 464//510 460//507
f 465//514 464//510 462//512
f 542//504 463//513 454//505
f 465//514 463//513 542//504
f 465//514 462//512 463//513
f 465//514 470//515 464//510
f 714//516 465//514 542//504
f 470//515 465//514 543//517
f 466//336 469//518 471//431
f 466//336 467//519 469//518
f 464//510 467//519 466//336
f 468//520 467//519 464//510
f 470//515 468//520 464//510
f 467//519 468//520 469//518
f 547//521 470//515 543//517
f 547//521 545//522 470//515
f 545//522 468//520 470//515
f 468//520 546//523 469//518
f 468//520 545//522 546//523
f 471//431 472//524 473//525
f 471//431 469//518 472//524
f 471//431 474//433 375//426
f 474//433 471//431 473//525
f 473//525 475//432 474//433
f 473//525 476//526 475//432
f 475//432 476//526 377//434
f 476//526 473//525 561//527
f 476//526 477//436 377//434
f 561//527 477//436 476//526
f 563//528 661//529 477//436
f 661//529 663//530 477//436
f 666//531 479//440 565//438
f 666//531 480//441 479//440
f 666//531 665//532 480//441
f 665//532 569//357 481//442
f 384//352 480//441 481//442
f 480//441 665//532 481//442
f 387//353 482//443 567//533
f 482//443 390//445 667//534
f 390//445 391//360 483//447
f 483//447 570//535 390//445
f 574//536 484//444 569//357
f 483//447 392//446 573//537
f 484//444 485//448 304//359
f 574//536 485//448 484//444
f 392//446 571//450 573//537
f 394//449 575//538 576//539
f 576//539 571//450 394//449
f 398//364 486//540 575//538
f 575//538 394//449 398//364
f 485//448 487//541 396//362
f 487//541 402//374 396//362
f 488//542 398//364 403//365
f 488//542 403//365 492//543
f 595//544 398//364 488//542
f 595//544 488//542 492//543
f 595//544 486//540 398//364
f 592//545 489//457 400//451
f 591//546 400//451 401//452
f 1087//547 1085//455 405//454
f 592//545 400//451 591//546
f 487//541 491//375 402//374
f 487//541 604//548 491//375
f 586//549 499//376 489//457
f 588//550 586//549 489//457
f 408//458 598//551 490//456
f 1087//547 405//454 490//456
f 1087//547 490//456 598//551
f 598//551 408//458 493//378
f 495//552 496//553 596//554
f 586//549 605//555 499//376
f 598//551 493//378 600//556
f 601//557 600//556 493//378
f 601//557 493//378 606//558
f 500//559 606//558 493//378
f 609//560 501//379 491//375
f 603//561 501//379 609//560
f 492//543 403//365 494//459
f 411//460 494//459 410//372
f 502//461 494//459 411//460
f 495//552 492//543 494//459
f 494//459 502//461 495//552
f 502//461 503//464 495//552
f 503//464 506//463 496//553
f 496//553 495//552 503//464
f 505//562 597//563 496//553
f 497//564 597//563 505//562
f 504//565 499//376 498//566
f 497//564 504//565 498//566
f 498//566 499//376 605//555
f 498//566 605//555 497//564
f 493//378 409//377 500//559
f 606//558 500//559 610//567
f 502//461 412//399 503//464
f 507//468 414//462 504//565
f 496//553 506//463 505//562
f 507//468 504//565 505//562
f 505//562 504//565 497//564
f 414//462 499//376 504//565
f 508//469 500//559 409//377
f 500//559 508//469 509//568
f 509//568 610//567 500//559
f 321//290 501//379 416//473
f 506//463 507//468 505//562
f 511//569 510//570 509//568
f 510//570 511//569 611//571
f 513//572 416//473 614//573
f 501//379 614//573 416//473
f 509//568 508//469 514//471
f 514//471 515//574 509//568
f 515//574 511//569 509//568
f 611//571 511//569 616//575
f 512//576 516//577 513//572
f 512//576 513//572 614//573
f 416//473 513//572 518//578
f 518//578 433//476 416//473
f 513//572 516//577 518//578
f 617//579 422//470 517//474
f 514//471 422//470 617//579
f 519//479 428//406 522//580
f 519//479 522//580 525//581
f 430//475 517//474 425//404
f 517//474 430//475 520//582
f 520//582 430//475 519//479
f 520//582 519//479 525//581
f 521//583 517//474 520//582
f 619//584 617//579 517//474
f 619//584 517//474 521//583
f 530//585 529//481 433//476
f 518//578 530//585 433//476
f 522//580 428//406 429//477
f 429//477 523//586 522//580
f 522//580 523//586 525//581
f 523//586 434//478 524//587
f 523//586 429//477 434//478
f 434//478 435//480 524//587
f 524//587 435//480 436//482
f 523//586 526//588 525//581
f 525//581 521//583 520//582
f 523//586 524//587 526//588
f 626//589 521//583 525//581
f 631//590 526//588 524//587
f 527//483 432//411 529//481
f 529//481 639//591 527//483
f 524//587 436//482 528//592
f 527//483 528//592 436//482
f 527//483 630//593 528//592
f 630//593 527//483 639//591
f 630//593 633//594 528//592
f 524//587 528//592 631//590
f 631//590 528//592 633//594
f 530//585 639//591 529//481
f 642//595 534//596 532//490
f 531//485 642//595 532//490
f 438//484 531//485 532//490
f 535//597 531//485 437//421
f 437//421 364//419 535//597
f 531//485 535//597 641//598
f 641//598 642//595 531//485
f 534//596 642//595 645//599
f 533//600 443//489 442//488
f 646//601 443//489 533//600
f 532//490 533//600 442//488
f 534//596 533//600 532//490
f 534//596 644//602 533//600
f 643//603 646//601 533//600
f 533//600 644//602 643//603
f 443//489 646//601 536//604
f 657//605 651//492 383//243
f 535//597 364//419 651//492
f 536//604 448//491 443//489
f 539//493 448//491 536//604
f 646//601 654//606 536//604
f 538//607 540//496 537//494
f 537//494 539//493 538//607
f 654//606 539//493 536//604
f 539//493 654//606 538//607
f 449//495 540//496 451//497
f 540//496 541//499 451//497
f 714//516 542//504 541//499
f 538//607 541//499 540//496
f 538//607 650//608 714//516
f 714//516 541//499 538//607
f 542//504 455//500 541//499
f 465//514 714//516 544//609
f 465//514 544//609 543//517
f 547//521 548//610 545//522
f 545//522 548//610 546//523
f 546//523 548//610 469//518
f 544//609 547//521 543//517
f 549//611 547//521 544//609
f 549//611 548//610 547//521
f 549//611 550//612 548//610
f 550//612 551//613 548//610
f 548//610 551//613 469//518
f 550//612 549//611 553//614
f 552//615 550//612 553//614
f 551//613 550//612 552//615
f 544//609 553//614 549//611
f 553//614 554//616 552//615
f 551//613 552//615 554//616
f 544//609 555//617 553//614
f 553//614 555//617 554//616
f 555//617 559//618 554//616
f 555//617 544//609 658//619
f 551//613 556//620 469//518
f 556//620 472//524 469//518
f 554//616 556//620 551//613
f 556//620 558//621 472//524
f 473//525 472//524 558//621
f 559//618 557//622 554//616
f 554//616 557//622 556//620
f 557//622 560//623 556//620
f 556//620 560//623 558//621
f 559//618 560//623 557//622
f 559//618 555//617 560//623
f 562//624 558//621 560//623
f 473//525 558//621 561//527
f 558//621 562//624 561//527
f 561//527 563//528 477//436
f 561//527 562//624 563//528
f 477//436 663//530 380//435
f 380//435 663//530 564//625
f 380//435 564//625 381//350
f 381//350 564//625 565//438
f 734//439 657//605 383//243
f 565//438 733//626 666//531
f 566//121 387//353 567//533
f 734//439 566//121 567//533
f 567//533 482//443 568//627
f 568//627 482//443 667//534
f 738//628 568//627 667//534
f 667//534 390//445 570//535
f 669//629 570//535 573//537
f 573//537 570//535 483//447
f 573//537 571//450 572//630
f 571//450 576//539 572//630
f 577//631 576//539 578//632
f 576//539 575//538 578//632
f 670//633 572//630 577//631
f 577//631 572//630 576//539
f 578//632 575//538 579//634
f 486//540 579//634 575//538
f 578//632 579//634 580//635
f 582//636 580//635 579//634
f 577//631 578//632 671//637
f 671//637 578//632 580//635
f 673//638 577//631 671//637
f 673//638 671//637 672//639
f 581//640 486//540 595//544
f 582//636 579//634 486//540
f 581//640 582//636 486//540
f 581//640 584//641 582//636
f 582//636 584//641 583//642
f 582//636 583//642 677//643
f 583//642 584//641 587//644
f 584//641 597//563 585//645
f 584//641 585//645 587//644
f 585//645 586//549 587//644
f 586//549 679//646 587//644
f 489//457 592//545 588//550
f 586//549 588//550 590//647
f 590//647 588//550 683//648
f 683//648 588//550 589//649
f 684//650 589//649 594//651
f 1087//547 599//652 593//653
f 591//546 1088//654 592//545
f 589//649 588//550 592//545
f 599//652 594//651 593//653
f 589//649 592//545 1088//654
f 593//653 594//651 589//649
f 596//554 595//544 492//543
f 595//544 596//554 581//640
f 596//554 584//641 581//640
f 584//641 596//554 597//563
f 586//549 585//645 605//555
f 1087//547 598//551 599//652
f 599//652 598//551 600//556
f 594//651 599//652 602//655
f 599//652 600//556 602//655
f 688//656 602//655 600//556
f 600//556 601//557 688//656
f 685//657 594//651 689//658
f 594//651 602//655 689//658
f 603//561 609//560 491//375
f 604//548 603//561 491//375
f 686//659 603//561 604//548
f 495//552 596//554 492//543
f 597//563 497//564 605//555
f 596//554 496//553 597//563
f 597//563 605//555 585//645
f 1089//660 608//661 1097//662
f 1089//660 606//558 607//663
f 1089//660 607//663 608//661
f 610//567 607//663 606//558
f 612//664 607//663 610//567
f 607//663 612//664 702//665
f 702//665 613//666 698//667
f 501//379 698//667 614//573
f 510//570 610//567 509//568
f 611//571 610//567 510//570
f 610//567 611//571 612//664
f 612//664 611//571 615//668
f 612//664 615//668 613//666
f 612//664 613//666 702//665
f 613//666 614//573 698//667
f 613//666 615//668 512//576
f 615//668 616//575 516//577
f 615//668 516//577 512//576
f 611//571 616//575 615//668
f 512//576 614//573 613//666
f 511//569 515//574 616//575
f 616//575 515//574 618//669
f 515//574 514//471 617//579
f 515//574 617//579 618//669
f 617//579 620//670 618//669
f 618//669 620//670 622//671
f 618//669 622//671 616//575
f 516//577 616//575 623//672
f 516//577 623//672 518//578
f 620//670 617//579 619//584
f 626//589 619//584 521//583
f 620//670 619//584 621//673
f 621//673 626//589 627//674
f 620//670 621//673 622//671
f 626//589 621//673 619//584
f 625//675 622//671 624//676
f 622//671 621//673 624//676
f 622//671 625//675 616//575
f 616//575 625//675 623//672
f 636//677 625//675 624//676
f 640//678 530//585 518//578
f 518//578 623//672 640//678
f 631//590 628//679 526//588
f 525//581 627//674 626//589
f 526//588 627//674 525//581
f 627//674 526//588 628//679
f 627//674 628//679 635//680
f 627//674 629//681 621//673
f 627//674 635//680 629//681
f 629//681 624//676 621//673
f 624//676 629//681 636//677
f 639//591 632//682 630//593
f 632//682 633//594 630//593
f 639//591 640//678 634//683
f 634//683 632//682 639//591
f 633//594 628//679 631//590
f 634//683 640//678 637//684
f 629//681 635//680 636//677
f 636//677 635//680 638//685
f 633//594 632//682 638//685
f 628//679 633//594 635//680
f 638//685 635//680 633//594
f 637//684 640//678 623//672
f 636//677 638//685 637//684
f 634//683 637//684 638//685
f 632//682 634//683 638//685
f 625//675 636//677 637//684
f 637//684 623//672 625//675
f 530//585 640//678 639//591
f 641//598 652//686 707//687
f 703//688 642//595 641//598
f 642//595 704//689 645//599
f 642//595 703//688 704//689
f 645//599 644//602 534//596
f 645//599 704//689 644//602
f 643//603 647//690 646//601
f 647//690 648//691 646//601
f 644//602 647//690 643//603
f 648//691 654//606 646//601
f 709//692 647//690 644//602
f 709//692 648//691 647//690
f 649//693 654//606 648//691
f 704//689 705//694 644//602
f 705//694 709//692 644//602
f 649//693 648//691 711//695
f 648//691 709//692 711//695
f 714//516 650//608 783//696
f 650//608 656//697 783//696
f 783//696 656//697 713//698
f 535//597 652//686 641//598
f 652//686 535//597 651//492
f 652//686 651//492 653//699
f 653//699 651//492 657//605
f 720//700 653//699 657//605
f 655//701 538//607 654//606
f 656//697 650//608 538//607
f 649//693 655//701 654//606
f 655//701 656//697 538//607
f 655//701 713//698 656//697
f 714//516 658//619 544//609
f 560//623 555//617 658//619
f 718//702 560//623 795//703
f 722//704 659//705 717//706
f 660//707 563//528 562//624
f 660//707 661//529 563//528
f 562//624 560//623 660//707
f 659//705 660//707 560//623
f 662//708 661//529 660//707
f 662//708 660//707 659//705
f 659//705 722//704 721//709
f 662//708 659//705 721//709
f 663//530 732//710 564//625
f 732//710 565//438 564//625
f 661//529 664//711 663//530
f 661//529 662//708 664//711
f 721//709 664//711 662//708
f 720//700 657//605 734//439
f 808//712 665//532 666//531
f 737//713 734//439 567//533
f 568//627 738//628 567//533
f 739//714 569//357 736//715
f 567//533 738//628 737//713
f 665//532 736//715 569//357
f 667//534 570//535 668//716
f 738//628 667//534 668//716
f 739//714 574//536 569//357
f 740//717 574//536 739//714
f 668//716 570//535 669//629
f 572//630 669//629 573//537
f 670//633 669//629 572//630
f 670//633 742//718 669//629
f 670//633 577//631 673//638
f 744//719 670//633 673//638
f 674//720 671//637 580//635
f 672//639 671//637 674//720
f 672//639 675//721 676//722
f 744//719 673//638 672//639
f 676//722 744//719 672//639
f 745//723 487//541 485//448
f 674//720 580//635 582//636
f 674//720 582//636 677//643
f 583//642 587//644 677//643
f 674//720 1091//724 672//639
f 675//721 672//639 1091//724
f 676//722 749//725 747//726
f 676//722 675//721 749//725
f 587//644 678//727 677//643
f 1091//724 1092//728 681//729
f 675//721 1091//724 681//729
f 675//721 1095//730 749//725
f 590//647 679//646 586//549
f 678//727 587//644 679//646
f 1096//731 1093//732 680//733
f 680//733 1093//732 679//646
f 1095//730 1094//734 682//735
f 1095//730 682//735 749//725
f 683//648 679//646 590//647
f 684//650 683//648 589//649
f 684//650 594//651 685//657
f 679//646 683//648 680//733
f 680//733 683//648 684//650
f 682//735 1094//734 684//650
f 682//735 684//650 685//657
f 765//736 603//561 686//659
f 604//548 487//541 748//737
f 748//737 686//659 604//548
f 687//738 682//735 685//657
f 687//738 685//657 689//658
f 751//739 682//735 687//738
f 696//740 751//739 687//738
f 751//739 696//740 766//741
f 608//661 692//742 1097//662
f 690//743 689//658 602//655
f 690//743 602//655 688//656
f 690//743 1098//744 692//742
f 690//743 692//742 691//745
f 691//745 692//742 693//746
f 687//738 689//658 690//743
f 696//740 687//738 690//743
f 691//745 767//747 690//743
f 693//746 692//742 697//748
f 697//748 695//749 693//746
f 695//749 752//750 693//746
f 769//751 693//746 752//750
f 697//748 694//752 695//749
f 695//749 755//753 752//750
f 695//749 753//754 755//753
f 753//754 695//749 694//752
f 753//754 694//752 699//755
f 765//736 701//756 603//561
f 696//740 690//743 767//747
f 767//747 691//745 693//746
f 767//747 693//746 769//751
f 608//661 697//748 692//742
f 697//748 1090//757 607//663
f 694//752 697//748 607//663
f 698//667 699//755 702//665
f 607//663 702//665 694//752
f 699//755 694//752 702//665
f 698//667 501//379 701//756
f 603//561 701//756 501//379
f 699//755 698//667 700//758
f 701//756 771//759 698//667
f 698//667 771//759 700//758
f 704//689 703//688 706//760
f 706//760 705//694 704//689
f 776//761 706//760 708//762
f 708//762 706//760 703//688
f 715//763 707//687 652//686
f 780//764 707//687 715//763
f 780//764 715//763 792//765
f 708//762 703//688 641//598
f 708//762 641//598 707//687
f 780//764 708//762 707//687
f 708//762 780//764 776//761
f 705//694 777//766 709//692
f 711//695 712//767 649//693
f 712//767 655//701 649//693
f 712//767 710//768 655//701
f 710//768 713//698 655//701
f 709//692 777//766 711//695
f 710//768 712//767 713//698
f 778//769 712//767 711//695
f 712//767 782//770 713//698
f 714//516 783//696 789//771
f 653//699 715//763 652//686
f 653//699 720//700 716//772
f 716//772 715//763 653//699
f 560//623 658//619 794//773
f 560//623 794//773 795//703
f 659//705 560//623 718//702
f 718//702 717//706 659//705
f 717//706 723//774 722//704
f 724//775 723//774 717//706
f 719//776 717//706 718//702
f 724//775 717//706 719//776
f 719//776 718//702 796//777
f 719//776 799//778 797//779
f 797//779 728//780 719//776
f 726//781 719//776 728//780
f 798//782 718//702 795//703
f 796//777 718//702 798//782
f 723//774 721//709 722//704
f 723//774 730//783 729//784
f 725//785 723//774 724//775
f 723//774 725//785 730//783
f 725//785 727//786 730//783
f 724//775 719//776 726//781
f 724//775 726//781 725//785
f 725//785 726//781 727//786
f 728//780 727//786 726//781
f 728//780 802//787 727//786
f 727//786 802//787 730//783
f 729//784 664//711 721//709
f 663//530 664//711 732//710
f 721//709 723//774 729//784
f 729//784 730//783 732//710
f 732//710 664//711 729//784
f 730//783 733//626 732//710
f 730//783 802//787 733//626
f 801//788 731//789 735//790
f 808//712 666//531 733//626
f 733//626 565//438 732//710
f 804//791 808//712 733//626
f 731//789 720//700 734//439
f 735//790 734//439 737//713
f 735//790 731//789 734//439
f 807//792 806//793 808//712
f 805//794 735//790 809//795
f 809//795 735//790 737//713
f 810//796 814//797 740//717
f 740//717 739//714 810//796
f 736//715 810//796 739//714
f 811//798 737//713 738//628
f 813//799 811//798 738//628
f 574//536 740//717 814//797
f 668//716 669//629 742//718
f 741//800 817//801 574//536
f 814//797 741//800 574//536
f 743//802 742//718 670//633
f 743//802 744//719 746//803
f 743//802 670//633 744//719
f 816//804 743//802 746//803
f 745//723 485//448 574//536
f 745//723 820//805 487//541
f 574//536 817//801 745//723
f 676//722 747//726 744//719
f 747//726 746//803 744//719
f 820//805 748//737 487//541
f 750//806 747//726 749//725
f 821//807 746//803 747//726
f 750//806 821//807 747//726
f 749//725 682//735 750//806
f 748//737 765//736 686//659
f 750//806 682//735 751//739
f 752//750 757//808 770//809
f 754//810 755//753 753//754
f 699//755 754//810 753//754
f 756//811 755//753 754//810
f 757//808 752//750 755//753
f 755//753 756//811 758//812
f 757//808 755//753 758//812
f 770//809 757//808 758//812
f 758//812 756//811 824//813
f 824//813 756//811 762//814
f 823//815 758//812 824//813
f 699//755 700//758 754//810
f 759//816 754//810 700//758
f 701//756 765//736 760//817
f 765//736 763//818 760//817
f 761//819 700//758 771//759
f 761//819 771//759 760//817
f 701//756 760//817 771//759
f 754//810 759//816 762//814
f 761//819 759//816 700//758
f 756//811 754//810 762//814
f 759//816 761//819 762//814
f 762//814 761//819 764//820
f 760//817 763//818 764//820
f 760//817 764//820 761//819
f 824//813 762//814 825//821
f 762//814 764//820 825//821
f 825//821 764//820 763//818
f 827//822 763//818 765//736
f 751//739 773//823 750//806
f 766//741 773//823 751//739
f 696//740 768//824 766//741
f 766//741 768//824 775//825
f 768//824 696//740 767//747
f 767//747 769//751 768//824
f 752//750 770//809 769//751
f 769//751 770//809 768//824
f 772//826 750//806 773//823
f 750//806 772//826 828//827
f 766//741 775//825 773//823
f 773//823 775//825 774//828
f 838//829 774//828 775//825
f 773//823 774//828 772//826
f 705//694 839//830 777//766
f 706//760 839//830 705//694
f 840//831 706//760 776//761
f 840//831 776//761 781//832
f 840//831 839//830 706//760
f 779//833 778//769 777//766
f 711//695 777//766 778//769
f 778//769 779//833 788//834
f 780//764 792//765 793//835
f 776//761 780//764 781//832
f 793//835 781//832 780//764
f 782//770 712//767 778//769
f 788//834 782//770 778//769
f 784//836 783//696 713//698
f 782//770 784//836 713//698
f 784//836 786//837 783//696
f 788//834 784//836 782//770
f 784//836 785//838 786//837
f 788//834 785//838 784//836
f 787//839 786//837 785//838
f 788//834 787//839 785//838
f 787//839 852//840 786//837
f 852//840 853//841 786//837
f 790//842 714//516 789//771
f 786//837 853//841 783//696
f 853//841 790//842 783//696
f 783//696 790//842 1099//843
f 791//844 714//516 790//842
f 791//844 658//619 714//516
f 858//845 791//844 855//846
f 858//845 794//773 791//844
f 792//765 715//763 716//772
f 862//847 792//765 716//772
f 792//765 862//847 793//835
f 794//773 658//619 791//844
f 798//782 795//703 794//773
f 798//782 794//773 858//845
f 799//778 719//776 796//777
f 796//777 798//782 799//778
f 799//778 861//848 800//849
f 799//778 800//849 797//779
f 797//779 800//849 803//850
f 801//788 720//700 731//789
f 716//772 720//700 801//788
f 801//788 862//847 716//772
f 866//851 862//847 801//788
f 797//779 802//787 728//780
f 802//787 804//791 733//626
f 797//779 803//850 802//787
f 804//791 802//787 803//850
f 804//791 807//792 808//712
f 804//791 870//852 807//792
f 801//788 805//794 866//851
f 869//853 866//851 805//794
f 806//793 665//532 808//712
f 873//854 736//715 806//793
f 873//854 806//793 807//792
f 801//788 735//790 805//794
f 806//793 736//715 665//532
f 736//715 873//854 933//855
f 811//798 809//795 737//713
f 809//795 875//856 805//794
f 812//857 875//856 809//795
f 933//855 810//796 736//715
f 811//798 813//799 812//857
f 809//795 811//798 812//857
f 738//628 668//716 813//799
f 813//799 668//716 742//718
f 814//797 880//858 741//800
f 813//799 742//718 878//859
f 880//858 817//801 741//800
f 815//860 742//718 743//802
f 742//718 815//860 878//859
f 949//861 743//802 816//804
f 818//862 746//803 821//807
f 816//804 746//803 818//862
f 883//863 818//862 821//807
f 745//723 817//801 820//805
f 1012//864 819//865 817//801
f 819//865 820//805 817//801
f 748//737 820//805 822//866
f 827//822 748//737 822//866
f 884//867 827//822 822//866
f 819//865 822//866 820//805
f 884//867 885//868 827//822
f 819//865 884//867 822//866
f 821//807 750//806 828//827
f 821//807 828//827 829//869
f 763//818 827//822 826//870
f 823//815 824//813 831//871
f 831//871 824//813 825//821
f 826//870 825//821 763//818
f 885//868 826//870 827//822
f 825//821 826//870 831//871
f 748//737 827//822 765//736
f 829//869 828//827 834//872
f 886//873 821//807 829//869
f 888//874 886//873 829//869
f 832//875 768//824 770//809
f 830//876 832//875 770//809
f 830//876 831//871 887//877
f 770//809 758//812 830//876
f 830//876 758//812 823//815
f 830//876 823//815 831//871
f 888//874 829//869 834//872
f 772//826 834//872 828//827
f 772//826 833//878 834//872
f 891//879 888//874 834//872
f 772//826 774//828 833//878
f 832//875 837//880 768//824
f 774//828 835//881 833//878
f 833//878 891//879 834//872
f 835//881 891//879 833//878
f 835//881 774//828 838//829
f 768//824 836//882 775//825
f 775//825 836//882 838//829
f 836//882 768//824 837//880
f 835//881 890//883 891//879
f 890//883 835//881 838//829
f 836//882 895//884 838//829
f 781//832 842//885 840//831
f 839//830 840//831 841//886
f 840//831 842//885 841//886
f 842//885 847//887 841//886
f 839//830 843//888 777//766
f 843//888 779//833 777//766
f 841//886 843//888 839//830
f 844//889 843//888 841//886
f 779//833 843//888 845//890
f 844//889 845//890 843//888
f 845//890 788//834 779//833
f 793//835 846//891 781//832
f 842//885 781//832 846//891
f 847//887 842//885 848//892
f 848//892 900//893 847//887
f 844//889 841//886 847//887
f 788//834 845//890 850//894
f 845//890 849//895 850//894
f 849//895 908//896 850//894
f 849//895 845//890 844//889
f 849//895 844//889 902//897
f 908//896 849//895 902//897
f 908//896 902//897 909//898
f 788//834 850//894 787//839
f 850//894 851//899 787//839
f 851//899 852//840 787//839
f 850//894 908//896 851//899
f 908//896 910//900 851//899
f 851//899 910//900 852//840
f 853//841 852//840 903//901
f 852//840 910//900 903//901
f 853//841 854//902 790//842
f 854//902 855//846 790//842
f 854//902 856//903 855//846
f 854//902 853//841 856//903
f 903//901 904//904 853//841
f 791//844 790//842 855//846
f 855//846 857//905 858//845
f 856//903 857//905 855//846
f 853//841 904//904 856//903
f 904//904 905//906 856//903
f 905//906 857//905 856//903
f 905//906 913//907 857//905
f 793//835 862//847 846//891
f 863//908 846//891 862//847
f 846//891 848//892 842//885
f 909//898 910//900 908//896
f 799//778 798//782 858//845
f 799//778 858//845 859//909
f 799//778 859//909 861//848
f 860//910 858//845 857//905
f 860//910 859//909 858//845
f 861//848 859//909 860//910
f 913//907 860//910 857//905
f 865//911 861//848 917//912
f 913//907 916//913 860//910
f 916//913 861//848 860//910
f 863//908 862//847 918//914
f 864//915 865//911 917//912
f 864//915 927//916 868//917
f 864//915 868//917 865//911
f 917//912 922//918 864//915
f 861//848 865//911 800//849
f 803//850 800//849 868//917
f 868//917 800//849 865//911
f 867//919 862//847 866//851
f 867//919 866//851 869//853
f 867//919 918//914 862//847
f 869//853 929//920 867//919
f 803//850 868//917 804//791
f 868//917 870//852 804//791
f 870//852 868//917 927//916
f 870//852 871//921 807//792
f 870//852 927//916 871//921
f 869//853 872//922 929//920
f 873//854 807//792 871//921
f 869//853 805//794 872//922
f 872//922 805//794 875//856
f 874//923 929//920 872//922
f 872//922 875//856 874//923
f 874//923 875//856 932//924
f 931//925 874//923 932//924
f 939//926 810//796 933//855
f 934//927 933//855 873//854
f 933//855 990//928 939//926
f 990//928 941//929 939//926
f 876//930 875//856 812//857
f 876//930 932//924 875//856
f 932//924 876//930 935//931
f 810//796 939//926 814//797
f 877//932 812//857 813//799
f 812//857 877//932 876//930
f 876//930 877//932 936//933
f 939//926 880//858 814//797
f 878//859 943//934 813//799
f 817//801 880//858 879//935
f 939//926 879//935 880//858
f 945//936 879//935 940//937
f 815//860 882//938 878//859
f 815//860 743//802 881//939
f 882//938 815//860 881//939
f 946//940 882//938 881//939
f 942//941 882//938 946//940
f 882//938 943//934 878//859
f 879//935 947//942 817//801
f 879//935 945//936 947//942
f 949//861 881//939 743//802
f 818//862 949//861 816//804
f 817//801 947//942 1012//864
f 818//862 883//863 949//861
f 1012//864 884//867 819//865
f 883//863 821//807 886//873
f 887//877 831//871 885//868
f 885//868 952//943 887//877
f 831//871 826//870 885//868
f 886//873 888//874 953//944
f 832//875 830//876 887//877
f 837//880 832//875 893//945
f 893//945 832//875 887//877
f 893//945 887//877 889//946
f 889//946 887//877 956//947
f 957//948 888//874 891//879
f 953//944 888//874 957//948
f 897//949 890//883 838//829
f 894//950 891//879 890//883
f 897//949 894//950 890//883
f 838//829 895//884 897//949
f 836//882 896//951 895//884
f 896//951 836//882 837//880
f 837//880 893//945 896//951
f 892//952 896//951 893//945
f 889//946 892//952 893//945
f 898//953 894//950 897//949
f 898//953 897//949 895//884
f 899//954 898//953 895//884
f 896//951 899//954 895//884
f 896//951 892//952 959//955
f 900//893 848//892 907//956
f 844//889 847//887 900//893
f 844//889 900//893 902//897
f 907//956 901//957 900//893
f 900//893 901//957 902//897
f 926//958 909//898 902//897
f 906//959 904//904 903//901
f 906//959 905//906 904//904
f 912//960 905//906 906//959
f 906//959 911//961 912//960
f 912//960 913//907 905//906
f 848//892 846//891 863//908
f 907//956 848//892 919//962
f 919//962 848//892 863//908
f 901//957 907//956 920//963
f 902//897 901//957 926//958
f 910//900 909//898 921//964
f 921//964 967//965 910//900
f 903//901 910//900 967//965
f 967//965 911//961 903//901
f 967//965 969//966 911//961
f 911//961 969//966 970//967
f 913//907 912//960 915//968
f 911//961 970//967 912//960
f 906//959 903//901 911//961
f 915//968 914//969 913//907
f 970//967 915//968 912//960
f 970//967 923//970 915//968
f 914//969 915//968 923//970
f 913//907 914//969 916//913
f 916//913 914//969 917//912
f 861//848 916//913 917//912
f 863//908 918//914 919//962
f 918//914 924//971 919//962
f 919//962 925//972 907//956
f 907//956 925//972 920//963
f 901//957 920//963 926//958
f 921//964 909//898 926//958
f 968//973 921//964 926//958
f 914//969 923//970 922//918
f 922//918 917//912 914//969
f 922//918 928//974 864//915
f 864//915 928//974 927//916
f 924//971 918//914 867//919
f 867//919 929//920 924//971
f 919//962 924//971 925//972
f 920//963 925//972 971//975
f 927//916 928//974 981//976
f 930//977 929//920 874//923
f 930//977 874//923 931//925
f 929//920 930//977 924//971
f 925//972 924//971 930//977
f 925//972 930//977 971//975
f 871//921 981//976 982//978
f 871//921 927//916 981//976
f 971//975 930//977 976//979
f 930//977 931//925 976//979
f 934//927 873//854 871//921
f 934//927 871//921 982//978
f 931//925 932//924 983//980
f 934//927 990//928 933//855
f 936//933 935//931 876//930
f 932//924 935//931 991//981
f 983//980 932//924 991//981
f 936//933 937//982 935//931
f 991//981 935//931 937//982
f 877//932 997//983 936//933
f 936//933 938//984 937//982
f 937//982 938//984 1000//985
f 940//937 939//926 941//929
f 813//799 943//934 877//932
f 996//986 877//932 943//934
f 941//929 945//936 940//937
f 945//936 941//929 944//987
f 940//937 879//935 939//926
f 946//940 950//988 942//941
f 882//938 942//941 943//934
f 949//861 946//940 881//939
f 949//861 950//988 946//940
f 950//988 1008//989 942//941
f 944//987 948//990 945//936
f 945//936 948//990 947//942
f 948//990 1012//864 947//942
f 1012//864 948//990 944//987
f 950//988 949//861 883//863
f 951//991 883//863 886//873
f 950//988 883//863 951//991
f 1017//992 950//988 951//991
f 1021//993 950//988 1017//992
f 884//867 1013//994 885//868
f 951//991 886//873 954//995
f 954//995 1017//992 951//991
f 1013//994 952//943 885//868
f 1020//996 952//943 1013//994
f 953//944 954//995 886//873
f 956//947 887//877 952//943
f 952//943 1020//996 956//947
f 955//997 956//947 1025//998
f 1020//996 1025//998 956//947
f 889//946 955//997 958//999
f 1031//1000 958//999 955//997
f 889//946 956//947 955//997
f 1031//1000 955//997 1025//998
f 1033//1001 957//948 891//879
f 958//999 959//955 892//952
f 960//1002 959//955 958//999
f 958//999 1031//1000 960//1002
f 1031//1000 1044//1003 960//1002
f 958//999 892//952 889//946
f 1034//1004 1033//1001 891//879
f 961//1005 891//879 894//950
f 963//1006 961//1005 894//950
f 898//953 963//1006 894//950
f 899//954 896//951 959//955
f 960//1002 965//1007 959//955
f 962//1008 898//953 899//954
f 963//1006 898//953 962//1008
f 961//1005 963//1006 1045//1009
f 964//1010 1045//1009 963//1006
f 962//1008 964//1010 963//1006
f 962//1008 966//1011 964//1010
f 962//1008 899//954 959//955
f 962//1008 959//955 966//1011
f 966//1011 959//955 965//1007
f 1060//1012 965//1007 960//1002
f 966//1011 965//1007 1052//1013
f 968//973 926//958 972//1014
f 967//965 921//964 968//973
f 969//966 967//965 968//973
f 969//966 968//973 973//1015
f 973//1015 974//1016 969//966
f 926//958 920//963 971//975
f 926//958 971//975 972//1014
f 971//975 977//1017 972//1014
f 968//973 972//1014 973//1015
f 974//1016 970//967 969//966
f 922//918 981//976 928//974
f 971//975 976//979 977//1017
f 972//1014 977//1017 973//1015
f 973//1015 1062//1018 974//1016
f 970//967 974//1016 975//1019
f 975//1019 923//970 970//967
f 923//970 975//1019 922//918
f 981//976 922//918 980//1020
f 922//918 975//1019 980//1020
f 975//1019 979//1021 980//1020
f 975//1019 974//1016 979//1021
f 976//979 931//925 983//980
f 978//1022 976//979 983//980
f 977//1017 976//979 978//1022
f 973//1015 977//1017 1062//1018
f 977//1017 978//1022 1062//1018
f 1062//1018 978//1022 988//1023
f 1062//1018 979//1021 974//1016
f 980//1020 982//978 981//976
f 980//1020 987//1024 982//978
f 987//1024 985//1025 982//978
f 979//1021 987//1024 980//1020
f 982//978 985//1025 934//927
f 988//1023 978//1022 983//980
f 1062//1018 988//1023 989//1026
f 1062//1018 989//1026 984//1027
f 1062//1018 984//1027 979//1021
f 990//928 985//1025 986//1028
f 987//1024 986//1028 985//1025
f 987//1024 984//1027 986//1028
f 984//1027 987//1024 979//1021
f 988//1023 995//1029 989//1026
f 986//1028 992//1030 990//928
f 984//1027 989//1026 992//1030
f 984//1027 992//1030 986//1028
f 992//1030 941//929 990//928
f 990//928 934//927 985//1025
f 991//981 994//1031 995//1029
f 983//980 991//981 988//1023
f 988//1023 991//981 995//1029
f 989//1026 993//1032 992//1030
f 991//981 937//982 994//1031
f 995//1029 994//1031 1007//1033
f 989//1026 995//1029 993//1032
f 941//929 992//1030 993//1032
f 937//982 1000//985 994//1031
f 941//929 993//1032 995//1029
f 941//929 995//1029 944//987
f 877//932 996//986 997//983
f 997//983 996//986 1002//1034
f 998//1035 997//983 1002//1034
f 936//933 997//983 938//984
f 999//1036 938//984 997//983
f 999//1036 1000//985 938//984
f 999//1036 997//983 998//1035
f 1004//1037 999//1036 998//1035
f 1000//985 1001//1038 994//1031
f 999//1036 1001//1038 1000//985
f 1001//1038 999//1036 1005//1039
f 994//1031 1001//1038 1007//1033
f 1007//1033 1001//1038 1006//1040
f 944//987 995//1029 1007//1033
f 943//934 1002//1034 996//986
f 942//941 1002//1034 943//934
f 1008//989 1002//1034 942//941
f 1003//1041 1002//1034 1008//989
f 1002//1034 1003//1041 998//1035
f 1004//1037 998//1035 1003//1041
f 1003//1041 1009//1042 1004//1037
f 1004//1037 1005//1039 999//1036
f 1063//1043 1006//1040 1005//1039
f 1005//1039 1006//1040 1001//1038
f 1008//989 1009//1042 1003//1041
f 944//987 1007//1033 1064//1044
f 1064//1044 1011//1045 944//987
f 944//987 1011//1045 1012//864
f 1010//1046 1008//989 950//988
f 1021//993 1010//1046 950//988
f 1008//989 1010//1046 1009//1042
f 1065//1047 1011//1045 1064//1044
f 1065//1047 1015//1048 1011//1045
f 884//867 1012//864 1013//994
f 1013//994 1012//864 1014//1049
f 1012//864 1011//1045 1014//1049
f 1010//1046 1021//993 1016//1050
f 1010//1046 1016//1050 1067//1051
f 1019//1052 1015//1048 1065//1047
f 1019//1052 1013//994 1015//1048
f 1011//1045 1015//1048 1014//1049
f 1014//1049 1015//1048 1013//994
f 1021//993 1017//992 954//995
f 1016//1050 1021//993 1022//1053
f 1019//1052 1073//1054 1018//1055
f 1013//994 1018//1055 1020//996
f 1018//1055 1013//994 1019//1052
f 1021//993 1026//1056 1022//1053
f 1067//1051 1022//1053 1027//1057
f 1027//1057 1022//1053 1026//1056
f 1032//1058 1024//1059 1023//1060
f 1023//1060 1024//1059 1018//1055
f 1024//1059 1031//1000 1025//998
f 1018//1055 1024//1059 1025//998
f 1018//1055 1025//998 1020//996
f 954//995 953//944 1028//1061
f 1026//1056 1029//1062 1027//1057
f 1032//1058 1023//1060 1030//1063
f 1032//1058 1031//1000 1024//1059
f 1028//1061 953//944 957//948
f 954//995 1028//1061 1037//1064
f 1037//1064 1028//1061 1035//1065
f 1021//993 954//995 1037//1064
f 1029//1062 1026//1056 1074//1066
f 1029//1062 1074//1066 1077//1067
f 1030//1063 1043//1068 1042//1069
f 1071//1070 1027//1057 1030//1063
f 1029//1062 1030//1063 1027//1057
f 1029//1062 1043//1068 1030//1063
f 1042//1069 1044//1003 1031//1000
f 1032//1058 1042//1069 1031//1000
f 1030//1063 1042//1069 1032//1058
f 1028//1061 957//948 1033//1001
f 1028//1061 1033//1001 1035//1065
f 1036//1071 1033//1001 1034//1004
f 1034//1004 1047//1072 1036//1071
f 1035//1065 1033//1001 1036//1071
f 1038//1073 1035//1065 1036//1071
f 1037//1064 1035//1065 1038//1073
f 1039//1074 1038//1073 1036//1071
f 1038//1073 1039//1074 1041//1075
f 1039//1074 1049//1076 1041//1075
f 1037//1064 1040//1077 1021//993
f 1040//1077 1038//1073 1041//1075
f 1037//1064 1038//1073 1040//1077
f 1041//1075 1075//1078 1040//1077
f 1049//1076 1075//1078 1041//1075
f 1077//1067 1043//1068 1029//1062
f 1058//1079 1042//1069 1043//1068
f 1043//1068 1077//1067 1058//1079
f 891//879 961//1005 1034//1004
f 1034//1004 961//1005 1046//1080
f 961//1005 1045//1009 1046//1080
f 1046//1080 1045//1009 1048//1081
f 1054//1082 1048//1081 1045//1009
f 1047//1072 1034//1004 1046//1080
f 1047//1072 1046//1080 1048//1081
f 1039//1074 1036//1071 1047//1072
f 1049//1076 1047//1072 1048//1081
f 1057//1083 1048//1081 1054//1082
f 1054//1082 1053//1084 1057//1083
f 1039//1074 1047//1072 1049//1076
f 1050//1085 1049//1076 1048//1081
f 1057//1083 1051//1086 1048//1081
f 1050//1085 1051//1086 1078//1087
f 1051//1086 1050//1085 1048//1081
f 1049//1076 1050//1085 1075//1078
f 1050//1085 1078//1087 1075//1078
f 1080//1088 1078//1087 1051//1086
f 964//1010 1054//1082 1045//1009
f 966//1011 1052//1013 1053//1084
f 1054//1082 964//1010 1053//1084
f 964//1010 966//1011 1053//1084
f 1052//1013 1055//1089 1056//1090
f 1052//1013 1060//1012 1055//1089
f 1052//1013 1056//1090 1053//1084
f 1061//1091 1055//1089 1060//1012
f 1059//1092 1056//1090 1055//1089
f 1057//1083 1053//1084 1056//1090
f 1058//1079 1055//1089 1061//1091
f 1059//1092 1057//1083 1056//1090
f 1058//1079 1059//1092 1055//1089
f 1051//1086 1059//1092 1080//1088
f 1051//1086 1057//1083 1059//1092
f 1080//1088 1058//1079 1079//1093
f 1080//1088 1059//1092 1058//1079
f 960//1002 1044//1003 1060//1012
f 1052//1013 965//1007 1060//1012
f 1061//1091 1060//1012 1044//1003
f 1042//1069 1061//1091 1044//1003
f 1058//1079 1061//1091 1042//1069
f 1005//1039 1004//1037 1063//1043
f 1004//1037 1009//1042 1063//1043
f 1063//1043 1064//1044 1006//1040
f 1064//1044 1007//1033 1006//1040
f 1064//1044 1063//1043 1065//1047
f 1009//1042 1010//1046 1066//1094
f 1066//1094 1010//1046 1067//1051
f 1066//1094 1063//1043 1009//1042
f 1063//1043 1066//1094 1068//1095
f 1066//1094 1067//1051 1068//1095
f 1068//1095 1065//1047 1063//1043
f 1067//1051 1016//1050 1022//1053
f 1068//1095 1071//1070 1070//1096
f 1065//1047 1070//1096 1019//1052
f 1068//1095 1070//1096 1065//1047
f 1068//1095 1067//1051 1069//1097
f 1068//1095 1069//1097 1071//1070
f 1072//1098 1073//1054 1070//1096
f 1073//1054 1019//1052 1070//1096
f 1027//1057 1069//1097 1067//1051
f 1069//1097 1027//1057 1071//1070
f 1030//1063 1023//1060 1072//1098
f 1030//1063 1072//1098 1071//1070
f 1070//1096 1071//1070 1072//1098
f 1073//1054 1072//1098 1023//1060
f 1073//1054 1023//1060 1018//1055
f 1021//993 1040//1077 1026//1056
f 1026//1056 1040//1077 1074//1066
f 1074//1066 1040//1077 1076//1099
f 1040//1077 1075//1078 1076//1099
f 1075//1078 1078//1087 1076//1099
f 1078//1087 1079//1093 1076//1099
f 1074//1066 1076//1099 1077//1067
f 1077//1067 1076//1099 1079//1093
f 1079//1093 1058//1079 1077//1067
f 1079//1093 1078//1087 1080//1088
