# Blender 4.0.2
# www.blender.org
mtllib skull_right_second_upper_molar_tooth.mtl
o skull_right_second_upper_molar_tooth
v 0.058632 -0.015119 0.030209
v 0.061328 -0.016589 0.030289
v 0.058358 -0.014219 0.030323
v 0.058755 -0.014459 0.030437
v 0.059110 -0.014999 0.030366
v 0.060153 -0.014969 0.030378
v 0.060594 -0.015169 0.030392
v 0.060922 -0.015919 0.030347
v 0.061725 -0.015839 0.030642
v 0.062071 -0.016559 0.030466
v 0.062555 -0.017029 0.030240
v 0.059416 -0.014399 0.030549
v 0.059833 -0.013709 0.030625
v 0.058793 -0.013949 0.030476
v 0.060603 -0.014249 0.030585
v 0.061778 -0.014899 0.030803
v 0.061096 -0.015169 0.030599
v 0.062617 -0.015209 0.030818
v 0.062608 -0.016099 0.030631
v 0.063092 -0.015429 0.030678
v 0.063539 -0.016509 0.030229
v 0.059297 -0.013009 0.030446
v 0.061069 -0.013739 0.030658
v 0.062372 -0.014269 0.030861
v 0.063313 -0.013889 0.030785
v 0.061050 -0.011379 0.030383
v 0.063087 -0.011619 0.030625
v 0.064050 -0.011159 0.030578
v 0.064876 -0.012389 0.030464
v 0.064833 -0.011659 0.030498
v 0.065271 -0.011809 0.030289
v 0.063623 -0.010419 0.030464
v 0.064514 -0.010849 0.030422
v 0.065139 -0.011349 0.030307
v 0.063835 -0.004859 0.030325
v 0.064372 -0.004559 0.030297
v 0.058575 -0.016019 0.029648
v 0.058161 -0.015999 0.029396
v 0.060847 -0.017269 0.029400
v 0.061495 -0.017629 0.029705
v 0.061818 -0.017839 0.029619
v 0.062264 -0.018079 0.029383
v 0.061732 -0.017949 0.029384
v 0.058035 -0.015159 0.029840
v 0.058344 -0.015679 0.029780
v 0.058870 -0.015599 0.030070
v 0.059394 -0.015829 0.030024
v 0.059219 -0.016169 0.029618
v 0.059957 -0.015919 0.029893
v 0.060244 -0.015959 0.029944
v 0.059915 -0.016149 0.029640
v 0.060074 -0.016229 0.029637
v 0.059874 -0.016249 0.029423
v 0.059998 -0.016319 0.029422
v 0.060877 -0.016619 0.030066
v 0.060731 -0.016989 0.029731
v 0.061403 -0.017129 0.030053
v 0.061939 -0.017519 0.029930
v 0.062464 -0.017779 0.029728
v 0.063394 -0.017569 0.029683
v 0.062798 -0.018039 0.029385
v 0.057389 -0.013979 0.029628
v 0.058252 -0.014649 0.030180
v 0.057798 -0.013949 0.030009
v 0.057652 -0.014289 0.029836
v 0.060227 -0.015579 0.030125
v 0.060376 -0.015639 0.030144
v 0.063235 -0.017119 0.030055
v 0.063983 -0.017079 0.029725
v 0.057481 -0.013359 0.029693
v 0.058036 -0.013539 0.030117
v 0.057520 -0.012289 0.029437
v 0.057923 -0.012309 0.029730
v 0.064390 -0.015579 0.030070
v 0.065111 -0.014259 0.029902
v 0.060003 -0.009649 0.029709
v 0.065354 -0.012499 0.030141
v 0.065696 -0.012579 0.029731
v 0.065163 -0.010759 0.029956
v 0.065669 -0.011509 0.029671
v 0.061680 -0.007969 0.029471
v 0.063082 -0.009529 0.030168
v 0.063824 -0.009649 0.030102
v 0.062375 -0.007119 0.029661
v 0.063327 -0.008489 0.029757
v 0.064198 -0.008629 0.029509
v 0.060729 -0.005479 0.029449
v 0.062156 -0.006129 0.029667
v 0.061681 -0.006589 0.029471
v 0.063661 -0.007589 0.029686
v 0.060382 -0.004769 0.029451
v 0.062765 -0.005929 0.030000
v 0.063385 -0.006109 0.030166
v 0.063975 -0.006009 0.030245
v 0.063648 -0.006619 0.030072
v 0.064342 -0.006509 0.030072
v 0.065018 -0.006789 0.029719
v 0.064696 -0.007249 0.029554
v 0.062510 -0.004489 0.029750
v 0.062912 -0.004899 0.030089
v 0.062609 -0.004929 0.029961
v 0.064811 -0.005749 0.030173
v 0.065013 -0.006149 0.030021
v 0.065277 -0.005809 0.029923
v 0.065273 -0.006359 0.029788
v 0.063711 -0.003889 0.030210
v 0.062903 -0.004319 0.030023
v 0.063574 -0.003359 0.030048
v 0.065220 -0.004569 0.030051
v 0.063473 -0.002459 0.029605
v 0.065380 -0.003719 0.029911
v 0.065675 -0.003969 0.029724
v 0.064673 -0.001729 0.029650
v 0.065324 -0.002429 0.029684
v 0.065545 -0.002109 0.029495
v 0.065695 -0.002909 0.029616
v 0.057750 -0.015659 0.029329
v 0.057441 -0.015619 0.028981
v 0.057178 -0.015129 0.029038
v 0.057334 -0.015549 0.028659
v 0.057089 -0.015299 0.028663
v 0.058498 -0.016179 0.029310
v 0.058215 -0.016139 0.029083
v 0.057857 -0.015949 0.028990
v 0.058450 -0.016199 0.028955
v 0.057913 -0.015959 0.028654
v 0.058805 -0.016049 0.028467
v 0.061446 -0.017779 0.029284
v 0.061267 -0.017419 0.029055
v 0.061676 -0.017939 0.029037
v 0.062006 -0.018129 0.029060
v 0.062317 -0.018219 0.029060
v 0.061982 -0.018099 0.028732
v 0.062305 -0.018219 0.028747
v 0.062673 -0.018229 0.029048
v 0.062682 -0.018169 0.028569
v 0.056978 -0.014189 0.028997
v 0.056916 -0.014789 0.028666
v 0.059514 -0.016199 0.029237
v 0.060254 -0.016659 0.029319
v 0.059876 -0.016279 0.029292
v 0.059988 -0.016349 0.029290
v 0.060272 -0.016559 0.028976
v 0.059951 -0.016199 0.028925
v 0.060989 -0.016909 0.028562
v 0.060991 -0.017149 0.029035
v 0.063492 -0.017869 0.029259
v 0.063099 -0.018139 0.029056
v 0.063052 -0.018219 0.028738
v 0.063502 -0.018089 0.028740
v 0.063983 -0.017839 0.028756
v 0.056849 -0.013939 0.028636
v 0.064298 -0.017299 0.029276
v 0.064554 -0.017289 0.028916
v 0.057122 -0.013189 0.029231
v 0.056831 -0.013069 0.028548
v 0.064853 -0.016439 0.029307
v 0.065046 -0.016729 0.028784
v 0.057162 -0.011989 0.028818
v 0.065397 -0.016089 0.028763
v 0.065799 -0.014999 0.028766
v 0.065633 -0.014479 0.029359
v 0.065892 -0.013919 0.029091
v 0.058746 -0.009579 0.029195
v 0.058121 -0.009879 0.028839
v 0.066027 -0.012549 0.028891
v 0.059238 -0.008039 0.028655
v 0.060011 -0.007999 0.029050
v 0.059464 -0.007409 0.028598
v 0.059454 -0.006649 0.028650
v 0.064624 -0.009379 0.029397
v 0.065171 -0.010029 0.029268
v 0.061022 -0.006429 0.029306
v 0.060764 -0.006989 0.029131
v 0.065065 -0.009419 0.028949
v 0.060336 -0.005739 0.029325
v 0.061661 -0.005839 0.029332
v 0.064567 -0.007959 0.029319
v 0.064888 -0.008279 0.029006
v 0.065115 -0.007749 0.028998
v 0.058730 -0.003899 0.028907
v 0.059524 -0.003769 0.029290
v 0.061131 -0.005329 0.029411
v 0.060823 -0.004899 0.029429
v 0.061267 -0.005029 0.029272
v 0.061357 -0.004859 0.029106
v 0.062135 -0.005089 0.029461
v 0.061910 -0.005259 0.029281
v 0.061622 -0.005289 0.029233
v 0.061699 -0.004949 0.029013
v 0.059929 -0.003019 0.029276
v 0.060301 -0.003939 0.029354
v 0.060577 -0.003739 0.029103
v 0.061400 -0.004469 0.028687
v 0.062087 -0.004709 0.029121
v 0.065683 -0.005979 0.029464
v 0.065481 -0.006729 0.029362
v 0.058926 -0.001919 0.029200
v 0.058553 -0.001609 0.028991
v 0.060356 -0.002569 0.028761
v 0.066059 -0.005889 0.028888
v 0.058354 -0.001049 0.028722
v 0.059173 -0.000869 0.029207
v 0.058763 -0.000669 0.029045
v 0.060007 -0.000959 0.028890
v 0.059138 0.000381 0.028962
v 0.059651 -0.000589 0.029092
v 0.059395 0.000391 0.028981
v 0.065912 -0.003999 0.029449
v 0.065903 -0.003249 0.029459
v 0.066134 -0.003629 0.029027
v 0.063912 -0.001399 0.029452
v 0.063709 -0.001389 0.029275
v 0.063393 -0.001879 0.028906
v 0.066092 -0.002869 0.029077
v 0.065939 -0.002139 0.029039
v 0.063852 -0.000589 0.029064
v 0.064132 -0.000099 0.028985
v 0.063601 -0.000739 0.028773
v 0.064379 -0.001239 0.029502
v 0.064914 -0.001179 0.029438
v 0.064600 -0.000339 0.029123
v 0.065183 -0.000579 0.029084
v 0.065001 0.000051 0.028843
v 0.065467 -0.000349 0.028736
v 0.065233 0.000121 0.028687
v 0.057373 -0.015399 0.028343
v 0.058225 -0.015899 0.028264
v 0.061484 -0.017589 0.028375
v 0.062039 -0.017989 0.028399
v 0.056978 -0.015019 0.028346
v 0.056876 -0.014419 0.028244
v 0.057108 -0.014729 0.027986
v 0.057716 -0.015419 0.027979
v 0.060561 -0.016079 0.027925
v 0.063392 -0.017779 0.028070
v 0.063010 -0.017469 0.027840
v 0.063521 -0.018029 0.028382
v 0.063936 -0.017909 0.028387
v 0.056710 -0.013669 0.027696
v 0.064382 -0.017639 0.028412
v 0.064313 -0.017629 0.027781
v 0.064774 -0.017409 0.027674
v 0.065195 -0.016769 0.028291
v 0.065774 -0.015709 0.028109
v 0.066005 -0.014719 0.028240
v 0.066146 -0.013729 0.028144
v 0.058749 -0.007959 0.028083
v 0.059068 -0.007299 0.028193
v 0.058970 -0.006549 0.028195
v 0.065923 -0.010799 0.028388
v 0.058321 -0.005339 0.028097
v 0.065524 -0.009689 0.028492
v 0.065349 -0.008759 0.028413
v 0.065733 -0.009679 0.027926
v 0.065582 -0.008889 0.027990
v 0.058353 -0.004369 0.028538
v 0.058029 -0.003929 0.028246
v 0.057891 -0.004629 0.027774
v 0.065680 -0.008219 0.027942
v 0.061813 -0.005179 0.028040
v 0.061721 -0.005119 0.027934
v 0.061800 -0.005169 0.028040
v 0.061818 -0.005169 0.028020
v 0.061822 -0.005169 0.028040
v 0.061721 -0.005119 0.027932
v 0.061721 -0.005119 0.027931
v 0.061721 -0.005119 0.027932
v 0.057853 -0.002189 0.027934
v 0.058135 -0.002469 0.028530
v 0.061184 -0.003959 0.028225
v 0.061623 -0.004329 0.028087
v 0.061663 -0.004529 0.028502
v 0.061952 -0.004389 0.028497
v 0.061961 -0.004239 0.028172
v 0.061766 -0.004339 0.028059
v 0.061933 -0.004229 0.027939
v 0.066126 -0.006649 0.028323
v 0.062490 -0.003589 0.028344
v 0.066331 -0.005949 0.027849
v 0.060478 -0.001689 0.027939
v 0.063035 -0.002559 0.027837
v 0.058605 0.000321 0.028655
v 0.058389 0.000301 0.028312
v 0.060401 -0.000399 0.027850
v 0.066372 -0.003569 0.028142
v 0.058751 0.001581 0.028193
v 0.066229 -0.002609 0.028565
v 0.059049 0.001771 0.028453
v 0.059383 0.001711 0.028615
v 0.060405 0.001371 0.028012
v 0.059507 0.002861 0.028126
v 0.060085 0.002221 0.028351
v 0.059939 0.002581 0.028309
v 0.060336 0.002491 0.028040
v 0.059743 0.003391 0.027839
v 0.059977 0.003141 0.028054
v 0.060238 0.002951 0.028041
v 0.064210 0.001571 0.028164
v 0.064677 0.001211 0.028287
v 0.064906 0.001351 0.028090
v 0.065329 0.001001 0.027865
v 0.057698 -0.015089 0.027349
v 0.057409 -0.014619 0.027332
v 0.057727 -0.015109 0.026914
v 0.058022 -0.015329 0.027044
v 0.061138 -0.016699 0.027469
v 0.061528 -0.017039 0.027360
v 0.056802 -0.013359 0.026913
v 0.056904 -0.013769 0.027060
v 0.060248 -0.015629 0.027392
v 0.060582 -0.015699 0.027316
v 0.063562 -0.017249 0.027449
v 0.063273 -0.016999 0.027109
v 0.063587 -0.017109 0.027098
v 0.063663 -0.017199 0.026968
v 0.064080 -0.017579 0.027565
v 0.064495 -0.017519 0.027414
v 0.063867 -0.017349 0.027302
v 0.064158 -0.017499 0.027323
v 0.063842 -0.017379 0.026961
v 0.064170 -0.017469 0.026998
v 0.056675 -0.012919 0.027594
v 0.056808 -0.012239 0.027626
v 0.065263 -0.016909 0.027431
v 0.065662 -0.016229 0.027298
v 0.065475 -0.016579 0.026920
v 0.066030 -0.015019 0.027185
v 0.057565 -0.009619 0.027557
v 0.057273 -0.010259 0.027059
v 0.066245 -0.012969 0.027354
v 0.058621 -0.007359 0.027477
v 0.057735 -0.005499 0.026867
v 0.065783 -0.009009 0.027260
v 0.057745 -0.003909 0.027633
v 0.057721 -0.002619 0.026964
v 0.066066 -0.007839 0.026956
v 0.061643 -0.004289 0.027752
v 0.061605 -0.004329 0.027284
v 0.061768 -0.004319 0.027713
v 0.061921 -0.004299 0.027276
v 0.060774 -0.002999 0.027444
v 0.057924 -0.000829 0.027249
v 0.062940 -0.002879 0.027327
v 0.058232 0.000601 0.027464
v 0.058207 0.000541 0.026982
v 0.063403 -0.000829 0.027738
v 0.063394 -0.000659 0.027020
v 0.063363 -0.001539 0.027305
v 0.060536 0.001021 0.027355
v 0.066230 -0.001579 0.027143
v 0.059321 0.003061 0.027833
v 0.063186 0.001211 0.027380
v 0.059508 0.003631 0.027407
v 0.059832 0.003791 0.027388
v 0.059182 0.003351 0.027109
v 0.059484 0.003791 0.027073
v 0.060361 0.003171 0.027786
v 0.060272 0.003521 0.027621
v 0.060492 0.003681 0.027194
v 0.060600 0.003371 0.027106
v 0.063329 0.001611 0.027723
v 0.065805 0.000221 0.027447
v 0.060231 0.003881 0.027178
v 0.063294 0.002881 0.027103
v 0.063551 0.002281 0.027674
v 0.063763 0.002511 0.027626
v 0.064282 0.002571 0.027511
v 0.064502 0.002781 0.027182
v 0.057114 -0.014449 0.026025
v 0.057578 -0.015079 0.026377
v 0.057330 -0.014769 0.026402
v 0.057684 -0.015059 0.026042
v 0.058700 -0.015489 0.026803
v 0.058317 -0.015359 0.026270
v 0.058822 -0.015509 0.026277
v 0.058366 -0.015489 0.025969
v 0.058818 -0.015739 0.025986
v 0.059751 -0.015969 0.025844
v 0.056867 -0.013409 0.026061
v 0.057030 -0.014009 0.026674
v 0.056935 -0.013929 0.026045
v 0.060721 -0.015609 0.026715
v 0.060524 -0.015589 0.026587
v 0.061397 -0.016229 0.026701
v 0.061203 -0.016019 0.026741
v 0.061337 -0.016109 0.026351
v 0.060874 -0.015929 0.026053
v 0.061717 -0.016479 0.026683
v 0.061735 -0.016349 0.026368
v 0.061616 -0.016399 0.025982
v 0.062357 -0.016719 0.026729
v 0.062802 -0.016839 0.026389
v 0.063482 -0.017359 0.026374
v 0.063424 -0.017359 0.025932
v 0.063801 -0.017509 0.026346
v 0.063797 -0.017469 0.025909
v 0.056860 -0.012189 0.026344
v 0.064883 -0.017219 0.026690
v 0.065846 -0.015319 0.026138
v 0.066123 -0.013849 0.026395
v 0.057974 -0.007759 0.026388
v 0.066024 -0.011089 0.026220
v 0.058207 -0.006679 0.026796
v 0.057586 -0.004769 0.026762
v 0.065844 -0.009229 0.026321
v 0.057616 -0.003649 0.026583
v 0.057726 -0.003269 0.026415
v 0.057975 -0.003189 0.026082
v 0.061761 -0.004779 0.026418
v 0.057898 -0.002739 0.026440
v 0.058141 -0.002719 0.026201
v 0.060921 -0.003439 0.026907
v 0.060744 -0.003549 0.026375
v 0.061448 -0.004499 0.026545
v 0.061912 -0.004579 0.026718
v 0.062218 -0.004399 0.026523
v 0.062046 -0.004759 0.026284
v 0.062641 -0.004309 0.026155
v 0.058056 -0.001659 0.026617
v 0.060578 -0.002549 0.026686
v 0.060288 -0.002449 0.026195
v 0.066476 -0.005539 0.026441
v 0.066335 -0.006159 0.025962
v 0.059085 -0.001319 0.026134
v 0.059879 -0.001549 0.026097
v 0.060402 -0.001399 0.026944
v 0.060276 -0.001679 0.026453
v 0.062934 -0.003119 0.026775
v 0.063183 -0.003189 0.026323
v 0.059036 -0.000309 0.026241
v 0.059649 -0.000129 0.026151
v 0.060288 -0.000609 0.026688
v 0.060023 -0.000869 0.026260
v 0.059884 -0.000599 0.026186
v 0.060043 -0.000009 0.026228
v 0.063299 -0.002299 0.026782
v 0.063446 -0.002619 0.026213
v 0.066446 -0.003599 0.026470
v 0.058627 0.001321 0.026476
v 0.060206 -0.000039 0.026369
v 0.059015 0.001371 0.026199
v 0.060523 0.001001 0.026737
v 0.060397 0.000881 0.026383
v 0.060293 0.001621 0.026139
v 0.066132 -0.001269 0.026363
v 0.060540 0.001961 0.026678
v 0.060476 0.001941 0.026304
v 0.059813 0.004001 0.026848
v 0.059404 0.003831 0.026645
v 0.059159 0.003431 0.026467
v 0.059404 0.003831 0.026314
v 0.059633 0.003971 0.026325
v 0.059941 0.004011 0.026330
v 0.059171 0.003301 0.026222
v 0.059308 0.003661 0.026192
v 0.060610 0.003681 0.026854
v 0.060668 0.003561 0.026535
v 0.060644 0.003001 0.026464
v 0.060646 0.003431 0.026302
v 0.060602 0.003661 0.026309
v 0.060518 0.003511 0.026106
v 0.060473 0.003671 0.026131
v 0.065840 0.000401 0.026812
v 0.065687 0.000751 0.026369
v 0.060461 0.003851 0.026952
v 0.060279 0.003981 0.026708
v 0.060556 0.003821 0.026537
v 0.060360 0.003931 0.026406
v 0.060525 0.003771 0.026306
v 0.063162 0.002591 0.026915
v 0.062987 0.003341 0.026420
v 0.065527 0.001311 0.026838
v 0.065175 0.002061 0.026241
v 0.063306 0.003531 0.026660
v 0.063776 0.003841 0.026316
v 0.063071 0.003781 0.026188
v 0.063457 0.003941 0.026137
v 0.063868 0.003441 0.026783
v 0.064174 0.003621 0.026434
v 0.064771 0.002801 0.026739
v 0.058935 -0.016219 0.025594
v 0.058332 -0.016619 0.025055
v 0.060907 -0.017439 0.024980
v 0.057133 -0.014469 0.025415
v 0.057111 -0.014729 0.025068
v 0.057408 -0.014839 0.025758
v 0.057709 -0.015049 0.025753
v 0.057401 -0.014909 0.025492
v 0.060531 -0.016809 0.025419
v 0.061416 -0.016979 0.025326
v 0.063309 -0.017439 0.025448
v 0.057004 -0.013989 0.025123
v 0.063407 -0.017379 0.025685
v 0.064278 -0.017369 0.025776
v 0.063796 -0.017449 0.025693
v 0.063792 -0.017559 0.025302
v 0.064964 -0.016879 0.025527
v 0.065433 -0.016229 0.025628
v 0.057443 -0.009339 0.025169
v 0.065813 -0.013829 0.025074
v 0.057741 -0.008049 0.025850
v 0.066030 -0.012279 0.025215
v 0.057880 -0.007259 0.025896
v 0.057806 -0.007149 0.025149
v 0.057621 -0.006269 0.025676
v 0.057494 -0.005649 0.025298
v 0.057478 -0.004709 0.025790
v 0.057464 -0.005339 0.025599
v 0.057498 -0.005169 0.025221
v 0.057605 -0.004159 0.025697
v 0.057728 -0.004279 0.025322
v 0.058305 -0.003879 0.025225
v 0.060484 -0.004169 0.025546
v 0.060897 -0.004759 0.025261
v 0.062032 -0.005239 0.025635
v 0.061419 -0.005199 0.025453
v 0.061934 -0.005389 0.025297
v 0.058646 -0.002709 0.025900
v 0.060129 -0.003369 0.025672
v 0.060501 -0.003669 0.025889
v 0.062331 -0.004969 0.025833
v 0.063062 -0.004979 0.025417
v 0.059521 -0.002469 0.025830
v 0.059875 -0.002319 0.025957
v 0.063277 -0.004439 0.025692
v 0.064377 -0.004529 0.025267
v 0.063881 -0.004899 0.025166
v 0.066241 -0.005669 0.025472
v 0.063637 -0.003559 0.025881
v 0.064338 -0.003279 0.025610
v 0.066453 -0.005179 0.025884
v 0.066320 -0.004999 0.025623
v 0.063641 -0.001859 0.026063
v 0.063810 -0.002039 0.025823
v 0.063664 -0.002809 0.025977
v 0.065734 -0.003309 0.025577
v 0.066178 -0.003339 0.025872
v 0.063570 -0.000599 0.026063
v 0.064320 -0.001179 0.025507
v 0.063809 -0.000519 0.025596
v 0.059333 0.003001 0.025997
v 0.063150 0.001311 0.025778
v 0.063276 0.001131 0.025525
v 0.063973 0.000171 0.025415
v 0.064828 -0.000229 0.025556
v 0.065820 -0.001009 0.025931
v 0.059570 0.003881 0.026100
v 0.059778 0.003951 0.026097
v 0.060023 0.003941 0.026107
v 0.059393 0.003491 0.025990
v 0.059555 0.003521 0.025897
v 0.059549 0.003761 0.025981
v 0.059653 0.003721 0.025903
v 0.059705 0.003821 0.025947
v 0.059953 0.003811 0.025937
v 0.059692 0.003221 0.025859
v 0.059830 0.003621 0.025853
v 0.060337 0.002851 0.025988
v 0.060519 0.002991 0.026097
v 0.060371 0.003441 0.025983
v 0.060300 0.003801 0.026099
v 0.060243 0.003661 0.025962
v 0.060034 0.003421 0.025871
v 0.063002 0.002121 0.026052
v 0.063084 0.002311 0.025339
v 0.063552 0.001451 0.025228
v 0.063305 0.001661 0.025272
v 0.064011 0.001551 0.025241
v 0.065172 0.000921 0.025774
v 0.062866 0.003191 0.026007
v 0.062870 0.003231 0.025553
v 0.062857 0.003551 0.025859
v 0.062982 0.003851 0.025764
v 0.062946 0.003751 0.025442
v 0.063225 0.003961 0.025973
v 0.063736 0.004011 0.025987
v 0.063498 0.004031 0.025864
v 0.063192 0.003981 0.025668
v 0.063388 0.004021 0.025529
v 0.063096 0.003911 0.025444
v 0.062926 0.003621 0.025348
v 0.064028 0.003891 0.026086
v 0.064249 0.003701 0.026001
v 0.063860 0.004021 0.025583
v 0.064083 0.003841 0.025474
v 0.058679 -0.017429 0.024372
v 0.058258 -0.016999 0.024377
v 0.059040 -0.017239 0.024748
v 0.060004 -0.017779 0.024560
v 0.059643 -0.018059 0.024151
v 0.057287 -0.015339 0.024777
v 0.057137 -0.014979 0.024580
v 0.057418 -0.015609 0.024235
v 0.061213 -0.018089 0.024379
v 0.062352 -0.017899 0.024476
v 0.063977 -0.017359 0.024301
v 0.065399 -0.015579 0.024807
v 0.065231 -0.015089 0.024131
v 0.057871 -0.008019 0.024789
v 0.065914 -0.012809 0.024624
v 0.057628 -0.005509 0.024717
v 0.057733 -0.004669 0.024787
v 0.065330 -0.009499 0.024277
v 0.058260 -0.004119 0.024898
v 0.057985 -0.004249 0.024783
v 0.058220 -0.004089 0.024550
v 0.058035 -0.004159 0.024459
v 0.065497 -0.008469 0.024762
v 0.058728 -0.003999 0.024564
v 0.058989 -0.003889 0.024434
v 0.059198 -0.003869 0.025049
v 0.058904 -0.004029 0.024777
v 0.059226 -0.004049 0.024781
v 0.059070 -0.004019 0.024655
v 0.059329 -0.004019 0.024565
v 0.059360 -0.003849 0.024358
v 0.059951 -0.004099 0.025132
v 0.059845 -0.004219 0.024892
v 0.060270 -0.004389 0.025008
v 0.060215 -0.004329 0.024672
v 0.060972 -0.004849 0.024989
v 0.060778 -0.004549 0.024673
v 0.061599 -0.005309 0.025093
v 0.061998 -0.005369 0.025077
v 0.061901 -0.005309 0.024961
v 0.061525 -0.005109 0.024854
v 0.060545 -0.004089 0.024347
v 0.062355 -0.004149 0.024141
v 0.062967 -0.005259 0.025133
v 0.062878 -0.005329 0.025008
v 0.063063 -0.005269 0.024764
v 0.062620 -0.005039 0.024544
v 0.063158 -0.004629 0.024220
v 0.063743 -0.005149 0.024878
v 0.064120 -0.005179 0.024757
v 0.063801 -0.005139 0.024557
v 0.063604 -0.004959 0.024342
v 0.064661 -0.005349 0.024657
v 0.064471 -0.005369 0.024555
v 0.064749 -0.005599 0.024420
v 0.064218 -0.005229 0.024324
v 0.065524 -0.006019 0.024572
v 0.065158 -0.005729 0.024506
v 0.064324 -0.005069 0.024910
v 0.065770 -0.005219 0.025043
v 0.065354 -0.004999 0.024966
v 0.062979 0.003431 0.025223
v 0.063292 0.002501 0.025094
v 0.063669 0.002351 0.025037
v 0.064043 0.002651 0.025081
v 0.063006 0.003711 0.025221
v 0.063063 0.003811 0.025230
v 0.063134 0.003781 0.025111
v 0.063171 0.003891 0.025223
v 0.063824 0.003981 0.025235
v 0.063091 0.003631 0.025110
v 0.063407 0.003871 0.025014
v 0.063464 0.003961 0.025127
v 0.063317 0.003611 0.024987
v 0.063363 0.003781 0.024975
v 0.063466 0.003681 0.024951
v 0.063509 0.003821 0.024963
v 0.063629 0.003701 0.024967
v 0.063658 0.003881 0.025013
v 0.064032 0.003581 0.025160
v 0.058012 -0.016579 0.023771
v 0.058548 -0.017389 0.024030
v 0.058435 -0.017129 0.023682
v 0.059376 -0.018049 0.023832
v 0.058999 -0.017719 0.023656
v 0.059994 -0.018389 0.023694
v 0.059774 -0.018259 0.023370
v 0.060745 -0.018479 0.023843
v 0.060644 -0.018549 0.023477
v 0.061158 -0.018519 0.023377
v 0.061462 -0.018449 0.023851
v 0.061324 -0.018519 0.023694
v 0.058051 -0.016309 0.023329
v 0.061814 -0.018409 0.023693
v 0.062596 -0.018069 0.023680
v 0.062810 -0.018039 0.024058
v 0.063078 -0.017809 0.023726
v 0.056982 -0.013029 0.024110
v 0.064630 -0.016379 0.023927
v 0.064188 -0.016819 0.023684
v 0.057666 -0.009929 0.023543
v 0.065340 -0.013949 0.023948
v 0.065715 -0.012909 0.024094
v 0.065468 -0.011949 0.023366
v 0.065739 -0.011629 0.024020
v 0.065325 -0.010849 0.023459
v 0.065193 -0.009019 0.024040
v 0.058054 -0.003899 0.023516
v 0.065362 -0.007999 0.024043
v 0.058430 -0.003849 0.024244
v 0.058609 -0.003499 0.023995
v 0.058147 -0.003839 0.023862
v 0.058402 -0.003159 0.023375
v 0.065460 -0.007209 0.024160
v 0.065259 -0.007249 0.023670
v 0.059217 -0.003359 0.024052
v 0.059313 -0.002519 0.023695
v 0.058751 -0.002659 0.023502
v 0.064576 -0.005449 0.024063
v 0.065223 -0.006399 0.024101
v 0.065012 -0.006059 0.024108
v 0.065063 -0.006459 0.023773
v 0.064907 -0.006019 0.023657
v 0.059025 -0.002169 0.023477
v 0.064004 -0.004679 0.023913
v 0.064246 -0.004489 0.023576
v 0.062966 -0.003399 0.023773
v 0.063637 -0.003559 0.023594
v 0.059557 -0.017799 0.022751
v 0.059048 -0.017239 0.022660
v 0.060185 -0.018239 0.022835
v 0.060175 -0.017969 0.022484
v 0.060305 -0.018449 0.023175
v 0.060866 -0.018329 0.022854
v 0.060858 -0.018039 0.022394
v 0.061707 -0.018259 0.023143
v 0.062332 -0.017529 0.022485
v 0.062871 -0.017619 0.023101
v 0.057260 -0.013429 0.023084
v 0.063055 -0.017009 0.022584
v 0.057292 -0.012249 0.023114
v 0.064098 -0.016309 0.023026
v 0.064424 -0.015849 0.023122
v 0.065185 -0.012779 0.023127
v 0.058431 -0.008419 0.022920
v 0.065050 -0.011709 0.022716
v 0.058530 -0.007599 0.023084
v 0.065200 -0.011209 0.023050
v 0.058543 -0.006689 0.023097
v 0.064775 -0.009759 0.023190
v 0.058250 -0.004909 0.022761
v 0.064484 -0.008979 0.022760
v 0.058062 -0.004349 0.023090
v 0.058283 -0.004189 0.022551
v 0.065002 -0.007339 0.022865
v 0.065119 -0.006989 0.023176
v 0.058852 -0.001999 0.023237
v 0.058671 -0.001969 0.022778
v 0.064475 -0.004219 0.022973
v 0.064643 -0.004799 0.023076
v 0.059470 -0.000829 0.023225
v 0.059233 -0.000899 0.023133
v 0.059052 -0.000589 0.022839
v 0.062620 -0.001629 0.023316
v 0.059741 0.000761 0.022854
v 0.059449 0.000681 0.022759
v 0.060404 -0.000189 0.023185
v 0.062970 -0.001159 0.022987
v 0.060606 0.001311 0.022663
v 0.059960 0.001511 0.022564
v 0.061667 0.000691 0.022727
v 0.058780 -0.016399 0.022139
v 0.059073 -0.016629 0.021985
v 0.059640 -0.017159 0.021998
v 0.059484 -0.016429 0.021570
v 0.061388 -0.017799 0.022225
v 0.061100 -0.017639 0.021973
v 0.060784 -0.017429 0.021825
v 0.058478 -0.015499 0.022035
v 0.059075 -0.016019 0.021650
v 0.061560 -0.016989 0.021539
v 0.057688 -0.013599 0.022363
v 0.058553 -0.014029 0.021494
v 0.063158 -0.015809 0.021717
v 0.057812 -0.012199 0.022078
v 0.057853 -0.010799 0.022421
v 0.058242 -0.011079 0.021723
v 0.064232 -0.014669 0.022370
v 0.058892 -0.008429 0.022014
v 0.064577 -0.011959 0.022186
v 0.063922 -0.009959 0.021998
v 0.064398 -0.010979 0.022058
v 0.058991 -0.006949 0.022411
v 0.059588 -0.007029 0.021771
v 0.063596 -0.009529 0.021737
v 0.063522 -0.009139 0.021576
v 0.059552 -0.006309 0.021734
v 0.058793 -0.004629 0.021888
v 0.064821 -0.006729 0.022419
v 0.058493 -0.002629 0.022548
v 0.058706 -0.001689 0.022179
v 0.058726 -0.002059 0.021804
v 0.058994 0.000351 0.022252
v 0.064352 -0.003209 0.022297
v 0.059338 0.001291 0.022340
v 0.063764 -0.001179 0.021951
v 0.059541 0.001391 0.022491
v 0.059819 0.002001 0.022203
v 0.059537 0.002111 0.021918
v 0.060124 0.001981 0.022267
v 0.062996 0.000601 0.021960
v 0.063016 -0.000109 0.022421
v 0.061416 0.001531 0.022429
v 0.061839 0.001951 0.022048
v 0.061382 0.002481 0.021837
v 0.062143 0.002001 0.021809
v 0.059973 -0.016549 0.021425
v 0.059712 -0.016009 0.021259
v 0.060250 -0.016029 0.021091
v 0.060717 -0.016659 0.021321
v 0.061290 -0.016519 0.021207
v 0.059535 -0.014949 0.021007
v 0.060085 -0.015349 0.020885
v 0.061188 -0.015989 0.020938
v 0.061226 -0.015349 0.020708
v 0.062231 -0.016499 0.021499
v 0.062006 -0.016109 0.021126
v 0.061643 -0.016059 0.020996
v 0.059691 -0.013839 0.020727
v 0.062666 -0.015539 0.021147
v 0.062036 -0.015359 0.020788
v 0.058459 -0.012079 0.021398
v 0.059038 -0.012469 0.021010
v 0.063178 -0.014569 0.021114
v 0.062880 -0.014879 0.020970
v 0.062743 -0.014349 0.020766
v 0.063347 -0.015129 0.021454
v 0.059742 -0.012349 0.020794
v 0.058989 -0.011029 0.021056
v 0.059771 -0.010689 0.020770
v 0.062766 -0.012229 0.020745
v 0.063424 -0.012629 0.021121
v 0.059271 -0.009519 0.021212
v 0.059707 -0.007739 0.021476
v 0.061182 -0.008569 0.020885
v 0.062575 -0.009809 0.020972
v 0.063117 -0.009479 0.021332
v 0.060060 -0.007109 0.021402
v 0.060196 -0.007819 0.021217
v 0.061827 -0.008499 0.020855
v 0.062796 -0.009019 0.021034
v 0.060589 -0.006309 0.021069
v 0.060813 -0.006979 0.021086
v 0.059757 -0.005119 0.021129
v 0.062140 -0.006739 0.020830
v 0.062782 -0.006659 0.020805
v 0.063519 -0.007579 0.021071
v 0.063210 -0.007129 0.020900
v 0.064140 -0.007449 0.021599
v 0.063366 -0.006459 0.020886
v 0.063683 -0.006529 0.021044
v 0.059046 -0.002589 0.021323
v 0.059766 -0.003529 0.020831
v 0.063671 -0.004339 0.020785
v 0.064239 -0.003839 0.021493
v 0.059031 0.001081 0.021415
v 0.063825 -0.001269 0.021457
v 0.059311 0.001931 0.021700
v 0.059283 0.002231 0.021089
v 0.059767 0.002761 0.021464
v 0.060182 0.003011 0.021396
v 0.059554 0.002691 0.021289
v 0.062928 0.001181 0.021273
v 0.061255 0.003351 0.021062
v 0.061590 0.003221 0.021044
v 0.061791 0.002521 0.021672
v 0.062007 0.002621 0.021349
v 0.062512 0.001921 0.021388
v 0.062426 0.002321 0.020923
v 0.060265 -0.014289 0.020596
v 0.060844 -0.014129 0.020496
v 0.061759 -0.014609 0.020552
v 0.060027 -0.013529 0.020606
v 0.061653 -0.012569 0.020598
v 0.061088 -0.010909 0.020559
v 0.062018 -0.011029 0.020615
v 0.060901 -0.005069 0.020564
v 0.062040 -0.005299 0.020466
v 0.062922 -0.004429 0.020387
v 0.061973 -0.001809 0.019928
v 0.059862 0.000131 0.019994
v 0.062860 0.000541 0.020118
v 0.059786 0.003411 0.020645
v 0.060095 0.003661 0.020647
v 0.060548 0.003781 0.020642
v 0.062122 0.002971 0.020158
v 0.062648 0.001841 0.020545
v 0.060354 0.003931 0.020316
v 0.061121 0.003801 0.020528
v 0.061746 0.003451 0.020453
v 0.061391 0.003811 0.020335
v 0.061050 0.003971 0.020192
v 0.061605 0.003741 0.020089
v 0.060980 0.000061 0.019713
v 0.060358 0.001531 0.019439
v 0.062037 0.000381 0.019642
v 0.062684 -0.000219 0.019918
v 0.059495 0.002471 0.019908
v 0.059730 0.002571 0.019484
v 0.059638 0.003311 0.019988
v 0.060015 0.003851 0.019900
v 0.059951 0.003761 0.019548
v 0.059825 0.003441 0.019443
v 0.060160 0.003921 0.019439
v 0.060095 0.003461 0.019117
v 0.060093 0.003711 0.019230
v 0.061996 0.002531 0.019459
v 0.062484 0.001931 0.019992
v 0.060423 0.004071 0.019769
v 0.060736 0.004121 0.019647
v 0.060521 0.004051 0.019333
v 0.060878 0.004031 0.019226
v 0.061323 0.003971 0.019966
v 0.061533 0.003851 0.019669
v 0.061241 0.004041 0.019551
v 0.061599 0.003741 0.019450
v 0.061669 0.003511 0.019362
v 0.061118 0.004051 0.019337
v 0.061334 0.003961 0.019337
v 0.061203 0.003961 0.019212
v 0.061464 0.003771 0.019218
v 0.060331 0.003061 0.019055
v 0.060375 0.003801 0.019100
v 0.060584 0.003471 0.018951
v 0.060438 0.003651 0.018999
v 0.060683 0.003671 0.018966
v 0.060816 0.003181 0.019004
v 0.060884 0.003561 0.018966
v 0.060674 0.003891 0.019074
v 0.061359 0.003271 0.019079
v 0.061005 0.003841 0.019055
v 0.061295 0.003701 0.019067
v 0.061446 0.003591 0.019123
v 0.060847 -0.017269 0.029400
v 0.061699 -0.004949 0.029013
v 0.061813 -0.005179 0.028040
v 0.061813 -0.005179 0.028040
v 0.061813 -0.005179 0.028040
v 0.061721 -0.005119 0.027934
v 0.061721 -0.005119 0.027934
v 0.061800 -0.005169 0.028040
v 0.061800 -0.005169 0.028040
v 0.061818 -0.005169 0.028020
v 0.061818 -0.005169 0.028020
v 0.061822 -0.005169 0.028040
v 0.061822 -0.005169 0.028040
v 0.061822 -0.005169 0.028040
v 0.061721 -0.005119 0.027932
v 0.061721 -0.005119 0.027932
v 0.061721 -0.005119 0.027931
v 0.061721 -0.005119 0.027931
v 0.061721 -0.005119 0.027932
v 0.061721 -0.005119 0.027932
v 0.061663 -0.004529 0.028502
v 0.061766 -0.004339 0.028059
v 0.060524 -0.015589 0.026587
v 0.061761 -0.004779 0.026418
v 0.057985 -0.004249 0.024783
v 0.059226 -0.004049 0.024781
v 0.059845 -0.004219 0.024892
v 0.063801 -0.005139 0.024557
v 0.064471 -0.005369 0.024555
v 0.064749 -0.005599 0.024420
v 0.063824 0.003981 0.025235
v 0.063658 0.003881 0.025013
vn -0.2373 -0.4834 0.8426
vn -0.1134 -0.3201 0.9406
vn -0.3455 -0.3402 0.8746
vn -0.0476 -0.5937 0.8032
vn -0.0625 -0.3122 0.9480
vn -0.1815 -0.2333 0.9553
vn -0.3923 -0.2712 0.8789
vn -0.3003 -0.3597 0.8834
vn -0.4731 -0.3957 0.7872
vn -0.3117 -0.5033 0.8059
vn -0.1067 -0.5824 0.8059
vn -0.0857 -0.3783 0.9217
vn -0.5847 -0.0201 0.8110
vn -0.4232 -0.0630 0.9038
vn -0.4544 0.1614 0.8760
vn -0.0765 -0.1629 0.9837
vn -0.2579 -0.1641 0.9521
vn -0.2595 0.0621 0.9637
vn -0.4877 -0.2391 0.8396
vn -0.1432 -0.4214 0.8955
vn -0.3020 -0.2563 0.9182
vn -0.1117 -0.1241 0.9860
vn -0.3655 -0.3391 0.8668
vn -0.3017 -0.1756 0.9371
vn 0.1062 -0.2869 0.9520
vn 0.0834 -0.4778 0.8745
vn -0.2334 0.2032 0.9509
vn -0.0867 0.0299 0.9958
vn -0.0837 0.0289 0.9961
vn -0.1413 -0.0777 0.9869
vn 0.0776 -0.1297 0.9885
vn 0.2945 -0.1831 0.9380
vn 0.3675 -0.3264 0.8709
vn 0.5255 -0.2469 0.8142
vn -0.0437 0.1218 0.9916
vn -0.0256 0.0305 0.9992
vn 0.1721 -0.0233 0.9848
vn 0.3951 -0.0940 0.9138
vn -0.1409 0.2160 0.9662
vn 0.6702 -0.1009 0.7353
vn 0.1002 0.1413 0.9849
vn 0.0532 0.2759 0.9597
vn 0.3022 0.0791 0.9500
vn 0.3347 0.3388 0.8793
vn 0.5832 0.2592 0.7699
vn 0.6636 0.0386 0.7471
vn 0.3172 0.3881 0.8653
vn -0.0181 0.3195 0.9474
vn 0.6544 0.4218 0.6276
vn 0.0165 -0.1652 0.9861
vn 0.1401 0.0759 0.9872
vn -0.0907 0.0104 0.9958
vn -0.4562 -0.4764 0.7516
vn -0.2895 -0.7206 0.6300
vn -0.5694 -0.3365 0.7500
vn -0.6225 -0.4977 0.6041
vn -0.4841 -0.7167 0.5020
vn -0.3798 -0.9204 0.0929
vn -0.1950 -0.9448 0.2632
vn -0.0726 -0.9102 0.4077
vn -0.6181 -0.6997 0.3583
vn -0.6050 -0.5806 0.5449
vn -0.7404 -0.6693 0.0630
vn -0.6412 -0.6785 -0.3586
vn -0.6024 -0.6739 -0.4278
vn -0.4246 -0.6939 0.5815
vn -0.2104 -0.7568 0.6188
vn -0.4080 -0.8610 0.3036
vn -0.6613 -0.7501 -0.0007
vn -0.6063 -0.6771 -0.4170
vn -0.0819 -0.8588 0.5057
vn 0.0668 -0.6712 0.7383
vn 0.1685 -0.8022 0.5728
vn -0.3604 -0.9254 0.1170
vn -0.7896 -0.3152 0.5264
vn -0.6561 -0.1882 0.7308
vn -0.7592 -0.0604 0.6481
vn -0.6919 -0.6547 0.3043
vn -0.1840 -0.7953 0.5776
vn -0.2888 -0.9098 0.2981
vn -0.0804 -0.9893 -0.1217
vn -0.3776 -0.9257 -0.0225
vn -0.0670 -0.6448 0.7614
vn -0.3889 -0.4447 0.8068
vn -0.4991 -0.6328 0.5920
vn -0.5699 -0.7370 0.3634
vn -0.6585 -0.7521 -0.0251
vn 0.3250 -0.6381 0.6980
vn 0.3997 -0.7696 0.4980
vn 0.5930 -0.5944 0.5432
vn 0.5019 -0.4665 0.7284
vn -0.6761 0.1277 0.7256
vn -0.8426 0.1112 0.5270
vn 0.2579 -0.4840 0.8362
vn -0.6743 0.2644 0.6895
vn -0.4655 0.2669 0.8439
vn 0.6887 -0.3739 0.6212
vn -0.7065 0.3826 0.5953
vn -0.2568 0.3034 0.9176
vn -0.4769 0.3612 0.8013
vn 0.7755 -0.2276 0.5888
vn 0.8310 -0.3772 0.4089
vn 0.6047 -0.2077 0.7689
vn -0.3540 0.2962 0.8871
vn 0.8476 -0.0356 0.5294
vn 0.9158 -0.1190 0.3837
vn -0.1960 0.1653 0.9666
vn 0.8730 0.1836 0.4519
vn 0.9679 0.0357 0.2489
vn 0.8508 0.2771 0.4465
vn 0.9607 0.1934 0.1992
vn 0.0838 0.2343 0.9685
vn 0.0885 -0.1984 0.9761
vn 0.6261 0.3141 0.7137
vn 0.6996 0.4708 0.5375
vn -0.2308 -0.1420 0.9626
vn -0.3155 -0.0472 0.9478
vn 0.4559 0.1493 0.8774
vn -0.3661 -0.0842 0.9268
vn -0.1968 -0.1540 0.9683
vn -0.4830 0.0289 0.8751
vn -0.3198 -0.0020 0.9475
vn -0.1865 0.1387 0.9726
vn -0.0667 -0.3152 0.9467
vn -0.3176 -0.1929 0.9284
vn -0.0543 -0.0893 0.9945
vn -0.1059 0.0001 0.9944
vn 0.2372 0.1753 0.9555
vn 0.2344 0.1076 0.9662
vn 0.1717 -0.3509 0.9205
vn 0.4199 -0.4579 0.7836
vn 0.3360 -0.4609 0.8214
vn 0.7155 -0.3760 0.5888
vn 0.6002 -0.3161 0.7347
vn 0.6438 -0.3559 0.6774
vn -0.7457 0.2991 0.5954
vn -0.7500 0.2292 0.6205
vn -0.6816 0.3679 0.6325
vn -0.4759 0.2260 0.8500
vn -0.7246 0.4791 0.4954
vn -0.3216 0.0326 0.9463
vn -0.5795 0.0873 0.8103
vn -0.1236 0.1842 0.9751
vn 0.2809 -0.1149 0.9528
vn 0.3883 -0.2608 0.8839
vn 0.6043 -0.1150 0.7884
vn 0.7852 -0.1843 0.5912
vn 0.6679 -0.0037 0.7443
vn -0.9164 0.3103 0.2527
vn -0.3019 0.2968 0.9060
vn 0.4501 0.0096 0.8929
vn 0.0978 0.2644 0.9594
vn 0.4061 0.1153 0.9065
vn 0.3057 0.2197 0.9264
vn 0.6074 0.1769 0.7745
vn 0.8314 -0.0428 0.5541
vn 0.9012 -0.1471 0.4077
vn -0.4083 0.3413 0.8467
vn -0.7506 0.2939 0.5918
vn -0.0723 0.3440 0.9362
vn 0.7910 0.0727 0.6075
vn 0.8394 0.2564 0.4793
vn 0.2344 0.3416 0.9101
vn 0.5650 0.2790 0.7765
vn -0.9598 -0.1934 0.2035
vn -0.8350 -0.5496 0.0262
vn -0.8346 -0.4350 -0.3379
vn -0.4489 -0.8544 -0.2616
vn -0.5656 -0.8157 0.1215
vn -0.6442 -0.7442 -0.1764
vn -0.5897 -0.6562 -0.4708
vn -0.1264 -0.9820 -0.1406
vn -0.2984 -0.8823 -0.3640
vn -0.0087 -0.9537 -0.3007
vn -0.6856 -0.6290 -0.3663
vn -0.6238 -0.7764 -0.0899
vn -0.7703 -0.5943 -0.2310
vn -0.6919 -0.6740 -0.2589
vn -0.1386 -0.9710 0.1947
vn 0.0658 -0.9758 0.2086
vn -0.4540 -0.8652 -0.2128
vn -0.1519 -0.9645 -0.2162
vn -0.2873 -0.8119 -0.5083
vn -0.0221 -0.8974 -0.4407
vn 0.2723 -0.8939 0.3561
vn 0.1338 -0.9866 -0.0929
vn -0.8904 -0.0695 0.4498
vn -0.9745 -0.0409 0.2205
vn -0.4577 -0.8144 -0.3567
vn -0.6236 -0.6732 -0.3974
vn 0.3562 -0.9269 0.1179
vn 0.1274 -0.9179 -0.3759
vn 0.5147 -0.8112 0.2775
vn 0.3957 -0.9154 -0.0742
vn 0.6174 -0.7727 0.1473
vn -0.8639 0.2790 0.4193
vn -0.9548 0.1010 0.2794
vn -0.9806 -0.1860 -0.0619
vn -0.9646 -0.2259 -0.1361
vn 0.6878 -0.6287 0.3627
vn 0.8109 -0.5441 0.2154
vn 0.7732 -0.4977 0.3930
vn -0.8804 0.3557 0.3136
vn 0.9239 -0.3353 0.1844
vn 0.8940 -0.2574 0.3667
vn 0.9690 -0.1798 0.1697
vn -0.5683 0.3685 0.7357
vn -0.7622 0.3671 0.5331
vn 0.9874 -0.0764 0.1386
vn -0.5655 0.1242 0.8154
vn -0.5438 -0.1727 0.8213
vn -0.7735 0.0754 0.6294
vn 0.7188 0.3142 0.6202
vn -0.1702 -0.1250 0.9775
vn 0.6551 -0.1183 0.7463
vn 0.8311 0.0295 0.5553
vn -0.5317 -0.1240 0.8378
vn -0.6836 -0.1929 0.7039
vn -0.8049 -0.0200 0.5931
vn -0.2679 -0.0434 0.9625
vn 0.4250 0.3450 0.8369
vn 0.4862 -0.1973 0.8513
vn -0.3151 -0.0143 0.9489
vn 0.3065 0.2205 0.9260
vn 0.6450 0.3625 0.6727
vn 0.5104 0.5152 0.6885
vn 0.4343 0.7772 0.4553
vn 0.6315 0.6060 0.4838
vn -0.4866 0.3139 0.8153
vn 0.0787 0.3346 0.9391
vn 0.3534 0.6099 0.7093
vn -0.4369 0.5627 0.7018
vn -0.6239 0.0209 0.7813
vn 0.2821 0.1509 0.9474
vn 0.8362 0.2188 0.5029
vn 0.7792 0.5800 0.2375
vn -0.3740 0.7894 0.4868
vn -0.5974 0.6925 0.4045
vn 0.9141 -0.2490 0.3200
vn -0.5055 0.1500 0.8497
vn -0.8136 0.1206 0.5688
vn 0.7575 0.1181 0.6421
vn 0.9886 -0.0011 0.1503
vn -0.8519 0.5132 0.1047
vn -0.6939 0.2444 0.6773
vn -0.0842 0.1080 0.9906
vn 0.3724 0.1339 0.9184
vn 0.1177 0.2148 0.9695
vn 0.9337 -0.0095 0.3580
vn 0.9890 0.0203 0.1468
vn -0.2923 0.2449 0.9244
vn -0.5631 0.3728 0.7376
vn 0.5230 0.1758 0.8340
vn 0.9624 0.1471 0.2282
vn -0.1433 0.3218 0.9359
vn -0.6048 0.3112 0.7330
vn -0.2081 0.4149 0.8858
vn -0.9005 0.1671 0.4014
vn 0.7558 0.3448 0.5566
vn 0.8928 0.1236 0.4332
vn 0.9267 0.2902 0.2388
vn -0.8371 0.1767 0.5177
vn 0.0774 0.4241 0.9023
vn 0.2411 0.4871 0.8394
vn 0.4300 0.3809 0.8185
vn -0.5072 0.3886 0.7692
vn 0.2906 0.4513 0.8437
vn 0.5710 0.4463 0.6890
vn -0.6147 -0.6847 -0.3916
vn -0.7620 -0.4679 -0.4476
vn -0.1723 -0.9741 -0.1463
vn -0.4193 -0.7206 -0.5522
vn -0.4791 -0.8618 -0.1668
vn -0.8094 -0.5619 -0.1707
vn -0.1522 -0.9485 -0.2779
vn -0.7336 -0.5379 -0.4152
vn -0.6877 -0.6967 -0.2043
vn -0.2534 -0.8917 -0.3751
vn -0.0795 -0.7597 -0.6454
vn -0.1513 -0.7495 -0.6445
vn -0.1164 -0.8946 -0.4314
vn -0.2733 -0.8085 -0.5212
vn 0.2705 -0.9333 -0.2363
vn -0.4586 -0.8129 -0.3589
vn -0.4741 -0.8583 -0.1965
vn 0.6149 -0.7884 0.0179
vn 0.2653 -0.9482 -0.1745
vn -0.9684 0.2268 0.1041
vn -0.9986 0.0518 0.0097
vn -0.9625 0.2489 0.1077
vn 0.7923 -0.6086 0.0431
vn 0.9186 -0.3946 0.0238
vn 0.9785 -0.2055 -0.0183
vn 0.9998 0.0131 0.0152
vn 0.9924 0.1047 -0.0643
vn -0.8688 0.1309 0.4776
vn -0.7660 -0.2383 0.5970
vn -0.8757 -0.2322 0.4234
vn -0.7663 -0.3105 0.5625
vn 0.9303 0.0410 0.3646
vn 0.9538 0.1919 0.2312
vn -0.8310 -0.0979 0.5476
vn -0.8786 -0.1984 0.4345
vn -0.9560 -0.0320 0.2917
vn 0.8962 -0.2119 0.3898
vn 0.9740 -0.1966 0.1126
vn 0.9835 -0.0652 0.1685
vn -0.9564 0.0720 0.2829
vn -0.0000 -0.0000 -1.0000
vn 0.6075 0.7905 -0.0785
vn 0.5424 0.8401 -0.0080
vn 0.5346 0.8451 -0.0000
vn 0.6078 0.7902 -0.0788
vn 0.0459 0.8894 0.4547
vn 0.4414 0.8970 0.0241
vn 0.0448 0.8890 0.4557
vn -0.7350 0.6619 0.1470
vn -0.5298 -0.8415 0.1057
vn -0.5300 -0.8414 0.1060
vn -0.4617 -0.8870 0.0039
vn -0.5344 -0.8453 -0.0000
vn -0.4723 -0.8793 -0.0612
vn -0.0023 -0.9081 -0.4187
vn -0.0000 -0.9075 -0.4201
vn -0.0000 -1.0000 -0.0000
vn 0.9085 -0.0753 0.4111
vn 0.9084 -0.0753 0.4112
vn 0.4589 0.8885 -0.0000
vn -0.0000 1.0000 -0.0000
vn -0.4589 -0.8885 -0.0000
vn 0.4194 0.8625 0.2833
vn 0.1368 0.9616 0.2379
vn 0.3852 0.9226 -0.0219
vn -0.1037 0.9939 -0.0377
vn -0.5130 0.8409 0.1726
vn -0.6913 0.6905 0.2129
vn -0.6320 0.7747 0.0199
vn -0.5098 0.8268 -0.2376
vn 0.9837 -0.0987 0.1502
vn 0.9469 0.3203 0.0287
vn 0.9858 0.1149 0.1221
vn -0.8977 0.2195 0.3821
vn -0.9164 0.3980 -0.0429
vn -0.8687 0.4799 -0.1230
vn -0.9170 0.2877 -0.2761
vn -0.8415 0.3458 0.4151
vn -0.9880 0.1239 -0.0917
vn 0.9868 0.0793 -0.1413
vn 0.9861 0.1615 0.0383
vn -0.9554 0.2596 0.1408
vn 0.9428 0.0219 0.3328
vn 0.9961 -0.0119 0.0875
vn -0.9963 0.0003 0.0858
vn -0.6791 0.5105 0.5274
vn -0.3539 0.4741 0.8062
vn 0.1585 0.3457 0.9249
vn 0.1219 0.5364 0.8351
vn 0.8477 0.1016 0.5207
vn 0.5931 0.3240 0.7371
vn 0.9665 0.0860 0.2416
vn -0.2005 0.6766 0.7086
vn 0.4348 0.6307 0.6428
vn 0.7884 0.2990 0.5376
vn -0.1338 0.5644 0.8146
vn 0.0304 0.4836 0.8748
vn 0.2732 0.6083 0.7452
vn 0.5346 0.5208 0.6655
vn 0.7923 0.4324 0.4304
vn 0.5360 0.6234 0.5693
vn 0.9125 0.3951 0.1056
vn -0.9091 -0.3881 -0.1513
vn -0.7856 -0.5926 -0.1778
vn -0.7020 -0.7059 0.0940
vn -0.6083 -0.7934 -0.0194
vn -0.3741 -0.9245 0.0737
vn -0.4002 -0.7652 -0.5042
vn -0.6647 -0.6591 -0.3519
vn -0.9904 0.1206 -0.0669
vn -0.9861 -0.1232 -0.1116
vn -0.9952 -0.0880 -0.0435
vn -0.9240 -0.3792 0.0494
vn -0.2183 -0.9290 0.2988
vn -0.4158 -0.9092 0.0188
vn -0.0456 -0.9968 -0.0652
vn -0.2100 -0.9310 -0.2985
vn -0.4274 -0.8891 0.1639
vn -0.4929 -0.8676 -0.0659
vn -0.6293 -0.7360 0.2497
vn -0.4755 -0.8560 0.2030
vn -0.2086 -0.9511 -0.2276
vn -0.0226 -0.9976 -0.0651
vn 0.5583 -0.8188 -0.1338
vn -0.1116 -0.9929 0.0412
vn 0.8524 -0.5145 -0.0930
vn 0.9535 -0.2419 -0.1796
vn -0.9739 0.2103 0.0857
vn -0.9702 0.2179 -0.1059
vn 0.9862 -0.1040 -0.1287
vn -0.8903 0.2855 0.3548
vn 0.9879 0.0449 -0.1486
vn -0.9625 0.0059 0.2711
vn -0.9778 -0.0694 0.1977
vn -0.9095 -0.2620 0.3227
vn 0.9963 -0.0165 -0.0847
vn -0.9922 0.1241 0.0071
vn -0.9844 0.1365 -0.1106
vn -0.9872 0.1595 -0.0059
vn -0.9493 0.2132 -0.2312
vn 0.8845 0.4281 -0.1854
vn 0.4247 0.8838 -0.1962
vn -0.2672 0.8349 -0.4811
vn 0.6607 0.6422 -0.3885
vn 0.4455 0.7819 -0.4361
vn -0.4546 0.7873 -0.4166
vn -0.8045 0.4728 -0.3595
vn 0.9774 0.1234 -0.1717
vn 0.9511 -0.0332 -0.3070
vn -0.9913 -0.0940 -0.0926
vn 0.9418 0.1648 -0.2932
vn 0.9971 -0.0607 -0.0467
vn 0.9844 -0.0846 -0.1542
vn 0.9658 0.2594 -0.0045
vn -0.8664 0.4525 0.2110
vn -0.9181 0.3928 -0.0526
vn -0.9784 -0.0095 0.2064
vn -0.9940 -0.1084 0.0109
vn -0.1220 0.8398 0.5290
vn -0.5649 0.6806 0.4666
vn 0.2633 0.8655 0.4262
vn -0.5855 0.7559 0.2930
vn -0.6793 0.7276 0.0952
vn -0.1694 0.9678 0.1862
vn 0.2875 0.9552 0.0710
vn 0.7540 0.4971 0.4294
vn 0.9904 -0.0853 -0.1083
vn -0.9456 0.0601 0.3196
vn -0.6997 0.3492 0.6233
vn 0.6022 0.7596 0.2458
vn -0.3786 0.6401 0.6685
vn -0.8714 0.2275 0.4346
vn 0.1273 0.7188 0.6835
vn -0.8955 -0.4439 0.0327
vn -0.8312 -0.5483 0.0916
vn -0.7246 -0.6875 0.0469
vn -0.9293 -0.3480 0.1240
vn -0.9745 -0.2223 0.0297
vn -0.9885 -0.1469 -0.0358
vn -0.4471 -0.8839 -0.1376
vn -0.5079 -0.7093 0.4888
vn -0.2293 -0.6930 0.6835
vn -0.1045 -0.6774 0.7281
vn -0.1297 -0.6448 0.7532
vn -0.3050 -0.7809 0.5452
vn -0.1098 -0.5821 0.8057
vn -0.0691 -0.6612 0.7470
vn -0.2124 -0.8814 0.4220
vn -0.5256 -0.8476 0.0726
vn -0.3873 -0.7928 0.4705
vn -0.4516 -0.8907 -0.0527
vn -0.4039 -0.9118 0.0740
vn -0.5192 -0.8322 0.1949
vn -0.0560 -0.9943 -0.0911
vn -0.0368 -0.9922 0.1189
vn 0.3802 -0.9220 -0.0737
vn 0.7048 -0.6720 -0.2271
vn -0.9867 0.0159 -0.1620
vn 0.8720 -0.4269 -0.2394
vn 0.8935 -0.2857 -0.3465
vn -0.9638 -0.2142 0.1587
vn -0.9969 -0.0629 0.0476
vn -0.9945 0.0988 -0.0335
vn -0.9042 0.3224 -0.2801
vn -0.8102 0.2779 -0.5162
vn -0.8976 0.2869 -0.3346
vn -0.6721 0.4525 -0.5861
vn -0.5761 0.3217 -0.7514
vn -0.3573 0.4056 -0.8413
vn -0.4472 0.7113 -0.5423
vn -0.0738 0.8694 -0.4885
vn -0.3838 0.6811 -0.6235
vn -0.7265 0.1762 -0.6642
vn -0.3404 0.1545 -0.9275
vn 0.8181 0.3594 -0.4490
vn 0.6425 0.5361 -0.5475
vn 0.7623 0.3245 -0.5601
vn 0.6800 0.2487 -0.6897
vn -0.6705 0.5754 -0.4684
vn -0.5455 0.4786 -0.6881
vn 0.9660 -0.1654 -0.1986
vn -0.2589 0.0196 -0.9657
vn 0.9441 0.2392 -0.2269
vn 0.8311 0.1704 -0.5293
vn 0.5304 0.1147 -0.8400
vn 0.3880 0.2300 -0.8925
vn -0.6970 0.3343 -0.6344
vn -0.4628 0.2503 -0.8504
vn 0.9970 -0.0777 -0.0006
vn -0.4140 -0.0152 -0.9101
vn 0.0262 0.0051 -0.9996
vn 0.6959 0.0388 -0.7171
vn 0.7603 -0.1244 -0.6375
vn 0.0603 0.3139 -0.9475
vn 0.3589 0.0296 -0.9329
vn -0.8151 0.1719 -0.5532
vn -0.5968 0.0488 -0.8009
vn -0.7594 0.1219 -0.6391
vn 0.4405 -0.0700 -0.8950
vn -0.9016 0.0350 -0.4312
vn -0.6959 -0.0550 -0.7161
vn 0.7831 0.1483 -0.6039
vn 0.5623 -0.1250 -0.8174
vn 0.8423 -0.1312 -0.5229
vn -0.9323 -0.1538 -0.3275
vn -0.8705 0.2208 -0.4398
vn -0.5387 0.0177 -0.8423
vn 0.9083 -0.1146 -0.4024
vn 0.7111 0.1485 -0.6872
vn -0.6551 0.1996 -0.7287
vn 0.7795 -0.0787 -0.6214
vn 0.3974 -0.0925 -0.9130
vn 0.8968 0.2720 -0.3491
vn -0.3358 0.9375 -0.0912
vn 0.0403 0.9912 -0.1259
vn -0.6950 0.7067 -0.1327
vn -0.8135 0.4627 -0.3523
vn -0.4755 0.7727 -0.4206
vn 0.2110 0.8582 -0.4679
vn -0.1100 0.8955 -0.4313
vn 0.9145 0.3636 0.1777
vn 0.9853 0.1701 -0.0162
vn 0.8680 0.3648 -0.3367
vn 0.9460 0.0444 -0.3210
vn 0.7457 0.6642 -0.0538
vn 0.7278 0.1606 -0.6667
vn 0.6388 0.4347 -0.6348
vn -0.9896 -0.0408 0.1379
vn 0.8926 0.3666 -0.2623
vn 0.4147 0.8839 -0.2161
vn 0.6649 0.6461 -0.3748
vn 0.4506 0.6689 -0.5912
vn 0.8025 0.5463 0.2399
vn 0.6299 0.1352 -0.7648
vn 0.1081 0.8269 0.5518
vn -0.1288 0.8784 0.4602
vn -0.6244 0.6422 0.4446
vn 0.1332 0.9579 0.2543
vn 0.4800 0.8403 0.2521
vn -0.9695 0.2199 0.1080
vn 0.5140 0.7281 0.4534
vn 0.7793 0.6257 0.0336
vn -0.5324 -0.5997 0.5974
vn -0.8491 -0.4694 0.2422
vn -0.2450 -0.6566 0.7133
vn -0.0355 -0.6416 0.7662
vn -0.1554 -0.6869 0.7099
vn -0.7381 -0.5866 0.3335
vn -0.9348 -0.2886 0.2068
vn -0.9629 -0.2527 -0.0950
vn -0.5678 -0.8101 0.1463
vn 0.0167 -0.8297 0.5580
vn -0.2117 -0.8686 0.4480
vn -0.2931 -0.9296 0.2235
vn 0.2094 -0.9672 0.1437
vn 0.5995 -0.7620 -0.2448
vn 0.6777 -0.5942 -0.4332
vn 0.7930 -0.4571 -0.4028
vn 0.9397 -0.1907 -0.2840
vn -0.9595 0.1544 -0.2354
vn 0.9616 -0.0956 -0.2571
vn -0.9855 -0.0767 -0.1514
vn -0.9866 -0.1215 -0.1089
vn -0.9535 -0.0645 -0.2945
vn -0.9731 0.0982 -0.2085
vn -0.7816 0.4738 -0.4056
vn -0.9358 0.2943 -0.1940
vn -0.3573 0.6547 -0.6661
vn -0.3355 0.9209 -0.1985
vn 0.0600 0.6955 -0.7160
vn 0.5545 0.3784 -0.7412
vn 0.4264 0.6241 -0.6547
vn 0.5173 0.8242 -0.2303
vn 0.6297 0.7264 -0.2755
vn 0.4851 0.8305 -0.2737
vn 0.5435 0.8158 0.1977
vn 0.0718 0.9809 -0.1809
vn 0.3659 0.9011 0.2328
vn -0.1360 0.9875 -0.0794
vn 0.3090 0.6990 0.6449
vn 0.0540 0.9677 0.2463
vn -0.2564 0.8413 -0.4758
vn -0.3799 0.4503 -0.8081
vn -0.3265 0.6449 -0.6910
vn -0.2114 0.4039 -0.8901
vn -0.2374 0.6689 -0.7045
vn -0.0343 0.6941 -0.7191
vn 0.8759 -0.0460 -0.4803
vn 0.9675 -0.0021 -0.2528
vn -0.2572 0.1197 -0.9589
vn 0.1779 0.3990 -0.8995
vn 0.3199 0.1769 -0.9308
vn 0.5302 0.2680 -0.8044
vn 0.8266 0.1163 -0.5507
vn -0.0795 -0.0343 -0.9962
vn -0.6214 -0.1771 -0.7632
vn -0.8476 -0.2500 -0.4681
vn -0.0545 -0.1502 -0.9872
vn -0.3755 0.1241 -0.9185
vn -0.1293 -0.0510 -0.9903
vn -0.9630 -0.1892 -0.1922
vn -0.5985 -0.2193 -0.7706
vn -0.1591 -0.1946 -0.9679
vn 0.2387 0.0205 -0.9709
vn -0.5439 0.4967 -0.6763
vn 0.1630 0.5458 -0.8219
vn 0.0364 0.1896 -0.9812
vn -0.2764 0.3470 -0.8962
vn -0.1739 0.6304 -0.7566
vn 0.1963 0.0282 -0.9801
vn 0.4823 0.0784 -0.8725
vn 0.3805 0.3346 -0.8621
vn -0.8696 -0.1691 -0.4639
vn 0.2124 -0.1380 -0.9674
vn -0.9793 -0.0712 -0.1894
vn -0.8123 -0.0574 -0.5804
vn -0.9422 0.1544 -0.2973
vn 0.3903 -0.0151 -0.9205
vn -0.7513 0.6545 0.0848
vn -0.5333 0.8296 -0.1656
vn -0.8699 0.4659 -0.1620
vn -0.3460 0.8980 0.2719
vn 0.3346 0.9413 -0.0440
vn -0.0767 0.9889 0.1271
vn -0.3657 0.9307 -0.0042
vn -0.1486 0.9839 -0.0997
vn 0.0257 0.9752 -0.2200
vn -0.6851 0.6162 -0.3885
vn -0.4361 0.8253 -0.3588
vn -0.8142 0.2926 -0.5015
vn -0.1285 0.9134 -0.3863
vn 0.7550 0.6051 -0.2527
vn 0.6594 0.5657 -0.4951
vn 0.6725 0.2643 -0.6913
vn -0.9028 -0.3921 -0.1768
vn -0.8374 -0.5034 -0.2128
vn -0.7737 -0.6012 0.1999
vn -0.5241 -0.7446 0.4134
vn -0.7170 -0.6964 -0.0314
vn -0.5353 -0.8390 0.0972
vn -0.2991 -0.8033 0.5150
vn 0.0056 -0.7486 0.6630
vn -0.0762 -0.9021 0.4247
vn 0.1293 -0.8978 0.4210
vn 0.3409 -0.9367 0.0804
vn -0.9211 -0.1083 -0.3740
vn 0.5381 -0.7850 -0.3070
vn 0.7851 -0.3224 -0.5288
vn 0.8746 -0.2130 -0.4356
vn 0.8745 -0.2058 -0.4392
vn 0.9033 -0.1652 -0.3959
vn 0.9447 0.0997 -0.3123
vn 0.9188 0.1224 -0.3752
vn 0.9486 -0.1262 -0.2902
vn 0.8966 -0.0420 -0.4408
vn -0.8495 0.5084 -0.1411
vn -0.4203 0.9073 0.0112
vn -0.0655 0.9895 -0.1287
vn -0.3429 0.8986 0.2738
vn -0.6638 0.7205 0.2006
vn -0.7392 0.6106 0.2841
vn -0.3535 0.7726 0.5274
vn 0.9205 -0.1436 -0.3633
vn -0.1249 0.9077 0.4007
vn -0.0472 0.7582 0.6503
vn 0.1906 0.8223 -0.5362
vn 0.3588 0.7618 -0.5394
vn 0.1465 0.9726 0.1803
vn 0.3116 0.8444 0.4357
vn 0.1745 0.8695 0.4621
vn 0.2877 0.9577 0.0050
vn 0.0317 0.9424 0.3331
vn 0.1181 0.6459 0.7542
vn 0.1566 0.5565 0.8159
vn 0.3211 0.7105 0.6262
vn 0.1458 0.8264 0.5439
vn 0.1246 0.6268 0.7692
vn -0.0461 0.9204 0.3883
vn 0.1230 0.3771 0.9180
vn 0.2160 0.4576 0.8625
vn 0.2136 0.7087 0.6725
vn 0.2601 0.8586 0.4417
vn -0.1488 0.9411 -0.3036
vn 0.0975 0.9071 -0.4094
vn 0.0355 0.9983 -0.0453
vn 0.4968 0.8019 0.3317
vn 0.4671 0.5159 0.7181
vn 0.2259 0.7849 -0.5769
vn 0.1714 0.6847 -0.7084
vn 0.3390 0.6925 -0.6368
vn 0.5284 0.8464 -0.0657
vn 0.7125 0.6959 -0.0898
vn 0.7803 0.5966 0.1875
vn 0.3934 0.5383 -0.7453
vn 0.6433 0.2957 -0.7062
vn 0.7376 0.5124 -0.4398
vn 0.8951 0.0498 -0.4431
vn 0.7635 0.3065 -0.5685
vn 0.0056 -0.1373 -0.9905
vn -0.4565 -0.1368 -0.8791
vn -0.3611 -0.0223 -0.9322
vn -0.0622 -0.0005 -0.9981
vn 0.2734 0.0776 -0.9588
vn -0.6158 0.0606 -0.7856
vn -0.5645 0.4327 -0.7029
vn -0.2504 0.6801 -0.6891
vn 0.0400 0.8333 -0.5513
vn 0.0078 0.3777 -0.9259
vn 0.4581 0.2728 -0.8460
vn -0.3379 0.2700 -0.9016
vn -0.8249 -0.3971 -0.4024
vn -0.7530 -0.5888 -0.2938
vn -0.6553 -0.7207 -0.2263
vn -0.6625 -0.5925 -0.4582
vn -0.3178 -0.9308 0.1808
vn -0.5028 -0.8361 -0.2194
vn -0.0804 -0.9959 -0.0421
vn 0.1191 -0.9838 0.1342
vn 0.1364 -0.9593 -0.2472
vn -0.2240 -0.9303 -0.2903
vn 0.0649 -0.8815 -0.4677
vn 0.3014 -0.9533 -0.0210
vn 0.3281 -0.8467 -0.4189
vn 0.4287 -0.8572 -0.2851
vn 0.5208 -0.7115 -0.4718
vn -0.9421 0.1192 -0.3133
vn 0.6775 -0.4799 -0.5575
vn -0.9274 0.2434 -0.2839
vn 0.7835 -0.1877 -0.5923
vn -0.8862 0.2498 -0.3901
vn 0.8195 -0.1689 -0.5476
vn 0.7989 0.0120 -0.6013
vn 0.8796 -0.0143 -0.4756
vn -0.8900 -0.1084 -0.4428
vn -0.9070 0.1121 -0.4059
vn 0.8494 0.2576 -0.4606
vn 0.6990 0.1796 -0.6922
vn 0.8282 0.2140 -0.5179
vn 0.8506 0.1284 -0.5098
vn -0.9577 0.0304 -0.2860
vn 0.8315 -0.1139 -0.5436
vn 0.8934 -0.1276 -0.4308
vn -0.9511 0.3073 -0.0313
vn -0.4404 0.5897 0.6770
vn -0.0617 0.4779 0.8763
vn -0.1788 0.3381 0.9240
vn -0.8340 0.4398 0.3332
vn 0.9496 0.0985 -0.2976
vn 0.9105 0.2997 -0.2849
vn 0.9646 0.1005 -0.2436
vn -0.7706 0.3189 0.5517
vn -0.5947 0.4027 0.6958
vn -0.4714 0.3151 0.8237
vn 0.9441 0.3277 -0.0359
vn 0.9266 0.3010 0.2255
vn 0.7187 0.4164 0.5569
vn 0.0061 0.2793 0.9602
vn -0.2851 0.2725 0.9190
vn 0.2552 0.3141 0.9144
vn 0.4459 0.3495 0.8241
vn 0.2688 0.3585 0.8940
vn 0.2595 0.3165 0.9124
vn -0.5497 -0.6906 -0.4700
vn -0.3027 -0.8155 -0.4933
vn -0.2957 -0.7096 -0.6396
vn 0.0043 -0.7871 -0.6168
vn -0.7292 -0.4098 -0.5480
vn 0.2739 -0.7438 -0.6097
vn 0.4383 -0.6834 -0.5839
vn 0.5709 -0.5748 -0.5863
vn 0.4459 -0.5406 -0.7134
vn -0.8154 -0.1479 -0.5596
vn -0.8156 0.0367 -0.5775
vn 0.6712 -0.3076 -0.6745
vn -0.8701 0.2198 -0.4412
vn 0.7283 -0.0508 -0.6834
vn -0.7735 0.2465 -0.5839
vn -0.8013 0.0035 -0.5983
vn 0.6962 0.1721 -0.6969
vn 0.6955 -0.0273 -0.7181
vn -0.8727 -0.1689 -0.4581
vn -0.7485 -0.1488 -0.6462
vn -0.8799 -0.0259 -0.4744
vn 0.7467 -0.1610 -0.6454
vn -0.9673 0.2512 -0.0355
vn -0.9333 0.0354 -0.3574
vn 0.8752 -0.0227 -0.4832
vn -0.9490 0.2449 0.1984
vn 0.9707 0.2387 0.0261
vn -0.5393 0.2815 0.7937
vn 0.8604 0.3281 0.3898
vn -0.9280 0.2234 0.2983
vn -0.7606 0.2633 0.5935
vn -0.5653 0.3039 0.7669
vn -0.7836 0.3520 0.5120
vn -0.4885 0.4438 0.7513
vn -0.2027 0.3335 0.9207
vn 0.0685 0.4209 0.9045
vn -0.1279 0.4739 0.8713
vn 0.4744 0.3634 0.8018
vn 0.6337 0.3906 0.6677
vn -0.0362 0.5892 0.8072
vn 0.1415 0.6072 0.7818
vn 0.2188 0.4517 0.8649
vn 0.3778 0.4803 0.7916
vn -0.4124 -0.5978 -0.6874
vn -0.5929 -0.4954 -0.6348
vn -0.5935 -0.3079 -0.7436
vn -0.4455 -0.4406 -0.7794
vn -0.3927 -0.3438 -0.8530
vn -0.2759 -0.4956 -0.8236
vn -0.1253 -0.6068 -0.7849
vn -0.1201 -0.5047 -0.8549
vn 0.0690 -0.6723 -0.7371
vn 0.2238 -0.5918 -0.7744
vn -0.7621 -0.2684 -0.5893
vn -0.6511 -0.1431 -0.7454
vn 0.5895 -0.4671 -0.6590
vn -0.6543 0.0019 -0.7562
vn 0.6656 -0.1494 -0.7312
vn -0.7500 0.1662 -0.6403
vn 0.6149 -0.0069 -0.7886
vn -0.6523 0.0896 -0.7526
vn -0.5535 0.2118 -0.8055
vn 0.4430 0.0652 -0.8942
vn -0.6141 -0.1840 -0.7674
vn -0.5110 0.1067 -0.8530
vn -0.3703 -0.2054 -0.9059
vn 0.6938 -0.2097 -0.6890
vn 0.8840 0.0710 -0.4620
vn -0.7737 -0.0949 -0.6264
vn -0.9893 0.1250 -0.0746
vn -0.9862 0.1628 -0.0304
vn 0.9009 0.3429 0.2661
vn 0.9512 0.2390 -0.1954
vn -0.6260 0.5355 0.5669
vn -0.8765 0.3651 0.3137
vn -0.2969 0.5925 0.7489
vn -0.1489 0.6885 0.7098
vn -0.9516 0.3018 0.0574
vn 0.5960 0.4946 0.6326
vn 0.7789 0.4242 0.4620
vn 0.9112 0.3949 0.1175
vn -0.4616 0.6487 0.6050
vn 0.4134 0.6056 0.6799
vn 0.7841 0.4923 0.3780
vn -0.4707 -0.2084 -0.8573
vn -0.2659 -0.2702 -0.9254
vn -0.2061 -0.3815 -0.9011
vn -0.0372 -0.3854 -0.9220
vn 0.0391 -0.5043 -0.8626
vn 0.1506 -0.4252 -0.8925
vn -0.2234 -0.1482 -0.9634
vn -0.0318 -0.2782 -0.9600
vn 0.2421 -0.3166 -0.9171
vn 0.3300 -0.4673 -0.8202
vn 0.4744 -0.4184 -0.7745
vn -0.4631 -0.0167 -0.8861
vn -0.4145 -0.0879 -0.9058
vn -0.2092 0.0410 -0.9770
vn 0.1195 -0.1262 -0.9848
vn -0.5215 0.1054 -0.8468
vn -0.2148 0.0345 -0.9760
vn 0.4936 -0.2817 -0.8228
vn 0.4049 -0.1075 -0.9080
vn -0.2664 0.0967 -0.9590
vn 0.3674 0.0501 -0.9287
vn -0.5423 0.2226 -0.8102
vn -0.3489 0.1524 -0.9247
vn -0.1248 0.1340 -0.9831
vn 0.1945 0.0672 -0.9786
vn 0.0331 0.0402 -0.9986
vn 0.5931 -0.1422 -0.7925
vn 0.3474 -0.1069 -0.9316
vn -0.2601 -0.0180 -0.9654
vn 0.5129 -0.1610 -0.8432
vn -0.1016 -0.1227 -0.9872
vn -0.5533 -0.2157 -0.8046
vn -0.2760 -0.2157 -0.9367
vn -0.0262 -0.2009 -0.9793
vn 0.0923 -0.1306 -0.9871
vn 0.2549 -0.0929 -0.9625
vn 0.3226 -0.1322 -0.9373
vn 0.5942 -0.0872 -0.7996
vn -0.5653 -0.1580 -0.8096
vn -0.4558 -0.2049 -0.8662
vn 0.5405 -0.0342 -0.8406
vn 0.6560 -0.0519 -0.7530
vn 0.2781 -0.1277 -0.9520
vn 0.8112 0.1225 -0.5718
vn 0.8851 0.2600 -0.3861
vn -0.7665 0.5306 0.3619
vn -0.9395 0.0742 -0.3345
vn -0.0510 0.8179 0.5730
vn 0.1764 0.7284 0.6621
vn 0.4391 0.8088 0.3913
vn 0.4636 0.7008 0.5421
vn 0.6534 0.5997 0.4620
vn 0.7120 0.6401 0.2887
vn 0.8466 0.5024 0.1757
vn -0.0514 -0.0517 -0.9973
vn 0.0359 0.0188 -0.9992
vn -0.0503 0.0480 -0.9976
vn -0.1290 -0.1922 -0.9728
vn 0.0183 -0.1423 -0.9897
vn -0.7100 -0.0800 -0.6996
vn -0.9202 0.3845 -0.0740
vn -0.7328 0.6105 0.3004
vn -0.4148 0.7757 0.4757
vn -0.6393 0.7640 0.0871
vn -0.2453 0.9114 0.3304
vn 0.9274 0.3571 -0.1113
vn 0.8826 0.4659 -0.0628
vn 0.1988 0.8317 0.5185
vn 0.1273 0.9382 0.3219
vn 0.7073 0.6896 0.1554
vn 0.3895 0.9035 0.1787
vn 0.6959 0.7180 -0.0168
vn 0.1589 -0.1430 -0.9769
vn -0.2546 -0.2442 -0.9357
vn -0.2759 -0.1725 -0.9456
vn 0.0567 -0.1743 -0.9831
vn -0.8596 0.2564 -0.4419
vn 0.3237 -0.0616 -0.9441
vn 0.6911 0.1053 -0.7150
vn -0.7723 0.5979 -0.2146
vn -0.5311 0.7963 -0.2896
vn -0.6284 0.4873 -0.6063
vn -0.2615 0.9613 0.0870
vn -0.5682 0.1092 -0.8156
vn -0.3006 0.2483 -0.9209
vn 0.8344 0.3006 -0.4619
vn -0.0078 0.9993 0.0375
vn -0.2419 0.8997 -0.3633
vn 0.2020 0.9405 -0.2731
vn 0.3555 0.9346 -0.0110
vn 0.0266 0.8710 -0.4905
vn 0.3191 0.7297 -0.6047
vn -0.1109 0.6326 -0.7665
vn 0.1447 0.4953 -0.8566
vn 0.8016 0.5506 -0.2329
vn 0.5295 0.7933 -0.3006
vn 0.6481 0.5044 -0.5706
vn 0.5730 0.1639 -0.8030
vn 0.3497 0.2949 -0.8893
vn -0.3838 0.5723 -0.7247
vn -0.1202 -0.0387 -0.9920
vn 0.1351 0.0545 -0.9893
vn -0.0311 0.2678 -0.9630
s 1
usemtl mtl1.133
f 46//1 5//2 1//3
f 5//2 47//4 6//5
f 9//6 8//7 2//8
f 8//7 55//9 2//8
f 57//10 58//11 10//12
f 57//10 10//12 2//8
f 64//13 3//14 71//15
f 5//2 12//16 4//17
f 12//16 14//18 4//17
f 3//14 14//18 71//15
f 3//14 4//17 14//18
f 3//14 63//19 4//17
f 1//3 4//17 63//19
f 5//2 4//17 1//3
f 5//2 6//5 12//16
f 66//20 7//21 6//5
f 6//5 7//21 15//22
f 8//7 7//21 67//23
f 8//7 9//6 17//24
f 8//7 17//24 7//21
f 10//12 19//25 9//6
f 9//6 2//8 10//12
f 11//26 19//25 10//12
f 22//27 71//15 14//18
f 12//16 13//28 14//18
f 15//22 13//28 12//16
f 13//28 22//27 14//18
f 15//22 23//29 13//28
f 6//5 15//22 12//16
f 7//21 17//24 15//22
f 9//6 16//30 17//24
f 16//30 15//22 17//24
f 9//6 18//31 16//30
f 9//6 19//25 18//31
f 18//31 19//25 20//32
f 19//25 21//33 20//32
f 20//32 21//33 74//34
f 13//28 23//29 27//35
f 18//31 24//36 16//30
f 16//30 24//36 23//29
f 16//30 23//29 15//22
f 24//36 27//35 23//29
f 20//32 25//37 18//31
f 18//31 25//37 24//36
f 74//34 29//38 20//32
f 24//36 25//37 27//35
f 25//37 20//32 29//38
f 26//39 22//27 13//28
f 27//35 26//39 13//28
f 74//34 77//40 29//38
f 28//41 32//42 27//35
f 27//35 25//37 28//41
f 28//41 25//37 30//43
f 28//41 30//43 33//44
f 30//43 34//45 33//44
f 25//37 29//38 30//43
f 31//46 29//38 77//40
f 29//38 31//46 30//43
f 32//42 83//47 82//48
f 28//41 33//44 32//42
f 32//42 33//44 83//47
f 34//45 79//49 33//44
f 31//46 34//45 30//43
f 94//50 36//51 35//52
f 46//1 45//53 37//54
f 44//55 117//56 45//53
f 117//56 38//57 45//53
f 45//53 38//57 37//54
f 123//58 122//59 38//57
f 122//59 37//54 38//57
f 48//60 37//54 122//59
f 39//61 56//62 140//63
f 140//63 143//64 930//65
f 57//10 40//66 58//11
f 40//66 41//67 58//11
f 40//66 43//68 41//67
f 56//62 39//61 40//66
f 40//66 128//69 43//68
f 146//70 128//69 930//65
f 39//61 128//69 40//66
f 42//71 59//72 41//67
f 42//71 41//67 43//68
f 42//71 61//73 59//72
f 131//74 42//71 43//68
f 119//75 65//76 62//77
f 63//19 44//55 1//3
f 63//19 65//76 44//55
f 65//76 119//75 44//55
f 119//75 117//56 44//55
f 118//78 117//56 119//75
f 46//1 1//3 45//53
f 47//4 46//1 37//54
f 44//55 45//53 1//3
f 46//1 47//4 5//2
f 48//60 47//4 37//54
f 51//79 47//4 48//60
f 48//60 53//80 51//79
f 139//81 53//80 48//60
f 141//82 53//80 139//81
f 139//81 48//60 122//59
f 47//4 49//83 66//20
f 66//20 49//83 50//84
f 47//4 51//79 49//83
f 49//83 51//79 52//85
f 50//84 49//83 52//85
f 52//85 51//79 54//86
f 54//86 140//63 52//85
f 54//86 51//79 53//80
f 141//82 142//87 53//80
f 53//80 142//87 54//86
f 54//86 142//87 140//63
f 50//84 55//9 8//7
f 2//8 55//9 57//10
f 57//10 55//9 56//62
f 56//62 55//9 50//84
f 50//84 52//85 56//62
f 52//85 140//63 56//62
f 11//26 10//12 58//11
f 56//62 40//66 57//10
f 59//72 11//26 58//11
f 59//72 58//11 41//67
f 61//73 60//88 59//72
f 61//73 147//89 60//88
f 60//88 153//90 69//91
f 147//89 153//90 60//88
f 64//13 71//15 70//92
f 70//92 62//77 64//13
f 65//76 64//13 62//77
f 155//93 62//77 70//92
f 64//13 63//19 3//14
f 64//13 65//76 63//19
f 67//23 50//84 8//7
f 66//20 6//5 47//4
f 7//21 66//20 67//23
f 67//23 66//20 50//84
f 68//94 19//25 11//26
f 68//94 21//33 19//25
f 11//26 59//72 68//94
f 68//94 69//91 21//33
f 60//88 68//94 59//72
f 60//88 69//91 68//94
f 155//93 70//92 72//95
f 70//92 71//15 73//96
f 22//27 73//96 71//15
f 74//34 21//33 69//91
f 153//90 157//97 69//91
f 69//91 157//97 74//34
f 72//95 73//96 165//98
f 22//27 76//99 73//96
f 73//96 76//99 164//100
f 73//96 72//95 70//92
f 162//101 74//34 157//97
f 160//102 162//101 157//97
f 162//101 75//103 74//34
f 74//34 75//103 77//40
f 162//101 77//40 75//103
f 164//100 76//99 168//104
f 26//39 76//99 22//27
f 78//105 77//40 162//101
f 163//106 78//105 162//101
f 81//107 168//104 76//99
f 76//99 82//48 81//107
f 76//99 26//39 82//48
f 31//46 77//40 80//108
f 80//108 77//40 78//105
f 166//109 78//105 163//106
f 166//109 80//108 78//105
f 26//39 32//42 82//48
f 27//35 32//42 26//39
f 34//45 31//46 80//108
f 79//49 34//45 80//108
f 79//49 80//108 253//110
f 80//108 251//111 253//110
f 85//112 81//107 82//48
f 81//107 85//112 90//113
f 82//48 83//47 85//112
f 33//44 171//114 83//47
f 33//44 79//49 171//114
f 79//49 253//110 172//115
f 79//49 172//115 171//114
f 81//107 84//116 174//117
f 90//113 84//116 81//107
f 86//118 90//113 85//112
f 83//47 86//118 85//112
f 83//47 171//114 86//118
f 92//119 84//116 93//120
f 84//116 92//119 88//121
f 84//116 89//122 174//117
f 89//122 84//116 88//121
f 88//121 177//123 89//122
f 90//113 95//124 84//116
f 176//125 87//126 91//127
f 87//126 184//128 91//127
f 87//126 183//129 184//128
f 95//124 93//120 84//116
f 93//120 95//124 94//50
f 95//124 96//130 94//50
f 95//124 90//113 96//130
f 96//130 90//113 97//131
f 98//132 97//131 90//113
f 97//131 197//133 105//134
f 98//132 180//135 97//131
f 97//131 180//135 197//133
f 99//136 187//137 88//121
f 110//138 99//136 107//139
f 187//137 99//136 195//140
f 92//119 93//120 100//141
f 107//139 101//142 100//141
f 100//141 106//143 107//139
f 88//121 92//119 101//142
f 92//119 100//141 101//142
f 99//136 88//121 101//142
f 99//136 101//142 107//139
f 93//120 94//50 35//52
f 35//52 100//141 93//120
f 96//130 102//144 94//50
f 96//130 97//131 103//145
f 102//144 96//130 103//145
f 103//145 104//146 102//144
f 97//131 105//134 103//145
f 103//145 105//134 104//146
f 197//133 196//147 105//134
f 104//146 105//134 196//147
f 112//148 104//146 196//147
f 214//149 195//140 99//136
f 100//141 35//52 106//143
f 106//143 108//150 107//139
f 107//139 108//150 110//138
f 35//52 36//51 106//143
f 94//50 102//144 36//51
f 102//144 109//151 36//51
f 104//146 109//151 102//144
f 104//146 112//148 109//151
f 110//138 214//149 99//136
f 113//152 106//143 36//51
f 109//151 112//148 111//153
f 109//151 111//153 36//51
f 36//51 111//153 114//154
f 112//148 116//155 111//153
f 209//156 112//148 196//147
f 209//156 196//147 201//157
f 108//150 212//158 110//138
f 212//158 213//159 110//138
f 110//138 213//159 214//149
f 106//143 220//160 108//150
f 113//152 36//51 114//154
f 111//153 116//155 114//154
f 116//155 112//148 210//161
f 112//148 209//156 210//161
f 116//155 210//161 216//162
f 113//152 220//160 106//143
f 113//152 114//154 221//163
f 114//154 115//164 221//163
f 116//155 115//164 114//154
f 116//155 216//162 115//164
f 119//75 138//165 121//166
f 138//165 231//167 121//166
f 117//56 118//78 38//57
f 126//168 124//169 118//78
f 118//78 119//75 121//166
f 120//170 118//78 121//166
f 120//170 126//168 118//78
f 121//166 227//171 120//170
f 120//170 227//171 126//168
f 121//166 231//167 227//171
f 122//59 123//58 125//172
f 38//57 124//169 123//58
f 38//57 118//78 124//169
f 124//169 126//168 123//58
f 123//58 126//168 125//172
f 125//172 126//168 228//173
f 228//173 127//174 125//172
f 930//65 143//64 146//70
f 146//70 129//175 128//69
f 128//69 129//175 130//176
f 129//175 145//177 130//176
f 146//70 145//177 129//175
f 229//178 130//176 145//177
f 131//74 132//179 42//71
f 128//69 130//176 43//68
f 130//176 131//74 43//68
f 132//179 135//180 42//71
f 130//176 133//181 131//74
f 133//181 134//182 131//74
f 131//74 134//182 132//179
f 135//180 132//179 134//182
f 134//182 133//181 230//183
f 229//178 133//181 130//176
f 229//178 230//183 133//181
f 134//182 230//183 136//184
f 135//180 61//73 42//71
f 61//73 135//180 148//185
f 135//180 149//186 148//185
f 136//184 135//180 134//182
f 135//180 136//184 149//186
f 137//187 119//75 62//77
f 138//165 119//75 137//187
f 138//165 137//187 152//188
f 139//81 122//59 125//172
f 127//174 139//81 125//172
f 142//87 144//189 143//64
f 143//64 140//63 142//87
f 144//189 142//87 141//82
f 139//81 144//189 141//82
f 143//64 235//190 146//70
f 235//190 145//177 146//70
f 144//189 235//190 143//64
f 61//73 148//185 147//89
f 148//185 150//191 147//89
f 150//191 148//185 149//186
f 149//186 238//192 150//191
f 136//184 238//192 149//186
f 147//89 150//191 151//193
f 150//191 238//192 239//194
f 151//193 150//191 239//194
f 239//194 241//195 151//193
f 159//196 156//197 155//93
f 152//188 156//197 240//198
f 137//187 155//93 156//197
f 137//187 62//77 155//93
f 137//187 156//197 152//188
f 232//199 152//188 240//198
f 153//90 147//89 151//193
f 154//200 153//90 151//193
f 154//200 151//193 241//195
f 241//195 244//201 154//200
f 155//93 72//95 159//196
f 153//90 158//202 157//97
f 158//202 153//90 154//200
f 157//97 158//202 160//102
f 244//201 158//202 154//200
f 244//201 160//102 158//202
f 159//196 72//95 165//98
f 159//196 165//98 329//203
f 160//102 245//204 161//205
f 161//205 162//101 160//102
f 245//204 246//206 161//205
f 163//106 162//101 161//205
f 246//206 163//106 161//205
f 73//96 164//100 165//98
f 165//98 164//100 167//207
f 165//98 167//207 248//208
f 163//106 247//209 166//109
f 167//207 164//100 168//104
f 169//210 167//207 168//104
f 166//109 251//111 80//108
f 168//104 174//117 169//210
f 169//210 174//117 170//211
f 170//211 249//212 169//210
f 168//104 81//107 174//117
f 171//114 172//115 175//213
f 175//213 172//115 253//110
f 174//117 176//125 170//211
f 174//117 89//122 173//214
f 173//214 176//125 174//117
f 171//114 179//215 86//118
f 175//213 254//216 171//114
f 254//216 179//215 171//114
f 175//213 253//110 254//216
f 170//211 176//125 181//217
f 257//218 170//211 181//217
f 270//219 257//218 181//217
f 182//220 181//217 176//125
f 176//125 173//214 87//126
f 173//214 177//123 87//126
f 87//126 177//123 183//129
f 173//214 89//122 177//123
f 177//123 185//221 183//129
f 86//118 179//215 178//222
f 86//118 178//222 90//113
f 90//113 178//222 98//132
f 180//135 98//132 178//222
f 178//222 179//215 180//135
f 198//223 181//217 182//220
f 176//125 91//127 182//220
f 184//128 192//224 91//127
f 183//129 185//221 184//128
f 184//128 193//225 192//224
f 185//221 193//225 184//128
f 185//221 186//226 193//225
f 186//226 273//227 194//228
f 88//121 187//137 188//229
f 188//229 187//137 195//140
f 185//221 177//123 189//230
f 189//230 177//123 188//229
f 188//229 177//123 88//121
f 189//230 186//226 185//221
f 190//231 186//226 189//230
f 189//230 188//229 931//232
f 195//140 931//232 188//229
f 273//227 186//226 190//231
f 199//233 270//219 181//217
f 199//233 181//217 198//223
f 91//127 191//234 182//220
f 191//234 193//225 200//235
f 91//127 192//224 191//234
f 193//225 191//234 192//224
f 193//225 271//236 200//235
f 186//226 194//228 193//225
f 271//236 193//225 194//228
f 950//237 931//232 274//238
f 931//232 195//140 274//238
f 197//133 201//157 196//147
f 278//239 201//157 197//133
f 204//240 202//241 199//233
f 198//223 204//240 199//233
f 270//219 199//233 202//241
f 182//220 191//234 198//223
f 200//235 205//242 191//234
f 205//242 200//235 285//243
f 279//244 195//140 214//149
f 204//240 283//245 202//241
f 191//234 203//246 198//223
f 191//234 207//247 203//246
f 203//246 207//247 208//248
f 198//223 203//246 204//240
f 191//234 205//242 207//247
f 201//157 211//249 209//156
f 201//157 286//250 211//249
f 206//251 283//245 204//240
f 289//252 283//245 206//251
f 204//240 203//246 206//251
f 203//246 208//248 206//251
f 293//253 208//248 207//247
f 210//161 209//156 211//249
f 286//250 288//254 211//249
f 208//248 290//255 206//251
f 205//242 293//253 207//247
f 212//158 108//150 220//160
f 217//256 213//159 212//158
f 218//257 217//256 212//158
f 212//158 220//160 218//257
f 219//258 214//149 213//159
f 115//164 216//162 225//259
f 215//260 210//161 211//249
f 215//260 216//162 210//161
f 215//260 288//254 216//162
f 215//260 211//249 288//254
f 363//261 216//162 288//254
f 362//262 219//258 217//256
f 220//160 222//263 218//257
f 222//263 300//264 218//257
f 217//256 219//258 213//159
f 113//152 221//163 220//160
f 220//160 221//163 222//263
f 221//163 223//265 222//263
f 223//265 221//163 115//164
f 225//259 223//265 115//164
f 366//266 217//256 218//257
f 224//267 300//264 222//263
f 224//267 222//263 223//265
f 224//267 223//265 226//268
f 223//265 225//259 226//268
f 226//268 300//264 224//267
f 234//269 126//168 227//171
f 228//173 126//168 234//269
f 234//269 227//171 233//270
f 228//173 374//271 127//174
f 230//183 229//178 308//272
f 308//272 136//184 230//183
f 138//165 152//188 232//199
f 231//167 138//165 232//199
f 231//167 233//270 227//171
f 232//199 233//270 231//167
f 232//199 240//198 233//270
f 234//269 306//273 228//173
f 234//269 233//270 304//274
f 139//81 311//275 144//189
f 311//275 235//190 144//189
f 145//177 235//190 229//178
f 235//190 307//276 229//178
f 307//276 235//190 386//277
f 307//276 308//272 229//178
f 392//278 237//279 308//272
f 237//279 136//184 308//272
f 236//280 136//184 237//279
f 238//192 136//184 236//280
f 238//192 236//280 317//281
f 313//282 236//280 237//279
f 313//282 317//281 236//280
f 239//194 238//192 242//283
f 317//281 242//283 238//192
f 312//284 235//190 311//275
f 313//282 319//285 317//281
f 241//195 239//194 243//286
f 239//194 242//283 243//286
f 317//281 318//287 242//283
f 318//287 243//286 242//283
f 244//201 241//195 243//286
f 324//288 156//197 159//196
f 240//198 156//197 323//289
f 323//289 156//197 324//288
f 324//288 159//196 330//290
f 325//291 244//201 243//286
f 245//204 160//102 244//201
f 244//201 326//292 245//204
f 328//293 245//204 326//292
f 159//196 329//203 330//290
f 328//293 246//206 245//204
f 247//209 163//106 246//206
f 247//209 246//206 328//293
f 247//209 331//294 166//109
f 251//111 166//109 331//294
f 403//295 251//111 331//294
f 169//210 248//208 167//207
f 249//212 248//208 169//210
f 248//208 249//212 332//296
f 249//212 170//211 250//297
f 404//298 250//297 252//299
f 252//299 250//297 170//211
f 254//216 253//110 256//300
f 253//110 251//111 255//301
f 256//300 253//110 255//301
f 252//299 170//211 257//218
f 252//299 257//218 258//302
f 258//302 257//218 270//219
f 259//303 258//302 335//304
f 259//303 252//299 258//302
f 180//135 179//215 254//216
f 260//305 197//133 180//135
f 180//135 254//216 260//305
f 260//305 254//216 256//300
f 337//306 260//305 334//307
f 258//302 270//219 269//308
f 335//304 258//302 269//308
f 261//309 263//309 265//309
f 937//310 266//311 262//312
f 937//310 932//313 266//311
f 264//314 944//315 933//316
f 934//317 941//317 939//317
f 940//318 942//319 268//320
f 935//321 948//322 938//323
f 938//323 948//322 943//324
f 945//325 267//326 936//327
f 944//315 264//314 946//328
f 267//326 949//329 936//327
f 947//330 940//318 268//320
f 202//241 269//308 270//219
f 272//331 194//228 273//227
f 194//228 272//331 271//236
f 272//331 273//227 276//332
f 271//236 272//331 338//333
f 338//333 272//331 276//332
f 338//333 276//332 340//334
f 950//237 274//238 951//335
f 951//335 274//238 275//336
f 275//336 274//238 279//244
f 275//336 277//337 951//335
f 277//337 275//336 279//244
f 340//334 951//335 277//337
f 341//338 277//337 279//244
f 280//339 201//157 278//239
f 260//305 278//239 197//133
f 278//239 260//305 337//306
f 337//306 280//339 278//239
f 342//340 281//341 200//235
f 200//235 271//236 342//340
f 279//244 274//238 195//140
f 280//339 286//250 201//157
f 284//342 269//308 202//241
f 281//341 285//243 200//235
f 279//244 214//149 282//343
f 344//344 279//244 282//343
f 344//344 282//343 437//345
f 202//241 283//245 284//342
f 287//346 283//245 289//252
f 283//245 287//346 284//342
f 282//343 214//149 349//347
f 439//348 351//349 286//250
f 284//342 287//346 345//350
f 291//351 205//242 285//243
f 350//352 291//351 285//243
f 214//149 219//258 347//353
f 214//149 347//353 349//347
f 363//261 288//254 351//349
f 351//349 288//254 286//250
f 206//251 290//255 289//252
f 216//162 363//261 225//259
f 287//346 289//252 352//354
f 289//252 292//355 352//354
f 294//356 290//255 208//248
f 289//252 290//255 292//355
f 208//248 293//253 294//356
f 292//355 290//255 294//356
f 292//355 294//356 297//357
f 295//358 293//253 205//242
f 298//359 297//357 294//356
f 293//253 298//359 294//356
f 205//242 291//351 295//358
f 295//358 291//351 361//360
f 362//262 217//256 366//266
f 296//361 352//354 292//355
f 297//357 298//359 359//362
f 298//359 293//253 295//358
f 296//361 292//355 297//357
f 296//361 297//357 359//362
f 359//362 298//359 358//363
f 298//359 295//358 358//363
f 218//257 367//364 366//266
f 299//365 367//364 218//257
f 218//257 300//264 299//365
f 299//365 300//264 368//366
f 226//268 301//367 300//264
f 302//368 301//367 226//268
f 301//367 368//366 300//264
f 302//368 225//259 363//261
f 368//366 301//367 369//369
f 369//369 301//367 302//368
f 226//268 225//259 302//368
f 363//261 473//370 302//368
f 368//366 367//364 299//365
f 233//270 310//371 304//274
f 234//269 303//372 306//273
f 234//269 304//274 303//372
f 303//372 304//274 305//373
f 303//372 305//373 306//273
f 371//374 306//273 305//373
f 371//374 375//375 306//273
f 228//173 306//273 374//271
f 306//273 375//375 374//271
f 374//271 311//275 127//174
f 127//174 311//275 139//81
f 307//276 386//277 308//272
f 389//376 392//278 308//272
f 385//377 389//376 308//272
f 240//198 323//289 398//378
f 240//198 309//379 310//371
f 309//379 240//198 398//378
f 310//371 309//379 380//380
f 398//378 380//380 309//379
f 233//270 240//198 310//371
f 310//371 381//381 304//274
f 380//380 381//381 310//371
f 235//190 312//284 386//277
f 374//271 376//382 311//275
f 311//275 383//383 312//284
f 312//284 383//383 386//277
f 384//384 311//275 376//382
f 384//384 383//383 311//275
f 385//377 308//272 386//277
f 314//385 237//279 392//278
f 392//278 393//386 314//385
f 313//282 315//387 319//285
f 314//385 313//282 237//279
f 315//387 316//388 319//285
f 316//388 321//389 319//285
f 315//387 313//282 314//385
f 314//385 393//386 315//387
f 393//386 316//388 315//387
f 320//390 317//281 319//285
f 317//281 320//390 318//287
f 320//390 322//391 318//287
f 322//391 399//392 318//287
f 318//287 399//392 243//286
f 321//389 322//391 319//285
f 319//285 322//391 320//390
f 321//389 396//393 322//391
f 324//288 398//378 323//289
f 325//291 243//286 399//392
f 399//392 327//394 325//291
f 325//291 326//292 244//201
f 327//394 326//292 325//291
f 326//292 400//395 328//293
f 330//290 329//203 502//396
f 500//397 398//378 330//290
f 328//293 331//294 247//209
f 401//398 331//294 328//293
f 165//98 248//208 329//203
f 402//399 329//203 248//208
f 402//399 502//396 329//203
f 503//400 403//295 331//294
f 332//296 249//212 404//298
f 332//296 404//298 504//401
f 404//298 249//212 250//297
f 259//303 405//402 333//403
f 333//403 252//299 259//303
f 404//298 252//299 333//403
f 256//300 255//301 334//307
f 334//307 255//301 406//404
f 259//303 335//304 405//402
f 256//300 334//307 260//305
f 335//304 269//308 405//402
f 407//405 405//402 336//406
f 336//406 405//402 269//308
f 336//406 343//407 346//408
f 271//236 413//409 342//340
f 271//236 338//333 339//410
f 339//410 338//333 340//334
f 341//338 339//410 340//334
f 339//410 341//338 410//411
f 339//410 413//409 271//236
f 415//412 339//410 953//413
f 341//338 340//334 277//337
f 416//414 410//411 341//338
f 343//407 336//406 269//308
f 429//415 341//338 344//344
f 280//339 439//348 286//250
f 345//350 269//308 284//342
f 343//407 269//308 345//350
f 427//416 433//417 285//243
f 342//340 427//416 281//341
f 427//416 285//243 281//341
f 341//338 279//244 344//344
f 343//407 345//350 346//408
f 349//347 437//345 282//343
f 348//418 349//347 347//353
f 446//419 351//349 439//348
f 350//352 447//420 291//351
f 447//420 350//352 443//421
f 443//421 350//352 285//243
f 446//419 464//422 351//349
f 287//346 352//354 356//423
f 345//350 287//346 356//423
f 345//350 356//423 451//424
f 219//258 353//425 347//353
f 347//353 353//425 565//426
f 355//427 296//361 359//362
f 354//428 356//423 352//354
f 354//428 352//354 296//361
f 355//427 359//362 364//429
f 296//361 355//427 354//428
f 357//430 356//423 354//428
f 355//427 357//430 354//428
f 356//423 357//430 450//431
f 449//432 355//427 364//429
f 467//433 449//432 364//429
f 361//360 358//363 295//358
f 364//429 359//362 360//434
f 359//362 358//363 360//434
f 361//360 360//434 358//363
f 361//360 291//351 459//435
f 353//425 362//262 471//436
f 353//425 219//258 362//262
f 365//437 471//436 362//262
f 464//422 363//261 351//349
f 464//422 473//370 363//261
f 467//433 364//429 466//438
f 364//429 360//434 466//438
f 475//439 365//437 366//266
f 475//439 472//440 365//437
f 367//364 368//366 479//441
f 365//437 362//262 366//266
f 366//266 367//364 475//439
f 367//364 479//441 475//439
f 381//381 370//442 372//443
f 372//443 370//442 487//444
f 485//445 487//444 370//442
f 370//442 382//446 493//447
f 305//373 304//274 372//443
f 305//373 372//443 371//374
f 371//374 372//443 487//444
f 371//374 373//448 375//375
f 487//444 373//448 371//374
f 375//375 376//382 374//271
f 375//375 377//449 376//382
f 378//450 379//451 376//382
f 376//382 377//449 378//450
f 378//450 482//452 379//451
f 388//453 490//454 491//455
f 382//446 381//381 380//380
f 372//443 304//274 381//381
f 381//381 382//446 370//442
f 952//456 388//453 383//383
f 388//453 952//456 376//382
f 388//453 376//382 379//451
f 385//377 386//277 387//457
f 385//377 387//457 389//376
f 383//383 388//453 386//277
f 388//453 387//457 386//277
f 388//453 391//458 387//457
f 391//458 390//459 387//457
f 391//458 388//453 491//455
f 387//457 390//459 389//376
f 390//459 392//278 389//376
f 390//459 393//386 392//278
f 391//458 393//386 390//459
f 393//386 395//460 394//461
f 395//460 393//386 391//458
f 316//388 394//461 321//389
f 316//388 393//386 394//461
f 394//461 396//393 321//389
f 395//460 396//393 394//461
f 397//462 396//393 395//460
f 395//460 496//463 397//462
f 396//393 399//392 322//391
f 495//464 399//392 396//393
f 498//465 399//392 495//464
f 495//464 396//393 397//462
f 398//378 684//466 380//380
f 327//394 399//392 498//465
f 398//378 324//288 330//290
f 327//394 499//467 326//292
f 499//467 400//395 326//292
f 327//394 498//465 499//467
f 598//468 400//395 499//467
f 500//397 330//290 502//396
f 400//395 401//398 328//293
f 503//400 331//294 401//398
f 502//396 402//399 504//401
f 504//401 402//399 332//296
f 332//296 402//399 248//208
f 404//298 333//403 506//469
f 404//298 506//469 504//401
f 406//404 255//301 251//111
f 333//403 509//470 506//469
f 333//403 405//402 509//470
f 509//470 405//402 508//471
f 508//471 405//402 407//405
f 508//471 407//405 511//472
f 337//306 334//307 406//404
f 411//473 408//474 336//406
f 408//474 407//405 336//406
f 408//474 511//472 407//405
f 409//475 511//472 408//474
f 411//473 409//475 408//474
f 411//473 412//476 409//475
f 409//475 412//476 519//477
f 418//478 516//479 410//411
f 522//480 516//479 418//478
f 336//406 420//481 411//473
f 411//473 420//481 412//476
f 519//477 420//481 425//482
f 519//477 412//476 420//481
f 414//483 413//409 415//412
f 415//412 514//484 414//483
f 521//485 422//486 414//483
f 413//409 339//410 415//412
f 429//415 417//487 341//338
f 416//414 418//478 410//411
f 341//338 417//487 416//414
f 416//414 417//487 418//478
f 417//487 419//488 418//478
f 424//489 337//306 406//404
f 336//406 346//408 420//481
f 420//481 431//490 425//482
f 342//340 421//491 427//416
f 413//409 421//491 342//340
f 428//492 427//416 421//491
f 426//493 422//486 525//494
f 414//483 421//491 413//409
f 414//483 428//492 421//491
f 422//486 428//492 414//483
f 417//487 429//415 430//495
f 419//488 417//487 430//495
f 430//495 530//496 419//488
f 423//497 280//339 337//306
f 439//348 280//339 423//497
f 424//489 423//497 337//306
f 442//498 431//490 420//481
f 432//499 425//482 431//490
f 428//492 433//417 427//416
f 428//492 422//486 426//493
f 428//492 434//500 433//417
f 434//500 441//501 433//417
f 428//492 426//493 434//500
f 524//502 426//493 525//494
f 524//502 425//482 432//499
f 524//502 432//499 426//493
f 432//499 435//503 426//493
f 429//415 344//344 437//345
f 437//345 430//495 429//415
f 437//345 438//504 430//495
f 438//504 536//505 430//495
f 536//505 530//496 430//495
f 420//481 346//408 440//506
f 435//503 432//499 436//507
f 436//507 434//500 435//503
f 436//507 441//501 434//500
f 434//500 426//493 435//503
f 534//508 437//345 349//347
f 438//504 437//345 534//508
f 535//509 438//504 534//508
f 438//504 535//509 536//505
f 538//510 446//419 439//348
f 420//481 440//506 442//498
f 431//490 442//498 432//499
f 432//499 445//511 436//507
f 285//243 433//417 443//421
f 433//417 444//512 443//421
f 441//501 444//512 433//417
f 441//501 436//507 444//512
f 349//347 348//418 539//513
f 349//347 539//513 534//508
f 346//408 455//514 440//506
f 455//514 542//515 440//506
f 442//498 440//506 542//515
f 448//516 447//420 443//421
f 444//512 448//516 443//421
f 445//511 444//512 436//507
f 448//516 444//512 445//511
f 547//517 446//419 538//510
f 345//350 451//424 346//408
f 455//514 346//408 451//424
f 455//514 551//518 542//515
f 560//519 445//511 559//520
f 447//420 459//435 291//351
f 448//516 459//435 447//420
f 445//511 560//519 448//516
f 348//418 347//353 565//426
f 446//419 465//521 464//422
f 451//424 356//423 450//431
f 357//430 449//432 450//431
f 357//430 355//427 449//432
f 450//431 449//432 453//522
f 454//523 453//522 449//432
f 449//432 467//433 454//523
f 450//431 452//524 451//424
f 452//524 450//431 453//522
f 452//524 456//525 451//424
f 456//525 455//514 451//424
f 456//525 452//524 548//526
f 452//524 453//522 548//526
f 550//527 549//528 454//523
f 551//518 455//514 456//525
f 549//528 548//526 453//522
f 549//528 453//522 454//523
f 457//529 360//434 361//360
f 360//434 457//529 466//438
f 458//530 457//529 361//360
f 361//360 459//435 458//530
f 461//531 458//530 460//532
f 460//532 458//530 459//435
f 461//531 468//533 458//530
f 448//516 560//519 459//435
f 460//532 560//519 462//534
f 459//435 560//519 460//532
f 462//534 461//531 460//532
f 462//534 463//535 461//531
f 565//426 471//436 571//536
f 353//425 471//436 565//426
f 465//521 473//370 464//422
f 473//370 465//521 474//537
f 467//433 466//438 468//533
f 466//438 457//529 468//533
f 458//530 468//533 457//529
f 467//433 468//533 469//538
f 469//538 454//523 467//433
f 470//539 469//538 468//533
f 469//538 470//539 562//540
f 461//531 470//539 468//533
f 550//527 454//523 469//538
f 470//539 463//535 562//540
f 463//535 470//539 461//531
f 469//538 562//540 550//527
f 365//437 472//440 471//436
f 571//536 471//436 472//440
f 481//541 302//368 473//370
f 473//370 474//537 481//541
f 474//537 465//521 570//542
f 475//439 479//441 476//543
f 478//544 475//439 476//543
f 477//545 472//440 475//439
f 478//544 477//545 475//439
f 577//546 476//543 583//547
f 472//440 477//545 573//548
f 577//546 478//544 476//543
f 369//369 479//441 368//366
f 479//441 369//369 480//549
f 476//543 479//441 480//549
f 480//549 369//369 481//541
f 480//549 583//547 476//543
f 481//541 584//550 480//549
f 369//369 302//368 481//541
f 481//541 474//537 584//550
f 377//449 483//551 378//450
f 377//449 592//552 483//551
f 483//551 482//452 378//450
f 483//551 589//553 482//452
f 379//451 482//452 589//553
f 589//553 490//454 379//451
f 490//454 484//554 491//455
f 590//555 484//554 490//454
f 485//445 370//442 493//447
f 489//556 485//445 486//557
f 486//557 485//445 493//447
f 486//557 493//447 593//558
f 487//444 488//559 373//448
f 375//375 373//448 488//559
f 488//559 377//449 375//375
f 489//556 377//449 488//559
f 487//444 489//556 488//559
f 487//444 485//445 489//556
f 592//552 377//449 489//556
f 592//552 489//556 486//557
f 379//451 490//454 388//453
f 391//458 491//455 596//560
f 491//455 484//554 596//560
f 596//560 492//561 391//458
f 391//458 492//561 494//562
f 596//560 497//563 492//561
f 684//466 493//447 380//380
f 493//447 382//446 380//380
f 391//458 494//562 395//460
f 395//460 494//562 496//463
f 497//563 494//562 492//561
f 494//562 497//563 496//463
f 397//462 496//463 495//464
f 495//464 496//463 497//563
f 597//564 495//464 497//563
f 597//564 498//465 495//464
f 686//565 685//566 498//465
f 685//566 598//468 499//467
f 498//465 685//566 499//467
f 501//567 401//398 400//395
f 501//567 400//395 598//468
f 502//396 600//568 500//397
f 401//398 601//569 503//400
f 502//396 504//401 505//570
f 502//396 505//570 600//568
f 505//570 504//401 506//469
f 506//469 507//571 505//570
f 507//571 506//469 509//470
f 505//570 507//571 602//572
f 509//470 510//573 507//571
f 251//111 403//295 406//404
f 510//573 509//470 508//471
f 512//574 603//575 510//573
f 510//573 508//471 511//472
f 512//574 511//472 409//475
f 510//573 511//472 512//574
f 513//576 605//577 512//574
f 409//475 519//477 512//574
f 612//578 519//477 524//502
f 512//574 519//477 513//576
f 513//576 519//477 612//578
f 605//577 513//576 612//578
f 524//502 520//579 618//580
f 524//502 618//580 612//578
f 620//581 514//484 515//582
f 618//580 514//484 620//581
f 520//579 514//484 618//580
f 515//582 517//583 622//584
f 620//581 515//582 622//584
f 415//412 517//583 515//582
f 953//413 517//583 415//412
f 516//479 517//583 953//413
f 516//479 518//585 517//583
f 624//586 517//583 518//585
f 518//585 516//479 631//587
f 517//583 624//586 622//584
f 622//584 624//586 627//588
f 624//586 518//585 625//589
f 630//590 516//479 522//480
f 630//590 631//587 516//479
f 519//477 425//482 524//502
f 422//486 520//579 525//494
f 520//579 524//502 525//494
f 521//485 414//483 514//484
f 514//484 520//579 521//485
f 521//485 520//579 422//486
f 415//412 515//582 514//484
f 419//488 522//480 418//478
f 522//480 419//488 526//591
f 630//590 522//480 523//592
f 526//591 523//592 522//480
f 526//591 527//593 523//592
f 527//593 528//594 523//592
f 419//488 530//496 526//591
f 526//591 530//496 527//593
f 528//594 527//593 645//595
f 529//596 532//597 424//489
f 536//505 531//598 530//496
f 530//496 531//598 527//593
f 647//599 527//593 531//598
f 647//599 537//600 646//601
f 531//598 537//600 647//599
f 527//593 647//599 645//595
f 533//602 439//348 532//597
f 533//602 646//601 538//510
f 423//497 532//597 439//348
f 424//489 532//597 423//497
f 533//602 532//597 529//596
f 536//505 535//509 531//598
f 537//600 531//598 540//603
f 533//602 538//510 439//348
f 646//601 537//600 538//510
f 535//509 534//508 541//604
f 535//509 541//604 531//598
f 539//513 541//604 534//508
f 541//604 540//603 531//598
f 542//515 432//499 442//498
f 544//605 541//604 539//513
f 545//606 540//603 541//604
f 537//600 547//517 538//510
f 537//600 570//542 547//517
f 542//515 551//518 552//607
f 542//515 552//607 557//608
f 432//499 559//520 445//511
f 542//515 557//608 432//499
f 543//609 348//418 565//426
f 539//513 348//418 543//609
f 543//609 544//605 539//513
f 544//605 568//610 541//604
f 541//604 568//610 567//611
f 545//606 541//604 567//611
f 547//517 465//521 446//419
f 465//521 547//517 570//542
f 537//600 546//612 570//542
f 545//606 546//612 540//603
f 540//603 546//612 537//600
f 551//518 456//525 553//613
f 550//527 556//614 549//528
f 550//527 562//540 556//614
f 553//613 552//607 551//518
f 557//608 552//607 558//615
f 552//607 553//613 554//616
f 552//607 554//616 558//615
f 553//613 456//525 548//526
f 548//526 555//617 553//613
f 553//613 555//617 554//616
f 554//616 555//617 558//615
f 555//617 548//526 549//528
f 549//528 556//614 555//617
f 555//617 556//614 558//615
f 564//618 559//520 432//499
f 560//519 559//520 561//619
f 462//534 561//619 563//620
f 561//619 462//534 560//519
f 562//540 463//535 563//620
f 563//620 463//535 462//534
f 564//618 432//499 557//608
f 564//618 561//619 559//520
f 556//614 563//620 564//618
f 564//618 563//620 561//619
f 562//540 563//620 556//614
f 557//608 558//615 564//618
f 558//615 556//614 564//618
f 544//605 543//609 566//621
f 565//426 566//621 543//609
f 566//621 568//610 544//605
f 545//606 569//622 546//612
f 545//606 567//611 569//622
f 570//542 546//612 569//622
f 571//536 472//440 573//548
f 571//536 572//623 565//426
f 572//623 571//536 573//548
f 565//426 572//623 566//621
f 648//624 572//623 582//625
f 566//621 572//623 648//624
f 569//622 651//626 570//542
f 574//627 573//548 477//545
f 574//627 581//628 575//629
f 573//548 582//625 572//623
f 575//629 573//548 574//627
f 477//545 576//630 574//627
f 576//630 477//545 478//544
f 585//631 577//546 583//547
f 576//630 478//544 578//632
f 578//632 478//544 577//546
f 578//632 577//546 585//631
f 576//630 579//633 574//627
f 578//632 579//633 576//630
f 581//628 574//627 579//633
f 578//632 580//634 579//633
f 585//631 580//634 578//632
f 656//635 580//634 585//631
f 581//628 579//633 580//634
f 573//548 575//629 582//625
f 575//629 581//628 653//636
f 581//628 655//637 653//636
f 580//634 655//637 581//628
f 575//629 652//638 582//625
f 652//638 648//624 582//625
f 653//636 652//638 575//629
f 656//635 659//639 580//634
f 585//631 586//640 960//641
f 586//640 666//642 960//641
f 583//547 480//549 584//550
f 474//537 586//640 584//550
f 586//640 474//537 666//642
f 584//550 585//631 583//547
f 586//640 585//631 584//550
f 594//643 667//644 588//645
f 588//645 483//551 592//552
f 588//645 587//646 483//551
f 588//645 668//647 587//646
f 589//553 483//551 587//646
f 668//647 670//648 587//646
f 667//644 668//647 588//645
f 589//553 591//649 590//555
f 589//553 587//646 591//649
f 670//648 591//649 587//646
f 595//650 484//554 590//555
f 674//651 590//555 591//649
f 595//650 590//555 674//651
f 593//558 592//552 486//557
f 594//643 592//552 593//558
f 594//643 588//645 592//552
f 490//454 589//553 590//555
f 595//650 596//560 484//554
f 596//560 595//650 677//652
f 682//653 596//560 677//652
f 595//650 674//651 677//652
f 497//563 596//560 682//653
f 594//643 593//558 725//654
f 497//563 682//653 597//564
f 597//564 682//653 683//655
f 593//558 493//447 684//466
f 593//558 684//466 725//654
f 597//564 686//565 498//465
f 729//656 598//468 685//566
f 598//468 599//657 501//567
f 501//567 599//657 688//658
f 729//656 599//657 598//468
f 500//397 684//466 398//378
f 501//567 601//569 401//398
f 689//659 601//569 501//567
f 688//658 689//659 501//567
f 691//660 503//400 601//569
f 691//660 403//295 503//400
f 689//659 691//660 601//569
f 691//660 604//661 406//404
f 403//295 691//660 406//404
f 602//572 507//571 510//573
f 603//575 602//572 510//573
f 406//404 604//661 609//662
f 693//663 609//662 604//661
f 512//574 606//664 603//575
f 512//574 605//577 954//665
f 612//578 613//666 605//577
f 605//577 607//667 954//665
f 607//667 605//577 613//666
f 603//575 606//664 608//668
f 954//665 607//667 608//668
f 608//668 607//667 698//669
f 603//575 608//668 698//669
f 607//667 696//670 698//669
f 424//489 406//404 609//662
f 424//489 609//662 695//671
f 607//667 613//666 610//672
f 696//670 610//672 611//673
f 696//670 607//667 610//672
f 613//666 612//578 614//674
f 614//674 612//578 618//580
f 619//675 614//674 618//580
f 955//676 621//677 616//678
f 955//676 956//679 621//677
f 955//676 610//672 613//666
f 615//680 610//672 955//676
f 615//680 955//676 616//678
f 611//673 610//672 615//680
f 611//673 615//680 616//678
f 611//673 616//678 617//681
f 621//677 617//681 616//678
f 617//681 621//677 628//682
f 619//675 618//580 620//581
f 956//679 620//581 621//677
f 621//677 620//581 622//584
f 622//584 627//588 623//683
f 622//584 623//683 621//677
f 628//682 621//677 623//683
f 624//586 625//589 626//684
f 626//684 627//588 624//586
f 628//682 623//683 627//588
f 633//685 627//588 626//684
f 518//585 631//587 625//589
f 626//684 625//589 632//686
f 627//588 633//685 628//682
f 629//687 628//682 633//685
f 633//685 634//688 629//687
f 632//686 625//589 631//587
f 632//686 633//685 626//684
f 633//685 632//686 638//689
f 638//689 632//686 637//690
f 638//689 634//688 633//685
f 630//590 523//592 528//594
f 630//590 635//691 631//587
f 635//691 630//590 528//594
f 635//691 528//594 645//595
f 631//587 635//691 632//686
f 636//692 635//691 645//595
f 632//686 635//691 957//693
f 635//691 636//692 957//693
f 638//689 637//690 642//694
f 711//695 638//689 642//694
f 634//688 638//689 711//695
f 640//696 645//595 639//697
f 640//696 636//692 645//595
f 957//693 636//692 640//696
f 641//698 640//696 639//697
f 958//699 642//694 637//690
f 958//699 959//700 642//694
f 711//695 642//694 705//701
f 639//697 644//702 641//698
f 647//599 644//702 639//697
f 647//599 643//703 644//702
f 644//702 643//703 707//704
f 641//698 644//702 707//704
f 700//705 706//706 643//703
f 643//703 706//706 707//704
f 529//596 424//489 700//705
f 643//703 533//602 529//596
f 700//705 643//703 529//596
f 645//595 647//599 639//697
f 646//601 533//602 643//703
f 647//599 646//601 643//703
f 569//622 567//611 650//707
f 566//621 649//708 568//610
f 649//708 567//611 568//610
f 648//624 649//708 566//621
f 649//708 660//709 650//707
f 567//611 649//708 650//707
f 650//707 651//626 569//622
f 650//707 662//710 664//711
f 650//707 664//711 651//626
f 666//642 570//542 651//626
f 666//642 651//626 664//711
f 652//638 657//712 648//624
f 648//624 657//712 649//708
f 654//713 657//712 652//638
f 653//636 654//713 652//638
f 655//637 654//713 653//636
f 655//637 580//634 659//639
f 660//709 649//708 657//712
f 657//712 654//713 660//709
f 655//637 658//714 654//713
f 658//714 655//637 659//639
f 659//639 656//635 665//715
f 658//714 659//639 665//715
f 658//714 665//715 663//716
f 961//717 666//642 664//711
f 666//642 961//717 960//641
f 650//707 660//709 662//710
f 661//718 660//709 654//713
f 658//714 661//718 654//713
f 660//709 661//718 662//710
f 661//718 658//714 663//716
f 661//718 663//716 662//710
f 662//710 663//716 664//711
f 664//711 663//716 961//717
f 570//542 666//642 474//537
f 667//644 679//719 669//720
f 668//647 671//721 670//648
f 667//644 669//720 668//647
f 671//721 668//647 669//720
f 716//722 669//720 679//719
f 670//648 672//723 591//649
f 591//649 672//723 674//651
f 671//721 673//724 670//648
f 670//648 673//724 672//723
f 675//725 674//651 672//723
f 678//726 674//651 675//725
f 678//726 677//652 674//651
f 678//726 675//725 676//727
f 673//724 719//728 672//723
f 675//725 672//723 719//728
f 719//728 720//729 675//725
f 676//727 675//725 720//729
f 680//730 677//652 678//726
f 680//730 682//653 677//652
f 676//727 680//730 678//726
f 720//729 722//731 676//727
f 679//719 667//644 594//643
f 682//653 680//730 681//732
f 680//730 676//727 722//731
f 680//730 722//731 681//732
f 681//732 722//731 724//733
f 594//643 725//654 679//719
f 681//732 683//655 682//653
f 681//732 724//733 683//655
f 597//564 683//655 724//733
f 597//564 724//733 686//565
f 727//734 725//654 684//466
f 728//735 685//566 686//565
f 728//735 729//656 685//566
f 727//734 684//466 687//736
f 500//397 687//736 684//466
f 599//657 774//737 688//658
f 600//568 687//736 500//397
f 600//568 731//738 687//736
f 730//739 689//659 688//658
f 774//737 730//739 688//658
f 732//740 690//741 730//739
f 730//739 690//741 689//659
f 690//741 691//660 689//659
f 735//742 733//743 600//568
f 604//661 691//660 692//744
f 692//744 778//745 604//661
f 734//746 692//744 691//660
f 690//741 734//746 691//660
f 778//745 736//747 604//661
f 603//575 739//748 602//572
f 695//671 609//662 693//663
f 738//749 695//671 693//663
f 741//750 695//671 738//749
f 603//575 698//669 694//751
f 694//751 739//748 603//575
f 698//669 696//670 697//752
f 697//752 696//670 611//673
f 702//753 697//752 611//673
f 702//753 611//673 617//681
f 697//752 702//753 703//754
f 699//755 694//751 698//669
f 697//752 699//755 698//669
f 701//756 708//757 700//705
f 708//757 701//756 742//758
f 695//671 700//705 424//489
f 701//756 700//705 695//671
f 701//756 695//671 742//758
f 743//759 699//755 704//760
f 697//752 703//754 704//760
f 703//754 710//761 704//760
f 704//760 699//755 697//752
f 704//760 710//761 743//759
f 702//753 617//681 628//682
f 703//754 702//753 628//682
f 703//754 628//682 629//687
f 642//694 959//700 705//701
f 707//704 705//701 959//700
f 709//762 705//701 707//704
f 746//763 712//764 705//701
f 709//762 746//763 705//701
f 706//706 708//757 707//704
f 706//706 700//705 708//757
f 707//704 708//757 709//762
f 708//757 742//758 709//762
f 746//763 709//762 742//758
f 753//765 703//754 629//687
f 703//754 753//765 747//766
f 629//687 634//688 713//767
f 711//695 714//768 634//688
f 712//764 714//768 711//695
f 712//764 711//695 705//701
f 757//769 629//687 750//770
f 629//687 713//767 750//770
f 713//767 714//768 750//770
f 713//767 634//688 714//768
f 669//720 716//722 671//721
f 671//721 715//771 673//724
f 716//722 715//771 671//721
f 717//772 719//728 673//724
f 715//771 717//772 673//724
f 715//771 718//773 717//772
f 721//774 717//772 718//773
f 717//772 720//729 719//728
f 721//774 720//729 717//772
f 679//719 758//775 716//722
f 720//729 721//774 762//776
f 722//731 720//729 762//776
f 724//733 722//731 723//777
f 722//731 762//776 723//777
f 724//733 723//777 726//778
f 723//777 812//779 726//778
f 679//719 725//654 768//780
f 728//735 686//565 724//733
f 728//735 724//733 726//778
f 771//781 725//654 727//734
f 771//781 768//780 725//654
f 728//735 823//782 729//656
f 772//783 771//781 727//734
f 823//782 774//737 729//656
f 774//737 599//657 729//656
f 772//783 727//734 687//736
f 687//736 731//738 772//783
f 730//739 774//737 776//784
f 733//743 731//738 600//568
f 775//785 772//783 731//738
f 733//743 775//785 731//738
f 776//784 732//740 730//739
f 735//742 779//786 733//743
f 692//744 734//746 778//745
f 778//745 734//746 732//740
f 732//740 734//746 690//741
f 505//570 735//742 600//568
f 735//742 505//570 602//572
f 736//747 777//787 738//749
f 738//749 604//661 736//747
f 781//788 738//749 777//787
f 777//787 736//747 778//745
f 737//789 735//742 602//572
f 779//786 735//742 784//790
f 604//661 738//749 693//663
f 602//572 739//748 737//789
f 740//791 737//789 739//748
f 737//789 740//791 784//790
f 738//749 845//792 741//750
f 694//751 699//755 786//793
f 788//794 739//748 694//751
f 788//794 740//791 739//748
f 741//750 785//795 742//758
f 741//750 742//758 695//671
f 699//755 743//759 744//796
f 699//755 744//796 786//793
f 742//758 790//797 746//763
f 748//798 743//759 710//761
f 748//798 703//754 747//766
f 710//761 703//754 748//798
f 746//763 790//797 745//799
f 745//799 712//764 746//763
f 789//800 743//759 749//801
f 743//759 748//798 749//801
f 744//796 743//759 789//800
f 752//802 749//801 748//798
f 748//798 747//766 752//802
f 753//765 629//687 757//769
f 791//803 752//802 793//804
f 747//766 753//765 751//805
f 755//806 751//805 753//765
f 755//806 753//765 757//769
f 752//802 747//766 751//805
f 793//804 752//802 751//805
f 751//805 755//806 756//807
f 793//804 751//805 756//807
f 754//808 757//769 750//770
f 714//768 754//808 750//770
f 712//764 754//808 714//768
f 798//809 754//808 712//764
f 756//807 755//806 796//810
f 801//811 796//810 755//806
f 755//806 757//769 799//812
f 800//813 757//769 798//809
f 754//808 798//809 757//769
f 718//773 715//771 760//814
f 759//815 716//722 758//775
f 758//775 766//816 759//815
f 759//815 766//816 761//817
f 761//817 766//816 804//818
f 716//722 760//814 715//771
f 759//815 760//814 716//722
f 761//817 760//814 759//815
f 761//817 803//819 760//814
f 764//820 721//774 718//773
f 760//814 764//820 718//773
f 760//814 803//819 764//820
f 803//819 806//821 764//820
f 763//822 762//776 721//774
f 767//823 762//776 763//822
f 764//820 763//822 721//774
f 764//820 767//823 763//822
f 767//823 723//777 762//776
f 679//719 765//824 758//775
f 768//780 765//824 679//719
f 758//775 765//824 766//816
f 769//825 766//816 765//824
f 768//780 769//825 765//824
f 723//777 767//823 812//779
f 726//778 770//826 728//735
f 768//780 771//781 769//825
f 770//826 726//778 812//779
f 770//826 823//782 728//735
f 771//781 818//827 769//825
f 823//782 820//828 774//737
f 771//781 772//783 773//829
f 772//783 775//785 773//829
f 771//781 773//829 818//827
f 778//745 776//784 828//830
f 776//784 778//745 732//740
f 779//786 775//785 733//743
f 780//831 775//785 779//786
f 775//785 780//831 830//832
f 778//745 832//833 777//787
f 779//786 783//834 780//831
f 834//835 780//831 838//836
f 780//831 783//834 838//836
f 781//788 782//837 738//749
f 737//789 784//790 735//742
f 784//790 783//834 779//786
f 788//794 784//790 740//791
f 845//792 738//749 782//837
f 845//792 851//838 785//795
f 848//839 784//790 788//794
f 741//750 845//792 785//795
f 744//796 787//840 786//793
f 788//794 694//751 786//793
f 787//840 788//794 786//793
f 785//795 851//838 742//758
f 787//840 744//796 852//841
f 852//841 744//796 789//800
f 742//758 851//838 790//797
f 745//799 790//797 792//842
f 851//838 853//843 790//797
f 752//802 791//803 749//801
f 749//801 791//803 789//800
f 795//844 791//803 793//804
f 789//800 791//803 854//845
f 854//845 791//803 795//844
f 789//800 854//845 852//841
f 790//797 853//843 792//842
f 756//807 794//846 793//804
f 796//810 794//846 756//807
f 793//804 794//846 795//844
f 857//847 796//810 801//811
f 857//847 794//846 796//810
f 855//848 852//841 854//845
f 798//809 802//849 800//813
f 798//809 792//842 797//850
f 712//764 745//799 792//842
f 798//809 712//764 792//842
f 792//842 853//843 859//851
f 795//844 794//846 856//852
f 801//811 755//806 799//812
f 800//813 801//811 799//812
f 802//849 862//853 800//813
f 800//813 799//812 757//769
f 802//849 797//850 864//854
f 802//849 798//809 797//850
f 797//850 792//842 859//851
f 797//850 859//851 864//854
f 801//811 800//813 862//853
f 808//855 766//816 769//825
f 804//818 766//816 808//855
f 804//818 808//855 809//856
f 804//818 803//819 761//817
f 805//857 806//821 803//819
f 805//857 803//819 804//818
f 810//858 806//821 805//857
f 804//818 809//856 805//857
f 806//821 807//859 764//820
f 810//858 807//859 806//821
f 807//859 767//823 764//820
f 807//859 814//860 767//823
f 808//855 866//861 809//856
f 805//857 809//856 811//862
f 805//857 811//862 810//858
f 811//862 809//856 866//861
f 810//858 814//860 807//859
f 810//858 811//862 814//860
f 814//860 811//862 817//863
f 812//779 767//823 813//864
f 816//865 812//779 813//864
f 814//860 813//864 767//823
f 813//864 817//863 816//865
f 814//860 817//863 813//864
f 769//825 819//866 815//867
f 815//867 819//866 869//868
f 815//867 869//868 866//861
f 769//825 815//867 808//855
f 808//855 815//867 866//861
f 817//863 811//862 868//869
f 770//826 812//779 816//865
f 770//826 816//865 823//782
f 769//825 818//827 819//866
f 818//827 825//870 819//866
f 824//871 869//868 819//866
f 816//865 821//872 823//782
f 817//863 822//873 821//872
f 816//865 817//863 821//872
f 821//872 822//873 820//828
f 822//873 817//863 868//869
f 821//872 820//828 823//782
f 773//829 825//870 818//827
f 819//866 825//870 826//874
f 826//874 824//871 819//866
f 827//875 822//873 868//869
f 776//784 774//737 828//830
f 828//830 774//737 820//828
f 828//830 820//828 822//873
f 829//876 773//829 775//785
f 773//829 829//876 825//870
f 825//870 829//876 826//874
f 827//875 828//830 822//873
f 829//876 835//877 826//874
f 826//874 835//877 831//878
f 872//879 832//833 827//875
f 778//745 828//830 827//875
f 836//880 832//833 872//879
f 827//875 832//833 778//745
f 829//876 775//785 830//832
f 829//876 830//832 835//877
f 833//881 832//833 837//882
f 836//880 837//882 832//833
f 777//787 833//881 781//788
f 833//881 777//787 832//833
f 780//831 834//835 830//832
f 830//832 834//835 835//877
f 834//835 838//836 839//883
f 835//877 834//835 839//883
f 835//877 839//883 831//878
f 831//878 839//883 836//880
f 845//792 782//837 843//884
f 781//788 833//881 782//837
f 782//837 833//881 843//884
f 837//882 843//884 833//881
f 836//880 839//883 841//885
f 838//836 841//885 839//883
f 784//790 840//886 783//834
f 838//836 783//834 840//886
f 841//885 838//836 873//887
f 841//885 873//887 874//888
f 841//885 842//889 836//880
f 836//880 844//890 837//882
f 836//880 842//889 844//890
f 842//889 846//891 844//890
f 847//892 845//792 843//884
f 844//890 843//884 837//882
f 847//892 843//884 844//890
f 844//890 846//891 847//892
f 848//839 849//893 784//790
f 849//893 840//886 784//790
f 873//887 840//886 849//893
f 845//792 847//892 851//838
f 848//839 877//894 849//893
f 893//895 850//896 875//897
f 847//892 850//896 851//838
f 851//838 850//896 893//895
f 850//896 847//892 875//897
f 851//838 893//895 878//898
f 878//898 853//843 851//838
f 878//898 904//899 853//843
f 787//840 852//841 788//794
f 855//848 854//845 858//900
f 858//900 854//845 795//844
f 795//844 856//852 858//900
f 852//841 855//848 894//901
f 857//847 856//852 794//846
f 881//902 857//847 860//903
f 860//903 857//847 801//811
f 887//904 860//903 861//905
f 863//906 862//853 802//849
f 802//849 864//854 863//906
f 862//853 860//903 801//811
f 860//903 862//853 861//905
f 861//905 862//853 863//906
f 861//905 863//906 886//907
f 886//907 863//906 865//908
f 864//854 859//851 865//908
f 864//854 865//908 863//906
f 861//905 886//907 887//904
f 866//861 869//868 867//909
f 811//862 866//861 867//909
f 811//862 867//909 868//869
f 867//909 869//868 870//910
f 867//909 870//910 868//869
f 869//868 824//871 870//910
f 868//869 870//910 827//875
f 824//871 826//874 871//911
f 824//871 871//911 870//910
f 826//874 831//878 871//911
f 871//911 831//878 836//880
f 870//910 872//879 827//875
f 870//910 871//911 872//879
f 871//911 836//880 872//879
f 873//887 838//836 840//886
f 842//889 841//885 874//888
f 875//897 842//889 874//888
f 842//889 875//897 846//891
f 846//891 875//897 847//892
f 849//893 877//894 873//887
f 873//887 877//894 890//912
f 874//888 873//887 890//912
f 876//913 874//888 890//912
f 874//888 876//913 875//897
f 788//794 894//901 848//839
f 848//839 894//901 895//914
f 895//914 877//894 848//839
f 852//841 894//901 788//794
f 894//901 855//848 896//915
f 855//848 858//900 879//916
f 896//915 855//848 879//916
f 856//852 879//916 858//900
f 856//852 857//847 880//917
f 880//917 857//847 881//902
f 879//916 856//852 880//917
f 897//918 879//916 880//917
f 884//919 880//917 881//902
f 884//919 897//918 880//917
f 853//843 883//920 859//851
f 904//899 883//920 853//843
f 883//920 865//908 859//851
f 883//920 882//921 865//908
f 904//899 882//921 883//920
f 881//902 860//903 885//922
f 884//919 881//902 888//923
f 885//922 888//923 881//902
f 885//922 860//903 887//904
f 887//904 886//907 889//924
f 886//907 865//908 882//921
f 885//922 887//904 888//923
f 887//904 889//924 909//925
f 909//925 888//923 887//904
f 889//924 886//907 882//921
f 889//924 882//921 910//926
f 909//925 889//924 910//926
f 876//913 892//927 875//897
f 891//928 890//912 877//894
f 876//913 890//912 892//927
f 875//897 892//927 893//895
f 877//894 895//914 918//929
f 891//928 877//894 918//929
f 890//912 923//930 892//927
f 899//931 894//901 896//915
f 899//931 895//914 894//901
f 890//912 918//929 923//930
f 890//912 891//928 918//929
f 923//930 926//932 892//927
f 903//933 904//899 878//898
f 903//933 893//895 926//932
f 926//932 893//895 892//927
f 893//895 903//933 878//898
f 896//915 879//916 897//918
f 896//915 897//918 898//934
f 898//934 897//918 900//935
f 899//931 896//915 898//934
f 902//936 899//931 898//934
f 905//937 900//935 897//918
f 898//934 900//935 902//936
f 895//914 899//931 901//938
f 918//929 901//938 921//939
f 895//914 901//938 918//929
f 899//931 902//936 901//938
f 904//899 913//940 882//921
f 904//899 903//933 913//940
f 905//937 897//918 884//919
f 905//937 884//919 888//923
f 905//937 906//941 907//942
f 888//923 906//941 905//937
f 907//942 900//935 905//937
f 914//943 906//941 911//944
f 908//945 907//942 906//941
f 908//945 906//941 914//943
f 916//946 908//945 914//943
f 907//942 908//945 925//947
f 916//946 927//948 908//945
f 888//923 909//925 906//941
f 906//941 909//925 911//944
f 911//944 909//925 910//926
f 882//921 912//949 910//926
f 912//949 915//950 910//926
f 914//943 911//944 915//950
f 915//950 911//944 910//926
f 913//940 917//951 912//949
f 912//949 917//951 915//950
f 915//950 916//946 914//943
f 917//951 916//946 915//950
f 913//940 903//933 929//952
f 929//952 917//951 913//940
f 928//953 927//948 916//946
f 917//951 928//953 916//946
f 913//940 912//949 882//921
f 919//954 901//938 902//936
f 900//935 919//954 902//936
f 901//938 919//954 921//939
f 919//954 900//935 907//942
f 918//929 921//939 920//955
f 918//929 920//955 923//930
f 923//930 920//955 924//956
f 920//955 921//939 922//957
f 920//955 922//957 924//956
f 926//932 923//930 924//956
f 907//942 925//947 919//954
f 919//954 925//947 921//939
f 922//957 921//939 925//947
f 925//947 927//948 922//957
f 927//948 925//947 908//945
f 927//948 924//956 922//957
f 924//956 927//948 928//953
f 924//956 928//953 926//932
f 926//932 928//953 929//952
f 903//933 926//932 929//952
f 917//951 929//952 928//953
