# Blender 4.0.2
# www.blender.org
mtllib skull_left_maxilla.mtl
o skull_left_maxilla
v 0.074755 -0.004419 0.003068
v 0.074422 -0.004459 0.003001
v 0.074414 -0.003849 0.003020
v 0.075007 -0.003789 0.002928
v 0.100390 -0.014449 0.000356
v 0.100485 -0.003519 0.000912
v 0.100428 -0.001209 0.000463
v 0.098276 -0.014789 0.000421
v 0.099381 -0.011739 0.001259
v 0.099326 -0.008199 0.001189
v 0.099521 -0.003319 0.001500
v 0.098446 -0.002129 0.001490
v 0.097825 -0.001719 0.001524
v 0.096314 -0.012499 0.001533
v 0.096025 -0.013199 0.001055
v 0.094813 -0.011319 0.001512
v 0.094885 -0.011649 0.001093
v 0.094317 -0.010119 0.001212
v 0.094415 -0.010439 0.000802
v 0.094225 -0.008619 0.001795
v 0.093325 -0.008019 0.001767
v 0.093744 -0.008619 0.001512
v 0.093073 -0.007899 0.001200
v 0.093580 -0.008379 0.000939
v 0.094708 -0.006189 0.002159
v 0.093440 -0.001339 0.002461
v 0.091537 -0.009699 0.000919
v 0.092425 -0.007659 0.001212
v 0.091938 -0.007989 0.001204
v 0.091825 -0.006219 0.002142
v 0.091101 -0.006979 0.001783
v 0.090359 -0.004259 0.002091
v 0.090956 -0.001679 0.002460
v 0.091782 0.000071 0.002076
v 0.092425 0.000381 0.002102
v 0.091845 0.000401 0.001895
v 0.091222 0.000331 0.002046
v 0.090631 0.000381 0.002093
v 0.092114 0.000571 0.001786
v 0.091531 0.000651 0.001808
v 0.091117 0.000941 0.001782
v 0.090321 0.000741 0.001769
v 0.091772 0.000861 0.001512
v 0.092279 0.000871 0.001113
v 0.090474 0.001611 0.000649
v 0.090133 -0.009499 0.001540
v 0.089725 -0.009509 0.001538
v 0.090060 -0.010049 0.001156
v 0.089330 -0.009529 0.001152
v 0.089743 -0.010019 0.000827
v 0.089779 -0.009129 0.001597
v 0.089729 -0.008509 0.001478
v 0.089427 -0.009189 0.001413
v 0.089236 -0.008519 0.001216
v 0.088143 -0.007329 0.000994
v 0.088825 -0.008919 0.000887
v 0.089174 -0.006299 0.001395
v 0.088833 -0.005249 0.001326
v 0.088255 -0.005659 0.001193
v 0.088498 -0.004669 0.000912
v 0.088215 -0.005029 0.000995
v 0.087906 -0.004659 0.000724
v 0.088879 -0.002889 0.001575
v 0.088226 -0.002449 0.001190
v 0.088723 -0.003809 0.000939
v 0.088521 -0.002929 0.000930
v 0.087913 -0.002399 0.000914
v 0.089610 0.000101 0.001881
v 0.087913 -0.002029 0.001281
v 0.088012 -0.001499 0.001525
v 0.089659 0.001281 0.001458
v 0.088192 0.001751 0.001461
v 0.088226 0.002181 0.001165
v 0.087325 -0.007509 0.000612
v 0.087107 -0.005939 0.001038
v 0.086109 -0.006069 0.001062
v 0.087328 -0.005029 0.000924
v 0.086227 -0.006649 0.000876
v 0.086381 -0.002309 0.001169
v 0.085804 -0.004019 0.001112
v 0.087043 -0.004119 0.000701
v 0.087035 -0.002519 0.000899
v 0.086733 -0.003479 0.000750
v 0.086751 -0.002899 0.000849
v 0.087615 -0.002589 0.000622
v 0.087310 -0.002939 0.000423
v 0.087311 -0.001989 0.001164
v 0.086768 0.001821 0.001252
v 0.085951 0.000251 0.001466
v 0.085759 0.000981 0.001212
v 0.086725 0.002341 0.000612
v 0.085706 0.001211 0.000418
v 0.085075 -0.006139 0.000535
v 0.083828 -0.001239 0.001620
v 0.082612 -0.002699 0.000812
v 0.082825 -0.000519 0.001219
v 0.082264 -0.001399 0.001095
v 0.081617 -0.001439 0.000960
v 0.082223 -0.000959 0.000916
v 0.081569 -0.001089 0.000825
v 0.082149 -0.000699 0.000583
v 0.078701 -0.000919 0.001440
v 0.080262 -0.001579 0.001018
v 0.079994 -0.000909 0.001082
v 0.079632 -0.000459 0.000629
v 0.075717 -0.004119 0.002412
v 0.075702 -0.004419 0.001812
v 0.075801 -0.003819 0.001812
v 0.075925 -0.004119 0.001359
v 0.075925 -0.003519 0.001416
v 0.075053 -0.004979 0.002404
v 0.074726 -0.005149 0.002425
v 0.075018 -0.005159 0.002112
v 0.074725 -0.005319 0.002113
v 0.074410 -0.005209 0.002130
v 0.074745 -0.005229 0.001824
v 0.074739 -0.004989 0.001517
v 0.074410 -0.004999 0.001593
v 0.074725 -0.004819 0.001212
v 0.074434 -0.004789 0.001226
v 0.074110 -0.004579 0.001229
v 0.074402 -0.004719 0.000923
v 0.073941 -0.004649 0.000550
v 0.075325 -0.004839 0.000612
v 0.073779 -0.004409 0.002425
v 0.075067 -0.003109 0.002132
v 0.074684 -0.002949 0.002106
v 0.073647 -0.004439 0.002060
v 0.073610 -0.003899 0.002113
v 0.075031 -0.003039 0.001812
v 0.075025 -0.003119 0.001512
v 0.074725 -0.003009 0.001512
v 0.074725 -0.002919 0.001358
v 0.074848 -0.002629 0.001372
v 0.074395 -0.003149 0.001510
v 0.073705 -0.004119 0.001521
v 0.073799 -0.003779 0.001545
v 0.074425 -0.002919 0.001144
v 0.074020 -0.002569 0.001172
v 0.073718 -0.004119 0.001212
v 0.073678 -0.003819 0.001212
v 0.073525 -0.004119 0.001022
v 0.073486 -0.003499 0.001056
v 0.074420 -0.001499 0.001776
v 0.073686 -0.000559 0.001640
v 0.074038 -0.000089 0.001181
v 0.073202 -0.002659 0.001052
v 0.072258 -0.002359 0.000915
v 0.071725 -0.003519 0.000670
v 0.072725 -0.001489 0.001506
v 0.072414 -0.000839 0.001504
v 0.072706 -0.000509 0.001434
v 0.072042 -0.001159 0.001212
v 0.072664 -0.002049 0.001144
v 0.072061 -0.000819 0.001184
v 0.072392 -0.000479 0.001199
v 0.072198 -0.000519 0.000889
v 0.071988 -0.002029 0.000831
v 0.071889 -0.001119 0.000889
v 0.072942 -0.000109 0.000618
v 0.071664 -0.001659 0.000534
v 0.071935 -0.000819 0.000617
v 0.099528 -0.014829 0.000341
v 0.100817 -0.014599 0.000001
v 0.100525 -0.014859 0.000012
v 0.101040 -0.014239 -0.000350
v 0.100825 -0.014629 -0.000288
v 0.099925 -0.014619 -0.000361
v 0.100774 -0.013009 0.000255
v 0.101026 -0.014029 0.000009
v 0.101155 -0.013639 -0.000362
v 0.100794 -0.014049 -0.000810
v 0.101243 -0.013119 -0.001238
v 0.100358 -0.012949 -0.001798
v 0.100815 -0.013239 -0.001719
v 0.100954 -0.001419 0.000312
v 0.100696 -0.001809 -0.000343
v 0.100777 -0.000819 -0.000288
v 0.100225 -0.000609 -0.000288
v 0.099025 -0.015349 0.000012
v 0.099067 -0.015209 -0.000278
v 0.098425 -0.015279 -0.000288
v 0.098350 -0.014839 -0.000558
v 0.099736 -0.007629 0.000310
v 0.099201 -0.007119 -0.000588
v 0.097281 -0.015039 -0.000504
v 0.096625 -0.014919 -0.000872
v 0.096215 -0.014409 -0.000723
v 0.096818 -0.014949 -0.001134
v 0.096325 -0.014619 -0.001566
v 0.096025 -0.014919 -0.001488
v 0.096025 -0.014949 -0.001992
v 0.095093 -0.012679 -0.000546
v 0.096365 -0.012619 -0.001140
v 0.096925 -0.009519 -0.001397
v 0.095722 -0.007079 -0.001685
v 0.095104 -0.004819 -0.002048
v 0.095516 0.038551 -0.001118
v 0.096331 0.038771 -0.001072
v 0.095355 0.040851 -0.000935
v 0.096425 0.039281 -0.001331
v 0.095283 0.042151 -0.001266
v 0.094791 -0.014589 -0.001793
v 0.092949 -0.012049 -0.000625
v 0.094402 -0.013469 -0.001276
v 0.093273 -0.013389 -0.001472
v 0.093697 -0.010259 -0.000517
v 0.093379 -0.008019 0.000312
v 0.092725 -0.008619 -0.000262
v 0.094591 -0.006989 -0.001333
v 0.093693 -0.006609 -0.001562
v 0.094646 0.040501 -0.000663
v 0.094886 0.041081 -0.000627
v 0.094396 0.042371 -0.000645
v 0.093318 0.041801 -0.000777
v 0.094141 0.044971 -0.000447
v 0.093012 0.045881 -0.000182
v 0.092183 -0.012149 -0.000596
v 0.091505 -0.010979 0.000224
v 0.092137 -0.010899 -0.000043
v 0.090885 -0.010939 0.000048
v 0.092388 0.041561 -0.001062
v 0.091597 0.042861 -0.000935
v 0.091398 0.041001 -0.001733
v 0.091353 0.044451 -0.000276
v 0.090359 0.043601 -0.001424
v 0.091195 0.048721 -0.000257
v 0.091297 0.049901 -0.000478
v 0.092489 0.050341 -0.001801
v 0.090622 0.051251 -0.001534
v 0.089166 -0.009879 -0.000621
v 0.088190 -0.003569 0.000241
v 0.088195 -0.002929 0.000371
v 0.088211 0.001731 -0.000797
v 0.090163 0.045821 -0.000466
v 0.089658 0.044821 -0.000915
v 0.089353 0.044571 -0.001658
v 0.088895 0.045451 -0.002038
v 0.089690 0.046111 -0.000737
v 0.089457 0.048051 -0.001153
v 0.089252 0.047511 -0.001862
v 0.089725 0.048681 -0.000351
v 0.090025 0.050481 -0.000694
v 0.089432 0.049421 -0.001307
v 0.086655 -0.007239 0.000304
v 0.086722 -0.007709 -0.001102
v 0.087625 -0.003829 0.000275
v 0.087638 -0.003519 0.000114
v 0.087642 -0.003219 0.000121
v 0.087638 -0.002919 0.000278
v 0.087326 -0.003519 0.000244
v 0.087625 0.002511 0.000312
v 0.086239 0.001291 -0.000157
v 0.084410 0.000281 -0.000144
v 0.083265 -0.000639 -0.001533
v 0.082225 -0.004719 0.000033
v 0.081369 -0.005459 -0.000943
v 0.081286 -0.000699 0.000336
v 0.081998 -0.000479 -0.000291
v 0.080852 -0.000549 -0.000243
v 0.080123 -0.000829 -0.001769
v 0.075325 -0.004879 0.000131
v 0.075008 0.000031 0.000257
v 0.072119 -0.000509 0.000317
v 0.071657 -0.001109 0.000339
v 0.071735 -0.000809 0.000214
v 0.072678 -0.000229 -0.000019
v 0.071458 -0.000839 -0.000011
v 0.073564 -0.000229 -0.000333
v 0.071725 -0.000459 -0.000285
v 0.072534 -0.000379 -0.000653
v 0.071166 -0.000439 -0.000922
v 0.069789 -0.004019 -0.001482
v 0.069798 -0.002509 -0.001310
v 0.069184 -0.003529 -0.001469
v 0.069255 -0.003199 -0.001438
v 0.068948 -0.003219 -0.001830
v 0.070582 -0.001159 -0.000624
v 0.070525 -0.000519 -0.000888
v 0.070573 -0.000579 -0.001244
v 0.069613 -0.001549 -0.001518
v 0.069679 -0.001119 -0.001488
v 0.070007 -0.000919 -0.001871
v 0.101335 -0.011919 -0.002188
v 0.100219 -0.012469 -0.002575
v 0.101112 -0.012609 -0.002706
v 0.100795 -0.012759 -0.002664
v 0.100824 -0.012609 -0.003274
v 0.100535 -0.012569 -0.003293
v 0.100230 -0.012299 -0.003908
v 0.101444 -0.011989 -0.004171
v 0.100825 -0.012529 -0.004188
v 0.099831 0.029091 -0.004598
v 0.099571 0.034121 -0.003611
v 0.098866 -0.010469 -0.003498
v 0.098125 -0.000499 -0.002688
v 0.098948 0.031191 -0.004167
v 0.099123 0.033931 -0.002921
v 0.098460 0.036661 -0.002384
v 0.098392 0.037021 -0.002949
v 0.098456 0.036831 -0.004157
v 0.095425 -0.015219 -0.002088
v 0.095887 -0.014919 -0.002388
v 0.095725 -0.015539 -0.002688
v 0.095408 -0.015469 -0.002714
v 0.095412 -0.015569 -0.003792
v 0.095151 -0.015439 -0.004275
v 0.096243 -0.006399 -0.002357
v 0.095176 -0.004209 -0.002447
v 0.096067 0.040601 -0.002119
v 0.096700 0.038991 -0.002467
v 0.096882 0.039261 -0.003613
v 0.096664 0.043511 -0.004017
v 0.095415 0.047861 -0.004009
v 0.094684 -0.014979 -0.002705
v 0.093822 -0.010359 -0.003088
v 0.092740 -0.002519 -0.002666
v 0.094857 -0.003489 -0.003385
v 0.093108 -0.002639 -0.003426
v 0.092802 -0.004599 -0.003259
v 0.093454 -0.002019 -0.002263
v 0.093111 -0.002359 -0.002146
v 0.093039 -0.001749 -0.002342
v 0.092870 -0.002189 -0.002367
v 0.094004 -0.002119 -0.002698
v 0.093341 -0.001539 -0.002701
v 0.092867 -0.001759 -0.002686
v 0.093926 -0.001999 -0.002995
v 0.092833 -0.002119 -0.002991
v 0.093047 -0.001729 -0.002995
v 0.093653 -0.002149 -0.003361
v 0.090528 0.041311 -0.002433
v 0.090072 0.036471 -0.003748
v 0.089359 0.038741 -0.003918
v 0.089231 0.051601 -0.003511
v 0.089029 0.050931 -0.003573
v 0.071594 -0.000919 -0.002307
v 0.069174 -0.002639 -0.002041
v 0.069030 -0.003839 -0.002122
v 0.068814 -0.003509 -0.002122
v 0.068583 -0.003539 -0.003042
v 0.068645 -0.003129 -0.002954
v 0.070489 -0.004229 -0.002981
v 0.069017 -0.004009 -0.003267
v 0.069006 -0.002179 -0.003600
v 0.102796 0.021311 -0.005995
v 0.102959 0.021801 -0.005962
v 0.103881 0.021671 -0.006327
v 0.103463 0.021001 -0.006611
v 0.102315 0.022011 -0.005674
v 0.102335 0.022311 -0.005802
v 0.102242 0.023261 -0.006268
v 0.104334 0.022351 -0.006727
v 0.101366 -0.012219 -0.005097
v 0.100825 -0.012819 -0.005361
v 0.100100 -0.012399 -0.005021
v 0.100780 -0.013159 -0.005940
v 0.100128 -0.012989 -0.005722
v 0.101254 -0.012619 -0.006038
v 0.099903 -0.013969 -0.006411
v 0.101352 -0.011589 -0.005211
v 0.099780 0.020981 -0.006866
v 0.101340 0.023701 -0.005137
v 0.101725 0.023781 -0.005144
v 0.102029 0.022891 -0.005656
v 0.101721 0.021971 -0.005639
v 0.101745 0.022741 -0.005397
v 0.101713 0.024301 -0.005389
v 0.101914 0.023511 -0.005678
v 0.101712 0.024211 -0.005714
v 0.101425 0.024981 -0.005052
v 0.100361 0.025681 -0.005119
v 0.100565 0.026501 -0.004850
v 0.101028 0.026251 -0.005091
v 0.101488 0.025001 -0.005387
v 0.101128 0.025851 -0.005668
v 0.101485 0.025691 -0.006531
v 0.100903 0.027521 -0.005177
v 0.101480 0.028351 -0.006232
v 0.100302 0.029681 -0.004542
v 0.100096 0.030991 -0.004418
v 0.100503 0.033031 -0.005345
v 0.101113 0.032331 -0.006053
v 0.100177 0.032341 -0.006884
v 0.099938 0.035331 -0.005357
v 0.100175 0.034811 -0.005718
v 0.097725 -0.014529 -0.006489
v 0.097528 -0.015499 -0.006484
v 0.097495 -0.015159 -0.006410
v 0.099121 -0.014989 -0.006792
v 0.098131 -0.015469 -0.006819
v 0.098424 -0.010619 -0.005019
v 0.097976 -0.011329 -0.005813
v 0.099402 0.036531 -0.005400
v 0.098742 0.037171 -0.005730
v 0.098124 0.038851 -0.004755
v 0.098112 0.039301 -0.005105
v 0.097997 0.039291 -0.005399
v 0.097668 0.039331 -0.005690
v 0.096121 -0.015219 -0.004488
v 0.095725 -0.015639 -0.004488
v 0.097045 -0.015499 -0.005967
v 0.096904 -0.014919 -0.005882
v 0.097110 -0.014399 -0.006220
v 0.097225 -0.015949 -0.006588
v 0.096797 0.037821 -0.006673
v 0.097237 0.041431 -0.004766
v 0.096928 0.043041 -0.005029
v 0.096985 0.042181 -0.005383
v 0.096176 0.046121 -0.004795
v 0.095727 0.046571 -0.005290
v 0.094802 0.049261 -0.005192
v 0.093573 -0.014249 -0.005621
v 0.094287 -0.008939 -0.005169
v 0.094562 -0.005369 -0.004596
v 0.093025 -0.006519 -0.006211
v 0.092685 0.051321 -0.005031
v 0.091525 0.053061 -0.005988
v 0.092441 0.051451 -0.006309
v 0.088825 -0.000409 -0.004788
v 0.088436 0.050431 -0.005208
v 0.088312 0.052191 -0.005838
v 0.088072 0.051911 -0.006586
v 0.089212 0.053071 -0.006098
v 0.087181 0.044561 -0.005446
v 0.087594 0.043401 -0.005670
v 0.087406 0.048141 -0.005969
v 0.069909 -0.001759 -0.005180
v 0.068028 -0.003819 -0.004436
v 0.068462 -0.004099 -0.004901
v 0.067643 -0.003539 -0.004745
v 0.067733 -0.003169 -0.004947
v 0.067429 -0.003829 -0.005116
v 0.104555 0.021981 -0.006884
v 0.104552 0.021981 -0.007189
v 0.104718 0.022581 -0.007188
v 0.104480 0.022271 -0.007479
v 0.104493 0.022621 -0.007513
v 0.104032 0.021331 -0.006950
v 0.102315 0.020331 -0.006912
v 0.104068 0.021661 -0.007510
v 0.102763 0.020481 -0.007467
v 0.103678 0.023541 -0.007042
v 0.104018 0.022211 -0.007813
v 0.104033 0.022891 -0.007867
v 0.103781 0.024051 -0.007787
v 0.102781 0.023761 -0.008485
v 0.102508 0.021751 -0.008701
v 0.103673 0.024381 -0.007488
v 0.102816 0.025811 -0.007461
v 0.102920 0.025831 -0.007776
v 0.102044 0.025831 -0.008431
v 0.102087 0.028391 -0.006824
v 0.102344 0.026991 -0.007171
v 0.102374 0.027441 -0.007186
v 0.102282 0.028361 -0.007169
v 0.102517 0.027051 -0.007477
v 0.102377 0.027131 -0.007769
v 0.100652 -0.014299 -0.007127
v 0.099926 -0.015449 -0.007178
v 0.100649 -0.014619 -0.007788
v 0.100265 -0.015519 -0.007788
v 0.099647 -0.015809 -0.008053
v 0.100908 -0.012809 -0.007546
v 0.099920 -0.013989 -0.008945
v 0.101436 0.019551 -0.007809
v 0.100797 0.019491 -0.007321
v 0.100217 0.019891 -0.007082
v 0.101917 0.020221 -0.008594
v 0.102115 0.025241 -0.007013
v 0.101147 0.027611 -0.008295
v 0.101936 0.029271 -0.007186
v 0.098125 -0.015909 -0.007188
v 0.099561 -0.015949 -0.007486
v 0.098445 -0.015969 -0.007510
v 0.099285 -0.016029 -0.007788
v 0.099616 -0.015429 -0.008321
v 0.098734 -0.015819 -0.008088
v 0.099242 -0.013999 -0.008915
v 0.097977 -0.011019 -0.008988
v 0.099665 0.017851 -0.009252
v 0.096461 -0.015919 -0.006712
v 0.095453 -0.015519 -0.007188
v 0.096925 -0.015909 -0.007488
v 0.096925 -0.015519 -0.007626
v 0.095798 -0.006659 -0.008764
v 0.095072 -0.005009 -0.009066
v 0.096286 0.023471 -0.008111
v 0.093925 -0.014619 -0.008733
v 0.093625 -0.014839 -0.008688
v 0.093925 -0.002919 -0.007148
v 0.094401 -0.002919 -0.008688
v 0.092744 -0.000299 -0.007680
v 0.093318 -0.000599 -0.008082
v 0.093790 -0.001369 -0.008388
v 0.092743 0.000181 -0.008392
v 0.093430 -0.000539 -0.008666
v 0.093690 -0.001199 -0.008991
v 0.093278 -0.000469 -0.008981
v 0.094293 0.045381 -0.006926
v 0.091963 -0.005619 -0.006888
v 0.092469 -0.001049 -0.007131
v 0.091525 -0.000939 -0.007488
v 0.092119 0.000111 -0.007807
v 0.092426 0.000261 -0.008083
v 0.091546 0.000141 -0.008110
v 0.091525 0.000321 -0.008688
v 0.091218 -0.000219 -0.008688
v 0.092434 0.000231 -0.008988
v 0.091836 0.000241 -0.008984
v 0.092425 0.001251 -0.008388
v 0.092144 0.000471 -0.008388
v 0.091826 0.000471 -0.008378
v 0.091848 0.000481 -0.008688
v 0.092069 0.048751 -0.008643
v 0.088086 0.051331 -0.006852
v 0.088316 0.052531 -0.007171
v 0.087847 0.050681 -0.007279
v 0.088187 0.051371 -0.007796
v 0.089304 0.051901 -0.008637
v 0.089990 0.051851 -0.008724
v 0.089725 0.053271 -0.007488
v 0.086408 0.033401 -0.006923
v 0.086021 0.033691 -0.007564
v 0.086573 0.034411 -0.006866
v 0.086563 0.036191 -0.006925
v 0.086095 0.034581 -0.007790
v 0.085919 0.035731 -0.007831
v 0.085745 0.034581 -0.008957
v 0.085796 0.045081 -0.008062
v 0.085453 0.047801 -0.009042
v 0.086699 0.048661 -0.008149
v 0.085170 0.031241 -0.008310
v 0.084704 0.031761 -0.008983
v 0.085229 0.041491 -0.008404
v 0.085481 0.047071 -0.008367
v 0.069419 -0.001089 -0.008892
v 0.066495 -0.002279 -0.008532
v 0.065370 -0.004119 -0.006888
v 0.065489 -0.003559 -0.007594
v 0.099961 -0.012859 -0.009757
v 0.100012 -0.012239 -0.010264
v 0.099495 0.018191 -0.010127
v 0.099271 -0.012769 -0.009798
v 0.099614 -0.012969 -0.009862
v 0.098858 -0.012009 -0.010258
v 0.099627 -0.012579 -0.010480
v 0.099326 -0.012529 -0.010452
v 0.099622 -0.012359 -0.011078
v 0.099332 -0.012389 -0.011033
v 0.097553 0.015731 -0.010709
v 0.097818 0.015831 -0.010979
v 0.095232 -0.008409 -0.011552
v 0.095125 -0.005019 -0.009904
v 0.095425 -0.006219 -0.010203
v 0.095057 -0.005919 -0.010188
v 0.095200 -0.006519 -0.010488
v 0.095198 -0.006219 -0.010488
v 0.095125 -0.006529 -0.010488
v 0.095039 -0.006219 -0.010488
v 0.095125 -0.005919 -0.010499
v 0.094880 -0.005349 -0.010503
v 0.095446 -0.006819 -0.010788
v 0.095207 -0.006519 -0.010788
v 0.094963 -0.006519 -0.011388
v 0.097027 0.016711 -0.010323
v 0.093679 -0.014619 -0.009588
v 0.093078 -0.014639 -0.009840
v 0.093625 -0.007119 -0.011250
v 0.094813 -0.005019 -0.009888
v 0.094756 -0.004699 -0.009888
v 0.094742 -0.005019 -0.010188
v 0.094761 -0.004719 -0.010188
v 0.094825 -0.005859 -0.010488
v 0.094409 -0.005019 -0.010488
v 0.094525 -0.004719 -0.010782
v 0.094264 -0.004719 -0.010488
v 0.094225 -0.004689 -0.010488
v 0.094715 -0.005319 -0.010788
v 0.094525 -0.004729 -0.010788
v 0.094748 -0.004119 -0.009588
v 0.094225 -0.003219 -0.009684
v 0.094225 -0.003059 -0.009588
v 0.094598 -0.003819 -0.009888
v 0.094430 -0.003819 -0.009888
v 0.094525 -0.003419 -0.009888
v 0.094446 -0.003219 -0.009888
v 0.094617 -0.004419 -0.010188
v 0.094328 -0.004119 -0.010188
v 0.094525 -0.003979 -0.010188
v 0.093925 -0.003819 -0.010289
v 0.094525 -0.004419 -0.010561
v 0.093089 -0.001339 -0.009690
v 0.093625 0.000401 -0.009888
v 0.091731 -0.013999 -0.010268
v 0.092425 -0.001119 -0.009769
v 0.091825 0.004281 -0.011264
v 0.092122 0.028701 -0.010922
v 0.090255 0.027371 -0.011864
v 0.090904 0.050181 -0.009305
v 0.089511 0.030871 -0.011552
v 0.090158 0.033561 -0.010805
v 0.089245 0.050621 -0.009995
v 0.087063 -0.010489 -0.011052
v 0.085508 0.015981 -0.011672
v 0.085899 0.024031 -0.010759
v 0.085719 0.034631 -0.011453
v 0.085525 0.048191 -0.009837
v 0.087025 0.049421 -0.010488
v 0.085525 0.048451 -0.011088
v 0.087569 0.047431 -0.011302
v 0.083150 -0.006419 -0.008846
v 0.084402 0.015941 -0.011123
v 0.083773 0.016641 -0.011041
v 0.083455 0.015961 -0.011083
v 0.085246 0.016601 -0.011550
v 0.083761 0.014841 -0.011454
v 0.083111 0.016341 -0.011404
v 0.084071 0.017561 -0.011297
v 0.083995 0.018251 -0.011390
v 0.083704 0.017461 -0.011349
v 0.084662 0.019001 -0.011511
v 0.084084 0.020871 -0.011343
v 0.084090 0.023171 -0.011416
v 0.084076 0.024391 -0.011351
v 0.084344 0.026921 -0.010633
v 0.084169 0.028041 -0.010755
v 0.084399 0.028311 -0.011180
v 0.084511 0.029841 -0.009394
v 0.084423 0.030911 -0.009624
v 0.084613 0.031901 -0.009629
v 0.085001 0.033681 -0.009844
v 0.084675 0.031431 -0.010227
v 0.085097 0.031661 -0.010860
v 0.085140 0.033691 -0.010806
v 0.084904 0.034741 -0.010150
v 0.084942 0.033801 -0.010428
v 0.084948 0.035061 -0.010780
v 0.084147 0.037991 -0.009564
v 0.084019 0.037621 -0.010240
v 0.083566 0.040431 -0.010488
v 0.083978 0.040781 -0.011332
v 0.083914 0.041391 -0.009479
v 0.083201 0.043171 -0.010163
v 0.083206 0.042541 -0.010788
v 0.084737 0.044981 -0.009262
v 0.083742 0.045931 -0.009592
v 0.083754 0.044721 -0.009883
v 0.083192 0.045151 -0.010715
v 0.083229 0.045331 -0.011308
v 0.084288 0.046251 -0.009420
v 0.084357 0.046871 -0.009359
v 0.083738 0.046591 -0.009423
v 0.083473 0.047191 -0.009537
v 0.084458 0.047751 -0.009601
v 0.083164 0.046841 -0.009684
v 0.083314 0.045961 -0.009913
v 0.084420 0.048181 -0.010188
v 0.083492 0.047901 -0.010224
v 0.082975 0.047441 -0.010172
v 0.082979 0.047481 -0.010521
v 0.082974 0.047181 -0.011079
v 0.084603 0.048151 -0.011334
v 0.083682 0.047731 -0.011342
v 0.083049 0.046821 -0.011379
v 0.082865 0.046771 -0.010208
v 0.082824 0.047171 -0.010500
v 0.082859 0.046571 -0.010804
v 0.072911 -0.004659 -0.010008
v 0.066338 -0.001629 -0.009958
v 0.066624 -0.001079 -0.011181
v 0.065280 -0.004939 -0.009453
v 0.064322 -0.004779 -0.009888
v 0.064543 -0.004709 -0.010636
v 0.064274 -0.003529 -0.009470
v 0.063871 -0.004119 -0.009588
v 0.063971 -0.004389 -0.010326
v 0.063900 -0.003779 -0.010251
v 0.065090 -0.002389 -0.010435
v 0.099763 -0.011929 -0.011516
v 0.099325 -0.012309 -0.011631
v 0.098959 -0.012309 -0.011994
v 0.099287 -0.012229 -0.012292
v 0.098725 -0.012369 -0.012288
v 0.099312 -0.011919 -0.012585
v 0.098122 -0.012329 -0.012584
v 0.098739 -0.012489 -0.012823
v 0.098425 -0.012639 -0.012888
v 0.098542 -0.012509 -0.013177
v 0.098660 -0.011919 -0.013300
v 0.098953 -0.010239 -0.011047
v 0.099433 -0.011329 -0.012061
v 0.097479 -0.011209 -0.012174
v 0.099077 -0.011599 -0.012858
v 0.098487 -0.010849 -0.012770
v 0.095693 -0.014279 -0.013288
v 0.095939 -0.014849 -0.013896
v 0.095966 -0.013169 -0.013309
v 0.096862 -0.012839 -0.013340
v 0.097253 -0.013209 -0.013752
v 0.096530 -0.013729 -0.013776
v 0.097185 -0.010459 -0.013155
v 0.096602 0.014371 -0.011896
v 0.096082 0.014301 -0.012575
v 0.092736 -0.014839 -0.012046
v 0.094707 -0.015339 -0.013295
v 0.094075 -0.015289 -0.013431
v 0.093981 -0.015119 -0.013812
v 0.093025 -0.014919 -0.013880
v 0.093010 -0.013919 -0.013779
v 0.092817 -0.010049 -0.012955
v 0.092690 0.003381 -0.012288
v 0.092727 0.006421 -0.012580
v 0.092731 0.006521 -0.013313
v 0.092725 0.009081 -0.012553
v 0.094476 0.012521 -0.012614
v 0.093022 0.012331 -0.012696
v 0.094786 0.011971 -0.013191
v 0.094335 0.011181 -0.013188
v 0.093463 0.009711 -0.013779
v 0.093229 0.024371 -0.012627
v 0.092192 -0.015119 -0.013503
v 0.090676 -0.014899 -0.013517
v 0.092125 -0.014919 -0.013943
v 0.092079 -0.014119 -0.014015
v 0.092222 -0.011479 -0.012917
v 0.092093 -0.009489 -0.012692
v 0.091473 -0.010899 -0.013007
v 0.092310 -0.007269 -0.013208
v 0.090925 -0.007119 -0.013022
v 0.090325 -0.004119 -0.012797
v 0.090373 -0.002669 -0.012860
v 0.090811 -0.002499 -0.013346
v 0.092272 0.003501 -0.013231
v 0.091716 0.006351 -0.012134
v 0.088148 -0.013129 -0.012887
v 0.089761 -0.004549 -0.013513
v 0.089725 -0.001119 -0.013007
v 0.089720 0.000631 -0.013364
v 0.089425 0.000681 -0.013364
v 0.089058 0.000741 -0.013832
v 0.089144 0.003001 -0.013709
v 0.088881 0.002911 -0.013590
v 0.088573 0.002961 -0.013757
v 0.088825 0.003431 -0.013788
v 0.088620 0.019461 -0.011707
v 0.087915 0.027631 -0.013880
v 0.086280 0.016481 -0.011862
v 0.086025 0.014771 -0.012037
v 0.087264 0.018541 -0.012004
v 0.086552 0.018251 -0.011957
v 0.085255 0.018211 -0.011656
v 0.085531 0.018941 -0.011875
v 0.087042 0.019811 -0.012071
v 0.086459 0.019531 -0.012238
v 0.086682 0.020311 -0.012056
v 0.085819 0.019541 -0.012139
v 0.085512 0.026421 -0.013521
v 0.085328 0.027021 -0.012884
v 0.086114 0.027661 -0.013402
v 0.086978 0.028241 -0.013614
v 0.085738 0.027061 -0.013484
v 0.086332 0.029691 -0.012474
v 0.087337 0.029911 -0.012735
v 0.087219 0.034361 -0.011823
v 0.086201 0.032381 -0.011722
v 0.085896 0.047801 -0.011693
v 0.084028 -0.008029 -0.011671
v 0.083354 0.010701 -0.013259
v 0.085255 0.012971 -0.012379
v 0.083715 0.013091 -0.012472
v 0.083256 0.013741 -0.012888
v 0.083356 0.014271 -0.013112
v 0.083106 0.012391 -0.013233
v 0.083121 0.012601 -0.013508
v 0.083042 0.015541 -0.011748
v 0.083036 0.016281 -0.011783
v 0.083656 0.016331 -0.012751
v 0.083453 0.018181 -0.011671
v 0.083329 0.017711 -0.011955
v 0.083519 0.017631 -0.012393
v 0.085091 0.020271 -0.011673
v 0.083298 0.020881 -0.011685
v 0.083154 0.021661 -0.011987
v 0.083204 0.021501 -0.012291
v 0.083476 0.021221 -0.012652
v 0.084510 0.019781 -0.013797
v 0.083683 0.023361 -0.011686
v 0.083550 0.023821 -0.011978
v 0.083426 0.023071 -0.011988
v 0.083726 0.024241 -0.012296
v 0.083375 0.022881 -0.012271
v 0.083652 0.023011 -0.012634
v 0.084927 0.023911 -0.013712
v 0.083819 0.025621 -0.011666
v 0.083745 0.024811 -0.011626
v 0.083452 0.046311 -0.011760
v 0.083415 0.047161 -0.011657
v 0.084508 0.046301 -0.012018
v 0.084106 0.047171 -0.011937
v 0.084171 0.045421 -0.011991
v 0.079891 -0.006259 -0.012020
v 0.082513 0.005201 -0.012817
v 0.082842 0.008451 -0.013599
v 0.074125 0.024681 -0.013945
v 0.069870 0.001641 -0.012980
v 0.066326 -0.000459 -0.012214
v 0.065763 -0.004569 -0.012416
v 0.064525 -0.002639 -0.011777
v 0.064001 -0.003829 -0.011663
v 0.064056 -0.003459 -0.011646
v 0.064386 -0.002909 -0.012290
v 0.064644 -0.002269 -0.012211
v 0.064225 -0.003849 -0.012298
v 0.064159 -0.003509 -0.012303
v 0.064513 -0.004119 -0.012467
v 0.064251 -0.003819 -0.012861
v 0.064309 -0.002919 -0.012879
v 0.064429 -0.002319 -0.012868
v 0.064145 -0.003509 -0.012897
v 0.064564 -0.004159 -0.013263
v 0.064141 -0.003819 -0.013200
v 0.063990 -0.003529 -0.013201
v 0.064063 -0.003199 -0.013188
v 0.063843 -0.003839 -0.013534
v 0.063656 -0.003469 -0.013498
v 0.064151 -0.004149 -0.013828
v 0.065699 -0.001029 -0.012309
v 0.064860 -0.001449 -0.012938
v 0.064548 -0.000829 -0.013329
v 0.064189 -0.002079 -0.013465
v 0.063519 -0.001249 -0.013837
v 0.065404 0.000361 -0.013670
v 0.061831 0.023231 -0.013507
v 0.060680 0.004311 -0.014121
v 0.059287 0.018441 -0.013524
v 0.059129 0.017751 -0.013930
v 0.060619 0.021361 -0.012928
v 0.061307 0.021771 -0.013058
v 0.060021 0.021671 -0.013032
v 0.061319 0.021161 -0.013440
v 0.060350 0.020511 -0.013731
v 0.060028 0.020551 -0.013705
v 0.059836 0.021081 -0.013497
v 0.059719 0.021381 -0.013490
v 0.059721 0.020781 -0.013696
v 0.059426 0.021731 -0.013681
v 0.059100 0.019841 -0.013578
v 0.059110 0.020761 -0.013748
v 0.060012 0.020191 -0.013964
v 0.059726 0.020461 -0.013789
v 0.059464 0.020761 -0.013784
v 0.059449 0.021101 -0.013768
v 0.059447 0.020171 -0.013808
v 0.060636 0.022031 -0.012817
v 0.060354 0.023081 -0.013083
v 0.060007 0.022571 -0.012961
v 0.059724 0.022261 -0.013161
v 0.059415 0.022811 -0.013205
v 0.059397 0.023621 -0.013272
v 0.058525 0.005181 -0.013973
v 0.056544 0.013621 -0.013835
v 0.057529 0.016741 -0.013739
v 0.057910 0.018671 -0.012303
v 0.057256 0.018341 -0.012329
v 0.057257 0.018731 -0.012217
v 0.057647 0.019381 -0.012330
v 0.058503 0.019001 -0.012699
v 0.058427 0.017661 -0.013192
v 0.057049 0.019921 -0.012491
v 0.058002 0.020451 -0.012997
v 0.058171 0.021681 -0.013343
v 0.058818 0.021671 -0.013761
v 0.056969 0.022051 -0.013056
v 0.058857 0.022811 -0.013347
v 0.058788 0.023531 -0.013309
v 0.058534 0.022831 -0.013315
v 0.058178 0.023231 -0.013305
v 0.056011 0.011101 -0.013634
v 0.055753 0.014421 -0.013404
v 0.055908 0.016821 -0.013079
v 0.056250 0.017501 -0.012876
v 0.054899 0.018441 -0.012961
v 0.054705 0.023841 -0.013359
v 0.054312 0.026151 -0.013947
v 0.053435 0.022081 -0.013876
v 0.097429 -0.011859 -0.014058
v 0.096050 -0.014579 -0.014380
v 0.095650 -0.014909 -0.014400
v 0.095734 -0.014589 -0.014603
v 0.095377 -0.014589 -0.014596
v 0.097241 -0.012799 -0.014167
v 0.096396 -0.014049 -0.014094
v 0.096623 -0.013649 -0.014103
v 0.096216 -0.014009 -0.014388
v 0.096012 -0.014039 -0.014568
v 0.096801 -0.011859 -0.014682
v 0.096625 -0.012219 -0.014961
v 0.096057 -0.013409 -0.014785
v 0.095725 -0.014019 -0.014730
v 0.095420 -0.013459 -0.014890
v 0.094955 -0.012439 -0.014910
v 0.095725 -0.012759 -0.015288
v 0.095038 -0.011579 -0.015590
v 0.096579 -0.010909 -0.014276
v 0.095935 -0.009969 -0.014637
v 0.096409 -0.011309 -0.015219
v 0.096178 -0.010969 -0.015929
v 0.095725 -0.011619 -0.016120
v 0.094402 -0.014369 -0.014155
v 0.091184 -0.014549 -0.014580
v 0.090698 -0.015099 -0.014374
v 0.090459 -0.014859 -0.015067
v 0.090600 -0.014219 -0.015294
v 0.090166 -0.014629 -0.015977
v 0.090108 -0.007929 -0.014130
v 0.091992 -0.004419 -0.015588
v 0.090763 -0.000519 -0.015288
v 0.091274 0.000381 -0.015588
v 0.089385 -0.015089 -0.015372
v 0.090121 -0.011909 -0.015200
v 0.089968 -0.007589 -0.015751
v 0.089456 -0.003269 -0.015469
v 0.089452 -0.000109 -0.015686
v 0.088484 0.002391 -0.014121
v 0.088535 0.002391 -0.014705
v 0.088981 0.000651 -0.014948
v 0.089125 0.002581 -0.015288
v 0.089591 0.002481 -0.014084
v 0.089178 0.003341 -0.014103
v 0.088825 0.003631 -0.014088
v 0.088375 0.003041 -0.014120
v 0.088547 0.003461 -0.014105
v 0.089448 0.002911 -0.014679
v 0.089117 0.003381 -0.014657
v 0.088825 0.003441 -0.014675
v 0.088505 0.003071 -0.014662
v 0.089125 0.003081 -0.015037
v 0.088842 0.002721 -0.015121
v 0.089405 0.023051 -0.014927
v 0.087137 -0.014509 -0.015249
v 0.085993 -0.014329 -0.015932
v 0.085206 -0.013999 -0.015891
v 0.085512 -0.014019 -0.016188
v 0.085525 -0.013419 -0.016252
v 0.085835 -0.000359 -0.015761
v 0.085793 0.026581 -0.014071
v 0.085709 0.026081 -0.014487
v 0.085375 0.024451 -0.014434
v 0.086120 0.026591 -0.014920
v 0.085293 0.024741 -0.015634
v 0.085486 0.025561 -0.015589
v 0.086739 0.025071 -0.016248
v 0.085865 0.025551 -0.016151
v 0.086725 0.026751 -0.015022
v 0.084901 -0.012059 -0.014019
v 0.084603 -0.013589 -0.015504
v 0.084325 -0.013719 -0.015963
v 0.083950 -0.013659 -0.015965
v 0.084625 -0.013419 -0.016322
v 0.084025 -0.013719 -0.016328
v 0.085176 -0.001869 -0.015478
v 0.084651 0.002041 -0.016048
v 0.084339 0.001741 -0.016009
v 0.084027 0.002171 -0.016276
v 0.083782 0.001571 -0.016341
v 0.083165 0.012151 -0.015290
v 0.083712 0.013341 -0.014094
v 0.083444 0.012571 -0.014433
v 0.084710 0.014511 -0.014595
v 0.084496 0.013611 -0.014987
v 0.084175 0.013561 -0.015903
v 0.082860 0.012331 -0.016130
v 0.085004 0.015351 -0.014866
v 0.084980 0.014941 -0.015627
v 0.085100 0.019351 -0.016119
v 0.082033 0.009131 -0.014119
v 0.081108 0.007571 -0.014341
v 0.081126 0.008681 -0.014912
v 0.082727 0.011541 -0.014182
v 0.082484 0.010911 -0.014056
v 0.081749 0.009961 -0.015212
v 0.082263 0.011241 -0.015574
v 0.079092 0.006301 -0.014570
v 0.076269 0.016561 -0.015128
v 0.076812 0.018091 -0.014970
v 0.076175 0.018591 -0.014943
v 0.077904 0.017691 -0.016188
v 0.076812 0.019851 -0.015285
v 0.076111 0.019501 -0.015453
v 0.076181 0.020511 -0.015615
v 0.076211 0.021381 -0.015691
v 0.075884 0.020181 -0.015893
v 0.075913 0.021071 -0.015731
v 0.077973 0.019551 -0.015966
v 0.075848 0.022061 -0.015358
v 0.077175 0.021811 -0.015965
v 0.077304 0.023141 -0.016196
v 0.074926 -0.007349 -0.014407
v 0.075436 0.014511 -0.016127
v 0.074725 0.014261 -0.016188
v 0.073842 0.012581 -0.016218
v 0.075395 0.016551 -0.014813
v 0.074654 0.016951 -0.015334
v 0.075025 0.014861 -0.015888
v 0.074581 0.016271 -0.016004
v 0.074573 0.016961 -0.015989
v 0.074749 0.015331 -0.016237
v 0.074930 0.018111 -0.015967
v 0.075598 0.021491 -0.015598
v 0.075417 0.020751 -0.016215
v 0.075002 0.021041 -0.016176
v 0.074382 0.022531 -0.014765
v 0.074266 0.025941 -0.015094
v 0.072944 0.026391 -0.015984
v 0.073247 0.007031 -0.015244
v 0.072187 0.006791 -0.015287
v 0.071805 0.007301 -0.015896
v 0.071568 0.006891 -0.015856
v 0.071723 0.007211 -0.016210
v 0.071442 0.006641 -0.016295
v 0.072290 0.007561 -0.015511
v 0.073662 0.009331 -0.015831
v 0.072101 0.009041 -0.015655
v 0.071878 0.007681 -0.015889
v 0.071787 0.007591 -0.016210
v 0.071690 0.009031 -0.016243
v 0.072638 0.009961 -0.015695
v 0.072339 0.010271 -0.015718
v 0.072040 0.010241 -0.015843
v 0.072925 0.010831 -0.015896
v 0.072410 0.010951 -0.015967
v 0.072142 0.010861 -0.016200
v 0.072925 0.026181 -0.014176
v 0.070943 0.004701 -0.014785
v 0.070009 0.004651 -0.015012
v 0.068912 0.004141 -0.015060
v 0.069238 0.004761 -0.015584
v 0.070649 0.005731 -0.015629
v 0.070163 0.005251 -0.015610
v 0.070745 0.005821 -0.016013
v 0.070467 0.024611 -0.014596
v 0.066168 0.002461 -0.014607
v 0.067102 0.003981 -0.015184
v 0.067162 0.004591 -0.015840
v 0.067081 0.025521 -0.015376
v 0.066775 0.026421 -0.015214
v 0.066604 0.027421 -0.016150
v 0.065862 -0.005499 -0.015469
v 0.065794 0.001271 -0.014240
v 0.064356 0.004021 -0.015042
v 0.064189 0.004271 -0.015790
v 0.063927 0.023121 -0.015459
v 0.064850 0.023701 -0.016130
v 0.064279 0.025361 -0.015280
v 0.062183 -0.003409 -0.014315
v 0.061674 -0.002299 -0.014292
v 0.062831 -0.004129 -0.014413
v 0.062513 -0.000289 -0.014515
v 0.063486 0.000481 -0.014777
v 0.063361 0.001091 -0.014987
v 0.062027 0.000641 -0.015229
v 0.061711 0.003371 -0.014458
v 0.063325 0.003681 -0.014705
v 0.062389 0.002791 -0.014721
v 0.062970 0.004161 -0.014977
v 0.062724 0.004331 -0.015339
v 0.063557 0.024611 -0.014917
v 0.063733 0.027551 -0.016151
v 0.060760 -0.004739 -0.015308
v 0.060324 -0.002689 -0.014817
v 0.059111 -0.003509 -0.014922
v 0.061313 -0.001999 -0.014362
v 0.060178 -0.001599 -0.015102
v 0.060414 0.000371 -0.015526
v 0.061314 0.004551 -0.014784
v 0.059793 0.005781 -0.014953
v 0.059577 0.019071 -0.014076
v 0.059741 0.018931 -0.014774
v 0.059828 0.019871 -0.014096
v 0.060410 0.020081 -0.014404
v 0.059915 0.019571 -0.014413
v 0.060429 0.019771 -0.015343
v 0.061387 0.026111 -0.014688
v 0.059695 0.026511 -0.014628
v 0.061144 0.027541 -0.015891
v 0.057449 -0.004819 -0.015344
v 0.056455 -0.004669 -0.016228
v 0.058142 -0.004369 -0.014989
v 0.058053 -0.003849 -0.014779
v 0.057916 -0.002589 -0.014887
v 0.057629 -0.003849 -0.014782
v 0.057677 -0.003439 -0.014742
v 0.057614 -0.002549 -0.014824
v 0.058619 -0.002519 -0.015121
v 0.057159 -0.003519 -0.014988
v 0.057281 -0.002319 -0.014988
v 0.056910 -0.004119 -0.015588
v 0.057025 -0.003839 -0.015888
v 0.057679 -0.001089 -0.014608
v 0.057292 -0.001629 -0.014775
v 0.056706 -0.000529 -0.014719
v 0.056754 -0.000519 -0.015029
v 0.057168 -0.001419 -0.015288
v 0.057003 -0.000269 -0.015850
v 0.057174 0.001581 -0.014203
v 0.058577 0.002561 -0.014441
v 0.056432 0.000281 -0.016187
v 0.057309 0.011491 -0.014271
v 0.057516 0.012271 -0.015696
v 0.056916 0.013631 -0.014719
v 0.056990 0.015531 -0.014065
v 0.057948 0.016431 -0.014481
v 0.057317 0.015361 -0.014781
v 0.057323 0.027101 -0.014509
v 0.058083 0.028011 -0.015362
v 0.056485 -0.005699 -0.016168
v 0.056344 0.000121 -0.014977
v 0.056449 0.000601 -0.014282
v 0.055566 0.001951 -0.014388
v 0.055253 0.001441 -0.014727
v 0.054260 0.002431 -0.014758
v 0.055611 0.000951 -0.015076
v 0.054502 0.001571 -0.015345
v 0.054973 0.001001 -0.015651
v 0.054701 0.028091 -0.014398
v 0.054093 0.027691 -0.014461
v 0.054362 0.029161 -0.014953
v 0.055508 0.029711 -0.015511
v 0.054354 0.030241 -0.015866
v 0.055591 0.030411 -0.016221
v 0.054682 0.030511 -0.016175
v 0.053361 0.002161 -0.016204
v 0.052965 0.004701 -0.014523
v 0.052311 0.004181 -0.015341
v 0.051887 0.020531 -0.015276
v 0.053572 0.024071 -0.014722
v 0.053000 0.023401 -0.015269
v 0.052509 0.023761 -0.016234
v 0.053869 0.024651 -0.014116
v 0.053982 0.025671 -0.014407
v 0.053959 0.026481 -0.014747
v 0.053909 0.025291 -0.015243
v 0.053811 0.026161 -0.015580
v 0.053512 0.024691 -0.015882
v 0.053709 0.025631 -0.015888
v 0.053553 0.026171 -0.016251
v 0.053980 0.027441 -0.014823
v 0.053868 0.026801 -0.015673
v 0.054039 0.029501 -0.015319
v 0.053743 0.029361 -0.015838
v 0.054030 0.030321 -0.016179
v 0.050498 0.005981 -0.015704
v 0.050784 0.011731 -0.014472
v 0.049576 0.012021 -0.015397
v 0.095725 -0.010969 -0.016788
v 0.095421 -0.011029 -0.016733
v 0.095011 -0.010499 -0.016859
v 0.095426 -0.010809 -0.017126
v 0.095810 -0.010409 -0.017418
v 0.095659 -0.009309 -0.017532
v 0.095419 -0.010549 -0.017979
v 0.095118 -0.010569 -0.017928
v 0.095094 -0.010569 -0.018364
v 0.095592 -0.009799 -0.018572
v 0.094747 -0.010079 -0.017404
v 0.094693 -0.010289 -0.018219
v 0.093726 -0.008119 -0.016836
v 0.093032 -0.007579 -0.017196
v 0.090062 -0.014599 -0.017074
v 0.090182 -0.014579 -0.017673
v 0.090334 -0.014929 -0.018603
v 0.090253 -0.013649 -0.016954
v 0.090745 -0.010879 -0.017819
v 0.091645 -0.008249 -0.017766
v 0.091525 -0.005919 -0.017025
v 0.090591 -0.005869 -0.016749
v 0.091680 0.017231 -0.016104
v 0.089772 -0.015069 -0.017430
v 0.088759 -0.015359 -0.018488
v 0.088295 -0.008069 -0.017780
v 0.088173 -0.007149 -0.017706
v 0.088301 -0.007449 -0.018066
v 0.088299 -0.007059 -0.018618
v 0.087671 -0.006169 -0.016594
v 0.088088 -0.006809 -0.017410
v 0.087788 -0.005779 -0.017381
v 0.087920 -0.006459 -0.017688
v 0.088034 -0.006819 -0.017983
v 0.089659 0.006321 -0.017615
v 0.087366 -0.014069 -0.017781
v 0.087114 -0.005349 -0.017926
v 0.087596 -0.006219 -0.017977
v 0.087639 -0.006389 -0.018299
v 0.087325 -0.006219 -0.018288
v 0.087640 -0.006249 -0.018614
v 0.087488 -0.005729 -0.018806
v 0.087292 -0.006159 -0.018596
v 0.086710 -0.001689 -0.016517
v 0.085820 -0.001019 -0.018862
v 0.085367 0.000061 -0.017666
v 0.085538 0.000901 -0.018629
v 0.085579 0.001991 -0.018673
v 0.087449 0.023731 -0.016298
v 0.086115 0.023791 -0.017250
v 0.083121 -0.013949 -0.017005
v 0.083594 -0.012779 -0.017382
v 0.083291 -0.011699 -0.017832
v 0.083224 -0.005519 -0.017843
v 0.083748 -0.004719 -0.018448
v 0.085211 -0.005139 -0.018637
v 0.084354 -0.004809 -0.018661
v 0.083243 -0.003739 -0.016854
v 0.083143 -0.002409 -0.017390
v 0.085077 0.002271 -0.016479
v 0.084619 0.002721 -0.016493
v 0.084315 0.002661 -0.016485
v 0.083768 0.002521 -0.016769
v 0.083452 0.001871 -0.016795
v 0.085019 0.002141 -0.017090
v 0.084318 0.002451 -0.017361
v 0.084337 0.002741 -0.017077
v 0.083759 0.002181 -0.017345
v 0.083475 0.001991 -0.017117
v 0.083737 0.002471 -0.017079
v 0.084641 0.002051 -0.017480
v 0.084305 0.002101 -0.017534
v 0.083523 0.000681 -0.017441
v 0.083763 0.001811 -0.017463
v 0.084633 0.000041 -0.017959
v 0.085224 0.001851 -0.018576
v 0.085219 0.002461 -0.018755
v 0.084964 0.000921 -0.018845
v 0.084632 0.002811 -0.016788
v 0.084307 0.002821 -0.016788
v 0.083898 0.016401 -0.017003
v 0.083885 0.019571 -0.017416
v 0.084116 0.021631 -0.018286
v 0.084360 0.021961 -0.018613
v 0.083685 0.021461 -0.018545
v 0.085139 0.024091 -0.016783
v 0.084575 0.022231 -0.017617
v 0.085220 0.022681 -0.018245
v 0.082525 -0.014059 -0.018288
v 0.081993 -0.013529 -0.016701
v 0.080827 -0.013779 -0.018586
v 0.081269 0.011521 -0.016627
v 0.081842 0.018991 -0.017472
v 0.082294 0.021471 -0.018526
v 0.078631 -0.012989 -0.018060
v 0.080165 0.014671 -0.017579
v 0.079932 0.019391 -0.016917
v 0.079866 0.022331 -0.017724
v 0.079258 0.022451 -0.019079
v 0.076828 -0.011889 -0.017791
v 0.076703 -0.011429 -0.017047
v 0.076939 0.015461 -0.016480
v 0.076708 0.023911 -0.017328
v 0.074974 -0.011349 -0.017595
v 0.073551 0.012251 -0.017160
v 0.075156 0.012441 -0.016581
v 0.074595 0.014441 -0.016480
v 0.073506 0.012681 -0.016473
v 0.073489 0.012591 -0.016784
v 0.074760 0.014621 -0.016984
v 0.074965 0.015971 -0.017296
v 0.074861 0.017801 -0.016583
v 0.075167 0.019261 -0.016998
v 0.075045 0.019091 -0.017693
v 0.075283 0.017331 -0.018346
v 0.075063 0.019871 -0.017304
v 0.074777 0.019211 -0.018515
v 0.073905 0.020211 -0.018050
v 0.072222 -0.012179 -0.018543
v 0.071940 0.007041 -0.017307
v 0.071595 0.005881 -0.018437
v 0.072324 0.007741 -0.018260
v 0.072363 0.011251 -0.016502
v 0.072054 0.010511 -0.016546
v 0.072530 0.011091 -0.016906
v 0.068689 -0.011929 -0.018410
v 0.069859 -0.011209 -0.017460
v 0.070508 -0.004269 -0.018599
v 0.069596 0.004941 -0.016760
v 0.066433 0.023271 -0.017403
v 0.066492 0.027271 -0.017210
v 0.064512 -0.007569 -0.016538
v 0.063636 0.022351 -0.016397
v 0.064551 0.022961 -0.016830
v 0.065539 0.022991 -0.018117
v 0.064222 0.027911 -0.017599
v 0.061896 -0.009979 -0.018031
v 0.061714 -0.010629 -0.018606
v 0.062425 0.002481 -0.018581
v 0.062652 0.004461 -0.016903
v 0.061580 0.003101 -0.018081
v 0.061519 0.003881 -0.018289
v 0.061927 0.003641 -0.018582
v 0.061528 0.004031 -0.018589
v 0.063345 0.022281 -0.018521
v 0.062268 0.028501 -0.016800
v 0.059299 -0.009939 -0.018632
v 0.060085 0.001921 -0.018633
v 0.061227 0.003671 -0.017980
v 0.060995 0.003091 -0.017966
v 0.060925 0.003681 -0.017975
v 0.060716 0.002641 -0.018102
v 0.060597 0.003341 -0.018019
v 0.060617 0.003681 -0.018106
v 0.061217 0.004041 -0.018295
v 0.060914 0.004031 -0.018291
v 0.060225 0.003341 -0.018314
v 0.061225 0.004141 -0.018600
v 0.060925 0.004141 -0.018589
v 0.060616 0.004021 -0.018583
v 0.060211 0.003661 -0.018582
v 0.061256 0.006531 -0.017541
v 0.060080 0.009161 -0.016889
v 0.059639 0.010271 -0.017191
v 0.060675 0.019771 -0.017968
v 0.059017 0.028871 -0.017145
v 0.059794 0.028961 -0.017514
v 0.061311 0.028741 -0.018335
v 0.059169 0.029091 -0.018604
v 0.059579 0.029221 -0.017959
v 0.057184 -0.003279 -0.017071
v 0.057482 -0.002309 -0.017342
v 0.057004 -0.002649 -0.017736
v 0.056679 -0.002369 -0.017939
v 0.057768 -0.002069 -0.016486
v 0.057757 -0.001389 -0.016419
v 0.057692 -0.001389 -0.016775
v 0.056973 -0.001139 -0.017080
v 0.057286 -0.002009 -0.017560
v 0.056748 -0.001989 -0.017818
v 0.058748 0.011671 -0.018448
v 0.058782 0.016781 -0.016844
v 0.058193 0.015511 -0.017733
v 0.057149 0.029931 -0.016417
v 0.056965 0.030311 -0.016778
v 0.057694 0.030041 -0.017110
v 0.056951 0.030371 -0.017121
v 0.057358 0.030041 -0.017777
v 0.058812 0.029421 -0.017936
v 0.055263 -0.007259 -0.017635
v 0.054107 -0.007089 -0.018411
v 0.055214 -0.005239 -0.017384
v 0.055236 -0.004699 -0.017784
v 0.054932 -0.004979 -0.017904
v 0.054465 -0.006199 -0.017687
v 0.054541 -0.005319 -0.018313
v 0.054157 -0.006199 -0.018428
v 0.055835 -0.004029 -0.017841
v 0.055494 -0.002229 -0.017818
v 0.055560 -0.002919 -0.018020
v 0.055205 -0.004169 -0.018087
v 0.055034 -0.002299 -0.018272
v 0.054952 -0.003819 -0.018321
v 0.054940 -0.002919 -0.018350
v 0.054654 -0.004439 -0.018413
v 0.055825 -0.000309 -0.016741
v 0.054701 -0.000359 -0.016844
v 0.056387 -0.001979 -0.017815
v 0.054796 -0.001279 -0.017670
v 0.055079 -0.001939 -0.017963
v 0.054598 -0.000879 -0.018217
v 0.054659 -0.001809 -0.018670
v 0.054949 0.030641 -0.016488
v 0.054343 0.030631 -0.016480
v 0.056045 0.030541 -0.016781
v 0.054629 0.030671 -0.016967
v 0.054672 0.030701 -0.016785
v 0.054348 0.030641 -0.016805
v 0.055051 0.030611 -0.017114
v 0.054612 0.030441 -0.017375
v 0.055113 0.030091 -0.017952
v 0.054212 0.029651 -0.017721
v 0.054614 0.029861 -0.018090
v 0.054083 0.000431 -0.016718
v 0.053779 0.000771 -0.017122
v 0.053378 0.001821 -0.017099
v 0.053145 0.002181 -0.017062
v 0.053882 0.000721 -0.017676
v 0.053417 0.001851 -0.017653
v 0.053783 0.000951 -0.017986
v 0.053155 0.001661 -0.018301
v 0.052116 0.002281 -0.018351
v 0.052462 0.002911 -0.016853
v 0.053380 0.025571 -0.016480
v 0.053275 0.025901 -0.017089
v 0.052899 0.025301 -0.017172
v 0.051870 0.024001 -0.018637
v 0.053897 0.028291 -0.016490
v 0.053253 0.026861 -0.018474
v 0.053862 0.029751 -0.016510
v 0.054057 0.030361 -0.016798
v 0.049597 0.004241 -0.018605
v 0.048733 0.008391 -0.017912
v 0.095470 -0.010119 -0.018888
v 0.095080 -0.008829 -0.018776
v 0.092515 -0.012289 -0.019686
v 0.093143 -0.012269 -0.020357
v 0.092986 -0.012359 -0.020936
v 0.094825 -0.010639 -0.018888
v 0.094542 -0.010569 -0.018854
v 0.094189 -0.010329 -0.018834
v 0.094246 -0.010669 -0.019176
v 0.094525 -0.010829 -0.019488
v 0.093610 -0.010829 -0.019436
v 0.093274 -0.011229 -0.019617
v 0.094770 -0.009589 -0.019760
v 0.093910 -0.011169 -0.019783
v 0.094584 -0.010719 -0.020088
v 0.094195 -0.011139 -0.020076
v 0.093557 -0.011619 -0.020081
v 0.094194 -0.010719 -0.020523
v 0.093830 -0.010329 -0.020668
v 0.093702 -0.011589 -0.020647
v 0.093287 -0.011349 -0.021094
v 0.092684 -0.006879 -0.019797
v 0.090904 -0.014119 -0.018849
v 0.090811 -0.014639 -0.019456
v 0.091664 -0.014179 -0.020104
v 0.092111 -0.013289 -0.019713
v 0.092224 -0.013649 -0.020094
v 0.092070 -0.013659 -0.020682
v 0.089994 -0.006339 -0.021090
v 0.090632 -0.003489 -0.019392
v 0.089979 -0.015179 -0.018876
v 0.089775 -0.015009 -0.020103
v 0.089041 -0.014839 -0.019992
v 0.089386 -0.014759 -0.020643
v 0.089093 -0.014129 -0.020664
v 0.088642 -0.013469 -0.019364
v 0.088807 -0.008839 -0.020018
v 0.088368 -0.006219 -0.019488
v 0.085610 -0.005809 -0.019163
v 0.085542 -0.005039 -0.019378
v 0.086460 -0.001259 -0.018923
v 0.086877 -0.001419 -0.019488
v 0.085933 0.002361 -0.019226
v 0.086125 0.002051 -0.019788
v 0.085963 0.002481 -0.019788
v 0.085570 0.001531 -0.020409
v 0.085519 0.002831 -0.019194
v 0.085747 0.002761 -0.019489
v 0.085528 0.002821 -0.019771
v 0.086082 0.022061 -0.018792
v 0.083453 -0.014449 -0.021095
v 0.083151 -0.013619 -0.018867
v 0.083043 -0.012219 -0.019488
v 0.083303 -0.013709 -0.020112
v 0.083160 -0.012219 -0.020088
v 0.083425 -0.011919 -0.020538
v 0.082968 -0.012219 -0.020388
v 0.083125 -0.011339 -0.019119
v 0.083221 -0.010719 -0.019188
v 0.083005 -0.011319 -0.019488
v 0.083060 -0.011019 -0.019788
v 0.083725 -0.010719 -0.020438
v 0.083184 -0.011619 -0.020688
v 0.084070 -0.007019 -0.019520
v 0.083263 -0.007719 -0.020088
v 0.085225 -0.005729 -0.018888
v 0.084359 -0.005659 -0.018884
v 0.083835 -0.006299 -0.018919
v 0.084912 -0.005979 -0.019190
v 0.084330 -0.006219 -0.019249
v 0.085026 -0.005929 -0.019488
v 0.084621 -0.006229 -0.019481
v 0.085031 -0.005569 -0.019767
v 0.084683 -0.006219 -0.019811
v 0.084431 -0.006969 -0.020092
v 0.084791 -0.005539 -0.020364
v 0.084681 -0.006539 -0.020676
v 0.084969 -0.003319 -0.019844
v 0.084821 -0.001169 -0.019710
v 0.084689 -0.000879 -0.020064
v 0.084841 0.002111 -0.018900
v 0.084683 0.002131 -0.019203
v 0.084817 0.002471 -0.019193
v 0.084651 0.000951 -0.019231
v 0.084945 0.002701 -0.019489
v 0.084717 0.001961 -0.019794
v 0.085210 0.002851 -0.019194
v 0.085236 0.002921 -0.019488
v 0.085218 0.002801 -0.019788
v 0.083664 0.021741 -0.019162
v 0.084534 0.021801 -0.019801
v 0.084950 0.022041 -0.019131
v 0.082847 -0.014409 -0.020061
v 0.082710 -0.014319 -0.020688
v 0.081646 -0.013979 -0.019446
v 0.080886 -0.012999 -0.019300
v 0.082322 -0.011769 -0.019543
v 0.082794 -0.011919 -0.019788
v 0.081952 -0.013679 -0.019872
v 0.082825 -0.012189 -0.020088
v 0.082190 -0.014019 -0.020088
v 0.082593 -0.013619 -0.020645
v 0.082825 -0.011319 -0.019631
v 0.081548 -0.001119 -0.020688
v 0.082337 0.021751 -0.019136
v 0.082311 0.021521 -0.020313
v 0.078486 -0.012819 -0.019788
v 0.078325 -0.012219 -0.020166
v 0.078107 -0.008619 -0.020088
v 0.080485 -0.002239 -0.019281
v 0.078463 -0.001719 -0.020388
v 0.079250 0.000361 -0.019410
v 0.078686 0.000251 -0.019499
v 0.079867 0.000551 -0.019662
v 0.078636 0.000971 -0.019647
v 0.079226 0.001251 -0.019804
v 0.079819 0.001191 -0.020116
v 0.078644 0.001601 -0.020093
v 0.078339 0.001391 -0.020082
v 0.079217 0.001691 -0.020371
v 0.078648 0.001731 -0.020400
v 0.078341 0.001551 -0.020396
v 0.079835 0.001301 -0.020680
v 0.078972 0.001661 -0.020703
v 0.078624 0.001651 -0.020684
v 0.078196 0.000581 -0.020679
v 0.078263 0.001231 -0.020696
v 0.078924 0.001251 -0.021119
v 0.077125 -0.012709 -0.020388
v 0.077652 -0.012219 -0.020988
v 0.078009 0.000681 -0.020088
v 0.075580 0.015851 -0.020492
v 0.073548 -0.012379 -0.019504
v 0.073784 -0.012479 -0.020376
v 0.073672 -0.012209 -0.020685
v 0.073533 -0.011699 -0.020695
v 0.074467 -0.012729 -0.020980
v 0.074079 -0.012519 -0.021043
v 0.073813 -0.004729 -0.020980
v 0.073854 0.009861 -0.019313
v 0.075245 0.012201 -0.020055
v 0.071701 -0.012259 -0.018900
v 0.070999 -0.012189 -0.018892
v 0.072368 -0.012269 -0.019239
v 0.071643 -0.012079 -0.019209
v 0.072966 -0.012159 -0.019784
v 0.072914 -0.011909 -0.019969
v 0.071706 -0.011169 -0.019438
v 0.073219 -0.010529 -0.020348
v 0.072275 -0.003809 -0.019125
v 0.072788 -0.002449 -0.019870
v 0.072970 -0.002309 -0.020690
v 0.071924 0.000021 -0.020085
v 0.071207 0.000221 -0.019317
v 0.071349 0.001221 -0.019511
v 0.071270 0.001601 -0.019494
v 0.071238 0.001861 -0.019799
v 0.071577 0.001251 -0.020080
v 0.071125 0.001661 -0.020391
v 0.071773 0.000141 -0.021013
v 0.070225 -0.011919 -0.019354
v 0.069706 -0.012069 -0.019164
v 0.068732 -0.012089 -0.019486
v 0.069107 -0.011919 -0.019788
v 0.070543 -0.011569 -0.019465
v 0.070150 -0.009909 -0.019299
v 0.069323 -0.011309 -0.019909
v 0.068882 -0.000829 -0.019835
v 0.070830 0.001501 -0.019116
v 0.070798 0.001871 -0.019167
v 0.070326 0.000181 -0.019060
v 0.070228 0.001521 -0.018980
v 0.069635 0.000111 -0.019150
v 0.070235 0.002151 -0.019209
v 0.069670 0.001501 -0.019229
v 0.070815 0.002181 -0.019488
v 0.070258 0.002311 -0.019501
v 0.069930 0.002141 -0.019502
v 0.070802 0.002201 -0.019799
v 0.070234 0.002181 -0.019834
v 0.069932 0.001991 -0.019857
v 0.069487 0.001321 -0.019888
v 0.070546 0.002011 -0.020152
v 0.070811 0.001511 -0.020687
v 0.067212 -0.012169 -0.019801
v 0.067688 -0.012179 -0.020413
v 0.068437 -0.011629 -0.020463
v 0.068415 -0.011279 -0.020526
v 0.068319 -0.010209 -0.020336
v 0.067906 -0.011579 -0.021003
v 0.067900 -0.010619 -0.020964
v 0.067403 -0.007129 -0.020913
v 0.068556 -0.005079 -0.019157
v 0.064671 -0.011579 -0.018834
v 0.064755 -0.011939 -0.019525
v 0.064555 -0.011959 -0.020398
v 0.064331 -0.011589 -0.020472
v 0.064208 -0.010179 -0.020780
v 0.064354 -0.003219 -0.020088
v 0.064203 0.007421 -0.020878
v 0.063854 0.022051 -0.020352
v 0.065582 0.022031 -0.020573
v 0.063195 -0.011249 -0.018875
v 0.061540 -0.010689 -0.018907
v 0.063671 -0.011559 -0.019234
v 0.062693 -0.011049 -0.019211
v 0.061497 -0.010549 -0.019200
v 0.062810 -0.010379 -0.019741
v 0.061642 -0.010079 -0.019502
v 0.063524 -0.011309 -0.019798
v 0.063639 -0.010989 -0.020085
v 0.061802 -0.008559 -0.019739
v 0.062993 -0.008729 -0.019905
v 0.063667 -0.008809 -0.020334
v 0.062757 -0.005579 -0.019570
v 0.063297 0.000911 -0.020111
v 0.062706 0.001631 -0.020689
v 0.061781 0.002431 -0.020720
v 0.062229 0.003281 -0.018944
v 0.061822 0.003811 -0.018917
v 0.061503 0.004031 -0.018890
v 0.061494 0.003721 -0.019504
v 0.062144 0.003081 -0.019792
v 0.062369 0.009211 -0.020297
v 0.062138 0.020981 -0.019838
v 0.060119 -0.010339 -0.018891
v 0.060372 -0.010389 -0.019189
v 0.059676 -0.010289 -0.019250
v 0.060652 -0.010159 -0.019475
v 0.060400 -0.009719 -0.019700
v 0.060025 -0.010219 -0.019488
v 0.059725 -0.009669 -0.019947
v 0.059425 -0.010119 -0.019853
v 0.060582 -0.006769 -0.020171
v 0.059081 -0.002119 -0.020658
v 0.060070 -0.000329 -0.019180
v 0.059492 0.001711 -0.019824
v 0.059657 0.001751 -0.020680
v 0.060952 0.004101 -0.018907
v 0.060621 0.004021 -0.018907
v 0.060167 0.003671 -0.018899
v 0.059879 0.003061 -0.018890
v 0.059950 0.003271 -0.019255
v 0.060658 0.003781 -0.019476
v 0.060316 0.003581 -0.019505
v 0.060633 0.003011 -0.020305
v 0.058091 -0.010139 -0.020178
v 0.058789 -0.010019 -0.020624
v 0.054609 -0.008389 -0.019234
v 0.054289 -0.004349 -0.018860
v 0.054007 0.028261 -0.019430
v 0.054320 0.028521 -0.019699
v 0.054641 0.028461 -0.020065
v 0.054294 0.028121 -0.020410
v 0.053103 -0.007379 -0.020553
v 0.052978 -0.005669 -0.020256
v 0.052563 -0.006109 -0.020570
v 0.052586 0.023891 -0.021175
v 0.052560 0.026641 -0.019971
v 0.052370 0.026081 -0.020401
v 0.052531 0.025841 -0.021021
v 0.053704 0.027761 -0.019742
v 0.053965 0.028031 -0.020100
v 0.053206 0.027361 -0.020039
v 0.052608 0.026751 -0.020697
v 0.052876 0.027111 -0.020659
v 0.053465 0.027471 -0.020991
v 0.051411 -0.000389 -0.020723
v 0.048652 0.009491 -0.018752
v 0.048749 0.008171 -0.019638
v 0.049232 0.011541 -0.019880
v 0.092262 -0.012599 -0.021334
v 0.090614 -0.012469 -0.022320
v 0.090324 -0.013379 -0.022245
v 0.091594 -0.011109 -0.021613
v 0.090320 -0.010619 -0.022231
v 0.089428 -0.014329 -0.021677
v 0.089133 -0.014069 -0.021559
v 0.089878 -0.014169 -0.021795
v 0.089417 -0.014069 -0.022182
v 0.088980 -0.013399 -0.021556
v 0.089131 -0.014009 -0.022033
v 0.088941 -0.013679 -0.021910
v 0.088883 -0.013709 -0.022234
v 0.088529 -0.012499 -0.022191
v 0.089404 -0.013719 -0.022704
v 0.089125 -0.013889 -0.022488
v 0.088481 -0.013149 -0.022475
v 0.088825 -0.013719 -0.022928
v 0.088504 -0.013549 -0.022789
v 0.087938 -0.013009 -0.022955
v 0.089426 -0.013109 -0.023290
v 0.089110 -0.011899 -0.023579
v 0.087959 -0.013549 -0.023361
v 0.087931 -0.008339 -0.021992
v 0.086124 -0.013099 -0.023289
v 0.085479 -0.013799 -0.023115
v 0.087512 -0.013409 -0.023393
v 0.087008 -0.012879 -0.023316
v 0.085531 -0.006249 -0.021804
v 0.085945 0.013921 -0.022636
v 0.086886 0.015941 -0.021554
v 0.085877 0.016281 -0.023340
v 0.085429 0.018601 -0.022793
v 0.083363 -0.014619 -0.021588
v 0.084074 -0.014209 -0.021803
v 0.083120 -0.014379 -0.022002
v 0.084032 -0.014899 -0.022801
v 0.084896 -0.014579 -0.023048
v 0.084349 -0.013289 -0.021878
v 0.083019 -0.013869 -0.022024
v 0.083076 -0.007119 -0.021288
v 0.082991 -0.007789 -0.021832
v 0.082810 -0.007469 -0.023010
v 0.085098 -0.004089 -0.021130
v 0.085095 0.012011 -0.023114
v 0.085098 0.014081 -0.023694
v 0.083395 0.020391 -0.022957
v 0.080725 -0.005989 -0.022488
v 0.082181 -0.006519 -0.022788
v 0.078325 -0.007119 -0.021845
v 0.078459 -0.006519 -0.021588
v 0.078986 -0.005929 -0.021892
v 0.078925 -0.006699 -0.022188
v 0.080425 -0.005379 -0.022788
v 0.078625 -0.006519 -0.023180
v 0.079853 -0.000609 -0.023441
v 0.079908 0.000311 -0.021327
v 0.078925 0.000381 -0.021375
v 0.076601 -0.012999 -0.021196
v 0.077116 -0.013039 -0.021519
v 0.076813 -0.013549 -0.022246
v 0.076812 -0.013809 -0.023439
v 0.077320 -0.009219 -0.023388
v 0.074010 -0.012199 -0.021279
v 0.075091 -0.013009 -0.021601
v 0.074785 -0.012989 -0.021974
v 0.075678 -0.013579 -0.022480
v 0.074658 -0.012509 -0.022455
v 0.074039 -0.011529 -0.021369
v 0.074616 -0.007909 -0.021357
v 0.073576 -0.004569 -0.021641
v 0.074710 -0.006489 -0.022398
v 0.074307 -0.006089 -0.022561
v 0.074352 -0.006049 -0.023140
v 0.075164 -0.006689 -0.023442
v 0.073825 -0.005619 -0.023498
v 0.071973 -0.003209 -0.022491
v 0.072025 -0.004409 -0.023088
v 0.071117 -0.001149 -0.022264
v 0.071103 0.000651 -0.021331
v 0.072931 0.006071 -0.021990
v 0.068847 -0.004659 -0.023054
v 0.069936 -0.004739 -0.023519
v 0.069090 -0.003719 -0.022691
v 0.070300 -0.004229 -0.023287
v 0.070198 0.000251 -0.021487
v 0.069731 0.003691 -0.022624
v 0.067059 -0.012169 -0.021599
v 0.066866 -0.011919 -0.023388
v 0.067588 -0.010389 -0.021603
v 0.067360 -0.011559 -0.021953
v 0.068425 -0.005249 -0.023388
v 0.067810 -0.005899 -0.023281
v 0.068223 -0.004199 -0.022119
v 0.065892 0.004141 -0.021508
v 0.068126 0.003451 -0.021952
v 0.066072 -0.012499 -0.021487
v 0.065471 -0.011739 -0.021871
v 0.065946 -0.012309 -0.022133
v 0.065728 -0.009499 -0.023419
v 0.064943 -0.008899 -0.021904
v 0.065466 -0.006959 -0.022467
v 0.065650 -0.008229 -0.023198
v 0.064866 -0.004699 -0.022065
v 0.065096 -0.005589 -0.022591
v 0.064472 -0.004409 -0.022510
v 0.065399 -0.005919 -0.023088
v 0.064525 -0.005079 -0.023388
v 0.063892 -0.004849 -0.023364
v 0.062725 -0.004689 -0.023410
v 0.063375 -0.003819 -0.022818
v 0.063454 -0.000479 -0.021350
v 0.062404 0.000581 -0.021508
v 0.063320 0.010091 -0.023446
v 0.059140 -0.006989 -0.021501
v 0.059181 -0.002109 -0.022163
v 0.059894 -0.002599 -0.022668
v 0.059427 -0.003259 -0.022957
v 0.061101 -0.004089 -0.023368
v 0.060295 -0.003899 -0.023412
v 0.059441 -0.003719 -0.023403
v 0.059103 -0.003739 -0.023394
v 0.060201 0.000781 -0.021647
v 0.059568 0.012981 -0.023388
v 0.059789 0.027201 -0.021467
v 0.058782 -0.004719 -0.021399
v 0.058051 -0.004969 -0.023313
v 0.058864 -0.002389 -0.021796
v 0.058773 -0.003199 -0.022481
v 0.058349 -0.004039 -0.022448
v 0.058691 -0.003569 -0.022815
v 0.058573 -0.003959 -0.023362
v 0.058191 -0.004399 -0.023388
v 0.055587 -0.009239 -0.021634
v 0.054444 0.027351 -0.021689
v 0.055670 0.027281 -0.022013
v 0.052204 -0.006069 -0.021754
v 0.053513 0.023901 -0.022850
v 0.052685 0.026461 -0.021276
v 0.052928 0.026081 -0.021854
v 0.053206 0.026441 -0.022061
v 0.053802 0.025481 -0.023075
v 0.052864 0.026791 -0.021311
v 0.053515 0.026881 -0.021925
v 0.051744 -0.003479 -0.021438
v 0.051090 -0.002419 -0.021839
v 0.051050 -0.003259 -0.022558
v 0.050289 0.001071 -0.021682
v 0.088559 -0.013029 -0.023863
v 0.088279 -0.013509 -0.023636
v 0.087727 -0.013429 -0.023977
v 0.085450 -0.014389 -0.023688
v 0.087617 -0.013579 -0.023687
v 0.087025 -0.013629 -0.023688
v 0.086425 -0.013869 -0.023688
v 0.087025 -0.013659 -0.023988
v 0.086607 -0.013409 -0.024507
v 0.086088 -0.014019 -0.024288
v 0.086431 -0.012509 -0.024969
v 0.085745 0.015081 -0.023627
v 0.085539 0.015541 -0.024429
v 0.085398 0.014721 -0.024392
v 0.083428 -0.014739 -0.023599
v 0.083751 -0.014399 -0.025067
v 0.082936 -0.013799 -0.024480
v 0.083519 0.004591 -0.024660
v 0.083407 0.009431 -0.024644
v 0.083301 0.011501 -0.024516
v 0.084824 0.014151 -0.024408
v 0.083076 0.013001 -0.024894
v 0.084621 0.013991 -0.025208
v 0.083220 0.013401 -0.025417
v 0.081737 -0.012189 -0.025785
v 0.082252 -0.005709 -0.023674
v 0.082428 -0.006839 -0.024245
v 0.080773 -0.001059 -0.023680
v 0.081341 -0.002089 -0.024260
v 0.081062 -0.002019 -0.024845
v 0.081948 0.010881 -0.025792
v 0.082990 0.012431 -0.024690
v 0.082008 0.012421 -0.025248
v 0.082490 0.013171 -0.025508
v 0.081146 0.012351 -0.025734
v 0.081357 0.013241 -0.025799
v 0.078310 -0.013289 -0.025686
v 0.080434 -0.002499 -0.025483
v 0.078630 -0.003669 -0.025855
v 0.078719 -0.001319 -0.023999
v 0.078347 -0.002279 -0.024626
v 0.078578 -0.000079 -0.024611
v 0.080090 0.000311 -0.023694
v 0.079816 0.000651 -0.023772
v 0.079244 0.000611 -0.023939
v 0.080189 0.000571 -0.023990
v 0.079815 0.000951 -0.024002
v 0.079500 0.000971 -0.024000
v 0.080273 0.000541 -0.024324
v 0.079831 0.001101 -0.024289
v 0.079524 0.001201 -0.024289
v 0.079223 0.001111 -0.024287
v 0.078871 0.000611 -0.024287
v 0.079822 0.001041 -0.024592
v 0.079525 0.001231 -0.024590
v 0.079236 0.001231 -0.024577
v 0.078935 0.000991 -0.024589
v 0.079917 0.000521 -0.024889
v 0.079570 0.000541 -0.025128
v 0.079528 0.000961 -0.024950
v 0.079221 0.001091 -0.024873
v 0.078788 0.000521 -0.024915
v 0.079247 0.000401 -0.025216
v 0.076261 -0.014019 -0.023690
v 0.076825 -0.014109 -0.024578
v 0.076518 -0.014209 -0.025536
v 0.077404 -0.012869 -0.024073
v 0.077125 -0.013719 -0.024176
v 0.075900 -0.013939 -0.023956
v 0.075930 -0.013939 -0.025295
v 0.077415 -0.013989 -0.025873
v 0.077568 -0.009409 -0.025106
v 0.078066 -0.010579 -0.025678
v 0.077679 -0.007329 -0.024281
v 0.076088 -0.007939 -0.025116
v 0.078086 -0.008169 -0.025806
v 0.077996 -0.004989 -0.025182
v 0.075576 -0.013529 -0.024016
v 0.075370 -0.011749 -0.024233
v 0.074729 -0.005509 -0.023761
v 0.074725 -0.002319 -0.024961
v 0.075586 -0.004209 -0.025196
v 0.074725 -0.000519 -0.025153
v 0.075255 0.000091 -0.025478
v 0.075429 -0.000929 -0.025713
v 0.074713 0.001241 -0.024731
v 0.074714 0.001861 -0.024861
v 0.074378 0.000831 -0.024760
v 0.074131 0.001471 -0.024826
v 0.075018 0.000931 -0.024990
v 0.074972 0.001551 -0.024907
v 0.075246 0.001221 -0.025228
v 0.075036 0.001841 -0.025207
v 0.074725 0.002131 -0.025221
v 0.074400 0.002171 -0.025214
v 0.073619 0.001451 -0.025533
v 0.075347 0.001241 -0.025825
v 0.075008 0.001851 -0.025790
v 0.074457 0.002131 -0.025830
v 0.074107 0.002061 -0.025804
v 0.073589 0.007381 -0.025159
v 0.075409 0.012141 -0.024145
v 0.074832 0.009931 -0.024399
v 0.072025 -0.004759 -0.023688
v 0.071725 -0.004719 -0.023958
v 0.071125 -0.004609 -0.023688
v 0.071120 -0.004849 -0.024014
v 0.072325 -0.004559 -0.024288
v 0.071125 -0.005219 -0.024888
v 0.073225 -0.002619 -0.025055
v 0.072638 -0.003209 -0.025613
v 0.072065 -0.004419 -0.025488
v 0.073087 -0.001719 -0.025488
v 0.071393 0.004881 -0.024708
v 0.071269 0.006031 -0.025812
v 0.069625 -0.004949 -0.023688
v 0.070418 -0.005019 -0.023988
v 0.069911 -0.004899 -0.024308
v 0.068725 -0.004719 -0.024356
v 0.070556 -0.004989 -0.024969
v 0.069615 -0.004109 -0.024716
v 0.070318 -0.004209 -0.025312
v 0.069292 -0.002359 -0.025176
v 0.069608 -0.000029 -0.026090
v 0.068806 0.003811 -0.023710
v 0.069823 0.006381 -0.025651
v 0.070807 0.016791 -0.026101
v 0.070487 0.017831 -0.025091
v 0.066953 -0.012039 -0.024385
v 0.066644 -0.012119 -0.024569
v 0.067520 -0.012179 -0.025700
v 0.066987 -0.012429 -0.025564
v 0.066632 -0.012209 -0.025436
v 0.066526 -0.011789 -0.025816
v 0.067516 -0.010299 -0.023599
v 0.066262 -0.011619 -0.023688
v 0.067424 -0.011619 -0.024888
v 0.067577 -0.007739 -0.024547
v 0.066143 -0.008909 -0.025806
v 0.067613 -0.006539 -0.023662
v 0.066017 -0.006659 -0.023706
v 0.067941 -0.005939 -0.023965
v 0.067525 -0.006519 -0.025047
v 0.066614 -0.005779 -0.024880
v 0.067225 -0.004719 -0.025851
v 0.068163 -0.002999 -0.024907
v 0.066610 -0.003469 -0.025165
v 0.068466 -0.001119 -0.025460
v 0.068167 -0.000669 -0.025817
v 0.067670 -0.002199 -0.025553
v 0.067379 0.005361 -0.023492
v 0.067294 0.006361 -0.024017
v 0.065991 -0.005259 -0.023943
v 0.065100 -0.004749 -0.023917
v 0.063925 -0.004969 -0.023688
v 0.064224 -0.004749 -0.024006
v 0.064822 -0.004079 -0.024285
v 0.065959 -0.004059 -0.024340
v 0.065361 -0.002479 -0.024497
v 0.065972 -0.002429 -0.024673
v 0.064491 -0.002819 -0.024645
v 0.064525 -0.000619 -0.024489
v 0.064206 0.000241 -0.024477
v 0.063974 -0.000469 -0.024905
v 0.063642 -0.002219 -0.025533
v 0.065127 0.000781 -0.024539
v 0.064534 0.000421 -0.024381
v 0.065481 0.001191 -0.024848
v 0.065799 0.001221 -0.025503
v 0.063950 0.002931 -0.024007
v 0.064305 0.002601 -0.024096
v 0.064245 0.003331 -0.024136
v 0.063915 0.003441 -0.024013
v 0.063926 0.003891 -0.024306
v 0.064587 0.003441 -0.024626
v 0.064227 0.003901 -0.024594
v 0.064548 0.003611 -0.024935
v 0.064226 0.003931 -0.024902
v 0.063935 0.004011 -0.024878
v 0.064222 0.003661 -0.025464
v 0.064842 0.002981 -0.025793
v 0.064573 0.011571 -0.025077
v 0.064631 0.019521 -0.024682
v 0.063279 -0.004989 -0.023707
v 0.063571 -0.004929 -0.024024
v 0.061822 -0.004929 -0.023966
v 0.062456 -0.005109 -0.024279
v 0.061803 -0.004839 -0.024625
v 0.062483 -0.004739 -0.024894
v 0.063646 -0.004329 -0.024554
v 0.062917 -0.003809 -0.025432
v 0.062684 -0.003809 -0.025754
v 0.062132 -0.004239 -0.025764
v 0.062125 -0.004109 -0.026097
v 0.061778 -0.004139 -0.025724
v 0.063645 0.002401 -0.024221
v 0.063639 0.003341 -0.024070
v 0.063627 0.003671 -0.024173
v 0.063393 0.003351 -0.024296
v 0.063637 0.003951 -0.024563
v 0.063290 0.002841 -0.024659
v 0.063350 0.003661 -0.024595
v 0.063265 0.003171 -0.025021
v 0.063633 0.003791 -0.025158
v 0.063661 0.003291 -0.025688
v 0.062517 0.014271 -0.025598
v 0.062820 0.018091 -0.025471
v 0.060919 -0.004309 -0.023688
v 0.059747 -0.003849 -0.023689
v 0.059424 -0.003789 -0.023699
v 0.059082 -0.003819 -0.023678
v 0.060379 -0.004009 -0.024003
v 0.059716 -0.003699 -0.023982
v 0.059132 -0.003679 -0.023987
v 0.059741 -0.003219 -0.024396
v 0.059115 -0.003229 -0.024403
v 0.060900 -0.003739 -0.024851
v 0.059405 -0.002289 -0.024834
v 0.061136 -0.003129 -0.025887
v 0.060046 -0.002099 -0.024935
v 0.060020 -0.000929 -0.025138
v 0.060011 -0.000089 -0.025165
v 0.059437 -0.001059 -0.025101
v 0.060611 -0.002009 -0.025431
v 0.060447 -0.000719 -0.025469
v 0.060025 0.002381 -0.024950
v 0.059203 0.000771 -0.025269
v 0.059008 0.001691 -0.025510
v 0.060591 0.002541 -0.025134
v 0.060339 0.003071 -0.024905
v 0.060605 0.003381 -0.025071
v 0.060313 0.003441 -0.024911
v 0.059975 0.003271 -0.024915
v 0.060016 0.003671 -0.025031
v 0.060324 0.003861 -0.025207
v 0.059574 0.003261 -0.025206
v 0.060875 0.003201 -0.025522
v 0.060619 0.003831 -0.025494
v 0.060022 0.003971 -0.025512
v 0.059408 0.003251 -0.025523
v 0.059628 0.003661 -0.025504
v 0.060892 0.003301 -0.025832
v 0.060787 0.003661 -0.025779
v 0.060612 0.003851 -0.025799
v 0.060325 0.004011 -0.025771
v 0.061225 0.015081 -0.025594
v 0.060974 0.017811 -0.023284
v 0.057725 -0.009359 -0.024262
v 0.057086 -0.009789 -0.024196
v 0.056520 -0.009359 -0.025152
v 0.057343 -0.009539 -0.025543
v 0.058182 -0.007259 -0.024177
v 0.058002 -0.005599 -0.023606
v 0.057911 -0.004979 -0.024076
v 0.058551 -0.004009 -0.023689
v 0.058553 -0.003869 -0.024019
v 0.058093 -0.004339 -0.024030
v 0.058551 -0.003219 -0.024697
v 0.058804 -0.002359 -0.025043
v 0.058084 -0.003179 -0.025456
v 0.058835 -0.001369 -0.025296
v 0.058272 -0.001629 -0.025781
v 0.057677 0.025731 -0.024919
v 0.056808 0.024821 -0.025570
v 0.054357 0.024111 -0.023901
v 0.055651 0.025811 -0.024338
v 0.053024 0.018661 -0.024376
v 0.050514 0.006161 -0.024898
v 0.083382 -0.012979 -0.026548
v 0.083025 -0.013669 -0.026367
v 0.083684 -0.010079 -0.026463
v 0.083503 0.013491 -0.026081
v 0.084921 0.014641 -0.026422
v 0.084625 0.013921 -0.026403
v 0.083093 0.013581 -0.027221
v 0.084036 0.013891 -0.027723
v 0.083709 0.013671 -0.027568
v 0.084211 0.014521 -0.028020
v 0.083043 0.013561 -0.027844
v 0.083409 0.013491 -0.028237
v 0.081922 -0.013419 -0.026047
v 0.081634 -0.013379 -0.026260
v 0.080923 -0.013029 -0.026246
v 0.082082 -0.013729 -0.026292
v 0.081629 -0.013529 -0.026391
v 0.081327 -0.013399 -0.026387
v 0.080925 -0.013429 -0.026467
v 0.081668 -0.013649 -0.026665
v 0.081323 -0.013609 -0.026689
v 0.081001 -0.013609 -0.026680
v 0.081195 -0.013539 -0.027043
v 0.081025 -0.013629 -0.026988
v 0.081223 0.006871 -0.028304
v 0.082126 0.008821 -0.026318
v 0.081376 0.009301 -0.027845
v 0.081298 0.011291 -0.026425
v 0.081091 0.011501 -0.026730
v 0.081481 0.010271 -0.026953
v 0.080919 0.011761 -0.027262
v 0.081101 0.010911 -0.027515
v 0.080918 0.011961 -0.027908
v 0.082783 0.013451 -0.026113
v 0.081669 0.013571 -0.026100
v 0.080807 0.012341 -0.026098
v 0.080761 0.013031 -0.026097
v 0.081045 0.013651 -0.026396
v 0.080690 0.012331 -0.026460
v 0.080585 0.012961 -0.026391
v 0.080730 0.013361 -0.026400
v 0.080796 0.013571 -0.026689
v 0.080576 0.012941 -0.026731
v 0.080619 0.013281 -0.026696
v 0.081695 0.013901 -0.026965
v 0.080811 0.013561 -0.026986
v 0.081040 0.013771 -0.026981
v 0.080750 0.013211 -0.027229
v 0.081414 0.013741 -0.027369
v 0.080968 0.013521 -0.027318
v 0.079247 -0.013279 -0.026150
v 0.078325 -0.013879 -0.026088
v 0.079825 -0.013829 -0.026688
v 0.079525 -0.013929 -0.026988
v 0.079033 -0.010459 -0.026106
v 0.079003 -0.006239 -0.026171
v 0.079333 -0.003759 -0.026046
v 0.078110 -0.013899 -0.026454
v 0.076263 -0.013579 -0.027270
v 0.075929 -0.013519 -0.027190
v 0.075898 -0.013359 -0.027902
v 0.077311 -0.013289 -0.028035
v 0.075921 -0.007339 -0.027533
v 0.076021 -0.005559 -0.027455
v 0.075638 -0.013239 -0.026945
v 0.075448 -0.012749 -0.026904
v 0.075453 -0.013119 -0.027584
v 0.075057 -0.012799 -0.027883
v 0.074778 -0.011979 -0.027906
v 0.074451 -0.012519 -0.028381
v 0.075540 -0.010369 -0.026641
v 0.074484 -0.010909 -0.028209
v 0.075533 -0.000139 -0.026071
v 0.075069 -0.000289 -0.027883
v 0.074717 0.000051 -0.027955
v 0.073525 -0.000199 -0.027847
v 0.075349 -0.002169 -0.028156
v 0.074134 -0.000249 -0.028178
v 0.074135 0.001771 -0.026441
v 0.073554 0.001211 -0.026455
v 0.075086 0.001281 -0.026648
v 0.075398 0.000181 -0.027003
v 0.074709 0.001281 -0.027026
v 0.075012 0.000661 -0.027363
v 0.074713 0.000691 -0.027552
v 0.074414 0.000981 -0.027386
v 0.074414 0.000631 -0.027659
v 0.073862 0.000581 -0.027540
v 0.073975 0.009531 -0.026572
v 0.074704 0.010871 -0.026298
v 0.073435 0.011201 -0.027164
v 0.074497 0.014411 -0.025725
v 0.074822 0.013021 -0.026169
v 0.074092 0.013601 -0.026941
v 0.074126 0.012481 -0.027203
v 0.073195 0.013071 -0.027223
v 0.073517 0.014781 -0.026676
v 0.072025 -0.005029 -0.026688
v 0.071383 -0.005019 -0.027134
v 0.072403 -0.004619 -0.027570
v 0.071159 -0.004499 -0.027542
v 0.072039 -0.005179 -0.027866
v 0.071733 -0.005259 -0.027867
v 0.071414 -0.005079 -0.027903
v 0.072310 -0.005009 -0.028197
v 0.071001 -0.004669 -0.028213
v 0.072924 -0.000309 -0.026654
v 0.072942 -0.001999 -0.028101
v 0.073217 0.014461 -0.026985
v 0.072936 0.016131 -0.025681
v 0.072613 0.015391 -0.026682
v 0.072277 0.015091 -0.026827
v 0.068633 -0.011939 -0.027657
v 0.068525 -0.009789 -0.026831
v 0.068995 -0.011619 -0.027588
v 0.070332 -0.000189 -0.027005
v 0.069336 0.001541 -0.026863
v 0.068999 0.001401 -0.026753
v 0.069926 0.001251 -0.027257
v 0.069336 0.001961 -0.027294
v 0.069025 0.002001 -0.027277
v 0.068696 0.001671 -0.027214
v 0.069586 0.001851 -0.027597
v 0.069052 0.002101 -0.027588
v 0.068728 0.001841 -0.027570
v 0.069915 0.001171 -0.027861
v 0.069613 0.001681 -0.027902
v 0.069324 0.001961 -0.027879
v 0.069025 0.001951 -0.027894
v 0.068708 0.001371 -0.027932
v 0.069635 0.001101 -0.028242
v 0.069336 0.001041 -0.028384
v 0.069325 0.001571 -0.028212
v 0.069025 0.001081 -0.028298
v 0.070110 0.015761 -0.026320
v 0.066915 -0.012199 -0.026420
v 0.067542 -0.012169 -0.027122
v 0.068393 -0.011949 -0.027899
v 0.067792 -0.011659 -0.028170
v 0.066374 -0.010959 -0.026703
v 0.066610 -0.011329 -0.027578
v 0.066947 -0.011509 -0.027839
v 0.066100 -0.010609 -0.027842
v 0.067493 -0.006759 -0.026106
v 0.066936 -0.004719 -0.026088
v 0.066794 -0.005009 -0.026412
v 0.067892 -0.005599 -0.027824
v 0.066934 -0.004419 -0.026088
v 0.067275 -0.003379 -0.026388
v 0.067225 -0.004419 -0.026646
v 0.066952 -0.004419 -0.026388
v 0.066478 -0.002209 -0.027191
v 0.066437 -0.003379 -0.027829
v 0.067947 -0.000219 -0.027003
v 0.066529 0.015961 -0.026234
v 0.068007 0.016871 -0.026383
v 0.068242 0.017911 -0.025925
v 0.065836 -0.009459 -0.027292
v 0.065698 -0.008059 -0.027399
v 0.065025 -0.009159 -0.028221
v 0.064884 -0.007349 -0.028410
v 0.065995 -0.006119 -0.028106
v 0.063873 -0.000809 -0.027563
v 0.063688 -0.001859 -0.027877
v 0.064729 -0.000849 -0.028221
v 0.065803 0.000981 -0.026408
v 0.064852 0.002371 -0.026452
v 0.063969 0.002111 -0.026681
v 0.064547 0.002041 -0.026838
v 0.065423 0.000301 -0.027494
v 0.064246 0.003031 -0.026154
v 0.065191 0.017781 -0.026361
v 0.065142 0.023151 -0.026615
v 0.061816 -0.004959 -0.028127
v 0.061510 -0.004699 -0.028095
v 0.062117 -0.005369 -0.028343
v 0.062122 -0.004999 -0.028214
v 0.061826 -0.005939 -0.028356
v 0.061511 -0.005519 -0.028315
v 0.061830 -0.004029 -0.026135
v 0.062434 -0.003869 -0.026363
v 0.062125 -0.004039 -0.026388
v 0.062126 -0.004049 -0.026942
v 0.061835 -0.004029 -0.026977
v 0.061526 -0.003789 -0.026963
v 0.062467 -0.003849 -0.027224
v 0.062107 -0.004149 -0.027287
v 0.061798 -0.004109 -0.027288
v 0.062129 -0.004329 -0.027614
v 0.061834 -0.004319 -0.027587
v 0.061520 -0.004089 -0.027596
v 0.062570 -0.004029 -0.027859
v 0.063547 -0.001519 -0.026875
v 0.063664 0.001211 -0.026694
v 0.063758 0.016541 -0.026425
v 0.060310 -0.008309 -0.028189
v 0.059085 -0.006649 -0.026822
v 0.060085 -0.006809 -0.027740
v 0.061255 -0.006679 -0.028187
v 0.061069 -0.003219 -0.027288
v 0.060906 -0.003809 -0.028027
v 0.060350 -0.002489 -0.027980
v 0.060048 -0.004169 -0.028210
v 0.060714 -0.000899 -0.026047
v 0.060750 -0.002069 -0.027254
v 0.060546 -0.000279 -0.027233
v 0.059771 0.000081 -0.027925
v 0.059136 -0.002099 -0.028029
v 0.059149 -0.000449 -0.027924
v 0.059754 -0.002049 -0.028182
v 0.060803 0.001101 -0.026378
v 0.059109 0.002151 -0.026688
v 0.060661 0.001601 -0.026958
v 0.060324 0.001591 -0.027371
v 0.060025 0.002141 -0.027394
v 0.059708 0.002061 -0.027391
v 0.059154 0.001511 -0.027272
v 0.060688 0.003651 -0.026099
v 0.060327 0.003911 -0.026090
v 0.060036 0.003901 -0.026069
v 0.059457 0.003281 -0.026099
v 0.059741 0.003661 -0.026132
v 0.060786 0.002981 -0.026389
v 0.060327 0.003631 -0.026471
v 0.060025 0.003701 -0.026400
v 0.060616 0.003021 -0.026692
v 0.060314 0.003011 -0.026963
v 0.060024 0.003081 -0.026977
v 0.059702 0.002871 -0.026937
v 0.056976 -0.009239 -0.026454
v 0.058582 -0.008589 -0.026989
v 0.057629 -0.008959 -0.027614
v 0.058104 -0.002189 -0.026394
v 0.058490 -0.003919 -0.027146
v 0.058576 -0.001629 -0.027512
v 0.058727 0.001361 -0.026105
v 0.058453 0.000291 -0.026079
v 0.058448 0.000261 -0.026431
v 0.058762 0.000901 -0.026990
v 0.058421 0.023061 -0.027361
v 0.055416 0.020951 -0.026719
v 0.051925 -0.004759 -0.026379
v 0.053786 -0.006399 -0.027762
v 0.051904 -0.003609 -0.027604
v 0.051076 -0.001979 -0.026218
v 0.083706 0.013651 -0.028813
v 0.083312 0.012971 -0.029642
v 0.081258 0.009731 -0.029125
v 0.080953 0.007791 -0.030265
v 0.081355 0.012071 -0.028687
v 0.082758 0.013011 -0.028545
v 0.082403 0.018061 -0.029628
v 0.074945 -0.013079 -0.028470
v 0.074143 -0.012139 -0.028472
v 0.073550 -0.011849 -0.028684
v 0.073857 -0.012489 -0.028805
v 0.074725 -0.013069 -0.029088
v 0.074123 -0.012819 -0.029061
v 0.073296 -0.012529 -0.029388
v 0.076334 -0.011899 -0.029530
v 0.073532 -0.010419 -0.028760
v 0.073702 -0.011249 -0.030366
v 0.075006 -0.006489 -0.028790
v 0.074268 -0.005889 -0.029214
v 0.073807 -0.002379 -0.028923
v 0.074709 -0.002099 -0.028773
v 0.071725 -0.012129 -0.029688
v 0.072288 -0.011539 -0.028882
v 0.071737 -0.007579 -0.029195
v 0.072640 -0.004429 -0.028456
v 0.072050 -0.005509 -0.028476
v 0.071724 -0.005979 -0.028781
v 0.071702 -0.005629 -0.028480
v 0.071123 -0.005319 -0.028475
v 0.072685 -0.004979 -0.028770
v 0.072617 -0.005599 -0.028940
v 0.072057 -0.005859 -0.028785
v 0.071106 -0.005879 -0.028804
v 0.073232 -0.004969 -0.029153
v 0.072868 -0.006169 -0.029151
v 0.073195 -0.003319 -0.028859
v 0.069974 -0.012009 -0.028745
v 0.068935 -0.011949 -0.028784
v 0.070477 -0.011399 -0.028603
v 0.069978 -0.009679 -0.028474
v 0.069986 -0.007059 -0.028909
v 0.070799 -0.005289 -0.028682
v 0.070838 -0.006249 -0.028970
v 0.069966 -0.005569 -0.029031
v 0.068822 -0.004909 -0.028910
v 0.070214 -0.004319 -0.028847
v 0.069337 -0.003539 -0.029035
v 0.069294 -0.002119 -0.028912
v 0.070263 -0.001999 -0.028415
v 0.069635 -0.001949 -0.028861
v 0.066396 -0.010929 -0.028761
v 0.066918 -0.010069 -0.030305
v 0.068476 -0.002739 -0.028641
v 0.065971 -0.002889 -0.028403
v 0.065069 -0.010089 -0.029069
v 0.065419 -0.010269 -0.029428
v 0.063985 -0.007419 -0.028663
v 0.063855 -0.008819 -0.028835
v 0.064943 -0.004359 -0.029019
v 0.064391 0.022041 -0.030242
v 0.063617 -0.009329 -0.029353
v 0.063355 -0.009329 -0.030226
v 0.062484 -0.007349 -0.028523
v 0.062530 -0.008579 -0.028825
v 0.061507 -0.009069 -0.029888
v 0.062444 -0.006389 -0.028598
v 0.062575 -0.004989 -0.028459
v 0.059728 -0.008939 -0.028751
v 0.059299 0.020831 -0.030434
v 0.060113 0.022411 -0.029164
v 0.061272 0.022361 -0.030030
v 0.061003 0.022211 -0.030358
v 0.058034 -0.008299 -0.029921
v 0.057273 -0.006649 -0.030455
v 0.055525 -0.007499 -0.028647
v 0.053403 -0.005429 -0.028481
v 0.053475 0.002361 -0.029299
v 0.082941 0.013921 -0.032411
v 0.082087 0.010491 -0.031038
v 0.082393 0.014511 -0.032899
v 0.077329 -0.002169 -0.031271
v 0.077911 0.002151 -0.033678
v 0.071959 -0.005159 -0.032237
v 0.066590 0.020901 -0.032818
v 0.064108 -0.007299 -0.031531
v 0.064190 0.002091 -0.033204
v 0.062612 0.020871 -0.032493
v 0.063480 0.022181 -0.031190
v 0.060500 0.015271 -0.032719
v 0.058344 0.007321 -0.031868
v 0.082235 0.013731 -0.033646
v 0.076434 0.018091 -0.033855
v 0.068795 -0.002329 -0.033503
v 0.069060 0.000201 -0.035823
v 0.067225 0.021081 -0.035120
v 0.063949 0.020671 -0.033208
v 0.064364 0.020511 -0.033639
v 0.063898 0.020331 -0.033587
v 0.064333 0.020481 -0.034188
v 0.063907 0.020301 -0.034145
v 0.063838 0.020491 -0.034511
v 0.065411 0.021461 -0.035250
v 0.064226 0.021421 -0.035155
v 0.061851 0.008401 -0.033412
v 0.062224 0.016191 -0.034390
v 0.062143 0.017991 -0.033301
v 0.062756 0.018801 -0.033911
v 0.063336 0.020201 -0.033281
v 0.062994 0.019661 -0.033294
v 0.063396 0.019871 -0.033616
v 0.063198 0.019671 -0.034211
v 0.063497 0.020981 -0.035390
v 0.081654 0.011241 -0.035317
v 0.080415 0.011401 -0.036728
v 0.077964 0.012651 -0.037513
v 0.071194 0.000201 -0.037842
v 0.070988 -0.001049 -0.035399
v 0.070233 0.021091 -0.036945
v 0.066440 0.022541 -0.036607
v 0.067560 0.023101 -0.037638
v 0.066541 0.023751 -0.037466
v 0.066221 0.005441 -0.037188
v 0.065032 0.012431 -0.037807
v 0.064628 0.023611 -0.036542
v 0.063722 0.023641 -0.036822
v 0.065496 0.024121 -0.037593
v 0.064225 0.024381 -0.037165
v 0.063384 0.020631 -0.036880
v 0.063472 0.023311 -0.037389
v 0.063625 0.024091 -0.037488
v 0.079430 0.009521 -0.038253
v 0.079098 0.010631 -0.038074
v 0.078262 0.010811 -0.038478
v 0.078767 0.009981 -0.039242
v 0.076543 0.008841 -0.039728
v 0.078020 0.009781 -0.039853
v 0.077698 0.009601 -0.039902
v 0.077123 0.008961 -0.039938
v 0.077408 0.009951 -0.039415
v 0.076213 0.010571 -0.039422
v 0.074704 0.001471 -0.037904
v 0.075668 0.006871 -0.040102
v 0.074504 0.006791 -0.040349
v 0.068959 0.001571 -0.039156
v 0.067512 0.023571 -0.038611
v 0.066371 0.023931 -0.038886
v 0.065648 0.024061 -0.038191
v 0.064537 0.024141 -0.038057
v 0.064923 0.023471 -0.039035
v 0.064521 0.022271 -0.039004
v 0.063703 0.023401 -0.038080
v 0.078115 0.008771 -0.040395
v 0.076248 0.006971 -0.040499
v 0.076714 0.005931 -0.040547
v 0.076834 0.006721 -0.040982
v 0.076495 0.006801 -0.041056
v 0.077799 0.007701 -0.040233
v 0.078075 0.009111 -0.040438
v 0.077725 0.009081 -0.040669
v 0.077667 0.008331 -0.040771
v 0.076825 0.007581 -0.040854
v 0.074792 0.003451 -0.041001
v 0.075412 0.004531 -0.041163
v 0.075025 0.004881 -0.041616
v 0.074652 0.004011 -0.041977
v 0.074552 0.004581 -0.041988
v 0.073991 0.007401 -0.040688
v 0.075626 0.006171 -0.040804
v 0.074742 0.005711 -0.040834
v 0.075696 0.005541 -0.041267
v 0.075640 0.005791 -0.041178
v 0.073624 0.005791 -0.041415
v 0.071768 0.001141 -0.041817
v 0.072588 0.005901 -0.042584
v 0.069037 0.001111 -0.041334
v 0.070206 0.000621 -0.041662
v 0.068035 0.001841 -0.042348
v 0.067926 0.002901 -0.040865
v 0.067067 0.007121 -0.042198
v 0.066328 0.010091 -0.042189
v 0.066309 0.012511 -0.042126
v 0.066920 0.015551 -0.041936
v 0.067504 0.018681 -0.042037
v 0.068070 0.019341 -0.042630
v 0.068653 0.021781 -0.040888
v 0.067525 0.022311 -0.041688
v 0.071226 0.000981 -0.043962
v 0.072926 0.004781 -0.042895
v 0.073225 0.003081 -0.043699
v 0.071331 0.004811 -0.043697
v 0.072162 0.003071 -0.044184
v 0.068985 0.000301 -0.042912
v 0.069658 0.000121 -0.043729
v 0.069879 0.000291 -0.044701
v 0.069626 0.002621 -0.044468
v 0.070639 0.001871 -0.045052
v 0.069914 0.004681 -0.044003
v 0.068699 0.009601 -0.044791
v 0.070396 0.010471 -0.044032
v 0.070557 0.016751 -0.043005
v 0.067563 0.000031 -0.044057
v 0.068155 -0.000209 -0.044350
v 0.068492 -0.000159 -0.044675
v 0.067277 -0.000089 -0.044686
v 0.067839 -0.000169 -0.044978
v 0.068256 0.000701 -0.042895
v 0.067240 0.001891 -0.043504
v 0.067020 0.000741 -0.043930
v 0.067803 0.002511 -0.044358
v 0.067220 0.002051 -0.044144
v 0.066847 0.001261 -0.044118
v 0.068150 0.002471 -0.044449
v 0.067582 0.001901 -0.044606
v 0.068511 0.001891 -0.044866
v 0.066794 0.000391 -0.044682
v 0.066754 0.000681 -0.044988
v 0.067423 0.002761 -0.043103
v 0.067305 0.004111 -0.043119
v 0.067467 0.004331 -0.043520
v 0.068204 0.004271 -0.043927
v 0.067304 0.002791 -0.043794
v 0.067872 0.003341 -0.044166
v 0.067220 0.006331 -0.042915
v 0.067111 0.006801 -0.042901
v 0.067239 0.006481 -0.043240
v 0.067798 0.006341 -0.043723
v 0.066412 0.012021 -0.045021
v 0.066352 0.014261 -0.043173
v 0.066733 0.013931 -0.044097
v 0.066177 0.013881 -0.043788
v 0.067905 0.014021 -0.044225
v 0.066347 0.013231 -0.044292
v 0.068124 0.012471 -0.044688
v 0.067500 0.016851 -0.043134
v 0.068125 0.016881 -0.043669
v 0.067225 0.015981 -0.043759
v 0.067633 0.015401 -0.044046
v 0.066065 0.009291 -0.043431
v 0.065459 0.011461 -0.043738
v 0.065425 0.011181 -0.044688
v 0.065611 0.012731 -0.043759
v 0.065892 0.013251 -0.044120
v 0.065425 0.012381 -0.044733
v 0.070715 0.001281 -0.045288
v 0.069568 0.000671 -0.045527
v 0.069354 0.000991 -0.045662
v 0.069011 0.000681 -0.045722
v 0.068471 0.000041 -0.045263
v 0.067850 -0.000019 -0.045306
v 0.067294 0.000091 -0.045262
v 0.067521 0.001011 -0.045372
v 0.067225 0.000381 -0.045497
v 0.068443 0.000381 -0.045688
v 0.068435 0.000681 -0.045795
v 0.068448 0.001041 -0.045654
v 0.067828 0.000381 -0.045687
v 0.067837 0.000681 -0.045718
v 0.074422 -0.004459 0.003001
v 0.074422 -0.004459 0.003001
v 0.074414 -0.003849 0.003020
v 0.074414 -0.003849 0.003020
v 0.074414 -0.003849 0.003020
v 0.075007 -0.003789 0.002928
v 0.100485 -0.003519 0.000912
v 0.100428 -0.001209 0.000463
v 0.098446 -0.002129 0.001490
v 0.097825 -0.001719 0.001524
v 0.097825 -0.001719 0.001524
v 0.097825 -0.001719 0.001524
v 0.094813 -0.011319 0.001512
v 0.093325 -0.008019 0.001767
v 0.093325 -0.008019 0.001767
v 0.093744 -0.008619 0.001512
v 0.092425 -0.007659 0.001212
v 0.092425 -0.007659 0.001212
v 0.091938 -0.007989 0.001204
v 0.090321 0.000741 0.001769
v 0.090474 0.001611 0.000649
v 0.088825 -0.008919 0.000887
v 0.085759 0.000981 0.001212
v 0.086725 0.002341 0.000612
v 0.078701 -0.000919 0.001440
v 0.075717 -0.004119 0.002412
v 0.075717 -0.004119 0.002412
v 0.075702 -0.004419 0.001812
v 0.075702 -0.004419 0.001812
v 0.075801 -0.003819 0.001812
v 0.075801 -0.003819 0.001812
v 0.075925 -0.004119 0.001359
v 0.075925 -0.004119 0.001359
v 0.075925 -0.004119 0.001359
v 0.075925 -0.003519 0.001416
v 0.075018 -0.005159 0.002112
v 0.074725 -0.005319 0.002113
v 0.074725 -0.005319 0.002113
v 0.074725 -0.005319 0.002113
v 0.074410 -0.005209 0.002130
v 0.074745 -0.005229 0.001824
v 0.074739 -0.004989 0.001517
v 0.074725 -0.004819 0.001212
v 0.074725 -0.004819 0.001212
v 0.073941 -0.004649 0.000550
v 0.075325 -0.004839 0.000612
v 0.073779 -0.004409 0.002425
v 0.074684 -0.002949 0.002106
v 0.074684 -0.002949 0.002106
v 0.074684 -0.002949 0.002106
v 0.073647 -0.004439 0.002060
v 0.073610 -0.003899 0.002113
v 0.073610 -0.003899 0.002113
v 0.075025 -0.003119 0.001512
v 0.075025 -0.003119 0.001512
v 0.074725 -0.003009 0.001512
v 0.074725 -0.003009 0.001512
v 0.074725 -0.003009 0.001512
v 0.074725 -0.002919 0.001358
v 0.074725 -0.002919 0.001358
v 0.074725 -0.002919 0.001358
v 0.074848 -0.002629 0.001372
v 0.073705 -0.004119 0.001521
v 0.073799 -0.003779 0.001545
v 0.073799 -0.003779 0.001545
v 0.074425 -0.002919 0.001144
v 0.074425 -0.002919 0.001144
v 0.073718 -0.004119 0.001212
v 0.073718 -0.004119 0.001212
v 0.073678 -0.003819 0.001212
v 0.073678 -0.003819 0.001212
v 0.073678 -0.003819 0.001212
v 0.073525 -0.004119 0.001022
v 0.073525 -0.004119 0.001022
v 0.073486 -0.003499 0.001056
v 0.071725 -0.003519 0.000670
v 0.100817 -0.014599 0.000001
v 0.100525 -0.014859 0.000012
v 0.100525 -0.014859 0.000012
v 0.100525 -0.014859 0.000012
v 0.101040 -0.014239 -0.000350
v 0.100825 -0.014629 -0.000288
v 0.100825 -0.014629 -0.000288
v 0.100774 -0.013009 0.000255
v 0.100774 -0.013009 0.000255
v 0.101026 -0.014029 0.000009
v 0.101243 -0.013119 -0.001238
v 0.100954 -0.001419 0.000312
v 0.100954 -0.001419 0.000312
v 0.100777 -0.000819 -0.000288
v 0.100777 -0.000819 -0.000288
v 0.100225 -0.000609 -0.000288
v 0.100225 -0.000609 -0.000288
v 0.099025 -0.015349 0.000012
v 0.099067 -0.015209 -0.000278
v 0.098425 -0.015279 -0.000288
v 0.098425 -0.015279 -0.000288
v 0.099201 -0.007119 -0.000588
v 0.096625 -0.014919 -0.000872
v 0.096818 -0.014949 -0.001134
v 0.096325 -0.014619 -0.001566
v 0.096325 -0.014619 -0.001566
v 0.096025 -0.014919 -0.001488
v 0.096025 -0.014919 -0.001488
v 0.096025 -0.014919 -0.001488
v 0.096025 -0.014949 -0.001992
v 0.096025 -0.014949 -0.001992
v 0.096331 0.038771 -0.001072
v 0.093273 -0.013389 -0.001472
v 0.093697 -0.010259 -0.000517
v 0.093379 -0.008019 0.000312
v 0.093379 -0.008019 0.000312
v 0.092725 -0.008619 -0.000262
v 0.092725 -0.008619 -0.000262
v 0.094886 0.041081 -0.000627
v 0.094396 0.042371 -0.000645
v 0.094141 0.044971 -0.000447
v 0.092183 -0.012149 -0.000596
v 0.088190 -0.003569 0.000241
v 0.089725 0.048681 -0.000351
v 0.090025 0.050481 -0.000694
v 0.090025 0.050481 -0.000694
v 0.090025 0.050481 -0.000694
v 0.087642 -0.003219 0.000121
v 0.087625 0.002511 0.000312
v 0.082225 -0.004719 0.000033
v 0.082225 -0.004719 0.000033
v 0.082225 -0.004719 0.000033
v 0.081369 -0.005459 -0.000943
v 0.070525 -0.000519 -0.000888
v 0.070525 -0.000519 -0.000888
v 0.101112 -0.012609 -0.002706
v 0.101112 -0.012609 -0.002706
v 0.101444 -0.011989 -0.004171
v 0.101444 -0.011989 -0.004171
v 0.100825 -0.012529 -0.004188
v 0.098125 -0.000499 -0.002688
v 0.098125 -0.000499 -0.002688
v 0.098125 -0.000499 -0.002688
v 0.098125 -0.000499 -0.002688
v 0.098125 -0.000499 -0.002688
v 0.098125 -0.000499 -0.002688
v 0.098125 -0.000499 -0.002688
v 0.098125 -0.000499 -0.002688
v 0.098125 -0.000499 -0.002688
v 0.098125 -0.000499 -0.002688
v 0.099123 0.033931 -0.002921
v 0.098460 0.036661 -0.002384
v 0.095425 -0.015219 -0.002088
v 0.095425 -0.015219 -0.002088
v 0.095887 -0.014919 -0.002388
v 0.095725 -0.015539 -0.002688
v 0.095725 -0.015539 -0.002688
v 0.095725 -0.015539 -0.002688
v 0.092802 -0.004599 -0.003259
v 0.093111 -0.002359 -0.002146
v 0.093039 -0.001749 -0.002342
v 0.093039 -0.001749 -0.002342
v 0.093039 -0.001749 -0.002342
v 0.093341 -0.001539 -0.002701
v 0.093341 -0.001539 -0.002701
v 0.092867 -0.001759 -0.002686
v 0.093926 -0.001999 -0.002995
v 0.093047 -0.001729 -0.002995
v 0.093047 -0.001729 -0.002995
v 0.093653 -0.002149 -0.003361
v 0.089231 0.051601 -0.003511
v 0.068583 -0.003539 -0.003042
v 0.102315 0.022011 -0.005674
v 0.101366 -0.012219 -0.005097
v 0.100825 -0.012819 -0.005361
v 0.100825 -0.012819 -0.005361
v 0.100100 -0.012399 -0.005021
v 0.100128 -0.012989 -0.005722
v 0.101254 -0.012619 -0.006038
v 0.101725 0.023781 -0.005144
v 0.101725 0.023781 -0.005144
v 0.101745 0.022741 -0.005397
v 0.101425 0.024981 -0.005052
v 0.101425 0.024981 -0.005052
v 0.101028 0.026251 -0.005091
v 0.100302 0.029681 -0.004542
v 0.100096 0.030991 -0.004418
v 0.101113 0.032331 -0.006053
v 0.101113 0.032331 -0.006053
v 0.100175 0.034811 -0.005718
v 0.097528 -0.015499 -0.006484
v 0.096121 -0.015219 -0.004488
v 0.095725 -0.015639 -0.004488
v 0.097045 -0.015499 -0.005967
v 0.097225 -0.015949 -0.006588
v 0.094562 -0.005369 -0.004596
v 0.093025 -0.006519 -0.006211
v 0.067643 -0.003539 -0.004745
v 0.104555 0.021981 -0.006884
v 0.104718 0.022581 -0.007188
v 0.102920 0.025831 -0.007776
v 0.102920 0.025831 -0.007776
v 0.102282 0.028361 -0.007169
v 0.102517 0.027051 -0.007477
v 0.100649 -0.014619 -0.007788
v 0.100649 -0.014619 -0.007788
v 0.100265 -0.015519 -0.007788
v 0.100265 -0.015519 -0.007788
v 0.099647 -0.015809 -0.008053
v 0.098125 -0.015909 -0.007188
v 0.099561 -0.015949 -0.007486
v 0.099561 -0.015949 -0.007486
v 0.099561 -0.015949 -0.007486
v 0.099285 -0.016029 -0.007788
v 0.099285 -0.016029 -0.007788
v 0.097977 -0.011019 -0.008988
v 0.099665 0.017851 -0.009252
v 0.095453 -0.015519 -0.007188
v 0.095453 -0.015519 -0.007188
v 0.096925 -0.015909 -0.007488
v 0.096925 -0.015519 -0.007626
v 0.096925 -0.015519 -0.007626
v 0.096925 -0.015519 -0.007626
v 0.093925 -0.014619 -0.008733
v 0.093925 -0.014619 -0.008733
v 0.093625 -0.014839 -0.008688
v 0.093625 -0.014839 -0.008688
v 0.093625 -0.014839 -0.008688
v 0.094401 -0.002919 -0.008688
v 0.091525 -0.000939 -0.007488
v 0.091525 0.000321 -0.008688
v 0.092425 0.001251 -0.008388
v 0.092425 0.001251 -0.008388
v 0.092425 0.001251 -0.008388
v 0.088316 0.052531 -0.007171
v 0.088187 0.051371 -0.007796
v 0.089990 0.051851 -0.008724
v 0.089725 0.053271 -0.007488
v 0.089725 0.053271 -0.007488
v 0.085453 0.047801 -0.009042
v 0.065370 -0.004119 -0.006888
v 0.099627 -0.012579 -0.010480
v 0.099622 -0.012359 -0.011078
v 0.099332 -0.012389 -0.011033
v 0.097553 0.015731 -0.010709
v 0.097818 0.015831 -0.010979
v 0.095125 -0.005019 -0.009904
v 0.095125 -0.005019 -0.009904
v 0.095125 -0.005019 -0.009904
v 0.095125 -0.005019 -0.009904
v 0.095125 -0.005019 -0.009904
v 0.095125 -0.005019 -0.009904
v 0.095125 -0.005019 -0.009904
v 0.095125 -0.005019 -0.009904
v 0.095425 -0.006219 -0.010203
v 0.095425 -0.006219 -0.010203
v 0.095425 -0.006219 -0.010203
v 0.095057 -0.005919 -0.010188
v 0.095057 -0.005919 -0.010188
v 0.095057 -0.005919 -0.010188
v 0.095057 -0.005919 -0.010188
v 0.095200 -0.006519 -0.010488
v 0.095200 -0.006519 -0.010488
v 0.095200 -0.006519 -0.010488
v 0.095198 -0.006219 -0.010488
v 0.095198 -0.006219 -0.010488
v 0.095198 -0.006219 -0.010488
v 0.095125 -0.006529 -0.010488
v 0.095125 -0.006529 -0.010488
v 0.095125 -0.006529 -0.010488
v 0.095125 -0.006529 -0.010488
v 0.095125 -0.006529 -0.010488
v 0.095125 -0.006529 -0.010488
v 0.095039 -0.006219 -0.010488
v 0.095039 -0.006219 -0.010488
v 0.095039 -0.006219 -0.010488
v 0.095039 -0.006219 -0.010488
v 0.095125 -0.005919 -0.010499
v 0.095125 -0.005919 -0.010499
v 0.095125 -0.005919 -0.010499
v 0.095446 -0.006819 -0.010788
v 0.095207 -0.006519 -0.010788
v 0.095207 -0.006519 -0.010788
v 0.095207 -0.006519 -0.010788
v 0.095207 -0.006519 -0.010788
v 0.094963 -0.006519 -0.011388
v 0.094963 -0.006519 -0.011388
v 0.093679 -0.014619 -0.009588
v 0.093679 -0.014619 -0.009588
v 0.093625 -0.007119 -0.011250
v 0.094813 -0.005019 -0.009888
v 0.094813 -0.005019 -0.009888
v 0.094813 -0.005019 -0.009888
v 0.094742 -0.005019 -0.010188
v 0.094742 -0.005019 -0.010188
v 0.094761 -0.004719 -0.010188
v 0.094761 -0.004719 -0.010188
v 0.094761 -0.004719 -0.010188
v 0.094761 -0.004719 -0.010188
v 0.094825 -0.005859 -0.010488
v 0.094825 -0.005859 -0.010488
v 0.094409 -0.005019 -0.010488
v 0.094409 -0.005019 -0.010488
v 0.094409 -0.005019 -0.010488
v 0.094409 -0.005019 -0.010488
v 0.094409 -0.005019 -0.010488
v 0.094525 -0.004719 -0.010782
v 0.094525 -0.004719 -0.010782
v 0.094525 -0.004719 -0.010782
v 0.094264 -0.004719 -0.010488
v 0.094264 -0.004719 -0.010488
v 0.094264 -0.004719 -0.010488
v 0.094225 -0.004689 -0.010488
v 0.094225 -0.004689 -0.010488
v 0.094225 -0.004689 -0.010488
v 0.094225 -0.004689 -0.010488
v 0.094715 -0.005319 -0.010788
v 0.094715 -0.005319 -0.010788
v 0.094715 -0.005319 -0.010788
v 0.094715 -0.005319 -0.010788
v 0.094525 -0.004729 -0.010788
v 0.094525 -0.004729 -0.010788
v 0.094525 -0.004729 -0.010788
v 0.094525 -0.004729 -0.010788
v 0.094748 -0.004119 -0.009588
v 0.094748 -0.004119 -0.009588
v 0.094225 -0.003219 -0.009684
v 0.094225 -0.003219 -0.009684
v 0.094225 -0.003219 -0.009684
v 0.094225 -0.003059 -0.009588
v 0.094225 -0.003059 -0.009588
v 0.094225 -0.003059 -0.009588
v 0.094225 -0.003059 -0.009588
v 0.094598 -0.003819 -0.009888
v 0.094598 -0.003819 -0.009888
v 0.094598 -0.003819 -0.009888
v 0.094430 -0.003819 -0.009888
v 0.094430 -0.003819 -0.009888
v 0.094430 -0.003819 -0.009888
v 0.094430 -0.003819 -0.009888
v 0.094525 -0.003419 -0.009888
v 0.094525 -0.003419 -0.009888
v 0.094525 -0.003419 -0.009888
v 0.094525 -0.003419 -0.009888
v 0.094525 -0.003419 -0.009888
v 0.094525 -0.003419 -0.009888
v 0.094525 -0.003419 -0.009888
v 0.094446 -0.003219 -0.009888
v 0.094446 -0.003219 -0.009888
v 0.094446 -0.003219 -0.009888
v 0.094446 -0.003219 -0.009888
v 0.094446 -0.003219 -0.009888
v 0.094446 -0.003219 -0.009888
v 0.094446 -0.003219 -0.009888
v 0.094617 -0.004419 -0.010188
v 0.094617 -0.004419 -0.010188
v 0.094328 -0.004119 -0.010188
v 0.094328 -0.004119 -0.010188
v 0.094525 -0.003979 -0.010188
v 0.094525 -0.003979 -0.010188
v 0.094525 -0.003979 -0.010188
v 0.094525 -0.003979 -0.010188
v 0.093925 -0.003819 -0.010289
v 0.093925 -0.003819 -0.010289
v 0.093925 -0.003819 -0.010289
v 0.093925 -0.003819 -0.010289
v 0.093925 -0.003819 -0.010289
v 0.093925 -0.003819 -0.010289
v 0.094525 -0.004419 -0.010561
v 0.094525 -0.004419 -0.010561
v 0.093625 0.000401 -0.009888
v 0.093625 0.000401 -0.009888
v 0.092425 -0.001119 -0.009769
v 0.091825 0.004281 -0.011264
v 0.089245 0.050621 -0.009995
v 0.085525 0.048191 -0.009837
v 0.087025 0.049421 -0.010488
v 0.085525 0.048451 -0.011088
v 0.085525 0.048451 -0.011088
v 0.083455 0.015961 -0.011083
v 0.083761 0.014841 -0.011454
v 0.084084 0.020871 -0.011343
v 0.084169 0.028041 -0.010755
v 0.084904 0.034741 -0.010150
v 0.084019 0.037621 -0.010240
v 0.083566 0.040431 -0.010488
v 0.083201 0.043171 -0.010163
v 0.083206 0.042541 -0.010788
v 0.084458 0.047751 -0.009601
v 0.083492 0.047901 -0.010224
v 0.084603 0.048151 -0.011334
v 0.063871 -0.004119 -0.009588
v 0.063871 -0.004119 -0.009588
v 0.063971 -0.004389 -0.010326
v 0.063900 -0.003779 -0.010251
v 0.099325 -0.012309 -0.011631
v 0.099325 -0.012309 -0.011631
v 0.099325 -0.012309 -0.011631
v 0.098959 -0.012309 -0.011994
v 0.099287 -0.012229 -0.012292
v 0.098425 -0.012639 -0.012888
v 0.097479 -0.011209 -0.012174
v 0.095939 -0.014849 -0.013896
v 0.097253 -0.013209 -0.013752
v 0.097253 -0.013209 -0.013752
v 0.097253 -0.013209 -0.013752
v 0.096530 -0.013729 -0.013776
v 0.096602 0.014371 -0.011896
v 0.094707 -0.015339 -0.013295
v 0.094075 -0.015289 -0.013431
v 0.093981 -0.015119 -0.013812
v 0.093025 -0.014919 -0.013880
v 0.092690 0.003381 -0.012288
v 0.092727 0.006421 -0.012580
v 0.092727 0.006421 -0.012580
v 0.092727 0.006421 -0.012580
v 0.092725 0.009081 -0.012553
v 0.092725 0.009081 -0.012553
v 0.092725 0.009081 -0.012553
v 0.094786 0.011971 -0.013191
v 0.094786 0.011971 -0.013191
v 0.094335 0.011181 -0.013188
v 0.094335 0.011181 -0.013188
v 0.094335 0.011181 -0.013188
v 0.093463 0.009711 -0.013779
v 0.093463 0.009711 -0.013779
v 0.092192 -0.015119 -0.013503
v 0.092125 -0.014919 -0.013943
v 0.092310 -0.007269 -0.013208
v 0.090925 -0.007119 -0.013022
v 0.090325 -0.004119 -0.012797
v 0.089725 -0.001119 -0.013007
v 0.089425 0.000681 -0.013364
v 0.088881 0.002911 -0.013590
v 0.088825 0.003431 -0.013788
v 0.083715 0.013091 -0.012472
v 0.083256 0.013741 -0.012888
v 0.083106 0.012391 -0.013233
v 0.083453 0.018181 -0.011671
v 0.083550 0.023821 -0.011978
v 0.083426 0.023071 -0.011988
v 0.079891 -0.006259 -0.012020
v 0.064251 -0.003819 -0.012861
v 0.064145 -0.003509 -0.012897
v 0.064141 -0.003819 -0.013200
v 0.060680 0.004311 -0.014121
v 0.058525 0.005181 -0.013973
v 0.058525 0.005181 -0.013973
v 0.056544 0.013621 -0.013835
v 0.056011 0.011101 -0.013634
v 0.055753 0.014421 -0.013404
v 0.055908 0.016821 -0.013079
v 0.056250 0.017501 -0.012876
v 0.054312 0.026151 -0.013947
v 0.095650 -0.014909 -0.014400
v 0.096396 -0.014049 -0.014094
v 0.096623 -0.013649 -0.014103
v 0.095725 -0.012759 -0.015288
v 0.096178 -0.010969 -0.015929
v 0.091184 -0.014549 -0.014580
v 0.090698 -0.015099 -0.014374
v 0.090600 -0.014219 -0.015294
v 0.090108 -0.007929 -0.014130
v 0.090763 -0.000519 -0.015288
v 0.091274 0.000381 -0.015588
v 0.091274 0.000381 -0.015588
v 0.091274 0.000381 -0.015588
v 0.089456 -0.003269 -0.015469
v 0.089125 0.002581 -0.015288
v 0.088825 0.003631 -0.014088
v 0.088825 0.003631 -0.014088
v 0.088825 0.003631 -0.014088
v 0.088375 0.003041 -0.014120
v 0.088547 0.003461 -0.014105
v 0.089117 0.003381 -0.014657
v 0.088825 0.003441 -0.014675
v 0.089125 0.003081 -0.015037
v 0.089125 0.003081 -0.015037
v 0.085206 -0.013999 -0.015891
v 0.085512 -0.014019 -0.016188
v 0.085512 -0.014019 -0.016188
v 0.085512 -0.014019 -0.016188
v 0.085865 0.025551 -0.016151
v 0.084325 -0.013719 -0.015963
v 0.084325 -0.013719 -0.015963
v 0.084325 -0.013719 -0.015963
v 0.084625 -0.013419 -0.016322
v 0.084625 -0.013419 -0.016322
v 0.084625 -0.013419 -0.016322
v 0.084025 -0.013719 -0.016328
v 0.084651 0.002041 -0.016048
v 0.084175 0.013561 -0.015903
v 0.084980 0.014941 -0.015627
v 0.081749 0.009961 -0.015212
v 0.076175 0.018591 -0.014943
v 0.076812 0.019851 -0.015285
v 0.076181 0.020511 -0.015615
v 0.075913 0.021071 -0.015731
v 0.077304 0.023141 -0.016196
v 0.075436 0.014511 -0.016127
v 0.074725 0.014261 -0.016188
v 0.074725 0.014261 -0.016188
v 0.075395 0.016551 -0.014813
v 0.075395 0.016551 -0.014813
v 0.075025 0.014861 -0.015888
v 0.074749 0.015331 -0.016237
v 0.074266 0.025941 -0.015094
v 0.071805 0.007301 -0.015896
v 0.072040 0.010241 -0.015843
v 0.072925 0.026181 -0.014176
v 0.072925 0.026181 -0.014176
v 0.072925 0.026181 -0.014176
v 0.069238 0.004761 -0.015584
v 0.070467 0.024611 -0.014596
v 0.067081 0.025521 -0.015376
v 0.066775 0.026421 -0.015214
v 0.066604 0.027421 -0.016150
v 0.064850 0.023701 -0.016130
v 0.064279 0.025361 -0.015280
v 0.064279 0.025361 -0.015280
v 0.063557 0.024611 -0.014917
v 0.063733 0.027551 -0.016151
v 0.056455 -0.004669 -0.016228
v 0.057159 -0.003519 -0.014988
v 0.057281 -0.002319 -0.014988
v 0.056910 -0.004119 -0.015588
v 0.057025 -0.003839 -0.015888
v 0.057292 -0.001629 -0.014775
v 0.057292 -0.001629 -0.014775
v 0.056706 -0.000529 -0.014719
v 0.056485 -0.005699 -0.016168
v 0.054093 0.027691 -0.014461
v 0.054039 0.029501 -0.015319
v 0.054030 0.030321 -0.016179
v 0.095725 -0.010969 -0.016788
v 0.095725 -0.010969 -0.016788
v 0.095426 -0.010809 -0.017126
v 0.095426 -0.010809 -0.017126
v 0.095810 -0.010409 -0.017418
v 0.095810 -0.010409 -0.017418
v 0.095419 -0.010549 -0.017979
v 0.095118 -0.010569 -0.017928
v 0.095094 -0.010569 -0.018364
v 0.095094 -0.010569 -0.018364
v 0.090591 -0.005869 -0.016749
v 0.088299 -0.007059 -0.018618
v 0.087640 -0.006249 -0.018614
v 0.087640 -0.006249 -0.018614
v 0.087292 -0.006159 -0.018596
v 0.086710 -0.001689 -0.016517
v 0.083121 -0.013949 -0.017005
v 0.083121 -0.013949 -0.017005
v 0.083121 -0.013949 -0.017005
v 0.083121 -0.013949 -0.017005
v 0.083594 -0.012779 -0.017382
v 0.083594 -0.012779 -0.017382
v 0.083748 -0.004719 -0.018448
v 0.085077 0.002271 -0.016479
v 0.084619 0.002721 -0.016493
v 0.084619 0.002721 -0.016493
v 0.083768 0.002521 -0.016769
v 0.083768 0.002521 -0.016769
v 0.084337 0.002741 -0.017077
v 0.083737 0.002471 -0.017079
v 0.085224 0.001851 -0.018576
v 0.085219 0.002461 -0.018755
v 0.085219 0.002461 -0.018755
v 0.084632 0.002811 -0.016788
v 0.084632 0.002811 -0.016788
v 0.084632 0.002811 -0.016788
v 0.084307 0.002821 -0.016788
v 0.083885 0.019571 -0.017416
v 0.083685 0.021461 -0.018545
v 0.083685 0.021461 -0.018545
v 0.083685 0.021461 -0.018545
v 0.085139 0.024091 -0.016783
v 0.085139 0.024091 -0.016783
v 0.085220 0.022681 -0.018245
v 0.085220 0.022681 -0.018245
v 0.082525 -0.014059 -0.018288
v 0.080827 -0.013779 -0.018586
v 0.080827 -0.013779 -0.018586
v 0.082294 0.021471 -0.018526
v 0.082294 0.021471 -0.018526
v 0.079866 0.022331 -0.017724
v 0.076939 0.015461 -0.016480
v 0.074595 0.014441 -0.016480
v 0.066433 0.023271 -0.017403
v 0.062268 0.028501 -0.016800
v 0.061227 0.003671 -0.017980
v 0.059579 0.029221 -0.017959
v 0.057768 -0.002069 -0.016486
v 0.057757 -0.001389 -0.016419
v 0.057757 -0.001389 -0.016419
v 0.057692 -0.001389 -0.016775
v 0.058812 0.029421 -0.017936
v 0.058812 0.029421 -0.017936
v 0.054465 -0.006199 -0.017687
v 0.055494 -0.002229 -0.017818
v 0.055494 -0.002229 -0.017818
v 0.054598 -0.000879 -0.018217
v 0.054343 0.030631 -0.016480
v 0.095470 -0.010119 -0.018888
v 0.092986 -0.012359 -0.020936
v 0.094525 -0.010829 -0.019488
v 0.094525 -0.010829 -0.019488
v 0.094584 -0.010719 -0.020088
v 0.094584 -0.010719 -0.020088
v 0.093702 -0.011589 -0.020647
v 0.091664 -0.014179 -0.020104
v 0.092224 -0.013649 -0.020094
v 0.088368 -0.006219 -0.019488
v 0.088368 -0.006219 -0.019488
v 0.085610 -0.005809 -0.019163
v 0.085610 -0.005809 -0.019163
v 0.085610 -0.005809 -0.019163
v 0.085610 -0.005809 -0.019163
v 0.086460 -0.001259 -0.018923
v 0.086125 0.002051 -0.019788
v 0.085963 0.002481 -0.019788
v 0.085963 0.002481 -0.019788
v 0.085570 0.001531 -0.020409
v 0.085519 0.002831 -0.019194
v 0.085747 0.002761 -0.019489
v 0.085528 0.002821 -0.019771
v 0.083151 -0.013619 -0.018867
v 0.083151 -0.013619 -0.018867
v 0.083043 -0.012219 -0.019488
v 0.083303 -0.013709 -0.020112
v 0.083160 -0.012219 -0.020088
v 0.083160 -0.012219 -0.020088
v 0.083160 -0.012219 -0.020088
v 0.083160 -0.012219 -0.020088
v 0.083160 -0.012219 -0.020088
v 0.083425 -0.011919 -0.020538
v 0.083425 -0.011919 -0.020538
v 0.082968 -0.012219 -0.020388
v 0.082968 -0.012219 -0.020388
v 0.083221 -0.010719 -0.019188
v 0.083005 -0.011319 -0.019488
v 0.083060 -0.011019 -0.019788
v 0.083060 -0.011019 -0.019788
v 0.083060 -0.011019 -0.019788
v 0.083060 -0.011019 -0.019788
v 0.083060 -0.011019 -0.019788
v 0.083060 -0.011019 -0.019788
v 0.083725 -0.010719 -0.020438
v 0.083184 -0.011619 -0.020688
v 0.083184 -0.011619 -0.020688
v 0.083184 -0.011619 -0.020688
v 0.083263 -0.007719 -0.020088
v 0.085225 -0.005729 -0.018888
v 0.084912 -0.005979 -0.019190
v 0.084330 -0.006219 -0.019249
v 0.085026 -0.005929 -0.019488
v 0.084621 -0.006229 -0.019481
v 0.084683 -0.006219 -0.019811
v 0.084791 -0.005539 -0.020364
v 0.084969 -0.003319 -0.019844
v 0.084683 0.002131 -0.019203
v 0.084817 0.002471 -0.019193
v 0.085210 0.002851 -0.019194
v 0.085236 0.002921 -0.019488
v 0.085218 0.002801 -0.019788
v 0.083664 0.021741 -0.019162
v 0.083664 0.021741 -0.019162
v 0.082847 -0.014409 -0.020061
v 0.082710 -0.014319 -0.020688
v 0.081646 -0.013979 -0.019446
v 0.080886 -0.012999 -0.019300
v 0.080886 -0.012999 -0.019300
v 0.082322 -0.011769 -0.019543
v 0.082794 -0.011919 -0.019788
v 0.082794 -0.011919 -0.019788
v 0.082794 -0.011919 -0.019788
v 0.082825 -0.012189 -0.020088
v 0.082825 -0.012189 -0.020088
v 0.082825 -0.012189 -0.020088
v 0.082190 -0.014019 -0.020088
v 0.082825 -0.011319 -0.019631
v 0.082825 -0.011319 -0.019631
v 0.081548 -0.001119 -0.020688
v 0.081548 -0.001119 -0.020688
v 0.078486 -0.012819 -0.019788
v 0.078486 -0.012819 -0.019788
v 0.078325 -0.012219 -0.020166
v 0.078325 -0.012219 -0.020166
v 0.078107 -0.008619 -0.020088
v 0.078463 -0.001719 -0.020388
v 0.078339 0.001391 -0.020082
v 0.079217 0.001691 -0.020371
v 0.078648 0.001731 -0.020400
v 0.078648 0.001731 -0.020400
v 0.078341 0.001551 -0.020396
v 0.078341 0.001551 -0.020396
v 0.079835 0.001301 -0.020680
v 0.079835 0.001301 -0.020680
v 0.078972 0.001661 -0.020703
v 0.078924 0.001251 -0.021119
v 0.078924 0.001251 -0.021119
v 0.077125 -0.012709 -0.020388
v 0.077125 -0.012709 -0.020388
v 0.077652 -0.012219 -0.020988
v 0.078009 0.000681 -0.020088
v 0.071701 -0.012259 -0.018900
v 0.071643 -0.012079 -0.019209
v 0.072966 -0.012159 -0.019784
v 0.072914 -0.011909 -0.019969
v 0.069107 -0.011919 -0.019788
v 0.068882 -0.000829 -0.019835
v 0.069670 0.001501 -0.019229
v 0.070258 0.002311 -0.019501
v 0.069930 0.002141 -0.019502
v 0.067688 -0.012179 -0.020413
v 0.067906 -0.011579 -0.021003
v 0.064354 -0.003219 -0.020088
v 0.062693 -0.011049 -0.019211
v 0.060025 -0.010219 -0.019488
v 0.089428 -0.014329 -0.021677
v 0.089417 -0.014069 -0.022182
v 0.089125 -0.013889 -0.022488
v 0.088825 -0.013719 -0.022928
v 0.088504 -0.013549 -0.022789
v 0.087959 -0.013549 -0.023361
v 0.087959 -0.013549 -0.023361
v 0.087931 -0.008339 -0.021992
v 0.083363 -0.014619 -0.021588
v 0.084032 -0.014899 -0.022801
v 0.083076 -0.007119 -0.021288
v 0.083076 -0.007119 -0.021288
v 0.082991 -0.007789 -0.021832
v 0.082810 -0.007469 -0.023010
v 0.080725 -0.005989 -0.022488
v 0.080725 -0.005989 -0.022488
v 0.080725 -0.005989 -0.022488
v 0.080725 -0.005989 -0.022488
v 0.082181 -0.006519 -0.022788
v 0.082181 -0.006519 -0.022788
v 0.082181 -0.006519 -0.022788
v 0.082181 -0.006519 -0.022788
v 0.078325 -0.007119 -0.021845
v 0.078459 -0.006519 -0.021588
v 0.078925 -0.006699 -0.022188
v 0.078925 -0.006699 -0.022188
v 0.080425 -0.005379 -0.022788
v 0.078625 -0.006519 -0.023180
v 0.078925 0.000381 -0.021375
v 0.077116 -0.013039 -0.021519
v 0.077320 -0.009219 -0.023388
v 0.077320 -0.009219 -0.023388
v 0.074710 -0.006489 -0.022398
v 0.074710 -0.006489 -0.022398
v 0.074307 -0.006089 -0.022561
v 0.074352 -0.006049 -0.023140
v 0.075164 -0.006689 -0.023442
v 0.075164 -0.006689 -0.023442
v 0.071973 -0.003209 -0.022491
v 0.072025 -0.004409 -0.023088
v 0.071117 -0.001149 -0.022264
v 0.070300 -0.004229 -0.023287
v 0.067059 -0.012169 -0.021599
v 0.066866 -0.011919 -0.023388
v 0.066866 -0.011919 -0.023388
v 0.066866 -0.011919 -0.023388
v 0.068425 -0.005249 -0.023388
v 0.068223 -0.004199 -0.022119
v 0.065946 -0.012309 -0.022133
v 0.065399 -0.005919 -0.023088
v 0.065399 -0.005919 -0.023088
v 0.064525 -0.005079 -0.023388
v 0.064525 -0.005079 -0.023388
v 0.064525 -0.005079 -0.023388
v 0.060295 -0.003899 -0.023412
v 0.059441 -0.003719 -0.023403
v 0.085450 -0.014389 -0.023688
v 0.087617 -0.013579 -0.023687
v 0.087025 -0.013629 -0.023688
v 0.086425 -0.013869 -0.023688
v 0.087025 -0.013659 -0.023988
v 0.083751 -0.014399 -0.025067
v 0.083751 -0.014399 -0.025067
v 0.082936 -0.013799 -0.024480
v 0.082252 -0.005709 -0.023674
v 0.080773 -0.001059 -0.023680
v 0.081341 -0.002089 -0.024260
v 0.078310 -0.013289 -0.025686
v 0.080090 0.000311 -0.023694
v 0.079236 0.001231 -0.024577
v 0.079236 0.001231 -0.024577
v 0.078935 0.000991 -0.024589
v 0.078788 0.000521 -0.024915
v 0.077125 -0.013719 -0.024176
v 0.077125 -0.013719 -0.024176
v 0.074729 -0.005509 -0.023761
v 0.074725 -0.002319 -0.024961
v 0.074725 -0.000519 -0.025153
v 0.074725 0.002131 -0.025221
v 0.074400 0.002171 -0.025214
v 0.072025 -0.004759 -0.023688
v 0.071725 -0.004719 -0.023958
v 0.071725 -0.004719 -0.023958
v 0.071725 -0.004719 -0.023958
v 0.071125 -0.004609 -0.023688
v 0.072325 -0.004559 -0.024288
v 0.072325 -0.004559 -0.024288
v 0.071125 -0.005219 -0.024888
v 0.071125 -0.005219 -0.024888
v 0.072065 -0.004419 -0.025488
v 0.073087 -0.001719 -0.025488
v 0.071393 0.004881 -0.024708
v 0.071393 0.004881 -0.024708
v 0.071269 0.006031 -0.025812
v 0.070418 -0.005019 -0.023988
v 0.069911 -0.004899 -0.024308
v 0.069911 -0.004899 -0.024308
v 0.069911 -0.004899 -0.024308
v 0.068725 -0.004719 -0.024356
v 0.068725 -0.004719 -0.024356
v 0.068725 -0.004719 -0.024356
v 0.070556 -0.004989 -0.024969
v 0.068806 0.003811 -0.023710
v 0.066953 -0.012039 -0.024385
v 0.066644 -0.012119 -0.024569
v 0.067520 -0.012179 -0.025700
v 0.066262 -0.011619 -0.023688
v 0.067525 -0.006519 -0.025047
v 0.067525 -0.006519 -0.025047
v 0.067225 -0.004719 -0.025851
v 0.068163 -0.002999 -0.024907
v 0.065100 -0.004749 -0.023917
v 0.063925 -0.004969 -0.023688
v 0.063926 0.003891 -0.024306
v 0.062132 -0.004239 -0.025764
v 0.062125 -0.004109 -0.026097
v 0.063637 0.003951 -0.024563
v 0.063637 0.003951 -0.024563
v 0.063350 0.003661 -0.024595
v 0.063661 0.003291 -0.025688
v 0.060919 -0.004309 -0.023688
v 0.059747 -0.003849 -0.023689
v 0.059424 -0.003789 -0.023699
v 0.059082 -0.003819 -0.023678
v 0.060379 -0.004009 -0.024003
v 0.060020 -0.000929 -0.025138
v 0.060011 -0.000089 -0.025165
v 0.060447 -0.000719 -0.025469
v 0.061225 0.015081 -0.025594
v 0.057725 -0.009359 -0.024262
v 0.057725 -0.009359 -0.024262
v 0.057343 -0.009539 -0.025543
v 0.058084 -0.003179 -0.025456
v 0.056808 0.024821 -0.025570
v 0.084036 0.013891 -0.027723
v 0.084211 0.014521 -0.028020
v 0.082082 -0.013729 -0.026292
v 0.081668 -0.013649 -0.026665
v 0.081323 -0.013609 -0.026689
v 0.081323 -0.013609 -0.026689
v 0.081323 -0.013609 -0.026689
v 0.081001 -0.013609 -0.026680
v 0.081195 -0.013539 -0.027043
v 0.081025 -0.013629 -0.026988
v 0.078325 -0.013879 -0.026088
v 0.079825 -0.013829 -0.026688
v 0.079525 -0.013929 -0.026988
v 0.079525 -0.013929 -0.026988
v 0.077311 -0.013289 -0.028035
v 0.073975 0.009531 -0.026572
v 0.074704 0.010871 -0.026298
v 0.074126 0.012481 -0.027203
v 0.074126 0.012481 -0.027203
v 0.072025 -0.005029 -0.026688
v 0.071383 -0.005019 -0.027134
v 0.072039 -0.005179 -0.027866
v 0.071414 -0.005079 -0.027903
v 0.068633 -0.011939 -0.027657
v 0.070332 -0.000189 -0.027005
v 0.069336 0.001541 -0.026863
v 0.069336 0.001961 -0.027294
v 0.069052 0.002101 -0.027588
v 0.069052 0.002101 -0.027588
v 0.069052 0.002101 -0.027588
v 0.066936 -0.004719 -0.026088
v 0.066936 -0.004719 -0.026088
v 0.066936 -0.004719 -0.026088
v 0.066934 -0.004419 -0.026088
v 0.066934 -0.004419 -0.026088
v 0.066952 -0.004419 -0.026388
v 0.066952 -0.004419 -0.026388
v 0.066952 -0.004419 -0.026388
v 0.066952 -0.004419 -0.026388
v 0.063873 -0.000809 -0.027563
v 0.061830 -0.004029 -0.026135
v 0.062125 -0.004039 -0.026388
v 0.062126 -0.004049 -0.026942
v 0.061835 -0.004029 -0.026977
v 0.060310 -0.008309 -0.028189
v 0.060906 -0.003809 -0.028027
v 0.058582 -0.008589 -0.026989
v 0.058582 -0.008589 -0.026989
v 0.058582 -0.008589 -0.026989
v 0.057629 -0.008959 -0.027614
v 0.057629 -0.008959 -0.027614
v 0.058421 0.023061 -0.027361
v 0.083706 0.013651 -0.028813
v 0.083312 0.012971 -0.029642
v 0.074725 -0.013069 -0.029088
v 0.074725 -0.013069 -0.029088
v 0.073296 -0.012529 -0.029388
v 0.071725 -0.012129 -0.029688
v 0.071725 -0.012129 -0.029688
v 0.071725 -0.012129 -0.029688
v 0.072288 -0.011539 -0.028882
v 0.069974 -0.012009 -0.028745
v 0.069974 -0.012009 -0.028745
v 0.069974 -0.012009 -0.028745
v 0.065069 -0.010089 -0.029069
v 0.065419 -0.010269 -0.029428
v 0.063617 -0.009329 -0.029353
v 0.063355 -0.009329 -0.030226
v 0.061507 -0.009069 -0.029888
v 0.059728 -0.008939 -0.028751
v 0.060113 0.022411 -0.029164
v 0.061272 0.022361 -0.030030
v 0.058034 -0.008299 -0.029921
v 0.082087 0.010491 -0.031038
v 0.077329 -0.002169 -0.031271
v 0.063480 0.022181 -0.031190
v 0.063898 0.020331 -0.033587
v 0.064333 0.020481 -0.034188
v 0.062756 0.018801 -0.033911
v 0.063396 0.019871 -0.033616
v 0.063497 0.020981 -0.035390
v 0.081654 0.011241 -0.035317
v 0.071194 0.000201 -0.037842
v 0.071194 0.000201 -0.037842
v 0.070988 -0.001049 -0.035399
v 0.070988 -0.001049 -0.035399
v 0.063722 0.023641 -0.036822
v 0.064225 0.024381 -0.037165
v 0.064225 0.024381 -0.037165
v 0.063625 0.024091 -0.037488
v 0.063625 0.024091 -0.037488
v 0.063625 0.024091 -0.037488
v 0.063625 0.024091 -0.037488
v 0.078767 0.009981 -0.039242
v 0.077408 0.009951 -0.039415
v 0.068959 0.001571 -0.039156
v 0.067512 0.023571 -0.038611
v 0.066371 0.023931 -0.038886
v 0.064537 0.024141 -0.038057
v 0.064923 0.023471 -0.039035
v 0.076834 0.006721 -0.040982
v 0.076495 0.006801 -0.041056
v 0.076495 0.006801 -0.041056
v 0.078075 0.009111 -0.040438
v 0.077725 0.009081 -0.040669
v 0.077725 0.009081 -0.040669
v 0.077725 0.009081 -0.040669
v 0.077667 0.008331 -0.040771
v 0.077667 0.008331 -0.040771
v 0.076825 0.007581 -0.040854
v 0.075025 0.004881 -0.041616
v 0.075025 0.004881 -0.041616
v 0.074652 0.004011 -0.041977
v 0.075696 0.005541 -0.041267
v 0.075640 0.005791 -0.041178
v 0.066328 0.010091 -0.042189
v 0.066309 0.012511 -0.042126
v 0.068070 0.019341 -0.042630
v 0.067525 0.022311 -0.041688
v 0.067525 0.022311 -0.041688
v 0.067525 0.022311 -0.041688
v 0.073225 0.003081 -0.043699
v 0.067220 0.002051 -0.044144
v 0.066847 0.001261 -0.044118
v 0.066794 0.000391 -0.044682
v 0.066754 0.000681 -0.044988
v 0.066754 0.000681 -0.044988
v 0.066754 0.000681 -0.044988
v 0.067304 0.002791 -0.043794
v 0.066177 0.013881 -0.043788
v 0.068125 0.016881 -0.043669
v 0.067225 0.015981 -0.043759
v 0.067225 0.015981 -0.043759
v 0.065425 0.011181 -0.044688
v 0.065892 0.013251 -0.044120
v 0.065425 0.012381 -0.044733
v 0.065425 0.012381 -0.044733
v 0.070715 0.001281 -0.045288
v 0.070715 0.001281 -0.045288
v 0.067225 0.000381 -0.045497
v 0.067225 0.000381 -0.045497
v 0.067225 0.000381 -0.045497
vn 0.2138 -0.3019 0.9291
vn 0.0310 -0.7916 0.6102
vn 0.5814 -0.6358 0.5077
vn -0.3005 -0.6717 0.6771
vn 0.4128 0.0371 0.9101
vn 0.0313 0.1025 0.9942
vn -0.1933 -0.0331 0.9806
vn 0.3335 0.6786 0.6544
vn 0.1885 0.7229 0.6647
vn 0.0382 0.7064 0.7068
vn -0.8101 0.0369 0.5851
vn -0.6683 -0.0319 0.7432
vn -0.6987 0.0330 0.7146
vn 0.3637 -0.3329 0.8700
vn -0.0885 -0.3067 0.9477
vn 0.1452 -0.5069 0.8497
vn 0.3515 -0.0826 0.9325
vn 0.5655 -0.0486 0.8233
vn 0.5739 0.0083 0.8189
vn 0.9974 -0.0255 -0.0675
vn 0.5249 0.0288 0.8507
vn 0.3326 0.0794 0.9397
vn 0.0716 -0.0627 0.9955
vn 0.9752 -0.1935 0.1076
vn 0.9566 -0.1240 -0.2636
vn 0.4132 0.2380 0.8790
vn 0.3547 0.2851 0.8904
vn 0.4406 0.6964 0.5664
vn 0.3460 0.7572 0.5540
vn 0.1722 0.7724 0.6114
vn 0.1812 0.7671 0.6153
vn -0.1461 -0.6288 0.7637
vn -0.0341 -0.6885 0.7244
vn -0.4879 -0.5996 0.6343
vn -0.3097 -0.8969 0.3157
vn 0.1670 0.1493 0.9746
vn 0.1525 0.0699 0.9858
vn 0.3144 0.5430 0.7787
vn 0.3681 0.4921 0.7889
vn -0.1467 -0.1698 0.9745
vn -0.8932 -0.3970 0.2113
vn -0.8607 -0.4653 0.2066
vn -0.5294 -0.6792 0.5084
vn -0.6832 -0.5876 0.4335
vn -0.6931 -0.4717 0.5452
vn -0.9061 -0.3734 0.1986
vn 0.3738 0.8834 0.2825
vn 0.3675 0.8939 0.2567
vn 0.1057 0.6426 0.7589
vn 0.3418 0.8876 0.3088
vn -0.2652 -0.2609 0.9282
vn -0.9031 -0.3274 0.2778
vn -0.8010 -0.5945 0.0712
vn -0.1122 -0.1978 0.9738
vn -0.4427 -0.4877 0.7524
vn -0.3894 -0.4980 0.7748
vn -0.5801 -0.5985 0.5525
vn -0.7588 -0.6177 0.2065
vn -0.5088 -0.8608 -0.0161
vn -0.8553 -0.5119 0.0808
vn -0.3475 -0.9376 -0.0149
vn -0.3477 -0.9366 -0.0437
vn -0.8414 -0.5402 -0.0134
vn 0.1172 0.1317 0.9843
vn -0.1489 0.0255 0.9885
vn 0.1461 -0.3542 0.9237
vn 0.0918 -0.5814 0.8084
vn 0.5238 -0.3115 0.7929
vn -0.0590 -0.2365 0.9698
vn -0.2084 -0.7385 0.6413
vn -0.4239 -0.8065 0.4122
vn -0.5616 -0.7758 0.2876
vn -0.6609 -0.7334 0.1595
vn 0.3453 -0.4394 0.8293
vn -0.2467 -0.0223 0.9688
vn -0.2830 -0.0862 0.9552
vn -0.3945 0.0670 0.9165
vn -0.4854 -0.0594 0.8723
vn 0.3497 -0.6083 0.7125
vn 0.2984 -0.7709 0.5628
vn 0.7060 -0.1778 0.6855
vn 0.7922 -0.2764 0.5441
vn -0.2888 -0.0949 0.9527
vn -0.0727 0.3462 0.9353
vn 0.1230 0.3324 0.9351
vn -0.1100 0.3527 0.9292
vn -0.0304 0.5760 0.8169
vn 0.2750 0.5383 0.7966
vn -0.1783 0.1785 0.9676
vn 0.1091 0.7132 0.6925
vn 0.0193 0.8081 0.5887
vn -0.2148 0.5514 0.8061
vn 0.2759 0.8072 0.5219
vn 0.3087 0.9121 0.2698
vn -0.2070 0.7861 0.5824
vn 0.1940 0.5750 0.7949
vn 0.3093 0.7301 0.6094
vn -0.3227 -0.4182 0.8491
vn -0.5965 -0.1068 0.7955
vn -0.6908 -0.5564 0.4617
vn -0.5510 -0.1682 0.8173
vn -0.7320 -0.6375 0.2403
vn -0.2770 -0.1924 0.9414
vn -0.4754 -0.6475 0.5956
vn -0.4098 0.1072 0.9059
vn -0.7293 -0.0408 0.6829
vn -0.2138 0.0689 0.9744
vn -0.4832 0.3131 0.8176
vn -0.2186 0.3850 0.8966
vn -0.0598 0.4595 0.8861
vn -0.0395 0.0421 0.9983
vn 0.0469 0.2256 0.9731
vn -0.5624 -0.2798 0.7781
vn -0.2650 -0.1983 0.9436
vn -0.6089 -0.5492 0.5724
vn -0.2663 -0.4852 0.8329
vn -0.7844 -0.4171 0.4591
vn -0.5264 -0.4657 0.7114
vn -0.3557 -0.7097 0.6081
vn -0.0511 -0.4269 0.9028
vn 0.0451 -0.7008 0.7119
vn -0.2395 0.2010 0.9499
vn -0.7985 -0.0237 0.6016
vn 0.1112 -0.5837 0.8043
vn -0.0984 0.1054 0.9895
vn -0.0046 0.4023 0.9155
vn 0.1231 0.8163 0.5643
vn -0.2919 0.5270 0.7982
vn -0.3308 0.7872 0.5206
vn 0.0875 0.9517 0.2943
vn -0.1793 -0.1876 0.9657
vn 0.0935 -0.0466 0.9945
vn -0.3691 -0.5671 0.7363
vn -0.1802 -0.2839 0.9418
vn 0.3659 0.3205 0.8737
vn -0.4963 -0.8057 0.3233
vn -0.4102 -0.6062 0.6814
vn 0.5086 -0.0406 0.8601
vn 0.1867 -0.1798 0.9658
vn 0.4701 -0.4324 0.7694
vn 0.3076 -0.4971 0.8113
vn 0.4817 -0.2533 0.8389
vn 0.5200 0.1086 0.8472
vn -0.1331 -0.0200 0.9909
vn -0.2090 0.2719 0.9394
vn -0.4285 0.5836 0.6898
vn -0.5664 0.7644 0.3080
vn -0.5950 0.7997 -0.0804
vn -0.2942 -0.0105 0.9557
vn -0.4052 0.8775 -0.2567
vn 0.2093 0.4485 0.8690
vn 0.1194 -0.1361 0.9835
vn -0.2530 -0.3924 0.8843
vn -0.4548 0.4754 0.7531
vn -0.0245 0.5815 0.8132
vn -0.0316 0.0885 0.9956
vn -0.3758 0.8060 0.4573
vn 0.0306 0.9095 0.4145
vn 0.1437 0.9248 0.3523
vn 0.1359 -0.1858 0.9731
vn 0.1201 0.7910 0.5999
vn 0.0354 0.9993 -0.0093
vn 0.0246 0.9955 -0.0919
vn 0.0489 -0.8086 0.5863
vn 0.0442 -0.8144 0.5787
vn 0.1714 -0.7816 0.5998
vn 0.2664 -0.7920 0.5494
vn -0.2926 -0.9314 0.2166
vn -0.1229 -0.9915 0.0438
vn -0.1115 -0.9934 0.0265
vn 0.9673 -0.1596 0.1973
vn 0.9662 -0.1119 0.2324
vn 0.9851 -0.1625 0.0566
vn 0.9420 -0.0962 0.3215
vn 0.2210 0.0370 0.9746
vn 0.2922 0.3708 0.8815
vn 0.1966 -0.0927 0.9761
vn 0.5087 -0.8117 -0.2871
vn 0.5314 -0.7734 -0.3456
vn 0.5440 -0.7426 -0.3907
vn -0.0264 -0.1182 0.9926
vn 0.7027 -0.4481 0.5526
vn 0.5832 -0.7216 0.3731
vn 0.7595 -0.5894 0.2751
vn 0.4338 -0.7918 0.4300
vn -0.2702 -0.8451 0.4613
vn -0.4492 -0.7293 0.5161
vn -0.6287 -0.6521 0.4237
vn -0.6904 -0.6566 0.3037
vn 0.4654 -0.8537 -0.2337
vn 0.5415 -0.7412 -0.3968
vn 0.5578 -0.7547 -0.3453
vn -0.4961 -0.8128 -0.3054
vn -0.2917 -0.8656 -0.4069
vn -0.3288 -0.8950 -0.3015
vn 0.5514 -0.6856 -0.4753
vn -0.4200 -0.8074 -0.4144
vn -0.1069 -0.8312 -0.5456
vn -0.9396 -0.3364 -0.0630
vn -0.6490 -0.7559 -0.0862
vn -0.1393 -0.9451 -0.2957
vn -0.3157 -0.8834 -0.3463
vn 0.4121 -0.7986 0.4387
vn -0.2409 -0.9698 -0.0376
vn -0.1732 -0.9834 0.0536
vn 0.5217 0.7662 0.3752
vn 0.6858 0.5676 0.4554
vn -0.9791 0.0605 0.1943
vn 0.7353 0.6219 0.2692
vn 0.4913 0.8690 -0.0594
vn 0.2775 0.9601 0.0337
vn -0.6027 0.7979 -0.0126
vn -0.6970 0.7131 0.0758
vn -0.6615 0.7474 -0.0622
vn -0.5802 0.6595 0.4780
vn 0.0082 -0.2908 0.9568
vn 0.5250 0.8197 -0.2291
vn 0.2555 0.9526 -0.1654
vn -0.3872 0.9143 -0.1191
vn -0.6124 0.7591 0.2206
vn -0.9323 -0.2713 -0.2392
vn -0.9283 0.2743 -0.2509
vn 0.9595 -0.0266 0.2803
vn 0.3440 0.6009 0.7215
vn 0.3701 0.6811 0.6318
vn 0.2947 0.8199 0.4908
vn 0.2875 0.8166 0.5005
vn 0.2847 0.8153 0.5042
vn 0.3018 0.8231 0.4810
vn 0.1473 -0.1099 0.9830
vn -0.5355 0.7346 0.4165
vn -0.3426 0.8093 0.4772
vn -0.3387 0.8123 0.4748
vn -0.5687 0.2027 0.7972
vn -0.2946 -0.2972 0.9082
vn -0.7133 0.6654 0.2202
vn -0.1853 -0.3785 0.9069
vn -0.2867 -0.4062 0.8677
vn -0.6785 -0.7050 0.2062
vn -0.9904 -0.1320 -0.0416
vn -0.9859 0.0686 0.1527
vn -0.9867 0.0649 0.1492
vn -0.9226 0.2334 0.3072
vn -0.1955 -0.1978 0.9605
vn -0.5098 -0.7397 0.4392
vn -0.2650 0.2894 0.9198
vn -0.1987 0.0399 0.9792
vn -0.3997 -0.7643 0.5060
vn -0.7052 -0.0860 0.7037
vn -0.7027 -0.0887 0.7060
vn -0.6985 -0.0931 0.7095
vn -0.7081 -0.0830 0.7012
vn -0.1522 -0.1636 0.9747
vn -0.4790 0.0063 0.8778
vn -0.4308 0.1816 0.8840
vn -0.0181 0.8951 0.4455
vn -0.0613 0.4299 0.9008
vn -0.0418 0.9464 -0.3202
vn -0.2162 0.9725 -0.0868
vn -0.3789 -0.7638 0.5225
vn -0.2129 -0.0668 0.9748
vn -0.3070 -0.1311 0.9426
vn -0.5939 -0.1439 0.7916
vn -0.2526 0.6631 0.7046
vn -0.4711 0.7615 0.4453
vn -0.7209 -0.0913 0.6870
vn -0.7870 0.3669 0.4961
vn -0.9069 0.2060 0.3676
vn -0.2389 0.9658 0.1006
vn -0.7729 0.0224 0.6342
vn -0.6431 0.7439 0.1818
vn -0.8099 0.5205 0.2703
vn -0.8077 0.2838 0.5168
vn -0.5360 0.8128 0.2281
vn -0.6502 0.5709 0.5014
vn 0.5301 -0.3349 0.7791
vn 0.5360 -0.1215 0.8354
vn 0.3356 -0.5520 0.7634
vn 0.8110 -0.5792 0.0826
vn 0.9471 -0.2888 0.1399
vn 0.8018 -0.5848 0.1228
vn 0.9529 -0.1408 0.2686
vn 0.9773 0.0057 0.2120
vn 0.6640 -0.7417 0.0954
vn 0.0474 -0.7282 -0.6838
vn 0.1127 -0.7432 -0.6595
vn 0.0697 -0.5270 -0.8470
vn 0.1994 -0.8935 -0.4025
vn 0.2032 -0.8930 -0.4017
vn 0.2869 -0.8783 -0.3825
vn 0.1640 -0.4256 -0.8899
vn 0.6852 -0.4666 -0.5592
vn 0.3554 -0.6828 -0.6383
vn 0.6674 -0.5020 -0.5500
vn 0.9073 0.2366 0.3477
vn 0.9976 -0.0458 0.0517
vn 0.9875 0.1193 0.1032
vn 0.1910 -0.7936 -0.5777
vn 0.6658 -0.6007 -0.4425
vn -0.5035 -0.6547 -0.5638
vn -0.4258 -0.2899 -0.8571
vn 0.3840 -0.8773 -0.2879
vn 0.9571 -0.2886 -0.0276
vn -0.0386 -0.9435 -0.3290
vn 0.8293 -0.1223 -0.5452
vn 0.8346 -0.0643 -0.5471
vn 0.8090 -0.0424 -0.5863
vn 0.7899 -0.0306 -0.6125
vn 0.3434 0.9027 -0.2591
vn 0.1048 -0.9014 -0.4200
vn -0.2443 -0.9359 0.2539
vn 0.2480 -0.2781 -0.9280
vn 0.1813 -0.4962 -0.8491
vn 0.6531 0.1452 -0.7432
vn 0.3766 0.0651 -0.9241
vn 0.3260 -0.5296 -0.7831
vn -0.8017 -0.5952 -0.0548
vn 0.8864 0.1754 -0.4285
vn 0.8616 0.5058 -0.0437
vn -0.4800 -0.5706 0.6664
vn -0.1315 -0.9910 0.0245
vn 0.2915 -0.5701 -0.7681
vn -0.1202 -0.9924 0.0251
vn 0.3284 -0.5315 -0.7808
vn -0.0666 -0.9957 0.0649
vn 0.5046 -0.8618 0.0513
vn 0.7119 -0.7011 0.0417
vn 0.6096 -0.7913 0.0471
vn 0.4025 -0.9138 0.0544
vn -0.4292 -0.6551 0.6218
vn -0.4412 -0.7536 0.4873
vn 0.9390 -0.0839 -0.3336
vn 0.9504 0.2246 -0.2151
vn 0.8559 0.1902 -0.4810
vn 0.2664 -0.7888 0.5539
vn -0.5903 -0.7815 0.2022
vn -0.8367 -0.3684 0.4052
vn -0.2370 -0.4446 0.8638
vn -0.0098 -0.1084 -0.9941
vn -0.4274 -0.2905 -0.8561
vn -0.4894 -0.3078 -0.8159
vn -0.7238 -0.3688 -0.5832
vn -0.2413 0.9366 0.2541
vn 0.5328 -0.0255 0.8458
vn 0.7926 0.3679 0.4863
vn 0.6455 0.2159 0.7326
vn 0.8061 0.0414 0.5903
vn -0.0417 -0.4078 0.9121
vn 0.0326 -0.2836 0.9584
vn -0.1290 -0.3455 0.9295
vn -0.0330 -0.0483 0.9983
vn -0.1120 -0.1939 0.9746
vn 0.7165 0.2581 0.6481
vn 0.6127 0.2420 0.7523
vn 0.8871 0.2441 0.3917
vn 0.8838 0.4354 0.1711
vn 0.8505 0.5220 0.0641
vn 0.7572 0.1651 0.6320
vn 0.5866 0.0814 0.8057
vn -0.5723 -0.7543 0.3216
vn 0.0322 -0.5272 0.8491
vn 0.2473 -0.2397 0.9388
vn -0.2611 -0.2853 0.9222
vn -0.1766 -0.6200 0.7645
vn -0.3998 -0.3675 0.8397
vn -0.3807 -0.3582 0.8525
vn 0.5090 -0.1762 0.8425
vn 0.2326 -0.7927 0.5636
vn 0.6551 0.0626 -0.7529
vn -0.4495 -0.2889 0.8453
vn -0.1719 -0.1015 0.9799
vn -0.3156 -0.2773 0.9074
vn -0.5419 -0.2366 0.8065
vn -0.0699 -0.0880 0.9937
vn -0.3803 -0.3456 0.8579
vn 0.7435 0.2525 0.6192
vn 0.0806 -0.1064 0.9910
vn -0.2166 -0.2321 0.9483
vn 0.1770 0.0563 0.9826
vn -0.3358 -0.0903 0.9376
vn 0.9180 0.1973 0.3439
vn 0.2837 0.4235 0.8603
vn 0.6192 0.5993 0.5074
vn -0.5663 -0.7489 0.3441
vn -0.7027 -0.1914 0.6853
vn -0.6128 -0.4544 0.6465
vn -0.0998 0.0588 0.9933
vn 0.0405 0.1012 0.9940
vn 0.0412 0.8396 0.5416
vn 0.4968 0.8662 -0.0529
vn 0.1768 0.6597 0.7304
vn -0.3475 0.9075 0.2361
vn -0.4550 0.7739 0.4405
vn -0.4173 0.7980 0.4349
vn -0.5518 -0.8073 0.2091
vn -0.5856 -0.8047 0.0969
vn 0.1266 0.4728 0.8720
vn 0.0864 0.2068 0.9746
vn -0.2395 -0.2235 0.9448
vn -0.2339 0.7328 -0.6390
vn 0.1067 0.8749 -0.4723
vn -0.1113 0.8307 -0.5455
vn -0.0893 0.9951 0.0424
vn -0.4522 0.7327 -0.5086
vn -0.6501 -0.3252 0.6867
vn -0.7417 -0.0498 0.6688
vn -0.8677 -0.0621 0.4932
vn -0.7724 -0.4510 0.4471
vn -0.9239 0.0787 0.3744
vn -0.9517 -0.0141 0.3066
vn -0.9317 0.0626 0.3578
vn -0.9353 0.1441 0.3232
vn -0.0753 0.1988 0.9772
vn -0.8806 0.2659 0.3922
vn -0.8945 0.2426 0.3755
vn -0.9303 0.1600 0.3300
vn 0.4624 -0.2256 0.8575
vn -0.4165 0.6596 -0.6256
vn -0.1549 0.9879 -0.0009
vn -0.1507 0.9655 -0.2123
vn -0.0201 0.9886 -0.1492
vn -0.1455 -0.9876 0.0586
vn -0.0531 0.9688 -0.2420
vn -0.0199 0.9536 -0.3003
vn -0.3753 -0.8608 0.3438
vn -0.6978 0.1749 0.6946
vn -0.2907 0.9101 0.2954
vn -0.5525 0.5095 0.6596
vn -0.6712 0.1662 0.7224
vn -0.6452 0.2415 0.7248
vn -0.3495 0.6970 0.6261
vn -0.0639 0.9918 -0.1106
vn -0.2403 0.9641 -0.1126
vn -0.7156 -0.3089 0.6265
vn -0.7029 0.2631 0.6608
vn -0.7873 0.0625 0.6135
vn -0.8406 0.2750 0.4666
vn -0.8610 0.2281 0.4546
vn -0.9115 0.2759 0.3052
vn -0.6108 -0.7442 0.2705
vn -0.9191 -0.2127 0.3316
vn -0.1813 0.9444 -0.2744
vn -0.8012 0.4977 0.3322
vn -0.4130 0.8863 -0.2094
vn -0.3005 0.9528 0.0425
vn -0.6516 -0.7258 -0.2206
vn 0.9346 -0.3499 0.0637
vn 0.0464 -0.9892 -0.1389
vn -0.2706 -0.9592 0.0822
vn 0.6508 -0.7408 -0.1660
vn 0.6568 -0.7537 0.0261
vn 0.6695 -0.7428 0.0062
vn -0.3542 -0.9252 -0.1358
vn -0.6284 -0.7778 0.0091
vn 0.6988 -0.6809 0.2192
vn -0.3830 -0.9083 0.1682
vn 0.9427 0.3062 -0.1326
vn 0.8436 0.0795 0.5310
vn 0.8522 0.1533 0.5002
vn 0.8483 0.0640 0.5256
vn -0.0752 -0.3681 0.9267
vn 0.1047 -0.1256 0.9865
vn 0.1782 -0.1892 0.9656
vn -0.1791 -0.2093 0.9613
vn 0.8970 0.1966 0.3959
vn -0.6234 -0.7268 0.2882
vn 0.8536 0.4020 0.3313
vn 0.7796 0.3148 0.5415
vn 0.8436 0.3016 0.4442
vn 0.9350 0.2365 0.2642
vn -0.2145 -0.9545 0.2072
vn -0.3898 -0.8959 0.2130
vn 0.9164 -0.3768 0.1346
vn 0.7220 -0.6136 0.3197
vn 0.9365 -0.3171 0.1497
vn -0.3388 -0.9396 0.0484
vn -0.2855 -0.9583 0.0080
vn 0.7011 -0.6610 0.2676
vn -0.5036 -0.8637 -0.0174
vn -0.7751 -0.4647 -0.4280
vn -0.7543 -0.5256 0.3935
vn -0.7370 -0.5802 -0.3468
vn -0.6558 -0.5415 0.5260
vn 0.8614 0.4909 0.1302
vn 0.8593 0.4115 0.3038
vn 0.8826 0.2998 0.3620
vn 0.9536 0.2928 -0.0702
vn 0.9335 0.1327 -0.3330
vn 0.9912 -0.0137 -0.1316
vn 0.7848 -0.0246 0.6193
vn 0.6080 0.0417 0.7928
vn 0.5221 -0.2272 0.8221
vn 0.3278 -0.1830 0.9269
vn -0.3388 -0.4629 -0.8191
vn -0.0760 -0.2326 -0.9696
vn 0.8268 -0.1323 -0.5467
vn 0.6532 -0.0557 -0.7551
vn -0.7502 -0.6576 -0.0687
vn 0.8587 -0.2366 0.4546
vn -0.4301 -0.6253 0.6512
vn -0.4457 -0.6613 0.6034
vn 0.6147 -0.4129 0.6721
vn 0.2169 -0.3616 0.9068
vn -0.4662 -0.4262 0.7752
vn -0.4888 -0.6897 -0.5343
vn -0.0193 -0.3079 -0.9512
vn -0.3156 -0.6791 -0.6627
vn 0.7925 -0.2734 -0.5452
vn 0.9498 -0.3123 -0.0173
vn 0.4203 -0.9071 -0.0215
vn 0.4206 -0.9071 -0.0131
vn 0.4096 -0.8946 -0.1788
vn -0.2048 -0.7652 0.6104
vn -0.1434 -0.7597 0.6343
vn 0.4198 -0.8938 0.1578
vn 0.7459 0.6573 0.1078
vn 0.8277 0.5317 -0.1796
vn -0.6959 -0.0891 0.7125
vn -0.8177 -0.2288 0.5283
vn -0.9292 0.1543 0.3357
vn -0.8403 0.4421 0.3138
vn -0.4136 -0.8923 0.1811
vn -0.8556 -0.2466 0.4552
vn -0.7746 0.2520 0.5801
vn -0.3903 -0.9043 0.1729
vn -0.6774 -0.6900 0.2550
vn -0.9211 0.0566 0.3852
vn -0.7459 0.6658 0.0187
vn -0.1829 -0.9667 0.1787
vn -0.6642 0.6469 0.3747
vn -0.5572 -0.7523 0.3516
vn -0.6993 -0.3795 0.6057
vn -0.7705 0.4222 0.4776
vn 0.3922 0.0830 0.9161
vn 0.1245 -0.3225 0.9383
vn 0.2264 -0.4866 0.8438
vn -0.1328 -0.3879 0.9121
vn 0.5526 -0.2246 0.8026
vn 0.6734 0.0909 0.7337
vn 0.5435 0.2728 0.7938
vn 0.4818 -0.7580 0.4397
vn 0.3712 -0.8146 0.4457
vn 0.6931 -0.7175 0.0695
vn 0.8462 -0.5204 0.1149
vn 0.6399 0.3217 0.6979
vn 0.6638 0.3332 0.6696
vn 0.7962 0.1516 0.5858
vn 0.5559 0.2790 0.7830
vn 0.9284 0.2155 0.3027
vn 0.3978 0.3921 0.8295
vn 0.5481 0.2073 0.8103
vn 0.1107 -0.4081 0.9062
vn 0.4442 -0.5709 0.6905
vn 0.1040 -0.4974 0.8613
vn 0.1197 -0.5450 0.8298
vn 0.9634 0.2675 0.0176
vn 0.7026 -0.6969 0.1439
vn 0.9946 0.0034 -0.1034
vn 0.9759 0.0419 -0.2141
vn 0.7243 -0.6161 0.3095
vn 0.4509 -0.6955 0.5594
vn -0.0151 -0.7320 0.6811
vn -0.1019 -0.8097 0.5780
vn -0.1430 -0.7600 0.6340
vn 0.7421 -0.4967 0.4501
vn -0.2635 -0.4761 0.8390
vn -0.2046 -0.2164 0.9546
vn 0.1533 -0.7307 0.6653
vn -0.4545 -0.3093 0.8353
vn 0.0488 -0.1482 0.9878
vn 0.0966 -0.0723 0.9927
vn 0.0132 -0.1130 0.9935
vn 0.9449 0.1650 0.2828
vn 0.6720 0.0063 0.7405
vn 0.7089 -0.1538 0.6883
vn 0.9580 0.2472 0.1456
vn -0.0463 -0.2917 0.9554
vn 0.9331 0.2868 0.2169
vn -0.4478 -0.2147 0.8680
vn 0.9439 0.3052 0.1261
vn 0.5326 0.1918 0.8243
vn 0.5105 0.1255 0.8506
vn 0.9461 0.3236 0.0094
vn 0.9795 0.1793 0.0915
vn -0.3565 -0.3220 0.8771
vn 0.9619 0.2145 0.1696
vn 0.8111 0.1237 0.5716
vn 0.8947 0.0631 0.4422
vn 0.7853 -0.0011 0.6191
vn 0.7904 0.0318 0.6118
vn 0.8093 0.1077 0.5774
vn 0.8757 0.3171 0.3641
vn 0.9316 0.3451 0.1144
vn 0.6174 0.3760 -0.6909
vn 0.4909 0.3374 -0.8032
vn 0.5958 0.3513 -0.7222
vn 0.5879 0.3352 -0.7362
vn 0.5815 -0.5196 0.6259
vn 0.5314 -0.5353 0.6565
vn 0.6954 -0.4709 0.5428
vn 0.5895 -0.0670 0.8050
vn 0.5988 -0.0641 0.7983
vn 0.7727 0.1679 0.6122
vn 0.7809 0.0994 0.6167
vn 0.5503 0.1086 0.8279
vn 0.2931 -0.1030 0.9505
vn 0.3174 -0.5689 0.7587
vn 0.3269 -0.4565 0.8275
vn -0.4695 -0.5177 0.7152
vn -0.2390 -0.3825 0.8925
vn 0.7275 0.6222 -0.2892
vn 0.8641 0.4392 -0.2459
vn 0.4760 0.2214 -0.8511
vn 0.9282 0.3713 0.0247
vn 0.7721 0.3374 -0.5386
vn 0.8490 0.2315 -0.4749
vn 0.6128 0.2387 -0.7533
vn -0.2289 -0.9733 -0.0176
vn -0.0239 -0.9997 0.0054
vn -0.5219 -0.1273 -0.8434
vn -0.2675 -0.4075 -0.8731
vn -0.3380 -0.2751 -0.9000
vn 0.9597 0.2326 -0.1578
vn 0.9490 0.2924 -0.1179
vn 0.6455 0.1141 -0.7552
vn 0.7679 0.2451 -0.5919
vn 0.6574 0.1617 -0.7360
vn -0.4250 -0.8968 0.1229
vn -0.5124 -0.1016 -0.8527
vn 0.6109 0.2053 -0.7646
vn 0.4099 0.3124 -0.8570
vn 0.7163 0.3099 -0.6252
vn 0.3377 -0.3032 -0.8911
vn -0.0629 -0.3340 -0.9405
vn -0.6474 -0.2799 -0.7089
vn 0.5710 0.3202 -0.7559
vn 0.7518 0.5425 -0.3749
vn 0.8713 0.1072 -0.4789
vn -0.2217 0.9734 0.0582
vn -0.7362 -0.0245 0.6764
vn -0.8336 0.3781 0.4027
vn -0.9929 0.0945 0.0726
vn -0.9816 0.1765 0.0730
vn -0.8037 0.5950 -0.0097
vn -0.9137 0.3814 0.1401
vn -0.6644 -0.1549 0.7311
vn -0.2647 -0.2749 0.9243
vn -0.7715 0.0559 0.6337
vn -0.8119 -0.0504 0.5816
vn -0.8012 0.5357 0.2665
vn -0.1004 -0.9826 0.1563
vn -0.2305 0.6825 0.6936
vn -0.2455 0.8965 0.3687
vn -0.4768 0.7978 0.3690
vn -0.4532 -0.6705 0.5874
vn -0.2661 -0.9018 0.3404
vn -0.6368 0.6388 0.4318
vn 0.8451 -0.4575 -0.2766
vn 0.8955 -0.0031 -0.4451
vn 0.6199 0.3612 0.6966
vn 0.8368 0.4639 0.2908
vn 0.6472 -0.5278 -0.5500
vn 0.7225 -0.2358 -0.6499
vn 0.7408 0.0751 -0.6675
vn 0.7514 0.3419 -0.5643
vn 0.5725 -0.8164 -0.0756
vn 0.6889 -0.5320 -0.4924
vn 0.5631 -0.8148 0.1382
vn 0.5702 -0.2040 -0.7958
vn 0.7272 0.2627 0.6342
vn 0.5788 0.0704 -0.8124
vn 0.5059 0.1368 -0.8517
vn 0.5617 -0.1267 -0.8176
vn 0.4942 0.2529 -0.8317
vn 0.6205 0.1485 -0.7700
vn 0.7460 0.0119 0.6658
vn 0.8748 0.1137 0.4709
vn 0.8822 0.3743 0.2856
vn 0.5769 0.2684 -0.7715
vn 0.8589 0.0234 0.5116
vn 0.8756 0.0946 0.4737
vn 0.8352 0.3020 -0.4597
vn 0.7269 0.3618 -0.5837
vn 0.9045 0.3391 -0.2588
vn 0.8740 0.3668 -0.3186
vn 0.7048 0.3131 -0.6366
vn 0.8872 0.3122 -0.3398
vn 0.4136 0.3174 -0.8534
vn 0.8979 -0.3979 0.1885
vn 0.7349 -0.5468 0.4012
vn 0.5971 -0.6890 0.4109
vn 0.9406 -0.0908 -0.3272
vn 0.9584 0.0125 -0.2853
vn 0.4702 -0.8708 -0.1437
vn 0.4490 -0.8810 -0.1494
vn 0.4556 -0.8779 -0.1477
vn 0.6048 -0.3958 -0.6911
vn 0.2401 -0.5977 -0.7649
vn 0.2376 -0.4715 -0.8493
vn 0.7037 -0.3358 -0.6262
vn 0.3502 -0.5218 -0.7779
vn 0.6925 -0.4873 -0.5320
vn 0.5309 -0.7740 0.3450
vn 0.7662 -0.5501 -0.3321
vn 0.6010 -0.7387 0.3053
vn -0.1687 -0.4642 0.8695
vn 0.7245 -0.3541 -0.5913
vn -0.0880 -0.9923 -0.0866
vn -0.0170 -0.9938 0.1098
vn 0.0124 -0.9719 0.2349
vn -0.0367 -0.9990 -0.0273
vn 0.4277 -0.8905 -0.1550
vn 0.0121 -0.9693 0.2457
vn -0.0344 -0.8473 -0.5300
vn -0.1556 -0.6839 -0.7128
vn -0.2771 -0.3205 -0.9058
vn -0.2945 -0.3987 0.8685
vn -0.2701 -0.3212 -0.9077
vn -0.0935 -0.9447 -0.3143
vn -0.7849 -0.6181 -0.0440
vn -0.8589 -0.4289 -0.2798
vn -0.8877 -0.4589 0.0363
vn 0.7416 0.4579 -0.4902
vn 0.7969 0.5526 -0.2441
vn 0.6941 0.7052 -0.1447
vn 0.9090 0.0156 -0.4165
vn -0.4845 -0.8629 0.1439
vn -0.4998 -0.8282 0.2537
vn 0.1915 -0.4405 -0.8771
vn 0.1151 -0.9911 -0.0668
vn 0.5674 -0.8071 -0.1632
vn 0.4531 -0.8719 -0.1859
vn -0.9223 -0.3831 0.0515
vn -0.9085 -0.3829 -0.1673
vn -0.9119 -0.3113 0.2675
vn -0.8391 -0.4069 0.3611
vn -0.9071 -0.3485 0.2360
vn -0.9532 -0.1983 0.2284
vn -0.7207 -0.5200 0.4585
vn -0.4677 -0.5662 -0.6787
vn -0.7578 -0.5129 -0.4032
vn -0.6073 -0.7887 -0.0955
vn -0.8258 -0.5631 0.0312
vn -0.2081 -0.9653 -0.1580
vn -0.3135 -0.7541 0.5771
vn -0.3545 -0.8048 -0.4760
vn -0.6535 -0.5839 0.4817
vn -0.4250 -0.3878 0.8179
vn 0.4311 0.8883 -0.1584
vn 0.4504 0.8761 -0.1720
vn 0.4833 0.8534 -0.1954
vn 0.3931 0.1378 -0.9091
vn 0.9700 0.1791 0.1645
vn 0.9390 -0.2159 0.2679
vn 0.8538 0.1069 0.5095
vn 0.0668 -0.6558 -0.7520
vn 0.6566 -0.5523 -0.5137
vn 0.2757 -0.9138 -0.2982
vn 0.9696 0.0060 -0.2445
vn 0.7054 -0.6894 -0.1647
vn 0.2963 -0.5514 0.7798
vn 0.1404 -0.9418 0.3055
vn 0.5295 -0.4938 0.6898
vn 0.5837 0.5654 -0.5828
vn 0.6318 0.5394 -0.5567
vn -0.0533 0.9384 0.3414
vn -0.0616 0.9299 0.3625
vn -0.0873 0.6384 0.7647
vn -0.2000 0.4447 0.8731
vn -0.9374 0.3443 -0.0534
vn -0.7163 0.6866 0.1247
vn -0.3769 0.6605 -0.6494
vn -0.0412 0.6906 -0.7221
vn -0.3113 0.7000 -0.6427
vn -0.5673 0.5457 -0.6168
vn -0.6408 0.6090 -0.4673
vn -0.2078 0.7121 -0.6706
vn -0.4793 -0.6883 0.5445
vn -0.5884 -0.6687 0.4545
vn -0.6884 -0.0486 0.7237
vn -0.8614 0.1882 0.4717
vn -0.9280 0.0133 0.3723
vn -0.9035 0.1400 0.4050
vn -0.8970 -0.0017 0.4420
vn -0.9360 0.1798 0.3027
vn -0.8460 -0.1518 0.5111
vn -0.8734 -0.1568 0.4611
vn -0.6134 -0.0063 0.7898
vn -0.6710 0.0588 0.7391
vn -0.6620 0.5455 0.5140
vn -0.8175 -0.1617 0.5528
vn -0.6697 -0.1861 0.7189
vn -0.7101 -0.0130 0.7040
vn -0.3734 0.1318 0.9183
vn -0.2022 -0.9783 0.0461
vn -0.1196 -0.9881 0.0965
vn -0.5994 0.6930 0.4006
vn -0.4526 0.8239 0.3410
vn -0.7242 0.6081 0.3252
vn -0.6470 0.7205 0.2496
vn -0.8097 0.4878 0.3264
vn -0.0259 -0.7436 -0.6681
vn 0.8848 -0.3344 -0.3244
vn 0.6834 -0.6236 -0.3795
vn 0.7386 -0.5950 -0.3169
vn 0.9273 -0.1881 -0.3237
vn 0.8193 0.4328 -0.3761
vn -0.6884 -0.5651 -0.4548
vn -0.1533 -0.9037 -0.3999
vn -0.5305 -0.7911 -0.3045
vn 0.0265 -0.9715 -0.2358
vn -0.7208 -0.6852 -0.1049
vn 0.0617 -0.9671 -0.2469
vn 0.0815 -0.9877 -0.1331
vn -0.7049 -0.7041 -0.0859
vn 0.6714 -0.7017 -0.2385
vn 0.5352 0.5878 -0.6067
vn -0.7538 -0.5857 0.2980
vn -0.7456 -0.6660 0.0237
vn 0.5914 -0.7470 0.3038
vn 0.7713 -0.3182 -0.5512
vn 0.8152 -0.4457 -0.3699
vn 0.7484 -0.6478 0.1426
vn 0.3148 0.3938 -0.8636
vn -0.2633 -0.4535 0.8515
vn -0.3183 -0.4767 0.8194
vn -0.3405 -0.3906 0.8553
vn -0.2240 -0.3515 0.9090
vn -0.8953 -0.3401 0.2878
vn 0.8009 0.2770 -0.5310
vn -0.6320 -0.7716 -0.0721
vn -0.0427 0.5510 -0.8334
vn -0.9731 0.0883 -0.2128
vn -0.9754 -0.0562 -0.2132
vn -0.9591 -0.1901 -0.2097
vn 0.0580 -0.4354 0.8984
vn -0.0870 -0.4621 0.8826
vn -0.3122 -0.4833 0.8179
vn -0.3625 -0.4845 0.7962
vn 0.7790 0.0899 -0.6205
vn 0.7822 0.0053 -0.6230
vn -0.9436 -0.2618 0.2024
vn -0.9164 -0.2542 0.3092
vn -0.9306 -0.2582 0.2593
vn -0.9426 0.2627 -0.2061
vn 0.4855 0.7013 -0.5220
vn 0.5284 0.6335 -0.5651
vn 0.7038 0.5320 -0.4708
vn 0.1321 -0.9912 0.0031
vn 0.7615 0.6066 0.2284
vn 0.5411 0.6398 -0.5458
vn -0.0397 0.6968 -0.7161
vn 0.9997 0.0067 0.0233
vn -0.0000 0.7071 -0.7071
vn -0.0000 -0.0366 -0.9993
vn 0.8397 0.4689 -0.2741
vn 0.8638 0.3732 -0.3385
vn -0.9499 -0.2636 0.1680
vn 0.6901 0.6671 -0.2806
vn 0.7167 0.6336 -0.2915
vn 0.9820 0.0681 -0.1760
vn 0.8945 0.4151 -0.1659
vn 0.5534 0.5949 -0.5830
vn 0.0750 -0.4468 0.8915
vn -0.2195 -0.2285 0.9485
vn -0.2674 -0.9605 0.0776
vn -0.1976 -0.9576 0.2098
vn -0.1318 -0.9771 0.1668
vn 0.7773 -0.1389 0.6136
vn -0.9532 -0.2012 0.2256
vn -0.9964 -0.0447 0.0718
vn -0.9858 -0.1163 0.1211
vn -0.4236 -0.3179 0.8483
vn -0.5434 -0.4119 0.7315
vn -0.4617 -0.3860 0.7987
vn 0.0417 -0.5803 0.8133
vn -0.9821 -0.1187 0.1465
vn -0.9777 -0.1425 0.1540
vn 0.5952 -0.0377 -0.8027
vn 0.9227 0.2464 -0.2966
vn 0.9432 0.2103 -0.2571
vn -0.5007 -0.2420 0.8311
vn -0.2563 -0.3121 0.9148
vn 0.9117 -0.0414 -0.4088
vn 0.3640 0.8175 -0.4463
vn 0.2961 -0.5073 0.8093
vn 0.8854 0.2765 -0.3737
vn 0.8736 0.2806 -0.3976
vn -0.7138 -0.3450 -0.6095
vn -0.6947 0.3702 -0.6167
vn 0.6792 0.3787 0.6287
vn -0.5895 0.4791 -0.6504
vn -0.5362 -0.6971 -0.4760
vn 0.5886 -0.4776 0.6523
vn -0.4376 -0.2230 0.8711
vn -0.6055 -0.2871 0.7423
vn 0.8594 0.2220 -0.4606
vn 0.9137 0.1267 -0.3860
vn 0.8953 0.0990 -0.4344
vn 0.8787 0.0780 -0.4710
vn -0.7573 -0.4862 0.4360
vn -0.9546 0.2267 -0.1931
vn 0.5057 0.8364 -0.2115
vn 0.9371 0.1763 -0.3014
vn 0.4027 0.7603 -0.5097
vn -0.6152 0.1461 0.7747
vn -0.6389 -0.7314 0.2387
vn 0.6552 0.2588 0.7098
vn 0.0041 -0.7111 0.7031
vn 0.8792 -0.0683 -0.4716
vn 0.6206 -0.4034 0.6724
vn 0.6662 0.7395 0.0964
vn -0.6264 -0.3803 0.6804
vn -0.5736 -0.4215 0.7024
vn 0.3007 0.8092 -0.5047
vn 0.9463 0.1907 -0.2612
vn 0.5076 0.1286 -0.8519
vn -0.0000 -0.0000 -1.0000
vn -0.4927 0.6934 -0.5258
vn -0.2972 -0.8784 0.3743
vn -0.2421 -0.2755 0.9303
vn 0.2381 -0.3351 0.9116
vn -0.4014 -0.2418 0.8834
vn -0.2131 -0.4171 0.8835
vn 0.9094 0.2474 -0.3344
vn 0.7999 0.5022 0.3286
vn 0.7868 0.5176 0.3362
vn 0.8354 0.3233 0.4445
vn 0.8384 0.2618 0.4781
vn 0.9243 -0.0170 -0.3812
vn 0.9247 -0.0512 -0.3773
vn 0.2993 0.2834 -0.9111
vn 0.6275 -0.0877 0.7737
vn -0.0315 0.5490 0.8353
vn 0.1128 0.2606 0.9588
vn 0.4334 0.3309 -0.8383
vn 0.4073 0.2084 -0.8892
vn 0.3414 0.1115 -0.9333
vn 0.4147 0.2805 -0.8656
vn -0.0514 -0.2913 0.9552
vn 0.0589 0.0639 -0.9962
vn -0.2422 0.6936 -0.6785
vn 0.0870 0.3523 -0.9318
vn 0.1996 -0.0277 0.9795
vn 0.3692 0.0275 0.9289
vn 0.3767 -0.0776 0.9231
vn 0.2820 0.0954 0.9547
vn -0.8228 -0.0125 -0.5682
vn -0.4875 -0.0613 -0.8710
vn -0.7601 0.1184 -0.6389
vn -0.5049 0.1074 -0.8565
vn -0.5081 0.3215 -0.7990
vn -0.8274 -0.1384 0.5443
vn -0.5978 0.7764 0.1996
vn -0.5770 0.7981 0.1735
vn -0.0705 0.6578 -0.7499
vn -0.1149 0.5971 -0.7939
vn -0.2236 -0.9500 0.2182
vn 0.0669 -0.3733 0.9253
vn -0.0863 -0.4000 0.9125
vn -0.0116 -0.2864 0.9580
vn 0.2344 -0.1217 0.9645
vn -0.1588 0.1626 0.9738
vn 0.0371 -0.2003 0.9790
vn -0.8381 0.1183 0.5325
vn -0.6801 -0.1099 0.7248
vn 0.1766 -0.1904 0.9657
vn 0.0164 0.1828 0.9830
vn -0.9404 -0.2007 0.2746
vn -0.6419 -0.3795 0.6662
vn -0.7727 -0.2008 0.6022
vn -0.9966 0.0678 0.0461
vn -0.9845 0.1100 -0.1364
vn 0.3000 0.0306 0.9534
vn -0.1954 0.0939 0.9762
vn -0.5035 0.2497 0.8271
vn 0.3198 0.2116 0.9235
vn 0.2862 -0.0324 0.9576
vn 0.2081 -0.1600 0.9649
vn -0.4673 0.0859 0.8799
vn -0.7202 0.0052 0.6938
vn -0.3998 0.0281 0.9162
vn -0.8772 -0.0566 0.4767
vn -0.4514 -0.0012 0.8923
vn 0.2960 -0.1652 0.9408
vn -0.7055 0.0510 0.7068
vn -0.5157 -0.0937 0.8516
vn -0.8750 0.0125 0.4839
vn -0.9128 -0.0901 0.3983
vn -0.9184 0.2249 -0.3254
vn -0.9658 0.1915 -0.1749
vn -0.8153 0.2577 -0.5186
vn -0.8425 0.2344 -0.4850
vn -0.9911 0.1050 0.0814
vn -0.9207 0.1568 -0.3575
vn -0.9802 0.0014 -0.1979
vn -0.9831 0.1824 0.0153
vn -0.9885 -0.1163 -0.0962
vn -0.9302 -0.2178 0.2954
vn -0.8575 -0.1817 -0.4813
vn -0.8440 -0.1989 -0.4980
vn -0.6692 -0.1566 -0.7263
vn -0.9545 -0.1248 0.2707
vn -0.8477 -0.1934 -0.4940
vn -0.9881 -0.1091 0.1081
vn -0.7608 -0.1365 -0.6344
vn -0.6795 -0.0205 0.7334
vn -0.6671 0.0744 0.7412
vn -0.9983 -0.0470 0.0332
vn -0.9034 -0.1296 -0.4088
vn -0.5483 -0.0335 -0.8356
vn -0.4493 -0.1873 0.8735
vn -0.2933 -0.0752 0.9531
vn -0.2770 -0.0950 0.9562
vn -0.7455 -0.2827 0.6036
vn -0.9754 -0.1319 0.1765
vn -0.3421 0.2855 0.8953
vn -0.4032 0.3433 0.8483
vn -0.7002 -0.0204 0.7136
vn -0.2523 0.9315 0.2618
vn -0.2200 0.8493 0.4799
vn -0.1148 0.9353 0.3346
vn -0.3257 0.7332 0.5969
vn -0.3706 0.6759 0.6371
vn -0.9425 -0.0984 0.3193
vn -0.7825 0.4944 0.3785
vn -0.9786 0.2060 0.0002
vn -0.1884 0.9801 0.0628
vn -0.3223 0.9404 -0.1082
vn -0.4552 0.7375 -0.4989
vn -0.4730 0.8710 -0.1327
vn -0.7569 0.6413 -0.1257
vn -0.9836 -0.1099 -0.1432
vn -0.8423 0.3766 -0.3857
vn -0.5416 0.3576 -0.7607
vn -0.8324 0.0685 -0.5499
vn -0.1812 0.3099 -0.9333
vn -0.4656 0.7783 0.4212
vn -0.8039 0.5261 0.2775
vn -0.4938 -0.8669 0.0681
vn -0.7253 -0.6259 0.2867
vn -0.6787 -0.7223 -0.1328
vn -0.9933 -0.0825 -0.0805
vn -0.9912 -0.1055 -0.0805
vn -0.9900 -0.1034 -0.0963
vn -0.3156 -0.9292 -0.1925
vn -0.5572 -0.8198 -0.1319
vn -0.7722 0.6199 0.1391
vn -0.9514 -0.2295 -0.2055
vn -0.9309 0.3636 -0.0344
vn -0.8554 0.4931 0.1588
vn 0.7838 -0.5078 -0.3575
vn 0.2575 -0.9660 0.0242
vn -0.0832 -0.9930 0.0838
vn -0.1053 -0.9910 0.0824
vn 0.8509 -0.1410 -0.5061
vn 0.5083 -0.8564 -0.0911
vn -0.1210 -0.9371 0.3275
vn -0.3083 -0.6504 0.6942
vn -0.3567 -0.4745 0.8048
vn -0.4797 -0.5311 0.6985
vn 0.6991 0.3062 -0.6461
vn 0.6374 -0.5891 -0.4967
vn 0.0213 -0.5347 0.8448
vn 0.4766 -0.8743 -0.0926
vn -0.1780 -0.7783 0.6022
vn 0.6251 0.0721 -0.7772
vn 0.6414 -0.3445 -0.6855
vn 0.6155 0.2494 -0.7476
vn 0.6190 -0.5714 -0.5388
vn 0.4872 0.5943 -0.6399
vn 0.7520 -0.3010 0.5864
vn 0.7725 -0.6322 0.0594
vn 0.5926 -0.8041 -0.0480
vn 0.8715 -0.4843 0.0769
vn 0.4732 -0.8309 0.2926
vn 0.2711 -0.9617 -0.0409
vn 0.3712 -0.2280 0.9001
vn -0.0805 -0.7784 0.6226
vn 0.4522 -0.3708 0.8112
vn 0.3431 -0.5133 0.7866
vn 0.5843 -0.8109 -0.0322
vn 0.7284 -0.6840 0.0398
vn 0.7635 0.4702 -0.4427
vn 0.7556 -0.6420 0.1302
vn 0.8020 -0.3164 -0.5066
vn 0.7079 -0.1614 -0.6876
vn 0.5139 -0.4660 0.7203
vn 0.7723 -0.0590 -0.6326
vn -0.1132 -0.9719 0.2063
vn -0.1267 -0.9649 0.2302
vn -0.0829 -0.7404 -0.6670
vn -0.0164 -0.9146 -0.4040
vn 0.0784 -0.8878 -0.4535
vn -0.0770 -0.7334 -0.6754
vn 0.1767 -0.8574 -0.4833
vn -0.3965 -0.1091 -0.9116
vn -0.0145 0.0530 -0.9985
vn -0.0180 0.2349 -0.9719
vn 0.4018 0.1308 -0.9063
vn 0.0131 0.2307 -0.9729
vn -0.0556 -0.0351 -0.9978
vn -0.5530 -0.0599 -0.8310
vn -0.6344 -0.2572 -0.7290
vn -0.6549 -0.2729 -0.7047
vn -0.9159 -0.3675 0.1611
vn -0.6949 -0.4642 -0.5492
vn 0.8892 -0.0423 -0.4555
vn 0.7842 0.0499 0.6186
vn 0.9319 -0.1820 -0.3139
vn 0.3916 0.1390 0.9096
vn 0.4041 -0.0090 0.9147
vn 0.8578 -0.0046 0.5140
vn 0.9956 -0.0938 -0.0074
vn 0.9735 -0.2271 -0.0257
vn 0.8576 -0.4306 -0.2812
vn 0.6347 -0.3597 0.6839
vn 0.0239 0.0499 0.9985
vn 0.3573 0.0084 0.9339
vn 0.0617 -0.1133 0.9916
vn -0.0004 -0.3937 0.9192
vn 0.8610 -0.5085 -0.0055
vn 0.8059 -0.5578 0.1985
vn -0.2678 -0.9068 0.3257
vn 0.4273 -0.7222 -0.5438
vn -0.1635 -0.9616 0.2202
vn 0.2769 -0.0703 -0.9583
vn 0.6160 0.0479 -0.7863
vn 0.4640 -0.5682 -0.6796
vn 0.5445 0.1972 -0.8153
vn 0.7035 0.1547 -0.6937
vn 0.9378 0.1489 -0.3137
vn 0.7592 0.1447 -0.6345
vn -0.1376 -0.0432 -0.9895
vn -0.2128 -0.0251 -0.9768
vn -0.8283 -0.2665 -0.4929
vn -0.6802 -0.2338 -0.6948
vn -0.3165 -0.1514 -0.9364
vn -0.2162 -0.1861 -0.9584
vn -0.4597 -0.2433 -0.8541
vn 0.5375 0.4008 -0.7419
vn -0.4481 -0.6810 0.5792
vn -0.3368 -0.7491 0.5704
vn 0.9007 0.1482 -0.4084
vn 0.7354 0.1395 -0.6631
vn 0.9947 0.0728 -0.0732
vn 0.9896 0.1242 -0.0722
vn 0.8442 0.0792 -0.5302
vn -0.0241 -0.1419 -0.9896
vn 0.9156 0.1777 -0.3607
vn 0.7790 0.0748 -0.6225
vn -0.8892 -0.3421 -0.3038
vn -0.3025 -0.2772 -0.9120
vn 0.7091 -0.0976 -0.6983
vn 0.4636 -0.0890 -0.8816
vn -0.9325 -0.2733 -0.2360
vn 0.9661 0.1809 0.1842
vn 0.9531 0.2121 -0.2160
vn 0.8635 -0.1032 -0.4937
vn -0.5855 -0.3805 -0.7158
vn -0.5508 -0.5879 -0.5924
vn 0.5737 -0.4860 -0.6593
vn -0.7512 -0.6147 -0.2405
vn -0.6197 -0.7410 -0.2585
vn 0.6566 -0.5059 -0.5594
vn 0.4770 -0.7313 -0.4875
vn -0.0640 -0.0081 0.9979
vn 0.5950 0.4158 -0.6878
vn 0.4341 0.4536 -0.7784
vn -0.0059 0.3889 -0.9212
vn -0.3988 -0.5853 0.7059
vn 0.1359 0.1039 0.9853
vn -0.0049 -0.0202 0.9998
vn -0.2453 -0.1188 0.9621
vn -0.7409 0.3300 -0.5850
vn -0.8064 0.1723 -0.5657
vn -0.7619 0.4458 -0.4698
vn -0.8627 0.2658 -0.4302
vn -0.8701 0.3649 -0.3314
vn -0.9363 0.3390 -0.0915
vn -0.9725 0.1618 -0.1674
vn -0.1973 0.5561 -0.8074
vn -0.6533 0.4969 -0.5712
vn -0.2325 -0.0526 -0.9712
vn 0.0289 0.0427 -0.9987
vn -0.2759 -0.5173 0.8101
vn -0.2050 -0.5924 0.7791
vn -0.4019 -0.1167 0.9082
vn -0.3259 0.1108 0.9389
vn -0.8478 0.2223 0.4815
vn -0.6791 -0.1108 0.7257
vn -0.6636 0.2102 0.7180
vn -0.8252 -0.2721 0.4950
vn -0.9458 0.3004 -0.1231
vn -0.9841 0.1262 -0.1248
vn -0.9059 0.1584 -0.3928
vn -0.9685 0.2207 0.1157
vn -0.8843 0.4664 0.0210
vn -0.7767 0.3657 -0.5128
vn -0.8225 0.1293 -0.5539
vn -0.8672 0.0292 -0.4970
vn -0.9544 0.1046 -0.2798
vn -0.8777 0.0311 -0.4782
vn -0.9150 0.0277 -0.4025
vn -0.9681 0.0925 0.2329
vn -0.9421 0.1720 -0.2877
vn -0.7606 0.0166 -0.6490
vn -0.7507 0.1458 -0.6443
vn -0.8195 0.1505 0.5529
vn -0.8855 0.0497 0.4619
vn -0.9834 0.1702 0.0629
vn -0.9542 0.2222 -0.2002
vn -0.1824 0.4735 0.8617
vn -0.4379 0.3413 0.8317
vn -0.1829 -0.6821 0.7080
vn -0.0741 -0.5525 0.8302
vn 0.2854 0.0862 0.9545
vn -0.1751 -0.0755 0.9817
vn -0.1731 0.0075 0.9849
vn -0.4428 0.6693 0.5966
vn -0.3742 0.6060 0.7019
vn -0.9293 0.3635 0.0655
vn -0.8684 -0.4572 -0.1922
vn -0.9905 0.0858 -0.1078
vn -0.6935 -0.7193 0.0402
vn -0.9505 -0.2818 0.1311
vn -0.9288 0.2354 0.2861
vn -0.5050 -0.8373 0.2097
vn -0.8847 0.3173 0.3415
vn -0.7099 0.3253 0.6247
vn -0.9162 -0.3394 0.2131
vn -0.9352 0.2373 0.2627
vn -0.5388 -0.7814 0.3149
vn -0.6398 0.1766 0.7480
vn -0.7955 -0.3571 0.4896
vn -0.7769 -0.1493 0.6117
vn -0.7844 0.2096 0.5838
vn -0.4807 -0.6132 0.6268
vn -0.5724 -0.0835 0.8157
vn -0.3448 -0.8358 0.4273
vn -0.3469 -0.2323 0.9087
vn -0.4092 0.0996 0.9070
vn -0.2685 -0.6386 0.7212
vn -0.6185 0.4735 0.6271
vn -0.5136 0.3111 0.7997
vn -0.3480 0.4218 0.8372
vn -0.2976 0.4830 0.8235
vn -0.3220 0.4791 0.8166
vn 0.7118 -0.4014 0.5763
vn 0.4650 0.1998 0.8625
vn 0.5284 -0.1839 0.8288
vn 0.5669 -0.6239 0.5380
vn 0.5905 -0.7082 0.3871
vn 0.6517 -0.7432 0.1513
vn 0.2024 0.4954 0.8447
vn 0.0992 0.3282 0.9394
vn 0.1325 -0.2391 0.9619
vn 0.1062 0.2801 0.9541
vn 0.0638 -0.2185 0.9738
vn 0.5986 0.4526 0.6610
vn 0.2929 0.5987 0.7455
vn 0.3565 0.6591 0.6622
vn 0.1969 -0.2244 0.9544
vn 0.5390 0.1431 0.8301
vn 0.6900 0.2133 0.6916
vn 0.4283 0.0483 0.9023
vn 0.4613 -0.5723 0.6780
vn 0.8145 -0.2135 0.5394
vn 0.6250 0.0535 0.7788
vn 0.7792 -0.5457 0.3083
vn 0.8802 -0.4363 0.1866
vn 0.8706 -0.1518 0.4680
vn 0.6280 0.1233 0.7684
vn 0.6994 -0.6160 0.3625
vn 0.0663 0.0263 0.9975
vn 0.0335 -0.4496 0.8926
vn -0.2418 0.0698 0.9678
vn -0.4907 -0.2547 0.8333
vn 0.1956 -0.7280 0.6571
vn -0.1356 -0.5369 0.8327
vn -0.5157 -0.3704 0.7726
vn -0.6735 -0.2352 0.7008
vn -0.4170 -0.2523 0.8732
vn 0.2949 -0.5995 0.7441
vn -0.0224 -0.2924 0.9560
vn -0.3417 -0.3005 0.8905
vn -0.0781 -0.0834 0.9935
vn -0.2721 -0.1156 0.9553
vn 0.3727 -0.0994 0.9226
vn 0.3162 0.0823 0.9451
vn 0.2497 -0.1025 0.9629
vn 0.4463 0.2604 0.8561
vn 0.5441 -0.3910 0.7424
vn -0.0365 0.2771 0.9602
vn -0.5932 -0.2008 0.7796
vn -0.3329 -0.1282 0.9342
vn -0.0907 0.1533 0.9840
vn -0.0753 -0.2219 0.9722
vn 0.1598 0.4231 0.8919
vn 0.1692 0.5628 0.8091
vn -0.0431 -0.1016 0.9939
vn 0.4704 -0.0103 0.8824
vn 0.4990 -0.0515 0.8651
vn 0.9409 0.0217 0.3381
vn 0.9211 0.0319 0.3880
vn 0.6680 -0.2970 0.6823
vn 0.3948 -0.5737 0.7177
vn 0.2398 -0.5393 0.8073
vn 0.4005 -0.3348 0.8530
vn 0.3759 -0.1849 0.9080
vn 0.2272 0.2797 0.9328
vn 0.0076 -0.4482 0.8939
vn -0.0971 -0.0483 0.9941
vn -0.0906 0.2800 0.9557
vn -0.2280 -0.2423 0.9430
vn -0.3533 -0.0031 0.9355
vn 0.4020 0.0645 0.9134
vn 0.0500 0.1661 0.9848
vn -0.0216 0.1459 0.9891
vn 0.0904 -0.1076 0.9901
vn -0.1702 -0.1098 0.9793
vn -0.4370 -0.0356 0.8988
vn -0.1435 -0.1169 0.9827
vn -0.1199 -0.1462 0.9820
vn -0.2486 0.1783 0.9521
vn -0.0371 0.3727 0.9272
vn -0.0814 0.2411 0.9671
vn -0.3066 0.3012 0.9029
vn -0.6556 0.1258 0.7446
vn -0.8177 0.1911 0.5430
vn -0.8427 0.1910 0.5033
vn -0.8189 0.0990 0.5653
vn 0.7280 -0.4848 -0.4848
vn 0.7717 -0.3635 -0.5219
vn 0.7239 -0.2740 -0.6332
vn 0.4264 -0.8425 -0.3291
vn -0.1191 -0.5905 -0.7982
vn -0.1883 -0.6248 -0.7577
vn -0.2064 -0.3861 -0.8991
vn 0.5723 -0.2529 -0.7801
vn 0.2751 -0.3916 -0.8780
vn 0.2386 -0.2424 -0.9404
vn 0.6557 -0.4267 -0.6229
vn 0.7054 -0.2109 -0.6767
vn 0.7643 0.2421 -0.5977
vn 0.4531 -0.3747 -0.8089
vn -0.1959 -0.2969 -0.9346
vn 0.4547 -0.4553 -0.7655
vn -0.5304 -0.3832 -0.7562
vn -0.0071 -0.7147 -0.6994
vn 0.9233 0.2759 -0.2671
vn 0.9556 0.1573 -0.2491
vn 0.1441 -0.7739 -0.6167
vn 0.8836 -0.0449 -0.4660
vn 0.9386 0.3197 -0.1298
vn -0.3440 -0.7545 -0.5590
vn -0.8043 -0.5590 -0.2016
vn -0.7913 -0.5214 0.3193
vn -0.4651 -0.5171 0.7186
vn 0.5340 -0.7059 -0.4653
vn 0.8316 -0.3392 -0.4397
vn 0.9904 -0.0880 0.1070
vn 0.7313 -0.6505 -0.2050
vn 0.8891 0.2011 -0.4111
vn 0.9781 0.0230 0.2071
vn 0.7455 -0.1684 0.6448
vn 0.8276 0.0229 0.5608
vn -0.6307 -0.3213 0.7064
vn -0.1590 -0.3675 0.9163
vn -0.6431 -0.3398 0.6863
vn 0.4247 -0.1818 0.8869
vn 0.6304 -0.0242 0.7759
vn -0.7374 -0.4474 0.5060
vn 0.7578 0.0415 -0.6512
vn 0.0109 -0.9973 0.0719
vn 0.7964 0.0444 0.6031
vn -0.8633 -0.4569 0.2145
vn 0.9272 0.1141 0.3567
vn 0.9726 -0.1384 0.1870
vn 0.5836 -0.2183 0.7821
vn -0.7669 -0.6226 0.1558
vn -0.2043 -0.8474 0.4900
vn -0.2097 -0.9303 0.3011
vn -0.2074 -0.8828 0.4214
vn 0.7060 -0.6501 0.2810
vn 0.5921 -0.5947 0.5438
vn 0.4906 -0.8291 0.2684
vn 0.8299 -0.2882 0.4778
vn -0.1959 -0.7717 0.6051
vn 0.3546 -0.4677 0.8096
vn -0.2953 -0.8937 0.3378
vn -0.3825 -0.9187 0.0980
vn -0.3341 -0.8585 0.3890
vn -0.3909 -0.8813 -0.2655
vn -0.3051 -0.9182 -0.2525
vn -0.2909 0.0149 -0.9566
vn 0.0923 0.0022 -0.9957
vn -0.7285 -0.0587 -0.6825
vn -0.6497 -0.1046 -0.7529
vn -0.7117 -0.1100 -0.6939
vn 0.3307 0.0375 -0.9430
vn -0.5514 -0.2471 -0.7968
vn -0.5534 -0.4328 -0.7117
vn -0.8016 -0.1875 -0.5677
vn -0.9614 0.0856 0.2616
vn -0.9835 0.1638 0.0765
vn -0.9152 0.3851 0.1184
vn -0.5917 0.6610 -0.4615
vn 0.0301 0.6699 -0.7418
vn -0.6276 0.6157 -0.4764
vn -0.8603 0.4692 -0.1991
vn 0.4252 0.4617 -0.7785
vn 0.1354 0.5572 -0.8192
vn -0.9400 0.3247 -0.1050
vn -0.6890 0.5480 -0.4744
vn -0.2968 -0.8065 0.5114
vn -0.1950 -0.9251 0.3259
vn -0.1601 -0.9269 0.3394
vn -0.2927 -0.5991 -0.7452
vn -0.2785 -0.9339 -0.2241
vn 0.4287 -0.8514 -0.3021
vn 0.4255 -0.8445 -0.3253
vn 0.4222 -0.8374 -0.3470
vn 0.0283 -0.9853 0.1687
vn 0.0771 -0.1074 -0.9912
vn 0.4310 -0.8563 -0.2846
vn 0.8601 0.0314 -0.5092
vn 0.1316 -0.3426 -0.9302
vn -0.5284 -0.4122 -0.7422
vn 0.2966 -0.1642 -0.9408
vn 0.4949 -0.3726 -0.7850
vn -0.4682 -0.4992 -0.7291
vn 0.0798 -0.7819 -0.6182
vn 0.2774 -0.6983 -0.6599
vn 0.6678 -0.0769 -0.7403
vn -0.7437 0.6440 0.1792
vn -0.7899 0.5542 -0.2625
vn -0.8534 0.5068 -0.1218
vn -0.7785 0.5662 0.2709
vn -0.5637 0.4857 0.6681
vn -0.8552 0.2763 -0.4385
vn -0.9730 0.2310 -0.0036
vn -0.6682 0.1842 0.7208
vn -0.4889 0.1537 0.8587
vn -0.4828 0.2744 0.8316
vn -0.2801 0.3872 0.8784
vn -0.8521 0.3552 0.3843
vn -0.4657 0.3791 0.7997
vn -0.5123 0.4687 0.7197
vn -0.7118 0.5432 0.4453
vn 0.0680 0.2037 0.9767
vn -0.0818 0.2502 0.9647
vn 0.4737 -0.3792 0.7949
vn 0.2655 -0.3613 0.8939
vn 0.2200 -0.5264 0.8213
vn 0.5300 -0.1948 0.8253
vn 0.4398 -0.0594 0.8961
vn 0.5767 -0.4700 0.6682
vn 0.1330 0.1162 0.9843
vn 0.5133 0.0602 0.8561
vn 0.4865 0.1709 0.8568
vn -0.2825 0.2974 0.9120
vn -0.6156 0.3208 0.7198
vn -0.5366 0.3599 0.7633
vn 0.3938 0.0710 0.9165
vn -0.1205 0.2342 0.9647
vn 0.1800 -0.1290 0.9752
vn -0.0883 -0.0436 0.9951
vn -0.7818 -0.0281 0.6229
vn -0.6875 -0.0214 0.7259
vn -0.5660 -0.4634 0.6818
vn -0.5257 -0.3546 0.7732
vn -0.0549 -0.5257 0.8489
vn 0.2772 -0.3308 0.9021
vn 0.5504 0.1811 0.8151
vn 0.5989 0.5020 0.6240
vn 0.4283 0.8984 -0.0976
vn 0.5605 0.7916 0.2433
vn 0.4689 0.8714 -0.1439
vn 0.2099 -0.0114 0.9777
vn -0.1358 0.1909 0.9722
vn 0.0532 0.1939 0.9796
vn 0.0951 -0.4828 0.8705
vn 0.0519 -0.5209 0.8521
vn 0.2223 -0.1791 0.9584
vn -0.0970 0.0332 0.9947
vn -0.7485 0.5553 0.3626
vn -0.7788 0.2444 0.5776
vn -0.8365 0.2141 0.5044
vn -0.8324 0.0882 0.5470
vn -0.4713 0.2344 0.8503
vn -0.7985 -0.0925 0.5949
vn -0.6518 -0.3003 0.6964
vn -0.8845 0.3808 0.2695
vn -0.9906 -0.1323 0.0348
vn -0.9915 0.1173 -0.0567
vn -0.8804 -0.1588 0.4469
vn -0.9805 0.1517 -0.1247
vn -0.9869 -0.0196 -0.1601
vn -0.3634 -0.6822 0.6345
vn -0.4330 -0.7316 0.5265
vn -0.3411 -0.7307 0.5914
vn 0.5409 0.5329 0.6508
vn 0.2872 0.9378 -0.1948
vn 0.1979 0.9734 0.1151
vn 0.1722 0.9023 -0.3953
vn -0.1807 0.4496 0.8748
vn -0.3060 0.3644 0.8795
vn -0.3345 0.5961 0.7299
vn -0.4347 0.1562 0.8869
vn -0.7681 0.5460 0.3344
vn -0.7036 0.6759 0.2195
vn -0.6905 0.3542 0.6307
vn -0.8414 0.0488 0.5381
vn -0.6952 0.7123 -0.0966
vn -0.9365 0.3111 0.1616
vn -0.9397 0.3376 -0.0550
vn -0.9975 0.0468 0.0538
vn -0.8240 0.5380 -0.1779
vn -0.4588 0.0835 0.8846
vn 0.1068 0.0855 0.9906
vn -0.1708 0.2212 0.9602
vn -0.4420 0.2583 0.8590
vn -0.9907 0.0869 0.1048
vn -0.9535 0.2019 0.2236
vn -0.4183 0.4474 0.7905
vn -0.8621 0.4481 0.2366
vn -0.9131 0.2785 -0.2978
vn -0.8276 0.5378 -0.1607
vn 0.2466 0.9232 -0.2948
vn -0.2148 0.6097 0.7629
vn -0.2765 0.7062 0.6518
vn -0.0387 0.5679 0.8222
vn -0.3798 0.9204 -0.0927
vn -0.0898 0.9198 0.3819
vn -0.2537 0.9647 0.0704
vn 0.0281 0.9920 0.1235
vn -0.5911 0.7372 0.3272
vn -0.7243 0.6576 -0.2072
vn -0.0899 -0.1720 0.9810
vn -0.0579 -0.3376 0.9395
vn -0.2459 -0.6692 0.7013
vn 0.1824 0.9806 -0.0717
vn -0.1410 0.3268 0.9345
vn -0.0194 0.6815 0.7316
vn -0.0781 0.6106 0.7881
vn -0.0978 0.6711 0.7349
vn 0.2922 0.9496 -0.1131
vn 0.0399 -0.2171 0.9753
vn 0.0340 0.8005 0.5984
vn 0.6188 -0.1488 0.7713
vn 0.6377 -0.1391 0.7576
vn 0.4600 -0.8358 0.2999
vn 0.3775 -0.6529 0.6567
vn 0.0535 -0.3842 0.9217
vn 0.0790 0.5190 0.8511
vn 0.1013 0.3342 0.9370
vn 0.5946 -0.1949 0.7800
vn 0.3281 -0.6928 0.6421
vn 0.2325 0.9226 0.3079
vn -0.0624 -0.4121 0.9090
vn -0.1209 -0.4094 0.9043
vn -0.2525 -0.1094 0.9614
vn -0.3653 0.1073 0.9247
vn -0.2291 0.1081 0.9674
vn -0.1744 0.0470 0.9836
vn -0.2708 0.2503 0.9295
vn 0.2157 0.8106 0.5444
vn 0.3904 0.8028 0.4507
vn 0.1708 0.9675 0.1863
vn 0.3834 0.9004 0.2056
vn 0.7766 -0.6161 0.1317
vn 0.7303 -0.6625 0.1665
vn 0.3006 0.2965 0.9065
vn 0.0162 0.6913 0.7224
vn 0.0410 0.7009 0.7121
vn -0.2477 -0.0245 0.9685
vn 0.0628 -0.0024 0.9980
vn 0.1329 0.0834 0.9876
vn 0.0336 -0.0591 0.9977
vn 0.1477 -0.1500 0.9776
vn 0.7316 0.3055 0.6095
vn 0.7349 0.5567 0.3872
vn 0.7480 0.2976 0.5933
vn 0.7837 -0.4552 0.4227
vn 0.8393 -0.5228 0.1492
vn -0.3415 -0.4225 0.8396
vn -0.0295 -0.4434 0.8958
vn -0.2773 -0.2608 0.9247
vn -0.5331 -0.1435 0.8338
vn -0.1399 -0.5622 0.8151
vn -0.2336 -0.5472 0.8037
vn -0.6903 -0.2205 0.6891
vn -0.6833 0.0245 0.7298
vn -0.7722 0.0145 0.6352
vn 0.0655 -0.1824 0.9810
vn -0.1350 0.0421 0.9900
vn 0.2693 -0.0164 0.9629
vn -0.1347 -0.0361 0.9902
vn -0.5140 -0.1352 0.8471
vn -0.2319 -0.1769 0.9565
vn -0.9662 -0.0061 0.2576
vn -0.9630 -0.2314 0.1381
vn -0.9578 -0.2156 -0.1902
vn -0.9836 0.1557 0.0911
vn -0.9076 0.4048 0.1111
vn -0.8880 0.4525 0.0820
vn -0.7521 0.5805 0.3120
vn 0.0895 -0.0843 0.9924
vn -0.3483 -0.3048 0.8864
vn -0.7267 -0.3852 0.5688
vn -0.6801 -0.3938 0.6183
vn -0.8177 -0.5737 0.0473
vn -0.8777 -0.4635 -0.1215
vn -0.8687 -0.4220 -0.2594
vn -0.8162 -0.5653 -0.1194
vn -0.8601 0.1200 -0.4959
vn -0.8380 0.1774 -0.5160
vn -0.8807 -0.1069 -0.4615
vn -0.2611 -0.1592 0.9521
vn 0.8798 0.3691 0.2996
vn 0.7965 0.2854 0.5331
vn 0.8617 -0.3687 0.3487
vn 0.9045 -0.3366 0.2621
vn 0.7483 0.6064 0.2690
vn 0.7762 -0.4872 0.4003
vn 0.3336 0.6239 0.7067
vn 0.4231 0.6461 0.6352
vn 0.3846 0.7374 0.5553
vn 0.3531 0.8552 0.3793
vn 0.2007 0.8029 0.5613
vn -0.6770 0.3686 0.6370
vn -0.4571 -0.7723 0.4410
vn -0.6123 -0.7586 0.2228
vn -0.3683 -0.7203 0.5878
vn -0.0820 -0.5827 0.8086
vn -0.5809 -0.5837 0.5673
vn -0.7142 -0.5147 0.4744
vn -0.5306 -0.5140 0.6740
vn -0.5244 -0.4428 0.7273
vn -0.7444 -0.5414 0.3909
vn -0.1762 0.4970 0.8497
vn -0.2848 0.5898 0.7557
vn 0.2087 0.6010 0.7715
vn -0.1763 0.7209 0.6702
vn -0.3519 0.7526 0.5566
vn 0.0042 0.8289 0.5593
vn -0.1392 0.9316 0.3359
vn 0.0896 0.9536 0.2874
vn -0.8278 0.5053 -0.2437
vn -0.8999 0.4323 0.0573
vn -0.6947 0.7192 0.0142
vn -0.3618 -0.2197 0.9060
vn -0.6362 -0.5059 0.5825
vn -0.6930 -0.3147 0.6486
vn -0.7905 0.3653 0.4915
vn -0.9012 0.3117 0.3011
vn -0.8217 0.3766 0.4277
vn -0.8203 0.3874 0.4208
vn -0.8329 0.4107 0.3709
vn -0.9601 0.1138 0.2555
vn -0.9465 0.0532 0.3182
vn -0.9655 0.1550 0.2094
vn -0.9853 0.0393 0.1664
vn -0.9641 0.0414 0.2623
vn -0.9775 0.1173 0.1754
vn -0.9147 0.0856 0.3949
vn -0.9367 0.1674 0.3074
vn -0.8813 0.2126 0.4221
vn -0.9821 0.0245 0.1868
vn -0.9796 0.1424 0.1420
vn -0.8667 0.2648 0.4229
vn -0.9969 0.0740 0.0255
vn -0.9774 0.1401 -0.1583
vn -0.8576 0.0900 0.5064
vn -0.9601 -0.1202 0.2526
vn -0.9683 0.2477 0.0334
vn 0.7386 -0.5503 -0.3895
vn 0.5622 -0.7541 -0.3395
vn 0.3488 -0.7929 -0.4997
vn -0.6594 -0.7308 -0.1765
vn -0.6605 -0.7465 0.0807
vn -0.8361 -0.5403 0.0944
vn 0.9789 0.0954 -0.1804
vn 0.6117 -0.7339 -0.2952
vn 0.0365 -0.9846 -0.1709
vn 0.0141 -0.9564 -0.2917
vn 0.0409 -0.9884 -0.1462
vn 0.9317 0.1635 -0.3243
vn 0.7898 0.4357 -0.4316
vn 0.6367 -0.7429 -0.2069
vn 0.5564 -0.7843 -0.2743
vn 0.0657 -0.9978 -0.0036
vn -0.6113 -0.7078 0.3541
vn -0.4257 -0.8769 0.2230
vn 0.8699 0.0896 -0.4851
vn 0.6759 -0.7242 -0.1369
vn -0.3276 -0.8312 0.4492
vn 0.6903 0.2832 -0.6658
vn 0.7003 -0.7111 -0.0626
vn 0.0372 -0.9859 0.1629
vn -0.4030 -0.6545 0.6397
vn 0.0419 -0.6152 0.7873
vn 0.6920 0.3668 -0.6218
vn 0.5436 0.3969 -0.7396
vn 0.9285 -0.3710 0.0172
vn 0.8493 -0.4500 0.2760
vn 0.5282 -0.8430 0.1018
vn 0.7992 -0.3870 0.4598
vn 0.6895 -0.6946 0.2053
vn 0.6027 -0.3346 0.7244
vn 0.2205 -0.3384 0.9148
vn 0.2931 -0.1787 0.9392
vn -0.2985 -0.9392 -0.1694
vn 0.3353 -0.9416 -0.0308
vn -0.8832 0.0256 -0.4683
vn -0.9086 0.0275 -0.4168
vn -0.9651 -0.1879 -0.1825
vn -0.9631 -0.1936 -0.1869
vn -0.9695 -0.2346 -0.0709
vn -0.8689 -0.4935 0.0387
vn -0.9904 -0.1189 0.0703
vn -0.9383 -0.3002 -0.1719
vn -0.9728 -0.1233 -0.1962
vn -0.9302 -0.3221 0.1759
vn -0.8647 -0.4001 0.3037
vn -0.7111 -0.5290 0.4632
vn -0.5579 -0.3258 0.7633
vn -0.6509 -0.7591 -0.0129
vn -0.7471 -0.6065 -0.2719
vn -0.6631 -0.4849 -0.5702
vn -0.2942 -0.3112 -0.9037
vn -0.6969 -0.3762 -0.6105
vn -0.4236 -0.4201 -0.8025
vn -0.8066 -0.2024 -0.5553
vn -0.4966 -0.8014 0.3333
vn -0.2413 -0.9471 -0.2114
vn -0.0718 -0.6133 0.7866
vn -0.2291 -0.2641 0.9369
vn -0.2492 -0.8847 -0.3940
vn 0.0322 -0.4504 -0.8922
vn 0.4931 -0.0371 -0.8692
vn 0.2856 0.1214 -0.9506
vn -0.2156 -0.9759 -0.0347
vn -0.2204 -0.9751 -0.0249
vn -0.8562 -0.3170 0.4080
vn -0.7544 -0.4651 0.4632
vn -0.1100 -0.0081 -0.9939
vn -0.5759 -0.2444 0.7801
vn -0.0232 -0.1759 0.9841
vn -0.0023 0.0756 -0.9971
vn 0.6023 0.1512 -0.7838
vn 0.8429 0.1295 -0.5222
vn -0.8552 -0.5026 0.1268
vn -0.4900 -0.2382 -0.8385
vn -0.9518 -0.2315 -0.2012
vn -0.8143 -0.3840 -0.4353
vn 0.5738 -0.0176 -0.8188
vn -0.2112 -0.1351 -0.9681
vn 0.3378 0.7175 -0.6091
vn 0.1933 0.5999 -0.7764
vn 0.0360 0.7124 -0.7008
vn -0.1986 0.5817 -0.7888
vn -0.1060 0.9138 -0.3922
vn 0.4953 -0.4413 -0.7482
vn 0.8463 0.0884 -0.5253
vn -0.2033 -0.9205 0.3338
vn 0.9196 -0.3892 -0.0542
vn 0.4748 -0.8679 -0.1462
vn 0.5684 -0.8227 -0.0106
vn 0.6896 -0.7119 0.1328
vn 0.9564 0.0333 -0.2900
vn 0.9947 0.0792 -0.0655
vn 0.9906 0.0639 -0.1206
vn 0.9731 -0.1140 -0.2004
vn 0.9952 -0.0890 0.0412
vn 0.9617 -0.0566 0.2682
vn 0.8073 -0.1693 0.5653
vn 0.9770 -0.0576 0.2052
vn 0.6634 -0.2969 0.6869
vn 0.8035 -0.0858 0.5891
vn 0.1669 -0.4030 0.8999
vn 0.1066 -0.1972 0.9745
vn 0.2980 -0.1943 0.9346
vn 0.9197 -0.2174 -0.3270
vn 0.6567 -0.1037 0.7470
vn -0.7581 -0.6505 -0.0450
vn -0.6762 -0.6958 -0.2421
vn 0.2383 -0.8792 -0.4125
vn 0.6000 -0.5175 -0.6101
vn -0.5005 -0.5827 0.6403
vn -0.4966 -0.5785 0.6471
vn 0.2727 -0.8639 0.4234
vn 0.2087 -0.9447 0.2531
vn 0.4767 -0.7215 0.5021
vn 0.4868 -0.8687 0.0914
vn 0.9043 -0.3022 0.3016
vn 0.8942 -0.4455 -0.0437
vn 0.8995 -0.4365 -0.0195
vn -0.4218 -0.3899 0.8186
vn -0.0798 -0.6139 0.7853
vn 0.5025 -0.4160 0.7579
vn 0.0325 -0.3286 0.9439
vn 0.4855 -0.1835 0.8547
vn -0.3947 -0.4428 -0.8051
vn 0.7411 -0.1882 -0.6445
vn 0.5963 -0.4354 -0.6744
vn 0.9488 0.0630 -0.3094
vn -0.0294 -0.9557 -0.2929
vn -0.0297 -0.9641 0.2638
vn 0.0462 0.0656 0.9968
vn -0.7217 0.1898 0.6657
vn -0.7498 0.5315 0.3942
vn -0.5815 0.3710 0.7241
vn -0.1056 0.2814 0.9538
vn 0.0154 0.5140 0.8577
vn -0.0565 0.4679 0.8820
vn -0.5237 0.7689 0.3668
vn -0.5283 0.7648 0.3686
vn -0.5340 0.8441 -0.0486
vn 0.0122 0.9107 0.4129
vn 0.0130 0.9100 0.4143
vn 0.2396 0.8762 0.4182
vn -0.7648 0.4421 -0.4687
vn -0.5686 0.7923 -0.2214
vn -0.0103 0.9469 -0.3215
vn -0.4248 -0.9044 -0.0392
vn -0.1886 -0.9681 0.1651
vn -0.2658 -0.9473 0.1790
vn -0.3575 -0.8946 0.2681
vn 0.1344 0.1051 0.9853
vn 0.3242 -0.0744 0.9431
vn -0.2880 -0.7114 0.6410
vn -0.0928 -0.9821 -0.1638
vn 0.5191 0.3654 0.7727
vn 0.3929 0.2981 0.8699
vn 0.3505 0.9364 0.0200
vn 0.2654 0.9381 -0.2224
vn 0.1586 0.9834 0.0877
vn -0.0862 -0.7901 0.6069
vn -0.3445 -0.8689 0.3553
vn -0.1652 -0.9313 0.3245
vn 0.2827 -0.1609 0.9456
vn -0.7407 0.3963 -0.5425
vn -0.8194 0.3910 -0.4192
vn -0.8876 0.3031 -0.3468
vn -0.9017 0.4052 -0.1505
vn -0.9400 0.2490 -0.2333
vn -0.7853 0.5206 -0.3351
vn -0.7052 0.4417 -0.5546
vn -0.9427 0.2529 -0.2178
vn -0.9878 -0.1432 0.0617
vn -0.9781 0.0461 -0.2029
vn -0.9773 0.0531 -0.2049
vn -0.9303 0.2071 0.3028
vn -0.9884 -0.0800 0.1293
vn -0.7878 -0.3407 0.5131
vn -0.7557 -0.5322 0.3816
vn -0.0795 -0.6485 0.7571
vn 0.0161 -0.8929 0.4500
vn -0.0414 -0.9638 0.2633
vn -0.0778 -0.8869 0.4553
vn -0.0669 -0.9871 -0.1458
vn 0.0098 -0.9870 -0.1601
vn -0.2594 -0.0561 -0.9641
vn -0.0059 -0.0033 -1.0000
vn -0.5177 -0.0567 -0.8537
vn -0.0729 -0.0204 -0.9971
vn -0.9320 0.2909 -0.2164
vn 0.2374 0.1390 -0.9614
vn 0.6243 -0.0157 -0.7810
vn 0.4631 -0.0601 -0.8842
vn -0.1611 -0.7843 0.5991
vn 0.0572 0.9969 0.0549
vn -0.1172 -0.8836 0.4533
vn -0.1377 -0.8542 0.5013
vn -0.2955 -0.8316 0.4702
vn 0.1339 -0.9567 0.2585
vn 0.5142 -0.8513 0.1046
vn -0.2189 -0.7783 0.5885
vn -0.2793 -0.9602 -0.0064
vn -0.4365 -0.0541 -0.8981
vn -0.1265 0.0976 -0.9872
vn 0.0112 0.1041 -0.9945
vn -0.5541 -0.5653 -0.6110
vn -0.7601 -0.5012 -0.4136
vn -0.3400 -0.5093 -0.7906
vn -0.1719 -0.8201 -0.5458
vn -0.7686 -0.1572 -0.6201
vn -0.5061 -0.8422 -0.1861
vn -0.1595 -0.9845 -0.0723
vn -0.8707 -0.4887 -0.0554
vn -0.9341 -0.3552 0.0366
vn -0.6653 -0.7324 0.1449
vn -0.3597 -0.8973 0.2559
vn 0.3108 0.9479 0.0702
vn 0.2618 0.9262 -0.2713
vn 0.1459 0.8540 -0.4995
vn -0.2393 -0.9284 0.2844
vn -0.2644 -0.7655 0.5866
vn 0.5275 0.1902 -0.8280
vn 0.6929 0.1470 -0.7059
vn -0.0945 0.0138 -0.9954
vn 0.1366 -0.3728 -0.9178
vn 0.3261 0.2046 -0.9229
vn 0.4258 -0.0295 -0.9043
vn 0.2217 -0.8076 -0.5464
vn 0.5074 -0.4816 -0.7146
vn 0.7580 -0.1566 -0.6332
vn 0.1649 -0.9797 -0.1142
vn 0.5135 -0.8270 -0.2289
vn 0.7695 -0.5485 -0.3272
vn 0.9418 -0.1898 -0.2774
vn 0.0521 -0.9492 0.3103
vn 0.4236 -0.8840 0.1977
vn 0.7653 -0.6422 0.0431
vn 0.7087 0.4569 0.5375
vn 0.6602 0.6451 0.3847
vn 0.6706 -0.6913 0.2691
vn 0.0907 0.8241 0.5591
vn 0.2167 0.9388 -0.2679
vn 0.1861 0.8848 0.4271
vn 0.2224 0.8758 -0.4284
vn 0.1884 0.8514 0.4895
vn 0.3243 0.9077 -0.2663
vn -0.3984 -0.5426 0.7395
vn -0.5315 -0.7568 0.3805
vn -0.8025 0.4740 0.3624
vn -0.9595 0.1726 0.2226
vn -0.8565 0.1581 0.4913
vn -0.9569 -0.0278 0.2892
vn -0.6110 -0.2506 0.7509
vn -0.5847 0.2574 0.7693
vn -0.5073 0.3714 0.7776
vn -0.2440 -0.0649 0.9676
vn -0.2101 -0.4366 0.8748
vn -0.2841 -0.0857 0.9550
vn 0.0295 -0.4448 0.8952
vn -0.9832 -0.0336 0.1795
vn -0.6291 -0.6116 0.4798
vn -0.7857 -0.6018 0.1435
vn -0.3433 -0.5841 0.7355
vn 0.1757 0.9771 0.1199
vn 0.5135 0.8341 0.2015
vn 0.2615 0.9587 -0.1122
vn 0.6311 0.7039 0.3259
vn 0.2186 0.8896 -0.4011
vn -0.0480 0.8198 -0.5706
vn -0.5308 -0.3620 0.7663
vn -0.5640 0.4533 0.6903
vn -0.7322 -0.3391 0.5907
vn -0.8201 0.2863 0.4955
vn -0.7250 0.3073 0.6164
vn -0.4869 0.3179 0.8136
vn -0.7911 0.2570 0.5551
vn -0.8492 0.1790 0.4968
vn -0.6986 0.2306 0.6773
vn -0.7263 0.1517 0.6704
vn -0.7467 0.1129 0.6555
vn 0.0767 -0.3869 0.9189
vn -0.5781 -0.1537 0.8013
vn -0.6081 -0.0100 0.7938
vn -0.5836 -0.5259 0.6187
vn -0.6935 -0.4878 0.5302
vn -0.7423 -0.1280 0.6577
vn -0.7530 -0.2144 0.6222
vn -0.5670 0.0936 0.8184
vn -0.3801 -0.5831 0.7180
vn -0.8160 -0.4595 0.3508
vn -0.9087 -0.4117 0.0685
vn -0.9389 -0.3352 0.0783
vn -0.9223 -0.3796 -0.0732
vn -0.8569 -0.4188 0.3005
vn -0.5747 -0.5636 0.5933
vn -0.6750 -0.3622 0.6428
vn -0.8544 0.4135 -0.3147
vn -0.8830 0.4297 0.1888
vn -0.0210 0.9998 -0.0030
vn -0.4796 0.8527 -0.2073
vn 0.0578 0.9352 -0.3493
vn -0.1377 0.9360 -0.3239
vn -0.3466 0.7630 -0.5456
vn -0.4597 0.7177 -0.5231
vn -0.2664 0.8040 -0.5316
vn -0.5882 0.7005 -0.4040
vn -0.8940 -0.4474 0.0240
vn -0.7605 -0.6425 0.0939
vn -0.6495 -0.6512 0.3926
vn -0.7755 -0.5958 0.2089
vn -0.8581 -0.4016 0.3201
vn -0.4875 -0.6422 0.5916
vn -0.6901 -0.3289 0.6447
vn -0.8807 0.3685 0.2976
vn -0.8615 0.4865 0.1456
vn -0.9752 0.1785 -0.1310
vn -0.8280 0.5277 -0.1895
vn -0.7638 0.6424 0.0629
vn -0.9686 -0.2365 0.0763
vn -0.9836 -0.0515 -0.1727
vn -0.9931 0.1128 -0.0306
vn -0.9543 0.2067 -0.2160
vn 0.7572 -0.0159 -0.6530
vn 0.7698 -0.5989 0.2210
vn 0.7186 -0.6916 0.0730
vn 0.6018 -0.6610 0.4483
vn 0.7858 -0.6049 -0.1290
vn 0.7417 -0.6476 -0.1745
vn 0.6376 -0.2784 -0.7183
vn 0.5519 -0.3453 -0.7590
vn 0.4697 -0.0559 -0.8810
vn 0.4947 -0.3079 -0.8127
vn -0.1272 -0.8297 0.5436
vn 0.3354 -0.4776 0.8121
vn 0.6645 -0.7439 -0.0710
vn -0.0371 -0.8679 0.4954
vn 0.6316 -0.7696 0.0939
vn 0.3662 -0.8921 0.2648
vn 0.3113 -0.7453 0.5897
vn 0.6473 -0.0348 -0.7614
vn 0.4293 0.2571 -0.8658
vn 0.4198 0.1562 -0.8941
vn 0.5983 -0.7947 0.1024
vn 0.6318 -0.6554 0.4139
vn 0.1483 -0.9433 -0.2970
vn 0.4613 -0.8256 -0.3250
vn 0.3646 -0.7786 -0.5107
vn 0.6990 -0.4671 0.5415
vn 0.6860 -0.3226 0.6522
vn 0.6070 -0.6605 -0.4420
vn 0.6244 0.2666 -0.7342
vn -0.7446 -0.5233 -0.4144
vn -0.4661 -0.7950 -0.3883
vn -0.9558 -0.2333 -0.1790
vn -0.9657 -0.1715 0.1951
vn -0.6180 -0.2440 0.7473
vn -0.8890 -0.2611 0.3762
vn 0.8170 0.0890 -0.5698
vn 0.1907 -0.2847 -0.9395
vn 0.1857 -0.8428 0.5052
vn 0.0589 -0.7153 0.6963
vn 0.6341 -0.2821 -0.7200
vn 0.7878 -0.2447 -0.5652
vn -0.6082 -0.5274 -0.5933
vn -0.9535 -0.2616 -0.1494
vn -0.7790 -0.5546 -0.2925
vn -0.9004 -0.4132 -0.1363
vn -0.0339 -0.2879 0.9571
vn -0.5984 -0.2644 0.7563
vn -0.6124 -0.2442 0.7519
vn -0.4145 -0.3716 0.8307
vn -0.1300 -0.4430 0.8871
vn 0.4369 -0.5368 0.7218
vn -0.1691 -0.9428 -0.2871
vn -0.0484 -0.7472 -0.6628
vn -0.0572 -0.8839 -0.4641
vn -0.3068 -0.9317 0.1947
vn -0.4261 -0.8937 0.1407
vn -0.1623 -0.9859 0.0413
vn -0.5822 -0.7594 0.2906
vn 0.0397 -0.9286 0.3691
vn 0.3607 0.8350 -0.4155
vn 0.7594 -0.5698 0.3142
vn 0.5536 -0.7488 0.3645
vn 0.7317 -0.4119 0.5431
vn 0.1846 -0.9390 0.2901
vn 0.8773 -0.1535 -0.4548
vn 0.8042 -0.5006 0.3205
vn 0.9418 0.0641 0.3299
vn 0.7608 0.0557 -0.6466
vn 0.9578 0.0875 0.2738
vn 0.6919 0.7092 0.1349
vn 0.0667 0.7451 -0.6637
vn 0.0218 0.7442 -0.6676
vn -0.0746 0.7374 -0.6713
vn 0.0891 0.9944 -0.0570
vn 0.7612 -0.1611 0.6281
vn 0.3905 0.6431 0.6587
vn -0.7309 0.4970 0.4678
vn 0.7186 -0.1511 0.6788
vn -0.8670 0.1028 -0.4876
vn -0.8552 0.3460 -0.3859
vn -0.9933 -0.0452 -0.1065
vn -0.8797 0.3208 -0.3510
vn -0.9991 0.0410 -0.0142
vn 0.9414 -0.2593 -0.2155
vn 0.5806 -0.7798 0.2341
vn 0.6130 0.1702 -0.7716
vn 0.4630 -0.6677 -0.5829
vn -0.4602 -0.0839 -0.8838
vn -0.1670 -0.1117 -0.9796
vn -0.4197 -0.0796 -0.9042
vn 0.7316 -0.2362 0.6395
vn -0.8119 -0.5311 0.2422
vn 0.7775 -0.3024 0.5514
vn 0.8921 -0.2927 0.3443
vn 0.9156 -0.1711 0.3639
vn 0.4712 -0.4705 0.7460
vn 0.4454 -0.8951 0.0191
vn 0.2386 -0.9685 -0.0712
vn 0.4132 -0.9053 0.0985
vn 0.6464 -0.4730 -0.5987
vn 0.5953 -0.7744 0.2143
vn 0.3083 -0.8518 0.4235
vn 0.5559 -0.4231 0.7155
vn 0.9433 0.0713 -0.3243
vn 0.8647 -0.4785 0.1526
vn 0.8132 -0.4072 -0.4159
vn -0.6986 -0.2849 -0.6564
vn 0.9112 -0.1705 -0.3749
vn 0.9848 -0.1350 0.1095
vn -0.9929 -0.0788 0.0890
vn -0.9681 -0.2492 0.0263
vn -0.9713 -0.1596 0.1763
vn 0.4021 -0.1611 0.9013
vn 0.8224 -0.1082 0.5585
vn 0.9280 0.0128 -0.3724
vn 0.9899 0.0327 0.1381
vn 0.8709 -0.1600 -0.4647
vn 0.6914 -0.5339 -0.4867
vn 0.9651 -0.2318 0.1222
vn 0.8371 -0.2173 0.5021
vn 0.9251 -0.3513 0.1442
vn 0.7737 -0.6167 0.1455
vn 0.6250 -0.7075 -0.3299
vn 0.6017 -0.7961 0.0648
vn -0.1139 0.9865 -0.1179
vn 0.0827 0.9540 -0.2882
vn -0.4236 -0.8808 -0.2114
vn -0.4855 -0.8356 -0.2571
vn -0.4807 -0.8761 -0.0363
vn -0.5601 -0.8257 -0.0675
vn -0.8578 -0.5070 -0.0844
vn -0.8982 -0.1370 -0.4176
vn 0.0978 -0.6760 -0.7304
vn 0.1302 -0.5320 -0.8367
vn 0.1028 -0.6561 -0.7477
vn -0.6950 -0.4562 -0.5558
vn -0.6729 -0.4325 -0.6001
vn -0.6709 -0.3532 -0.6521
vn -0.3182 0.1324 -0.9387
vn -0.2985 0.0319 -0.9539
vn -0.3814 0.2524 -0.8893
vn -0.0576 0.0960 -0.9937
vn -0.1156 0.7323 -0.6710
vn -0.6925 -0.0171 -0.7212
vn -0.7801 -0.1622 -0.6043
vn -0.5131 0.3825 -0.7684
vn -0.5157 -0.3740 -0.7709
vn 0.3185 0.0090 -0.9479
vn 0.3311 0.0405 -0.9427
vn 0.1361 -0.5017 -0.8543
vn 0.9762 -0.1465 -0.1600
vn 0.7710 -0.0845 -0.6312
vn 0.9499 -0.2353 -0.2059
vn 0.5319 0.1421 -0.8348
vn 0.7295 0.0055 0.6840
vn 0.9135 0.0073 0.4068
vn -0.0550 -0.2010 -0.9780
vn 0.4625 0.0459 -0.8854
vn 0.8530 0.0430 0.5201
vn 0.9752 -0.0666 0.2112
vn 0.3224 -0.3568 -0.8768
vn -0.2036 -0.6044 -0.7702
vn 0.6768 -0.0423 -0.7349
vn -0.6291 -0.6446 -0.4345
vn -0.3059 -0.8225 -0.4795
vn 0.1945 -0.7850 -0.5882
vn 0.5045 -0.5618 -0.6557
vn -0.5311 -0.2469 0.8106
vn -0.3655 -0.5279 0.7666
vn -0.3678 -0.3596 0.8576
vn -0.7136 -0.6836 -0.1536
vn -0.0448 -0.9197 -0.3900
vn 0.4947 -0.7890 -0.3645
vn 0.8884 -0.4112 -0.2039
vn 0.9300 -0.3662 -0.0321
vn 0.4727 -0.8137 -0.3384
vn -0.3686 -0.8613 0.3498
vn -0.2718 -0.9196 0.2836
vn -0.0812 -0.9107 0.4051
vn 0.2237 -0.9514 0.2114
vn 0.3528 -0.7798 0.5171
vn 0.6199 -0.6927 0.3686
vn 0.7943 -0.3186 0.5173
vn -0.3532 -0.5831 0.7316
vn -0.4457 -0.6113 0.6539
vn 0.4485 -0.3916 0.8035
vn 0.0173 -0.9225 0.3856
vn 0.1084 -0.9048 -0.4117
vn 0.7599 -0.1881 -0.6222
vn 0.1672 -0.8305 -0.5314
vn 0.7692 -0.6150 0.1733
vn 0.8065 -0.5845 0.0886
vn 0.1906 -0.8900 0.4142
vn -0.9903 0.0700 0.1198
vn -0.0803 -0.9786 0.1896
vn -0.5004 -0.8515 -0.1569
vn -0.2872 -0.9513 0.1123
vn -0.5303 -0.6238 -0.5742
vn -0.7591 -0.4663 -0.4542
vn -0.6702 -0.6993 -0.2486
vn -0.8463 -0.2553 -0.4676
vn -0.7791 -0.1005 -0.6188
vn -0.6010 -0.1208 -0.7901
vn -0.6436 0.0342 -0.7646
vn -0.2099 -0.9252 0.3160
vn -0.8403 0.0258 -0.5415
vn -0.8890 -0.2849 -0.3584
vn -0.8364 -0.0106 -0.5480
vn -0.9343 -0.3114 -0.1737
vn -0.8069 -0.2431 -0.5383
vn -0.9159 -0.1956 -0.3506
vn -0.7595 -0.5713 0.3112
vn -0.7721 -0.4848 0.4108
vn -0.9311 -0.3628 0.0376
vn -0.7754 0.6203 -0.1181
vn -0.5025 -0.6863 0.5258
vn -0.3196 -0.7778 0.5412
vn -0.1663 -0.8714 -0.4614
vn -0.2043 -0.8880 -0.4119
vn -0.0898 -0.7443 -0.6618
vn -0.4867 -0.1813 -0.8545
vn -0.2395 -0.9405 -0.2410
vn -0.5488 -0.5680 -0.6133
vn 0.1403 -0.1653 -0.9762
vn -0.5198 -0.0889 -0.8497
vn -0.9084 -0.3146 -0.2752
vn -0.7955 -0.4073 0.4487
vn -0.4227 -0.0758 -0.9031
vn -0.4258 -0.4109 -0.8061
vn -0.7866 -0.3120 -0.5328
vn -0.4667 -0.8103 -0.3544
vn -0.7855 -0.1282 -0.6055
vn -0.9104 -0.4115 0.0436
vn -0.7692 -0.6390 -0.0054
vn -0.3361 -0.9060 0.2573
vn -0.5189 -0.6731 0.5270
vn -0.3060 -0.5359 0.7869
vn -0.0231 -0.6751 0.7373
vn 0.3997 -0.4755 0.7837
vn 0.1012 -0.9940 -0.0403
vn 0.1041 -0.6329 -0.7672
vn 0.4665 -0.0784 -0.8810
vn 0.4651 -0.3846 -0.7974
vn 0.1804 -0.9358 -0.3028
vn 0.1276 -0.9916 0.0229
vn 0.5579 -0.6553 -0.5093
vn 0.5584 -0.3978 -0.7280
vn 0.6520 0.1493 -0.7434
vn 0.6461 0.0370 -0.7623
vn 0.7761 -0.1423 -0.6144
vn 0.0984 -0.1496 -0.9838
vn 0.1625 -0.6577 -0.7355
vn 0.4854 -0.1999 -0.8511
vn 0.0500 -0.9987 0.0118
vn 0.5512 -0.6253 -0.5524
vn 0.4206 -0.8092 -0.4102
vn 0.9186 -0.3630 -0.1559
vn 0.8823 -0.4149 0.2221
vn 0.6831 -0.7007 0.2057
vn 0.9606 -0.2642 0.0861
vn 0.2646 -0.8282 0.4941
vn 0.5927 -0.6406 0.4882
vn 0.0867 -0.7580 0.6464
vn -0.3471 0.9375 0.0254
vn -0.0007 -0.9854 0.1705
vn -0.1954 -0.9439 0.2662
vn -0.0768 -0.9942 -0.0748
vn 0.7572 -0.5718 -0.3159
vn 0.6199 -0.6466 -0.4446
vn 0.2960 -0.9410 -0.1642
vn 0.9573 -0.0325 -0.2873
vn 0.8345 0.0970 -0.5424
vn 0.7911 -0.0024 -0.6117
vn 0.9684 0.0172 -0.2488
vn 0.9669 -0.2466 0.0654
vn -0.3767 -0.9136 0.1530
vn -0.6135 -0.6238 -0.4842
vn -0.5334 -0.8195 -0.2094
vn -0.7000 -0.3808 -0.6042
vn -0.7771 -0.4609 -0.4287
vn -0.6051 -0.3213 -0.7284
vn -0.6978 -0.1380 -0.7029
vn -0.4537 -0.2856 -0.8441
vn -0.8038 -0.2967 -0.5156
vn -0.6515 0.0385 -0.7577
vn -0.8402 -0.0166 -0.5421
vn -0.3593 0.0141 -0.9331
vn -0.5122 0.0938 -0.8537
vn -0.9066 -0.0320 -0.4208
vn -0.9252 -0.3352 0.1777
vn -0.9652 -0.2471 -0.0854
vn -0.7242 -0.3794 0.5759
vn 0.5664 0.6670 0.4841
vn 0.6068 0.3804 0.6979
vn 0.3240 -0.8627 0.3883
vn 0.1031 -0.7860 0.6096
vn -0.3675 -0.9250 -0.0964
vn -0.1744 -0.7384 -0.6515
vn -0.4435 -0.4918 -0.7493
vn -0.0908 -0.3422 -0.9352
vn 0.1713 -0.3206 -0.9316
vn 0.0183 -0.0821 -0.9965
vn 0.4539 -0.0139 -0.8910
vn -0.6546 -0.6206 0.4316
vn -0.6774 -0.4965 0.5428
vn -0.2507 -0.5756 0.7783
vn -0.2741 -0.7865 0.5535
vn -0.3082 -0.3919 0.8668
vn 0.2149 -0.6420 0.7360
vn 0.2694 -0.3990 0.8765
vn 0.5756 0.4387 0.6901
vn -0.1171 -0.9401 -0.3202
vn -0.1690 -0.9854 0.0225
vn -0.0004 -0.5921 -0.8059
vn -0.0231 -0.9145 -0.4040
vn 0.2372 -0.4780 -0.8457
vn 0.4909 -0.3657 -0.7907
vn 0.4092 -0.7399 -0.5340
vn 0.4691 -0.7841 -0.4064
vn 0.8389 -0.0435 -0.5425
vn 0.8350 0.1147 -0.5381
vn 0.9056 -0.0000 -0.4242
vn 0.9792 -0.1565 -0.1288
vn 0.8617 -0.4757 0.1764
vn 0.7493 -0.4279 0.5055
vn 0.9424 -0.2977 0.1524
vn 0.5631 -0.6861 0.4606
vn 0.2022 -0.8147 0.5434
vn 0.5501 0.5927 0.5883
vn -0.1982 -0.9752 0.0986
vn -0.5024 -0.8646 -0.0098
vn -0.7781 -0.6081 0.1574
vn -0.6338 0.7471 -0.2001
vn -0.0200 0.8527 -0.5220
vn -0.3792 0.8128 -0.4422
vn -0.1951 0.8159 -0.5443
vn -0.4714 0.7956 -0.3806
vn -0.8577 -0.1617 0.4880
vn -0.8777 -0.4762 0.0537
vn -0.7667 -0.1466 0.6251
vn -0.9505 -0.2761 0.1428
vn -0.9267 0.0718 -0.3689
vn -0.7116 0.6928 -0.1169
vn -0.8785 0.4539 -0.1489
vn -0.9415 0.0379 -0.3347
vn -0.8827 0.2535 -0.3958
vn -0.6923 0.7075 0.1424
vn -0.7131 0.5535 -0.4303
vn -0.8443 -0.2485 0.4747
vn -0.8841 0.0651 -0.4628
vn -0.8334 0.2003 -0.5151
vn 0.5840 -0.0553 -0.8099
vn 0.5879 0.1881 -0.7867
vn 0.5716 -0.4877 -0.6598
vn 0.3588 -0.7359 -0.5742
vn 0.5650 -0.3461 -0.7490
vn 0.5778 0.0605 -0.8140
vn -0.8693 -0.4878 -0.0799
vn 0.1790 -0.8830 -0.4340
vn -0.6423 -0.7213 -0.2593
vn -0.6506 -0.7422 -0.1609
vn 0.2245 -0.8210 -0.5250
vn -0.3550 -0.8750 -0.3291
vn -0.8987 -0.3741 0.2287
vn -0.5611 -0.8240 -0.0786
vn -0.7567 -0.6414 0.1269
vn -0.8235 -0.1673 0.5421
vn -0.7625 -0.3250 0.5595
vn 0.1208 -0.8499 -0.5128
vn 0.1275 -0.9156 -0.3813
vn -0.4411 -0.8867 0.1383
vn -0.7109 -0.4539 0.5371
vn -0.5392 -0.3617 0.7605
vn 0.2317 -0.8274 -0.5116
vn -0.3848 -0.8987 0.2105
vn 0.0309 -0.9936 -0.1086
vn -0.3329 -0.8880 0.3172
vn -0.4088 -0.6418 0.6488
vn -0.2518 -0.6612 0.7067
vn -0.1325 -0.3240 0.9367
vn 0.4601 -0.3043 -0.8341
vn 0.2008 -0.9281 -0.3135
vn -0.0765 -0.9067 0.4149
vn 0.5544 -0.5937 0.5833
vn 0.3057 -0.4367 0.8461
vn 0.5959 -0.3643 0.7157
vn 0.1940 -0.9682 0.1580
vn 0.0006 -0.4443 0.8959
vn 0.2959 -0.2489 0.9222
vn -0.0760 -0.1756 0.9815
vn 0.6734 -0.0930 -0.7334
vn 0.7806 -0.1622 -0.6036
vn 0.8966 -0.2181 -0.3853
vn 0.7136 -0.4526 -0.5347
vn 0.8754 -0.4368 -0.2069
vn 0.8821 0.1695 -0.4394
vn 0.7583 0.4260 -0.4935
vn 0.5496 -0.7595 0.3480
vn 0.1372 -0.9812 0.1354
vn 0.1465 -0.9431 0.2985
vn -0.4858 -0.8605 -0.1535
vn -0.9290 -0.3605 -0.0838
vn 0.2822 -0.9355 -0.2126
vn 0.2402 -0.8502 -0.4685
vn -0.9851 0.0455 -0.1661
vn -0.9729 -0.0615 0.2229
vn -0.9598 0.0257 0.2796
vn -0.8731 -0.2357 0.4267
vn -0.8404 -0.5247 -0.1358
vn -0.8358 -0.5486 -0.0206
vn -0.8395 -0.4276 -0.3354
vn -0.3653 -0.9188 -0.1496
vn -0.8796 -0.3127 -0.3585
vn -0.5225 -0.2185 0.8242
vn -0.1560 -0.2075 0.9657
vn -0.3554 -0.5474 -0.7577
vn -0.8934 -0.3525 -0.2785
vn 0.4517 0.7873 -0.4196
vn 0.9619 -0.2552 -0.0985
vn 0.9908 -0.1082 0.0811
vn 0.6563 -0.2908 0.6962
vn 0.6702 -0.5544 0.4935
vn 0.5860 -0.4312 0.6860
vn 0.6686 -0.6208 0.4094
vn 0.4668 -0.1768 0.8665
vn -0.0140 -0.2250 0.9742
vn 0.1558 -0.1648 -0.9739
vn 0.3611 -0.2625 -0.8948
vn 0.7471 -0.2446 -0.6180
vn 0.3162 -0.9120 -0.2611
vn 0.8371 -0.3738 -0.3993
vn 0.8594 -0.3899 -0.3307
vn 0.0950 -0.1771 -0.9796
vn -0.1408 -0.1634 -0.9765
vn -0.3458 -0.2228 -0.9115
vn 0.7456 -0.1273 -0.6542
vn 0.4998 -0.2956 -0.8141
vn -0.0668 -0.2817 0.9572
vn -0.1138 -0.2361 -0.9651
vn -0.1014 -0.4497 -0.8874
vn 0.3646 -0.8721 0.3265
vn -0.2698 -0.9152 0.2992
vn -0.0551 -0.9789 0.1970
vn 0.7493 -0.6433 0.1572
vn 0.9625 -0.1429 0.2308
vn 0.4515 -0.8694 0.2008
vn 0.9964 -0.0834 -0.0117
vn 0.9673 -0.1894 -0.1686
vn -0.6426 -0.7657 -0.0292
vn -0.5309 -0.8468 0.0331
vn -0.8858 -0.4431 -0.1382
vn -0.9759 0.0045 -0.2183
vn -0.9872 0.0247 -0.1573
vn -0.9110 -0.1703 -0.3757
vn -0.8890 -0.1661 -0.4266
vn -0.6825 -0.5958 0.4233
vn -0.6529 -0.7468 -0.1265
vn -0.6655 -0.7313 -0.1493
vn -0.5829 -0.8042 -0.1163
vn -0.4646 -0.8412 -0.2768
vn -0.1644 -0.9183 -0.3601
vn -0.5792 -0.4048 -0.7076
vn -0.5817 -0.4051 -0.7054
vn -0.6027 -0.3798 -0.7017
vn -0.2045 -0.6848 -0.6994
vn -0.1922 -0.4743 -0.8591
vn -0.7593 0.5454 0.3550
vn -0.9383 0.3391 0.0678
vn -0.5652 -0.5290 0.6330
vn -0.5390 -0.7276 0.4244
vn -0.5394 -0.3237 0.7773
vn -0.4389 -0.4154 0.7968
vn 0.1895 -0.3785 0.9060
vn -0.5757 -0.3269 0.7494
vn -0.6049 0.7909 0.0927
vn 0.6276 -0.4611 0.6273
vn 0.6504 -0.6515 0.3905
vn 0.3991 -0.5716 0.7169
vn 0.2197 -0.6570 0.7212
vn 0.1988 -0.5098 0.8370
vn 0.1942 -0.8043 0.5616
vn 0.1071 -0.7750 0.6229
vn 0.2277 -0.9339 0.2755
vn 0.4779 -0.3933 0.7855
vn -0.3018 -0.2274 0.9258
vn 0.0536 -0.6675 0.7427
vn -0.0693 0.9598 0.2721
vn 0.8885 -0.3662 -0.2766
vn -0.0813 -0.9263 -0.3680
vn -0.1308 -0.9509 -0.2804
vn 0.9064 -0.4225 -0.0028
vn -0.2195 -0.8745 -0.4326
vn 0.9839 -0.1497 0.0974
vn -0.9421 -0.1182 -0.3139
vn -0.9996 -0.0091 0.0285
vn -0.8938 -0.4281 -0.1336
vn 0.9929 0.0746 0.0927
vn 0.9707 -0.2384 0.0297
vn 0.8894 -0.4284 0.1595
vn 0.8386 -0.5429 0.0451
vn -0.1645 -0.6373 0.7528
vn -0.9322 0.0851 -0.3517
vn -0.8847 -0.0326 -0.4649
vn -0.9022 -0.4297 0.0374
vn -0.8461 -0.2437 -0.4741
vn -0.6740 -0.4827 0.5592
vn -0.2799 -0.4395 0.8535
vn -0.2380 -0.7921 0.5621
vn -0.6335 -0.2788 -0.7218
vn -0.8061 -0.5461 0.2281
vn -0.7004 -0.7123 0.0460
vn -0.2785 -0.8189 0.5018
vn -0.3471 -0.5996 -0.7211
vn -0.1608 -0.4947 -0.8541
vn 0.0733 -0.8800 -0.4693
vn 0.1405 -0.9128 -0.3835
vn 0.0661 -0.8671 -0.4937
vn -0.1374 -0.9333 0.3317
vn -0.0143 -0.9578 0.2872
vn -0.1509 -0.6584 0.7374
vn -0.3479 -0.8927 0.2863
vn -0.1876 -0.6234 0.7591
vn 0.0998 -0.4067 0.9081
vn 0.4769 -0.5442 0.6903
vn 0.7041 -0.4810 0.5225
vn 0.6304 -0.3688 0.6831
vn 0.1988 -0.6019 0.7734
vn -0.1984 -0.7332 0.6505
vn -0.0445 -0.6961 0.7166
vn 0.2343 -0.8632 0.4472
vn -0.2520 -0.7246 0.6415
vn -0.1881 -0.9598 0.2081
vn -0.3069 -0.9407 0.1444
vn -0.0564 -0.9696 0.2383
vn -0.0406 -0.9718 0.2322
vn 0.2113 -0.9470 0.2419
vn 0.5645 -0.8155 -0.1279
vn 0.0130 0.7685 -0.6397
vn 0.9324 -0.1905 -0.3072
vn 0.9992 -0.0366 -0.0179
vn -0.0148 -0.9883 -0.1520
vn 0.9991 -0.0395 -0.0117
vn 0.8915 -0.4488 -0.0618
vn 0.9666 -0.0574 -0.2499
vn 0.9614 0.1405 -0.2366
vn 0.9648 -0.2222 -0.1408
vn 0.6663 -0.6409 0.3813
vn 0.5968 -0.7633 0.2476
vn -0.4941 -0.8481 -0.1913
vn -0.3713 0.6010 -0.7078
vn -0.4353 0.6915 -0.5766
vn -0.8526 -0.4756 -0.2165
vn -0.8322 0.1575 -0.5316
vn -0.7041 0.2162 -0.6764
vn -0.6992 0.2408 -0.6732
vn -0.6586 0.4185 -0.6254
vn -0.8344 0.1229 -0.5373
vn -0.9428 -0.1000 -0.3181
vn 0.3019 -0.7209 -0.6238
vn 0.4844 0.0051 -0.8748
vn 0.4059 -0.5095 -0.7587
vn 0.4513 -0.1724 -0.8755
vn 0.4127 -0.8165 -0.4038
vn 0.3186 -0.7541 -0.5743
vn 0.2421 -0.9654 0.0965
vn 0.4041 -0.9147 0.0017
vn 0.4136 -0.2327 -0.8802
vn 0.9359 0.0557 -0.3479
vn -0.6970 -0.6495 -0.3038
vn -0.4858 -0.8518 0.1961
vn -0.7147 -0.5654 0.4117
vn -0.5596 -0.7334 0.3860
vn -0.6890 -0.4631 0.5575
vn -0.5622 -0.1782 0.8076
vn 0.2420 -0.6667 -0.7050
vn -0.8825 -0.1398 0.4491
vn 0.6950 0.0671 -0.7158
vn 0.5985 0.0906 -0.7960
vn 0.7162 0.2907 -0.6345
vn 0.5415 -0.1649 -0.8244
vn 0.4546 -0.2051 -0.8668
vn 0.6122 -0.7697 -0.1811
vn 0.5421 -0.5528 -0.6328
vn 0.3834 -0.8902 -0.2461
vn 0.5030 -0.8620 0.0624
vn 0.2319 -0.9719 -0.0410
vn 0.6849 -0.7116 -0.1569
vn 0.9363 -0.0752 -0.3430
vn -0.0025 -0.9698 -0.2440
vn 0.2641 -0.7504 -0.6059
vn 0.6039 0.6582 -0.4496
vn -0.9632 -0.2246 0.1476
vn -0.4832 -0.1631 0.8602
vn -0.8883 -0.2604 0.3783
vn -0.7695 -0.2428 0.5907
vn -0.8909 -0.2973 -0.3433
vn -0.7462 -0.5202 -0.4153
vn -0.8711 -0.4682 0.1486
vn -0.6672 -0.3565 0.6540
vn 0.8541 0.1499 -0.4980
vn 0.6153 0.1131 -0.7801
vn 0.8204 0.2763 -0.5006
vn 0.8852 0.2585 -0.3867
vn 0.8115 0.4377 -0.3871
vn 0.3552 -0.5056 -0.7863
vn 0.0464 -0.8583 -0.5110
vn 0.7088 -0.2435 -0.6621
vn 0.3733 -0.8159 -0.4415
vn 0.7393 -0.2899 0.6077
vn 0.6626 0.0644 0.7462
vn 0.4431 0.0373 0.8957
vn 0.2793 -0.2801 0.9184
vn 0.5361 -0.4472 0.7160
vn 0.1576 0.0027 0.9875
vn 0.1368 -0.0306 0.9901
vn 0.6393 -0.0240 0.7686
vn 0.9420 -0.1246 0.3115
vn 0.9906 -0.1368 -0.0025
vn 0.6073 -0.1620 0.7777
vn 0.1621 -0.2824 0.9455
vn -0.3298 -0.3164 0.8895
vn -0.0583 -0.1188 0.9912
vn -0.6611 -0.4401 -0.6077
vn 0.8082 -0.3149 -0.4977
vn 0.9849 -0.1654 -0.0519
vn 0.9545 -0.2713 0.1238
vn 0.5176 -0.3551 0.7784
vn -0.3559 -0.7026 -0.6162
vn 0.2115 -0.6116 -0.7624
vn -0.0369 -0.9276 -0.3718
vn -0.5628 -0.8127 -0.1508
vn 0.4898 -0.7003 -0.5193
vn -0.6514 -0.6520 0.3882
vn -0.2435 -0.9366 0.2518
vn 0.3558 -0.8963 -0.2648
vn 0.8043 -0.5082 -0.3079
vn 0.2739 -0.7060 0.6531
vn 0.0192 -0.9042 0.4267
vn 0.6494 -0.6244 0.4341
vn 0.5820 -0.7461 0.3234
vn -0.3045 -0.5693 0.7637
vn 0.3462 -0.9237 0.1639
vn -0.1130 -0.9867 -0.1167
vn -0.6701 -0.7376 -0.0833
vn 0.1447 -0.9869 -0.0707
vn -0.0233 -0.9502 -0.3107
vn 0.1602 -0.9702 0.1817
vn 0.0935 -0.9945 0.0466
vn 0.7894 -0.3224 0.5224
vn -0.9494 -0.2503 0.1897
vn -0.0358 -0.9869 -0.1575
vn 0.9217 -0.0103 0.3877
vn -0.9564 0.1398 0.2564
vn -0.9599 -0.0454 0.2768
vn 0.0823 -0.2497 -0.9648
vn 0.4856 -0.3525 -0.8000
vn -0.6097 -0.1605 -0.7762
vn 0.2153 -0.1984 -0.9562
vn -0.7680 -0.0827 -0.6351
vn 0.7574 -0.2613 -0.5984
vn -0.4118 0.1541 -0.8982
vn 0.0976 0.2272 -0.9689
vn 0.1028 0.1304 -0.9861
vn -0.7938 0.1082 -0.5985
vn -0.9862 -0.0861 -0.1415
vn -0.9016 -0.1004 -0.4208
vn -0.9505 -0.3083 0.0388
vn -0.6662 -0.2085 -0.7160
vn -0.2022 -0.5312 -0.8228
vn -0.7905 -0.5471 -0.2753
vn -0.2488 -0.0053 -0.9685
vn 0.4976 -0.2838 -0.8197
vn 0.4279 -0.6937 -0.5794
vn -0.6627 0.1385 -0.7360
vn -0.3147 -0.7547 -0.5757
vn 0.8611 -0.4273 -0.2754
vn -0.4166 -0.9046 0.0907
vn -0.1189 -0.9438 0.3084
vn -0.6746 -0.6985 0.2387
vn -0.0316 -0.9976 0.0619
vn 0.9630 -0.2641 0.0542
vn 0.5281 -0.8401 0.1238
vn -0.7114 -0.5719 0.4086
vn 0.2936 -0.7989 0.5249
vn 0.7921 -0.5358 0.2924
vn -0.9291 0.1995 0.3116
vn -0.8948 -0.1500 0.4204
vn -0.7982 -0.4456 0.4054
vn -0.4943 -0.7509 0.4380
vn -0.0187 -0.9398 0.3413
vn 0.0645 -0.9091 0.4115
vn 0.1832 -0.8562 0.4830
vn -0.0245 -0.9572 -0.2884
vn 0.1365 -0.9659 -0.2202
vn 0.1996 -0.9019 0.3830
vn 0.1760 -0.9726 -0.1516
vn 0.8365 -0.5432 0.0727
vn 0.6458 -0.7635 -0.0062
vn 0.6815 -0.7247 0.1014
vn 0.8505 -0.4899 0.1915
vn -0.3473 -0.9211 -0.1757
vn -0.1675 -0.9821 0.0858
vn -0.2911 -0.9499 -0.1137
vn 0.1655 -0.4280 -0.8885
vn 0.8462 -0.4601 -0.2689
vn 0.9259 -0.3386 -0.1674
vn 0.9057 -0.3973 0.1479
vn -0.5113 0.5658 0.6468
vn -0.5093 0.5585 0.6547
vn -0.1158 0.1696 0.9787
vn 0.3029 0.3442 0.8887
vn 0.1240 0.4016 0.9074
vn -0.2089 -0.9773 -0.0354
vn -0.1272 -0.9893 -0.0720
vn -0.1097 -0.8571 -0.5033
vn -0.7631 -0.4407 -0.4727
vn -0.6275 -0.4993 -0.5975
vn -0.7808 -0.3574 -0.5125
vn -0.8620 -0.4772 -0.1708
vn -0.3882 -0.4016 -0.8295
vn -0.0902 -0.3691 -0.9250
vn -0.0355 -0.4690 -0.8825
vn -0.3189 -0.2852 -0.9039
vn -0.0551 -0.3027 -0.9515
vn 0.1676 -0.3626 -0.9168
vn -0.4699 -0.3772 -0.7981
vn 0.2218 -0.5524 -0.8035
vn -0.0434 -0.5947 -0.8028
vn 0.4396 0.4657 0.7680
vn -0.0078 0.6921 0.7218
vn 0.3123 0.3216 0.8939
vn -0.1816 -0.5345 0.8254
vn -0.6651 -0.7383 0.1118
vn -0.5240 -0.8180 0.2370
vn 0.8557 0.0918 0.5093
vn 0.8710 -0.3418 0.3530
vn 0.7653 -0.6093 0.2078
vn 0.0945 -0.9612 0.2592
vn 0.1778 -0.9618 0.2081
vn 0.1737 -0.9758 0.1326
vn -0.7593 -0.6473 -0.0661
vn -0.0590 -0.9960 0.0671
vn 0.4566 -0.8686 0.1926
vn 0.8027 -0.4423 0.4000
vn -0.5578 -0.7884 -0.2593
vn -0.9381 -0.3182 -0.1370
vn -0.7538 -0.6380 -0.1574
vn -0.9648 -0.2619 0.0249
vn -0.9614 0.0556 -0.2693
vn 0.9935 0.0970 -0.0602
vn 0.9588 0.2207 0.1790
vn -0.9910 0.0622 0.1186
vn 0.8475 -0.5288 -0.0455
vn -0.9266 -0.1312 -0.3524
vn -0.4228 -0.2547 -0.8697
vn 0.8381 -0.5441 -0.0382
vn 0.9607 0.2631 -0.0887
vn 0.6315 -0.0901 -0.7701
vn 0.7735 -0.1263 -0.6211
vn 0.6994 -0.1059 -0.7069
vn 0.8157 -0.2640 -0.5148
vn 0.6341 0.0042 -0.7732
vn 0.5768 -0.0722 -0.8137
vn 0.6647 -0.1433 -0.7332
vn -0.5401 -0.1277 -0.8319
vn -0.7656 -0.1841 -0.6164
vn 0.9620 -0.2210 0.1607
vn 0.9600 -0.2641 0.0931
vn -0.7004 -0.7126 -0.0420
vn 0.8984 -0.1331 -0.4186
vn -0.9357 -0.3165 -0.1560
vn 0.6409 -0.4329 -0.6339
vn -0.3267 -0.6006 -0.7298
vn 0.1700 -0.7251 -0.6673
vn 0.2158 -0.8820 -0.4190
vn 0.1221 -0.3411 -0.9321
vn 0.4003 -0.5099 -0.7614
vn -0.0620 -0.0746 -0.9953
vn -0.4511 -0.0377 -0.8917
vn 0.4106 -0.1482 -0.8997
vn 0.8562 -0.2271 -0.4641
vn 0.8168 0.1496 -0.5571
vn -0.0289 0.0892 -0.9956
vn 0.3991 0.1104 -0.9102
vn 0.4386 0.2000 -0.8762
vn 0.9751 -0.2163 0.0487
vn 0.9589 0.1001 -0.2656
vn 0.0361 0.0587 -0.9976
vn -0.3878 -0.0002 -0.9217
vn 0.6264 0.2034 -0.7525
vn 0.4752 -0.0591 -0.8779
vn -0.8782 -0.3721 0.3006
vn -0.7064 -0.6109 0.3576
vn -0.1056 -0.2816 -0.9537
vn -0.5613 -0.2804 -0.7786
vn -0.1678 -0.6622 -0.7303
vn 0.4545 -0.5134 -0.7279
vn -0.8119 -0.4309 -0.3939
vn -0.5264 -0.7833 -0.3307
vn 0.5290 -0.6957 -0.4859
vn -0.7826 -0.6209 0.0438
vn -0.4691 -0.8688 0.1585
vn 0.0317 -0.9833 0.1794
vn -0.0907 -0.9744 -0.2058
vn -0.0203 -0.9784 -0.2056
vn -0.2340 -0.7994 0.5534
vn 0.5903 -0.7805 0.2059
vn 0.5261 -0.7116 0.4657
vn -0.0320 -0.6670 0.7444
vn 0.2418 -0.6781 0.6940
vn -0.5379 -0.5635 0.6270
vn 0.0922 -0.0824 0.9923
vn 0.2197 0.3706 0.9024
vn 0.0481 -0.4204 0.9061
vn -0.0194 -0.9896 -0.1424
vn -0.3911 -0.8488 -0.3557
vn -0.4246 -0.9008 0.0910
vn 0.2058 -0.7921 -0.5746
vn -0.4883 -0.6714 -0.5574
vn -0.6503 -0.5240 -0.5501
vn -0.5521 -0.7344 -0.3947
vn -0.2373 -0.8761 -0.4197
vn 0.6424 -0.4659 -0.6085
vn 0.7169 -0.5689 -0.4030
vn 0.5314 -0.7341 -0.4229
vn -0.8962 -0.4000 -0.1920
vn 0.6663 -0.7382 -0.1056
vn 0.4037 -0.8614 -0.3082
vn -0.1894 -0.9595 -0.2086
vn -0.2137 -0.9301 -0.2988
vn -0.7783 -0.6239 -0.0715
vn 0.9642 -0.1856 0.1892
vn 0.8268 -0.1632 0.5383
vn 0.8474 -0.0800 -0.5249
vn 0.8758 -0.3306 -0.3517
vn 0.7781 -0.5723 0.2590
vn 0.8395 -0.2855 0.4624
vn 0.2750 0.4344 0.8577
vn 0.7667 -0.3133 0.5603
vn -0.5321 -0.8391 0.1130
vn -0.2785 -0.8666 -0.4142
vn -0.0392 -0.9238 -0.3809
vn -0.2066 -0.7753 -0.5968
vn 0.1450 -0.8043 -0.5763
vn 0.2118 -0.9026 -0.3747
vn -0.2191 -0.5248 -0.8225
vn 0.2050 -0.5883 -0.7822
vn 0.1573 -0.3452 -0.9253
vn -0.3679 -0.2697 -0.8899
vn -0.7641 -0.2197 -0.6065
vn -0.0507 -0.1054 -0.9931
vn -0.6004 -0.0827 -0.7954
vn 0.1658 -0.1277 -0.9779
vn 0.0641 -0.0361 -0.9973
vn 0.4101 -0.0303 -0.9115
vn 0.5409 -0.1534 -0.8270
vn 0.5213 -0.3173 -0.7922
vn -0.5648 -0.0279 -0.8248
vn -0.4819 0.0776 -0.8728
vn -0.9078 0.0001 -0.4194
vn -0.9824 -0.0778 -0.1701
vn -0.0172 0.0923 -0.9956
vn -0.6675 0.1200 -0.7349
vn -0.2849 0.0576 -0.9568
vn 0.3270 -0.1301 -0.9360
vn -0.9503 -0.0883 -0.2985
vn -0.9920 0.0315 0.1219
vn 0.8076 -0.1638 -0.5665
vn 0.9564 -0.2875 -0.0522
vn 0.9068 -0.3685 -0.2048
vn 0.8456 -0.4741 0.2452
vn -0.7073 -0.2207 -0.6716
vn -0.2258 -0.2914 -0.9295
vn -0.2341 -0.7861 -0.5721
vn 0.3239 -0.5765 -0.7502
vn 0.3389 -0.9211 -0.1918
vn 0.7233 -0.2749 -0.6334
vn -0.6644 -0.6829 -0.3035
vn -0.1653 -0.9846 0.0573
vn 0.7470 -0.6353 -0.1959
vn -0.9821 -0.1654 0.0905
vn -0.8841 -0.4669 0.0197
vn -0.6069 -0.7823 0.1401
vn -0.9278 -0.1481 0.3425
vn -0.7304 -0.5390 0.4196
vn -0.2336 -0.8706 0.4331
vn 0.3417 -0.8852 0.3156
vn 0.6730 -0.6661 0.3217
vn -0.0530 0.6629 -0.7468
vn 0.5423 -0.8248 -0.1601
vn 0.5463 -0.8342 -0.0758
vn -0.2675 -0.9385 -0.2184
vn 0.4851 -0.8614 -0.1503
vn -0.3286 -0.8976 -0.2938
vn 0.8342 0.0241 0.5510
vn 0.9392 -0.2342 0.2511
vn 0.8606 -0.4357 -0.2637
vn 0.8313 0.1487 0.5356
vn 0.4926 -0.7151 -0.4959
vn 0.5749 -0.5475 -0.6080
vn 0.7495 -0.3947 -0.5314
vn 0.9879 0.0590 0.1434
vn 0.9888 -0.0419 0.1435
vn 0.8856 -0.1593 -0.4363
vn 0.9570 -0.1849 -0.2234
vn 0.0521 0.8209 -0.5687
vn -0.6764 -0.6655 -0.3157
vn -0.6774 0.3035 -0.6701
vn -0.5453 0.3710 -0.7517
vn -0.6382 0.0261 -0.7694
vn 0.2771 -0.3980 -0.8745
vn -0.0465 -0.9973 -0.0575
vn 0.3372 -0.9409 -0.0319
vn 0.5256 -0.8458 -0.0916
vn 0.8894 -0.3650 -0.2751
vn 0.8761 -0.3820 -0.2940
vn 0.0923 -0.9438 0.3173
vn -0.0048 -0.9999 -0.0134
vn 0.6709 -0.7287 0.1374
vn 0.4323 -0.8737 0.2230
vn 0.9212 -0.3230 -0.2168
vn 0.9298 0.0908 -0.3568
vn 0.4144 -0.7462 0.5210
vn 0.8846 0.2836 -0.3702
vn 0.0350 -0.9475 -0.3177
vn -0.4549 -0.4427 0.7727
vn -0.3653 -0.7605 0.5369
vn -0.1955 -0.6113 0.7668
vn 0.0189 -0.6363 0.7712
vn -0.0586 -0.3445 0.9370
vn 0.0340 -0.9508 -0.3080
vn -0.2684 -0.8959 0.3542
vn -0.1116 -0.8436 0.5253
vn 0.0414 -0.7724 0.6338
vn 0.1583 -0.6114 0.7753
vn -0.0394 -0.9716 -0.2335
vn -0.1030 -0.9822 -0.1570
vn 0.2893 -0.6477 -0.7048
vn 0.3662 -0.8787 -0.3062
vn 0.2074 -0.7633 -0.6119
vn 0.1188 -0.9898 0.0788
vn 0.0018 -0.9979 0.0649
vn 0.0975 -0.9926 0.0721
vn 0.1522 -0.9768 0.1507
vn 0.1075 -0.9705 0.2160
vn 0.1379 -0.6823 -0.7180
vn 0.6336 -0.2130 -0.7438
vn 0.9074 -0.1114 -0.4053
vn 0.9603 0.1083 -0.2569
vn 0.9483 -0.2937 -0.1206
vn 0.9388 0.3161 -0.1372
vn 0.8829 0.4192 -0.2114
vn 0.9587 0.2844 -0.0083
vn 0.9626 0.0169 0.2705
vn 0.9635 0.2311 -0.1352
vn 0.7434 -0.5124 -0.4300
vn 0.9591 -0.0584 -0.2768
vn 0.7117 -0.6912 -0.1256
vn 0.4303 -0.8939 0.1254
vn 0.9932 0.0159 0.1157
vn 0.9436 -0.3306 0.0201
vn 0.7809 -0.5757 0.2422
vn 0.2394 -0.8189 0.5217
vn 0.8762 -0.2524 0.4106
vn 0.5939 -0.5769 0.5607
vn 0.6674 -0.4614 0.5845
vn -0.1324 -0.9454 -0.2978
vn 0.1720 -0.6629 -0.7287
vn -0.0963 -0.9471 -0.3063
vn -0.4780 -0.8620 -0.1687
vn -0.8439 -0.5362 0.0187
vn -0.1917 -0.9666 -0.1703
vn -0.9137 0.1185 0.3887
vn -0.6229 0.0770 0.7785
vn -0.9279 -0.2327 0.2912
vn -0.8335 -0.1268 0.5377
vn -0.6618 -0.7289 0.1755
vn -0.7697 -0.4599 0.4428
vn -0.7829 -0.1349 0.6074
vn -0.6600 0.0736 0.7476
vn -0.5937 -0.4165 0.6886
vn -0.4866 -0.8282 0.2780
vn -0.5352 -0.2107 0.8180
vn -0.4665 -0.5897 0.6592
vn -0.3065 -0.1497 0.9400
vn -0.4060 -0.1951 0.8928
vn -0.7024 -0.2915 0.6493
vn -0.6727 -0.4591 0.5803
vn -0.3299 -0.4330 0.8389
vn -0.3426 -0.5592 0.7550
vn 0.1361 -0.4200 0.8973
vn 0.0168 -0.5706 0.8210
vn 0.4750 -0.5721 0.6687
vn 0.2215 -0.2489 0.9429
vn 0.6502 -0.4112 0.6388
vn 0.8542 -0.2410 0.4607
vn -0.3086 -0.7272 0.6131
vn 0.0461 -0.6821 0.7298
vn -0.7938 0.4271 0.4330
vn -0.4875 0.2883 0.8242
vn -0.5197 0.1884 0.8333
vn -0.2508 0.2504 0.9351
vn -0.5328 -0.5303 0.6595
vn -0.8126 -0.0622 0.5795
vn -0.5574 -0.2932 0.7767
vn -0.0645 -0.0681 0.9956
vn 0.0457 -0.0738 0.9962
vn -0.1938 -0.3077 0.9315
vn 0.0657 -0.2571 0.9642
vn 0.0030 -0.9997 0.0225
vn 0.7689 -0.5951 0.2339
vn -0.1245 -0.9348 0.3327
vn 0.2409 -0.9251 0.2935
vn -0.9310 -0.3644 0.0214
vn -0.4777 -0.8258 0.2999
vn -0.8401 -0.4472 0.3069
vn 0.4572 -0.6553 0.6013
vn 0.7882 -0.5174 0.3333
vn 0.8839 -0.2392 0.4018
vn -0.0302 -0.7207 0.6926
vn -0.7778 -0.3283 0.5360
vn 0.6727 -0.2802 0.6847
vn -0.4962 -0.5052 0.7061
vn 0.5859 -0.1998 0.7854
vn -0.2447 -0.5449 0.8020
vn 0.5649 -0.6920 0.4494
vn 0.6329 -0.4443 0.6340
vn 0.5102 -0.5862 0.6293
vn 0.5426 0.1456 0.8273
vn 0.3571 -0.1838 0.9158
vn -0.7839 -0.1829 0.5934
vn -0.8077 -0.2561 -0.5311
vn -0.9570 -0.1768 0.2300
vn -0.8821 -0.3222 0.3436
vn -0.5869 -0.2745 0.7617
vn -0.3352 -0.1445 0.9310
vn 0.7411 -0.5432 -0.3947
vn -0.8530 -0.4339 -0.2900
vn -0.6375 -0.4949 -0.5905
vn 0.2503 -0.8359 -0.4884
vn -0.6734 -0.5833 -0.4542
vn -0.2610 -0.8890 -0.3763
vn -0.7029 -0.7113 -0.0059
vn -0.3312 -0.9376 -0.1060
vn 0.8036 -0.5823 0.1227
vn 0.6072 -0.7702 -0.1949
vn -0.7034 -0.5375 0.4651
vn -0.3239 -0.8194 0.4729
vn 0.0080 -0.8982 0.4396
vn 0.3738 -0.6908 0.6189
vn 0.7737 -0.2887 0.5640
vn 0.6061 -0.7340 0.3064
vn -0.1134 -0.4771 0.8715
vn -0.0732 -0.2368 0.9688
vn 0.1547 -0.1201 0.9806
vn 0.4556 -0.2389 0.8575
vn -0.0510 -0.1356 0.9894
vn 0.0927 -0.9948 -0.0428
vn -0.1330 -0.9455 -0.2972
vn -0.0895 -0.9797 -0.1797
vn -0.3186 -0.8826 -0.3458
vn -0.8209 -0.5413 0.1820
vn -0.8685 -0.2581 0.4232
vn -0.4518 -0.8207 -0.3497
vn -0.4591 -0.8433 -0.2794
vn -0.7441 0.2014 0.6370
vn 0.9982 0.0067 0.0599
vn 0.8208 0.0272 0.5706
vn 0.7752 0.2937 0.5594
vn 0.5653 0.5680 0.5982
vn 0.8245 0.1391 0.5485
vn -0.8437 0.1417 0.5178
vn -0.6031 -0.1763 0.7780
vn -0.8968 -0.0405 0.4407
vn -0.9479 -0.2064 0.2426
vn 0.6717 -0.2086 0.7108
vn 0.6865 -0.0805 0.7226
vn -0.5592 -0.3974 0.7276
vn 0.0103 0.2371 0.9714
vn -0.6666 -0.2791 0.6912
vn -0.4774 -0.8781 0.0317
vn -0.4579 0.1791 0.8708
vn -0.1641 -0.0359 0.9858
vn -0.1087 0.0389 0.9933
vn 0.7258 -0.4856 0.4872
vn 0.3846 -0.2587 0.8861
vn 0.7523 -0.3679 0.5465
vn 0.9400 -0.1236 0.3179
vn 0.0949 -0.3388 0.9360
vn 0.5736 -0.2952 0.7641
vn -0.1099 -0.5097 0.8533
vn 0.4945 -0.4005 0.7714
vn 0.1932 -0.0205 0.9809
vn 0.3921 -0.2093 0.8958
vn -0.0080 -0.5741 0.8188
vn 0.4968 -0.0071 0.8678
vn 0.1778 -0.0660 0.9818
vn 0.3050 0.1143 0.9455
vn -0.0121 -0.4834 0.8753
vn 0.3288 -0.4611 0.8242
vn 0.3755 -0.7263 0.5758
vn 0.0778 -0.0775 0.9940
vn -0.3546 -0.4027 0.8439
vn -0.6056 -0.6010 0.5216
vn -0.1843 -0.1433 0.9724
vn -0.7001 -0.4626 0.5440
vn 0.2536 -0.2069 0.9449
vn 0.2311 0.0027 0.9729
vn 0.2317 -0.0459 0.9717
vn 0.4857 -0.8691 -0.0934
vn -0.0781 -0.9956 -0.0517
vn 0.7513 -0.6400 0.1612
vn 0.5406 -0.8385 0.0684
vn -0.0779 -0.9882 0.1322
vn -0.0928 -0.9841 0.1513
vn -0.7269 -0.6678 0.1603
vn -0.6036 -0.7852 0.1386
vn -0.8510 -0.4217 0.3128
vn 0.2499 -0.8817 0.4002
vn -0.3491 -0.8475 0.3998
vn -0.2441 -0.7247 0.6443
vn 0.6080 -0.1879 0.7714
vn 0.2579 -0.8422 0.4736
vn 0.2482 -0.7624 0.5976
vn 0.2359 -0.9123 0.3347
vn 0.2433 0.0446 0.9689
vn -0.9199 -0.1597 0.3582
vn -0.6331 -0.2158 0.7434
vn 0.4927 0.0293 0.8697
vn -0.0610 -0.0720 0.9955
vn -0.2397 -0.1761 0.9547
vn -0.8839 -0.0679 0.4628
vn 0.8775 -0.2467 0.4113
vn 0.8255 -0.0512 0.5620
vn 0.4854 -0.1662 0.8583
vn -0.8890 -0.0534 0.4548
vn 0.8563 -0.3909 0.3374
vn -0.7407 -0.3099 0.5960
vn -0.6140 -0.1373 0.7773
vn -0.4126 -0.4230 0.8068
vn 0.5866 -0.4937 0.6420
vn 0.6759 -0.3233 0.6623
vn 0.3190 -0.3554 0.8786
vn 0.1422 -0.5631 0.8140
vn -0.1949 -0.3064 0.9317
vn -0.3076 -0.6781 0.6675
vn 0.2871 -0.7415 0.6064
vn 0.0322 0.9645 -0.2620
vn 0.9393 -0.2626 0.2210
vn 0.4568 -0.8710 -0.1809
vn -0.5460 -0.6767 -0.4940
vn -0.3182 -0.8809 -0.3503
vn -0.2736 -0.9160 -0.2933
vn 0.9678 -0.1864 0.1693
vn -0.5660 0.4177 -0.7107
vn -0.4894 0.5415 -0.6836
vn -0.4232 0.7177 -0.5529
vn -0.6515 -0.3640 -0.6656
vn -0.8068 -0.1962 -0.5573
vn 0.6810 -0.6501 0.3372
vn 0.9361 -0.2862 -0.2045
vn 0.9887 -0.0770 0.1285
vn 0.9416 -0.3367 -0.0005
vn 0.5464 -0.6581 0.5181
vn 0.1274 -0.5721 -0.8103
vn 0.0831 -0.3949 -0.9150
vn -0.3691 -0.9219 0.1180
vn 0.0234 -0.9655 -0.2593
vn -0.4420 -0.8528 0.2782
vn -0.3274 -0.8737 0.3599
vn -0.0314 -0.6005 -0.7990
vn -0.2849 0.0935 0.9540
vn -0.1504 -0.1860 0.9710
vn 0.1434 -0.3878 -0.9105
vn -0.2523 0.0080 0.9676
vn 0.2697 -0.1190 0.9555
vn 0.1801 -0.1313 0.9748
vn -0.3793 -0.6627 0.6457
vn 0.2017 -0.8521 0.4829
vn 0.1203 -0.3181 0.9404
vn -0.0950 -0.5533 -0.8275
vn 0.0810 0.0079 0.9967
vn -0.1416 -0.6106 -0.7792
vn 0.2842 -0.5288 0.7998
vn 0.4710 -0.2487 0.8463
vn 0.0625 -0.4644 0.8834
vn -0.2188 -0.3938 0.8928
vn -0.4607 -0.3046 0.8336
vn -0.0692 -0.1464 0.9868
vn 0.1984 0.1042 0.9746
vn -0.0624 -0.0207 0.9978
vn -0.2042 -0.9270 -0.3147
vn -0.0581 -0.9982 0.0132
vn -0.0583 -0.9981 0.0187
vn 0.4744 0.0812 0.8765
vn -0.4678 -0.1208 0.8755
vn 0.0623 -0.0538 0.9966
vn 0.1161 0.9784 -0.1709
vn -0.1904 -0.8352 -0.5160
vn -0.1269 -0.3365 -0.9331
vn -0.6222 -0.5434 0.5636
vn -0.4871 -0.8725 -0.0374
vn -0.3087 -0.6561 0.6886
vn -0.2579 -0.9649 0.0489
vn -0.3681 -0.9232 0.1105
vn -0.1431 -0.5465 -0.8252
vn -0.3165 -0.3709 0.8731
vn 0.1367 0.9672 -0.2139
vn 0.1861 0.9821 -0.0303
vn -0.1935 -0.9295 -0.3140
vn 0.0222 -0.9159 0.4008
vn -0.2931 -0.4307 -0.8536
vn 0.1675 0.9714 0.1681
vn -0.1411 0.7843 -0.6041
vn -0.3171 0.7981 -0.5123
vn -0.1370 0.9385 -0.3169
vn -0.1885 -0.9505 -0.2471
vn -0.3985 0.5495 -0.7343
vn 0.1699 -0.9396 0.2971
vn -0.3621 -0.2744 -0.8908
vn -0.4197 -0.0326 -0.9071
vn 0.8388 -0.3916 -0.3783
vn 0.9005 -0.3450 -0.2649
vn 0.6558 0.4801 -0.5826
vn 0.6472 0.3645 -0.6695
vn -0.2502 -0.4568 -0.8537
vn -0.3194 -0.6996 -0.6391
vn 0.1861 0.8943 0.4069
vn -0.4616 -0.2724 -0.8443
vn -0.8529 -0.3218 -0.4110
vn -0.2223 0.9498 -0.2202
vn -0.2077 0.7710 -0.6020
vn -0.5471 -0.1322 -0.8266
vn -0.6443 0.1174 -0.7557
vn -0.7654 0.3049 -0.5667
vn -0.6580 0.4165 -0.6273
vn -0.4942 0.5090 -0.7048
vn 0.5915 0.4711 -0.6544
vn 0.6417 0.6539 -0.4007
vn 0.4158 0.8834 0.2161
vn 0.4121 -0.4924 -0.7666
vn -0.5440 -0.6548 -0.5247
vn -0.4258 0.6807 -0.5961
vn -0.2981 0.9539 -0.0353
vn -0.5236 0.8239 0.2168
vn -0.5296 0.8465 -0.0541
vn -0.1990 0.7292 0.6547
vn -0.4942 0.6640 0.5611
vn -0.2555 0.6033 0.7555
vn -0.7656 0.5818 0.2746
vn 0.1180 0.6570 0.7446
vn 0.0703 0.6057 0.7926
vn -0.5503 0.5561 0.6228
vn -0.3461 0.5681 0.7467
vn -0.8652 -0.0927 -0.4927
vn -0.8209 0.0768 -0.5659
vn -0.7437 0.0216 -0.6681
vn -0.9001 0.3346 -0.2790
vn -0.9828 0.1822 0.0302
vn -0.8366 0.5012 0.2210
vn -0.9617 0.0264 -0.2727
vn -0.6253 0.5223 -0.5798
vn -0.7383 0.6743 0.0126
vn 0.6531 0.3947 -0.6463
vn 0.5488 0.4686 -0.6922
vn 0.8622 -0.0971 -0.4972
vn 0.5758 0.4559 -0.6787
vn 0.3464 0.6030 -0.7186
vn 0.5124 0.3238 -0.7954
vn 0.2212 -0.8331 -0.5070
vn 0.2723 -0.8978 -0.3461
vn 0.5312 -0.7297 -0.4305
vn 0.1316 -0.8870 -0.4427
vn 0.5202 0.7785 -0.3513
vn -0.7635 -0.6454 0.0228
vn -0.3659 -0.8465 -0.3868
vn -0.3312 -0.8762 -0.3501
vn 0.4469 0.8587 0.2510
vn 0.4598 0.7144 0.5275
vn -0.9716 0.0456 -0.2320
vn 0.3239 0.6267 0.7088
vn 0.3988 0.7752 0.4898
vn 0.2158 0.9718 0.0956
vn 0.2799 0.7325 0.6205
vn -0.4185 0.6003 0.6815
vn -0.5813 0.6324 0.5120
vn -0.9331 0.2246 0.2807
vn -0.9334 0.2191 0.2840
vn -0.9917 0.1222 -0.0398
vn -0.0000 0.9692 -0.2462
vn 0.0050 0.9443 -0.3291
vn -0.2582 0.9064 -0.3342
vn -0.1071 0.9501 -0.2931
vn -0.7840 0.2219 -0.5797
vn -0.9437 0.1475 -0.2962
vn 0.7441 0.0357 -0.6672
vn 0.8514 0.1410 -0.5052
vn 0.0648 0.7433 -0.6658
vn 0.3420 0.7226 -0.6007
vn 0.3919 0.6231 -0.6768
vn 0.8139 -0.3620 -0.4544
vn 0.7961 -0.1394 -0.5889
vn 0.7413 -0.3744 -0.5570
vn 0.7181 -0.5815 -0.3822
vn 0.7387 -0.4444 -0.5068
vn -0.1853 0.4400 -0.8787
vn -0.5579 0.5088 -0.6557
vn -0.6303 0.5300 -0.5673
vn -0.1621 0.2876 -0.9439
vn -0.4428 0.6655 -0.6009
vn -0.3160 0.6911 -0.6500
vn 0.2173 0.4089 -0.8863
vn 0.4436 0.2215 -0.8684
vn -0.6514 0.5797 -0.4896
vn 0.5118 0.0757 -0.8558
vn 0.4184 0.2387 -0.8763
vn 0.6462 0.0296 -0.7626
vn 0.1061 0.5952 -0.7965
vn 0.4795 -0.8672 -0.1346
vn -0.6022 -0.7511 0.2705
vn -0.5112 -0.8544 0.0931
vn -0.9042 -0.4189 0.0831
vn -0.9939 -0.0695 -0.0859
vn -0.9666 -0.2518 -0.0475
vn 0.0049 0.9613 -0.2755
vn -0.1461 0.8393 -0.5237
vn -0.4649 0.5456 -0.6972
vn -0.4967 0.5798 -0.6458
vn -0.6193 0.2886 -0.7302
vn -0.2006 0.8100 -0.5510
vn -0.6619 0.1258 -0.7390
vn -0.7553 0.4634 -0.4635
vn -0.4560 0.6289 -0.6298
vn 0.7384 -0.3972 -0.5449
vn 0.7419 -0.2398 -0.6262
vn 0.1999 0.0336 -0.9792
vn 0.2168 0.0158 -0.9761
vn 0.2175 0.0189 -0.9759
vn -0.1963 0.3228 -0.9259
vn -0.1793 0.3048 -0.9354
vn -0.0376 0.1515 -0.9877
vn -0.6755 0.5505 -0.4906
vn -0.4892 0.6026 -0.6306
vn 0.6259 -0.2868 -0.7253
vn 0.0527 0.3241 -0.9446
vn -0.1213 0.3087 -0.9434
vn 0.5452 0.0714 -0.8353
vn 0.3930 0.6229 -0.6764
vn -0.0240 0.1365 -0.9903
vn 0.7790 -0.4891 -0.3923
vn 0.7058 0.0796 -0.7039
vn 0.6818 -0.1010 -0.7245
vn 0.5224 0.3864 -0.7601
vn 0.7130 -0.6115 -0.3430
vn 0.4813 0.4447 -0.7554
vn 0.5990 0.3971 -0.6954
vn -0.0159 0.6888 -0.7248
vn 0.1288 0.3581 -0.9248
vn 0.6649 0.2168 -0.7148
vn 0.0209 -0.9942 0.1055
vn 0.6020 -0.7632 -0.2349
vn 0.3461 0.1935 -0.9180
vn -0.1677 -0.9050 0.3910
vn 0.2758 -0.9580 0.0783
vn -0.5369 -0.6003 0.5928
vn -0.8092 -0.3826 0.4458
vn -0.9985 -0.0303 -0.0462
vn -0.9568 -0.0944 0.2751
vn -0.9889 -0.0849 -0.1221
vn -0.9499 -0.3116 0.0230
vn -0.9432 -0.3123 0.1134
vn -0.9116 -0.1624 0.3777
vn -0.9056 0.1304 0.4035
vn -0.9569 0.2438 -0.1579
vn -0.9320 0.3412 0.1221
vn -0.9375 0.2821 0.2039
vn -0.8277 0.0825 -0.5550
vn -0.8162 0.3667 -0.4465
vn -0.7430 0.1370 -0.6551
vn 0.4258 0.8160 -0.3909
vn 0.6013 0.7009 -0.3835
vn 0.2182 0.3419 -0.9141
vn 0.2045 0.3298 -0.9216
vn 0.4310 0.3905 -0.8134
vn 0.5956 -0.6826 -0.4235
vn 0.2001 0.3718 -0.9065
vn 0.2875 0.3475 -0.8925
vn 0.0856 0.4969 -0.8636
vn -0.0264 0.4254 -0.9046
vn 0.0595 0.0540 -0.9968
vn 0.4357 -0.8513 -0.2923
vn 0.2003 -0.9679 -0.1518
vn 0.2166 -0.8488 -0.4823
vn 0.3715 -0.5396 -0.7555
vn -0.1245 0.6099 -0.7826
vn -0.1403 0.3938 -0.9084
vn -0.1038 0.5338 -0.8392
vn -0.2434 0.1904 -0.9511
vn -0.3824 0.2686 -0.8841
vn -0.4955 -0.2210 -0.8400
vn 0.1493 -0.0554 -0.9872
vn 0.1897 0.2095 -0.9592
vn 0.0254 0.2316 -0.9725
vn -0.0374 0.2072 -0.9776
vn -0.4276 -0.7678 0.4771
vn -0.0315 -0.9855 0.1667
vn -0.0659 -0.9670 -0.2462
vn -0.4952 -0.8670 0.0555
vn -0.8823 -0.3372 0.3284
vn -0.0549 -0.8239 -0.5640
vn -0.4761 -0.7342 -0.4840
vn -0.7378 -0.5839 -0.3386
vn -0.7631 -0.5098 -0.3973
vn -0.7670 -0.3424 0.5426
vn -0.9214 0.0686 0.3825
vn -0.9890 0.0399 0.1426
vn -0.9563 0.2888 0.0466
vn -0.8821 -0.0910 0.4622
vn -0.4214 0.5496 -0.7214
vn -0.6839 0.2772 -0.6748
vn -0.3949 0.3685 -0.8416
vn -0.6273 0.4482 -0.6369
vn -0.9009 0.4220 -0.1012
vn -0.4196 0.5371 -0.7317
vn -0.9931 -0.0147 0.1159
vn -0.8916 0.4150 -0.1814
vn -0.5501 0.5016 -0.6677
vn -0.7575 -0.5204 -0.3942
vn -0.7641 0.0928 -0.6383
vn -0.8840 -0.2439 -0.3988
vn -0.2246 -0.1799 -0.9577
vn -0.0634 0.1606 -0.9850
vn -0.8964 0.4425 -0.0246
vn -0.1716 0.4958 -0.8513
vn -0.4368 0.4052 -0.8031
vn -0.2975 0.2902 -0.9095
vn -0.2599 0.5992 -0.7572
vn -0.2730 0.2807 -0.9202
vn -0.9013 0.4078 -0.1460
vn 0.2095 0.2668 -0.9407
vn -0.5989 0.4302 -0.6755
vn -0.5379 0.5974 -0.5949
vn -0.9870 -0.1518 0.0531
vn -0.9666 -0.0522 0.2509
vn -0.9817 0.1750 0.0750
vn -0.2920 -0.0358 -0.9558
vn -0.8912 0.4515 -0.0434
vn -0.1057 0.5459 -0.8311
vn 0.1261 -0.5768 -0.8071
vn 0.2141 -0.2772 -0.9366
vn 0.1714 0.1987 -0.9650
vn 0.2983 -0.1947 -0.9344
vn -0.0020 0.0179 -0.9998
vn -0.1584 -0.4164 -0.8953
vn -0.2296 -0.6451 -0.7287
vn -0.2724 0.2362 -0.9327
vn -0.5166 0.3936 -0.7604
vn -0.2993 -0.0892 -0.9500
s 1
usemtl mtl1.155
f 1//1 112//2 111//3
f 2//4 112//2 1//1
f 4//5 3//6 1//1
f 1//1 3//6 2588//7
f 2593//8 127//9 2590//10
f 125//11 2589//12 2591//13
f 5//14 14//15 163//16
f 14//15 5//14 9//17
f 9//17 169//18 10//19
f 9//17 5//14 169//18
f 169//18 184//20 10//19
f 10//19 6//21 11//22
f 25//23 10//19 11//22
f 184//20 2594//24 10//19
f 2594//24 184//20 176//25
f 11//22 6//21 2675//26
f 11//22 2675//26 7//27
f 2676//28 178//29 2595//30
f 2595//30 178//29 179//31
f 163//16 14//15 8//32
f 8//32 180//33 163//16
f 8//32 15//34 186//35
f 8//32 14//15 15//34
f 10//19 25//23 9//17
f 25//23 11//22 12//36
f 7//27 12//36 11//22
f 12//36 13//37 25//23
f 179//31 2596//38 2595//30
f 179//31 2597//39 2596//38
f 14//15 25//23 16//40
f 15//34 14//15 16//40
f 15//34 2600//41 17//42
f 15//34 187//43 186//35
f 188//44 187//43 15//34
f 188//44 15//34 17//42
f 188//44 17//42 193//45
f 17//42 19//46 193//45
f 14//15 9//17 25//23
f 2598//47 296//48 35//49
f 296//48 44//50 35//49
f 25//23 20//51 16//40
f 18//52 17//42 2600//41
f 18//52 2600//41 20//51
f 17//42 18//52 19//46
f 18//52 208//53 19//46
f 30//54 20//51 25//23
f 22//55 20//51 21//56
f 30//54 21//56 20//51
f 30//54 28//57 21//56
f 22//55 18//52 20//51
f 2601//58 23//59 2603//60
f 2604//61 23//59 2602//62
f 18//52 2603//60 24//63
f 23//59 24//63 2603//60
f 23//59 208//53 24//63
f 2604//61 208//53 23//59
f 18//52 24//63 208//53
f 26//64 13//37 35//49
f 26//64 25//23 13//37
f 26//64 35//49 33//65
f 46//66 219//67 27//68
f 46//66 27//68 31//69
f 48//70 221//71 219//67
f 46//66 48//70 219//67
f 221//71 50//72 231//73
f 31//69 29//74 30//54
f 46//66 31//69 51//75
f 31//69 57//76 52//77
f 57//76 54//78 52//77
f 29//74 2605//79 30//54
f 29//74 31//69 27//68
f 2605//79 29//74 209//80
f 27//68 2700//81 2606//82
f 30//54 25//23 32//83
f 30//54 32//83 31//69
f 32//83 57//76 31//69
f 26//64 33//65 25//23
f 33//65 32//83 25//23
f 33//65 34//84 37//85
f 37//85 38//86 33//65
f 33//65 35//49 34//84
f 35//49 36//87 34//84
f 37//85 34//84 40//88
f 34//84 36//87 40//88
f 38//86 68//89 33//65
f 41//90 38//86 37//85
f 35//49 39//91 36//87
f 40//88 41//90 37//85
f 38//86 41//90 42//92
f 38//86 42//92 68//89
f 39//91 35//49 44//50
f 43//93 39//91 44//50
f 36//87 39//91 43//93
f 40//88 36//87 43//93
f 43//93 45//94 41//90
f 40//88 43//93 41//90
f 41//90 2608//95 42//92
f 71//96 2607//97 45//94
f 68//89 42//92 71//96
f 45//94 43//93 44//50
f 46//66 51//75 47//98
f 47//98 51//75 53//99
f 49//100 47//98 53//99
f 46//66 47//98 48//70
f 48//70 47//98 49//100
f 49//100 53//99 56//101
f 221//71 48//70 50//72
f 48//70 49//100 50//72
f 231//73 49//100 2609//102
f 231//73 50//72 49//100
f 31//69 52//77 51//75
f 51//75 52//77 53//99
f 56//101 53//99 54//78
f 53//99 52//77 54//78
f 56//101 54//78 55//103
f 57//76 55//103 54//78
f 56//101 55//103 74//104
f 57//76 32//83 58//105
f 65//106 58//105 32//83
f 55//103 57//76 59//107
f 59//107 57//76 58//105
f 65//106 60//108 58//105
f 58//105 61//109 59//107
f 62//110 61//109 60//108
f 60//108 61//109 58//105
f 59//107 75//111 55//103
f 61//109 77//112 59//107
f 61//109 62//110 77//112
f 63//113 32//83 33//65
f 63//113 33//65 70//114
f 63//113 70//114 64//115
f 65//106 32//83 63//113
f 69//116 64//115 70//114
f 63//113 66//117 65//106
f 64//115 66//117 63//113
f 233//118 66//117 64//115
f 64//115 69//116 67//119
f 64//115 67//119 233//118
f 87//120 67//119 69//116
f 233//118 65//106 66//117
f 233//118 67//119 85//121
f 85//121 67//119 87//120
f 232//122 62//110 60//108
f 65//106 2706//123 60//108
f 2706//123 65//106 233//118
f 233//118 85//121 250//124
f 33//65 68//89 70//114
f 70//114 68//89 89//125
f 69//116 70//114 87//120
f 89//125 87//120 70//114
f 68//89 71//96 72//126
f 45//94 73//127 71//96
f 73//127 72//126 71//96
f 72//126 73//127 88//128
f 91//129 88//128 73//127
f 45//94 252//130 73//127
f 91//129 73//127 252//130
f 77//112 75//111 59//107
f 55//103 75//111 76//131
f 75//111 77//112 76//131
f 76//131 77//112 80//132
f 76//131 78//133 55//103
f 95//134 76//131 80//132
f 62//110 81//135 77//112
f 74//104 78//133 245//136
f 55//103 78//133 74//104
f 245//136 78//133 93//137
f 78//133 76//131 93//137
f 77//112 81//135 80//132
f 80//132 83//138 79//139
f 86//140 85//121 82//141
f 85//121 87//120 82//141
f 84//142 86//140 82//141
f 83//138 86//140 84//142
f 80//132 81//135 83//138
f 79//139 83//138 84//142
f 84//142 82//141 79//139
f 250//124 85//121 86//140
f 83//138 81//135 251//143
f 86//140 83//138 251//143
f 79//139 89//125 94//144
f 87//120 89//125 79//139
f 87//120 79//139 82//141
f 68//89 72//126 89//125
f 72//126 88//128 89//125
f 89//125 88//128 90//145
f 89//125 90//145 96//146
f 2610//147 92//148 96//146
f 2610//147 88//128 91//129
f 2610//147 91//129 92//148
f 95//134 93//137 76//131
f 79//139 94//144 80//132
f 94//144 95//134 80//132
f 89//125 96//146 94//144
f 94//144 96//146 97//149
f 92//148 254//150 96//146
f 104//151 103//152 95//134
f 256//153 95//134 103//152
f 99//154 97//149 96//146
f 94//144 97//149 95//134
f 99//154 100//155 97//149
f 95//134 97//149 98//156
f 97//149 100//155 98//156
f 98//156 100//155 104//151
f 99//154 96//146 101//157
f 99//154 101//157 100//155
f 98//156 104//151 95//134
f 101//157 258//158 100//155
f 258//158 105//159 100//155
f 256//153 103//152 102//160
f 104//151 105//159 2612//161
f 104//151 102//160 103//152
f 104//151 100//155 105//159
f 260//162 105//159 258//158
f 260//162 263//163 105//159
f 257//164 2713//165 109//166
f 257//164 109//166 124//167
f 2716//168 2633//169 262//170
f 107//171 108//172 106//173
f 107//171 2619//174 108//172
f 2714//175 110//176 2620//177
f 2621//178 2615//179 119//180
f 256//153 102//160 144//181
f 111//3 2613//182 1//1
f 111//3 113//183 2616//184
f 2613//182 111//3 2616//184
f 114//185 113//183 112//2
f 113//183 111//3 112//2
f 2624//186 112//2 115//187
f 112//2 2//4 115//187
f 115//187 2634//188 128//189
f 115//187 2//4 2634//188
f 2625//190 116//191 2623//192
f 116//191 2615//179 2623//192
f 2627//193 2628//194 2626//195
f 117//196 119//180 2615//179
f 116//191 117//196 2615//179
f 118//197 2629//198 2628//194
f 2627//193 118//197 2628//194
f 118//197 2627//193 2638//199
f 2638//199 121//200 118//197
f 2630//201 2629//198 120//202
f 120//202 2629//198 118//197
f 121//200 120//202 118//197
f 109//166 2631//203 124//167
f 2633//169 2630//201 122//204
f 122//204 2630//201 120//202
f 122//204 120//202 121//200
f 121//200 123//205 122//204
f 122//204 123//205 2633//169
f 262//170 2633//169 123//205
f 2613//182 4//5 1//1
f 126//206 2593//8 2614//207
f 127//9 2593//8 126//206
f 125//11 2591//13 129//208
f 125//11 129//208 2638//199
f 2617//209 126//206 2614//207
f 126//206 2617//209 130//210
f 126//206 130//210 2635//211
f 2636//212 137//213 2639//214
f 2637//215 2640//215 2592//215
f 144//181 134//216 256//153
f 130//210 2617//209 131//217
f 130//210 131//217 132//218
f 130//210 132//218 2635//211
f 2643//219 135//220 2636//212
f 2636//212 135//220 137//213
f 2638//199 129//208 136//221
f 121//200 2638//199 136//221
f 136//221 129//208 2651//222
f 2622//223 108//172 2619//174
f 110//176 2641//224 2618//225
f 2641//224 110//176 2714//175
f 133//226 2642//227 2715//228
f 2644//229 2642//227 133//226
f 256//153 134//216 2646//230
f 138//231 2645//232 2647//233
f 138//231 135//220 2645//232
f 2649//234 2653//234 2648//234
f 144//181 150//235 134//216
f 135//220 141//236 137//213
f 138//231 141//236 135//220
f 134//216 150//235 139//237
f 150//235 154//238 139//237
f 140//239 121//200 136//221
f 2655//240 2650//241 2657//242
f 2650//241 2652//243 2657//242
f 134//216 139//237 2654//244
f 121//200 140//239 2632//245
f 2658//246 2654//244 143//247
f 2632//245 140//239 142//248
f 2659//249 2660//250 2656//251
f 2659//249 2662//252 2660//250
f 143//247 2654//244 147//253
f 2654//244 139//237 147//253
f 147//253 149//254 143//247
f 139//237 154//238 147//253
f 150//235 144//181 151//255
f 146//256 145//257 2612//161
f 102//160 145//257 144//181
f 144//181 145//257 151//255
f 146//256 2612//161 105//159
f 263//163 146//256 105//159
f 269//258 267//259 263//163
f 2663//260 2632//245 142//248
f 2661//261 143//247 149//254
f 147//253 148//262 149//254
f 147//253 154//238 148//262
f 154//238 158//263 148//262
f 149//254 148//262 158//263
f 145//257 152//264 151//255
f 152//264 156//265 151//255
f 158//263 150//235 153//266
f 153//266 150//235 151//255
f 145//257 146//256 152//264
f 154//238 150//235 158//263
f 152//264 146//256 156//265
f 153//266 151//255 155//267
f 156//265 155//267 151//255
f 153//266 155//267 159//268
f 263//163 160//269 146//256
f 160//269 156//265 146//256
f 158//263 153//266 161//270
f 155//267 157//271 162//272
f 157//271 155//267 156//265
f 160//269 157//271 156//265
f 161//270 153//266 159//268
f 155//267 162//272 159//268
f 161//270 159//268 265//273
f 265//273 159//268 162//272
f 267//259 160//269 263//163
f 157//271 264//274 162//272
f 264//274 157//271 160//269
f 267//259 264//274 160//269
f 265//273 162//272 266//275
f 264//274 266//275 162//272
f 5//14 164//276 170//277
f 164//276 5//14 165//278
f 165//278 5//14 163//16
f 165//278 163//16 180//33
f 167//279 166//280 2664//281
f 2673//282 166//280 171//283
f 2673//282 2664//281 166//280
f 167//279 2664//281 2665//284
f 2669//285 2666//286 168//287
f 2681//288 181//289 2667//290
f 2666//286 2682//291 168//287
f 2670//292 172//293 2668//294
f 2669//285 168//287 172//293
f 5//14 170//277 169//18
f 2671//295 2673//282 171//283
f 171//283 166//280 173//296
f 173//296 284//297 171//283
f 284//297 2671//295 171//283
f 2668//294 175//298 2674//299
f 2668//294 172//293 175//298
f 168//287 175//298 172//293
f 175//298 168//287 174//300
f 174//300 168//287 195//301
f 2674//299 175//298 286//302
f 2719//303 284//297 173//296
f 287//304 286//302 175//298
f 175//298 174//300 287//304
f 184//20 177//305 176//25
f 185//306 177//305 184//20
f 177//305 185//306 2724//307
f 176//25 177//305 2677//308
f 177//305 2724//307 2677//308
f 2725//309 2679//309 2678//309
f 8//32 186//35 180//33
f 181//289 2681//288 182//310
f 180//33 186//35 2683//311
f 2682//291 183//312 168//287
f 183//312 2682//291 2684//313
f 183//312 190//314 194//315
f 2688//316 183//312 2684//313
f 174//300 195//301 295//317
f 2672//318 185//306 184//20
f 284//297 2685//319 2671//295
f 187//43 188//44 191//320
f 186//35 189//321 2683//311
f 2684//313 2687//322 2688//316
f 189//321 186//35 2686//323
f 2688//316 2687//322 2690//324
f 2691//325 189//321 2686//323
f 192//326 2689//327 2692//328
f 302//329 192//326 2692//328
f 203//330 2736//331 191//320
f 304//332 303//333 2693//334
f 2739//335 2694//335 2737//335
f 203//330 315//336 2736//331
f 207//337 193//45 19//46
f 193//45 191//320 188//44
f 191//320 193//45 205//338
f 2693//334 194//315 190//314
f 168//287 194//315 195//301
f 168//287 183//312 194//315
f 195//301 210//339 196//340
f 196//340 210//339 197//341
f 194//315 210//339 195//301
f 196//340 308//342 195//301
f 195//301 308//342 295//317
f 308//342 196//340 197//341
f 2599//343 2680//343 2726//343
f 299//344 201//345 199//346
f 299//344 199//346 298//347
f 2734//348 2695//349 198//350
f 2695//349 213//351 212//352
f 2695//349 212//352 198//350
f 199//346 200//353 2702//354
f 201//345 200//353 199//346
f 200//353 201//345 310//355
f 2735//356 300//357 201//345
f 202//358 200//353 310//355
f 200//353 202//358 214//359
f 205//338 203//330 191//320
f 206//360 315//336 203//330
f 315//336 206//360 231//73
f 218//361 205//338 204//362
f 205//338 193//45 2697//363
f 204//362 205//338 2700//81
f 205//338 218//361 2696//364
f 203//330 205//338 2696//364
f 207//337 19//46 208//53
f 2697//363 2698//365 2701//366
f 204//362 2700//81 220//367
f 205//338 2697//363 2701//366
f 2699//368 2605//79 209//80
f 194//315 211//369 210//339
f 194//315 2693//334 211//369
f 333//370 198//350 212//352
f 215//371 222//372 212//352
f 222//372 333//370 212//352
f 333//370 222//372 224//373
f 212//352 213//351 2703//374
f 2703//374 215//371 212//352
f 214//359 2702//354 200//353
f 2703//374 223//375 215//371
f 202//358 216//376 214//359
f 2703//374 2704//377 225//378
f 2704//377 217//379 225//378
f 217//379 235//380 225//378
f 202//358 313//381 216//376
f 225//378 223//375 2703//374
f 216//376 228//382 217//379
f 216//376 229//383 228//382
f 206//360 2705//384 231//73
f 220//367 27//68 219//67
f 219//67 204//362 220//367
f 218//361 219//67 221//71
f 220//367 2700//81 27//68
f 204//362 219//67 218//361
f 231//73 2705//384 221//71
f 45//94 44//50 296//48
f 296//48 252//130 45//94
f 223//375 222//372 215//371
f 224//373 222//372 223//375
f 224//373 223//375 332//385
f 332//385 223//375 226//386
f 226//386 223//375 225//378
f 242//387 235//380 227//388
f 217//379 227//388 235//380
f 217//379 228//382 227//388
f 229//383 230//389 228//382
f 418//390 230//389 229//383
f 228//382 230//389 243//391
f 418//390 424//392 230//389
f 230//389 335//393 2708//394
f 335//393 230//389 424//392
f 231//73 2609//102 74//104
f 246//395 413//396 231//73
f 246//395 231//73 74//104
f 81//135 62//110 247//397
f 62//110 232//122 247//397
f 232//122 248//398 247//397
f 232//122 249//399 248//398
f 232//122 233//118 249//399
f 233//118 250//124 249//399
f 2712//400 2727//401 234//402
f 420//403 253//404 234//402
f 420//403 234//402 2727//401
f 226//386 225//378 236//405
f 236//405 225//378 235//380
f 239//406 236//405 235//380
f 238//407 236//405 239//406
f 237//408 226//386 236//405
f 237//408 236//405 238//407
f 239//406 235//380 242//387
f 241//409 239//406 240//410
f 2707//411 240//410 239//406
f 244//412 240//410 2707//411
f 241//409 238//407 239//406
f 241//409 240//410 244//412
f 227//388 228//382 242//387
f 228//382 2709//413 242//387
f 2707//411 2710//414 244//412
f 244//412 2710//414 2754//415
f 244//412 2754//415 336//416
f 74//104 245//136 246//395
f 245//136 93//137 246//395
f 246//395 93//137 2716//168
f 81//135 247//397 251//143
f 247//397 248//398 251//143
f 248//398 2711//417 251//143
f 2711//417 86//140 251//143
f 86//140 2711//417 250//124
f 234//402 2611//418 2712//400
f 253//404 92//148 2611//418
f 253//404 254//150 92//148
f 2611//418 234//402 253//404
f 420//403 254//150 253//404
f 254//150 259//419 96//146
f 254//150 255//420 259//419
f 420//403 255//420 254//150
f 93//137 256//153 2716//168
f 95//134 256//153 93//137
f 259//419 101//157 96//146
f 259//419 260//162 101//157
f 260//162 258//158 101//157
f 255//420 261//421 259//419
f 261//421 260//162 259//419
f 255//420 420//403 261//421
f 261//421 263//163 260//162
f 123//205 343//422 262//170
f 262//170 343//422 2716//168
f 261//421 269//258 263//163
f 261//421 271//423 269//258
f 261//421 337//424 271//423
f 2632//245 2663//260 273//425
f 158//263 274//426 149//254
f 123//205 273//425 343//422
f 270//427 264//274 267//259
f 266//275 270//427 268//428
f 266//275 264//274 270//427
f 265//273 268//428 161//270
f 265//273 266//275 268//428
f 158//263 161//270 274//426
f 271//423 267//259 269//258
f 268//428 278//429 161//270
f 268//428 279//430 278//429
f 268//428 270//427 2717//431
f 271//423 270//427 267//259
f 271//423 272//432 270//427
f 2718//433 270//427 272//432
f 161//270 278//429 274//426
f 272//432 271//423 337//424
f 275//434 273//425 2663//260
f 149//254 276//435 275//434
f 274//426 276//435 149//254
f 274//426 281//436 338//437
f 276//435 274//426 338//437
f 275//434 276//435 277//438
f 276//435 338//437 277//438
f 342//439 338//437 281//436
f 275//434 339//440 273//425
f 339//440 275//434 340//441
f 340//441 275//434 277//438
f 281//436 274//426 278//429
f 2718//433 272//432 280//442
f 281//436 278//429 282//443
f 337//424 280//442 272//432
f 278//429 279//430 282//443
f 283//444 280//442 337//424
f 283//444 2718//433 280//442
f 282//443 2718//433 283//444
f 428//445 282//443 283//444
f 174//300 285//446 287//304
f 174//300 295//317 285//446
f 291//447 284//297 2719//303
f 286//302 288//448 292//449
f 2720//450 2723//451 2721//452
f 288//448 286//302 287//304
f 289//453 288//448 287//304
f 289//453 287//304 285//446
f 292//449 288//448 289//453
f 285//446 290//454 289//453
f 290//454 292//449 289//453
f 2723//451 355//455 2721//452
f 292//449 290//454 2758//456
f 284//297 361//457 2685//319
f 380//458 382//459 381//460
f 297//461 2769//462 2770//463
f 2769//462 297//461 293//464
f 381//460 294//465 298//347
f 285//446 295//317 290//454
f 295//317 356//466 290//454
f 2770//463 2734//348 297//461
f 299//344 298//347 294//465
f 2734//348 198//350 297//461
f 198//350 333//370 297//461
f 294//465 301//467 300//357
f 382//459 301//467 294//465
f 381//460 382//459 294//465
f 300//357 2735//356 294//465
f 396//468 312//469 301//467
f 312//469 396//468 407//470
f 2740//471 2736//331 305//472
f 305//472 2736//331 315//336
f 2741//473 400//474 2738//475
f 2740//471 305//472 306//476
f 401//477 2740//471 306//476
f 2776//478 400//474 2741//473
f 306//476 305//472 315//336
f 307//479 306//476 315//336
f 307//479 401//477 306//476
f 308//342 197//341 309//480
f 295//317 308//342 309//480
f 309//480 318//481 295//317
f 318//481 309//480 325//482
f 318//481 392//483 295//317
f 300//357 311//484 201//345
f 201//345 311//484 310//355
f 301//467 311//484 300//357
f 312//469 311//484 301//467
f 312//469 310//355 311//484
f 312//469 313//381 310//355
f 313//381 312//469 407//470
f 202//358 310//355 313//381
f 313//381 314//485 216//376
f 413//396 315//336 231//73
f 2775//486 316//487 303//333
f 316//487 2693//334 303//333
f 211//369 2693//334 316//487
f 320//488 317//489 211//369
f 211//369 316//487 320//488
f 2742//490 316//487 414//491
f 2742//490 414//491 319//492
f 319//492 414//491 415//493
f 309//480 321//494 325//482
f 321//494 309//480 197//341
f 321//494 197//341 210//339
f 210//339 211//369 322//495
f 211//369 324//496 2743//497
f 324//496 211//369 317//489
f 328//498 318//481 325//482
f 2742//490 329//499 317//489
f 331//500 318//481 2750//501
f 330//502 329//499 319//492
f 329//499 2742//490 319//492
f 2753//503 319//492 415//493
f 319//492 2753//503 330//502
f 331//500 2779//504 318//481
f 325//482 321//494 326//505
f 210//339 322//495 321//494
f 321//494 322//495 323//506
f 321//494 2744//507 326//505
f 324//496 2745//508 2743//497
f 317//489 327//509 324//496
f 324//496 327//509 2745//508
f 2749//510 2747//511 2746//512
f 328//498 325//482 326//505
f 2750//501 2748//513 331//500
f 331//500 2748//513 2751//514
f 317//489 329//499 327//509
f 327//509 329//499 330//502
f 2752//515 2747//511 2749//510
f 314//485 229//383 216//376
f 417//516 229//383 412//517
f 333//370 224//373 334//518
f 334//518 224//373 332//385
f 417//516 418//390 229//383
f 332//385 226//386 426//519
f 421//520 241//409 336//416
f 241//409 244//412 336//416
f 421//520 336//416 422//521
f 2754//415 422//521 336//416
f 424//392 422//521 335//393
f 2716//168 612//522 246//395
f 246//395 612//522 413//396
f 238//407 425//523 237//408
f 238//407 536//524 425//523
f 428//445 261//421 420//403
f 261//421 428//445 337//424
f 344//525 343//422 273//425
f 342//439 281//436 282//443
f 344//525 273//425 339//440
f 341//526 339//440 340//441
f 340//441 277//438 342//439
f 2755//527 340//441 342//439
f 342//439 282//443 345//528
f 277//438 338//437 342//439
f 430//529 343//422 344//525
f 339//440 341//526 344//525
f 432//530 342//439 345//528
f 2716//168 343//422 430//529
f 345//528 428//445 432//530
f 337//424 428//445 283//444
f 345//528 282//443 428//445
f 429//531 344//525 341//526
f 431//532 429//531 341//526
f 2781//533 2755//527 342//439
f 2781//533 342//439 432//530
f 347//534 350//535 346//536
f 366//537 346//536 350//535
f 348//538 347//534 346//536
f 348//538 434//539 353//540
f 348//538 353//540 347//534
f 349//541 348//538 346//536
f 349//541 346//536 440//542
f 439//543 2782//544 348//538
f 439//543 348//538 349//541
f 351//545 352//546 365//547
f 2756//548 351//545 365//547
f 352//546 369//549 365//547
f 2756//548 347//534 351//545
f 347//534 352//546 351//545
f 443//550 352//546 347//534
f 353//540 443//550 347//534
f 443//550 470//551 352//546
f 390//552 460//553 360//554
f 460//553 390//552 474//555
f 2722//556 361//457 284//297
f 2721//452 355//455 354//557
f 361//457 2722//556 2757//558
f 290//454 356//466 2758//456
f 2757//558 359//559 361//457
f 354//557 355//455 2762//560
f 355//455 357//561 2762//560
f 358//562 357//561 2759//563
f 2759//563 2760//564 358//562
f 358//562 360//554 357//561
f 459//565 2762//560 357//561
f 459//565 357//561 360//554
f 366//537 468//566 346//536
f 468//566 366//537 363//567
f 468//566 467//568 346//536
f 362//569 468//566 363//567
f 440//542 346//536 467//568
f 364//570 371//571 363//567
f 371//571 373//572 363//567
f 365//547 369//549 2763//573
f 367//574 365//547 2764//575
f 2763//573 369//549 368//576
f 363//567 2765//577 364//570
f 2766//578 2763//573 368//576
f 363//567 373//572 372//579
f 350//535 2765//577 366//537
f 2756//548 365//547 367//574
f 368//576 369//549 370//580
f 363//567 366//537 2765//577
f 362//569 363//567 372//579
f 352//546 370//580 369//549
f 2767//581 374//582 373//572
f 293//464 372//579 373//572
f 368//576 375//583 2766//578
f 2766//578 375//583 2768//584
f 488//585 372//579 293//464
f 370//580 376//586 375//583
f 370//580 375//583 368//576
f 375//583 376//586 2768//584
f 488//585 362//569 372//579
f 377//587 376//586 370//580
f 378//588 376//586 377//587
f 377//587 379//589 378//588
f 377//587 370//580 352//546
f 352//546 470//551 377//587
f 2768//584 378//588 380//458
f 373//572 374//582 2769//462
f 373//572 2769//462 293//464
f 2768//584 376//586 378//588
f 378//588 382//459 380//458
f 382//459 378//588 379//589
f 453//590 382//459 379//589
f 383//591 382//459 453//590
f 385//592 382//459 383//591
f 301//467 382//459 385//592
f 386//593 385//592 383//591
f 2771//594 384//595 2773//596
f 384//595 395//597 2773//596
f 405//598 388//599 402//600
f 2774//601 389//602 403//603
f 2777//604 2774//601 403//603
f 403//603 389//602 404//605
f 389//602 387//606 404//605
f 390//552 473//607 474//555
f 391//608 473//607 390//552
f 387//606 391//608 390//552
f 473//607 391//608 388//599
f 387//606 2774//601 391//608
f 389//602 2774//601 387//606
f 388//599 405//598 473//607
f 392//483 2761//609 356//466
f 392//483 393//610 2761//609
f 360//554 2761//609 393//610
f 360//554 393//610 390//552
f 356//466 295//317 392//483
f 2685//319 361//457 691//611
f 488//585 293//464 297//461
f 385//592 396//468 301//467
f 394//612 385//592 386//593
f 384//595 406//613 395//597
f 397//614 396//468 385//592
f 394//612 397//614 385//592
f 394//612 398//615 397//614
f 2773//596 395//597 394//612
f 398//615 394//612 395//597
f 407//470 396//468 397//614
f 398//615 409//616 397//614
f 409//616 407//470 397//614
f 395//597 399//617 398//615
f 409//616 398//615 399//617
f 315//336 413//396 307//479
f 413//396 482//618 307//479
f 482//618 401//477 307//479
f 405//598 402//600 400//474
f 2775//486 2777//604 403//603
f 405//598 400//474 2776//478
f 401//477 482//618 2778//619
f 316//487 2775//486 403//603
f 403//603 414//491 316//487
f 404//605 414//491 403//603
f 387//606 414//491 404//605
f 480//620 479//621 485//622
f 393//610 415//493 414//491
f 390//552 414//491 387//606
f 390//552 393//610 414//491
f 393//610 392//483 318//481
f 393//610 318//481 2779//504
f 399//617 395//597 406//613
f 407//470 408//623 313//381
f 410//624 313//381 408//623
f 409//616 408//623 407//470
f 409//616 410//624 408//623
f 500//625 409//616 399//617
f 411//626 410//624 409//616
f 500//625 411//626 409//616
f 313//381 410//624 314//485
f 411//626 412//517 410//624
f 410//624 412//517 314//485
f 515//627 412//517 411//626
f 515//627 411//626 500//625
f 483//628 482//618 413//396
f 485//622 416//629 480//620
f 2780//630 2804//631 489//632
f 2780//630 503//633 502//634
f 416//629 491//635 480//620
f 491//635 416//629 502//634
f 412//517 229//383 314//485
f 412//517 515//627 600//636
f 417//516 412//517 419//637
f 600//636 419//637 412//517
f 489//632 501//638 2780//630
f 501//638 503//633 2780//630
f 417//516 419//637 418//390
f 522//639 424//392 418//390
f 333//370 334//518 526//640
f 426//519 334//518 332//385
f 421//520 427//641 241//409
f 241//409 536//524 238//407
f 241//409 427//641 536//524
f 516//642 421//520 423//643
f 421//520 422//521 423//643
f 423//643 422//521 517//644
f 518//645 421//520 516//642
f 422//521 424//392 517//644
f 533//646 606//647 333//370
f 525//648 333//370 526//640
f 425//523 226//386 237//408
f 426//519 226//386 425//523
f 426//519 425//523 530//649
f 425//523 536//524 530//649
f 427//641 421//520 532//650
f 669//651 612//522 2716//168
f 806//652 537//653 420//403
f 537//653 428//445 420//403
f 432//530 428//445 538//654
f 344//525 429//531 430//529
f 429//531 433//655 430//529
f 431//532 433//655 429//531
f 539//656 433//655 431//532
f 432//530 2824//657 2781//533
f 669//651 2716//168 430//529
f 430//529 433//655 539//656
f 2782//544 439//543 435//658
f 435//658 436//659 2782//544
f 434//539 2783//660 353//540
f 449//661 353//540 2783//660
f 435//658 441//662 437//663
f 435//658 437//663 436//659
f 437//663 438//664 436//659
f 438//664 446//665 436//659
f 436//659 446//665 449//661
f 439//543 349//541 442//666
f 469//667 439//543 442//666
f 349//541 440//542 442//666
f 439//543 441//662 435//658
f 441//662 439//543 469//667
f 442//666 440//542 466//668
f 442//666 466//668 469//667
f 469//667 444//669 441//662
f 449//661 443//550 353//540
f 443//550 449//661 450//670
f 450//670 470//551 443//550
f 438//664 437//663 444//669
f 438//664 445//671 446//665
f 441//662 444//669 437//663
f 438//664 444//669 445//671
f 447//672 446//665 445//671
f 445//671 444//669 448//673
f 447//672 445//671 448//673
f 452//674 447//672 1178//675
f 470//551 454//676 377//587
f 377//587 454//676 453//590
f 470//551 450//670 454//676
f 457//677 454//676 450//670
f 446//665 451//678 449//661
f 451//678 450//670 449//661
f 450//670 451//678 457//677
f 446//665 452//674 2784//679
f 447//672 452//674 446//665
f 453//590 454//676 455//680
f 456//681 453//590 455//680
f 453//590 456//681 383//591
f 2786//682 472//683 2772//684
f 454//676 457//677 455//680
f 457//677 456//681 455//680
f 2785//685 458//686 2787//687
f 2786//682 2787//687 458//686
f 472//683 2786//682 458//686
f 471//688 472//683 458//686
f 458//686 2784//679 452//674
f 459//565 360//554 460//553
f 459//565 461//689 2762//560
f 460//553 462//690 459//565
f 459//565 462//690 461//689
f 462//690 460//553 2794//691
f 359//559 2788//692 464//693
f 2790//694 2795//695 463//696
f 2791//697 2792//698 477//699
f 2789//700 2791//697 465//701
f 477//699 465//701 2791//697
f 359//559 464//693 361//457
f 465//701 541//702 2789//700
f 466//668 467//568 481//703
f 469//667 466//668 2800//704
f 481//703 467//568 551//705
f 468//566 2828//706 467//568
f 466//668 440//542 467//568
f 469//667 448//673 444//669
f 469//667 543//707 448//673
f 379//589 377//587 453//590
f 452//674 1178//675 471//688
f 452//674 471//688 458//686
f 472//683 384//595 2771//594
f 472//683 471//688 384//595
f 484//708 2778//619 482//618
f 484//708 2793//709 2778//619
f 2796//710 2793//709 475//711
f 475//711 2793//709 484//708
f 463//696 2795//695 476//712
f 2797//713 2796//710 475//711
f 2798//714 475//711 478//715
f 484//708 478//715 475//711
f 478//715 2792//698 2798//714
f 2803//716 485//622 478//715
f 2792//698 478//715 477//699
f 477//699 478//715 479//621
f 478//715 485//622 479//621
f 479//621 465//701 477//699
f 566//717 468//566 362//569
f 566//717 362//569 488//585
f 483//628 484//708 482//618
f 2803//716 2801//718 485//622
f 2805//719 2802//719 490//719
f 546//720 2799//721 486//722
f 691//611 555//723 2685//319
f 555//723 554//724 2685//319
f 554//724 573//725 2685//319
f 2879//726 2724//307 185//306
f 500//625 399//617 406//613
f 483//628 413//396 2809//727
f 2809//727 413//396 595//728
f 2810//729 2807//729 2806//729
f 567//730 2808//731 2811//732
f 486//722 2799//721 491//635
f 492//733 486//722 495//734
f 495//734 486//722 491//635
f 486//722 492//733 487//735
f 495//734 498//736 492//733
f 581//737 487//735 492//733
f 570//738 487//735 581//737
f 492//733 498//736 583//739
f 502//634 493//740 491//635
f 494//741 491//635 493//740
f 496//742 494//741 493//740
f 494//741 495//734 491//635
f 497//743 495//734 494//741
f 497//743 494//741 496//742
f 512//744 509//745 496//742
f 512//744 496//742 505//746
f 505//746 496//742 493//740
f 495//734 497//743 498//736
f 497//743 499//747 498//736
f 496//742 499//747 497//743
f 509//745 499//747 496//742
f 583//739 498//736 593//748
f 593//748 498//736 499//747
f 593//748 499//747 509//745
f 511//749 2728//750 594//751
f 406//613 602//752 500//625
f 602//752 515//627 500//625
f 489//632 2871//753 501//638
f 2871//753 508//754 501//638
f 2871//753 569//755 508//754
f 493//740 502//634 504//756
f 502//634 503//633 504//756
f 505//746 493//740 504//756
f 506//757 504//756 503//633
f 506//757 513//758 504//756
f 2813//759 501//638 508//754
f 2813//759 508//754 506//757
f 504//756 512//744 505//746
f 513//758 512//744 504//756
f 507//760 513//758 506//757
f 507//760 506//757 508//754
f 510//761 514//762 2814//763
f 510//761 2814//763 508//754
f 509//745 512//744 514//762
f 514//762 512//744 513//758
f 514//762 513//758 507//760
f 509//745 514//762 510//761
f 600//636 2821//764 418//390
f 600//636 418//390 419//637
f 600//636 521//765 2821//764
f 2815//766 806//652 2729//767
f 2816//768 803//769 806//652
f 421//520 518//645 532//650
f 518//645 519//770 609//771
f 518//645 516//642 519//770
f 516//642 423//643 519//770
f 519//770 423//643 517//644
f 2822//772 2820//773 520//774
f 2818//775 520//774 2819//776
f 2820//773 603//777 520//774
f 2822//772 520//774 2818//775
f 522//639 517//644 424//392
f 413//396 612//522 768//778
f 604//779 413//396 768//778
f 420//403 2729//767 806//652
f 333//370 606//647 297//461
f 525//648 523//780 333//370
f 523//780 525//648 524//781
f 533//646 333//370 523//780
f 524//781 525//648 527//782
f 523//780 524//781 534//783
f 524//781 529//784 534//783
f 534//783 529//784 632//785
f 525//648 526//640 528//786
f 525//648 528//786 527//782
f 524//781 527//782 529//784
f 527//782 528//786 529//784
f 639//787 529//784 528//786
f 530//649 334//518 426//519
f 646//788 334//518 530//649
f 334//518 646//788 535//789
f 530//649 536//524 646//788
f 532//650 518//645 609//771
f 532//650 536//524 427//641
f 531//790 536//524 532//650
f 533//646 629//791 606//647
f 626//792 606//647 629//791
f 629//791 533//646 534//783
f 533//646 523//780 534//783
f 639//787 528//786 526//640
f 526//640 334//518 535//789
f 526//640 535//789 643//793
f 646//788 536//524 652//794
f 531//790 652//794 536//524
f 538//654 428//445 537//653
f 808//795 669//651 672//796
f 669//651 430//529 672//796
f 538//654 540//797 432//530
f 670//798 538//654 537//653
f 672//796 430//529 539//656
f 2824//657 432//530 540//797
f 675//799 2824//657 540//797
f 540//797 538//654 679//800
f 675//799 540//797 679//800
f 2824//657 675//799 676//801
f 541//702 464//693 2788//692
f 465//701 545//802 541//702
f 541//702 542//803 464//693
f 542//803 361//457 464//693
f 547//804 541//702 545//802
f 541//702 547//804 542//803
f 547//804 549//805 542//803
f 549//805 680//806 542//803
f 542//803 680//806 361//457
f 691//611 361//457 692//807
f 447//672 448//673 1178//675
f 448//673 543//707 1178//675
f 465//701 479//621 545//802
f 544//808 479//621 2799//721
f 546//720 544//808 2799//721
f 545//802 479//621 544//808
f 2825//809 545//802 548//810
f 548//810 545//802 544//808
f 548//810 544//808 546//720
f 550//811 2825//809 548//810
f 2827//812 548//810 546//720
f 2826//813 2825//809 550//811
f 681//814 2826//813 550//811
f 2979//815 2827//812 546//720
f 549//805 2980//816 680//806
f 695//817 555//723 691//611
f 693//818 546//720 2838//819
f 552//820 481//703 551//705
f 703//821 543//707 2829//822
f 552//820 551//705 2991//823
f 469//667 2800//704 543//707
f 2829//822 543//707 2800//704
f 721//824 471//688 1178//675
f 546//720 486//722 2838//819
f 553//825 2839//826 559//827
f 553//825 559//827 2873//828
f 486//722 487//735 556//829
f 556//829 487//735 570//738
f 555//723 561//830 554//724
f 2838//819 486//722 2841//831
f 2861//832 2874//832 2830//832
f 2862//833 2842//834 2875//835
f 2851//836 557//837 2843//838
f 2843//838 557//837 2840//839
f 558//840 555//723 2845//841
f 555//723 558//840 561//830
f 2852//842 2844//843 560//844
f 2857//845 2842//834 2862//833
f 572//846 2831//847 562//848
f 2846//849 2853//849 564//849
f 2865//850 2854//850 563//850
f 2864//851 2855//852 555//723
f 2866//853 2848//853 2847//853
f 2858//854 2849//854 2867//854
f 2859//855 2863//855 2850//855
f 565//856 562//848 2831//847
f 562//848 579//857 572//846
f 560//844 2869//858 2852//842
f 565//856 2860//859 2868//860
f 2870//861 2832//861 2856//861
f 562//848 565//856 579//857
f 2868//860 2864//851 565//856
f 906//862 565//856 2864//851
f 2730//863 2880//863 2908//863
f 566//717 716//864 2828//706
f 716//864 566//717 746//865
f 2828//706 468//566 566//717
f 384//595 471//688 721//824
f 2811//732 568//866 567//730
f 568//866 2809//727 595//728
f 705//867 706//868 568//866
f 706//868 567//730 568//866
f 595//728 705//867 568//866
f 696//869 569//755 2871//753
f 2877//870 570//738 2881//871
f 570//738 571//872 2881//871
f 577//873 588//874 589//875
f 574//876 2833//876 2876//876
f 2883//877 570//738 2900//878
f 2900//878 570//738 2877//870
f 2878//879 2882//879 2834//879
f 579//857 592//880 2938//881
f 575//882 588//874 577//873
f 577//873 589//875 578//883
f 2901//884 2835//884 2884//884
f 2902//885 2885//885 2836//885
f 2903//886 2939//886 2886//886
f 580//887 576//888 579//857
f 592//880 579//857 576//888
f 2893//889 2904//889 2887//889
f 2894//890 2890//890 2905//890
f 2888//891 2906//891 2896//891
f 2891//892 2897//892 2952//892
f 2892//893 2895//893 2898//893
f 2953//894 2899//894 2907//894
f 2889//895 578//883 2873//828
f 2889//895 2873//828 559//827
f 2889//895 559//827 2837//896
f 919//897 579//857 565//856
f 919//897 580//887 579//857
f 571//872 570//738 581//737
f 2909//898 586//899 2731//900
f 588//874 581//737 585//901
f 581//737 492//733 585//901
f 2920//902 2812//902 2924//902
f 3048//903 594//751 2728//750
f 2881//871 571//872 581//737
f 2938//881 584//904 2909//898
f 584//904 586//899 2909//898
f 2732//905 2925//905 2913//905
f 588//874 585//901 589//875
f 591//906 2921//906 2926//906
f 492//733 583//739 2927//907
f 587//908 582//908 2928//908
f 2946//909 2929//909 2910//909
f 2733//910 2914//910 3049//910
f 2911//911 2931//911 2915//911
f 3050//912 2916//912 2932//912
f 2947//913 2912//914 583//739
f 593//748 2947//913 583//739
f 590//915 2948//915 2917//915
f 2942//916 584//904 2938//881
f 2933//917 2918//917 2949//917
f 2919//918 2934//918 2930//918
f 2940//919 2922//919 2943//919
f 2923//920 2950//920 2944//920
f 2873//828 2951//921 593//748
f 2942//916 2938//881 592//880
f 2935//922 2941//922 2945//922
f 2936//923 2951//921 589//875
f 2951//921 578//883 589//875
f 2873//828 593//748 596//924
f 592//880 2937//925 2942//916
f 592//880 919//897 2937//925
f 578//883 2951//921 2873//828
f 592//880 580//887 919//897
f 593//748 509//745 596//924
f 2817//926 2954//927 712//928
f 597//929 2817//926 712//928
f 2955//930 919//897 2996//931
f 746//865 566//717 488//585
f 721//824 598//932 384//595
f 598//932 602//752 384//595
f 406//613 384//595 602//752
f 510//761 596//924 509//745
f 508//754 2956//933 510//761
f 508//754 569//755 2956//933
f 803//769 2816//768 2957//934
f 735//935 803//769 2957//934
f 599//936 598//932 721//824
f 598//932 599//936 602//752
f 599//936 601//937 602//752
f 600//636 602//752 611//938
f 602//752 600//636 515//627
f 600//636 2958//939 521//765
f 595//728 413//396 604//779
f 488//585 606//647 756//940
f 488//585 297//461 606//647
f 765//941 602//752 601//937
f 765//941 611//938 602//752
f 2960//942 603//777 767//943
f 2960//942 2819//776 520//774
f 2958//939 600//636 611//938
f 2958//939 611//938 767//943
f 603//777 2960//942 520//774
f 748//944 616//945 605//946
f 616//945 748//944 752//947
f 635//948 607//949 634//950
f 766//951 763//952 634//950
f 766//951 634//950 607//949
f 636//953 632//785 529//784
f 636//953 529//784 639//787
f 766//951 607//949 765//941
f 608//954 531//790 532//650
f 611//938 765//941 767//943
f 610//955 532//650 609//771
f 532//650 610//955 608//954
f 767//943 2961//956 2960//942
f 663//957 2961//956 767//943
f 768//778 612//522 802//958
f 617//959 771//960 770//961
f 770//961 613//962 617//959
f 613//962 616//945 752//947
f 752//947 614//963 613//962
f 615//964 617//959 613//962
f 613//962 614//963 615//964
f 614//963 618//965 2963//966
f 613//962 749//967 605//946
f 605//946 616//945 613//962
f 752//947 619//968 614//963
f 2963//966 776//969 2964//970
f 776//969 2963//966 618//965
f 2964//970 776//969 3019//971
f 618//965 780//972 777//973
f 776//969 618//965 777//973
f 619//968 622//974 620//975
f 619//968 621//976 614//963
f 620//975 621//976 619//968
f 618//965 614//963 621//976
f 752//947 753//977 622//974
f 753//977 757//978 622//974
f 752//947 622//974 619//968
f 622//974 623//979 620//975
f 620//975 779//980 621//976
f 620//975 783//981 779//980
f 620//975 2965//982 783//981
f 618//965 621//976 780//972
f 780//972 621//976 3022//983
f 606//647 624//984 2965//982
f 757//978 782//985 622//974
f 622//974 782//985 623//979
f 606//647 623//979 782//985
f 624//984 788//986 2965//982
f 2965//982 788//986 783//981
f 624//984 606//647 625//987
f 788//986 624//984 625//987
f 796//988 788//986 625//987
f 606//647 626//792 625//987
f 625//987 626//792 796//988
f 796//988 626//792 627//989
f 796//988 2966//990 795//991
f 2966//990 628//992 795//991
f 795//991 628//992 791//993
f 629//791 534//783 630//994
f 629//791 630//994 627//989
f 2966//990 630//994 633//995
f 627//989 626//792 629//791
f 628//992 633//995 634//950
f 2966//990 633//995 628//992
f 637//996 534//783 632//785
f 630//994 534//783 631//997
f 637//996 631//997 534//783
f 631//997 633//995 630//994
f 633//995 631//997 637//996
f 634//950 633//995 637//996
f 634//950 637//996 635//948
f 637//996 632//785 2967//998
f 639//787 640//999 636//953
f 635//948 637//996 638//1000
f 637//996 2967//998 638//1000
f 638//1000 2967//998 2968//1001
f 638//1000 607//949 635//948
f 638//1000 642//1002 607//949
f 643//793 639//787 526//640
f 640//999 639//787 641//1003
f 642//1002 638//1000 2968//1001
f 2968//1001 2969//1004 642//1002
f 641//1003 639//787 645//1005
f 642//1002 2969//1004 2971//1006
f 535//789 646//788 648//1007
f 535//789 644//1008 643//793
f 644//1008 535//789 648//1007
f 643//793 644//1008 639//787
f 639//787 2970//1009 645//1005
f 645//1005 2970//1009 650//1010
f 797//1011 2971//1006 650//1010
f 797//1011 642//1002 2971//1006
f 647//1012 646//788 651//1013
f 651//1013 653//1014 647//1012
f 648//1007 646//788 647//1012
f 657//1015 648//1007 647//1012
f 649//1016 648//1007 657//1015
f 648//1007 649//1016 644//1008
f 2970//1009 649//1016 650//1010
f 646//788 652//794 651//1013
f 531//790 655//1017 652//794
f 652//794 653//1014 651//1013
f 652//794 654//1018 653//1014
f 652//794 655//1017 654//1018
f 647//1012 653//1014 656//1019
f 657//1015 647//1012 656//1019
f 653//1014 654//1018 656//1019
f 658//1020 2823//1021 2959//1022
f 2972//1023 2823//1021 658//1020
f 658//1020 659//1024 2972//1023
f 2972//1023 659//1024 654//1018
f 657//1015 656//1019 666//1025
f 656//1019 654//1018 660//1026
f 666//1025 656//1019 660//1026
f 660//1026 654//1018 659//1024
f 666//1025 660//1026 667//1027
f 658//1020 2959//1022 2962//1028
f 2974//1029 664//1030 2973//1031
f 2973//1031 658//1020 2974//1029
f 657//1015 666//1025 649//1016
f 667//1027 660//1026 661//1032
f 661//1032 660//1026 2973//1031
f 664//1030 661//1032 2973//1031
f 650//1010 649//1016 668//1033
f 666//1025 668//1033 649//1016
f 662//1034 661//1032 664//1030
f 2974//1029 658//1020 2962//1028
f 662//1034 668//1033 667//1027
f 798//1035 662//1034 664//1030
f 650//1010 668//1033 665//1036
f 665//1036 668//1033 662//1034
f 664//1030 663//957 800//1037
f 800//1037 798//1035 664//1030
f 665//1036 797//1011 650//1010
f 662//1034 798//1035 665//1036
f 667//1027 668//1033 666//1025
f 662//1034 667//1027 661//1032
f 669//651 802//958 612//522
f 670//798 537//653 671//1038
f 679//800 538//654 670//798
f 671//1038 813//1039 670//798
f 671//1038 537//653 806//652
f 808//795 672//796 673//1040
f 673//1040 672//796 539//656
f 2975//1041 673//1040 539//656
f 2975//1041 677//1042 673//1040
f 678//1043 2977//1044 2976//1045
f 674//1046 808//795 673//1040
f 677//1042 674//1046 673//1040
f 816//1047 674//1046 677//1042
f 816//1047 808//795 674//1046
f 675//799 679//800 2978//1048
f 676//801 675//799 2978//1048
f 810//1049 2977//1044 678//1043
f 679//800 811//1050 2978//1048
f 811//1050 679//800 809//1051
f 809//1051 679//800 813//1039
f 816//1047 677//1042 810//1049
f 811//1050 810//1049 678//1043
f 679//800 670//798 813//1039
f 680//806 692//807 361//457
f 683//1052 680//806 2980//816
f 2983//1053 2981//1054 682//1055
f 682//1055 2981//1054 546//720
f 546//720 693//818 682//1055
f 683//1052 685//1056 680//806
f 685//1056 692//807 680//806
f 687//1057 2983//1053 682//1055
f 682//1055 684//1058 687//1057
f 682//1055 686//1059 684//1058
f 2985//1060 686//1059 2982//1061
f 685//1056 694//1062 692//807
f 689//1063 683//1052 687//1057
f 683//1052 689//1063 685//1056
f 2985//1060 699//1064 686//1059
f 688//1065 687//1057 684//1058
f 686//1059 2984//1066 684//1058
f 699//1064 2984//1066 686//1059
f 685//1056 689//1063 690//1067
f 694//1062 685//1056 690//1067
f 687//1057 688//1065 689//1063
f 690//1067 689//1063 892//1068
f 892//1068 887//1069 690//1067
f 688//1065 700//1070 689//1063
f 689//1063 700//1070 892//1068
f 2864//851 555//723 695//817
f 692//807 695//817 691//611
f 695//817 702//1071 2864//851
f 699//1064 2985//1060 553//825
f 694//1062 695//817 692//807
f 690//1067 695//817 694//1062
f 702//1071 695//817 887//1069
f 695//817 690//1067 887//1069
f 696//869 2871//753 697//1072
f 701//1073 2986//1074 893//1075
f 2986//1074 2872//1076 2992//1077
f 698//1078 2873//828 696//869
f 699//1064 2987//1079 2984//1066
f 2990//1080 699//1064 698//1078
f 698//1078 699//1064 2873//828
f 2990//1080 2988//1081 699//1064
f 696//869 2990//1080 698//1078
f 696//869 697//1072 2990//1080
f 2989//1082 701//1073 894//1083
f 893//1075 894//1083 701//1073
f 553//825 2985//1060 2839//826
f 699//1064 553//825 2873//828
f 702//1071 905//1084 2864//851
f 887//1069 905//1084 702//1071
f 905//1084 906//862 2864//851
f 2991//823 551//705 718//1085
f 703//821 3003//1086 704//1087
f 3004//1088 2828//706 716//864
f 1190//1089 704//1087 3003//1086
f 704//1087 1190//1089 1178//675
f 543//707 703//821 704//1087
f 543//707 704//1087 1178//675
f 707//1090 706//868 705//867
f 707//1090 705//867 722//1091
f 708//1092 2992//1077 2993//1093
f 2993//1093 3010//1094 708//1092
f 708//1092 3010//1094 709//1095
f 709//1095 3010//1094 724//1096
f 709//1095 910//1097 708//1092
f 910//1097 2995//1098 710//1099
f 725//1100 710//1099 2995//1098
f 726//1101 727//1102 711//1103
f 711//1103 727//1102 729//1104
f 711//1103 729//1104 902//1105
f 711//1103 910//1097 726//1101
f 726//1101 910//1097 710//1099
f 910//1097 711//1103 902//1105
f 902//1105 729//1104 917//1106
f 904//1107 902//1105 917//1106
f 906//862 919//897 565//856
f 919//897 734//1108 2996//931
f 1190//1089 734//1108 919//897
f 712//928 713//1109 597//929
f 714//1110 2996//931 734//1108
f 735//935 2957//934 2997//1111
f 715//1112 735//935 2997//1111
f 720//1113 3000//1113 2998//1113
f 2999//1114 714//1110 3008//1115
f 2996//931 714//1110 2999//1114
f 3009//1116 714//1110 1190//1089
f 719//1117 3004//1088 716//864
f 3001//1118 3005//1119 717//1120
f 3006//1121 716//864 717//1120
f 716//864 746//865 717//1120
f 3009//1116 3007//1122 3002//1123
f 3003//1086 3007//1122 3009//1116
f 1190//1089 3003//1086 3009//1116
f 595//728 723//1124 705//867
f 705//867 723//1124 722//1091
f 724//1096 3010//1094 912//1125
f 3044//1126 722//1091 723//1124
f 2995//1098 3011//1127 725//1100
f 3011//1127 911//1128 725//1100
f 724//1096 912//1125 3043//1129
f 725//1100 726//1101 710//1099
f 726//1101 728//1130 727//1102
f 728//1130 726//1101 725//1100
f 727//1102 728//1130 730//1131
f 921//1132 728//1130 725//1100
f 916//1133 730//1131 728//1130
f 727//1102 3013//1134 729//1104
f 3013//1134 731//1135 729//1104
f 917//1106 729//1104 733//1136
f 3012//1137 732//1138 733//1136
f 731//1135 732//1138 729//1104
f 732//1138 731//1135 738//1139
f 738//1139 739//1140 732//1138
f 732//1138 739//1140 733//1136
f 1190//1089 714//1110 734//1108
f 599//936 721//824 940//1141
f 595//728 736//1142 723//1124
f 595//728 604//779 736//1142
f 723//1124 736//1142 957//1143
f 730//1131 737//1144 3014//1145
f 737//1144 730//1131 916//1133
f 3046//1146 923//1147 737//1144
f 3014//1145 737//1144 3015//1148
f 739//1140 738//1139 740//1149
f 3015//1148 741//1150 3016//1151
f 3015//1148 737//1144 741//1150
f 739//1140 929//1152 733//1136
f 739//1140 740//1149 743//1153
f 741//1150 744//1154 3016//1151
f 744//1154 3017//1155 3016//1151
f 918//1156 733//1136 929//1152
f 927//1157 925//1158 741//1150
f 741//1150 925//1158 744//1154
f 925//1158 932//1159 744//1154
f 739//1140 742//1160 929//1152
f 739//1140 743//1153 742//1160
f 745//1161 742//1160 743//1153
f 3017//1155 744//1154 3018//1162
f 930//1163 929//1152 742//1160
f 930//1163 742//1160 745//1161
f 745//1161 931//1164 930//1163
f 933//1165 3018//1162 744//1154
f 933//1165 3053//1166 3018//1162
f 933//1165 744//1154 932//1159
f 3001//1118 717//1120 770//961
f 717//1120 746//865 750//1167
f 599//936 940//1141 1204//1168
f 1204//1168 747//1169 599//936
f 601//937 599//936 747//1169
f 601//937 747//1169 764//1170
f 765//941 601//937 764//1170
f 736//1142 604//779 956//1171
f 736//1142 956//1171 957//1143
f 768//778 956//1171 604//779
f 735//935 3001//1118 803//769
f 717//1120 749//967 770//961
f 717//1120 748//944 749//967
f 749//967 748//944 605//946
f 717//1120 750//1167 751//1172
f 748//944 717//1120 751//1172
f 751//1172 757//978 753//977
f 751//1172 752//947 748//944
f 751//1172 753//977 752//947
f 750//1167 755//1173 751//1172
f 751//1172 755//1173 757//978
f 750//1167 746//865 754//1174
f 746//865 488//585 756//940
f 754//1174 746//865 756//940
f 756//940 606//647 782//985
f 754//1174 755//1173 750//1167
f 755//1173 754//1174 756//940
f 755//1173 756//940 757//978
f 759//1175 794//1176 791//993
f 762//1177 758//1178 759//1175
f 794//1176 758//1178 947//1179
f 758//1178 762//1177 947//1179
f 759//1175 758//1178 794//1176
f 947//1179 948//1180 949//1181
f 949//1181 794//1176 947//1179
f 763//952 628//992 634//950
f 763//952 759//1175 628//992
f 764//1170 747//1169 761//1182
f 761//1182 760//1183 763//952
f 760//1183 759//1175 763//952
f 760//1183 762//1177 759//1175
f 760//1183 947//1179 762//1177
f 761//1182 763//952 764//1170
f 764//1170 766//951 765//941
f 766//951 764//1170 763//952
f 607//949 801//1184 765//941
f 765//941 799//1185 767//943
f 768//778 3025//1186 999//1187
f 999//1187 956//1171 768//778
f 769//1188 804//1189 3001//1118
f 3001//1118 804//1189 803//769
f 3001//1118 770//961 769//1188
f 981//1190 769//1188 774//1191
f 769//1188 977//1192 804//1189
f 769//1188 981//1190 977//1192
f 613//962 770//961 749//967
f 770//961 771//960 769//1188
f 772//1193 769//1188 3019//971
f 774//1191 769//1188 772//1193
f 775//1194 3020//1195 773//1196
f 3020//1195 775//1194 3021//1197
f 775//1194 981//1190 3021//1197
f 980//1198 775//1194 968//1199
f 775//1194 773//1196 968//1199
f 980//1198 981//1190 775//1194
f 773//1196 778//1200 968//1199
f 3019//971 776//969 772//1193
f 3020//1195 776//969 773//1196
f 776//969 777//973 773//1196
f 778//1200 773//1196 777//973
f 778//1200 777//973 781//1201
f 778//1200 781//1201 974//1202
f 974//1202 781//1201 787//1203
f 3022//983 783//981 780//972
f 777//973 780//972 781//1201
f 785//1204 781//1201 780//972
f 782//985 757//978 756//940
f 780//972 783//981 784//1205
f 783//981 788//986 784//1205
f 780//972 784//1205 785//1204
f 784//1205 792//1206 785//1204
f 787//1203 781//1201 786//1207
f 786//1207 781//1201 785//1204
f 793//1208 786//1207 785//1204
f 792//1206 793//1208 785//1204
f 787//1203 786//1207 793//1208
f 790//1209 788//986 789//1210
f 788//986 796//988 789//1210
f 788//986 790//1209 784//1205
f 3024//1211 3023//1212 792//1206
f 792//1206 3023//1212 791//993
f 784//1205 3024//1211 792//1206
f 792//1206 791//993 793//1208
f 791//993 794//1176 793//1208
f 794//1176 787//1203 793//1208
f 795//991 789//1210 796//988
f 791//993 3023//1212 795//991
f 628//992 759//1175 791//993
f 801//1184 607//949 642//1002
f 801//1184 642//1002 797//1011
f 765//941 801//1184 799//1185
f 799//1185 800//1037 767//943
f 767//943 800//1037 663//957
f 801//1184 797//1011 800//1037
f 800//1037 797//1011 798//1035
f 798//1035 797//1011 665//1036
f 799//1185 801//1184 800//1037
f 984//1213 806//652 803//769
f 804//1189 978//1214 803//769
f 978//1214 984//1213 803//769
f 978//1214 804//1189 977//1192
f 802//958 669//651 1049//1215
f 3025//1186 1049//1215 999//1187
f 1013//1216 805//1217 1042//1218
f 805//1217 1034//1219 1042//1218
f 808//795 1049//1215 669//651
f 671//1038 806//652 807//1220
f 807//1220 806//652 833//1221
f 809//1051 813//1039 812//1222
f 814//1223 816//1047 810//1049
f 809//1051 812//1222 811//1050
f 815//1224 814//1223 810//1049
f 810//1049 811//1050 815//1224
f 815//1224 811//1050 812//1222
f 816//1047 814//1223 817//1225
f 3026//1226 814//1223 815//1224
f 812//1222 818//1227 815//1224
f 821//1228 808//795 816//1047
f 821//1228 816//1047 817//1225
f 818//1227 812//1222 819//1229
f 812//1222 813//1039 819//1229
f 829//1230 819//1229 813//1039
f 820//1231 3026//1226 815//1224
f 815//1224 818//1227 3027//1232
f 817//1225 822//1233 821//1228
f 818//1227 819//1229 831//1234
f 819//1229 829//1230 831//1234
f 3028//1235 3026//1226 820//1231
f 3028//1235 820//1231 823//1236
f 823//1236 3027//1232 824//1237
f 818//1227 824//1237 3027//1232
f 818//1227 831//1234 824//1237
f 823//1236 825//1238 3028//1235
f 825//1238 823//1236 826//1239
f 826//1239 823//1236 824//1237
f 808//795 821//1228 1049//1215
f 821//1228 822//1233 827//1240
f 822//1233 825//1238 827//1240
f 831//1234 826//1239 824//1237
f 826//1239 831//1234 1056//1241
f 832//1242 1056//1241 831//1234
f 1049//1215 821//1228 827//1240
f 827//1240 825//1238 1058//1243
f 671//1038 829//1230 813//1039
f 671//1038 807//1220 828//1244
f 829//1230 671//1038 828//1244
f 807//1220 830//1245 828//1244
f 833//1221 830//1245 807//1220
f 830//1245 829//1230 828//1244
f 1059//1246 830//1245 833//1221
f 829//1230 830//1245 831//1234
f 1059//1246 833//1221 1060//1247
f 830//1245 832//1242 831//1234
f 830//1245 1059//1246 832//1242
f 833//1221 1050//1248 1060//1247
f 833//1221 806//652 1050//1248
f 1056//1241 825//1238 826//1239
f 1053//1249 834//1250 839//1251
f 841//1252 1081//1253 1288//1254
f 839//1251 841//1252 1053//1249
f 834//1250 1084//1255 856//1256
f 1063//1257 1064//1258 835//1259
f 1077//1260 861//1261 3029//1262
f 1107//1263 1063//1257 835//1259
f 3030//1264 1109//1265 879//1266
f 869//1267 836//1268 868//1269
f 836//1268 837//1270 1079//1271
f 836//1268 869//1267 837//1270
f 1078//1272 848//1273 836//1268
f 837//1270 869//1267 1113//1274
f 1079//1271 1078//1272 836//1268
f 839//1251 855//1275 838//1276
f 855//1275 857//1277 840//1278
f 842//1279 841//1252 838//1276
f 841//1252 839//1251 838//1276
f 838//1276 843//1280 842//1279
f 844//1281 843//1280 840//1278
f 840//1278 843//1280 838//1276
f 840//1278 838//1276 855//1275
f 842//1279 1081//1253 841//1252
f 844//1281 840//1278 845//1282
f 845//1282 840//1278 847//1283
f 850//1284 1081//1253 842//1279
f 843//1280 850//1284 842//1279
f 851//1285 850//1284 843//1280
f 846//1286 851//1285 843//1280
f 844//1281 846//1286 843//1280
f 851//1285 846//1286 852//1287
f 846//1286 844//1281 853//1288
f 852//1287 846//1286 853//1288
f 844//1281 845//1282 853//1288
f 853//1288 845//1282 847//1283
f 1078//1272 854//1289 848//1273
f 854//1289 852//1287 849//1290
f 848//1273 854//1289 849//1290
f 853//1288 847//1283 873//1291
f 849//1290 871//1292 848//1273
f 849//1290 873//1291 871//1292
f 1080//1293 1081//1253 850//1284
f 1080//1293 850//1284 854//1289
f 850//1284 851//1285 854//1289
f 1078//1272 1080//1293 854//1289
f 852//1287 854//1289 851//1285
f 852//1287 853//1288 849//1290
f 853//1288 873//1291 849//1290
f 855//1275 839//1251 834//1250
f 855//1275 856//1256 857//1277
f 834//1250 856//1256 855//1275
f 856//1256 860//1294 857//1277
f 858//1295 847//1283 840//1278
f 858//1295 840//1278 857//1277
f 857//1277 859//1296 858//1295
f 857//1277 860//1294 859//1296
f 847//1283 858//1295 859//1296
f 859//1296 860//1294 876//1297
f 873//1291 847//1283 875//1298
f 859//1296 875//1298 847//1283
f 876//1297 875//1298 859//1296
f 860//1294 1115//1299 876//1297
f 860//1294 856//1256 1085//1300
f 856//1256 1084//1255 1085//1300
f 860//1294 1085//1300 1115//1299
f 835//1259 3031//1301 1107//1263
f 1109//1265 862//1302 880//1303
f 1111//1304 3032//1305 1109//1265
f 1112//1306 3032//1305 1111//1304
f 863//1307 882//1308 881//1309
f 881//1309 1112//1306 863//1307
f 881//1309 880//1303 1112//1306
f 863//1307 1112//1306 1113//1274
f 864//1310 868//1269 867//1311
f 865//1312 869//1267 864//1310
f 864//1310 866//1313 865//1312
f 864//1310 867//1311 866//1313
f 867//1311 870//1314 866//1313
f 868//1269 848//1273 871//1292
f 868//1269 871//1292 867//1311
f 869//1267 865//1312 882//1308
f 3036//1315 865//1312 883//1316
f 866//1313 883//1316 865//1312
f 864//1310 869//1267 868//1269
f 836//1268 848//1273 868//1269
f 882//1308 863//1307 869//1267
f 869//1267 863//1307 1113//1274
f 871//1292 870//1314 867//1311
f 871//1292 872//1317 870//1314
f 872//1317 874//1318 870//1314
f 872//1317 871//1292 873//1291
f 872//1317 878//1319 874//1318
f 872//1317 873//1291 877//1320
f 873//1291 875//1298 877//1320
f 875//1298 876//1297 877//1320
f 876//1297 1115//1299 878//1319
f 876//1297 878//1319 877//1320
f 877//1320 878//1319 872//1317
f 878//1319 1115//1299 874//1318
f 3031//1301 3033//1321 1154//1322
f 1109//1265 880//1303 879//1266
f 3034//1323 1154//1322 3033//1321
f 1112//1306 880//1303 862//1302
f 3034//1323 883//1316 1154//1322
f 3034//1323 3035//1324 883//1316
f 866//1313 870//1314 883//1316
f 3035//1324 3036//1315 883//1316
f 870//1314 874//1318 883//1316
f 874//1318 884//1325 883//1316
f 884//1325 1126//1326 885//1327
f 874//1318 1115//1299 884//1325
f 884//1325 1115//1299 1126//1326
f 1126//1326 1127//1328 885//1327
f 883//1316 886//1329 1136//1330
f 883//1316 884//1325 886//1329
f 886//1329 884//1325 1140//1331
f 884//1325 3037//1332 1140//1331
f 2986//1074 888//1333 893//1075
f 3039//1334 888//1333 895//1335
f 889//1336 2986//1074 2992//1077
f 2986//1074 889//1336 888//1333
f 708//1092 889//1336 2992//1077
f 3038//1337 2994//1338 891//1339
f 895//1335 888//1333 896//1340
f 888//1333 889//1336 890//1341
f 888//1333 890//1341 896//1340
f 896//1340 890//1341 900//1342
f 3038//1337 891//1339 890//1341
f 890//1341 891//1339 900//1342
f 700//1070 3040//1343 892//1068
f 3039//1334 895//1335 3040//1343
f 898//1344 887//1069 892//1068
f 897//1345 887//1069 898//1344
f 3040//1343 899//1346 892//1068
f 895//1335 896//1340 899//1346
f 3040//1343 895//1335 899//1346
f 900//1342 899//1346 896//1340
f 910//1097 901//1347 891//1339
f 901//1347 910//1097 902//1105
f 898//1344 892//1068 899//1346
f 899//1346 903//1348 898//1344
f 900//1342 891//1339 901//1347
f 900//1342 901//1347 899//1346
f 901//1347 902//1105 3041//1349
f 901//1347 903//1348 899//1346
f 3041//1349 902//1105 909//1350
f 909//1350 902//1105 904//1107
f 903//1348 909//1350 898//1344
f 897//1345 905//1084 887//1069
f 898//1344 907//1351 897//1345
f 897//1345 907//1351 905//1084
f 907//1351 906//862 905//1084
f 908//1352 906//862 907//1351
f 898//1344 908//1352 907//1351
f 1156//1353 898//1344 909//1350
f 3118//1354 908//1352 898//1344
f 908//1352 1161//1355 906//862
f 919//897 906//862 1161//1355
f 1157//1356 1156//1353 909//1350
f 1157//1356 909//1350 904//1107
f 1157//1356 904//1107 1158//1357
f 891//1339 708//1092 910//1097
f 1158//1357 904//1107 917//1106
f 1158//1357 917//1106 1168//1358
f 1168//1358 917//1106 1169//1359
f 1178//675 940//1141 721//824
f 912//1125 913//1360 3043//1129
f 913//1360 914//1361 3043//1129
f 1173//1362 914//1361 913//1360
f 915//1363 1173//1362 913//1360
f 911//1128 921//1132 725//1100
f 3045//1364 921//1132 911//1128
f 921//1132 3045//1364 1173//1362
f 922//1365 1174//1366 1177//1367
f 3047//1368 1176//1369 917//1106
f 1176//1369 1169//1359 917//1106
f 917//1106 733//1136 918//1156
f 928//1370 1176//1369 3047//1368
f 1176//1369 3052//1371 924//1372
f 928//1370 3047//1368 938//1373
f 919//897 1835//1374 1190//1089
f 920//1375 3044//1126 723//1124
f 913//1360 912//1125 920//1375
f 915//1363 913//1360 920//1375
f 921//1132 916//1133 728//1130
f 921//1132 922//1365 3046//1146
f 1173//1362 922//1365 921//1132
f 922//1365 923//1147 3046//1146
f 3051//1376 922//1365 1177//1367
f 924//1372 3051//1376 1177//1367
f 737//1144 923//1147 741//1150
f 923//1147 927//1157 741//1150
f 3051//1376 924//1372 927//1157
f 918//1156 929//1152 934//1377
f 927//1157 926//1378 925//1158
f 926//1378 3056//1379 925//1158
f 938//1373 3047//1368 934//1377
f 927//1157 924//1372 926//1378
f 939//1380 926//1378 924//1372
f 939//1380 924//1372 3052//1371
f 934//1377 929//1152 930//1163
f 934//1377 930//1163 935//1381
f 930//1163 931//1164 935//1381
f 3058//1382 3054//1383 936//1384
f 3057//1385 3059//1386 3055//1387
f 926//1378 937//1388 3056//1379
f 3057//1385 937//1388 3059//1386
f 3057//1385 3056//1379 937//1388
f 938//1373 934//1377 935//1381
f 936//1384 3060//1389 3058//1382
f 937//1388 926//1378 939//1380
f 3052//1371 3061//1390 939//1380
f 3061//1390 3059//1386 939//1380
f 937//1388 939//1380 3059//1386
f 723//1124 957//1143 941//1391
f 920//1375 723//1124 941//1391
f 920//1375 941//1391 942//1392
f 942//1392 941//1391 957//1143
f 943//1393 942//1392 957//1143
f 944//1394 942//1392 3062//1395
f 945//1396 962//1397 1185//1398
f 3063//1399 945//1396 1191//1400
f 962//1397 945//1396 960//1401
f 1185//1398 962//1397 946//1402
f 1215//1403 1199//1404 946//1402
f 787//1203 949//1181 976//1405
f 976//1405 949//1181 951//1406
f 976//1405 951//1406 1242//1407
f 760//1183 950//1408 947//1179
f 947//1179 950//1408 948//1180
f 951//1406 949//1181 948//1180
f 955//1409 954//1410 950//1408
f 948//1180 950//1408 952//1411
f 952//1411 950//1408 954//1410
f 1204//1168 953//1412 747//1169
f 955//1409 953//1412 3066//1413
f 951//1406 948//1180 952//1411
f 1242//1407 951//1406 1241//1414
f 1241//1414 951//1406 952//1411
f 952//1411 954//1410 3159//1415
f 761//1182 950//1408 760//1183
f 747//1169 955//1409 761//1182
f 950//1408 761//1182 955//1409
f 953//1412 955//1409 747//1169
f 956//1171 1245//1416 957//1143
f 999//1187 1245//1416 956//1171
f 943//1393 957//1143 958//1417
f 1245//1416 959//1418 957//1143
f 957//1143 959//1418 958//1417
f 3070//1419 3064//1419 3067//1419
f 3068//1420 944//1394 3062//1395
f 961//1421 3071//1422 3069//1423
f 959//1418 3073//1424 958//1417
f 3065//1425 960//1401 945//1396
f 3071//1422 961//1421 1206//1426
f 960//1401 1213//1427 962//1397
f 946//1402 962//1397 963//1428
f 946//1402 3074//1429 1215//1403
f 963//1428 962//1397 964//1430
f 963//1428 964//1430 965//1431
f 3074//1429 1216//1432 1215//1403
f 3142//1433 963//1428 1217//1434
f 963//1428 965//1431 1217//1434
f 966//1435 962//1397 1213//1427
f 964//1430 962//1397 966//1435
f 965//1431 964//1430 966//1435
f 967//1436 969//1437 971//1438
f 980//1198 969//1437 967//1436
f 967//1436 971//1438 972//1439
f 973//1440 967//1436 972//1439
f 970//1441 968//1199 778//1200
f 974//1202 970//1441 778//1200
f 968//1199 969//1437 980//1198
f 970//1441 971//1438 968//1199
f 974//1202 971//1438 970//1441
f 971//1438 969//1437 968//1199
f 971//1438 975//1442 972//1439
f 3076//1443 1236//1444 3075//1445
f 3075//1445 1247//1446 973//1440
f 974//1202 787//1203 976//1405
f 971//1438 974//1202 975//1442
f 975//1442 974//1202 976//1405
f 976//1405 1236//1444 3076//1443
f 787//1203 794//1176 949//1181
f 982//1447 979//1448 977//1192
f 978//1214 979//1448 984//1213
f 978//1214 977//1192 979//1448
f 984//1213 979//1448 3077//1449
f 1247//1446 984//1213 3077//1449
f 981//1190 980//1198 982//1447
f 982//1447 980//1198 983//1450
f 981//1190 982//1447 977//1192
f 967//1436 983//1450 980//1198
f 3077//1449 983//1450 1247//1446
f 983//1450 967//1436 973//1440
f 983//1450 973//1440 1247//1446
f 984//1213 1023//1451 1016//1452
f 1247//1446 1023//1451 984//1213
f 985//1453 1003//1454 1000//1455
f 985//1453 988//1456 986//1457
f 1257//1458 988//1456 985//1453
f 1003//1454 985//1453 986//1457
f 986//1457 987//1459 1003//1454
f 995//1460 989//1461 986//1457
f 987//1459 986//1457 989//1461
f 3079//1462 990//1463 3078//1464
f 995//1460 986//1457 988//1456
f 995//1460 997//1465 989//1461
f 3079//1462 997//1465 991//1466
f 3079//1462 991//1466 990//1463
f 997//1465 992//1467 991//1466
f 991//1466 992//1467 994//1468
f 993//1469 990//1463 3080//1470
f 1011//1471 993//1469 3080//1470
f 3081//1472 1011//1471 3080//1470
f 992//1467 1010//1473 994//1468
f 1010//1473 992//1467 996//1474
f 1010//1473 1011//1471 3081//1472
f 996//1474 992//1467 997//1465
f 997//1465 998//1475 805//1217
f 996//1474 997//1465 805//1217
f 805//1217 998//1475 1014//1476
f 3090//1477 3082//1478 1258//1479
f 1261//1480 1002//1481 1023//1451
f 1023//1451 1002//1481 1031//1482
f 1001//1483 1000//1455 1005//1484
f 1002//1481 3083//1485 3084//1486
f 1263//1487 1002//1481 3085//1488
f 3085//1488 1262//1489 1263//1487
f 1002//1481 1261//1480 3083//1485
f 1004//1490 3086//1491 3078//1464
f 3088//1492 3087//1493 1004//1490
f 1000//1455 1003//1454 1005//1484
f 1004//1490 990//1463 1009//1494
f 3088//1492 1004//1490 1006//1495
f 1006//1495 1004//1490 1007//1496
f 1004//1490 1009//1494 1007//1496
f 3085//1488 3088//1492 1008//1497
f 3088//1492 1006//1495 1008//1497
f 1262//1489 3085//1488 1008//1497
f 990//1463 1004//1490 3078//1464
f 1007//1496 1009//1494 1267//1498
f 1267//1498 1270//1499 1007//1496
f 1011//1471 1010//1473 1012//1500
f 1012//1500 1273//1501 1011//1471
f 1013//1216 996//1474 805//1217
f 1013//1216 1010//1473 996//1474
f 1012//1500 1010//1473 1013//1216
f 3097//1502 1273//1501 1013//1216
f 1013//1216 1273//1501 1012//1500
f 1014//1476 3093//1503 805//1217
f 1015//1504 3094//1505 3090//1477
f 1015//1504 3090//1477 1258//1479
f 1015//1504 1258//1479 2258//1506
f 1016//1452 1035//1507 984//1213
f 1016//1452 1017//1508 1035//1507
f 1036//1509 1035//1507 1017//1508
f 1016//1452 1022//1510 1017//1508
f 1019//1511 1017//1508 1022//1510
f 1036//1509 1019//1511 1039//1512
f 1036//1509 1017//1508 1019//1511
f 1019//1511 1022//1510 1018//1513
f 1022//1510 1025//1514 1018//1513
f 1019//1511 1041//1515 1039//1512
f 3091//1516 1020//1517 1019//1511
f 1020//1517 3091//1516 1026//1518
f 3091//1516 1025//1514 1026//1518
f 1019//1511 1020//1517 1021//1519
f 1021//1519 1041//1515 1019//1511
f 1023//1451 1024//1520 1016//1452
f 1016//1452 1024//1520 1022//1510
f 1025//1514 1022//1510 1024//1520
f 1023//1451 1028//1521 1024//1520
f 1028//1521 1029//1522 1024//1520
f 1024//1520 1029//1522 1030//1523
f 1027//1524 1025//1514 1024//1520
f 1024//1520 3092//1525 1027//1524
f 1027//1524 1026//1518 1025//1514
f 1023//1451 1031//1482 1028//1521
f 1028//1521 1031//1482 1029//1522
f 1031//1482 1032//1526 1029//1522
f 1031//1482 1002//1481 1032//1526
f 1002//1481 1263//1487 1032//1526
f 1030//1523 1032//1526 1033//1527
f 1030//1523 1029//1522 1032//1526
f 1033//1527 1032//1526 1263//1487
f 3092//1525 1033//1527 1027//1524
f 1279//1528 1033//1527 1278//1529
f 1033//1527 1263//1487 1278//1529
f 1027//1524 1033//1527 1279//1528
f 2258//1506 1286//1530 1015//1504
f 806//652 1035//1507 1036//1509
f 1036//1509 1037//1531 806//652
f 984//1213 1035//1507 806//652
f 1036//1509 1038//1532 1037//1531
f 1037//1531 1038//1532 1044//1533
f 1284//1534 1045//1535 3096//1536
f 1052//1537 1045//1535 1284//1534
f 1036//1509 1039//1512 1040//1538
f 1036//1509 1040//1538 1038//1532
f 1284//1534 1040//1538 1039//1512
f 1041//1515 1284//1534 1039//1512
f 1284//1534 3096//1536 1040//1538
f 1041//1515 1276//1539 1284//1534
f 1042//1218 1034//1219 1047//1540
f 1047//1540 1046//1541 1042//1218
f 3097//1502 3098//1542 1273//1501
f 1286//1530 1048//1543 1015//1504
f 1043//1544 1050//1248 806//652
f 806//652 1037//1531 1043//1544
f 1044//1533 1043//1544 1037//1531
f 1044//1533 1038//1532 1045//1535
f 1048//1543 3094//1505 1015//1504
f 3100//1545 3099//1546 3095//1547
f 1286//1530 1291//1548 1048//1543
f 1049//1215 827//1240 1058//1243
f 1043//1544 1060//1247 1050//1248
f 1043//1544 1064//1258 1065//1549
f 1045//1535 1051//1550 1044//1533
f 1043//1544 1044//1533 1064//1258
f 1044//1533 1051//1550 1064//1258
f 1045//1535 1052//1537 1051//1550
f 1053//1249 1054//1551 1068//1552
f 1289//1553 3101//1554 1053//1249
f 1053//1249 1288//1254 1289//1553
f 1046//1541 1047//1540 1055//1555
f 3099//1546 1069//1556 3102//1557
f 1046//1541 1055//1555 3101//1554
f 3103//1558 1068//1552 1054//1551
f 3101//1554 1285//1559 1046//1541
f 1069//1556 3099//1546 3100//1545
f 3105//1560 1048//1543 1291//1548
f 1058//1243 1056//1241 1070//1561
f 1070//1561 1049//1215 1058//1243
f 1049//1215 1070//1561 1287//1562
f 825//1238 1056//1241 1058//1243
f 1057//1563 832//1242 1073//1564
f 1057//1563 1073//1564 1056//1241
f 832//1242 1057//1563 1056//1241
f 832//1242 1059//1246 1073//1564
f 1059//1246 1060//1247 1062//1565
f 1060//1247 1061//1566 1062//1565
f 1074//1567 1073//1564 1059//1246
f 1059//1246 1062//1565 1074//1567
f 1060//1247 1043//1544 1061//1566
f 1043//1544 1065//1549 1061//1566
f 1065//1549 1062//1565 1061//1566
f 1064//1258 1063//1257 1065//1549
f 1066//1568 1076//1569 3029//1262
f 1064//1258 1066//1568 3029//1262
f 1051//1550 1066//1568 1064//1258
f 1066//1568 1067//1570 1076//1569
f 1052//1537 1066//1568 1051//1550
f 1052//1537 1067//1570 1066//1568
f 1295//1571 1076//1569 1067//1570
f 1052//1537 1295//1571 1067//1570
f 1288//1254 1053//1249 841//1252
f 1320//1572 1288//1254 1083//1573
f 1068//1552 834//1250 1053//1249
f 3104//1574 1084//1255 834//1250
f 3102//1557 1084//1255 3104//1574
f 1069//1556 1084//1255 3102//1557
f 1069//1556 1301//1575 1084//1255
f 1086//1576 1084//1255 1301//1575
f 1056//1241 1073//1564 1071//1577
f 1056//1241 1071//1577 1070//1561
f 1073//1564 1074//1567 1071//1577
f 1071//1577 1072//1578 1070//1561
f 1071//1577 1095//1579 1072//1578
f 1071//1577 1074//1567 1095//1579
f 1095//1579 1075//1580 1100//1581
f 1074//1567 1075//1580 1095//1579
f 1075//1580 1074//1567 1062//1565
f 1065//1549 1063//1257 1107//1263
f 1065//1549 1075//1580 1062//1565
f 1076//1569 1077//1260 3029//1262
f 1295//1571 1077//1260 1076//1569
f 1109//1265 3030//1264 1077//1260
f 1109//1265 1077//1260 1317//1582
f 1319//1583 1109//1265 1318//1584
f 1078//1272 1079//1271 1082//1585
f 1337//1586 1079//1271 837//1270
f 1337//1586 837//1270 1113//1274
f 1082//1585 1079//1271 1083//1573
f 1081//1253 1080//1293 1082//1585
f 1082//1585 1080//1293 1078//1272
f 1081//1253 1082//1585 1083//1573
f 1288//1254 1081//1253 1083//1573
f 1084//1255 1086//1576 1085//1300
f 1087//1587 1089//1588 1092//1589
f 1092//1589 1096//1590 1087//1587
f 1089//1588 1087//1587 1292//1591
f 1117//1592 1292//1591 1087//1587
f 1098//1593 3114//1594 1087//1587
f 1088//1595 3114//1594 1098//1593
f 1292//1591 1070//1561 1089//1588
f 1070//1561 1090//1596 1089//1588
f 1070//1561 1072//1578 1090//1596
f 1072//1578 1093//1597 1090//1596
f 1089//1588 1090//1596 1092//1589
f 1090//1596 1093//1597 1092//1589
f 1093//1597 1091//1598 1094//1599
f 1092//1589 1093//1597 1096//1590
f 1094//1599 1097//1600 1093//1597
f 1094//1599 1101//1601 1097//1600
f 1093//1597 1097//1600 1096//1590
f 3108//1602 3111//1603 1104//1604
f 1072//1578 1095//1579 1093//1597
f 1095//1579 1091//1598 1093//1597
f 1087//1587 1096//1590 1098//1593
f 3107//1605 3108//1602 1099//1606
f 3108//1602 1104//1604 1099//1606
f 3107//1605 1099//1606 3109//1607
f 1099//1606 3106//1608 3109//1607
f 1100//1581 1106//1609 1119//1610
f 1102//1611 3112//1612 1119//1610
f 1102//1611 1119//1610 1118//1613
f 1091//1598 1095//1579 1100//1581
f 1091//1598 1100//1581 1094//1599
f 1075//1580 1106//1609 1100//1581
f 1094//1599 1100//1581 1101//1601
f 1100//1581 1119//1610 1101//1601
f 3111//1603 3113//1614 1104//1604
f 1103//1615 1104//1604 3113//1614
f 1103//1615 3113//1614 1118//1613
f 1105//1616 1103//1615 1118//1613
f 1330//1617 3110//1618 1104//1604
f 1105//1616 1104//1604 1103//1615
f 1330//1617 1104//1604 1331//1619
f 1331//1619 1104//1604 1105//1616
f 1106//1609 1107//1263 3031//1301
f 1106//1609 1120//1620 1119//1610
f 1106//1609 3031//1301 1120//1620
f 1075//1580 1107//1263 1106//1609
f 1107//1263 1075//1580 1065//1549
f 1109//1265 1319//1583 1110//1621
f 1110//1621 1111//1304 1109//1265
f 1110//1621 1793//1622 1111//1304
f 1114//1623 1111//1304 1338//1624
f 1338//1624 1111//1304 1793//1622
f 1319//1583 1336//1625 1110//1621
f 1793//1622 2064//1626 1338//1624
f 1113//1274 1112//1306 1114//1623
f 1112//1306 1111//1304 1114//1623
f 1114//1623 1338//1624 1113//1274
f 1337//1586 1113//1274 1338//1624
f 1085//1300 1116//1627 1115//1299
f 1115//1299 1116//1627 1339//1628
f 1321//1629 1339//1628 1116//1627
f 1340//1630 1131//1631 1339//1628
f 3114//1594 1088//1595 1347//1632
f 1108//1633 1105//1616 1123//1634
f 1125//1635 1361//1636 1108//1633
f 1124//1637 1379//1638 1125//1635
f 1121//1639 1119//1610 1120//1620
f 1118//1613 1119//1610 1121//1639
f 1122//1640 1121//1639 1120//1620
f 1118//1613 1121//1639 1123//1634
f 1121//1639 1125//1635 1123//1634
f 1121//1639 1124//1637 1125//1635
f 1121//1639 1122//1640 1124//1637
f 1123//1634 1105//1616 1118//1613
f 1123//1634 1125//1635 1108//1633
f 1133//1641 1124//1637 1122//1640
f 1379//1638 1124//1637 1133//1641
f 1126//1326 1128//1642 1127//1328
f 1128//1642 1150//1643 1127//1328
f 1126//1326 1115//1299 1129//1644
f 1128//1642 1126//1326 1129//1644
f 1129//1644 1130//1645 1128//1642
f 1128//1642 1130//1645 1150//1643
f 1150//1643 1130//1645 1152//1646
f 1115//1299 1339//1628 1129//1644
f 1131//1631 1132//1647 1129//1644
f 1129//1644 1132//1647 1130//1645
f 1130//1645 1132//1647 1369//1648
f 1152//1646 1130//1645 1369//1648
f 1129//1644 1339//1628 1131//1631
f 1368//1649 1132//1647 1131//1631
f 1368//1649 1369//1648 1132//1647
f 1396//1650 3117//1651 3185//1652
f 1122//1640 1120//1620 1134//1653
f 1134//1653 1120//1620 3031//1301
f 1134//1653 3031//1301 1154//1322
f 1122//1640 1134//1653 1135//1654
f 1135//1654 1134//1653 1153//1655
f 1122//1640 1135//1654 1133//1641
f 1154//1322 1153//1655 1134//1653
f 1136//1330 1154//1322 883//1316
f 886//1329 1138//1656 1136//1330
f 1140//1331 1137//1657 886//1329
f 886//1329 1137//1657 1138//1656
f 1138//1656 1137//1657 1145//1658
f 1138//1656 1145//1658 1139//1659
f 1138//1656 1139//1659 1136//1330
f 1139//1659 1145//1658 1391//1660
f 3037//1332 1141//1661 1140//1331
f 3037//1332 3115//1662 1141//1661
f 1137//1657 1140//1331 1143//1663
f 1143//1663 1140//1331 1141//1661
f 3115//1662 1142//1664 1141//1661
f 1141//1661 1142//1664 1143//1663
f 1143//1663 1142//1664 1144//1665
f 1144//1665 1142//1664 1149//1666
f 1137//1657 1143//1663 1145//1658
f 1146//1667 1143//1663 1144//1665
f 1146//1667 1144//1665 1147//1668
f 1144//1665 1149//1666 1147//1668
f 1146//1667 1145//1658 1143//1663
f 1145//1658 1146//1667 1389//1669
f 1391//1660 1145//1658 1389//1669
f 1146//1667 1147//1668 1389//1669
f 1142//1664 3115//1662 1148//1670
f 1148//1670 3115//1662 1151//1671
f 3115//1662 3116//1672 1151//1671
f 1393//1673 1148//1670 1151//1671
f 1142//1664 1148//1670 1149//1666
f 1393//1673 1149//1666 1148//1670
f 3116//1672 3117//1651 1151//1671
f 1151//1671 3117//1651 1395//1674
f 1393//1673 1151//1671 1395//1674
f 1395//1674 3117//1651 1396//1650
f 1153//1655 1154//1322 1155//1675
f 1154//1322 1136//1330 1155//1675
f 1153//1655 1155//1675 1398//1676
f 1392//1677 1155//1675 1136//1330
f 3119//1678 1160//1678 3042//1678
f 3122//1679 1156//1353 1159//1680
f 1159//1680 1156//1353 1157//1356
f 1158//1357 3120//1681 1157//1356
f 1158//1357 1163//1682 3120//1681
f 1166//1683 1163//1682 1158//1357
f 3123//1684 1161//1355 908//1352
f 1162//1685 3122//1679 1159//1680
f 3124//1686 3121//1687 3125//1688
f 1165//1689 1400//1690 1161//1355
f 1162//1685 1399//1691 3122//1679
f 1399//1691 1162//1685 1164//1692
f 3126//1693 3124//1686 3125//1688
f 1163//1682 1167//1694 3127//1695
f 1161//1355 3123//1684 1165//1689
f 3123//1684 3186//1696 1165//1689
f 1399//1691 1164//1692 1413//1697
f 1405//1698 3127//1695 1167//1694
f 1411//1699 1400//1690 1165//1689
f 3190//1700 3127//1695 1404//1701
f 1404//1701 3127//1695 1405//1698
f 1400//1690 919//897 1161//1355
f 1167//1694 1163//1682 1166//1683
f 1168//1358 1167//1694 1166//1683
f 1169//1359 1167//1694 1168//1358
f 1167//1694 1406//1702 1405//1698
f 1406//1702 1167//1694 1169//1359
f 1406//1702 1169//1359 1409//1703
f 1166//1683 1158//1357 1168//1358
f 1428//1704 919//897 1420//1705
f 915//1363 1170//1706 1173//1362
f 1171//1707 1179//1708 1421//1709
f 1421//1709 1173//1362 1171//1707
f 1172//1710 1421//1709 1179//1708
f 1173//1362 1170//1706 1171//1707
f 1174//1366 922//1365 1421//1709
f 1174//1366 1401//1711 1175//1712
f 1176//1369 3128//1713 1175//1712
f 3128//1713 1174//1366 1175//1712
f 1409//1703 1169//1359 1175//1712
f 1176//1369 924//1372 3128//1713
f 1175//1712 1169//1359 1176//1369
f 1835//1374 919//897 1428//1704
f 1179//1708 915//1363 920//1375
f 1170//1706 915//1363 1179//1708
f 1171//1707 1170//1706 1179//1708
f 1179//1708 920//1375 1180//1714
f 1429//1715 1179//1708 1180//1714
f 1185//1398 1434//1716 1191//1400
f 1429//1715 1172//1710 1179//1708
f 922//1365 1173//1362 1421//1709
f 1181//1717 1185//1398 1186//1718
f 1183//1719 1181//1717 1182//1720
f 1182//1720 1181//1717 1186//1718
f 1183//1719 1182//1720 1189//1721
f 1182//1720 1186//1718 1189//1721
f 1435//1722 1434//1716 1181//1717
f 1181//1717 1434//1716 1185//1398
f 1189//1721 1184//1723 1183//1719
f 1435//1722 1183//1719 1184//1723
f 1435//1722 1181//1717 1183//1719
f 1436//1724 1435//1722 1184//1723
f 1186//1718 1185//1398 1187//1725
f 1187//1725 1185//1398 1199//1404
f 1188//1726 1186//1718 1187//1725
f 1188//1726 1187//1725 1193//1727
f 1192//1728 1193//1727 1187//1725
f 1189//1721 1186//1718 1188//1726
f 1189//1721 1188//1726 1193//1727
f 1194//1729 1189//1721 1193//1727
f 1194//1729 1184//1723 1189//1721
f 1194//1729 1196//1730 1184//1723
f 3129//1731 1197//1732 3195//1733
f 3129//1731 3130//1734 1197//1732
f 3195//1733 1197//1732 1439//1735
f 1185//1398 946//1402 1199//1404
f 1180//1714 920//1375 942//1392
f 944//1394 1180//1714 942//1392
f 1191//1400 1180//1714 3063//1399
f 945//1396 1185//1398 1191//1400
f 1195//1736 1193//1727 1192//1728
f 1195//1736 1194//1729 1193//1727
f 1198//1737 1194//1729 1195//1736
f 1464//1738 1195//1736 1192//1728
f 1211//1739 1464//1738 1192//1728
f 3131//1740 1194//1729 1198//1737
f 3130//1734 3132//1741 1197//1732
f 1197//1732 1438//1742 1200//1743
f 1437//1744 1198//1737 1195//1736
f 1195//1736 3235//1745 1437//1744
f 3133//1746 1220//1747 1187//1725
f 1197//1732 1200//1743 3201//1748
f 1192//1728 1187//1725 1201//1749
f 1230//1750 1192//1728 1201//1749
f 3201//1748 1200//1743 1202//1751
f 1202//1751 1200//1743 1233//1752
f 1477//1753 1233//1752 1200//1743
f 3133//1746 3141//1754 1220//1747
f 1187//1725 1220//1747 1201//1749
f 1439//1735 1203//1755 1440//1756
f 1203//1755 3201//1748 1202//1751
f 1440//1756 1203//1755 1441//1757
f 1202//1751 1233//1752 1231//1758
f 1203//1755 1202//1751 3148//1759
f 940//1141 1448//1760 1204//1168
f 1204//1168 1205//1761 953//1412
f 1205//1761 1243//1762 3160//1763
f 1204//1168 1448//1760 1205//1761
f 1205//1761 1448//1760 1243//1762
f 1490//1764 1243//1762 1448//1760
f 1205//1761 3066//1413 953//1412
f 1205//1761 3160//1763 3066//1413
f 3072//1765 3134//1765 1207//1765
f 960//1401 3138//1766 1213//1427
f 3135//1767 3073//1424 959//1418
f 3135//1767 959//1418 1245//1416
f 3136//1768 1450//1768 3139//1768
f 3137//1769 1244//1770 3209//1771
f 3138//1766 1208//1772 1213//1427
f 1208//1772 3138//1766 3210//1773
f 3210//1773 1451//1774 1208//1772
f 1451//1774 1456//1775 1208//1772
f 1213//1427 1208//1772 1457//1776
f 1209//1777 1457//1776 1460//1778
f 1457//1776 1209//1777 1213//1427
f 1209//1777 1214//1779 1213//1427
f 1466//1780 1210//1781 1209//1777
f 1464//1738 1211//1739 1465//1782
f 1211//1739 1212//1783 1465//1782
f 1466//1780 1465//1782 3140//1784
f 3140//1784 1465//1782 1212//1783
f 1213//1427 1214//1779 1219//1785
f 1209//1777 1210//1781 1214//1779
f 1210//1781 1228//1786 1214//1779
f 1230//1750 1211//1739 1192//1728
f 1230//1750 3140//1784 1212//1783
f 1211//1739 1230//1750 1212//1783
f 1230//1750 1228//1786 3140//1784
f 3141//1754 1234//1787 1220//1747
f 3143//1788 1234//1787 3141//1754
f 1217//1434 1235//1789 3142//1433
f 1218//1790 1217//1434 965//1431
f 1218//1790 1235//1789 1217//1434
f 966//1435 1219//1785 965//1431
f 965//1431 1219//1785 1218//1790
f 1213//1427 1219//1785 966//1435
f 1222//1791 1220//1747 3151//1792
f 3146//1793 3154//1794 1225//1795
f 1225//1795 3154//1794 3144//1796
f 1224//1797 3147//1798 1219//1785
f 1219//1785 3147//1798 3145//1799
f 1214//1779 1224//1797 1219//1785
f 1201//1749 1220//1747 1226//1800
f 1220//1747 1222//1791 1221//1801
f 1223//1802 1227//1803 1221//1801
f 1221//1801 1225//1795 1223//1802
f 3146//1793 1225//1795 1221//1801
f 1228//1786 1229//1804 1224//1797
f 1214//1779 1228//1786 1224//1797
f 1225//1795 1224//1797 1223//1802
f 1201//1749 1226//1800 1230//1750
f 1226//1800 1221//1801 1227//1803
f 1220//1747 1221//1801 1226//1800
f 1223//1802 1229//1804 1227//1803
f 1229//1804 1230//1750 1227//1803
f 1229//1804 1228//1786 1230//1750
f 1229//1804 1223//1802 1224//1797
f 1226//1800 1227//1803 1230//1750
f 3148//1759 1232//1805 1203//1755
f 1479//1806 1231//1758 1233//1752
f 3149//1807 1231//1758 1479//1806
f 1233//1752 1482//1808 1479//1806
f 3142//1433 1235//1789 3152//1809
f 3153//1810 3154//1794 3146//1793
f 1236//1444 1247//1446 3075//1445
f 1236//1444 1251//1811 1247//1446
f 1237//1812 1236//1444 976//1405
f 1237//1812 976//1405 1242//1407
f 1237//1812 1242//1407 1238//1813
f 1237//1812 1238//1813 1240//1814
f 3155//1815 3156//1816 1249//1817
f 3157//1818 1238//1813 1488//1819
f 1488//1819 1238//1813 1239//1820
f 3158//1821 3248//1822 3166//1823
f 1241//1414 3161//1824 1242//1407
f 1238//1813 1242//1407 1239//1820
f 1239//1820 1242//1407 3162//1825
f 1490//1764 1239//1820 3162//1825
f 1489//1826 1239//1820 1490//1764
f 1491//1827 3163//1828 1246//1829
f 1246//1829 3135//1767 1245//1416
f 1246//1829 1245//1416 1250//1830
f 3135//1767 1246//1829 3163//1828
f 1236//1444 3155//1815 1251//1811
f 3155//1815 1248//1831 1251//1811
f 1252//1832 1251//1811 1248//1831
f 1248//1831 997//1465 1252//1832
f 3155//1815 1249//1817 1248//1831
f 1256//1833 1245//1416 999//1187
f 1256//1833 1250//1830 1245//1416
f 1505//1834 1246//1829 1250//1830
f 1247//1446 1251//1811 1023//1451
f 1251//1811 1252//1832 988//1456
f 988//1456 1252//1832 995//1460
f 997//1465 995//1460 1252//1832
f 997//1465 1248//1831 998//1475
f 1253//1835 998//1475 1248//1831
f 3167//1836 1253//1835 1248//1831
f 3168//1837 1254//1838 1258//1479
f 1503//1839 3168//1837 3166//1823
f 1503//1839 1254//1838 3168//1837
f 1256//1833 1259//1840 1255//1841
f 1527//1842 1255//1841 1259//1840
f 1255//1841 1250//1830 1256//1833
f 1527//1842 1250//1830 1255//1841
f 3083//1485 1261//1480 1251//1811
f 1023//1451 1251//1811 1261//1480
f 985//1453 1000//1455 1257//1458
f 988//1456 3169//1843 1251//1811
f 3083//1485 1251//1811 3169//1843
f 3168//1837 1258//1479 3082//1478
f 999//1187 1259//1840 1256//1833
f 1280//1844 1538//1845 1277//1846
f 1263//1487 3170//1847 1265//1848
f 1264//1849 1263//1487 1265//1848
f 1260//1850 1265//1848 1538//1845
f 1264//1849 1265//1848 1260//1850
f 1265//1848 1539//1851 1538//1845
f 1530//1852 1539//1851 1265//1848
f 1270//1499 1530//1852 1265//1848
f 1265//1848 3170//1847 3089//1853
f 1006//1495 1266//1854 3089//1853
f 1270//1499 1266//1854 1006//1495
f 1007//1496 1270//1499 1006//1495
f 3089//1853 1266//1854 1265//1848
f 1265//1848 1266//1854 1270//1499
f 1009//1494 990//1463 1268//1855
f 1267//1498 1009//1494 1269//1856
f 1268//1855 1269//1856 1009//1494
f 990//1463 1271//1857 1268//1855
f 1270//1499 1267//1498 1269//1856
f 1269//1856 1268//1855 1271//1857
f 1269//1856 1271//1857 1272//1858
f 1269//1856 1530//1852 1270//1499
f 1272//1858 1530//1852 1269//1856
f 1271//1857 990//1463 993//1469
f 1271//1857 993//1469 1011//1471
f 1271//1857 1011//1471 1273//1501
f 1272//1858 1271//1857 1273//1501
f 1282//1859 1259//1840 999//1187
f 1274//1860 1259//1840 1282//1859
f 1540//1861 1274//1860 1281//1862
f 1540//1861 1281//1862 1541//1863
f 1541//1863 1281//1862 1560//1864
f 1546//1865 1283//1866 1548//1867
f 1548//1867 1283//1866 1569//1868
f 1026//1518 1275//1869 1020//1517
f 1021//1519 1275//1869 1276//1539
f 1275//1869 1021//1519 1020//1517
f 1276//1539 1041//1515 1021//1519
f 1276//1539 1275//1869 1277//1846
f 1275//1869 1026//1518 1027//1524
f 1275//1869 1027//1524 1277//1846
f 1279//1528 1277//1846 1027//1524
f 1279//1528 1280//1844 1277//1846
f 1264//1849 1278//1529 1263//1487
f 1280//1844 1278//1529 1264//1849
f 1278//1529 1280//1844 1279//1528
f 1260//1850 1538//1845 1280//1844
f 1260//1850 1280//1844 1264//1849
f 1282//1859 1281//1862 1274//1860
f 1546//1865 1564//1870 1283//1866
f 1564//1870 1591//1871 1283//1866
f 1571//1872 1569//1868 1283//1866
f 1281//1862 1282//1859 1592//1873
f 1765//1874 1295//1571 1052//1537
f 1600//1875 1273//1501 3171//1876
f 3171//1876 1273//1501 3098//1542
f 1282//1859 999//1187 1292//1591
f 1282//1859 1292//1591 1592//1873
f 1592//1873 1292//1591 1601//1877
f 999//1187 1049//1215 1287//1562
f 1287//1562 1292//1591 999//1187
f 1285//1559 3101//1554 1289//1553
f 1289//1553 1290//1878 3171//1876
f 1300//1879 1289//1553 1288//1254
f 1290//1878 1289//1553 1300//1879
f 1291//1548 1286//1530 2258//1506
f 1601//1877 1292//1591 1293//1880
f 1602//1881 1601//1877 1293//1880
f 1296//1882 1613//1883 1305//1884
f 1296//1882 1297//1885 1298//1886
f 1297//1885 1296//1882 1304//1887
f 1297//1885 1304//1887 1310//1888
f 1294//1889 1296//1882 1298//1886
f 1298//1886 1297//1885 1299//1890
f 1297//1885 1310//1888 1299//1890
f 1310//1888 1313//1891 1299//1890
f 1617//1892 1614//1893 1294//1889
f 1617//1892 1294//1889 1298//1886
f 1618//1894 1617//1892 1298//1886
f 1618//1894 1298//1886 1299//1890
f 1299//1890 1619//1895 1618//1894
f 1619//1895 1299//1890 1313//1891
f 1300//1879 1288//1254 1320//1572
f 3105//1560 1291//1548 3172//1896
f 1323//1897 3172//1896 1291//1548
f 1291//1548 2258//1506 1323//1897
f 1323//1897 2258//1506 1794//1898
f 1602//1881 1293//1880 1624//1899
f 1293//1880 1302//1900 1624//1899
f 1293//1880 1292//1591 1302//1900
f 1070//1561 1292//1591 1287//1562
f 1634//1901 1303//1902 1613//1883
f 1296//1882 1305//1884 3173//1903
f 3173//1903 1305//1884 1306//1904
f 1304//1887 1306//1904 1310//1888
f 1307//1905 1308//1906 1305//1884
f 1305//1884 1308//1906 1306//1904
f 1306//1904 1311//1907 1310//1888
f 1307//1905 1305//1884 1613//1883
f 1306//1904 1309//1908 1311//1907
f 1613//1883 1303//1902 1307//1905
f 1308//1906 1307//1905 1303//1902
f 1308//1906 1309//1908 1306//1904
f 1303//1902 1312//1909 1308//1906
f 1308//1906 1312//1909 1309//1908
f 1313//1891 1310//1888 1314//1910
f 1314//1910 1310//1888 1311//1907
f 1309//1908 1315//1911 1311//1907
f 1315//1911 1314//1910 1311//1907
f 1309//1908 1316//1912 1315//1911
f 1312//1909 1640//1913 1316//1912
f 1312//1909 1316//1912 1309//1908
f 1303//1902 1640//1913 1312//1909
f 1637//1914 1313//1891 1314//1910
f 1637//1914 1314//1910 1638//1915
f 1638//1915 1314//1910 1315//1911
f 1639//1916 1315//1911 1316//1912
f 1638//1915 1315//1911 1639//1916
f 1316//1912 1640//1913 1639//1916
f 1318//1584 1109//1265 1317//1582
f 1598//1917 1319//1583 1318//1584
f 1622//1918 1336//1625 1319//1583
f 1320//1572 1083//1573 1079//1271
f 1337//1586 1320//1572 1079//1271
f 1320//1572 2064//1626 1623//1919
f 1086//1576 1301//1575 1322//1920
f 1086//1576 1322//1920 1085//1300
f 1321//1629 1085//1300 1322//1920
f 1116//1627 1085//1300 1321//1629
f 1325//1921 3172//1896 1323//1897
f 3174//1922 1322//1920 1301//1575
f 1325//1921 1323//1897 1324//1923
f 1324//1923 1323//1897 1794//1898
f 1322//1920 1344//1924 1321//1629
f 1322//1920 3174//1922 1344//1924
f 1324//1923 3179//1925 1325//1921
f 1117//1592 1345//1926 1292//1591
f 1292//1591 1345//1926 1302//1900
f 1302//1900 1345//1926 1647//1927
f 1326//1928 1099//1606 3175//1929
f 3106//1608 1099//1606 1326//1928
f 1327//1930 3175//1929 1332//1931
f 3175//1929 1327//1930 1326//1928
f 1334//1932 1327//1930 1332//1931
f 1326//1928 1327//1930 1328//1933
f 1334//1932 1328//1933 1327//1930
f 1328//1933 1353//1934 1326//1928
f 1328//1933 1329//1935 1353//1934
f 1328//1933 1334//1932 1329//1935
f 1334//1932 1335//1936 1329//1935
f 1353//1934 1329//1935 1355//1937
f 1363//1938 1355//1937 1329//1935
f 1363//1938 1329//1935 1335//1936
f 3175//1929 3176//1939 1332//1931
f 3178//1940 3177//1941 1105//1616
f 3178//1940 1105//1616 1108//1633
f 3178//1940 1108//1633 1333//1942
f 1334//1932 3178//1940 1333//1942
f 1333//1942 1363//1938 1335//1936
f 1333//1942 1335//1936 1334//1932
f 1793//1622 1110//1621 1336//1625
f 1338//1624 1320//1572 1337//1586
f 1131//1631 1340//1630 1370//1943
f 1341//1944 1339//1628 1321//1629
f 1342//1945 1340//1630 1341//1944
f 1340//1630 1339//1628 1341//1944
f 1342//1945 1370//1943 1340//1630
f 1341//1944 1321//1629 3180//1946
f 1341//1944 3179//1925 1343//1947
f 1341//1944 1343//1947 1342//1945
f 3179//1925 1324//1923 1343//1947
f 1794//1898 1376//1948 1343//1947
f 1350//1949 1345//1926 1117//1592
f 3106//1608 1326//1928 1347//1632
f 1347//1632 1353//1934 1348//1950
f 1347//1632 1326//1928 1353//1934
f 1346//1951 1345//1926 1350//1949
f 3114//1594 1347//1632 3181//1952
f 1349//1953 1347//1632 1348//1950
f 1349//1953 1348//1950 1356//1954
f 1347//1632 1351//1955 3181//1952
f 1347//1632 1349//1953 1351//1955
f 3181//1952 1351//1955 1352//1956
f 1346//1951 3181//1952 1352//1956
f 1360//1957 1351//1955 1349//1953
f 1351//1955 1654//1958 1352//1956
f 1648//1959 1351//1955 1360//1957
f 1351//1955 1648//1959 1654//1958
f 1354//1960 1355//1937 1363//1938
f 1353//1934 1356//1954 1348//1950
f 1355//1937 3182//1961 1359//1962
f 3183//1963 1365//1964 1357//1965
f 1357//1965 1365//1964 1367//1966
f 1349//1953 1356//1954 1360//1957
f 1353//1934 1358//1967 1356//1954
f 1355//1937 1358//1967 1353//1934
f 1359//1962 1358//1967 1355//1937
f 1357//1965 1359//1962 3182//1961
f 1367//1966 1359//1962 1357//1965
f 1360//1957 1356//1954 1358//1967
f 1358//1967 1359//1962 1648//1959
f 1648//1959 1359//1962 1367//1966
f 1360//1957 1358//1967 1648//1959
f 1108//1633 1361//1636 1333//1942
f 1125//1635 1362//1968 1361//1636
f 1379//1638 1362//1968 1125//1635
f 1361//1636 1363//1938 1333//1942
f 1364//1969 1362//1968 1379//1638
f 1379//1638 1380//1970 1364//1969
f 1354//1960 1363//1938 1361//1636
f 1362//1968 1354//1960 1361//1636
f 1365//1964 1362//1968 1364//1969
f 1364//1969 1380//1970 1366//1971
f 3183//1963 1362//1968 1365//1964
f 1380//1970 1383//1972 1366//1971
f 1367//1966 1365//1964 1364//1969
f 1383//1972 1385//1973 1366//1971
f 1367//1966 1364//1969 1366//1971
f 1386//1974 3184//1975 1385//1973
f 1393//1673 1377//1976 1394//1977
f 1370//1943 1368//1649 1131//1631
f 1370//1943 1372//1978 1368//1649
f 1369//1648 1372//1978 1373//1979
f 1368//1649 1372//1978 1369//1648
f 1373//1979 1396//1650 3185//1652
f 1342//1945 1374//1980 1370//1943
f 1374//1980 1372//1978 1370//1943
f 1374//1980 1371//1981 1372//1978
f 1371//1981 1373//1979 1372//1978
f 1371//1981 1375//1982 1373//1979
f 1377//1976 1396//1650 1375//1982
f 1375//1982 1396//1650 1373//1979
f 1375//1982 1371//1981 1374//1980
f 1374//1980 1342//1945 1343//1947
f 1343//1947 1376//1948 1374//1980
f 1376//1948 1378//1983 1375//1982
f 1374//1980 1376//1948 1375//1982
f 1378//1983 1377//1976 1375//1982
f 1376//1948 1651//1984 1378//1983
f 1378//1983 1650//1985 1377//1976
f 1651//1984 1650//1985 1378//1983
f 1647//1927 1345//1926 1346//1951
f 1380//1970 1379//1638 1133//1641
f 1133//1641 1381//1986 1380//1970
f 1381//1986 1133//1641 1382//1987
f 1133//1641 1388//1988 1382//1987
f 1383//1972 1380//1970 1381//1986
f 1384//1989 1383//1972 1381//1986
f 1384//1989 1381//1986 1382//1987
f 1382//1987 1388//1988 1384//1989
f 1385//1973 1383//1972 1384//1989
f 1385//1973 1384//1989 1386//1974
f 1384//1989 1388//1988 1386//1974
f 1397//1990 1387//1991 1388//1988
f 1386//1974 1388//1988 1387//1991
f 1386//1974 1387//1991 1666//1992
f 1387//1991 1397//1990 1666//1992
f 1388//1988 1133//1641 1135//1654
f 1135//1654 1153//1655 1388//1988
f 1136//1330 1139//1659 1392//1677
f 1392//1677 1139//1659 1391//1660
f 1390//1993 1147//1668 1394//1977
f 1389//1669 1390//1993 1391//1660
f 1389//1669 1147//1668 1390//1993
f 1390//1993 1394//1977 1391//1660
f 1391//1660 1657//1994 1392//1677
f 1657//1994 1658//1995 1392//1677
f 1149//1666 1394//1977 1147//1668
f 1149//1666 1393//1673 1394//1977
f 1649//1996 1394//1977 1377//1976
f 1394//1977 1649//1996 1660//1997
f 1395//1674 1377//1976 1393//1673
f 1396//1650 1377//1976 1395//1674
f 1397//1990 1817//1998 1666//1992
f 1153//1655 1397//1990 1388//1988
f 1398//1676 1397//1990 1153//1655
f 1668//1999 1397//1990 1398//1676
f 1398//1676 1667//2000 1668//1999
f 1667//2000 1398//1676 1155//1675
f 1155//1675 1392//1677 1669//2001
f 1411//1699 1165//1689 3186//1696
f 1411//1699 1420//1705 1400//1690
f 3186//1696 3191//2002 1411//1699
f 1400//1690 1420//1705 919//897
f 1402//2003 1418//2004 1415//2005
f 1402//2003 1415//2005 1401//1711
f 1418//2004 1402//2003 1403//2006
f 1425//2007 1403//2006 1402//2003
f 3192//2008 3187//2009 1419//2010
f 3187//2009 1670//2011 1419//2010
f 1406//1702 1409//1703 1407//2012
f 1406//1702 1407//2012 1405//1698
f 1405//1698 1407//2012 1404//1701
f 1410//2013 1409//1703 1175//1712
f 1410//2013 1175//1712 1401//1711
f 1408//2014 3190//1700 1404//1701
f 1407//2012 3188//2015 1404//1701
f 1409//1703 3188//2015 1407//2012
f 1408//2014 1414//2016 3190//1700
f 1414//2016 3189//2017 1412//2018
f 3188//2015 1409//1703 1412//2018
f 1410//2013 1412//2018 1409//1703
f 1401//1711 1415//2005 1410//2013
f 1415//2005 1414//2016 1412//2018
f 1415//2005 1412//2018 1410//2013
f 1411//1699 3191//2002 1416//2019
f 1417//2020 1411//1699 1416//2019
f 1418//2004 1414//2016 1415//2005
f 3190//1700 1414//2016 1418//2004
f 1420//1705 1411//1699 1417//2020
f 3191//2002 3192//2008 1416//2019
f 1416//2019 3192//2008 1419//2010
f 1416//2019 1419//2010 1417//2020
f 1673//2021 1417//2020 1419//2010
f 1420//1705 1417//2020 1673//2021
f 1670//2011 1673//2021 1419//2010
f 1172//1710 1422//2022 1421//1709
f 1172//1710 1429//1715 1422//2022
f 1421//1709 1422//2022 1423//2023
f 1430//2024 3193//2025 1422//2022
f 1430//2024 1422//2022 1429//1715
f 1430//2024 1677//2026 3193//2025
f 1421//1709 3194//2027 1424//2028
f 1424//2028 1401//1711 1174//1366
f 1174//1366 1421//1709 1424//2028
f 1402//2003 1424//2028 3194//2027
f 1401//1711 1424//2028 1402//2003
f 3194//2027 1421//1709 1423//2023
f 1425//2007 1426//2029 1403//2006
f 3193//2025 1677//2026 1426//2029
f 3193//2025 1426//2029 1425//2007
f 1426//2029 1670//2011 3187//2009
f 1426//2029 1677//2026 1670//2011
f 1427//2030 1420//1705 1673//2021
f 1427//2030 1428//1704 1420//1705
f 1430//2024 1429//1715 1180//1714
f 1431//2031 1180//1714 1191//1400
f 1434//1716 1431//2031 1191//1400
f 1430//2024 1180//1714 1432//2032
f 1431//2031 1432//2032 1180//1714
f 1433//2033 1432//2032 1431//2031
f 1431//2031 1434//1716 1433//2033
f 1433//2033 1435//1722 1679//2034
f 1433//2033 1434//1716 1435//1722
f 1693//2035 1435//1722 3196//2036
f 1679//2034 1435//1722 1693//2035
f 1440//1756 3195//1733 1439//1735
f 1440//1756 1693//2035 3196//2036
f 1835//1374 1428//1704 1427//2030
f 1190//1089 1700//2037 1178//675
f 1178//675 1700//2037 940//1141
f 1197//1732 3132//1741 3197//2038
f 3197//2038 1438//1742 1197//1732
f 3198//2039 1464//1738 1467//2040
f 3199//2041 1471//2042 1438//1742
f 1438//1742 1477//1753 1200//1743
f 1441//1757 1203//1755 1445//2043
f 1693//2035 1440//1756 1442//2044
f 1442//2044 1440//1756 1441//1757
f 1446//2045 1441//1757 1445//2043
f 1442//2044 1441//1757 1443//2046
f 1446//2045 1443//2046 1441//1757
f 1444//2047 3309//2048 3202//2049
f 1444//2047 3202//2049 3203//2050
f 3203//2050 1447//2051 1444//2047
f 1447//2051 1487//2052 1444//2047
f 3206//2053 3150//2054 1485//2055
f 1203//1755 1232//1805 1445//2043
f 3206//2053 3208//2056 3207//2057
f 3208//2056 3206//2053 1486//2058
f 1486//2058 3206//2053 1485//2055
f 3207//2057 3208//2056 3204//2059
f 3247//2060 3208//2056 1486//2058
f 1716//2061 1448//1760 940//1141
f 1716//2061 1489//1826 1448//1760
f 1489//1826 1490//1764 1448//1760
f 3250//2062 1449//2063 1704//2064
f 1703//2065 1449//2063 3250//2062
f 3250//2062 3209//1771 1244//1770
f 1451//1774 1458//2066 1456//1775
f 3250//2062 1452//2067 3209//1771
f 1453//2068 1451//1774 3210//1773
f 1496//2069 1458//2066 1451//1774
f 3212//2070 1453//2068 3210//1773
f 3213//2071 3256//2071 3211//2071
f 3214//2072 1498//2073 3257//2074
f 3212//2070 1704//2064 1453//2068
f 3215//2075 1455//2075 3259//2075
f 1452//2067 3250//2062 1704//2064
f 1453//2068 1704//2064 1454//2076
f 1461//2077 3216//2077 3218//2077
f 3231//2078 3220//2078 3217//2078
f 1454//2076 1704//2064 1708//2079
f 1460//1778 1454//2076 1708//2079
f 1500//2080 3260//2081 1709//2082
f 3260//2081 3221//2083 1709//2082
f 3232//2084 1709//2082 3221//2083
f 1456//1775 1459//2085 1457//1776
f 1456//1775 1457//1776 1208//1772
f 1458//2066 1459//2085 1456//1775
f 3222//2086 3224//2086 3230//2086
f 1501//2087 1458//2066 1496//2069
f 3223//2088 3263//2088 3225//2088
f 3226//2089 1508//2090 1463//2091
f 1460//1778 3227//2092 1454//2076
f 3219//2093 3228//2093 3233//2093
f 1209//1777 1460//1778 1466//1780
f 1466//1780 1460//1778 1462//2094
f 1462//2094 1460//1778 1473//2095
f 1460//1778 1475//2096 1473//2095
f 1467//2040 1465//1782 1468//2097
f 1464//1738 1465//1782 1467//2040
f 1466//1780 1468//2097 1465//1782
f 1469//2098 3200//2099 3236//2100
f 3199//2041 3238//2101 1471//2042
f 1469//2098 3236//2100 1470//2102
f 1470//2102 3236//2100 3237//2103
f 1462//2094 3239//2104 1468//2097
f 1462//2094 1468//2097 1466//1780
f 1471//2042 1476//2105 1438//1742
f 1470//2102 1472//2106 1469//2098
f 1472//2106 1470//2102 1462//2094
f 1472//2106 1462//2094 1473//2095
f 3238//2101 3240//2107 1471//2042
f 1508//2090 1502//2108 1463//2091
f 3240//2107 1474//2109 1471//2042
f 1475//2096 1472//2106 1473//2095
f 3241//2110 1472//2106 1475//2096
f 3234//2111 3265//2112 1710//2113
f 1698//2114 1713//2115 1475//2096
f 1477//1753 1438//1742 1476//2105
f 1474//2109 3242//2116 1471//2042
f 1713//2115 1476//2105 3241//2110
f 1475//2096 1713//2115 3241//2110
f 1478//2117 1482//1808 1477//1753
f 1713//2115 1478//2117 1476//2105
f 1476//2105 1478//2117 1477//1753
f 1713//2115 1698//2114 1444//2047
f 1477//1753 1482//1808 1233//1752
f 1479//1806 1482//1808 1480//2118
f 1479//1806 1481//2119 3149//1807
f 1479//1806 1480//2118 1481//2119
f 3243//2120 1484//2121 3244//2122
f 1483//2123 3244//2122 1484//2121
f 1478//2117 1484//2121 1482//1808
f 1482//1808 1484//2121 3243//2120
f 1487//2052 1483//2123 1484//2121
f 1478//2117 1713//2115 1484//2121
f 1487//2052 1484//2121 1444//2047
f 1484//2121 1713//2115 1444//2047
f 3149//1807 1481//2119 3245//2124
f 1483//2123 3245//2124 1481//2119
f 3246//2125 3245//2124 1483//2123
f 1487//2052 3246//2125 1483//2123
f 3249//2126 1239//1820 1489//1826
f 1504//2127 1503//1839 3249//2126
f 1504//2127 3249//2126 1489//1826
f 1716//2061 1504//2127 1489//1826
f 1254//1838 1504//2127 1716//2061
f 1493//2128 1491//1827 1246//1829
f 1493//2128 1499//2129 1491//1827
f 1492//2130 1491//1827 1499//2129
f 3310//2131 1491//1827 1492//2130
f 1705//2132 3310//2131 1492//2130
f 1705//2132 3251//2133 1709//2082
f 3164//2134 3267//2135 1494//2136
f 3165//2137 3253//2138 3252//2139
f 1495//2140 3264//2141 3258//2142
f 1508//2090 1495//2140 3254//2143
f 3257//2074 1498//2073 3255//2144
f 3252//2139 1497//2145 3262//2146
f 1495//2140 1497//2145 3254//2143
f 1497//2145 3252//2139 3253//2138
f 3251//2133 1497//2145 1500//2080
f 1497//2145 1495//2140 1500//2080
f 1500//2080 1495//2140 3261//2147
f 1497//2145 3251//2133 3262//2146
f 1709//2082 3251//2133 1500//2080
f 1495//2140 1508//2090 3264//2141
f 1508//2090 3226//2089 3264//2141
f 1508//2090 1512//2148 1502//2108
f 3166//1823 3248//1822 1503//1839
f 1504//2127 1254//1838 1503//1839
f 3254//2143 1507//2149 1508//2090
f 1507//2149 3254//2143 1506//2150
f 3267//2135 3269//2151 1494//2136
f 3271//2152 3270//2153 1528//2154
f 1509//2155 1508//2090 1507//2149
f 3271//2152 1727//2156 3272//2157
f 1508//2090 1510//2158 1512//2148
f 1508//2090 1511//2159 1510//2158
f 1511//2159 1508//2090 1509//2155
f 1524//2160 1529//2161 3272//2157
f 3272//2157 1727//2156 1524//2160
f 1510//2158 1511//2159 1513//2162
f 1512//2148 1510//2158 1514//2163
f 1510//2158 1513//2162 1514//2163
f 1511//2159 3287//2164 1513//2162
f 1509//2155 3287//2164 1511//2159
f 1512//2148 1515//2165 1502//2108
f 1515//2165 1512//2148 1514//2163
f 1515//2165 1514//2163 1518//2166
f 1514//2163 1516//2167 1518//2166
f 1513//2162 1516//2167 1514//2163
f 1513//2162 1517//2168 1516//2167
f 3287//2164 1517//2168 1513//2162
f 3266//2169 1521//2170 1726//2171
f 1515//2165 3279//2172 1502//2108
f 3279//2172 1515//2165 1518//2166
f 1519//2173 1518//2166 1516//2167
f 1517//2168 1520//2174 1516//2167
f 3273//2175 1529//2161 3277//2176
f 1516//2167 1520//2174 3275//2177
f 3280//2178 3274//2179 1522//2180
f 1522//2180 3274//2179 3276//2181
f 1522//2180 3276//2181 1523//2182
f 1523//2182 3276//2181 3278//2183
f 1529//2161 1524//2160 1525//2184
f 3278//2183 1525//2184 1523//2182
f 3277//2176 1529//2161 1525//2184
f 1726//2171 3281//2185 1526//2186
f 1521//2170 3281//2185 1726//2171
f 1522//2180 1523//2182 3282//2187
f 3282//2187 1523//2182 1525//2184
f 2258//1506 1258//1479 1254//1838
f 1728//2188 1527//1842 1259//1840
f 1250//1830 3284//2189 1505//1834
f 1528//2154 3270//2153 3268//2190
f 3286//2191 1505//1834 3284//2189
f 3285//2192 1729//2193 1528//2154
f 3331//2194 1527//1842 1728//2188
f 1539//1851 1530//1852 1919//2195
f 1259//1840 1274//1860 1531//2196
f 1728//2188 1259//1840 1531//2196
f 1531//2196 1532//2197 1535//2198
f 1728//2188 1531//2196 1535//2198
f 1545//2199 1533//2200 1532//2197
f 1536//2201 1535//2198 1532//2197
f 1532//2197 1533//2200 1536//2201
f 1733//2202 1533//2200 1534//2203
f 1534//2203 1533//2200 3291//2204
f 1534//2203 3291//2204 1547//2205
f 1734//2206 1728//2188 1535//2198
f 1733//2202 1536//2201 1533//2200
f 1738//2207 1737//2208 1733//2202
f 1534//2203 1738//2207 1733//2202
f 1547//2205 1738//2207 1534//2203
f 1547//2205 1548//1867 1739//2209
f 1537//2210 1739//2209 1549//2211
f 1741//2212 1739//2209 1537//2210
f 3334//2213 1537//2210 1740//2214
f 1537//2210 1549//2211 1550//2215
f 1537//2210 1550//2215 1740//2214
f 1539//1851 1750//2216 1538//1845
f 1272//1858 1273//1501 2195//2217
f 1273//1501 1945//2218 2195//2217
f 1531//2196 1274//1860 1540//1861
f 1531//2196 3288//2219 1542//2220
f 1542//2220 3288//2219 1543//2221
f 3288//2219 1541//1863 1543//2221
f 1543//2221 1541//1863 1560//1864
f 1542//2220 1543//2221 1545//2199
f 3291//2204 3289//2222 1546//1865
f 1544//2223 1532//2197 1531//2196
f 1544//2223 1531//2196 1542//2220
f 3290//2224 1542//2220 1545//2199
f 1532//2197 3290//2224 1545//2199
f 1564//1870 1546//1865 1563//2225
f 1547//2205 3291//2204 1546//1865
f 1548//1867 1547//2205 1546//1865
f 1548//1867 1549//2211 1739//2209
f 1549//2211 1548//1867 1552//2226
f 1551//2227 1550//2215 1549//2211
f 1740//2214 1550//2215 1558//2228
f 1548//1867 1569//1868 1552//2226
f 1549//2211 1552//2226 1551//2227
f 1558//2228 1550//2215 1551//2227
f 1567//2229 1568//2230 1554//2231
f 1554//2231 1568//2230 1574//2232
f 1551//2227 1552//2226 1553//2233
f 1553//2233 1567//2229 1554//2231
f 1552//2226 1567//2229 1553//2233
f 1553//2233 1556//2234 1551//2227
f 1554//2231 1556//2234 1553//2233
f 1555//2235 1556//2234 1554//2231
f 1555//2235 1554//2231 1574//2232
f 1574//2232 1577//2236 1555//2235
f 1555//2235 1557//2237 1556//2234
f 1555//2235 1577//2236 1557//2237
f 1556//2234 1558//2228 1551//2227
f 1557//2237 1558//2228 1556//2234
f 1558//2228 1557//2237 1749//2238
f 1749//2238 1582//2239 1755//2240
f 1557//2237 1582//2239 1749//2238
f 1750//2216 1284//1534 1276//1539
f 1750//2216 1276//1539 1277//1846
f 1538//1845 1750//2216 1277//1846
f 1560//1864 1281//1862 1561//2241
f 1546//1865 1543//2221 1563//2225
f 1560//1864 1559//2242 1543//2221
f 1563//2225 1543//2221 1559//2242
f 1559//2242 1560//1864 1561//2241
f 1563//2225 1559//2242 1565//2243
f 1562//2244 1565//2243 1559//2242
f 3292//2245 1559//2242 1561//2241
f 3292//2245 1561//2241 1584//2246
f 1562//2244 3297//2247 1585//2248
f 1562//2244 1585//2248 1565//2243
f 1563//2225 1565//2243 1564//1870
f 1565//2243 1587//2249 1564//1870
f 1591//1871 1564//1870 1587//2249
f 1587//2249 1565//2243 1586//2250
f 1585//2248 1586//2250 1565//2243
f 1591//1871 1571//1872 1283//1866
f 1566//2251 1571//1872 1591//1871
f 1568//2230 1567//2229 1570//2252
f 1574//2232 1568//2230 1572//2253
f 1568//2230 1570//2252 1572//2253
f 1552//2226 1569//1868 1567//2229
f 1567//2229 1569//1868 1570//2252
f 1569//1868 1571//1872 1570//2252
f 1570//2252 1571//1872 1573//2254
f 1570//2252 1573//2254 1572//2253
f 1572//2253 1575//2255 1574//2232
f 1573//2254 1576//2256 1572//2253
f 1576//2256 3295//2257 1572//2253
f 3294//2258 1580//2259 3296//2260
f 1573//2254 1571//1872 1566//2251
f 3294//2258 3293//2261 1580//2259
f 1577//2236 1574//2232 1575//2255
f 1577//2236 1575//2255 1578//2262
f 1578//2262 3296//2260 1579//2263
f 1578//2262 1575//2255 3296//2260
f 3296//2260 1580//2259 1579//2263
f 1581//2264 1557//2237 1577//2236
f 1581//2264 1578//2262 1755//2240
f 1577//2236 1578//2262 1581//2264
f 1755//2240 1578//2262 1579//2263
f 1755//2240 1579//2263 1580//2259
f 1557//2237 1581//2264 1582//2239
f 1755//2240 1582//2239 1581//2264
f 1750//2216 1756//2265 1284//1534
f 1756//2265 1765//1874 1284//1534
f 1583//2266 1561//2241 1281//1862
f 1583//2266 1281//1862 1593//2267
f 1584//2246 1561//2241 1583//2266
f 1766//2268 1584//2246 1583//2266
f 1766//2268 1583//2266 1593//2267
f 3297//2247 1757//2269 1588//2270
f 3297//2247 1588//2270 1585//2248
f 1584//2246 1766//2268 3344//2271
f 1587//2249 1590//2272 1591//1871
f 1587//2249 1589//2273 1590//2272
f 1589//2273 1587//2249 1586//2250
f 1586//2250 1585//2248 3298//2274
f 3298//2274 1589//2273 1586//2250
f 1589//2273 1759//2275 1590//2272
f 1590//2272 1566//2251 1591//1871
f 1590//2272 1763//2276 3293//2261
f 1763//2276 1580//2259 3293//2261
f 1284//1534 1765//1874 1052//1537
f 1273//1501 1600//1875 1945//2218
f 1592//1873 1601//1877 1603//2277
f 1593//2267 1281//1862 1592//1873
f 1603//2277 1593//2267 1592//1873
f 1608//2278 1594//2279 1603//2277
f 1595//2280 1594//2279 1608//2278
f 1594//2279 1593//2267 1603//2277
f 1766//2268 1593//2267 1594//2279
f 1768//2281 1594//2279 1595//2280
f 1595//2280 1608//2278 1609//2282
f 1609//2282 1596//2283 1595//2280
f 1596//2283 1609//2282 1606//2284
f 1595//2280 1596//2283 1767//2285
f 1596//2283 1612//2286 1770//2287
f 1612//2286 1596//2283 1606//2284
f 1767//2285 1596//2283 1770//2287
f 1611//2288 1597//2289 1612//2286
f 1770//2287 1597//2289 1771//2290
f 1773//2291 3299//2292 1614//1893
f 1773//2291 1614//1893 1781//2293
f 1077//1260 1295//1571 1764//2294
f 1077//1260 1764//2294 1317//1582
f 1317//1582 1968//2295 1318//1584
f 1317//1582 1764//2294 1968//2295
f 1600//1875 3171//1876 1290//1878
f 1290//1878 1599//2296 1600//1875
f 1599//2296 1290//1878 1300//1879
f 1600//1875 1599//2296 2000//2297
f 1604//2298 1603//2277 1601//1877
f 1602//1881 1604//2298 1601//1877
f 1604//2298 1602//1881 1605//2299
f 1606//2284 3300//2300 1607//2301
f 3300//2300 1605//2299 1607//2301
f 1606//2284 1608//2278 3300//2300
f 1604//2298 1608//2278 1603//2277
f 1628//2302 1610//2303 1607//2301
f 1609//2282 1608//2278 1606//2284
f 1632//2304 1613//1883 1610//2303
f 1613//1883 1597//2289 1611//2288
f 1606//2284 1607//2301 1611//2288
f 1611//2288 1607//2301 1610//2303
f 1610//2303 1613//1883 1611//2288
f 1611//2288 1612//2286 1606//2284
f 1613//1883 1296//1882 1294//1889
f 1294//1889 1597//2289 1613//1883
f 1614//1893 3299//2292 1294//1889
f 1614//1893 1617//1892 1621//2305
f 1615//2306 1621//2305 1616//2307
f 1614//1893 1621//2305 1615//2306
f 1616//2307 1621//2305 1620//2308
f 1614//1893 1615//2306 1781//2293
f 1781//2293 1615//2306 1782//2309
f 1782//2309 1615//2306 1616//2307
f 1620//2308 1644//2310 1616//2307
f 1792//2311 1782//2309 1616//2307
f 1616//2307 1644//2310 1792//2311
f 1619//1895 1313//1891 1637//1914
f 1617//1892 1618//1894 1621//2305
f 1621//2305 1618//1894 1620//2308
f 1618//1894 1619//1895 1620//2308
f 1619//1895 1637//1914 1620//2308
f 1622//1918 1319//1583 1598//1917
f 1598//1917 1969//2312 1622//1918
f 1623//1919 1300//1879 1320//1572
f 1599//2296 1623//1919 2064//1626
f 1623//1919 1599//2296 1300//1879
f 1625//2313 1602//1881 1624//1899
f 1625//2313 1624//1899 1626//2314
f 1626//2314 1624//1899 1302//1900
f 1607//2301 1605//2299 1627//2315
f 1602//1881 1625//2313 1605//2299
f 1605//2299 1625//2313 1627//2315
f 1625//2313 1629//2316 1627//2315
f 1629//2316 1625//2313 1626//2314
f 1607//2301 1627//2315 1628//2302
f 3301//2317 1628//2302 1627//2315
f 3301//2317 1630//2318 1628//2302
f 1630//2318 3301//2317 1631//2319
f 1631//2319 1629//2316 1626//2314
f 1630//2318 1631//2319 1646//2320
f 1784//2321 1630//2318 1646//2320
f 1646//2320 1631//2319 1626//2314
f 1610//2303 1628//2302 1632//2304
f 1632//2304 1628//2302 1630//2318
f 1630//2318 1784//2321 1632//2304
f 1634//1901 1613//1883 1632//2304
f 1795//2322 1634//1901 1632//2304
f 1795//2322 1632//2304 1784//2321
f 1633//2323 1634//1901 1795//2322
f 1633//2323 1303//1902 1634//1901
f 1633//2323 1635//2324 1303//1902
f 1635//2324 1640//1913 1303//1902
f 1635//2324 1641//2325 1640//1913
f 1636//2326 1641//2325 1635//2324
f 1633//2323 1797//2327 1635//2324
f 1635//2324 1797//2327 1636//2326
f 1792//2311 1644//2310 1636//2326
f 1638//1915 1639//1916 1643//2328
f 1641//2325 1639//1916 1640//1913
f 1643//2328 1639//1916 1641//2325
f 1642//2329 1637//1914 1638//1915
f 1642//2329 1638//1915 1643//2328
f 1637//1914 1642//2329 1620//2308
f 1642//2329 1643//2328 1644//2310
f 1636//2326 1643//2328 1641//2325
f 1644//2310 1643//2328 1636//2326
f 1620//2308 1642//2329 1644//2310
f 1622//1918 1793//1622 1336//1625
f 1622//1918 1783//2330 1793//1622
f 2064//1626 1320//1572 1338//1624
f 1302//1900 1647//1927 1645//2331
f 1645//2331 1647//1927 1803//2332
f 1302//1900 1645//2331 1626//2314
f 1646//2320 1626//2314 1645//2331
f 1343//1947 1324//1923 1794//1898
f 1647//1927 1653//2333 1803//2332
f 1648//1959 1367//1966 1654//1958
f 1386//1974 1367//1966 3184//1975
f 1367//1966 1386//1974 1666//1992
f 1649//1996 1650//1985 1661//2334
f 1794//1898 1805//2335 1376//1948
f 1376//1948 1805//2335 1651//1984
f 1651//1984 1652//2336 1650//1985
f 1652//2336 1661//2334 1650//1985
f 1804//2337 1652//2336 1651//1984
f 1804//2337 1651//1984 1805//2335
f 1804//2337 1665//2338 1652//2336
f 1647//1927 1346//1951 1653//2333
f 1346//1951 1352//1956 1655//2339
f 1346//1951 1655//2339 1653//2333
f 1653//2333 1655//2339 1806//2340
f 1654//1958 1655//2339 1352//1956
f 1814//2341 1655//2339 1654//1958
f 1655//2339 1814//2341 1816//2342
f 1806//2340 1655//2339 1816//2342
f 1367//1966 1814//2341 1654//1958
f 1814//2341 1367//1966 1666//1992
f 1656//2343 1392//1677 1658//1995
f 1657//1994 1664//2344 1663//2345
f 1656//2343 1658//1995 1659//2346
f 1658//1995 1657//1994 1663//2345
f 1659//2346 1658//1995 1808//2347
f 1808//2347 1658//1995 1663//2345
f 1377//1976 1650//1985 1649//1996
f 1660//1997 1649//1996 1661//2334
f 1657//1994 1391//1660 1394//1977
f 1394//1977 1660//1997 1662//2348
f 1662//2348 1657//1994 1394//1977
f 1660//1997 1661//2334 1662//2348
f 1657//1994 1662//2348 1664//2344
f 1664//2344 1662//2348 1661//2334
f 1652//2336 1665//2338 1661//2334
f 1665//2338 1664//2344 1661//2334
f 1664//2344 1665//2338 1812//2349
f 1812//2349 1663//2345 1664//2344
f 1814//2341 1666//1992 1815//2350
f 1815//2350 1666//1992 1817//1998
f 1817//1998 1397//1990 1668//1999
f 1668//1999 2085//2351 1817//1998
f 1669//2001 1392//1677 2084//2352
f 1667//2000 1669//2001 1668//1999
f 1155//1675 1669//2001 1667//2000
f 1671//2353 1673//2021 1670//2011
f 1671//2353 1674//2354 1673//2021
f 1671//2353 1670//2011 1672//2355
f 1670//2011 1677//2026 1672//2355
f 1684//2356 1672//2355 1677//2026
f 1671//2353 1672//2355 1690//2357
f 1671//2353 1691//2358 1674//2354
f 1427//2030 1673//2021 1674//2354
f 1674//2354 1835//1374 1427//2030
f 1433//2033 1676//2359 1432//2032
f 1675//2360 1677//2026 1430//2024
f 1432//2032 1675//2360 1430//2024
f 1432//2032 1676//2359 3302//2361
f 1680//2362 3302//2361 1676//2359
f 1684//2356 1677//2026 1678//2363
f 1678//2363 1677//2026 1675//2360
f 1680//2362 3303//2364 3302//2361
f 1676//2359 1433//2033 1679//2034
f 1680//2362 1676//2359 1681//2365
f 1676//2359 1679//2034 1681//2365
f 3303//2364 1680//2362 1685//2366
f 1685//2366 1680//2362 1682//2367
f 1682//2367 1680//2362 1681//2365
f 1681//2365 1679//2034 1683//2368
f 1682//2367 1681//2365 1686//2369
f 1686//2369 1681//2365 1683//2368
f 1693//2035 1683//2368 1679//2034
f 1678//2363 3304//2370 1684//2356
f 1687//2371 1684//2356 3304//2370
f 3305//2372 1685//2366 1682//2367
f 1688//2373 1682//2367 1686//2369
f 1688//2373 1686//2369 1689//2374
f 1683//2368 1689//2374 1686//2369
f 1672//2355 1684//2356 1690//2357
f 1835//1374 1674//2354 1691//2358
f 1684//2356 1687//2371 1819//2375
f 1682//2367 3306//2376 3305//2372
f 1691//2358 1671//2353 1690//2357
f 1684//2356 1819//2375 1690//2357
f 1819//2375 1687//2371 1692//2377
f 3307//2378 3305//2372 3306//2376
f 1689//2374 3308//2379 1688//2373
f 1696//2380 3308//2379 1689//2374
f 1697//2381 1696//2380 1689//2374
f 1690//2357 1819//2375 1818//2382
f 1819//2375 1692//2377 1822//2383
f 3359//2384 3308//2379 1696//2380
f 1689//2374 1683//2368 1693//2035
f 1821//2385 1824//2386 1695//2387
f 1696//2380 1823//2388 3359//2384
f 1696//2380 1697//2381 3360//2389
f 3360//2389 1697//2381 1824//2386
f 1694//2390 1824//2386 1697//2381
f 1824//2386 1694//2390 1695//2387
f 1689//2374 1693//2035 1697//2381
f 1698//2114 1708//2079 1695//2387
f 1693//2035 1698//2114 1697//2381
f 1697//2381 1698//2114 1694//2390
f 1698//2114 1695//2387 1694//2390
f 1693//2035 3205//2391 1698//2114
f 1835//1374 1714//2392 1190//1089
f 1190//1089 1699//2393 1700//2037
f 1714//2392 1699//2393 1190//1089
f 1699//2393 1829//2394 1700//2037
f 1699//2393 1715//2395 1829//2394
f 1715//2395 1831//2396 1829//2394
f 1701//2397 1702//2398 1700//2037
f 1829//2394 1701//2397 1700//2037
f 1700//2037 1702//2398 940//1141
f 1716//2061 940//1141 1702//2398
f 1695//2387 1708//2079 1704//2064
f 1707//2399 1704//2064 1706//2400
f 1707//2399 1695//2387 1704//2064
f 1706//2400 1704//2064 1449//2063
f 1703//2065 3311//2401 1449//2063
f 1832//2402 3310//2131 1705//2132
f 1834//2403 1705//2132 1709//2082
f 3310//2131 1832//2402 1706//2400
f 1832//2402 1705//2132 1834//2403
f 1821//2385 1695//2387 1707//2399
f 3358//2404 1707//2399 1706//2400
f 1706//2400 1832//2402 1833//2405
f 1834//2403 1709//2082 3232//2084
f 3229//2406 3234//2111 3232//2084
f 1460//1778 1698//2114 1475//2096
f 1711//2407 3232//2084 3234//2111
f 1711//2407 3234//2111 1710//2113
f 1460//1778 1708//2079 1698//2114
f 3232//2084 1711//2407 1712//2408
f 1718//2409 1711//2407 1710//2113
f 3315//2410 3314//2411 3320//2412
f 1714//2392 1715//2395 1699//2393
f 3312//2413 1717//2413 3321//2413
f 3315//2410 3320//2412 1843//2414
f 1726//2171 3313//2415 3266//2169
f 3313//2415 1726//2171 3316//2416
f 3317//2417 1723//2417 3322//2417
f 1843//2414 3320//2412 1845//2418
f 1254//1838 1716//2061 2422//2419
f 1719//2420 1720//2421 3271//2152
f 3325//2422 3324//2423 1722//2424
f 1722//2424 3324//2423 1732//2425
f 3271//2152 1720//2421 1727//2156
f 1721//2426 1722//2424 3316//2416
f 1722//2424 1721//2426 3325//2422
f 3330//2427 3325//2422 1721//2426
f 3328//2428 3318//2429 1724//2430
f 3319//2431 3326//2431 3329//2431
f 3332//2432 1724//2430 3327//2433
f 3330//2427 1721//2426 3316//2416
f 3328//2428 1724//2430 1725//2434
f 1525//2184 1524//2160 1727//2156
f 3330//2427 3316//2416 1726//2171
f 3323//2435 1725//2434 3367//2436
f 3323//2435 3328//2428 1725//2434
f 1725//2434 1857//2437 1862//2438
f 1725//2434 1724//2430 1857//2437
f 1726//2171 3283//2439 3330//2427
f 3282//2187 1525//2184 1727//2156
f 1860//2440 1725//2434 1861//2441
f 1725//2434 1862//2438 1861//2441
f 1730//2442 3331//2194 1728//2188
f 1736//2443 1730//2442 1728//2188
f 1729//2193 1730//2442 1528//2154
f 1881//2444 1730//2442 1736//2443
f 1730//2442 1885//2445 1528//2154
f 1528//2154 1885//2445 1884//2446
f 1885//2445 1730//2442 1731//2447
f 1731//2447 1730//2442 1881//2444
f 1528//2154 3333//2448 3271//2152
f 1884//2446 3333//2448 1528//2154
f 3271//2152 3333//2448 1719//2420
f 3332//2432 1891//2449 1724//2430
f 1535//2198 1735//2450 1734//2206
f 1735//2450 1535//2198 1536//2201
f 1737//2208 1536//2201 1733//2202
f 1734//2206 1736//2443 1728//2188
f 1735//2450 1536//2201 1737//2208
f 1735//2450 1736//2443 1734//2206
f 1886//2451 1881//2444 1736//2443
f 1735//2450 1886//2451 1736//2443
f 1895//2452 1886//2451 1735//2450
f 1895//2452 1735//2450 1737//2208
f 1738//2207 1547//2205 1739//2209
f 1739//2209 1896//2453 1738//2207
f 1737//2208 1738//2207 1896//2453
f 1739//2209 1892//2454 1896//2453
f 1892//2454 1739//2209 1741//2212
f 1892//2454 1741//2212 1744//2455
f 1899//2456 1892//2454 1744//2455
f 1740//2214 1742//2457 3334//2213
f 3338//2458 3335//2459 3336//2460
f 1743//2461 3338//2458 3336//2460
f 1921//2462 1743//2461 3336//2460
f 3339//2463 3337//2464 1897//2465
f 1745//2466 3377//2467 1743//2461
f 1921//2462 1745//2466 1743//2461
f 1918//2468 1750//2216 1920//2469
f 1920//2469 1750//2216 1539//1851
f 1742//2457 1747//2470 3382//2471
f 1746//2472 1923//2473 1747//2470
f 1747//2470 1740//2214 1746//2472
f 1740//2214 1558//2228 1746//2472
f 1747//2470 1742//2457 1740//2214
f 1755//2240 1748//2474 1749//2238
f 1558//2228 1749//2238 3342//2475
f 1746//2472 1558//2228 3342//2475
f 1756//2265 1750//2216 1931//2476
f 3349//2477 1761//2478 1751//2479
f 1761//2478 1752//2480 1754//2481
f 1761//2478 1754//2481 1751//2479
f 1752//2480 1934//2482 3386//2483
f 1933//2484 1934//2482 1752//2480
f 1752//2480 1761//2478 1933//2484
f 1755//2240 1580//2259 3349//2477
f 1753//2485 1754//2481 1755//2240
f 1755//2240 3349//2477 1753//2485
f 1746//2472 3342//2475 3343//2486
f 1751//2479 1754//2481 1753//2485
f 3349//2477 1751//2479 1753//2485
f 1754//2481 3386//2483 3340//2487
f 1752//2480 3386//2483 1754//2481
f 1755//2240 1754//2481 1748//2474
f 1942//2488 1765//1874 1756//2265
f 1942//2488 1764//2294 1765//1874
f 1757//2269 1760//2489 1588//2270
f 1758//2490 3344//2271 1766//2268
f 1758//2490 1766//2268 3350//2491
f 1757//2269 3345//2492 1760//2489
f 3350//2491 1953//2493 1758//2490
f 3298//2274 1759//2275 1589//2273
f 3298//2274 1760//2489 1759//2275
f 1952//2494 1759//2275 1760//2489
f 1759//2275 1952//2494 1590//2272
f 3345//2492 1952//2494 1760//2489
f 1769//2495 1956//2496 3408//2497
f 1952//2494 1955//2498 1590//2272
f 1955//2498 1957//2499 1590//2272
f 1763//2276 1590//2272 1762//2500
f 1761//2478 3349//2477 1762//2500
f 1957//2499 1762//2500 1590//2272
f 1761//2478 1762//2500 1959//2501
f 1959//2501 1762//2500 1957//2499
f 1764//2294 1295//1571 1765//1874
f 1600//1875 2242//2502 1945//2218
f 3350//2491 1766//2268 1594//2279
f 1767//2285 1768//2281 1595//2280
f 1767//2285 3408//2497 1768//2281
f 3408//2497 1767//2285 1770//2287
f 1769//2495 3408//2497 1770//2287
f 1772//2503 1769//2495 1770//2287
f 1956//2496 1769//2495 1772//2503
f 1612//2286 1597//2289 1770//2287
f 1772//2503 1770//2287 1771//2290
f 1958//2504 1772//2503 1771//2290
f 1774//2505 1771//2290 1773//2291
f 1776//2506 1771//2290 1774//2505
f 1775//2507 1774//2505 1773//2291
f 1780//2508 1778//2509 1775//2507
f 1958//2504 1771//2290 1776//2506
f 1970//2510 1958//2504 1776//2506
f 1774//2505 1777//2511 3351//2512
f 1774//2505 1775//2507 1777//2511
f 1775//2507 1778//2509 3353//2513
f 1970//2510 3352//2514 1971//2515
f 3354//2516 1972//2517 3413//2518
f 3414//2519 3353//2513 1778//2509
f 3299//2292 1773//2291 1771//2290
f 1775//2507 1773//2291 1781//2293
f 1968//2295 1598//1917 1318//1584
f 1969//2312 1598//1917 1968//2295
f 3414//2519 1778//2509 2001//2520
f 2001//2520 1778//2509 1779//2521
f 2003//2522 2001//2520 1779//2521
f 1788//2523 2003//2522 1779//2521
f 1780//2508 1788//2523 1779//2521
f 1779//2521 1778//2509 1780//2508
f 1780//2508 1786//2524 1788//2523
f 1780//2508 1781//2293 1782//2309
f 1781//2293 1780//2508 1775//2507
f 1782//2309 1792//2311 1780//2508
f 1786//2524 1780//2508 1792//2311
f 1783//2330 1622//1918 1969//2312
f 2000//2297 1599//2296 2024//2525
f 1797//2327 1798//2526 1785//2527
f 1785//2527 1787//2528 1786//2524
f 1787//2528 1785//2527 1798//2526
f 1786//2524 1787//2528 1788//2523
f 1788//2523 1787//2528 1789//2529
f 1787//2528 1790//2530 1789//2529
f 1787//2528 1791//2531 1790//2530
f 2025//2532 1788//2523 1789//2529
f 2026//2533 3356//2534 3357//2535
f 3357//2535 2027//2536 2026//2533
f 2027//2536 3357//2535 2028//2537
f 2028//2537 3357//2535 1791//2531
f 2028//2537 1791//2531 2072//2538
f 1785//2527 1636//2326 1797//2327
f 1786//2524 1792//2311 1785//2527
f 1785//2527 1792//2311 1636//2326
f 2080//2539 1805//2335 1794//1898
f 1646//2320 2065//2540 2069//2541
f 1645//2331 2066//2542 1646//2320
f 2069//2541 1784//2321 1646//2320
f 1795//2322 1784//2321 2069//2541
f 2071//2543 1802//2544 1796//2545
f 2070//2546 1795//2322 2069//2541
f 2070//2546 2071//2543 1796//2545
f 2070//2546 1796//2545 1795//2322
f 1795//2322 1799//2547 1633//2323
f 1799//2547 1797//2327 1633//2323
f 1798//2526 1797//2327 1799//2547
f 1796//2545 1799//2547 1795//2322
f 1798//2526 1799//2547 1800//2548
f 1798//2526 1800//2548 1787//2528
f 1796//2545 1802//2544 1799//2547
f 1800//2548 1799//2547 1802//2544
f 1787//2528 1800//2548 1801//2549
f 1801//2549 1800//2548 1802//2544
f 1791//2531 1787//2528 1801//2549
f 2072//2538 1791//2531 1801//2549
f 1801//2549 1802//2544 2072//2538
f 1803//2332 2066//2542 1645//2331
f 1653//2333 2067//2550 1803//2332
f 2067//2550 2066//2542 1803//2332
f 2083//2551 1813//2552 1804//2337
f 1806//2340 2327//2553 1653//2333
f 1806//2340 1816//2342 2327//2553
f 2084//2352 1392//1677 1656//2343
f 1656//2343 1807//2554 2084//2352
f 1811//2555 2082//2556 1807//2554
f 1663//2345 1812//2349 1808//2347
f 1812//2349 1810//2557 1808//2347
f 1809//2558 1659//2346 1808//2347
f 1807//2554 1656//2343 1811//2555
f 1813//2552 1810//2557 1812//2349
f 1656//2343 1659//2346 1809//2558
f 1808//2347 1810//2557 1809//2558
f 1809//2558 1811//2555 1656//2343
f 1811//2555 1809//2558 1810//2557
f 1810//2557 1813//2552 2083//2551
f 1811//2555 1810//2557 2083//2551
f 1804//2337 1813//2552 1665//2338
f 1813//2552 1812//2349 1665//2338
f 1816//2342 1814//2341 1815//2350
f 1816//2342 1817//1998 2330//2559
f 1815//2350 1817//1998 1816//2342
f 2085//2351 1668//1999 1669//2001
f 1691//2358 1690//2357 1818//2382
f 1820//2560 1818//2382 1819//2375
f 1822//2383 1820//2560 1819//2375
f 1818//2382 2088//2561 1691//2358
f 1818//2382 1820//2560 1826//2562
f 1818//2382 1826//2562 1828//2563
f 2088//2561 1818//2382 1828//2563
f 1691//2358 2088//2561 1835//1374
f 1833//2405 1827//2564 3358//2404
f 1820//2560 1822//2383 1825//2565
f 3362//2566 3359//2384 1823//2388
f 1823//2388 1827//2564 3362//2566
f 1827//2564 1823//2388 3361//2567
f 1827//2564 3361//2567 3358//2404
f 1826//2562 1820//2560 1825//2565
f 1827//2564 1826//2562 1825//2565
f 1828//2563 1826//2562 2086//2568
f 2088//2561 1828//2563 2086//2568
f 1829//2394 1831//2396 1830//2569
f 1829//2394 1830//2569 1701//2397
f 1833//2405 3358//2404 1706//2400
f 1834//2403 3363//2570 1832//2402
f 3364//2571 3365//2572 2101//2573
f 2101//2573 3365//2572 2098//2574
f 2098//2574 3365//2572 1842//2575
f 1827//2564 2087//2576 1826//2562
f 1833//2405 2087//2576 1827//2564
f 3232//2084 1844//2577 1834//2403
f 1712//2408 1844//2577 3232//2084
f 1714//2392 1835//1374 1836//2578
f 1836//2578 1837//2579 1714//2392
f 1848//2580 1837//2579 1836//2578
f 1837//2579 1849//2581 1714//2392
f 1849//2581 1837//2579 1850//2582
f 1715//2395 1714//2392 1849//2581
f 1715//2395 1838//2583 1831//2396
f 1839//2584 1715//2395 1849//2581
f 1715//2395 1841//2585 1838//2583
f 1841//2585 1715//2395 1839//2584
f 1840//2586 1838//2583 2089//2587
f 1838//2583 1841//2585 2089//2587
f 1831//2396 1838//2583 1840//2586
f 1831//2396 2091//2588 2090//2589
f 1831//2396 2090//2589 1830//2569
f 2091//2588 1831//2396 1840//2586
f 2091//2588 1840//2586 2089//2587
f 2119//2590 1841//2585 1851//2591
f 1702//2398 1701//2397 1830//2569
f 2337//2592 1716//2061 1702//2398
f 1844//2577 1842//2575 3365//2572
f 1712//2408 3366//2593 1844//2577
f 1855//2594 1842//2575 1844//2577
f 1844//2577 3366//2593 1846//2595
f 1847//2596 1844//2577 1846//2595
f 1844//2577 1847//2596 1855//2594
f 1843//2414 1845//2418 3368//2597
f 1845//2418 1863//2598 3368//2597
f 1866//2599 3368//2597 1863//2598
f 1855//2594 1847//2596 1875//2600
f 1848//2580 1836//2578 2111//2601
f 1835//1374 2111//2601 1836//2578
f 1837//2579 1852//2602 1850//2582
f 1848//2580 1852//2602 1837//2579
f 2121//2603 1852//2602 1848//2580
f 2115//2604 2113//2605 1848//2580
f 2113//2605 2121//2603 1848//2580
f 1849//2581 1850//2582 1839//2584
f 1839//2584 1850//2582 1851//2591
f 1851//2591 1841//2585 1839//2584
f 1851//2591 1850//2582 1853//2606
f 1851//2591 1853//2606 2120//2607
f 2122//2608 1853//2606 1852//2602
f 1853//2606 1850//2582 1852//2602
f 2119//2590 1851//2591 2120//2607
f 1853//2606 2123//2609 2120//2607
f 2122//2608 2123//2609 1853//2606
f 2121//2603 2122//2608 1852//2602
f 1884//2446 1854//2610 1890//2611
f 1890//2611 3369//2612 2136//2613
f 1854//2610 1884//2446 2137//2614
f 2136//2613 2140//2615 1890//2611
f 2140//2615 2141//2616 1893//2617
f 1891//2449 1857//2437 1724//2430
f 1894//2618 1858//2619 1891//2449
f 1891//2449 1858//2619 1857//2437
f 1894//2618 1856//2620 1858//2619
f 1880//2621 1855//2594 1876//2622
f 2142//2623 1855//2594 1880//2621
f 2142//2623 1880//2621 1856//2620
f 3367//2436 1725//2434 1860//2440
f 1845//2418 3370//2624 1863//2598
f 1857//2437 1870//2625 1862//2438
f 1858//2619 1859//2626 1857//2437
f 1857//2437 1859//2626 1870//2625
f 1847//2596 1866//2599 1875//2600
f 1847//2596 1846//2595 1866//2599
f 1858//2619 1856//2620 1859//2626
f 1856//2620 1879//2627 1859//2626
f 1855//2594 1875//2600 1876//2622
f 1880//2621 3374//2628 1856//2620
f 3370//2624 1861//2441 1863//2598
f 1863//2598 1861//2441 1864//2629
f 1864//2629 1861//2441 1865//2630
f 1861//2441 1862//2438 1865//2630
f 1864//2629 1865//2630 1868//2631
f 1863//2598 1867//2632 1866//2599
f 1864//2629 1867//2632 1863//2598
f 1864//2629 1868//2631 1867//2632
f 1865//2630 1862//2438 1869//2633
f 1869//2633 1868//2631 1865//2630
f 1862//2438 1870//2625 1869//2633
f 1867//2632 1871//2634 1866//2599
f 1871//2634 1867//2632 1872//2635
f 1872//2635 1867//2632 1868//2631
f 1872//2635 1868//2631 1873//2636
f 1873//2636 1868//2631 1869//2633
f 1874//2637 1869//2633 1870//2625
f 1874//2637 1873//2636 1869//2633
f 1870//2625 1859//2626 1874//2637
f 1875//2600 1866//2599 1871//2634
f 1878//2638 1872//2635 3371//2639
f 3374//2628 1878//2638 3373//2640
f 1878//2638 3372//2641 3373//2640
f 1874//2637 1859//2626 1879//2627
f 1871//2634 1877//2642 1875//2600
f 1877//2642 1876//2622 1875//2600
f 1871//2634 1872//2635 1877//2642
f 1880//2621 1876//2622 1877//2642
f 1877//2642 1878//2638 1880//2621
f 1872//2635 1878//2638 1877//2642
f 1880//2621 1878//2638 3374//2628
f 1882//2643 1881//2444 1883//2644
f 1887//2645 1883//2644 1886//2451
f 1882//2643 1883//2644 1888//2646
f 2147//2647 1888//2646 1883//2644
f 1882//2643 1731//2447 1881//2444
f 1881//2444 1886//2451 1883//2644
f 1885//2445 1731//2447 1882//2643
f 1887//2645 1886//2451 1895//2452
f 3375//2648 1888//2646 3446//2649
f 1884//2446 3376//2650 2137//2614
f 1888//2646 1885//2445 1882//2643
f 1895//2452 1896//2453 2151//2651
f 1887//2645 1895//2452 2151//2651
f 2143//2652 3446//2649 1888//2646
f 1888//2646 2147//2647 2143//2652
f 1889//2653 3333//2448 1884//2446
f 1889//2653 1891//2449 3333//2448
f 1890//2611 1889//2653 1884//2446
f 1890//2611 1893//2617 1889//2653
f 1889//2653 1893//2617 1894//2618
f 2151//2651 1896//2453 2156//2654
f 1893//2617 1890//2611 2140//2615
f 1892//2454 1899//2456 2149//2655
f 1891//2449 1889//2653 1894//2618
f 1856//2620 1894//2618 1893//2617
f 1897//2465 1899//2456 3339//2463
f 1895//2452 1737//2208 1896//2453
f 3377//2467 1745//2466 1898//2656
f 1745//2466 1927//2657 1898//2656
f 1897//2465 3378//2658 1899//2456
f 1898//2656 1927//2657 1900//2659
f 1899//2456 3378//2658 1902//2660
f 1900//2659 1927//2657 1930//2661
f 3379//2662 3392//2663 1905//2664
f 3378//2658 3379//2662 1902//2660
f 1901//2665 1902//2660 3379//2662
f 2158//2666 1899//2456 1902//2660
f 2158//2666 1902//2660 1901//2665
f 1901//2665 1909//2667 2158//2666
f 2158//2666 1909//2667 1914//2668
f 1908//2669 1904//2670 1910//2671
f 1903//2672 1904//2670 1908//2669
f 3379//2662 1905//2664 1903//2672
f 1903//2672 1905//2664 1906//2673
f 1903//2672 1906//2673 1904//2670
f 1904//2670 1906//2673 1912//2674
f 1901//2665 1907//2675 1909//2667
f 3379//2662 1907//2675 1901//2665
f 1908//2669 1909//2667 1907//2675
f 1910//2671 1909//2667 1908//2669
f 1907//2675 3379//2662 1903//2672
f 1907//2675 1903//2672 1908//2669
f 1904//2670 1911//2676 1910//2671
f 1912//2674 1911//2676 1904//2670
f 1906//2673 1905//2664 3392//2663
f 1906//2673 1913//2677 1912//2674
f 1930//2661 1913//2677 1906//2673
f 3380//2678 1916//2679 1915//2680
f 3380//2678 1915//2680 1910//2671
f 1916//2679 3380//2678 3381//2681
f 2192//2682 1913//2677 1930//2661
f 1910//2671 1914//2668 1909//2667
f 1910//2671 1915//2680 1914//2668
f 3381//2681 1917//2683 1916//2679
f 1917//2683 1912//2674 1913//2677
f 1915//2680 2166//2684 1914//2668
f 1916//2679 1917//2683 2164//2685
f 2165//2686 2164//2685 1917//2683
f 1920//2469 2175//2687 1918//2468
f 1920//2469 1539//1851 1919//2195
f 1920//2469 1919//2195 2175//2687
f 2178//2688 1919//2195 1530//1852
f 2175//2687 1919//2195 2178//2688
f 1530//1852 1272//1858 2177//2689
f 2177//2689 1272//1858 2195//2217
f 3382//2471 1747//2470 1922//2690
f 3341//2691 3386//2483 3383//2692
f 3383//2692 3386//2483 1924//2693
f 3386//2483 1934//2482 1924//2693
f 1745//2466 1921//2462 1925//2694
f 1921//2462 3384//2695 1925//2694
f 1926//2696 1924//2693 1934//2482
f 3383//2692 1924//2693 1926//2696
f 1929//2697 1925//2694 3384//2695
f 3391//2698 3385//2699 3389//2700
f 2183//2701 3391//2698 3389//2700
f 1937//2702 2184//2703 3390//2704
f 1745//2466 3387//2705 1927//2657
f 3388//2706 1928//2707 1927//2657
f 1927//2657 1928//2707 1930//2661
f 2183//2701 1928//2707 3391//2698
f 1928//2707 3388//2706 3391//2698
f 2183//2701 2185//2708 1928//2707
f 1930//2661 1928//2707 2192//2682
f 1942//2488 1756//2265 1931//2476
f 1750//2216 1918//2468 1931//2476
f 3393//2709 1918//2468 1932//2710
f 2176//2711 1943//2712 3395//2713
f 3396//2714 1933//2484 1935//2715
f 1935//2715 1933//2484 1761//2478
f 3390//2704 3396//2714 1935//2715
f 3397//2716 3348//2716 1936//2716
f 1937//2702 3390//2704 1935//2715
f 3403//2717 3398//2718 1939//2719
f 1939//2719 3456//2720 3403//2717
f 1939//2719 3398//2718 1938//2721
f 3400//2722 1938//2721 3399//2723
f 1938//2721 3400//2722 1940//2724
f 1940//2724 3400//2722 1963//2725
f 1939//2719 1938//2721 1940//2724
f 1940//2724 1963//2725 1965//2726
f 1940//2724 1965//2726 1941//2727
f 1940//2724 1941//2727 1939//2719
f 1941//2727 1965//2726 2203//2728
f 1941//2727 2203//2728 2202//2729
f 3404//2730 1968//2295 1764//2294
f 3404//2730 1943//2712 1968//2295
f 3394//2731 3395//2713 3404//2730
f 3395//2713 1943//2712 3404//2730
f 2176//2711 1999//2732 1943//2712
f 2242//2502 1944//2733 1945//2218
f 1947//2734 3346//2735 3408//2497
f 2199//2736 3345//2492 1954//2737
f 1954//2737 3345//2492 1946//2738
f 3406//2739 3405//2740 3347//2741
f 1947//2734 3408//2497 1950//2742
f 1949//2743 1948//2744 3405//2740
f 1954//2737 1946//2738 3407//2745
f 1949//2743 3405//2740 3406//2739
f 1950//2742 1949//2743 1947//2734
f 1950//2742 2221//2746 1949//2743
f 2221//2746 1950//2742 1951//2747
f 1951//2747 2226//2748 2221//2746
f 2199//2736 1955//2498 1952//2494
f 2199//2736 1952//2494 3345//2492
f 1951//2747 1950//2742 3408//2497
f 1951//2747 3408//2497 1956//2496
f 1951//2747 1956//2496 2225//2749
f 1772//2503 1961//2750 1956//2496
f 1955//2498 1960//2751 1957//2499
f 1772//2503 1958//2504 1961//2750
f 2229//2752 1960//2751 1955//2498
f 2199//2736 2229//2752 1955//2498
f 1961//2750 2231//2753 1956//2496
f 3409//2754 1959//2501 1957//2499
f 1958//2504 1970//2510 1964//2755
f 1964//2755 1970//2510 1975//2756
f 3409//2754 3401//2757 1761//2478
f 1959//2501 3409//2754 1761//2478
f 1964//2755 1961//2750 1958//2504
f 2229//2752 2230//2758 1960//2751
f 3466//2759 1962//2760 3410//2761
f 3410//2761 1962//2760 1967//2762
f 3466//2759 2233//2763 1962//2760
f 1961//2750 1964//2755 2231//2753
f 3402//2764 3410//2761 3412//2765
f 1964//2755 1975//2756 1977//2766
f 1977//2766 1985//2767 1964//2755
f 1967//2762 3412//2765 3410//2761
f 1967//2762 2234//2768 2239//2769
f 3469//2770 2236//2770 3411//2770
f 1962//2760 3471//2771 1967//2762
f 1967//2762 3471//2771 2234//2768
f 3412//2765 1967//2762 1965//2726
f 1964//2755 1985//2767 1986//2772
f 1965//2726 1967//2762 1966//2773
f 2203//2728 1965//2726 1966//2773
f 1967//2762 2239//2769 1966//2773
f 1968//2295 1943//2712 1969//2312
f 1943//2712 1783//2330 1969//2312
f 1975//2756 1970//2510 1971//2515
f 1971//2515 3352//2514 3355//2774
f 1973//2775 3413//2518 1972//2517
f 1973//2775 1972//2517 2002//2776
f 1975//2756 1971//2515 1974//2777
f 1971//2515 1973//2775 1974//2777
f 2007//2778 1974//2777 1973//2775
f 2002//2776 2007//2778 1973//2775
f 1975//2756 1974//2777 1976//2779
f 1975//2756 1976//2779 1977//2766
f 1977//2766 1983//2780 1985//2767
f 1976//2779 1983//2780 1977//2766
f 1974//2777 1978//2781 1976//2779
f 1978//2781 1974//2777 2007//2778
f 1978//2781 1982//2782 1981//2783
f 1982//2782 1978//2781 2007//2778
f 1983//2780 1976//2779 1984//2784
f 1976//2779 1978//2781 1979//2785
f 1976//2779 1979//2785 1984//2784
f 1978//2781 1981//2783 1979//2785
f 1981//2783 1980//2786 1979//2785
f 1980//2786 1984//2784 1979//2785
f 1982//2782 2278//2787 1981//2783
f 2278//2787 2018//2788 1981//2783
f 1984//2784 1980//2786 1987//2789
f 1984//2784 1987//2789 1988//2790
f 2013//2791 1987//2789 1980//2786
f 1987//2789 2013//2791 2014//2792
f 1983//2780 1988//2790 1985//2767
f 1988//2790 1983//2780 1984//2784
f 1981//2783 2013//2791 1980//2786
f 1981//2783 2018//2788 2013//2791
f 2251//2793 1986//2772 1998//2794
f 1987//2789 1990//2795 1989//2796
f 1985//2767 1988//2790 1989//2796
f 1987//2789 1989//2796 1988//2790
f 1989//2796 1990//2795 1991//2797
f 1990//2795 1987//2789 2014//2792
f 1990//2795 2014//2792 2015//2798
f 1990//2795 2015//2798 1991//2797
f 1986//2772 1985//2767 1992//2799
f 1992//2799 1985//2767 1989//2796
f 1989//2796 1993//2800 1992//2799
f 1991//2797 1993//2800 1989//2796
f 2015//2798 2017//2801 1991//2797
f 1992//2799 1993//2800 1994//2802
f 1993//2800 1995//2803 1994//2802
f 1993//2800 1996//2804 1995//2803
f 3415//2805 1996//2804 1993//2800
f 1996//2804 3415//2805 3418//2806
f 1986//2772 1992//2799 1994//2802
f 1986//2772 1994//2802 1998//2794
f 1994//2802 1997//2807 1998//2794
f 1994//2802 1995//2803 1997//2807
f 1995//2803 1996//2804 1997//2807
f 1996//2804 3419//2808 2021//2809
f 1997//2807 1996//2804 2021//2809
f 1998//2794 1997//2807 2256//2810
f 1997//2807 2021//2809 2022//2811
f 2252//2812 2251//2793 1998//2794
f 2256//2810 2252//2812 1998//2794
f 1997//2807 2022//2811 2256//2810
f 1943//2712 1999//2732 1783//2330
f 2220//2813 2023//2814 1999//2732
f 2000//2297 2024//2525 2257//2815
f 2000//2297 2242//2502 1600//1875
f 2004//2816 2002//2776 2001//2520
f 2002//2776 1972//2517 2001//2520
f 2003//2522 2004//2816 2001//2520
f 1788//2523 2025//2532 2003//2522
f 2005//2817 2003//2522 2029//2818
f 2006//2819 2007//2778 2002//2776
f 2002//2776 2004//2816 2006//2819
f 2005//2817 3426//2820 2034//2821
f 2004//2816 2005//2817 2006//2819
f 2004//2816 2003//2522 2005//2817
f 2012//2822 2005//2817 2034//2821
f 2006//2819 2005//2817 2010//2823
f 2010//2823 2005//2817 2012//2822
f 2008//2824 1982//2782 2007//2778
f 2007//2778 2006//2819 2008//2824
f 2008//2824 2009//2825 1982//2782
f 2006//2819 3416//2826 2009//2825
f 2006//2819 2009//2825 2008//2824
f 2036//2827 2012//2822 2034//2821
f 2266//2828 1982//2782 2009//2825
f 2009//2825 3416//2826 2266//2828
f 2011//2829 2266//2828 3416//2826
f 2265//2830 3417//2831 2010//2823
f 2012//2822 2265//2830 2010//2823
f 3476//2832 2012//2822 2036//2827
f 2278//2787 2020//2833 2018//2788
f 2279//2834 2020//2833 2278//2787
f 2013//2791 2016//2835 2014//2792
f 2016//2835 2015//2798 2014//2792
f 2016//2835 2013//2791 2018//2788
f 2015//2798 2019//2836 2017//2801
f 2018//2788 2019//2836 2016//2835
f 2016//2835 2019//2836 2015//2798
f 3419//2808 3420//2837 2021//2809
f 2018//2788 2020//2833 2019//2836
f 2020//2833 2021//2809 3420//2837
f 2021//2809 2020//2833 3421//2838
f 1999//2732 2023//2814 1793//1622
f 2023//2814 2063//2839 1793//1622
f 2024//2525 1599//2296 2064//1626
f 2064//1626 3430//2840 2024//2525
f 1794//1898 2258//1506 2080//2539
f 2029//2818 2003//2522 3422//2841
f 2029//2818 3422//2841 3356//2534
f 2029//2818 3356//2534 2026//2533
f 3423//2842 3424//2843 2030//2844
f 3424//2843 2031//2845 2030//2844
f 2031//2845 3424//2843 3425//2846
f 2072//2538 2031//2845 3425//2846
f 3423//2842 2030//2844 3426//2820
f 3426//2820 2030//2844 2032//2847
f 2030//2844 2031//2845 2032//2847
f 2031//2845 2033//2848 2032//2847
f 2034//2821 3426//2820 2032//2847
f 2035//2849 2032//2847 2033//2848
f 2032//2847 2037//2850 2034//2821
f 2032//2847 2035//2849 2037//2850
f 2034//2821 2037//2850 2041//2851
f 2036//2827 2034//2821 2041//2851
f 2037//2850 2035//2849 2038//2852
f 2041//2851 2037//2850 3427//2853
f 2038//2852 2035//2849 2040//2854
f 2038//2852 2040//2854 2039//2855
f 2039//2855 2040//2854 2044//2856
f 2078//2857 2035//2849 2076//2858
f 2078//2857 2040//2854 2035//2849
f 2041//2851 3427//2853 2042//2859
f 2042//2859 3427//2853 3428//2860
f 2078//2857 2044//2856 2040//2854
f 3429//2861 2289//2862 2041//2851
f 3428//2860 2043//2863 2046//2864
f 2046//2864 2043//2863 2047//2865
f 2050//2866 2047//2865 2043//2863
f 2044//2856 2050//2866 2043//2863
f 2039//2855 2044//2856 2043//2863
f 2289//2862 2046//2864 2054//2867
f 3429//2861 2046//2864 2289//2862
f 2046//2864 2042//2859 3428//2860
f 2289//2862 2054//2867 2296//2868
f 2045//2869 2321//2870 2057//2871
f 2057//2871 2321//2870 2306//2872
f 2048//2873 2047//2865 2049//2874
f 2047//2865 2050//2866 2049//2874
f 2046//2864 2048//2873 2054//2867
f 2048//2873 2046//2864 2047//2865
f 2048//2873 2049//2874 2052//2875
f 2052//2875 2051//2876 2056//2877
f 2049//2874 2051//2876 2052//2875
f 2050//2866 2053//2878 2051//2876
f 2050//2866 2051//2876 2049//2874
f 2044//2856 2053//2878 2050//2866
f 2045//2869 2053//2878 2044//2856
f 2054//2867 2048//2873 2055//2879
f 2052//2875 2055//2879 2048//2873
f 2052//2875 2062//2880 2055//2879
f 2052//2875 2056//2877 2062//2880
f 2045//2869 2057//2871 2053//2878
f 2053//2878 2058//2881 2051//2876
f 2053//2878 2057//2871 2058//2881
f 2051//2876 2058//2881 2056//2877
f 2296//2868 2054//2867 2059//2882
f 2059//2882 2054//2867 2060//2883
f 2054//2867 2055//2879 2060//2883
f 2055//2879 2061//2884 2060//2883
f 2061//2884 2055//2879 2062//2880
f 2057//2871 2306//2872 2058//2881
f 2308//2885 2296//2868 2059//2882
f 2059//2882 2060//2883 2303//2886
f 2061//2884 2303//2886 2060//2883
f 2061//2884 2304//2887 2303//2886
f 2061//2884 2062//2880 2304//2887
f 2304//2887 2062//2880 2305//2888
f 2305//2888 2056//2877 2307//2889
f 2305//2888 2062//2880 2056//2877
f 2058//2881 2306//2872 2307//2889
f 2307//2889 2056//2877 2058//2881
f 1783//2330 1999//2732 1793//1622
f 1793//1622 3430//2840 2064//1626
f 2258//1506 2081//2890 2080//2539
f 1646//2320 2066//2542 3431//2891
f 2066//2542 2068//2892 3431//2891
f 2067//2550 3433//2893 2066//2542
f 2068//2892 2316//2894 3431//2891
f 2067//2550 2315//2895 3433//2893
f 2282//2896 2069//2541 3432//2897
f 2071//2543 2074//2898 1802//2544
f 2070//2546 2069//2541 2071//2543
f 2069//2541 2319//2899 2071//2543
f 2031//2845 2072//2538 2073//2900
f 2072//2538 1802//2544 2074//2898
f 2073//2900 2072//2538 2074//2898
f 2031//2845 2073//2900 2033//2848
f 2033//2848 2073//2900 2075//2901
f 2071//2543 2077//2902 2074//2898
f 2073//2900 2074//2898 2075//2901
f 2033//2848 2075//2901 2035//2849
f 2074//2898 2077//2902 2075//2901
f 3434//2903 2071//2543 2319//2899
f 2035//2849 2075//2901 2076//2858
f 2077//2902 2076//2858 2075//2901
f 2078//2857 2076//2858 2077//2902
f 2319//2899 2318//2904 3434//2903
f 3434//2903 2318//2904 2079//2905
f 2077//2902 2079//2905 2078//2857
f 2318//2904 2322//2906 2079//2905
f 2078//2857 2045//2869 2044//2856
f 2079//2905 2045//2869 2078//2857
f 2079//2905 2322//2906 2045//2869
f 2322//2906 2321//2870 2045//2869
f 1805//2335 2080//2539 1804//2337
f 2081//2890 2258//1506 2325//2907
f 1653//2333 2328//2908 2067//2550
f 1807//2554 2082//2556 2084//2352
f 2326//2909 2084//2352 2082//2556
f 3435//2910 2326//2909 2082//2556
f 1811//2555 2083//2551 3435//2910
f 2082//2556 1811//2555 3435//2910
f 2080//2539 2083//2551 1804//2337
f 2080//2539 2081//2890 2083//2551
f 2327//2553 2328//2908 1653//2333
f 2084//2352 2326//2909 2407//2911
f 2330//2559 1817//1998 2085//2351
f 2085//2351 1669//2001 2084//2352
f 1826//2562 2087//2576 2086//2568
f 2086//2568 2087//2576 2345//2912
f 2345//2912 2088//2561 2086//2568
f 2119//2590 2089//2587 1841//2585
f 2089//2587 2092//2913 2094//2914
f 2091//2588 2089//2587 2094//2914
f 2093//2915 2091//2588 2094//2914
f 2092//2913 2089//2587 2119//2590
f 2090//2589 2091//2588 2095//2916
f 3436//2917 2095//2916 2091//2588
f 2094//2914 2092//2913 2096//2918
f 2130//2919 2096//2918 2092//2913
f 2331//2920 2093//2915 2094//2914
f 2331//2920 2094//2914 2097//2921
f 2097//2921 2094//2914 2096//2918
f 2095//2916 3488//2922 2408//2923
f 3488//2922 2095//2916 3436//2917
f 2097//2921 2096//2918 2336//2924
f 2337//2592 1830//2569 2090//2589
f 2090//2589 3437//2925 2337//2592
f 2408//2923 2337//2592 3437//2925
f 1830//2569 2337//2592 1702//2398
f 2087//2576 1833//2405 3438//2926
f 2098//2574 2099//2927 2102//2928
f 2098//2574 2102//2928 2101//2573
f 1842//2575 2099//2927 2098//2574
f 2102//2928 2099//2927 2103//2929
f 1842//2575 2103//2929 2099//2927
f 2136//2613 2104//2930 2100//2931
f 2087//2576 3438//2926 2105//2932
f 3439//2933 2101//2573 2102//2928
f 2103//2929 2106//2934 2102//2928
f 2102//2928 2106//2934 3439//2933
f 2107//2935 2106//2934 2103//2929
f 2104//2930 2107//2935 2103//2929
f 2103//2929 2100//2931 2104//2930
f 1842//2575 2100//2931 2103//2929
f 2138//2936 2107//2935 2104//2930
f 2136//2613 2138//2936 2104//2930
f 2087//2576 2105//2932 2108//2937
f 2108//2937 2105//2932 3440//2938
f 3444//2939 3441//2940 2109//2941
f 3445//2942 3442//2943 3443//2944
f 3445//2942 3443//2944 3447//2945
f 2139//2946 3445//2942 3447//2945
f 2345//2912 2087//2576 3444//2939
f 2345//2912 3444//2939 2109//2941
f 3448//2947 2345//2912 2109//2941
f 2088//2561 2411//2948 1835//1374
f 2110//2949 2112//2950 1835//1374
f 2411//2948 2110//2949 1835//1374
f 2334//2951 2112//2950 2110//2949
f 2111//2601 2115//2604 1848//2580
f 2111//2601 1835//1374 2112//2950
f 2112//2950 2115//2604 2111//2601
f 2124//2952 2121//2603 2113//2605
f 2113//2605 2114//2953 2124//2952
f 2114//2953 2116//2954 2124//2952
f 2124//2952 2116//2954 2118//2955
f 2115//2604 2117//2956 2113//2605
f 2113//2605 2117//2956 2114//2953
f 2117//2956 2116//2954 2114//2953
f 2112//2950 2117//2956 2115//2604
f 2117//2956 2118//2955 2116//2954
f 2118//2955 2117//2956 2112//2950
f 2120//2607 2130//2919 2119//2590
f 2130//2919 2120//2607 2123//2609
f 2122//2608 2126//2957 2123//2609
f 2124//2952 2125//2958 2121//2603
f 2121//2603 2125//2958 2122//2608
f 2122//2608 2125//2958 2126//2957
f 2127//2959 2123//2609 2126//2957
f 2132//2960 2123//2609 2127//2959
f 2118//2955 2128//2961 2124//2952
f 2124//2952 2128//2961 2125//2958
f 2128//2961 2129//2962 2125//2958
f 2125//2958 2129//2962 2126//2957
f 2127//2959 2126//2957 2129//2962
f 2092//2913 2119//2590 2130//2919
f 2132//2960 2130//2919 2123//2609
f 2131//2963 2132//2960 2127//2959
f 2131//2963 2127//2959 2129//2962
f 2134//2964 2130//2919 2132//2960
f 2131//2963 2133//2965 2135//2966
f 2135//2966 2132//2960 2131//2963
f 2134//2964 2132//2960 2135//2966
f 2118//2955 2133//2965 2128//2961
f 2129//2962 2128//2961 2133//2965
f 2133//2965 2131//2963 2129//2962
f 2135//2966 2335//2967 2134//2964
f 2135//2966 2133//2965 2335//2967
f 2096//2918 2130//2919 2134//2964
f 2096//2918 2134//2964 2336//2924
f 2335//2967 2336//2924 2134//2964
f 2335//2967 2133//2965 2118//2955
f 2140//2615 2100//2931 1842//2575
f 2140//2615 2136//2613 2100//2931
f 1854//2610 2137//2614 2136//2613
f 3447//2945 3446//2649 2143//2652
f 2138//2936 2136//2613 2137//2614
f 2143//2652 2139//2946 3447//2945
f 3449//2968 2143//2652 2147//2647
f 3450//2969 2345//2912 3448//2947
f 2140//2615 1842//2575 2141//2616
f 2411//2948 2088//2561 2345//2912
f 1842//2575 1855//2594 2142//2623
f 1842//2575 2142//2623 2141//2616
f 2142//2623 1856//2620 2141//2616
f 1856//2620 1893//2617 2141//2616
f 2147//2647 1883//2644 2144//2970
f 2144//2970 1883//2644 2145//2971
f 2145//2971 1883//2644 1887//2645
f 2150//2972 2145//2971 1887//2645
f 2146//2973 2147//2647 2144//2970
f 2145//2971 2146//2973 2144//2970
f 1896//2453 1892//2454 2156//2654
f 1892//2454 2148//2974 2156//2654
f 2148//2974 1892//2454 2149//2655
f 2148//2974 2149//2655 2348//2975
f 1899//2456 2158//2666 2149//2655
f 2149//2655 2158//2666 2167//2976
f 2149//2655 2167//2976 2162//2977
f 2150//2972 1887//2645 2151//2651
f 2152//2978 2145//2971 2150//2972
f 2153//2979 2152//2978 2151//2651
f 2152//2978 2150//2972 2151//2651
f 2153//2979 2151//2651 2154//2980
f 2151//2651 2157//2981 2154//2980
f 2152//2978 2146//2973 2145//2971
f 2153//2979 2154//2980 2155//2982
f 2146//2973 2152//2978 2338//2983
f 2338//2983 2152//2978 2153//2979
f 2338//2983 2153//2979 2155//2982
f 2155//2982 2154//2980 2339//2984
f 2341//2985 2155//2982 2339//2984
f 2157//2981 2151//2651 2156//2654
f 2156//2654 2148//2974 2157//2981
f 2157//2981 2148//2974 2348//2975
f 2154//2980 2157//2981 2339//2984
f 2339//2984 2157//2981 2340//2986
f 2348//2975 2149//2655 2162//2977
f 2162//2977 2351//2987 2348//2975
f 2158//2666 1914//2668 2167//2976
f 2159//2988 2162//2977 2167//2976
f 2162//2977 2159//2988 2351//2987
f 2169//2989 2160//2990 2159//2988
f 2160//2990 2351//2987 2159//2988
f 2169//2989 2170//2991 2160//2990
f 2163//2992 2351//2987 2160//2990
f 2160//2990 2172//2993 2163//2992
f 2170//2991 2172//2993 2160//2990
f 2172//2993 2173//2994 2163//2992
f 2350//2995 2163//2992 2161//2996
f 2163//2992 2173//2994 2161//2996
f 2193//2997 2350//2995 2161//2996
f 1915//2680 1916//2679 2166//2684
f 2165//2686 1917//2683 1913//2677
f 2167//2976 1914//2668 2166//2684
f 2168//2998 2169//2989 2166//2684
f 2169//2989 2167//2976 2166//2684
f 2168//2998 2166//2684 1916//2679
f 2159//2988 2167//2976 2169//2989
f 1916//2679 2164//2685 2168//2998
f 2164//2685 2165//2686 2173//2994
f 2173//2994 2165//2686 2161//2996
f 2168//2998 2170//2991 2169//2989
f 2171//2999 2170//2991 2168//2998
f 2168//2998 2164//2685 2171//2999
f 2171//2999 2164//2685 2173//2994
f 2170//2991 2171//2999 2172//2993
f 2171//2999 2173//2994 2172//2993
f 1918//2468 2175//2687 2174//3000
f 2180//3001 2176//2711 3452//3002
f 2176//2711 3451//3003 3452//3002
f 2177//2689 2178//2688 1530//1852
f 2182//3004 2177//2689 2195//2217
f 2175//2687 2178//2688 3453//3005
f 2179//3006 3453//3005 2178//2688
f 2177//2689 2179//3006 2178//2688
f 2179//3006 2177//2689 2182//3004
f 2176//2711 3454//3007 2181//3008
f 2181//3008 3454//3007 2179//3006
f 2179//3006 2194//3009 2181//3008
f 2182//3004 2194//3009 2179//3006
f 2176//2711 2181//3008 1999//2732
f 2197//3010 2181//3008 2194//3009
f 2258//1506 1254//1838 2422//2419
f 2184//2703 3455//3011 3390//2704
f 2183//2701 2187//3012 2185//2708
f 2188//3013 3457//3014 3455//3011
f 2188//3013 3455//3011 2184//2703
f 3456//2720 1939//2719 2186//3015
f 2189//3016 2188//3013 2184//2703
f 3458//3017 3456//2720 2186//3015
f 2187//3012 2356//3018 2190//3019
f 2185//2708 2187//3012 2190//3019
f 2190//3019 2355//3020 2185//2708
f 2358//3021 2356//3018 2188//3013
f 2356//3018 3457//3014 2188//3013
f 2358//3021 2188//3013 2189//3016
f 2191//3022 3458//3017 2186//3015
f 2355//3020 2190//3019 2360//3023
f 2360//3023 2190//3019 2356//3018
f 2359//3024 2358//3021 2189//3016
f 2191//3022 2359//3024 3458//3017
f 2185//2708 2193//2997 1928//2707
f 2185//2708 2355//3020 2193//2997
f 2366//3025 2193//2997 2355//3020
f 1928//2707 2193//2997 2192//2682
f 2161//2996 2192//2682 2193//2997
f 2165//2686 1913//2677 2192//2682
f 2161//2996 2165//2686 2192//2682
f 1918//2468 2174//3000 1932//2710
f 3451//3003 2176//2711 3395//2713
f 1999//2732 2181//3008 2220//2813
f 2194//3009 2196//3026 2197//3010
f 2182//3004 2196//3026 2194//3009
f 2195//2217 1945//2218 1944//2733
f 2196//3026 2182//3004 2195//2217
f 2195//2217 1944//2733 2196//3026
f 1944//2733 2197//3010 2196//3026
f 2197//3010 1944//2733 2220//2813
f 2220//2813 2181//3008 2197//3010
f 1954//2737 2198//3027 2200//3028
f 2198//3027 2367//3029 2200//3028
f 2200//3028 2199//2736 1954//2737
f 2370//3030 2199//2736 2369//3031
f 2199//2736 2200//3028 2369//3031
f 2379//3032 2191//3022 2186//3015
f 1941//2727 2201//3033 1939//2719
f 2201//3033 2186//3015 1939//2719
f 2379//3032 2186//3015 3460//3034
f 2211//3035 2379//3032 3460//3034
f 2216//3036 2379//3032 2211//3035
f 2216//3036 2380//3037 2379//3032
f 2207//3038 2203//2728 1966//2773
f 2201//3033 1941//2727 2204//3039
f 3461//3040 2204//3039 1941//2727
f 2202//2729 2203//2728 2206//3041
f 3461//3040 2205//3042 2204//3039
f 2202//2729 2206//3041 3462//3043
f 2207//3038 2206//3041 2203//2728
f 3460//3034 2204//3039 2211//3035
f 2204//3039 2208//3044 2211//3035
f 2208//3044 2204//3039 2205//3042
f 3462//3043 2209//3045 2208//3044
f 2209//3045 3462//3043 2206//3041
f 2207//3038 2210//3046 2206//3041
f 2210//3046 3463//3047 2206//3041
f 2207//3038 2239//2769 2210//3046
f 2208//3044 2212//3048 2211//3035
f 2208//3044 2213//3049 2212//3048
f 2209//3045 2213//3049 2208//3044
f 2213//3049 3464//3050 2214//3051
f 2215//3052 2214//3051 2210//3046
f 2214//3051 3465//3053 2210//3046
f 2210//3046 2239//2769 2215//3052
f 2216//3036 2211//3035 2212//3048
f 2212//3048 2213//3049 2218//3054
f 2213//3049 2214//3051 2218//3054
f 2380//3037 2217//3055 2378//3056
f 2380//3037 2216//3036 2217//3055
f 2212//3048 2218//3054 2216//3036
f 2218//3054 2217//3055 2216//3036
f 2378//3056 2217//3055 2219//3057
f 2217//3055 2218//3054 2219//3057
f 2218//3054 2214//3051 2219//3057
f 2215//3052 2219//3057 2214//3051
f 2220//2813 1944//2733 2241//3058
f 1944//2733 2242//2502 2241//3058
f 3459//3059 1948//2744 1949//2743
f 3407//2745 2198//3027 1954//2737
f 3459//3059 1949//2743 2222//3060
f 2221//2746 2222//3060 1949//2743
f 2223//3061 3459//3059 2222//3060
f 2222//3060 2224//3062 2223//3061
f 2226//2748 1951//2747 2225//2749
f 2225//2749 1956//2496 2228//3063
f 2228//3063 1956//2496 2243//3064
f 2228//3063 2226//2748 2225//2749
f 2221//2746 2227//3065 2222//3060
f 2226//2748 2381//3066 2227//3065
f 2226//2748 2227//3065 2221//2746
f 2381//3066 2226//2748 2228//3063
f 2224//3062 2222//3060 2227//3065
f 2381//3066 2224//3062 2227//3065
f 2231//2753 2247//3067 1956//2496
f 3467//3068 3472//3068 3470//3068
f 2229//2752 2235//3069 3468//3070
f 3473//3071 3468//3070 2235//3069
f 2232//3072 2235//3069 2229//2752
f 1956//2496 2247//3067 2244//3073
f 2232//3072 2229//2752 2199//2736
f 2384//3074 2247//3067 2238//3075
f 2232//3072 2199//2736 2370//3030
f 1964//2755 1986//2772 2237//3076
f 2234//2768 2235//3069 2239//2769
f 2235//3069 2234//2768 3474//3077
f 2231//2753 1964//2755 2237//3076
f 2232//3072 2239//2769 2235//3069
f 2237//3076 2238//3075 2231//2753
f 2231//2753 2238//3075 2247//3067
f 2232//3072 2383//3078 2239//2769
f 2237//3076 2384//3074 2238//3075
f 1966//2773 2239//2769 2207//3038
f 2239//2769 2383//3078 2215//3052
f 2215//3052 2383//3078 2219//3057
f 2237//3076 2251//2793 2255//3079
f 2255//3079 2384//3074 2237//3076
f 2241//3058 2240//3080 2220//2813
f 2242//2502 2257//2815 2241//3058
f 2245//3081 2228//3063 2243//3064
f 2385//3082 2381//3066 2228//3063
f 2243//3064 1956//2496 2244//3073
f 2243//3064 2244//3073 2245//3081
f 2245//3081 2244//3073 2246//3083
f 2389//3084 2246//3083 2247//3067
f 2247//3067 2246//3083 2244//3073
f 2246//3083 2387//3085 2245//3081
f 2277//3086 2397//3087 2249//3088
f 2237//3076 1986//2772 2251//2793
f 2278//2787 2249//3088 2248//3089
f 2248//3089 2279//2834 2278//2787
f 2249//3088 2250//3090 3475//3091
f 3475//3091 2250//3090 2279//2834
f 2384//3074 2255//3079 2250//3090
f 2250//3090 2249//3088 2397//3087
f 2384//3074 2250//3090 2389//3084
f 2251//2793 2252//2812 2255//3079
f 2254//3092 2255//3079 2252//2812
f 2252//2812 2256//2810 2254//3092
f 2253//3093 2256//2810 2022//2811
f 2254//3092 2256//2810 2253//3093
f 3421//2838 2279//2834 2253//3093
f 2279//2834 2250//3090 2253//3093
f 2255//3079 2254//3092 2250//3090
f 2254//3092 2253//3093 2250//3090
f 2220//2813 2240//3080 2023//2814
f 2240//3080 2280//3094 2023//2814
f 2241//3058 2257//2815 2280//3094
f 2241//3058 2280//3094 2240//3080
f 2257//2815 2024//2525 2280//3094
f 2000//2297 2257//2815 2242//2502
f 2281//3095 2394//3096 2283//3097
f 2394//3096 2393//3098 2283//3097
f 2283//3097 2393//3098 2284//3099
f 2259//3100 2262//3101 2274//3102
f 2264//3103 2259//3100 2260//3104
f 2276//3105 2260//3104 2259//3100
f 2286//3106 2264//3103 2260//3104
f 3481//3107 2260//3104 2276//3105
f 2274//3102 2262//3101 2277//3086
f 2261//3108 2397//3087 2262//3101
f 2284//3099 2396//3109 2263//3110
f 2396//3109 2261//3108 2263//3110
f 2261//3108 2264//3103 2263//3110
f 2264//3103 2262//3101 2259//3100
f 2264//3103 2261//3108 2262//3101
f 2284//3099 2263//3110 2264//3103
f 2267//3111 2266//2828 2011//2829
f 3477//3112 3417//2831 2265//2830
f 2266//2828 2271//3113 1982//2782
f 2271//3113 2266//2828 2268//3114
f 2268//3114 2266//2828 2267//3111
f 3478//3115 3477//3112 2265//2830
f 2269//3116 3478//3115 2265//2830
f 3476//2832 2270//3117 3479//3118
f 2036//2827 2270//3117 3476//2832
f 2270//3117 2036//2827 2285//3119
f 2272//3120 2271//3113 2268//3114
f 3478//3115 2269//3116 2272//3120
f 2273//3121 3479//3118 2270//3117
f 2273//3121 2272//3120 2269//3116
f 2271//3113 2278//2787 1982//2782
f 2272//3120 2274//3102 2271//3113
f 2274//3102 2272//3120 2275//3122
f 2275//3122 2272//3120 2273//3121
f 2273//3121 2276//3105 2275//3122
f 2276//3105 2273//3121 2270//3117
f 2285//3119 2276//3105 2270//3117
f 2271//3113 2274//3102 2277//3086
f 2274//3102 2275//3122 2259//3100
f 2276//3105 2259//3100 2275//3122
f 3481//3107 2276//3105 2285//3119
f 2249//3088 2278//2787 2277//3086
f 2278//2787 2271//3113 2277//3086
f 3421//2838 2020//2833 2279//2834
f 2280//3094 2063//2839 2023//2814
f 2024//2525 3430//2840 2280//3094
f 2282//2896 3482//3123 2283//3097
f 2281//3095 2283//3097 3482//3123
f 2398//3124 3480//3125 3483//3126
f 3480//3125 2398//3124 2394//3096
f 2283//3097 2288//3127 2319//2899
f 2264//3103 2288//3127 2284//3099
f 2288//3127 2283//3097 2284//3099
f 2285//3119 2036//2827 2290//3128
f 2287//3129 2285//3119 2290//3128
f 2319//2899 2288//3127 2293//3130
f 2285//3119 2287//3129 3481//3107
f 2295//3131 2287//3129 2292//3132
f 2288//3127 2295//3131 2293//3130
f 2264//3103 2286//3106 2288//3127
f 2295//3131 2286//3106 2287//3129
f 2286//3106 2295//3131 2288//3127
f 2041//2851 2289//2862 2036//2827
f 2290//3128 2036//2827 2291//3133
f 2036//2827 2289//2862 2291//3133
f 2287//3129 2290//3128 2291//3133
f 2287//3129 2291//3133 2292//3132
f 2324//3134 2320//3135 2294//3136
f 2292//3132 2294//3136 2295//3131
f 2295//3131 2294//3136 2293//3130
f 2294//3136 2320//3135 2293//3130
f 2291//3133 2289//2862 2296//2868
f 2296//2868 2308//2885 2298//3137
f 2306//2872 2321//2870 2297//3138
f 2291//3133 2296//2868 2298//3137
f 2298//3137 2308//2885 2311//3139
f 2299//3140 2298//3137 2311//3139
f 2312//3141 2299//3140 2311//3139
f 2314//3142 2297//3138 2302//3143
f 2299//3140 2291//3133 2298//3137
f 2301//3144 2313//3145 2314//3142
f 2302//3143 2301//3144 2314//3142
f 2297//3138 2324//3134 2302//3143
f 2291//3133 2299//3140 2292//3132
f 2300//3146 2299//3140 2312//3141
f 2312//3141 2313//3145 2300//3146
f 2300//3146 2313//3145 2301//3144
f 2294//3136 2301//3144 2302//3143
f 2302//3143 2324//3134 2294//3136
f 2300//3146 2292//3132 2299//3140
f 2300//3146 2301//3144 2292//3132
f 2292//3132 2301//3144 2294//3136
f 2308//2885 2059//2882 2303//2886
f 2309//3147 2303//2886 2304//2887
f 2310//3148 2304//2887 2305//2888
f 2310//3148 2305//2888 2307//2889
f 2309//3147 2311//3139 2303//2886
f 2311//3139 2308//2885 2303//2886
f 2304//2887 2310//3148 2309//3147
f 2310//3148 2307//2889 2314//3142
f 2314//3142 2307//2889 2306//2872
f 2306//2872 2297//3138 2314//3142
f 2311//3139 2309//3147 2312//3141
f 2313//3145 2312//3141 2309//3147
f 2309//3147 2310//3148 2313//3145
f 2313//3145 2310//3148 2314//3142
f 2325//2907 2258//1506 2400//3149
f 3484//3150 2282//2896 3432//2897
f 2317//3151 2316//2894 2068//2892
f 2315//2895 2405//3152 3485//3153
f 2315//2895 3485//3153 3433//2893
f 2315//2895 2067//2550 2405//3152
f 2403//3154 3485//3153 2405//3152
f 2282//2896 2319//2899 2069//2541
f 2319//2899 2282//2896 2283//3097
f 2318//2904 2319//2899 2320//3135
f 2320//3135 2319//2899 2293//3130
f 2318//2904 2323//3155 2322//2906
f 2323//3155 2318//2904 2320//3135
f 2323//3155 2320//3135 2324//3134
f 2322//2906 2323//3155 2321//2870
f 2297//3138 2321//2870 2324//3134
f 2321//2870 2323//3155 2324//3134
f 2399//3156 3487//3157 3506//3158
f 2405//3152 2067//2550 2328//2908
f 3487//3157 2326//2909 3435//2910
f 2406//3159 2327//2553 2329//3160
f 2328//2908 2327//2553 2406//3159
f 2329//3160 2407//2911 2406//3159
f 2085//2351 2084//2352 2407//2911
f 2327//2553 1816//2342 2330//2559
f 2329//3160 2327//2553 2330//2559
f 2329//3160 2330//2559 2407//2911
f 2407//2911 2330//2559 2085//2351
f 2097//2921 2332//3161 2331//2920
f 2332//3161 2097//2921 2336//2924
f 3489//3162 2408//2923 3488//2922
f 2112//2950 2334//2951 2333//3163
f 2334//2951 2409//3164 2333//3163
f 2112//2950 2333//3163 2118//2955
f 2333//3163 2409//3164 2118//2955
f 2335//2967 2118//2955 2409//3164
f 2335//2967 3509//3165 2336//2924
f 3509//3165 2332//3161 2336//2924
f 1716//2061 2337//2592 2422//2419
f 2411//2948 2334//2951 2110//2949
f 3450//2969 2342//3166 2345//2912
f 2345//2912 2347//3167 2411//2948
f 3490//3168 2146//2973 2338//2983
f 2338//2983 2155//2982 2341//2985
f 2340//2986 2341//2985 2339//2984
f 2147//2647 2146//2973 3491//3169
f 2343//3170 3490//3168 2338//2983
f 2343//3170 2338//2983 2341//2985
f 2343//3170 2344//3171 3490//3168
f 2344//3171 2343//3170 2341//2985
f 2342//3166 3492//3172 2347//3167
f 2347//3167 2345//2912 2342//3166
f 2157//2981 2346//3173 2340//2986
f 2340//2986 2346//3173 2353//3174
f 2347//3167 2413//3175 2411//2948
f 2348//2975 2349//3176 2346//3173
f 2346//3173 2157//2981 2348//2975
f 2349//3176 2348//2975 2351//2987
f 2349//3176 2364//3177 2365//3178
f 2349//3176 2350//2995 2364//3177
f 2364//3177 2350//2995 2366//3025
f 2193//2997 2366//3025 2350//2995
f 2163//2992 2350//2995 2351//2987
f 2350//2995 2349//3176 2351//2987
f 2353//3174 2341//2985 2340//2986
f 2341//2985 2353//3174 2352//3179
f 3493//3180 3496//3180 3497//3180
f 2353//3174 2369//3031 3498//3181
f 2341//2985 2352//3179 2344//3171
f 3494//3182 2347//3167 3492//3172
f 2346//3173 2354//3183 2353//3174
f 2353//3174 2354//3183 2369//3031
f 2347//3167 2382//3184 2413//3175
f 3494//3182 2382//3184 2347//3167
f 2356//3018 2362//3185 2361//3186
f 2356//3018 2361//3186 2360//3023
f 2362//3185 2356//3018 2358//3021
f 2362//3185 2358//3021 2357//3187
f 2363//3188 2359//3024 2372//3189
f 2363//3188 2358//3021 2359//3024
f 2191//3022 2372//3189 2359//3024
f 2360//3023 2361//3186 2364//3177
f 2361//3186 2362//3185 2365//3178
f 2362//3185 2357//3187 2365//3178
f 2354//3183 2357//3187 2373//3190
f 2363//3188 2373//3190 2357//3187
f 2357//3187 2358//3021 2363//3188
f 2354//3183 2373//3190 2371//3191
f 2363//3188 2374//3192 2373//3190
f 2372//3189 2374//3192 2363//3188
f 2346//3173 2349//3176 2354//3183
f 2361//3186 2365//3178 2364//3177
f 2349//3176 2365//3178 2354//3183
f 2365//3178 2357//3187 2354//3183
f 2360//3023 2364//3177 2366//3025
f 2355//3020 2360//3023 2366//3025
f 2367//3029 2369//3031 2200//3028
f 2368//3193 3499//3194 3459//3059
f 2223//3061 2368//3193 3459//3059
f 3495//3195 3499//3194 2368//3193
f 2369//3031 2354//3183 2370//3030
f 2368//3193 2382//3184 3494//3182
f 2354//3183 2371//3191 2370//3030
f 2371//3191 2375//3196 2370//3030
f 2372//3189 2191//3022 2376//3197
f 2374//3192 2372//3189 2376//3197
f 2370//3030 2375//3196 2232//3072
f 2373//3190 2374//3192 2371//3191
f 2374//3192 2376//3197 2377//3198
f 2371//3191 2374//3192 2375//3196
f 2377//3198 2383//3078 2375//3196
f 2377//3198 2375//3196 2374//3192
f 2376//3197 2191//3022 2379//3032
f 2376//3197 2379//3032 2380//3037
f 2377//3198 2376//3197 2380//3037
f 2380//3037 2378//3056 2377//3198
f 2377//3198 2378//3056 2383//3078
f 2378//3056 2219//3057 2383//3078
f 2422//2419 2414//3199 2258//1506
f 2224//3062 2368//3193 2223//3061
f 2368//3193 2224//3062 2381//3066
f 2368//3193 2381//3066 2382//3184
f 2382//3184 2381//3066 2386//3200
f 2382//3184 2415//3201 2413//3175
f 2383//3078 2232//3072 2375//3196
f 3500//3202 2228//3063 2245//3081
f 2385//3082 3501//3203 2381//3066
f 2391//3204 3500//3202 2245//3081
f 2385//3082 2392//3205 3501//3203
f 3502//3206 2392//3205 2385//3082
f 2386//3200 3503//3207 2382//3184
f 2246//3083 2389//3084 2387//3085
f 2245//3081 2387//3085 2388//3208
f 2387//3085 2393//3098 2388//3208
f 2245//3081 2388//3208 2391//3204
f 2389//3084 2247//3067 2384//3074
f 2397//3087 2389//3084 2250//3090
f 2258//1506 2414//3199 2390//3209
f 2258//1506 2390//3209 2400//3149
f 2414//3199 2418//3210 2390//3209
f 2392//3205 3502//3206 2395//3211
f 2403//3154 2392//3205 2395//3211
f 2284//3099 2393//3098 2396//3109
f 2388//3208 2393//3098 2394//3096
f 2389//3084 2393//3098 2387//3085
f 2394//3096 2391//3204 2388//3208
f 2391//3204 2394//3096 3504//3212
f 3503//3207 2415//3201 2382//3184
f 2415//3201 3503//3207 3508//3213
f 2393//3098 2389//3084 2396//3109
f 2397//3087 2261//3108 2396//3109
f 2397//3087 2396//3109 2389//3084
f 2397//3087 2277//3086 2262//3101
f 2390//3209 2418//3210 2400//3149
f 2418//3210 2401//3214 2400//3149
f 3511//3215 2402//3216 3507//3217
f 3504//3212 2394//3096 2398//3124
f 2403//3154 2395//3211 3505//3218
f 2402//3216 2417//3219 2399//3156
f 2402//3216 2399//3156 3506//3158
f 2402//3216 3506//3158 3507//3217
f 3486//3220 2398//3124 3483//3126
f 3505//3218 3485//3153 2403//3154
f 2399//3156 2326//2909 3487//3157
f 2326//2909 2399//3156 2407//2911
f 3508//3213 2405//3152 2404//3221
f 2328//2908 2406//3159 2405//3152
f 2405//3152 2406//3159 2404//3221
f 2407//2911 2420//3222 2404//3221
f 2406//3159 2407//2911 2404//3221
f 2412//3223 2409//3164 2334//2951
f 2443//3224 3489//3162 2409//3164
f 2410//3225 2337//2592 2408//2923
f 2408//2923 2421//3226 2410//3225
f 2337//2592 2410//3225 2422//2419
f 2411//2948 2412//3223 2334//2951
f 2413//3175 2423//3227 2447//3228
f 2422//2419 2425//3229 2414//3199
f 2413//3175 2415//3201 2423//3227
f 2423//3227 2416//3230 2452//3231
f 2423//3227 2415//3201 2416//3230
f 2427//3232 2426//3233 2414//3199
f 3508//3213 2404//3221 2415//3201
f 2415//3201 2420//3222 2416//3230
f 2416//3230 2420//3222 2434//3234
f 2420//3222 2419//3235 2434//3234
f 2436//3236 2417//3219 2439//3237
f 2419//3235 2417//3219 2436//3236
f 3511//3215 2417//3219 2402//3216
f 2426//3233 2417//3219 3511//3215
f 2414//3199 2426//3233 3511//3215
f 2438//3238 2417//3219 2426//3233
f 2439//3237 2417//3219 2438//3238
f 2404//3221 2420//3222 2415//3201
f 2419//3235 2399//3156 2417//3219
f 2419//3235 2420//3222 2407//2911
f 2419//3235 2407//2911 2399//3156
f 2409//3164 2412//3223 2443//3224
f 2408//2923 3489//3162 2443//3224
f 2421//3226 2408//2923 2443//3224
f 2422//2419 2421//3226 3517//3239
f 2421//3226 2422//2419 2410//3225
f 2422//2419 2515//3240 2448//3241
f 3520//3242 2411//2948 2413//3175
f 2424//3243 2447//3228 2423//3227
f 2423//3227 2452//3231 2424//3243
f 2448//3241 2425//3229 2422//2419
f 2425//3229 2427//3232 2414//3199
f 2428//3244 2426//3233 2427//3232
f 2429//3245 2427//3232 2425//3229
f 2429//3245 2430//3246 2427//3232
f 2430//3246 3512//3247 2427//3232
f 2430//3246 3513//3248 2431//3249
f 3513//3248 2433//3250 2431//3249
f 2431//3249 2441//3251 2430//3246
f 2425//3229 2432//3252 3513//3248
f 3513//3248 2432//3252 2433//3250
f 2432//3252 2454//3253 2433//3250
f 2442//3254 2431//3249 2433//3250
f 2431//3249 2442//3254 2441//3251
f 2454//3253 2455//3255 2433//3250
f 2455//3255 2442//3254 2433//3250
f 2453//3256 2416//3230 2434//3234
f 2419//3235 2436//3236 2435//3257
f 2435//3257 2434//3234 2419//3235
f 2434//3234 2435//3257 2453//3256
f 2453//3256 2435//3257 2480//3258
f 2439//3237 2437//3259 2436//3236
f 2435//3257 2436//3236 2437//3259
f 2437//3259 3516//3260 2435//3257
f 3514//3261 2441//3251 2442//3254
f 2480//3258 2435//3257 2458//3262
f 2428//3244 2438//3238 2426//3233
f 2428//3244 2440//3263 2438//3238
f 2440//3263 2439//3237 2438//3238
f 2440//3263 2437//3259 2439//3237
f 3515//3264 2430//3246 2441//3251
f 2430//3246 3515//3264 3512//3247
f 2441//3251 3514//3261 3515//3264
f 2422//2419 3517//3239 2444//3265
f 2444//3265 2445//3266 2422//2419
f 2412//3223 2461//3267 2443//3224
f 2445//3266 2444//3265 2462//3268
f 2462//3268 2463//3269 2445//3266
f 2530//3270 2515//3240 2445//3266
f 2445//3266 2515//3240 2422//2419
f 3510//3271 2446//3272 2471//3273
f 2412//3223 2411//2948 2471//3273
f 3521//3274 2446//3272 3510//3271
f 2448//3241 2515//3240 2475//3275
f 2474//3276 2424//3243 2452//3231
f 2447//3228 2424//3243 3518//3277
f 2424//3243 3531//3278 3518//3277
f 2448//3241 3532//3279 2450//3280
f 2511//3281 2452//3231 2453//3256
f 2432//3252 2425//3229 2449//3282
f 2448//3241 2449//3282 2425//3229
f 2432//3252 2449//3282 2454//3253
f 2449//3282 2448//3241 2450//3280
f 2450//3280 2451//3283 2449//3282
f 2450//3280 3532//3279 2451//3283
f 3532//3279 2456//3284 2451//3283
f 2452//3231 2416//3230 2453//3256
f 2451//3283 2454//3253 2449//3282
f 2451//3283 2457//3285 2454//3253
f 2454//3253 3523//3286 2455//3255
f 2451//3283 2456//3284 2457//3285
f 2455//3255 3523//3286 2460//3287
f 3522//3288 3525//3289 2459//3290
f 2477//3291 2478//3292 2456//3284
f 2478//3292 3526//3293 3524//3294
f 2456//3284 2478//3292 3524//3294
f 2435//3257 3516//3260 2458//3262
f 3516//3260 2459//3290 2458//3262
f 3516//3260 3522//3288 2459//3290
f 2458//3262 2459//3290 2481//3295
f 2481//3295 2459//3290 3527//3296
f 2444//3265 3517//3239 2461//3267
f 2488//3297 2464//3298 2461//3267
f 2466//3299 3529//3300 3539//3301
f 2412//3223 2487//3302 2461//3267
f 2461//3267 2482//3303 2488//3297
f 2461//3267 2462//3268 2444//3265
f 2463//3269 2462//3268 3529//3300
f 2464//3298 2462//3268 2461//3267
f 2466//3299 2463//3269 3529//3300
f 2493//3304 2412//3223 2492//3305
f 2471//3273 2492//3305 2412//3223
f 2484//3306 2487//3302 2412//3223
f 2412//3223 2493//3304 2484//3306
f 2472//3307 2468//3308 2483//3309
f 2468//3308 2472//3307 2465//3310
f 2467//3311 2468//3308 2469//3312
f 2468//3308 2465//3310 2469//3312
f 3530//3313 2465//3310 2470//3314
f 2487//3302 2482//3303 2461//3267
f 2466//3299 2489//3315 2467//3311
f 2489//3315 2468//3308 2467//3311
f 2470//3314 2445//3266 2463//3269
f 2529//3316 2445//3266 2470//3314
f 2463//3269 3530//3313 2470//3314
f 2466//3299 2469//3312 2463//3269
f 2466//3299 2467//3311 2469//3312
f 2530//3270 2445//3266 2529//3316
f 2465//3310 2472//3307 2470//3314
f 2473//3317 2470//3314 2472//3307
f 2473//3317 2497//3318 2470//3314
f 2473//3317 2472//3307 2499//3319
f 2503//3320 2471//3273 2446//3272
f 2474//3276 2505//3321 3519//3322
f 2474//3276 2508//3323 2505//3321
f 2474//3276 2452//3231 2508//3323
f 2510//3324 2452//3231 2511//3281
f 2452//3231 2510//3324 2509//3325
f 3532//3279 2476//3326 2456//3284
f 2476//3326 2477//3291 2456//3284
f 2477//3291 2479//3327 2478//3292
f 2480//3258 2458//3262 2481//3295
f 2481//3295 3528//3328 3534//3329
f 2481//3295 3534//3329 3535//3330
f 2480//3258 2481//3295 3535//3330
f 2477//3291 2476//3326 2479//3327
f 2516//3331 2479//3327 2476//3326
f 3554//3332 2480//3258 3535//3330
f 2468//3308 2491//3333 2483//3309
f 2498//3334 2499//3319 2472//3307
f 2483//3309 2498//3334 2472//3307
f 2485//3335 2487//3302 2484//3306
f 2487//3302 2485//3335 2490//3336
f 2486//3337 3543//3338 3536//3339
f 3537//3340 3545//3341 3544//3342
f 3538//3343 2483//3309 2491//3333
f 3538//3343 2498//3334 2483//3309
f 3538//3343 2501//3344 2498//3334
f 2485//3335 2484//3306 2500//3345
f 3536//3339 3549//3346 2486//3337
f 3550//3347 2486//3337 3549//3346
f 2493//3304 2500//3345 2484//3306
f 2487//3302 2490//3336 2482//3303
f 2482//3303 2490//3336 2488//3297
f 2488//3297 2490//3336 3540//3348
f 2466//3299 3539//3301 3541//3349
f 2489//3315 2491//3333 2468//3308
f 3544//3342 3545//3341 3542//3350
f 2492//3305 2471//3273 2503//3320
f 2492//3305 2495//3351 2493//3304
f 3548//3352 2494//3353 2493//3304
f 2493//3304 2494//3353 2500//3345
f 3548//3352 2496//3354 2494//3353
f 2519//3355 2495//3351 2492//3305
f 2496//3354 2518//3356 2502//3357
f 3546//3358 2499//3319 2498//3334
f 2501//3344 3546//3358 2498//3334
f 2496//3354 2499//3319 3546//3358
f 2502//3357 2499//3319 2496//3354
f 2499//3319 2502//3357 2473//3317
f 3547//3359 3550//3347 3549//3346
f 2502//3357 2497//3318 2473//3317
f 2504//3360 2502//3357 2518//3356
f 2497//3318 2502//3357 2504//3360
f 2497//3318 2529//3316 2470//3314
f 2506//3361 2503//3320 2446//3272
f 2517//3362 2492//3305 2503//3320
f 2529//3316 2497//3318 2504//3360
f 2520//3363 2529//3316 2504//3360
f 2520//3363 2504//3360 2518//3356
f 2506//3361 3519//3322 2505//3321
f 2522//3364 2506//3361 2505//3321
f 2523//3365 2506//3361 2522//3364
f 2536//3366 2522//3364 2505//3321
f 2505//3321 2508//3323 2507//3367
f 2505//3321 2507//3367 2536//3366
f 2508//3323 2509//3325 2548//3368
f 2547//3369 2507//3367 2508//3323
f 2508//3323 2452//3231 2509//3325
f 2509//3325 2553//3370 2548//3368
f 2553//3370 2509//3325 2554//3371
f 2568//3372 2509//3325 3551//3373
f 2554//3371 2509//3325 2568//3372
f 3552//3374 2512//3375 2558//3376
f 3552//3374 2558//3376 2571//3377
f 2511//3281 2453//3256 2512//3375
f 2512//3375 2453//3256 2513//3378
f 2558//3376 2512//3375 2564//3379
f 2513//3378 2564//3379 2512//3375
f 2514//3380 2564//3379 2513//3378
f 2513//3378 2453//3256 2480//3258
f 2480//3258 3554//3332 2514//3380
f 2480//3258 2514//3380 2513//3378
f 2515//3240 3533//3381 2475//3275
f 2515//3240 2530//3270 3555//3382
f 2515//3240 3555//3382 3533//3381
f 2530//3270 3553//3383 3556//3384
f 2496//3354 3548//3352 3557//3385
f 3557//3385 2518//3356 2496//3354
f 2492//3305 2517//3362 2519//3355
f 2517//3362 2574//3386 2519//3355
f 3573//3387 2521//3388 3557//3385
f 2521//3388 2526//3389 2525//3390
f 2526//3389 2521//3388 3573//3387
f 2521//3388 2518//3356 3557//3385
f 2520//3363 2518//3356 2521//3388
f 2520//3363 2521//3388 2525//3390
f 2527//3391 2520//3363 2525//3390
f 2524//3392 2523//3365 2533//3393
f 2524//3392 2578//3394 2575//3395
f 2523//3365 2503//3320 2506//3361
f 2517//3362 2503//3320 2523//3365
f 2524//3392 2517//3362 2523//3365
f 2524//3392 2574//3386 2517//3362
f 2544//3396 2542//3397 2525//3390
f 2544//3396 2525//3390 2526//3389
f 2585//3398 2544//3396 2526//3389
f 2527//3391 2525//3390 2550//3399
f 2525//3390 2542//3397 2552//3400
f 2525//3390 2552//3400 2550//3399
f 2527//3391 2550//3399 2556//3401
f 2520//3363 2528//3402 2529//3316
f 2520//3363 2527//3391 2528//3402
f 2563//3403 2529//3316 2528//3402
f 2530//3270 2529//3316 2563//3403
f 2530//3270 2561//3404 2567//3405
f 2531//3406 2522//3364 2536//3366
f 2532//3407 2523//3365 2522//3364
f 2532//3407 2522//3364 2531//3406
f 2532//3407 2533//3393 2523//3365
f 2535//3408 2533//3393 2532//3407
f 2532//3407 2531//3406 2534//3409
f 2534//3409 2531//3406 2545//3410
f 2535//3408 2578//3394 2533//3393
f 2578//3394 2524//3392 2533//3393
f 2535//3408 2532//3407 2534//3409
f 2579//3411 2578//3394 2535//3408
f 2580//3412 2535//3408 2534//3409
f 2580//3412 2534//3409 3560//3413
f 2580//3412 3560//3413 2582//3414
f 2536//3366 2507//3367 2538//3415
f 2537//3416 2507//3367 2547//3369
f 2538//3415 2531//3406 2536//3366
f 2537//3416 2547//3369 2551//3417
f 2538//3415 2507//3367 2537//3416
f 2537//3416 2551//3417 2540//3418
f 2537//3416 2541//3419 2538//3415
f 2543//3420 3564//3421 2539//3422
f 3564//3421 2543//3420 3558//3423
f 2531//3406 2538//3415 2545//3410
f 2545//3410 2538//3415 2541//3419
f 2537//3416 2540//3418 3559//3424
f 2543//3420 2542//3397 2544//3396
f 2543//3420 2539//3422 2542//3397
f 2581//3425 3558//3423 2543//3420
f 2545//3410 2541//3419 2546//3426
f 2540//3418 3561//3427 3559//3424
f 2543//3420 2544//3396 2585//3398
f 2581//3425 3562//3428 3558//3423
f 3563//3429 2582//3414 3560//3413
f 2547//3369 2508//3323 2548//3368
f 2551//3417 2547//3369 2548//3368
f 3564//3421 2548//3368 2549//3430
f 2552//3400 2549//3430 2550//3399
f 2556//3401 2550//3399 2549//3430
f 3564//3421 2549//3430 2552//3400
f 2542//3397 2539//3422 2552//3400
f 2539//3422 3564//3421 2552//3400
f 2555//3431 2548//3368 2553//3370
f 2555//3431 2553//3370 2554//3371
f 2554//3371 2568//3372 2555//3431
f 2555//3431 2549//3430 2548//3368
f 2555//3431 2556//3401 2549//3430
f 2555//3431 2570//3432 2556//3401
f 2527//3391 2556//3401 2570//3432
f 2528//3402 2527//3391 2570//3432
f 2563//3403 2528//3402 2557//3433
f 2571//3377 2558//3376 2560//3434
f 2562//3435 3565//3436 2559//3437
f 2572//3438 3565//3436 2562//3435
f 2561//3404 2559//3437 2567//3405
f 2567//3405 2559//3437 2566//3439
f 2563//3403 2559//3437 2561//3404
f 2566//3439 2559//3437 3565//3436
f 2563//3403 2562//3435 2559//3437
f 2530//3270 2563//3403 2561//3404
f 2563//3403 2557//3433 2562//3435
f 3567//3440 2558//3376 2564//3379
f 2567//3405 2565//3441 2530//3270
f 3566//3442 3568//3443 2564//3379
f 3567//3440 2560//3434 2558//3376
f 2567//3405 2566//3439 2565//3441
f 2565//3441 3553//3383 2530//3270
f 3566//3442 2564//3379 2514//3380
f 3569//3444 2555//3431 2568//3372
f 2568//3372 3551//3373 2569//3445
f 3551//3373 3552//3374 2569//3445
f 2569//3445 3552//3374 2571//3377
f 2569//3445 2571//3377 2573//3446
f 2568//3372 2569//3445 3569//3444
f 3569//3444 2569//3445 2573//3446
f 2528//3402 2570//3432 2557//3433
f 2557//3433 2570//3432 3571//3447
f 2571//3377 2560//3434 3570//3448
f 2571//3377 3570//3448 2573//3446
f 2572//3438 2562//3435 3572//3449
f 3572//3449 2562//3435 2557//3433
f 2583//3450 2575//3395 2578//3394
f 2583//3450 2577//3451 2575//3395
f 2576//3452 2526//3389 3573//3387
f 2524//3392 2575//3395 2574//3386
f 2585//3398 2526//3389 2576//3452
f 3574//3453 2575//3395 2576//3452
f 2575//3395 2577//3451 2576//3452
f 2577//3451 2583//3450 2584//3454
f 2577//3451 2584//3454 2576//3452
f 2576//3452 2584//3454 2585//3398
f 2583//3450 2579//3411 2586//3455
f 2578//3394 2579//3411 2583//3450
f 2535//3408 2580//3412 2579//3411
f 2579//3411 2580//3412 2586//3455
f 2586//3455 2580//3412 3575//3456
f 2581//3425 2585//3398 2587//3457
f 2585//3398 2581//3425 2543//3420
f 3562//3428 2581//3425 3576//3458
f 2583//3450 2586//3455 2584//3454
f 2584//3454 2586//3455 2587//3457
f 2587//3457 2585//3398 2584//3454
f 2587//3457 2586//3455 3577//3459
f 2581//3425 2587//3457 3576//3458
