# Blender 4.0.2
# www.blender.org
mtllib skull_left_palatine_bone.mtl
o skull_left_palatine_bone
v 0.071345 -0.003299 0.001234
v 0.070835 -0.003309 0.001350
v 0.071338 -0.002939 0.001336
v 0.070997 -0.002929 0.001425
v 0.070977 -0.001279 0.001243
v 0.071637 -0.002979 0.001128
v 0.071573 -0.002119 0.001138
v 0.069435 -0.002779 0.001425
v 0.069289 -0.000379 0.001110
v 0.064907 -0.004049 0.001412
v 0.062109 -0.000799 0.001028
v 0.060773 -0.004479 0.000845
v 0.060313 -0.003609 0.001134
v 0.058506 -0.000939 0.000949
v 0.058327 -0.000289 0.000844
v 0.056908 -0.000299 0.000953
v 0.055155 -0.004169 0.001165
v 0.055974 -0.000699 0.001069
v 0.055334 -0.000279 0.000949
v 0.052592 -0.002979 0.001543
v 0.053487 -0.000479 0.001177
v 0.050996 -0.003849 0.000933
v 0.050467 -0.001239 0.001191
v 0.050155 -0.002729 0.001143
v 0.051072 -0.000309 0.000934
v 0.071654 -0.003299 0.000844
v 0.070719 -0.003929 0.000838
v 0.071584 -0.003129 0.000159
v 0.071183 -0.003869 0.000271
v 0.071800 -0.002579 0.000789
v 0.071558 -0.001069 0.000741
v 0.070995 0.001371 -0.000870
v 0.071800 0.000351 -0.001217
v 0.069943 -0.004369 -0.000782
v 0.069758 0.000991 0.000352
v 0.069210 0.001441 -0.000104
v 0.069758 0.001461 -0.001489
v 0.064282 -0.004709 0.000185
v 0.064073 0.000571 -0.000626
v 0.063842 -0.000019 0.000607
v 0.061097 -0.004839 -0.000243
v 0.061103 0.000111 0.000027
v 0.056661 -0.004689 -0.000030
v 0.057245 0.000141 0.000546
v 0.058690 0.000111 0.000243
v 0.057097 0.000261 -0.000046
v 0.058225 0.000141 -0.000627
v 0.055013 0.000081 0.000541
v 0.054774 0.000191 -0.000052
v 0.054546 -0.000089 -0.001164
v 0.052066 -0.004239 0.000821
v 0.052000 -0.004469 -0.000208
v 0.052807 0.000271 0.000544
v 0.052752 0.000271 -0.000352
v 0.050359 -0.003849 0.000557
v 0.050980 -0.004269 0.000279
v 0.050378 -0.003989 0.000229
v 0.049776 -0.003249 0.000258
v 0.050973 -0.004249 -0.000099
v 0.050432 -0.003789 -0.000441
v 0.049631 -0.001849 0.000822
v 0.049755 -0.001199 0.000537
v 0.049553 -0.002099 0.000239
v 0.049791 -0.001519 -0.000061
v 0.050099 -0.000879 -0.000056
v 0.050378 -0.001259 -0.000628
v 0.050089 -0.002639 -0.000741
v 0.050400 -0.000589 0.000825
v 0.050994 0.000001 0.000555
v 0.051077 0.000111 0.000241
v 0.050632 -0.000129 0.000269
v 0.050991 -0.000059 -0.000111
v 0.051675 -0.000039 -0.000469
v 0.071301 0.001201 -0.001640
v 0.071582 0.000011 -0.003116
v 0.070733 0.000271 -0.003738
v 0.053484 -0.000679 -0.001772
v 0.053362 -0.001639 -0.003697
v 0.051916 -0.003039 -0.003188
v 0.052379 -0.002399 -0.003567
v 0.051648 -0.004089 -0.001723
v 0.051589 -0.001539 -0.001792
v 0.039546 0.029121 -0.002817
v 0.039644 0.030271 -0.002770
v 0.039740 0.029701 -0.003073
v 0.039772 0.029111 -0.003398
v 0.039743 0.030301 -0.003394
v 0.039611 0.029701 -0.003692
v 0.039508 0.030891 -0.003747
v 0.038866 0.029731 -0.002411
v 0.038739 0.028821 -0.002763
v 0.037733 0.028531 -0.003422
v 0.039222 0.028311 -0.003679
v 0.039231 0.030881 -0.002588
v 0.038484 0.031091 -0.002524
v 0.039529 0.031091 -0.003063
v 0.038936 0.031731 -0.003045
v 0.038336 0.031981 -0.003036
v 0.037437 0.032061 -0.003068
v 0.039287 0.031501 -0.003369
v 0.038900 0.031851 -0.003371
v 0.038045 0.032241 -0.003364
v 0.038873 0.031791 -0.003695
v 0.036255 0.028521 -0.003347
v 0.036186 0.031381 -0.003009
v 0.036013 0.031991 -0.003476
v 0.036823 0.032421 -0.003706
v 0.034274 0.027901 -0.003347
v 0.035059 0.029201 -0.003010
v 0.033856 0.028231 -0.003151
v 0.031511 0.025731 -0.003369
v 0.030853 0.025531 -0.003392
v 0.031262 0.025521 -0.003661
v 0.030857 0.025371 -0.003650
v 0.030549 0.025351 -0.003651
v 0.030102 0.025511 -0.003719
v 0.031552 0.026281 -0.003130
v 0.030535 0.025831 -0.003394
v 0.030614 0.026511 -0.003477
v 0.031893 0.025951 -0.003676
v 0.071407 -0.000989 -0.003936
v 0.071393 -0.000599 -0.004979
v 0.071023 -0.000229 -0.005176
v 0.070317 -0.000109 -0.005097
v 0.053832 -0.004279 -0.005258
v 0.053395 -0.003059 -0.005974
v 0.040155 0.027901 -0.004650
v 0.040155 0.027321 -0.005147
v 0.040518 0.027601 -0.005447
v 0.039760 0.026441 -0.006033
v 0.040455 0.026611 -0.005761
v 0.039855 0.028441 -0.003947
v 0.039868 0.028731 -0.004019
v 0.039597 0.029111 -0.004343
v 0.039517 0.027881 -0.004546
v 0.037634 0.028111 -0.004871
v 0.038835 0.030241 -0.005301
v 0.038405 0.030341 -0.006017
v 0.039019 0.031461 -0.004018
v 0.038070 0.032241 -0.003951
v 0.037452 0.032471 -0.003962
v 0.037443 0.032261 -0.004575
v 0.038071 0.031641 -0.004955
v 0.037389 0.031681 -0.005466
v 0.035780 0.028361 -0.004419
v 0.036745 0.032361 -0.004621
v 0.036505 0.031951 -0.005537
v 0.035012 0.031921 -0.005831
v 0.034754 0.028001 -0.003940
v 0.033567 0.027311 -0.003935
v 0.033516 0.027581 -0.004570
v 0.032730 0.031111 -0.005266
v 0.034247 0.031891 -0.005422
v 0.030762 0.025421 -0.003994
v 0.030223 0.025281 -0.003968
v 0.031474 0.025831 -0.003993
v 0.032317 0.029801 -0.003966
v 0.029062 0.025291 -0.004567
v 0.029091 0.025241 -0.004841
v 0.028198 0.025541 -0.005044
v 0.029247 0.025471 -0.005137
v 0.028401 0.025271 -0.005541
v 0.027855 0.025161 -0.005747
v 0.029222 0.026201 -0.004322
v 0.028101 0.026781 -0.005503
v 0.027261 0.025521 -0.006099
v 0.027202 0.025871 -0.006138
v 0.068787 -0.003669 -0.006510
v 0.070752 -0.001199 -0.007847
v 0.069975 -0.000399 -0.007399
v 0.070593 -0.000589 -0.007810
v 0.057264 -0.004529 -0.007292
v 0.052868 0.020111 -0.007992
v 0.047302 0.019221 -0.007497
v 0.048545 0.020421 -0.007821
v 0.048663 0.021641 -0.008743
v 0.046864 0.017941 -0.007236
v 0.047000 0.016491 -0.007565
v 0.045453 0.017351 -0.007548
v 0.046123 0.019271 -0.007521
v 0.046776 0.019811 -0.007774
v 0.045867 0.020101 -0.007982
v 0.044742 0.020361 -0.007903
v 0.046491 0.020461 -0.008437
v 0.045480 0.020581 -0.008454
v 0.044445 0.019971 -0.007774
v 0.043476 0.020651 -0.007893
v 0.043553 0.019101 -0.008255
v 0.043755 0.021001 -0.007948
v 0.043155 0.021601 -0.007953
v 0.042550 0.021441 -0.007974
v 0.043817 0.021461 -0.008481
v 0.042872 0.022481 -0.008482
v 0.040755 0.025521 -0.006486
v 0.041055 0.024601 -0.006921
v 0.040335 0.025021 -0.006891
v 0.041444 0.024831 -0.007343
v 0.040856 0.026101 -0.006947
v 0.038733 0.029121 -0.006909
v 0.035316 0.031521 -0.006469
v 0.032765 0.031361 -0.007451
v 0.033445 0.031121 -0.007763
v 0.032820 0.030791 -0.008286
v 0.032248 0.031271 -0.006945
v 0.031808 0.030951 -0.007914
v 0.032108 0.030341 -0.008634
v 0.028244 0.028311 -0.006428
v 0.027494 0.025341 -0.006402
v 0.026367 0.026101 -0.007435
v 0.026587 0.025801 -0.007547
v 0.027414 0.026061 -0.007582
v 0.026065 0.026091 -0.008064
v 0.026310 0.025871 -0.008209
v 0.025832 0.026401 -0.008247
v 0.069181 -0.001309 -0.010418
v 0.068768 -0.000109 -0.009852
v 0.069782 -0.000169 -0.009953
v 0.069855 -0.000599 -0.010636
v 0.066307 -0.004379 -0.008737
v 0.066287 -0.003209 -0.009994
v 0.065100 -0.004559 -0.010525
v 0.065379 -0.004429 -0.010818
v 0.062552 -0.000339 -0.010141
v 0.062410 0.017421 -0.010851
v 0.061583 0.018291 -0.010583
v 0.062348 0.018301 -0.011091
v 0.061397 -0.000409 -0.008330
v 0.060438 0.008181 -0.010781
v 0.060309 0.018551 -0.009959
v 0.059328 0.019831 -0.010275
v 0.060278 0.019181 -0.010839
v 0.058128 -0.005129 -0.010398
v 0.056632 -0.001629 -0.010208
v 0.058777 0.020241 -0.010568
v 0.058500 0.020071 -0.010906
v 0.057952 0.020031 -0.011011
v 0.057553 0.020691 -0.010859
v 0.057355 0.019691 -0.011083
v 0.056798 0.021601 -0.009670
v 0.057420 0.021551 -0.010283
v 0.057588 0.021211 -0.010570
v 0.057140 0.021841 -0.010647
v 0.056393 0.023081 -0.010521
v 0.057001 0.021651 -0.010898
v 0.055105 -0.005499 -0.010191
v 0.056258 -0.005929 -0.010810
v 0.054226 -0.003309 -0.008835
v 0.054663 -0.004919 -0.010052
v 0.054434 -0.003339 -0.010588
v 0.054623 -0.002659 -0.008823
v 0.054822 -0.002699 -0.010456
v 0.054743 0.018891 -0.011533
v 0.056312 0.021211 -0.011114
v 0.054187 0.024521 -0.010212
v 0.052507 0.022761 -0.009055
v 0.049794 0.024311 -0.009694
v 0.047093 0.020891 -0.009071
v 0.047009 0.020881 -0.009986
v 0.047104 0.020571 -0.010876
v 0.048615 0.022441 -0.009358
v 0.047874 0.021531 -0.009292
v 0.047954 0.021891 -0.009458
v 0.047658 0.022251 -0.009842
v 0.047323 0.022811 -0.010063
v 0.047012 0.023151 -0.010154
v 0.047499 0.021311 -0.010196
v 0.047477 0.021891 -0.010279
v 0.047225 0.022491 -0.010259
v 0.047462 0.020991 -0.010816
v 0.047546 0.021301 -0.010875
v 0.047077 0.022251 -0.010875
v 0.047556 0.023351 -0.009966
v 0.048654 0.026401 -0.011217
v 0.046541 0.013071 -0.009606
v 0.045381 0.013481 -0.009961
v 0.044937 0.013721 -0.009975
v 0.046037 0.013051 -0.010410
v 0.045258 0.013681 -0.010244
v 0.044739 0.014221 -0.009554
v 0.044841 0.013841 -0.010287
v 0.045241 0.014241 -0.010681
v 0.046163 0.020751 -0.009321
v 0.045226 0.020911 -0.009338
v 0.045870 0.020701 -0.009957
v 0.045189 0.020861 -0.009968
v 0.045512 0.020451 -0.010550
v 0.046454 0.020281 -0.010841
v 0.046535 0.023101 -0.010527
v 0.045072 0.025211 -0.009788
v 0.046057 0.024211 -0.010086
v 0.045809 0.023711 -0.010513
v 0.046322 0.025871 -0.010002
v 0.043702 0.015031 -0.009790
v 0.044060 0.014101 -0.010528
v 0.043382 0.014491 -0.010557
v 0.043710 0.014561 -0.011014
v 0.044023 0.021541 -0.009618
v 0.042336 0.023001 -0.009754
v 0.043829 0.021291 -0.010797
v 0.044425 0.024791 -0.010285
v 0.043664 0.025251 -0.010522
v 0.043818 0.024791 -0.011027
v 0.044406 0.026691 -0.009540
v 0.044078 0.026631 -0.009548
v 0.044046 0.027021 -0.009513
v 0.044068 0.027561 -0.009613
v 0.043770 0.026991 -0.009643
v 0.044424 0.027581 -0.009840
v 0.044079 0.025761 -0.009850
v 0.044059 0.027891 -0.009808
v 0.043768 0.027581 -0.009678
v 0.043792 0.026141 -0.009949
v 0.043525 0.027241 -0.009950
v 0.043542 0.027611 -0.009985
v 0.043607 0.026121 -0.010304
v 0.043516 0.027291 -0.010323
v 0.043706 0.027941 -0.010644
v 0.043687 0.026451 -0.010899
v 0.044387 0.028271 -0.010348
v 0.043836 0.028191 -0.010288
v 0.037750 0.026941 -0.010301
v 0.037106 0.026751 -0.010867
v 0.035667 0.029551 -0.008876
v 0.035301 0.028251 -0.010077
v 0.028503 0.025261 -0.010058
v 0.028155 0.024771 -0.010847
v 0.028320 0.026511 -0.008537
v 0.026750 0.025721 -0.009637
v 0.026094 0.025691 -0.009918
v 0.026998 0.025381 -0.010242
v 0.026674 0.025471 -0.010530
v 0.025985 0.027621 -0.008700
v 0.025646 0.026971 -0.008612
v 0.026406 0.025851 -0.008985
v 0.025843 0.027601 -0.009309
v 0.025452 0.026101 -0.009291
v 0.025207 0.026401 -0.009306
v 0.025303 0.027031 -0.009326
v 0.025756 0.027371 -0.009650
v 0.025511 0.026051 -0.009954
v 0.025292 0.026401 -0.009951
v 0.025482 0.026691 -0.010067
v 0.028038 0.027331 -0.010330
v 0.025885 0.026771 -0.010225
v 0.026718 0.026141 -0.010802
v 0.026028 0.026101 -0.010520
v 0.027713 0.026121 -0.010938
v 0.027355 0.028711 -0.008555
v 0.027159 0.028391 -0.009327
v 0.025164 0.026691 -0.009310
v 0.025160 0.026401 -0.009636
v 0.025168 0.026711 -0.009650
v 0.068803 -0.000529 -0.011841
v 0.068692 0.000561 -0.012488
v 0.068198 0.000651 -0.011770
v 0.067470 0.001371 -0.012956
v 0.068355 0.000601 -0.013274
v 0.068031 0.001361 -0.013248
v 0.066858 0.013271 -0.012599
v 0.066401 0.011601 -0.012853
v 0.067141 0.014111 -0.012942
v 0.067069 0.014131 -0.013290
v 0.065056 -0.004579 -0.011203
v 0.064527 -0.004609 -0.010743
v 0.065652 -0.003919 -0.011518
v 0.065355 -0.004389 -0.011438
v 0.065350 -0.004489 -0.012016
v 0.064716 -0.004759 -0.012024
v 0.065509 -0.004199 -0.012340
v 0.065326 -0.004489 -0.012399
v 0.065009 -0.004699 -0.012339
v 0.065471 -0.003879 -0.012616
v 0.065320 -0.004209 -0.012936
v 0.065270 -0.003579 -0.012936
v 0.064745 -0.004669 -0.012983
v 0.065198 -0.003889 -0.013263
v 0.065442 -0.002979 -0.011896
v 0.066079 -0.000979 -0.012327
v 0.065696 0.014611 -0.011874
v 0.065727 0.015631 -0.012352
v 0.065848 0.015571 -0.012947
v 0.065693 0.015271 -0.013320
v 0.065261 0.014801 -0.013525
v 0.064387 0.016821 -0.011769
v 0.064712 0.016811 -0.012088
v 0.064212 0.018181 -0.012321
v 0.065028 0.016761 -0.012636
v 0.064161 0.018191 -0.012687
v 0.064803 0.016721 -0.013123
v 0.064055 0.017281 -0.013107
v 0.063504 0.018501 -0.011727
v 0.061562 -0.004119 -0.011200
v 0.063620 -0.004839 -0.013209
v 0.062848 -0.004479 -0.013096
v 0.062272 -0.000019 -0.011370
v 0.062336 0.000351 -0.011946
v 0.061390 0.000111 -0.012036
v 0.061911 0.000901 -0.012728
v 0.062801 0.006201 -0.012442
v 0.062006 0.018341 -0.012038
v 0.063422 0.018181 -0.012775
v 0.061695 0.018601 -0.011107
v 0.061412 0.018721 -0.011160
v 0.062380 0.018601 -0.011481
v 0.062121 0.018601 -0.011638
v 0.061763 0.018631 -0.011453
v 0.063477 0.018721 -0.012302
v 0.059674 -0.000719 -0.011905
v 0.061195 -0.000379 -0.011093
v 0.059696 -0.000389 -0.012671
v 0.059468 0.000391 -0.013483
v 0.061161 0.003021 -0.013498
v 0.059867 0.004681 -0.012621
v 0.060400 0.015621 -0.012612
v 0.060141 0.018391 -0.011673
v 0.060166 0.019101 -0.011136
v 0.061123 0.018701 -0.011436
v 0.058276 -0.000679 -0.012829
v 0.057104 -0.000619 -0.013061
v 0.056605 -0.000249 -0.013164
v 0.055110 -0.005979 -0.011788
v 0.054492 -0.005339 -0.011705
v 0.054061 -0.003949 -0.011692
v 0.054069 -0.003509 -0.011745
v 0.054506 -0.002639 -0.011693
v 0.055805 -0.001589 -0.012013
v 0.054742 -0.001499 -0.012591
v 0.056223 0.021981 -0.011350
v 0.055367 0.023101 -0.012044
v 0.055716 0.024261 -0.011461
v 0.055394 0.024121 -0.012274
v 0.053820 -0.005719 -0.012983
v 0.053606 -0.004269 -0.012300
v 0.053672 -0.003579 -0.012202
v 0.053072 -0.003529 -0.012553
v 0.052700 -0.004199 -0.012795
v 0.051831 -0.004529 -0.013222
v 0.053931 -0.002189 -0.012451
v 0.053873 -0.001149 -0.012813
v 0.053092 -0.002049 -0.012721
v 0.051862 -0.003069 -0.012843
v 0.051769 -0.001169 -0.013398
v 0.053655 0.000901 -0.013236
v 0.053355 0.002401 -0.013423
v 0.052560 0.019591 -0.013006
v 0.054064 0.021621 -0.011730
v 0.052656 0.022091 -0.013614
v 0.053557 0.025571 -0.011309
v 0.053966 0.026011 -0.013240
v 0.049724 0.008401 -0.012347
v 0.049427 0.009451 -0.013261
v 0.048007 0.017531 -0.012497
v 0.047777 0.020701 -0.011468
v 0.047851 0.019801 -0.011879
v 0.048501 0.020031 -0.012361
v 0.048356 0.020701 -0.012321
v 0.048653 0.020341 -0.012809
v 0.048876 0.019121 -0.013265
v 0.047447 0.021661 -0.011480
v 0.047753 0.021291 -0.011807
v 0.048251 0.021021 -0.012739
v 0.046615 0.015291 -0.012046
v 0.045665 0.018161 -0.011986
v 0.046818 0.016161 -0.012226
v 0.046783 0.016991 -0.012074
v 0.046050 0.016591 -0.012296
v 0.046109 0.017141 -0.012213
v 0.045788 0.016181 -0.012077
v 0.046531 0.019691 -0.011249
v 0.045270 0.019791 -0.011245
v 0.046067 0.023131 -0.011106
v 0.046390 0.022741 -0.012389
v 0.045405 0.028711 -0.011712
v 0.044615 0.028921 -0.011405
v 0.044984 0.029181 -0.011896
v 0.044434 0.028821 -0.012143
v 0.044693 0.029291 -0.012221
v 0.044504 0.028101 -0.012294
v 0.044078 0.018001 -0.012936
v 0.044143 0.018821 -0.013048
v 0.044009 0.019321 -0.012880
v 0.042714 0.020501 -0.013006
v 0.042631 0.019591 -0.013212
v 0.042577 0.021491 -0.012116
v 0.043276 0.025231 -0.011223
v 0.042955 0.024891 -0.013227
v 0.042858 0.025201 -0.013247
v 0.043406 0.025801 -0.011147
v 0.043892 0.026081 -0.011796
v 0.044335 0.028771 -0.011524
v 0.041427 0.015881 -0.011750
v 0.040255 0.017551 -0.011334
v 0.041416 0.016721 -0.012474
v 0.040023 0.022151 -0.012845
v 0.037586 0.019351 -0.011990
v 0.038675 0.024361 -0.011937
v 0.036539 0.021181 -0.011175
v 0.036255 0.020491 -0.012347
v 0.036295 0.026141 -0.011250
v 0.032655 0.023231 -0.011147
v 0.033255 0.023401 -0.011937
v 0.027855 0.025201 -0.011211
v 0.067429 0.001161 -0.014515
v 0.066677 0.002951 -0.014190
v 0.067879 0.002401 -0.014747
v 0.067837 0.002101 -0.015047
v 0.067870 0.003601 -0.015347
v 0.067531 0.005411 -0.015315
v 0.067151 0.006201 -0.015641
v 0.067703 0.004841 -0.015636
v 0.066831 0.005841 -0.015847
v 0.066105 0.007841 -0.014083
v 0.066054 0.008391 -0.014158
v 0.065997 0.008741 -0.014154
v 0.066263 0.008021 -0.014473
v 0.066696 0.006401 -0.014580
v 0.067099 0.006851 -0.015029
v 0.066538 0.007491 -0.014975
v 0.066483 0.006831 -0.015412
v 0.066150 0.009441 -0.014145
v 0.066649 0.010531 -0.014426
v 0.066522 0.011091 -0.014641
v 0.066119 0.009541 -0.014430
v 0.067579 0.012891 -0.013487
v 0.067489 0.012121 -0.013846
v 0.067650 0.012961 -0.013806
v 0.067393 0.013351 -0.013831
v 0.067338 0.012631 -0.014275
v 0.066959 0.012541 -0.014386
v 0.066314 0.014341 -0.013621
v 0.064769 -0.004199 -0.013702
v 0.064691 -0.003869 -0.013951
v 0.064609 -0.003269 -0.013807
v 0.064137 -0.004189 -0.014209
v 0.064686 0.000691 -0.014982
v 0.065446 0.001491 -0.015200
v 0.064474 0.001261 -0.015720
v 0.064518 0.006171 -0.015406
v 0.065672 0.008651 -0.013761
v 0.065949 0.008401 -0.014500
v 0.065869 0.008731 -0.014448
v 0.065634 0.008431 -0.014622
v 0.065663 0.008701 -0.014581
v 0.064803 0.008681 -0.014612
v 0.065946 0.007971 -0.014755
v 0.065621 0.007491 -0.014965
v 0.065828 0.009381 -0.013737
v 0.065699 0.009131 -0.014586
v 0.065358 0.009011 -0.014631
v 0.065111 0.010561 -0.014585
v 0.062120 -0.004089 -0.014029
v 0.061420 -0.003979 -0.014049
v 0.063177 -0.004109 -0.014539
v 0.061719 -0.003919 -0.014532
v 0.063702 -0.001479 -0.014639
v 0.063324 -0.003009 -0.015073
v 0.063158 -0.002339 -0.015348
v 0.062212 -0.003029 -0.015415
v 0.063129 -0.002099 -0.015693
v 0.063313 -0.001269 -0.015653
v 0.062955 -0.002489 -0.015647
v 0.062655 -0.002779 -0.015647
v 0.062738 0.010421 -0.014074
v 0.060296 -0.004139 -0.013545
v 0.059120 -0.004449 -0.013525
v 0.059689 -0.004379 -0.014158
v 0.060555 -0.004359 -0.014430
v 0.060963 -0.003839 -0.015134
v 0.059933 -0.004479 -0.014747
v 0.059307 -0.004479 -0.014765
v 0.060268 -0.004419 -0.015035
v 0.059337 -0.004469 -0.015347
v 0.059335 -0.004249 -0.015736
v 0.057410 -0.001019 -0.015970
v 0.058674 -0.000029 -0.013477
v 0.058464 0.000681 -0.013674
v 0.057885 -0.000599 -0.015730
v 0.057916 -0.000019 -0.015892
v 0.056906 0.001171 -0.015887
v 0.054995 -0.006829 -0.014058
v 0.056330 -0.006889 -0.014926
v 0.054232 0.024491 -0.013509
v 0.054165 0.025681 -0.013744
v 0.051882 -0.005659 -0.013959
v 0.052544 -0.006689 -0.014982
v 0.052625 0.014331 -0.015627
v 0.053521 0.024991 -0.015429
v 0.053683 0.026411 -0.014160
v 0.053043 0.026951 -0.014225
v 0.053868 0.026091 -0.014390
v 0.053575 0.026751 -0.014578
v 0.053876 0.025791 -0.014710
v 0.053809 0.026391 -0.014728
v 0.053891 0.026711 -0.015427
v 0.050510 -0.005579 -0.013902
v 0.050135 -0.005599 -0.014040
v 0.050396 -0.006309 -0.014443
v 0.050769 -0.006579 -0.014774
v 0.050028 -0.005969 -0.014805
v 0.050392 -0.006699 -0.015085
v 0.050573 -0.006909 -0.015704
v 0.050387 -0.004359 -0.013831
v 0.050565 -0.003559 -0.014193
v 0.050013 -0.005289 -0.014454
v 0.050696 -0.004219 -0.015565
v 0.051054 -0.001819 -0.014773
v 0.050866 -0.002229 -0.015750
v 0.050854 0.001501 -0.015647
v 0.050108 0.008831 -0.014791
v 0.049329 0.011861 -0.013545
v 0.050329 0.011601 -0.014768
v 0.049837 0.014071 -0.014083
v 0.049587 0.018641 -0.015263
v 0.049138 0.017141 -0.013836
v 0.048984 0.020711 -0.015215
v 0.047440 0.022121 -0.013635
v 0.046975 0.023131 -0.015831
v 0.047994 0.030081 -0.015487
v 0.044913 0.025651 -0.015321
v 0.045621 0.027621 -0.014479
v 0.045814 0.026421 -0.015234
v 0.044918 0.029321 -0.014392
v 0.044892 0.029991 -0.014411
v 0.044927 0.030341 -0.015187
v 0.044939 0.029961 -0.015582
v 0.046127 0.030761 -0.014770
v 0.045219 0.030691 -0.014665
v 0.045529 0.031031 -0.014910
v 0.046192 0.031501 -0.015453
v 0.045582 0.031571 -0.015483
v 0.045122 0.031181 -0.015602
v 0.043921 0.024171 -0.014139
v 0.043500 0.025441 -0.014104
v 0.042989 0.024921 -0.014457
v 0.043054 0.025201 -0.014447
v 0.043221 0.024641 -0.014896
v 0.044069 0.025561 -0.015622
v 0.067846 0.003601 -0.015947
v 0.067350 0.003221 -0.016082
v 0.067441 0.004291 -0.016187
v 0.067024 0.004191 -0.016285
v 0.065439 0.004111 -0.016265
v 0.065117 0.003251 -0.016353
v 0.064775 0.003971 -0.016454
v 0.064279 0.002461 -0.016840
v 0.064302 0.003481 -0.016868
v 0.062271 -0.003119 -0.017237
v 0.062915 -0.003209 -0.017410
v 0.062026 -0.002729 -0.015987
v 0.063069 -0.002429 -0.016302
v 0.062655 -0.002739 -0.016247
v 0.062084 -0.002779 -0.016347
v 0.063372 -0.001819 -0.016575
v 0.063430 -0.002959 -0.017719
v 0.063399 -0.002099 -0.018014
v 0.063481 -0.000519 -0.016799
v 0.060816 -0.003019 -0.018017
v 0.059770 -0.002439 -0.015965
v 0.059171 -0.002979 -0.015934
v 0.059018 -0.001829 -0.016010
v 0.060597 -0.002259 -0.016250
v 0.059548 -0.001689 -0.016226
v 0.059922 -0.001609 -0.016830
v 0.061143 -0.002559 -0.017135
v 0.060092 -0.002099 -0.017711
v 0.059861 -0.001819 -0.018057
v 0.059093 -0.000459 -0.017715
v 0.060489 0.003851 -0.016961
v 0.058872 0.002061 -0.017428
v 0.058220 -0.004059 -0.016293
v 0.057436 -0.005379 -0.016350
v 0.057251 -0.004459 -0.016826
v 0.057945 -0.002099 -0.015958
v 0.056452 -0.002129 -0.017665
v 0.057343 0.001131 -0.015973
v 0.056858 0.001611 -0.016066
v 0.058466 -0.000369 -0.016291
v 0.058139 0.000021 -0.016259
v 0.057771 0.000861 -0.016282
v 0.058851 -0.000679 -0.016919
v 0.058319 0.000021 -0.016823
v 0.058064 0.001141 -0.016879
v 0.056345 -0.000649 -0.017805
v 0.056892 0.002161 -0.016624
v 0.057618 0.001801 -0.016819
v 0.057753 0.002831 -0.017236
v 0.056932 0.002701 -0.017118
v 0.057842 0.005131 -0.016609
v 0.054802 -0.007929 -0.016496
v 0.055752 0.001781 -0.016546
v 0.054859 0.003161 -0.017068
v 0.055066 0.003501 -0.017224
v 0.054459 0.003101 -0.017281
v 0.054266 0.003921 -0.017357
v 0.054992 0.002021 -0.017551
v 0.054425 0.005571 -0.017241
v 0.054131 0.028361 -0.017250
v 0.054235 0.028001 -0.017944
v 0.052779 0.004731 -0.017991
v 0.052879 0.005011 -0.017961
v 0.052176 0.005091 -0.018006
v 0.052455 0.005701 -0.018223
v 0.052175 0.004781 -0.018120
v 0.051845 0.004801 -0.018066
v 0.052196 0.009311 -0.018168
v 0.052405 0.013841 -0.016946
v 0.052376 0.011631 -0.017137
v 0.052179 0.013161 -0.017155
v 0.051846 0.013161 -0.017218
v 0.051854 0.012301 -0.017486
v 0.052136 0.014031 -0.017265
v 0.051832 0.013981 -0.017228
v 0.052436 0.029361 -0.017176
v 0.053822 0.029111 -0.017710
v 0.051938 0.030521 -0.018055
v 0.051299 -0.007309 -0.015960
v 0.050403 -0.006579 -0.015884
v 0.050424 -0.005969 -0.015935
v 0.050656 -0.007179 -0.016407
v 0.050504 -0.006849 -0.016538
v 0.050515 -0.005379 -0.016571
v 0.049867 -0.004809 -0.017696
v 0.049753 -0.002169 -0.016988
v 0.049604 -0.001289 -0.017826
v 0.050632 0.001871 -0.017032
v 0.050848 0.003891 -0.017796
v 0.050841 0.006131 -0.016802
v 0.050704 0.005111 -0.016898
v 0.051565 0.005111 -0.017740
v 0.051250 0.005821 -0.017469
v 0.051276 0.004521 -0.018065
v 0.050877 0.006971 -0.017374
v 0.050632 0.008161 -0.017924
v 0.050563 0.009721 -0.017244
v 0.050739 0.009421 -0.017988
v 0.051033 0.013011 -0.016292
v 0.051543 0.013191 -0.016987
v 0.051278 0.011491 -0.017687
v 0.050950 0.014251 -0.016135
v 0.051376 0.014191 -0.016842
v 0.051535 0.016911 -0.018025
v 0.051151 0.017301 -0.017717
v 0.049825 0.020301 -0.016823
v 0.049508 0.022811 -0.018360
v 0.050599 0.030331 -0.017012
v 0.049695 0.031451 -0.017021
v 0.049681 0.032091 -0.017437
v 0.051084 0.030921 -0.017739
v 0.049738 0.032131 -0.018055
v 0.049142 -0.003859 -0.017836
v 0.048855 0.021941 -0.016554
v 0.047744 0.032591 -0.016706
v 0.047673 0.032601 -0.018234
v 0.048141 0.032971 -0.017413
v 0.047091 0.033241 -0.017447
v 0.048080 0.032951 -0.017771
v 0.047073 0.033061 -0.017753
v 0.044762 0.024511 -0.017319
v 0.046148 0.026991 -0.015943
v 0.045901 0.026401 -0.016211
v 0.046114 0.027641 -0.016768
v 0.045983 0.026741 -0.016811
v 0.045514 0.026291 -0.016848
v 0.045902 0.027281 -0.017388
v 0.045802 0.027921 -0.017435
v 0.045506 0.027291 -0.017681
v 0.044656 0.026641 -0.017782
v 0.045164 0.029311 -0.015917
v 0.044941 0.029951 -0.016548
v 0.045421 0.028791 -0.016845
v 0.045136 0.028791 -0.017458
v 0.045233 0.028151 -0.017770
v 0.044781 0.029411 -0.018046
v 0.046781 0.032591 -0.016183
v 0.045544 0.032611 -0.016250
v 0.044945 0.031441 -0.016860
v 0.045578 0.032591 -0.017494
v 0.046497 0.032591 -0.018078
v 0.046142 0.032961 -0.016229
v 0.046537 0.033241 -0.016569
v 0.046168 0.033291 -0.016581
v 0.045865 0.033161 -0.016548
v 0.046509 0.033381 -0.016884
v 0.046139 0.033351 -0.016858
v 0.045563 0.032951 -0.016849
v 0.045889 0.033121 -0.017181
v 0.046467 0.033211 -0.017431
v 0.043755 0.025491 -0.015918
v 0.043664 0.025191 -0.016640
v 0.043889 0.025541 -0.017148
v 0.043946 0.025221 -0.017417
v 0.044376 0.025811 -0.016623
v 0.062617 -0.003679 -0.018292
v 0.061731 -0.003579 -0.018325
v 0.063309 -0.003299 -0.018647
v 0.062936 -0.003659 -0.018602
v 0.062320 -0.003769 -0.018634
v 0.062955 -0.003299 -0.019095
v 0.062313 -0.003699 -0.018927
v 0.063038 -0.000419 -0.018251
v 0.061961 0.002041 -0.018369
v 0.060893 -0.003269 -0.018292
v 0.061215 -0.003499 -0.018652
v 0.060463 -0.002939 -0.018312
v 0.060276 -0.001599 -0.018451
v 0.060481 -0.002969 -0.018633
v 0.060591 -0.002469 -0.018868
v 0.061233 -0.002879 -0.019125
v 0.055486 -0.007989 -0.018323
v 0.055908 -0.006559 -0.018522
v 0.055514 -0.005979 -0.019655
v 0.055721 -0.005759 -0.020541
v 0.056248 -0.003399 -0.019350
v 0.055907 -0.004739 -0.019559
v 0.055624 -0.000549 -0.019530
v 0.056054 -0.002859 -0.019799
v 0.054321 0.028801 -0.018317
v 0.053937 0.029411 -0.018360
v 0.054183 0.028351 -0.018803
v 0.053876 0.029371 -0.018967
v 0.052825 0.004141 -0.018313
v 0.053205 0.003581 -0.018939
v 0.053493 0.002761 -0.019904
v 0.052885 0.003881 -0.019828
v 0.052172 0.004541 -0.018364
v 0.051857 0.004591 -0.018360
v 0.052196 0.004351 -0.018955
v 0.052193 0.004441 -0.020156
v 0.051992 0.007971 -0.018565
v 0.051854 0.017521 -0.018391
v 0.052190 0.020401 -0.018647
v 0.052155 0.018901 -0.018654
v 0.052074 0.021411 -0.018265
v 0.051855 0.021601 -0.019166
v 0.052647 0.025131 -0.019527
v 0.051994 0.025331 -0.020433
v 0.052732 0.030121 -0.019348
v 0.052107 0.030471 -0.019273
v 0.052586 0.030491 -0.018635
v 0.050748 -0.008529 -0.018853
v 0.049880 -0.007849 -0.019216
v 0.050258 -0.007619 -0.018447
v 0.050809 0.000531 -0.019580
v 0.050914 0.003491 -0.018989
v 0.051585 0.004451 -0.018992
v 0.051251 0.004251 -0.019213
v 0.051265 0.004161 -0.020184
v 0.051566 0.004451 -0.020386
v 0.050968 0.007411 -0.018292
v 0.050967 0.008151 -0.018481
v 0.051555 0.007501 -0.018711
v 0.051299 0.009331 -0.018502
v 0.051576 0.020041 -0.018898
v 0.050777 0.021421 -0.018561
v 0.051532 0.021771 -0.019228
v 0.050786 0.023921 -0.019717
v 0.051174 0.030021 -0.019899
v 0.051451 0.030881 -0.018379
v 0.050916 0.031141 -0.018321
v 0.050684 0.031111 -0.018668
v 0.051520 0.030721 -0.018966
v 0.049986 0.031181 -0.018983
v 0.048603 -0.005839 -0.018907
v 0.048001 -0.005769 -0.019254
v 0.047932 -0.005759 -0.019651
v 0.048296 -0.006369 -0.020245
v 0.048290 -0.005089 -0.018647
v 0.048170 -0.004399 -0.018606
v 0.048162 -0.004349 -0.019274
v 0.047856 -0.005099 -0.019254
v 0.048080 -0.005019 -0.019734
v 0.048395 0.024001 -0.018852
v 0.047920 0.026041 -0.020529
v 0.048602 0.032271 -0.018419
v 0.044535 0.027301 -0.018347
v 0.045111 0.025811 -0.019243
v 0.044655 0.027901 -0.019557
v 0.044655 0.028201 -0.018380
v 0.045637 0.030311 -0.019374
v 0.044118 0.026101 -0.018347
v 0.054434 -0.008299 -0.021046
v 0.056220 -0.005169 -0.021111
v 0.056127 -0.004389 -0.021038
v 0.055996 -0.005149 -0.021853
v 0.055702 -0.004479 -0.021851
v 0.054284 -0.002349 -0.022296
v 0.053097 -0.009439 -0.021728
v 0.052977 0.003591 -0.020812
v 0.052906 0.001681 -0.022256
v 0.052160 0.002451 -0.023160
v 0.051845 0.004361 -0.021070
v 0.052155 0.004131 -0.021393
v 0.052692 0.027981 -0.020913
v 0.052479 0.026721 -0.021009
v 0.052105 0.027311 -0.021391
v 0.051639 0.026731 -0.021299
v 0.051827 0.028611 -0.021103
v 0.049843 -0.009049 -0.020748
v 0.049764 -0.009259 -0.021673
v 0.051336 -0.009789 -0.021673
v 0.050618 -0.009819 -0.022179
v 0.051067 -0.009859 -0.022616
v 0.050399 -0.009649 -0.022599
v 0.050055 -0.009189 -0.022870
v 0.050365 -0.002449 -0.021643
v 0.051247 0.003221 -0.021347
v 0.051550 0.002761 -0.022894
v 0.051545 0.004211 -0.021071
v 0.051572 0.027921 -0.021507
v 0.050914 0.027611 -0.021598
v 0.050885 0.028871 -0.021150
v 0.050643 0.028501 -0.021470
v 0.049648 0.028221 -0.021534
v 0.049096 -0.008219 -0.020683
v 0.049182 -0.008329 -0.021668
v 0.048656 -0.006939 -0.020854
v 0.048898 -0.005679 -0.021572
v 0.049001 -0.006879 -0.022475
v 0.048982 -0.006009 -0.022545
v 0.049048 -0.005419 -0.022872
v 0.046979 0.027271 -0.020912
v 0.048644 0.027321 -0.021363
v 0.048598 0.029811 -0.020630
v 0.047110 0.028491 -0.020976
v 0.054603 -0.007719 -0.023467
v 0.054980 -0.007059 -0.023980
v 0.054525 -0.007139 -0.024803
v 0.054245 -0.007799 -0.024898
v 0.052563 -0.009119 -0.024230
v 0.052175 -0.008669 -0.025275
v 0.050059 -0.008339 -0.024018
v 0.051472 -0.008949 -0.024759
v 0.049285 -0.007539 -0.023118
v 0.049779 -0.003479 -0.024871
v 0.050438 -0.002179 -0.025036
v 0.048871 -0.006359 -0.023168
v 0.048976 -0.007209 -0.023798
v 0.048424 -0.006569 -0.024345
v 0.048481 -0.005819 -0.024556
v 0.053316 -0.008099 -0.025514
v 0.053617 -0.007439 -0.025893
v 0.053689 -0.005629 -0.025835
v 0.052475 -0.007469 -0.026459
v 0.053279 -0.006319 -0.026649
v 0.052770 -0.006319 -0.027127
v 0.052432 -0.006289 -0.027249
v 0.052077 -0.006609 -0.027045
v 0.052823 -0.004549 -0.026805
v 0.052780 -0.005419 -0.027237
v 0.052445 -0.005419 -0.027452
v 0.052421 -0.004679 -0.027347
v 0.052110 -0.004759 -0.027459
v 0.051844 -0.005429 -0.027372
v 0.052274 -0.000959 -0.025286
v 0.051904 -0.001339 -0.025977
v 0.051433 -0.007979 -0.025843
v 0.050431 -0.005979 -0.026781
v 0.049501 -0.005689 -0.026797
v 0.049771 -0.003689 -0.025570
v 0.050395 -0.003799 -0.026366
v 0.049737 -0.004169 -0.026161
v 0.050057 -0.004819 -0.026661
v 0.051555 -0.003199 -0.026962
v 0.051220 -0.004289 -0.027112
v 0.051577 -0.000749 -0.025722
v 0.051226 -0.001249 -0.025859
v 0.049203 -0.007349 -0.025470
v 0.048463 -0.006249 -0.026049
v 0.049252 -0.006329 -0.026636
v 0.048966 -0.004499 -0.025711
v 0.049182 -0.005379 -0.026698
v 0.064907 -0.004049 0.001412
v 0.060773 -0.004479 0.000845
v 0.058327 -0.000289 0.000844
v 0.056908 -0.000299 0.000953
v 0.055155 -0.004169 0.001165
v 0.070995 0.001371 -0.000870
v 0.071800 0.000351 -0.001217
v 0.055013 0.000081 0.000541
v 0.049631 -0.001849 0.000822
v 0.049755 -0.001199 0.000537
v 0.071582 0.000011 -0.003116
v 0.051916 -0.003039 -0.003188
v 0.039546 0.029121 -0.002817
v 0.039644 0.030271 -0.002770
v 0.039772 0.029111 -0.003398
v 0.036255 0.028521 -0.003347
v 0.034274 0.027901 -0.003347
v 0.033856 0.028231 -0.003151
v 0.031511 0.025731 -0.003369
v 0.071393 -0.000599 -0.004979
v 0.053832 -0.004279 -0.005258
v 0.053395 -0.003059 -0.005974
v 0.040155 0.027901 -0.004650
v 0.040155 0.027321 -0.005147
v 0.040518 0.027601 -0.005447
v 0.040518 0.027601 -0.005447
v 0.040455 0.026611 -0.005761
v 0.039855 0.028441 -0.003947
v 0.039868 0.028731 -0.004019
v 0.030223 0.025281 -0.003968
v 0.029091 0.025241 -0.004841
v 0.027855 0.025161 -0.005747
v 0.027855 0.025161 -0.005747
v 0.027855 0.025161 -0.005747
v 0.027261 0.025521 -0.006099
v 0.070752 -0.001199 -0.007847
v 0.070593 -0.000589 -0.007810
v 0.043155 0.021601 -0.007953
v 0.043155 0.021601 -0.007953
v 0.040755 0.025521 -0.006486
v 0.040755 0.025521 -0.006486
v 0.041055 0.024601 -0.006921
v 0.027494 0.025341 -0.006402
v 0.026367 0.026101 -0.007435
v 0.026587 0.025801 -0.007547
v 0.069782 -0.000169 -0.009953
v 0.069855 -0.000599 -0.010636
v 0.061583 0.018291 -0.010583
v 0.062348 0.018301 -0.011091
v 0.060309 0.018551 -0.009959
v 0.057001 0.021651 -0.010898
v 0.055105 -0.005499 -0.010191
v 0.054226 -0.003309 -0.008835
v 0.047093 0.020891 -0.009071
v 0.047874 0.021531 -0.009292
v 0.047874 0.021531 -0.009292
v 0.047954 0.021891 -0.009458
v 0.047499 0.021311 -0.010196
v 0.047499 0.021311 -0.010196
v 0.047462 0.020991 -0.010816
v 0.045381 0.013481 -0.009961
v 0.044937 0.013721 -0.009975
v 0.046037 0.013051 -0.010410
v 0.044060 0.014101 -0.010528
v 0.043382 0.014491 -0.010557
v 0.044059 0.027891 -0.009808
v 0.043542 0.027611 -0.009985
v 0.043542 0.027611 -0.009985
v 0.043836 0.028191 -0.010288
v 0.028155 0.024771 -0.010847
v 0.025160 0.026401 -0.009636
v 0.068692 0.000561 -0.012488
v 0.068355 0.000601 -0.013274
v 0.068355 0.000601 -0.013274
v 0.068031 0.001361 -0.013248
v 0.068031 0.001361 -0.013248
v 0.067069 0.014131 -0.013290
v 0.064212 0.018181 -0.012321
v 0.064161 0.018191 -0.012687
v 0.064803 0.016721 -0.013123
v 0.063504 0.018501 -0.011727
v 0.061695 0.018601 -0.011107
v 0.063477 0.018721 -0.012302
v 0.054506 -0.002639 -0.011693
v 0.055394 0.024121 -0.012274
v 0.049724 0.008401 -0.012347
v 0.049724 0.008401 -0.012347
v 0.049724 0.008401 -0.012347
v 0.046818 0.016161 -0.012226
v 0.044434 0.028821 -0.012143
v 0.042858 0.025201 -0.013247
v 0.042858 0.025201 -0.013247
v 0.041427 0.015881 -0.011750
v 0.041427 0.015881 -0.011750
v 0.036255 0.020491 -0.012347
v 0.036255 0.020491 -0.012347
v 0.036255 0.020491 -0.012347
v 0.032655 0.023231 -0.011147
v 0.033255 0.023401 -0.011937
v 0.027855 0.025201 -0.011211
v 0.067879 0.002401 -0.014747
v 0.067837 0.002101 -0.015047
v 0.067870 0.003601 -0.015347
v 0.067531 0.005411 -0.015315
v 0.067151 0.006201 -0.015641
v 0.066054 0.008391 -0.014158
v 0.065997 0.008741 -0.014154
v 0.065997 0.008741 -0.014154
v 0.066263 0.008021 -0.014473
v 0.066263 0.008021 -0.014473
v 0.066696 0.006401 -0.014580
v 0.067099 0.006851 -0.015029
v 0.067099 0.006851 -0.015029
v 0.067099 0.006851 -0.015029
v 0.066150 0.009441 -0.014145
v 0.066119 0.009541 -0.014430
v 0.067489 0.012121 -0.013846
v 0.067650 0.012961 -0.013806
v 0.065949 0.008401 -0.014500
v 0.065869 0.008731 -0.014448
v 0.065869 0.008731 -0.014448
v 0.063177 -0.004109 -0.014539
v 0.063177 -0.004109 -0.014539
v 0.061719 -0.003919 -0.014532
v 0.061719 -0.003919 -0.014532
v 0.063324 -0.003009 -0.015073
v 0.062955 -0.002489 -0.015647
v 0.062955 -0.002489 -0.015647
v 0.062655 -0.002779 -0.015647
v 0.062655 -0.002779 -0.015647
v 0.062655 -0.002779 -0.015647
v 0.056330 -0.006889 -0.014926
v 0.050135 -0.005599 -0.014040
v 0.050396 -0.006309 -0.014443
v 0.050392 -0.006699 -0.015085
v 0.050573 -0.006909 -0.015704
v 0.050854 0.001501 -0.015647
v 0.050854 0.001501 -0.015647
v 0.050854 0.001501 -0.015647
v 0.043054 0.025201 -0.014447
v 0.067846 0.003601 -0.015947
v 0.067846 0.003601 -0.015947
v 0.067441 0.004291 -0.016187
v 0.062026 -0.002729 -0.015987
v 0.062655 -0.002739 -0.016247
v 0.060597 -0.002259 -0.016250
v 0.059548 -0.001689 -0.016226
v 0.054459 0.003101 -0.017281
v 0.054131 0.028361 -0.017250
v 0.052455 0.005701 -0.018223
v 0.052405 0.013841 -0.016946
v 0.052376 0.011631 -0.017137
v 0.051565 0.005111 -0.017740
v 0.051250 0.005821 -0.017469
v 0.049681 0.032091 -0.017437
v 0.045902 0.027281 -0.017388
v 0.045902 0.027281 -0.017388
v 0.045506 0.027291 -0.017681
v 0.044781 0.029411 -0.018046
v 0.043889 0.025541 -0.017148
v 0.063309 -0.003299 -0.018647
v 0.063309 -0.003299 -0.018647
v 0.063309 -0.003299 -0.018647
v 0.062955 -0.003299 -0.019095
v 0.062955 -0.003299 -0.019095
v 0.062313 -0.003699 -0.018927
v 0.061215 -0.003499 -0.018652
v 0.060481 -0.002969 -0.018633
v 0.055486 -0.007989 -0.018323
v 0.052190 0.020401 -0.018647
v 0.052155 0.018901 -0.018654
v 0.051855 0.021601 -0.019166
v 0.052586 0.030491 -0.018635
v 0.051566 0.004451 -0.020386
v 0.051576 0.020041 -0.018898
v 0.051451 0.030881 -0.018379
v 0.050916 0.031141 -0.018321
v 0.048170 -0.004399 -0.018606
v 0.047856 -0.005099 -0.019254
v 0.044535 0.027301 -0.018347
v 0.044655 0.027901 -0.019557
v 0.044655 0.028201 -0.018380
v 0.044655 0.028201 -0.018380
v 0.045637 0.030311 -0.019374
v 0.044118 0.026101 -0.018347
v 0.044118 0.026101 -0.018347
v 0.051845 0.004361 -0.021070
v 0.052155 0.004131 -0.021393
v 0.048424 -0.006569 -0.024345
v 0.049203 -0.007349 -0.025470
v 0.048463 -0.006249 -0.026049
v 0.048463 -0.006249 -0.026049
v 0.048463 -0.006249 -0.026049
vn 0.2495 -0.8475 0.4685
vn 0.4454 -0.5206 0.7284
vn 0.1102 -0.4263 0.8979
vn 0.3926 -0.0808 0.9162
vn 0.1382 -0.0720 0.9878
vn 0.8415 -0.5062 0.1885
vn 0.9876 -0.0402 0.1520
vn 0.7843 -0.1684 0.5971
vn 0.6819 0.1547 0.7149
vn 0.2872 0.3026 0.9088
vn -0.0067 0.0324 0.9995
vn 0.0079 0.3241 0.9460
vn 0.7574 0.3548 0.5482
vn 0.2022 0.6406 0.7407
vn 0.0530 -0.8821 0.4681
vn -0.0369 0.0490 0.9981
vn -0.0537 0.6754 0.7355
vn -0.0390 0.3878 0.9209
vn -0.0078 -0.1210 0.9926
vn -0.0451 -0.3363 0.9407
vn -0.0089 -0.9431 0.3324
vn 0.0392 -0.9740 0.2233
vn 0.0134 -0.2800 0.9599
vn 0.0225 0.1240 0.9920
vn 0.0344 0.1686 0.9851
vn 0.0542 0.1673 0.9844
vn 0.0379 0.1878 0.9815
vn 0.0354 0.8692 0.4932
vn 0.0453 0.7617 0.6463
vn 0.0063 0.6837 0.7297
vn 0.0418 0.5784 0.8147
vn -0.0566 -0.1545 0.9864
vn -0.0982 -0.7950 0.5987
vn 0.0138 0.4023 0.9154
vn -0.0239 0.9087 0.4168
vn -0.2624 -0.5884 0.7648
vn -0.5037 -0.2259 0.8338
vn -0.1917 0.5626 0.8042
vn -0.3372 0.2416 0.9099
vn -0.5188 0.2097 0.8288
vn -0.6128 0.3841 0.6906
vn -0.5726 0.5707 0.5886
vn -0.3230 0.8364 0.4429
vn 0.9129 -0.3424 -0.2220
vn 0.6291 -0.7772 -0.0127
vn 0.2855 -0.9582 -0.0163
vn 0.5827 -0.7620 -0.2827
vn 0.8653 0.4632 0.1916
vn 0.9888 -0.1033 -0.1080
vn 0.9350 -0.3210 -0.1506
vn 0.6472 0.5940 0.4778
vn -0.0314 0.9231 0.3834
vn 0.9909 -0.0997 -0.0900
vn 0.5729 0.7987 -0.1838
vn 0.1151 0.9896 -0.0862
vn 0.0245 0.9827 -0.1835
vn 0.4973 -0.8199 -0.2838
vn -0.0346 -0.9984 0.0447
vn -0.1559 0.9760 0.1522
vn -0.1170 0.9910 -0.0649
vn 0.0014 -0.9999 -0.0134
vn -0.0011 -0.9935 0.1141
vn -0.0253 0.9456 0.3244
vn -0.0339 -0.9865 0.1603
vn -0.0230 -0.9270 0.3744
vn 0.0995 0.7730 0.6266
vn 0.0598 0.9468 0.3163
vn 0.0138 0.9978 -0.0652
vn 0.0024 0.9999 -0.0141
vn 0.0137 0.9839 0.1781
vn 0.0271 0.9987 -0.0431
vn -0.1056 0.9377 -0.3311
vn -0.1346 -0.9906 0.0236
vn -0.2980 0.9538 -0.0387
vn -0.0814 0.9487 -0.3056
vn -0.2462 0.8212 -0.5148
vn -0.2731 0.7801 -0.5629
vn -0.4296 0.7520 -0.4999
vn -0.5453 0.5696 -0.6149
vn -0.2903 -0.9285 0.2317
vn -0.5695 -0.6513 0.5016
vn -0.9093 -0.4140 0.0421
vn -0.6169 -0.7866 0.0249
vn -0.3704 -0.9143 -0.1641
vn -0.6920 -0.6073 -0.3902
vn -0.8190 -0.0703 -0.5695
vn -0.5333 -0.7739 -0.3416
vn -0.7914 -0.4107 -0.4527
vn -0.9767 -0.0190 0.2138
vn -0.9877 -0.0056 -0.1560
vn -0.8963 0.4310 -0.1048
vn -0.7369 0.5336 -0.4151
vn -0.8527 0.2718 -0.4462
vn -0.6357 0.7704 -0.0487
vn -0.6347 0.3775 -0.6743
vn 0.6126 0.7073 -0.3527
vn 0.2785 0.8952 -0.3480
vn -0.8758 -0.4067 -0.2597
vn -0.4706 0.7894 -0.3941
vn -0.7048 0.4924 -0.5106
vn -0.8082 0.4879 -0.3297
vn -0.7916 0.2398 -0.5621
vn 0.9123 -0.1441 0.3834
vn 0.9839 -0.0355 0.1753
vn 0.9414 0.1478 0.3031
vn 0.9266 -0.1560 0.3422
vn 0.9852 0.1012 -0.1384
vn 0.3500 -0.4913 0.7976
vn 0.1260 -0.8570 0.4996
vn 0.4016 -0.6715 0.6227
vn 0.9528 0.0068 0.3036
vn 0.9519 0.2445 -0.1845
vn 0.9522 0.1077 -0.2860
vn 0.8647 0.2997 -0.4031
vn 0.9703 0.0113 0.2416
vn 0.8502 0.5156 -0.1064
vn 0.8714 0.4390 -0.2191
vn 0.8549 0.4408 0.2736
vn 0.4360 0.3091 0.8452
vn 0.8866 0.3197 -0.3343
vn 0.0201 0.2951 0.9553
vn -0.1383 -0.0632 0.9884
vn 0.1280 -0.1293 0.9833
vn 0.4325 -0.0240 0.9013
vn 0.0675 -0.6491 0.7577
vn -0.0266 -0.9432 0.3312
vn -0.1203 -0.8598 0.4962
vn 0.1248 -0.9713 0.2027
vn 0.4703 0.6997 0.5379
vn 0.2023 0.7232 0.6604
vn -0.0931 0.6496 0.7546
vn 0.7821 0.6217 -0.0413
vn 0.5561 0.8299 0.0446
vn 0.2256 0.9216 0.3158
vn -0.1686 0.9365 0.3075
vn 0.6045 0.7358 -0.3053
vn 0.4474 0.8651 -0.2267
vn 0.1499 0.9883 -0.0295
vn 0.6950 0.5730 -0.4344
vn -0.0012 0.9685 -0.2491
vn -0.0552 -0.5269 0.8481
vn -0.2703 0.3341 0.9030
vn 0.1195 -0.9851 0.1238
vn 0.1815 -0.2990 0.9368
vn 0.3572 -0.9336 0.0272
vn -0.3642 0.7194 0.5914
vn -0.4453 0.4855 0.7523
vn -0.2878 0.9544 0.0798
vn 0.1681 -0.3469 0.9227
vn -0.0138 -0.0940 0.9955
vn 0.1601 -0.4034 0.9009
vn 0.4645 -0.8693 0.1687
vn 0.5737 -0.8019 -0.1668
vn 0.5880 -0.8013 -0.1102
vn -0.2523 0.2394 0.9376
vn 0.5110 -0.8335 0.2101
vn 0.4459 -0.8937 -0.0498
vn 0.2250 -0.9581 0.1771
vn -0.0438 -0.5839 0.8106
vn -0.1388 -0.8515 0.5056
vn -0.4767 -0.4301 0.7667
vn -0.3979 -0.0845 0.9135
vn 0.3457 -0.8529 -0.3912
vn 0.4647 -0.7344 -0.4946
vn 0.2182 -0.9527 -0.2116
vn -0.3117 -0.7869 0.5326
vn -0.3525 -0.7764 0.5224
vn -0.4347 0.2660 0.8604
vn 0.7012 -0.6694 -0.2454
vn 0.9484 -0.2926 -0.1221
vn 0.9322 0.2584 -0.2535
vn 0.9226 0.2933 -0.2506
vn 0.7649 0.5929 -0.2519
vn 0.4861 0.8407 -0.2384
vn 0.0946 0.9687 -0.2294
vn 0.1200 0.9912 -0.0551
vn -0.0627 -0.9975 0.0339
vn -0.8273 -0.4796 -0.2925
vn 0.1789 -0.7135 0.6775
vn -0.0548 -0.8481 0.5270
vn -0.0890 -0.7016 0.7070
vn 0.7419 -0.3474 0.5735
vn 0.7614 -0.2929 0.5784
vn 0.8976 -0.0764 0.4341
vn 0.7618 0.5761 -0.2963
vn 0.6976 -0.2566 0.6690
vn -0.1844 -0.6347 0.7504
vn -0.1395 -0.6273 0.7662
vn 0.9245 0.3808 0.0167
vn 0.7022 0.5596 -0.4402
vn 0.6922 -0.2579 0.6741
vn 0.6664 0.5475 -0.5062
vn 0.5008 0.6106 -0.6135
vn 0.5284 0.6759 -0.5138
vn 0.3075 0.8529 -0.4219
vn 0.3804 0.7246 -0.5747
vn -0.4879 0.7876 0.3763
vn 0.1767 0.8361 -0.5194
vn 0.2635 0.6892 -0.6750
vn 0.1671 0.8200 -0.5474
vn -0.0139 0.9444 -0.3286
vn 0.4159 -0.8561 -0.3068
vn -0.4008 0.9155 0.0362
vn 0.3481 -0.8326 -0.4309
vn -0.0737 -0.9824 0.1715
vn 0.3985 -0.7762 -0.4885
vn -0.6176 0.5844 0.5264
vn -0.6553 0.3429 0.6730
vn -0.6516 -0.2249 0.7244
vn -0.5834 0.2023 0.7866
vn -0.6199 -0.5229 0.5851
vn -0.0630 -0.9830 0.1727
vn 0.3642 -0.8302 -0.4221
vn 0.3252 -0.8542 -0.4057
vn -0.7729 -0.1400 0.6189
vn -0.7831 0.0991 0.6140
vn 0.3708 -0.7877 -0.4919
vn 0.3314 -0.8981 -0.2890
vn -0.7991 0.2949 0.5239
vn -0.5389 0.8400 0.0630
vn -0.8353 0.0430 0.5481
vn 0.4344 -0.7751 -0.4589
vn 0.2767 0.9606 -0.0280
vn 0.1279 0.9774 0.1682
vn 0.0155 0.9709 0.2391
vn 0.8062 -0.3909 -0.4441
vn -0.0567 0.9894 0.1336
vn 0.1179 -0.9833 0.1385
vn 0.3693 -0.9157 0.1584
vn 0.0875 -0.9597 0.2669
vn -0.3613 0.9321 0.0267
vn -0.9690 -0.0889 -0.2303
vn -0.9111 -0.4097 0.0450
vn -0.7625 -0.6338 0.1303
vn -0.7176 0.6602 -0.2218
vn -0.8334 0.5150 -0.2007
vn 0.1718 0.1521 0.9733
vn -0.0020 -0.0414 0.9991
vn -0.0558 -0.3401 0.9387
vn -0.0992 0.4621 0.8812
vn 0.0150 0.2549 0.9669
vn -0.0700 0.5305 0.8448
vn -0.0246 0.3046 0.9522
vn -0.0535 0.8372 0.5443
vn -0.2218 0.8869 0.4053
vn 0.0869 0.4258 0.9006
vn -0.3213 0.5774 0.7506
vn -0.3379 -0.2501 0.9073
vn -0.1475 0.0691 0.9866
vn -0.4818 -0.2517 0.8393
vn 0.1129 0.6413 0.7589
vn 0.1881 0.4779 0.8580
vn 0.2442 0.8440 0.4775
vn 0.2365 0.4054 0.8830
vn -0.1428 -0.0491 0.9885
vn -0.2462 -0.3154 0.9165
vn 0.6642 0.5395 0.5174
vn 0.7966 0.5869 0.1453
vn 0.8784 0.3127 0.3613
vn 0.6582 0.2122 0.7224
vn 0.7185 0.0567 0.6932
vn -0.0015 -0.1246 0.9922
vn -0.2617 -0.4762 0.8395
vn -0.5273 -0.4778 0.7026
vn 0.5616 0.7185 0.4103
vn -0.2616 -0.5285 0.8076
vn -0.4237 -0.6034 0.6756
vn -0.1445 -0.5467 0.8248
vn 0.8993 0.1073 0.4239
vn 0.7413 0.6374 -0.2104
vn 0.9761 0.0027 0.2173
vn 0.1408 0.8116 -0.5669
vn 0.1350 -0.9509 0.2784
vn -0.1186 0.9322 -0.3419
vn -0.2839 0.8665 -0.4105
vn 0.0173 0.7275 -0.6859
vn -0.0869 0.6381 -0.7650
vn -0.0175 -0.9930 0.1166
vn -0.5483 -0.8331 0.0733
vn -0.5613 -0.8225 0.0924
vn -0.5413 -0.8369 0.0809
vn -0.6725 -0.7036 0.2295
vn -0.7321 -0.6094 0.3045
vn -0.7321 -0.5931 0.3350
vn 0.2798 -0.9247 -0.2580
vn -0.8475 -0.1422 0.5115
vn -0.7004 0.6234 0.3475
vn -0.4044 -0.9092 0.0989
vn 0.8527 0.4697 -0.2287
vn 0.5946 -0.6659 -0.4506
vn 0.5032 -0.6127 -0.6094
vn 0.4430 -0.6836 -0.5801
vn 0.8411 0.4938 -0.2210
vn 0.1883 0.9251 0.3296
vn 0.8755 0.3334 -0.3498
vn 0.1894 -0.9819 -0.0060
vn 0.9476 -0.2501 -0.1990
vn -0.1794 0.5840 0.7916
vn 0.5436 -0.8286 -0.1342
vn 0.3366 -0.9402 0.0529
vn 0.7295 -0.6832 0.0335
vn 0.1243 -0.9901 0.0655
vn -0.1667 0.8969 0.4096
vn -0.2370 0.9493 0.2064
vn 0.4094 0.1012 0.9067
vn 0.4796 0.1921 0.8562
vn 0.3028 -0.0062 0.9530
vn 0.4765 0.2624 0.8391
vn 0.2890 0.7580 0.5848
vn 0.3659 0.7572 0.5410
vn 0.3898 0.7537 0.5292
vn -0.2735 0.9324 0.2365
vn 0.1989 -0.2950 0.9346
vn 0.5205 0.6893 0.5040
vn 0.4299 0.4320 0.7928
vn 0.5144 0.8563 0.0463
vn 0.5910 0.7066 0.3891
vn 0.7482 0.6338 0.1961
vn 0.2930 0.9534 -0.0723
vn 0.2697 0.9553 0.1208
vn 0.5436 0.7271 -0.4193
vn 0.0758 0.8636 -0.4984
vn 0.2705 0.7460 -0.6085
vn 0.6006 0.5394 -0.5902
vn 0.2707 0.5581 -0.7844
vn 0.2734 0.2959 -0.9153
vn 0.0461 0.3155 -0.9478
vn 0.0629 0.2549 -0.9649
vn 0.2618 -0.0508 -0.9638
vn 0.8071 0.3666 -0.4628
vn 0.6648 0.5997 0.4454
vn 0.7220 0.2872 -0.6295
vn 0.7695 0.6363 0.0549
vn 0.3326 -0.0576 -0.9413
vn -0.4315 -0.8348 0.3420
vn -0.2453 -0.9482 0.2018
vn -0.7698 -0.5101 0.3837
vn -0.9645 0.2344 0.1214
vn -0.8789 -0.0777 0.4707
vn -0.6961 0.7160 0.0527
vn -0.7326 0.6405 0.2306
vn 0.3437 0.2238 -0.9120
vn 0.3137 0.6286 0.7117
vn 0.3161 0.8261 0.4666
vn -0.0219 0.2489 0.9683
vn -0.2373 0.0101 0.9714
vn 0.2482 0.7485 0.6149
vn 0.2117 0.3880 0.8970
vn -0.3326 -0.6346 0.6976
vn -0.1873 -0.4686 0.8633
vn -0.0229 0.9917 0.1268
vn -0.4601 0.8708 -0.1731
vn -0.5194 0.6654 -0.5361
vn -0.6646 0.6277 -0.4053
vn -0.8165 0.0690 -0.5732
vn -0.2704 0.4642 0.8434
vn -0.4814 0.5501 0.6824
vn -0.5117 0.4556 0.7284
vn -0.6760 0.7287 -0.1094
vn -0.6308 0.7735 0.0611
vn -0.6209 0.7810 0.0675
vn -0.6869 -0.0457 0.7253
vn -0.8968 0.3334 0.2909
vn -0.9039 0.1377 0.4049
vn -0.8839 0.1173 0.4527
vn -0.9097 -0.2364 0.3414
vn -0.5359 -0.1156 0.8363
vn -0.7351 -0.3693 0.5685
vn -0.5792 -0.5546 0.5975
vn -0.4179 -0.2879 0.8617
vn -0.2332 -0.4150 0.8794
vn -0.9972 0.0261 -0.0694
vn -0.9891 -0.0513 -0.1377
vn -0.9308 0.1931 -0.3105
vn -0.7538 -0.6121 0.2389
vn -0.5171 -0.7839 0.3436
vn -0.4176 -0.7842 0.4589
vn -0.4601 -0.6896 0.5593
vn -0.5690 -0.7676 -0.2952
vn -0.4613 -0.7181 -0.5211
vn -0.6684 -0.4129 -0.6187
vn -0.3313 -0.8933 -0.3036
vn -0.6248 -0.6655 0.4083
vn -0.1712 -0.8377 -0.5185
vn -0.2335 -0.5592 -0.7955
vn -0.4375 -0.5480 0.7130
vn -0.5656 -0.4323 0.7023
vn -0.6029 -0.5691 0.5591
vn -0.1411 -0.7823 -0.6067
vn -0.4947 -0.8448 0.2040
vn -0.1467 -0.7076 -0.6912
vn 0.0697 -0.2826 -0.9567
vn 0.3441 0.9364 0.0691
vn 0.0516 0.9560 -0.2888
vn 0.3712 0.8961 -0.2435
vn 0.5644 0.8230 -0.0646
vn -0.1875 0.7417 -0.6440
vn 0.2009 0.8036 -0.5603
vn 0.5454 0.7410 -0.3918
vn 0.3186 0.5455 -0.7752
vn -0.2064 0.4067 -0.8899
vn 0.5350 0.6451 -0.5456
vn -0.4376 -0.6242 0.6472
vn -0.6102 -0.7467 0.2648
vn -0.2963 -0.2093 0.9319
vn -0.4604 -0.3723 0.8059
vn -0.1101 -0.2952 0.9491
vn -0.4456 -0.6156 0.6500
vn 0.1867 0.0525 0.9810
vn 0.5053 0.4378 0.7436
vn 0.4671 0.6463 0.6034
vn 0.2942 0.7271 0.6203
vn -0.3942 -0.8230 -0.4090
vn -0.1956 -0.4641 -0.8639
vn -0.7093 -0.4528 0.5402
vn -0.5957 -0.7408 0.3106
vn -0.9069 -0.3004 0.2955
vn -0.9587 -0.0626 0.2774
vn -0.9140 0.4056 -0.0030
vn -0.1223 0.0497 0.9912
vn 0.1472 0.3553 0.9231
vn 0.4892 0.5024 0.7130
vn -0.7444 -0.2507 0.6189
vn -0.6513 -0.1066 0.7513
vn -0.5152 0.3434 0.7853
vn -0.2902 0.6863 0.6669
vn -0.2073 0.8013 0.5612
vn -0.9377 -0.0282 0.3462
vn -0.6240 0.5862 0.5167
vn -0.7975 0.0930 0.5961
vn -0.9828 0.0537 -0.1769
vn -0.9745 0.2191 -0.0484
vn -0.9501 0.2054 -0.2349
vn -0.9206 0.0138 -0.3904
vn -0.9270 0.3003 -0.2249
vn -0.8469 0.5314 -0.0181
vn -0.7237 0.6872 0.0639
vn -0.1970 0.8818 0.4285
vn 0.2364 0.5674 -0.7888
vn 0.0037 0.4114 -0.9114
vn 0.0757 0.5716 -0.8171
vn -0.2302 -0.6804 0.6957
vn -0.1429 -0.7824 0.6062
vn -0.1074 0.5361 -0.8373
vn -0.2024 -0.8127 0.5464
vn -0.4228 -0.7207 -0.5493
vn -0.3641 -0.7428 -0.5619
vn -0.4879 -0.8000 -0.3492
vn -0.0165 -0.9198 0.3919
vn -0.0844 0.2526 -0.9639
vn -0.0816 0.3679 -0.9263
vn -0.3675 -0.9273 0.0707
vn -0.2489 -0.9172 0.3110
vn -0.6675 -0.6728 -0.3189
vn -0.5402 -0.1570 -0.8268
vn -0.2715 0.2510 -0.9291
vn -0.6160 -0.7605 0.2055
vn -0.9545 0.1293 0.2689
vn -0.3438 0.7717 -0.5350
vn -0.6302 0.7646 -0.1353
vn -0.8781 -0.3720 0.3008
vn -0.8330 0.5496 0.0636
vn -0.5212 0.6759 -0.5211
vn -0.7669 -0.6384 -0.0652
vn -0.3264 0.4820 -0.8131
vn -0.8026 -0.1396 -0.5800
vn -0.9865 -0.0240 -0.1617
vn -0.8997 0.3184 -0.2986
vn -0.5837 0.3725 -0.7215
vn 0.4932 0.8378 0.2343
vn 0.8620 0.3657 -0.3510
vn 0.4962 -0.5979 -0.6296
vn 0.1270 0.7873 0.6034
vn 0.3830 0.7861 0.4851
vn 0.8578 0.3776 -0.3486
vn 0.2982 -0.6600 -0.6895
vn 0.9400 0.3273 0.0962
vn 0.9912 0.0428 -0.1255
vn 0.9082 0.3813 0.1724
vn 0.3298 0.4105 0.8501
vn 0.6082 -0.1099 0.7861
vn 0.4828 0.0936 0.8707
vn 0.5894 -0.3456 0.7301
vn 0.8916 -0.0963 0.4425
vn 0.8478 0.3912 0.3581
vn 0.9552 0.2287 -0.1878
vn 0.7608 -0.3623 0.5384
vn 0.8097 0.5695 -0.1418
vn 0.7438 0.4803 0.4649
vn 0.7334 0.6126 -0.2947
vn 0.4579 0.6034 -0.6529
vn 0.3511 0.4270 -0.8333
vn 0.9023 -0.0567 -0.4274
vn 0.7069 -0.7065 0.0334
vn 0.9402 -0.3021 -0.1573
vn 0.3702 -0.9256 -0.0783
vn 0.7019 -0.6885 -0.1826
vn 0.9555 0.0700 -0.2866
vn 0.8151 -0.4049 -0.4144
vn 0.3736 -0.8706 -0.3200
vn 0.8486 0.3440 -0.4019
vn -0.1151 -0.9812 -0.1551
vn 0.8514 0.0277 -0.5238
vn 0.6098 -0.5428 -0.5775
vn 0.7933 0.2480 -0.5561
vn 0.7073 -0.0762 -0.7028
vn 0.8040 -0.2359 -0.5459
vn 0.6661 -0.5003 -0.5531
vn -0.1844 0.7927 0.5810
vn 0.6499 -0.0249 0.7596
vn 0.6918 0.0638 0.7193
vn 0.6165 -0.0781 0.7835
vn 0.5658 0.2999 0.7681
vn 0.7187 0.4160 0.5571
vn -0.0321 0.2520 -0.9672
vn 0.2755 0.4869 -0.8289
vn 0.7450 0.5201 -0.4177
vn 0.1793 0.2635 -0.9479
vn 0.0197 0.2624 -0.9647
vn 0.7095 0.3532 0.6098
vn 0.5374 0.2747 0.7973
vn 0.8328 0.5536 -0.0005
vn 0.7537 0.6460 -0.1206
vn 0.7147 0.6992 -0.0186
vn -0.1403 0.4806 -0.8657
vn 0.1279 0.4821 -0.8667
vn 0.3199 0.8768 0.3590
vn 0.4120 0.8770 0.2475
vn -0.1717 0.6868 -0.7063
vn -0.3618 -0.9321 0.0141
vn -0.2073 -0.9609 -0.1836
vn -0.3276 0.8086 0.4886
vn 0.3858 -0.3456 0.8554
vn -0.0411 0.2728 -0.9612
vn -0.1071 0.2584 -0.9601
vn 0.0789 0.9815 -0.1747
vn 0.1241 0.9318 0.3412
vn -0.2579 0.6451 -0.7193
vn -0.1181 0.9564 -0.2673
vn 0.3555 -0.9345 -0.0179
vn 0.0991 -0.9950 0.0152
vn 0.2018 -0.9781 0.0515
vn -0.3197 0.7843 0.5318
vn -0.1704 0.8540 0.4916
vn -0.2655 0.3838 0.8844
vn 0.0635 -0.0790 0.9948
vn -0.0006 0.1212 0.9926
vn -0.1142 0.5165 0.8486
vn 0.0937 -0.4435 0.8913
vn -0.0353 0.4536 -0.8905
vn 0.2294 -0.9287 0.2915
vn -0.3407 0.8550 0.3909
vn -0.0195 0.5448 0.8383
vn 0.0700 0.3065 0.9493
vn -0.3014 -0.2099 0.9301
vn 0.8572 0.3215 -0.4022
vn 0.3368 -0.2598 -0.9050
vn 0.6463 -0.1728 -0.7432
vn -0.4791 -0.6565 0.5827
vn -0.0952 -0.9193 0.3818
vn -0.8473 0.2103 0.4878
vn -0.6356 -0.2226 0.7393
vn -0.5366 0.4654 0.7038
vn -0.3824 0.3514 0.8546
vn -0.6536 0.1098 0.7488
vn -0.1726 0.5721 0.8018
vn -0.0777 0.2674 0.9604
vn -0.2218 0.2053 0.9532
vn 0.5035 -0.2236 -0.8346
vn 0.4163 -0.3312 -0.8468
vn 0.7617 -0.2753 -0.5865
vn 0.6619 0.7391 0.1251
vn 0.9109 0.3346 -0.2415
vn -0.1395 -0.6356 0.7593
vn -0.1199 -0.8108 0.5730
vn -0.3945 -0.2754 0.8767
vn -0.3777 0.0171 0.9258
vn -0.4289 0.0518 0.9019
vn -0.2461 0.1925 0.9499
vn -0.2371 -0.3824 0.8930
vn -0.6399 0.2711 0.7190
vn 0.3589 0.1620 -0.9192
vn 0.8603 0.0732 -0.5045
vn 0.9290 0.1450 -0.3404
vn 0.8841 -0.2687 -0.3822
vn 0.4125 0.7852 0.4618
vn -0.5880 -0.0863 0.8042
vn -0.9758 -0.2010 0.0862
vn -0.8936 -0.2128 -0.3953
vn -0.9761 -0.1211 -0.1804
vn -0.9550 -0.0026 -0.2965
vn -0.9010 0.0428 -0.4316
vn -0.6764 -0.0771 -0.7325
vn -0.8029 -0.5041 -0.3182
vn -0.5020 -0.2477 -0.8286
vn -0.7568 -0.0672 -0.6501
vn -0.4855 0.0728 -0.8712
vn -0.1000 0.2409 -0.9654
vn -0.5781 0.1505 -0.8020
vn -0.8474 -0.0880 -0.5236
vn -0.8970 0.0409 -0.4401
vn -0.5579 0.2671 -0.7858
vn -0.8246 0.0372 -0.5644
vn -0.8498 -0.3642 -0.3810
vn -0.8414 -0.4778 -0.2525
vn -0.9217 -0.2666 -0.2819
vn -0.7852 -0.5910 -0.1850
vn -0.8673 -0.4038 -0.2911
vn -0.8195 -0.5718 -0.0396
vn -0.6068 -0.7942 -0.0322
vn -0.6924 -0.6943 -0.1963
vn 0.4054 0.6010 0.6888
vn -0.2282 -0.4452 -0.8659
vn 0.0691 -0.1485 -0.9865
vn 0.0617 -0.0698 -0.9956
vn 0.5230 0.4503 -0.7236
vn 0.3552 0.2196 -0.9086
vn 0.3667 0.1454 -0.9189
vn 0.5763 0.4933 -0.6515
vn -0.4829 -0.8250 -0.2934
vn -0.4903 -0.8707 -0.0381
vn -0.7866 0.5447 -0.2908
vn 0.2063 0.8191 0.5353
vn -0.5911 0.7568 0.2792
vn -0.8723 0.4863 -0.0500
vn 0.3513 0.6968 0.6254
vn -0.1940 0.7861 0.5869
vn -0.6971 0.6429 0.3174
vn -0.9496 -0.0264 -0.3124
vn -0.9602 -0.1956 -0.1991
vn -0.9770 0.2133 0.0045
vn -0.2424 -0.6534 -0.7171
vn -0.6662 -0.5833 0.4647
vn 0.0191 0.0058 -0.9998
vn 0.3527 0.4367 -0.8276
vn 0.0491 0.2781 -0.9593
vn 0.2187 0.5111 -0.8312
vn -0.7960 -0.5954 0.1087
vn -0.3803 0.9188 -0.1059
vn -0.9624 -0.2540 0.0962
vn -0.4459 -0.5877 -0.6751
vn -0.0615 0.2247 -0.9725
vn -0.6280 -0.6679 0.3994
vn -0.5423 -0.6691 0.5081
vn -0.6668 -0.7266 0.1657
vn -0.1385 -0.0295 -0.9899
vn -0.6073 -0.5446 -0.5784
vn -0.4172 -0.7701 -0.4826
vn -0.5265 -0.6511 -0.5466
vn 0.9878 0.0240 -0.1536
vn 0.5456 0.5746 0.6100
vn 0.3768 -0.5594 -0.7383
vn 0.1251 0.1108 0.9859
vn 0.6385 0.1897 0.7459
vn 0.9988 0.0407 -0.0276
vn 0.9976 0.0571 -0.0399
vn 0.2941 -0.3704 -0.8811
vn 0.7306 0.1167 0.6728
vn 0.7239 0.0901 0.6840
vn 0.9372 0.2523 -0.2409
vn 0.9619 0.2712 0.0337
vn 0.9010 0.3487 -0.2580
vn 0.8680 0.3510 -0.3512
vn 0.2102 0.4597 -0.8629
vn 0.0490 0.3365 -0.9404
vn 0.1111 0.4821 -0.8690
vn 0.0505 0.2312 -0.9716
vn 0.7929 0.1429 0.5923
vn 0.7768 -0.0507 0.6277
vn 0.8454 0.2641 0.4643
vn 0.7602 0.6129 -0.2155
vn 0.8664 0.4079 -0.2878
vn 0.8937 0.3629 -0.2638
vn 0.9161 0.2151 -0.3385
vn 0.5120 0.6101 -0.6047
vn 0.2430 0.4985 -0.8321
vn 0.4412 0.3573 -0.8232
vn 0.4636 0.6304 -0.6226
vn 0.4214 0.5676 -0.7073
vn 0.7066 0.6441 -0.2929
vn -0.0399 0.3830 -0.9229
vn 0.6549 -0.3097 0.6894
vn 0.7646 -0.3269 0.5554
vn 0.8370 -0.2187 -0.5016
vn 0.7697 -0.3467 -0.5360
vn 0.5761 0.1423 -0.8049
vn 0.9281 -0.3162 -0.1967
vn 0.8985 -0.3623 -0.2478
vn 0.9060 -0.2548 -0.3380
vn 0.2655 -0.0055 -0.9641
vn 0.2733 -0.0554 -0.9603
vn 0.5607 -0.2775 -0.7802
vn -0.1376 0.1181 -0.9834
vn 0.6023 0.5308 -0.5962
vn 0.8676 -0.1436 -0.4761
vn 0.0826 0.2576 -0.9627
vn 0.3570 -0.6125 -0.7052
vn 0.7602 0.0271 -0.6491
vn 0.4537 -0.4264 -0.7825
vn -0.0975 -0.9021 -0.4203
vn 0.3120 -0.4483 -0.8377
vn 0.4786 -0.4656 -0.7444
vn 0.9346 -0.3127 -0.1696
vn 0.9573 -0.1982 -0.2104
vn 0.3197 -0.5923 -0.7396
vn 0.7436 -0.3689 -0.5577
vn 0.0241 0.3858 -0.9223
vn 0.8782 0.2746 -0.3917
vn 0.2064 0.2414 -0.9482
vn 0.5111 0.0685 -0.8568
vn 0.3688 0.0789 -0.9261
vn 0.0462 0.0139 -0.9988
vn -0.0298 0.1851 -0.9823
vn 0.8873 -0.2654 -0.3772
vn -0.1379 -0.9664 -0.2167
vn 0.3572 -0.9325 0.0540
vn 0.2459 -0.9612 0.1251
vn -0.0761 -0.6683 -0.7400
vn 0.1984 -0.7246 -0.6600
vn 0.0436 -0.7302 -0.6818
vn 0.3322 -0.5525 -0.7644
vn 0.0820 -0.7522 -0.6539
vn -0.0163 -0.3645 -0.9311
vn 0.8672 -0.1522 -0.4742
vn 0.9192 -0.3049 -0.2493
vn 0.9501 -0.3081 -0.0492
vn 0.4680 -0.4841 -0.7394
vn -0.1035 -0.8943 -0.4354
vn -0.1086 -0.7146 -0.6910
vn 0.7973 -0.5551 0.2372
vn 0.6942 -0.7182 -0.0479
vn 0.6240 -0.7552 0.2009
vn 0.6557 -0.7549 -0.0133
vn -0.0083 -0.9830 0.1832
vn -0.0433 -0.9968 -0.0665
vn -0.1415 -0.9874 0.0713
vn 0.1330 0.3270 -0.9356
vn 0.1446 -0.9787 0.1459
vn 0.2148 -0.9751 0.0557
vn 0.7721 -0.5098 -0.3794
vn 0.0776 -0.9956 0.0523
vn 0.3106 -0.8767 -0.3673
vn 0.4363 -0.5143 -0.7383
vn 0.3306 -0.9119 -0.2432
vn 0.2028 -0.0518 -0.9778
vn 0.4005 -0.0269 -0.9159
vn 0.7881 -0.6143 -0.0392
vn -0.0372 -0.0283 -0.9989
vn -0.2859 -0.3093 -0.9070
vn -0.1800 -0.0985 -0.9787
vn 0.2252 0.1561 -0.9617
vn 0.5882 0.1760 -0.7893
vn -0.5501 -0.3420 -0.7619
vn 0.1812 -0.1279 -0.9751
vn -0.4494 -0.3974 -0.8000
vn -0.1598 -0.5211 -0.8384
vn 0.6558 0.1938 -0.7296
vn 0.2776 -0.2220 -0.9347
vn 0.1515 -0.9336 0.3247
vn 0.3570 -0.9196 0.1639
vn 0.9756 -0.0098 -0.2195
vn -0.1890 -0.4353 0.8802
vn 0.7232 0.2259 -0.6527
vn 0.9903 -0.0368 -0.1343
vn 0.9144 -0.3219 -0.2455
vn 0.9387 0.3401 -0.0559
vn 0.7667 0.6239 0.1516
vn 0.9378 0.2993 0.1761
vn 0.7230 0.5725 0.3867
vn 0.9872 0.0418 0.1539
vn 0.6758 0.5700 0.4673
vn 0.9868 0.0156 0.1614
vn 0.3645 0.6981 0.6163
vn -0.3350 -0.3740 0.8648
vn -0.0330 -0.7031 0.7103
vn -0.7955 -0.5057 0.3337
vn -0.9427 -0.1207 0.3110
vn -0.9801 -0.1981 -0.0095
vn -0.9911 0.1330 -0.0032
vn -0.0332 -0.8071 0.5895
vn -0.1920 -0.8771 0.4403
vn -0.1851 -0.8764 0.4446
vn -0.8844 -0.4662 0.0222
vn -0.4130 -0.8856 0.2124
vn -0.9752 0.0780 -0.2073
vn -0.9796 0.1783 -0.0923
vn -0.9635 -0.2373 -0.1239
vn -0.8862 -0.4627 -0.0235
vn -0.9793 -0.0077 0.2021
vn -0.8173 0.1539 0.5553
vn -0.9481 0.3088 0.0757
vn -0.9191 -0.0050 0.3941
vn -0.9368 0.0352 0.3481
vn -0.9600 0.1462 0.2387
vn -0.9654 0.0517 0.2557
vn -0.8114 0.0198 0.5841
vn -0.8780 0.1270 -0.4615
vn -0.9944 0.1060 -0.0042
vn -0.8810 0.1028 -0.4619
vn -0.8646 -0.0861 -0.4950
vn -0.9141 -0.1847 -0.3611
vn -0.6998 -0.5658 -0.4362
vn -0.4128 0.9104 -0.0260
vn -0.4428 -0.8001 -0.4047
vn -0.2022 0.9761 0.0803
vn -0.4248 0.8744 0.2346
vn -0.4803 0.7608 0.4365
vn -0.9247 -0.1309 -0.3575
vn -0.8365 0.4724 -0.2777
vn -0.9901 0.0712 -0.1212
vn -0.7641 0.6401 0.0808
vn -0.9898 -0.1346 -0.0465
vn -0.9267 -0.3652 -0.0886
vn -0.8200 0.4532 0.3495
vn -0.9908 0.1311 0.0323
vn -0.9845 -0.1621 0.0666
vn 0.2176 0.5420 0.8117
vn -0.3204 0.5952 0.7369
vn 0.3298 0.4917 0.8059
vn -0.9637 0.2582 -0.0680
vn -0.9677 -0.1958 -0.1585
vn -0.4745 0.8733 -0.1109
vn -0.7264 -0.6519 -0.2176
vn -0.9608 0.2286 -0.1569
vn -0.9507 0.2282 -0.2102
vn -0.4656 0.8827 -0.0635
vn -0.9633 0.0641 -0.2605
vn -0.5366 0.8422 -0.0533
vn 0.4328 -0.2580 -0.8638
vn 0.2358 0.0691 -0.9693
vn 0.3702 -0.1928 -0.9087
vn 0.1175 0.0659 -0.9909
vn 0.7511 0.2530 -0.6097
vn 0.7628 0.2387 -0.6010
vn 0.9753 -0.1703 0.1410
vn 0.8955 -0.4127 0.1665
vn 0.9647 0.0767 -0.2520
vn 0.9919 -0.0077 -0.1265
vn 0.7756 -0.1811 -0.6047
vn 0.4435 0.2422 -0.8629
vn 0.7731 0.1119 -0.6244
vn 0.3237 0.2961 -0.8986
vn 0.1238 -0.9380 0.3237
vn 0.3333 -0.8488 0.4104
vn -0.1742 -0.8967 0.4069
vn 0.4687 -0.8765 -0.1098
vn -0.2307 -0.9140 0.3337
vn -0.4857 -0.8218 0.2980
vn -0.1684 -0.9643 0.2042
vn -0.4576 -0.8317 0.3144
vn 0.0573 0.3172 -0.9466
vn -0.5119 -0.6824 0.5218
vn -0.7261 -0.6500 0.2241
vn -0.5082 -0.8558 -0.0964
vn -0.6249 -0.7794 -0.0447
vn -0.5946 -0.6650 -0.4518
vn -0.7242 -0.6070 -0.3271
vn -0.7574 -0.6289 -0.1756
vn -0.7023 -0.6612 0.2638
vn -0.8385 -0.3785 -0.3919
vn -0.6681 -0.1483 -0.7292
vn -0.5559 0.1203 -0.8225
vn -0.2862 0.1057 -0.9523
vn -0.0327 0.4515 -0.8917
vn -0.0609 -0.0297 -0.9977
vn 0.8694 -0.4108 -0.2747
vn 0.6587 0.0019 -0.7524
vn 0.8885 -0.1891 -0.4180
vn 0.9354 -0.0018 -0.3535
vn 0.8837 0.2812 -0.3741
vn 0.9979 -0.0388 -0.0520
vn 0.9080 0.2279 -0.3515
vn -0.7852 -0.4804 -0.3908
vn -0.7512 -0.3710 -0.5460
vn -0.4564 -0.4297 -0.7792
vn 0.0015 -0.2527 -0.9676
vn -0.8223 -0.3996 -0.4051
vn -0.6712 -0.2057 -0.7122
vn -0.3681 -0.6350 -0.6792
vn -0.1793 -0.4687 -0.8650
vn 0.7744 0.4823 -0.4096
vn 0.8216 0.3428 -0.4554
vn 0.4558 0.0082 -0.8900
vn 0.3198 -0.0012 -0.9475
vn 0.6844 0.4700 -0.5574
vn 0.2924 -0.0555 -0.9547
vn 0.9781 -0.2045 -0.0397
vn 0.9665 0.2565 -0.0066
vn 0.5903 0.6523 0.4755
vn 0.9183 -0.0946 -0.3843
vn 0.7177 0.6781 0.1584
vn 0.0059 -0.9764 0.2158
vn -0.3971 -0.8115 0.4286
vn 0.6025 0.6296 -0.4904
vn -0.5652 0.0085 -0.8249
vn -0.7825 -0.0381 -0.6215
vn 0.1733 -0.1059 -0.9792
vn 0.3193 0.2290 -0.9196
vn -0.1524 0.0730 -0.9856
vn 0.3197 0.8080 -0.4949
vn 0.1251 0.5366 -0.8345
vn -0.0646 0.9080 -0.4140
vn -0.2464 0.6379 -0.7297
vn -0.6324 0.6431 -0.4320
vn -0.4313 0.5793 -0.6916
vn 0.5305 0.2311 -0.8156
vn 0.3928 0.1007 -0.9141
vn 0.2814 0.2391 -0.9293
vn -0.1828 0.2400 -0.9534
vn -0.5531 0.3447 -0.7584
vn 0.4437 0.0574 -0.8944
vn 0.7118 -0.0813 -0.6977
vn -0.7133 0.1573 -0.6830
vn -0.7833 -0.1255 -0.6088
vn -0.4088 -0.1362 -0.9024
vn 0.3658 -0.1876 -0.9116
vn -0.2137 0.1677 -0.9624
vn 0.9863 0.0013 -0.1650
vn 0.9864 -0.0036 -0.1643
vn -0.6060 -0.2481 -0.7558
vn 0.1283 -0.1709 -0.9769
vn -0.0727 -0.2679 -0.9607
vn 0.9943 0.1008 -0.0354
vn 0.8607 -0.3216 -0.3948
vn 0.4532 0.7584 0.4685
vn 0.4533 0.7667 0.4546
vn -0.7127 -0.6431 0.2800
vn -0.9785 -0.1876 0.0859
vn -0.8308 -0.3970 0.3901
vn -0.7464 -0.2432 0.6194
vn -0.5022 -0.2586 0.8252
vn -0.9412 0.3353 0.0419
vn -0.8830 0.4239 -0.2017
vn -0.9286 0.3471 -0.1315
vn -0.9741 0.1870 -0.1274
vn -0.9731 0.1935 -0.1249
vn -0.9545 0.1977 -0.2233
vn -0.8882 0.0185 -0.4590
vn -0.4952 -0.4603 -0.7368
vn -0.5022 -0.4661 -0.7284
vn -0.7497 -0.3208 -0.5789
vn -0.9470 -0.2300 -0.2243
vn -0.9425 -0.1002 -0.3187
vn -0.9631 0.1292 -0.2361
vn -0.8347 0.1752 -0.5221
vn -0.1208 -0.1690 -0.9782
vn -0.8271 -0.2803 -0.4872
vn -0.7780 -0.2078 -0.5929
vn -0.6502 -0.3024 -0.6970
vn 0.4243 0.5154 0.7445
vn 0.4646 0.4410 0.7679
vn 0.4188 0.5655 0.7105
vn 0.5348 0.7030 0.4689
vn 0.4607 0.5186 0.7203
vn 0.4924 0.8271 -0.2710
vn 0.5686 0.8158 0.1053
vn 0.5729 0.8076 0.1399
vn 0.4470 0.8582 0.2522
vn 0.4441 0.8171 -0.3676
vn 0.3718 0.7898 -0.4879
vn -0.6301 -0.1647 0.7588
vn -0.5549 -0.3040 0.7744
vn -0.9171 0.3886 0.0892
vn -0.3548 -0.6957 -0.6246
vn -0.5152 -0.5667 -0.6429
vn 0.2566 0.7689 0.5857
vn 0.3990 0.8864 0.2346
vn 0.2484 0.8861 -0.3912
vn 0.1982 0.7127 -0.6729
vn 0.0107 0.6934 -0.7205
vn -0.0441 0.7763 -0.6288
vn -0.0572 0.5756 -0.8157
vn -0.2784 0.6247 -0.7296
vn 0.0940 0.9929 0.0726
vn 0.1091 0.9568 -0.2696
vn -0.9712 -0.2154 0.1020
vn -0.8340 0.4299 0.3458
vn -0.7723 -0.2995 0.5601
vn -0.9479 0.0096 0.3185
vn -0.8478 -0.4924 0.1972
vn -0.6287 0.5708 0.5281
vn -0.5089 0.5573 0.6561
vn -0.4897 0.5454 0.6802
vn -0.8229 -0.3676 0.4332
vn -0.5950 -0.0340 0.8030
vn -0.5653 -0.0706 0.8218
vn -0.6320 -0.2472 0.7345
vn -0.8976 0.3434 0.2763
vn -0.8056 -0.2094 0.5543
vn -0.8461 0.4780 0.2361
vn -0.6457 0.0119 0.7635
vn -0.7156 0.1206 0.6880
vn -0.9448 -0.1398 0.2964
vn -0.9056 0.3034 -0.2964
vn -0.8805 0.3234 -0.3467
vn -0.0518 0.6091 0.7914
vn -0.6858 0.5222 0.5070
vn -0.5034 0.7705 0.3911
vn -0.7948 0.6062 -0.0296
vn -0.7092 0.5071 -0.4897
vn -0.5050 0.7576 -0.4137
vn -0.3593 0.4694 -0.8066
vn -0.1256 0.8751 0.4673
vn -0.2973 0.9532 -0.0547
vn -0.2121 0.8357 -0.5065
vn -0.8116 -0.4168 -0.4093
vn -0.6543 0.7377 0.1661
vn -0.9608 0.1283 -0.2458
vn -0.9811 -0.0124 -0.1932
vn -0.5038 -0.5037 -0.7017
vn 0.6951 -0.6995 0.1657
vn -0.0398 -0.9992 0.0100
vn -0.3660 -0.9163 0.1625
vn 0.5860 -0.6650 -0.4630
vn 0.4565 -0.7268 -0.5132
vn 0.0514 -0.9456 -0.3213
vn -0.1175 -0.3767 -0.9189
vn -0.2407 -0.1911 -0.9516
vn 0.0065 -0.0446 -0.9990
vn -0.3456 -0.5628 -0.7509
vn 0.7578 0.2590 -0.5988
vn 0.7714 0.2096 -0.6008
vn -0.7243 -0.6894 0.0127
vn -0.5953 -0.3063 -0.7428
vn -0.5451 -0.0050 -0.8384
vn 0.4474 -0.8929 -0.0509
vn 0.7963 -0.5801 -0.1711
vn 0.9524 -0.2625 -0.1551
vn 0.9307 -0.3090 0.1957
vn 0.8556 -0.4994 0.1360
vn 0.7509 -0.6537 -0.0938
vn 0.9721 -0.2328 -0.0290
vn 0.9072 0.2710 -0.3219
vn 0.8471 0.4336 -0.3071
vn 0.7548 0.5067 -0.4166
vn 0.6626 0.1905 -0.7243
vn 0.7265 0.6642 -0.1761
vn 0.3970 0.9100 -0.1197
vn 0.7384 0.6719 -0.0569
vn 0.8138 0.5057 -0.2863
vn 0.3760 0.9241 -0.0687
vn -0.1683 0.9789 -0.1155
vn -0.6837 0.7111 -0.1638
vn -0.3346 0.8046 -0.4905
vn -0.6596 0.6443 -0.3869
vn 0.3189 0.9259 -0.2025
vn 0.0382 0.9974 -0.0607
vn -0.6361 -0.1912 -0.7475
vn 0.9779 -0.0218 -0.2079
vn 0.3608 -0.1119 -0.9259
vn 0.4460 -0.1448 -0.8833
vn 0.1224 -0.2376 -0.9636
vn 0.9504 -0.1109 -0.2905
vn -0.2640 -0.2932 -0.9189
vn 0.3414 -0.4558 -0.8220
vn -0.2529 -0.4220 -0.8706
vn 0.6248 -0.3161 -0.7139
vn 0.0982 -0.4166 -0.9038
vn 0.4451 0.8550 -0.2663
vn 0.4824 0.6938 -0.5348
vn 0.2434 0.8279 -0.5053
vn 0.3456 0.5175 -0.7828
vn 0.1517 0.7186 -0.6787
vn 0.3277 0.9152 -0.2344
vn 0.2061 0.8822 -0.4235
vn -0.6646 -0.5178 0.5388
vn -0.5118 -0.7836 0.3522
vn -0.8200 -0.5317 0.2120
vn -0.9483 0.2502 -0.1952
vn -0.7524 0.6531 -0.0854
vn -0.8678 0.4752 -0.1450
vn -0.6340 -0.0122 -0.7732
vn 0.2641 0.7040 -0.6593
vn -0.4208 -0.4114 0.8085
vn -0.7945 -0.3900 0.4655
vn -0.9719 -0.1790 -0.1528
vn -0.9167 -0.2230 -0.3316
vn -0.9451 -0.2050 -0.2545
vn -0.9452 0.1805 -0.2722
vn -0.8994 -0.4101 -0.1513
vn -0.9165 0.2808 -0.2851
vn -0.8456 -0.1830 0.5015
vn -0.8647 0.2682 -0.4248
vn -0.2196 -0.5446 -0.8095
vn -0.9645 0.2468 -0.0942
vn -0.9924 0.1190 -0.0303
vn -0.6759 -0.3979 -0.6203
vn -0.5765 -0.0467 -0.8158
vn -0.3741 -0.2332 -0.8976
vn 0.3339 -0.8900 -0.3105
vn 0.9113 -0.2617 -0.3179
vn 0.9111 0.0995 -0.4000
vn 0.7880 0.3865 -0.4793
vn 0.8091 0.3415 -0.4782
vn 0.8446 0.2061 -0.4941
vn -0.0316 -0.9787 -0.2028
vn 0.8647 0.2950 -0.4065
vn 0.4696 0.5619 -0.6810
vn 0.6295 0.6922 -0.3530
vn -0.5033 0.6181 -0.6038
vn -0.0903 0.7534 -0.6513
vn 0.2532 0.2005 -0.9464
vn 0.3999 -0.0895 -0.9122
vn 0.0201 -0.1043 -0.9943
vn -0.7119 -0.6014 -0.3627
vn -0.6875 -0.7259 0.0219
vn -0.3018 -0.9508 0.0694
vn -0.5077 -0.8132 -0.2844
vn -0.2603 -0.8166 -0.5152
vn -0.8932 -0.4376 -0.1034
vn -0.6382 -0.6836 -0.3541
vn -0.9813 -0.1589 -0.1082
vn -0.8956 0.3712 -0.2452
vn -0.1649 -0.2460 -0.9551
vn -0.0999 0.1935 -0.9760
vn 0.1626 0.6446 -0.7470
vn 0.0759 0.4030 -0.9120
vn -0.9989 0.0458 0.0035
vn -0.9592 0.2517 0.1287
vn -0.9677 -0.0965 0.2329
vn -0.3437 0.2338 -0.9095
vn 0.7137 -0.5832 -0.3880
vn 0.8535 -0.0918 -0.5129
vn 0.6116 -0.4179 -0.6717
vn 0.0696 -0.8063 -0.5874
vn 0.4142 -0.7170 -0.5606
vn -0.2486 -0.6846 -0.6852
vn 0.7908 0.2998 -0.5336
vn 0.7802 0.3486 -0.5194
vn 0.4477 0.4391 -0.7789
vn -0.0737 0.5730 -0.8162
vn -0.8212 -0.5560 0.1286
vn -0.7585 -0.6465 -0.0819
vn -0.3499 -0.7554 -0.5541
vn -0.9669 0.2344 0.1012
vn -0.8189 0.5676 -0.0847
vn -0.8115 0.5137 -0.2785
vn -0.6881 0.6140 -0.3867
vn -0.6049 0.4286 -0.6711
vn -0.9709 -0.0214 0.2386
vn -0.7596 -0.6456 -0.0784
vn -0.7894 -0.5998 -0.1307
vn -0.9430 0.2664 -0.1996
vn 0.1201 -0.6240 -0.7722
vn 0.7684 -0.0764 -0.6354
vn 0.6963 0.0809 -0.7132
vn 0.4738 -0.3180 -0.8212
vn 0.0600 -0.3674 -0.9281
vn -0.1754 -0.4820 -0.8584
vn -0.1664 -0.2353 -0.9576
vn -0.2598 -0.1353 -0.9561
vn 0.2329 -0.0615 -0.9706
vn 0.5006 0.2912 -0.8153
vn -0.0176 0.1526 -0.9881
vn -0.3976 0.1753 -0.9007
vn -0.1506 0.3779 -0.9135
vn -0.3536 -0.4023 -0.8445
vn -0.1414 -0.0149 -0.9898
vn -0.5141 0.5650 -0.6453
vn -0.5781 0.4227 -0.6979
vn -0.3071 0.2736 -0.9115
vn -0.5189 0.2495 -0.8176
vn -0.4985 -0.6420 -0.5825
vn -0.6004 -0.0961 -0.7939
s 1
usemtl mtl1.152
f 27//1 1//2 2//3
f 1//2 3//4 2//3
f 3//4 4//5 2//3
f 26//6 30//7 6//8
f 1//2 26//6 6//8
f 26//6 1//2 27//1
f 3//4 1//2 6//8
f 3//4 7//9 5//10
f 4//5 3//4 5//10
f 5//10 8//11 4//5
f 5//10 9//12 8//11
f 7//9 31//13 5//10
f 7//9 6//8 30//7
f 31//13 7//9 30//7
f 6//8 7//9 3//4
f 5//10 31//13 35//14
f 5//10 35//14 9//12
f 8//11 2//3 4//5
f 27//1 2//3 10//15
f 2//3 8//11 972//16
f 8//11 9//12 40//17
f 9//12 35//14 40//17
f 8//11 11//18 972//16
f 972//16 11//18 13//19
f 972//16 13//19 12//20
f 40//17 11//18 8//11
f 973//21 38//22 10//15
f 12//20 13//19 17//23
f 11//18 14//24 13//19
f 15//25 16//26 14//24
f 14//24 16//26 18//27
f 44//28 48//29 975//30
f 16//26 19//31 18//27
f 975//30 48//29 19//31
f 13//19 20//32 17//23
f 17//23 20//32 51//33
f 13//19 18//27 21//34
f 18//27 19//31 21//34
f 19//31 53//35 21//34
f 51//33 20//32 22//36
f 20//32 24//37 22//36
f 13//19 21//34 20//32
f 53//35 25//38 21//34
f 20//32 21//34 23//39
f 25//38 23//39 21//34
f 24//37 20//32 23//39
f 24//37 23//39 61//40
f 61//40 23//39 62//41
f 25//38 68//42 23//39
f 62//41 23//39 68//42
f 25//38 69//43 68//42
f 26//6 28//44 30//7
f 26//6 27//1 29//45
f 28//44 26//6 29//45
f 27//1 34//46 29//45
f 28//44 29//45 168//47
f 29//45 34//46 168//47
f 30//7 33//48 31//13
f 28//44 978//49 30//7
f 28//44 121//50 978//49
f 32//51 35//14 31//13
f 32//51 36//52 35//14
f 32//51 31//13 33//48
f 121//50 75//53 978//49
f 33//48 74//54 32//51
f 977//55 74//54 37//56
f 34//46 27//1 38//22
f 38//22 27//1 10//15
f 168//47 34//46 219//57
f 34//46 38//22 364//58
f 219//57 34//46 364//58
f 35//14 36//52 40//17
f 36//52 39//59 40//17
f 977//55 37//56 36//52
f 37//56 39//59 36//52
f 227//60 39//59 37//56
f 364//58 38//22 392//61
f 38//22 973//21 41//62
f 392//61 38//22 41//62
f 40//17 42//63 11//18
f 40//17 39//59 42//63
f 39//59 227//60 42//63
f 43//64 41//62 973//21
f 43//64 973//21 976//65
f 41//62 43//64 392//61
f 11//18 15//25 14//24
f 974//66 11//18 42//63
f 974//66 42//63 45//67
f 42//63 47//68 45//67
f 227//60 47//68 42//63
f 13//19 14//24 18//27
f 974//66 45//67 44//28
f 44//28 975//30 974//66
f 45//67 46//69 44//28
f 46//69 979//70 44//28
f 46//69 49//71 979//70
f 47//68 46//69 45//67
f 46//69 50//72 49//71
f 47//68 50//72 46//69
f 43//64 976//65 51//33
f 43//64 51//33 52//73
f 19//31 48//29 53//35
f 49//71 53//35 979//70
f 53//35 69//43 25//38
f 53//35 70//74 69//43
f 54//75 70//74 53//35
f 50//72 54//75 49//71
f 54//75 53//35 49//71
f 50//72 77//76 54//75
f 73//77 54//75 77//76
f 72//78 73//77 82//79
f 77//76 82//79 73//77
f 56//80 52//73 51//33
f 51//33 22//36 56//80
f 56//80 22//36 55//81
f 55//81 22//36 24//37
f 58//82 55//81 24//37
f 55//81 57//83 56//80
f 57//83 55//81 58//82
f 52//73 56//80 59//84
f 59//84 56//80 57//83
f 60//85 59//84 57//83
f 58//82 60//85 57//83
f 60//85 58//82 67//86
f 81//87 52//73 59//84
f 81//87 59//84 60//85
f 79//88 81//87 60//85
f 58//82 24//37 980//89
f 58//82 980//89 63//90
f 63//90 980//89 981//91
f 981//91 65//92 64//93
f 58//82 63//90 67//86
f 67//86 63//90 64//93
f 981//91 64//93 63//90
f 65//92 981//91 71//94
f 66//95 65//92 72//78
f 65//92 66//95 64//93
f 67//86 79//88 60//85
f 64//93 66//95 67//86
f 71//94 68//42 69//43
f 70//74 71//94 69//43
f 68//42 71//94 981//91
f 54//75 72//78 70//74
f 72//78 71//94 70//74
f 71//94 72//78 65//92
f 54//75 73//77 72//78
f 66//95 72//78 82//79
f 982//96 74//54 33//48
f 982//96 76//97 74//54
f 74//54 76//97 37//56
f 76//97 227//60 37//56
f 227//60 50//72 47//68
f 126//98 81//87 79//88
f 78//99 77//76 50//72
f 78//99 82//79 77//76
f 80//100 67//86 82//79
f 78//99 80//100 82//79
f 993//101 80//100 78//99
f 67//86 66//95 82//79
f 67//86 80//100 983//102
f 83//103 85//104 84//105
f 86//106 85//104 83//103
f 85//104 87//107 84//105
f 984//108 93//109 132//110
f 999//111 86//106 83//103
f 986//112 88//113 85//104
f 85//104 88//113 87//107
f 88//113 137//114 87//107
f 133//115 86//106 999//111
f 1000//116 134//117 986//112
f 134//117 88//113 986//112
f 96//118 94//119 84//105
f 87//107 96//118 84//105
f 137//114 89//120 87//107
f 87//107 89//120 96//118
f 95//121 109//122 90//123
f 90//123 984//108 985//124
f 984//108 90//123 91//125
f 91//125 93//109 984//108
f 93//109 91//125 92//126
f 136//127 93//109 92//126
f 136//127 92//126 145//128
f 985//124 94//119 90//123
f 94//119 95//121 90//123
f 97//129 94//119 96//118
f 97//129 95//121 94//119
f 95//121 97//129 98//130
f 99//131 95//121 98//130
f 96//118 100//132 97//129
f 97//129 100//132 101//133
f 97//129 101//133 102//134
f 98//130 97//129 102//134
f 98//130 102//134 99//131
f 99//131 102//134 107//135
f 89//120 100//132 96//118
f 100//132 103//136 101//133
f 103//136 140//137 101//133
f 101//133 140//137 102//134
f 140//137 141//138 102//134
f 102//134 141//138 107//135
f 139//139 100//132 89//120
f 139//139 103//136 100//132
f 141//138 146//140 107//135
f 109//122 104//141 91//125
f 91//125 90//123 109//122
f 95//121 105//142 109//122
f 92//126 91//125 987//143
f 104//141 109//122 110//144
f 145//128 987//143 149//145
f 145//128 92//126 987//143
f 95//121 99//131 105//142
f 99//131 106//146 105//142
f 106//146 157//147 105//142
f 157//147 109//122 105//142
f 107//135 106//146 99//131
f 146//140 153//148 107//135
f 153//148 106//146 107//135
f 108//149 110//144 117//150
f 111//151 108//149 117//150
f 149//145 987//143 988//152
f 149//145 988//152 150//153
f 120//154 150//153 988//152
f 104//141 110//144 108//149
f 989//155 109//122 157//147
f 989//155 157//147 117//150
f 990//156 113//157 120//154
f 113//157 990//156 114//158
f 990//156 112//159 114//158
f 115//160 114//158 112//159
f 116//161 115//160 112//159
f 112//159 118//162 116//161
f 113//157 154//163 156//164
f 120//154 113//157 156//164
f 154//163 113//157 114//158
f 154//163 114//158 155//165
f 155//165 114//158 115//160
f 1001//166 115//160 116//161
f 116//161 158//167 1001//166
f 111//151 117//150 112//159
f 988//152 990//156 120//154
f 157//147 119//168 117//150
f 117//150 118//162 112//159
f 117//150 119//168 118//162
f 169//169 122//170 121//50
f 1007//171 171//172 991//173
f 76//97 982//96 123//174
f 123//174 124//175 76//97
f 991//173 123//174 982//96
f 122//170 75//53 121//50
f 123//174 991//173 171//172
f 227//60 76//97 124//175
f 124//175 170//176 227//60
f 125//177 43//64 52//73
f 227//60 78//99 50//72
f 81//87 125//177 52//73
f 126//98 992//178 81//87
f 80//100 993//101 983//102
f 132//110 93//109 127//179
f 135//180 128//181 127//179
f 93//109 135//180 127//179
f 995//182 129//183 994//184
f 129//183 133//115 994//184
f 996//185 134//117 1000//116
f 129//183 995//182 131//186
f 128//181 130//187 998//188
f 198//189 199//190 996//185
f 128//181 136//127 130//187
f 131//186 194//191 129//183
f 133//115 999//111 994//184
f 996//185 199//190 134//117
f 135//180 93//109 136//127
f 135//180 136//127 128//181
f 134//117 137//114 88//113
f 199//190 137//114 134//117
f 199//190 138//192 137//114
f 321//193 138//192 199//190
f 137//114 138//192 89//120
f 138//192 139//139 89//120
f 103//136 143//194 140//137
f 143//194 142//195 140//137
f 140//137 142//195 141//138
f 142//195 146//140 141//138
f 143//194 103//136 139//139
f 138//192 143//194 139//139
f 143//194 144//196 142//195
f 138//192 321//193 143//194
f 144//196 143//194 321//193
f 152//197 106//146 153//148
f 142//195 147//198 146//140
f 142//195 144//196 147//198
f 323//199 144//196 321//193
f 147//198 144//196 323//199
f 323//199 200//200 147//198
f 147//198 148//201 146//140
f 148//201 147//198 200//200
f 151//202 150//153 120//154
f 145//128 149//145 151//202
f 151//202 149//145 150//153
f 157//147 106//146 152//197
f 204//203 152//197 153//148
f 148//201 153//148 146//140
f 154//163 155//165 159//204
f 1002//205 1001//166 158//167
f 120//154 156//164 151//202
f 154//163 161//206 156//164
f 161//206 151//202 156//164
f 157//147 207//207 165//208
f 157//147 152//197 207//207
f 158//167 116//161 160//209
f 116//161 118//162 164//210
f 160//209 116//161 164//210
f 160//209 163//211 158//167
f 158//167 1003//212 1002//205
f 154//163 159//204 161//206
f 161//206 159//204 162//213
f 162//213 159//204 1004//214
f 163//211 160//209 166//215
f 166//215 160//209 167//216
f 208//217 162//213 1004//214
f 162//213 208//217 211//218
f 164//210 118//162 119//168
f 157//147 164//210 119//168
f 165//208 164//210 157//147
f 165//208 160//209 164//210
f 333//219 165//208 207//207
f 165//208 167//216 160//209
f 333//219 167//216 165//208
f 162//213 211//218 161//206
f 211//218 151//202 161//206
f 207//207 152//197 348//220
f 166//215 167//216 209//221
f 167//216 333//219 209//221
f 28//44 168//47 121//50
f 168//47 169//169 121//50
f 169//169 168//47 215//222
f 170//176 124//175 123//174
f 1008//223 170//176 123//174
f 217//224 170//176 1008//223
f 217//224 216//225 170//176
f 220//226 168//47 219//57
f 170//176 216//225 223//227
f 223//227 227//60 170//176
f 172//228 392//61 43//64
f 392//61 172//228 232//229
f 172//228 43//64 125//177
f 232//229 172//228 246//230
f 233//231 78//99 227//60
f 126//98 247//232 248//233
f 248//233 245//234 992//178
f 78//99 250//235 993//101
f 250//235 1024//236 993//101
f 248//233 992//178 126//98
f 173//237 177//238 178//239
f 175//240 174//241 177//238
f 175//240 181//242 174//241
f 174//241 180//243 177//238
f 181//242 175//240 184//244
f 257//245 184//244 175//240
f 177//238 173//237 175//240
f 175//240 173//237 255//246
f 175//240 255//246 176//247
f 178//239 177//238 179//248
f 179//248 177//238 186//249
f 186//249 177//238 180//243
f 179//248 186//249 188//250
f 180//243 174//241 181//242
f 181//242 182//251 180//243
f 182//251 183//252 180//243
f 180//243 183//252 186//249
f 184//244 185//253 182//251
f 181//242 184//244 182//251
f 182//251 185//253 183//252
f 183//252 185//253 189//254
f 188//250 186//249 187//255
f 183//252 189//254 186//249
f 186//249 189//254 187//255
f 187//255 191//256 188//250
f 187//255 189//254 191//256
f 190//257 193//258 197//259
f 1009//260 197//259 195//261
f 189//254 1010//262 191//256
f 1010//262 1013//263 191//256
f 188//250 191//256 492//264
f 1013//263 492//264 191//256
f 189//254 185//253 192//265
f 189//254 192//265 190//257
f 190//257 192//265 193//258
f 196//266 492//264 1013//263
f 497//267 492//264 196//266
f 998//188 196//266 1011//268
f 1012//269 195//261 197//259
f 1011//268 196//266 1013//263
f 193//258 298//270 197//259
f 298//270 198//189 197//259
f 997//271 1012//269 198//189
f 998//188 130//187 196//266
f 197//259 198//189 1012//269
f 497//267 196//266 130//187
f 202//272 200//200 323//199
f 148//201 200//200 202//272
f 145//128 327//273 136//127
f 148//201 201//274 153//148
f 202//272 201//274 148//201
f 201//274 204//203 153//148
f 205//275 204//203 201//274
f 202//272 323//199 203//276
f 202//272 203//276 201//274
f 205//275 203//276 206//277
f 201//274 203//276 205//275
f 151//202 211//218 145//128
f 327//273 145//128 211//218
f 327//273 211//218 334//278
f 204//203 348//220 152//197
f 205//275 348//220 204//203
f 1005//279 1006//280 1014//281
f 1014//281 1006//280 210//282
f 210//282 1006//280 1015//283
f 212//284 210//282 1015//283
f 1016//285 211//218 208//217
f 212//284 1015//283 214//286
f 214//286 209//221 333//219
f 334//278 211//218 1016//285
f 207//207 348//220 332//287
f 334//278 210//282 213//288
f 213//288 210//282 212//284
f 207//207 332//287 333//219
f 1007//171 218//289 171//172
f 169//169 215//222 1018//290
f 215//222 168//47 378//291
f 1018//290 215//222 353//292
f 1017//293 171//172 218//289
f 355//294 216//225 217//224
f 354//295 1017//293 218//289
f 364//58 221//296 219//57
f 219//57 365//297 220//226
f 220//226 378//291 168//47
f 355//294 398//298 216//225
f 221//296 222//299 219//57
f 222//299 365//297 219//57
f 221//296 363//300 222//299
f 363//300 221//296 364//58
f 365//297 222//299 366//301
f 366//301 222//299 363//300
f 368//302 363//300 364//58
f 395//303 223//227 216//225
f 409//304 227//60 223//227
f 224//305 225//306 229//307
f 224//305 226//308 225//306
f 1020//309 402//310 1019//311
f 227//60 409//304 408//312
f 224//305 229//307 228//313
f 402//310 1021//314 1019//311
f 229//307 239//315 173//237
f 402//310 231//316 1021//314
f 231//316 230//317 1021//314
f 1021//314 230//317 240//318
f 403//319 231//316 1053//320
f 230//317 231//316 234//321
f 240//318 230//317 234//321
f 403//319 417//322 231//316
f 417//322 416//323 231//316
f 231//316 416//323 234//321
f 228//313 229//307 173//237
f 240//318 239//315 1021//314
f 240//318 234//321 241//324
f 234//321 235//325 241//324
f 237//326 241//324 235//325
f 237//326 235//325 236//327
f 237//326 236//327 238//328
f 238//328 253//329 237//326
f 241//324 242//330 240//318
f 243//331 239//315 240//318
f 237//326 244//332 241//324
f 242//330 241//324 244//332
f 240//318 242//330 430//333
f 243//331 240//318 430//333
f 1022//334 237//326 253//329
f 421//335 246//230 1023//336
f 245//234 422//337 421//335
f 172//228 125//177 246//230
f 125//177 1023//336 246//230
f 248//233 247//232 249//338
f 422//337 245//234 248//233
f 423//339 422//337 248//233
f 250//235 78//99 233//231
f 251//340 1024//236 250//235
f 249//338 1024//236 251//340
f 250//235 233//231 251//340
f 425//341 251//340 233//231
f 251//340 425//341 249//338
f 253//329 238//328 252//342
f 173//237 239//315 254//343
f 173//237 254//343 255//246
f 243//331 430//333 254//343
f 243//331 254//343 239//315
f 254//343 430//333 448//344
f 178//239 228//313 173//237
f 255//246 254//343 256//345
f 256//345 272//346 255//246
f 254//343 273//347 292//348
f 228//313 274//349 450//350
f 228//313 178//239 274//349
f 282//351 257//245 258//352
f 259//353 258//352 269//354
f 259//353 269//354 453//355
f 176//247 255//246 260//356
f 175//240 176//247 261//357
f 257//245 175//240 261//357
f 255//246 272//346 260//356
f 176//247 260//356 262//358
f 176//247 262//358 261//357
f 266//359 1025//360 1026//361
f 263//362 260//356 272//346
f 260//356 263//362 262//358
f 1027//363 1028//364 1029//365
f 266//359 258//352 1025//360
f 1028//364 263//362 267//366
f 263//362 264//367 268//368
f 267//366 263//362 268//368
f 264//367 263//362 272//346
f 288//369 268//368 264//367
f 288//369 264//367 265//370
f 264//367 272//346 265//370
f 272//346 290//371 265//370
f 266//359 269//354 258//352
f 1030//372 270//373 1031//374
f 270//373 1030//372 267//366
f 1029//365 1028//364 267//366
f 271//375 268//368 288//369
f 267//366 268//368 271//375
f 453//355 1031//374 270//373
f 254//343 292//348 256//345
f 290//371 272//346 256//345
f 277//376 274//349 275//377
f 274//349 276//378 275//377
f 1032//379 278//380 1034//381
f 278//380 1032//379 1033//382
f 274//349 277//376 1057//383
f 1033//382 280//384 278//380
f 278//380 281//385 1034//381
f 279//386 274//349 178//239
f 179//248 279//386 178//239
f 293//387 279//386 179//248
f 293//387 295//388 279//386
f 274//349 279//386 276//378
f 279//386 295//388 276//378
f 280//384 1033//382 294//389
f 1035//390 276//378 295//388
f 278//380 280//384 281//385
f 281//385 280//384 296//391
f 281//385 296//391 479//392
f 257//245 282//351 184//244
f 185//253 184//244 282//351
f 185//253 282//351 283//393
f 284//394 283//393 282//351
f 284//394 285//395 283//393
f 283//393 285//395 297//396
f 258//352 284//394 282//351
f 287//397 284//394 258//352
f 286//398 284//394 287//397
f 284//394 286//398 285//395
f 285//395 286//398 299//399
f 297//396 285//395 299//399
f 287//397 258//352 259//353
f 470//400 286//398 287//397
f 470//400 287//397 469//401
f 286//398 470//400 299//399
f 299//399 470//400 484//402
f 192//265 185//253 283//393
f 283//393 297//396 192//265
f 288//369 265//370 290//371
f 288//369 290//371 291//403
f 271//375 288//369 471//404
f 471//404 288//369 291//403
f 304//405 309//406 289//407
f 256//345 292//348 289//407
f 290//371 256//345 289//407
f 290//371 289//407 291//403
f 300//408 291//403 289//407
f 289//407 309//406 300//408
f 292//348 303//409 289//407
f 289//407 303//409 304//405
f 292//348 308//410 303//409
f 308//410 292//348 473//411
f 473//411 319//412 308//410
f 295//388 293//387 492//264
f 294//389 296//391 280//384
f 296//391 294//389 1036//413
f 493//414 479//392 296//391
f 293//387 179//248 188//250
f 193//258 192//265 297//396
f 193//258 297//396 298//270
f 297//396 299//399 298//270
f 300//408 309//406 301//415
f 291//403 300//408 471//404
f 300//408 302//416 471//404
f 302//416 301//415 485//417
f 302//416 300//408 301//415
f 315//418 485//417 301//415
f 485//417 315//418 488//419
f 303//409 305//420 304//405
f 308//410 306//421 303//409
f 303//409 306//421 305//420
f 308//410 310//422 306//421
f 312//423 304//405 307//424
f 307//424 304//405 305//420
f 305//420 311//425 307//424
f 306//421 311//425 305//420
f 306//421 1037//426 311//425
f 308//410 319//412 310//422
f 319//412 320//427 1037//426
f 312//423 309//406 304//405
f 1037//426 320//427 311//425
f 312//423 307//424 313//428
f 307//424 311//425 313//428
f 311//425 320//427 314//429
f 311//425 1038//430 313//428
f 312//423 301//415 309//406
f 315//418 301//415 312//423
f 312//423 313//428 315//418
f 315//418 313//428 316//431
f 313//428 1039//432 316//431
f 315//418 316//431 318//433
f 318//433 316//431 478//434
f 478//434 316//431 317//435
f 316//431 1039//432 317//435
f 317//435 1039//432 1040//436
f 490//437 317//435 1040//436
f 315//418 318//433 488//419
f 320//427 319//412 474//438
f 1040//436 474//438 490//437
f 492//264 293//387 188//250
f 298//270 199//190 198//189
f 322//439 499//440 324//441
f 322//439 324//441 323//199
f 321//193 322//439 323//199
f 130//187 136//127 500//442
f 324//441 203//276 323//199
f 206//277 203//276 324//441
f 325//443 500//442 136//127
f 136//127 327//273 325//443
f 499//440 343//444 324//441
f 324//441 343//444 206//277
f 326//445 500//442 325//443
f 502//446 1041//447 331//448
f 327//273 334//278 328//449
f 328//449 325//443 327//273
f 499//440 1071//450 347//451
f 329//452 328//449 334//278
f 330//453 328//449 329//452
f 330//453 326//445 325//443
f 325//443 328//449 330//453
f 330//453 329//452 331//448
f 340//454 331//448 329//452
f 326//445 330//453 331//448
f 346//455 502//446 331//448
f 346//455 345//456 1071//450
f 334//278 213//288 336//457
f 336//457 213//288 212//284
f 214//286 333//219 350//458
f 348//220 349//459 335//460
f 335//460 332//287 348//220
f 212//284 214//286 336//457
f 336//457 214//286 337//461
f 337//461 214//286 350//458
f 350//458 333//219 338//462
f 338//462 333//219 332//287
f 335//460 338//462 332//287
f 339//463 335//460 349//459
f 336//457 329//452 334//278
f 351//464 336//457 337//461
f 339//463 338//462 335//460
f 349//459 206//277 343//444
f 349//459 344//465 339//463
f 340//454 329//452 336//457
f 340//454 336//457 351//464
f 341//466 340//454 351//464
f 1042//467 352//468 341//466
f 344//465 349//459 343//444
f 340//454 341//466 346//455
f 341//466 342//469 346//455
f 344//465 342//469 339//463
f 352//468 342//469 341//466
f 342//469 352//468 339//463
f 331//448 340//454 346//455
f 342//469 344//465 346//455
f 499//440 347//451 343//444
f 347//451 345//456 343//444
f 344//465 343//444 345//456
f 345//456 346//455 344//465
f 1071//450 345//456 347//451
f 349//459 348//220 205//275
f 206//277 349//459 205//275
f 337//461 350//458 1042//467
f 1042//467 350//458 352//468
f 352//468 350//458 338//462
f 339//463 352//468 338//462
f 217//224 1043//470 355//294
f 218//289 357//471 354//295
f 353//292 1044//472 1018//290
f 215//222 378//291 353//292
f 355//294 356//473 398//298
f 355//294 1043//470 358//474
f 1046//475 354//295 357//471
f 378//291 503//476 353//292
f 358//474 356//473 355//294
f 1045//477 505//478 1047//479
f 504//480 356//473 358//474
f 359//481 379//482 228//313
f 359//481 228//313 360//483
f 524//484 361//485 359//481
f 360//483 524//484 359//481
f 524//484 526//486 361//485
f 525//487 524//484 360//483
f 362//488 361//485 526//486
f 361//485 379//482 359//481
f 380//489 379//482 361//485
f 380//489 361//485 381//490
f 361//485 362//488 381//490
f 381//490 1048//491 382//492
f 220//226 365//297 377//493
f 365//297 367//494 369//495
f 367//494 366//301 363//300
f 367//494 365//297 366//301
f 367//494 371//496 370//497
f 369//495 367//494 370//497
f 369//495 372//498 365//297
f 371//496 367//494 363//300
f 371//496 363//300 368//302
f 370//497 373//499 369//495
f 373//499 372//498 369//495
f 372//498 377//493 365//297
f 370//497 371//496 375//500
f 370//497 375//500 373//499
f 374//501 377//493 372//498
f 364//58 393//502 368//302
f 372//498 376//503 374//501
f 375//500 531//504 373//499
f 372//498 373//499 376//503
f 373//499 531//504 376//503
f 376//503 533//505 374//501
f 533//505 377//493 374//501
f 371//496 368//302 393//502
f 532//506 376//503 531//504
f 533//505 376//503 532//506
f 375//500 371//496 393//502
f 555//507 378//291 377//493
f 377//493 378//291 220//226
f 555//507 535//508 378//291
f 396//509 216//225 398//298
f 395//303 216//225 396//509
f 228//313 516//510 512//511
f 228//313 512//511 539//512
f 384//513 224//305 379//482
f 379//482 380//489 384//513
f 385//514 384//513 380//489
f 383//515 382//492 530//516
f 381//490 382//492 389//517
f 1051//518 382//492 383//515
f 383//515 390//519 1051//518
f 379//482 224//305 228//313
f 384//513 385//514 386//520
f 386//520 391//521 384//513
f 386//520 385//514 387//522
f 385//514 380//489 387//522
f 388//523 1049//524 387//522
f 387//522 380//489 381//490
f 388//523 387//522 389//517
f 401//525 1050//526 390//519
f 387//522 381//490 389//517
f 1050//526 1051//518 390//519
f 1052//527 1049//524 407//528
f 1050//526 401//525 1054//529
f 1049//524 388//523 407//528
f 394//530 364//58 392//61
f 393//502 364//58 394//530
f 394//530 551//531 393//502
f 395//303 409//304 223//227
f 397//532 395//303 396//509
f 397//532 409//304 395//303
f 397//532 396//509 398//298
f 516//510 228//313 399//533
f 563//534 414//535 383//515
f 391//521 226//308 224//305
f 406//536 1053//320 404//537
f 402//310 1020//309 404//537
f 391//521 224//305 384//513
f 400//538 417//322 406//536
f 1054//529 400//538 405//539
f 400//538 406//536 405//539
f 401//525 400//538 1054//529
f 401//525 414//535 400//538
f 390//519 414//535 401//525
f 414//535 390//519 383//515
f 1053//320 406//536 403//319
f 403//319 406//536 417//322
f 1052//527 404//537 1020//309
f 405//539 406//536 404//537
f 407//528 405//539 404//537
f 407//528 404//537 1052//527
f 392//61 232//229 565//540
f 552//541 392//61 564//542
f 392//61 565//540 564//542
f 233//231 227//60 408//312
f 410//543 418//544 408//312
f 409//304 397//532 408//312
f 410//543 408//312 397//532
f 397//532 398//298 410//543
f 410//543 398//298 411//545
f 411//545 398//298 412//546
f 412//546 576//547 411//545
f 410//543 411//545 575//548
f 399//533 228//313 413//549
f 399//533 413//549 412//546
f 414//535 563//534 252//342
f 417//322 400//538 415//550
f 415//550 400//538 414//535
f 414//535 238//328 415//550
f 415//550 416//323 417//322
f 235//325 416//323 415//550
f 416//323 235//325 234//321
f 236//327 235//325 415//550
f 581//551 232//229 246//230
f 408//312 418//544 233//231
f 418//544 426//552 233//231
f 418//544 575//548 419//553
f 575//548 420//554 419//553
f 410//543 575//548 418//544
f 575//548 576//547 420//554
f 413//549 444//555 412//546
f 444//555 413//549 228//313
f 252//342 238//328 414//535
f 415//550 238//328 236//327
f 431//556 242//330 244//332
f 253//329 428//557 1022//334
f 1022//334 428//557 1056//558
f 432//559 421//335 422//337
f 580//560 421//335 432//559
f 421//335 580//560 246//230
f 248//233 249//338 423//339
f 423//339 249//338 424//561
f 433//562 422//337 423//339
f 432//559 422//337 433//562
f 426//552 425//341 233//231
f 249//338 425//341 424//561
f 424//561 1055//563 438//564
f 434//565 424//561 438//564
f 418//544 427//566 426//552
f 1055//563 426//552 427//566
f 427//566 439//567 438//564
f 427//566 438//564 1055//563
f 418//544 419//553 427//566
f 419//553 439//567 427//566
f 439//567 419//553 420//554
f 420//554 576//547 443//568
f 412//546 444//555 576//547
f 576//547 444//555 443//568
f 242//330 431//556 430//333
f 253//329 252//342 446//569
f 1056//558 428//557 429//570
f 428//557 253//329 446//569
f 428//557 446//569 429//570
f 429//570 446//569 582//571
f 1056//558 429//570 582//571
f 449//572 448//344 430//333
f 583//573 430//333 431//556
f 1056//558 582//571 583//573
f 584//574 432//559 433//562
f 580//560 432//559 585//575
f 585//575 432//559 584//574
f 423//339 424//561 434//565
f 434//565 433//562 423//339
f 436//576 433//562 435//577
f 435//577 433//562 434//565
f 438//564 435//577 434//565
f 441//578 436//576 435//577
f 435//577 440//579 441//578
f 584//574 433//562 436//576
f 437//580 436//576 441//578
f 584//574 436//576 437//580
f 439//567 443//568 440//579
f 439//567 420//554 443//568
f 438//564 440//579 435//577
f 439//567 440//579 438//564
f 440//579 443//568 441//578
f 443//568 442//581 441//578
f 696//582 445//583 252//342
f 252//342 445//583 446//569
f 445//583 696//582 586//584
f 446//569 445//583 447//585
f 447//585 582//571 446//569
f 254//343 448//344 273//347
f 448//344 449//572 589//586
f 228//313 450//350 444//555
f 450//350 608//587 444//555
f 1058//588 451//589 1108//590
f 609//591 1108//590 451//589
f 609//591 451//589 611//592
f 611//592 451//589 610//593
f 1034//381 451//589 1059//594
f 1034//381 462//595 451//589
f 610//593 451//589 462//595
f 462//595 612//596 610//593
f 612//596 462//595 464//597
f 465//598 612//596 464//597
f 452//599 614//600 612//596
f 465//598 452//599 612//596
f 452//599 458//601 614//600
f 469//401 287//397 454//602
f 259//353 454//602 287//397
f 454//602 453//355 455//603
f 259//353 453//355 454//602
f 452//599 465//598 469//401
f 455//603 453//355 456//604
f 460//605 456//604 453//355
f 469//401 454//602 452//599
f 452//599 454//602 455//603
f 456//604 457//606 455//603
f 461//607 457//606 456//604
f 461//607 456//604 460//605
f 452//599 455//603 458//601
f 455//603 457//606 458//601
f 461//607 615//608 457//606
f 459//609 270//373 267//366
f 267//366 271//375 459//609
f 453//355 270//373 460//605
f 459//609 460//605 270//373
f 472//610 459//609 271//375
f 459//609 616//611 460//605
f 616//611 459//609 472//610
f 461//607 460//605 616//611
f 292//348 273//347 473//411
f 473//411 273//347 618//612
f 281//385 462//595 1034//381
f 462//595 281//385 468//613
f 462//595 466//614 1060//615
f 468//613 466//614 462//595
f 470//400 465//598 463//616
f 281//385 479//392 468//613
f 465//598 1060//615 467//617
f 465//598 467//617 463//616
f 1060//615 466//614 467//617
f 466//614 480//618 467//617
f 463//616 467//617 480//618
f 480//618 481//619 463//616
f 479//392 480//618 466//614
f 468//613 479//392 466//614
f 465//598 470//400 469//401
f 472//610 271//375 471//404
f 472//610 617//620 616//611
f 632//621 617//620 472//610
f 471//404 302//416 472//610
f 302//416 632//621 472//610
f 489//622 318//433 478//434
f 319//412 475//623 474//438
f 473//411 475//623 319//412
f 475//623 477//624 474//438
f 490//437 477//624 476//625
f 490//437 474//438 477//624
f 473//411 618//612 626//626
f 626//626 475//623 473//411
f 475//623 626//626 628//627
f 628//627 477//624 475//623
f 627//628 477//624 628//627
f 478//434 1061//629 622//630
f 622//630 1061//629 623//631
f 476//625 477//624 623//631
f 1036//413 491//632 296//391
f 492//264 1064//633 295//388
f 491//632 493//414 296//391
f 480//618 479//392 483//634
f 463//616 484//402 470//400
f 481//619 484//402 463//616
f 482//635 484//402 481//619
f 482//635 481//619 480//618
f 483//634 482//635 480//618
f 494//636 482//635 483//634
f 494//636 496//637 482//635
f 482//635 496//637 484//402
f 479//392 493//414 483//634
f 632//621 302//416 486//638
f 486//638 302//416 485//417
f 633//639 488//419 489//622
f 486//638 485//417 487//640
f 487//640 485//417 488//419
f 489//622 488//419 318//433
f 490//437 476//625 317//435
f 478//434 317//435 1061//629
f 491//632 498//641 493//414
f 298//270 299//399 484//402
f 298//270 484//402 199//190
f 484//402 496//637 199//190
f 483//634 501//642 494//636
f 495//643 1064//633 492//264
f 1066//644 1065//645 495//643
f 493//414 1067//646 483//634
f 496//637 322//439 321//193
f 321//193 199//190 496//637
f 496//637 499//440 322//439
f 494//636 501//642 496//637
f 497//267 495//643 492//264
f 1066//644 495//643 497//267
f 1067//646 501//642 483//634
f 497//267 500//442 1066//644
f 1068//647 1069//648 1070//649
f 130//187 500//442 497//267
f 1069//648 1041//447 1070//649
f 1071//450 496//637 501//642
f 502//446 1070//649 1041//447
f 496//637 1071//450 499//440
f 1045//477 506//650 505//478
f 1072//651 504//480 358//474
f 504//480 398//298 356//473
f 353//292 503//476 1044//472
f 1044//472 503//476 1073//652
f 504//480 1082//653 412//546
f 1072//651 507//654 504//480
f 506//650 1074//655 505//478
f 506//650 638//656 1074//655
f 503//476 639//657 1073//652
f 504//480 507//654 516//510
f 508//658 517//659 516//510
f 508//658 516//510 507//654
f 638//656 510//660 1074//655
f 510//660 1075//661 1074//655
f 1075//661 510//660 1083//662
f 510//660 509//663 1083//662
f 1076//664 511//665 519//666
f 511//665 642//667 519//666
f 539//512 513//668 514//669
f 515//670 513//668 512//511
f 1080//671 540//672 1077//673
f 540//672 1078//674 1077//673
f 1081//675 545//676 1090//677
f 512//511 516//510 517//659
f 512//511 517//659 515//670
f 545//676 1081//675 518//678
f 519//666 1084//679 1076//664
f 1084//679 519//666 518//678
f 1081//675 1085//680 518//678
f 545//676 518//678 519//666
f 546//681 545//676 519//666
f 360//483 228//313 547//682
f 547//682 520//683 525//487
f 514//669 520//683 547//682
f 1088//684 521//685 528//686
f 1086//687 523//688 521//685
f 1086//687 521//685 1088//684
f 1079//689 523//688 1086//687
f 522//690 528//686 521//685
f 521//685 548//691 522//690
f 521//685 1087//692 548//691
f 522//690 548//691 550//693
f 525//487 526//486 524//484
f 547//682 525//487 360//483
f 527//694 362//488 526//486
f 528//686 527//694 526//486
f 528//686 1089//695 1088//684
f 530//516 527//694 528//686
f 527//694 530//516 1048//491
f 383//515 529//696 550//693
f 528//686 529//696 383//515
f 528//686 383//515 530//516
f 528//686 522//690 529//696
f 529//696 522//690 550//693
f 1048//491 530//516 382//492
f 531//504 375//500 534//697
f 531//504 534//697 532//506
f 532//506 556//698 533//505
f 393//502 534//697 375//500
f 532//506 534//697 1097//699
f 393//502 553//700 534//697
f 534//697 1093//701 1097//699
f 1097//699 1093//701 562//702
f 377//493 533//505 555//507
f 556//698 555//507 533//505
f 535//508 555//507 560//703
f 535//508 560//703 656//704
f 378//291 536//705 503//476
f 535//508 536//705 378//291
f 639//657 503//476 536//705
f 536//705 535//508 537//706
f 535//508 656//704 537//706
f 504//480 412//546 398//298
f 538//707 519//666 642//667
f 539//512 512//511 513//668
f 540//672 541//708 1078//674
f 1090//677 545//676 542//709
f 1091//710 1090//677 543//711
f 543//711 1090//677 542//709
f 548//691 1091//710 543//711
f 543//711 542//709 549//712
f 543//711 549//712 548//691
f 549//712 542//709 544//713
f 545//676 544//713 542//709
f 519//666 538//707 546//681
f 546//681 538//707 544//713
f 545//676 546//681 544//713
f 539//512 547//682 228//313
f 547//682 539//512 514//669
f 1079//689 1092//714 523//688
f 550//693 563//534 383//515
f 1087//692 1091//710 548//691
f 548//691 549//712 550//693
f 549//712 544//713 550//693
f 550//693 544//713 563//534
f 553//700 393//502 551//531
f 392//61 551//531 394//530
f 392//61 552//541 551//531
f 553//700 551//531 554//715
f 554//715 551//531 552//541
f 1095//716 552//541 567//717
f 1094//718 1096//719 558//720
f 1096//719 568//721 558//720
f 558//720 1100//722 1094//718
f 558//720 568//721 658//723
f 556//698 557//724 555//507
f 557//724 560//703 555//507
f 556//698 561//725 557//724
f 561//725 559//726 557//724
f 559//726 560//703 557//724
f 1097//699 562//702 1098//727
f 1100//722 558//720 649//728
f 661//729 558//720 658//723
f 650//730 559//726 561//725
f 1101//731 651//732 1099//733
f 651//732 650//730 1099//733
f 1116//734 1102//735 1115//736
f 558//720 661//729 649//728
f 516//510 399//533 412//546
f 563//534 544//713 538//707
f 563//534 538//707 688//737
f 566//738 564//542 565//540
f 567//717 552//541 564//542
f 570//739 566//738 565//540
f 232//229 671//740 565//540
f 567//717 564//542 566//738
f 565//540 671//740 570//739
f 569//741 567//717 566//738
f 569//741 566//738 570//739
f 571//742 1095//716 567//717
f 1096//719 571//742 568//721
f 571//742 567//717 569//741
f 571//742 573//743 568//721
f 571//742 569//741 572//744
f 572//744 569//741 570//739
f 572//744 570//739 671//740
f 573//743 571//742 572//744
f 671//740 573//743 572//744
f 658//723 568//721 659//745
f 568//721 573//743 670//746
f 568//721 670//746 659//745
f 411//545 576//547 575//548
f 252//342 563//534 688//737
f 671//740 232//229 1103//747
f 577//748 662//749 660//750
f 577//748 673//751 574//752
f 662//749 577//748 578//753
f 577//748 574//752 579//754
f 578//753 577//748 675//755
f 675//755 579//754 676//756
f 577//748 579//754 675//755
f 574//752 690//757 579//754
f 676//756 579//754 691//758
f 579//754 690//757 691//758
f 581//551 246//230 580//560
f 689//759 581//551 580//560
f 581//551 689//759 809//760
f 592//761 583//573 582//571
f 449//572 430//333 583//573
f 584//574 437//580 595//762
f 689//759 580//560 585//575
f 443//568 608//587 442//581
f 443//568 444//555 608//587
f 696//582 707//763 586//584
f 833//764 447//585 445//583
f 582//571 587//765 592//761
f 582//571 447//585 587//765
f 448//344 589//586 273//347
f 590//766 449//572 583//573
f 588//767 589//586 449//572
f 588//767 449//572 590//766
f 583//573 592//761 590//766
f 590//766 593//768 588//767
f 588//767 593//768 591//769
f 591//769 589//586 588//767
f 592//761 593//768 590//766
f 592//761 594//770 593//768
f 593//768 594//770 591//769
f 589//586 591//769 697//771
f 1120//772 591//769 594//770
f 713//773 273//347 589//586
f 587//765 594//770 592//761
f 596//774 597//775 595//762
f 441//578 596//774 595//762
f 584//574 595//762 597//775
f 1105//776 1104//777 599//778
f 599//778 1104//777 604//779
f 598//780 584//574 597//775
f 716//781 598//780 600//782
f 600//782 598//780 597//775
f 1105//776 599//778 1106//783
f 598//780 716//781 585//575
f 584//574 598//780 585//575
f 716//781 600//782 601//784
f 718//785 599//778 605//786
f 717//787 1106//783 599//778
f 1106//783 717//787 1107//788
f 718//785 605//786 721//789
f 717//787 599//778 718//785
f 595//762 437//580 441//578
f 441//578 442//581 602//790
f 596//774 441//578 602//790
f 604//779 602//790 603//791
f 1104//777 602//790 604//779
f 605//786 604//779 603//791
f 599//778 604//779 605//786
f 721//789 605//786 607//792
f 603//791 602//790 442//581
f 1109//793 606//794 442//581
f 603//791 442//581 606//794
f 607//792 605//786 606//794
f 606//794 605//786 603//791
f 1109//793 607//792 606//794
f 607//792 1110//795 723//796
f 728//797 725//798 609//591
f 725//798 1110//795 609//591
f 736//799 612//596 739//800
f 611//592 612//596 736//799
f 612//596 611//592 610//593
f 613//801 739//800 612//596
f 613//801 612//596 614//600
f 613//801 614//600 458//601
f 458//601 457//606 613//801
f 613//801 457//606 615//608
f 461//607 616//611 615//608
f 751//802 616//611 617//620
f 616//611 751//802 615//608
f 713//773 618//612 273//347
f 619//803 633//639 489//622
f 758//804 617//620 632//621
f 633//639 619//803 637//805
f 792//806 619//803 763//807
f 637//805 619//803 792//806
f 620//808 489//622 478//434
f 621//809 489//622 620//808
f 621//809 619//803 489//622
f 620//808 759//810 621//809
f 619//803 760//811 763//807
f 621//809 760//811 619//803
f 760//811 621//809 759//810
f 627//628 623//631 477//624
f 620//808 478//434 622//630
f 622//630 623//631 625//812
f 768//813 620//808 622//630
f 623//631 631//814 624//815
f 627//628 631//814 623//631
f 625//812 623//631 624//815
f 622//630 625//812 768//813
f 625//812 769//816 768//813
f 627//628 628//627 631//814
f 626//626 629//817 628//627
f 628//627 629//817 630//818
f 631//814 628//627 630//818
f 626//626 618//612 629//817
f 618//612 774//819 629//817
f 631//814 776//820 624//815
f 634//821 486//638 487//640
f 633//639 1062//822 488//419
f 632//621 486//638 636//823
f 634//821 1063//824 635//825
f 1111//826 1062//822 633//639
f 636//823 486//638 634//821
f 789//827 636//823 634//821
f 635//825 789//827 634//821
f 788//828 633//639 637//805
f 758//804 632//621 636//823
f 1111//826 633//639 788//828
f 788//828 789//827 1111//826
f 1073//652 639//657 1112//829
f 1112//829 639//657 640//830
f 536//705 643//831 639//657
f 640//830 639//657 641//832
f 639//657 643//831 641//832
f 641//832 643//831 642//667
f 1114//833 510//660 1113//834
f 509//663 510//660 1114//833
f 641//832 511//665 640//830
f 640//830 511//665 1076//664
f 511//665 641//832 642//667
f 653//835 650//730 654//836
f 653//835 654//836 655//837
f 654//836 795//838 655//837
f 656//704 645//839 537//706
f 646//840 645//839 800//841
f 536//705 537//706 643//831
f 643//831 644//842 642//667
f 642//667 644//842 538//707
f 644//842 643//831 646//840
f 646//840 538//707 644//842
f 645//839 643//831 537//706
f 645//839 646//840 643//831
f 793//843 648//844 647//845
f 650//730 648//844 654//836
f 648//844 793//843 796//846
f 654//836 648//844 796//846
f 647//845 794//847 793//843
f 802//848 794//847 647//845
f 656//704 560//703 653//835
f 650//730 653//835 559//726
f 560//703 559//726 653//835
f 652//849 1116//734 1115//736
f 648//844 1116//734 652//849
f 1115//736 664//850 652//849
f 648//844 650//730 651//732
f 647//845 648//844 652//849
f 652//849 664//850 647//845
f 655//837 656//704 653//835
f 800//841 656//704 655//837
f 647//845 664//850 802//848
f 800//841 645//839 656//704
f 646//840 800//841 801//851
f 646//840 801//851 538//707
f 664//850 657//852 802//848
f 802//848 657//852 804//853
f 662//749 661//729 658//723
f 658//723 659//745 660//750
f 658//723 660//750 662//749
f 659//745 673//751 660//750
f 1117//854 664//850 1115//736
f 663//855 664//850 1117//854
f 663//855 1117//854 1118//856
f 663//855 1118//856 677//857
f 680//858 663//855 677//857
f 664//850 663//855 665//859
f 680//858 665//859 663//855
f 665//859 680//858 666//860
f 657//852 664//850 665//859
f 804//853 665//859 666//860
f 666//860 680//858 667//861
f 805//862 666//860 667//861
f 667//861 801//851 805//862
f 657//852 665//859 804//853
f 667//861 669//863 801//851
f 801//851 668//864 538//707
f 669//863 668//864 801//851
f 669//863 686//865 668//864
f 538//707 668//864 688//737
f 1140//866 671//740 1103//747
f 671//740 670//746 573//743
f 670//746 671//740 672//867
f 672//867 574//752 670//746
f 810//868 574//752 672//867
f 671//740 810//868 672//867
f 659//745 670//746 673//751
f 1118//856 578//753 677//857
f 660//750 673//751 577//748
f 574//752 673//751 670//746
f 810//868 674//869 574//752
f 674//869 683//870 574//752
f 674//869 813//871 816//872
f 578//753 678//873 677//857
f 679//874 678//873 578//753
f 675//755 679//874 578//753
f 685//875 675//755 676//756
f 676//756 691//758 692//876
f 677//857 678//873 681//877
f 685//875 679//874 675//755
f 681//877 680//858 677//857
f 681//877 678//873 679//874
f 681//877 679//874 682//878
f 685//875 682//878 679//874
f 667//861 682//878 669//863
f 682//878 685//875 669//863
f 682//878 667//861 681//877
f 667//861 680//858 681//877
f 692//876 684//879 676//756
f 676//756 684//879 685//875
f 684//879 687//880 685//875
f 687//880 684//879 692//876
f 668//864 686//865 688//737
f 685//875 686//865 669//863
f 685//875 687//880 686//865
f 692//876 686//865 687//880
f 688//737 686//865 696//582
f 683//870 695//881 574//752
f 815//882 695//881 683//870
f 695//881 690//757 574//752
f 690//757 693//883 691//758
f 686//865 692//876 696//582
f 692//876 691//758 694//884
f 691//758 693//883 694//884
f 690//757 695//881 1119//885
f 700//886 694//884 693//883
f 696//582 692//876 694//884
f 252//342 688//737 696//582
f 694//884 700//886 696//582
f 587//765 698//887 594//770
f 698//887 1120//772 594//770
f 698//887 817//888 1120//772
f 697//771 714//889 589//586
f 698//887 819//890 817//888
f 817//888 714//889 697//771
f 818//891 714//889 817//888
f 900//892 689//759 840//893
f 689//759 585//575 716//781
f 1119//885 695//881 821//894
f 729//895 730//896 702//897
f 702//897 696//582 700//886
f 699//898 700//886 693//883
f 701//899 700//886 699//898
f 702//897 701//899 729//895
f 699//898 1119//885 821//894
f 700//886 701//899 702//897
f 825//900 703//901 821//894
f 703//901 699//898 821//894
f 701//899 699//898 703//901
f 826//902 703//901 825//900
f 704//903 703//901 826//902
f 703//901 704//903 701//899
f 826//902 731//904 704//903
f 704//903 1124//905 701//899
f 696//582 705//906 707//763
f 829//907 705//906 696//582
f 710//908 705//906 852//909
f 738//910 710//908 852//909
f 708//911 706//912 707//763
f 737//913 740//914 712//915
f 711//916 706//912 708//911
f 710//908 708//911 707//763
f 708//911 710//908 709//917
f 708//911 709//917 711//916
f 711//916 709//917 712//915
f 712//915 709//917 737//913
f 707//763 705//906 710//908
f 710//908 738//910 709//917
f 1123//918 1122//919 586//584
f 712//915 740//914 741//920
f 833//764 445//583 586//584
f 711//916 832//921 706//912
f 830//922 711//916 712//915
f 711//916 830//922 832//921
f 712//915 741//920 830//922
f 1122//919 831//923 586//584
f 586//584 831//923 833//764
f 587//765 447//585 835//924
f 835//924 698//887 587//765
f 714//889 713//773 589//586
f 715//925 713//773 714//889
f 714//889 818//891 839//926
f 714//889 839//926 715//925
f 716//781 840//893 689//759
f 716//781 719//927 840//893
f 719//927 716//781 601//784
f 720//928 719//927 1107//788
f 1107//788 717//787 720//928
f 720//928 717//787 718//785
f 720//928 718//785 721//789
f 719//927 720//928 842//929
f 842//929 720//928 721//789
f 842//929 721//789 722//930
f 722//930 721//789 607//792
f 723//796 750//931 722//930
f 723//796 722//930 607//792
f 1110//795 724//932 723//796
f 869//933 724//932 905//934
f 724//932 1110//795 725//798
f 905//934 724//932 725//798
f 843//935 725//798 844//936
f 725//798 726//937 844//936
f 728//797 609//591 727//938
f 726//937 725//798 728//797
f 728//797 731//904 726//937
f 727//938 730//896 728//797
f 728//797 730//896 729//895
f 728//797 1124//905 731//904
f 1121//939 1125//940 849//941
f 704//903 731//904 1124//905
f 732//942 730//896 727//938
f 727//938 609//591 732//942
f 732//942 849//941 730//896
f 732//942 609//591 733//943
f 733//943 609//591 734//944
f 735//945 733//943 734//944
f 851//946 1121//939 849//941
f 849//941 732//942 733//943
f 611//592 734//944 609//591
f 611//592 736//799 734//944
f 734//944 736//799 735//945
f 736//799 738//910 735//945
f 736//799 739//800 740//914
f 740//914 737//913 736//799
f 736//799 737//913 738//910
f 709//917 738//910 737//913
f 613//801 740//914 739//800
f 613//801 743//947 740//914
f 742//948 740//914 743//947
f 742//948 741//920 740//914
f 854//949 741//920 742//948
f 615//608 743//947 613//801
f 742//948 743//947 854//949
f 743//947 751//802 854//949
f 713//773 745//950 618//612
f 745//950 746//951 618//612
f 746//951 752//952 618//612
f 748//953 745//950 713//773
f 745//950 748//953 746//951
f 748//953 747//954 746//951
f 746//951 747//954 752//952
f 713//773 715//925 748//953
f 749//955 1126//956 748//953
f 749//955 748//953 859//957
f 858//958 748//953 715//925
f 748//953 858//958 859//957
f 1148//959 860//960 749//955
f 723//796 868//961 750//931
f 750//931 868//961 867//962
f 1149//963 723//796 724//932
f 758//804 872//964 617//620
f 751//802 743//947 615//608
f 751//802 617//620 872//964
f 744//965 854//949 751//802
f 744//965 751//802 872//964
f 618//612 752//952 774//819
f 774//819 752//952 780//966
f 752//952 747//954 754//967
f 749//955 754//967 1126//956
f 754//967 749//955 756//968
f 749//955 874//969 756//968
f 756//968 753//970 757//971
f 753//970 923//972 778//973
f 780//966 752//952 754//967
f 780//966 754//967 783//974
f 755//975 783//974 754//967
f 754//967 756//968 755//975
f 756//968 757//971 755//975
f 753//970 778//973 757//971
f 759//810 620//808 761//976
f 768//813 761//976 620//808
f 760//811 759//810 762//977
f 761//976 762//977 759//810
f 760//811 762//977 763//807
f 765//978 764//979 761//976
f 762//977 761//976 764//979
f 765//978 761//976 770//980
f 763//807 767//981 792//806
f 763//807 1127//982 766//983
f 762//977 1127//982 763//807
f 765//978 770//980 771//984
f 1128//985 765//978 1129//986
f 766//983 767//981 763//807
f 772//987 1129//986 765//978
f 766//983 875//988 767//981
f 772//987 771//984 878//989
f 880//990 767//981 875//988
f 1129//986 772//987 1151//991
f 1151//991 772//987 1153//992
f 770//980 768//813 769//816
f 768//813 770//980 761//976
f 771//984 770//980 769//816
f 772//987 765//978 771//984
f 771//984 769//816 773//993
f 773//993 769//816 776//820
f 1130//994 776//820 879//995
f 774//819 779//996 629//817
f 779//996 630//818 629//817
f 630//818 779//996 775//997
f 630//818 775//997 631//814
f 782//998 775//997 779//996
f 769//816 625//812 624//815
f 782//998 785//999 775//997
f 775//997 785//999 776//820
f 631//814 775//997 776//820
f 769//816 624//815 776//820
f 879//995 776//820 777//1000
f 785//999 777//1000 776//820
f 777//1000 785//999 786//1001
f 778//973 1155//1002 777//1000
f 774//819 780//966 779//996
f 779//996 780//966 781//1003
f 782//998 779//996 781//1003
f 783//974 784//1004 781//1003
f 780//966 783//974 781//1003
f 784//1004 782//998 781//1003
f 782//998 784//1004 785//999
f 786//1001 785//999 784//1004
f 755//975 787//1005 783//974
f 787//1005 786//1001 784//1004
f 787//1005 784//1004 783//974
f 778//973 787//1005 757//971
f 757//971 787//1005 755//975
f 778//973 777//1000 786//1001
f 787//1005 778//973 786//1001
f 637//805 792//806 788//828
f 758//804 636//823 791//1006
f 791//1006 636//823 789//827
f 790//1007 788//828 792//806
f 788//828 1131//1008 789//827
f 791//1006 789//827 1131//1008
f 791//1006 1131//1008 1156//1009
f 758//804 791//1006 876//1010
f 790//1007 792//806 767//981
f 880//990 790//1007 767//981
f 1132//1011 654//836 796//846
f 796//846 793//843 797//1012
f 797//1012 793//843 794//847
f 797//1012 794//847 803//1013
f 794//847 802//848 803//1013
f 1133//1014 796//846 798//1015
f 798//1015 796//846 799//1016
f 799//1016 796//846 797//1012
f 799//1016 797//1012 803//1013
f 1137//1017 808//1018 1135//1019
f 1138//1020 808//1018 1137//1017
f 1134//1021 1136//1022 655//837
f 1136//1022 800//841 655//837
f 801//851 800//841 1136//1022
f 1135//1019 808//1018 801//851
f 806//1023 803//1013 802//848
f 804//853 806//1023 802//848
f 808//1018 1138//1020 1139//1024
f 666//860 806//1023 804//853
f 807//1025 805//862 801//851
f 807//1025 808//1018 1139//1024
f 666//860 807//1025 1139//1024
f 805//862 807//1025 666//860
f 808//1018 807//1025 801//851
f 674//869 816//872 683//870
f 816//872 815//882 683//870
f 671//740 1140//866 810//868
f 689//759 887//1026 809//760
f 887//1026 689//759 900//892
f 810//868 1140//866 881//1027
f 1140//866 887//1026 881//1027
f 881//1027 811//1028 810//868
f 811//1028 814//1029 674//869
f 814//1029 811//1028 812//1030
f 881//1027 925//1031 811//1028
f 812//1030 811//1028 925//1031
f 674//869 810//868 811//1028
f 674//869 814//1029 813//871
f 813//871 814//1029 882//1032
f 882//1032 883//1033 813//871
f 813//871 883//1033 816//872
f 882//1032 814//1029 812//1030
f 815//882 823//1034 695//881
f 835//924 819//890 698//887
f 819//890 820//1035 817//888
f 817//888 820//1035 818//891
f 819//890 893//1036 820//1035
f 822//1037 695//881 823//1034
f 822//1037 821//894 695//881
f 827//1038 821//894 822//1037
f 824//1039 827//1038 822//1037
f 824//1039 822//1037 823//1034
f 823//1034 888//1040 824//1039
f 828//1041 824//1039 888//1040
f 821//894 827//1038 825//900
f 826//902 825//900 827//1038
f 826//902 845//1042 731//904
f 827//1038 845//1042 826//902
f 845//1042 827//1038 828//1041
f 828//1041 827//1038 824//1039
f 848//1043 891//1044 908//1045
f 828//1041 1158//1046 1145//1047
f 702//897 851//946 829//907
f 702//897 829//907 696//582
f 705//906 829//907 852//909
f 851//946 852//909 829//907
f 830//922 741//920 853//1048
f 1142//1049 831//923 1122//919
f 1146//1050 1141//1051 832//921
f 832//921 830//922 1146//1050
f 1146//1050 834//1052 1141//1051
f 831//923 1143//1053 833//764
f 1146//1050 855//1054 834//1052
f 835//924 833//764 1143//1053
f 833//764 835//924 447//585
f 835//924 1143//1053 836//1055
f 834//1052 855//1054 836//1055
f 836//1055 855//1054 856//1056
f 819//890 835//924 894//1057
f 896//1058 894//1057 836//1055
f 894//1057 835//924 836//1055
f 818//891 820//1035 1144//1059
f 893//1036 837//1060 820//1035
f 1144//1059 820//1035 837//1060
f 838//1061 1144//1059 837//1060
f 893//1036 897//1062 837//1060
f 837//1060 897//1062 838//1061
f 897//1062 857//1063 838//1061
f 839//926 858//958 715//925
f 838//1061 1147//1064 1144//1059
f 838//1061 861//1065 1147//1064
f 841//1066 840//893 842//929
f 840//893 719//927 842//929
f 840//893 841//1066 898//1067
f 898//1067 900//892 840//893
f 914//1068 898//1067 841//1066
f 722//930 841//1066 842//929
f 722//930 750//931 841//1066
f 905//934 725//798 843//935
f 906//1069 905//934 843//935
f 726//937 846//1070 844//936
f 844//936 846//1070 847//1071
f 843//935 844//936 906//1069
f 847//1071 908//1045 906//1069
f 847//1071 906//1069 844//936
f 846//1070 726//937 731//904
f 845//1042 846//1070 731//904
f 845//1042 828//1041 1145//1047
f 848//1043 846//1070 845//1042
f 847//1071 846//1070 848//1043
f 848//1043 908//1045 847//1071
f 851//946 849//941 850//1072
f 850//1072 735//945 852//909
f 850//1072 849//941 733//943
f 735//945 850//1072 733//943
f 851//946 850//1072 852//909
f 738//910 852//909 735//945
f 854//949 853//1048 741//920
f 853//1048 854//949 855//1054
f 856//1056 854//949 744//965
f 855//1054 854//949 856//1056
f 857//1063 861//1065 838//1061
f 1148//959 1147//1064 860//960
f 860//960 862//1073 749//955
f 749//955 862//1073 874//969
f 1147//1064 861//1065 860//960
f 862//1073 923//972 874//969
f 861//1065 857//1063 860//960
f 860//960 857//1063 862//1073
f 862//1073 857//1063 923//972
f 841//1066 863//1074 864//1075
f 750//931 863//1074 841//1066
f 863//1074 867//962 864//1075
f 868//961 864//1075 867//962
f 841//1066 864//1075 914//1068
f 914//1068 864//1075 865//1076
f 866//1077 914//1068 865//1076
f 866//1077 916//1078 914//1068
f 865//1076 917//1079 866//1077
f 916//1078 915//1080 914//1068
f 916//1078 866//1077 917//1079
f 750//931 867//962 863//1074
f 869//933 1149//963 724//932
f 1149//963 869//933 870//1081
f 864//1075 868//961 1150//1082
f 905//934 871//1083 869//933
f 869//933 871//1083 870//1081
f 865//1076 864//1075 1150//1082
f 870//1081 871//1083 865//1076
f 744//965 872//964 856//1056
f 872//964 873//1084 856//1056
f 753//970 874//969 923//972
f 756//968 874//969 753//970
f 758//804 876//1010 872//964
f 880//990 875//988 877//1085
f 875//988 1154//1086 877//1085
f 876//1010 1157//1087 1152//1088
f 876//1010 873//1084 872//964
f 876//1010 921//1089 873//1084
f 876//1010 1152//1088 921//1089
f 773//993 878//989 771//984
f 1154//1086 1130//994 877//1085
f 877//1085 1130//994 879//995
f 923//972 1155//1002 778//973
f 876//1010 791//1006 1157//1087
f 887//1026 929//1090 881//1027
f 881//1027 929//1090 925//1031
f 812//1030 925//1031 882//1032
f 925//1031 926//1091 882//1032
f 884//1092 883//1033 882//1032
f 884//1092 885//1093 883//1033
f 885//1093 886//1094 883//1033
f 886//1094 816//872 883//1033
f 884//1092 882//1032 926//1091
f 926//1091 942//1095 884//1092
f 942//1095 885//1093 884//1092
f 942//1095 886//1094 885//1093
f 886//1094 815//882 816//872
f 900//892 902//1096 887//1026
f 886//1094 823//1034 815//882
f 886//1094 889//1097 823//1034
f 888//1040 823//1034 889//1097
f 889//1097 890//1098 888//1040
f 890//1098 892//1099 888//1040
f 907//1100 1159//1101 890//1098
f 828//1041 888//1040 892//1099
f 892//1099 1158//1046 828//1041
f 1159//1101 907//1100 891//1044
f 907//1100 908//1045 891//1044
f 893//1036 819//890 894//1057
f 893//1036 909//1102 897//1062
f 893//1036 894//1057 895//1103
f 909//1102 893//1036 895//1103
f 895//1103 894//1057 896//1058
f 895//1103 896//1058 910//1104
f 895//1103 910//1104 909//1102
f 915//1080 904//1105 899//1106
f 915//1080 899//1106 914//1068
f 900//892 898//1067 901//1107
f 901//1107 898//1067 899//1106
f 902//1096 900//892 901//1107
f 901//1107 903//1108 902//1096
f 903//1108 901//1107 899//1106
f 903//1108 899//1106 904//1105
f 929//1090 902//1096 932//1109
f 902//1096 903//1108 932//1109
f 932//1109 903//1108 904//1105
f 933//1110 904//1105 915//1080
f 902//1096 929//1090 887//1026
f 933//1110 931//1111 904//1105
f 918//1112 933//1110 915//1080
f 905//934 906//1069 935//1113
f 906//1069 908//1045 907//1100
f 856//1056 873//1084 836//1055
f 873//1084 896//1058 836//1055
f 910//1104 896//1058 922//1114
f 910//1104 922//1114 913//1115
f 897//1062 911//1116 857//1063
f 857//1063 911//1116 923//972
f 897//1062 909//1102 912//1117
f 897//1062 912//1117 911//1116
f 909//1102 910//1104 912//1117
f 910//1104 913//1115 912//1117
f 911//1116 912//1117 923//972
f 912//1117 913//1115 923//972
f 899//1106 898//1067 914//1068
f 915//1080 916//1078 918//1112
f 917//1079 918//1112 916//1078
f 918//1112 917//1079 919//1118
f 917//1079 920//1119 919//1118
f 936//1120 918//1112 919//1118
f 936//1120 919//1118 920//1119
f 933//1110 918//1112 936//1120
f 871//1083 917//1079 865//1076
f 871//1083 905//934 917//1079
f 920//1119 917//1079 905//934
f 896//1058 873//1084 922//1114
f 873//1084 921//1089 922//1114
f 924//1121 922//1114 921//1089
f 913//1115 922//1114 924//1121
f 913//1115 924//1121 923//972
f 1152//1088 1155//1002 924//1121
f 923//972 924//1121 1155//1002
f 1152//1088 924//1121 921//1089
f 925//1031 929//1090 928//1122
f 928//1122 926//1091 925//1031
f 928//1122 927//1123 926//1091
f 942//1095 926//1091 927//1123
f 928//1122 941//1124 927//1123
f 932//1109 930//1125 929//1090
f 940//1126 929//1090 930//1125
f 929//1090 940//1126 928//1122
f 932//1109 956//1127 930//1125
f 948//1128 886//1094 942//1095
f 889//1097 954//1129 890//1098
f 886//1094 954//1129 889//1097
f 890//1098 954//1129 955//1130
f 965//1131 907//1100 890//1098
f 890//1098 955//1130 965//1131
f 932//1109 904//1105 931//1111
f 937//1132 967//1133 931//1111
f 932//1109 931//1111 956//1127
f 931//1111 1161//1134 956//1127
f 920//1119 905//934 939//1135
f 905//934 934//1136 970//1137
f 959//1138 970//1137 934//1136
f 934//1136 905//934 935//1113
f 907//1100 966//1139 935//1113
f 934//1136 935//1113 959//1138
f 935//1113 906//1069 907//1100
f 907//1100 965//1131 966//1139
f 937//1132 931//1111 933//1110
f 937//1132 933//1110 936//1120
f 938//1140 936//1120 920//1119
f 1160//1141 967//1133 937//1132
f 937//1132 936//1120 938//1140
f 967//1133 1160//1141 968//1142
f 938//1140 920//1119 939//1135
f 1162//1143 939//1135 970//1137
f 1162//1143 938//1140 939//1135
f 905//934 970//1137 939//1135
f 930//1125 956//1127 943//1144
f 940//1126 941//1124 928//1122
f 927//1123 944//1145 942//1095
f 944//1145 949//1146 942//1095
f 930//1125 943//1144 940//1126
f 944//1145 927//1123 941//1124
f 945//1147 944//1145 941//1124
f 941//1124 940//1126 943//1144
f 943//1144 945//1147 941//1124
f 949//1146 944//1145 945//1147
f 945//1147 943//1144 946//1148
f 943//1144 947//1149 946//1148
f 947//1149 957//1150 953//1151
f 945//1147 946//1148 950//1152
f 949//1146 945//1147 950//1152
f 950//1152 946//1148 953//1151
f 946//1148 947//1149 953//1151
f 949//1146 948//1128 942//1095
f 949//1146 951//1153 948//1128
f 950//1152 951//1153 949//1146
f 955//1130 948//1128 951//1153
f 952//1154 964//1155 963//1156
f 951//1153 952//1154 963//1156
f 950//1152 953//1151 952//1154
f 950//1152 952//1154 951//1153
f 964//1155 953//1151 957//1150
f 952//1154 953//1151 964//1155
f 886//1094 948//1128 954//1129
f 948//1128 955//1130 954//1129
f 965//1131 955//1130 963//1156
f 963//1156 955//1130 951//1153
f 956//1127 947//1149 943//1144
f 947//1149 956//1127 957//1150
f 957//1150 956//1127 969//1157
f 957//1150 969//1157 958//1158
f 956//1127 1161//1134 969//1157
f 959//1138 961//1159 970//1137
f 959//1138 960//1160 961//1159
f 961//1159 960//1160 962//1161
f 961//1159 962//1161 971//1162
f 962//1161 957//1150 958//1158
f 964//1155 962//1161 960//1160
f 962//1161 958//1158 971//1162
f 960//1160 963//1156 964//1155
f 964//1155 957//1150 962//1161
f 935//1113 960//1160 959//1138
f 966//1139 960//1160 935//1113
f 966//1139 965//1131 963//1156
f 963//1156 960//1160 966//1139
f 1161//1134 1163//1163 969//1157
f 971//1162 1162//1143 970//1137
f 971//1162 958//1158 969//1157
f 1164//1164 971//1162 969//1157
f 961//1159 971//1162 970//1137
