# Blender 4.0.2
# www.blender.org
mtllib thumb_dist_r.mtl
o thumb_dist_r
v 0.010422 -0.017743 -0.007743
v 0.010615 -0.017479 -0.007636
v 0.010724 -0.017710 -0.007423
v 0.010657 -0.017923 -0.007353
v 0.010280 -0.017768 -0.007907
v 0.010172 -0.017932 -0.007812
v 0.010781 -0.017482 -0.007486
v 0.010752 -0.017353 -0.007750
v 0.010888 -0.017318 -0.007581
v 0.010887 -0.017709 -0.007271
v 0.010865 -0.017486 -0.007413
v 0.010948 -0.017487 -0.007337
v 0.010386 -0.018086 -0.007410
v 0.010543 -0.018079 -0.007254
v 0.010799 -0.017896 -0.007188
v 0.010624 -0.017399 -0.007925
v 0.009973 -0.017885 -0.007940
v 0.010559 -0.017224 -0.008166
v 0.010204 -0.017581 -0.008142
v 0.010043 -0.018064 -0.007701
v 0.011014 -0.017270 -0.007405
v 0.010977 -0.017379 -0.007367
v 0.010862 -0.017195 -0.007848
v 0.010986 -0.017145 -0.007672
v 0.011085 -0.017061 -0.007477
v 0.011003 -0.017648 -0.007089
v 0.011053 -0.017412 -0.007147
v 0.010235 -0.018193 -0.007285
v 0.010679 -0.018041 -0.007083
v 0.010227 -0.018274 -0.006996
v 0.010493 -0.018194 -0.006653
v 0.010909 -0.017829 -0.007002
v 0.009882 -0.017647 -0.008127
v 0.009588 -0.017902 -0.007921
v 0.010773 -0.016991 -0.008074
v 0.010460 -0.016706 -0.008411
v 0.010633 -0.016720 -0.008266
v 0.010107 -0.017066 -0.008389
v 0.009145 -0.017060 -0.008483
v 0.009668 -0.018185 -0.007406
v 0.011102 -0.017173 -0.007204
v 0.011140 -0.016922 -0.007255
v 0.011055 -0.017396 -0.007150
v 0.011039 -0.016911 -0.007731
v 0.010919 -0.016968 -0.007911
v 0.011119 -0.016806 -0.007526
v 0.011036 -0.017532 -0.006917
v 0.011055 -0.017403 -0.007135
v 0.010785 -0.017970 -0.006895
v 0.010334 -0.018292 -0.006524
v 0.010014 -0.018391 -0.006548
v 0.009674 -0.018374 -0.006842
v 0.010589 -0.018110 -0.006458
v 0.010729 -0.017988 -0.006575
v 0.010963 -0.017687 -0.006779
v 0.009056 -0.017221 -0.008368
v 0.008868 -0.017791 -0.007662
v 0.008889 -0.017660 -0.007876
v 0.008857 -0.017292 -0.008245
v 0.009204 -0.018100 -0.007336
v 0.008933 -0.017962 -0.007417
v 0.010792 -0.016714 -0.008112
v 0.010670 -0.016466 -0.008316
v 0.010263 -0.016665 -0.008542
v 0.010514 -0.016476 -0.008473
v 0.009666 -0.016620 -0.008644
v 0.009310 -0.016672 -0.008643
v 0.008677 -0.016973 -0.008412
v 0.008979 -0.016521 -0.008681
v 0.011118 -0.016985 -0.006957
v 0.011124 -0.016601 -0.007270
v 0.011091 -0.016651 -0.006966
v 0.011008 -0.016573 -0.007737
v 0.010852 -0.015981 -0.007945
v 0.011069 -0.016441 -0.007518
v 0.011052 -0.017502 -0.006863
v 0.010839 -0.017863 -0.006715
v 0.010138 -0.018340 -0.006371
v 0.010428 -0.018202 -0.006327
v 0.010061 -0.018334 -0.006312
v 0.009907 -0.018345 -0.006195
v 0.009379 -0.018388 -0.006341
v 0.008910 -0.018295 -0.006267
v 0.009242 -0.018330 -0.006793
v 0.010649 -0.017977 -0.006240
v 0.010793 -0.017860 -0.006358
v 0.010853 -0.017846 -0.006681
v 0.010910 -0.017710 -0.006461
v 0.008523 -0.017547 -0.007681
v 0.008010 -0.016619 -0.008200
v 0.008734 -0.018190 -0.006695
v 0.008163 -0.017886 -0.006563
v 0.010790 -0.016110 -0.008162
v 0.010677 -0.016177 -0.008347
v 0.010056 -0.016310 -0.008691
v 0.010502 -0.016104 -0.008496
v 0.010308 -0.016274 -0.008610
v 0.009475 -0.015684 -0.008855
v 0.009058 -0.016259 -0.008763
v 0.008526 -0.016421 -0.008665
v 0.011051 -0.017291 -0.006604
v 0.011036 -0.016970 -0.006619
v 0.011080 -0.016246 -0.007268
v 0.011029 -0.016253 -0.006953
v 0.010857 -0.016821 -0.006206
v 0.010829 -0.015953 -0.006745
v 0.010921 -0.015999 -0.007720
v 0.010874 -0.015800 -0.007701
v 0.010645 -0.015495 -0.008105
v 0.010999 -0.017525 -0.006545
v 0.010215 -0.018229 -0.006162
v 0.010412 -0.018054 -0.006052
v 0.008953 -0.018130 -0.005486
v 0.009418 -0.018186 -0.005560
v 0.008557 -0.018143 -0.006012
v 0.010774 -0.017627 -0.006088
v 0.010616 -0.017516 -0.005702
v 0.010486 -0.017858 -0.005849
v 0.010878 -0.017459 -0.006181
v 0.007837 -0.017606 -0.006614
v 0.007637 -0.016836 -0.007355
v 0.007763 -0.016211 -0.008322
v 0.008110 -0.016331 -0.008545
v 0.007470 -0.016188 -0.007775
v 0.008050 -0.017816 -0.005683
v 0.010649 -0.016010 -0.008340
v 0.010311 -0.016127 -0.008625
v 0.010258 -0.015693 -0.008622
v 0.010413 -0.015583 -0.008473
v 0.010038 -0.015685 -0.008730
v 0.009137 -0.015459 -0.008892
v 0.009422 -0.015285 -0.008848
v 0.009943 -0.015264 -0.008695
v 0.008404 -0.015840 -0.008853
v 0.008521 -0.015389 -0.008981
v 0.008820 -0.015307 -0.008940
v 0.008289 -0.016010 -0.008773
v 0.007753 -0.015816 -0.008636
v 0.011009 -0.017150 -0.006470
v 0.011048 -0.016130 -0.007155
v 0.010871 -0.015813 -0.006929
v 0.010924 -0.017218 -0.006237
v 0.010757 -0.017109 -0.005861
v 0.010624 -0.016667 -0.005780
v 0.010643 -0.015404 -0.007008
v 0.010217 -0.015997 -0.005528
v 0.009567 -0.014606 -0.006257
v 0.010893 -0.015706 -0.007172
v 0.010846 -0.015599 -0.007422
v 0.010539 -0.015524 -0.008298
v 0.010460 -0.015129 -0.007995
v 0.010624 -0.015282 -0.007296
v 0.010277 -0.018100 -0.005945
v 0.009833 -0.018131 -0.005605
v 0.009377 -0.017874 -0.005004
v 0.008430 -0.018026 -0.005650
v 0.009078 -0.017693 -0.004791
v 0.008134 -0.017839 -0.005440
v 0.008681 -0.017933 -0.005242
v 0.009561 -0.018083 -0.005402
v 0.010716 -0.017342 -0.005792
v 0.010596 -0.017423 -0.005607
v 0.010469 -0.017600 -0.005547
v 0.010689 -0.017260 -0.005715
v 0.010098 -0.017961 -0.005545
v 0.007602 -0.017462 -0.006172
v 0.007561 -0.017244 -0.006712
v 0.007370 -0.016745 -0.006884
v 0.007232 -0.015592 -0.008259
v 0.007246 -0.015855 -0.007695
v 0.007769 -0.017620 -0.005457
v 0.010042 -0.015296 -0.008644
v 0.010136 -0.015225 -0.008570
v 0.010377 -0.015120 -0.008209
v 0.009066 -0.015052 -0.008873
v 0.009132 -0.014424 -0.008701
v 0.009830 -0.014911 -0.008639
v 0.008097 -0.015524 -0.008923
v 0.008167 -0.015144 -0.009008
v 0.008462 -0.015052 -0.009016
v 0.008790 -0.014925 -0.008950
v 0.007643 -0.015504 -0.008749
v 0.010884 -0.015686 -0.007156
v 0.010741 -0.017074 -0.005834
v 0.010600 -0.016783 -0.005605
v 0.010226 -0.016036 -0.005429
v 0.010034 -0.014630 -0.007438
v 0.010785 -0.015568 -0.007102
v 0.009557 -0.014503 -0.006534
v 0.009959 -0.015757 -0.005334
v 0.009671 -0.015490 -0.005271
v 0.009447 -0.014544 -0.005895
v 0.008713 -0.013347 -0.005439
v 0.009211 -0.013969 -0.006593
v 0.008082 -0.012231 -0.005329
v 0.010319 -0.014908 -0.007908
v 0.010310 -0.014850 -0.007630
v 0.009618 -0.017946 -0.005181
v 0.009554 -0.017730 -0.004874
v 0.009215 -0.017520 -0.004634
v 0.008803 -0.017472 -0.004601
v 0.008974 -0.017337 -0.004467
v 0.008101 -0.017512 -0.004891
v 0.008648 -0.017580 -0.004749
v 0.010398 -0.017325 -0.005275
v 0.010480 -0.017079 -0.005291
v 0.010301 -0.017711 -0.005445
v 0.009954 -0.017750 -0.005177
v 0.007434 -0.017355 -0.005500
v 0.007398 -0.017313 -0.005668
v 0.007052 -0.016737 -0.006367
v 0.006987 -0.015246 -0.008249
v 0.006728 -0.015218 -0.007631
v 0.006685 -0.015048 -0.007889
v 0.006068 -0.014435 -0.006917
v 0.006676 -0.015839 -0.006499
v 0.006528 -0.015163 -0.006932
v 0.007606 -0.017107 -0.004825
v 0.007204 -0.017010 -0.005079
v 0.007401 -0.017038 -0.004931
v 0.010097 -0.014765 -0.008303
v 0.009977 -0.014817 -0.008484
v 0.010190 -0.014759 -0.008098
v 0.008786 -0.014108 -0.008740
v 0.009454 -0.014190 -0.008414
v 0.009646 -0.014545 -0.008530
v 0.009119 -0.013924 -0.008458
v 0.008123 -0.014789 -0.009006
v 0.007477 -0.015061 -0.008754
v 0.008474 -0.014729 -0.009002
v 0.008520 -0.014388 -0.008936
v 0.010216 -0.016162 -0.005198
v 0.010376 -0.016607 -0.005203
v 0.010100 -0.016044 -0.005159
v 0.009953 -0.015883 -0.005097
v 0.009687 -0.014243 -0.007760
v 0.009163 -0.013901 -0.007114
v 0.009962 -0.014462 -0.007950
v 0.009626 -0.015622 -0.005110
v 0.009568 -0.015779 -0.004931
v 0.009445 -0.015107 -0.005293
v 0.009118 -0.015065 -0.004865
v 0.009137 -0.014236 -0.005409
v 0.007954 -0.012843 -0.004395
v 0.008283 -0.013534 -0.004544
v 0.008501 -0.012969 -0.006414
v 0.007890 -0.011971 -0.006311
v 0.007847 -0.011804 -0.005463
v 0.007892 -0.012111 -0.004737
v 0.009873 -0.017764 -0.005115
v 0.009634 -0.017758 -0.004934
v 0.009615 -0.017673 -0.004846
v 0.009494 -0.017369 -0.004584
v 0.009073 -0.017243 -0.004425
v 0.008264 -0.017012 -0.004230
v 0.008707 -0.017104 -0.004283
v 0.008120 -0.017103 -0.004388
v 0.010198 -0.016930 -0.004972
v 0.010202 -0.017375 -0.005122
v 0.009805 -0.017468 -0.004813
v 0.007127 -0.017045 -0.005570
v 0.006865 -0.016785 -0.005116
v 0.006579 -0.016246 -0.005905
v 0.006581 -0.016455 -0.005481
v 0.006838 -0.014757 -0.008305
v 0.006495 -0.014794 -0.007754
v 0.006562 -0.014538 -0.008114
v 0.005805 -0.014035 -0.007063
v 0.006049 -0.014201 -0.007437
v 0.006235 -0.015000 -0.006667
v 0.006006 -0.014677 -0.006576
v 0.006443 -0.015668 -0.006110
v 0.005733 -0.014737 -0.005811
v 0.006887 -0.016673 -0.004315
v 0.007852 -0.016871 -0.004205
v 0.007401 -0.016724 -0.004149
v 0.007118 -0.016585 -0.003946
v 0.009991 -0.014605 -0.008235
v 0.009784 -0.014465 -0.008366
v 0.008750 -0.013712 -0.008472
v 0.008485 -0.013886 -0.008746
v 0.009566 -0.014151 -0.008227
v 0.009246 -0.013861 -0.008285
v 0.009004 -0.013589 -0.008124
v 0.007489 -0.014786 -0.008799
v 0.008262 -0.014073 -0.008897
v 0.007431 -0.014112 -0.008814
v 0.007445 -0.014431 -0.008797
v 0.006505 -0.013909 -0.008237
v 0.007072 -0.014327 -0.008621
v 0.010075 -0.016466 -0.004913
v 0.009926 -0.015946 -0.005035
v 0.009808 -0.015968 -0.004943
v 0.009053 -0.013795 -0.007316
v 0.009072 -0.013622 -0.007897
v 0.009359 -0.013895 -0.007947
v 0.009538 -0.016674 -0.004479
v 0.009099 -0.015833 -0.004642
v 0.008418 -0.015587 -0.004180
v 0.007860 -0.013822 -0.003921
v 0.008280 -0.013733 -0.004397
v 0.007823 -0.014542 -0.003839
v 0.007899 -0.012954 -0.004301
v 0.007726 -0.012569 -0.004203
v 0.007480 -0.012383 -0.003873
v 0.007408 -0.012537 -0.003733
v 0.008210 -0.012641 -0.006773
v 0.007687 -0.011953 -0.006710
v 0.006906 -0.010653 -0.006227
v 0.006999 -0.010611 -0.006025
v 0.007144 -0.010510 -0.005040
v 0.007752 -0.011678 -0.005126
v 0.007329 -0.011052 -0.004350
v 0.009275 -0.017033 -0.004373
v 0.009650 -0.017141 -0.004555
v 0.008977 -0.016812 -0.004238
v 0.008010 -0.016758 -0.004059
v 0.008219 -0.016563 -0.003958
v 0.008642 -0.016643 -0.004084
v 0.007963 -0.016790 -0.004105
v 0.009770 -0.016966 -0.004625
v 0.009954 -0.017280 -0.004840
v 0.006093 -0.016055 -0.004867
v 0.006381 -0.016397 -0.004782
v 0.006331 -0.016050 -0.005600
v 0.006281 -0.014372 -0.007828
v 0.005439 -0.013449 -0.007077
v 0.005011 -0.013342 -0.006484
v 0.005478 -0.014149 -0.006319
v 0.005630 -0.013528 -0.007217
v 0.006085 -0.015783 -0.005436
v 0.005651 -0.015013 -0.005449
v 0.005935 -0.015621 -0.005337
v 0.004901 -0.013978 -0.005457
v 0.006497 -0.016117 -0.003790
v 0.006397 -0.016135 -0.003988
v 0.007574 -0.016655 -0.004011
v 0.007914 -0.016663 -0.003993
v 0.007747 -0.016519 -0.003879
v 0.007260 -0.016498 -0.003786
v 0.006853 -0.016348 -0.003764
v 0.006992 -0.016266 -0.003601
v 0.008388 -0.013490 -0.008491
v 0.008507 -0.013440 -0.008310
v 0.008631 -0.013383 -0.008133
v 0.008037 -0.013249 -0.008521
v 0.008008 -0.013531 -0.008751
v 0.009338 -0.013856 -0.008079
v 0.008739 -0.013352 -0.007942
v 0.007824 -0.013805 -0.008863
v 0.006922 -0.013877 -0.008601
v 0.007435 -0.013802 -0.008825
v 0.007021 -0.013712 -0.008702
v 0.006119 -0.013167 -0.008076
v 0.005952 -0.013605 -0.007585
v 0.006034 -0.013398 -0.007810
v 0.008805 -0.013387 -0.007714
v 0.008529 -0.013169 -0.007522
v 0.009262 -0.016400 -0.004398
v 0.009168 -0.016563 -0.004291
v 0.008889 -0.016290 -0.004213
v 0.008352 -0.015738 -0.004031
v 0.007610 -0.013603 -0.003672
v 0.007144 -0.014294 -0.003373
v 0.007261 -0.014760 -0.003442
v 0.007207 -0.012243 -0.003558
v 0.007345 -0.011927 -0.003830
v 0.007928 -0.012668 -0.007384
v 0.007144 -0.012177 -0.007657
v 0.006792 -0.010658 -0.006416
v 0.006902 -0.010109 -0.005167
v 0.006221 -0.009208 -0.005554
v 0.006268 -0.009744 -0.006095
v 0.006769 -0.009701 -0.004548
v 0.006679 -0.010667 -0.003293
v 0.006801 -0.009934 -0.004001
v 0.009036 -0.016743 -0.004239
v 0.008781 -0.016460 -0.004127
v 0.007992 -0.016261 -0.003822
v 0.007878 -0.015794 -0.003749
v 0.006137 -0.016126 -0.004619
v 0.005627 -0.015479 -0.004563
v 0.005385 -0.013187 -0.007199
v 0.005057 -0.013058 -0.006949
v 0.004895 -0.013616 -0.006203
v 0.004608 -0.013469 -0.005894
v 0.004236 -0.012355 -0.006450
v 0.004857 -0.012641 -0.006980
v 0.005579 -0.012858 -0.007405
v 0.005833 -0.015633 -0.005050
v 0.005604 -0.015374 -0.004830
v 0.004997 -0.014299 -0.004578
v 0.005397 -0.015035 -0.004718
v 0.004702 -0.013677 -0.005668
v 0.004142 -0.013248 -0.004868
v 0.004329 -0.013196 -0.005816
v 0.004699 -0.013892 -0.004820
v 0.006381 -0.015782 -0.003454
v 0.005710 -0.015251 -0.003540
v 0.006064 -0.015866 -0.004034
v 0.007454 -0.016328 -0.003672
v 0.007416 -0.016363 -0.003690
v 0.007800 -0.016467 -0.003858
v 0.007176 -0.016112 -0.003479
v 0.006791 -0.016034 -0.003469
v 0.006946 -0.015820 -0.003329
v 0.006758 -0.015985 -0.003439
v 0.008459 -0.013140 -0.007747
v 0.007683 -0.013014 -0.008547
v 0.007804 -0.012962 -0.008367
v 0.007835 -0.013383 -0.008729
v 0.007712 -0.013488 -0.008804
v 0.007594 -0.013612 -0.008838
v 0.006771 -0.013427 -0.008583
v 0.006207 -0.013007 -0.008193
v 0.007145 -0.013535 -0.008765
v 0.007317 -0.013338 -0.008758
v 0.005856 -0.013010 -0.007730
v 0.005919 -0.012860 -0.007883
v 0.005832 -0.012963 -0.007695
v 0.006523 -0.012745 -0.002831
v 0.006788 -0.014178 -0.003164
v 0.007034 -0.015103 -0.003284
v 0.006153 -0.010985 -0.002589
v 0.005999 -0.011388 -0.002437
v 0.006545 -0.010698 -0.003060
v 0.007296 -0.012453 -0.008025
v 0.006895 -0.011915 -0.007490
v 0.007033 -0.012214 -0.007845
v 0.006606 -0.011195 -0.007055
v 0.006312 -0.010729 -0.006872
v 0.006348 -0.010426 -0.006649
v 0.006138 -0.008820 -0.005247
v 0.005782 -0.007563 -0.004257
v 0.005606 -0.007308 -0.004420
v 0.005931 -0.008871 -0.005637
v 0.005301 -0.009174 -0.006511
v 0.005091 -0.008327 -0.006149
v 0.006337 -0.008755 -0.004024
v 0.006596 -0.009795 -0.003482
v 0.005899 -0.007685 -0.003508
v 0.007400 -0.015853 -0.003473
v 0.007242 -0.016044 -0.003459
v 0.005463 -0.015222 -0.004183
v 0.005381 -0.015093 -0.004408
v 0.004894 -0.012661 -0.007006
v 0.005082 -0.012603 -0.007155
v 0.003802 -0.012396 -0.006110
v 0.003850 -0.011832 -0.006559
v 0.004860 -0.012628 -0.006997
v 0.005074 -0.012291 -0.007174
v 0.005452 -0.012398 -0.007352
v 0.005762 -0.012534 -0.007627
v 0.005232 -0.014712 -0.004474
v 0.004897 -0.014000 -0.004134
v 0.004823 -0.013977 -0.004355
v 0.003817 -0.012896 -0.005062
v 0.004196 -0.013376 -0.004481
v 0.003582 -0.012897 -0.004330
v 0.003940 -0.012821 -0.005714
v 0.006337 -0.015331 -0.003184
v 0.006109 -0.015369 -0.003283
v 0.006775 -0.015502 -0.003225
v 0.005824 -0.015210 -0.003355
v 0.005427 -0.014902 -0.003632
v 0.005510 -0.014909 -0.003418
v 0.007012 -0.015751 -0.003312
v 0.007440 -0.012742 -0.008385
v 0.007565 -0.013107 -0.008639
v 0.007514 -0.013145 -0.008682
v 0.006314 -0.012838 -0.008281
v 0.006661 -0.012958 -0.008503
v 0.006897 -0.013250 -0.008643
v 0.006024 -0.012692 -0.007976
v 0.007067 -0.013059 -0.008626
v 0.007077 -0.013048 -0.008624
v 0.007284 -0.012852 -0.008534
v 0.005821 -0.012647 -0.007713
v 0.006002 -0.012821 -0.002619
v 0.006537 -0.013893 -0.003046
v 0.006169 -0.014937 -0.003089
v 0.006118 -0.014571 -0.003082
v 0.006157 -0.014304 -0.003113
v 0.006602 -0.015046 -0.003134
v 0.006343 -0.014101 -0.003086
v 0.006912 -0.015278 -0.003217
v 0.005019 -0.009921 -0.001541
v 0.005478 -0.009953 -0.001944
v 0.006077 -0.009686 -0.002643
v 0.005969 -0.009767 -0.002447
v 0.005521 -0.011727 -0.002112
v 0.005556 -0.011073 -0.002065
v 0.007185 -0.012489 -0.008214
v 0.006782 -0.011993 -0.007599
v 0.006666 -0.011620 -0.007341
v 0.006743 -0.012018 -0.007641
v 0.006613 -0.012253 -0.008075
v 0.006781 -0.012334 -0.008195
v 0.006248 -0.010966 -0.007078
v 0.005848 -0.010804 -0.007064
v 0.005475 -0.010079 -0.006842
v 0.005305 -0.009689 -0.006747
v 0.005547 -0.006962 -0.004130
v 0.005576 -0.006597 -0.003354
v 0.005800 -0.007440 -0.003694
v 0.005331 -0.006803 -0.004530
v 0.004981 -0.007462 -0.005587
v 0.004854 -0.009561 -0.006786
v 0.004756 -0.009104 -0.006655
v 0.004577 -0.007514 -0.006104
v 0.004626 -0.008129 -0.006364
v 0.006241 -0.009130 -0.003090
v 0.006187 -0.009305 -0.002864
v 0.005395 -0.014883 -0.003742
v 0.005281 -0.014545 -0.003827
v 0.005124 -0.014253 -0.004008
v 0.004944 -0.012470 -0.007121
v 0.005070 -0.012297 -0.007171
v 0.003250 -0.012055 -0.005807
v 0.003760 -0.012703 -0.005588
v 0.003000 -0.011511 -0.005939
v 0.003410 -0.011180 -0.006557
v 0.004795 -0.012019 -0.007098
v 0.005276 -0.011442 -0.007126
v 0.005470 -0.011794 -0.007244
v 0.005584 -0.012218 -0.007403
v 0.005895 -0.012355 -0.007679
v 0.004994 -0.013987 -0.003933
v 0.004599 -0.013685 -0.004191
v 0.004340 -0.013428 -0.004034
v 0.002972 -0.012266 -0.004473
v 0.003026 -0.012401 -0.003674
v 0.005960 -0.015132 -0.003190
v 0.005633 -0.014853 -0.003240
v 0.005388 -0.014773 -0.003613
v 0.005435 -0.014625 -0.003386
v 0.005565 -0.014581 -0.003212
v 0.007355 -0.012805 -0.008461
v 0.006454 -0.012655 -0.008321
v 0.006141 -0.012458 -0.007973
v 0.006364 -0.012443 -0.008144
v 0.006843 -0.012757 -0.008482
v 0.006574 -0.012527 -0.008297
v 0.006094 -0.012189 -0.007685
v 0.007046 -0.012571 -0.008377
v 0.005768 -0.013071 -0.002668
v 0.005726 -0.012448 -0.002414
v 0.005574 -0.012221 -0.002275
v 0.006214 -0.013681 -0.002956
v 0.005825 -0.014694 -0.003111
v 0.005813 -0.014706 -0.003115
v 0.005801 -0.014373 -0.003134
v 0.006042 -0.013838 -0.003041
v 0.005820 -0.014097 -0.003171
v 0.004824 -0.010333 -0.001437
v 0.004627 -0.010025 -0.001239
v 0.004957 -0.008731 -0.001320
v 0.005679 -0.008982 -0.002145
v 0.005648 -0.008358 -0.002197
v 0.005604 -0.009170 -0.002051
v 0.005124 -0.011166 -0.001789
v 0.004950 -0.011310 -0.001733
v 0.006486 -0.011767 -0.007467
v 0.006254 -0.011477 -0.007315
v 0.006605 -0.012098 -0.007805
v 0.006451 -0.012203 -0.007955
v 0.006664 -0.012440 -0.008259
v 0.005530 -0.010570 -0.007006
v 0.006012 -0.011725 -0.007386
v 0.005254 -0.010296 -0.006925
v 0.004836 -0.010161 -0.006901
v 0.005287 -0.006027 -0.004011
v 0.005667 -0.007659 -0.002504
v 0.005583 -0.006470 -0.003095
v 0.005342 -0.005470 -0.003274
v 0.005093 -0.004877 -0.003962
v 0.005172 -0.005013 -0.003659
v 0.005197 -0.005976 -0.004223
v 0.004659 -0.006653 -0.005412
v 0.004704 -0.007102 -0.005683
v 0.004529 -0.009282 -0.006743
v 0.004195 -0.007443 -0.006371
v 0.004212 -0.006804 -0.006162
v 0.004259 -0.006296 -0.005690
v 0.004370 -0.006229 -0.005504
v 0.005358 -0.014435 -0.003619
v 0.005177 -0.014111 -0.003785
v 0.003177 -0.012173 -0.005464
v 0.002674 -0.011435 -0.005577
v 0.003217 -0.012393 -0.004926
v 0.002888 -0.010883 -0.006183
v 0.002711 -0.011311 -0.005737
v 0.003649 -0.010883 -0.006763
v 0.003314 -0.010818 -0.006597
v 0.004669 -0.011558 -0.007043
v 0.004080 -0.011027 -0.006935
v 0.004994 -0.011170 -0.007057
v 0.005522 -0.011728 -0.007254
v 0.005781 -0.012089 -0.007456
v 0.006085 -0.012148 -0.007644
v 0.004885 -0.013640 -0.003603
v 0.005343 -0.013851 -0.003382
v 0.004287 -0.013135 -0.003468
v 0.003885 -0.012874 -0.003459
v 0.002680 -0.011675 -0.005077
v 0.002799 -0.012167 -0.003798
v 0.003651 -0.012690 -0.003298
v 0.002908 -0.012277 -0.003320
v 0.005808 -0.014682 -0.003112
v 0.005458 -0.014353 -0.003426
v 0.005603 -0.014330 -0.003263
v 0.006322 -0.012180 -0.007859
v 0.006335 -0.012312 -0.008009
v 0.006325 -0.011975 -0.007603
v 0.005334 -0.012965 -0.002623
v 0.005535 -0.013271 -0.002814
v 0.004960 -0.011822 -0.001960
v 0.004798 -0.011979 -0.002024
v 0.005282 -0.012005 -0.002113
v 0.005808 -0.014051 -0.003167
v 0.005765 -0.014081 -0.003204
v 0.004343 -0.009956 -0.001023
v 0.003941 -0.008229 -0.000060
v 0.004062 -0.008054 -0.000128
v 0.004935 -0.007851 -0.001047
v 0.005527 -0.007871 -0.002104
v 0.004610 -0.010808 -0.001430
v 0.004553 -0.011212 -0.001585
v 0.006311 -0.011927 -0.007559
v 0.004278 -0.010180 -0.006896
v 0.005480 -0.006310 -0.002203
v 0.005403 -0.004918 -0.002539
v 0.005295 -0.004899 -0.003011
v 0.004987 -0.005507 -0.004380
v 0.005156 -0.004449 -0.003771
v 0.004874 -0.004416 -0.004388
v 0.005095 -0.004580 -0.003989
v 0.005218 -0.004079 -0.002864
v 0.004777 -0.005562 -0.004767
v 0.004019 -0.007494 -0.006508
v 0.003917 -0.008105 -0.006654
v 0.004163 -0.009112 -0.006754
v 0.003893 -0.009484 -0.006792
v 0.004083 -0.006870 -0.006334
v 0.004027 -0.006118 -0.006081
v 0.004262 -0.005822 -0.005457
v 0.005457 -0.014331 -0.003428
v 0.002340 -0.010796 -0.005497
v 0.002255 -0.010828 -0.005219
v 0.002264 -0.010946 -0.004960
v 0.002257 -0.010859 -0.005153
v 0.003187 -0.010358 -0.006543
v 0.002373 -0.010412 -0.005783
v 0.002528 -0.010860 -0.005796
v 0.002483 -0.011001 -0.005617
v 0.003541 -0.010474 -0.006755
v 0.004671 -0.010949 -0.006984
v 0.004249 -0.010822 -0.006949
v 0.004141 -0.010404 -0.006903
v 0.004764 -0.013314 -0.003263
v 0.005574 -0.013992 -0.003270
v 0.005479 -0.013774 -0.003215
v 0.004261 -0.012418 -0.002405
v 0.002558 -0.011892 -0.003638
v 0.002329 -0.011525 -0.003635
v 0.003632 -0.011964 -0.002241
v 0.003116 -0.012225 -0.002931
v 0.003005 -0.012260 -0.003123
v 0.002688 -0.012004 -0.003103
v 0.005608 -0.014230 -0.003275
v 0.005016 -0.013193 -0.002914
v 0.004550 -0.011715 -0.001857
v 0.004655 -0.011377 -0.001691
v 0.004006 -0.010267 -0.000928
v 0.003544 -0.009322 -0.000193
v 0.002967 -0.008081 0.001197
v 0.003276 -0.008560 0.000497
v 0.003249 -0.007297 0.001237
v 0.003591 -0.007240 0.000972
v 0.004112 -0.007620 0.000056
v 0.004698 -0.006660 -0.000196
v 0.005001 -0.007169 -0.000936
v 0.003683 -0.006640 0.001261
v 0.005392 -0.006886 -0.001809
v 0.004517 -0.011247 -0.001597
v 0.003758 -0.011015 -0.001289
v 0.005440 -0.006139 -0.002031
v 0.005407 -0.006306 -0.001871
v 0.005404 -0.004933 -0.001987
v 0.005386 -0.004388 -0.002296
v 0.005154 -0.003399 -0.002480
v 0.005338 -0.004612 -0.002792
v 0.004648 -0.004846 -0.004731
v 0.005179 -0.003969 -0.003554
v 0.005025 -0.003800 -0.003886
v 0.005195 -0.003870 -0.003023
v 0.004752 -0.004416 -0.004570
v 0.004912 -0.003954 -0.004180
v 0.004988 -0.003800 -0.003976
v 0.004247 -0.005261 -0.005218
v 0.004340 -0.004870 -0.005046
v 0.003837 -0.007646 -0.006633
v 0.003841 -0.006454 -0.006462
v 0.003573 -0.007275 -0.006740
v 0.003269 -0.008923 -0.006679
v 0.003591 -0.007901 -0.006700
v 0.003592 -0.007899 -0.006700
v 0.003157 -0.008455 -0.006601
v 0.003394 -0.009384 -0.006736
v 0.003679 -0.009653 -0.006802
v 0.003900 -0.005864 -0.006282
v 0.004129 -0.005318 -0.005398
v 0.004036 -0.005619 -0.005854
v 0.002054 -0.010401 -0.005275
v 0.002272 -0.010692 -0.005455
v 0.002054 -0.010522 -0.005028
v 0.002118 -0.010695 -0.004786
v 0.001941 -0.010610 -0.003830
v 0.003180 -0.009721 -0.006558
v 0.002645 -0.010198 -0.006058
v 0.003033 -0.010094 -0.006362
v 0.002237 -0.009955 -0.005743
v 0.001876 -0.009963 -0.005295
v 0.003580 -0.010194 -0.006770
v 0.003272 -0.009560 -0.006670
v 0.004034 -0.011683 -0.001855
v 0.003665 -0.011530 -0.001752
v 0.002437 -0.011708 -0.003010
v 0.002094 -0.010908 -0.003093
v 0.002697 -0.011715 -0.002379
v 0.003399 -0.011504 -0.001827
v 0.002590 -0.011747 -0.002571
v 0.003452 -0.010360 -0.000764
v 0.003489 -0.009761 -0.000390
v 0.003098 -0.009316 0.000145
v 0.002939 -0.008518 0.001027
v 0.002913 -0.007072 0.001598
v 0.002638 -0.008225 0.001506
v 0.003000 -0.008806 0.000729
v 0.003147 -0.006656 0.001536
v 0.003485 -0.006369 0.001531
v 0.004358 -0.006667 0.000338
v 0.003946 -0.006779 0.000938
v 0.004137 -0.006934 0.000530
v 0.004925 -0.006796 -0.000634
v 0.004575 -0.005874 0.000658
v 0.004459 -0.006086 0.000686
v 0.005065 -0.005720 -0.000280
v 0.003572 -0.005777 0.001826
v 0.003548 -0.011197 -0.001415
v 0.003281 -0.010724 -0.000976
v 0.005373 -0.004945 -0.001411
v 0.005333 -0.004201 -0.001720
v 0.005110 -0.003272 -0.002182
v 0.005133 -0.003377 -0.001915
v 0.005038 -0.003102 -0.002693
v 0.005167 -0.003558 -0.002753
v 0.005068 -0.003526 -0.003507
v 0.005147 -0.003509 -0.003017
v 0.004861 -0.003381 -0.003915
v 0.004938 -0.003359 -0.003698
v 0.004287 -0.003554 -0.004843
v 0.004205 -0.003795 -0.005035
v 0.004758 -0.003364 -0.004113
v 0.004168 -0.004260 -0.005244
v 0.004078 -0.004652 -0.005417
v 0.003612 -0.007624 -0.006739
v 0.003510 -0.006702 -0.006740
v 0.003484 -0.005659 -0.006811
v 0.003780 -0.005319 -0.006513
v 0.003327 -0.007169 -0.006837
v 0.003367 -0.007482 -0.006790
v 0.003126 -0.009108 -0.006643
v 0.002888 -0.008818 -0.006506
v 0.003004 -0.008644 -0.006581
v 0.003591 -0.007899 -0.006700
v 0.003179 -0.007878 -0.006663
v 0.002773 -0.008352 -0.006435
v 0.002875 -0.008184 -0.006530
v 0.002998 -0.008009 -0.006595
v 0.003028 -0.009272 -0.006540
v 0.003906 -0.004971 -0.006363
v 0.003973 -0.005448 -0.006097
v 0.004058 -0.005345 -0.005618
v 0.004032 -0.005104 -0.005619
v 0.004008 -0.005283 -0.005862
v 0.001837 -0.010209 -0.004890
v 0.001841 -0.010221 -0.004855
v 0.002079 -0.010624 -0.004763
v 0.001748 -0.010353 -0.003521
v 0.001511 -0.009976 -0.003557
v 0.001631 -0.009875 -0.004761
v 0.002966 -0.009421 -0.006387
v 0.002692 -0.009906 -0.006051
v 0.002487 -0.008963 -0.005872
v 0.002189 -0.008822 -0.005577
v 0.001598 -0.009052 -0.005223
v 0.001819 -0.008711 -0.005389
v 0.001469 -0.009332 -0.004961
v 0.003401 -0.011294 -0.001567
v 0.002291 -0.011421 -0.002647
v 0.002021 -0.010529 -0.002519
v 0.002556 -0.011421 -0.002021
v 0.002448 -0.011453 -0.002211
v 0.002430 -0.011450 -0.002263
v 0.002360 -0.011454 -0.002421
v 0.002920 -0.009841 -0.000225
v 0.002845 -0.010475 -0.000679
v 0.002774 -0.010075 -0.000370
v 0.002849 -0.009333 0.000336
v 0.002859 -0.008926 0.000846
v 0.002803 -0.008646 0.001140
v 0.002397 -0.007785 0.001822
v 0.002408 -0.007141 0.001835
v 0.002506 -0.006460 0.001974
v 0.002607 -0.008694 0.001294
v 0.002447 -0.008279 0.001656
v 0.002842 -0.009114 0.000599
v 0.003220 -0.006175 0.001799
v 0.003022 -0.006384 0.001754
v 0.003872 -0.005918 0.001534
v 0.003795 -0.006012 0.001539
v 0.004078 -0.005930 0.001316
v 0.004386 -0.004913 0.001271
v 0.004726 -0.005258 0.000766
v 0.004287 -0.005086 0.001361
v 0.004154 -0.005216 0.001473
v 0.004976 -0.005189 0.000293
v 0.005199 -0.004992 -0.000445
v 0.003368 -0.005920 0.001856
v 0.003658 -0.005180 0.001848
v 0.004073 -0.005070 0.001579
v 0.003493 -0.005296 0.001949
v 0.002836 -0.010876 -0.001176
v 0.002914 -0.010764 -0.000970
v 0.005223 -0.004331 -0.000796
v 0.005158 -0.003856 -0.001063
v 0.004914 -0.002924 -0.002063
v 0.004965 -0.003127 -0.001532
v 0.004904 -0.003033 -0.003149
v 0.004824 -0.002784 -0.002558
v 0.004464 -0.002652 -0.003675
v 0.004550 -0.002656 -0.003464
v 0.004295 -0.003191 -0.004603
v 0.004014 -0.003187 -0.004942
v 0.004020 -0.003700 -0.005179
v 0.004180 -0.002682 -0.004284
v 0.004078 -0.004354 -0.005444
v 0.004038 -0.004192 -0.005427
v 0.004041 -0.004816 -0.005652
v 0.003250 -0.007671 -0.006736
v 0.003301 -0.006897 -0.006842
v 0.003304 -0.006837 -0.006848
v 0.003276 -0.006203 -0.006882
v 0.003468 -0.005339 -0.006826
v 0.002786 -0.005451 -0.007125
v 0.003770 -0.005240 -0.006512
v 0.003631 -0.005322 -0.006676
v 0.003022 -0.006986 -0.006896
v 0.003016 -0.007241 -0.006819
v 0.003309 -0.007445 -0.006800
v 0.003236 -0.007661 -0.006737
v 0.002811 -0.008973 -0.006374
v 0.002709 -0.008501 -0.006282
v 0.002826 -0.007567 -0.006607
v 0.002571 -0.008045 -0.006245
v 0.002641 -0.007893 -0.006388
v 0.002473 -0.007450 -0.006393
v 0.003981 -0.005157 -0.006128
v 0.003977 -0.005190 -0.006122
v 0.003704 -0.004621 -0.006515
v 0.003609 -0.005010 -0.006686
v 0.004008 -0.004893 -0.006172
v 0.003854 -0.004583 -0.006357
v 0.003917 -0.004564 -0.006246
v 0.001851 -0.010296 -0.002961
v 0.001462 -0.009916 -0.003249
v 0.001159 -0.008864 -0.004212
v 0.000906 -0.009021 -0.003059
v 0.001270 -0.009044 -0.004726
v 0.002569 -0.008806 -0.005997
v 0.002364 -0.008727 -0.005694
v 0.002111 -0.008339 -0.005451
v 0.001429 -0.008093 -0.004990
v 0.001319 -0.008890 -0.004885
v 0.001868 -0.008393 -0.005346
v 0.002727 -0.010943 -0.001364
v 0.002170 -0.011095 -0.002308
v 0.001862 -0.010192 -0.002427
v 0.002004 -0.010464 -0.002235
v 0.002217 -0.011163 -0.002061
v 0.002557 -0.011041 -0.001502
v 0.002409 -0.011137 -0.001657
v 0.002038 -0.010929 -0.001669
v 0.002210 -0.011151 -0.002100
v 0.002420 -0.009983 -0.000109
v 0.002646 -0.010661 -0.000775
v 0.002507 -0.010333 -0.000421
v 0.002510 -0.010350 -0.000438
v 0.002616 -0.009335 0.000514
v 0.002658 -0.009178 0.000745
v 0.002662 -0.008973 0.001001
v 0.002104 -0.008158 0.001884
v 0.002028 -0.007674 0.002014
v 0.001833 -0.007277 0.002038
v 0.001983 -0.006515 0.002134
v 0.001831 -0.007188 0.002032
v 0.002679 -0.006262 0.001982
v 0.002281 -0.006164 0.002129
v 0.002312 -0.006126 0.002126
v 0.002381 -0.008826 0.001319
v 0.002275 -0.008478 0.001648
v 0.003047 -0.005856 0.002032
v 0.004390 -0.004566 0.001306
v 0.004290 -0.004731 0.001406
v 0.004851 -0.004817 0.000633
v 0.004504 -0.004464 0.001142
v 0.004184 -0.004900 0.001495
v 0.005139 -0.004705 -0.000148
v 0.003657 -0.004878 0.001823
v 0.003328 -0.004851 0.001949
v 0.003953 -0.004606 0.001643
v 0.003005 -0.005456 0.002092
v 0.003083 -0.005203 0.002079
v 0.002170 -0.010623 -0.000691
v 0.002254 -0.010866 -0.001286
v 0.005101 -0.004192 -0.000341
v 0.004932 -0.003893 -0.000061
v 0.004646 -0.002630 -0.002004
v 0.004661 -0.002668 -0.001892
v 0.004685 -0.002734 -0.001701
v 0.004721 -0.002855 -0.001369
v 0.004168 -0.002230 -0.002658
v 0.004232 -0.002363 -0.003523
v 0.004134 -0.002378 -0.003723
v 0.004130 -0.002233 -0.003180
v 0.004070 -0.002719 -0.004472
v 0.003959 -0.002754 -0.004662
v 0.003705 -0.002880 -0.005008
v 0.003838 -0.002807 -0.004841
v 0.003597 -0.003433 -0.005432
v 0.003698 -0.003792 -0.005754
v 0.003674 -0.003235 -0.005232
v 0.003840 -0.002426 -0.004324
v 0.003949 -0.002392 -0.004134
v 0.004052 -0.004739 -0.005942
v 0.003959 -0.004320 -0.005908
v 0.003893 -0.004142 -0.005872
v 0.004034 -0.005016 -0.005904
v 0.003044 -0.006416 -0.006963
v 0.002415 -0.006328 -0.007043
v 0.002752 -0.006170 -0.007038
v 0.003213 -0.004920 -0.006943
v 0.002470 -0.004897 -0.007208
v 0.002524 -0.005567 -0.007192
v 0.002949 -0.007193 -0.006823
v 0.002500 -0.008318 -0.005857
v 0.002583 -0.007158 -0.006724
v 0.002375 -0.007727 -0.006065
v 0.002310 -0.007974 -0.005718
v 0.002122 -0.007332 -0.006177
v 0.001805 -0.006954 -0.006403
v 0.003425 -0.004326 -0.006604
v 0.003562 -0.004248 -0.006438
v 0.003274 -0.004427 -0.006756
v 0.003963 -0.004549 -0.006167
v 0.003692 -0.004180 -0.006267
v 0.003806 -0.004139 -0.006082
v 0.003958 -0.004527 -0.006164
v 0.001303 -0.009554 -0.002332
v 0.000919 -0.009081 -0.002907
v 0.001168 -0.008572 -0.004635
v 0.000860 -0.008362 -0.003476
v 0.000983 -0.008381 -0.004174
v 0.000733 -0.008681 -0.002800
v 0.002474 -0.008373 -0.005808
v 0.002445 -0.008229 -0.005798
v 0.002295 -0.008015 -0.005672
v 0.001979 -0.007879 -0.005404
v 0.001533 -0.007925 -0.005082
v 0.001183 -0.007927 -0.004618
v 0.001352 -0.007610 -0.004862
v 0.002097 -0.010973 -0.001985
v 0.001906 -0.010194 -0.002183
v 0.001907 -0.010431 -0.001888
v 0.001923 -0.010244 -0.002041
v 0.002179 -0.010960 -0.001497
v 0.002102 -0.010925 -0.001526
v 0.001812 -0.010630 -0.001523
v 0.001821 -0.010655 -0.001453
v 0.002093 -0.009683 0.000391
v 0.002173 -0.010238 -0.000176
v 0.002309 -0.010539 -0.000528
v 0.002177 -0.010618 -0.000683
v 0.002252 -0.010516 -0.000487
v 0.002106 -0.009279 0.000899
v 0.002458 -0.009164 0.000896
v 0.002034 -0.008705 0.001540
v 0.001680 -0.008070 0.001993
v 0.001860 -0.008336 0.001833
v 0.001637 -0.008607 0.001688
v 0.001740 -0.007406 0.002076
v 0.001408 -0.007157 0.002075
v 0.001647 -0.006292 0.002175
v 0.001834 -0.006087 0.002204
v 0.001382 -0.006825 0.002065
v 0.002628 -0.005779 0.002133
v 0.002449 -0.005968 0.002130
v 0.001987 -0.005898 0.002184
v 0.002122 -0.005717 0.002136
v 0.002260 -0.005820 0.002139
v 0.002940 -0.005387 0.002115
v 0.004614 -0.004101 0.000899
v 0.004060 -0.004437 0.001555
v 0.004376 -0.003813 0.001035
v 0.004809 -0.004375 0.000626
v 0.004798 -0.004417 0.000683
v 0.003659 -0.004341 0.001697
v 0.003439 -0.004681 0.001865
v 0.003246 -0.004561 0.001833
v 0.002997 -0.005143 0.002072
v 0.003770 -0.004171 0.001614
v 0.001949 -0.010694 -0.001069
v 0.001762 -0.010474 -0.000669
v 0.001999 -0.010376 -0.000306
v 0.001857 -0.010700 -0.001274
v 0.004687 -0.003826 0.000515
v 0.004405 -0.002438 -0.001992
v 0.004366 -0.002480 -0.001683
v 0.004648 -0.003384 -0.000164
v 0.004089 -0.002262 -0.001491
v 0.004190 -0.002669 -0.000428
v 0.004233 -0.002491 -0.001029
v 0.004331 -0.002394 -0.001940
v 0.003987 -0.002131 -0.002000
v 0.003951 -0.002151 -0.003327
v 0.003952 -0.002095 -0.002780
v 0.003795 -0.002024 -0.002668
v 0.003872 -0.002043 -0.002448
v 0.003857 -0.002161 -0.003531
v 0.003749 -0.002193 -0.003722
v 0.003729 -0.002462 -0.004513
v 0.003609 -0.002514 -0.004692
v 0.003360 -0.003041 -0.005285
v 0.003332 -0.002674 -0.005019
v 0.003478 -0.002582 -0.004862
v 0.003472 -0.003493 -0.005607
v 0.003250 -0.003186 -0.005466
v 0.003590 -0.003823 -0.005946
v 0.003598 -0.002299 -0.004150
v 0.002180 -0.005335 -0.007225
v 0.001982 -0.006511 -0.006880
v 0.002034 -0.006048 -0.007053
v 0.002597 -0.004429 -0.007069
v 0.002945 -0.004152 -0.006805
v 0.002259 -0.004748 -0.007220
v 0.001847 -0.006823 -0.006568
v 0.002089 -0.007588 -0.005734
v 0.001944 -0.007588 -0.005472
v 0.001786 -0.007491 -0.005360
v 0.001523 -0.006684 -0.006331
v 0.001677 -0.006975 -0.006150
v 0.003347 -0.003930 -0.006303
v 0.003091 -0.004058 -0.006649
v 0.003472 -0.003871 -0.006127
v 0.001743 -0.009929 -0.001818
v 0.001099 -0.009361 -0.001917
v 0.000872 -0.008921 -0.002057
v 0.000479 -0.007818 -0.001577
v 0.001013 -0.008246 -0.004377
v 0.000545 -0.007267 -0.003605
v 0.000573 -0.008257 -0.002821
v 0.000543 -0.007981 -0.002164
v 0.000427 -0.007883 -0.002636
v 0.001495 -0.007304 -0.005143
v 0.001426 -0.007456 -0.004999
v 0.001165 -0.007880 -0.004577
v 0.001081 -0.008074 -0.004498
v 0.001050 -0.007225 -0.004271
v 0.001106 -0.006806 -0.004495
v 0.001074 -0.006942 -0.004297
v 0.001653 -0.010211 -0.001459
v 0.001715 -0.010063 -0.001614
v 0.001899 -0.010347 -0.001888
v 0.001645 -0.010236 -0.001428
v 0.001602 -0.010356 -0.001287
v 0.001881 -0.010045 0.000031
v 0.001750 -0.009742 0.000396
v 0.001783 -0.009168 0.001134
v 0.001170 -0.008963 0.001307
v 0.001641 -0.008111 0.001979
v 0.001445 -0.007763 0.002099
v 0.001456 -0.008291 0.001909
v 0.001234 -0.008481 0.001770
v 0.001385 -0.007429 0.002115
v 0.001243 -0.006713 0.002072
v 0.001273 -0.007338 0.002122
v 0.001275 -0.006061 0.002114
v 0.001530 -0.005903 0.002150
v 0.001861 -0.005818 0.002167
v 0.002621 -0.005771 0.002136
v 0.001935 -0.005613 0.002092
v 0.002269 -0.005530 0.002108
v 0.002590 -0.005432 0.002131
v 0.002647 -0.005205 0.002068
v 0.004184 -0.004055 0.001350
v 0.004005 -0.004124 0.001493
v 0.004021 -0.003694 0.001246
v 0.004447 -0.003538 0.000648
v 0.003342 -0.004385 0.001744
v 0.003437 -0.004207 0.001656
v 0.003530 -0.004025 0.001571
v 0.002830 -0.004838 0.001897
v 0.003036 -0.004502 0.001712
v 0.003633 -0.003858 0.001477
v 0.003960 -0.003843 0.001402
v 0.001615 -0.010426 -0.001114
v 0.001675 -0.010471 -0.000879
v 0.001260 -0.009956 -0.000332
v 0.001177 -0.009948 -0.000545
v 0.001324 -0.009617 0.000418
v 0.001668 -0.010068 -0.000081
v 0.004067 -0.002217 -0.001636
v 0.004178 -0.002831 -0.000130
v 0.004163 -0.002427 -0.000982
v 0.003893 -0.002141 -0.000914
v 0.003890 -0.002079 -0.001631
v 0.004170 -0.002501 -0.000705
v 0.003913 -0.002496 -0.000146
v 0.003943 -0.002241 -0.000594
v 0.003941 -0.002362 -0.000351
v 0.003993 -0.002133 -0.001981
v 0.004052 -0.002180 -0.001746
v 0.003829 -0.002028 -0.002417
v 0.003750 -0.002019 -0.002082
v 0.003573 -0.002003 -0.001949
v 0.003880 -0.002124 -0.003277
v 0.003755 -0.002052 -0.002910
v 0.003509 -0.002037 -0.002724
v 0.003643 -0.002000 -0.002554
v 0.003570 -0.002144 -0.003590
v 0.003521 -0.002276 -0.004093
v 0.003453 -0.002204 -0.003772
v 0.003325 -0.002367 -0.004488
v 0.003157 -0.002435 -0.004631
v 0.003168 -0.002798 -0.005159
v 0.003160 -0.002576 -0.004897
v 0.002930 -0.003418 -0.005753
v 0.003087 -0.003686 -0.006126
v 0.002794 -0.003083 -0.005465
v 0.003010 -0.002910 -0.005305
v 0.001930 -0.005137 -0.007212
v 0.001793 -0.006340 -0.006844
v 0.001586 -0.005653 -0.006981
v 0.002217 -0.004235 -0.007072
v 0.002573 -0.003946 -0.006817
v 0.002724 -0.003843 -0.006664
v 0.001806 -0.004675 -0.007155
v 0.001547 -0.006551 -0.006541
v 0.001501 -0.007287 -0.005160
v 0.001284 -0.006636 -0.005703
v 0.001256 -0.006527 -0.005991
v 0.001316 -0.006210 -0.006492
v 0.002971 -0.003731 -0.006310
v 0.001469 -0.009655 -0.001735
v 0.001745 -0.009932 -0.001807
v 0.001228 -0.009487 -0.001357
v 0.000883 -0.009046 -0.001780
v 0.000906 -0.009112 -0.001588
v 0.000688 -0.008935 -0.001177
v 0.000487 -0.008629 -0.000986
v 0.000424 -0.007936 -0.001249
v 0.000205 -0.006960 -0.001170
v 0.000257 -0.006932 -0.001484
v 0.000400 -0.007548 -0.002092
v 0.000936 -0.007763 -0.004249
v 0.000441 -0.006795 -0.003516
v 0.000397 -0.007561 -0.002917
v 0.000360 -0.007041 -0.003210
v 0.000305 -0.007415 -0.002584
v 0.001271 -0.007007 -0.004986
v 0.000942 -0.007385 -0.004174
v 0.000540 -0.006660 -0.003655
v 0.000931 -0.006357 -0.004531
v 0.000953 -0.006479 -0.004234
v 0.000530 -0.005995 -0.003637
v 0.001514 -0.009757 -0.001422
v 0.001499 -0.009807 -0.001354
v 0.001459 -0.009901 -0.001258
v 0.001394 -0.010119 -0.000972
v 0.001453 -0.009551 0.000591
v 0.001271 -0.009231 0.000977
v 0.000792 -0.008767 0.001303
v 0.000683 -0.008422 0.001631
v 0.001422 -0.007789 0.002100
v 0.001190 -0.008030 0.002040
v 0.001223 -0.007999 0.002054
v 0.000935 -0.008247 0.001876
v 0.001058 -0.006917 0.002046
v 0.001080 -0.006268 0.002074
v 0.001125 -0.007526 0.002150
v 0.001024 -0.007176 0.002092
v 0.001443 -0.005864 0.002116
v 0.001094 -0.005764 0.001918
v 0.001013 -0.005960 0.001997
v 0.001569 -0.005687 0.002055
v 0.001714 -0.005539 0.001979
v 0.002414 -0.005346 0.002075
v 0.002017 -0.005417 0.002014
v 0.004002 -0.003338 0.000876
v 0.003927 -0.003634 0.001234
v 0.004146 -0.003275 0.000692
v 0.004137 -0.003120 0.000479
v 0.004035 -0.002900 0.000261
v 0.003138 -0.004333 0.001619
v 0.003238 -0.004160 0.001528
v 0.003336 -0.003987 0.001438
v 0.003023 -0.003613 0.000817
v 0.002591 -0.004169 0.000918
v 0.003760 -0.003719 0.001369
v 0.003441 -0.003821 0.001344
v 0.000935 -0.009674 -0.000384
v 0.000838 -0.009450 0.000222
v 0.000505 -0.009182 0.000176
v 0.001214 -0.009615 -0.001131
v 0.000900 -0.009602 -0.000615
v 0.003874 -0.002657 0.000087
v 0.003917 -0.002160 -0.000817
v 0.003685 -0.001989 -0.001712
v 0.003586 -0.001989 -0.001407
v 0.003726 -0.002048 -0.000956
v 0.003495 -0.002042 -0.000767
v 0.003672 -0.002071 -0.000638
v 0.003674 -0.001983 -0.001751
v 0.003813 -0.002432 -0.000161
v 0.003712 -0.002212 -0.000380
v 0.003528 -0.002150 -0.000472
v 0.003586 -0.002018 -0.002233
v 0.003453 -0.002056 -0.002404
v 0.003390 -0.002068 -0.002080
v 0.003504 -0.002003 -0.001896
v 0.003582 -0.002082 -0.003052
v 0.003332 -0.002112 -0.002584
v 0.003284 -0.002170 -0.003095
v 0.003261 -0.002257 -0.003620
v 0.002974 -0.002427 -0.004491
v 0.003292 -0.002360 -0.004463
v 0.003040 -0.002395 -0.003993
v 0.002860 -0.002630 -0.004939
v 0.002488 -0.002733 -0.004923
v 0.002928 -0.003419 -0.005755
v 0.002928 -0.003416 -0.005751
v 0.002664 -0.003183 -0.005571
v 0.002497 -0.003309 -0.005710
v 0.002674 -0.003545 -0.006100
v 0.002755 -0.002775 -0.005123
v 0.002433 -0.002872 -0.005145
v 0.001422 -0.005209 -0.006982
v 0.001570 -0.006354 -0.006673
v 0.001086 -0.005083 -0.006742
v 0.001110 -0.005832 -0.006457
v 0.001987 -0.003941 -0.006922
v 0.001749 -0.004182 -0.006996
v 0.002171 -0.003786 -0.006801
v 0.002322 -0.003685 -0.006648
v 0.002594 -0.003567 -0.006246
v 0.001430 -0.004567 -0.006975
v 0.000581 -0.005640 -0.005524
v 0.000576 -0.005838 -0.005133
v 0.001020 -0.006165 -0.005995
v 0.001495 -0.009670 -0.001639
v 0.000683 -0.008988 -0.001081
v 0.000350 -0.008198 -0.000894
v 0.000450 -0.008563 -0.000939
v 0.000211 -0.007656 -0.000835
v 0.000022 -0.006593 -0.001058
v 0.000055 -0.007346 -0.000742
v -0.000061 -0.006804 -0.000828
v 0.000241 -0.007095 -0.002095
v 0.000004 -0.006337 -0.001619
v 0.000143 -0.006206 -0.002839
v 0.000255 -0.006086 -0.003211
v 0.000268 -0.007095 -0.002859
v 0.000355 -0.005532 -0.004992
v 0.000549 -0.005645 -0.004302
v 0.000640 -0.005797 -0.004081
v 0.000577 -0.005854 -0.003813
v 0.000558 -0.005915 -0.003733
v 0.000323 -0.005692 -0.003454
v 0.000374 -0.005548 -0.003625
v 0.000594 -0.009181 0.000385
v 0.000336 -0.008175 0.001599
v 0.000176 -0.008583 0.000760
v 0.000021 -0.008256 0.001017
v 0.000604 -0.007956 0.001928
v 0.000797 -0.007859 0.002048
v 0.001026 -0.007632 0.002131
v 0.000749 -0.007296 0.002083
v 0.000981 -0.006219 0.002043
v 0.000422 -0.007123 0.001994
v 0.000748 -0.006431 0.001962
v 0.001207 -0.005608 0.001819
v 0.000590 -0.006137 0.001782
v 0.000588 -0.005743 0.001474
v 0.000234 -0.006098 0.001499
v 0.000532 -0.006363 0.001845
v 0.001646 -0.005361 0.001739
v 0.003473 -0.003471 0.001014
v 0.003714 -0.003193 0.000789
v 0.003889 -0.003103 0.000665
v 0.003554 -0.003666 0.001245
v 0.003615 -0.002961 0.000586
v 0.003822 -0.002902 0.000457
v 0.003703 -0.002685 0.000219
v 0.003787 -0.002881 0.000448
v 0.003376 -0.003255 0.000793
v 0.003302 -0.003070 0.000558
v 0.003151 -0.003088 0.000398
v 0.001866 -0.004862 0.000976
v 0.002009 -0.004263 0.000264
v 0.002648 -0.003852 0.000571
v 0.000220 -0.008835 0.000087
v 0.000054 -0.008581 0.000469
v 0.000176 -0.008694 -0.000168
v 0.000214 -0.008559 -0.000484
v 0.003631 -0.002501 -0.000018
v 0.003649 -0.001978 -0.001732
v 0.003406 -0.002037 -0.000991
v 0.003426 -0.001992 -0.001560
v 0.003492 -0.002040 -0.000779
v 0.003314 -0.002122 -0.000637
v 0.003531 -0.002119 -0.000526
v 0.003485 -0.002041 -0.000774
v 0.003427 -0.002449 -0.000143
v 0.003547 -0.002302 -0.000247
v 0.003482 -0.002292 -0.000294
v 0.003194 -0.002269 -0.000533
v 0.003305 -0.002049 -0.001741
v 0.002568 -0.002634 -0.001958
v 0.002460 -0.002706 -0.002146
v 0.002211 -0.002919 -0.003317
v 0.002427 -0.002717 -0.003774
v 0.002404 -0.002716 -0.004585
v 0.001905 -0.003049 -0.005061
v 0.001694 -0.003036 -0.004845
v 0.001737 -0.002972 -0.004331
v 0.002203 -0.002759 -0.004428
v 0.002417 -0.003272 -0.005651
v 0.002353 -0.003399 -0.005867
v 0.002162 -0.003185 -0.005464
v 0.000796 -0.004937 -0.006437
v 0.000995 -0.004593 -0.006662
v 0.000856 -0.005670 -0.006097
v 0.001902 -0.003868 -0.006863
v 0.001795 -0.003645 -0.006689
v 0.001556 -0.003872 -0.006794
v 0.001373 -0.004074 -0.006817
v 0.001473 -0.003964 -0.006805
v 0.002043 -0.003472 -0.006454
v 0.002158 -0.003429 -0.006269
v 0.002546 -0.003556 -0.006277
v 0.000375 -0.005336 -0.005340
v 0.000625 -0.005498 -0.005705
v 0.000788 -0.005744 -0.005855
v 0.000647 -0.005439 -0.005774
v -0.000069 -0.007988 -0.000317
v -0.000372 -0.007000 -0.000172
v -0.000372 -0.006789 -0.000308
v -0.000205 -0.006294 -0.000911
v -0.000193 -0.006838 -0.000598
v -0.000300 -0.006589 -0.000538
v 0.000123 -0.006631 -0.002028
v -0.000018 -0.006086 -0.002176
v -0.000226 -0.005873 -0.001814
v -0.000433 -0.005812 -0.001140
v -0.000120 -0.005788 -0.002400
v 0.000057 -0.005539 -0.003107
v 0.000247 -0.005327 -0.004375
v 0.000153 -0.005160 -0.004934
v 0.000386 -0.005386 -0.003923
v 0.000399 -0.005415 -0.003834
v 0.000157 -0.005248 -0.003457
v -0.000178 -0.005244 -0.002972
v 0.000292 -0.007724 0.001869
v 0.000154 -0.007804 0.001704
v -0.000038 -0.007972 0.001313
v -0.000070 -0.008259 0.000810
v -0.000080 -0.007897 0.001340
v -0.000250 -0.007886 0.000915
v 0.000458 -0.007598 0.002008
v 0.000712 -0.007585 0.002090
v 0.000419 -0.007419 0.002022
v 0.000565 -0.007499 0.002059
v 0.000189 -0.007333 0.001914
v 0.000173 -0.007014 0.001898
v 0.001173 -0.005473 0.001557
v 0.000044 -0.005584 0.000770
v 0.000769 -0.005285 0.001020
v -0.000123 -0.006453 0.001523
v 0.000161 -0.006522 0.001702
v -0.000311 -0.006330 0.001104
v -0.000273 -0.006470 0.001363
v 0.000020 -0.006726 0.001715
v 0.003412 -0.002911 0.000460
v 0.003541 -0.002777 0.000350
v 0.003363 -0.002757 0.000209
v 0.003487 -0.002616 0.000102
v 0.003251 -0.002915 0.000307
v 0.003318 -0.002609 -0.000046
v 0.002886 -0.003165 0.000055
v 0.000843 -0.004986 0.000664
v 0.001708 -0.004386 0.000228
v 0.002507 -0.003400 -0.000189
v 0.002285 -0.003234 -0.000586
v 0.002492 -0.003580 -0.000029
v 0.001751 -0.004051 -0.000110
v 0.002565 -0.003565 0.000057
v -0.000192 -0.008028 0.000056
v 0.003172 -0.002129 -0.001356
v 0.003094 -0.002170 -0.001294
v 0.003328 -0.002050 -0.000930
v 0.003144 -0.002141 -0.001609
v 0.003069 -0.002317 -0.000709
v 0.003176 -0.002155 -0.000805
v 0.003403 -0.002448 -0.000164
v 0.002743 -0.003192 -0.000110
v 0.002747 -0.002534 -0.001274
v 0.002439 -0.002740 -0.001850
v 0.002308 -0.002811 -0.002021
v 0.001769 -0.002986 -0.003527
v 0.002192 -0.002870 -0.002202
v 0.001418 -0.003106 -0.003525
v 0.001953 -0.002920 -0.003672
v 0.000961 -0.003368 -0.005363
v 0.002048 -0.003308 -0.005643
v 0.000930 -0.003286 -0.005070
v 0.001626 -0.003039 -0.004517
v 0.001177 -0.003211 -0.003885
v 0.001058 -0.003260 -0.004066
v 0.000539 -0.004777 -0.006082
v 0.000693 -0.004466 -0.006347
v 0.000934 -0.004116 -0.006485
v 0.001721 -0.003706 -0.006741
v 0.001782 -0.003504 -0.006527
v 0.001471 -0.003616 -0.006557
v 0.001240 -0.003739 -0.006527
v 0.001071 -0.003914 -0.006504
v 0.001376 -0.003598 -0.006486
v 0.001863 -0.003399 -0.006322
v 0.002189 -0.003398 -0.006019
v 0.000210 -0.004892 -0.005341
v 0.000463 -0.005054 -0.005702
v -0.000478 -0.007200 0.000274
v -0.000320 -0.006643 -0.000477
v -0.000512 -0.006553 0.000174
v -0.000503 -0.006231 -0.000138
v -0.000440 -0.006152 -0.000469
v -0.000237 -0.005757 -0.002075
v -0.000450 -0.005599 -0.001613
v -0.000452 -0.005577 -0.001659
v -0.000440 -0.005451 -0.001887
v -0.000425 -0.005668 -0.001350
v -0.000513 -0.005735 -0.000724
v 0.000151 -0.005103 -0.003768
v 0.000025 -0.005020 -0.004233
v 0.000062 -0.004561 -0.005072
v -0.000012 -0.004960 -0.004445
v -0.000017 -0.004840 -0.004697
v 0.000161 -0.005228 -0.003489
v -0.000091 -0.004841 -0.003582
v -0.000326 -0.004672 -0.003195
v -0.000372 -0.004903 -0.002835
v -0.000297 -0.005169 -0.002594
v 0.000000 -0.007389 0.001787
v -0.000140 -0.007471 0.001624
v -0.000159 -0.008145 0.000592
v -0.000343 -0.007514 0.001230
v -0.000255 -0.007515 0.001440
v -0.000264 -0.007921 0.000377
v -0.000417 -0.007492 0.001009
v -0.000023 -0.007273 0.001794
v -0.000027 -0.006965 0.001771
v -0.000336 -0.006208 0.000837
v 0.000280 -0.005224 0.000641
v -0.000182 -0.005805 0.000685
v 0.000012 -0.005585 0.000739
v -0.000340 -0.006683 0.001434
v -0.000185 -0.006673 0.001590
v -0.000394 -0.006524 0.001184
v -0.000484 -0.006619 0.000985
v -0.000414 -0.006408 0.000913
v -0.000453 -0.006748 0.001249
v -0.000189 -0.006886 0.001612
v -0.000196 -0.006958 0.001624
v 0.002869 -0.003170 0.000034
v 0.002659 -0.003384 -0.000029
v 0.000842 -0.004024 -0.000524
v 0.002652 -0.002894 -0.000619
v 0.001687 -0.003539 -0.000726
v 0.001796 -0.003144 -0.001325
v 0.002620 -0.002672 -0.001166
v 0.001093 -0.003746 -0.000739
v -0.000460 -0.007369 0.000479
v 0.003063 -0.002218 -0.000989
v 0.002423 -0.002748 -0.001837
v 0.002180 -0.002875 -0.002192
v 0.001794 -0.003051 -0.001608
v 0.000562 -0.003159 -0.002869
v 0.000905 -0.003155 -0.003351
v 0.000391 -0.003257 -0.003558
v 0.000818 -0.003351 -0.005254
v 0.000945 -0.003425 -0.005622
v 0.000740 -0.003460 -0.005462
v 0.001258 -0.003411 -0.005861
v 0.001779 -0.003376 -0.005985
v 0.000743 -0.003346 -0.004922
v 0.000837 -0.003331 -0.004443
v 0.000636 -0.003418 -0.005110
v 0.000825 -0.003331 -0.004433
v 0.000422 -0.003416 -0.004120
v 0.000293 -0.003341 -0.003752
v 0.000313 -0.004534 -0.005597
v 0.000511 -0.004397 -0.006036
v 0.000724 -0.004069 -0.006226
v 0.000571 -0.004125 -0.006040
v 0.000830 -0.003696 -0.006063
v 0.001011 -0.003627 -0.006206
v 0.001559 -0.003446 -0.006363
v 0.001690 -0.003378 -0.006193
v 0.001484 -0.003509 -0.006412
v 0.001195 -0.003562 -0.006352
v 0.001487 -0.003426 -0.006310
v 0.000130 -0.004391 -0.005194
v -0.000527 -0.007073 0.000781
v -0.000509 -0.006796 0.000743
v -0.000504 -0.006683 0.000454
v -0.000508 -0.006406 0.000433
v -0.000527 -0.006290 0.000162
v -0.000533 -0.005893 -0.000144
v -0.000504 -0.006020 0.000121
v -0.000544 -0.005798 -0.000143
v -0.000619 -0.005482 -0.000114
v -0.000389 -0.005307 -0.002058
v -0.000480 -0.005507 -0.001598
v -0.000418 -0.005195 -0.001948
v -0.000487 -0.005197 -0.001619
v -0.000497 -0.005275 -0.001329
v -0.000503 -0.005357 -0.001040
v -0.000564 -0.005070 -0.000743
v -0.000649 -0.005239 -0.000238
v -0.000136 -0.004759 -0.003856
v -0.000096 -0.004836 -0.003604
v -0.000142 -0.004743 -0.003902
v -0.000174 -0.004635 -0.004196
v -0.000046 -0.004555 -0.004769
v -0.000019 -0.004289 -0.004813
v -0.000155 -0.004504 -0.004413
v -0.000109 -0.004363 -0.004592
v -0.000304 -0.004540 -0.003409
v -0.000330 -0.004645 -0.003166
v -0.000349 -0.005167 -0.002245
v -0.000361 -0.004786 -0.002578
v -0.000183 -0.007277 0.001640
v -0.000306 -0.007327 0.001463
v -0.000447 -0.007056 0.001271
v -0.000507 -0.006971 0.001033
v -0.000487 -0.006524 0.000703
v -0.000373 -0.006070 0.000577
v -0.000024 -0.005105 0.000505
v -0.000106 -0.005301 0.000584
v 0.000166 -0.004268 -0.000264
v -0.000046 -0.004729 0.000157
v -0.000117 -0.004896 0.000282
v -0.000170 -0.005764 0.000673
v -0.000317 -0.005860 0.000516
v -0.000344 -0.006980 0.001461
v -0.000513 -0.006881 0.001030
v -0.000324 -0.006979 0.001479
v 0.000203 -0.003924 -0.000598
v 0.000730 -0.003789 -0.000734
v 0.001041 -0.003588 -0.000989
v 0.001143 -0.003329 -0.001365
v 0.000827 -0.003161 -0.002243
v 0.002113 -0.002860 -0.001868
v 0.000932 -0.003720 -0.000858
v 0.000331 -0.003247 -0.003237
v 0.000429 -0.003187 -0.003041
v 0.000323 -0.003142 -0.002688
v 0.000631 -0.003118 -0.002373
v 0.000213 -0.003330 -0.003416
v 0.000125 -0.003427 -0.003617
v 0.000552 -0.003521 -0.005314
v 0.000863 -0.003529 -0.005826
v 0.000692 -0.003608 -0.005688
v 0.000734 -0.003536 -0.005560
v 0.001060 -0.003481 -0.005980
v 0.000536 -0.003709 -0.005561
v 0.001597 -0.003359 -0.006123
v 0.001253 -0.003427 -0.006131
v 0.000589 -0.003449 -0.004796
v 0.000490 -0.003533 -0.004990
v 0.000696 -0.003376 -0.004607
v 0.000411 -0.003640 -0.005196
v 0.000396 -0.003503 -0.004645
v 0.000091 -0.003710 -0.004394
v -0.000029 -0.003811 -0.004232
v 0.000196 -0.004174 -0.005262
v 0.000418 -0.004067 -0.005716
v 0.000664 -0.003783 -0.005929
v 0.001047 -0.003550 -0.006078
v 0.000046 -0.003862 -0.004623
v 0.000173 -0.003935 -0.004990
v -0.000471 -0.006154 0.000382
v -0.000424 -0.005912 0.000327
v -0.000493 -0.005859 0.000099
v -0.000524 -0.005694 0.000108
v -0.000558 -0.005350 0.000105
v -0.000641 -0.005291 -0.000113
v -0.000424 -0.005068 -0.001402
v -0.000427 -0.004975 -0.001684
v -0.000472 -0.005255 -0.001074
v -0.000456 -0.005184 -0.001178
v -0.000413 -0.005043 -0.001361
v -0.000451 -0.005125 -0.001100
v -0.000600 -0.004974 -0.000658
v -0.000447 -0.004542 -0.001170
v -0.000637 -0.005069 -0.000412
v -0.000645 -0.005149 -0.000123
v -0.000198 -0.004632 -0.003819
v -0.000310 -0.004518 -0.003468
v -0.000221 -0.004513 -0.004089
v -0.000286 -0.004289 -0.003874
v -0.000034 -0.004208 -0.004727
v -0.000149 -0.004214 -0.004444
v -0.000239 -0.004190 -0.004103
v -0.000310 -0.004280 -0.003489
v -0.000227 -0.003968 -0.003027
v -0.000220 -0.004067 -0.002747
v -0.000271 -0.004252 -0.002628
v -0.000435 -0.004173 -0.001890
v -0.000341 -0.003793 -0.002127
v -0.000284 -0.005283 0.000442
v -0.000212 -0.005074 0.000369
v -0.000324 -0.005532 0.000494
v -0.000134 -0.004484 -0.000017
v -0.000223 -0.004279 -0.000243
v -0.000097 -0.004140 -0.000351
v -0.000141 -0.004893 0.000263
v -0.000246 -0.004640 0.000082
v -0.000277 -0.005074 0.000310
v -0.000318 -0.005839 0.000516
v -0.000347 -0.005865 0.000456
v 0.000260 -0.003606 -0.000944
v -0.000030 -0.003834 -0.000704
v -0.000155 -0.003975 -0.000597
v 0.000814 -0.003507 -0.001099
v 0.000995 -0.003328 -0.001503
v 0.000974 -0.003320 -0.001512
v 0.000749 -0.003241 -0.001624
v 0.000585 -0.003150 -0.002059
v 0.000310 -0.003244 -0.003221
v 0.000176 -0.003354 -0.003386
v 0.000198 -0.003192 -0.002865
v 0.000096 -0.003270 -0.003056
v 0.000202 -0.003218 -0.002314
v -0.000024 -0.003299 -0.002410
v 0.000033 -0.003282 -0.002732
v 0.000230 -0.003205 -0.002060
v -0.000016 -0.003547 -0.003500
v -0.000005 -0.003527 -0.003466
v 0.000392 -0.003824 -0.005441
v 0.000540 -0.003742 -0.005598
v 0.000291 -0.003788 -0.005093
v 0.000394 -0.003619 -0.004908
v 0.000285 -0.003988 -0.005347
v 0.000183 -0.003739 -0.004738
v -0.000158 -0.003994 -0.004181
v -0.000157 -0.003990 -0.004176
v -0.000421 -0.005885 0.000322
v -0.000454 -0.005574 0.000321
v -0.000435 -0.005299 0.000282
v -0.000559 -0.005301 0.000100
v -0.000553 -0.005056 0.000075
v -0.000567 -0.004767 -0.000767
v -0.000623 -0.004786 -0.000447
v -0.000448 -0.004527 -0.001154
v -0.000460 -0.004213 -0.001172
v -0.000616 -0.004885 -0.000167
v -0.000557 -0.004661 -0.000232
v -0.000501 -0.004822 0.000016
v -0.000301 -0.004418 -0.003650
v -0.000241 -0.004148 -0.004053
v -0.000294 -0.004209 -0.003782
v -0.000200 -0.003702 -0.003070
v -0.000220 -0.003767 -0.002773
v -0.000166 -0.003537 -0.002835
v -0.000263 -0.003802 -0.002462
v -0.000200 -0.003583 -0.002528
v -0.000455 -0.004129 -0.001459
v -0.000369 -0.003848 -0.001825
v -0.000397 -0.003903 -0.001523
v -0.000269 -0.003734 -0.002383
v -0.000293 -0.003646 -0.001900
v -0.000263 -0.003593 -0.002204
v -0.000198 -0.003467 -0.001988
v -0.000424 -0.004620 -0.000060
v -0.000330 -0.004441 -0.000147
v -0.000479 -0.004459 -0.000308
v -0.000384 -0.004282 -0.000396
v -0.000337 -0.004823 0.000167
v -0.000399 -0.005044 0.000233
v -0.000077 -0.003684 -0.000957
v 0.000060 -0.003560 -0.001072
v -0.000307 -0.003989 -0.000756
v -0.000199 -0.003827 -0.000852
v -0.000408 -0.004160 -0.000664
v 0.000371 -0.003266 -0.001610
v 0.000188 -0.003242 -0.001749
v 0.000024 -0.003388 -0.003268
v -0.000056 -0.003375 -0.002931
v -0.000116 -0.003510 -0.003151
v 0.000090 -0.003236 -0.002227
v -0.000081 -0.003389 -0.002636
v -0.000106 -0.003404 -0.002616
v -0.000159 -0.003425 -0.002297
v -0.000110 -0.003421 -0.002642
v -0.000072 -0.003328 -0.002096
v 0.000047 -0.003271 -0.001915
v -0.000110 -0.003672 -0.003417
v -0.000188 -0.003835 -0.003619
v -0.000523 -0.004523 -0.000821
v -0.000576 -0.004545 -0.000503
v -0.000498 -0.004345 -0.000580
v -0.000471 -0.004290 -0.000882
v -0.000411 -0.004065 -0.000946
v -0.000414 -0.003972 -0.001228
v -0.000327 -0.003873 -0.001026
v -0.000328 -0.003781 -0.001309
v -0.000211 -0.003540 -0.001696
v -0.000216 -0.003625 -0.001408
v -0.000096 -0.003387 -0.001796
v -0.000218 -0.003713 -0.001123
v -0.000094 -0.003572 -0.001230
v 0.000032 -0.003343 -0.001622
vn 0.6805 -0.4270 -0.5955
vn 0.6876 -0.5956 -0.4153
vn 0.6526 -0.3736 -0.6593
vn 0.6142 -0.5851 -0.5296
vn 0.5287 -0.6367 -0.5614
vn 0.3953 -0.6934 -0.6024
vn 0.6075 -0.4752 -0.6365
vn 0.6448 -0.7116 -0.2791
vn 0.6837 -0.6269 -0.3736
vn 0.7460 -0.4335 -0.5056
vn 0.6170 -0.3479 -0.7059
vn 0.7678 -0.3596 -0.5303
vn 0.4157 -0.7938 -0.4440
vn 0.4869 -0.8112 -0.3239
vn 0.7014 -0.6290 -0.3352
vn 0.6473 -0.6064 -0.4618
vn 0.1194 -0.7022 -0.7019
vn 0.5222 -0.4192 -0.7427
vn 0.2968 -0.5387 -0.7885
vn 0.1425 -0.8596 -0.4907
vn 0.8444 -0.4150 -0.3389
vn 0.7795 -0.3772 -0.5002
vn 0.7309 -0.5026 -0.4617
vn 0.8273 -0.4461 -0.3414
vn 0.9284 -0.2994 -0.2200
vn 0.9068 -0.3813 -0.1798
vn 0.9524 -0.2277 -0.2027
vn 0.2121 -0.9283 -0.3053
vn 0.5751 -0.8002 -0.1701
vn 0.2604 -0.9435 -0.2050
vn 0.5394 -0.8414 -0.0321
vn 0.8175 -0.5737 -0.0505
vn 0.0216 -0.5528 -0.8330
vn -0.1421 -0.7569 -0.6379
vn 0.6868 -0.2575 -0.6797
vn 0.5123 -0.3341 -0.7912
vn 0.6395 -0.2250 -0.7351
vn 0.1899 -0.3953 -0.8987
vn -0.0734 -0.4550 -0.8875
vn -0.0972 -0.9238 -0.3703
vn 0.9692 -0.2107 -0.1276
vn 0.9969 -0.0742 -0.0276
vn 0.9519 -0.2127 -0.2204
vn 0.8981 -0.1235 -0.4221
vn 0.8122 -0.1839 -0.5536
vn 0.9714 -0.0135 -0.2371
vn 0.9354 -0.3523 -0.0296
vn 0.9826 -0.1821 -0.0369
vn 0.7139 -0.7001 0.0138
vn 0.4203 -0.9066 0.0377
vn 0.1505 -0.9886 -0.0059
vn -0.0356 -0.9772 -0.2095
vn 0.6489 -0.7485 0.1367
vn 0.7317 -0.6734 0.1051
vn 0.8905 -0.4389 0.1199
vn -0.1733 -0.5717 -0.8020
vn -0.4172 -0.7800 -0.4665
vn -0.3925 -0.7147 -0.5789
vn -0.3719 -0.6291 -0.6826
vn -0.2649 -0.8782 -0.3982
vn -0.3957 -0.8160 -0.4215
vn 0.7985 -0.0766 -0.5970
vn 0.7513 -0.1427 -0.6443
vn 0.3092 -0.3434 -0.8868
vn 0.5753 -0.1993 -0.7933
vn 0.0807 -0.3355 -0.9386
vn 0.0178 -0.3240 -0.9459
vn -0.3711 -0.5237 -0.7668
vn -0.0918 -0.3398 -0.9360
vn 0.9922 -0.0134 0.1238
vn 0.9945 0.1041 0.0085
vn 0.9639 0.1410 0.2260
vn 0.8965 0.0867 -0.4344
vn 0.9211 0.1874 -0.3413
vn 0.9594 0.1534 -0.2367
vn 0.9566 -0.2835 0.0679
vn 0.8037 -0.5932 0.0479
vn 0.2532 -0.9381 0.2365
vn 0.5086 -0.8114 0.2879
vn 0.2213 -0.9349 0.2773
vn 0.1589 -0.9440 0.2893
vn -0.1021 -0.9925 0.0674
vn -0.2716 -0.9612 0.0486
vn -0.1915 -0.9602 -0.2033
vn 0.6882 -0.6241 0.3699
vn 0.7993 -0.5286 0.2859
vn 0.8166 -0.5739 0.0619
vn 0.8789 -0.4203 0.2255
vn -0.5563 -0.6755 -0.4840
vn -0.6044 -0.5714 -0.5551
vn -0.4137 -0.8809 -0.2300
vn -0.5669 -0.8001 -0.1962
vn 0.8997 0.0847 -0.4283
vn 0.7682 0.0248 -0.6398
vn 0.2052 -0.1732 -0.9633
vn 0.6156 0.0506 -0.7865
vn 0.4096 -0.1521 -0.8995
vn 0.1317 -0.0670 -0.9890
vn 0.0091 -0.2452 -0.9694
vn -0.2447 -0.4222 -0.8729
vn 0.9667 -0.0935 0.2384
vn 0.9494 0.1247 0.2884
vn 0.9791 0.2011 -0.0299
vn 0.9048 0.1696 0.3905
vn 0.9062 0.1994 0.3730
vn 0.8186 0.3703 0.4390
vn 0.9438 0.2239 -0.2429
vn 0.9263 0.3163 -0.2046
vn 0.8408 0.4089 -0.3546
vn 0.9494 -0.2510 0.1886
vn 0.3612 -0.8536 0.3753
vn 0.5486 -0.7229 0.4201
vn -0.1519 -0.9158 0.3717
vn 0.0221 -0.9387 0.3440
vn -0.4015 -0.9120 0.0841
vn 0.8244 -0.3770 0.4221
vn 0.8078 -0.3630 0.4644
vn 0.6531 -0.5854 0.4803
vn 0.8992 -0.2013 0.3885
vn -0.6568 -0.7073 -0.2614
vn -0.7403 -0.5240 -0.4212
vn -0.6649 -0.5442 -0.5116
vn -0.4248 -0.5275 -0.7357
vn -0.7801 -0.5059 -0.3681
vn -0.5458 -0.8373 0.0321
vn 0.7601 0.1859 -0.6227
vn 0.4383 -0.0286 -0.8984
vn 0.5278 0.1458 -0.8367
vn 0.6731 0.2605 -0.6921
vn 0.3203 0.0581 -0.9455
vn 0.0959 -0.0477 -0.9942
vn 0.2111 0.1273 -0.9691
vn 0.3761 0.2013 -0.9045
vn -0.0859 -0.3115 -0.9463
vn 0.0504 -0.1654 -0.9849
vn 0.1763 -0.0548 -0.9828
vn -0.2464 -0.3865 -0.8887
vn -0.5118 -0.4577 -0.7270
vn 0.9451 0.0402 0.3242
vn 0.9566 0.2730 0.1020
vn 0.8210 0.4124 0.3949
vn 0.9287 0.0020 0.3709
vn 0.9014 0.0576 0.4292
vn 0.8825 0.2929 0.3681
vn 0.7423 0.5739 0.3457
vn 0.8017 0.5261 0.2837
vn 0.8034 0.5402 0.2504
vn 0.9355 0.3532 0.0087
vn 0.8894 0.4525 -0.0647
vn 0.7649 0.3405 -0.5468
vn 0.8281 0.5212 -0.2063
vn 0.7829 0.6155 0.0907
vn 0.4856 -0.7688 0.4161
vn 0.2698 -0.8717 0.4092
vn 0.0435 -0.8066 0.5895
vn -0.3676 -0.9014 0.2288
vn -0.0658 -0.7556 0.6517
vn -0.4298 -0.8524 0.2977
vn -0.2233 -0.8420 0.4912
vn 0.1443 -0.8689 0.4735
vn 0.8833 -0.1587 0.4412
vn 0.8241 -0.2704 0.4977
vn 0.7013 -0.4746 0.5319
vn 0.8943 -0.0737 0.4414
vn 0.4771 -0.7132 0.5136
vn -0.6889 -0.7168 -0.1081
vn -0.7336 -0.5817 -0.3515
vn -0.7768 -0.4690 -0.4202
vn -0.7203 -0.5221 -0.4566
vn -0.8097 -0.5077 -0.2943
vn -0.5669 -0.7963 0.2112
vn 0.4922 0.2045 -0.8461
vn 0.6031 0.3236 -0.7291
vn 0.7836 0.4550 -0.4230
vn 0.2399 0.1406 -0.9606
vn 0.3573 0.3288 -0.8742
vn 0.4052 0.3430 -0.8474
vn -0.2409 -0.2713 -0.9319
vn -0.1790 -0.0949 -0.9793
vn 0.0826 -0.0210 -0.9964
vn 0.2768 0.1030 -0.9554
vn -0.5023 -0.3243 -0.8016
vn 0.8647 0.4752 0.1627
vn 0.9213 0.1336 0.3652
vn 0.9047 0.2105 0.3705
vn 0.8162 0.5277 0.2354
vn 0.6878 0.6989 0.1960
vn 0.8003 0.5792 0.1550
vn 0.7559 0.6051 0.2498
vn 0.6822 0.6039 0.4123
vn 0.6942 0.5082 0.5097
vn 0.8756 0.4052 0.2629
vn 0.8461 0.4303 0.3145
vn 0.8063 0.5867 0.0757
vn 0.8740 0.4646 0.1424
vn 0.8194 0.5577 -0.1323
vn 0.7635 0.6432 0.0578
vn 0.2566 -0.8062 0.5331
vn 0.1805 -0.6932 0.6978
vn 0.0968 -0.6307 0.7700
vn -0.0936 -0.7153 0.6925
vn 0.0507 -0.6048 0.7948
vn -0.3878 -0.7552 0.5285
vn -0.1305 -0.7845 0.6062
vn 0.7040 -0.3075 0.6402
vn 0.8202 -0.0582 0.5691
vn 0.6212 -0.5797 0.5273
vn 0.5220 -0.6094 0.5968
vn -0.6508 -0.7527 0.0997
vn -0.7080 -0.7015 -0.0812
vn -0.7847 -0.5340 -0.3147
vn -0.7340 -0.4046 -0.5455
vn -0.7923 -0.5915 -0.1497
vn -0.8043 -0.4766 -0.3549
vn -0.7387 -0.5533 -0.3850
vn -0.8225 -0.4235 -0.3797
vn -0.7808 -0.4764 -0.4042
vn -0.4245 -0.7950 0.4333
vn -0.4965 -0.8103 0.3113
vn -0.4258 -0.8354 0.3476
vn 0.6899 0.5471 -0.4741
vn 0.6020 0.4606 -0.6522
vn 0.7692 0.5943 -0.2351
vn 0.3706 0.3945 -0.8408
vn 0.5226 0.5372 -0.6621
vn 0.4467 0.4749 -0.7582
vn 0.4441 0.5674 -0.6935
vn -0.1551 0.0408 -0.9871
vn -0.5039 -0.1828 -0.8442
vn 0.1131 0.1114 -0.9873
vn 0.2444 0.2352 -0.9407
vn 0.7780 0.4127 0.4737
vn 0.8225 0.1938 0.5348
vn 0.7136 0.5146 0.4754
vn 0.5896 0.6017 0.5389
vn 0.6711 0.7357 0.0912
vn 0.7103 0.7036 0.0193
vn 0.7009 0.7097 -0.0709
vn 0.6681 0.4535 0.5899
vn 0.5234 0.4310 0.7351
vn 0.7677 0.4278 0.4771
vn 0.6975 0.2790 0.6600
vn 0.8349 0.3764 0.4016
vn 0.8049 0.2663 0.5303
vn 0.8124 0.3327 0.4789
vn 0.8103 0.5798 -0.0854
vn 0.8101 0.5508 -0.2007
vn 0.8806 0.4735 0.0201
vn 0.8949 0.3198 0.3111
vn 0.4962 -0.6672 0.5555
vn 0.3405 -0.6984 0.6295
vn 0.3538 -0.5834 0.7311
vn 0.2977 -0.4750 0.8281
vn 0.1699 -0.4601 0.8715
vn -0.1255 -0.6446 0.7541
vn 0.0839 -0.5156 0.8527
vn -0.3067 -0.7416 0.5966
vn 0.6888 -0.0472 0.7234
vn 0.6306 -0.3669 0.6839
vn 0.5238 -0.4568 0.7190
vn -0.7217 -0.6849 -0.0999
vn -0.6305 -0.7720 0.0809
vn -0.8206 -0.4543 -0.3468
vn -0.7633 -0.6109 -0.2103
vn -0.6858 -0.2716 -0.6752
vn -0.8232 -0.4750 -0.3111
vn -0.7327 -0.3092 -0.6063
vn -0.7665 -0.5422 -0.3444
vn -0.8277 -0.4838 -0.2843
vn -0.7715 -0.4704 -0.4284
vn -0.7888 -0.4844 -0.3783
vn -0.8181 -0.4441 -0.3653
vn -0.7435 -0.5143 -0.4274
vn -0.4666 -0.8291 0.3079
vn -0.1974 -0.7755 0.5997
vn -0.1223 -0.8592 0.4968
vn -0.2544 -0.8298 0.4968
vn 0.7004 0.6226 -0.3491
vn 0.6233 0.5884 -0.5151
vn 0.4084 0.6389 -0.6519
vn 0.3514 0.4607 -0.8150
vn 0.6837 0.6682 -0.2932
vn 0.5654 0.6788 -0.4685
vn 0.5436 0.7700 -0.3339
vn -0.3927 -0.0946 -0.9148
vn 0.1191 0.2574 -0.9589
vn -0.2848 -0.0388 -0.9578
vn -0.3822 -0.0555 -0.9224
vn -0.7019 -0.1887 -0.6868
vn -0.5595 -0.1589 -0.8134
vn 0.6339 0.2219 0.7409
vn 0.5592 0.4110 0.7200
vn 0.4680 0.4133 0.7811
vn 0.7170 0.6936 0.0689
vn 0.6715 0.7383 0.0638
vn 0.7259 0.6847 0.0649
vn 0.5141 0.1521 0.8441
vn 0.5416 0.3252 0.7752
vn 0.6747 0.2549 0.6927
vn 0.6847 0.0902 0.7232
vn 0.7676 0.2730 0.5799
vn 0.5930 0.0851 0.8007
vn 0.8279 0.3465 0.4410
vn 0.8247 0.2662 0.4989
vn 0.8139 0.2190 0.5382
vn 0.7810 0.1891 0.5952
vn 0.7572 0.6097 -0.2343
vn 0.6920 0.5908 -0.4149
vn 0.7041 0.5615 -0.4347
vn 0.7672 0.5534 -0.3243
vn 0.8668 0.4842 -0.1193
vn 0.8988 0.4246 0.1088
vn 0.8905 0.3379 0.3046
vn 0.3023 -0.2478 0.9205
vn 0.4899 -0.2170 0.8444
vn 0.2442 -0.2633 0.9333
vn -0.0724 -0.6182 0.7827
vn 0.1311 -0.3759 0.9173
vn 0.2930 -0.2118 0.9324
vn -0.1640 -0.6965 0.6986
vn 0.6003 -0.0287 0.7993
vn 0.6295 -0.2768 0.7260
vn -0.7821 -0.6043 -0.1520
vn -0.6815 -0.7318 -0.0001
vn -0.7958 -0.4899 -0.3560
vn -0.8113 -0.3379 -0.4770
vn -0.7057 -0.4504 -0.5470
vn -0.7046 -0.4840 -0.5190
vn -0.6951 -0.5971 -0.4003
vn -0.6741 -0.2220 -0.7045
vn -0.7852 -0.4971 -0.3692
vn -0.7901 -0.4663 -0.3979
vn -0.7937 -0.4782 -0.3760
vn -0.7381 -0.6302 -0.2409
vn -0.5509 -0.7107 0.4375
vn -0.6144 -0.7195 0.3238
vn -0.0445 -0.7598 0.6487
vn -0.0087 -0.5845 0.8114
vn 0.0898 -0.6169 0.7819
vn -0.0307 -0.7457 0.6656
vn -0.4308 -0.7688 0.4725
vn -0.1801 -0.6582 0.7310
vn 0.4645 0.6333 -0.6190
vn 0.4498 0.7530 -0.4802
vn 0.3623 0.8128 -0.4562
vn 0.4868 0.6442 -0.5900
vn 0.3031 0.4341 -0.8484
vn 0.7112 0.6955 -0.1023
vn 0.5243 0.8227 -0.2195
vn 0.0131 0.1195 -0.9928
vn -0.5698 -0.1813 -0.8015
vn -0.1844 -0.0005 -0.9828
vn -0.4474 -0.1267 -0.8853
vn -0.7535 -0.2001 -0.6262
vn -0.7785 -0.1993 -0.5951
vn -0.8022 -0.2772 -0.5288
vn 0.6675 0.7393 0.0885
vn 0.6784 0.7306 -0.0775
vn 0.5539 0.3774 0.7421
vn 0.4318 0.1057 0.8958
vn 0.5074 0.2617 0.8210
vn 0.6519 0.2900 0.7007
vn 0.6924 0.0426 0.7203
vn 0.5535 -0.0228 0.8325
vn 0.5401 0.0512 0.8401
vn 0.7455 0.1405 0.6515
vn 0.8504 0.2118 0.4816
vn 0.5950 0.7280 -0.3405
vn 0.5224 0.7170 -0.4615
vn 0.6333 0.5604 -0.5337
vn 0.8555 0.4851 -0.1814
vn 0.7650 0.5034 -0.4018
vn 0.6460 0.5393 -0.5402
vn 0.9106 0.4132 0.0077
vn 0.8551 0.2127 0.4728
vn 0.9199 0.3156 0.2326
vn 0.3292 -0.0972 0.9392
vn 0.4310 0.0368 0.9016
vn 0.3080 -0.2228 0.9249
vn 0.3997 -0.0478 0.9154
vn -0.7256 -0.6799 0.1055
vn -0.8143 -0.5787 -0.0448
vn -0.5656 -0.3296 -0.7560
vn -0.7400 -0.4440 -0.5052
vn -0.6941 -0.4969 -0.5209
vn -0.7009 -0.5780 -0.4180
vn -0.6014 -0.5519 -0.5777
vn -0.6916 -0.4953 -0.5257
vn -0.6423 -0.1509 -0.7515
vn -0.6295 -0.7731 -0.0784
vn -0.8403 -0.4942 -0.2228
vn -0.8465 -0.5324 0.0014
vn -0.8774 -0.4337 -0.2051
vn -0.7085 -0.6519 -0.2703
vn -0.6971 -0.6975 -0.1659
vn -0.6900 -0.6084 -0.3921
vn -0.7535 -0.6543 -0.0644
vn -0.4154 -0.6021 0.6818
vn -0.6798 -0.6148 0.3999
vn -0.6704 -0.6799 0.2972
vn 0.2196 -0.5337 0.8166
vn 0.1540 -0.6302 0.7610
vn 0.2491 -0.4650 0.8496
vn 0.0563 -0.5084 0.8593
vn -0.2853 -0.6399 0.7135
vn -0.0358 -0.3950 0.9180
vn -0.2380 -0.5365 0.8097
vn 0.5454 0.8086 -0.2208
vn 0.3401 0.6342 -0.6943
vn 0.5224 0.7359 -0.4308
vn 0.2699 0.4674 -0.8418
vn 0.1012 0.3166 -0.9431
vn -0.0618 0.1556 -0.9859
vn -0.5541 -0.0796 -0.8286
vn -0.6766 -0.0530 -0.7344
vn -0.2723 0.0564 -0.9606
vn -0.0918 0.2728 -0.9577
vn -0.9025 -0.2820 -0.3256
vn -0.8129 -0.0275 -0.5817
vn -0.8364 -0.1329 -0.5318
vn 0.5417 -0.0375 0.8397
vn 0.3316 -0.0941 0.9387
vn 0.4480 0.0338 0.8934
vn 0.7131 0.0402 0.6999
vn 0.6412 -0.0309 0.7667
vn 0.7963 0.1402 0.5884
vn 0.5080 0.7761 -0.3737
vn 0.2406 0.6652 -0.7068
vn 0.3325 0.8172 -0.4709
vn 0.4505 0.5698 -0.6873
vn 0.3811 0.5559 -0.7387
vn 0.5014 0.4958 -0.7090
vn 0.7808 0.4873 -0.3911
vn 0.8932 0.4136 -0.1765
vn 0.8304 0.4176 -0.3689
vn 0.6954 0.5253 -0.4904
vn 0.4045 0.4313 -0.8065
vn 0.5914 0.4385 -0.6767
vn 0.9204 0.3909 0.0088
vn 0.9008 0.2201 0.3744
vn 0.9465 0.3150 0.0702
vn 0.4368 -0.0929 0.8947
vn 0.2535 -0.3404 0.9055
vn -0.8425 -0.5174 0.1498
vn -0.8996 -0.4367 -0.0045
vn -0.6020 -0.3439 -0.7207
vn -0.4940 -0.1741 -0.8519
vn -0.5908 -0.5558 -0.5848
vn -0.6206 -0.4528 -0.6402
vn -0.6183 -0.4074 -0.6721
vn -0.3949 -0.0090 -0.9187
vn -0.5098 0.0713 -0.8574
vn -0.6760 0.1078 -0.7290
vn -0.9026 -0.4294 -0.0297
vn -0.7697 -0.5642 0.2988
vn -0.7625 -0.6270 0.1593
vn -0.6701 -0.7153 -0.1982
vn -0.6743 -0.7385 -0.0063
vn -0.6503 -0.7571 -0.0623
vn -0.6881 -0.6499 -0.3227
vn -0.1217 -0.3790 0.9173
vn -0.4094 -0.5660 0.7155
vn 0.0160 -0.2869 0.9578
vn -0.5529 -0.6030 0.5751
vn -0.8636 -0.4219 0.2760
vn -0.7786 -0.4231 0.4633
vn 0.2128 -0.2272 0.9503
vn 0.3409 0.7164 -0.6088
vn 0.2354 0.5568 -0.7966
vn 0.1163 0.4660 -0.8771
vn -0.6016 0.1388 -0.7866
vn -0.3873 0.1872 -0.9027
vn -0.3337 0.1448 -0.9315
vn -0.6973 0.2276 -0.6797
vn -0.1866 0.2887 -0.9391
vn -0.0841 0.3777 -0.9221
vn 0.1356 0.5589 -0.8181
vn -0.8068 0.0876 -0.5843
vn 0.3033 -0.2395 0.9223
vn 0.1774 -0.2410 0.9542
vn -0.0518 -0.1460 0.9879
vn -0.0052 0.0410 0.9991
vn -0.0313 -0.0030 0.9995
vn 0.1579 -0.0795 0.9843
vn 0.0672 -0.2415 0.9681
vn 0.3162 -0.0308 0.9482
vn 0.6333 -0.0914 0.7685
vn 0.6868 -0.0396 0.7257
vn 0.8406 0.0964 0.5331
vn 0.8012 0.0536 0.5960
vn 0.5078 -0.1653 0.8455
vn 0.5877 -0.0905 0.8040
vn 0.3674 0.7649 -0.5291
vn 0.1653 0.7258 -0.6678
vn 0.1841 0.5529 -0.8126
vn 0.2138 0.7750 -0.5947
vn -0.1073 0.7831 -0.6126
vn 0.0517 0.7616 -0.6460
vn 0.2516 0.5150 -0.8194
vn 0.1633 0.4168 -0.8942
vn 0.2084 0.3389 -0.9174
vn 0.2297 0.3396 -0.9121
vn 0.8942 0.3605 -0.2654
vn 0.9717 0.2170 -0.0934
vn 0.9411 0.3255 -0.0917
vn 0.8483 0.3233 -0.4194
vn 0.7457 0.4043 -0.5295
vn 0.1313 0.2573 -0.9574
vn 0.2583 0.3116 -0.9144
vn 0.6975 0.3744 -0.6110
vn 0.5166 0.3250 -0.7921
vn 0.9055 0.2564 0.3380
vn 0.8689 0.1376 0.4754
vn -0.9269 -0.3406 0.1575
vn -0.9201 -0.2628 0.2905
vn -0.8212 -0.4047 0.4024
vn -0.4954 -0.1732 -0.8512
vn -0.4214 -0.0869 -0.9027
vn -0.6790 -0.5434 -0.4936
vn -0.6608 -0.6898 -0.2959
vn -0.6742 -0.4234 -0.6051
vn -0.5811 -0.3116 -0.7518
vn -0.3217 -0.0503 -0.9455
vn -0.2061 0.1505 -0.9669
vn -0.3495 0.1789 -0.9197
vn -0.5104 0.2540 -0.8216
vn -0.5269 0.3906 -0.7548
vn -0.6945 -0.5635 0.4474
vn -0.3191 -0.6787 0.6615
vn -0.6089 -0.7541 0.2462
vn -0.7527 -0.6409 -0.1503
vn -0.6332 -0.7721 0.0544
vn -0.3638 -0.4189 0.8320
vn -0.5818 -0.3417 0.7381
vn -0.9256 -0.2233 0.3056
vn -0.8999 -0.0407 0.4341
vn -0.6437 0.0134 0.7651
vn 0.2444 0.6461 -0.7231
vn -0.4400 0.3498 -0.8271
vn -0.6473 0.4397 -0.6227
vn -0.4461 0.5179 -0.7299
vn -0.1347 0.4225 -0.8963
vn -0.2636 0.5150 -0.8156
vn -0.4742 0.5877 -0.6555
vn 0.1466 0.6301 -0.7625
vn 0.0423 -0.4296 0.9020
vn -0.1308 -0.5672 0.8131
vn 0.2720 -0.3441 0.8987
vn -0.0497 -0.4157 0.9081
vn -0.1252 -0.0606 0.9903
vn -0.3077 -0.2068 0.9287
vn -0.2907 0.1338 0.9474
vn -0.1233 -0.3546 0.9269
vn -0.3817 -0.0527 0.9228
vn 0.5959 -0.1111 0.7953
vn 0.5957 -0.1212 0.7940
vn 0.6915 -0.1691 0.7023
vn 0.8222 0.0453 0.5674
vn 0.8690 0.1270 0.4783
vn 0.7643 0.0006 0.6449
vn 0.5005 -0.1693 0.8490
vn 0.3413 -0.3012 0.8904
vn 0.0510 0.5818 -0.8117
vn 0.0099 0.4153 -0.9096
vn 0.0106 0.8270 -0.5621
vn -0.2310 0.7811 -0.5801
vn -0.1778 0.5928 -0.7855
vn -0.0268 0.2650 -0.9639
vn -0.2221 0.3621 -0.9053
vn 0.0075 0.2408 -0.9705
vn 0.0159 0.1843 -0.9827
vn 0.9320 0.2175 -0.2900
vn 0.9426 0.1582 0.2941
vn 0.9908 0.1258 -0.0497
vn 0.9604 0.1961 -0.1978
vn 0.9415 0.0680 -0.3301
vn 0.9749 0.1346 -0.1773
vn 0.8759 0.2349 -0.4215
vn 0.7392 0.3725 -0.5612
vn 0.7146 0.3966 -0.5763
vn 0.1009 0.1944 -0.9757
vn 0.5165 0.2371 -0.8228
vn 0.7617 0.2985 -0.5751
vn 0.8151 0.3031 -0.4936
vn 0.7304 0.3172 -0.6049
vn -0.8701 -0.1558 0.4676
vn -0.8001 -0.3413 0.4933
vn -0.7239 -0.6281 -0.2854
vn -0.7967 -0.4735 -0.3757
vn -0.6597 -0.7359 -0.1523
vn -0.6866 -0.2481 -0.6834
vn -0.7370 -0.4025 -0.5430
vn -0.4375 -0.1477 -0.8870
vn -0.5767 -0.1563 -0.8019
vn -0.1218 0.0866 -0.9888
vn -0.2858 -0.0244 -0.9580
vn -0.1155 0.1191 -0.9861
vn -0.3041 0.1949 -0.9325
vn -0.4644 0.4471 -0.7644
vn -0.3603 0.5423 -0.7590
vn -0.5607 -0.6844 0.4660
vn -0.6007 -0.4843 0.6361
vn -0.5005 -0.7537 0.4260
vn -0.4708 -0.7909 0.3910
vn -0.8199 -0.5351 -0.2035
vn -0.7514 -0.6562 -0.0691
vn -0.4244 -0.8291 0.3641
vn -0.6203 -0.7656 0.1706
vn -0.2455 -0.0519 0.9680
vn -0.8401 0.0489 0.5402
vn -0.6398 0.1698 0.7496
vn -0.3587 0.7194 -0.5947
vn -0.4336 0.6258 -0.6484
vn -0.2883 0.6463 -0.7065
vn -0.1219 -0.5831 0.8032
vn -0.1619 -0.5449 0.8228
vn 0.1514 -0.4252 0.8923
vn -0.0021 -0.5190 0.8548
vn 0.2141 -0.3813 0.8993
vn -0.3904 -0.3092 0.8672
vn -0.4693 -0.1275 0.8738
vn 0.5618 -0.2265 0.7956
vn 0.7073 -0.2998 0.6402
vn 0.7476 -0.2743 0.6048
vn 0.7855 -0.1453 0.6015
vn 0.9046 0.0778 0.4191
vn 0.3399 -0.3449 0.8749
vn 0.1415 -0.3944 0.9080
vn -0.1909 0.5589 -0.8070
vn -0.0538 0.1259 -0.9906
vn 0.9779 0.0634 0.1992
vn 0.9917 0.0939 -0.0878
vn 0.9641 0.1376 -0.2269
vn 0.8476 0.1767 -0.5004
vn 0.9747 0.0487 -0.2179
vn 0.8530 0.1056 -0.5110
vn 0.9225 0.0203 -0.3855
vn 0.9829 0.1246 -0.1356
vn 0.7954 0.2106 -0.5683
vn 0.5167 0.1711 -0.8389
vn 0.1333 0.0903 -0.9870
vn 0.0218 0.0989 -0.9949
vn -0.0359 0.1374 -0.9899
vn 0.7025 0.1831 -0.6878
vn 0.8966 0.1948 -0.3976
vn 0.8080 0.2559 -0.5306
vn -0.7768 -0.0941 0.6227
vn -0.8541 -0.4489 -0.2628
vn -0.8606 -0.4479 -0.2425
vn -0.8752 -0.4567 -0.1592
vn -0.8637 -0.4684 -0.1862
vn -0.6211 -0.0376 -0.7828
vn -0.7324 -0.1893 -0.6540
vn -0.7601 -0.3117 -0.5702
vn -0.8367 -0.5140 -0.1893
vn -0.3967 -0.0337 -0.9173
vn -0.2083 -0.0410 -0.9772
vn -0.1303 0.0823 -0.9881
vn -0.1602 0.0571 -0.9854
vn -0.4728 -0.7085 0.5238
vn -0.5027 -0.2764 0.8191
vn -0.4825 -0.5302 0.6972
vn -0.2704 -0.6920 0.6694
vn -0.8039 -0.5922 -0.0555
vn -0.8865 -0.4591 -0.0571
vn -0.3254 -0.7380 0.5911
vn -0.4078 -0.7928 0.4530
vn -0.5075 -0.7749 0.3767
vn -0.6739 -0.7151 0.1855
vn -0.5881 0.0233 0.8084
vn -0.3322 -0.6762 0.6576
vn 0.0159 -0.5218 0.8529
vn -0.1190 -0.5852 0.8021
vn 0.4037 -0.4040 0.8209
vn 0.5713 -0.3668 0.7342
vn 0.7257 -0.2801 0.6284
vn 0.7177 -0.3839 0.5809
vn 0.6416 -0.2909 0.7097
vn 0.6284 -0.4102 0.6609
vn 0.7738 -0.3345 0.5378
vn 0.8073 -0.3215 0.4948
vn 0.8572 -0.1687 0.4866
vn 0.5560 -0.4199 0.7174
vn 0.9495 -0.0127 0.3135
vn 0.1363 -0.4744 0.8697
vn 0.1725 -0.5759 0.7991
vn 0.9880 0.0250 0.1526
vn 0.9781 -0.0131 0.2078
vn 0.9984 0.0447 0.0336
vn 0.9844 0.1437 -0.1012
vn 0.9636 0.2639 -0.0415
vn 0.9661 0.1328 -0.2212
vn 0.7510 0.1087 -0.6513
vn 0.9765 0.1113 -0.1843
vn 0.9089 0.2273 -0.3497
vn 0.9949 0.0886 -0.0475
vn 0.7826 0.1121 -0.6123
vn 0.8369 0.1991 -0.5099
vn 0.8761 0.2311 -0.4232
vn 0.7636 0.1655 -0.6241
vn 0.7615 0.1002 -0.6403
vn 0.4323 0.0642 -0.8995
vn 0.6659 0.0802 -0.7417
vn 0.4159 0.0416 -0.9085
vn -0.2162 0.0810 -0.9730
vn -0.0027 -0.0808 -0.9967
vn 0.1156 -0.0520 -0.9919
vn -0.2287 0.0283 -0.9731
vn -0.2694 0.0289 -0.9626
vn -0.1420 0.0665 -0.9876
vn 0.9103 0.0656 -0.4087
vn 0.8683 0.1699 -0.4660
vn 0.9374 0.1416 -0.3181
vn -0.8528 -0.4023 -0.3329
vn -0.8330 -0.3729 -0.4087
vn -0.8620 -0.4768 -0.1722
vn -0.8888 -0.4449 -0.1099
vn -0.8728 -0.4806 -0.0852
vn -0.6848 -0.0936 -0.7227
vn -0.6443 0.0063 -0.7648
vn -0.7048 0.0367 -0.7085
vn -0.6742 -0.0699 -0.7352
vn -0.8274 -0.2890 -0.4816
vn -0.2774 -0.0137 -0.9607
vn -0.5520 -0.0857 -0.8294
vn -0.0068 -0.5987 0.8009
vn -0.1540 -0.6984 0.6990
vn -0.8217 -0.5634 0.0863
vn -0.9168 -0.3943 0.0638
vn -0.4123 -0.7714 0.4847
vn -0.2582 -0.7373 0.6243
vn -0.6113 -0.7261 0.3147
vn 0.2705 -0.5425 0.7953
vn 0.4441 -0.4556 0.7715
vn 0.5206 -0.5307 0.6689
vn 0.7724 -0.3067 0.5562
vn 0.5620 -0.2015 0.8022
vn 0.6688 -0.2679 0.6935
vn 0.7508 -0.4371 0.4952
vn 0.4784 -0.3631 0.7996
vn 0.4319 -0.4592 0.7763
vn 0.7997 -0.3850 0.4607
vn 0.6762 -0.4320 0.5968
vn 0.7927 -0.3654 0.4880
vn 0.8623 -0.2303 0.4511
vn 0.8124 -0.3052 0.4969
vn 0.7751 -0.3758 0.5080
vn 0.9259 -0.1928 0.3248
vn 0.4682 -0.2677 0.8421
vn -0.0244 -0.7054 0.7084
vn 0.1083 -0.6572 0.7459
vn 0.9905 0.0232 0.1353
vn 0.9810 0.1762 0.0807
vn 0.9271 0.3723 0.0445
vn 0.9370 0.3391 0.0839
vn 0.8839 0.4593 -0.0879
vn 0.9841 0.1740 -0.0357
vn 0.9071 0.3613 -0.2160
vn 0.9557 0.2738 -0.1083
vn 0.8291 0.4236 -0.3650
vn 0.8504 0.4363 -0.2941
vn 0.7281 0.2999 -0.6163
vn 0.7225 0.2364 -0.6497
vn 0.7857 0.4048 -0.4677
vn 0.8634 0.1497 -0.4818
vn 0.9334 0.0149 -0.3586
vn 0.2630 -0.0862 -0.9609
vn 0.5424 0.0073 -0.8401
vn 0.5628 -0.0169 -0.8264
vn 0.7684 0.0095 -0.6399
vn 0.2129 -0.0730 -0.9743
vn 0.1109 -0.1751 -0.9783
vn -0.4788 -0.0478 -0.8766
vn -0.6651 -0.0540 -0.7448
vn -0.4538 0.0491 -0.8898
vn -0.0305 -0.0843 -0.9960
vn -0.2079 -0.1722 -0.9629
vn -0.6793 -0.1510 -0.7181
vn -0.5051 -0.0995 -0.8573
vn -0.3763 -0.1026 -0.9208
vn -0.6761 -0.2050 -0.7077
vn 0.8315 0.0191 -0.5552
vn 0.9682 -0.0147 -0.2496
vn 0.9539 0.1372 -0.2668
vn 0.9776 0.0307 -0.2080
vn 0.9898 0.0059 -0.1422
vn -0.8620 -0.4689 -0.1927
vn -0.8513 -0.5155 -0.0976
vn -0.8681 -0.4832 -0.1137
vn -0.8425 -0.5383 0.0211
vn -0.8671 -0.4876 -0.1022
vn -0.8828 -0.4212 -0.2082
vn -0.7636 -0.1821 -0.6194
vn -0.6180 0.0674 -0.7833
vn -0.7555 -0.0276 -0.6546
vn -0.5083 0.1604 -0.8461
vn -0.7264 -0.0599 -0.6847
vn -0.5435 0.1166 -0.8312
vn -0.8486 -0.2800 -0.4489
vn -0.2022 -0.7503 0.6294
vn -0.8712 -0.4846 0.0782
vn -0.9306 -0.3599 0.0664
vn -0.3700 -0.7824 0.5009
vn -0.6247 -0.7147 0.3145
vn -0.6661 -0.7015 0.2534
vn -0.7406 -0.6326 0.2268
vn 0.2749 -0.6317 0.7248
vn 0.2424 -0.6126 0.7523
vn 0.3022 -0.5886 0.7498
vn 0.4790 -0.6434 0.5971
vn 0.6841 -0.5357 0.4950
vn 0.6942 -0.3873 0.6067
vn 0.5113 -0.1480 0.8466
vn 0.3927 -0.1124 0.9128
vn 0.3573 -0.2734 0.8931
vn 0.5345 -0.4936 0.6861
vn 0.5442 -0.3200 0.7756
vn 0.6256 -0.6245 0.4676
vn 0.3729 -0.4541 0.8092
vn 0.3662 -0.4592 0.8093
vn 0.6312 -0.3218 0.7057
vn 0.5066 -0.4553 0.7322
vn 0.7167 -0.3262 0.6164
vn 0.7821 -0.1153 0.6125
vn 0.8099 -0.2051 0.5496
vn 0.7612 -0.1678 0.6264
vn 0.7075 -0.1905 0.6806
vn 0.9186 -0.1472 0.3667
vn 0.9782 -0.0553 0.2000
vn 0.3958 -0.3423 0.8521
vn 0.5079 0.0090 0.8614
vn 0.6139 -0.0721 0.7861
vn 0.4322 -0.0238 0.9015
vn -0.0860 -0.8656 0.4932
vn 0.0910 -0.8195 0.5658
vn 0.9737 0.1498 0.1715
vn 0.9382 0.2977 0.1767
vn 0.8164 0.5715 0.0830
vn 0.8506 0.4906 0.1890
vn 0.8357 0.5137 -0.1941
vn 0.7458 0.6646 -0.0456
vn 0.7161 0.6182 -0.3241
vn 0.7388 0.6420 -0.2048
vn 0.7149 0.4279 -0.5530
vn 0.6301 0.3955 -0.6683
vn 0.7000 0.3531 -0.6207
vn 0.6707 0.6025 -0.4327
vn 0.9438 0.1208 -0.3076
vn 0.8641 0.3098 -0.3966
vn 0.9970 -0.0594 -0.0490
vn -0.0774 -0.2591 -0.9627
vn 0.3280 -0.0402 -0.9438
vn 0.3677 -0.0870 -0.9259
vn 0.3829 -0.0425 -0.9228
vn 0.5575 0.0099 -0.8301
vn 0.3237 -0.0335 -0.9456
vn 0.7067 0.0626 -0.7047
vn 0.6595 -0.4237 -0.6210
vn 0.0515 -0.1800 -0.9823
vn -0.1573 -0.3136 -0.9364
vn -0.0113 -0.1981 -0.9801
vn -0.1980 -0.2630 -0.9443
vn -0.8103 -0.1930 -0.5533
vn -0.8428 -0.1350 -0.5210
vn -0.4444 -0.3298 -0.8329
vn -0.8260 -0.2306 -0.5144
vn -0.6822 -0.2178 -0.6979
vn -0.5833 -0.4915 -0.6467
vn 0.9437 -0.1526 -0.2936
vn 0.9636 -0.0932 -0.2506
vn 0.6279 0.2436 -0.7392
vn 0.6499 0.1173 -0.7509
vn 0.9447 -0.0157 -0.3277
vn 0.7513 0.2566 -0.6080
vn 0.8145 0.2563 -0.5204
vn -0.8541 -0.4902 0.1739
vn -0.8120 -0.5810 0.0559
vn -0.9301 -0.3217 -0.1774
vn -0.9061 -0.3801 -0.1858
vn -0.9267 -0.2705 -0.2609
vn -0.8406 -0.0535 -0.5389
vn -0.7045 0.1013 -0.7024
vn -0.5551 0.0180 -0.8316
vn -0.7449 0.0352 -0.6662
vn -0.8424 -0.0810 -0.5327
vn -0.4950 0.1179 -0.8609
vn -0.1488 -0.8472 0.5101
vn -0.9281 -0.3719 -0.0186
vn -0.8208 -0.5574 0.1246
vn -0.9505 -0.3048 -0.0611
vn -0.7508 -0.6559 0.0779
vn -0.0668 -0.8065 0.5875
vn -0.2696 -0.8084 0.5232
vn -0.6904 -0.7119 0.1288
vn -0.8300 -0.5574 0.0217
vn 0.3880 -0.6247 0.6776
vn 0.1450 -0.7826 0.6054
vn 0.3361 -0.6023 0.7241
vn 0.2788 -0.6521 0.7051
vn 0.4044 -0.7302 0.5507
vn 0.4558 -0.7450 0.4871
vn 0.4857 -0.6348 0.6010
vn 0.2991 -0.3483 0.8884
vn 0.2851 -0.0805 0.9551
vn 0.2330 0.1004 0.9673
vn 0.1658 -0.1813 0.9693
vn 0.1868 -0.0342 0.9818
vn 0.3221 -0.3433 0.8823
vn 0.2400 -0.1282 0.9623
vn 0.1779 -0.1260 0.9759
vn 0.3081 -0.6578 0.6873
vn 0.3230 -0.5121 0.7959
vn 0.3095 -0.2669 0.9127
vn 0.7322 0.0915 0.6749
vn 0.6825 -0.0042 0.7309
vn 0.8853 -0.0016 0.4650
vn 0.8008 0.0960 0.5912
vn 0.6509 -0.0297 0.7585
vn 0.9610 0.0637 0.2692
vn 0.4225 0.1173 0.8987
vn 0.2071 0.2631 0.9423
vn 0.4742 0.1200 0.8722
vn 0.2669 -0.0927 0.9593
vn 0.1939 0.1186 0.9738
vn -0.1458 -0.8933 0.4252
vn -0.2033 -0.8869 0.4147
vn 0.9401 0.2266 0.2547
vn 0.8829 0.3678 0.2920
vn 0.6762 0.7311 0.0912
vn 0.6845 0.7124 0.1549
vn 0.6947 0.6980 0.1738
vn 0.7387 0.6367 0.2213
vn 0.5903 0.8068 -0.0250
vn 0.5986 0.7689 -0.2246
vn 0.5398 0.7828 -0.3096
vn 0.5683 0.8195 -0.0743
vn 0.6460 0.5795 -0.4969
vn 0.6348 0.5658 -0.5262
vn 0.4709 0.5221 -0.7111
vn 0.5561 0.5645 -0.6100
vn 0.5609 0.5645 -0.6056
vn 0.6926 0.5658 -0.4474
vn 0.5445 0.4452 -0.7109
vn 0.4201 0.8164 -0.3962
vn 0.4721 0.8134 -0.3398
vn 0.9897 0.0491 -0.1344
vn 0.9068 0.3250 -0.2683
vn 0.8269 0.4803 -0.2925
vn 0.9936 -0.0907 -0.0673
vn 0.2227 -0.0878 -0.9709
vn -0.0658 -0.2600 -0.9634
vn 0.1808 -0.1485 -0.9723
vn 0.4491 0.1476 -0.8812
vn 0.2092 0.0897 -0.9737
vn 0.1372 -0.1142 -0.9839
vn -0.2025 -0.3626 -0.9097
vn -0.8792 -0.1588 -0.4492
vn -0.3699 -0.5086 -0.7775
vn -0.7743 -0.4134 -0.4791
vn -0.8055 -0.3566 -0.4732
vn -0.5958 -0.6644 -0.4513
vn -0.5774 -0.6343 -0.5141
vn 0.5456 0.4222 -0.7239
vn 0.5593 0.4977 -0.6630
vn 0.4875 0.3244 -0.8106
vn 0.9045 0.2010 -0.3760
vn 0.6221 0.5249 -0.5810
vn 0.7333 0.5282 -0.4281
vn 0.8618 0.3211 -0.3927
vn -0.7680 -0.6380 0.0556
vn -0.8731 -0.4874 -0.0137
vn -0.9094 -0.0947 -0.4050
vn -0.9312 -0.2745 -0.2400
vn -0.9349 -0.2779 -0.2209
vn -0.9258 -0.3710 -0.0724
vn -0.7673 -0.0348 -0.6403
vn -0.8367 -0.2395 -0.4925
vn -0.7450 -0.2179 -0.6304
vn -0.6362 -0.1288 -0.7607
vn -0.6574 0.0142 -0.7534
vn -0.8386 0.0643 -0.5409
vn -0.8496 -0.0119 -0.5274
vn -0.9031 -0.4088 -0.1316
vn -0.8649 -0.4956 0.0794
vn -0.9222 -0.1981 -0.3320
vn -0.9370 -0.3058 -0.1691
vn -0.3786 -0.8422 0.3840
vn -0.5297 -0.7598 0.3771
vn -0.8696 -0.4328 -0.2378
vn -0.7744 -0.6321 -0.0278
vn 0.2359 -0.7347 0.6361
vn 0.2126 -0.6732 0.7082
vn 0.1378 -0.7847 0.6043
vn 0.0936 -0.8884 0.4494
vn 0.0806 -0.7915 0.6059
vn 0.2334 -0.7615 0.6047
vn 0.3030 -0.7764 0.5527
vn 0.1550 -0.6458 0.7476
vn 0.1197 -0.3067 0.9443
vn 0.1971 -0.5558 0.8076
vn 0.0597 -0.6438 0.7628
vn 0.1733 0.0469 0.9838
vn 0.0793 0.1071 0.9911
vn -0.0919 -0.0879 0.9919
vn -0.0015 -0.0079 1.0000
vn 0.0067 -0.0658 0.9978
vn 0.2132 -0.1983 0.9567
vn 0.1416 -0.1523 0.9781
vn 0.0972 0.1275 0.9871
vn 0.0078 0.1656 0.9862
vn -0.0122 0.0098 0.9999
vn 0.1312 0.0401 0.9905
vn 0.8092 0.2661 0.5238
vn 0.5389 0.1814 0.8226
vn 0.6647 0.4541 0.5933
vn 0.9195 0.2005 0.3380
vn 0.8867 0.1126 0.4484
vn 0.2207 0.3099 0.9248
vn 0.2314 0.3080 0.9228
vn -0.0954 0.4803 0.8719
vn -0.0145 0.3050 0.9523
vn 0.2510 0.3413 0.9058
vn -0.4251 -0.8664 0.2621
vn -0.4585 -0.8213 0.3394
vn -0.1666 -0.7942 0.5844
vn -0.6258 -0.7692 0.1293
vn 0.8392 0.4066 0.3611
vn 0.5983 0.7948 0.1013
vn 0.6465 0.7466 0.1566
vn 0.7954 0.5354 0.2841
vn 0.6643 0.7385 0.1152
vn 0.7502 0.5808 0.3160
vn 0.6977 0.6893 0.1950
vn 0.6045 0.7892 0.1086
vn 0.4710 0.8817 0.0277
vn 0.3953 0.9048 -0.1582
vn 0.4461 0.8944 -0.0328
vn 0.2309 0.9695 -0.0823
vn 0.4068 0.9134 -0.0153
vn 0.2808 0.9273 -0.2475
vn 0.2072 0.9374 -0.2801
vn 0.3843 0.8143 -0.4350
vn 0.3176 0.7994 -0.5099
vn 0.3720 0.5658 -0.7358
vn 0.1753 0.7072 -0.6850
vn 0.2535 0.7754 -0.5784
vn 0.4324 0.6778 -0.5946
vn 0.3093 0.6036 -0.7349
vn 0.5558 0.6686 -0.4940
vn 0.1719 0.9385 -0.2995
vn -0.0594 -0.1011 -0.9931
vn -0.3819 -0.4133 -0.8266
vn -0.2644 -0.2546 -0.9302
vn 0.2837 0.3196 -0.9041
vn 0.3899 0.4574 -0.7992
vn 0.0338 0.1635 -0.9860
vn -0.5050 -0.5662 -0.6515
vn -0.7318 -0.5394 -0.4166
vn -0.7025 -0.4552 -0.5470
vn -0.6955 -0.4695 -0.5440
vn -0.7278 -0.5607 -0.3949
vn -0.6816 -0.6398 -0.3552
vn 0.4540 0.6844 -0.5705
vn 0.4601 0.5954 -0.6587
vn 0.4669 0.7147 -0.5207
vn -0.8038 -0.5945 0.0239
vn -0.7697 -0.6331 -0.0822
vn -0.9016 -0.4230 -0.0905
vn -0.9605 -0.2490 -0.1239
vn -0.9012 -0.1108 -0.4189
vn -0.9120 -0.1822 -0.3674
vn -0.9176 -0.3326 -0.2179
vn -0.9546 -0.2949 0.0421
vn -0.9517 -0.3046 -0.0393
vn -0.7309 -0.2942 -0.6158
vn -0.7986 -0.1582 -0.5806
vn -0.8372 0.1087 -0.5360
vn -0.6425 -0.2092 -0.7372
vn -0.8113 0.0636 -0.5812
vn -0.9367 -0.2704 -0.2226
vn -0.8820 -0.0841 -0.4637
vn -0.8708 -0.2183 -0.4405
vn -0.8733 -0.2319 -0.4284
vn -0.9238 -0.1439 -0.3547
vn -0.8597 -0.2430 -0.4494
vn -0.8593 -0.4075 -0.3091
vn -0.0896 -0.7505 0.6548
vn -0.0339 -0.7904 0.6116
vn 0.0649 -0.7410 0.6684
vn -0.2201 -0.7425 0.6327
vn 0.0667 -0.4066 0.9112
vn 0.1608 -0.0986 0.9821
vn 0.0374 -0.4899 0.8710
vn -0.1289 -0.6154 0.7776
vn 0.0852 0.0282 0.9960
vn -0.0935 -0.0639 0.9936
vn 0.0803 0.1203 0.9895
vn -0.2632 0.1403 0.9545
vn -0.1683 0.2252 0.9597
vn -0.0680 0.3035 0.9504
vn 0.1008 -0.0641 0.9928
vn -0.1860 0.3839 0.9044
vn -0.0730 0.2293 0.9706
vn -0.1263 0.1167 0.9851
vn -0.1337 0.3869 0.9124
vn 0.7055 0.2210 0.6733
vn 0.4584 0.2934 0.8389
vn 0.4606 0.5868 0.6660
vn 0.7075 0.5604 0.4306
vn -0.1171 0.4959 0.8604
vn -0.1404 0.4908 0.8599
vn -0.1454 0.5227 0.8400
vn -0.2957 0.5709 0.7659
vn -0.3749 0.6080 0.6999
vn -0.0955 0.6017 0.7930
vn 0.3851 0.4828 0.7865
vn -0.7582 -0.6493 -0.0589
vn -0.6246 -0.7701 0.1297
vn -0.5839 -0.7569 0.2934
vn -0.7387 -0.6739 -0.0132
vn -0.3597 -0.7994 0.4813
vn -0.2908 -0.7869 0.5443
vn 0.6385 0.7545 0.1514
vn 0.7040 0.6111 0.3619
vn 0.7493 0.6456 0.1475
vn 0.5474 0.8344 0.0646
vn 0.4951 0.8686 0.0205
vn 0.9089 0.3975 0.1261
vn 0.5632 0.6534 0.5059
vn 0.6203 0.7305 0.2859
vn 0.6149 0.6621 0.4285
vn 0.4950 0.8680 -0.0402
vn 0.5881 0.8044 0.0838
vn 0.2138 0.9769 0.0040
vn 0.2377 0.9646 0.1140
vn -0.0050 0.9950 -0.0995
vn 0.1792 0.9754 -0.1283
vn 0.1049 0.9847 -0.1389
vn -0.2441 0.9666 -0.0784
vn -0.0674 0.9973 0.0292
vn -0.1071 0.9780 -0.1791
vn 0.0012 0.9701 -0.2425
vn -0.1894 0.9660 -0.1761
vn 0.0637 0.9263 -0.3714
vn -0.0863 0.9130 -0.3987
vn 0.1145 0.7021 -0.7028
vn -0.0134 0.8382 -0.5452
vn 0.1831 0.7605 -0.6230
vn 0.3298 0.8146 -0.4772
vn 0.0063 0.7082 -0.7060
vn 0.0709 0.6962 -0.7143
vn -0.2398 -0.0489 -0.9696
vn -0.4920 -0.3578 -0.7937
vn -0.5011 -0.2446 -0.8301
vn 0.0622 0.3895 -0.9189
vn 0.2577 0.5684 -0.7814
vn 0.3376 0.7179 -0.6087
vn -0.2665 0.1498 -0.9521
vn -0.6527 -0.4963 -0.5725
vn -0.7652 -0.4493 -0.4611
vn -0.8189 -0.5354 -0.2067
vn -0.7648 -0.5909 -0.2568
vn -0.7359 -0.3869 -0.5556
vn 0.3562 0.8098 -0.4661
vn -0.6483 -0.7561 0.0893
vn -0.8722 -0.4695 -0.1374
vn -0.7042 -0.6757 -0.2179
vn -0.8439 -0.5137 -0.1548
vn -0.8731 -0.4107 -0.2627
vn -0.8290 -0.5070 -0.2359
vn -0.9136 -0.3656 -0.1783
vn -0.9350 -0.2023 -0.2911
vn -0.9006 -0.2829 -0.3301
vn -0.9433 -0.3277 -0.0530
vn -0.9511 -0.3005 0.0709
vn -0.8211 0.0640 -0.5672
vn -0.8834 -0.0565 -0.4651
vn -0.9157 -0.2989 -0.2687
vn -0.9373 -0.1642 -0.3074
vn -0.9719 -0.2336 -0.0305
vn -0.8958 -0.3708 -0.2451
vn -0.7428 0.1220 -0.6583
vn -0.7992 0.0058 -0.6011
vn -0.8866 -0.4573 -0.0696
vn -0.9157 -0.2803 -0.2880
vn -0.8391 -0.1558 -0.5213
vn -0.7750 -0.5069 -0.3773
vn -0.7900 -0.3552 -0.4997
vn -0.7994 -0.3014 -0.5198
vn -0.8523 -0.4261 -0.3033
vn -0.1949 -0.8080 0.5560
vn -0.2723 -0.7899 0.5494
vn -0.4773 -0.7125 0.5143
vn -0.4049 -0.6341 0.6587
vn 0.1159 -0.1830 0.9763
vn -0.0904 -0.4084 0.9083
vn 0.0022 -0.3175 0.9483
vn -0.2330 -0.5465 0.8044
vn -0.1087 0.0764 0.9911
vn -0.2381 0.0223 0.9710
vn -0.0055 -0.0095 0.9999
vn -0.0626 0.1692 0.9836
vn -0.2903 0.3886 0.8745
vn -0.3936 0.5717 0.7199
vn -0.4069 0.3754 0.8328
vn -0.2399 0.5580 0.7944
vn -0.3056 0.6166 0.7255
vn -0.1694 0.2861 0.9431
vn -0.2847 0.5598 0.7782
vn 0.2893 0.6968 0.6564
vn 0.1803 0.7276 0.6619
vn 0.5312 0.6636 0.5267
vn 0.5684 0.6954 0.4396
vn 0.5617 0.7012 0.4391
vn -0.3963 0.6050 0.6906
vn -0.4264 0.5945 0.6818
vn -0.4299 0.6116 0.6641
vn -0.5621 0.5851 0.5845
vn -0.6008 0.6303 0.4917
vn 0.0172 0.7132 0.7007
vn -0.3809 0.6505 0.6571
vn -0.7303 -0.6824 0.0312
vn -0.5431 -0.7634 0.3497
vn -0.7169 -0.6826 0.1415
vn -0.7400 -0.5368 -0.4052
vn -0.7590 -0.5986 -0.2559
vn 0.4561 0.7072 0.5402
vn 0.6052 0.7893 0.1034
vn 0.3250 0.9435 0.0644
vn 0.1076 0.9915 0.0736
vn 0.3377 0.9266 0.1655
vn 0.0073 0.9740 0.2266
vn 0.2414 0.9200 0.3088
vn 0.2506 0.9643 -0.0852
vn 0.2611 0.7558 0.6004
vn 0.2258 0.8680 0.4422
vn -0.0848 0.8426 0.5318
vn -0.1130 0.9915 -0.0645
vn -0.2752 0.9610 -0.0283
vn -0.4210 0.9028 -0.0884
vn -0.1910 0.9763 -0.1017
vn -0.1290 0.9786 -0.1602
vn -0.4771 0.8784 -0.0276
vn -0.4316 0.8958 -0.1063
vn -0.4168 0.9044 -0.0909
vn -0.3194 0.9316 -0.1732
vn -0.1039 0.9687 -0.2253
vn -0.4422 0.8967 -0.0218
vn -0.1625 0.8605 -0.4829
vn -0.3280 0.8846 -0.3315
vn 0.2976 0.8180 -0.4922
vn 0.0522 0.7084 -0.7038
vn -0.0020 0.7532 -0.6577
vn 0.0070 0.8190 -0.5738
vn 0.2567 0.8984 -0.3563
vn -0.1414 0.7902 -0.5963
vn -0.2509 0.8084 -0.5326
vn -0.5221 -0.1082 -0.8460
vn -0.6035 -0.3595 -0.7118
vn -0.6775 -0.1294 -0.7240
vn -0.7608 -0.3225 -0.5632
vn -0.0446 0.5049 -0.8620
vn -0.2310 0.3378 -0.9124
vn 0.1271 0.6470 -0.7518
vn 0.2447 0.7747 -0.5830
vn 0.3260 0.8798 -0.3458
vn -0.4814 0.1315 -0.8666
vn -0.8494 -0.4059 -0.3373
vn -0.8213 -0.5492 -0.1544
vn -0.8254 -0.4667 -0.3176
vn -0.6788 -0.7314 -0.0651
vn -0.7979 -0.5020 -0.3335
vn -0.8805 -0.2061 -0.4269
vn -0.8736 -0.2434 -0.4215
vn -0.8637 -0.1878 -0.4677
vn -0.8470 -0.3861 -0.3654
vn -0.8293 -0.2695 -0.4895
vn -0.8182 -0.2709 -0.5071
vn -0.9568 -0.2876 0.0422
vn -0.8954 -0.4238 -0.1366
vn -0.9432 -0.2028 -0.2632
vn -0.9175 -0.0636 -0.3927
vn -0.9673 -0.1814 -0.1775
vn -0.8535 -0.5093 -0.1103
vn -0.8204 -0.5655 0.0839
vn -0.8912 -0.4341 -0.1315
vn -0.8771 -0.3205 -0.3577
vn -0.8586 -0.2627 -0.4402
vn -0.8279 -0.2624 -0.4958
vn -0.8326 -0.3680 -0.4139
vn -0.5903 -0.7160 0.3727
vn -0.5741 -0.5749 0.5830
vn -0.6633 -0.6489 0.3729
vn -0.7095 -0.5887 0.3874
vn -0.3941 -0.4535 0.7994
vn -0.2277 -0.3350 0.9143
vn -0.0930 -0.1386 0.9860
vn -0.1525 0.1234 0.9806
vn -0.3315 0.1257 0.9351
vn -0.2638 0.1324 0.9554
vn -0.3465 0.1109 0.9315
vn -0.3633 0.7193 0.5922
vn -0.5400 0.3955 0.7430
vn -0.4974 0.6496 0.5749
vn -0.5494 0.5313 0.6449
vn -0.4659 0.3060 0.8302
vn -0.3748 0.7517 0.5427
vn -0.2536 0.6683 0.6993
vn 0.0316 0.6572 0.7530
vn 0.2929 0.7758 0.5589
vn -0.2056 0.7163 0.6668
vn -0.0207 0.7665 0.6419
vn 0.3573 0.7033 0.6146
vn 0.1381 0.7936 0.5926
vn 0.2290 0.7712 0.5940
vn -0.3473 0.6244 0.6996
vn -0.4866 0.6499 0.5839
vn -0.6500 0.6003 0.4660
vn -0.4809 0.7603 0.4367
vn -0.4896 0.6790 0.5470
vn -0.6781 0.5948 0.4318
vn -0.8257 -0.5619 -0.0496
vn -0.8280 -0.5476 0.1207
vn -0.8565 -0.4706 -0.2122
vn -0.8554 -0.3669 -0.3656
vn -0.0149 0.8299 0.5578
vn 0.0571 0.9978 -0.0331
vn -0.1984 0.9800 0.0169
vn -0.2549 0.9669 -0.0127
vn 0.0094 0.9943 0.1061
vn -0.4043 0.8414 0.3585
vn -0.0804 0.8944 0.4399
vn -0.1637 0.9658 0.2012
vn -0.3066 0.7061 0.6383
vn -0.1024 0.7563 0.6462
vn -0.3012 0.7692 0.5636
vn -0.5873 0.6714 0.4519
vn -0.4337 0.8958 -0.0969
vn -0.5951 0.8035 0.0144
vn -0.5359 0.8442 0.0160
vn -0.3198 0.9475 0.0026
vn -0.4316 0.8974 0.0921
vn -0.3528 0.9322 -0.0809
vn -0.2845 0.8675 -0.4080
vn -0.3074 0.9344 -0.1802
vn -0.3912 0.9197 -0.0333
vn -0.3544 0.9332 -0.0601
vn -0.0742 0.8265 -0.5581
vn 0.0988 0.9283 -0.3583
vn -0.2136 0.8323 -0.5115
vn -0.7997 -0.1498 -0.5814
vn -0.6971 0.0957 -0.7106
vn -0.8635 -0.3176 -0.3918
vn -0.1071 0.5367 -0.8370
vn -0.0209 0.7156 -0.6982
vn -0.3302 0.4840 -0.8104
vn -0.4691 0.3275 -0.8202
vn -0.3742 0.4428 -0.8148
vn 0.1726 0.8577 -0.4844
vn 0.2240 0.9346 -0.2763
vn 0.3928 0.8306 -0.3946
vn -0.8580 -0.3697 -0.3565
vn -0.8374 -0.2889 -0.4641
vn -0.7499 -0.1988 -0.6310
vn -0.8437 -0.2914 -0.4509
vn -0.8695 -0.2594 -0.4203
vn -0.8963 -0.2305 -0.3788
vn -0.9077 -0.2096 -0.3636
vn -0.8432 -0.4248 -0.3295
vn -0.7355 -0.1689 -0.6561
vn -0.8539 -0.2400 -0.4617
vn -0.9670 -0.2329 -0.1037
vn -0.9008 -0.3983 -0.1731
vn -0.8427 -0.4977 -0.2052
vn -0.9220 -0.3410 -0.1832
vn -0.8806 -0.3960 -0.2604
vn -0.8210 -0.3697 -0.4351
vn -0.7808 -0.6213 0.0656
vn -0.9005 -0.3871 -0.1981
vn -0.7926 -0.6092 0.0264
vn -0.8303 -0.5054 -0.2350
vn -0.7751 -0.4213 -0.4709
vn -0.8396 -0.4129 -0.3529
vn -0.5224 -0.3604 0.7728
vn -0.6275 -0.4474 0.6373
vn -0.6949 -0.5574 0.4543
vn -0.8222 -0.5236 0.2234
vn -0.7372 -0.5089 0.4445
vn -0.8733 -0.4488 0.1896
vn -0.4137 -0.2327 0.8802
vn -0.2044 -0.0989 0.9739
vn -0.3654 -0.0447 0.9298
vn -0.2508 -0.0466 0.9669
vn -0.4605 -0.0817 0.8839
vn -0.4083 0.1577 0.8991
vn -0.3735 0.7916 0.4835
vn -0.5858 0.5637 0.5823
vn -0.3712 0.7380 0.5635
vn -0.5520 0.4906 0.6743
vn -0.4501 0.4007 0.7980
vn -0.7658 0.5214 0.3765
vn -0.7119 0.5107 0.4821
vn -0.4741 0.2947 0.8297
vn -0.3444 0.7299 0.5904
vn -0.1555 0.7910 0.5917
vn -0.4089 0.7270 0.5515
vn -0.2576 0.7774 0.5738
vn -0.5848 0.6508 0.4842
vn -0.5130 0.6666 0.5408
vn -0.6961 0.5853 0.4158
vn -0.2942 0.7563 0.5843
vn -0.3017 0.7391 0.6023
vn -0.5933 0.5861 0.5518
vn -0.5245 0.6873 0.5025
vn -0.5806 0.6056 0.5442
vn -0.3478 0.6831 0.6422
vn -0.6699 0.5942 0.4452
vn -0.9137 -0.3555 -0.1969
vn -0.4967 0.8679 0.0040
vn -0.5816 0.8134 -0.0059
vn -0.3349 0.9388 0.0805
vn -0.5782 0.8152 -0.0333
vn -0.7290 0.6102 0.3101
vn -0.5849 0.7781 0.2291
vn -0.4451 0.6888 0.5722
vn -0.6651 0.5529 0.5019
vn -0.7065 0.7043 0.0699
vn -0.5374 0.8430 0.0226
vn -0.4421 0.8965 -0.0278
vn -0.2805 0.9598 0.0122
vn -0.4606 0.8847 0.0722
vn -0.2522 0.9670 -0.0364
vn -0.3170 0.9423 0.1076
vn -0.1850 0.9400 -0.2867
vn -0.0892 0.9325 -0.3499
vn -0.2915 0.9470 -0.1350
vn -0.3809 0.9231 -0.0538
vn -0.2661 0.9594 -0.0938
vn -0.2758 0.9579 -0.0797
vn -0.8754 -0.1665 -0.4538
vn -0.7337 0.0751 -0.6754
vn -0.6666 0.2877 -0.6877
vn -0.1644 0.6188 -0.7681
vn -0.0828 0.8185 -0.5686
vn -0.3196 0.6713 -0.6687
vn -0.4794 0.5134 -0.7118
vn -0.6270 0.4147 -0.6595
vn -0.3353 0.6760 -0.6562
vn -0.0006 0.9596 -0.2815
vn 0.1098 0.9828 -0.1486
vn -0.8951 -0.1893 -0.4037
vn -0.8618 -0.2681 -0.4306
vn -0.9708 -0.1634 -0.1759
vn -0.8546 -0.2262 -0.4674
vn -0.9931 -0.0782 -0.0869
vn -0.9858 -0.0936 -0.1395
vn -0.9426 -0.2347 -0.2375
vn -0.8723 -0.4268 -0.2386
vn -0.9065 -0.4047 -0.1205
vn -0.9015 -0.3816 -0.2039
vn -0.9338 -0.2076 -0.2914
vn -0.9980 0.0381 0.0510
vn -0.9757 -0.1766 -0.1299
vn -0.7949 -0.6017 -0.0779
vn -0.8294 -0.5578 0.0310
vn -0.9224 -0.0485 -0.3831
vn -0.8878 -0.4544 -0.0733
vn -0.9369 -0.2595 -0.2342
vn -0.7954 -0.5120 -0.3244
vn -0.8033 -0.5694 -0.1745
vn -0.9494 -0.2004 -0.2417
vn -0.9764 -0.1600 -0.1451
vn -0.9223 -0.3373 -0.1887
vn -0.6006 -0.2393 0.7629
vn -0.7103 -0.3266 0.6235
vn -0.8132 -0.5816 -0.0224
vn -0.8807 -0.3557 0.3129
vn -0.8019 -0.3751 0.4651
vn -0.9239 -0.3808 -0.0384
vn -0.9375 -0.3117 0.1547
vn -0.6099 -0.0602 0.7902
vn -0.5775 0.1721 0.7980
vn -0.8504 0.4325 0.2995
vn -0.2923 0.6216 0.7268
vn -0.7318 0.4221 0.5351
vn -0.5414 0.4010 0.7389
vn -0.7905 0.2455 0.5611
vn -0.5872 0.2463 0.7710
vn -0.8666 0.3878 0.3140
vn -0.9589 0.2518 0.1308
vn -0.9094 0.3681 0.1938
vn -0.9300 0.1827 0.3189
vn -0.6373 0.1403 0.7577
vn -0.6992 0.1027 0.7075
vn -0.6810 0.5730 0.4560
vn -0.6747 0.5469 0.4956
vn -0.1201 0.7087 0.6953
vn -0.6703 0.6299 0.3923
vn -0.3723 0.7512 0.5450
vn -0.4072 0.8345 0.3712
vn -0.6391 0.7368 0.2204
vn -0.2314 0.7692 0.5956
vn -0.9632 -0.2623 -0.0588
vn -0.6762 0.7248 0.1317
vn -0.4230 0.9056 -0.0308
vn -0.3856 0.9226 -0.0127
vn -0.3752 0.9114 0.1689
vn -0.0526 0.9948 -0.0875
vn -0.1401 0.9846 -0.1042
vn -0.3050 0.9382 -0.1637
vn -0.3045 0.9196 -0.2482
vn -0.3109 0.9213 -0.2334
vn -0.4632 0.7997 -0.3820
vn -0.1658 0.9824 -0.0856
vn 0.0018 0.9973 -0.0736
vn -0.4355 0.9001 -0.0109
vn -0.2406 0.9687 -0.0612
vn -0.5476 0.8310 -0.0975
vn -0.1792 0.9790 -0.0967
vn -0.3706 0.9036 -0.2147
vn -0.4407 0.8628 -0.2475
vn -0.9087 -0.0231 -0.4168
vn -0.8803 0.0861 -0.4665
vn -0.7280 0.3477 -0.5909
vn -0.8215 0.2750 -0.4995
vn -0.6352 0.5917 -0.4965
vn -0.6141 0.6348 -0.4690
vn -0.1283 0.8619 -0.4907
vn 0.0245 0.9779 -0.2076
vn -0.2525 0.7724 -0.5828
vn -0.4849 0.6874 -0.5407
vn -0.1836 0.8848 -0.4282
vn -0.9059 0.1127 -0.4082
vn -0.9964 -0.0836 0.0109
vn -0.9969 0.0785 -0.0013
vn -0.9998 -0.0145 0.0120
vn -0.9851 0.1088 0.1332
vn -0.9985 0.0460 0.0299
vn -0.9956 -0.0877 -0.0328
vn -0.9813 0.0706 0.1789
vn -0.9810 -0.1905 0.0363
vn -0.9805 -0.1617 0.1113
vn -0.9513 -0.1264 -0.2810
vn -0.9879 -0.1490 -0.0438
vn -0.9699 0.1061 -0.2192
vn -0.9944 0.1016 0.0283
vn -0.9892 0.1302 -0.0669
vn -0.9906 0.0064 -0.1365
vn -0.9656 -0.0634 -0.2522
vn -0.9963 -0.0606 -0.0613
vn -0.8496 -0.5263 -0.0345
vn -0.7845 -0.6200 -0.0166
vn -0.9083 -0.4144 -0.0563
vn -0.9380 -0.3207 -0.1317
vn -0.9543 -0.0798 -0.2881
vn -0.9233 0.1698 -0.3444
vn -0.9599 -0.1309 -0.2478
vn -0.9425 0.0170 -0.3339
vn -0.9773 -0.1938 -0.0859
vn -0.9944 0.0814 -0.0671
vn -0.9913 -0.0187 -0.1305
vn -0.9974 0.0512 -0.0507
vn -0.7491 -0.0999 0.6549
vn -0.8425 -0.1956 0.5020
vn -0.9331 -0.0994 0.3455
vn -0.9794 -0.0942 0.1786
vn -0.9712 0.1672 0.1696
vn -0.8736 0.3341 0.3539
vn -0.2463 0.5902 0.7688
vn -0.4238 0.3822 0.8211
vn 0.0452 0.6844 0.7277
vn -0.0482 0.6297 0.7754
vn -0.3314 0.6240 0.7077
vn -0.6668 0.2823 0.6896
vn -0.8396 0.1826 0.5116
vn -0.7873 -0.0168 0.6164
vn -0.9860 0.0456 0.1604
vn -0.6922 -0.0681 0.7185
vn -0.0114 0.7199 0.6940
vn -0.0050 0.7367 0.6762
vn -0.1411 0.8071 0.5732
vn -0.2435 0.8942 0.3756
vn -0.0112 0.9943 0.1058
vn -0.4697 0.8804 -0.0650
vn 0.0265 0.7726 0.6343
vn -0.1997 0.9554 -0.2176
vn 0.1188 0.9388 -0.3234
vn -0.2075 0.9779 -0.0245
vn 0.0620 0.9981 -0.0030
vn -0.5453 0.8308 -0.1114
vn -0.6386 0.7480 -0.1808
vn -0.6398 0.7132 -0.2862
vn -0.5379 0.7768 -0.3273
vn -0.6525 0.7029 -0.2831
vn -0.5668 0.7235 -0.3940
vn -0.4213 0.8518 -0.3115
vn -0.6588 0.5667 -0.4949
vn -0.0388 0.9956 -0.0855
vn -0.3467 0.9062 -0.2420
vn -0.4594 0.8838 -0.0884
vn -0.6633 0.7387 -0.1200
vn -0.0284 0.9495 -0.3125
vn -0.7796 0.5959 -0.1925
vn -0.5404 0.8198 -0.1893
vn -0.7368 0.6437 -0.2067
vn -0.7929 0.5654 -0.2275
vn -0.9143 0.2135 -0.3442
vn -0.8629 0.2842 -0.4179
vn -0.7367 0.5088 -0.4455
vn -0.5381 0.7516 -0.3816
vn -0.8476 0.4537 -0.2753
vn -0.8498 0.3936 -0.3507
vn -0.9460 0.2143 0.2434
vn -0.9177 0.2015 0.3424
vn -0.9698 -0.0389 0.2406
vn -0.9387 -0.1505 0.3100
vn -0.8860 -0.0378 0.4621
vn -0.9778 -0.0542 0.2024
vn -0.9626 0.2649 0.0571
vn -0.9959 0.0712 -0.0549
vn -0.9673 0.2104 -0.1415
vn -0.9674 0.2532 -0.0034
vn -0.9920 0.1259 -0.0080
vn -0.9778 0.0692 -0.1980
vn -0.9733 -0.0452 -0.2251
vn -0.9938 0.0038 -0.1113
vn -0.9953 -0.0061 -0.0966
vn -0.9726 0.0753 0.2199
vn -0.9226 -0.3294 -0.2009
vn -0.9691 -0.2435 -0.0403
vn -0.9731 -0.2063 -0.1027
vn -0.9842 -0.0664 -0.1641
vn -0.8886 0.2364 -0.3932
vn -0.9353 0.1900 -0.2987
vn -0.9832 0.0837 -0.1621
vn -0.9965 0.0739 0.0383
vn -0.9928 0.1055 0.0561
vn -0.9906 0.1148 -0.0746
vn -0.9736 0.1595 -0.1634
vn -0.9914 0.0890 -0.0963
vn -0.9600 0.2489 -0.1283
vn -0.6391 0.3446 0.6876
vn -0.5292 0.5015 0.6845
vn -0.7200 0.1692 0.6731
vn -0.0794 0.6535 0.7527
vn -0.3081 0.7149 0.6276
vn -0.1559 0.7208 0.6754
vn -0.3434 0.5517 0.7601
vn -0.2997 0.5903 0.7494
vn -0.5134 0.3952 0.7618
vn -0.8033 -0.0292 0.5948
vn -0.8867 0.0971 0.4521
vn -0.0658 0.8315 0.5516
vn -0.2375 0.7412 0.6279
vn -0.3837 0.7490 0.5402
vn -0.0172 0.8500 0.5264
vn -0.0699 0.9474 0.3122
vn 0.2022 0.9309 0.3042
vn 0.0845 0.9516 0.2955
vn -0.0057 0.9907 0.1362
vn -0.2187 0.9312 -0.2917
vn -0.5369 0.8135 -0.2237
vn -0.3572 0.9272 -0.1124
vn -0.4839 0.8527 -0.1969
vn -0.2600 0.9656 0.0029
vn -0.5684 0.8227 -0.0055
vn -0.5971 0.7999 -0.0601
vn -0.2409 0.9692 0.0506
vn -0.7649 0.6275 -0.1452
vn -0.7190 0.6543 -0.2345
vn -0.8155 0.4485 -0.3658
vn -0.7341 0.5248 -0.4310
vn -0.8311 0.5128 -0.2150
vn -0.7284 0.6348 -0.2578
vn -0.8876 0.3339 -0.3175
vn -0.7132 0.6186 -0.3297
vn -0.8854 0.3958 -0.2437
vn -0.8720 0.4532 -0.1848
vn -0.9178 0.0492 0.3940
vn -0.8950 0.0499 0.4433
vn -0.7703 0.1811 0.6114
vn -0.8745 0.0710 0.4798
vn -0.8283 0.2060 0.5211
vn -0.9728 0.0860 -0.2149
vn -0.9896 0.1365 0.0459
vn -0.9910 0.0712 -0.1132
vn -0.9926 0.0737 0.0962
vn -0.9452 0.2427 0.2186
vn -0.8765 0.3768 0.2997
vn -0.7410 0.3926 0.5447
vn -0.9798 -0.1462 -0.1367
vn -0.9617 0.2065 -0.1803
vn -0.9840 0.1532 -0.0904
vn -0.9636 0.2646 -0.0375
vn -0.9943 0.1039 -0.0246
vn -0.9095 0.4054 -0.0916
vn -0.9541 0.1532 -0.2572
vn -0.9412 0.3113 -0.1310
vn -0.9934 0.1132 -0.0201
vn -0.9505 0.3104 -0.0128
vn -0.9362 0.3498 0.0334
vn -0.9510 0.2234 -0.2137
vn -0.8972 0.4397 0.0404
vn -0.9074 0.4139 -0.0737
vn -0.8025 0.5949 0.0458
vn -0.6200 0.5309 0.5776
vn -0.5044 0.6078 0.6133
vn -0.7717 0.5092 0.3810
vn -0.6481 0.6231 0.4379
vn -0.4572 0.4678 0.7564
vn -0.5993 0.2910 0.7457
vn -0.4238 0.7944 0.4351
vn -0.2676 0.8500 0.4537
vn -0.7080 0.6167 0.3442
vn -0.5853 0.6909 0.4244
vn -0.8144 0.5504 0.1838
vn -0.0943 0.9302 0.3547
vn -0.2476 0.9378 0.2435
vn -0.6137 0.7291 -0.3030
vn -0.7503 0.6556 -0.0854
vn -0.8482 0.4988 -0.1781
vn -0.3718 0.9283 -0.0087
vn -0.6936 0.7059 -0.1436
vn -0.7661 0.6167 -0.1811
vn -0.7916 0.6097 -0.0398
vn -0.8158 0.5593 -0.1471
vn -0.6178 0.7860 0.0222
vn -0.4510 0.8870 0.0990
vn -0.8268 0.5328 -0.1805
vn -0.8834 0.4456 -0.1450
vn -0.9760 0.1824 -0.1190
vn -0.9501 0.3070 0.0555
vn -0.9054 0.4156 0.0873
vn -0.9666 0.2523 -0.0454
vn -0.9190 0.3644 0.1506
vn -0.9316 0.3471 0.1079
vn -0.8009 0.5480 0.2413
vn -0.8345 0.5367 0.1247
vn -0.7889 0.6014 0.1261
vn -0.7406 0.6476 0.1793
vn -0.6520 0.7420 0.1560
vn -0.6662 0.6924 0.2770
vn -0.5531 0.7708 0.3161
vn -0.4432 0.8518 0.2792
s 1
f 1//1 2//2 3//3
f 1//1 3//3 4//4
f 2//2 1//1 5//5
f 4//4 6//6 1//1
f 1//1 6//6 5//5
f 2//2 7//7 3//3
f 5//5 8//8 2//2
f 9//9 2//2 8//8
f 7//7 2//2 9//9
f 10//10 4//4 3//3
f 11//11 12//12 3//3
f 3//3 12//12 10//10
f 7//7 11//11 3//3
f 4//4 13//13 6//6
f 14//14 13//13 4//4
f 15//15 14//14 4//4
f 15//15 4//4 10//10
f 16//16 8//8 5//5
f 6//6 17//17 5//5
f 16//16 5//5 18//18
f 19//19 5//5 17//17
f 18//18 5//5 19//19
f 17//17 6//6 20//20
f 13//13 20//20 6//6
f 9//9 21//21 7//7
f 7//7 21//21 22//22
f 7//7 22//22 11//11
f 8//8 16//16 23//23
f 24//24 8//8 23//23
f 9//9 8//8 24//24
f 25//25 9//9 24//24
f 21//21 9//9 25//25
f 26//26 15//15 10//10
f 27//27 10//10 12//12
f 26//26 10//10 27//27
f 22//22 12//12 11//11
f 22//22 27//27 12//12
f 13//13 14//14 28//28
f 13//13 28//28 20//20
f 29//29 14//14 15//15
f 30//30 28//28 14//14
f 31//31 30//30 14//14
f 31//31 14//14 29//29
f 32//32 29//29 15//15
f 32//32 15//15 26//26
f 23//23 16//16 18//18
f 33//33 19//19 17//17
f 17//17 20//20 34//34
f 33//33 17//17 34//34
f 23//23 18//18 35//35
f 36//36 37//37 18//18
f 18//18 19//19 38//38
f 18//18 38//38 36//36
f 35//35 18//18 37//37
f 39//39 19//19 33//33
f 38//38 19//19 39//39
f 34//34 20//20 40//40
f 20//20 28//28 40//40
f 21//21 41//41 22//22
f 42//42 21//21 25//25
f 41//41 21//21 42//42
f 43//43 27//27 22//22
f 22//22 41//41 43//43
f 44//44 23//23 45//45
f 24//24 23//23 44//44
f 35//35 45//45 23//23
f 46//46 24//24 44//44
f 25//25 24//24 46//46
f 46//46 42//42 25//25
f 47//47 32//32 26//26
f 48//48 26//26 27//27
f 47//47 26//26 48//48
f 48//48 27//27 43//43
f 40//40 28//28 30//30
f 49//49 29//29 32//32
f 29//29 49//49 31//31
f 50//50 51//51 30//30
f 30//30 31//31 50//50
f 30//30 52//52 40//40
f 30//30 51//51 52//52
f 53//53 50//50 31//31
f 54//54 31//31 49//49
f 53//53 31//31 54//54
f 55//55 49//49 32//32
f 55//55 32//32 47//47
f 56//56 33//33 34//34
f 33//33 56//56 39//39
f 34//34 57//57 58//58
f 34//34 59//59 56//56
f 34//34 40//40 60//60
f 61//61 57//57 34//34
f 34//34 60//60 61//61
f 34//34 58//58 59//59
f 45//45 35//35 62//62
f 37//37 62//62 35//35
f 37//37 36//36 63//63
f 38//38 64//64 36//36
f 36//36 64//64 65//65
f 65//65 63//63 36//36
f 62//62 37//37 63//63
f 64//64 38//38 39//39
f 39//39 66//66 64//64
f 39//39 67//67 66//66
f 39//39 56//56 68//68
f 39//39 68//68 69//69
f 69//69 67//67 39//39
f 60//60 40//40 52//52
f 41//41 48//48 43//43
f 42//42 70//70 41//41
f 48//48 41//41 70//70
f 42//42 46//46 71//71
f 72//72 70//70 42//42
f 42//42 71//71 72//72
f 44//44 45//45 73//73
f 73//73 46//46 44//44
f 74//74 73//73 45//45
f 74//74 45//45 62//62
f 75//75 71//71 46//46
f 75//75 46//46 73//73
f 76//76 55//55 47//47
f 48//48 76//76 47//47
f 70//70 76//76 48//48
f 49//49 77//77 54//54
f 77//77 49//49 55//55
f 78//78 51//51 50//50
f 79//79 78//78 50//50
f 79//79 50//50 53//53
f 80//80 51//51 78//78
f 51//51 80//80 81//81
f 52//52 51//51 82//82
f 82//82 51//51 81//81
f 83//83 52//52 82//82
f 84//84 52//52 83//83
f 52//52 84//84 60//60
f 85//85 79//79 53//53
f 86//86 53//53 54//54
f 85//85 53//53 86//86
f 87//87 54//54 77//77
f 88//88 54//54 87//87
f 86//86 54//54 88//88
f 55//55 87//87 77//77
f 68//68 56//56 59//59
f 57//57 89//89 58//58
f 89//89 57//57 61//61
f 59//59 58//58 89//89
f 68//68 59//59 90//90
f 59//59 89//89 90//90
f 61//61 60//60 91//91
f 60//60 84//84 91//91
f 61//61 91//91 92//92
f 89//89 61//61 92//92
f 62//62 93//93 74//74
f 63//63 93//93 62//62
f 63//63 65//65 94//94
f 93//93 63//63 94//94
f 95//95 65//65 64//64
f 95//95 64//64 66//66
f 96//96 65//65 97//97
f 95//95 97//97 65//65
f 96//96 94//94 65//65
f 95//95 66//66 98//98
f 98//98 66//66 67//67
f 99//99 67//67 69//69
f 67//67 99//99 98//98
f 100//100 69//69 68//68
f 90//90 100//100 68//68
f 99//99 69//69 100//100
f 101//101 76//76 70//70
f 102//102 70//70 72//72
f 101//101 70//70 102//102
f 103//103 71//71 75//75
f 104//104 72//72 71//71
f 71//71 103//103 104//104
f 105//105 102//102 72//72
f 106//106 105//105 72//72
f 104//104 106//106 72//72
f 74//74 75//75 73//73
f 75//75 74//74 107//107
f 108//108 107//107 74//74
f 74//74 93//93 109//109
f 108//108 74//74 109//109
f 103//103 75//75 107//107
f 110//110 87//87 55//55
f 101//101 55//55 76//76
f 110//110 55//55 101//101
f 80//80 78//78 111//111
f 111//111 78//78 79//79
f 112//112 79//79 85//85
f 111//111 79//79 112//112
f 111//111 81//81 80//80
f 82//82 81//81 113//113
f 81//81 111//111 114//114
f 113//113 81//81 114//114
f 83//83 82//82 113//113
f 83//83 113//113 115//115
f 91//91 84//84 83//83
f 91//91 83//83 115//115
f 85//85 116//116 117//117
f 85//85 117//117 118//118
f 116//116 85//85 86//86
f 118//118 112//112 85//85
f 119//119 86//86 88//88
f 116//116 86//86 119//119
f 88//88 87//87 110//110
f 110//110 119//119 88//88
f 92//92 120//120 89//89
f 89//89 120//120 90//90
f 121//121 90//90 120//120
f 90//90 122//122 123//123
f 90//90 123//123 100//100
f 124//124 90//90 121//121
f 122//122 90//90 124//124
f 92//92 91//91 115//115
f 92//92 115//115 125//125
f 125//125 120//120 92//92
f 126//126 93//93 94//94
f 93//93 126//126 109//109
f 126//126 94//94 96//96
f 98//98 127//127 95//95
f 95//95 127//127 97//97
f 97//97 127//127 96//96
f 96//96 127//127 128//128
f 128//128 129//129 96//96
f 126//126 96//96 129//129
f 130//130 127//127 98//98
f 131//131 132//132 98//98
f 98//98 99//99 131//131
f 133//133 130//130 98//98
f 98//98 132//132 133//133
f 134//134 135//135 99//99
f 99//99 136//136 131//131
f 100//100 137//137 99//99
f 99//99 137//137 134//134
f 135//135 136//136 99//99
f 138//138 100//100 123//123
f 137//137 100//100 138//138
f 139//139 110//110 101//101
f 102//102 139//139 101//101
f 105//105 139//139 102//102
f 140//140 103//103 108//108
f 140//140 104//104 103//103
f 107//107 108//108 103//103
f 106//106 104//104 141//141
f 141//141 104//104 140//140
f 105//105 142//142 139//139
f 142//142 105//105 143//143
f 106//106 144//144 105//105
f 144//144 143//143 105//105
f 106//106 141//141 145//145
f 146//146 106//106 147//147
f 146//146 144//144 106//106
f 145//145 147//147 106//106
f 108//108 148//148 140//140
f 108//108 149//149 148//148
f 109//109 149//149 108//108
f 126//126 150//150 109//109
f 109//109 150//150 151//151
f 152//152 149//149 109//109
f 109//109 151//151 152//152
f 142//142 119//119 110//110
f 110//110 139//139 142//142
f 153//153 111//111 112//112
f 118//118 153//153 112//112
f 154//154 114//114 111//111
f 111//111 153//153 154//154
f 155//155 113//113 114//114
f 156//156 115//115 113//113
f 113//113 155//155 157//157
f 158//158 113//113 159//159
f 113//113 158//158 156//156
f 159//159 113//113 157//157
f 160//160 114//114 154//154
f 114//114 160//160 155//155
f 115//115 156//156 125//125
f 116//116 161//161 117//117
f 161//161 116//116 119//119
f 117//117 162//162 163//163
f 163//163 118//118 117//117
f 164//164 117//117 161//161
f 162//162 117//117 164//164
f 153//153 118//118 165//165
f 165//165 118//118 163//163
f 119//119 142//142 143//143
f 119//119 143//143 161//161
f 166//166 120//120 125//125
f 167//167 120//120 166//166
f 120//120 167//167 121//121
f 167//167 168//168 121//121
f 124//124 121//121 168//168
f 123//123 122//122 138//138
f 169//169 122//122 124//124
f 138//138 122//122 169//169
f 170//170 124//124 168//168
f 124//124 170//170 169//169
f 125//125 171//171 166//166
f 125//125 158//158 171//171
f 156//156 158//158 125//125
f 129//129 150//150 126//126
f 127//127 130//130 128//128
f 128//128 130//130 172//172
f 129//129 128//128 173//173
f 172//172 173//173 128//128
f 174//174 150//150 129//129
f 174//174 129//129 173//173
f 130//130 133//133 172//172
f 175//175 132//132 131//131
f 175//175 131//131 136//136
f 176//176 132//132 175//175
f 132//132 177//177 133//133
f 132//132 176//176 177//177
f 172//172 133//133 173//173
f 133//133 177//177 173//173
f 135//135 134//134 178//178
f 178//178 134//134 137//137
f 178//178 179//179 135//135
f 180//180 135//135 179//179
f 136//136 135//135 180//180
f 136//136 181//181 175//175
f 180//180 181//181 136//136
f 138//138 178//178 137//137
f 138//138 182//182 178//178
f 182//182 138//138 169//169
f 148//148 183//183 140//140
f 140//140 183//183 141//141
f 141//141 183//183 145//145
f 143//143 184//184 161//161
f 143//143 144//144 184//184
f 185//185 184//184 144//144
f 146//146 186//186 144//144
f 185//185 144//144 186//186
f 187//187 145//145 152//152
f 152//152 145//145 188//188
f 145//145 189//189 147//147
f 188//188 145//145 183//183
f 189//189 145//145 187//187
f 147//147 190//190 146//146
f 186//186 146//146 190//190
f 147//147 191//191 190//190
f 191//191 147//147 192//192
f 192//192 147//147 193//193
f 194//194 195//195 147//147
f 147//147 189//189 194//194
f 195//195 193//193 147//147
f 183//183 148//148 149//149
f 188//188 183//183 149//149
f 188//188 149//149 152//152
f 151//151 150//150 174//174
f 196//196 151//151 174//174
f 197//197 151//151 196//196
f 152//152 151//151 197//197
f 152//152 197//197 187//187
f 165//165 154//154 153//153
f 154//154 165//165 198//198
f 198//198 160//160 154//154
f 160//160 198//198 155//155
f 155//155 198//198 199//199
f 200//200 157//157 155//155
f 155//155 199//199 200//200
f 159//159 157//157 201//201
f 200//200 202//202 157//157
f 157//157 202//202 201//201
f 159//159 203//203 158//158
f 171//171 158//158 203//203
f 201//201 204//204 159//159
f 203//203 159//159 204//204
f 184//184 164//164 161//161
f 162//162 205//205 163//163
f 206//206 205//205 162//162
f 206//206 162//162 164//164
f 207//207 163//163 205//205
f 207//207 165//165 163//163
f 184//184 185//185 164//164
f 164//164 185//185 206//206
f 165//165 207//207 208//208
f 208//208 198//198 165//165
f 166//166 171//171 209//209
f 166//166 209//209 210//210
f 211//211 167//167 166//166
f 211//211 166//166 210//210
f 211//211 168//168 167//167
f 168//168 211//211 170//170
f 169//169 212//212 182//182
f 169//169 213//213 214//214
f 213//213 169//169 170//170
f 212//212 169//169 214//214
f 213//213 170//170 215//215
f 216//216 170//170 211//211
f 170//170 216//216 217//217
f 215//215 170//170 217//217
f 171//171 203//203 218//218
f 219//219 209//209 171//171
f 171//171 218//218 220//220
f 220//220 219//219 171//171
f 221//221 174//174 173//173
f 173//173 222//222 221//221
f 173//173 177//177 222//222
f 174//174 221//221 223//223
f 196//196 174//174 223//223
f 176//176 175//175 181//181
f 224//224 176//176 181//181
f 225//225 226//226 176//176
f 227//227 225//225 176//176
f 176//176 224//224 227//227
f 176//176 226//226 177//177
f 222//222 177//177 226//226
f 178//178 182//182 179//179
f 228//228 179//179 229//229
f 179//179 228//228 180//180
f 179//179 182//182 229//229
f 180//180 230//230 181//181
f 230//230 180//180 228//228
f 181//181 230//230 231//231
f 181//181 231//231 224//224
f 229//229 182//182 212//212
f 185//185 232//232 233//233
f 233//233 206//206 185//185
f 186//186 232//232 185//185
f 186//186 234//234 232//232
f 190//190 235//235 186//186
f 186//186 235//235 234//234
f 187//187 236//236 237//237
f 187//187 197//197 238//238
f 187//187 238//238 236//236
f 187//187 194//194 189//189
f 187//187 237//237 194//194
f 191//191 239//239 190//190
f 240//240 235//235 190//190
f 240//240 190//190 239//239
f 241//241 191//191 192//192
f 239//239 191//191 242//242
f 242//242 191//191 241//241
f 192//192 243//243 241//241
f 193//193 243//243 192//192
f 193//193 244//244 245//245
f 245//245 243//243 193//193
f 244//244 193//193 195//195
f 246//246 195//195 194//194
f 194//194 237//237 246//246
f 247//247 195//195 246//246
f 248//248 195//195 247//247
f 195//195 249//249 244//244
f 248//248 249//249 195//195
f 223//223 197//197 196//196
f 197//197 223//223 238//238
f 208//208 250//250 198//198
f 199//199 198//198 251//251
f 251//251 198//198 250//250
f 199//199 251//251 252//252
f 252//252 253//253 199//199
f 200//200 199//199 253//253
f 202//202 200//200 254//254
f 253//253 254//254 200//200
f 204//204 201//201 255//255
f 202//202 256//256 201//201
f 201//201 256//256 255//255
f 254//254 256//256 202//202
f 257//257 203//203 204//204
f 218//218 203//203 257//257
f 255//255 257//257 204//204
f 205//205 206//206 258//258
f 259//259 207//207 205//205
f 259//259 205//205 258//258
f 258//258 206//206 233//233
f 208//208 207//207 259//259
f 260//260 250//250 208//208
f 260//260 208//208 259//259
f 261//261 209//209 262//262
f 210//210 209//209 261//261
f 209//209 219//219 262//262
f 210//210 261//261 211//211
f 216//216 211//211 263//263
f 211//211 261//261 264//264
f 211//211 264//264 263//263
f 214//214 265//265 212//212
f 229//229 212//212 265//265
f 266//266 214//214 213//213
f 266//266 213//213 215//215
f 267//267 265//265 214//214
f 214//214 266//266 267//267
f 268//268 269//269 215//215
f 270//270 271//271 215//215
f 266//266 215//215 269//269
f 268//268 215//215 271//271
f 217//217 270//270 215//215
f 270//270 217//217 216//216
f 263//263 272//272 216//216
f 273//273 216//216 272//272
f 270//270 216//216 273//273
f 220//220 218//218 274//274
f 218//218 257//257 275//275
f 275//275 276//276 218//218
f 276//276 277//277 218//218
f 274//274 218//218 277//277
f 274//274 219//219 220//220
f 274//274 262//262 219//219
f 223//223 221//221 238//238
f 238//238 221//221 278//278
f 222//222 278//278 221//221
f 226//226 279//279 222//222
f 279//279 278//278 222//222
f 280//280 227//227 224//224
f 281//281 224//224 231//231
f 280//280 224//224 281//281
f 226//226 225//225 279//279
f 279//279 225//225 282//282
f 225//225 227//227 283//283
f 225//225 283//283 282//282
f 284//284 283//283 227//227
f 227//227 280//280 284//284
f 228//228 229//229 285//285
f 286//286 228//228 287//287
f 228//228 285//285 288//288
f 228//228 288//288 287//287
f 286//286 230//230 228//228
f 289//289 290//290 229//229
f 285//285 229//229 290//290
f 289//289 229//229 265//265
f 231//231 230//230 286//286
f 231//231 286//286 281//281
f 291//291 233//233 232//232
f 232//232 292//292 291//291
f 234//234 292//292 232//232
f 258//258 233//233 291//291
f 292//292 234//234 235//235
f 235//235 240//240 293//293
f 235//235 293//293 292//292
f 236//236 294//294 237//237
f 295//295 294//294 236//236
f 236//236 238//238 282//282
f 236//236 282//282 296//296
f 296//296 295//295 236//236
f 246//246 237//237 294//294
f 279//279 282//282 238//238
f 238//238 278//278 279//279
f 242//242 240//240 239//239
f 297//297 240//240 298//298
f 293//293 240//240 297//297
f 298//298 240//240 242//242
f 242//242 241//241 243//243
f 299//299 298//298 242//242
f 300//300 242//242 301//301
f 243//243 301//301 242//242
f 302//302 299//299 242//242
f 302//302 242//242 300//300
f 245//245 301//301 243//243
f 244//244 303//303 245//245
f 249//249 304//304 244//244
f 304//304 303//303 244//244
f 245//245 305//305 306//306
f 305//305 245//245 303//303
f 306//306 301//301 245//245
f 307//307 246//246 294//294
f 246//246 307//307 247//247
f 247//247 307//307 308//308
f 247//247 309//309 310//310
f 247//247 308//308 309//309
f 311//311 248//248 247//247
f 310//310 311//311 247//247
f 249//249 248//248 312//312
f 312//312 248//248 311//311
f 313//313 249//249 312//312
f 304//304 249//249 313//313
f 260//260 251//251 250//250
f 252//252 251//251 260//260
f 260//260 253//253 252//252
f 314//314 254//254 253//253
f 253//253 315//315 314//314
f 315//315 253//253 260//260
f 314//314 316//316 254//254
f 256//256 254//254 316//316
f 255//255 317//317 257//257
f 255//255 318//318 317//317
f 256//256 318//318 255//255
f 318//318 256//256 319//319
f 256//256 316//316 319//319
f 257//257 317//317 320//320
f 257//257 320//320 275//275
f 321//321 258//258 291//291
f 321//321 322//322 258//258
f 322//322 259//259 258//258
f 322//322 260//260 259//259
f 260//260 322//322 315//315
f 323//323 261//261 262//262
f 323//323 264//264 261//261
f 262//262 324//324 323//323
f 324//324 262//262 274//274
f 264//264 325//325 263//263
f 263//263 325//325 272//272
f 323//323 325//325 264//264
f 265//265 267//267 289//289
f 326//326 267//267 266//266
f 326//326 266//266 269//269
f 289//289 267//267 326//326
f 327//327 269//269 268//268
f 271//271 273//273 268//268
f 328//328 268//268 329//329
f 268//268 273//273 329//329
f 327//327 268//268 328//328
f 327//327 330//330 269//269
f 326//326 269//269 330//330
f 273//273 271//271 270//270
f 272//272 325//325 331//331
f 332//332 273//273 272//272
f 333//333 332//332 272//272
f 272//272 331//331 333//333
f 334//334 273//273 332//332
f 334//334 329//329 273//273
f 274//274 277//277 335//335
f 335//335 336//336 274//274
f 324//324 274//274 336//336
f 275//275 337//337 276//276
f 320//320 338//338 275//275
f 338//338 339//339 275//275
f 275//275 339//339 337//337
f 340//340 276//276 337//337
f 277//277 276//276 340//340
f 277//277 341//341 335//335
f 341//341 277//277 342//342
f 340//340 342//342 277//277
f 343//343 280//280 281//281
f 280//280 344//344 345//345
f 280//280 343//343 344//344
f 345//345 284//284 280//280
f 346//346 343//343 281//281
f 281//281 286//286 347//347
f 281//281 347//347 346//346
f 282//282 283//283 348//348
f 296//296 282//282 348//348
f 283//283 284//284 348//348
f 348//348 284//284 295//295
f 349//349 295//295 284//284
f 284//284 345//345 349//349
f 290//290 288//288 285//285
f 286//286 287//287 350//350
f 347//347 286//286 350//350
f 287//287 288//288 290//290
f 287//287 290//290 351//351
f 352//352 287//287 353//353
f 350//350 287//287 352//352
f 351//351 353//353 287//287
f 289//289 354//354 290//290
f 355//355 356//356 289//289
f 355//355 289//289 326//326
f 356//356 354//354 289//289
f 351//351 290//290 354//354
f 291//291 292//292 297//297
f 297//297 321//321 291//291
f 297//297 292//292 293//293
f 294//294 295//295 357//357
f 294//294 357//357 358//358
f 307//307 294//294 358//358
f 295//295 349//349 357//357
f 296//296 348//348 295//295
f 359//359 297//297 298//298
f 297//297 360//360 315//315
f 315//315 321//321 297//297
f 359//359 360//360 297//297
f 361//361 359//359 298//298
f 361//361 298//298 299//299
f 299//299 362//362 361//361
f 362//362 299//299 302//302
f 300//300 301//301 306//306
f 300//300 363//363 364//364
f 300//300 365//365 302//302
f 364//364 365//365 300//300
f 306//306 366//366 300//300
f 363//363 300//300 366//366
f 302//302 365//365 362//362
f 305//305 303//303 304//304
f 313//313 305//305 304//304
f 366//366 306//306 305//305
f 367//367 305//305 313//313
f 366//366 305//305 367//367
f 368//368 307//307 358//358
f 308//308 307//307 368//368
f 369//369 370//370 308//308
f 308//308 368//368 369//369
f 370//370 309//309 308//308
f 310//310 309//309 370//370
f 310//310 371//371 311//311
f 371//371 310//310 372//372
f 373//373 372//372 310//310
f 310//310 370//370 373//373
f 311//311 374//374 312//312
f 374//374 311//311 371//371
f 374//374 313//313 312//312
f 313//313 375//375 367//367
f 374//374 376//376 313//313
f 375//375 313//313 376//376
f 314//314 315//315 360//360
f 360//360 377//377 314//314
f 377//377 316//316 314//314
f 315//315 322//322 321//321
f 378//378 316//316 377//377
f 316//316 378//378 319//319
f 317//317 338//338 320//320
f 338//338 317//317 318//318
f 338//338 318//318 379//379
f 379//379 318//318 319//319
f 319//319 380//380 379//379
f 319//319 378//378 380//380
f 331//331 325//325 323//323
f 323//323 324//324 381//381
f 382//382 323//323 381//381
f 331//331 323//323 382//382
f 336//336 381//381 324//324
f 326//326 330//330 355//355
f 383//383 330//330 327//327
f 384//384 383//383 327//327
f 328//328 384//384 327//327
f 329//329 385//385 328//328
f 386//386 387//387 328//328
f 388//388 384//384 328//328
f 328//328 385//385 386//386
f 387//387 388//388 328//328
f 334//334 385//385 329//329
f 389//389 355//355 330//330
f 330//330 383//383 389//389
f 333//333 331//331 390//390
f 390//390 331//331 382//382
f 390//390 391//391 332//332
f 332//332 333//333 390//390
f 332//332 392//392 334//334
f 392//392 332//332 393//393
f 332//332 391//391 393//393
f 385//385 334//334 394//394
f 334//334 395//395 396//396
f 392//392 397//397 334//334
f 394//394 334//334 396//396
f 395//395 334//334 397//397
f 335//335 341//341 398//398
f 399//399 335//335 398//398
f 399//399 336//336 335//335
f 400//400 336//336 399//399
f 381//381 336//336 400//400
f 339//339 401//401 337//337
f 337//337 401//401 402//402
f 337//337 402//402 340//340
f 339//339 338//338 403//403
f 403//403 338//338 379//379
f 403//403 401//401 339//339
f 404//404 340//340 402//402
f 340//340 404//404 342//342
f 342//342 405//405 341//341
f 398//398 341//341 405//405
f 404//404 406//406 342//342
f 342//342 406//406 407//407
f 342//342 407//407 405//405
f 344//344 343//343 346//346
f 408//408 345//345 344//344
f 408//408 344//344 346//346
f 408//408 349//349 345//345
f 347//347 409//409 346//346
f 346//346 409//409 410//410
f 346//346 410//410 408//408
f 347//347 411//411 409//409
f 350//350 412//412 347//347
f 412//412 411//411 347//347
f 408//408 357//357 349//349
f 352//352 413//413 350//350
f 412//412 350//350 413//413
f 414//414 353//353 351//351
f 414//414 351//351 415//415
f 351//351 354//354 415//415
f 353//353 416//416 352//352
f 413//413 352//352 417//417
f 417//417 352//352 416//416
f 353//353 414//414 416//416
f 356//356 418//418 354//354
f 354//354 418//418 419//419
f 354//354 419//419 415//415
f 389//389 356//356 355//355
f 356//356 389//389 420//420
f 420//420 418//418 356//356
f 358//358 357//357 408//408
f 358//358 408//408 368//368
f 359//359 361//361 360//360
f 361//361 377//377 360//360
f 377//377 361//361 378//378
f 362//362 378//378 361//361
f 365//365 378//378 362//362
f 364//364 363//363 421//421
f 421//421 363//363 366//366
f 422//422 364//364 421//421
f 365//365 364//364 422//422
f 380//380 365//365 423//423
f 380//380 378//378 365//365
f 423//423 365//365 422//422
f 366//366 424//424 425//425
f 424//424 366//366 426//426
f 425//425 421//421 366//366
f 366//366 375//375 426//426
f 375//375 366//366 367//367
f 410//410 427//427 368//368
f 427//427 369//369 368//368
f 368//368 408//408 410//410
f 370//370 369//369 428//428
f 427//427 429//429 369//369
f 429//429 428//428 369//369
f 430//430 370//370 428//428
f 431//431 432//432 370//370
f 431//431 370//370 430//430
f 373//373 370//370 432//432
f 371//371 372//372 433//433
f 434//434 374//374 371//371
f 371//371 435//435 434//434
f 435//435 371//371 433//433
f 433//433 372//372 436//436
f 436//436 372//372 373//373
f 373//373 432//432 437//437
f 437//437 438//438 373//373
f 436//436 373//373 438//438
f 439//439 376//376 374//374
f 439//439 374//374 434//434
f 440//440 375//375 376//376
f 426//426 375//375 440//440
f 440//440 376//376 441//441
f 376//376 439//439 441//441
f 379//379 423//423 442//442
f 379//379 380//380 423//423
f 379//379 442//442 443//443
f 379//379 443//443 401//401
f 401//401 403//403 379//379
f 382//382 381//381 444//444
f 444//444 381//381 400//400
f 445//445 391//391 382//382
f 391//391 390//390 382//382
f 382//382 444//444 445//445
f 446//446 383//383 384//384
f 447//447 389//389 383//383
f 383//383 446//446 447//447
f 384//384 388//388 446//446
f 386//386 385//385 394//394
f 387//387 386//386 396//396
f 396//396 386//386 394//394
f 396//396 448//448 387//387
f 449//449 387//387 448//448
f 450//450 388//388 387//387
f 450//450 387//387 449//449
f 450//450 446//446 388//388
f 451//451 452//452 389//389
f 453//453 420//420 389//389
f 452//452 453//453 389//389
f 447//447 451//451 389//389
f 393//393 391//391 445//445
f 392//392 454//454 455//455
f 393//393 454//454 392//392
f 456//456 392//392 455//455
f 392//392 456//456 397//397
f 393//393 445//445 454//454
f 396//396 395//395 457//457
f 458//458 395//395 397//397
f 459//459 395//395 458//458
f 459//459 457//457 395//395
f 460//460 396//396 457//457
f 448//448 396//396 460//460
f 397//397 456//456 458//458
f 461//461 462//462 398//398
f 407//407 406//406 398//398
f 461//461 398//398 463//463
f 399//399 398//398 462//462
f 405//405 407//407 398//398
f 398//398 406//406 463//463
f 462//462 464//464 399//399
f 444//444 400//400 399//399
f 444//444 399//399 465//465
f 466//466 465//465 399//399
f 464//464 466//466 399//399
f 401//401 443//443 404//404
f 402//402 401//401 404//404
f 443//443 406//406 404//404
f 467//467 406//406 443//443
f 467//467 463//463 406//406
f 409//409 468//468 410//410
f 469//469 409//409 411//411
f 469//469 468//468 409//409
f 427//427 410//410 468//468
f 411//411 470//470 469//469
f 412//412 470//470 411//411
f 413//413 470//470 412//412
f 417//417 470//470 413//413
f 414//414 471//471 472//472
f 416//416 414//414 473//473
f 414//414 415//415 471//471
f 472//472 473//473 414//414
f 415//415 419//419 474//474
f 415//415 474//474 471//471
f 416//416 475//475 417//417
f 473//473 475//475 416//416
f 417//417 475//475 476//476
f 417//417 477//477 470//470
f 476//476 477//477 417//417
f 418//418 420//420 419//419
f 419//419 420//420 478//478
f 419//419 478//478 474//474
f 478//478 420//420 453//453
f 421//421 479//479 480//480
f 480//480 422//422 421//421
f 479//479 421//421 425//425
f 481//481 422//422 482//482
f 422//422 483//483 482//482
f 423//423 422//422 484//484
f 485//485 422//422 480//480
f 484//484 422//422 481//481
f 485//485 483//483 422//422
f 423//423 486//486 442//442
f 484//484 486//486 423//423
f 487//487 425//425 424//424
f 487//487 424//424 488//488
f 489//489 424//424 426//426
f 424//424 489//489 490//490
f 424//424 490//490 488//488
f 491//491 479//479 425//425
f 491//491 425//425 492//492
f 492//492 425//425 487//487
f 426//426 440//440 489//489
f 429//429 427//427 493//493
f 468//468 493//493 427//427
f 494//494 428//428 429//429
f 494//494 495//495 428//428
f 428//428 495//495 430//430
f 496//496 494//494 429//429
f 429//429 497//497 496//496
f 493//493 498//498 429//429
f 429//429 498//498 497//497
f 430//430 499//499 431//431
f 499//499 430//430 495//495
f 432//432 431//431 500//500
f 431//431 499//499 500//500
f 432//432 500//500 501//501
f 437//437 432//432 502//502
f 501//501 502//502 432//432
f 435//435 433//433 436//436
f 434//434 435//435 503//503
f 434//434 503//503 504//504
f 434//434 505//505 439//439
f 434//434 504//504 505//505
f 436//436 438//438 435//435
f 506//506 503//503 435//435
f 435//435 438//438 507//507
f 506//506 435//435 507//507
f 437//437 502//502 508//508
f 438//438 437//437 509//509
f 437//437 508//508 509//509
f 510//510 438//438 511//511
f 438//438 510//510 507//507
f 511//511 438//438 509//509
f 505//505 441//441 439//439
f 512//512 440//440 441//441
f 489//489 440//440 513//513
f 513//513 440//440 512//512
f 512//512 441//441 504//504
f 441//441 505//505 504//504
f 442//442 467//467 443//443
f 486//486 467//467 442//442
f 444//444 465//465 514//514
f 514//514 515//515 444//444
f 445//445 444//444 516//516
f 516//516 444//444 515//515
f 516//516 455//455 445//445
f 454//454 445//445 455//455
f 450//450 447//447 446//446
f 517//517 447//447 450//450
f 518//518 447//447 517//517
f 451//451 447//447 518//518
f 519//519 448//448 520//520
f 448//448 521//521 522//522
f 448//448 522//522 449//449
f 448//448 460//460 520//520
f 521//521 448//448 519//519
f 449//449 522//522 450//450
f 523//523 450//450 522//522
f 523//523 517//517 450//450
f 524//524 452//452 451//451
f 451//451 523//523 524//524
f 451//451 518//518 523//523
f 525//525 526//526 452//452
f 453//453 452//452 526//526
f 452//452 524//524 525//525
f 527//527 478//478 453//453
f 526//526 527//527 453//453
f 516//516 528//528 455//455
f 455//455 529//529 456//456
f 529//529 455//455 528//528
f 530//530 458//458 456//456
f 456//456 529//529 530//530
f 457//457 520//520 460//460
f 531//531 457//457 459//459
f 520//520 457//457 531//531
f 458//458 532//532 459//459
f 458//458 530//530 532//532
f 531//531 459//459 532//532
f 484//484 481//481 461//461
f 481//481 533//533 461//461
f 484//484 461//461 463//463
f 461//461 533//533 462//462
f 464//464 462//462 533//533
f 463//463 486//486 484//484
f 463//463 467//467 486//486
f 534//534 466//466 464//464
f 533//533 534//534 464//464
f 465//465 535//535 514//514
f 465//465 536//536 535//535
f 466//466 536//536 465//465
f 466//466 537//537 536//536
f 534//534 537//537 466//466
f 493//493 468//468 538//538
f 538//538 468//468 469//469
f 469//469 477//477 538//538
f 470//470 477//477 469//469
f 472//472 471//471 539//539
f 471//471 474//474 540//540
f 471//471 540//540 541//541
f 541//541 539//539 471//471
f 472//472 542//542 473//473
f 472//472 543//543 542//542
f 539//539 543//543 472//472
f 473//473 542//542 475//475
f 474//474 478//478 527//527
f 474//474 527//527 544//544
f 474//474 544//544 540//540
f 475//475 542//542 476//476
f 476//476 545//545 477//477
f 542//542 545//545 476//476
f 545//545 493//493 477//477
f 538//538 477//477 493//493
f 479//479 546//546 480//480
f 546//546 479//479 547//547
f 548//548 547//547 479//479
f 491//491 548//548 479//479
f 480//480 549//549 485//485
f 549//549 480//480 546//546
f 482//482 550//550 481//481
f 550//550 551//551 481//481
f 481//481 551//551 533//533
f 552//552 550//550 482//482
f 552//552 482//482 483//483
f 553//553 483//483 485//485
f 483//483 554//554 552//552
f 554//554 483//483 553//553
f 485//485 549//549 553//553
f 487//487 555//555 492//492
f 556//556 555//555 487//487
f 557//557 556//556 487//487
f 557//557 487//487 488//488
f 488//488 490//490 557//557
f 490//490 489//489 558//558
f 559//559 558//558 489//489
f 559//559 489//489 513//513
f 560//560 490//490 558//558
f 490//490 560//560 557//557
f 492//492 561//561 491//491
f 562//562 548//548 491//491
f 491//491 561//561 562//562
f 555//555 561//561 492//492
f 545//545 498//498 493//493
f 495//495 494//494 563//563
f 496//496 563//563 494//494
f 495//495 564//564 499//499
f 495//495 563//563 564//564
f 497//497 565//565 496//496
f 565//565 563//563 496//496
f 543//543 566//566 497//497
f 543//543 497//497 567//567
f 565//565 497//497 566//566
f 567//567 497//497 498//498
f 542//542 498//498 545//545
f 567//567 498//498 542//542
f 500//500 499//499 564//564
f 500//500 568//568 501//501
f 569//569 568//568 500//500
f 500//500 564//564 569//569
f 570//570 501//501 568//568
f 502//502 501//501 570//570
f 571//571 508//508 502//502
f 570//570 571//571 502//502
f 572//572 503//503 506//506
f 503//503 572//572 504//504
f 573//573 512//512 504//504
f 504//504 574//574 573//573
f 574//574 504//504 575//575
f 576//576 504//504 572//572
f 504//504 576//576 577//577
f 577//577 575//575 504//504
f 578//578 506//506 507//507
f 506//506 578//578 572//572
f 579//579 578//578 507//507
f 507//507 510//510 580//580
f 507//507 580//580 579//579
f 508//508 571//571 581//581
f 581//581 509//509 508//508
f 582//582 509//509 581//581
f 509//509 582//582 511//511
f 510//510 511//511 583//583
f 510//510 583//583 584//584
f 585//585 580//580 510//510
f 584//584 585//585 510//510
f 583//583 511//511 582//582
f 573//573 513//513 512//512
f 513//513 573//573 559//559
f 514//514 535//535 515//515
f 515//515 535//535 586//586
f 587//587 516//516 515//515
f 587//587 515//515 586//586
f 516//516 587//587 528//528
f 518//518 517//517 523//523
f 520//520 588//588 519//519
f 589//589 519//519 588//588
f 521//521 519//519 589//589
f 520//520 590//590 588//588
f 520//520 531//531 590//590
f 521//521 591//591 522//522
f 521//521 592//592 591//591
f 589//589 592//592 521//521
f 522//522 593//593 523//523
f 522//522 594//594 593//593
f 591//591 594//594 522//522
f 524//524 523//523 595//595
f 596//596 595//595 523//523
f 523//523 593//593 596//596
f 524//524 597//597 568//568
f 568//568 598//598 524//524
f 525//525 524//524 598//598
f 595//595 597//597 524//524
f 526//526 525//525 598//598
f 599//599 526//526 569//569
f 569//569 526//526 598//598
f 599//599 527//527 526//526
f 600//600 544//544 527//527
f 600//600 527//527 599//599
f 601//601 528//528 602//602
f 528//528 530//530 529//529
f 602//602 528//528 587//587
f 530//530 528//528 601//601
f 530//530 601//601 603//603
f 604//604 530//530 603//603
f 532//532 530//530 604//604
f 605//605 590//590 531//531
f 531//531 532//532 606//606
f 531//531 606//606 605//605
f 604//604 607//607 532//532
f 607//607 608//608 532//532
f 606//606 532//532 608//608
f 551//551 534//534 533//533
f 551//551 609//609 534//534
f 534//534 609//609 537//537
f 610//610 535//535 536//536
f 586//586 535//535 610//610
f 611//611 536//536 537//537
f 610//610 536//536 611//611
f 552//552 537//537 609//609
f 611//611 537//537 552//552
f 539//539 541//541 543//543
f 540//540 612//612 613//613
f 613//613 541//541 540//540
f 612//612 540//540 544//544
f 541//541 613//613 566//566
f 543//543 541//541 566//566
f 542//542 543//543 567//567
f 612//612 544//544 614//614
f 614//614 544//544 600//600
f 546//546 615//615 616//616
f 553//553 549//549 546//546
f 617//617 618//618 546//546
f 546//546 547//547 619//619
f 615//615 546//546 618//618
f 619//619 617//617 546//546
f 546//546 616//616 553//553
f 547//547 548//548 619//619
f 619//619 548//548 562//562
f 550//550 609//609 551//551
f 550//550 552//552 609//609
f 552//552 554//554 611//611
f 620//620 553//553 616//616
f 553//553 620//620 554//554
f 611//611 554//554 621//621
f 621//621 554//554 620//620
f 622//622 561//561 555//555
f 555//555 556//556 622//622
f 622//622 556//556 557//557
f 623//623 622//622 557//557
f 557//557 624//624 623//623
f 557//557 560//560 625//625
f 624//624 557//557 625//625
f 625//625 558//558 559//559
f 625//625 560//560 558//558
f 625//625 559//559 626//626
f 573//573 626//626 559//559
f 627//627 562//562 561//561
f 627//627 561//561 622//622
f 562//562 628//628 617//617
f 562//562 617//617 619//619
f 628//628 562//562 627//627
f 629//629 563//563 565//565
f 629//629 564//564 563//563
f 564//564 629//629 569//569
f 565//565 612//612 614//614
f 566//566 612//612 565//565
f 614//614 629//629 565//565
f 613//613 612//612 566//566
f 569//569 598//598 568//568
f 597//597 570//570 568//568
f 569//569 600//600 599//599
f 600//600 569//569 629//629
f 597//597 571//571 570//570
f 630//630 571//571 597//597
f 581//581 571//571 630//630
f 572//572 578//578 576//576
f 631//631 573//573 632//632
f 632//632 573//573 574//574
f 626//626 573//573 631//631
f 574//574 575//575 632//632
f 575//575 633//633 632//632
f 633//633 575//575 577//577
f 578//578 634//634 576//576
f 577//577 576//576 635//635
f 576//576 634//634 636//636
f 635//635 576//576 637//637
f 637//637 576//576 636//636
f 638//638 633//633 577//577
f 638//638 577//577 635//635
f 579//579 634//634 578//578
f 639//639 634//634 579//579
f 579//579 580//580 585//585
f 639//639 579//579 585//585
f 581//581 640//640 582//582
f 641//641 581//581 642//642
f 640//640 581//581 641//641
f 581//581 630//630 643//643
f 643//643 642//642 581//581
f 582//582 644//644 583//583
f 644//644 582//582 640//640
f 645//645 583//583 644//644
f 584//584 583//583 645//645
f 646//646 585//585 584//584
f 646//646 584//584 645//645
f 585//585 646//646 639//639
f 602//602 587//587 586//586
f 586//586 647//647 602//602
f 586//586 610//610 647//647
f 605//605 588//588 590//590
f 588//588 605//605 589//589
f 648//648 592//592 589//589
f 589//589 649//649 648//648
f 589//589 605//605 650//650
f 589//589 650//650 651//651
f 651//651 649//649 589//589
f 652//652 594//594 591//591
f 653//653 652//652 591//591
f 591//591 592//592 654//654
f 591//591 654//654 653//653
f 648//648 655//655 592//592
f 592//592 655//655 654//654
f 656//656 596//596 593//593
f 593//593 594//594 656//656
f 652//652 656//656 594//594
f 595//595 657//657 597//597
f 658//658 657//657 595//595
f 595//595 596//596 658//658
f 658//658 596//596 656//656
f 597//597 659//659 630//630
f 659//659 597//597 657//657
f 629//629 614//614 600//600
f 660//660 601//601 602//602
f 603//603 601//601 660//660
f 647//647 661//661 602//602
f 602//602 661//661 662//662
f 602//602 662//662 660//660
f 604//604 603//603 663//663
f 603//603 660//660 663//663
f 663//663 607//607 604//604
f 605//605 606//606 664//664
f 664//664 665//665 605//605
f 605//605 665//665 650//650
f 664//664 606//606 608//608
f 607//607 663//663 666//666
f 666//666 667//667 607//607
f 607//607 667//667 668//668
f 668//668 608//608 607//607
f 669//669 608//608 668//668
f 664//664 608//608 669//669
f 610//610 611//611 647//647
f 647//647 611//611 670//670
f 611//611 621//621 670//670
f 616//616 615//615 662//662
f 615//615 671//671 662//662
f 663//663 671//671 615//615
f 615//615 618//618 663//663
f 616//616 662//662 620//620
f 617//617 672//672 618//618
f 628//628 673//673 617//617
f 673//673 672//672 617//617
f 663//663 618//618 672//672
f 620//620 662//662 661//661
f 620//620 661//661 621//621
f 621//621 661//661 670//670
f 674//674 627//627 622//622
f 623//623 674//674 622//622
f 623//623 675//675 674//674
f 676//676 677//677 623//623
f 623//623 677//677 675//675
f 676//676 623//623 678//678
f 623//623 624//624 679//679
f 679//679 678//678 623//623
f 680//680 624//624 681//681
f 624//624 625//625 682//682
f 682//682 681//681 624//624
f 624//624 683//683 679//679
f 683//683 624//624 680//680
f 682//682 625//625 626//626
f 626//626 684//684 682//682
f 631//631 684//684 626//626
f 685//685 628//628 627//627
f 627//627 686//686 685//685
f 627//627 674//674 686//686
f 685//685 673//673 628//628
f 630//630 659//659 643//643
f 632//632 687//687 631//631
f 688//688 631//631 687//687
f 631//631 688//688 684//684
f 632//632 689//689 687//687
f 690//690 632//632 691//691
f 689//689 632//632 690//690
f 632//632 633//633 692//692
f 691//691 632//632 692//692
f 638//638 692//692 633//633
f 636//636 634//634 693//693
f 634//634 639//639 693//693
f 694//694 635//635 695//695
f 635//635 637//637 695//695
f 635//635 694//694 696//696
f 635//635 696//696 638//638
f 693//693 697//697 636//636
f 637//637 636//636 698//698
f 698//698 636//636 697//697
f 637//637 699//699 695//695
f 699//699 637//637 698//698
f 638//638 696//696 691//691
f 692//692 638//638 691//691
f 639//639 700//700 701//701
f 701//701 693//693 639//639
f 639//639 646//646 700//700
f 641//641 702//702 640//640
f 703//703 644//644 640//640
f 704//704 640//640 702//702
f 704//704 703//703 640//640
f 641//641 642//642 705//705
f 706//706 707//707 641//641
f 702//702 641//641 707//707
f 708//708 706//706 641//641
f 641//641 705//705 708//708
f 642//642 643//643 709//709
f 642//642 709//709 705//705
f 710//710 643//643 659//659
f 643//643 710//710 709//709
f 711//711 644//644 703//703
f 644//644 711//711 645//645
f 645//645 711//711 646//646
f 712//712 646//646 713//713
f 646//646 712//712 700//700
f 711//711 713//713 646//646
f 670//670 661//661 647//647
f 648//648 649//649 714//714
f 714//714 715//715 648//648
f 648//648 715//715 655//655
f 651//651 716//716 649//649
f 716//716 714//714 649//649
f 650//650 717//717 716//716
f 650//650 716//716 651//651
f 650//650 665//665 718//718
f 717//717 650//650 718//718
f 719//719 656//656 652//652
f 652//652 653//653 720//720
f 720//720 721//721 652//652
f 652//652 721//721 719//719
f 653//653 722//722 720//720
f 653//653 654//654 723//723
f 722//722 653//653 723//723
f 654//654 655//655 715//715
f 723//723 654//654 715//715
f 656//656 724//724 659//659
f 656//656 659//659 658//658
f 724//724 656//656 725//725
f 719//719 725//725 656//656
f 657//657 658//658 659//659
f 710//710 659//659 724//724
f 660//660 662//662 671//671
f 660//660 671//671 663//663
f 726//726 727//727 663//663
f 663//663 672//672 726//726
f 666//666 663//663 727//727
f 728//728 665//665 664//664
f 664//664 669//669 728//728
f 729//729 665//665 728//728
f 718//718 665//665 729//729
f 730//730 666//666 731//731
f 666//666 727//727 731//731
f 730//730 667//667 666//666
f 667//667 669//669 668//668
f 730//730 732//732 667//667
f 669//669 667//667 732//732
f 732//732 728//728 669//669
f 673//673 685//685 672//672
f 726//726 672//672 685//685
f 733//733 686//686 674//674
f 675//675 734//734 674//674
f 734//734 733//733 674//674
f 734//734 675//675 735//735
f 735//735 675//675 677//677
f 676//676 736//736 677//677
f 737//737 738//738 676//676
f 676//676 678//678 737//737
f 738//738 736//736 676//676
f 735//735 677//677 739//739
f 736//736 739//739 677//677
f 678//678 740//740 737//737
f 678//678 679//679 740//740
f 741//741 679//679 683//683
f 740//740 679//679 741//741
f 680//680 681//681 742//742
f 743//743 680//680 744//744
f 742//742 744//744 680//680
f 680//680 743//743 683//683
f 682//682 745//745 681//681
f 746//746 747//747 681//681
f 742//742 681//681 747//747
f 681//681 745//745 748//748
f 746//746 681//681 748//748
f 745//745 682//682 684//684
f 749//749 741//741 683//683
f 683//683 743//743 749//749
f 748//748 684//684 688//688
f 748//748 745//745 684//684
f 686//686 726//726 685//685
f 686//686 750//750 727//727
f 727//727 726//726 686//686
f 750//750 686//686 751//751
f 751//751 686//686 733//733
f 688//688 687//687 752//752
f 687//687 689//689 752//752
f 752//752 748//748 688//688
f 752//752 689//689 753//753
f 753//753 689//689 690//690
f 691//691 754//754 690//690
f 690//690 754//754 755//755
f 753//753 690//690 755//755
f 756//756 754//754 691//691
f 691//691 696//696 757//757
f 756//756 691//691 757//757
f 697//697 693//693 701//701
f 758//758 694//694 695//695
f 759//759 694//694 758//758
f 759//759 696//696 694//694
f 699//699 760//760 695//695
f 761//761 695//695 760//760
f 761//761 758//758 695//695
f 696//696 759//759 757//757
f 698//698 697//697 762//762
f 697//697 763//763 762//762
f 697//697 701//701 763//763
f 762//762 764//764 698//698
f 699//699 698//698 764//764
f 764//764 760//760 699//699
f 701//701 700//700 765//765
f 700//700 766//766 765//765
f 700//700 712//712 766//766
f 763//763 701//701 765//765
f 707//707 767//767 702//702
f 702//702 767//767 704//704
f 704//704 768//768 703//703
f 703//703 768//768 769//769
f 703//703 769//769 770//770
f 711//711 703//703 770//770
f 768//768 704//704 771//771
f 772//772 704//704 767//767
f 704//704 772//772 771//771
f 705//705 709//709 773//773
f 705//705 774//774 775//775
f 773//773 774//774 705//705
f 708//708 705//705 775//775
f 706//706 776//776 707//707
f 777//777 706//706 708//708
f 777//777 776//776 706//706
f 776//776 767//767 707//707
f 708//708 778//778 779//779
f 775//775 778//778 708//708
f 780//780 708//708 779//779
f 708//708 780//780 777//777
f 724//724 709//709 710//710
f 724//724 725//725 709//709
f 709//709 781//781 773//773
f 725//725 781//781 709//709
f 782//782 711//711 770//770
f 783//783 713//713 711//711
f 783//783 711//711 782//782
f 712//712 713//713 784//784
f 784//784 785//785 712//712
f 766//766 712//712 785//785
f 786//786 713//713 783//783
f 713//713 786//786 784//784
f 715//715 714//714 723//723
f 723//723 714//714 787//787
f 714//714 716//716 787//787
f 787//787 716//716 788//788
f 717//717 789//789 716//716
f 718//718 789//789 717//717
f 716//716 789//789 788//788
f 790//790 718//718 729//729
f 718//718 791//791 792//792
f 791//791 718//718 790//790
f 718//718 788//788 789//789
f 792//792 788//788 718//718
f 719//719 793//793 725//725
f 793//793 719//719 721//721
f 720//720 794//794 721//721
f 794//794 720//720 722//722
f 721//721 795//795 793//793
f 796//796 721//721 794//794
f 721//721 796//796 795//795
f 722//722 797//797 798//798
f 797//797 722//722 723//723
f 798//798 794//794 722//722
f 799//799 797//797 723//723
f 723//723 792//792 799//799
f 723//723 787//787 792//792
f 725//725 793//793 781//781
f 731//731 727//727 800//800
f 727//727 750//750 800//800
f 732//732 801//801 728//728
f 728//728 801//801 729//729
f 729//729 802//802 790//790
f 729//729 801//801 802//802
f 731//731 800//800 730//730
f 803//803 804//804 730//730
f 730//730 804//804 805//805
f 805//805 806//806 730//730
f 732//732 730//730 806//806
f 803//803 730//730 800//800
f 806//806 801//801 732//732
f 733//733 735//735 807//807
f 751//751 733//733 808//808
f 735//735 733//733 734//734
f 807//807 809//809 733//733
f 808//808 733//733 809//809
f 735//735 810//810 807//807
f 739//739 810//810 735//735
f 811//811 739//739 736//736
f 736//736 812//812 811//811
f 738//738 812//812 736//736
f 813//813 738//738 737//737
f 737//737 814//814 813//813
f 814//814 737//737 815//815
f 815//815 737//737 740//740
f 816//816 812//812 738//738
f 738//738 817//817 816//816
f 817//817 738//738 813//813
f 739//739 818//818 810//810
f 811//811 818//818 739//739
f 740//740 741//741 819//819
f 819//819 820//820 740//740
f 815//815 740//740 820//820
f 819//819 741//741 749//749
f 742//742 747//747 744//744
f 743//743 744//744 821//821
f 743//743 822//822 749//749
f 821//821 822//822 743//743
f 747//747 823//823 744//744
f 821//821 744//744 823//823
f 823//823 747//747 746//746
f 824//824 746//746 825//825
f 746//746 826//826 827//827
f 824//824 826//826 746//746
f 825//825 746//746 828//828
f 827//827 823//823 746//746
f 748//748 828//828 746//746
f 752//752 829//829 748//748
f 828//828 748//748 829//829
f 830//830 819//819 749//749
f 822//822 821//821 749//749
f 749//749 821//821 827//827
f 831//831 749//749 832//832
f 831//831 833//833 749//749
f 827//827 832//832 749//749
f 830//830 749//749 833//833
f 751//751 800//800 750//750
f 834//834 800//800 751//751
f 751//751 835//835 834//834
f 808//808 835//835 751//751
f 752//752 753//753 836//836
f 836//836 829//829 752//752
f 837//837 836//836 753//753
f 755//755 837//837 753//753
f 838//838 754//754 756//756
f 755//755 754//754 838//838
f 838//838 839//839 755//755
f 837//837 755//755 839//839
f 759//759 840//840 756//756
f 756//756 757//757 759//759
f 756//756 841//841 838//838
f 841//841 756//756 840//840
f 758//758 761//761 759//759
f 761//761 840//840 759//759
f 760//760 842//842 843//843
f 843//843 761//761 760//760
f 842//842 760//760 764//764
f 840//840 761//761 843//843
f 764//764 762//762 844//844
f 762//762 763//763 845//845
f 844//844 762//762 845//845
f 846//846 763//763 765//765
f 845//845 763//763 846//846
f 847//847 764//764 844//844
f 842//842 764//764 847//847
f 765//765 766//766 848//848
f 849//849 765//765 848//848
f 846//846 765//765 849//849
f 785//785 850//850 766//766
f 848//848 766//766 850//850
f 772//772 767//767 851//851
f 851//851 767//767 776//776
f 771//771 852//852 768//768
f 852//852 853//853 768//768
f 768//768 853//853 854//854
f 854//854 769//769 768//768
f 769//769 855//855 770//770
f 855//855 769//769 856//856
f 769//769 854//854 856//856
f 770//770 857//857 782//782
f 855//855 858//858 770//770
f 857//857 770//770 858//858
f 859//859 852//852 771//771
f 860//860 771//771 861//861
f 861//861 771//771 772//772
f 771//771 860//860 859//859
f 861//861 772//772 862//862
f 772//772 851//851 862//862
f 773//773 863//863 774//774
f 781//781 863//863 773//773
f 774//774 864//864 775//775
f 863//863 864//864 774//774
f 775//775 864//864 778//778
f 851//851 776//776 777//777
f 777//777 780//780 865//865
f 777//777 865//865 862//862
f 862//862 851//851 777//777
f 778//778 866//866 779//779
f 864//864 866//866 778//778
f 779//779 866//866 867//867
f 779//779 867//867 780//780
f 780//780 868//868 865//865
f 868//868 780//780 867//867
f 793//793 863//863 781//781
f 782//782 869//869 870//870
f 870//870 783//783 782//782
f 871//871 782//782 872//872
f 873//873 869//869 782//782
f 782//782 871//871 874//874
f 872//872 782//782 857//857
f 782//782 874//874 875//875
f 875//875 873//873 782//782
f 786//786 783//783 870//870
f 786//786 785//785 784//784
f 785//785 786//786 850//850
f 792//792 787//787 788//788
f 790//790 802//802 876//876
f 876//876 877//877 790//790
f 791//791 790//790 877//877
f 791//791 878//878 792//792
f 791//791 877//877 879//879
f 879//879 878//878 791//791
f 792//792 880//880 799//799
f 878//878 880//880 792//792
f 863//863 793//793 881//881
f 793//793 795//795 881//881
f 798//798 796//796 794//794
f 882//882 795//795 796//796
f 795//795 882//882 881//881
f 883//883 882//882 796//796
f 883//883 796//796 798//798
f 798//798 797//797 884//884
f 885//885 797//797 799//799
f 884//884 797//797 885//885
f 883//883 798//798 886//886
f 884//884 886//886 798//798
f 799//799 880//880 885//885
f 887//887 803//803 800//800
f 834//834 887//887 800//800
f 802//802 801//801 888//888
f 888//888 801//801 806//806
f 889//889 802//802 890//890
f 802//802 889//889 876//876
f 890//890 802//802 888//888
f 803//803 891//891 804//804
f 892//892 893//893 803//803
f 894//894 891//891 803//803
f 803//803 887//887 892//892
f 803//803 893//893 894//894
f 895//895 804//804 891//891
f 805//805 804//804 895//895
f 895//895 806//806 805//805
f 888//888 806//806 895//895
f 896//896 807//807 810//810
f 896//896 809//809 807//807
f 897//897 835//835 808//808
f 898//898 808//808 809//809
f 899//899 897//897 808//808
f 808//808 898//898 899//899
f 809//809 896//896 898//898
f 818//818 900//900 810//810
f 896//896 810//810 900//900
f 811//811 901//901 818//818
f 812//812 902//902 811//811
f 901//901 811//811 902//902
f 816//816 902//902 812//812
f 903//903 817//817 813//813
f 813//813 904//904 903//903
f 814//814 904//904 813//813
f 905//905 904//904 814//814
f 814//814 906//906 907//907
f 814//814 907//907 905//905
f 814//814 815//815 906//906
f 820//820 908//908 815//815
f 815//815 909//909 906//906
f 815//815 910//910 909//909
f 908//908 910//910 815//815
f 902//902 816//816 911//911
f 912//912 911//911 816//816
f 816//816 817//817 912//912
f 912//912 817//817 903//903
f 901//901 900//900 818//818
f 820//820 819//819 913//913
f 830//830 913//913 819//819
f 913//913 908//908 820//820
f 827//827 821//821 823//823
f 914//914 824//824 825//825
f 915//915 826//826 824//824
f 915//915 824//824 914//914
f 825//825 828//828 916//916
f 916//916 917//917 825//825
f 917//917 914//914 825//825
f 918//918 827//827 826//826
f 918//918 826//826 915//915
f 832//832 827//827 918//918
f 919//919 828//828 829//829
f 916//916 828//828 919//919
f 919//919 829//829 836//836
f 833//833 913//913 830//830
f 832//832 920//920 831//831
f 831//831 920//920 921//921
f 921//921 833//833 831//831
f 920//920 832//832 922//922
f 832//832 918//918 922//922
f 923//923 913//913 833//833
f 924//924 833//833 921//921
f 833//833 924//924 923//923
f 834//834 925//925 926//926
f 925//925 834//834 897//897
f 835//835 897//897 834//834
f 926//926 887//887 834//834
f 836//836 927//927 919//919
f 927//927 836//836 837//837
f 839//839 928//928 837//837
f 928//928 927//927 837//837
f 929//929 838//838 841//841
f 930//930 838//838 929//929
f 931//931 838//838 930//930
f 839//839 838//838 931//931
f 839//839 932//932 928//928
f 931//931 932//932 839//839
f 841//841 840//840 843//843
f 929//929 841//841 933//933
f 841//841 843//843 933//933
f 842//842 934//934 843//843
f 842//842 935//935 934//934
f 935//935 842//842 847//847
f 843//843 934//934 936//936
f 843//843 936//936 933//933
f 844//844 845//845 937//937
f 844//844 937//937 847//847
f 845//845 938//938 937//937
f 939//939 845//845 846//846
f 845//845 939//939 940//940
f 845//845 940//940 938//938
f 941//941 846//846 942//942
f 846//846 941//941 943//943
f 942//942 846//846 849//849
f 939//939 846//846 943//943
f 847//847 944//944 945//945
f 937//937 944//944 847//847
f 847//847 945//945 935//935
f 848//848 946//946 947//947
f 849//849 848//848 947//947
f 850//850 946//946 848//848
f 947//947 948//948 849//849
f 849//849 948//948 942//942
f 850//850 786//786 949//949
f 946//946 850//850 949//949
f 859//859 853//853 852//852
f 853//853 950//950 854//854
f 951//951 853//853 859//859
f 950//950 853//853 951//951
f 854//854 950//950 952//952
f 856//856 854//854 952//952
f 856//856 953//953 855//855
f 855//855 872//872 858//858
f 872//872 855//855 953//953
f 953//953 856//856 954//954
f 952//952 955//955 856//856
f 856//856 955//955 954//954
f 857//857 858//858 872//872
f 859//859 956//956 951//951
f 956//956 859//859 860//860
f 862//862 860//860 861//861
f 956//956 860//860 865//865
f 860//860 862//862 865//865
f 864//864 863//863 881//881
f 866//866 864//864 957//957
f 864//864 881//881 957//957
f 865//865 868//868 958//958
f 865//865 958//958 956//956
f 867//867 866//866 959//959
f 959//959 866//866 960//960
f 866//866 957//957 960//960
f 959//959 868//868 867//867
f 868//868 961//961 962//962
f 958//958 868//868 962//962
f 961//961 868//868 959//959
f 869//869 786//786 870//870
f 949//949 786//786 869//869
f 946//946 869//869 873//873
f 949//949 869//869 946//946
f 963//963 871//871 872//872
f 964//964 871//871 963//963
f 871//871 964//964 874//874
f 965//965 963//963 872//872
f 872//872 953//953 965//965
f 875//875 966//966 873//873
f 966//966 946//946 873//873
f 874//874 964//964 967//967
f 875//875 874//874 968//968
f 968//968 874//874 967//967
f 875//875 969//969 966//966
f 969//969 875//875 968//968
f 877//877 876//876 970//970
f 876//876 889//889 970//970
f 971//971 877//877 970//970
f 877//877 971//971 879//879
f 972//972 880//880 878//878
f 879//879 973//973 878//878
f 972//972 878//878 974//974
f 974//974 878//878 973//973
f 879//879 975//975 973//973
f 879//879 971//971 975//975
f 880//880 972//972 885//885
f 976//976 881//881 882//882
f 976//976 957//957 881//881
f 882//882 977//977 976//976
f 977//977 882//882 883//883
f 883//883 978//978 977//977
f 979//979 978//978 883//883
f 979//979 883//883 886//886
f 884//884 980//980 886//886
f 972//972 981//981 884//884
f 884//884 885//885 972//972
f 982//982 980//980 884//884
f 982//982 884//884 981//981
f 979//979 886//886 980//980
f 926//926 892//892 887//887
f 888//888 895//895 983//983
f 890//890 888//888 983//983
f 889//889 890//890 984//984
f 970//970 889//889 984//984
f 983//983 985//985 890//890
f 985//985 986//986 890//890
f 984//984 890//890 986//986
f 891//891 983//983 895//895
f 983//983 891//891 894//894
f 926//926 987//987 892//892
f 892//892 987//987 893//893
f 894//894 893//893 987//987
f 894//894 987//987 988//988
f 983//983 894//894 989//989
f 990//990 894//894 988//988
f 989//989 894//894 990//990
f 991//991 992//992 896//896
f 992//992 898//898 896//896
f 896//896 900//900 991//991
f 897//897 993//993 994//994
f 899//899 993//993 897//897
f 897//897 994//994 925//925
f 898//898 995//995 993//993
f 898//898 993//993 899//899
f 992//992 995//995 898//898
f 900//900 996//996 991//991
f 996//996 900//900 901//901
f 902//902 997//997 901//901
f 996//996 901//901 997//997
f 911//911 997//997 902//902
f 998//998 912//912 903//903
f 903//903 999//999 1000//1000
f 903//903 1001//1001 998//998
f 999//999 903//903 904//904
f 1000//1000 1001//1001 903//903
f 999//999 904//904 1002//1002
f 905//905 1002//1002 904//904
f 905//905 907//907 1003//1003
f 905//905 1003//1003 1002//1002
f 906//906 1004//1004 907//907
f 906//906 1005//1005 1004//1004
f 1005//1005 906//906 909//909
f 1006//1006 1003//1003 907//907
f 1006//1006 907//907 1004//1004
f 1007//1007 1008//1008 908//908
f 908//908 913//913 1007//1007
f 1008//1008 910//910 908//908
f 1009//1009 909//909 1010//1010
f 1010//1010 909//909 910//910
f 909//909 1009//1009 1005//1005
f 1010//1010 910//910 1011//1011
f 1008//1008 1011//1011 910//910
f 996//996 997//997 911//911
f 998//998 911//911 912//912
f 998//998 996//996 911//911
f 923//923 1012//1012 913//913
f 1007//1007 913//913 1012//1012
f 914//914 917//917 1013//1013
f 914//914 1014//1014 915//915
f 1015//1015 1014//1014 914//914
f 914//914 1013//1013 1015//1015
f 915//915 922//922 918//918
f 1014//1014 922//922 915//915
f 1016//1016 916//916 919//919
f 1016//1016 1017//1017 916//916
f 916//916 1017//1017 1013//1013
f 917//917 916//916 1013//1013
f 928//928 1016//1016 919//919
f 919//919 927//927 928//928
f 1018//1018 1019//1019 920//920
f 921//921 920//920 1019//1019
f 920//920 922//922 1018//1018
f 921//921 1020//1020 1021//1021
f 1019//1019 1020//1020 921//921
f 1021//1021 924//924 921//921
f 922//922 1014//1014 1022//1022
f 1022//1022 1018//1018 922//922
f 1012//1012 923//923 924//924
f 1012//1012 924//924 1021//1021
f 925//925 1023//1023 926//926
f 925//925 1024//1024 1023//1023
f 1024//1024 925//925 1025//1025
f 994//994 995//995 925//925
f 995//995 1025//1025 925//925
f 987//987 926//926 1026//1026
f 1023//1023 1026//1026 926//926
f 932//932 1027//1027 928//928
f 1027//1027 1016//1016 928//928
f 1028//1028 929//929 933//933
f 929//929 1028//1028 1029//1029
f 929//929 1029//1029 930//930
f 930//930 1029//1029 931//931
f 932//932 931//931 1029//1029
f 1030//1030 1027//1027 932//932
f 932//932 1029//1029 1031//1031
f 1030//1030 932//932 1032//1032
f 1032//1032 932//932 1033//1033
f 1033//1033 932//932 1031//1031
f 1034//1034 933//933 1035//1035
f 1034//1034 1028//1028 933//933
f 936//936 1036//1036 933//933
f 1037//1037 1038//1038 933//933
f 1037//1037 933//933 1036//1036
f 1039//1039 933//933 1038//1038
f 933//933 1039//1039 1035//1035
f 934//934 1036//1036 936//936
f 934//934 1040//1040 1036//1036
f 935//935 1040//1040 934//934
f 1041//1041 935//935 945//945
f 1040//1040 935//935 1041//1041
f 937//937 1042//1042 944//944
f 938//938 1042//1042 937//937
f 938//938 1043//1043 1042//1042
f 940//940 1043//1043 938//938
f 1044//1044 1045//1045 939//939
f 1044//1044 939//939 943//943
f 939//939 1045//1045 1046//1046
f 939//939 1046//1046 940//940
f 940//940 1046//1046 1043//1043
f 942//942 1047//1047 941//941
f 1047//1047 1048//1048 941//941
f 1044//1044 943//943 941//941
f 941//941 1048//1048 1044//1044
f 948//948 1049//1049 942//942
f 1047//1047 942//942 1049//1049
f 944//944 1050//1050 945//945
f 1050//1050 944//944 1042//1042
f 1041//1041 945//945 1050//1050
f 946//946 966//966 947//947
f 969//969 947//947 966//966
f 968//968 947//947 969//969
f 948//948 947//947 968//968
f 968//968 1049//1049 948//948
f 952//952 950//950 951//951
f 951//951 1051//1051 955//955
f 955//955 952//952 951//951
f 956//956 1052//1052 951//951
f 1051//1051 951//951 1053//1053
f 1053//1053 951//951 1052//1052
f 953//953 954//954 1054//1054
f 1055//1055 965//965 953//953
f 1055//1055 953//953 1054//1054
f 954//954 1056//1056 1054//1054
f 954//954 955//955 1051//1051
f 1056//1056 954//954 1051//1051
f 1052//1052 956//956 958//958
f 976//976 977//977 957//957
f 977//977 960//960 957//957
f 962//962 1057//1057 958//958
f 958//958 1057//1057 1052//1052
f 959//959 960//960 1058//1058
f 961//961 959//959 1058//1058
f 960//960 977//977 978//978
f 960//960 978//978 1059//1059
f 1059//1059 1058//1058 960//960
f 1060//1060 962//962 961//961
f 961//961 1058//1058 1060//1060
f 1061//1061 962//962 1062//1062
f 1061//1061 1057//1057 962//962
f 1062//1062 962//962 1060//1060
f 1063//1063 964//964 963//963
f 965//965 1064//1064 963//963
f 963//963 1064//1064 1063//1063
f 964//964 1063//1063 967//967
f 965//965 1055//1055 1064//1064
f 967//967 1063//1063 1065//1065
f 967//967 1065//1065 968//968
f 968//968 1065//1065 1049//1049
f 1066//1066 1067//1067 970//970
f 970//970 984//984 1066//1066
f 970//970 1068//1068 971//971
f 970//970 1067//1067 1068//1068
f 1069//1069 971//971 1068//1068
f 975//975 971//971 1069//1069
f 974//974 1070//1070 972//972
f 972//972 1070//1070 981//981
f 1071//1071 973//973 975//975
f 974//974 973//973 1071//1071
f 1071//1071 1070//1070 974//974
f 1071//1071 975//975 1072//1072
f 1073//1073 1074//1074 975//975
f 1069//1069 1073//1073 975//975
f 1074//1074 1072//1072 975//975
f 1059//1059 978//978 979//979
f 1060//1060 1059//1059 979//979
f 1075//1075 1060//1060 979//979
f 1076//1076 1075//1075 979//979
f 979//979 980//980 1076//1076
f 980//980 982//982 1076//1076
f 982//982 981//981 1077//1077
f 1070//1070 1078//1078 981//981
f 981//981 1078//1078 1077//1077
f 1079//1079 982//982 1077//1077
f 1076//1076 982//982 1080//1080
f 1081//1081 1080//1080 982//982
f 982//982 1079//1079 1081//1081
f 985//985 983//983 989//989
f 1066//1066 984//984 986//986
f 1082//1082 1083//1083 985//985
f 1083//1083 1084//1084 985//985
f 985//985 989//989 1082//1082
f 985//985 1084//1084 986//986
f 986//986 1084//1084 1066//1066
f 987//987 1026//1026 990//990
f 990//990 988//988 987//987
f 1082//1082 989//989 1085//1085
f 1086//1086 989//989 990//990
f 1085//1085 989//989 1086//1086
f 990//990 1026//1026 1086//1086
f 1087//1087 992//992 991//991
f 991//991 1088//1088 1087//1087
f 1088//1088 991//991 996//996
f 1025//1025 995//995 992//992
f 1025//1025 992//992 1087//1087
f 993//993 995//995 994//994
f 996//996 998//998 1089//1089
f 1089//1089 1088//1088 996//996
f 1090//1090 1089//1089 998//998
f 1001//1001 1090//1090 998//998
f 1091//1091 1000//1000 999//999
f 1002//1002 1092//1092 999//999
f 1092//1092 1091//1091 999//999
f 1000//1000 1091//1091 1001//1001
f 1001//1001 1091//1091 1093//1093
f 1090//1090 1001//1001 1094//1094
f 1001//1001 1093//1093 1094//1094
f 1095//1095 1092//1092 1002//1002
f 1002//1002 1003//1003 1095//1095
f 1096//1096 1003//1003 1006//1006
f 1095//1095 1003//1003 1097//1097
f 1096//1096 1006//1006 1004//1004
f 1096//1096 1004//1004 1098//1098
f 1005//1005 1099//1099 1004//1004
f 1004//1004 1099//1099 1098//1098
f 1005//1005 1009//1009 1100//1100
f 1100//1100 1099//1099 1005//1005
f 1007//1007 1101//1101 1008//1008
f 1012//1012 1101//1101 1007//1007
f 1011//1011 1008//1008 1101//1101
f 1010//1010 1102//1102 1009//1009
f 1009//1009 1102//1102 1100//1100
f 1103//1103 1102//1102 1010//1010
f 1103//1103 1010//1010 1011//1011
f 1101//1101 1103//1103 1011//1011
f 1104//1104 1101//1101 1012//1012
f 1012//1012 1105//1105 1104//1104
f 1021//1021 1105//1105 1012//1012
f 1013//1013 1016//1016 1027//1027
f 1017//1017 1016//1016 1013//1013
f 1015//1015 1013//1013 1027//1027
f 1106//1106 1014//1014 1015//1015
f 1014//1014 1107//1107 1022//1022
f 1106//1106 1107//1107 1014//1014
f 1106//1106 1015//1015 1108//1108
f 1027//1027 1109//1109 1015//1015
f 1108//1108 1015//1015 1109//1109
f 1110//1110 1019//1019 1018//1018
f 1018//1018 1111//1111 1110//1110
f 1018//1018 1112//1112 1111//1111
f 1022//1022 1112//1112 1018//1018
f 1019//1019 1110//1110 1020//1020
f 1113//1113 1021//1021 1020//1020
f 1020//1020 1114//1114 1113//1113
f 1110//1110 1114//1114 1020//1020
f 1113//1113 1105//1105 1021//1021
f 1115//1115 1022//1022 1116//1116
f 1116//1116 1022//1022 1107//1107
f 1022//1022 1115//1115 1112//1112
f 1026//1026 1023//1023 1117//1117
f 1024//1024 1118//1118 1023//1023
f 1118//1118 1117//1117 1023//1023
f 1024//1024 1119//1119 1120//1120
f 1121//1121 1119//1119 1024//1024
f 1120//1120 1118//1118 1024//1024
f 1024//1024 1025//1025 1122//1122
f 1122//1122 1121//1121 1024//1024
f 1087//1087 1122//1122 1025//1025
f 1086//1086 1026//1026 1117//1117
f 1109//1109 1027//1027 1030//1030
f 1028//1028 1034//1034 1029//1029
f 1029//1029 1034//1034 1123//1123
f 1031//1031 1029//1029 1123//1123
f 1124//1124 1109//1109 1030//1030
f 1032//1032 1124//1124 1030//1030
f 1031//1031 1125//1125 1033//1033
f 1031//1031 1126//1126 1125//1125
f 1031//1031 1123//1123 1127//1127
f 1127//1127 1126//1126 1031//1031
f 1033//1033 1125//1125 1032//1032
f 1032//1032 1125//1125 1128//1128
f 1124//1124 1032//1032 1129//1129
f 1032//1032 1128//1128 1130//1130
f 1130//1130 1131//1131 1032//1032
f 1129//1129 1032//1032 1131//1131
f 1035//1035 1132//1132 1034//1034
f 1133//1133 1034//1034 1132//1132
f 1123//1123 1034//1034 1133//1133
f 1134//1134 1135//1135 1035//1035
f 1035//1035 1039//1039 1134//1134
f 1136//1136 1132//1132 1035//1035
f 1136//1136 1035//1035 1135//1135
f 1036//1036 1137//1137 1037//1037
f 1137//1137 1036//1036 1040//1040
f 1037//1037 1138//1138 1038//1038
f 1137//1137 1138//1138 1037//1037
f 1139//1139 1038//1038 1138//1138
f 1038//1038 1139//1139 1140//1140
f 1038//1038 1140//1140 1039//1039
f 1039//1039 1140//1140 1134//1134
f 1040//1040 1141//1141 1137//1137
f 1041//1041 1141//1141 1040//1040
f 1142//1142 1143//1143 1041//1041
f 1050//1050 1142//1142 1041//1041
f 1041//1041 1143//1143 1141//1141
f 1043//1043 1144//1144 1042//1042
f 1050//1050 1042//1042 1144//1144
f 1144//1144 1043//1043 1145//1145
f 1043//1043 1046//1046 1145//1145
f 1044//1044 1146//1146 1045//1045
f 1048//1048 1146//1146 1044//1044
f 1146//1146 1147//1147 1045//1045
f 1045//1045 1147//1147 1046//1046
f 1046//1046 1147//1147 1145//1145
f 1148//1148 1048//1048 1047//1047
f 1149//1149 1047//1047 1049//1049
f 1047//1047 1149//1149 1148//1148
f 1150//1150 1151//1151 1048//1048
f 1151//1151 1146//1146 1048//1048
f 1048//1048 1148//1148 1150//1150
f 1049//1049 1065//1065 1149//1149
f 1142//1142 1050//1050 1144//1144
f 1053//1053 1152//1152 1051//1051
f 1051//1051 1152//1152 1056//1056
f 1153//1153 1052//1052 1057//1057
f 1052//1052 1153//1153 1053//1053
f 1154//1154 1053//1053 1153//1153
f 1053//1053 1154//1154 1152//1152
f 1155//1155 1054//1054 1056//1056
f 1054//1054 1155//1155 1156//1156
f 1054//1054 1156//1156 1055//1055
f 1055//1055 1156//1156 1157//1157
f 1055//1055 1157//1157 1064//1064
f 1056//1056 1152//1152 1158//1158
f 1155//1155 1056//1056 1158//1158
f 1057//1057 1159//1159 1153//1153
f 1159//1159 1057//1057 1061//1061
f 1058//1058 1059//1059 1060//1060
f 1062//1062 1060//1060 1160//1160
f 1160//1160 1060//1060 1075//1075
f 1160//1160 1061//1061 1062//1062
f 1061//1061 1160//1160 1161//1161
f 1161//1161 1162//1162 1061//1061
f 1163//1163 1159//1159 1061//1061
f 1061//1061 1162//1162 1163//1163
f 1164//1164 1063//1063 1064//1064
f 1063//1063 1164//1164 1149//1149
f 1063//1063 1149//1149 1065//1065
f 1164//1164 1064//1064 1157//1157
f 1067//1067 1066//1066 1165//1165
f 1066//1066 1084//1084 1166//1166
f 1066//1066 1166//1166 1165//1165
f 1167//1167 1067//1067 1165//1165
f 1068//1068 1067//1067 1168//1168
f 1168//1168 1067//1067 1169//1169
f 1067//1067 1167//1167 1170//1170
f 1169//1169 1067//1067 1170//1170
f 1068//1068 1171//1171 1172//1172
f 1172//1172 1069//1069 1068//1068
f 1171//1171 1068//1068 1168//1168
f 1173//1173 1174//1174 1069//1069
f 1069//1069 1174//1174 1175//1175
f 1175//1175 1073//1073 1069//1069
f 1173//1173 1069//1069 1172//1172
f 1070//1070 1176//1176 1078//1078
f 1071//1071 1176//1176 1070//1070
f 1072//1072 1074//1074 1071//1071
f 1071//1071 1177//1177 1176//1176
f 1071//1071 1074//1074 1178//1178
f 1177//1177 1071//1071 1179//1179
f 1179//1179 1071//1071 1178//1178
f 1074//1074 1073//1073 1175//1175
f 1180//1180 1074//1074 1175//1175
f 1178//1178 1074//1074 1180//1180
f 1181//1181 1160//1160 1075//1075
f 1181//1181 1075//1075 1076//1076
f 1076//1076 1080//1080 1181//1181
f 1077//1077 1176//1176 1079//1079
f 1077//1077 1078//1078 1176//1176
f 1176//1176 1182//1182 1079//1079
f 1079//1079 1182//1182 1183//1183
f 1183//1183 1081//1081 1079//1079
f 1080//1080 1184//1184 1181//1181
f 1185//1185 1184//1184 1080//1080
f 1080//1080 1081//1081 1185//1185
f 1183//1183 1186//1186 1081//1081
f 1185//1185 1081//1081 1186//1186
f 1082//1082 1187//1187 1083//1083
f 1188//1188 1187//1187 1082//1082
f 1188//1188 1082//1082 1085//1085
f 1166//1166 1084//1084 1083//1083
f 1187//1187 1166//1166 1083//1083
f 1085//1085 1086//1086 1189//1189
f 1189//1189 1188//1188 1085//1085
f 1086//1086 1117//1117 1190//1190
f 1190//1190 1189//1189 1086//1086
f 1121//1121 1122//1122 1087//1087
f 1088//1088 1121//1121 1087//1087
f 1191//1191 1121//1121 1088//1088
f 1191//1191 1088//1088 1089//1089
f 1089//1089 1192//1192 1191//1191
f 1090//1090 1192//1192 1089//1089
f 1193//1193 1090//1090 1194//1194
f 1194//1194 1090//1090 1094//1094
f 1192//1192 1090//1090 1193//1193
f 1195//1195 1093//1093 1091//1091
f 1092//1092 1195//1195 1091//1091
f 1097//1097 1195//1195 1092//1092
f 1097//1097 1092//1092 1095//1095
f 1094//1094 1093//1093 1196//1196
f 1197//1197 1196//1196 1093//1093
f 1197//1197 1093//1093 1195//1195
f 1094//1094 1198//1198 1194//1194
f 1094//1094 1196//1196 1198//1198
f 1199//1199 1097//1097 1003//1003
f 1199//1199 1003//1003 1096//1096
f 1098//1098 1200//1200 1096//1096
f 1200//1200 1199//1199 1096//1096
f 1201//1201 1195//1195 1097//1097
f 1097//1097 1202//1202 1201//1201
f 1202//1202 1097//1097 1199//1199
f 1098//1098 1099//1099 1203//1203
f 1098//1098 1203//1203 1204//1204
f 1200//1200 1098//1098 1205//1205
f 1204//1204 1205//1205 1098//1098
f 1206//1206 1203//1203 1099//1099
f 1099//1099 1100//1100 1206//1206
f 1100//1100 1102//1102 1207//1207
f 1207//1207 1206//1206 1100//1100
f 1208//1208 1101//1101 1104//1104
f 1103//1103 1101//1101 1208//1208
f 1209//1209 1207//1207 1102//1102
f 1102//1102 1103//1103 1209//1209
f 1209//1209 1103//1103 1208//1208
f 1104//1104 1105//1105 1208//1208
f 1208//1208 1105//1105 1209//1209
f 1209//1209 1105//1105 1113//1113
f 1107//1107 1106//1106 1116//1116
f 1108//1108 1116//1116 1106//1106
f 1210//1210 1211//1211 1108//1108
f 1108//1108 1211//1211 1116//1116
f 1108//1108 1212//1212 1210//1210
f 1108//1108 1109//1109 1212//1212
f 1213//1213 1212//1212 1109//1109
f 1124//1124 1214//1214 1109//1109
f 1214//1214 1213//1213 1109//1109
f 1215//1215 1114//1114 1110//1110
f 1111//1111 1215//1215 1110//1110
f 1216//1216 1215//1215 1111//1111
f 1112//1112 1216//1216 1111//1111
f 1217//1217 1216//1216 1112//1112
f 1115//1115 1217//1217 1112//1112
f 1218//1218 1113//1113 1114//1114
f 1219//1219 1209//1209 1113//1113
f 1113//1113 1218//1218 1219//1219
f 1114//1114 1215//1215 1218//1218
f 1116//1116 1220//1220 1115//1115
f 1221//1221 1217//1217 1115//1115
f 1220//1220 1221//1221 1115//1115
f 1116//1116 1211//1211 1220//1220
f 1190//1190 1117//1117 1120//1120
f 1117//1117 1118//1118 1120//1120
f 1120//1120 1119//1119 1222//1222
f 1121//1121 1223//1223 1119//1119
f 1222//1222 1119//1119 1224//1224
f 1223//1223 1224//1224 1119//1119
f 1225//1225 1120//1120 1226//1226
f 1225//1225 1190//1190 1120//1120
f 1226//1226 1120//1120 1222//1222
f 1192//1192 1223//1223 1121//1121
f 1121//1121 1191//1191 1192//1192
f 1133//1133 1127//1127 1123//1123
f 1124//1124 1129//1129 1227//1227
f 1227//1227 1214//1214 1124//1124
f 1125//1125 1228//1228 1128//1128
f 1228//1228 1125//1125 1126//1126
f 1126//1126 1229//1229 1230//1230
f 1127//1127 1229//1229 1126//1126
f 1126//1126 1231//1231 1232//1232
f 1126//1126 1232//1232 1233//1233
f 1126//1126 1233//1233 1228//1228
f 1230//1230 1231//1231 1126//1126
f 1127//1127 1133//1133 1234//1234
f 1229//1229 1127//1127 1234//1234
f 1130//1130 1128//1128 1228//1228
f 1227//1227 1129//1129 1235//1235
f 1131//1131 1235//1235 1129//1129
f 1130//1130 1236//1236 1131//1131
f 1130//1130 1233//1233 1237//1237
f 1130//1130 1237//1237 1236//1236
f 1228//1228 1233//1233 1130//1130
f 1131//1131 1236//1236 1235//1235
f 1234//1234 1132//1132 1136//1136
f 1234//1234 1133//1133 1132//1132
f 1135//1135 1134//1134 1238//1238
f 1134//1134 1239//1239 1238//1238
f 1140//1140 1239//1239 1134//1134
f 1135//1135 1238//1238 1136//1136
f 1240//1240 1136//1136 1238//1238
f 1136//1136 1240//1240 1241//1241
f 1136//1136 1241//1241 1234//1234
f 1138//1138 1137//1137 1242//1242
f 1242//1242 1137//1137 1141//1141
f 1138//1138 1242//1242 1139//1139
f 1243//1243 1139//1139 1244//1244
f 1139//1139 1243//1243 1140//1140
f 1242//1242 1244//1244 1139//1139
f 1140//1140 1243//1243 1239//1239
f 1143//1143 1245//1245 1141//1141
f 1141//1141 1245//1245 1242//1242
f 1246//1246 1143//1143 1142//1142
f 1144//1144 1247//1247 1142//1142
f 1142//1142 1247//1247 1246//1246
f 1143//1143 1246//1246 1248//1248
f 1245//1245 1143//1143 1248//1248
f 1145//1145 1247//1247 1144//1144
f 1145//1145 1249//1249 1250//1250
f 1249//1249 1145//1145 1147//1147
f 1145//1145 1246//1246 1247//1247
f 1246//1246 1145//1145 1250//1250
f 1151//1151 1249//1249 1146//1146
f 1147//1147 1146//1146 1249//1249
f 1251//1251 1148//1148 1149//1149
f 1251//1251 1252//1252 1148//1148
f 1252//1252 1150//1150 1148//1148
f 1251//1251 1149//1149 1253//1253
f 1149//1149 1254//1254 1253//1253
f 1149//1149 1164//1164 1255//1255
f 1149//1149 1255//1255 1254//1254
f 1256//1256 1151//1151 1150//1150
f 1150//1150 1252//1252 1253//1253
f 1256//1256 1150//1150 1257//1257
f 1257//1257 1150//1150 1253//1253
f 1249//1249 1151//1151 1256//1256
f 1152//1152 1154//1154 1258//1258
f 1258//1258 1158//1158 1152//1152
f 1153//1153 1159//1159 1259//1259
f 1154//1154 1153//1153 1259//1259
f 1259//1259 1163//1163 1154//1154
f 1260//1260 1258//1258 1154//1154
f 1154//1154 1261//1261 1260//1260
f 1154//1154 1163//1163 1261//1261
f 1262//1262 1155//1155 1263//1263
f 1158//1158 1263//1263 1155//1155
f 1155//1155 1262//1262 1264//1264
f 1156//1156 1155//1155 1264//1264
f 1156//1156 1265//1265 1157//1157
f 1264//1264 1265//1265 1156//1156
f 1266//1266 1157//1157 1265//1265
f 1266//1266 1164//1164 1157//1157
f 1258//1258 1267//1267 1158//1158
f 1158//1158 1267//1267 1263//1263
f 1163//1163 1259//1259 1159//1159
f 1160//1160 1181//1181 1161//1161
f 1161//1161 1181//1181 1184//1184
f 1268//1268 1161//1161 1269//1269
f 1162//1162 1161//1161 1268//1268
f 1269//1269 1161//1161 1184//1184
f 1163//1163 1162//1162 1270//1270
f 1270//1270 1162//1162 1268//1268
f 1261//1261 1163//1163 1270//1270
f 1266//1266 1255//1255 1164//1164
f 1165//1165 1166//1166 1271//1271
f 1165//1165 1271//1271 1167//1167
f 1271//1271 1166//1166 1187//1187
f 1272//1272 1167//1167 1225//1225
f 1167//1167 1188//1188 1225//1225
f 1187//1187 1188//1188 1167//1167
f 1167//1167 1271//1271 1187//1187
f 1272//1272 1170//1170 1167//1167
f 1168//1168 1169//1169 1170//1170
f 1168//1168 1170//1170 1171//1171
f 1170//1170 1272//1272 1171//1171
f 1172//1172 1171//1171 1273//1273
f 1274//1274 1171//1171 1272//1272
f 1274//1274 1273//1273 1171//1171
f 1173//1173 1172//1172 1275//1275
f 1275//1275 1172//1172 1273//1273
f 1174//1174 1173//1173 1276//1276
f 1275//1275 1277//1277 1173//1173
f 1277//1277 1278//1278 1173//1173
f 1278//1278 1276//1276 1173//1173
f 1279//1279 1175//1175 1174//1174
f 1174//1174 1280//1280 1279//1279
f 1280//1280 1174//1174 1276//1276
f 1175//1175 1279//1279 1180//1180
f 1182//1182 1176//1176 1177//1177
f 1177//1177 1183//1183 1182//1182
f 1177//1177 1179//1179 1281//1281
f 1282//1282 1183//1183 1177//1177
f 1282//1282 1177//1177 1281//1281
f 1178//1178 1283//1283 1179//1179
f 1283//1283 1178//1178 1180//1180
f 1179//1179 1283//1283 1281//1281
f 1283//1283 1180//1180 1279//1279
f 1186//1186 1183//1183 1282//1282
f 1284//1284 1184//1184 1285//1285
f 1285//1285 1184//1184 1286//1286
f 1184//1184 1185//1185 1286//1286
f 1184//1184 1284//1284 1269//1269
f 1185//1185 1287//1287 1286//1286
f 1185//1185 1186//1186 1288//1288
f 1288//1288 1287//1287 1185//1185
f 1289//1289 1186//1186 1282//1282
f 1289//1289 1290//1290 1186//1186
f 1186//1186 1290//1290 1288//1288
f 1225//1225 1188//1188 1189//1189
f 1225//1225 1189//1189 1190//1190
f 1291//1291 1223//1223 1192//1192
f 1291//1291 1192//1192 1193//1193
f 1193//1193 1194//1194 1292//1292
f 1293//1293 1291//1291 1193//1193
f 1193//1193 1292//1292 1294//1294
f 1294//1294 1293//1293 1193//1193
f 1194//1194 1198//1198 1295//1295
f 1292//1292 1194//1194 1295//1295
f 1201//1201 1197//1197 1195//1195
f 1196//1196 1296//1296 1198//1198
f 1297//1297 1196//1196 1197//1197
f 1297//1297 1296//1296 1196//1196
f 1197//1197 1201//1201 1297//1297
f 1198//1198 1296//1296 1295//1295
f 1298//1298 1202//1202 1199//1199
f 1200//1200 1299//1299 1199//1199
f 1300//1300 1298//1298 1199//1199
f 1300//1300 1199//1199 1301//1301
f 1199//1199 1299//1299 1301//1301
f 1205//1205 1299//1299 1200//1200
f 1297//1297 1201//1201 1298//1298
f 1201//1201 1202//1202 1298//1298
f 1203//1203 1206//1206 1302//1302
f 1302//1302 1204//1204 1203//1203
f 1303//1303 1205//1205 1204//1204
f 1304//1304 1305//1305 1204//1204
f 1204//1204 1305//1305 1303//1303
f 1304//1304 1204//1204 1302//1302
f 1303//1303 1306//1306 1205//1205
f 1299//1299 1205//1205 1306//1306
f 1206//1206 1207//1207 1307//1307
f 1302//1302 1206//1206 1307//1307
f 1307//1307 1207//1207 1209//1209
f 1307//1307 1209//1209 1219//1219
f 1308//1308 1211//1211 1210//1210
f 1210//1210 1309//1309 1308//1308
f 1210//1210 1310//1310 1309//1309
f 1212//1212 1310//1310 1210//1210
f 1211//1211 1311//1311 1220//1220
f 1308//1308 1311//1311 1211//1211
f 1212//1212 1213//1213 1310//1310
f 1312//1312 1310//1310 1213//1213
f 1312//1312 1213//1213 1313//1313
f 1214//1214 1313//1313 1213//1213
f 1214//1214 1314//1314 1315//1315
f 1315//1315 1313//1313 1214//1214
f 1214//1214 1227//1227 1314//1314
f 1215//1215 1216//1216 1218//1218
f 1216//1216 1217//1217 1218//1218
f 1217//1217 1221//1221 1218//1218
f 1221//1221 1308//1308 1218//1218
f 1308//1308 1316//1316 1218//1218
f 1317//1317 1218//1218 1316//1316
f 1317//1317 1318//1318 1218//1218
f 1318//1318 1219//1219 1218//1218
f 1307//1307 1219//1219 1319//1319
f 1219//1219 1320//1320 1319//1319
f 1321//1321 1219//1219 1318//1318
f 1320//1320 1219//1219 1321//1321
f 1311//1311 1221//1221 1220//1220
f 1221//1221 1311//1311 1308//1308
f 1226//1226 1222//1222 1322//1322
f 1222//1222 1224//1224 1322//1322
f 1291//1291 1224//1224 1223//1223
f 1322//1322 1224//1224 1323//1323
f 1323//1323 1224//1224 1291//1291
f 1272//1272 1225//1225 1226//1226
f 1226//1226 1324//1324 1325//1325
f 1322//1322 1324//1324 1226//1226
f 1325//1325 1272//1272 1226//1226
f 1235//1235 1326//1326 1227//1227
f 1326//1326 1314//1314 1227//1227
f 1234//1234 1327//1327 1229//1229
f 1229//1229 1327//1327 1230//1230
f 1328//1328 1230//1230 1329//1329
f 1230//1230 1327//1327 1329//1329
f 1330//1330 1231//1231 1230//1230
f 1328//1328 1330//1330 1230//1230
f 1231//1231 1330//1330 1232//1232
f 1331//1331 1332//1332 1232//1232
f 1332//1332 1233//1233 1232//1232
f 1232//1232 1333//1333 1331//1331
f 1330//1330 1333//1333 1232//1232
f 1233//1233 1332//1332 1237//1237
f 1234//1234 1241//1241 1327//1327
f 1235//1235 1334//1334 1326//1326
f 1335//1335 1334//1334 1235//1235
f 1235//1235 1236//1236 1335//1335
f 1336//1336 1236//1236 1237//1237
f 1335//1335 1236//1236 1336//1336
f 1331//1331 1237//1237 1332//1332
f 1337//1337 1336//1336 1237//1237
f 1237//1237 1331//1331 1337//1337
f 1240//1240 1238//1238 1239//1239
f 1240//1240 1239//1239 1243//1243
f 1338//1338 1240//1240 1339//1339
f 1240//1240 1243//1243 1339//1339
f 1338//1338 1241//1241 1240//1240
f 1241//1241 1338//1338 1327//1327
f 1245//1245 1244//1244 1242//1242
f 1244//1244 1340//1340 1243//1243
f 1340//1340 1339//1339 1243//1243
f 1244//1244 1245//1245 1341//1341
f 1341//1341 1340//1340 1244//1244
f 1342//1342 1341//1341 1245//1245
f 1245//1245 1248//1248 1342//1342
f 1246//1246 1343//1343 1248//1248
f 1250//1250 1343//1343 1246//1246
f 1343//1343 1342//1342 1248//1248
f 1249//1249 1256//1256 1250//1250
f 1344//1344 1345//1345 1250//1250
f 1250//1250 1257//1257 1344//1344
f 1346//1346 1250//1250 1345//1345
f 1257//1257 1250//1250 1256//1256
f 1250//1250 1346//1346 1347//1347
f 1347//1347 1343//1343 1250//1250
f 1253//1253 1252//1252 1251//1251
f 1254//1254 1348//1348 1253//1253
f 1253//1253 1348//1348 1257//1257
f 1349//1349 1254//1254 1255//1255
f 1349//1349 1348//1348 1254//1254
f 1266//1266 1349//1349 1255//1255
f 1257//1257 1348//1348 1350//1350
f 1257//1257 1350//1350 1344//1344
f 1258//1258 1260//1260 1267//1267
f 1261//1261 1351//1351 1260//1260
f 1267//1267 1260//1260 1352//1352
f 1352//1352 1260//1260 1351//1351
f 1351//1351 1261//1261 1353//1353
f 1261//1261 1270//1270 1353//1353
f 1354//1354 1262//1262 1263//1263
f 1264//1264 1262//1262 1355//1355
f 1354//1354 1355//1355 1262//1262
f 1263//1263 1356//1356 1354//1354
f 1357//1357 1358//1358 1263//1263
f 1263//1263 1267//1267 1357//1357
f 1263//1263 1358//1358 1356//1356
f 1265//1265 1264//1264 1359//1359
f 1355//1355 1359//1359 1264//1264
f 1265//1265 1360//1360 1361//1361
f 1361//1361 1266//1266 1265//1265
f 1265//1265 1359//1359 1360//1360
f 1266//1266 1361//1361 1349//1349
f 1357//1357 1267//1267 1352//1352
f 1362//1362 1268//1268 1269//1269
f 1268//1268 1363//1363 1364//1364
f 1270//1270 1268//1268 1364//1364
f 1268//1268 1362//1362 1363//1363
f 1269//1269 1284//1284 1362//1362
f 1270//1270 1364//1364 1365//1365
f 1353//1353 1270//1270 1365//1365
f 1274//1274 1272//1272 1325//1325
f 1273//1273 1274//1274 1325//1325
f 1273//1273 1325//1325 1366//1366
f 1273//1273 1367//1367 1275//1275
f 1366//1366 1367//1367 1273//1273
f 1367//1367 1368//1368 1275//1275
f 1277//1277 1275//1275 1368//1368
f 1369//1369 1276//1276 1278//1278
f 1280//1280 1276//1276 1369//1369
f 1277//1277 1368//1368 1370//1370
f 1277//1277 1370//1370 1371//1371
f 1278//1278 1277//1277 1371//1371
f 1278//1278 1371//1371 1369//1369
f 1283//1283 1279//1279 1372//1372
f 1280//1280 1372//1372 1279//1279
f 1373//1373 1372//1372 1280//1280
f 1374//1374 1373//1373 1280//1280
f 1280//1280 1369//1369 1375//1375
f 1374//1374 1280//1280 1375//1375
f 1282//1282 1281//1281 1289//1289
f 1373//1373 1281//1281 1372//1372
f 1281//1281 1373//1373 1376//1376
f 1281//1281 1377//1377 1289//1289
f 1377//1377 1281//1281 1376//1376
f 1281//1281 1283//1283 1372//1372
f 1285//1285 1378//1378 1284//1284
f 1362//1362 1284//1284 1379//1379
f 1379//1379 1284//1284 1378//1378
f 1285//1285 1286//1286 1380//1380
f 1378//1378 1285//1285 1380//1380
f 1381//1381 1380//1380 1286//1286
f 1286//1286 1287//1287 1381//1381
f 1288//1288 1290//1290 1287//1287
f 1290//1290 1381//1381 1287//1287
f 1290//1290 1289//1289 1377//1377
f 1382//1382 1290//1290 1383//1383
f 1377//1377 1383//1383 1290//1290
f 1291//1291 1293//1293 1323//1323
f 1292//1292 1295//1295 1384//1384
f 1384//1384 1385//1385 1292//1292
f 1386//1386 1294//1294 1292//1292
f 1386//1386 1292//1292 1385//1385
f 1323//1323 1293//1293 1387//1387
f 1293//1293 1294//1294 1387//1387
f 1386//1386 1388//1388 1294//1294
f 1389//1389 1294//1294 1388//1388
f 1294//1294 1389//1389 1387//1387
f 1384//1384 1295//1295 1390//1390
f 1296//1296 1390//1390 1295//1295
f 1297//1297 1391//1391 1296//1296
f 1296//1296 1391//1391 1390//1390
f 1298//1298 1391//1391 1297//1297
f 1392//1392 1393//1393 1298//1298
f 1298//1298 1300//1300 1392//1392
f 1393//1393 1391//1391 1298//1298
f 1306//1306 1301//1301 1299//1299
f 1392//1392 1300//1300 1394//1394
f 1395//1395 1394//1394 1300//1300
f 1395//1395 1300//1300 1306//1306
f 1301//1301 1306//1306 1300//1300
f 1302//1302 1396//1396 1304//1304
f 1396//1396 1302//1302 1307//1307
f 1306//1306 1303//1303 1305//1305
f 1397//1397 1305//1305 1304//1304
f 1397//1397 1304//1304 1398//1398
f 1304//1304 1396//1396 1398//1398
f 1305//1305 1399//1399 1400//1400
f 1305//1305 1400//1400 1306//1306
f 1305//1305 1397//1397 1401//1401
f 1305//1305 1401//1401 1402//1402
f 1402//1402 1399//1399 1305//1305
f 1306//1306 1403//1403 1395//1395
f 1400//1400 1403//1403 1306//1306
f 1319//1319 1396//1396 1307//1307
f 1309//1309 1316//1316 1308//1308
f 1309//1309 1312//1312 1316//1316
f 1312//1312 1309//1309 1310//1310
f 1312//1312 1317//1317 1316//1316
f 1313//1313 1315//1315 1312//1312
f 1404//1404 1317//1317 1312//1312
f 1315//1315 1404//1404 1312//1312
f 1315//1315 1314//1314 1405//1405
f 1314//1314 1406//1406 1405//1405
f 1407//1407 1406//1406 1314//1314
f 1314//1314 1326//1326 1407//1407
f 1405//1405 1404//1404 1315//1315
f 1404//1404 1318//1318 1317//1317
f 1318//1318 1408//1408 1409//1409
f 1321//1321 1318//1318 1410//1410
f 1408//1408 1318//1318 1404//1404
f 1410//1410 1318//1318 1409//1409
f 1411//1411 1319//1319 1412//1412
f 1398//1398 1396//1396 1319//1319
f 1319//1319 1320//1320 1412//1412
f 1319//1319 1411//1411 1398//1398
f 1320//1320 1413//1413 1414//1414
f 1320//1320 1415//1415 1413//1413
f 1416//1416 1412//1412 1320//1320
f 1320//1320 1321//1321 1417//1417
f 1417//1417 1415//1415 1320//1320
f 1416//1416 1320//1320 1414//1414
f 1410//1410 1417//1417 1321//1321
f 1418//1418 1322//1322 1323//1323
f 1418//1418 1324//1324 1322//1322
f 1323//1323 1387//1387 1418//1418
f 1366//1366 1325//1325 1324//1324
f 1366//1366 1324//1324 1418//1418
f 1326//1326 1409//1409 1407//1407
f 1334//1334 1409//1409 1326//1326
f 1327//1327 1338//1338 1329//1329
f 1328//1328 1329//1329 1419//1419
f 1420//1420 1421//1421 1328//1328
f 1328//1328 1421//1421 1330//1330
f 1419//1419 1420//1420 1328//1328
f 1338//1338 1422//1422 1329//1329
f 1419//1419 1329//1329 1422//1422
f 1330//1330 1421//1421 1333//1333
f 1331//1331 1423//1423 1337//1337
f 1424//1424 1423//1423 1331//1331
f 1333//1333 1424//1424 1331//1331
f 1421//1421 1424//1424 1333//1333
f 1409//1409 1334//1334 1425//1425
f 1334//1334 1335//1335 1425//1425
f 1425//1425 1335//1335 1336//1336
f 1337//1337 1425//1425 1336//1336
f 1337//1337 1409//1409 1425//1425
f 1409//1409 1337//1337 1426//1426
f 1426//1426 1337//1337 1423//1423
f 1339//1339 1422//1422 1338//1338
f 1427//1427 1420//1420 1339//1339
f 1427//1427 1339//1339 1428//1428
f 1340//1340 1429//1429 1339//1339
f 1339//1339 1429//1429 1428//1428
f 1420//1420 1419//1419 1339//1339
f 1419//1419 1422//1422 1339//1339
f 1340//1340 1341//1341 1430//1430
f 1431//1431 1340//1340 1432//1432
f 1340//1340 1431//1431 1429//1429
f 1340//1340 1430//1430 1432//1432
f 1341//1341 1433//1433 1430//1430
f 1433//1433 1341//1341 1342//1342
f 1343//1343 1347//1347 1342//1342
f 1342//1342 1347//1347 1346//1346
f 1433//1433 1342//1342 1346//1346
f 1434//1434 1345//1345 1344//1344
f 1350//1350 1435//1435 1344//1344
f 1344//1344 1435//1435 1434//1434
f 1434//1434 1436//1436 1345//1345
f 1345//1345 1437//1437 1346//1346
f 1436//1436 1437//1437 1345//1345
f 1346//1346 1438//1438 1432//1432
f 1346//1346 1432//1432 1430//1430
f 1430//1430 1433//1433 1346//1346
f 1346//1346 1439//1439 1438//1438
f 1346//1346 1437//1437 1439//1439
f 1349//1349 1350//1350 1348//1348
f 1349//1349 1435//1435 1350//1350
f 1440//1440 1351//1351 1365//1365
f 1351//1351 1441//1441 1442//1442
f 1351//1351 1442//1442 1352//1352
f 1441//1441 1351//1351 1440//1440
f 1351//1351 1353//1353 1365//1365
f 1357//1357 1352//1352 1442//1442
f 1443//1443 1354//1354 1356//1356
f 1355//1355 1354//1354 1443//1443
f 1443//1443 1444//1444 1355//1355
f 1355//1355 1444//1444 1359//1359
f 1358//1358 1445//1445 1356//1356
f 1356//1356 1445//1445 1443//1443
f 1358//1358 1357//1357 1446//1446
f 1357//1357 1442//1442 1447//1447
f 1446//1446 1357//1357 1447//1447
f 1358//1358 1448//1448 1445//1445
f 1446//1446 1448//1448 1358//1358
f 1359//1359 1444//1444 1449//1449
f 1359//1359 1449//1449 1360//1360
f 1349//1349 1361//1361 1360//1360
f 1450//1450 1349//1349 1360//1360
f 1450//1450 1360//1360 1449//1449
f 1349//1349 1450//1450 1435//1435
f 1363//1363 1362//1362 1451//1451
f 1451//1451 1362//1362 1379//1379
f 1365//1365 1364//1364 1363//1363
f 1452//1452 1365//1365 1363//1363
f 1452//1452 1363//1363 1451//1451
f 1365//1365 1452//1452 1440//1440
f 1453//1453 1366//1366 1418//1418
f 1366//1366 1453//1453 1367//1367
f 1368//1368 1367//1367 1453//1453
f 1368//1368 1454//1454 1370//1370
f 1455//1455 1368//1368 1453//1453
f 1368//1368 1455//1455 1456//1456
f 1454//1454 1368//1368 1457//1457
f 1368//1368 1456//1456 1457//1457
f 1375//1375 1369//1369 1457//1457
f 1369//1369 1371//1371 1457//1457
f 1371//1371 1370//1370 1454//1454
f 1457//1457 1371//1371 1454//1454
f 1373//1373 1458//1458 1376//1376
f 1458//1458 1373//1373 1374//1374
f 1459//1459 1460//1460 1374//1374
f 1460//1460 1461//1461 1374//1374
f 1374//1374 1461//1461 1458//1458
f 1375//1375 1459//1459 1374//1374
f 1459//1459 1375//1375 1462//1462
f 1462//1462 1375//1375 1463//1463
f 1375//1375 1457//1457 1463//1463
f 1383//1383 1377//1377 1376//1376
f 1376//1376 1458//1458 1383//1383
f 1378//1378 1380//1380 1464//1464
f 1379//1379 1378//1378 1465//1465
f 1464//1464 1465//1465 1378//1378
f 1466//1466 1451//1451 1379//1379
f 1379//1379 1465//1465 1467//1467
f 1467//1467 1468//1468 1379//1379
f 1379//1379 1468//1468 1466//1466
f 1464//1464 1380//1380 1381//1381
f 1381//1381 1290//1290 1464//1464
f 1469//1469 1290//1290 1382//1382
f 1290//1290 1469//1469 1464//1464
f 1382//1382 1383//1383 1470//1470
f 1470//1470 1469//1469 1382//1382
f 1471//1471 1470//1470 1383//1383
f 1471//1471 1383//1383 1472//1472
f 1383//1383 1458//1458 1473//1473
f 1472//1472 1383//1383 1473//1473
f 1384//1384 1394//1394 1474//1474
f 1384//1384 1392//1392 1394//1394
f 1390//1390 1392//1392 1384//1384
f 1385//1385 1384//1384 1474//1474
f 1385//1385 1474//1474 1475//1475
f 1385//1385 1475//1475 1388//1388
f 1385//1385 1388//1388 1386//1386
f 1418//1418 1387//1387 1476//1476
f 1387//1387 1389//1389 1476//1476
f 1388//1388 1477//1477 1389//1389
f 1478//1478 1477//1477 1388//1388
f 1478//1478 1388//1388 1475//1475
f 1479//1479 1476//1476 1389//1389
f 1389//1389 1477//1477 1480//1480
f 1479//1479 1389//1389 1480//1480
f 1391//1391 1393//1393 1390//1390
f 1393//1393 1392//1392 1390//1390
f 1481//1481 1474//1474 1394//1394
f 1395//1395 1481//1481 1394//1394
f 1481//1481 1395//1395 1482//1482
f 1403//1403 1482//1482 1395//1395
f 1483//1483 1401//1401 1397//1397
f 1398//1398 1484//1484 1397//1397
f 1485//1485 1397//1397 1486//1486
f 1397//1397 1485//1485 1483//1483
f 1486//1486 1397//1397 1484//1484
f 1484//1484 1398//1398 1411//1411
f 1403//1403 1400//1400 1399//1399
f 1399//1399 1487//1487 1488//1488
f 1402//1402 1487//1487 1399//1399
f 1399//1399 1488//1488 1403//1403
f 1401//1401 1489//1489 1402//1402
f 1401//1401 1490//1490 1489//1489
f 1491//1491 1490//1490 1401//1401
f 1483//1483 1491//1491 1401//1401
f 1402//1402 1492//1492 1487//1487
f 1489//1489 1492//1492 1402//1402
f 1403//1403 1488//1488 1493//1493
f 1493//1493 1494//1494 1403//1403
f 1482//1482 1403//1403 1494//1494
f 1405//1405 1408//1408 1404//1404
f 1406//1406 1408//1408 1405//1405
f 1407//1407 1409//1409 1406//1406
f 1408//1408 1406//1406 1409//1409
f 1409//1409 1426//1426 1495//1495
f 1495//1495 1410//1410 1409//1409
f 1410//1410 1496//1496 1417//1417
f 1496//1496 1410//1410 1495//1495
f 1411//1411 1412//1412 1497//1497
f 1497//1497 1484//1484 1411//1411
f 1412//1412 1416//1416 1497//1497
f 1498//1498 1414//1414 1413//1413
f 1496//1496 1413//1413 1415//1415
f 1496//1496 1426//1426 1413//1413
f 1498//1498 1413//1413 1423//1423
f 1423//1423 1413//1413 1426//1426
f 1414//1414 1499//1499 1416//1416
f 1500//1500 1414//1414 1501//1501
f 1501//1501 1414//1414 1498//1498
f 1499//1499 1414//1414 1500//1500
f 1417//1417 1496//1496 1415//1415
f 1416//1416 1502//1502 1497//1497
f 1416//1416 1499//1499 1502//1502
f 1476//1476 1479//1479 1418//1418
f 1418//1418 1479//1479 1503//1503
f 1503//1503 1453//1453 1418//1418
f 1427//1427 1504//1504 1420//1420
f 1420//1420 1504//1504 1421//1421
f 1421//1421 1504//1504 1424//1424
f 1423//1423 1424//1424 1504//1504
f 1504//1504 1498//1498 1423//1423
f 1495//1495 1426//1426 1496//1496
f 1428//1428 1505//1505 1427//1427
f 1501//1501 1427//1427 1505//1505
f 1427//1427 1501//1501 1504//1504
f 1429//1429 1505//1505 1428//1428
f 1432//1432 1506//1506 1431//1431
f 1429//1429 1431//1431 1506//1506
f 1506//1506 1432//1432 1507//1507
f 1508//1508 1432//1432 1509//1509
f 1432//1432 1510//1510 1509//1509
f 1510//1510 1432//1432 1438//1438
f 1432//1432 1508//1508 1507//1507
f 1434//1434 1511//1511 1436//1436
f 1435//1435 1512//1512 1434//1434
f 1434//1434 1513//1513 1511//1511
f 1513//1513 1434//1434 1512//1512
f 1514//1514 1435//1435 1515//1515
f 1514//1514 1512//1512 1435//1435
f 1435//1435 1450//1450 1515//1515
f 1436//1436 1516//1516 1517//1517
f 1436//1436 1518//1518 1516//1516
f 1511//1511 1518//1518 1436//1436
f 1437//1437 1436//1436 1517//1517
f 1517//1517 1439//1439 1437//1437
f 1438//1438 1439//1439 1510//1510
f 1519//1519 1520//1520 1439//1439
f 1439//1439 1517//1517 1519//1519
f 1521//1521 1510//1510 1439//1439
f 1520//1520 1521//1521 1439//1439
f 1522//1522 1523//1523 1440//1440
f 1440//1440 1452//1452 1522//1522
f 1523//1523 1441//1441 1440//1440
f 1524//1524 1442//1442 1441//1441
f 1441//1441 1523//1523 1525//1525
f 1524//1524 1441//1441 1525//1525
f 1442//1442 1524//1524 1526//1526
f 1442//1442 1526//1526 1527//1527
f 1527//1527 1447//1447 1442//1442
f 1443//1443 1445//1445 1528//1528
f 1443//1443 1528//1528 1444//1444
f 1529//1529 1444//1444 1528//1528
f 1449//1449 1444//1444 1529//1529
f 1530//1530 1445//1445 1448//1448
f 1445//1445 1530//1530 1528//1528
f 1446//1446 1531//1531 1448//1448
f 1447//1447 1531//1531 1446//1446
f 1531//1531 1447//1447 1527//1527
f 1530//1530 1448//1448 1532//1532
f 1448//1448 1531//1531 1532//1532
f 1515//1515 1449//1449 1529//1529
f 1450//1450 1449//1449 1515//1515
f 1452//1452 1451//1451 1522//1522
f 1522//1522 1451//1451 1533//1533
f 1451//1451 1466//1466 1533//1533
f 1453//1453 1503//1503 1534//1534
f 1535//1535 1536//1536 1453//1453
f 1453//1453 1534//1534 1535//1535
f 1536//1536 1455//1455 1453//1453
f 1455//1455 1536//1536 1537//1537
f 1537//1537 1538//1538 1455//1455
f 1455//1455 1538//1538 1456//1456
f 1456//1456 1539//1539 1457//1457
f 1456//1456 1538//1538 1540//1540
f 1456//1456 1540//1540 1539//1539
f 1457//1457 1539//1539 1541//1541
f 1541//1541 1542//1542 1457//1457
f 1463//1463 1457//1457 1542//1542
f 1543//1543 1458//1458 1461//1461
f 1473//1473 1458//1458 1543//1543
f 1459//1459 1544//1544 1460//1460
f 1462//1462 1544//1544 1459//1459
f 1460//1460 1544//1544 1461//1461
f 1461//1461 1545//1545 1543//1543
f 1461//1461 1544//1544 1546//1546
f 1461//1461 1546//1546 1545//1545
f 1544//1544 1462//1462 1547//1547
f 1462//1462 1548//1548 1547//1547
f 1548//1548 1462//1462 1463//1463
f 1549//1549 1548//1548 1463//1463
f 1463//1463 1550//1550 1549//1549
f 1542//1542 1550//1550 1463//1463
f 1465//1465 1464//1464 1551//1551
f 1552//1552 1551//1551 1464//1464
f 1552//1552 1464//1464 1470//1470
f 1470//1470 1464//1464 1469//1469
f 1551//1551 1553//1553 1465//1465
f 1554//1554 1465//1465 1553//1553
f 1467//1467 1465//1465 1554//1554
f 1468//1468 1555//1555 1466//1466
f 1466//1466 1555//1555 1556//1556
f 1466//1466 1556//1556 1533//1533
f 1468//1468 1467//1467 1557//1557
f 1554//1554 1557//1557 1467//1467
f 1558//1558 1468//1468 1557//1557
f 1468//1468 1558//1558 1555//1555
f 1470//1470 1471//1471 1559//1559
f 1559//1559 1552//1552 1470//1470
f 1560//1560 1471//1471 1472//1472
f 1471//1471 1560//1560 1559//1559
f 1561//1561 1472//1472 1473//1473
f 1560//1560 1472//1472 1562//1562
f 1562//1562 1472//1472 1561//1561
f 1543//1543 1561//1561 1473//1473
f 1474//1474 1481//1481 1475//1475
f 1475//1475 1563//1563 1478//1478
f 1475//1475 1481//1481 1563//1563
f 1478//1478 1564//1564 1477//1477
f 1477//1477 1564//1564 1565//1565
f 1480//1480 1477//1477 1565//1565
f 1478//1478 1563//1563 1564//1564
f 1480//1480 1503//1503 1479//1479
f 1534//1534 1503//1503 1480//1480
f 1565//1565 1566//1566 1480//1480
f 1480//1480 1566//1566 1534//1534
f 1482//1482 1563//1563 1481//1481
f 1494//1494 1563//1563 1482//1482
f 1483//1483 1567//1567 1491//1491
f 1485//1485 1568//1568 1483//1483
f 1568//1568 1567//1567 1483//1483
f 1484//1484 1569//1569 1570//1570
f 1486//1486 1484//1484 1570//1570
f 1484//1484 1571//1571 1572//1572
f 1484//1484 1572//1572 1573//1573
f 1573//1573 1569//1569 1484//1484
f 1484//1484 1497//1497 1571//1571
f 1485//1485 1486//1486 1574//1574
f 1575//1575 1568//1568 1485//1485
f 1485//1485 1574//1574 1575//1575
f 1574//1574 1486//1486 1570//1570
f 1576//1576 1488//1488 1487//1487
f 1492//1492 1576//1576 1487//1487
f 1493//1493 1488//1488 1576//1576
f 1489//1489 1577//1577 1492//1492
f 1490//1490 1577//1577 1489//1489
f 1535//1535 1577//1577 1490//1490
f 1491//1491 1535//1535 1490//1490
f 1567//1567 1535//1535 1491//1491
f 1565//1565 1576//1576 1492//1492
f 1492//1492 1566//1566 1565//1565
f 1566//1566 1492//1492 1577//1577
f 1578//1578 1494//1494 1493//1493
f 1578//1578 1493//1493 1576//1576
f 1563//1563 1494//1494 1564//1564
f 1564//1564 1494//1494 1578//1578
f 1579//1579 1571//1571 1497//1497
f 1580//1580 1497//1497 1502//1502
f 1579//1579 1497//1497 1580//1580
f 1501//1501 1498//1498 1504//1504
f 1581//1581 1502//1502 1499//1499
f 1582//1582 1581//1581 1499//1499
f 1582//1582 1499//1499 1500//1500
f 1501//1501 1507//1507 1500//1500
f 1582//1582 1500//1500 1583//1583
f 1583//1583 1500//1500 1507//1507
f 1505//1505 1584//1584 1501//1501
f 1501//1501 1584//1584 1507//1507
f 1580//1580 1502//1502 1585//1585
f 1585//1585 1502//1502 1581//1581
f 1429//1429 1584//1584 1505//1505
f 1584//1584 1429//1429 1506//1506
f 1507//1507 1584//1584 1506//1506
f 1507//1507 1508//1508 1583//1583
f 1586//1586 1508//1508 1509//1509
f 1587//1587 1588//1588 1508//1508
f 1589//1589 1583//1583 1508//1508
f 1587//1587 1508//1508 1586//1586
f 1589//1589 1508//1508 1588//1588
f 1509//1509 1510//1510 1586//1586
f 1510//1510 1590//1590 1586//1586
f 1510//1510 1591//1591 1590//1590
f 1521//1521 1591//1591 1510//1510
f 1511//1511 1592//1592 1518//1518
f 1513//1513 1592//1592 1511//1511
f 1593//1593 1594//1594 1512//1512
f 1512//1512 1594//1594 1595//1595
f 1512//1512 1595//1595 1513//1513
f 1596//1596 1593//1593 1512//1512
f 1512//1512 1514//1514 1596//1596
f 1597//1597 1513//1513 1595//1595
f 1513//1513 1597//1597 1592//1592
f 1515//1515 1598//1598 1514//1514
f 1596//1596 1514//1514 1599//1599
f 1598//1598 1599//1599 1514//1514
f 1529//1529 1598//1598 1515//1515
f 1516//1516 1600//1600 1517//1517
f 1516//1516 1601//1601 1600//1600
f 1518//1518 1601//1601 1516//1516
f 1600//1600 1602//1602 1517//1517
f 1517//1517 1602//1602 1519//1519
f 1518//1518 1603//1603 1601//1601
f 1592//1592 1603//1603 1518//1518
f 1520//1520 1519//1519 1602//1602
f 1602//1602 1604//1604 1520//1520
f 1520//1520 1604//1604 1605//1605
f 1521//1521 1520//1520 1605//1605
f 1606//1606 1591//1591 1521//1521
f 1521//1521 1605//1605 1606//1606
f 1523//1523 1522//1522 1607//1607
f 1533//1533 1607//1607 1522//1522
f 1608//1608 1525//1525 1523//1523
f 1608//1608 1523//1523 1607//1607
f 1524//1524 1609//1609 1526//1526
f 1609//1609 1524//1524 1525//1525
f 1609//1609 1525//1525 1608//1608
f 1610//1610 1527//1527 1526//1526
f 1526//1526 1596//1596 1610//1610
f 1526//1526 1609//1609 1593//1593
f 1596//1596 1526//1526 1593//1593
f 1531//1531 1527//1527 1599//1599
f 1599//1599 1527//1527 1610//1610
f 1530//1530 1532//1532 1528//1528
f 1528//1528 1532//1532 1529//1529
f 1529//1529 1532//1532 1598//1598
f 1532//1532 1531//1531 1599//1599
f 1532//1532 1599//1599 1598//1598
f 1611//1611 1612//1612 1533//1533
f 1607//1607 1533//1533 1612//1612
f 1611//1611 1533//1533 1556//1556
f 1566//1566 1577//1577 1534//1534
f 1534//1534 1577//1577 1535//1535
f 1536//1536 1535//1535 1567//1567
f 1567//1567 1537//1537 1536//1536
f 1568//1568 1537//1537 1567//1567
f 1613//1613 1537//1537 1568//1568
f 1538//1538 1537//1537 1613//1613
f 1614//1614 1538//1538 1613//1613
f 1540//1540 1538//1538 1614//1614
f 1539//1539 1540//1540 1615//1615
f 1541//1541 1539//1539 1615//1615
f 1540//1540 1614//1614 1615//1615
f 1541//1541 1615//1615 1616//1616
f 1616//1616 1542//1542 1541//1541
f 1542//1542 1616//1616 1617//1617
f 1542//1542 1618//1618 1550//1550
f 1542//1542 1617//1617 1618//1618
f 1543//1543 1545//1545 1561//1561
f 1619//1619 1544//1544 1547//1547
f 1546//1546 1544//1544 1619//1619
f 1545//1545 1546//1546 1620//1620
f 1561//1561 1545//1545 1620//1620
f 1546//1546 1619//1619 1620//1620
f 1547//1547 1548//1548 1621//1621
f 1547//1547 1621//1621 1622//1622
f 1623//1623 1547//1547 1622//1622
f 1619//1619 1547//1547 1623//1623
f 1621//1621 1548//1548 1549//1549
f 1549//1549 1624//1624 1621//1621
f 1549//1549 1625//1625 1626//1626
f 1550//1550 1625//1625 1549//1549
f 1626//1626 1624//1624 1549//1549
f 1550//1550 1627//1627 1625//1625
f 1618//1618 1628//1628 1550//1550
f 1550//1550 1628//1628 1627//1627
f 1551//1551 1629//1629 1553//1553
f 1629//1629 1551//1551 1630//1630
f 1630//1630 1551//1551 1552//1552
f 1630//1630 1552//1552 1559//1559
f 1553//1553 1631//1631 1554//1554
f 1553//1553 1629//1629 1632//1632
f 1553//1553 1632//1632 1631//1631
f 1554//1554 1631//1631 1557//1557
f 1633//1633 1555//1555 1558//1558
f 1556//1556 1555//1555 1633//1633
f 1556//1556 1633//1633 1611//1611
f 1557//1557 1634//1634 1558//1558
f 1557//1557 1631//1631 1635//1635
f 1557//1557 1635//1635 1634//1634
f 1558//1558 1634//1634 1633//1633
f 1630//1630 1559//1559 1636//1636
f 1637//1637 1636//1636 1559//1559
f 1559//1559 1560//1560 1637//1637
f 1638//1638 1637//1637 1560//1560
f 1639//1639 1638//1638 1560//1560
f 1562//1562 1639//1639 1560//1560
f 1562//1562 1561//1561 1620//1620
f 1640//1640 1562//1562 1620//1620
f 1562//1562 1640//1640 1641//1641
f 1641//1641 1639//1639 1562//1562
f 1565//1565 1564//1564 1576//1576
f 1564//1564 1578//1578 1576//1576
f 1613//1613 1568//1568 1614//1614
f 1614//1614 1568//1568 1575//1575
f 1569//1569 1642//1642 1570//1570
f 1573//1573 1643//1643 1569//1569
f 1643//1643 1642//1642 1569//1569
f 1574//1574 1570//1570 1644//1644
f 1642//1642 1644//1644 1570//1570
f 1571//1571 1645//1645 1572//1572
f 1571//1571 1646//1646 1645//1645
f 1579//1579 1647//1647 1571//1571
f 1647//1647 1646//1646 1571//1571
f 1572//1572 1648//1648 1573//1573
f 1572//1572 1649//1649 1648//1648
f 1572//1572 1645//1645 1649//1649
f 1650//1650 1573//1573 1648//1648
f 1643//1643 1573//1573 1650//1650
f 1574//1574 1651//1651 1575//1575
f 1644//1644 1651//1651 1574//1574
f 1614//1614 1575//1575 1652//1652
f 1575//1575 1651//1651 1652//1652
f 1653//1653 1654//1654 1579//1579
f 1647//1647 1579//1579 1655//1655
f 1654//1654 1655//1655 1579//1579
f 1653//1653 1579//1579 1580//1580
f 1580//1580 1581//1581 1656//1656
f 1653//1653 1580//1580 1656//1656
f 1580//1580 1585//1585 1581//1581
f 1656//1656 1581//1581 1582//1582
f 1657//1657 1582//1582 1583//1583
f 1656//1656 1582//1582 1657//1657
f 1583//1583 1658//1658 1657//1657
f 1659//1659 1658//1658 1583//1583
f 1589//1589 1660//1660 1583//1583
f 1583//1583 1660//1660 1659//1659
f 1586//1586 1661//1661 1587//1587
f 1590//1590 1662//1662 1586//1586
f 1662//1662 1661//1661 1586//1586
f 1588//1588 1587//1587 1663//1663
f 1587//1587 1664//1664 1663//1663
f 1661//1661 1664//1664 1587//1587
f 1589//1589 1588//1588 1665//1665
f 1666//1666 1588//1588 1667//1667
f 1663//1663 1667//1667 1588//1588
f 1588//1588 1666//1666 1665//1665
f 1660//1660 1589//1589 1668//1668
f 1665//1665 1668//1668 1589//1589
f 1591//1591 1669//1669 1590//1590
f 1590//1590 1669//1669 1670//1670
f 1590//1590 1670//1670 1662//1662
f 1669//1669 1591//1591 1606//1606
f 1592//1592 1671//1671 1603//1603
f 1597//1597 1671//1671 1592//1592
f 1593//1593 1609//1609 1594//1594
f 1672//1672 1594//1594 1609//1609
f 1595//1595 1594//1594 1672//1672
f 1595//1595 1672//1672 1597//1597
f 1599//1599 1610//1610 1596//1596
f 1672//1672 1671//1671 1597//1597
f 1600//1600 1604//1604 1602//1602
f 1604//1604 1600//1600 1601//1601
f 1603//1603 1673//1673 1601//1601
f 1604//1604 1601//1601 1674//1674
f 1674//1674 1601//1601 1673//1673
f 1603//1603 1675//1675 1673//1673
f 1671//1671 1675//1675 1603//1603
f 1605//1605 1604//1604 1676//1676
f 1676//1676 1604//1604 1674//1674
f 1677//1677 1606//1606 1605//1605
f 1605//1605 1611//1611 1634//1634
f 1634//1634 1677//1677 1605//1605
f 1676//1676 1611//1611 1605//1605
f 1606//1606 1677//1677 1678//1678
f 1606//1606 1678//1678 1669//1669
f 1607//1607 1675//1675 1608//1608
f 1673//1673 1607//1607 1612//1612
f 1675//1675 1607//1607 1673//1673
f 1675//1675 1671//1671 1608//1608
f 1671//1671 1672//1672 1608//1608
f 1609//1609 1608//1608 1672//1672
f 1611//1611 1676//1676 1612//1612
f 1611//1611 1633//1633 1634//1634
f 1673//1673 1612//1612 1674//1674
f 1612//1612 1676//1676 1674//1674
f 1615//1615 1614//1614 1679//1679
f 1679//1679 1614//1614 1652//1652
f 1615//1615 1680//1680 1616//1616
f 1679//1679 1680//1680 1615//1615
f 1681//1681 1616//1616 1680//1680
f 1617//1617 1616//1616 1681//1681
f 1618//1618 1617//1617 1682//1682
f 1617//1617 1681//1681 1682//1682
f 1618//1618 1683//1683 1628//1628
f 1682//1682 1683//1683 1618//1618
f 1620//1620 1619//1619 1623//1623
f 1640//1640 1620//1620 1626//1626
f 1623//1623 1626//1626 1620//1620
f 1621//1621 1624//1624 1622//1622
f 1622//1622 1624//1624 1623//1623
f 1626//1626 1623//1623 1624//1624
f 1626//1626 1625//1625 1684//1684
f 1625//1625 1627//1627 1685//1685
f 1625//1625 1685//1685 1684//1684
f 1684//1684 1686//1686 1626//1626
f 1626//1626 1686//1686 1687//1687
f 1687//1687 1640//1640 1626//1626
f 1627//1627 1628//1628 1688//1688
f 1689//1689 1627//1627 1688//1688
f 1685//1685 1627//1627 1689//1689
f 1690//1690 1628//1628 1683//1683
f 1688//1688 1628//1628 1690//1690
f 1632//1632 1629//1629 1691//1691
f 1691//1691 1629//1629 1630//1630
f 1630//1630 1636//1636 1691//1691
f 1692//1692 1631//1631 1632//1632
f 1635//1635 1631//1631 1692//1692
f 1691//1691 1693//1693 1632//1632
f 1632//1632 1693//1693 1692//1692
f 1634//1634 1635//1635 1677//1677
f 1677//1677 1635//1635 1678//1678
f 1678//1678 1635//1635 1692//1692
f 1636//1636 1637//1637 1694//1694
f 1694//1694 1693//1693 1636//1636
f 1691//1691 1636//1636 1693//1693
f 1637//1637 1638//1638 1695//1695
f 1696//1696 1637//1637 1695//1695
f 1694//1694 1637//1637 1696//1696
f 1697//1697 1638//1638 1639//1639
f 1698//1698 1638//1638 1697//1697
f 1695//1695 1638//1638 1698//1698
f 1697//1697 1639//1639 1641//1641
f 1687//1687 1699//1699 1640//1640
f 1640//1640 1700//1700 1641//1641
f 1640//1640 1699//1699 1701//1701
f 1701//1701 1700//1700 1640//1640
f 1641//1641 1702//1702 1697//1697
f 1700//1700 1703//1703 1641//1641
f 1702//1702 1641//1641 1704//1704
f 1705//1705 1641//1641 1703//1703
f 1704//1704 1641//1641 1705//1705
f 1642//1642 1680//1680 1644//1644
f 1681//1681 1680//1680 1642//1642
f 1642//1642 1643//1643 1681//1681
f 1681//1681 1643//1643 1650//1650
f 1680//1680 1651//1651 1644//1644
f 1645//1645 1706//1706 1649//1649
f 1707//1707 1706//1706 1645//1645
f 1646//1646 1707//1707 1645//1645
f 1646//1646 1708//1708 1707//1707
f 1709//1709 1708//1708 1646//1646
f 1647//1647 1709//1709 1646//1646
f 1709//1709 1647//1647 1655//1655
f 1648//1648 1710//1710 1650//1650
f 1648//1648 1649//1649 1710//1710
f 1649//1649 1690//1690 1710//1710
f 1706//1706 1690//1690 1649//1649
f 1681//1681 1650//1650 1711//1711
f 1650//1650 1710//1710 1711//1711
f 1652//1652 1651//1651 1680//1680
f 1679//1679 1652//1652 1680//1680
f 1654//1654 1653//1653 1712//1712
f 1656//1656 1713//1713 1653//1653
f 1713//1713 1712//1712 1653//1653
f 1654//1654 1714//1714 1655//1655
f 1715//1715 1714//1714 1654//1654
f 1712//1712 1715//1715 1654//1654
f 1709//1709 1655//1655 1716//1716
f 1714//1714 1716//1716 1655//1655
f 1658//1658 1659//1659 1656//1656
f 1656//1656 1657//1657 1658//1658
f 1656//1656 1659//1659 1713//1713
f 1660//1660 1717//1717 1659//1659
f 1713//1713 1659//1659 1717//1717
f 1668//1668 1718//1718 1660//1660
f 1718//1718 1717//1717 1660//1660
f 1662//1662 1719//1719 1661//1661
f 1661//1661 1719//1719 1664//1664
f 1670//1670 1719//1719 1662//1662
f 1663//1663 1720//1720 1667//1667
f 1664//1664 1720//1720 1663//1663
f 1664//1664 1721//1721 1720//1720
f 1719//1719 1721//1721 1664//1664
f 1665//1665 1722//1722 1668//1668
f 1665//1665 1666//1666 1722//1722
f 1666//1666 1667//1667 1723//1723
f 1723//1723 1724//1724 1666//1666
f 1724//1724 1725//1725 1666//1666
f 1666//1666 1725//1725 1722//1722
f 1720//1720 1696//1696 1667//1667
f 1667//1667 1696//1696 1726//1726
f 1667//1667 1726//1726 1723//1723
f 1668//1668 1727//1727 1728//1728
f 1722//1722 1727//1727 1668//1668
f 1718//1718 1668//1668 1728//1728
f 1670//1670 1669//1669 1729//1729
f 1729//1729 1669//1669 1730//1730
f 1730//1730 1669//1669 1678//1678
f 1670//1670 1729//1729 1719//1719
f 1678//1678 1692//1692 1730//1730
f 1711//1711 1682//1682 1681//1681
f 1682//1682 1711//1711 1683//1683
f 1710//1710 1683//1683 1711//1711
f 1690//1690 1683//1683 1710//1710
f 1684//1684 1731//1731 1686//1686
f 1684//1684 1685//1685 1732//1732
f 1733//1733 1684//1684 1732//1732
f 1731//1731 1684//1684 1733//1733
f 1708//1708 1685//1685 1689//1689
f 1732//1732 1685//1685 1708//1708
f 1686//1686 1731//1731 1734//1734
f 1735//1735 1686//1686 1734//1734
f 1687//1687 1686//1686 1735//1735
f 1699//1699 1687//1687 1736//1736
f 1737//1737 1687//1687 1735//1735
f 1736//1736 1687//1687 1737//1737
f 1706//1706 1688//1688 1690//1690
f 1689//1689 1688//1688 1706//1706
f 1707//1707 1689//1689 1706//1706
f 1708//1708 1689//1689 1707//1707
f 1692//1692 1693//1693 1730//1730
f 1730//1730 1693//1693 1694//1694
f 1720//1720 1694//1694 1696//1696
f 1721//1721 1694//1694 1720//1720
f 1729//1729 1694//1694 1721//1721
f 1729//1729 1730//1730 1694//1694
f 1695//1695 1698//1698 1696//1696
f 1696//1696 1698//1698 1726//1726
f 1698//1698 1697//1697 1702//1702
f 1738//1738 1699//1699 1736//1736
f 1701//1701 1699//1699 1738//1738
f 1701//1701 1739//1739 1700//1700
f 1703//1703 1700//1700 1739//1739
f 1740//1740 1701//1701 1738//1738
f 1701//1701 1740//1740 1739//1739
f 1702//1702 1704//1704 1698//1698
f 1741//1741 1703//1703 1739//1739
f 1705//1705 1703//1703 1741//1741
f 1698//1698 1704//1704 1725//1725
f 1725//1725 1704//1704 1727//1727
f 1727//1727 1704//1704 1705//1705
f 1728//1728 1705//1705 1741//1741
f 1727//1727 1705//1705 1728//1728
f 1709//1709 1732//1732 1708//1708
f 1716//1716 1733//1733 1709//1709
f 1733//1733 1732//1732 1709//1709
f 1712//1712 1737//1737 1715//1715
f 1742//1742 1737//1737 1712//1712
f 1713//1713 1742//1742 1712//1712
f 1743//1743 1742//1742 1713//1713
f 1743//1743 1713//1713 1744//1744
f 1713//1713 1717//1717 1744//1744
f 1714//1714 1734//1734 1716//1716
f 1735//1735 1734//1734 1714//1714
f 1715//1715 1735//1735 1714//1714
f 1737//1737 1735//1735 1715//1715
f 1716//1716 1731//1731 1733//1733
f 1734//1734 1731//1731 1716//1716
f 1718//1718 1744//1744 1717//1717
f 1718//1718 1741//1741 1744//1744
f 1728//1728 1741//1741 1718//1718
f 1721//1721 1719//1719 1729//1729
f 1722//1722 1725//1725 1727//1727
f 1726//1726 1724//1724 1723//1723
f 1698//1698 1724//1724 1726//1726
f 1698//1698 1725//1725 1724//1724
f 1742//1742 1736//1736 1737//1737
f 1738//1738 1736//1736 1742//1742
f 1743//1743 1738//1738 1742//1742
f 1740//1740 1738//1738 1743//1743
f 1740//1740 1744//1744 1739//1739
f 1741//1741 1739//1739 1744//1744
f 1744//1744 1740//1740 1743//1743
