# Blender 4.0.2
# www.blender.org
mtllib trapezoid_l.mtl
o trapezoid_l
v 0.005679 -0.003109 -0.004026
v 0.005403 -0.003517 -0.004740
v 0.005476 -0.003115 -0.004612
v 0.005425 -0.003619 -0.004293
v 0.005769 -0.002714 -0.003914
v 0.005806 -0.002808 -0.003490
v 0.005661 -0.003174 -0.003545
v 0.005540 -0.003479 -0.004086
v 0.005390 -0.003253 -0.004856
v 0.005746 -0.002444 -0.004019
v 0.005011 -0.002227 -0.005309
v 0.005372 -0.003760 -0.004580
v 0.005279 -0.003638 -0.004947
v 0.005251 -0.003882 -0.004789
v 0.005267 -0.003962 -0.004342
v 0.005363 -0.003828 -0.004107
v 0.005246 -0.003982 -0.004305
v 0.005911 -0.002420 -0.003394
v 0.006020 -0.002108 -0.002840
v 0.005967 -0.002156 -0.002323
v 0.005520 -0.003037 -0.002581
v 0.005456 -0.003575 -0.003656
v 0.005153 -0.003472 -0.002740
v 0.005269 -0.003374 -0.005065
v 0.005152 -0.001660 -0.004923
v 0.005756 -0.001573 -0.003633
v 0.006022 -0.001852 -0.002971
v 0.004899 -0.002339 -0.005533
v 0.004712 -0.000845 -0.005191
v 0.004520 -0.001284 -0.005573
v 0.005165 -0.004094 -0.004570
v 0.005134 -0.003747 -0.005130
v 0.005102 -0.003989 -0.004968
v 0.005012 -0.004200 -0.004745
v 0.005061 -0.004190 -0.004389
v 0.005095 -0.004133 -0.004036
v 0.005186 -0.003812 -0.003463
v 0.006081 -0.001514 -0.002365
v 0.005156 -0.003199 -0.001605
v 0.006076 -0.000962 -0.001360
v 0.005878 -0.001835 -0.001519
v 0.004727 -0.003834 -0.002860
v 0.004142 -0.004092 -0.001553
v 0.005127 -0.003485 -0.005251
v 0.005697 -0.001279 -0.003690
v 0.004706 -0.000400 -0.004980
v 0.005983 -0.001133 -0.002856
v 0.004602 -0.003251 -0.005968
v 0.004631 -0.002120 -0.005722
v 0.004811 -0.003433 -0.005721
v 0.004998 -0.003602 -0.005452
v 0.003629 -0.000435 -0.006128
v 0.004257 0.000162 -0.005109
v 0.004441 -0.002082 -0.005921
v 0.003920 -0.001098 -0.006169
v 0.004875 -0.004310 -0.004514
v 0.005104 -0.003766 -0.005163
v 0.004938 -0.004088 -0.005131
v 0.004829 -0.004289 -0.004890
v 0.004688 -0.004388 -0.004659
v 0.004785 -0.004320 -0.003968
v 0.004598 -0.004008 -0.003033
v 0.006095 -0.000641 -0.001972
v 0.006106 -0.000842 -0.001742
v 0.005432 -0.002688 -0.000941
v 0.005091 -0.003152 -0.001061
v 0.006129 -0.000732 -0.001544
v 0.006006 -0.000743 -0.000955
v 0.005771 -0.001237 -0.000634
v 0.005516 -0.002330 -0.000803
v 0.003771 -0.004379 -0.001781
v 0.003641 -0.004601 -0.002353
v 0.003357 -0.004529 -0.001598
v 0.004279 -0.003643 -0.000678
v 0.006023 -0.000528 -0.002360
v 0.005029 -0.000316 -0.004263
v 0.005671 -0.000825 -0.003459
v 0.004776 0.000380 -0.004187
v 0.005018 0.000173 -0.003969
v 0.004373 -0.002361 -0.006120
v 0.004647 -0.003533 -0.005886
v 0.004461 -0.003621 -0.006027
v 0.004430 -0.003346 -0.006125
v 0.004115 -0.002854 -0.006391
v 0.004657 -0.003796 -0.005767
v 0.004997 -0.003861 -0.005322
v 0.004827 -0.003957 -0.005480
v 0.003289 -0.001069 -0.006648
v 0.003163 -0.000305 -0.006444
v 0.002018 0.001570 -0.005908
v 0.003138 0.001582 -0.004805
v 0.003999 0.000552 -0.004972
v 0.003336 -0.001399 -0.006657
v 0.003874 -0.002136 -0.006440
v 0.004956 -0.003987 -0.005206
v 0.004771 -0.004106 -0.005332
v 0.004751 -0.004176 -0.005272
v 0.004620 -0.004364 -0.005007
v 0.004500 -0.004442 -0.004815
v 0.004019 -0.004499 -0.003998
v 0.003842 -0.004556 -0.003485
v 0.004025 -0.004467 -0.003340
v 0.003767 -0.004608 -0.002937
v 0.005985 -0.000069 -0.002116
v 0.006103 -0.000019 -0.001443
v 0.004694 -0.003123 0.000228
v 0.004698 -0.003220 -0.000155
v 0.003683 -0.003650 0.000943
v 0.004981 -0.002914 -0.000020
v 0.005177 -0.002672 -0.000197
v 0.006036 -0.000192 -0.000845
v 0.005960 -0.000620 -0.000728
v 0.005693 -0.001098 -0.000375
v 0.005846 -0.000919 -0.000661
v 0.003303 -0.004805 -0.002667
v 0.003131 -0.004305 -0.000570
v 0.002841 -0.004615 -0.001315
v 0.003265 -0.003897 0.000755
v 0.003497 -0.003773 0.000820
v 0.005525 -0.000052 -0.003234
v 0.005238 0.000428 -0.003529
v 0.003863 0.001061 -0.004628
v 0.003815 0.001392 -0.004306
v 0.004383 0.001372 -0.003752
v 0.004449 -0.003872 -0.005886
v 0.004253 -0.003697 -0.006146
v 0.004222 -0.003938 -0.005985
v 0.004233 -0.003430 -0.006255
v 0.003833 -0.002635 -0.006563
v 0.003909 -0.002932 -0.006512
v 0.003964 -0.003217 -0.006440
v 0.004621 -0.004035 -0.005601
v 0.004534 -0.004247 -0.005382
v 0.002701 -0.001961 -0.007016
v 0.003089 -0.000646 -0.006602
v 0.002783 -0.000035 -0.006514
v 0.001922 0.001394 -0.006122
v 0.001887 0.001455 -0.006106
v 0.001763 0.001959 -0.005774
v 0.002956 0.001836 -0.004699
v 0.004373 -0.004423 -0.005087
v 0.004311 -0.004459 -0.004988
v 0.003287 -0.004537 -0.004055
v 0.003374 -0.004415 -0.004653
v 0.003602 -0.004617 -0.003571
v 0.003580 -0.004699 -0.003076
v 0.005727 0.000395 -0.002442
v 0.006000 0.000549 -0.001595
v 0.005998 0.000467 -0.000548
v 0.004687 -0.003039 0.000381
v 0.004145 -0.003429 0.000662
v 0.003590 -0.003493 0.001411
v 0.003565 -0.003684 0.001112
v 0.005011 -0.002358 0.000389
v 0.005865 -0.000046 -0.000273
v 0.005701 -0.000661 -0.000178
v 0.002869 -0.004938 -0.002890
v 0.002840 -0.004946 -0.002423
v 0.002469 -0.004470 -0.000483
v 0.002465 -0.004750 -0.001615
v 0.002689 -0.004227 0.000811
v 0.003146 -0.003910 0.001340
v 0.003024 -0.004030 0.001133
v 0.005260 0.001040 -0.003014
v 0.004664 0.001495 -0.003325
v 0.003647 0.001797 -0.003867
v 0.003615 0.002175 -0.003592
v 0.004382 -0.004095 -0.005687
v 0.004199 -0.003991 -0.005930
v 0.003751 -0.003808 -0.006295
v 0.003976 -0.003996 -0.006065
v 0.003749 -0.003549 -0.006422
v 0.003292 -0.002753 -0.006723
v 0.003387 -0.003030 -0.006641
v 0.003718 -0.003274 -0.006520
v 0.003930 -0.004361 -0.005397
v 0.002603 -0.002664 -0.007090
v 0.002282 -0.002424 -0.007221
v 0.001528 -0.002331 -0.007574
v 0.001422 -0.002098 -0.007554
v 0.002051 -0.000541 -0.007018
v 0.002191 0.000599 -0.006495
v 0.001964 0.000975 -0.006390
v 0.001734 0.001349 -0.006282
v 0.001509 0.001722 -0.006179
v 0.002190 0.002632 -0.004535
v 0.001343 0.002215 -0.005788
v 0.001622 0.002618 -0.005073
v 0.003288 0.001871 -0.004294
v 0.002951 0.002118 -0.004409
v 0.003097 -0.004515 -0.004247
v 0.003217 -0.004529 -0.003970
v 0.002957 -0.004431 -0.004960
v 0.002995 -0.004417 -0.005015
v 0.002955 -0.004503 -0.004495
v 0.003461 -0.004356 -0.005222
v 0.003343 -0.004666 -0.003637
v 0.005576 0.001354 -0.001879
v 0.005942 0.001128 -0.000535
v 0.005816 0.001525 -0.000996
v 0.005680 0.001669 -0.001319
v 0.005903 0.000963 -0.000233
v 0.004691 -0.002495 0.000769
v 0.004511 -0.002912 0.000782
v 0.004185 -0.002983 0.001128
v 0.003826 -0.003192 0.001380
v 0.003490 -0.003142 0.001786
v 0.003310 -0.003490 0.001768
v 0.005603 -0.000497 0.000128
v 0.005042 -0.001424 0.000629
v 0.003014 -0.004761 -0.003591
v 0.002738 -0.004886 -0.003173
v 0.001839 -0.004926 -0.002764
v 0.002395 -0.004929 -0.002229
v 0.002272 -0.004378 0.000574
v 0.001286 -0.004499 0.001054
v 0.001722 -0.004484 0.000061
v 0.001621 -0.004440 -0.000682
v 0.002848 -0.004146 0.000991
v 0.002662 -0.004241 0.000854
v 0.002387 -0.004016 0.002371
v 0.002742 -0.003884 0.002025
v 0.002543 -0.004224 0.001424
v 0.001926 -0.004311 0.002686
v 0.005070 0.001396 -0.002948
v 0.003994 0.002164 -0.003224
v 0.004935 0.001906 -0.002604
v 0.003375 0.002011 -0.004050
v 0.002282 0.002888 -0.003933
v 0.002567 0.003063 -0.003111
v 0.002756 0.003078 -0.002937
v 0.003419 0.002854 -0.002829
v 0.002989 0.003058 -0.002705
v 0.003874 -0.004202 -0.005830
v 0.003214 -0.003846 -0.006313
v 0.003374 -0.004055 -0.006111
v 0.003582 -0.004236 -0.005863
v 0.003158 -0.003613 -0.006480
v 0.003078 -0.003382 -0.006650
v 0.002942 -0.003427 -0.006719
v 0.002660 -0.002952 -0.007020
v 0.002923 -0.003160 -0.006829
v 0.003739 -0.004312 -0.005602
v 0.003631 -0.004335 -0.005451
v 0.002434 -0.003018 -0.007120
v 0.002388 -0.002736 -0.007202
v 0.001865 -0.002578 -0.007458
v 0.001235 -0.002370 -0.007613
v 0.001348 -0.002680 -0.007592
v 0.001625 -0.002639 -0.007544
v 0.002092 -0.002556 -0.007336
v 0.002176 -0.002812 -0.007317
v 0.001207 -0.000953 -0.007426
v 0.000994 -0.001726 -0.007614
v 0.001142 -0.002059 -0.007638
v 0.001838 0.000792 -0.006562
v 0.000986 0.000194 -0.007111
v 0.001201 -0.000429 -0.007256
v 0.001192 0.000636 -0.006927
v 0.001567 0.001252 -0.006443
v 0.001333 0.001629 -0.006331
v 0.001546 0.001282 -0.006432
v 0.000781 0.001986 -0.006225
v 0.001431 0.003087 -0.004212
v 0.001506 0.002714 -0.004973
v 0.000681 0.002400 -0.005878
v 0.002968 -0.004585 -0.004047
v 0.002863 -0.004787 -0.003808
v 0.002805 -0.004393 -0.005208
v 0.003272 -0.004334 -0.005413
v 0.002699 -0.004481 -0.005027
v 0.002723 -0.004666 -0.004540
v 0.002702 -0.004889 -0.003977
v 0.005041 0.002217 -0.002048
v 0.005590 0.001635 0.000422
v 0.005712 0.001687 -0.000094
v 0.005646 0.001979 -0.000155
v 0.005288 0.002201 -0.001507
v 0.005224 0.002793 -0.000444
v 0.005489 0.002380 -0.000007
v 0.005698 0.000881 0.000234
v 0.005779 0.000440 0.000020
v 0.004647 -0.001711 0.001005
v 0.004232 -0.002888 0.001131
v 0.003949 -0.002766 0.001432
v 0.003636 -0.001617 0.001874
v 0.003210 -0.003067 0.002111
v 0.004016 -0.001445 0.001536
v 0.004977 0.000041 0.001169
v 0.005061 0.000346 0.001115
v 0.005542 0.000280 0.000351
v 0.005463 0.000344 0.000476
v 0.002549 -0.004920 -0.003339
v 0.002083 -0.004996 -0.003125
v 0.001895 -0.005038 -0.003287
v 0.001421 -0.004808 -0.003217
v 0.001142 -0.004423 -0.001776
v 0.001920 -0.004437 0.001483
v 0.001508 -0.004463 -0.000099
v 0.000401 -0.004268 -0.000048
v -0.000052 -0.004288 0.000971
v 0.000435 -0.004788 0.002722
v 0.001365 -0.004563 0.002260
v 0.000604 -0.004132 -0.001794
v 0.002570 -0.003763 0.002433
v 0.002335 -0.003826 0.002768
v 0.002111 -0.004122 0.002780
v 0.001277 -0.004607 0.002822
v 0.001650 -0.004404 0.003089
v 0.001834 -0.004222 0.003186
v 0.004842 0.002533 -0.001949
v 0.002663 0.003201 -0.002454
v 0.002419 0.003347 -0.002127
v 0.004076 0.003238 -0.001742
v 0.004553 0.002901 -0.001762
v 0.003549 -0.004262 -0.005806
v 0.003355 -0.004088 -0.006070
v 0.003155 -0.003641 -0.006461
v 0.003106 -0.003844 -0.006297
v 0.002919 -0.004006 -0.005975
v 0.002916 -0.003672 -0.006563
v 0.002674 -0.003472 -0.006776
v 0.002591 -0.003688 -0.006561
v 0.002687 -0.003223 -0.006918
v 0.002429 -0.003273 -0.006986
v 0.002209 -0.003086 -0.007221
v 0.002162 -0.003320 -0.007044
v 0.001907 -0.002775 -0.007415
v 0.001676 -0.002923 -0.007468
v 0.001858 -0.002883 -0.007415
v 0.000984 -0.002677 -0.007550
v 0.000934 -0.002394 -0.007628
v 0.000986 -0.002936 -0.007423
v 0.001383 -0.002956 -0.007499
v 0.001937 -0.002874 -0.007404
v 0.001955 -0.003140 -0.007293
v 0.000427 -0.001103 -0.007621
v 0.000829 -0.002083 -0.007649
v 0.000957 0.001013 -0.006814
v 0.000226 -0.000045 -0.007469
v 0.000485 0.000448 -0.007198
v 0.000299 -0.000781 -0.007619
v -0.000067 0.001687 -0.006683
v -0.000253 0.001921 -0.006561
v 0.000395 0.002678 -0.005650
v -0.000078 0.002878 -0.005565
v -0.000080 0.003333 -0.004516
v 0.000347 0.002465 -0.005907
v 0.002640 -0.004940 -0.003870
v 0.002438 -0.005010 -0.003575
v 0.002924 -0.004339 -0.005389
v 0.002532 -0.004321 -0.005318
v 0.003080 -0.004234 -0.005642
v 0.002411 -0.004710 -0.004819
v 0.002458 -0.004873 -0.004520
v 0.002531 -0.004984 -0.004133
v 0.002453 -0.005043 -0.004003
v 0.004745 0.002810 -0.001538
v 0.004838 0.003051 -0.000928
v 0.005585 0.001897 0.000300
v 0.005348 0.001800 0.000744
v 0.004934 0.003197 -0.000275
v 0.005334 0.002321 0.000498
v 0.004971 0.002957 0.000494
v 0.004143 -0.001129 0.001516
v 0.004174 -0.002232 0.001301
v 0.004212 -0.001901 0.001299
v 0.002537 -0.002076 0.002905
v 0.002076 -0.002559 0.003304
v 0.002784 -0.003322 0.002443
v 0.002174 -0.000915 0.003294
v 0.003451 -0.001166 0.002123
v 0.003728 -0.001309 0.001826
v 0.003504 -0.001189 0.002067
v 0.004744 0.000198 0.001476
v 0.004731 0.000199 0.001490
v 0.004961 0.001104 0.001308
v 0.004626 0.000816 0.001742
v 0.002176 -0.005113 -0.003611
v 0.002044 -0.005120 -0.003735
v 0.001705 -0.004989 -0.003491
v 0.001449 -0.004858 -0.003795
v 0.000659 -0.004229 -0.002952
v 0.000089 -0.003845 -0.002416
v -0.000010 -0.003769 -0.003171
v -0.000082 -0.004125 0.000077
v -0.000216 -0.004186 0.000576
v -0.000514 -0.004235 0.001114
v -0.000499 -0.004888 0.003124
v 0.000999 -0.004653 0.003202
v 0.000346 -0.004827 0.003281
v 0.000158 -0.004873 0.003121
v -0.000664 -0.003629 -0.001353
v -0.000840 -0.003641 -0.000890
v -0.000734 -0.003904 -0.000045
v 0.002434 -0.003473 0.002800
v 0.002037 -0.003931 0.003204
v 0.002144 -0.003596 0.003203
v 0.001200 -0.004567 0.003325
v 0.001557 -0.004258 0.003562
v 0.001372 -0.004439 0.003465
v 0.001678 -0.004066 0.003593
v 0.003319 0.003651 -0.001399
v 0.001124 0.003387 -0.003117
v 0.002474 0.003604 -0.001562
v 0.001531 0.003655 -0.002074
v 0.004169 0.003502 -0.001144
v 0.002885 -0.004021 -0.005923
v 0.002798 -0.003868 -0.006313
v 0.002609 -0.003852 -0.006264
v 0.002348 -0.003490 -0.006773
v 0.002031 -0.003742 -0.006239
v 0.001919 -0.003245 -0.007195
v 0.002035 -0.003512 -0.006784
v 0.001592 -0.003394 -0.007123
v 0.001672 -0.003179 -0.007334
v 0.001348 -0.003196 -0.007334
v 0.000638 -0.002636 -0.007440
v 0.000703 -0.002077 -0.007626
v 0.000452 -0.002074 -0.007593
v 0.000168 -0.002315 -0.007407
v 0.000665 -0.002888 -0.007303
v 0.000883 -0.003140 -0.007188
v 0.000138 -0.001139 -0.007657
v 0.000374 -0.001775 -0.007642
v -0.000336 0.001251 -0.006969
v -0.000232 0.000670 -0.007237
v -0.000383 -0.000100 -0.007508
v -0.000023 -0.000800 -0.007621
v -0.000524 0.001652 -0.006700
v -0.000538 0.002154 -0.006311
v -0.000452 0.002662 -0.005827
v -0.000644 0.003193 -0.004995
v -0.000457 0.003680 -0.003779
v -0.000739 0.003392 -0.004547
v 0.002610 -0.004184 -0.005488
v 0.002233 -0.004352 -0.005342
v 0.002101 -0.003953 -0.005798
v 0.002057 -0.004776 -0.004902
v 0.002331 -0.004734 -0.004852
v 0.002313 -0.005056 -0.004242
v 0.002220 -0.004933 -0.004608
v 0.002264 -0.005085 -0.004165
v 0.001987 -0.005123 -0.003788
v 0.004537 0.003545 -0.000183
v 0.004070 0.003867 -0.000148
v 0.005420 0.002021 0.000541
v 0.005061 0.001678 0.001149
v 0.005071 0.001757 0.001123
v 0.004485 0.003534 0.000399
v 0.005366 0.002072 0.000639
v 0.004334 0.002698 0.001878
v 0.004417 0.003251 0.001085
v 0.004449 0.000336 0.001785
v 0.001726 -0.001376 0.003696
v 0.001913 -0.003387 0.003516
v 0.001068 -0.003052 0.004437
v 0.002509 0.000719 0.003242
v 0.001747 0.000045 0.003711
v 0.003778 0.001278 0.002603
v 0.004456 0.001158 0.002053
v 0.002906 0.000955 0.003037
v 0.004282 0.000433 0.001951
v 0.004456 0.000352 0.001785
v 0.004562 0.001431 0.001942
v 0.004607 0.002020 0.001815
v 0.001704 -0.005015 -0.004107
v 0.001604 -0.004937 -0.004238
v 0.001249 -0.004687 -0.004063
v -0.000653 -0.003373 -0.002084
v -0.000817 -0.002949 -0.003683
v -0.000882 -0.003957 0.000463
v -0.000968 -0.004873 0.003294
v -0.000310 -0.004914 0.003318
v -0.000778 -0.004912 0.003495
v 0.000906 -0.004516 0.003679
v 0.000720 -0.004640 0.003556
v 0.000533 -0.004745 0.003423
v 0.000252 -0.004653 0.003740
v 0.000081 -0.004801 0.003608
v -0.000121 -0.004888 0.003487
v -0.001398 -0.002904 -0.001753
v -0.001783 -0.002304 -0.003015
v -0.001682 -0.003434 0.000090
v -0.001725 -0.003030 -0.000757
v -0.001860 -0.003595 0.000618
v 0.001832 -0.003729 0.003591
v 0.001275 -0.004151 0.003871
v 0.001457 -0.003862 0.003916
v 0.003550 0.004166 -0.000152
v 0.001595 0.004722 -0.000141
v 0.002848 0.003781 -0.001282
v 0.002523 0.004503 -0.000034
v -0.000325 0.003727 -0.003547
v 0.000297 0.003780 -0.003100
v 0.001055 0.003791 -0.002379
v 0.002505 0.003815 -0.001283
v 0.002000 0.003827 -0.001488
v 0.001812 0.003794 -0.001654
v 0.001334 0.004555 -0.000571
v 0.002415 -0.003933 -0.005787
v 0.002223 -0.003837 -0.006013
v 0.001460 -0.003990 -0.005803
v 0.001515 -0.003810 -0.006077
v 0.001460 -0.003659 -0.006395
v 0.001071 -0.003490 -0.006646
v 0.001263 -0.003317 -0.007164
v -0.000041 -0.002519 -0.007160
v -0.000726 -0.001914 -0.007189
v -0.000035 -0.001749 -0.007554
v -0.000712 -0.002172 -0.007061
v 0.000459 -0.003235 -0.006718
v -0.000157 -0.002687 -0.006926
v -0.000035 -0.002925 -0.006704
v -0.000638 -0.001081 -0.007476
v -0.000659 0.000741 -0.007148
v -0.000806 0.001335 -0.006831
v -0.000567 -0.000446 -0.007521
v -0.000938 0.000389 -0.007163
v -0.000568 -0.000784 -0.007540
v -0.001006 0.002120 -0.006117
v -0.000958 0.002544 -0.005634
v -0.000925 0.003279 -0.004676
v -0.000928 0.003764 -0.003640
v -0.001020 0.003497 -0.004237
v 0.001830 -0.004586 -0.005131
v 0.001698 -0.004186 -0.005587
v 0.001886 -0.004946 -0.004597
v 0.001717 -0.004759 -0.004835
v 0.002167 -0.005076 -0.004263
v 0.002075 -0.005063 -0.004357
v 0.001883 -0.004949 -0.004592
v 0.001993 -0.005076 -0.004245
v 0.003861 0.004047 0.000198
v 0.005102 0.001961 0.001063
v 0.003801 0.003906 0.000830
v 0.004397 0.002463 0.002042
v 0.003743 0.003490 0.001585
v 0.003715 0.003226 0.002302
v 0.004315 0.002514 0.002142
v 0.003866 0.002768 0.002651
v 0.003565 0.003170 0.002811
v 0.001143 0.000503 0.004182
v 0.000823 -0.002564 0.004611
v -0.000588 -0.001370 0.005726
v 0.001285 -0.003430 0.004186
v 0.001001 -0.003287 0.004477
v 0.002114 0.002265 0.003702
v 0.001400 0.001416 0.004022
v 0.004283 0.001618 0.002309
v 0.004131 0.002280 0.002496
v 0.003779 0.002200 0.002821
v 0.003207 0.001813 0.003070
v 0.004400 0.002211 0.002183
v 0.001373 -0.004642 -0.004591
v -0.001639 -0.002365 -0.003478
v 0.000824 -0.004094 -0.004734
v -0.000522 -0.003101 -0.004586
v -0.000788 -0.002967 -0.004273
v -0.001668 -0.004786 0.003212
v -0.001154 -0.004902 0.003548
v -0.000453 -0.004895 0.003492
v 0.000622 -0.004330 0.003951
v 0.000437 -0.004484 0.003842
v 0.000088 -0.004784 0.003641
v -0.000033 -0.004430 0.003994
v -0.000212 -0.004646 0.003919
v 0.000066 -0.004802 0.003628
v -0.000402 -0.004807 0.003808
v -0.000589 -0.004886 0.003664
v -0.001904 -0.002518 -0.001783
v -0.002355 -0.001812 -0.003257
v -0.001995 -0.002141 -0.003291
v -0.002577 -0.001845 -0.002101
v -0.003046 -0.001775 -0.001329
v -0.003107 -0.001907 -0.000966
v -0.002828 -0.002593 -0.000130
v -0.002880 -0.003507 0.001481
v -0.002960 -0.002977 0.000657
v 0.001152 -0.003757 0.004204
v 0.000708 -0.003798 0.004424
v 0.003317 0.004333 0.000176
v 0.000953 0.005053 0.000096
v 0.002130 0.004874 0.000678
v 0.003130 0.004450 0.000571
v 0.002655 0.004690 0.000636
v -0.000175 0.003990 -0.003020
v 0.000767 0.004107 -0.002168
v -0.000171 0.004383 -0.002373
v 0.000861 0.004357 -0.001563
v 0.000479 0.004876 -0.000906
v 0.000574 0.004660 -0.001346
v 0.001293 -0.004106 -0.005532
v -0.000509 -0.002605 -0.006674
v -0.001026 -0.002307 -0.006675
v -0.001110 -0.002081 -0.006856
v -0.001144 -0.001569 -0.007117
v -0.001528 -0.001736 -0.006784
v 0.000472 -0.003480 -0.005971
v -0.001195 -0.001264 -0.007154
v -0.000879 -0.000389 -0.007387
v -0.001247 0.000521 -0.006891
v -0.001188 0.001861 -0.006177
v -0.001359 0.001009 -0.006589
v -0.000779 -0.000152 -0.007396
v -0.000962 0.000014 -0.007244
v -0.001649 0.001574 -0.005865
v -0.001669 0.003147 -0.004077
v -0.001623 0.002801 -0.004505
v -0.001728 0.002210 -0.004970
v -0.000648 0.004137 -0.002911
v -0.001207 0.003816 -0.003305
v -0.001395 0.003448 -0.003949
v -0.001282 0.003668 -0.003561
v 0.001491 -0.004410 -0.005208
v 0.003589 0.004197 0.000498
v 0.003554 0.003897 0.001152
v 0.003595 0.003434 0.002096
v 0.003417 0.003563 0.002347
v 0.003168 0.003776 0.002161
v 0.003316 0.003831 0.001652
v 0.004149 0.002360 0.002477
v 0.003560 0.002812 0.002965
v 0.003580 0.002912 0.002941
v 0.003524 0.002621 0.003016
v 0.003350 0.003644 0.002393
v 0.003460 0.003467 0.002766
v 0.003391 0.003364 0.003185
v 0.000496 0.000755 0.004702
v 0.000888 0.000931 0.004373
v 0.000499 -0.002589 0.004938
v -0.000403 -0.002029 0.005705
v -0.000831 0.001507 0.005602
v -0.001411 -0.001670 0.006458
v 0.000391 -0.003018 0.005026
v 0.000608 -0.003381 0.004769
v 0.000530 -0.003494 0.004745
v 0.002710 0.003352 0.003790
v 0.001814 0.002666 0.003863
v 0.003084 0.003234 0.003575
v 0.003199 0.002747 0.003275
v 0.001302 0.002440 0.004099
v 0.003308 0.002330 0.003106
v 0.000919 0.001865 0.004290
v 0.001108 -0.004238 -0.005024
v -0.002219 -0.001915 -0.004233
v -0.001667 -0.002050 -0.006151
v -0.000910 -0.002442 -0.006504
v -0.001345 -0.002178 -0.006411
v -0.001845 -0.002120 -0.005037
v -0.001984 -0.001923 -0.005884
v -0.002955 -0.004285 0.003008
v -0.002420 -0.004849 0.003772
v -0.001469 -0.004924 0.003540
v -0.001902 -0.004956 0.003689
v -0.003035 -0.003830 0.002102
v -0.001058 -0.004859 0.003828
v -0.001246 -0.004916 0.003674
v 0.000336 -0.004042 0.004175
v -0.000366 -0.004177 0.004189
v -0.000606 -0.003811 0.004423
v -0.000686 -0.004595 0.004068
v -0.000872 -0.004754 0.003961
v -0.002828 -0.001386 -0.002437
v -0.002877 -0.001193 -0.002678
v -0.002542 -0.001591 -0.003434
v -0.002941 -0.001474 -0.001989
v -0.003617 -0.001487 -0.000750
v -0.003178 -0.001308 -0.001663
v -0.003118 -0.002574 0.000211
v -0.003623 -0.001900 -0.000305
v -0.004201 -0.001470 -0.000065
v -0.004647 -0.003251 0.002118
v 0.000141 -0.003420 0.004965
v 0.001902 0.004982 0.001037
v 0.000944 0.005137 0.000677
v -0.000296 0.005362 0.000015
v 0.002374 0.004820 0.000935
v 0.002770 0.004633 0.000771
v 0.003103 0.004260 0.001257
v 0.000670 0.004414 -0.001771
v 0.000008 0.004625 -0.001874
v -0.001117 0.004167 -0.002748
v -0.000842 0.005144 -0.001039
v 0.000439 0.004875 -0.000944
v -0.001479 -0.001977 -0.006629
v -0.001479 -0.001185 -0.006982
v -0.001817 -0.001330 -0.006614
v -0.001844 -0.001608 -0.006517
v -0.001611 -0.000441 -0.006813
v -0.001764 0.000028 -0.006541
v -0.002051 0.000712 -0.005867
v -0.002073 0.001209 -0.005561
v -0.002217 0.001453 -0.005102
v -0.002238 0.002261 -0.004228
v -0.001722 0.003308 -0.003573
v -0.002290 0.002495 -0.003801
v -0.002340 0.001672 -0.004691
v -0.001120 0.003951 -0.003061
v -0.001682 0.003605 -0.003040
v -0.001487 0.003832 -0.002954
v 0.002961 0.004011 0.001858
v 0.002993 0.004112 0.002193
v 0.003196 0.003934 0.002446
v 0.003352 0.003083 0.003272
v 0.003278 0.002919 0.003274
v 0.003254 0.003870 0.002828
v 0.003194 0.003787 0.003373
v 0.003195 0.003550 0.003541
v -0.000367 0.002239 0.005095
v -0.000040 0.002431 0.004815
v -0.000159 -0.002456 0.005503
v 0.000038 -0.002898 0.005261
v -0.000484 -0.002332 0.005762
v -0.000817 -0.002172 0.005998
v -0.001686 -0.000993 0.006521
v -0.001625 0.000192 0.006279
v -0.001812 0.000557 0.006337
v -0.000714 0.002617 0.005220
v -0.001249 0.001912 0.005783
v -0.001590 0.001705 0.006040
v -0.001765 -0.001559 0.006697
v -0.001178 -0.002103 0.006248
v -0.001509 -0.001980 0.006503
v 0.000055 -0.002913 0.005248
v 0.002149 0.003350 0.003880
v 0.002854 0.003668 0.003788
v 0.002239 0.003451 0.003921
v 0.002469 0.003765 0.004002
v 0.001966 0.003351 0.003897
v 0.001770 0.003010 0.003895
v 0.001260 0.003087 0.004088
v 0.003076 0.003589 0.003624
v 0.000564 0.002912 0.004436
v 0.000428 0.002632 0.004537
v -0.002354 -0.001793 -0.004417
v -0.002661 -0.001383 -0.003640
v -0.001805 -0.001853 -0.006371
v -0.002521 -0.001395 -0.005380
v -0.002093 -0.001711 -0.006083
v -0.002459 -0.001591 -0.005234
v -0.003063 -0.004608 0.003675
v -0.003400 -0.003930 0.002552
v -0.003507 -0.004531 0.003842
v -0.002372 -0.004887 0.003835
v -0.002653 -0.004807 0.004156
v -0.003215 -0.004666 0.004181
v -0.001713 -0.004965 0.003875
v -0.001994 -0.004898 0.004202
v -0.002181 -0.004947 0.004044
v -0.001340 -0.004732 0.004129
v -0.001525 -0.004879 0.004016
v -0.000471 -0.003685 0.004496
v -0.000693 -0.004588 0.004073
v -0.000972 -0.004317 0.004297
v -0.001177 -0.003315 0.004909
v -0.001156 -0.004534 0.004217
v -0.003365 -0.000927 -0.001550
v -0.003215 -0.000797 -0.001926
v -0.002795 -0.001169 -0.003238
v -0.003015 -0.000776 -0.002502
v -0.003917 -0.000823 -0.000707
v -0.004186 -0.000935 -0.000288
v -0.004598 -0.002718 0.001362
v -0.004361 -0.002325 0.000789
v -0.003856 -0.002037 0.000065
v -0.004466 -0.001054 0.000123
v -0.004481 -0.001589 0.000347
v -0.004681 -0.003755 0.002997
v -0.005129 -0.002909 0.002192
v -0.005052 -0.003137 0.002367
v -0.000129 -0.003444 0.004900
v -0.000145 -0.003157 0.005201
v 0.002144 0.004894 0.001309
v 0.001153 0.005034 0.001549
v 0.001734 0.004979 0.001504
v 0.000290 0.004876 -0.001087
v 0.000655 0.005131 0.001291
v -0.000653 0.005529 0.000225
v -0.000854 0.005668 0.001223
v 0.002568 0.004634 0.001203
v 0.002815 0.004352 0.001451
v 0.000638 0.004444 -0.001745
v 0.000384 0.004681 -0.001537
v -0.001495 0.004524 -0.002015
v -0.001375 0.005184 -0.000798
v -0.001123 0.005634 0.000353
v -0.001775 0.004607 -0.001695
v -0.001411 0.004272 -0.002449
v -0.001923 -0.000575 -0.006425
v -0.002057 -0.001166 -0.006291
v -0.002108 -0.001453 -0.006212
v -0.001970 -0.000167 -0.006279
v -0.002046 -0.000090 -0.006132
v -0.002490 0.000797 -0.005073
v -0.002610 0.001018 -0.004659
v -0.002441 0.001902 -0.004263
v -0.002434 0.002183 -0.003756
v -0.002220 0.002642 -0.003539
v -0.001912 0.003110 -0.003319
v -0.002583 0.001572 -0.004254
v -0.002522 0.001365 -0.004636
v -0.001704 0.003810 -0.002663
v -0.001963 0.003486 -0.002630
v 0.002765 0.004320 0.001532
v 0.002832 0.004269 0.001896
v 0.002899 0.004418 0.002161
v 0.003055 0.004242 0.002472
v 0.003139 0.004039 0.002643
v 0.003080 0.004025 0.003219
v 0.002967 0.004216 0.003025
v 0.003176 0.003805 0.003409
v -0.000806 0.002899 0.005143
v -0.000247 -0.002665 0.005511
v -0.000355 -0.002812 0.005472
v -0.000531 -0.002441 0.005765
v -0.000742 -0.002248 0.005940
v -0.002328 -0.000212 0.006812
v -0.002152 -0.001463 0.006911
v -0.002307 -0.001113 0.006962
v -0.002371 -0.000497 0.006897
v -0.002498 0.001306 0.006601
v -0.002610 0.001028 0.006703
v -0.002017 0.002839 0.005753
v -0.002454 0.002383 0.006164
v -0.001852 -0.001820 0.006730
v -0.000999 -0.002490 0.005966
v -0.001282 -0.002291 0.006232
v -0.001566 -0.002086 0.006495
v -0.001769 -0.001905 0.006665
v 0.001817 0.003736 0.004017
v 0.002000 0.003775 0.004067
v 0.002871 0.003940 0.003683
v 0.002531 0.004057 0.003932
v 0.002223 0.004102 0.004041
v 0.001579 0.003365 0.003963
v 0.001765 0.003683 0.003990
v 0.001172 0.003390 0.004050
v 0.000128 0.003249 0.004494
v -0.002608 -0.001476 -0.004801
v -0.002672 -0.001401 -0.004269
v -0.002805 -0.000992 -0.003514
v -0.002534 -0.001362 -0.005408
v -0.002326 -0.001278 -0.005872
v -0.002711 -0.001168 -0.005037
v -0.002659 -0.001408 -0.004881
v -0.003314 -0.004645 0.004077
v -0.004197 -0.003962 0.003170
v -0.004170 -0.004307 0.003733
v -0.003977 -0.004470 0.003991
v -0.003785 -0.004542 0.004206
v -0.002465 -0.004772 0.004321
v -0.002750 -0.004551 0.004577
v -0.002936 -0.004650 0.004442
v -0.003125 -0.004684 0.004276
v -0.003597 -0.004541 0.004387
v -0.003477 -0.004512 0.004489
v -0.003408 -0.004499 0.004549
v -0.001807 -0.004759 0.004319
v -0.002093 -0.004509 0.004561
v -0.002278 -0.004677 0.004458
v -0.001574 -0.004453 0.004407
v -0.001624 -0.004530 0.004393
v -0.000331 -0.003266 0.005071
v -0.001016 -0.002915 0.005352
v -0.001290 -0.002958 0.005301
v -0.001442 -0.004264 0.004450
v -0.001827 -0.003587 0.005033
v -0.003605 -0.000425 -0.001212
v -0.003541 -0.000132 -0.001281
v -0.003131 0.000034 -0.002215
v -0.003683 0.000344 -0.001001
v -0.004021 -0.000408 -0.000540
v -0.004218 0.000119 -0.000161
v -0.004679 -0.002460 0.001171
v -0.004748 -0.001965 0.000884
v -0.004464 -0.001845 0.000477
v -0.004957 -0.002577 0.001583
v -0.005136 -0.000426 0.001330
v -0.004754 -0.001439 0.000644
v -0.005034 -0.003613 0.003223
v -0.004740 -0.003868 0.003396
v -0.004871 -0.003831 0.003476
v -0.005253 -0.002438 0.001864
v -0.005342 -0.002563 0.002242
v -0.005378 -0.002748 0.002508
v -0.005513 -0.002798 0.003028
v -0.005382 -0.003265 0.003361
v -0.000430 -0.002909 0.005444
v 0.002145 0.004768 0.001679
v 0.001590 0.004870 0.001919
v 0.000179 0.005043 0.002373
v 0.001326 0.004748 0.002320
v 0.002196 0.004748 0.002050
v -0.000646 0.005620 0.001445
v -0.000643 0.005516 0.002121
v -0.001403 0.005657 0.000702
v -0.001495 0.005746 0.001201
v -0.001344 0.005752 0.001427
v 0.002314 0.004709 0.001554
v -0.001680 0.004370 -0.002124
v -0.001778 0.005099 -0.000663
v -0.001720 0.005470 0.000352
v -0.002143 0.004165 -0.001851
v -0.002189 0.004609 -0.001163
v -0.002044 0.003822 -0.002230
v -0.002138 -0.000661 -0.005966
v -0.002078 -0.000369 -0.006039
v -0.002698 0.000449 -0.004490
v -0.002417 0.000025 -0.005286
v -0.002699 -0.000201 -0.004474
v -0.002678 0.000745 -0.004550
v -0.002673 0.001185 -0.004351
v -0.002539 0.001924 -0.003619
v -0.002030 0.002913 -0.003066
v -0.002167 0.002540 -0.003132
v -0.002495 0.001827 -0.003201
v -0.002713 0.000983 -0.004116
v -0.002612 0.001571 -0.003654
v -0.002189 0.002736 -0.002776
v -0.002895 0.003025 -0.001584
v -0.002448 0.003549 -0.001869
v 0.002520 0.004541 0.001826
v 0.002670 0.004530 0.001974
v 0.002480 0.004536 0.001790
v 0.002860 0.004474 0.002182
v 0.002886 0.004448 0.002218
v 0.002636 0.004608 0.002535
v 0.002805 0.004423 0.002779
v 0.002949 0.004228 0.003003
v 0.002685 0.004331 0.003331
v 0.002802 0.004171 0.003514
v -0.000775 0.003644 0.004706
v -0.001785 0.003290 0.005357
v -0.001766 0.003735 0.004969
v -0.000715 -0.002678 0.005695
v -0.003093 0.000248 0.007127
v -0.002226 -0.001854 0.006804
v -0.002322 -0.001748 0.006874
v -0.001891 -0.001882 0.006720
v -0.002506 -0.001087 0.007031
v -0.002535 -0.001438 0.006993
v -0.002776 -0.000409 0.007096
v -0.004123 0.001253 0.007263
v -0.003440 0.001948 0.006665
v -0.002784 0.002148 0.006366
v -0.004383 0.001532 0.007199
v -0.003442 0.000890 0.007133
v -0.002251 0.003089 0.005633
v -0.003022 0.002860 0.005891
v -0.003882 0.002418 0.006369
v -0.000901 -0.002789 0.005565
v -0.001185 -0.002610 0.005841
v -0.001751 -0.002266 0.006398
v -0.002035 -0.002058 0.006660
v 0.001948 0.003925 0.004058
v 0.001891 0.004087 0.004050
v 0.001742 0.003722 0.003999
v 0.002474 0.004295 0.003771
v 0.002290 0.004324 0.003843
v 0.001944 0.004317 0.003865
v 0.001463 0.003682 0.003954
v 0.001145 0.003662 0.003948
v 0.001065 0.003662 0.003955
v 0.000062 0.003746 0.004210
v -0.002776 -0.001185 -0.004465
v -0.002803 -0.000920 -0.003980
v -0.002524 -0.001249 -0.005449
v -0.002179 -0.000575 -0.005805
v -0.002691 -0.000828 -0.005020
v -0.002258 -0.000441 -0.005553
v -0.002544 -0.000562 -0.005147
v -0.002766 -0.001047 -0.004812
v -0.004839 -0.003871 0.003525
v -0.004450 -0.004277 0.004078
v -0.004535 -0.004203 0.003964
v -0.004711 -0.004021 0.003714
v -0.004140 -0.004398 0.004165
v -0.003881 -0.004290 0.004629
v -0.004069 -0.004351 0.004476
v -0.002563 -0.004414 0.004694
v -0.002849 -0.004151 0.004930
v -0.003221 -0.004414 0.004690
v -0.003694 -0.004196 0.004766
v -0.002872 -0.003763 0.005191
v -0.000889 -0.002797 0.005554
v -0.001843 -0.002585 0.005825
v -0.001938 -0.002343 0.006253
v -0.002512 -0.002714 0.005868
v -0.002475 -0.003238 0.005509
v -0.003278 0.000198 -0.001801
v -0.002931 -0.000045 -0.002977
v -0.002987 0.001435 -0.002072
v -0.002816 0.000778 -0.002687
v -0.004204 0.000166 -0.000168
v -0.004088 0.000708 -0.000298
v -0.003460 0.002309 -0.001035
v -0.003920 0.001637 -0.000420
v -0.003940 0.000236 -0.000573
v -0.005020 -0.002079 0.001301
v -0.005276 -0.001658 0.001495
v -0.005143 -0.001121 0.001262
v -0.005275 -0.002185 0.001729
v -0.004617 0.001478 0.000557
v -0.005310 0.001257 0.001419
v -0.005690 0.000260 0.002125
v -0.005427 0.000423 0.001705
v -0.005530 -0.000957 0.002193
v -0.005442 -0.001458 0.001874
v -0.005564 0.001416 0.001732
v -0.005258 -0.003471 0.003572
v -0.005122 -0.003671 0.003791
v -0.005603 -0.002048 0.002608
v -0.005870 -0.002148 0.003649
v -0.005713 -0.002615 0.003381
v -0.005664 -0.002856 0.003536
v -0.005410 -0.003338 0.003993
v 0.001675 0.004752 0.002294
v 0.002047 0.004745 0.002243
v 0.001320 0.004420 0.002918
v 0.000586 0.004494 0.003126
v 0.000409 0.004519 0.003191
v -0.000856 0.005429 0.002581
v 0.001647 0.004395 0.002934
v 0.001792 0.004617 0.002635
v 0.002386 0.004731 0.002239
v -0.001483 0.005651 0.002508
v -0.001682 0.005671 0.001055
v -0.002054 0.005391 0.000823
v -0.001633 0.005718 0.001392
v -0.002161 0.005255 0.000604
v -0.002092 0.004928 -0.000596
v -0.002614 0.003749 -0.001491
v -0.002238 0.004396 -0.001418
v -0.002969 0.004150 -0.000129
v -0.002717 0.000507 -0.004380
v -0.002771 -0.000604 -0.004604
v -0.002844 0.000167 -0.003195
v -0.002389 0.002100 -0.003049
v -0.002536 0.002161 -0.002590
v -0.002563 0.001474 -0.002937
v -0.002638 0.001276 -0.003591
v -0.003355 0.003163 -0.000687
v -0.003138 0.002565 -0.001467
v -0.002660 0.001755 -0.002528
v 0.002577 0.004655 0.002456
v 0.002489 0.004628 0.002584
v 0.002633 0.004356 0.003270
v 0.002301 0.004523 0.002878
v 0.002492 0.004449 0.003094
v 0.002405 0.004377 0.003668
v -0.000500 0.004205 0.004093
v -0.001004 0.004362 0.004240
v -0.001471 0.004388 0.004334
v -0.002482 0.003538 0.005279
v -0.002444 0.003959 0.004845
v -0.003522 0.000325 0.007308
v -0.003290 -0.000020 0.007255
v -0.003153 -0.000044 0.007200
v -0.002439 -0.001928 0.006689
v -0.002753 -0.001510 0.006884
v -0.002612 -0.001306 0.007025
v -0.002863 -0.000713 0.007148
v -0.003124 -0.000362 0.007213
v -0.003198 -0.000194 0.007223
v -0.002961 -0.000704 0.007174
v -0.003906 0.000951 0.007288
v -0.004075 0.000971 0.007343
v -0.004423 0.000965 0.007368
v -0.004524 0.001276 0.007344
v -0.003590 0.002195 0.006530
v -0.004764 0.001989 0.006870
v -0.004490 0.001773 0.007051
v -0.004535 0.001540 0.007226
v -0.003556 0.000630 0.007270
v -0.002965 0.003087 0.005703
v -0.003360 0.002848 0.005906
v -0.004823 0.002350 0.006340
v -0.004663 0.002166 0.006649
v -0.002541 -0.002059 0.006461
v 0.001726 0.004246 0.003758
v 0.001658 0.004024 0.003957
v 0.002205 0.004441 0.003467
v 0.001956 0.004386 0.003391
v 0.001449 0.003947 0.003839
v 0.001190 0.003897 0.003773
v 0.000989 0.003891 0.003781
v -0.000091 0.004203 0.003860
v 0.000848 0.004088 0.003558
v -0.002806 -0.000936 -0.004605
v -0.002825 -0.000833 -0.004419
v -0.004270 -0.004342 0.004279
v -0.004734 -0.004060 0.004336
v -0.004544 -0.004084 0.004529
v -0.004280 -0.004326 0.004309
v -0.004927 -0.003927 0.004092
v -0.004773 -0.004037 0.004288
v -0.004978 -0.003868 0.004016
v -0.004169 -0.003941 0.004825
v -0.004356 -0.004035 0.004687
v -0.003321 -0.003994 0.005035
v -0.003626 -0.003928 0.004968
v -0.003107 -0.003202 0.005637
v -0.002782 -0.002449 0.006117
v -0.002715 -0.002154 0.006308
v -0.002961 -0.002652 0.006024
v -0.003337 -0.002960 0.005812
v -0.002594 0.001329 -0.002901
v -0.002604 0.001368 -0.002830
v -0.003736 0.002681 -0.000331
v -0.004607 0.001825 0.000588
v -0.004064 0.002536 0.000166
v -0.005375 0.002033 0.001638
v -0.005078 0.002056 0.001287
v -0.005680 0.000569 0.001997
v -0.006335 0.000830 0.003133
v -0.006112 -0.000134 0.003148
v -0.005943 -0.000748 0.002957
v -0.005973 -0.001404 0.003220
v -0.005637 0.002102 0.001984
v -0.005881 0.001281 0.002114
v -0.005970 -0.001618 0.003427
v -0.005737 -0.002613 0.003984
v -0.005865 -0.001820 0.004244
v -0.006085 -0.001165 0.004260
v -0.005597 -0.002811 0.004206
v -0.005285 -0.003470 0.004172
v -0.005287 -0.003403 0.004294
v 0.002108 0.004684 0.002621
v 0.001153 0.004248 0.003220
v 0.000714 0.004278 0.003344
v -0.000831 0.004925 0.003456
v -0.000682 0.004711 0.003648
v -0.001407 0.005198 0.003409
v -0.001759 0.005556 0.002912
v 0.001987 0.004444 0.002896
v 0.001837 0.004335 0.003144
v 0.001374 0.004139 0.003413
v 0.001787 0.004289 0.003232
v -0.001951 0.005632 0.002695
v -0.001970 0.005524 0.001073
v -0.002327 0.005533 0.002378
v -0.003063 0.005127 0.003106
v -0.002789 0.004788 0.001014
v -0.003503 0.004363 0.001504
v -0.003068 0.004912 0.001944
v -0.003341 0.003898 0.000252
v -0.003497 0.003651 0.000213
v -0.003614 0.003060 -0.000253
v 0.002025 0.004417 0.003287
v 0.002222 0.004441 0.003465
v 0.002266 0.004484 0.002942
v -0.001881 0.005034 0.003756
v -0.002100 0.004474 0.004319
v -0.003449 0.004294 0.004359
v -0.002949 0.004773 0.003986
v -0.003671 0.000006 0.007307
v -0.003962 0.000660 0.007364
v -0.003865 0.000348 0.007385
v -0.003445 -0.000382 0.007210
v -0.003299 -0.000376 0.007207
v -0.002877 -0.001630 0.006679
v -0.002798 -0.001440 0.006907
v -0.003008 -0.001121 0.007018
v -0.002904 -0.000809 0.007152
v -0.003244 -0.000744 0.007132
v -0.003379 -0.000493 0.007182
v -0.003973 0.000661 0.007367
v -0.004280 0.000634 0.007350
v -0.004536 0.000932 0.007319
v -0.004438 0.000533 0.007180
v -0.004629 0.000860 0.007262
v -0.004780 0.001224 0.007274
v -0.004653 0.000900 0.007272
v -0.004811 0.001755 0.007048
v -0.004821 0.001503 0.007187
v -0.004968 0.002166 0.006618
v -0.005030 0.001941 0.006811
v -0.005044 0.001690 0.006955
v -0.004463 0.003528 0.004860
v -0.004144 0.003982 0.004459
v -0.003704 0.004277 0.004356
v -0.004365 0.003145 0.005351
v -0.004775 0.002718 0.005669
v -0.004958 0.002492 0.006016
v -0.005096 0.002306 0.006288
v -0.003007 -0.001746 0.006480
v 0.001563 0.004163 0.003584
v 0.001551 0.004152 0.003605
v 0.001317 0.004090 0.003513
v 0.000977 0.004080 0.003530
v -0.004789 -0.003991 0.004372
v -0.004646 -0.003582 0.004834
v -0.004834 -0.003639 0.004679
v -0.005024 -0.003649 0.004502
v -0.005040 -0.003789 0.004168
v -0.003900 -0.003177 0.005370
v -0.003752 -0.002357 0.006044
v -0.002972 -0.002652 0.006026
v -0.003194 -0.001834 0.006339
v -0.003981 0.003218 0.000568
v -0.004843 0.002533 0.001299
v -0.004813 0.003014 0.001741
v -0.006325 0.001098 0.003024
v -0.006409 0.000808 0.003699
v -0.006440 0.001059 0.003558
v -0.006160 -0.000306 0.003440
v -0.006019 -0.001077 0.003219
v -0.006132 -0.001094 0.003799
v -0.006143 0.002241 0.002689
v -0.005433 0.002704 0.002269
v -0.005944 0.002598 0.002722
v -0.006433 0.001854 0.003210
v -0.005724 -0.001967 0.004561
v -0.005586 -0.002265 0.004601
v -0.006001 -0.001308 0.004588
v -0.006074 -0.000883 0.004771
v -0.006172 -0.000631 0.004043
v -0.005821 -0.001475 0.004865
v -0.005484 -0.002604 0.004572
v -0.005060 -0.003629 0.004458
v -0.005048 -0.003601 0.004510
v -0.002144 0.005243 0.003565
v -0.002132 0.005399 0.003251
v -0.002574 0.005353 0.003212
v -0.002790 0.005282 0.003102
v -0.003235 0.004959 0.002561
v -0.002734 0.005179 0.003507
v -0.003192 0.005045 0.003312
v -0.003711 0.003976 0.001116
v -0.003748 0.004378 0.002156
v -0.003914 0.004425 0.002852
v -0.004055 0.004424 0.003460
v -0.004077 0.003434 0.001007
v -0.002496 0.005141 0.003644
v -0.003115 0.004933 0.003695
v -0.003341 0.004866 0.003595
v -0.003858 -0.000088 0.007169
v -0.004108 0.000290 0.007302
v -0.003967 0.000645 0.007366
v -0.003564 -0.000500 0.007008
v -0.003121 -0.001246 0.006802
v -0.003088 -0.001000 0.007060
v -0.003362 -0.000866 0.006920
v -0.003566 -0.000503 0.007002
v -0.004149 0.000375 0.007312
v -0.004338 0.000367 0.007134
v -0.004530 0.000469 0.006905
v -0.004673 0.000869 0.007216
v -0.004928 0.001115 0.007094
v -0.005014 0.001418 0.007053
v -0.005202 0.002104 0.006527
v -0.005237 0.001864 0.006691
v -0.005214 0.001594 0.006797
v -0.005118 0.001286 0.006826
v -0.004862 0.003622 0.004476
v -0.003845 0.004424 0.004040
v -0.004383 0.004075 0.004056
v -0.004965 0.003749 0.004119
v -0.005236 0.002785 0.005378
v -0.005086 0.002632 0.005685
v -0.005235 0.002363 0.006013
v -0.005200 0.002433 0.005932
v -0.005321 0.002238 0.006186
v -0.005386 0.002013 0.006382
v -0.003207 -0.001387 0.006557
v -0.005131 -0.002942 0.004712
v -0.004218 -0.002668 0.005525
v -0.003884 -0.002031 0.006051
v -0.003601 -0.001552 0.006296
v -0.003381 -0.001480 0.006403
v -0.004816 0.003554 0.002751
v -0.005623 0.003289 0.003349
v -0.005928 0.002986 0.003191
v -0.006423 0.001226 0.003860
v -0.006449 0.001497 0.003758
v -0.006236 0.000356 0.004056
v -0.006151 0.000137 0.004245
v -0.006175 -0.000415 0.003840
v -0.006266 0.002460 0.003102
v -0.006385 0.002140 0.003129
v -0.006464 0.002020 0.003516
v -0.006419 0.002254 0.003339
v -0.005548 -0.001689 0.005046
v -0.006017 -0.000993 0.004876
v -0.006095 -0.000561 0.004759
v -0.006068 -0.000833 0.004861
v -0.006107 -0.000297 0.004644
v -0.006117 -0.000034 0.004524
v -0.005720 -0.001343 0.005094
v -0.004670 -0.002245 0.005470
v -0.004782 -0.002048 0.005514
v -0.002607 0.005190 0.003516
v -0.003545 0.004786 0.003472
v -0.004043 0.004125 0.002319
v -0.004159 0.004292 0.003234
v -0.003988 0.004253 0.002609
v -0.004744 0.003895 0.003763
v -0.004294 0.003872 0.002485
v -0.003743 -0.000319 0.006756
v -0.004167 0.000023 0.006824
v -0.004197 0.000152 0.007061
v -0.003763 -0.000302 0.006729
v -0.003364 -0.001049 0.006589
v -0.003359 -0.000945 0.006776
v -0.003474 -0.000688 0.006551
v -0.003458 -0.000742 0.006558
v -0.004241 0.000071 0.006732
v -0.004484 0.000190 0.006561
v -0.005013 0.001074 0.006799
v -0.005387 0.001757 0.006512
v -0.005312 0.001462 0.006565
v -0.005365 0.003513 0.004328
v -0.005480 0.003314 0.004575
v -0.005310 0.003154 0.004862
v -0.005001 0.003752 0.003739
v -0.005464 0.003524 0.004024
v -0.005406 0.002945 0.005091
v -0.005333 0.002577 0.005607
v -0.005489 0.002730 0.005306
v -0.005537 0.002498 0.005484
v -0.005402 0.002354 0.005807
v -0.005422 0.002272 0.005874
v -0.005474 0.002134 0.006011
v -0.005502 0.001890 0.006169
v -0.005465 0.001614 0.006260
v -0.004588 -0.001576 0.005878
v -0.004121 -0.001395 0.006036
v -0.003496 -0.001165 0.006392
v -0.003698 -0.001244 0.006267
v -0.004622 0.003732 0.002859
v -0.005651 0.003425 0.003889
v -0.005836 0.003282 0.003774
v -0.005978 0.003136 0.003703
v -0.006294 0.002632 0.003416
v -0.006203 0.002835 0.003622
v -0.006224 0.000792 0.004247
v -0.006297 0.001345 0.004064
v -0.006280 0.002036 0.004122
v -0.006410 0.002175 0.003793
v -0.006143 0.000236 0.004421
v -0.006373 0.002423 0.003642
v -0.005862 -0.001014 0.005111
v -0.005972 -0.000441 0.004967
v -0.005994 -0.000172 0.004860
v -0.006019 0.000098 0.004756
v -0.006037 0.000364 0.004646
v -0.005637 -0.001067 0.005273
v -0.004963 -0.001680 0.005564
v -0.004928 -0.001680 0.005598
v -0.004171 0.004043 0.002525
v -0.003564 -0.000513 0.006387
v -0.003955 -0.000213 0.006506
v -0.003671 -0.000422 0.006245
v -0.003532 -0.000887 0.006300
v -0.003552 -0.000620 0.006192
v -0.004204 -0.000212 0.006401
v -0.004789 0.000420 0.006413
v -0.004559 0.000103 0.006413
v -0.005401 0.001446 0.006261
v -0.005583 0.003441 0.004219
v -0.005683 0.003236 0.004452
v -0.005547 0.003092 0.004773
v -0.005730 0.003033 0.004614
v -0.005635 0.002879 0.004994
v -0.005679 0.002645 0.005168
v -0.005564 0.002253 0.005641
v -0.005696 0.002396 0.005315
v -0.005680 0.002130 0.005427
v -0.005564 0.001997 0.005771
v -0.005520 0.001792 0.005993
v -0.005464 0.001554 0.006153
v -0.004626 -0.001502 0.005891
v -0.004820 -0.001586 0.005758
v -0.004034 -0.001010 0.006158
v -0.004295 -0.001047 0.006087
v -0.003770 -0.000950 0.006212
v -0.005761 0.003350 0.004069
v -0.005904 0.003239 0.003883
v -0.006157 0.002928 0.003941
v -0.006247 0.002791 0.003700
v -0.006052 0.000629 0.004532
v -0.005884 0.000727 0.004692
v -0.005745 0.001538 0.004957
v -0.005855 0.002414 0.004769
v -0.006197 0.002690 0.004111
v -0.006321 0.002572 0.003906
v -0.005863 0.002675 0.004645
v -0.005799 -0.000346 0.005121
v -0.005269 0.000299 0.005645
v -0.005877 0.000467 0.004815
v -0.005378 -0.000452 0.005483
v -0.005120 -0.000659 0.005679
v -0.004142 -0.000293 0.006362
v -0.003783 -0.000616 0.006223
v -0.004327 -0.000436 0.006247
v -0.004738 -0.000047 0.006156
v -0.004890 0.000288 0.006184
v -0.005228 0.000353 0.005737
v -0.005435 0.001291 0.005671
v -0.005860 0.003142 0.004301
v -0.005896 0.002903 0.004467
v -0.005744 0.003008 0.004643
v -0.005789 0.002776 0.004819
v -0.005774 0.002981 0.004595
v -0.005805 0.002526 0.004965
v -0.005792 0.002260 0.005081
v -0.005619 0.001840 0.005494
v -0.005730 0.001971 0.005146
v -0.005528 0.001719 0.005862
v -0.004754 -0.000481 0.005968
v -0.005139 0.000049 0.005774
v -0.004042 -0.000993 0.006159
v -0.006021 0.003042 0.004133
v -0.005593 0.000945 0.005059
v -0.005533 0.000658 0.005127
v -0.005435 0.000790 0.005358
v -0.005468 0.000734 0.005261
vn 0.9540 -0.2448 -0.1730
vn 0.9284 -0.2123 -0.3050
vn 0.9246 0.0087 -0.3808
vn 0.9141 -0.3838 -0.1308
vn 0.9633 -0.1110 -0.2446
vn 0.9460 -0.3242 0.0095
vn 0.8858 -0.4453 0.1306
vn 0.9155 -0.3832 -0.1223
vn 0.9087 -0.0006 -0.4174
vn 0.9264 0.0582 -0.3720
vn 0.8401 0.1608 -0.5180
vn 0.9194 -0.3687 -0.1366
vn 0.8578 -0.2688 -0.4381
vn 0.8290 -0.4626 -0.3143
vn 0.8410 -0.5331 0.0923
vn 0.8410 -0.5408 0.0156
vn 0.7904 -0.6102 0.0535
vn 0.9789 -0.1295 -0.1580
vn 0.9813 -0.1918 -0.0180
vn 0.9248 -0.3428 0.1649
vn 0.8021 -0.5671 0.1872
vn 0.8141 -0.5448 0.2011
vn 0.6758 -0.7008 0.2282
vn 0.8497 -0.0696 -0.5227
vn 0.8362 0.1995 -0.5109
vn 0.9204 0.1268 -0.3699
vn 0.9796 0.0256 -0.1995
vn 0.7736 0.1502 -0.6156
vn 0.7430 0.2810 -0.6074
vn 0.7231 0.2457 -0.6455
vn 0.7412 -0.6624 -0.1092
vn 0.8044 -0.3226 -0.4988
vn 0.7548 -0.5319 -0.3838
vn 0.6272 -0.7505 -0.2083
vn 0.6215 -0.7832 0.0199
vn 0.6450 -0.7424 0.1811
vn 0.6480 -0.6922 0.3178
vn 0.9982 -0.0555 -0.0221
vn 0.7538 -0.6379 0.1578
vn 0.9667 -0.1712 0.1903
vn 0.9182 -0.3227 0.2298
vn 0.5875 -0.7676 0.2564
vn 0.5482 -0.8028 0.2346
vn 0.8390 -0.0973 -0.5354
vn 0.8911 0.1952 -0.4096
vn 0.7472 0.3506 -0.5647
vn 0.9541 0.1372 -0.2663
vn 0.7206 -0.0073 -0.6933
vn 0.7077 0.1936 -0.6795
vn 0.7795 -0.0785 -0.6215
vn 0.8147 -0.1545 -0.5589
vn 0.6149 0.4055 -0.6763
vn 0.6316 0.5003 -0.5923
vn 0.7342 0.2456 -0.6329
vn 0.6564 0.2649 -0.7063
vn 0.4717 -0.8815 -0.0218
vn 0.8196 -0.3476 -0.4555
vn 0.6788 -0.6159 -0.3998
vn 0.5186 -0.8182 -0.2483
vn 0.3493 -0.9362 -0.0395
vn 0.4324 -0.8811 0.1915
vn 0.5588 -0.7735 0.2991
vn 0.9912 0.0660 -0.1149
vn 0.9974 -0.0696 -0.0206
vn 0.8622 -0.4730 0.1812
vn 0.6986 -0.6880 0.1968
vn 0.9966 -0.0716 0.0401
vn 0.9509 -0.1670 0.2604
vn 0.9031 -0.2426 0.3542
vn 0.9071 -0.2891 0.3060
vn 0.5008 -0.8348 0.2289
vn 0.4846 -0.8564 0.1782
vn 0.3721 -0.8895 0.2651
vn 0.5445 -0.8006 0.2500
vn 0.9522 0.1763 -0.2495
vn 0.8451 0.2984 -0.4435
vn 0.8704 0.2677 -0.4131
vn 0.7128 0.4694 -0.5211
vn 0.7672 0.3466 -0.5398
vn 0.7011 0.1495 -0.6972
vn 0.6923 -0.2036 -0.6923
vn 0.6084 -0.3140 -0.7289
vn 0.6444 -0.1106 -0.7567
vn 0.5888 0.0168 -0.8081
vn 0.6366 -0.3777 -0.6724
vn 0.7937 -0.4219 -0.4383
vn 0.6662 -0.5235 -0.5311
vn 0.4590 0.2064 -0.8641
vn 0.5119 0.4040 -0.7581
vn 0.5508 0.5511 -0.6268
vn 0.5642 0.5964 -0.5709
vn 0.5834 0.5612 -0.5871
vn 0.5029 0.1057 -0.8579
vn 0.5374 0.1576 -0.8285
vn 0.7458 -0.5175 -0.4196
vn 0.5946 -0.6370 -0.4906
vn 0.5378 -0.7264 -0.4278
vn 0.3920 -0.8752 -0.2834
vn 0.2471 -0.9662 -0.0728
vn 0.0579 -0.9948 -0.0836
vn 0.2956 -0.9539 -0.0521
vn 0.4608 -0.8765 0.1392
vn 0.5054 -0.8601 0.0700
vn 0.9405 0.2063 -0.2700
vn 0.9952 0.0951 -0.0248
vn 0.6686 -0.6865 0.2857
vn 0.5682 -0.8016 0.1857
vn 0.5374 -0.8061 0.2480
vn 0.7671 -0.5644 0.3050
vn 0.8640 -0.3574 0.3546
vn 0.9767 -0.0466 0.2095
vn 0.9282 -0.1664 0.3328
vn 0.8923 -0.2138 0.3975
vn 0.8168 -0.1627 0.5536
vn 0.3574 -0.9297 0.0891
vn 0.3943 -0.8885 0.2346
vn 0.2319 -0.9381 0.2573
vn 0.4858 -0.8643 0.1304
vn 0.4644 -0.8749 0.1377
vn 0.8711 0.2701 -0.4101
vn 0.7961 0.3524 -0.4920
vn 0.6086 0.5710 -0.5509
vn 0.5778 0.6366 -0.5109
vn 0.5936 0.5669 -0.5711
vn 0.5028 -0.5273 -0.6850
vn 0.4668 -0.4128 -0.7821
vn 0.4261 -0.6331 -0.6462
vn 0.4995 -0.2282 -0.8357
vn 0.4492 0.0337 -0.8928
vn 0.4051 -0.0938 -0.9094
vn 0.4219 -0.1864 -0.8873
vn 0.4972 -0.6486 -0.5763
vn 0.3579 -0.8207 -0.4454
vn 0.4004 0.0997 -0.9109
vn 0.3878 0.2689 -0.8816
vn 0.4299 0.4141 -0.8023
vn 0.5244 0.4988 -0.6901
vn 0.5208 0.5100 -0.6846
vn 0.4981 0.6276 -0.5983
vn 0.5636 0.6182 -0.5479
vn 0.2254 -0.9243 -0.3080
vn 0.0830 -0.9847 -0.1535
vn -0.0194 -0.9940 -0.1079
vn 0.0449 -0.9906 -0.1289
vn 0.2831 -0.9219 -0.2645
vn 0.3565 -0.9322 -0.0617
vn 0.8882 0.2894 -0.3569
vn 0.9531 0.2362 -0.1894
vn 0.9806 0.0168 0.1952
vn 0.7355 -0.5162 0.4388
vn 0.5929 -0.7476 0.2991
vn 0.6497 -0.5857 0.4846
vn 0.5973 -0.7523 0.2780
vn 0.8251 -0.2704 0.4960
vn 0.9085 -0.0915 0.4077
vn 0.8935 -0.2017 0.4012
vn 0.1356 -0.9864 -0.0929
vn 0.1833 -0.9742 0.1314
vn 0.1257 -0.9794 0.1581
vn 0.0378 -0.9614 0.2724
vn 0.4193 -0.9064 0.0507
vn 0.5491 -0.7883 0.2776
vn 0.5209 -0.8450 0.1211
vn 0.7873 0.4151 -0.4559
vn 0.6115 0.5524 -0.5665
vn 0.5700 0.5880 -0.5739
vn 0.5198 0.6641 -0.5374
vn 0.3313 -0.7662 -0.5506
vn 0.3720 -0.7396 -0.5608
vn 0.1976 -0.5397 -0.8183
vn 0.2782 -0.6848 -0.6735
vn 0.2472 -0.3761 -0.8930
vn 0.3659 -0.1425 -0.9197
vn 0.2562 -0.2113 -0.9432
vn 0.2451 -0.2421 -0.9388
vn 0.0647 -0.9581 -0.2790
vn 0.4527 -0.0339 -0.8910
vn 0.4313 0.0599 -0.9002
vn 0.2605 0.1017 -0.9601
vn 0.2955 0.1542 -0.9428
vn 0.3551 0.2571 -0.8988
vn 0.4355 0.4355 -0.7879
vn 0.4602 0.4826 -0.7451
vn 0.4608 0.4927 -0.7382
vn 0.4040 0.5769 -0.7100
vn 0.4702 0.7544 -0.4581
vn 0.3458 0.7048 -0.6195
vn 0.3781 0.7770 -0.5033
vn 0.7214 0.3329 -0.6072
vn 0.5585 0.6535 -0.5108
vn 0.1616 -0.9734 -0.1627
vn 0.1065 -0.9695 -0.2205
vn 0.2143 -0.9521 -0.2183
vn 0.0870 -0.9837 -0.1574
vn 0.4053 -0.8983 -0.1695
vn -0.0010 -0.9929 -0.1188
vn 0.2468 -0.9119 -0.3279
vn 0.8477 0.3860 -0.3639
vn 0.9756 0.2035 0.0823
vn 0.9210 0.3754 -0.1044
vn 0.8653 0.4255 -0.2650
vn 0.9532 0.0705 0.2941
vn 0.7553 -0.2504 0.6057
vn 0.7328 -0.4326 0.5252
vn 0.6690 -0.4406 0.5986
vn 0.6961 -0.4187 0.5832
vn 0.7027 -0.2793 0.6544
vn 0.6456 -0.5134 0.5654
vn 0.8608 -0.1606 0.4830
vn 0.7774 -0.1799 0.6027
vn 0.2922 -0.9333 -0.2087
vn 0.1208 -0.9848 -0.1247
vn -0.2273 -0.9625 0.1482
vn -0.0459 -0.9847 0.1682
vn 0.2286 -0.9689 0.0943
vn -0.0024 -0.9970 -0.0771
vn -0.0253 -0.9991 -0.0328
vn -0.1754 -0.9832 0.0500
vn 0.5670 -0.8199 -0.0794
vn 0.3671 -0.9297 0.0297
vn 0.6748 -0.6405 0.3667
vn 0.6673 -0.5923 0.4515
vn 0.3874 -0.9140 0.1203
vn 0.5192 -0.8379 0.1686
vn 0.7218 0.4930 -0.4857
vn 0.5275 0.6726 -0.5190
vn 0.6713 0.5635 -0.4815
vn 0.6283 0.5812 -0.5171
vn 0.4197 0.8296 -0.3684
vn 0.3349 0.8848 -0.3240
vn 0.3153 0.8831 -0.3473
vn 0.3271 0.7672 -0.5517
vn 0.2827 0.8801 -0.3815
vn 0.2211 -0.8483 -0.4812
vn -0.0455 -0.6710 -0.7401
vn 0.0056 -0.7342 -0.6790
vn 0.0547 -0.8639 -0.5007
vn 0.2875 -0.4800 -0.8288
vn 0.4720 -0.3704 -0.8000
vn 0.3717 -0.4526 -0.8106
vn 0.4310 -0.2172 -0.8758
vn 0.4563 -0.2959 -0.8392
vn 0.0532 -0.9596 -0.2764
vn -0.0383 -0.9878 -0.1512
vn 0.4462 -0.3230 -0.8346
vn 0.4728 -0.0446 -0.8800
vn 0.4130 0.0084 -0.9107
vn 0.0887 -0.0501 -0.9948
vn 0.0310 -0.2075 -0.9777
vn 0.2669 -0.1197 -0.9563
vn 0.4483 0.0633 -0.8916
vn 0.4284 -0.1033 -0.8977
vn 0.2638 0.2322 -0.9362
vn 0.1711 0.1247 -0.9773
vn 0.1767 0.0705 -0.9817
vn 0.3846 0.4141 -0.8250
vn 0.2936 0.2864 -0.9120
vn 0.2841 0.2893 -0.9141
vn 0.3108 0.3688 -0.8760
vn 0.3702 0.4870 -0.7911
vn 0.3045 0.5398 -0.7848
vn 0.3651 0.4970 -0.7872
vn 0.2368 0.6137 -0.7532
vn 0.2570 0.9101 -0.3251
vn 0.2449 0.8667 -0.4347
vn 0.2565 0.7292 -0.6344
vn 0.4904 -0.8238 -0.2844
vn 0.5149 -0.8416 -0.1630
vn 0.0149 -0.9454 -0.3256
vn -0.0243 -0.9732 -0.2285
vn 0.2341 -0.8693 -0.4354
vn 0.5607 -0.7807 -0.2760
vn 0.6167 -0.7714 -0.1569
vn 0.7561 0.5280 -0.3867
vn 0.8846 0.1111 0.4530
vn 0.9593 0.2300 0.1640
vn 0.9455 0.3209 0.0560
vn 0.7866 0.5362 -0.3063
vn 0.8164 0.5628 -0.1297
vn 0.8867 0.4481 0.1135
vn 0.8719 -0.0336 0.4886
vn 0.9308 -0.1231 0.3441
vn 0.6739 -0.1639 0.7205
vn 0.6858 -0.2719 0.6751
vn 0.6758 -0.1686 0.7175
vn 0.6910 -0.0971 0.7163
vn 0.7000 -0.2351 0.6744
vn 0.6408 -0.1564 0.7516
vn 0.7568 -0.1728 0.6304
vn 0.8094 -0.0846 0.5812
vn 0.8230 -0.0994 0.5593
vn 0.8333 -0.1035 0.5431
vn 0.2909 -0.9552 0.0546
vn 0.1288 -0.9601 0.2484
vn -0.2035 -0.9637 0.1729
vn -0.5111 -0.8538 0.0992
vn -0.4691 -0.8717 0.1415
vn 0.2396 -0.9705 0.0274
vn -0.1229 -0.9904 -0.0639
vn -0.2310 -0.9672 -0.1059
vn -0.1664 -0.9663 -0.1962
vn 0.1037 -0.9854 -0.1351
vn 0.2734 -0.9618 -0.0111
vn -0.4061 -0.9130 -0.0396
vn 0.7313 -0.4787 0.4859
vn 0.7884 -0.4222 0.4475
vn 0.6952 -0.6490 0.3091
vn 0.3216 -0.9461 0.0375
vn 0.5074 -0.8344 0.2151
vn 0.6653 -0.6507 0.3660
vn 0.6687 0.6339 -0.3886
vn 0.1955 0.9424 -0.2715
vn 0.2039 0.9110 -0.3586
vn 0.3807 0.7967 -0.4694
vn 0.5750 0.7028 -0.4188
vn -0.0448 -0.9340 -0.3543
vn -0.1347 -0.8154 -0.5631
vn 0.2203 -0.5904 -0.7764
vn 0.0211 -0.8064 -0.5910
vn -0.1682 -0.8914 -0.4208
vn 0.1905 -0.6427 -0.7421
vn 0.1698 -0.6008 -0.7812
vn -0.0598 -0.7922 -0.6073
vn 0.3283 -0.4266 -0.8427
vn 0.3096 -0.5773 -0.7556
vn 0.4145 -0.4304 -0.8018
vn 0.2459 -0.7094 -0.6605
vn 0.3430 -0.0732 -0.9365
vn 0.2306 -0.3439 -0.9102
vn 0.2426 -0.2539 -0.9363
vn -0.1873 -0.3384 -0.9222
vn -0.1007 -0.2115 -0.9722
vn -0.2718 -0.5247 -0.8067
vn -0.0023 -0.4397 -0.8982
vn 0.2784 -0.1914 -0.9412
vn 0.2590 -0.5174 -0.8156
vn 0.1698 0.1012 -0.9803
vn -0.0666 -0.0372 -0.9971
vn 0.2565 0.4615 -0.8492
vn 0.1684 0.2855 -0.9435
vn 0.2347 0.3777 -0.8957
vn 0.1549 0.1536 -0.9759
vn 0.1436 0.5230 -0.8402
vn 0.0186 0.6048 -0.7961
vn 0.2727 0.7911 -0.5474
vn 0.1087 0.8303 -0.5466
vn 0.1817 0.9191 -0.3496
vn 0.1739 0.7028 -0.6898
vn 0.5183 -0.8544 0.0364
vn 0.4065 -0.9041 0.1316
vn -0.1007 -0.9064 -0.4102
vn 0.0458 -0.7988 -0.5998
vn -0.1855 -0.8882 -0.4203
vn 0.3643 -0.7874 -0.4972
vn 0.4532 -0.8052 -0.3825
vn 0.5158 -0.8296 -0.2137
vn 0.3692 -0.9284 -0.0423
vn 0.6662 0.6716 -0.3243
vn 0.6648 0.6846 -0.2989
vn 0.9131 0.2483 0.3234
vn 0.8272 0.0919 0.5543
vn 0.7255 0.6856 -0.0598
vn 0.8306 0.4025 0.3849
vn 0.7716 0.5593 0.3031
vn 0.6214 -0.2212 0.7516
vn 0.6259 -0.0967 0.7739
vn 0.6201 -0.0985 0.7783
vn 0.6915 -0.0567 0.7202
vn 0.7294 -0.0246 0.6836
vn 0.7115 -0.2660 0.6505
vn 0.6652 -0.0586 0.7444
vn 0.6425 -0.1766 0.7457
vn 0.5437 -0.4211 0.7260
vn 0.6682 -0.1978 0.7172
vn 0.7260 -0.1870 0.6618
vn 0.7014 -0.1507 0.6966
vn 0.8280 -0.0258 0.5601
vn 0.7733 -0.1389 0.6186
vn 0.1463 -0.9820 0.1193
vn -0.0235 -0.9985 0.0489
vn -0.4152 -0.9067 0.0745
vn -0.5539 -0.8326 0.0018
vn -0.5843 -0.8081 0.0745
vn -0.4887 -0.8702 -0.0617
vn -0.6134 -0.7862 -0.0744
vn -0.3072 -0.9385 -0.1574
vn -0.2661 -0.9462 -0.1842
vn -0.1928 -0.9406 -0.2795
vn -0.0633 -0.9758 -0.2095
vn 0.2688 -0.9515 0.1498
vn 0.2135 -0.9649 0.1530
vn 0.1281 -0.9910 -0.0401
vn -0.5177 -0.8287 -0.2128
vn -0.5047 -0.8283 -0.2435
vn -0.3727 -0.9064 -0.1988
vn 0.7730 -0.3059 0.5557
vn 0.7759 -0.4078 0.4813
vn 0.8161 -0.1313 0.5628
vn 0.3319 -0.9075 0.2576
vn 0.5613 -0.6334 0.5326
vn 0.4343 -0.7966 0.4205
vn 0.6754 -0.4335 0.5965
vn 0.2051 0.8548 -0.4766
vn 0.2759 0.9130 -0.3007
vn 0.1632 0.8454 -0.5085
vn 0.3691 0.8379 -0.4022
vn 0.4423 0.8325 -0.3337
vn -0.2376 -0.8819 -0.4072
vn -0.0385 -0.8834 -0.4671
vn -0.1956 -0.9100 -0.3655
vn 0.0561 -0.7895 -0.6112
vn -0.0047 -0.9155 -0.4023
vn 0.1932 -0.7150 -0.6719
vn 0.0724 -0.8907 -0.4488
vn 0.0110 -0.8462 -0.5328
vn 0.1295 -0.5826 -0.8024
vn -0.1087 -0.6568 -0.7462
vn -0.3492 -0.4112 -0.8420
vn -0.1363 -0.0845 -0.9870
vn -0.2351 -0.2621 -0.9359
vn -0.3605 -0.4018 -0.8418
vn -0.4138 -0.5840 -0.6984
vn -0.3656 -0.7286 -0.5792
vn -0.0663 -0.0046 -0.9978
vn -0.0838 -0.0907 -0.9923
vn -0.0028 0.4657 -0.8850
vn 0.0253 0.3959 -0.9180
vn -0.1452 0.2377 -0.9604
vn -0.0872 0.0807 -0.9929
vn -0.1813 0.5566 -0.8108
vn -0.2217 0.6514 -0.7256
vn -0.1607 0.7496 -0.6421
vn -0.1507 0.8581 -0.4909
vn 0.1578 0.9348 -0.3183
vn -0.0491 0.9069 -0.4185
vn -0.1322 -0.7982 -0.5877
vn 0.1074 -0.7354 -0.6691
vn 0.0689 -0.8253 -0.5604
vn 0.0709 -0.8393 -0.5390
vn 0.3029 -0.7963 -0.5237
vn 0.3104 -0.9121 -0.2678
vn 0.1798 -0.8481 -0.4985
vn 0.1791 -0.9774 -0.1119
vn -0.1551 -0.9871 0.0397
vn 0.5968 0.7949 -0.1095
vn 0.5300 0.8283 -0.1816
vn 0.8718 0.2281 0.4336
vn 0.8221 0.0413 0.5678
vn 0.8199 0.0656 0.5687
vn 0.6537 0.7280 0.2065
vn 0.8566 0.2446 0.4544
vn 0.7540 0.5206 0.4006
vn 0.6591 0.6241 0.4197
vn 0.6196 -0.2612 0.7402
vn 0.6816 0.0002 0.7318
vn 0.7616 -0.0166 0.6478
vn 0.6570 -0.0078 0.7539
vn 0.5682 -0.1291 0.8127
vn 0.5939 -0.0527 0.8028
vn 0.5516 -0.2027 0.8091
vn 0.7179 -0.1586 0.6778
vn 0.5036 -0.1916 0.8424
vn 0.6231 -0.2506 0.7409
vn 0.6397 -0.2381 0.7309
vn 0.8224 -0.0105 0.5687
vn 0.8464 0.0698 0.5280
vn -0.4081 -0.9070 -0.1038
vn -0.4999 -0.8399 -0.2113
vn -0.6315 -0.7656 -0.1227
vn -0.5794 -0.7853 -0.2180
vn -0.6057 -0.7904 -0.0912
vn -0.3124 -0.9164 -0.2502
vn -0.0884 -0.9720 -0.2177
vn 0.0280 -0.9995 -0.0147
vn -0.0126 -0.9998 0.0141
vn 0.2659 -0.7867 0.5571
vn 0.2314 -0.8612 0.4525
vn 0.2237 -0.9117 0.3445
vn 0.2868 -0.7440 0.6035
vn 0.3563 -0.8940 0.2716
vn 0.1534 -0.9595 0.2364
vn -0.6086 -0.7630 -0.2179
vn -0.6182 -0.7775 -0.1154
vn -0.5032 -0.7851 -0.3612
vn -0.5757 -0.7567 -0.3098
vn -0.4254 -0.8174 -0.3883
vn 0.7460 -0.1860 0.6394
vn 0.4305 -0.5851 0.6873
vn 0.6208 -0.3264 0.7128
vn 0.3901 0.8726 -0.2939
vn 0.2697 0.8688 -0.4152
vn 0.0771 0.8037 -0.5900
vn 0.2725 0.8981 -0.3451
vn 0.2253 0.8835 -0.4108
vn 0.3418 0.7915 -0.5067
vn 0.4661 0.7784 -0.4204
vn 0.1470 0.8046 -0.5754
vn 0.2668 0.8208 -0.5051
vn 0.2886 0.8315 -0.4747
vn 0.3421 0.8302 -0.4401
vn -0.1006 -0.8725 -0.4781
vn -0.0599 -0.9368 -0.3446
vn -0.1200 -0.8392 -0.5305
vn -0.2139 -0.8244 -0.5240
vn -0.0940 -0.9132 -0.3964
vn -0.2792 -0.8989 -0.3376
vn -0.2349 -0.8241 -0.5155
vn -0.4314 -0.5695 -0.6997
vn -0.4202 -0.3699 -0.8286
vn -0.2999 -0.2559 -0.9190
vn -0.4431 -0.5421 -0.7140
vn -0.4326 -0.7998 -0.4161
vn -0.5113 -0.6266 -0.5882
vn -0.5078 -0.7688 -0.3887
vn -0.3672 -0.1331 -0.9205
vn -0.2915 0.3646 -0.8844
vn -0.3773 0.4593 -0.8042
vn -0.2621 0.1121 -0.9585
vn -0.4664 0.2971 -0.8332
vn -0.3028 -0.0535 -0.9515
vn -0.5033 0.6158 -0.6062
vn -0.5204 0.6659 -0.5346
vn -0.3839 0.7828 -0.4897
vn -0.1052 0.9174 -0.3839
vn -0.3069 0.8452 -0.4375
vn -0.1048 -0.7771 -0.6206
vn -0.0671 -0.7659 -0.6395
vn -0.0400 -0.8427 -0.5368
vn -0.3542 -0.8187 -0.4520
vn 0.0901 -0.9726 -0.2143
vn -0.0272 -0.9547 -0.2964
vn -0.2285 -0.8874 -0.4003
vn -0.1994 -0.9561 -0.2149
vn 0.5591 0.8287 0.0245
vn 0.8180 0.1390 0.5582
vn 0.5568 0.7529 0.3509
vn 0.8286 0.3606 0.4283
vn 0.6263 0.6879 0.3669
vn 0.7281 0.6309 0.2681
vn 0.7863 0.4039 0.4676
vn 0.7588 0.2972 0.5796
vn 0.8641 0.3932 0.3143
vn 0.6194 -0.0006 0.7851
vn 0.6749 0.0706 0.7346
vn 0.6445 0.1019 0.7578
vn 0.6887 -0.1249 0.7142
vn 0.6351 -0.1508 0.7575
vn 0.4253 -0.1479 0.8929
vn 0.5063 -0.0238 0.8620
vn 0.6920 -0.0873 0.7166
vn 0.7009 -0.0383 0.7123
vn 0.6023 -0.0903 0.7931
vn 0.4700 -0.1775 0.8646
vn 0.8393 0.1174 0.5308
vn -0.5799 -0.7589 -0.2963
vn -0.5896 -0.8048 -0.0689
vn -0.6263 -0.7476 -0.2211
vn -0.5703 -0.8123 -0.1219
vn -0.5267 -0.8489 -0.0450
vn -0.1680 -0.9127 -0.3724
vn -0.0309 -0.9850 -0.1698
vn 0.0377 -0.9932 0.1105
vn 0.1419 -0.6703 0.7284
vn 0.1994 -0.6870 0.6987
vn 0.3559 -0.8003 0.4825
vn 0.1916 -0.5166 0.8345
vn 0.2311 -0.6303 0.7412
vn 0.2645 -0.8698 0.4166
vn 0.1391 -0.8244 0.5487
vn 0.0576 -0.9486 0.3113
vn -0.6078 -0.7584 -0.2353
vn -0.7167 -0.6946 -0.0623
vn -0.6245 -0.7810 -0.0036
vn -0.6838 -0.6845 -0.2527
vn -0.6695 -0.6443 -0.3697
vn -0.5965 -0.6969 -0.3981
vn -0.4766 -0.7506 -0.4576
vn -0.3348 -0.8246 -0.4560
vn -0.4073 -0.7702 -0.4908
vn 0.5368 -0.3704 0.7580
vn 0.2561 -0.6418 0.7229
vn 0.3640 0.9191 -0.1505
vn 0.2841 0.9218 -0.2639
vn 0.2804 0.9371 -0.2080
vn 0.4493 0.8931 0.0244
vn 0.3832 0.9087 -0.1655
vn 0.2184 0.8389 -0.4986
vn 0.4531 0.7675 -0.4535
vn 0.1705 0.8562 -0.4877
vn 0.5433 0.7501 -0.3771
vn 0.3377 0.8864 -0.3167
vn 0.4523 0.8236 -0.3421
vn -0.3461 -0.8228 -0.4509
vn -0.4917 -0.7797 -0.3877
vn -0.5281 -0.7242 -0.4435
vn -0.5167 -0.5626 -0.6454
vn -0.4847 -0.2909 -0.8249
vn -0.6159 -0.3745 -0.6932
vn -0.5196 -0.8145 -0.2583
vn -0.5060 -0.1265 -0.8532
vn -0.5083 0.0827 -0.8572
vn -0.6055 0.2721 -0.7479
vn -0.6123 0.5180 -0.5973
vn -0.6510 0.3549 -0.6709
vn -0.2634 0.2849 -0.9217
vn -0.5998 0.1665 -0.7826
vn -0.7071 0.4706 -0.5277
vn -0.6538 0.6366 -0.4091
vn -0.6746 0.5342 -0.5095
vn -0.6838 0.5380 -0.4928
vn -0.0043 0.8887 -0.4585
vn -0.3853 0.8486 -0.3626
vn -0.5229 0.7592 -0.3875
vn -0.4885 0.8043 -0.3383
vn -0.3973 -0.7744 -0.4924
vn 0.5482 0.8209 0.1598
vn 0.5860 0.7079 0.3944
vn 0.6820 0.6949 0.2280
vn 0.7374 0.6646 0.1206
vn 0.7555 0.6519 -0.0652
vn 0.6088 0.7175 0.3385
vn 0.7528 0.1516 0.6406
vn 0.7229 -0.0083 0.6909
vn 0.8101 0.1231 0.5732
vn 0.6218 -0.0114 0.7831
vn 0.8275 0.5533 -0.0957
vn 0.9270 0.3725 0.0437
vn 0.8938 0.1801 0.4108
vn 0.6090 0.0752 0.7896
vn 0.6050 0.0276 0.7957
vn 0.6712 0.0636 0.7386
vn 0.6460 0.0824 0.7589
vn 0.5657 0.1486 0.8111
vn 0.5855 0.0350 0.8099
vn 0.5562 -0.1436 0.8186
vn 0.5417 -0.3791 0.7502
vn 0.4059 -0.5089 0.7591
vn 0.3473 -0.2474 0.9045
vn 0.3211 -0.0765 0.9440
vn 0.5888 -0.2235 0.7767
vn 0.5520 -0.2603 0.7922
vn 0.4311 0.0080 0.9023
vn 0.5166 -0.1779 0.8375
vn 0.5021 0.0428 0.8638
vn -0.5640 -0.7636 -0.3143
vn -0.6562 -0.7541 -0.0267
vn -0.5358 -0.8034 -0.2599
vn -0.4949 -0.8337 -0.2452
vn -0.5410 -0.7861 -0.2989
vn -0.5942 -0.7999 -0.0837
vn -0.6425 -0.7355 -0.2151
vn -0.2673 -0.8633 -0.4282
vn -0.3035 -0.8966 -0.3226
vn 0.0431 -0.9656 -0.2563
vn -0.1194 -0.9707 -0.2084
vn -0.2587 -0.8459 -0.4663
vn 0.0742 -0.9242 0.3746
vn 0.0933 -0.9879 0.1240
vn 0.0321 -0.6531 0.7566
vn 0.2069 -0.4354 0.8761
vn 0.2003 -0.5044 0.8399
vn 0.1921 -0.5832 0.7893
vn 0.1872 -0.7665 0.6144
vn -0.8356 -0.4982 -0.2314
vn -0.9044 -0.3846 -0.1850
vn -0.8033 -0.5936 -0.0475
vn -0.7911 -0.5085 -0.3400
vn -0.7344 -0.4387 -0.5178
vn -0.8162 -0.3703 -0.4436
vn -0.4821 -0.7248 -0.4921
vn -0.5772 -0.6440 -0.5021
vn -0.7135 -0.3709 -0.5945
vn -0.4191 -0.7556 -0.5034
vn 0.1487 -0.6350 0.7580
vn 0.2268 0.9738 -0.0175
vn 0.1767 0.9840 -0.0212
vn 0.2668 0.9422 -0.2027
vn 0.3852 0.9228 0.0049
vn 0.4951 0.8601 0.1227
vn 0.5664 0.7464 0.3493
vn 0.4833 0.7642 -0.4271
vn 0.2168 0.8616 -0.4589
vn -0.1965 0.8272 -0.5264
vn 0.0279 0.9172 -0.3974
vn 0.2927 0.9022 -0.3167
vn -0.5745 -0.6446 -0.5043
vn -0.6381 -0.0762 -0.7661
vn -0.7598 -0.0817 -0.6450
vn -0.7440 -0.2933 -0.6004
vn -0.7034 0.1027 -0.7033
vn -0.7616 0.1874 -0.6204
vn -0.8093 0.2338 -0.5389
vn -0.7798 0.3597 -0.5123
vn -0.7821 0.4275 -0.4535
vn -0.7631 0.5012 -0.4081
vn -0.7167 0.6473 -0.2595
vn -0.8495 0.4869 -0.2032
vn -0.7724 0.4405 -0.4576
vn -0.2857 0.8445 -0.4529
vn -0.6781 0.6362 -0.3680
vn -0.5298 0.7097 -0.4644
vn 0.7557 0.6482 0.0934
vn 0.8728 0.3795 -0.3069
vn 0.8625 0.4705 -0.1861
vn 0.7492 -0.0963 0.6553
vn 0.6473 -0.2891 0.7053
vn 0.8568 0.5113 0.0673
vn 0.8898 0.3835 0.2474
vn 0.7598 0.0991 0.6425
vn 0.5700 0.1931 0.7987
vn 0.5210 0.1454 0.8411
vn 0.6124 -0.0943 0.7849
vn 0.4992 -0.2155 0.8393
vn 0.5689 -0.1086 0.8152
vn 0.5695 -0.0625 0.8196
vn 0.5369 0.1457 0.8310
vn 0.5136 0.1442 0.8458
vn 0.5088 0.1442 0.8487
vn 0.5006 0.3233 0.8030
vn 0.4827 0.2702 0.8330
vn 0.4599 0.2415 0.8545
vn 0.5321 0.0630 0.8444
vn 0.5276 -0.2268 0.8187
vn 0.5232 -0.1931 0.8300
vn 0.4319 -0.2948 0.8524
vn 0.0966 -0.2452 0.9646
vn 0.5521 0.0258 0.8334
vn 0.1105 -0.4042 0.9080
vn 0.3074 -0.1038 0.9459
vn 0.1093 -0.1611 0.9809
vn 0.2315 -0.0577 0.9711
vn 0.3588 0.1081 0.9272
vn 0.6242 0.1142 0.7729
vn 0.3809 0.1838 0.9061
vn 0.4686 0.1181 0.8755
vn -0.6987 -0.7151 -0.0226
vn -0.8789 -0.4760 -0.0307
vn -0.6628 -0.5933 -0.4568
vn -0.8400 -0.4907 -0.2316
vn -0.7845 -0.4726 -0.4015
vn -0.7769 -0.5993 -0.1930
vn -0.2842 -0.8908 -0.3545
vn -0.2832 -0.8577 -0.4291
vn -0.2578 -0.9066 -0.3341
vn -0.3082 -0.9404 -0.1440
vn -0.1656 -0.9659 0.1989
vn -0.2555 -0.9658 0.0438
vn 0.0635 -0.9848 0.1619
vn 0.0673 -0.8766 0.4766
vn -0.1504 -0.9712 0.1847
vn 0.2264 -0.7205 0.6555
vn 0.2464 -0.8499 0.4657
vn 0.0036 -0.6905 0.7233
vn 0.2279 -0.4261 0.8755
vn 0.2412 -0.4635 0.8526
vn 0.2109 -0.6341 0.7439
vn 0.2307 -0.5387 0.8103
vn -0.8635 -0.2027 -0.4619
vn -0.9118 -0.1732 -0.3724
vn -0.9363 -0.3267 -0.1293
vn -0.9492 -0.1068 -0.2960
vn -0.8291 -0.1371 -0.5421
vn -0.8096 -0.1132 -0.5760
vn -0.4733 -0.6762 -0.5646
vn -0.5152 -0.5889 -0.6226
vn -0.5209 -0.6209 -0.5857
vn -0.8277 -0.0813 -0.5553
vn -0.7247 -0.3318 -0.6039
vn -0.4077 -0.8162 -0.4095
vn -0.6958 -0.5610 -0.4485
vn -0.6410 -0.6352 -0.4309
vn -0.0995 -0.7852 0.6112
vn 0.1362 -0.5989 0.7892
vn 0.3998 0.8989 0.1792
vn 0.1420 0.9740 0.1763
vn 0.1839 0.9683 0.1688
vn 0.2677 0.9080 -0.3224
vn 0.2251 0.9711 0.0796
vn 0.2636 0.9479 -0.1787
vn 0.2176 0.9745 -0.0557
vn 0.5553 0.7819 0.2834
vn 0.4447 0.7689 0.4594
vn 0.3987 0.8060 -0.4374
vn 0.3293 0.8592 -0.3916
vn -0.2351 0.8412 -0.4870
vn -0.2063 0.9000 -0.3839
vn -0.0252 0.9760 -0.2165
vn -0.4185 0.7845 -0.4577
vn -0.4109 0.7253 -0.5524
vn -0.8469 0.0736 -0.5266
vn -0.8328 0.0467 -0.5516
vn -0.8214 -0.1690 -0.5447
vn -0.8636 0.0904 -0.4960
vn -0.8844 0.0751 -0.4606
vn -0.8997 0.1628 -0.4050
vn -0.9124 0.1950 -0.3599
vn -0.8510 0.4240 -0.3100
vn -0.9160 0.3869 -0.1064
vn -0.8740 0.4850 0.0317
vn -0.8443 0.5099 -0.1646
vn -0.9286 0.3105 -0.2030
vn -0.7758 0.2846 -0.5631
vn -0.7230 0.6081 -0.3278
vn -0.7707 0.4602 -0.4408
vn 0.5649 0.7775 0.2763
vn 0.8518 0.4748 -0.2213
vn 0.8047 0.4881 -0.3379
vn 0.8401 0.5424 -0.0090
vn 0.8338 0.5481 0.0666
vn 0.7499 0.6102 0.2554
vn 0.6472 0.7531 0.1183
vn 0.7973 0.4436 0.4093
vn 0.4118 0.4110 0.8133
vn 0.4515 -0.3414 0.8244
vn 0.3276 -0.4672 0.8212
vn 0.4535 -0.3441 0.8221
vn 0.4915 -0.2201 0.8426
vn 0.5080 0.1699 0.8444
vn 0.3712 -0.0676 0.9261
vn 0.4445 0.0811 0.8921
vn 0.5074 0.1582 0.8471
vn 0.3980 0.2431 0.8846
vn 0.4338 0.1864 0.8815
vn 0.3060 0.4811 0.8215
vn 0.2599 0.4622 0.8478
vn 0.3868 -0.1996 0.9003
vn 0.2612 -0.6122 0.7463
vn 0.3491 -0.5524 0.7569
vn 0.3587 -0.4728 0.8049
vn 0.3805 -0.3416 0.8594
vn -0.1816 -0.2085 0.9610
vn -0.0561 -0.1873 0.9807
vn 0.6697 0.4231 0.6103
vn 0.4884 0.3699 0.7903
vn 0.1662 0.3610 0.9176
vn 0.1841 -0.0086 0.9829
vn -0.0061 -0.2494 0.9684
vn 0.2277 0.2757 0.9339
vn 0.3793 0.3926 0.8379
vn -0.7862 -0.6173 -0.0280
vn -0.8664 -0.4987 0.0259
vn -0.9627 -0.2620 -0.0677
vn -0.8939 -0.3127 -0.3211
vn -0.8837 -0.0181 -0.4677
vn -0.9488 -0.1431 -0.2817
vn -0.8730 -0.4739 -0.1155
vn -0.2031 -0.9743 -0.0978
vn -0.2325 -0.8656 -0.4434
vn -0.3185 -0.8662 -0.3851
vn -0.3082 -0.9336 -0.1830
vn -0.2775 -0.9537 0.1161
vn -0.1152 -0.8679 0.4833
vn -0.0004 -0.7454 0.6667
vn -0.1055 -0.8532 0.5107
vn -0.2563 -0.9316 0.2576
vn -0.2392 -0.8900 0.3883
vn -0.2306 -0.8461 0.4806
vn -0.1943 -0.8181 0.5412
vn 0.2613 -0.6767 0.6883
vn 0.1997 -0.5537 0.8084
vn 0.0255 -0.7169 0.6968
vn 0.3244 -0.4216 0.8468
vn 0.3489 -0.4690 0.8114
vn -0.1034 -0.7556 0.6468
vn -0.0668 -0.8007 0.5953
vn 0.1330 -0.7174 0.6839
vn 0.2823 -0.4591 0.8423
vn 0.2962 -0.5460 0.7837
vn -0.8599 0.0185 -0.5101
vn -0.8785 0.0359 -0.4763
vn -0.9365 0.0864 -0.3400
vn -0.8639 0.0632 -0.4996
vn -0.8455 0.0354 -0.5328
vn -0.8549 0.1226 -0.5041
vn -0.5949 -0.5257 -0.6081
vn -0.7296 -0.3461 -0.5898
vn -0.6590 -0.4186 -0.6248
vn -0.6569 -0.5261 -0.5401
vn -0.8630 -0.0112 -0.5050
vn -0.8355 -0.1600 -0.5256
vn -0.6463 -0.7049 -0.2923
vn -0.4416 -0.8378 -0.3212
vn -0.5815 -0.7715 -0.2581
vn -0.8189 -0.3788 -0.4312
vn -0.8775 -0.3427 -0.3355
vn -0.8554 -0.4145 -0.3106
vn -0.8437 -0.4511 -0.2909
vn -0.8003 -0.5542 -0.2290
vn 0.1494 -0.6173 0.7724
vn 0.4816 0.8681 0.1206
vn 0.0893 0.9515 0.2944
vn 0.3375 0.8737 0.3505
vn 0.1202 0.9131 0.3896
vn 0.2873 0.9578 -0.0122
vn 0.2918 0.9558 0.0345
vn 0.3263 0.9164 0.2317
vn -0.1641 0.9695 -0.1821
vn -0.0951 0.9904 -0.1000
vn 0.0476 0.9984 0.0294
vn 0.4890 0.8562 0.1668
vn -0.4919 0.6624 -0.5651
vn -0.4041 0.8527 -0.3311
vn -0.4010 0.8814 -0.2497
vn -0.6724 0.5269 -0.5198
vn -0.6333 0.6870 -0.3563
vn -0.6728 0.4743 -0.5678
vn -0.9120 0.1511 -0.3812
vn -0.9232 0.0272 -0.3834
vn -0.9665 0.0078 -0.2566
vn -0.9151 0.0366 -0.4016
vn -0.9663 0.1380 -0.2171
vn -0.9069 0.0028 -0.4213
vn -0.9671 0.1994 -0.1580
vn -0.9528 0.3008 0.0412
vn -0.9169 0.3737 -0.1401
vn -0.9223 0.3855 -0.0295
vn -0.9448 0.3022 0.1269
vn -0.9981 0.0361 0.0491
vn -0.9836 0.1757 0.0408
vn -0.8469 0.3582 -0.3931
vn -0.7970 0.3274 -0.5076
vn -0.7592 0.3811 -0.5276
vn 0.3255 0.8739 -0.3611
vn 0.5323 0.8005 -0.2753
vn 0.4611 0.8699 -0.1749
vn 0.6367 0.7488 -0.1840
vn 0.7354 0.6776 0.0077
vn 0.4565 0.8505 0.2614
vn 0.5554 0.7988 0.2312
vn 0.6098 0.7874 0.0900
vn 0.4751 0.8588 0.1916
vn 0.6423 0.6622 0.3858
vn 0.3228 0.5325 0.7824
vn 0.2853 0.5914 0.7543
vn 0.2008 0.6329 0.7477
vn 0.1926 -0.6545 0.7311
vn 0.4267 0.1800 0.8863
vn 0.0338 -0.5159 0.8560
vn 0.0034 -0.4626 0.8866
vn 0.2524 -0.3970 0.8824
vn 0.2670 -0.0423 0.9628
vn -0.0464 -0.3153 0.9479
vn 0.3978 0.1177 0.9099
vn 0.2599 0.3614 0.8955
vn 0.2427 0.4792 0.8435
vn 0.2308 0.4462 0.8646
vn 0.2179 0.4847 0.8471
vn 0.3884 0.3101 0.8677
vn 0.1433 0.6095 0.7797
vn 0.0692 0.6252 0.7774
vn 0.0220 0.7118 0.7020
vn 0.0037 -0.8214 0.5703
vn 0.0424 -0.8154 0.5773
vn 0.0795 -0.7644 0.6399
vn 0.0177 -0.6769 0.7359
vn -0.1154 0.0133 0.9932
vn -0.2340 0.3662 0.9007
vn -0.1578 -0.0769 0.9845
vn 0.4725 0.7051 0.5288
vn 0.1721 0.7947 0.5821
vn -0.2329 0.8317 0.5040
vn -0.0972 0.2036 0.9742
vn -0.0125 0.4641 0.8857
vn 0.1681 0.5144 0.8409
vn 0.3253 0.5795 0.7472
vn -0.9544 -0.2986 -0.0078
vn -0.9802 -0.1979 -0.0072
vn -0.9076 0.0015 -0.4199
vn -0.9217 0.1587 -0.3540
vn -0.9133 0.1825 -0.3641
vn -0.8913 0.0765 -0.4470
vn -0.8735 0.1844 -0.4506
vn -0.9799 -0.0753 -0.1850
vn -0.5576 -0.7887 -0.2588
vn -0.4904 -0.8712 -0.0238
vn -0.5220 -0.8342 -0.1776
vn -0.5353 -0.8035 -0.2606
vn -0.3554 -0.9292 0.1011
vn -0.2241 -0.7320 0.6434
vn -0.3067 -0.8235 0.4773
vn 0.0586 -0.6458 0.7612
vn 0.0467 -0.5986 0.7997
vn -0.1075 -0.7227 0.6827
vn -0.2100 -0.6431 0.7364
vn 0.1093 -0.5784 0.8084
vn -0.0509 -0.7974 0.6013
vn 0.0808 -0.8145 0.5745
vn -0.0400 -0.8191 0.5723
vn 0.1390 -0.6443 0.7520
vn 0.2028 -0.5721 0.7948
vn -0.9052 0.1116 -0.4101
vn -0.9568 0.1810 -0.2275
vn -0.8710 0.1467 -0.4688
vn -0.9184 0.2119 -0.3341
vn -0.8494 0.1019 -0.5178
vn -0.8375 0.0637 -0.5427
vn -0.8533 0.1950 -0.4836
vn -0.8344 0.1297 -0.5357
vn -0.8141 -0.1881 -0.5494
vn -0.7575 -0.3231 -0.5673
vn -0.8679 -0.1058 -0.4853
vn -0.8643 0.0066 -0.5030
vn -0.8552 -0.2691 -0.4430
vn -0.8105 0.0470 -0.5838
vn -0.7787 0.0215 -0.6271
vn -0.8542 -0.1432 -0.4998
vn -0.8486 -0.1013 -0.5193
vn -0.9129 -0.0683 -0.4025
vn -0.9420 -0.0298 -0.3343
vn -0.7746 0.0477 -0.6307
vn -0.7539 -0.6408 -0.1449
vn -0.7326 -0.6708 -0.1151
vn -0.9298 -0.1985 -0.3099
vn -0.9672 -0.2441 -0.0705
vn -0.9405 -0.2500 -0.2302
vn -0.9134 -0.3926 -0.1078
vn -0.8489 -0.5227 0.0786
vn 0.0105 0.9511 0.3086
vn 0.0752 0.9855 0.1523
vn 0.1266 0.8525 0.5072
vn 0.2643 0.8067 0.5285
vn 0.3381 0.8003 0.4951
vn 0.3301 0.8631 0.3822
vn -0.0581 0.8784 0.4744
vn -0.1198 0.8504 0.5123
vn 0.2644 0.9639 -0.0323
vn 0.1424 0.9643 0.2232
vn -0.3658 0.9063 -0.2117
vn -0.5438 0.8064 -0.2323
vn -0.2395 0.9708 -0.0108
vn -0.6034 0.7669 -0.2187
vn -0.6008 0.7482 -0.2816
vn -0.7794 0.4342 -0.4517
vn -0.6673 0.6084 -0.4297
vn -0.7182 0.6406 -0.2717
vn -0.9932 0.0426 -0.1081
vn -0.9589 0.1735 -0.2246
vn -0.9698 0.1930 -0.1491
vn -0.9113 0.3536 -0.2108
vn -0.8676 0.2691 -0.4182
vn -0.9765 0.1862 -0.1089
vn -0.9941 0.0753 0.0776
vn -0.8134 0.3973 -0.4249
vn -0.8231 0.2496 -0.5100
vn -0.8819 0.1950 -0.4291
vn 0.3689 0.9208 0.1264
vn 0.2132 0.8941 0.3939
vn 0.3139 0.9363 0.1573
vn 0.0141 0.8988 0.4381
vn 0.1631 0.9499 0.2666
vn 0.2752 0.9176 0.2869
vn 0.3751 0.6431 0.6676
vn 0.2786 0.6590 0.6987
vn 0.1592 0.6747 0.7207
vn 0.0351 0.6937 0.7195
vn -0.0033 0.7071 0.7071
vn 0.2982 0.0798 0.9512
vn 0.2590 -0.0072 0.9658
vn 0.3745 0.1033 0.9214
vn -0.3032 -0.6923 0.6548
vn -0.3866 -0.5342 0.7517
vn -0.0235 -0.2724 0.9619
vn 0.2924 0.0127 0.9562
vn 0.1420 -0.0362 0.9892
vn 0.1992 -0.0293 0.9795
vn 0.0831 -0.1032 0.9912
vn 0.3165 0.2661 0.9105
vn 0.1744 0.1937 0.9654
vn -0.1471 -0.0557 0.9875
vn -0.0779 0.2193 0.9725
vn 0.1539 0.6352 0.7568
vn -0.1078 0.6841 0.7214
vn 0.0738 0.6299 0.7732
vn -0.0285 0.4934 0.8693
vn 0.4044 0.1988 0.8927
vn -0.0068 0.6783 0.7348
vn -0.0706 0.7359 0.6734
vn -0.1527 0.8535 0.4982
vn -0.0213 0.8003 0.5992
vn -0.2807 -0.7215 0.6330
vn -0.5031 0.8022 0.3214
vn -0.4583 0.4123 0.7874
vn -0.0715 0.9925 0.0995
vn -0.3735 0.9247 0.0739
vn -0.4148 0.5966 0.6871
vn -0.1493 0.7216 0.6760
vn 0.1105 0.7242 0.6807
vn 0.3468 0.6690 0.6574
vn 0.2103 0.7809 0.5883
vn -0.9901 -0.0263 -0.1382
vn -0.9976 -0.0097 -0.0689
vn -0.4010 -0.8948 0.1963
vn -0.5610 -0.7856 0.2610
vn -0.4472 -0.7177 0.5338
vn -0.4612 -0.8172 0.3456
vn -0.6834 -0.7295 0.0291
vn -0.6455 -0.7542 0.1206
vn -0.7186 -0.6885 -0.0973
vn -0.2726 -0.5507 0.7890
vn -0.3395 -0.6268 0.7013
vn -0.1478 -0.5879 0.7953
vn -0.2533 -0.5327 0.8075
vn -0.0301 -0.5911 0.8060
vn -0.0194 -0.5411 0.8407
vn -0.1862 -0.5595 0.8076
vn 0.1610 -0.6021 0.7820
vn -0.1611 -0.5870 0.7934
vn -0.9674 0.2121 -0.1385
vn -0.9292 0.1814 -0.3219
vn -0.8419 0.2817 -0.4602
vn -0.7928 0.1859 -0.5804
vn -0.8073 0.3051 -0.5052
vn -0.7427 0.2756 -0.6103
vn -0.7527 0.2624 -0.6038
vn -0.8182 -0.1525 -0.5544
vn -0.9425 -0.1493 -0.2989
vn -0.9246 -0.1997 -0.3243
vn -0.9058 -0.1113 -0.4088
vn -0.9377 -0.1741 -0.3006
vn -0.7378 0.3086 -0.6004
vn -0.8305 -0.0280 -0.5563
vn -0.9576 -0.2401 -0.1594
vn -0.9326 -0.3238 0.1592
vn -0.9296 -0.3001 0.2140
vn -0.9708 -0.2210 0.0930
vn -0.8824 -0.3540 0.3098
vn -0.8010 -0.5734 0.1721
vn -0.8113 -0.4480 0.3757
vn -0.0097 0.9152 0.4028
vn 0.1271 0.8361 0.5336
vn -0.2254 0.6310 0.7423
vn 0.3391 0.7790 0.5274
vn 0.3444 0.7276 0.5933
vn 0.2517 0.8055 0.5364
vn 0.1156 0.9120 0.3936
vn -0.1379 0.8726 0.4686
vn -0.2760 0.9334 0.2293
vn -0.1284 0.9223 0.3645
vn -0.3656 0.9071 0.2084
vn -0.1307 0.9749 0.1805
vn -0.5029 0.8435 -0.1889
vn -0.4668 0.8807 -0.0802
vn -0.5085 0.8606 0.0284
vn -0.6634 0.6815 -0.3089
vn -0.6630 0.6887 -0.2935
vn -0.6294 0.7401 -0.2368
vn -0.7311 0.5894 -0.3437
vn -0.7539 0.5210 -0.4002
vn -0.8153 0.4055 -0.4133
vn -0.2306 0.9727 0.0258
vn 0.0885 0.9957 0.0255
vn -0.1502 0.9319 0.3302
vn 0.1130 0.7289 0.6752
vn 0.0308 0.7033 0.7103
vn -0.1066 0.7456 0.6578
vn -0.1620 0.7430 0.6494
vn -0.1009 -0.2905 0.9515
vn 0.2388 0.1441 0.9603
vn -0.0387 -0.0864 0.9955
vn -0.2461 -0.3856 0.8892
vn 0.0070 -0.1615 0.9869
vn -0.4811 -0.5954 0.6434
vn -0.3916 -0.5085 0.7669
vn -0.3633 -0.4885 0.7933
vn 0.0735 -0.2045 0.9761
vn -0.3667 -0.3883 0.8454
vn -0.3161 -0.3686 0.8742
vn 0.1130 0.0557 0.9920
vn -0.3181 -0.2105 0.9244
vn -0.3316 -0.1995 0.9221
vn -0.6555 -0.4847 0.5791
vn -0.4871 -0.4916 0.7218
vn -0.5255 0.0242 0.8504
vn -0.5107 -0.3495 0.7856
vn -0.2729 0.5233 0.8073
vn -0.4248 0.3244 0.8451
vn -0.2680 0.7644 0.5864
vn -0.4507 0.5384 0.7120
vn -0.6073 0.2986 0.7363
vn -0.3142 0.7177 0.6215
vn -0.3521 0.7458 0.5655
vn -0.2186 0.7613 0.6105
vn -0.2068 0.7422 0.6375
vn -0.2146 0.8066 0.5508
vn -0.2716 0.8481 0.4550
vn -0.3711 0.8118 0.4508
vn -0.4260 -0.5391 0.7266
vn -0.4202 0.8957 0.1455
vn -0.4830 0.8245 0.2948
vn -0.1766 0.8786 0.4437
vn 0.1010 0.8233 0.5586
vn -0.6616 -0.6372 0.3953
vn -0.4583 -0.3797 0.8036
vn -0.5482 -0.4400 0.7112
vn -0.6704 -0.5453 0.5031
vn -0.7390 -0.6510 0.1736
vn -0.3702 -0.5100 0.7765
vn -0.3922 -0.3588 0.8470
vn 0.0134 -0.5098 0.8602
vn -0.3091 -0.3791 0.8722
vn -0.7742 0.4507 -0.4445
vn -0.7369 0.4325 -0.5196
vn -0.6981 0.5636 -0.4416
vn -0.9278 -0.0880 -0.3625
vn -0.9827 -0.1677 0.0781
vn -0.9936 -0.0938 -0.0627
vn -0.9803 -0.1352 -0.1438
vn -0.9436 -0.1202 -0.3086
vn -0.9816 -0.1865 -0.0401
vn -0.8141 0.2636 -0.5174
vn -0.6707 0.5060 -0.5423
vn -0.6704 0.5353 -0.5138
vn -0.9631 0.0044 -0.2692
vn -0.8649 -0.3288 0.3793
vn -0.8487 -0.3061 0.4314
vn -0.9162 -0.3318 0.2247
vn -0.9729 -0.1705 0.1560
vn -0.9980 -0.0466 0.0433
vn -0.7992 -0.4015 0.4473
vn -0.7520 -0.3423 0.5633
vn -0.7576 -0.5495 0.3522
vn -0.7034 -0.3966 0.5898
vn 0.0016 0.8086 0.5883
vn -0.0633 0.9095 0.4109
vn -0.2758 0.9185 0.2833
vn -0.4476 0.8840 0.1345
vn -0.6152 0.7720 -0.1598
vn -0.2725 0.8638 0.4238
vn -0.4877 0.8630 0.1316
vn -0.7107 0.6235 -0.3257
vn -0.6770 0.6956 -0.2406
vn -0.6653 0.7239 -0.1828
vn -0.6082 0.7938 -0.0006
vn -0.7335 0.5682 -0.3730
vn -0.1032 0.7873 0.6078
vn -0.3492 0.8097 0.4716
vn -0.4340 0.8230 0.3666
vn -0.5370 -0.6245 0.5671
vn -0.4926 -0.3791 0.7834
vn 0.0146 -0.0084 0.9999
vn -0.5887 -0.5797 0.5634
vn -0.6404 -0.5322 0.5538
vn -0.3477 -0.4763 0.8076
vn -0.7086 -0.5371 0.4577
vn -0.7436 -0.5884 0.3176
vn -0.3646 -0.3398 0.8670
vn -0.6587 -0.5796 0.4797
vn -0.7317 -0.5804 0.3574
vn -0.6918 -0.5486 0.4695
vn -0.7826 -0.3253 0.5308
vn -0.7537 0.0473 0.6556
vn -0.5644 0.6223 0.5424
vn -0.7082 0.3308 0.6237
vn -0.8016 0.0156 0.5977
vn -0.8533 -0.2984 0.4276
vn -0.3459 0.7949 0.4985
vn -0.4203 0.8136 0.4017
vn -0.4914 0.8178 0.2996
vn -0.4169 0.8803 0.2263
vn -0.3255 0.7438 0.5838
vn -0.2993 0.8080 0.5076
vn -0.4975 0.7844 0.3703
vn -0.4682 0.7626 0.4465
vn -0.6178 0.6627 0.4233
vn -0.7985 0.4069 0.4437
vn -0.6186 -0.4179 0.6653
vn -0.5738 -0.3333 0.7481
vn -0.4905 -0.4636 0.7379
vn -0.4352 -0.2479 0.8655
vn -0.4025 -0.1881 0.8959
vn -0.4578 -0.2912 0.8400
vn -0.5694 0.7603 -0.3126
vn -0.5264 0.7941 -0.3040
vn -0.6585 0.6554 -0.3698
vn -0.9522 -0.0361 0.3032
vn -0.9854 0.0084 0.1703
vn -0.9626 -0.1846 0.1985
vn -0.9839 -0.1330 0.1197
vn -1.0000 0.0004 -0.0084
vn -0.8252 0.4191 -0.3786
vn -0.9196 0.1489 -0.3636
vn -0.9973 0.0722 0.0089
vn -0.9598 0.2365 -0.1514
vn -0.6679 -0.4081 0.6224
vn -0.8733 -0.2833 0.3962
vn -0.9573 0.0356 0.2869
vn -0.9175 -0.0885 0.3877
vn -0.9661 0.0616 0.2507
vn -0.9743 0.0393 0.2218
vn -0.6833 -0.3551 0.6380
vn -0.5090 -0.4349 0.7428
vn -0.5278 -0.4221 0.7370
vn -0.1237 0.8841 0.4507
vn -0.5479 0.8278 0.1207
vn -0.7372 0.6321 -0.2388
vn -0.6626 0.7259 -0.1846
vn -0.8201 0.5597 -0.1186
vn -0.5221 0.8528 -0.0111
vn -0.6880 0.6519 -0.3188
vn -0.7605 -0.6433 0.0885
vn -0.6513 -0.7232 0.2298
vn -0.6727 -0.6229 0.3994
vn -0.6425 -0.7543 0.1351
vn -0.8006 -0.3341 0.4974
vn -0.8433 -0.4869 0.2275
vn -0.9283 -0.3649 0.0718
vn -0.9547 -0.2460 0.1671
vn -0.6424 -0.6812 0.3512
vn -0.6343 -0.5806 0.5105
vn -0.8119 -0.4924 0.3137
vn -0.8763 0.0735 0.4762
vn -0.8792 -0.2829 0.3835
vn -0.3974 0.8465 0.3543
vn -0.4485 0.7296 0.5162
vn -0.3286 0.7468 0.5782
vn -0.5128 0.8512 -0.1118
vn -0.4434 0.8963 0.0088
vn -0.3791 0.7276 0.5717
vn -0.4812 0.6851 0.5468
vn -0.5090 0.6292 0.5874
vn -0.6813 0.4898 0.5439
vn -0.6731 0.5729 0.4677
vn -0.7894 0.5425 0.2873
vn -0.8776 0.3919 0.2761
vn -0.9576 0.1275 0.2585
vn -0.9591 -0.1593 0.2341
vn -0.3687 -0.3383 0.8658
vn -0.3322 -0.1694 0.9279
vn -0.6841 -0.0695 0.7261
vn -0.4485 -0.0127 0.8937
vn -0.6266 0.7281 -0.2779
vn -0.4892 0.8668 -0.0968
vn -0.5930 0.7858 -0.1758
vn -0.7143 0.6774 -0.1758
vn -0.8665 0.4559 -0.2032
vn -0.7821 0.5985 -0.1736
vn -0.8917 -0.0191 0.4522
vn -0.8510 0.0152 0.5249
vn -0.8769 0.0427 0.4788
vn -0.9641 0.1136 0.2402
vn -0.9578 -0.0212 0.2865
vn -0.9648 0.2619 0.0243
vn -0.7147 -0.1652 0.6796
vn -0.7851 0.1073 0.6100
vn -0.8345 0.1301 0.5354
vn -0.8596 0.1384 0.4918
vn -0.8541 0.1575 0.4956
vn -0.5939 -0.1538 0.7897
vn -0.6355 -0.3252 0.7003
vn -0.5939 -0.4118 0.6912
vn -0.7136 0.6567 -0.2441
vn -0.8337 -0.5472 0.0742
vn -0.3943 -0.8300 0.3945
vn -0.3592 -0.6380 0.6811
vn -0.7670 0.1238 0.6296
vn -0.5953 -0.1834 0.7823
vn -0.3310 -0.5796 0.7446
vn -0.7112 -0.4559 0.5351
vn -0.5894 -0.4993 0.6350
vn -0.8960 -0.3642 0.2542
vn -0.5121 0.8170 0.2653
vn -0.6215 0.6386 0.4538
vn -0.5324 0.6680 0.5200
vn -0.6850 0.6137 0.3926
vn -0.6376 0.5889 0.4967
vn -0.7698 0.4221 0.4788
vn -0.8469 0.2932 0.4437
vn -0.8725 0.2200 0.4363
vn -0.9345 0.0175 0.3556
vn -0.9639 0.1161 0.2396
vn -0.9883 -0.0455 0.1453
vn -0.9548 -0.2661 0.1324
vn -0.3890 -0.2270 0.8928
vn -0.5207 -0.4245 0.7407
vn -0.2533 -0.1417 0.9570
vn -0.2994 -0.2181 0.9289
vn -0.2395 0.0798 0.9676
vn -0.6251 0.7649 0.1556
vn -0.6986 0.7154 0.0136
vn -0.8416 0.5180 0.1530
vn -0.8743 0.4843 -0.0323
vn -0.7974 0.1864 0.5739
vn -0.7738 0.1029 0.6250
vn -0.8899 -0.0727 0.4503
vn -0.9332 0.0737 0.3518
vn -0.8588 0.2630 0.4396
vn -0.9368 0.2502 0.2447
vn -0.8842 0.2184 0.4128
vn -0.6995 0.0676 0.7114
vn -0.8308 -0.0290 0.5559
vn -0.7577 0.2450 0.6048
vn -0.6523 -0.0478 0.7564
vn -0.5888 -0.1139 0.8002
vn -0.1537 -0.5255 0.8368
vn 0.1121 -0.1597 0.9808
vn -0.3719 -0.3249 0.8696
vn -0.6313 -0.3600 0.6870
vn -0.7454 -0.3549 0.5643
vn -0.8644 -0.2019 0.4606
vn -0.9527 -0.2179 0.2119
vn -0.7118 0.5694 0.4111
vn -0.7817 0.3739 0.4992
vn -0.7378 0.5681 0.3647
vn -0.8629 0.3610 0.3538
vn -0.8110 0.4193 0.4080
vn -0.9303 0.1866 0.3157
vn -0.9604 -0.0460 0.2747
vn -0.9592 -0.1578 0.2346
vn -0.9588 -0.1082 0.2625
vn -0.9760 -0.1726 0.1326
vn -0.5848 -0.2148 0.7822
vn -0.7298 -0.1550 0.6659
vn -0.1737 -0.1845 0.9674
vn -0.7831 0.5312 0.3233
vn -0.8496 -0.1130 0.5152
vn -0.8167 0.1179 0.5648
vn -0.9211 -0.1644 0.3530
vn -0.9033 -0.0862 0.4203
s 1
f 1//1 2//2 3//3
f 1//1 4//4 2//2
f 1//1 3//3 5//5
f 6//6 1//1 5//5
f 1//1 7//7 8//8
f 1//1 6//6 7//7
f 1//1 8//8 4//4
f 2//2 9//9 3//3
f 3//3 10//10 5//5
f 3//3 11//11 10//10
f 11//11 3//3 9//9
f 2//2 4//4 12//12
f 2//2 13//13 9//9
f 14//14 13//13 2//2
f 12//12 14//14 2//2
f 12//12 4//4 15//15
f 4//4 8//8 16//16
f 16//16 17//17 4//4
f 4//4 17//17 15//15
f 18//18 5//5 10//10
f 5//5 18//18 6//6
f 6//6 19//19 20//20
f 21//21 7//7 6//6
f 19//19 6//6 18//18
f 20//20 21//21 6//6
f 7//7 22//22 8//8
f 8//8 22//22 16//16
f 7//7 21//21 23//23
f 23//23 22//22 7//7
f 13//13 24//24 9//9
f 11//11 9//9 24//24
f 25//25 26//26 10//10
f 10//10 11//11 25//25
f 27//27 18//18 10//10
f 26//26 27//27 10//10
f 11//11 24//24 28//28
f 29//29 11//11 30//30
f 28//28 30//30 11//11
f 29//29 25//25 11//11
f 31//31 14//14 12//12
f 15//15 31//31 12//12
f 13//13 32//32 24//24
f 33//33 32//32 13//13
f 14//14 33//33 13//13
f 34//34 33//33 14//14
f 31//31 34//34 14//14
f 35//35 31//31 15//15
f 17//17 35//35 15//15
f 16//16 36//36 17//17
f 16//16 37//37 36//36
f 37//37 16//16 22//22
f 35//35 17//17 36//36
f 19//19 18//18 27//27
f 38//38 20//20 19//19
f 20//20 39//39 21//21
f 20//20 38//38 40//40
f 41//41 39//39 20//20
f 20//20 40//40 41//41
f 27//27 38//38 19//19
f 39//39 23//23 21//21
f 22//22 23//23 37//37
f 23//23 42//42 37//37
f 43//43 23//23 39//39
f 23//23 43//43 42//42
f 28//28 24//24 44//44
f 32//32 44//44 24//24
f 26//26 25//25 45//45
f 25//25 29//29 46//46
f 25//25 46//46 45//45
f 27//27 26//26 47//47
f 45//45 47//47 26//26
f 38//38 27//27 47//47
f 48//48 49//49 28//28
f 30//30 28//28 49//49
f 28//28 50//50 48//48
f 51//51 28//28 44//44
f 28//28 51//51 50//50
f 30//30 52//52 29//29
f 29//29 52//52 53//53
f 29//29 53//53 46//46
f 30//30 54//54 55//55
f 54//54 30//30 49//49
f 52//52 30//30 55//55
f 56//56 34//34 31//31
f 35//35 56//56 31//31
f 32//32 57//57 44//44
f 33//33 58//58 32//32
f 58//58 57//57 32//32
f 59//59 58//58 33//33
f 34//34 59//59 33//33
f 60//60 59//59 34//34
f 56//56 60//60 34//34
f 61//61 35//35 36//36
f 61//61 56//56 35//35
f 37//37 61//61 36//36
f 61//61 37//37 62//62
f 62//62 37//37 42//42
f 63//63 38//38 47//47
f 38//38 64//64 40//40
f 64//64 38//38 63//63
f 39//39 65//65 66//66
f 39//39 41//41 65//65
f 66//66 43//43 39//39
f 40//40 64//64 67//67
f 68//68 40//40 67//67
f 40//40 69//69 70//70
f 40//40 70//70 41//41
f 69//69 40//40 68//68
f 65//65 41//41 70//70
f 43//43 71//71 42//42
f 72//72 42//42 71//71
f 72//72 62//62 42//42
f 43//43 73//73 71//71
f 43//43 66//66 74//74
f 73//73 43//43 74//74
f 51//51 44//44 57//57
f 47//47 45//45 75//75
f 76//76 45//45 46//46
f 45//45 76//76 77//77
f 75//75 45//45 77//77
f 46//46 78//78 79//79
f 46//46 79//79 76//76
f 53//53 78//78 46//46
f 63//63 47//47 75//75
f 49//49 48//48 80//80
f 50//50 81//81 48//48
f 82//82 83//83 48//48
f 81//81 82//82 48//48
f 48//48 84//84 80//80
f 83//83 84//84 48//48
f 49//49 80//80 54//54
f 50//50 51//51 85//85
f 85//85 81//81 50//50
f 57//57 86//86 51//51
f 86//86 87//87 51//51
f 87//87 85//85 51//51
f 88//88 52//52 55//55
f 52//52 88//88 89//89
f 90//90 52//52 89//89
f 91//91 92//92 52//52
f 52//52 92//92 53//53
f 90//90 91//91 52//52
f 92//92 78//78 53//53
f 55//55 54//54 80//80
f 93//93 55//55 94//94
f 94//94 55//55 80//80
f 88//88 55//55 93//93
f 61//61 60//60 56//56
f 57//57 95//95 86//86
f 58//58 95//95 57//57
f 96//96 95//95 58//58
f 97//97 96//96 58//58
f 98//98 97//97 58//58
f 59//59 98//98 58//58
f 99//99 98//98 59//59
f 60//60 99//99 59//59
f 100//100 99//99 60//60
f 61//61 101//101 60//60
f 101//101 100//100 60//60
f 101//101 61//61 102//102
f 62//62 102//102 61//61
f 62//62 72//72 103//103
f 62//62 103//103 102//102
f 75//75 104//104 63//63
f 104//104 105//105 63//63
f 105//105 67//67 63//63
f 63//63 67//67 64//64
f 106//106 66//66 65//65
f 107//107 66//66 106//106
f 107//107 108//108 66//66
f 108//108 74//74 66//66
f 109//109 65//65 110//110
f 65//65 109//109 106//106
f 70//70 110//110 65//65
f 105//105 111//111 67//67
f 111//111 68//68 67//67
f 69//69 68//68 112//112
f 68//68 111//111 112//112
f 70//70 69//69 113//113
f 113//113 110//110 70//70
f 69//69 112//112 114//114
f 113//113 69//69 114//114
f 73//73 72//72 71//71
f 72//72 115//115 103//103
f 73//73 115//115 72//72
f 73//73 116//116 117//117
f 115//115 73//73 117//117
f 74//74 116//116 73//73
f 118//118 74//74 119//119
f 74//74 108//108 119//119
f 74//74 118//118 116//116
f 75//75 77//77 104//104
f 77//77 76//76 120//120
f 76//76 121//121 120//120
f 79//79 121//121 76//76
f 120//120 104//104 77//77
f 78//78 121//121 79//79
f 122//122 78//78 92//92
f 123//123 78//78 122//122
f 78//78 123//123 124//124
f 78//78 124//124 121//121
f 94//94 80//80 84//84
f 125//125 82//82 81//81
f 85//85 125//125 81//81
f 82//82 126//126 83//83
f 127//127 126//126 82//82
f 125//125 127//127 82//82
f 126//126 128//128 83//83
f 84//84 83//83 128//128
f 129//129 94//94 84//84
f 129//129 84//84 130//130
f 84//84 128//128 131//131
f 131//131 130//130 84//84
f 125//125 85//85 132//132
f 85//85 87//87 132//132
f 96//96 87//87 86//86
f 95//95 96//96 86//86
f 96//96 133//133 87//87
f 87//87 133//133 132//132
f 134//134 88//88 93//93
f 88//88 134//134 135//135
f 89//89 88//88 135//135
f 136//136 90//90 89//89
f 135//135 136//136 89//89
f 90//90 136//136 137//137
f 90//90 137//137 138//138
f 138//138 139//139 90//90
f 90//90 140//140 91//91
f 139//139 140//140 90//90
f 92//92 91//91 122//122
f 140//140 123//123 91//91
f 122//122 91//91 123//123
f 94//94 134//134 93//93
f 134//134 94//94 129//129
f 133//133 96//96 97//97
f 141//141 133//133 97//97
f 98//98 141//141 97//97
f 142//142 141//141 98//98
f 99//99 142//142 98//98
f 100//100 142//142 99//99
f 143//143 144//144 100//100
f 100//100 144//144 142//142
f 143//143 100//100 101//101
f 145//145 143//143 101//101
f 102//102 146//146 101//101
f 146//146 145//145 101//101
f 146//146 102//102 103//103
f 103//103 115//115 146//146
f 120//120 147//147 104//104
f 104//104 147//147 148//148
f 105//105 104//104 148//148
f 111//111 105//105 149//149
f 148//148 149//149 105//105
f 106//106 109//109 150//150
f 150//150 151//151 106//106
f 106//106 151//151 107//107
f 108//108 107//107 151//151
f 151//151 152//152 108//108
f 152//152 153//153 108//108
f 119//119 108//108 153//153
f 154//154 109//109 110//110
f 154//154 150//150 109//109
f 110//110 113//113 154//154
f 155//155 111//111 149//149
f 111//111 155//155 112//112
f 156//156 114//114 112//112
f 155//155 156//156 112//112
f 156//156 154//154 113//113
f 156//156 113//113 114//114
f 157//157 146//146 115//115
f 157//157 115//115 158//158
f 117//117 158//158 115//115
f 159//159 117//117 116//116
f 117//117 160//160 158//158
f 159//159 160//160 117//117
f 116//116 161//161 159//159
f 161//161 116//116 118//118
f 162//162 118//118 119//119
f 163//163 161//161 118//118
f 118//118 162//162 163//163
f 153//153 162//162 119//119
f 147//147 120//120 121//121
f 121//121 164//164 147//147
f 121//121 124//124 165//165
f 121//121 165//165 164//164
f 140//140 166//166 123//123
f 166//166 124//124 123//123
f 167//167 124//124 166//166
f 124//124 167//167 165//165
f 168//168 125//125 132//132
f 125//125 168//168 169//169
f 169//169 127//127 125//125
f 170//170 128//128 126//126
f 126//126 171//171 170//170
f 171//171 126//126 127//127
f 171//171 127//127 169//169
f 128//128 172//172 131//131
f 128//128 170//170 172//172
f 173//173 129//129 174//174
f 174//174 129//129 130//130
f 173//173 134//134 129//129
f 131//131 175//175 130//130
f 175//175 174//174 130//130
f 175//175 131//131 172//172
f 168//168 132//132 133//133
f 133//133 176//176 168//168
f 176//176 133//133 141//141
f 134//134 173//173 177//177
f 134//134 178//178 179//179
f 178//178 134//134 177//177
f 180//180 134//134 179//179
f 134//134 180//180 135//135
f 136//136 135//135 181//181
f 180//180 181//181 135//135
f 136//136 182//182 137//137
f 181//181 182//182 136//136
f 137//137 182//182 183//183
f 184//184 137//137 183//183
f 138//138 137//137 184//184
f 139//139 138//138 185//185
f 185//185 138//138 184//184
f 186//186 140//140 139//139
f 139//139 185//185 187//187
f 186//186 139//139 188//188
f 188//188 139//139 187//187
f 189//189 140//140 190//190
f 140//140 189//189 166//166
f 140//140 186//186 190//190
f 176//176 141//141 142//142
f 144//144 176//176 142//142
f 144//144 143//143 191//191
f 143//143 145//145 192//192
f 191//191 143//143 192//192
f 144//144 193//193 194//194
f 193//193 144//144 195//195
f 144//144 196//196 176//176
f 144//144 194//194 196//196
f 144//144 191//191 195//195
f 192//192 145//145 197//197
f 146//146 197//197 145//145
f 146//146 157//157 197//197
f 147//147 198//198 148//148
f 164//164 198//198 147//147
f 149//149 148//148 199//199
f 148//148 200//200 199//199
f 201//201 148//148 198//198
f 148//148 201//201 200//200
f 202//202 155//155 149//149
f 202//202 149//149 199//199
f 203//203 150//150 154//154
f 151//151 150//150 204//204
f 203//203 204//204 150//150
f 151//151 204//204 205//205
f 151//151 206//206 152//152
f 206//206 151//151 205//205
f 206//206 207//207 152//152
f 162//162 152//152 208//208
f 152//152 162//162 153//153
f 207//207 208//208 152//152
f 209//209 210//210 154//154
f 154//154 210//210 203//203
f 154//154 156//156 209//209
f 155//155 209//209 156//156
f 209//209 155//155 202//202
f 157//157 211//211 197//197
f 211//211 157//157 212//212
f 157//157 213//213 212//212
f 213//213 157//157 214//214
f 214//214 157//157 158//158
f 160//160 214//214 158//158
f 159//159 161//161 215//215
f 216//216 217//217 159//159
f 159//159 217//217 218//218
f 159//159 218//218 160//160
f 215//215 216//216 159//159
f 218//218 214//214 160//160
f 163//163 219//219 161//161
f 161//161 219//219 220//220
f 220//220 215//215 161//161
f 221//221 163//163 162//162
f 222//222 221//221 162//162
f 222//222 162//162 208//208
f 163//163 223//223 219//219
f 163//163 221//221 224//224
f 224//224 223//223 163//163
f 165//165 225//225 164//164
f 198//198 164//164 225//225
f 165//165 167//167 226//226
f 165//165 227//227 225//225
f 226//226 227//227 165//165
f 166//166 189//189 228//228
f 228//228 167//167 166//166
f 228//228 229//229 167//167
f 167//167 230//230 231//231
f 229//229 230//230 167//167
f 232//232 226//226 167//167
f 233//233 167//167 231//231
f 167//167 233//233 232//232
f 234//234 169//169 168//168
f 176//176 234//234 168//168
f 169//169 234//234 171//171
f 235//235 172//172 170//170
f 171//171 236//236 170//170
f 235//235 170//170 236//236
f 234//234 237//237 171//171
f 236//236 171//171 237//237
f 172//172 235//235 238//238
f 238//238 175//175 172//172
f 174//174 239//239 173//173
f 173//173 239//239 240//240
f 173//173 241//241 177//177
f 242//242 173//173 240//240
f 242//242 241//241 173//173
f 238//238 174//174 175//175
f 239//239 174//174 238//238
f 234//234 176//176 243//243
f 243//243 176//176 244//244
f 244//244 176//176 196//196
f 245//245 246//246 177//177
f 241//241 245//245 177//177
f 178//178 177//177 246//246
f 247//247 179//179 178//178
f 248//248 179//179 249//249
f 250//250 249//249 179//179
f 179//179 248//248 180//180
f 179//179 247//247 250//250
f 251//251 178//178 252//252
f 178//178 246//246 252//252
f 247//247 178//178 251//251
f 181//181 180//180 253//253
f 253//253 180//180 254//254
f 180//180 248//248 255//255
f 254//254 180//180 255//255
f 182//182 181//181 256//256
f 257//257 181//181 258//258
f 181//181 257//257 259//259
f 181//181 253//253 258//258
f 181//181 259//259 256//256
f 182//182 256//256 183//183
f 184//184 183//183 260//260
f 256//256 260//260 183//183
f 185//185 184//184 261//261
f 184//184 262//262 261//261
f 263//263 185//185 261//261
f 185//185 263//263 187//187
f 186//186 264//264 229//229
f 190//190 186//186 229//229
f 186//186 265//265 264//264
f 265//265 186//186 188//188
f 187//187 263//263 266//266
f 187//187 266//266 188//188
f 266//266 265//265 188//188
f 190//190 228//228 189//189
f 229//229 228//228 190//190
f 267//267 195//195 191//191
f 267//267 191//191 192//192
f 211//211 192//192 197//197
f 268//268 267//267 192//192
f 211//211 268//268 192//192
f 269//269 194//194 193//193
f 270//270 196//196 194//194
f 194//194 269//269 270//270
f 271//271 269//269 193//193
f 272//272 193//193 195//195
f 272//272 271//271 193//193
f 273//273 272//272 195//195
f 195//195 267//267 273//273
f 196//196 270//270 244//244
f 198//198 274//274 201//201
f 198//198 227//227 274//274
f 227//227 198//198 225//225
f 275//275 202//202 199//199
f 276//276 275//275 199//199
f 276//276 199//199 200//200
f 276//276 200//200 277//277
f 201//201 277//277 200//200
f 201//201 274//274 278//278
f 201//201 279//279 280//280
f 277//277 201//201 280//280
f 278//278 279//279 201//201
f 275//275 281//281 202//202
f 282//282 202//202 281//281
f 282//282 209//209 202//202
f 283//283 203//203 210//210
f 203//203 283//283 284//284
f 203//203 284//284 204//204
f 204//204 284//284 205//205
f 285//285 206//206 205//205
f 285//285 205//205 284//284
f 285//285 207//207 206//206
f 207//207 286//286 287//287
f 285//285 288//288 207//207
f 287//287 208//208 207//207
f 286//286 207//207 288//288
f 222//222 208//208 287//287
f 210//210 209//209 289//289
f 209//209 290//290 289//289
f 209//209 282//282 291//291
f 209//209 292//292 290//290
f 292//292 209//209 291//291
f 289//289 283//283 210//210
f 211//211 293//293 268//268
f 293//293 211//211 212//212
f 294//294 212//212 213//213
f 212//212 294//294 293//293
f 213//213 295//295 294//294
f 296//296 295//295 213//213
f 297//297 296//296 213//213
f 213//213 218//218 297//297
f 218//218 213//213 214//214
f 216//216 215//215 298//298
f 223//223 298//298 215//215
f 223//223 215//215 220//220
f 216//216 299//299 217//217
f 299//299 216//216 300//300
f 216//216 301//301 300//300
f 302//302 301//301 216//216
f 303//303 216//216 298//298
f 302//302 216//216 303//303
f 299//299 218//218 217//217
f 218//218 304//304 297//297
f 299//299 304//304 218//218
f 223//223 220//220 219//219
f 221//221 222//222 305//305
f 221//221 305//305 306//306
f 224//224 221//221 307//307
f 307//307 221//221 306//306
f 287//287 305//305 222//222
f 224//224 298//298 223//223
f 308//308 224//224 309//309
f 310//310 224//224 307//307
f 298//298 224//224 303//303
f 310//310 309//309 224//224
f 224//224 308//308 303//303
f 227//227 226//226 232//232
f 227//227 311//311 274//274
f 232//232 311//311 227//227
f 264//264 230//230 229//229
f 230//230 312//312 231//231
f 233//233 231//231 312//312
f 230//230 264//264 313//313
f 312//312 230//230 313//313
f 232//232 314//314 315//315
f 311//311 232//232 315//315
f 233//233 314//314 232//232
f 312//312 314//314 233//233
f 316//316 237//237 234//234
f 243//243 316//316 234//234
f 317//317 235//235 236//236
f 318//318 238//238 235//235
f 318//318 235//235 319//319
f 319//319 235//235 320//320
f 235//235 317//317 320//320
f 237//237 317//317 236//236
f 317//317 237//237 316//316
f 238//238 321//321 239//239
f 321//321 238//238 318//318
f 240//240 239//239 321//321
f 240//240 322//322 242//242
f 323//323 322//322 240//240
f 321//321 323//323 240//240
f 241//241 242//242 324//324
f 325//325 245//245 241//241
f 324//324 325//325 241//241
f 322//322 324//324 242//242
f 316//316 243//243 270//270
f 243//243 244//244 270//270
f 245//245 326//326 246//246
f 327//327 326//326 245//245
f 325//325 327//327 245//245
f 326//326 252//252 246//246
f 251//251 328//328 247//247
f 250//250 247//247 329//329
f 247//247 330//330 329//329
f 247//247 328//328 330//330
f 249//249 331//331 248//248
f 255//255 248//248 332//332
f 332//332 248//248 331//331
f 333//333 249//249 334//334
f 334//334 249//249 250//250
f 249//249 333//333 331//331
f 329//329 334//334 250//250
f 251//251 252//252 335//335
f 328//328 251//251 335//335
f 336//336 335//335 252//252
f 326//326 336//336 252//252
f 337//337 258//258 253//253
f 337//337 253//253 254//254
f 338//338 337//337 254//254
f 254//254 255//255 338//338
f 338//338 255//255 332//332
f 339//339 256//256 259//259
f 339//339 260//260 256//256
f 258//258 340//340 257//257
f 340//340 341//341 257//257
f 257//257 341//341 259//259
f 342//342 258//258 337//337
f 340//340 258//258 342//342
f 341//341 339//339 259//259
f 262//262 184//184 260//260
f 260//260 339//339 262//262
f 339//339 261//261 262//262
f 261//261 339//339 263//263
f 263//263 339//339 343//343
f 263//263 344//344 266//266
f 344//344 263//263 343//343
f 264//264 345//345 346//346
f 264//264 266//266 345//345
f 265//265 266//266 264//264
f 347//347 264//264 346//346
f 264//264 347//347 313//313
f 345//345 266//266 348//348
f 344//344 348//348 266//266
f 268//268 273//273 267//267
f 349//349 273//273 268//268
f 350//350 268//268 293//293
f 268//268 350//350 349//349
f 269//269 351//351 270//270
f 352//352 351//351 269//269
f 352//352 269//269 271//271
f 351//351 353//353 270//270
f 354//354 352//352 271//271
f 355//355 354//354 271//271
f 272//272 355//355 271//271
f 272//272 273//273 356//356
f 356//356 355//355 272//272
f 357//357 356//356 273//273
f 349//349 357//357 273//273
f 274//274 358//358 359//359
f 358//358 274//274 311//311
f 359//359 278//278 274//274
f 275//275 276//276 360//360
f 275//275 360//360 361//361
f 290//290 275//275 361//361
f 290//290 281//281 275//275
f 360//360 276//276 277//277
f 280//280 360//360 277//277
f 278//278 359//359 279//279
f 362//362 280//280 279//279
f 280//280 363//363 360//360
f 364//364 280//280 362//362
f 364//364 363//363 280//280
f 359//359 362//362 279//279
f 281//281 292//292 291//291
f 281//281 291//291 282//282
f 281//281 290//290 292//292
f 283//283 289//289 365//365
f 366//366 283//283 367//367
f 288//288 283//283 365//365
f 283//283 366//366 284//284
f 288//288 367//367 283//283
f 366//366 285//285 284//284
f 367//367 285//285 366//366
f 288//288 285//285 367//367
f 286//286 368//368 287//287
f 369//369 370//370 287//287
f 305//305 287//287 370//370
f 368//368 369//369 287//287
f 368//368 286//286 371//371
f 372//372 286//286 373//373
f 286//286 288//288 373//373
f 372//372 371//371 286//286
f 365//365 374//374 288//288
f 288//288 374//374 373//373
f 289//289 290//290 375//375
f 289//289 375//375 376//376
f 365//365 289//289 376//376
f 290//290 377//377 378//378
f 361//361 377//377 290//290
f 378//378 375//375 290//290
f 293//293 379//379 350//350
f 293//293 294//294 379//379
f 295//295 379//379 294//294
f 379//379 295//295 380//380
f 295//295 381//381 380//380
f 295//295 296//296 381//381
f 296//296 382//382 381//381
f 383//383 382//382 296//296
f 297//297 383//383 296//296
f 384//384 297//297 304//304
f 384//384 385//385 297//297
f 385//385 383//383 297//297
f 300//300 304//304 299//299
f 386//386 300//300 387//387
f 386//386 304//304 300//300
f 300//300 301//301 387//387
f 301//301 388//388 387//387
f 301//301 302//302 389//389
f 301//301 389//389 388//388
f 308//308 302//302 303//303
f 302//302 308//308 390//390
f 391//391 302//302 390//390
f 302//302 391//391 392//392
f 392//392 389//389 302//302
f 393//393 304//304 394//394
f 304//304 393//393 384//384
f 395//395 394//394 304//304
f 304//304 386//386 395//395
f 396//396 306//306 305//305
f 370//370 396//396 305//305
f 306//306 397//397 307//307
f 398//398 306//306 396//396
f 306//306 398//398 397//397
f 310//310 307//307 397//397
f 309//309 399//399 308//308
f 390//390 308//308 399//399
f 310//310 400//400 309//309
f 399//399 309//309 401//401
f 400//400 401//401 309//309
f 310//310 402//402 400//400
f 397//397 402//402 310//310
f 315//315 358//358 311//311
f 314//314 312//312 313//313
f 314//314 313//313 403//403
f 347//347 404//404 313//313
f 405//405 403//403 313//313
f 313//313 406//406 405//405
f 404//404 406//406 313//313
f 407//407 315//315 314//314
f 407//407 358//358 315//315
f 403//403 407//407 314//314
f 353//353 317//317 316//316
f 316//316 270//270 353//353
f 353//353 408//408 317//317
f 320//320 317//317 408//408
f 321//321 318//318 319//319
f 409//409 321//321 319//319
f 409//409 319//319 320//320
f 320//320 410//410 409//409
f 408//408 410//410 320//320
f 323//323 321//321 409//409
f 322//322 411//411 324//324
f 411//411 322//322 323//323
f 410//410 323//323 409//409
f 323//323 412//412 411//411
f 412//412 323//323 410//410
f 411//411 325//325 324//324
f 327//327 325//325 411//411
f 336//336 326//326 327//327
f 327//327 413//413 336//336
f 414//414 327//327 411//411
f 415//415 413//413 327//327
f 414//414 415//415 327//327
f 330//330 328//328 335//335
f 329//329 330//330 416//416
f 417//417 334//334 329//329
f 416//416 417//417 329//329
f 330//330 335//335 336//336
f 336//336 416//416 330//330
f 418//418 331//331 333//333
f 418//418 332//332 331//331
f 419//419 338//338 332//332
f 420//420 332//332 421//421
f 418//418 421//421 332//332
f 332//332 420//420 419//419
f 417//417 333//333 334//334
f 422//422 418//418 333//333
f 422//422 333//333 423//423
f 333//333 417//417 423//423
f 416//416 336//336 413//413
f 342//342 337//337 424//424
f 419//419 337//337 338//338
f 425//425 337//337 419//419
f 425//425 424//424 337//337
f 426//426 343//343 339//339
f 341//341 426//426 339//339
f 427//427 341//341 340//340
f 428//428 340//340 429//429
f 429//429 340//340 342//342
f 428//428 427//427 340//340
f 426//426 341//341 427//427
f 424//424 429//429 342//342
f 343//343 426//426 430//430
f 343//343 430//430 344//344
f 346//346 348//348 344//344
f 431//431 432//432 344//344
f 344//344 432//432 346//346
f 430//430 431//431 344//344
f 348//348 346//346 345//345
f 433//433 347//347 346//346
f 432//432 433//433 346//346
f 347//347 434//434 404//404
f 434//434 347//347 435//435
f 435//435 347//347 433//433
f 357//357 349//349 350//350
f 379//379 357//357 350//350
f 436//436 353//353 351//351
f 351//351 352//352 436//436
f 437//437 438//438 352//352
f 352//352 439//439 437//437
f 438//438 436//436 352//352
f 352//352 440//440 439//439
f 352//352 354//354 440//440
f 436//436 408//408 353//353
f 354//354 355//355 440//440
f 355//355 356//356 441//441
f 442//442 440//440 355//355
f 442//442 355//355 441//441
f 443//443 441//441 356//356
f 357//357 443//443 356//356
f 357//357 379//379 380//380
f 443//443 357//357 444//444
f 357//357 380//380 444//444
f 359//359 358//358 407//407
f 445//445 359//359 446//446
f 359//359 445//445 362//362
f 446//446 359//359 407//407
f 363//363 447//447 360//360
f 360//360 447//447 361//361
f 377//377 361//361 448//448
f 361//361 449//449 448//448
f 362//362 450//450 364//364
f 445//445 450//450 362//362
f 363//363 451//451 447//447
f 452//452 363//363 364//364
f 363//363 452//452 451//451
f 452//452 364//364 453//453
f 450//450 453//453 364//364
f 454//454 374//374 365//365
f 454//454 365//365 376//376
f 368//368 371//371 369//369
f 455//455 369//369 371//371
f 456//456 370//370 369//369
f 369//369 457//457 456//456
f 455//455 457//457 369//369
f 456//456 396//396 370//370
f 371//371 372//372 458//458
f 371//371 458//458 459//459
f 459//459 455//455 371//371
f 373//373 374//374 372//372
f 460//460 372//372 461//461
f 372//372 462//462 458//458
f 372//372 463//463 461//461
f 463//463 372//372 374//374
f 462//462 372//372 460//460
f 374//374 454//454 463//463
f 375//375 464//464 376//376
f 375//375 378//378 464//464
f 454//454 376//376 464//464
f 465//465 378//378 377//377
f 378//378 465//465 461//461
f 461//461 464//464 378//378
f 448//448 466//466 377//377
f 377//377 466//466 465//465
f 381//381 444//444 380//380
f 382//382 444//444 381//381
f 444//444 382//382 467//467
f 468//468 382//382 469//469
f 382//382 383//383 469//469
f 382//382 468//468 467//467
f 385//385 469//469 383//383
f 385//385 384//384 470//470
f 393//393 470//470 384//384
f 471//471 469//469 385//385
f 470//470 471//471 385//385
f 387//387 472//472 386//386
f 395//395 386//386 472//472
f 388//388 472//472 387//387
f 388//388 473//473 472//472
f 473//473 388//388 389//389
f 389//389 474//474 475//475
f 389//389 475//475 473//473
f 389//389 392//392 474//474
f 399//399 476//476 390//390
f 477//477 390//390 476//476
f 390//390 477//477 478//478
f 391//391 390//390 478//478
f 478//478 479//479 391//391
f 479//479 480//480 391//391
f 392//392 391//391 480//480
f 392//392 481//481 474//474
f 481//481 392//392 480//480
f 394//394 482//482 393//393
f 483//483 470//470 393//393
f 393//393 482//482 483//483
f 395//395 484//484 394//394
f 485//485 482//482 394//394
f 484//484 485//485 394//394
f 486//486 395//395 472//472
f 484//484 395//395 486//486
f 396//396 456//456 398//398
f 487//487 397//397 398//398
f 402//402 397//397 487//487
f 487//487 398//398 456//456
f 401//401 476//476 399//399
f 400//400 488//488 401//401
f 402//402 489//489 400//400
f 400//400 489//489 488//488
f 488//488 476//476 401//401
f 402//402 487//487 489//489
f 446//446 403//403 490//490
f 403//403 446//446 407//407
f 491//491 403//403 492//492
f 403//403 405//405 492//492
f 493//493 490//490 403//403
f 493//493 403//403 491//491
f 404//404 494//494 495//495
f 494//494 404//404 434//434
f 404//404 496//496 406//406
f 495//495 496//496 404//404
f 405//405 497//497 492//492
f 498//498 497//497 405//405
f 405//405 499//499 498//498
f 406//406 499//499 405//405
f 406//406 500//500 499//499
f 500//500 406//406 496//496
f 436//436 501//501 408//408
f 410//410 408//408 501//501
f 412//412 410//410 502//502
f 410//410 501//501 502//502
f 411//411 412//412 414//414
f 503//503 412//412 438//438
f 438//438 412//412 502//502
f 412//412 503//503 414//414
f 413//413 415//415 416//416
f 414//414 504//504 505//505
f 503//503 504//504 414//414
f 505//505 415//415 414//414
f 417//417 416//416 415//415
f 505//505 506//506 415//415
f 506//506 507//507 415//415
f 415//415 507//507 417//417
f 423//423 417//417 507//507
f 422//422 508//508 418//418
f 418//418 508//508 421//421
f 425//425 419//419 420//420
f 421//421 509//509 420//420
f 509//509 510//510 420//420
f 420//420 510//510 425//425
f 509//509 421//421 511//511
f 508//508 511//511 421//421
f 512//512 422//422 423//423
f 422//422 513//513 508//508
f 513//513 422//422 514//514
f 512//512 514//514 422//422
f 506//506 423//423 507//507
f 506//506 512//512 423//423
f 510//510 424//424 425//425
f 510//510 515//515 424//424
f 515//515 429//429 424//424
f 516//516 426//426 427//427
f 517//517 430//430 426//426
f 516//516 517//517 426//426
f 428//428 516//516 427//427
f 429//429 518//518 428//428
f 519//519 428//428 518//518
f 519//519 516//516 428//428
f 429//429 515//515 520//520
f 429//429 520//520 518//518
f 521//521 430//430 517//517
f 430//430 521//521 431//431
f 521//521 432//432 431//431
f 432//432 521//521 522//522
f 522//522 433//433 432//432
f 433//433 523//523 435//435
f 522//522 523//523 433//433
f 524//524 494//494 434//434
f 435//435 524//524 434//434
f 435//435 523//523 525//525
f 524//524 435//435 525//525
f 436//436 438//438 501//501
f 526//526 438//438 437//437
f 526//526 437//437 439//439
f 502//502 501//501 438//438
f 503//503 438//438 527//527
f 526//526 527//527 438//438
f 528//528 439//439 440//440
f 529//529 526//526 439//439
f 529//529 439//439 528//528
f 442//442 528//528 440//440
f 530//530 442//442 441//441
f 443//443 530//530 441//441
f 531//531 442//442 530//530
f 532//532 528//528 442//442
f 531//531 532//532 442//442
f 444//444 533//533 443//443
f 530//530 443//443 533//533
f 533//533 444//444 467//467
f 445//445 446//446 450//450
f 446//446 490//490 534//534
f 534//534 450//450 446//446
f 451//451 361//361 447//447
f 449//449 466//466 448//448
f 361//361 451//451 535//535
f 535//535 449//449 361//361
f 466//466 449//449 535//535
f 534//534 536//536 450//450
f 536//536 453//453 450//450
f 452//452 535//535 451//451
f 537//537 535//535 452//452
f 452//452 538//538 539//539
f 538//538 452//452 453//453
f 540//540 452//452 541//541
f 452//452 540//540 537//537
f 452//452 542//542 541//541
f 539//539 542//542 452//452
f 536//536 538//538 453//453
f 454//454 464//464 463//463
f 543//543 455//455 459//459
f 457//457 455//455 544//544
f 545//545 544//544 455//455
f 543//543 545//545 455//455
f 546//546 456//456 457//457
f 546//546 487//487 456//456
f 546//546 457//457 547//547
f 544//544 547//547 457//457
f 462//462 548//548 458//458
f 548//548 459//459 458//458
f 549//549 459//459 548//548
f 549//549 543//543 459//459
f 460//460 461//461 550//550
f 460//460 550//550 551//551
f 552//552 460//460 551//551
f 553//553 460//460 552//552
f 553//553 462//462 460//460
f 461//461 463//463 464//464
f 550//550 461//461 465//465
f 553//553 548//548 462//462
f 466//466 550//550 465//465
f 537//537 554//554 466//466
f 550//550 466//466 554//554
f 535//535 537//537 466//466
f 531//531 467//467 468//468
f 531//531 533//533 467//467
f 532//532 531//531 468//468
f 555//555 532//532 468//468
f 555//555 468//468 469//469
f 469//469 471//471 555//555
f 471//471 470//470 556//556
f 470//470 483//483 556//556
f 471//471 557//557 555//555
f 558//558 471//471 559//559
f 471//471 558//558 557//557
f 556//556 559//559 471//471
f 472//472 560//560 486//486
f 560//560 472//472 473//473
f 561//561 473//473 475//475
f 561//561 560//560 473//473
f 474//474 481//481 562//562
f 474//474 562//562 475//475
f 488//488 563//563 476//476
f 477//477 476//476 563//563
f 564//564 477//477 563//563
f 478//478 477//477 564//564
f 479//479 478//478 564//564
f 479//479 565//565 480//480
f 566//566 479//479 564//564
f 479//479 566//566 567//567
f 565//565 479//479 567//567
f 565//565 568//568 480//480
f 568//568 481//481 480//480
f 481//481 567//567 569//569
f 567//567 481//481 568//568
f 562//562 481//481 570//570
f 481//481 569//569 570//570
f 571//571 483//483 482//482
f 482//482 485//485 571//571
f 483//483 572//572 573//573
f 483//483 573//573 556//556
f 483//483 571//571 574//574
f 574//574 572//572 483//483
f 484//484 575//575 485//485
f 575//575 484//484 486//486
f 485//485 574//574 571//571
f 485//485 575//575 574//574
f 576//576 486//486 577//577
f 486//486 576//576 575//575
f 486//486 578//578 579//579
f 577//577 486//486 579//579
f 560//560 578//578 486//486
f 489//489 487//487 546//546
f 580//580 581//581 488//488
f 581//581 563//563 488//488
f 488//488 489//489 580//580
f 546//546 580//580 489//489
f 490//490 493//493 582//582
f 582//582 534//534 490//490
f 497//497 491//491 492//492
f 583//583 584//584 491//491
f 584//584 493//493 491//491
f 497//497 583//583 491//491
f 582//582 493//493 585//585
f 493//493 586//586 585//585
f 493//493 584//584 586//586
f 494//494 587//587 495//495
f 496//496 495//495 588//588
f 495//495 589//589 588//588
f 589//589 495//495 587//587
f 494//494 524//524 587//587
f 590//590 500//500 496//496
f 590//590 496//496 588//588
f 498//498 500//500 497//497
f 497//497 500//500 583//583
f 500//500 498//498 499//499
f 591//591 583//583 500//500
f 591//591 500//500 592//592
f 592//592 500//500 590//590
f 503//503 527//527 593//593
f 503//503 512//512 504//504
f 512//512 503//503 593//593
f 504//504 506//506 505//505
f 504//504 512//512 506//506
f 508//508 594//594 595//595
f 508//508 595//595 511//511
f 594//594 508//508 513//513
f 596//596 509//509 511//511
f 597//597 510//510 509//509
f 598//598 509//509 596//596
f 598//598 597//597 509//509
f 597//597 515//515 510//510
f 596//596 511//511 595//595
f 593//593 599//599 512//512
f 599//599 514//514 512//512
f 514//514 594//594 513//513
f 599//599 594//594 514//514
f 515//515 597//597 600//600
f 515//515 601//601 520//520
f 515//515 600//600 601//601
f 516//516 602//602 517//517
f 602//602 516//516 519//519
f 517//517 603//603 521//521
f 603//603 517//517 604//604
f 604//604 517//517 602//602
f 605//605 519//519 518//518
f 601//601 605//605 518//518
f 518//518 520//520 601//601
f 519//519 605//605 606//606
f 606//606 602//602 519//519
f 607//607 521//521 603//603
f 521//521 607//607 522//522
f 608//608 522//522 609//609
f 523//523 522//522 608//608
f 607//607 610//610 522//522
f 610//610 609//609 522//522
f 608//608 525//525 523//523
f 524//524 611//611 587//587
f 524//524 525//525 612//612
f 611//611 524//524 612//612
f 525//525 608//608 613//613
f 525//525 614//614 612//612
f 613//613 614//614 525//525
f 526//526 615//615 527//527
f 529//529 615//615 526//526
f 615//615 593//593 527//527
f 532//532 529//529 528//528
f 529//529 555//555 615//615
f 532//532 555//555 529//529
f 531//531 530//530 533//533
f 536//536 534//534 616//616
f 534//534 582//582 616//616
f 538//538 536//536 617//617
f 616//616 617//617 536//536
f 554//554 537//537 540//540
f 618//618 539//539 538//538
f 619//619 539//539 618//618
f 619//619 542//542 539//539
f 620//620 538//538 621//621
f 538//538 620//620 618//618
f 621//621 538//538 617//617
f 540//540 541//541 622//622
f 622//622 554//554 540//540
f 623//623 541//541 624//624
f 542//542 624//624 541//541
f 625//625 541//541 623//623
f 541//541 625//625 622//622
f 542//542 619//619 626//626
f 626//626 627//627 542//542
f 627//627 628//628 542//542
f 624//624 542//542 628//628
f 545//545 543//543 629//629
f 629//629 543//543 630//630
f 543//543 549//549 630//630
f 544//544 545//545 631//631
f 544//544 631//631 547//547
f 632//632 631//631 545//545
f 633//633 634//634 545//545
f 633//633 545//545 629//629
f 545//545 634//634 632//632
f 547//547 580//580 546//546
f 547//547 635//635 636//636
f 637//637 547//547 636//636
f 547//547 637//637 580//580
f 631//631 635//635 547//547
f 638//638 639//639 548//548
f 640//640 548//548 641//641
f 549//549 548//548 642//642
f 643//643 548//548 553//553
f 642//642 548//548 639//639
f 548//548 643//643 641//641
f 548//548 640//640 638//638
f 644//644 630//630 549//549
f 642//642 644//644 549//549
f 551//551 550//550 554//554
f 622//622 551//551 554//554
f 622//622 552//552 551//551
f 552//552 622//622 625//625
f 553//553 552//552 625//625
f 643//643 553//553 625//625
f 555//555 645//645 615//615
f 555//555 557//557 645//645
f 646//646 559//559 556//556
f 573//573 646//646 556//556
f 594//594 599//599 557//557
f 599//599 645//645 557//557
f 558//558 594//594 557//557
f 559//559 647//647 558//558
f 648//648 558//558 649//649
f 649//649 558//558 647//647
f 594//594 558//558 648//648
f 650//650 559//559 646//646
f 559//559 650//650 651//651
f 647//647 559//559 651//651
f 652//652 560//560 653//653
f 560//560 654//654 655//655
f 560//560 561//561 654//654
f 578//578 560//560 656//656
f 656//656 560//560 652//652
f 653//653 560//560 655//655
f 475//475 570//570 657//657
f 658//658 561//561 475//475
f 657//657 658//658 475//475
f 654//654 561//561 658//658
f 570//570 475//475 562//562
f 563//563 581//581 659//659
f 659//659 564//564 563//563
f 659//659 566//566 564//564
f 568//568 565//565 567//567
f 566//566 660//660 567//567
f 660//660 566//566 661//661
f 566//566 659//659 661//661
f 569//569 567//567 662//662
f 662//662 567//567 660//660
f 570//570 569//569 662//662
f 663//663 570//570 662//662
f 570//570 663//663 657//657
f 572//572 646//646 573//573
f 572//572 574//574 664//664
f 572//572 665//665 666//666
f 666//666 646//646 572//572
f 665//665 572//572 664//664
f 575//575 667//667 574//574
f 667//667 664//664 574//574
f 576//576 668//668 575//575
f 667//667 575//575 669//669
f 669//669 575//575 668//668
f 576//576 577//577 670//670
f 670//670 671//671 576//576
f 671//671 672//672 576//576
f 672//672 668//668 576//576
f 577//577 579//579 670//670
f 673//673 579//579 578//578
f 579//579 673//673 670//670
f 656//656 673//673 578//578
f 580//580 637//637 581//581
f 674//674 581//581 637//637
f 581//581 674//674 659//659
f 616//616 582//582 585//585
f 584//584 583//583 675//675
f 676//676 675//675 583//583
f 591//591 677//677 583//583
f 583//583 677//677 676//676
f 584//584 678//678 586//586
f 675//675 678//678 584//584
f 585//585 586//586 679//679
f 679//679 680//680 585//585
f 585//585 680//680 616//616
f 586//586 678//678 679//679
f 611//611 589//589 587//587
f 589//589 681//681 588//588
f 590//590 588//588 681//681
f 682//682 681//681 589//589
f 589//589 683//683 684//684
f 683//683 589//589 611//611
f 684//684 682//682 589//589
f 590//590 681//681 592//592
f 592//592 685//685 591//591
f 685//685 677//677 591//591
f 645//645 593//593 615//615
f 645//645 599//599 593//593
f 595//595 594//594 648//648
f 648//648 649//649 595//595
f 649//649 596//596 595//595
f 596//596 686//686 598//598
f 596//596 649//649 686//686
f 598//598 687//687 597//597
f 600//600 597//597 687//687
f 688//688 687//687 598//598
f 598//598 689//689 688//688
f 598//598 686//686 689//689
f 687//687 601//601 600//600
f 602//602 606//606 601//601
f 605//605 601//601 606//606
f 690//690 602//602 601//601
f 690//690 601//601 687//687
f 691//691 602//602 690//690
f 691//691 604//604 602//602
f 604//604 607//607 603//603
f 691//691 692//692 604//604
f 604//604 692//692 607//607
f 692//692 693//693 607//607
f 610//610 607//607 694//694
f 694//694 607//607 693//693
f 609//609 695//695 608//608
f 608//608 696//696 613//613
f 608//608 697//697 696//696
f 697//697 608//608 695//695
f 695//695 609//609 610//610
f 698//698 695//695 610//610
f 698//698 610//610 694//694
f 699//699 611//611 612//612
f 611//611 699//699 683//683
f 612//612 700//700 701//701
f 612//612 701//701 699//699
f 614//614 700//700 612//612
f 696//696 614//614 613//613
f 700//700 614//614 696//696
f 616//616 680//680 617//617
f 680//680 621//621 617//617
f 620//620 619//619 618//618
f 620//620 626//626 619//619
f 702//702 620//620 621//621
f 620//620 702//702 703//703
f 703//703 704//704 620//620
f 626//626 620//620 704//704
f 680//680 702//702 621//621
f 623//623 624//624 705//705
f 706//706 623//623 705//705
f 623//623 706//706 641//641
f 625//625 623//623 641//641
f 705//705 624//624 628//628
f 641//641 643//643 625//625
f 707//707 627//627 626//626
f 707//707 626//626 704//704
f 628//628 627//627 708//708
f 627//627 707//707 708//708
f 709//709 640//640 628//628
f 705//705 628//628 640//640
f 709//709 628//628 708//708
f 644//644 629//629 630//630
f 710//710 629//629 711//711
f 711//711 629//629 644//644
f 633//633 629//629 710//710
f 631//631 632//632 712//712
f 631//631 713//713 635//635
f 631//631 712//712 713//713
f 714//714 712//712 632//632
f 632//632 715//715 714//714
f 634//634 715//715 632//632
f 716//716 634//634 633//633
f 717//717 716//716 633//633
f 717//717 633//633 718//718
f 633//633 719//719 720//720
f 720//720 721//721 633//633
f 721//721 718//718 633//633
f 719//719 633//633 710//710
f 634//634 716//716 722//722
f 715//715 634//634 723//723
f 724//724 723//723 634//634
f 724//724 634//634 722//722
f 725//725 636//636 635//635
f 674//674 636//636 725//725
f 636//636 674//674 637//637
f 725//725 635//635 713//713
f 726//726 639//639 638//638
f 638//638 640//640 727//727
f 726//726 638//638 728//728
f 638//638 727//727 729//729
f 729//729 728//728 638//638
f 639//639 726//726 730//730
f 639//639 730//730 731//731
f 732//732 642//642 639//639
f 732//732 639//639 731//731
f 640//640 641//641 706//706
f 640//640 709//709 733//733
f 706//706 705//705 640//640
f 640//640 733//733 727//727
f 734//734 642//642 732//732
f 734//734 644//644 642//642
f 735//735 644//644 734//734
f 711//711 644//644 735//735
f 650//650 646//646 736//736
f 646//646 666//666 737//737
f 646//646 737//737 736//736
f 647//647 651//651 738//738
f 686//686 649//649 647//647
f 647//647 738//738 686//686
f 736//736 651//651 650//650
f 651//651 739//739 740//740
f 651//651 740//740 738//738
f 739//739 651//651 741//741
f 736//736 741//741 651//651
f 653//653 742//742 652//652
f 656//656 652//652 743//743
f 744//744 743//743 652//652
f 652//652 742//742 744//744
f 653//653 655//655 745//745
f 745//745 746//746 653//653
f 746//746 747//747 653//653
f 747//747 742//742 653//653
f 748//748 655//655 654//654
f 655//655 748//748 749//749
f 750//750 655//655 749//749
f 655//655 750//750 745//745
f 654//654 658//658 748//748
f 673//673 656//656 743//743
f 751//751 657//657 663//663
f 658//658 657//657 751//751
f 752//752 658//658 751//751
f 658//658 752//752 748//748
f 753//753 659//659 674//674
f 659//659 753//753 661//661
f 660//660 754//754 662//662
f 660//660 755//755 754//754
f 755//755 660//660 661//661
f 756//756 755//755 661//661
f 753//753 756//756 661//661
f 662//662 754//754 757//757
f 663//663 662//662 757//757
f 757//757 751//751 663//663
f 667//667 758//758 664//664
f 758//758 759//759 664//664
f 664//664 759//759 665//665
f 666//666 665//665 760//760
f 760//760 737//737 666//666
f 760//760 665//665 761//761
f 759//759 761//761 665//665
f 758//758 667//667 669//669
f 669//669 668//668 762//762
f 668//668 763//763 762//762
f 672//672 763//763 668//668
f 762//762 758//758 669//669
f 670//670 764//764 765//765
f 670//670 766//766 671//671
f 765//765 766//766 670//670
f 670//670 673//673 764//764
f 766//766 672//672 671//671
f 767//767 763//763 672//672
f 766//766 768//768 672//672
f 768//768 767//767 672//672
f 673//673 743//743 769//769
f 770//770 764//764 673//673
f 770//770 673//673 771//771
f 673//673 769//769 771//771
f 772//772 753//753 674//674
f 674//674 773//773 772//772
f 674//674 725//725 773//773
f 675//675 774//774 678//678
f 675//675 676//676 775//775
f 675//675 776//776 774//774
f 775//775 776//776 675//675
f 676//676 677//677 775//775
f 677//677 685//685 777//777
f 677//677 777//777 684//684
f 677//677 778//778 775//775
f 684//684 779//779 677//677
f 779//779 780//780 677//677
f 780//780 778//778 677//677
f 678//678 774//774 679//679
f 781//781 680//680 679//679
f 774//774 781//781 679//679
f 702//702 680//680 782//782
f 781//781 782//782 680//680
f 681//681 682//682 783//783
f 681//681 783//783 592//592
f 783//783 682//682 784//784
f 684//684 784//784 682//682
f 785//785 684//684 683//683
f 784//784 684//684 777//777
f 786//786 787//787 684//684
f 684//684 788//788 786//786
f 779//779 684//684 787//787
f 788//788 684//684 785//785
f 701//701 683//683 699//699
f 701//701 789//789 683//683
f 789//789 785//785 683//683
f 777//777 685//685 592//592
f 784//784 592//592 783//783
f 592//592 784//784 777//777
f 686//686 738//738 689//689
f 688//688 690//690 687//687
f 790//790 688//688 791//791
f 688//688 689//689 791//791
f 688//688 790//790 690//690
f 689//689 792//792 791//791
f 689//689 738//738 792//792
f 690//690 790//790 691//691
f 691//691 790//790 793//793
f 691//691 793//793 794//794
f 795//795 692//692 691//691
f 794//794 795//795 691//691
f 692//692 795//795 693//693
f 693//693 795//795 694//694
f 795//795 796//796 694//694
f 694//694 796//796 698//698
f 695//695 698//698 797//797
f 798//798 697//697 695//695
f 797//797 798//798 695//695
f 799//799 696//696 697//697
f 799//799 800//800 696//696
f 700//700 696//696 800//800
f 799//799 697//697 798//798
f 797//797 698//698 801//801
f 698//698 802//802 801//801
f 698//698 796//796 802//802
f 701//701 700//700 803//803
f 803//803 789//789 701//701
f 803//803 700//700 804//804
f 700//700 800//800 804//804
f 702//702 782//782 805//805
f 702//702 805//805 806//806
f 703//703 702//702 806//806
f 807//807 808//808 703//703
f 704//704 703//703 808//808
f 807//807 703//703 806//806
f 808//808 809//809 704//704
f 707//707 704//704 809//809
f 810//810 707//707 811//811
f 708//708 707//707 810//810
f 811//811 707//707 809//809
f 810//810 812//812 708//708
f 812//812 709//709 708//708
f 709//709 812//812 733//733
f 710//710 711//711 719//719
f 813//813 711//711 735//735
f 711//711 813//813 719//719
f 814//814 713//713 712//712
f 814//814 712//712 714//714
f 815//815 725//725 713//713
f 713//713 814//814 815//815
f 816//816 814//814 714//714
f 817//817 714//714 715//715
f 816//816 714//714 817//817
f 723//723 817//817 715//715
f 716//716 717//717 818//818
f 716//716 819//819 722//722
f 819//819 716//716 820//820
f 821//821 716//716 818//818
f 820//820 716//716 821//821
f 818//818 717//717 718//718
f 718//718 721//721 822//822
f 823//823 818//818 718//718
f 823//823 718//718 822//822
f 720//720 719//719 813//813
f 824//824 721//721 720//720
f 720//720 813//813 824//824
f 824//824 825//825 721//721
f 822//822 721//721 825//825
f 826//826 724//724 722//722
f 819//819 826//826 722//722
f 817//817 723//723 827//827
f 828//828 827//827 723//723
f 828//828 723//723 724//724
f 829//829 828//828 724//724
f 830//830 724//724 826//826
f 829//829 724//724 830//830
f 773//773 725//725 815//815
f 726//726 831//831 730//730
f 726//726 832//832 831//831
f 726//726 728//728 832//832
f 833//833 727//727 733//733
f 727//727 833//833 834//834
f 729//729 727//727 834//834
f 728//728 729//729 832//832
f 729//729 835//835 832//832
f 835//835 729//729 834//834
f 730//730 836//836 731//731
f 837//837 836//836 730//730
f 730//730 831//831 837//837
f 732//732 731//731 836//836
f 836//836 838//838 732//732
f 838//838 839//839 732//732
f 839//839 734//734 732//732
f 812//812 833//833 733//733
f 839//839 735//735 734//734
f 735//735 839//839 813//813
f 741//741 736//736 840//840
f 736//736 737//737 841//841
f 841//841 840//840 736//736
f 841//841 737//737 842//842
f 737//737 760//760 842//842
f 738//738 740//740 792//792
f 740//740 739//739 843//843
f 740//740 843//843 844//844
f 792//792 740//740 844//844
f 845//845 843//843 739//739
f 845//845 739//739 741//741
f 846//846 845//845 741//741
f 840//840 846//846 741//741
f 744//744 742//742 847//847
f 742//742 747//747 847//847
f 744//744 848//848 743//743
f 848//848 769//769 743//743
f 744//744 849//849 848//848
f 849//849 744//744 850//850
f 744//744 851//851 850//850
f 851//851 744//744 847//847
f 745//745 750//750 852//852
f 746//746 745//745 852//852
f 746//746 852//852 853//853
f 854//854 746//746 853//853
f 746//746 854//854 855//855
f 747//747 746//746 855//855
f 856//856 847//847 747//747
f 857//857 856//856 747//747
f 858//858 857//857 747//747
f 855//855 858//858 747//747
f 748//748 752//752 859//859
f 749//749 748//748 859//859
f 749//749 859//859 860//860
f 861//861 749//749 860//860
f 750//750 749//749 861//861
f 852//852 750//750 861//861
f 751//751 757//757 862//862
f 863//863 751//751 862//862
f 752//752 751//751 863//863
f 859//859 752//752 863//863
f 753//753 864//864 865//865
f 753//753 772//772 864//864
f 866//866 753//753 865//865
f 866//866 756//756 753//753
f 754//754 755//755 757//757
f 755//755 756//756 867//867
f 867//867 757//757 755//755
f 860//860 756//756 868//868
f 867//867 756//756 860//860
f 866//866 868//868 756//756
f 762//762 869//869 758//758
f 758//758 869//869 759//759
f 870//870 759//759 869//869
f 759//759 870//870 761//761
f 871//871 760//760 761//761
f 871//871 842//842 760//760
f 870//870 871//871 761//761
f 872//872 869//869 762//762
f 873//873 872//872 762//762
f 763//763 873//873 762//762
f 763//763 874//874 873//873
f 874//874 763//763 767//767
f 765//765 764//764 875//875
f 876//876 877//877 765//765
f 765//765 877//877 766//766
f 875//875 876//876 765//765
f 878//878 875//875 764//764
f 770//770 878//878 764//764
f 768//768 766//766 877//877
f 879//879 874//874 767//767
f 880//880 767//767 768//768
f 879//879 767//767 880//880
f 768//768 877//877 880//880
f 771//771 769//769 881//881
f 849//849 882//882 769//769
f 769//769 882//882 883//883
f 883//883 881//881 769//769
f 849//849 769//769 848//848
f 878//878 770//770 884//884
f 770//770 885//885 884//884
f 770//770 771//771 886//886
f 886//886 885//885 770//770
f 771//771 887//887 886//886
f 888//888 771//771 881//881
f 887//887 771//771 888//888
f 773//773 864//864 772//772
f 889//889 773//773 815//815
f 864//864 773//773 889//889
f 776//776 890//890 774//774
f 774//774 890//890 781//781
f 775//775 891//891 776//776
f 892//892 893//893 775//775
f 778//778 892//892 775//775
f 775//775 893//893 891//891
f 894//894 890//890 776//776
f 891//891 894//894 776//776
f 778//778 895//895 896//896
f 895//895 778//778 780//780
f 892//892 778//778 896//896
f 780//780 779//779 787//787
f 787//787 897//897 780//780
f 898//898 780//780 897//897
f 899//899 780//780 898//898
f 899//899 895//895 780//780
f 900//900 805//805 781//781
f 781//781 805//805 782//782
f 781//781 890//890 900//900
f 785//785 789//789 901//901
f 788//788 785//785 901//901
f 787//787 786//786 902//902
f 788//788 902//902 786//786
f 787//787 902//902 903//903
f 903//903 897//897 787//787
f 901//901 904//904 788//788
f 904//904 905//905 788//788
f 905//905 902//902 788//788
f 804//804 906//906 789//789
f 906//906 901//901 789//789
f 803//803 804//804 789//789
f 791//791 907//907 790//790
f 790//790 908//908 793//793
f 908//908 790//790 907//907
f 791//791 792//792 844//844
f 844//844 907//907 791//791
f 908//908 794//794 793//793
f 908//908 795//795 794//794
f 795//795 909//909 796//796
f 908//908 910//910 795//795
f 911//911 909//909 795//795
f 910//910 911//911 795//795
f 796//796 909//909 912//912
f 796//796 913//913 802//802
f 796//796 912//912 913//913
f 797//797 914//914 798//798
f 914//914 797//797 801//801
f 799//799 798//798 914//914
f 800//800 799//799 915//915
f 915//915 799//799 916//916
f 799//799 917//917 916//916
f 917//917 799//799 914//914
f 804//804 800//800 915//915
f 913//913 801//801 802//802
f 801//801 913//913 918//918
f 801//801 919//919 914//914
f 919//919 801//801 918//918
f 920//920 921//921 804//804
f 922//922 804//804 921//921
f 920//920 804//804 915//915
f 804//804 922//922 906//906
f 805//805 923//923 924//924
f 806//806 805//805 924//924
f 923//923 805//805 925//925
f 805//805 900//900 925//925
f 926//926 807//807 806//806
f 924//924 926//926 806//806
f 927//927 808//808 807//807
f 926//926 927//927 807//807
f 928//928 808//808 927//927
f 808//808 929//929 809//809
f 808//808 928//928 929//929
f 929//929 930//930 809//809
f 930//930 811//811 809//809
f 811//811 931//931 810//810
f 812//812 810//810 833//833
f 931//931 932//932 810//810
f 932//932 833//833 810//810
f 931//931 811//811 930//930
f 813//813 839//839 933//933
f 813//813 934//934 824//824
f 935//935 813//813 933//933
f 813//813 935//935 934//934
f 816//816 936//936 814//814
f 936//936 815//815 814//814
f 936//936 889//889 815//815
f 817//817 827//827 816//816
f 827//827 936//936 816//816
f 823//823 937//937 818//818
f 818//818 937//937 821//821
f 938//938 819//819 939//939
f 940//940 819//819 938//938
f 826//826 819//819 940//940
f 819//819 941//941 942//942
f 819//819 820//820 941//941
f 939//939 819//819 942//942
f 820//820 821//821 943//943
f 820//820 943//943 941//941
f 937//937 943//943 821//821
f 822//822 944//944 823//823
f 945//945 822//822 946//946
f 946//946 822//822 825//825
f 945//945 947//947 822//822
f 944//944 822//822 947//947
f 948//948 823//823 944//944
f 823//823 948//948 937//937
f 949//949 824//824 934//934
f 949//949 825//825 824//824
f 950//950 951//951 825//825
f 950//950 825//825 949//949
f 825//825 951//951 946//946
f 826//826 940//940 830//830
f 952//952 936//936 827//827
f 953//953 952//952 827//827
f 953//953 827//827 828//828
f 828//828 954//954 953//953
f 954//954 828//828 829//829
f 830//830 955//955 829//829
f 955//955 954//954 829//829
f 940//940 955//955 830//830
f 956//956 831//831 832//832
f 956//956 957//957 831//831
f 831//831 957//957 958//958
f 837//837 831//831 958//958
f 835//835 956//956 832//832
f 833//833 932//932 959//959
f 834//834 833//833 959//959
f 834//834 959//959 835//835
f 959//959 960//960 835//835
f 960//960 961//961 835//835
f 957//957 835//835 961//961
f 835//835 957//957 956//956
f 836//836 837//837 958//958
f 958//958 962//962 836//836
f 838//838 836//836 962//962
f 963//963 838//838 962//962
f 963//963 964//964 838//838
f 965//965 838//838 964//964
f 965//965 839//839 838//838
f 933//933 839//839 965//965
f 840//840 966//966 846//846
f 966//966 840//840 841//841
f 967//967 841//841 842//842
f 841//841 967//967 966//966
f 842//842 871//871 967//967
f 968//968 844//844 843//843
f 843//843 845//845 968//968
f 844//844 969//969 907//907
f 968//968 970//970 844//844
f 971//971 844//844 972//972
f 844//844 971//971 969//969
f 972//972 844//844 970//970
f 970//970 968//968 845//845
f 845//845 973//973 970//970
f 845//845 846//846 973//973
f 846//846 966//966 973//973
f 847//847 856//856 851//851
f 882//882 849//849 974//974
f 975//975 849//849 850//850
f 976//976 977//977 849//849
f 976//976 849//849 975//975
f 849//849 977//977 974//974
f 850//850 851//851 978//978
f 975//975 850//850 978//978
f 851//851 856//856 979//979
f 980//980 851//851 979//979
f 980//980 978//978 851//851
f 852//852 861//861 981//981
f 853//853 852//852 981//981
f 982//982 853//853 981//981
f 983//983 854//854 853//853
f 982//982 983//983 853//853
f 855//855 854//854 983//983
f 858//858 855//855 983//983
f 979//979 856//856 984//984
f 857//857 984//984 856//856
f 984//984 857//857 858//858
f 984//984 858//858 983//983
f 860//860 859//859 863//863
f 862//862 860//860 863//863
f 860//860 862//862 867//867
f 981//981 861//861 860//860
f 985//985 982//982 860//860
f 982//982 981//981 860//860
f 868//868 985//985 860//860
f 757//757 867//867 862//862
f 865//865 864//864 986//986
f 986//986 952//952 865//865
f 865//865 987//987 866//866
f 953//953 865//865 952//952
f 953//953 988//988 865//865
f 987//987 865//865 988//988
f 986//986 864//864 889//889
f 989//989 866//866 987//987
f 866//866 990//990 868//868
f 990//990 866//866 989//989
f 990//990 985//985 868//868
f 869//869 872//872 870//870
f 991//991 870//870 872//872
f 871//871 870//870 991//991
f 871//871 992//992 967//967
f 993//993 871//871 991//991
f 871//871 994//994 992//992
f 871//871 993//993 994//994
f 872//872 995//995 996//996
f 997//997 872//872 998//998
f 872//872 993//993 991//991
f 873//873 999//999 872//872
f 995//995 872//872 999//999
f 872//872 997//997 993//993
f 872//872 996//996 998//998
f 873//873 874//874 999//999
f 995//995 999//999 874//874
f 874//874 879//879 995//995
f 1000//1000 876//876 875//875
f 878//878 1000//1000 875//875
f 876//876 880//880 877//877
f 1001//1001 876//876 1000//1000
f 876//876 1002//1002 880//880
f 1002//1002 876//876 1001//1001
f 878//878 884//884 1003//1003
f 1000//1000 878//878 1003//1003
f 1004//1004 995//995 879//879
f 1002//1002 879//879 880//880
f 1004//1004 879//879 1005//1005
f 1006//1006 1007//1007 879//879
f 1006//1006 879//879 1008//1008
f 1009//1009 879//879 1002//1002
f 1005//1005 879//879 1010//1010
f 1008//1008 879//879 1009//1009
f 1007//1007 1010//1010 879//879
f 1011//1011 881//881 883//883
f 1011//1011 888//888 881//881
f 974//974 883//883 882//882
f 1012//1012 1011//1011 883//883
f 883//883 974//974 1012//1012
f 1013//1013 1003//1003 884//884
f 885//885 1013//1013 884//884
f 1013//1013 885//885 886//886
f 1013//1013 886//886 1014//1014
f 1015//1015 886//886 887//887
f 886//886 1015//1015 1014//1014
f 1016//1016 887//887 888//888
f 887//887 1016//1016 1015//1015
f 888//888 1017//1017 1016//1016
f 1017//1017 888//888 1011//1011
f 889//889 936//936 986//986
f 925//925 900//900 890//890
f 890//890 894//894 925//925
f 1018//1018 891//891 893//893
f 1018//1018 1019//1019 891//891
f 891//891 1019//1019 894//894
f 892//892 1020//1020 893//893
f 1021//1021 892//892 1022//1022
f 892//892 1021//1021 1020//1020
f 896//896 1023//1023 892//892
f 1023//1023 1022//1022 892//892
f 893//893 1024//1024 1025//1025
f 1024//1024 893//893 1020//1020
f 893//893 1025//1025 1018//1018
f 1026//1026 894//894 1019//1019
f 925//925 894//894 923//923
f 894//894 1026//1026 923//923
f 1027//1027 896//896 895//895
f 896//896 1027//1027 1023//1023
f 899//899 1027//1027 895//895
f 897//897 1028//1028 898//898
f 897//897 1029//1029 1028//1028
f 1029//1029 897//897 903//903
f 898//898 1030//1030 899//899
f 898//898 1028//1028 1030//1030
f 1030//1030 1027//1027 899//899
f 901//901 906//906 904//904
f 902//902 1031//1031 1029//1029
f 902//902 905//905 1032//1032
f 903//903 902//902 1029//1029
f 1031//1031 902//902 1032//1032
f 922//922 904//904 906//906
f 1033//1033 904//904 922//922
f 904//904 1033//1033 1034//1034
f 1034//1034 905//905 904//904
f 1034//1034 1035//1035 905//905
f 1035//1035 1032//1032 905//905
f 908//908 907//907 969//969
f 971//971 910//910 908//908
f 908//908 969//969 971//971
f 909//909 1036//1036 912//912
f 911//911 1036//1036 909//909
f 972//972 910//910 971//971
f 910//910 1037//1037 911//911
f 910//910 972//972 1037//1037
f 1037//1037 1038//1038 911//911
f 1038//1038 1036//1036 911//911
f 1036//1036 918//918 912//912
f 912//912 918//918 913//913
f 919//919 917//917 914//914
f 915//915 916//916 920//920
f 916//916 917//917 1039//1039
f 916//916 1039//1039 1040//1040
f 920//920 916//916 1040//1040
f 919//919 1041//1041 917//917
f 1041//1041 1039//1039 917//917
f 1036//1036 1042//1042 918//918
f 919//919 918//918 1042//1042
f 1041//1041 919//919 1042//1042
f 921//921 920//920 1040//1040
f 1043//1043 921//921 1044//1044
f 1045//1045 921//921 1040//1040
f 1045//1045 1044//1044 921//921
f 921//921 1033//1033 922//922
f 1043//1043 1033//1033 921//921
f 1026//1026 924//924 923//923
f 924//924 1026//1026 1046//1046
f 926//926 924//924 1046//1046
f 926//926 1046//1046 927//927
f 1046//1046 928//928 927//927
f 1047//1047 929//929 928//928
f 928//928 1046//1046 1047//1047
f 1048//1048 930//930 929//929
f 1049//1049 929//929 1047//1047
f 929//929 1049//1049 1050//1050
f 929//929 1050//1050 1048//1048
f 1048//1048 931//931 930//930
f 931//931 1051//1051 932//932
f 1051//1051 931//931 1048//1048
f 1051//1051 959//959 932//932
f 1052//1052 933//933 965//965
f 1053//1053 933//933 1052//1052
f 1054//1054 933//933 1053//1053
f 1054//1054 935//935 933//933
f 934//934 935//935 1055//1055
f 1055//1055 949//949 934//934
f 1054//1054 1056//1056 935//935
f 1056//1056 1055//1055 935//935
f 936//936 952//952 986//986
f 1057//1057 1058//1058 937//937
f 943//943 937//937 1059//1059
f 1059//1059 937//937 1058//1058
f 948//948 1057//1057 937//937
f 938//938 939//939 1060//1060
f 955//955 940//940 938//938
f 955//955 938//938 1060//1060
f 1061//1061 1060//1060 939//939
f 939//939 942//942 1061//1061
f 942//942 941//941 1062//1062
f 942//942 1062//1062 1061//1061
f 941//941 943//943 1063//1063
f 1063//1063 1062//1062 941//941
f 1064//1064 943//943 1065//1065
f 1065//1065 943//943 1059//1059
f 943//943 1064//1064 1066//1066
f 1063//1063 943//943 1066//1066
f 948//948 944//944 1067//1067
f 1067//1067 944//944 1068//1068
f 1068//1068 944//944 1069//1069
f 1070//1070 1069//1069 944//944
f 1070//1070 944//944 947//947
f 945//945 946//946 1071//1071
f 945//945 1072//1072 1073//1073
f 1071//1071 1072//1072 945//945
f 1073//1073 947//947 945//945
f 946//946 951//951 1071//1071
f 947//947 1073//1073 1074//1074
f 947//947 1074//1074 1070//1070
f 1057//1057 948//948 1075//1075
f 948//948 1067//1067 1075//1075
f 1055//1055 1076//1076 949//949
f 950//950 949//949 1076//1076
f 951//951 950//950 1077//1077
f 1076//1076 1077//1077 950//950
f 1077//1077 1078//1078 951//951
f 1079//1079 1071//1071 951//951
f 1079//1079 951//951 1078//1078
f 988//988 953//953 954//954
f 988//988 954//954 955//955
f 1080//1080 988//988 955//955
f 1080//1080 955//955 1060//1060
f 961//961 1081//1081 957//957
f 1081//1081 1082//1082 957//957
f 957//957 1082//1082 958//958
f 962//962 958//958 1082//1082
f 959//959 1051//1051 960//960
f 1051//1051 1083//1083 960//960
f 1083//1083 961//961 960//960
f 1083//1083 1084//1084 961//961
f 1084//1084 1081//1081 961//961
f 1085//1085 962//962 1082//1082
f 963//963 962//962 1085//1085
f 1086//1086 963//963 1085//1085
f 1087//1087 964//964 963//963
f 1086//1086 1087//1087 963//963
f 1087//1087 965//965 964//964
f 965//965 1088//1088 1052//1052
f 1089//1089 965//965 1087//1087
f 965//965 1089//1089 1088//1088
f 966//966 1090//1090 973//973
f 967//967 1091//1091 966//966
f 1090//1090 966//966 1091//1091
f 992//992 1091//1091 967//967
f 973//973 1090//1090 970//970
f 1037//1037 972//972 970//970
f 1037//1037 970//970 1090//1090
f 1012//1012 974//974 977//977
f 975//975 978//978 1092//1092
f 1093//1093 975//975 1094//1094
f 975//975 1095//1095 1094//1094
f 975//975 1092//1092 1095//1095
f 975//975 1093//1093 976//976
f 977//977 976//976 1096//1096
f 1097//1097 1096//1096 976//976
f 1093//1093 1097//1097 976//976
f 1098//1098 1012//1012 977//977
f 1096//1096 1098//1098 977//977
f 978//978 980//980 1092//1092
f 984//984 1099//1099 979//979
f 1099//1099 980//980 979//979
f 980//980 1099//1099 1100//1100
f 980//980 1100//1100 1095//1095
f 1092//1092 980//980 1095//1095
f 1101//1101 983//983 982//982
f 985//985 1101//1101 982//982
f 984//984 983//983 1101//1101
f 1102//1102 984//984 1101//1101
f 1099//1099 984//984 1102//1102
f 990//990 1103//1103 985//985
f 1103//1103 1101//1101 985//985
f 989//989 987//987 988//988
f 989//989 988//988 1104//1104
f 1105//1105 988//988 1080//1080
f 1105//1105 1104//1104 988//988
f 1106//1106 1107//1107 989//989
f 1104//1104 1106//1106 989//989
f 1103//1103 990//990 989//989
f 1103//1103 989//989 1107//1107
f 1038//1038 1091//1091 992//992
f 992//992 994//994 1038//1038
f 993//993 997//997 1044//1044
f 993//993 1044//1044 1045//1045
f 994//994 993//993 1045//1045
f 1108//1108 1038//1038 994//994
f 1109//1109 994//994 1045//1045
f 994//994 1109//1109 1108//1108
f 995//995 1004//1004 996//996
f 996//996 1004//1004 998//998
f 997//997 1043//1043 1044//1044
f 997//997 1110//1110 1043//1043
f 998//998 1110//1110 997//997
f 998//998 1111//1111 1112//1112
f 1110//1110 998//998 1112//1112
f 1111//1111 998//998 1004//1004
f 1000//1000 1003//1003 1001//1001
f 1003//1003 1009//1009 1001//1001
f 1001//1001 1009//1009 1002//1002
f 1003//1003 1013//1013 1009//1009
f 1005//1005 1111//1111 1004//1004
f 1113//1113 1005//1005 1010//1010
f 1111//1111 1005//1005 1114//1114
f 1005//1005 1113//1113 1114//1114
f 1007//1007 1006//1006 1115//1115
f 1116//1116 1115//1115 1006//1006
f 1116//1116 1006//1006 1008//1008
f 1010//1010 1007//1007 1115//1115
f 1009//1009 1013//1013 1008//1008
f 1117//1117 1008//1008 1118//1118
f 1119//1119 1008//1008 1013//1013
f 1008//1008 1119//1119 1118//1118
f 1008//1008 1117//1117 1116//1116
f 1010//1010 1120//1120 1113//1113
f 1010//1010 1115//1115 1121//1121
f 1121//1121 1120//1120 1010//1010
f 1012//1012 1017//1017 1011//1011
f 1122//1122 1013//1013 1014//1014
f 1122//1122 1119//1119 1013//1013
f 1015//1015 1123//1123 1014//1014
f 1014//1014 1124//1124 1125//1125
f 1123//1123 1124//1124 1014//1014
f 1014//1014 1125//1125 1122//1122
f 1123//1123 1015//1015 1016//1016
f 1016//1016 1126//1126 1123//1123
f 1017//1017 1126//1126 1016//1016
f 1127//1127 1017//1017 1012//1012
f 1126//1126 1017//1017 1128//1128
f 1127//1127 1128//1128 1017//1017
f 1019//1019 1018//1018 1129//1129
f 1129//1129 1018//1018 1025//1025
f 1019//1019 1129//1129 1026//1026
f 1130//1130 1024//1024 1020//1020
f 1020//1020 1021//1021 1130//1130
f 1022//1022 1131//1131 1021//1021
f 1089//1089 1130//1130 1021//1021
f 1089//1089 1021//1021 1131//1131
f 1132//1132 1022//1022 1023//1023
f 1022//1022 1132//1132 1133//1133
f 1133//1133 1131//1131 1022//1022
f 1132//1132 1023//1023 1134//1134
f 1135//1135 1023//1023 1027//1027
f 1023//1023 1135//1135 1134//1134
f 1025//1025 1024//1024 1136//1136
f 1025//1025 1136//1136 1129//1129
f 1024//1024 1137//1137 1136//1136
f 1024//1024 1138//1138 1139//1139
f 1137//1137 1024//1024 1139//1139
f 1024//1024 1130//1130 1138//1138
f 1046//1046 1026//1026 1129//1129
f 1135//1135 1027//1027 1140//1140
f 1030//1030 1140//1140 1027//1027
f 1141//1141 1028//1028 1029//1029
f 1028//1028 1142//1142 1030//1030
f 1141//1141 1143//1143 1028//1028
f 1143//1143 1142//1142 1028//1028
f 1144//1144 1145//1145 1029//1029
f 1145//1145 1146//1146 1029//1029
f 1029//1029 1146//1146 1141//1141
f 1144//1144 1029//1029 1031//1031
f 1140//1140 1030//1030 1142//1142
f 1031//1031 1032//1032 1144//1144
f 1035//1035 1144//1144 1032//1032
f 1043//1043 1034//1034 1033//1033
f 1043//1043 1147//1147 1034//1034
f 1034//1034 1147//1147 1035//1035
f 1147//1147 1144//1144 1035//1035
f 1042//1042 1036//1036 1108//1108
f 1038//1038 1108//1108 1036//1036
f 1090//1090 1091//1091 1037//1037
f 1091//1091 1038//1038 1037//1037
f 1045//1045 1040//1040 1039//1039
f 1041//1041 1045//1045 1039//1039
f 1045//1045 1041//1041 1109//1109
f 1042//1042 1108//1108 1041//1041
f 1041//1041 1108//1108 1109//1109
f 1147//1147 1043//1043 1148//1148
f 1110//1110 1149//1149 1043//1043
f 1148//1148 1043//1043 1149//1149
f 1129//1129 1047//1047 1046//1046
f 1047//1047 1129//1129 1049//1049
f 1150//1150 1151//1151 1048//1048
f 1150//1150 1048//1048 1050//1050
f 1151//1151 1051//1051 1048//1048
f 1050//1050 1049//1049 1152//1152
f 1049//1049 1136//1136 1152//1152
f 1136//1136 1049//1049 1129//1129
f 1050//1050 1152//1152 1150//1150
f 1151//1151 1083//1083 1051//1051
f 1133//1133 1052//1052 1088//1088
f 1133//1133 1053//1053 1052//1052
f 1133//1133 1134//1134 1053//1053
f 1134//1134 1054//1054 1053//1053
f 1134//1134 1153//1153 1054//1054
f 1056//1056 1054//1054 1154//1154
f 1153//1153 1154//1154 1054//1054
f 1155//1155 1076//1076 1055//1055
f 1056//1056 1155//1155 1055//1055
f 1154//1154 1156//1156 1056//1056
f 1155//1155 1056//1056 1156//1156
f 1058//1058 1057//1057 1157//1157
f 1057//1057 1158//1158 1159//1159
f 1057//1057 1075//1075 1158//1158
f 1157//1157 1057//1057 1159//1159
f 1058//1058 1157//1157 1160//1160
f 1065//1065 1059//1059 1058//1058
f 1065//1065 1058//1058 1161//1161
f 1161//1161 1058//1058 1160//1160
f 1060//1060 1162//1162 1080//1080
f 1162//1162 1060//1060 1061//1061
f 1062//1062 1163//1163 1061//1061
f 1061//1061 1163//1163 1162//1162
f 1163//1163 1062//1062 1164//1164
f 1062//1062 1063//1063 1165//1165
f 1062//1062 1165//1165 1164//1164
f 1165//1165 1063//1063 1066//1066
f 1065//1065 1161//1161 1064//1064
f 1066//1066 1064//1064 1166//1166
f 1064//1064 1167//1167 1166//1166
f 1064//1064 1161//1161 1167//1167
f 1165//1165 1066//1066 1166//1166
f 1067//1067 1158//1158 1075//1075
f 1067//1067 1068//1068 1168//1168
f 1158//1158 1067//1067 1168//1168
f 1169//1169 1168//1168 1068//1068
f 1069//1069 1169//1169 1068//1068
f 1069//1069 1070//1070 1170//1170
f 1169//1169 1069//1069 1171//1171
f 1069//1069 1172//1172 1171//1171
f 1069//1069 1170//1170 1172//1172
f 1173//1173 1070//1070 1074//1074
f 1170//1170 1070//1070 1174//1174
f 1070//1070 1173//1173 1174//1174
f 1072//1072 1071//1071 1079//1079
f 1072//1072 1175//1175 1073//1073
f 1176//1176 1074//1074 1073//1073
f 1175//1175 1176//1176 1073//1073
f 1079//1079 1177//1177 1072//1072
f 1177//1177 1178//1178 1072//1072
f 1179//1179 1175//1175 1072//1072
f 1178//1178 1179//1179 1072//1072
f 1176//1176 1173//1173 1074//1074
f 1076//1076 1155//1155 1077//1077
f 1180//1180 1077//1077 1181//1181
f 1182//1182 1077//1077 1155//1155
f 1077//1077 1182//1182 1181//1181
f 1077//1077 1180//1180 1183//1183
f 1184//1184 1077//1077 1183//1183
f 1184//1184 1078//1078 1077//1077
f 1078//1078 1184//1184 1185//1185
f 1078//1078 1186//1186 1177//1177
f 1185//1185 1186//1186 1078//1078
f 1079//1079 1078//1078 1177//1177
f 1187//1187 1080//1080 1162//1162
f 1080//1080 1187//1187 1105//1105
f 1081//1081 1084//1084 1188//1188
f 1188//1188 1189//1189 1081//1081
f 1085//1085 1082//1082 1081//1081
f 1189//1189 1085//1085 1081//1081
f 1151//1151 1150//1150 1083//1083
f 1150//1150 1084//1084 1083//1083
f 1137//1137 1139//1139 1084//1084
f 1150//1150 1137//1137 1084//1084
f 1139//1139 1188//1188 1084//1084
f 1086//1086 1085//1085 1189//1189
f 1190//1190 1086//1086 1189//1189
f 1190//1190 1191//1191 1086//1086
f 1191//1191 1087//1087 1086//1086
f 1089//1089 1087//1087 1191//1191
f 1131//1131 1088//1088 1089//1089
f 1133//1133 1088//1088 1131//1131
f 1130//1130 1089//1089 1191//1191
f 1127//1127 1012//1012 1098//1098
f 1093//1093 1094//1094 1192//1192
f 1097//1097 1093//1093 1192//1192
f 1100//1100 1094//1094 1095//1095
f 1094//1094 1193//1193 1194//1194
f 1094//1094 1194//1194 1192//1192
f 1193//1193 1094//1094 1100//1100
f 1096//1096 1195//1195 1196//1196
f 1096//1096 1192//1192 1195//1195
f 1096//1096 1097//1097 1192//1192
f 1098//1098 1096//1096 1196//1196
f 1196//1196 1127//1127 1098//1098
f 1197//1197 1099//1099 1102//1102
f 1193//1193 1099//1099 1197//1197
f 1099//1099 1193//1193 1100//1100
f 1103//1103 1102//1102 1101//1101
f 1197//1197 1102//1102 1103//1103
f 1197//1197 1103//1103 1107//1107
f 1198//1198 1104//1104 1105//1105
f 1104//1104 1198//1198 1199//1199
f 1106//1106 1104//1104 1199//1199
f 1198//1198 1105//1105 1200//1200
f 1200//1200 1105//1105 1187//1187
f 1199//1199 1107//1107 1106//1106
f 1199//1199 1198//1198 1107//1107
f 1107//1107 1198//1198 1197//1197
f 1112//1112 1149//1149 1110//1110
f 1112//1112 1201//1201 1149//1149
f 1202//1202 1112//1112 1111//1111
f 1203//1203 1112//1112 1202//1202
f 1203//1203 1201//1201 1112//1112
f 1114//1114 1202//1202 1111//1111
f 1202//1202 1113//1113 1203//1203
f 1113//1113 1202//1202 1114//1114
f 1120//1120 1203//1203 1113//1113
f 1115//1115 1204//1204 1121//1121
f 1115//1115 1116//1116 1204//1204
f 1116//1116 1205//1205 1206//1206
f 1207//1207 1205//1205 1116//1116
f 1207//1207 1116//1116 1117//1117
f 1206//1206 1204//1204 1116//1116
f 1118//1118 1207//1207 1117//1117
f 1208//1208 1118//1118 1119//1119
f 1208//1208 1207//1207 1118//1118
f 1209//1209 1208//1208 1119//1119
f 1122//1122 1209//1209 1119//1119
f 1120//1120 1121//1121 1210//1210
f 1120//1120 1211//1211 1203//1203
f 1120//1120 1210//1210 1212//1212
f 1120//1120 1212//1212 1211//1211
f 1210//1210 1121//1121 1213//1213
f 1213//1213 1121//1121 1204//1204
f 1122//1122 1125//1125 1209//1209
f 1214//1214 1123//1123 1215//1215
f 1123//1123 1214//1214 1124//1124
f 1126//1126 1215//1215 1123//1123
f 1216//1216 1125//1125 1124//1124
f 1217//1217 1218//1218 1125//1125
f 1125//1125 1218//1218 1209//1209
f 1216//1216 1217//1217 1125//1125
f 1214//1214 1219//1219 1124//1124
f 1216//1216 1124//1124 1219//1219
f 1215//1215 1126//1126 1220//1220
f 1126//1126 1128//1128 1220//1220
f 1221//1221 1127//1127 1196//1196
f 1221//1221 1128//1128 1127//1127
f 1128//1128 1221//1221 1222//1222
f 1220//1220 1128//1128 1222//1222
f 1138//1138 1130//1130 1190//1190
f 1130//1130 1191//1191 1190//1190
f 1134//1134 1133//1133 1132//1132
f 1153//1153 1134//1134 1223//1223
f 1134//1134 1135//1135 1223//1223
f 1140//1140 1224//1224 1135//1135
f 1224//1224 1223//1223 1135//1135
f 1136//1136 1137//1137 1152//1152
f 1137//1137 1150//1150 1152//1152
f 1138//1138 1188//1188 1139//1139
f 1138//1138 1190//1190 1189//1189
f 1188//1188 1138//1138 1189//1189
f 1140//1140 1225//1225 1224//1224
f 1226//1226 1140//1140 1142//1142
f 1225//1225 1140//1140 1226//1226
f 1141//1141 1146//1146 1227//1227
f 1227//1227 1143//1143 1141//1141
f 1142//1142 1143//1143 1226//1226
f 1143//1143 1228//1228 1226//1226
f 1227//1227 1229//1229 1143//1143
f 1228//1228 1143//1143 1229//1229
f 1144//1144 1230//1230 1145//1145
f 1147//1147 1230//1230 1144//1144
f 1231//1231 1146//1146 1145//1145
f 1230//1230 1231//1231 1145//1145
f 1146//1146 1231//1231 1232//1232
f 1233//1233 1227//1227 1146//1146
f 1146//1146 1232//1232 1233//1233
f 1148//1148 1230//1230 1147//1147
f 1201//1201 1148//1148 1149//1149
f 1230//1230 1148//1148 1234//1234
f 1148//1148 1201//1201 1234//1234
f 1235//1235 1153//1153 1223//1223
f 1156//1156 1153//1153 1235//1235
f 1156//1156 1154//1154 1153//1153
f 1236//1236 1155//1155 1156//1156
f 1155//1155 1236//1236 1237//1237
f 1155//1155 1237//1237 1182//1182
f 1156//1156 1235//1235 1228//1228
f 1156//1156 1228//1228 1236//1236
f 1238//1238 1160//1160 1157//1157
f 1157//1157 1159//1159 1239//1239
f 1238//1238 1157//1157 1239//1239
f 1159//1159 1158//1158 1240//1240
f 1159//1159 1240//1240 1239//1239
f 1240//1240 1158//1158 1168//1168
f 1238//1238 1241//1241 1160//1160
f 1167//1167 1161//1161 1160//1160
f 1241//1241 1167//1167 1160//1160
f 1242//1242 1187//1187 1162//1162
f 1242//1242 1162//1162 1163//1163
f 1163//1163 1164//1164 1242//1242
f 1165//1165 1243//1243 1164//1164
f 1164//1164 1243//1243 1242//1242
f 1243//1243 1165//1165 1166//1166
f 1244//1244 1166//1166 1245//1245
f 1166//1166 1241//1241 1245//1245
f 1166//1166 1167//1167 1241//1241
f 1243//1243 1166//1166 1244//1244
f 1240//1240 1168//1168 1169//1169
f 1246//1246 1240//1240 1169//1169
f 1246//1246 1169//1169 1171//1171
f 1172//1172 1170//1170 1174//1174
f 1247//1247 1246//1246 1171//1171
f 1248//1248 1171//1171 1172//1172
f 1248//1248 1247//1247 1171//1171
f 1249//1249 1248//1248 1172//1172
f 1249//1249 1172//1172 1174//1174
f 1250//1250 1173//1173 1176//1176
f 1174//1174 1173//1173 1250//1250
f 1250//1250 1249//1249 1174//1174
f 1251//1251 1176//1176 1175//1175
f 1179//1179 1251//1251 1175//1175
f 1251//1251 1250//1250 1176//1176
f 1186//1186 1252//1252 1177//1177
f 1253//1253 1178//1178 1177//1177
f 1252//1252 1253//1253 1177//1177
f 1254//1254 1179//1179 1178//1178
f 1253//1253 1254//1254 1178//1178
f 1255//1255 1251//1251 1179//1179
f 1254//1254 1255//1255 1179//1179
f 1180//1180 1181//1181 1256//1256
f 1256//1256 1183//1183 1180//1180
f 1257//1257 1258//1258 1181//1181
f 1181//1181 1182//1182 1257//1257
f 1258//1258 1259//1259 1181//1181
f 1181//1181 1259//1259 1256//1256
f 1237//1237 1257//1257 1182//1182
f 1260//1260 1183//1183 1256//1256
f 1183//1183 1260//1260 1184//1184
f 1184//1184 1260//1260 1261//1261
f 1261//1261 1185//1185 1184//1184
f 1186//1186 1185//1185 1262//1262
f 1263//1263 1262//1262 1185//1185
f 1185//1185 1261//1261 1263//1263
f 1262//1262 1264//1264 1186//1186
f 1265//1265 1252//1252 1186//1186
f 1264//1264 1265//1265 1186//1186
f 1266//1266 1187//1187 1242//1242
f 1266//1266 1200//1200 1187//1187
f 1194//1194 1195//1195 1192//1192
f 1193//1193 1267//1267 1194//1194
f 1194//1194 1267//1267 1222//1222
f 1195//1195 1194//1194 1222//1222
f 1197//1197 1267//1267 1193//1193
f 1196//1196 1195//1195 1221//1221
f 1221//1221 1195//1195 1222//1222
f 1197//1197 1198//1198 1268//1268
f 1267//1267 1197//1197 1268//1268
f 1269//1269 1268//1268 1198//1198
f 1198//1198 1200//1200 1269//1269
f 1200//1200 1270//1270 1269//1269
f 1271//1271 1200//1200 1266//1266
f 1270//1270 1200//1200 1271//1271
f 1201//1201 1203//1203 1234//1234
f 1272//1272 1234//1234 1203//1203
f 1273//1273 1272//1272 1203//1203
f 1273//1273 1203//1203 1274//1274
f 1211//1211 1274//1274 1203//1203
f 1206//1206 1213//1213 1204//1204
f 1206//1206 1205//1205 1275//1275
f 1206//1206 1275//1275 1276//1276
f 1276//1276 1213//1213 1206//1206
f 1205//1205 1207//1207 1277//1277
f 1277//1277 1275//1275 1205//1205
f 1277//1277 1207//1207 1278//1278
f 1279//1279 1278//1278 1207//1207
f 1209//1209 1207//1207 1208//1208
f 1209//1209 1279//1279 1207//1207
f 1209//1209 1218//1218 1279//1279
f 1210//1210 1280//1280 1212//1212
f 1281//1281 1280//1280 1210//1210
f 1210//1210 1213//1213 1281//1281
f 1274//1274 1211//1211 1212//1212
f 1280//1280 1274//1274 1212//1212
f 1276//1276 1282//1282 1213//1213
f 1213//1213 1282//1282 1283//1283
f 1281//1281 1213//1213 1283//1283
f 1215//1215 1284//1284 1214//1214
f 1219//1219 1214//1214 1284//1284
f 1284//1284 1215//1215 1220//1220
f 1285//1285 1216//1216 1219//1219
f 1216//1216 1285//1285 1217//1217
f 1218//1218 1217//1217 1286//1286
f 1217//1217 1287//1287 1286//1286
f 1217//1217 1285//1285 1287//1287
f 1218//1218 1286//1286 1288//1288
f 1289//1289 1218//1218 1288//1288
f 1218//1218 1289//1289 1279//1279
f 1290//1290 1285//1285 1219//1219
f 1284//1284 1290//1290 1219//1219
f 1220//1220 1291//1291 1292//1292
f 1220//1220 1222//1222 1267//1267
f 1291//1291 1220//1220 1267//1267
f 1284//1284 1220//1220 1292//1292
f 1235//1235 1223//1223 1293//1293
f 1225//1225 1223//1223 1224//1224
f 1223//1223 1225//1225 1293//1293
f 1225//1225 1228//1228 1293//1293
f 1226//1226 1228//1228 1225//1225
f 1227//1227 1294//1294 1229//1229
f 1233//1233 1294//1294 1227//1227
f 1293//1293 1228//1228 1235//1235
f 1228//1228 1229//1229 1236//1236
f 1229//1229 1294//1294 1237//1237
f 1237//1237 1236//1236 1229//1229
f 1234//1234 1295//1295 1230//1230
f 1230//1230 1295//1295 1231//1231
f 1295//1295 1232//1232 1231//1231
f 1232//1232 1296//1296 1233//1233
f 1297//1297 1232//1232 1295//1295
f 1297//1297 1296//1296 1232//1232
f 1258//1258 1294//1294 1233//1233
f 1233//1233 1298//1298 1258//1258
f 1298//1298 1233//1233 1296//1296
f 1295//1295 1234//1234 1299//1299
f 1272//1272 1299//1299 1234//1234
f 1257//1257 1237//1237 1294//1294
f 1300//1300 1245//1245 1238//1238
f 1241//1241 1238//1238 1245//1245
f 1301//1301 1238//1238 1302//1302
f 1301//1301 1303//1303 1238//1238
f 1300//1300 1238//1238 1303//1303
f 1238//1238 1239//1239 1302//1302
f 1240//1240 1246//1246 1239//1239
f 1239//1239 1246//1246 1302//1302
f 1266//1266 1242//1242 1304//1304
f 1242//1242 1305//1305 1304//1304
f 1244//1244 1242//1242 1243//1243
f 1242//1242 1244//1244 1305//1305
f 1305//1305 1244//1244 1245//1245
f 1245//1245 1300//1300 1306//1306
f 1245//1245 1307//1307 1305//1305
f 1307//1307 1245//1245 1306//1306
f 1246//1246 1247//1247 1302//1302
f 1308//1308 1302//1302 1247//1247
f 1248//1248 1308//1308 1247//1247
f 1248//1248 1309//1309 1308//1308
f 1248//1248 1249//1249 1250//1250
f 1310//1310 1248//1248 1250//1250
f 1248//1248 1310//1310 1309//1309
f 1310//1310 1250//1250 1255//1255
f 1250//1250 1251//1251 1255//1255
f 1311//1311 1253//1253 1252//1252
f 1265//1265 1311//1311 1252//1252
f 1312//1312 1254//1254 1253//1253
f 1311//1311 1312//1312 1253//1253
f 1255//1255 1254//1254 1312//1312
f 1312//1312 1310//1310 1255//1255
f 1313//1313 1256//1256 1259//1259
f 1256//1256 1314//1314 1315//1315
f 1314//1314 1256//1256 1313//1313
f 1256//1256 1315//1315 1260//1260
f 1258//1258 1257//1257 1294//1294
f 1259//1259 1258//1258 1298//1298
f 1259//1259 1298//1298 1316//1316
f 1316//1316 1317//1317 1259//1259
f 1313//1313 1259//1259 1317//1317
f 1260//1260 1315//1315 1318//1318
f 1260//1260 1319//1319 1261//1261
f 1318//1318 1320//1320 1260//1260
f 1321//1321 1319//1319 1260//1260
f 1320//1320 1321//1321 1260//1260
f 1322//1322 1263//1263 1261//1261
f 1319//1319 1322//1322 1261//1261
f 1323//1323 1262//1262 1263//1263
f 1262//1262 1323//1323 1264//1264
f 1322//1322 1323//1323 1263//1263
f 1323//1323 1324//1324 1264//1264
f 1325//1325 1265//1265 1264//1264
f 1324//1324 1325//1325 1264//1264
f 1326//1326 1311//1311 1265//1265
f 1325//1325 1326//1326 1265//1265
f 1271//1271 1266//1266 1304//1304
f 1267//1267 1268//1268 1291//1291
f 1291//1291 1268//1268 1269//1269
f 1327//1327 1269//1269 1328//1328
f 1328//1328 1269//1269 1270//1270
f 1269//1269 1327//1327 1291//1291
f 1270//1270 1271//1271 1329//1329
f 1330//1330 1270//1270 1329//1329
f 1328//1328 1270//1270 1330//1330
f 1329//1329 1271//1271 1304//1304
f 1299//1299 1272//1272 1331//1331
f 1272//1272 1273//1273 1332//1332
f 1317//1317 1272//1272 1332//1332
f 1272//1272 1317//1317 1331//1331
f 1332//1332 1273//1273 1333//1333
f 1333//1333 1273//1273 1334//1334
f 1274//1274 1334//1334 1273//1273
f 1274//1274 1335//1335 1336//1336
f 1335//1335 1274//1274 1280//1280
f 1334//1334 1274//1274 1336//1336
f 1337//1337 1275//1275 1277//1277
f 1275//1275 1337//1337 1338//1338
f 1339//1339 1276//1276 1275//1275
f 1339//1339 1275//1275 1338//1338
f 1276//1276 1340//1340 1282//1282
f 1340//1340 1276//1276 1339//1339
f 1277//1277 1341//1341 1337//1337
f 1341//1341 1277//1277 1278//1278
f 1278//1278 1289//1289 1341//1341
f 1278//1278 1279//1279 1289//1289
f 1280//1280 1281//1281 1283//1283
f 1280//1280 1283//1283 1335//1335
f 1282//1282 1342//1342 1283//1283
f 1342//1342 1282//1282 1340//1340
f 1283//1283 1342//1342 1335//1335
f 1284//1284 1292//1292 1290//1290
f 1285//1285 1290//1290 1343//1343
f 1285//1285 1343//1343 1287//1287
f 1286//1286 1344//1344 1345//1345
f 1288//1288 1286//1286 1345//1345
f 1286//1286 1287//1287 1344//1344
f 1343//1343 1344//1344 1287//1287
f 1288//1288 1345//1345 1346//1346
f 1289//1289 1288//1288 1346//1346
f 1289//1289 1346//1346 1347//1347
f 1341//1341 1289//1289 1347//1347
f 1343//1343 1290//1290 1348//1348
f 1349//1349 1290//1290 1292//1292
f 1290//1290 1349//1349 1348//1348
f 1327//1327 1292//1292 1291//1291
f 1327//1327 1350//1350 1292//1292
f 1349//1349 1292//1292 1350//1350
f 1297//1297 1295//1295 1351//1351
f 1295//1295 1299//1299 1351//1351
f 1296//1296 1297//1297 1298//1298
f 1351//1351 1298//1298 1297//1297
f 1298//1298 1351//1351 1316//1316
f 1331//1331 1351//1351 1299//1299
f 1303//1303 1352//1352 1300//1300
f 1306//1306 1300//1300 1352//1352
f 1308//1308 1301//1301 1302//1302
f 1303//1303 1301//1301 1353//1353
f 1308//1308 1353//1353 1301//1301
f 1352//1352 1303//1303 1354//1354
f 1353//1353 1354//1354 1303//1303
f 1304//1304 1305//1305 1307//1307
f 1329//1329 1304//1304 1307//1307
f 1307//1307 1306//1306 1352//1352
f 1355//1355 1307//1307 1356//1356
f 1307//1307 1352//1352 1356//1356
f 1355//1355 1329//1329 1307//1307
f 1353//1353 1308//1308 1357//1357
f 1309//1309 1357//1357 1308//1308
f 1309//1309 1310//1310 1358//1358
f 1358//1358 1359//1359 1309//1309
f 1357//1357 1309//1309 1359//1359
f 1358//1358 1310//1310 1360//1360
f 1360//1360 1310//1310 1312//1312
f 1312//1312 1311//1311 1326//1326
f 1360//1360 1312//1312 1326//1326
f 1317//1317 1361//1361 1313//1313
f 1362//1362 1314//1314 1313//1313
f 1361//1361 1362//1362 1313//1313
f 1363//1363 1315//1315 1314//1314
f 1318//1318 1315//1315 1363//1363
f 1363//1363 1314//1314 1364//1364
f 1362//1362 1364//1364 1314//1314
f 1331//1331 1316//1316 1351//1351
f 1331//1331 1317//1317 1316//1316
f 1317//1317 1332//1332 1361//1361
f 1363//1363 1365//1365 1318//1318
f 1366//1366 1320//1320 1318//1318
f 1365//1365 1366//1366 1318//1318
f 1367//1367 1322//1322 1319//1319
f 1321//1321 1367//1367 1319//1319
f 1368//1368 1321//1321 1320//1320
f 1366//1366 1368//1368 1320//1320
f 1369//1369 1367//1367 1321//1321
f 1368//1368 1369//1369 1321//1321
f 1367//1367 1370//1370 1322//1322
f 1370//1370 1323//1323 1322//1322
f 1370//1370 1324//1324 1323//1323
f 1324//1324 1370//1370 1371//1371
f 1371//1371 1325//1325 1324//1324
f 1372//1372 1326//1326 1325//1325
f 1371//1371 1372//1372 1325//1325
f 1372//1372 1360//1360 1326//1326
f 1327//1327 1328//1328 1373//1373
f 1350//1350 1327//1327 1374//1374
f 1327//1327 1373//1373 1374//1374
f 1330//1330 1375//1375 1328//1328
f 1376//1376 1328//1328 1375//1375
f 1376//1376 1373//1373 1328//1328
f 1330//1330 1329//1329 1355//1355
f 1377//1377 1330//1330 1355//1355
f 1375//1375 1330//1330 1377//1377
f 1332//1332 1378//1378 1361//1361
f 1332//1332 1333//1333 1378//1378
f 1333//1333 1379//1379 1378//1378
f 1333//1333 1334//1334 1379//1379
f 1334//1334 1336//1336 1380//1380
f 1334//1334 1380//1380 1379//1379
f 1336//1336 1335//1335 1381//1381
f 1336//1336 1381//1381 1380//1380
f 1381//1381 1335//1335 1342//1342
f 1337//1337 1341//1341 1382//1382
f 1337//1337 1383//1383 1384//1384
f 1337//1337 1384//1384 1338//1338
f 1383//1383 1337//1337 1382//1382
f 1338//1338 1384//1384 1385//1385
f 1339//1339 1338//1338 1385//1385
f 1339//1339 1386//1386 1387//1387
f 1340//1340 1339//1339 1387//1387
f 1388//1388 1339//1339 1385//1385
f 1339//1339 1388//1388 1386//1386
f 1342//1342 1340//1340 1387//1387
f 1341//1341 1347//1347 1382//1382
f 1342//1342 1387//1387 1381//1381
f 1389//1389 1343//1343 1348//1348
f 1343//1343 1389//1389 1344//1344
f 1389//1389 1345//1345 1344//1344
f 1389//1389 1390//1390 1345//1345
f 1390//1390 1346//1346 1345//1345
f 1346//1346 1390//1390 1391//1391
f 1347//1347 1346//1346 1391//1391
f 1347//1347 1391//1391 1383//1383
f 1382//1382 1347//1347 1383//1383
f 1389//1389 1348//1348 1392//1392
f 1393//1393 1348//1348 1349//1349
f 1392//1392 1348//1348 1393//1393
f 1350//1350 1374//1374 1349//1349
f 1393//1393 1349//1349 1374//1374
f 1352//1352 1354//1354 1356//1356
f 1353//1353 1394//1394 1354//1354
f 1394//1394 1353//1353 1357//1357
f 1354//1354 1395//1395 1356//1356
f 1394//1394 1395//1395 1354//1354
f 1355//1355 1356//1356 1377//1377
f 1395//1395 1377//1377 1356//1356
f 1357//1357 1396//1396 1394//1394
f 1359//1359 1396//1396 1357//1357
f 1397//1397 1396//1396 1358//1358
f 1398//1398 1397//1397 1358//1358
f 1396//1396 1359//1359 1358//1358
f 1358//1358 1360//1360 1398//1398
f 1360//1360 1399//1399 1398//1398
f 1400//1400 1360//1360 1372//1372
f 1399//1399 1360//1360 1400//1400
f 1378//1378 1401//1401 1361//1361
f 1401//1401 1362//1362 1361//1361
f 1401//1401 1402//1402 1362//1362
f 1402//1402 1364//1364 1362//1362
f 1364//1364 1403//1403 1363//1363
f 1404//1404 1365//1365 1363//1363
f 1403//1403 1404//1404 1363//1363
f 1402//1402 1405//1405 1364//1364
f 1364//1364 1405//1405 1403//1403
f 1406//1406 1366//1366 1365//1365
f 1404//1404 1406//1406 1365//1365
f 1407//1407 1368//1368 1366//1366
f 1406//1406 1407//1407 1366//1366
f 1408//1408 1370//1370 1367//1367
f 1369//1369 1408//1408 1367//1367
f 1409//1409 1369//1369 1368//1368
f 1407//1407 1409//1409 1368//1368
f 1408//1408 1369//1369 1409//1409
f 1408//1408 1410//1410 1370//1370
f 1410//1410 1371//1371 1370//1370
f 1372//1372 1371//1371 1410//1410
f 1410//1410 1400//1400 1372//1372
f 1411//1411 1373//1373 1376//1376
f 1412//1412 1373//1373 1411//1411
f 1393//1393 1373//1373 1412//1412
f 1373//1373 1393//1393 1374//1374
f 1377//1377 1413//1413 1375//1375
f 1375//1375 1413//1413 1376//1376
f 1397//1397 1376//1376 1396//1396
f 1396//1396 1376//1376 1413//1413
f 1376//1376 1397//1397 1411//1411
f 1377//1377 1395//1395 1413//1413
f 1414//1414 1401//1401 1378//1378
f 1379//1379 1414//1414 1378//1378
f 1380//1380 1414//1414 1379//1379
f 1380//1380 1386//1386 1414//1414
f 1387//1387 1386//1386 1380//1380
f 1381//1381 1387//1387 1380//1380
f 1384//1384 1383//1383 1415//1415
f 1384//1384 1400//1400 1409//1409
f 1409//1409 1385//1385 1384//1384
f 1400//1400 1384//1384 1415//1415
f 1415//1415 1383//1383 1416//1416
f 1391//1391 1416//1416 1383//1383
f 1385//1385 1409//1409 1407//1407
f 1385//1385 1406//1406 1404//1404
f 1388//1388 1385//1385 1404//1404
f 1385//1385 1407//1407 1406//1406
f 1402//1402 1414//1414 1386//1386
f 1386//1386 1388//1388 1402//1402
f 1388//1388 1405//1405 1402//1402
f 1388//1388 1404//1404 1403//1403
f 1405//1405 1388//1388 1403//1403
f 1390//1390 1389//1389 1392//1392
f 1390//1390 1392//1392 1412//1412
f 1390//1390 1417//1417 1418//1418
f 1416//1416 1390//1390 1418//1418
f 1391//1391 1390//1390 1416//1416
f 1412//1412 1399//1399 1390//1390
f 1399//1399 1417//1417 1390//1390
f 1392//1392 1393//1393 1412//1412
f 1413//1413 1394//1394 1396//1396
f 1413//1413 1395//1395 1394//1394
f 1397//1397 1412//1412 1411//1411
f 1412//1412 1397//1397 1398//1398
f 1412//1412 1398//1398 1399//1399
f 1417//1417 1399//1399 1400//1400
f 1400//1400 1408//1408 1409//1409
f 1408//1408 1400//1400 1410//1410
f 1400//1400 1415//1415 1417//1417
f 1414//1414 1402//1402 1401//1401
f 1418//1418 1415//1415 1416//1416
f 1415//1415 1418//1418 1417//1417
