# Blender 4.0.2
# www.blender.org
mtllib triquetral_r.mtl
o triquetral_r
v -0.014150 -0.014862 -0.002244
v -0.014511 -0.014368 -0.001904
v -0.015101 -0.015242 -0.003472
v -0.013998 -0.015156 -0.002510
v -0.014287 -0.014474 -0.001654
v -0.013875 -0.014953 -0.002101
v -0.015399 -0.014220 -0.002623
v -0.015351 -0.013745 -0.002275
v -0.014890 -0.013530 -0.001518
v -0.015144 -0.013489 -0.001924
v -0.014522 -0.013895 -0.001377
v -0.016145 -0.014297 -0.003308
v -0.014770 -0.015883 -0.004295
v -0.014462 -0.015546 -0.003454
v -0.014156 -0.015432 -0.003094
v -0.013587 -0.015485 -0.002926
v -0.013759 -0.015363 -0.002706
v -0.013691 -0.015215 -0.002341
v -0.013957 -0.014797 -0.001232
v -0.013865 -0.014864 -0.001781
v -0.013614 -0.015058 -0.001969
v -0.016028 -0.014000 -0.002876
v -0.015332 -0.013318 -0.002028
v -0.015662 -0.013283 -0.002216
v -0.015880 -0.013105 -0.002198
v -0.016105 -0.013366 -0.002517
v -0.015123 -0.013024 -0.001532
v -0.014661 -0.013508 -0.000789
v -0.014429 -0.014090 -0.001069
v -0.014574 -0.013789 -0.000796
v -0.016421 -0.014810 -0.004455
v -0.016209 -0.014957 -0.004333
v -0.016550 -0.014492 -0.004169
v -0.016330 -0.014086 -0.003268
v -0.014053 -0.015896 -0.003875
v -0.016001 -0.015203 -0.004584
v -0.015370 -0.015762 -0.004665
v -0.015126 -0.015946 -0.004813
v -0.013976 -0.016083 -0.004458
v -0.014419 -0.016107 -0.004724
v -0.012778 -0.015809 -0.003695
v -0.013453 -0.015502 -0.002850
v -0.013379 -0.015269 -0.002169
v -0.013592 -0.015233 -0.002287
v -0.012828 -0.015530 -0.002193
v -0.013084 -0.015560 -0.002645
v -0.013669 -0.015034 -0.001702
v -0.014037 -0.014720 -0.000674
v -0.013646 -0.015221 -0.001137
v -0.013411 -0.015222 -0.001883
v -0.015454 -0.013046 -0.001945
v -0.016674 -0.012382 -0.002330
v -0.016560 -0.012241 -0.002136
v -0.015984 -0.012406 -0.001865
v -0.015269 -0.012342 -0.001127
v -0.015150 -0.012530 -0.000873
v -0.014626 -0.013603 0.000096
v -0.014715 -0.013325 0.000102
v -0.015125 -0.012387 -0.000393
v -0.014480 -0.014062 -0.000798
v -0.014482 -0.014042 -0.000500
v -0.014418 -0.014209 -0.000202
v -0.014528 -0.013951 -0.000214
v -0.016216 -0.015051 -0.004679
v -0.016715 -0.014370 -0.004536
v -0.016386 -0.014855 -0.004738
v -0.016636 -0.014100 -0.003723
v -0.016829 -0.014038 -0.004239
v -0.016611 -0.013214 -0.003055
v -0.013691 -0.015980 -0.003974
v -0.015984 -0.015265 -0.004881
v -0.015799 -0.015446 -0.004810
v -0.015598 -0.015612 -0.004726
v -0.015379 -0.015839 -0.004939
v -0.015089 -0.015995 -0.005096
v -0.014812 -0.016083 -0.004951
v -0.014093 -0.016227 -0.005043
v -0.013750 -0.016278 -0.004955
v -0.014466 -0.016183 -0.005063
v -0.012665 -0.015921 -0.004241
v -0.012263 -0.015658 -0.003655
v -0.012332 -0.015549 -0.002789
v -0.012757 -0.015618 -0.002759
v -0.013157 -0.015413 -0.002068
v -0.012477 -0.015558 -0.002582
v -0.012392 -0.015538 -0.002232
v -0.012663 -0.015653 -0.001827
v -0.013631 -0.015077 -0.000622
v -0.014191 -0.014511 -0.000427
v -0.013838 -0.014875 -0.000545
v -0.013784 -0.014924 -0.000567
v -0.013301 -0.015400 -0.001561
v -0.013418 -0.015359 -0.001032
v -0.013451 -0.015217 -0.000727
v -0.013381 -0.015401 -0.001314
v -0.013011 -0.015555 -0.001717
v -0.015421 -0.012146 -0.001247
v -0.016981 -0.012403 -0.002809
v -0.016920 -0.011895 -0.002373
v -0.016846 -0.011791 -0.002198
v -0.016477 -0.011753 -0.001848
v -0.016307 -0.011969 -0.001865
v -0.016057 -0.011698 -0.001587
v -0.015538 -0.011885 -0.001219
v -0.015303 -0.011948 -0.000842
v -0.015168 -0.012100 -0.000500
v -0.014621 -0.013518 0.000411
v -0.014509 -0.013829 0.000208
v -0.015043 -0.012551 0.000070
v -0.014709 -0.013239 0.000417
v -0.014399 -0.014247 -0.000410
v -0.014255 -0.014412 -0.000149
v -0.014359 -0.014052 0.000227
v -0.014243 -0.014185 0.000200
v -0.016154 -0.015069 -0.004940
v -0.016924 -0.013845 -0.004550
v -0.016790 -0.014158 -0.004831
v -0.016571 -0.014384 -0.005043
v -0.016873 -0.013174 -0.003441
v -0.013285 -0.016177 -0.004660
v -0.015903 -0.015263 -0.005127
v -0.015743 -0.015470 -0.005077
v -0.015574 -0.015668 -0.005019
v -0.015297 -0.015835 -0.005185
v -0.014978 -0.015963 -0.005318
v -0.014741 -0.016076 -0.005202
v -0.014732 -0.016082 -0.005198
v -0.014081 -0.016242 -0.005142
v -0.013912 -0.016189 -0.005326
v -0.013413 -0.016256 -0.005046
v -0.013658 -0.016264 -0.005192
v -0.014376 -0.016171 -0.005301
v -0.012664 -0.015993 -0.004550
v -0.011774 -0.015465 -0.004505
v -0.011186 -0.015169 -0.003213
v -0.011539 -0.015236 -0.003730
v -0.011748 -0.015598 -0.001760
v -0.011846 -0.015645 -0.001639
v -0.012330 -0.015684 -0.001637
v -0.012757 -0.015668 -0.001591
v -0.013361 -0.015223 -0.000675
v -0.013595 -0.015010 -0.000474
v -0.013213 -0.015022 -0.000357
v -0.014051 -0.014654 -0.000374
v -0.013804 -0.014774 -0.000254
v -0.013476 -0.014840 -0.000183
v -0.013083 -0.015548 -0.001463
v -0.013385 -0.015265 -0.000767
v -0.013101 -0.015487 -0.001167
v -0.013078 -0.015430 -0.001017
v -0.017105 -0.012703 -0.003596
v -0.017144 -0.012358 -0.003485
v -0.017046 -0.012100 -0.002784
v -0.017062 -0.011749 -0.002721
v -0.016977 -0.011584 -0.002342
v -0.016643 -0.011537 -0.001841
v -0.016777 -0.011308 -0.001886
v -0.016222 -0.011481 -0.001580
v -0.015983 -0.011608 -0.001466
v -0.015415 -0.011693 -0.000855
v -0.015994 -0.011217 -0.001265
v -0.015143 -0.011628 -0.000092
v -0.015050 -0.011664 0.000839
v -0.014377 -0.013601 0.000686
v -0.014459 -0.013723 0.000463
v -0.014900 -0.012616 0.000730
v -0.014970 -0.012240 0.001061
v -0.014177 -0.014263 0.000191
v -0.014213 -0.013843 0.000584
v -0.013804 -0.014157 0.000465
v -0.014150 -0.014228 0.000246
v -0.016187 -0.014813 -0.005201
v -0.016891 -0.013891 -0.004834
v -0.016994 -0.013260 -0.004763
v -0.017053 -0.013240 -0.004499
v -0.017065 -0.013094 -0.003887
v -0.017083 -0.013153 -0.004062
v -0.016798 -0.013878 -0.005071
v -0.016295 -0.014266 -0.005445
v -0.013258 -0.016229 -0.004949
v -0.015624 -0.015429 -0.005293
v -0.015467 -0.015639 -0.005244
v -0.015157 -0.015775 -0.005385
v -0.014799 -0.015861 -0.005486
v -0.014660 -0.015961 -0.005425
v -0.014596 -0.016025 -0.005401
v -0.014219 -0.016093 -0.005487
v -0.013906 -0.016158 -0.005363
v -0.013745 -0.016063 -0.005496
v -0.013321 -0.016158 -0.005266
v -0.012883 -0.016131 -0.005003
v -0.012438 -0.015866 -0.004980
v -0.012035 -0.015537 -0.004968
v -0.011370 -0.015016 -0.004762
v -0.011384 -0.015113 -0.004497
v -0.011066 -0.015137 -0.002252
v -0.011347 -0.015074 -0.003701
v -0.010918 -0.014770 -0.003855
v -0.010415 -0.014716 -0.002664
v -0.011819 -0.015641 -0.001621
v -0.011251 -0.015332 -0.001812
v -0.011341 -0.015431 -0.001591
v -0.011852 -0.015635 -0.001581
v -0.011975 -0.015633 -0.001417
v -0.012348 -0.015623 -0.001341
v -0.012768 -0.015581 -0.001285
v -0.013308 -0.014955 -0.000294
v -0.012168 -0.015568 -0.001223
v -0.012036 -0.015245 -0.000838
v -0.012429 -0.014656 -0.000008
v -0.013868 -0.014544 0.000051
v -0.012603 -0.014132 0.000588
v -0.013268 -0.014127 0.000596
v -0.017117 -0.012856 -0.004162
v -0.017087 -0.012091 -0.003985
v -0.017155 -0.011633 -0.003341
v -0.017128 -0.011733 -0.003640
v -0.016946 -0.010818 -0.002164
v -0.016968 -0.010521 -0.002409
v -0.016760 -0.011286 -0.001857
v -0.016640 -0.011533 -0.001837
v -0.016788 -0.010947 -0.001803
v -0.016396 -0.011266 -0.001558
v -0.015524 -0.011421 -0.000813
v -0.015203 -0.011320 -0.000063
v -0.016348 -0.010425 -0.001140
v -0.015090 -0.011337 0.000884
v -0.014982 -0.011884 0.001128
v -0.014983 -0.011517 0.001205
v -0.014152 -0.013840 0.000620
v -0.014691 -0.012695 0.001131
v -0.014181 -0.013349 0.001057
v -0.014485 -0.012855 0.001219
v -0.014674 -0.012238 0.001503
v -0.014808 -0.012009 0.001456
v -0.013749 -0.014205 0.000439
v -0.016882 -0.013357 -0.005013
v -0.016873 -0.012482 -0.004825
v -0.016997 -0.012160 -0.004535
v -0.016506 -0.013742 -0.005460
v -0.016742 -0.013338 -0.005221
v -0.016011 -0.014427 -0.005606
v -0.016001 -0.013761 -0.005756
v -0.016094 -0.013487 -0.005754
v -0.013119 -0.016168 -0.005149
v -0.015312 -0.015563 -0.005431
v -0.014964 -0.015660 -0.005541
v -0.014732 -0.015505 -0.005667
v -0.014584 -0.015725 -0.005626
v -0.014169 -0.015754 -0.005682
v -0.013932 -0.015890 -0.005594
v -0.013670 -0.015699 -0.005671
v -0.013369 -0.015781 -0.005576
v -0.013199 -0.015961 -0.005448
v -0.012811 -0.016001 -0.005228
v -0.012500 -0.015705 -0.005278
v -0.011276 -0.014673 -0.005079
v -0.010867 -0.014475 -0.004943
v -0.010966 -0.014689 -0.004751
v -0.010974 -0.014795 -0.004483
v -0.011025 -0.015205 -0.001358
v -0.010743 -0.014677 -0.004028
v -0.010112 -0.014459 -0.002441
v -0.010116 -0.014462 -0.002435
v -0.010310 -0.014576 -0.002279
v -0.009998 -0.014406 -0.002648
v -0.010133 -0.014432 -0.004207
v -0.011655 -0.015416 -0.001183
v -0.011473 -0.015464 -0.001381
v -0.011175 -0.015207 -0.001152
v -0.011365 -0.015146 -0.000956
v -0.012051 -0.013548 0.001035
v -0.010953 -0.014095 0.000095
v -0.011017 -0.014483 -0.000318
v -0.013643 -0.013638 0.000962
v -0.012947 -0.012914 0.001611
v -0.016935 -0.011442 -0.004644
v -0.017125 -0.010947 -0.003475
v -0.016617 -0.010056 -0.001576
v -0.016842 -0.010041 -0.002173
v -0.017059 -0.010479 -0.003212
v -0.015597 -0.010693 -0.000459
v -0.015256 -0.010927 0.000283
v -0.015798 -0.009772 -0.000310
v -0.015058 -0.011267 0.001058
v -0.015298 -0.010234 0.000403
v -0.014906 -0.011767 0.001349
v -0.014816 -0.011638 0.001572
v -0.015005 -0.011172 0.001263
v -0.014333 -0.012670 0.001471
v -0.013936 -0.011980 0.002020
v -0.014257 -0.012178 0.001789
v -0.014445 -0.011974 0.001816
v -0.014763 -0.011953 0.001538
v -0.016637 -0.012403 -0.005258
v -0.016838 -0.011709 -0.004938
v -0.016437 -0.013018 -0.005563
v -0.015558 -0.014130 -0.005867
v -0.015512 -0.014425 -0.005801
v -0.015550 -0.014778 -0.005702
v -0.015771 -0.013609 -0.005883
v -0.016228 -0.012887 -0.005707
v -0.015891 -0.012994 -0.005825
v -0.015161 -0.014178 -0.005938
v -0.014562 -0.014730 -0.005894
v -0.014299 -0.014861 -0.005867
v -0.014337 -0.015556 -0.005739
v -0.013440 -0.015180 -0.005722
v -0.013092 -0.015565 -0.005597
v -0.012840 -0.015679 -0.005472
v -0.012088 -0.015051 -0.005375
v -0.011658 -0.014917 -0.005206
v -0.011397 -0.014466 -0.005253
v -0.011340 -0.014419 -0.005247
v -0.010951 -0.014096 -0.005204
v -0.010717 -0.014229 -0.005097
v -0.010395 -0.014255 -0.004913
v -0.010419 -0.014463 -0.004676
v -0.010603 -0.014904 -0.001341
v -0.010731 -0.014941 -0.001130
v -0.010896 -0.014922 -0.000928
v -0.009835 -0.014178 -0.002210
v -0.009946 -0.014247 -0.001995
v -0.009716 -0.014124 -0.002424
v -0.009645 -0.014174 -0.004160
v -0.009014 -0.013784 -0.003707
v -0.010012 -0.014226 -0.004574
v -0.012408 -0.012815 0.001671
v -0.010903 -0.013655 0.000474
v -0.011563 -0.013340 0.001052
v -0.011596 -0.012811 0.001457
v -0.010213 -0.014308 -0.000692
v -0.010324 -0.014114 -0.000422
v -0.010631 -0.014612 -0.000708
v -0.013655 -0.011698 0.002244
v -0.012569 -0.012138 0.002101
v -0.016604 -0.010978 -0.005236
v -0.016709 -0.010446 -0.004598
v -0.016699 -0.010627 -0.004924
v -0.016603 -0.010609 -0.005159
v -0.017050 -0.010583 -0.003649
v -0.015896 -0.008795 -0.000263
v -0.015495 -0.008593 0.000629
v -0.016784 -0.009589 -0.002696
v -0.016796 -0.009722 -0.002435
v -0.015918 -0.008536 -0.000492
v -0.016945 -0.010111 -0.003489
v -0.015243 -0.009444 0.000600
v -0.015039 -0.010691 0.001344
v -0.015117 -0.009998 0.000760
v -0.014841 -0.011295 0.001629
v -0.014513 -0.011264 0.002087
v -0.014940 -0.011045 0.001560
v -0.014096 -0.011210 0.002352
v -0.016462 -0.012675 -0.005507
v -0.016646 -0.011701 -0.005205
v -0.015515 -0.013412 -0.005916
v -0.015102 -0.013081 -0.005917
v -0.015959 -0.012695 -0.005803
v -0.015825 -0.012234 -0.005782
v -0.014679 -0.014139 -0.005940
v -0.013971 -0.014243 -0.005839
v -0.013490 -0.014535 -0.005766
v -0.013142 -0.014228 -0.005656
v -0.012538 -0.015215 -0.005492
v -0.012626 -0.014137 -0.005558
v -0.012402 -0.014294 -0.005514
v -0.011443 -0.014178 -0.005343
v -0.010948 -0.014093 -0.005205
v -0.011171 -0.013950 -0.005307
v -0.010490 -0.013747 -0.005287
v -0.010373 -0.013963 -0.005134
v -0.010078 -0.013540 -0.005166
v -0.009985 -0.013936 -0.004900
v -0.010320 -0.014626 -0.001116
v -0.009760 -0.014054 -0.001551
v -0.009728 -0.013991 -0.001813
v -0.009680 -0.013938 -0.001774
v -0.008722 -0.013520 -0.003480
v -0.009070 -0.013207 -0.001557
v -0.008153 -0.012722 -0.002389
v -0.009534 -0.013566 -0.004852
v -0.009257 -0.013869 -0.004182
v -0.008703 -0.013386 -0.004029
v -0.011090 -0.012937 0.001140
v -0.010261 -0.013605 0.000015
v -0.010036 -0.013892 -0.000456
v -0.010347 -0.013354 0.000312
v -0.010620 -0.012992 0.000816
v -0.011416 -0.012370 0.001660
v -0.009851 -0.013910 -0.000690
v -0.013633 -0.011137 0.002543
v -0.011319 -0.011877 0.001923
v -0.011601 -0.011295 0.002360
v -0.012695 -0.011449 0.002470
v -0.011888 -0.011138 0.002518
v -0.016416 -0.010869 -0.005398
v -0.016879 -0.010123 -0.003747
v -0.016401 -0.009471 -0.004213
v -0.016346 -0.009316 -0.004443
v -0.016561 -0.010200 -0.005049
v -0.016561 -0.010198 -0.005042
v -0.016472 -0.009601 -0.004871
v -0.016443 -0.010528 -0.005342
v -0.015361 -0.007503 0.000385
v -0.015425 -0.007867 0.000527
v -0.015366 -0.008796 0.000790
v -0.015259 -0.008300 0.001036
v -0.016565 -0.009207 -0.003371
v -0.016505 -0.009059 -0.002715
v -0.016624 -0.009359 -0.002259
v -0.016154 -0.008644 -0.001833
v -0.015870 -0.008122 -0.000967
v -0.015141 -0.006846 0.000318
v -0.015454 -0.007439 -0.000436
v -0.015644 -0.007750 -0.000757
v -0.014950 -0.009478 0.000906
v -0.014831 -0.008978 0.001131
v -0.014826 -0.010545 0.001794
v -0.014889 -0.010289 0.001628
v -0.014908 -0.009920 0.001287
v -0.014903 -0.009685 0.001045
v -0.014750 -0.010795 0.001940
v -0.014886 -0.010973 0.001670
v -0.014545 -0.010918 0.002177
v -0.014271 -0.010996 0.002377
v -0.014087 -0.013642 -0.005847
v -0.013925 -0.012805 -0.005807
v -0.014556 -0.011231 -0.005839
v -0.013865 -0.011721 -0.005840
v -0.012602 -0.011056 -0.005840
v -0.015206 -0.010337 -0.005752
v -0.012816 -0.011901 -0.005751
v -0.011598 -0.013277 -0.005418
v -0.010732 -0.013281 -0.005428
v -0.010222 -0.013523 -0.005248
v -0.010031 -0.013678 -0.005094
v -0.009643 -0.013355 -0.005052
v -0.009815 -0.012863 -0.005308
v -0.009117 -0.012886 -0.000928
v -0.009554 -0.013658 -0.001052
v -0.009006 -0.012897 -0.001160
v -0.008333 -0.013167 -0.003471
v -0.007887 -0.012661 -0.002808
v -0.007749 -0.012393 -0.002377
v -0.009238 -0.012445 -0.000318
v -0.009189 -0.013566 -0.004572
v -0.009066 -0.013174 -0.004788
v -0.008826 -0.013253 -0.004487
v -0.008197 -0.012895 -0.003924
v -0.010860 -0.012338 0.001400
v -0.010724 -0.012649 0.001121
v -0.010419 -0.012421 0.001054
v -0.010004 -0.013425 -0.000090
v -0.009668 -0.012978 -0.000094
v -0.009455 -0.013111 -0.000585
v -0.009878 -0.011903 0.000891
v -0.013889 -0.010218 0.002858
v -0.013436 -0.010171 0.002986
v -0.013119 -0.011048 0.002644
v -0.010860 -0.011524 0.001865
v -0.011350 -0.010696 0.002560
v -0.012312 -0.009935 0.003103
v -0.016198 -0.010361 -0.005457
v -0.016333 -0.009090 -0.003799
v -0.016329 -0.009097 -0.004682
v -0.016179 -0.008963 -0.004132
v -0.016152 -0.008893 -0.004240
v -0.016082 -0.008760 -0.003582
v -0.016423 -0.010172 -0.005256
v -0.016560 -0.010195 -0.005047
v -0.016416 -0.009766 -0.005168
v -0.016376 -0.009510 -0.005091
v -0.016344 -0.009326 -0.005033
v -0.015147 -0.007524 0.000999
v -0.015326 -0.008046 0.000877
v -0.015142 -0.008535 0.001113
v -0.015114 -0.007789 0.001218
v -0.015144 -0.008161 0.001220
v -0.016230 -0.008767 -0.002492
v -0.015949 -0.008485 -0.002268
v -0.015923 -0.008280 -0.001621
v -0.015063 -0.006726 0.000094
v -0.015415 -0.007385 -0.000545
v -0.015035 -0.006818 0.000681
v -0.014463 -0.005731 0.000950
v -0.014604 -0.005993 0.000517
v -0.015536 -0.007679 -0.000972
v -0.015659 -0.007973 -0.001401
v -0.014719 -0.009214 0.001215
v -0.014712 -0.009255 0.001247
v -0.014930 -0.008681 0.001238
v -0.014769 -0.008886 0.001290
v -0.014673 -0.010031 0.001963
v -0.014737 -0.009461 0.001484
v -0.014693 -0.009676 0.002054
v -0.014656 -0.010662 0.002165
v -0.014564 -0.010547 0.002328
v -0.014323 -0.010279 0.002621
v -0.014826 -0.010038 -0.005774
v -0.014499 -0.009784 -0.005810
v -0.013576 -0.011142 -0.005844
v -0.012203 -0.011103 -0.005910
v -0.013522 -0.010064 -0.005882
v -0.013249 -0.009869 -0.005974
v -0.012699 -0.010130 -0.006000
v -0.012648 -0.010091 -0.006006
v -0.012474 -0.009616 -0.006055
v -0.014923 -0.009764 -0.005760
v -0.015351 -0.009747 -0.005714
v -0.011603 -0.011969 -0.005737
v -0.011320 -0.012271 -0.005634
v -0.010595 -0.011482 -0.005628
v -0.009645 -0.011052 -0.005568
v -0.009581 -0.012013 -0.005439
v -0.009142 -0.011980 -0.005326
v -0.009432 -0.012640 -0.000178
v -0.007498 -0.012308 -0.002800
v -0.007675 -0.012512 -0.003242
v -0.007394 -0.011983 -0.002376
v -0.007546 -0.011984 -0.002172
v -0.007769 -0.012129 -0.002038
v -0.007698 -0.011983 -0.001966
v -0.007383 -0.011509 -0.001977
v -0.008953 -0.011950 -0.000342
v -0.009531 -0.011846 0.000518
v -0.008838 -0.012980 -0.004744
v -0.007842 -0.012242 -0.004167
v -0.010582 -0.012240 0.001290
v -0.009922 -0.011266 0.001292
v -0.009435 -0.011391 0.000669
v -0.014470 -0.010054 0.002596
v -0.014064 -0.009269 0.003037
v -0.013592 -0.009930 0.003055
v -0.013633 -0.009209 0.003279
v -0.013015 -0.008624 0.003634
v -0.012536 -0.009739 0.003212
v -0.010331 -0.009505 0.002656
v -0.011480 -0.010007 0.002935
v -0.011954 -0.009625 0.003196
v -0.012174 -0.009428 0.003295
v -0.016218 -0.010014 -0.005397
v -0.015698 -0.009650 -0.005604
v -0.016271 -0.008947 -0.004911
v -0.016141 -0.008664 -0.004481
v -0.016239 -0.008852 -0.004873
v -0.016074 -0.008816 -0.003883
v -0.015918 -0.008533 -0.004027
v -0.015746 -0.008446 -0.003463
v -0.016221 -0.009649 -0.005323
v -0.016199 -0.009259 -0.005229
v -0.014952 -0.006994 0.001095
v -0.014953 -0.008286 0.001493
v -0.014865 -0.007796 0.001773
v -0.015571 -0.008358 -0.002902
v -0.015452 -0.008320 -0.002530
v -0.015164 -0.008033 -0.002006
v -0.014720 -0.006298 0.000091
v -0.015126 -0.007359 -0.000959
v -0.014158 -0.005979 -0.000100
v -0.014836 -0.007034 -0.000789
v -0.014149 -0.005255 0.000940
v -0.014553 -0.006488 0.001823
v -0.014295 -0.005659 0.001535
v -0.013936 -0.005109 0.000506
v -0.014057 -0.005417 0.000371
v -0.014763 -0.007464 -0.001344
v -0.015085 -0.007763 -0.001498
v -0.015174 -0.007881 -0.001685
v -0.014705 -0.009191 0.001264
v -0.014831 -0.008519 0.001561
v -0.014750 -0.008788 0.001616
v -0.014671 -0.010057 0.001987
v -0.014667 -0.010017 0.001998
v -0.014706 -0.010247 0.002222
v -0.014699 -0.010338 0.002207
v -0.014709 -0.009325 0.002118
v -0.014696 -0.009599 0.002363
v -0.014567 -0.009485 -0.005787
v -0.014388 -0.009697 -0.005818
v -0.011743 -0.010063 -0.006011
v -0.011077 -0.010208 -0.005944
v -0.014177 -0.008516 -0.005944
v -0.014177 -0.009539 -0.005863
v -0.013168 -0.009131 -0.006067
v -0.012933 -0.009630 -0.006033
v -0.012806 -0.009870 -0.006011
v -0.012249 -0.009100 -0.006109
v -0.011784 -0.009415 -0.006074
v -0.015000 -0.009473 -0.005745
v -0.015178 -0.009610 -0.005722
v -0.014739 -0.009271 -0.005769
v -0.015377 -0.009406 -0.005659
v -0.009820 -0.010861 -0.005635
v -0.009342 -0.010555 -0.005583
v -0.008693 -0.011913 -0.005114
v -0.008627 -0.010875 -0.005346
v -0.008034 -0.011194 -0.004946
v -0.007241 -0.011983 -0.003465
v -0.007189 -0.011942 -0.003131
v -0.007113 -0.011786 -0.002759
v -0.007524 -0.012019 -0.003934
v -0.007352 -0.011868 -0.002328
v -0.007724 -0.010822 -0.001150
v -0.007228 -0.011515 -0.002181
v -0.007429 -0.010947 -0.001592
v -0.007075 -0.010854 -0.001953
v -0.008275 -0.012170 -0.004702
v -0.007848 -0.012079 -0.004322
v -0.009487 -0.010986 0.001018
v -0.008227 -0.010275 -0.000154
v -0.014594 -0.009822 0.002534
v -0.014446 -0.009311 0.002710
v -0.013888 -0.008747 0.003165
v -0.013782 -0.008985 0.003259
v -0.013487 -0.008698 0.003459
v -0.012397 -0.009231 0.003402
v -0.012496 -0.008532 0.003725
v -0.012374 -0.008029 0.003947
v -0.012854 -0.008107 0.003787
v -0.011205 -0.008991 0.003326
v -0.010188 -0.008461 0.003194
v -0.009383 -0.008806 0.002417
v -0.011824 -0.009119 0.003403
v -0.015585 -0.009203 -0.005576
v -0.016120 -0.008812 -0.005088
v -0.016107 -0.008475 -0.004715
v -0.015868 -0.008122 -0.004502
v -0.015380 -0.007854 -0.003661
v -0.015110 -0.007628 -0.003363
v -0.015422 -0.008147 -0.003312
v -0.015653 -0.008501 -0.005338
v -0.015912 -0.008682 -0.005233
v -0.014533 -0.007099 0.002096
v -0.014697 -0.008656 0.001970
v -0.014613 -0.008537 0.002169
v -0.014645 -0.008236 0.002088
v -0.014540 -0.007776 0.002198
v -0.015190 -0.008161 -0.002729
v -0.015199 -0.008221 -0.002655
v -0.014980 -0.008084 -0.002203
v -0.015016 -0.007781 -0.001571
v -0.014874 -0.007765 -0.001779
v -0.014704 -0.007058 -0.000942
v -0.013989 -0.006003 -0.000301
v -0.013947 -0.005581 0.000107
v -0.013769 -0.005624 -0.000092
v -0.013819 -0.004809 0.000638
v -0.014032 -0.005200 0.001609
v -0.013731 -0.004705 0.001596
v -0.014266 -0.006481 0.002313
v -0.013850 -0.005249 0.002295
v -0.013857 -0.005294 0.000220
v -0.013819 -0.005052 0.000292
v -0.013799 -0.004869 0.000343
v -0.014755 -0.007467 -0.001352
v -0.014563 -0.007040 -0.001150
v -0.014535 -0.008807 0.002329
v -0.009222 -0.009703 -0.005706
v -0.010736 -0.008215 -0.006028
v -0.010206 -0.008466 -0.005952
v -0.009774 -0.008795 -0.005865
v -0.014589 -0.008116 -0.005809
v -0.013915 -0.007964 -0.005970
v -0.014658 -0.009209 -0.005783
v -0.012609 -0.007992 -0.006090
v -0.014812 -0.008355 -0.005696
v -0.009141 -0.009969 -0.005638
v -0.008611 -0.009857 -0.005495
v -0.007359 -0.009151 -0.005300
v -0.007247 -0.010350 -0.004896
v -0.006724 -0.011347 -0.003027
v -0.007207 -0.011762 -0.003732
v -0.006822 -0.011434 -0.002809
v -0.007184 -0.011338 -0.004181
v -0.007230 -0.010117 -0.001301
v -0.006775 -0.011019 -0.002400
v -0.006767 -0.010256 -0.001942
v -0.006298 -0.010390 -0.002577
v -0.007002 -0.010411 -0.001812
v -0.007154 -0.010408 -0.001612
v -0.008762 -0.009313 0.001204
v -0.008531 -0.009607 0.000690
v -0.007883 -0.008805 0.000432
v -0.014104 -0.007992 0.002709
v -0.013586 -0.008456 0.003353
v -0.013277 -0.008164 0.003530
v -0.012040 -0.008921 0.003497
v -0.011060 -0.007651 0.004028
v -0.011505 -0.007630 0.004145
v -0.012236 -0.007522 0.004140
v -0.012059 -0.007734 0.004114
v -0.012941 -0.007942 0.003742
v -0.010460 -0.007777 0.003766
v -0.008975 -0.007474 0.003231
v -0.009793 -0.007625 0.003601
v -0.008582 -0.008842 0.001409
v -0.012022 -0.008935 0.003487
v -0.015422 -0.009083 -0.005618
v -0.015997 -0.008407 -0.004931
v -0.015790 -0.008005 -0.004725
v -0.015607 -0.007808 -0.004282
v -0.015357 -0.007290 -0.004250
v -0.014875 -0.007765 -0.002663
v -0.014908 -0.007354 -0.003186
v -0.014878 -0.007033 -0.003384
v -0.015733 -0.008134 -0.005013
v -0.015532 -0.008011 -0.005164
v -0.015137 -0.008141 -0.005548
v -0.015353 -0.008661 -0.005544
v -0.013491 -0.006672 0.003224
v -0.013419 -0.005910 0.003253
v -0.014855 -0.008043 -0.002415
v -0.014763 -0.007698 -0.001994
v -0.014743 -0.007457 -0.001377
v -0.014654 -0.007385 -0.001570
v -0.014139 -0.006254 -0.000736
v -0.014426 -0.006761 -0.001011
v -0.013883 -0.005929 -0.000517
v -0.013750 -0.005714 -0.000394
v -0.013728 -0.005245 0.000011
v -0.013679 -0.005522 -0.000313
v -0.013695 -0.005291 -0.000273
v -0.013698 -0.004427 0.000392
v -0.013438 -0.003948 0.000452
v -0.013486 -0.004546 0.001990
v -0.013118 -0.003975 0.001814
v -0.013360 -0.004222 0.001501
v -0.013554 -0.005404 0.002935
v -0.013301 -0.004416 0.002498
v -0.013772 -0.004921 0.000053
v -0.013817 -0.004650 -0.000108
v -0.014439 -0.006853 -0.001332
v -0.008950 -0.008411 -0.005589
v -0.007362 -0.008124 -0.005362
v -0.008259 -0.008534 -0.005514
v -0.010471 -0.007630 -0.005933
v -0.010842 -0.007240 -0.005967
v -0.009738 -0.008046 -0.005772
v -0.014802 -0.007544 -0.005629
v -0.014300 -0.007537 -0.005813
v -0.013100 -0.007674 -0.006028
v -0.012914 -0.007884 -0.006070
v -0.013305 -0.006735 -0.005799
v -0.011760 -0.006929 -0.005957
v -0.011003 -0.007020 -0.005967
v -0.007216 -0.008349 -0.005337
v -0.006932 -0.009456 -0.005113
v -0.006573 -0.008489 -0.005180
v -0.006841 -0.010886 -0.004179
v -0.006464 -0.010009 -0.004658
v -0.006404 -0.010880 -0.003037
v -0.006638 -0.010996 -0.002609
v -0.006569 -0.011105 -0.003475
v -0.006631 -0.011172 -0.003230
v -0.006494 -0.010982 -0.003700
v -0.006754 -0.011087 -0.003875
v -0.007047 -0.010011 -0.001466
v -0.006842 -0.008623 -0.000761
v -0.006097 -0.009414 -0.002255
v -0.006528 -0.009281 -0.001597
v -0.006060 -0.010455 -0.003040
v -0.005746 -0.009979 -0.003050
v -0.007985 -0.007955 0.001357
v -0.008001 -0.008418 0.000956
v -0.007221 -0.007847 0.000356
v -0.007650 -0.008223 0.000614
v -0.006969 -0.007834 0.000002
v -0.012493 -0.007059 0.004030
v -0.011200 -0.007317 0.004309
v -0.011425 -0.007142 0.004440
v -0.012069 -0.007002 0.004284
v -0.011923 -0.007227 0.004310
v -0.011115 -0.006849 0.004614
v -0.008222 -0.007588 0.002177
v -0.007903 -0.006819 0.002820
v -0.008329 -0.006799 0.003458
v -0.008686 -0.006395 0.004215
v -0.009264 -0.006518 0.004439
v -0.010706 -0.006643 0.004741
v -0.010168 -0.006528 0.004787
v -0.008096 -0.007909 0.001595
v -0.015667 -0.007956 -0.004938
v -0.015569 -0.007623 -0.004516
v -0.015304 -0.007070 -0.004539
v -0.015100 -0.006738 -0.004259
v -0.014758 -0.007701 -0.002286
v -0.014671 -0.007109 -0.002701
v -0.014677 -0.006223 -0.003573
v -0.015394 -0.007414 -0.004959
v -0.015073 -0.007341 -0.005344
v -0.013154 -0.005633 0.003507
v -0.013297 -0.005130 0.003201
v -0.014733 -0.007634 -0.002100
v -0.014601 -0.007225 -0.001800
v -0.014091 -0.006123 -0.000928
v -0.013888 -0.005677 -0.000763
v -0.013840 -0.005516 -0.000701
v -0.013722 -0.005351 -0.000425
v -0.013827 -0.004767 -0.000537
v -0.013685 -0.004145 0.000094
v -0.012950 -0.003438 0.000552
v -0.013200 -0.003401 0.000118
v -0.013211 -0.003889 0.000971
v -0.012786 -0.003530 0.001808
v -0.013039 -0.004350 0.002961
v -0.013886 -0.004120 -0.000541
v -0.014408 -0.006600 -0.001796
v -0.009438 -0.007756 -0.005582
v -0.008669 -0.006379 -0.005333
v -0.007431 -0.007832 -0.005363
v -0.007750 -0.006696 -0.005372
v -0.006360 -0.007954 -0.005115
v -0.010524 -0.006943 -0.005805
v -0.010682 -0.006724 -0.005811
v -0.010163 -0.006952 -0.005610
v -0.009910 -0.007095 -0.005600
v -0.009446 -0.007023 -0.005411
v -0.014604 -0.007015 -0.005539
v -0.013915 -0.006860 -0.005735
v -0.014216 -0.006716 -0.005592
v -0.012640 -0.006552 -0.005807
v -0.013706 -0.006283 -0.005496
v -0.013412 -0.005581 -0.005032
v -0.013215 -0.005422 -0.005027
v -0.012330 -0.005735 -0.005454
v -0.011577 -0.006397 -0.005814
v -0.010850 -0.006507 -0.005799
v -0.006181 -0.009457 -0.004750
v -0.006411 -0.009012 -0.005008
v -0.006127 -0.008424 -0.004965
v -0.006448 -0.010811 -0.003932
v -0.006049 -0.009960 -0.004402
v -0.006046 -0.010245 -0.004166
v -0.006293 -0.010814 -0.003252
v -0.006102 -0.010633 -0.003691
v -0.006188 -0.010739 -0.003469
v -0.006457 -0.008394 -0.001076
v -0.005220 -0.008868 -0.003097
v -0.006125 -0.009033 -0.001897
v -0.005869 -0.008445 -0.001758
v -0.005307 -0.007990 -0.002082
v -0.005305 -0.008485 -0.002478
v -0.005935 -0.010411 -0.003252
v -0.005806 -0.010252 -0.003582
v -0.005627 -0.009928 -0.003263
v -0.005535 -0.009572 -0.003135
v -0.007615 -0.007741 0.001030
v -0.006342 -0.005830 0.001589
v -0.007816 -0.007134 0.002217
v -0.006418 -0.006536 0.000624
v -0.005929 -0.006233 0.000275
v -0.011992 -0.005503 0.004461
v -0.011302 -0.006639 0.004660
v -0.011758 -0.006709 0.004457
v -0.010995 -0.006347 0.004839
v -0.010502 -0.006265 0.004975
v -0.006365 -0.005304 0.002864
v -0.008149 -0.006435 0.003738
v -0.006605 -0.005896 0.002010
v -0.008990 -0.006220 0.004662
v -0.009633 -0.005866 0.005174
v -0.010184 -0.005969 0.005137
v -0.015175 -0.006838 -0.004414
v -0.015193 -0.006935 -0.004740
v -0.014760 -0.006231 -0.004338
v -0.014603 -0.005993 -0.003902
v -0.014523 -0.006615 -0.002511
v -0.014530 -0.005662 -0.003200
v -0.014521 -0.006151 -0.002413
v -0.014382 -0.005226 -0.003316
v -0.014952 -0.006903 -0.005180
v -0.012971 -0.005109 0.003623
v -0.012593 -0.005069 0.003957
v -0.014438 -0.005987 -0.002035
v -0.014431 -0.005594 -0.001879
v -0.013934 -0.005330 -0.001043
v -0.013813 -0.004833 -0.000837
v -0.013958 -0.004243 -0.000799
v -0.013802 -0.003719 -0.000598
v -0.013187 -0.003100 -0.000106
v -0.012155 -0.002685 0.001004
v -0.012351 -0.003035 0.001615
v -0.012483 -0.003283 0.002038
v -0.012428 -0.003863 0.003423
v -0.012033 -0.003393 0.003308
v -0.012706 -0.004640 0.003686
v -0.013899 -0.003940 -0.000701
v -0.009300 -0.006512 -0.005234
v -0.009614 -0.006033 -0.005095
v -0.009434 -0.005548 -0.005124
v -0.009528 -0.006313 -0.005103
v -0.008531 -0.004857 -0.005259
v -0.007627 -0.005901 -0.005370
v -0.006897 -0.007039 -0.005300
v -0.007348 -0.006724 -0.005377
v -0.006383 -0.006935 -0.005147
v -0.005608 -0.008611 -0.004595
v -0.010264 -0.006668 -0.005544
v -0.010100 -0.006886 -0.005550
v -0.010581 -0.006228 -0.005554
v -0.010084 -0.006906 -0.005554
v -0.009651 -0.006821 -0.005339
v -0.014485 -0.006513 -0.005312
v -0.014091 -0.006189 -0.005280
v -0.013656 -0.004935 -0.004461
v -0.013963 -0.005799 -0.004957
v -0.012535 -0.005265 -0.005183
v -0.012781 -0.003534 -0.004377
v -0.012646 -0.004194 -0.004730
v -0.012162 -0.004584 -0.005054
v -0.011752 -0.005685 -0.005398
v -0.012347 -0.005109 -0.005167
v -0.011426 -0.005427 -0.005211
v -0.005761 -0.009466 -0.004425
v -0.006052 -0.010467 -0.003921
v -0.005711 -0.009791 -0.004168
v -0.005727 -0.010010 -0.003929
v -0.005710 -0.007471 -0.001170
v -0.005540 -0.006895 -0.000812
v -0.005569 -0.006587 -0.000470
v -0.005456 -0.009572 -0.003384
v -0.005128 -0.008770 -0.003317
v -0.005060 -0.008387 -0.002903
v -0.004888 -0.007440 -0.002309
v -0.004716 -0.006909 -0.002097
v -0.005159 -0.007491 -0.001891
v -0.004929 -0.007865 -0.002717
v -0.005765 -0.010195 -0.003696
v -0.005530 -0.009837 -0.003482
v -0.005862 -0.005639 0.001028
v -0.005869 -0.004877 0.002656
v -0.005364 -0.005690 0.000132
v -0.012223 -0.005031 0.004305
v -0.011569 -0.005446 0.004719
v -0.011376 -0.004918 0.004817
v -0.010243 -0.005647 0.005222
v -0.010681 -0.005318 0.005159
v -0.011129 -0.005383 0.004946
v -0.006909 -0.005262 0.004438
v -0.006053 -0.004826 0.003737
v -0.006276 -0.004957 0.004167
v -0.006756 -0.005140 0.004436
v -0.006116 -0.004970 0.003081
v -0.007990 -0.006117 0.004094
v -0.008941 -0.005810 0.005071
v -0.008748 -0.005918 0.004919
v -0.009221 -0.005604 0.005243
v -0.009114 -0.004671 0.005501
v -0.014899 -0.006498 -0.004770
v -0.014210 -0.005774 -0.004648
v -0.014519 -0.005884 -0.004124
v -0.014006 -0.005164 -0.004260
v -0.014557 -0.005530 -0.002599
v -0.014556 -0.005818 -0.002364
v -0.014298 -0.004767 -0.002877
v -0.013997 -0.004517 -0.003531
v -0.012304 -0.004784 0.004167
v -0.013974 -0.005066 -0.001250
v -0.014288 -0.005031 -0.001747
v -0.014544 -0.005439 -0.002278
v -0.014016 -0.004347 -0.001025
v -0.014068 -0.004823 -0.001364
v -0.014038 -0.004208 -0.001134
v -0.013865 -0.003556 -0.001129
v -0.013533 -0.003160 -0.000618
v -0.013249 -0.002874 -0.000390
v -0.012828 -0.002179 -0.000358
v -0.011458 -0.001501 0.000657
v -0.012004 -0.002582 0.001582
v -0.011997 -0.002688 0.001859
v -0.012063 -0.002734 0.001811
v -0.011701 -0.003566 0.003913
v -0.012121 -0.004306 0.004100
v -0.012031 -0.004225 0.004131
v -0.011522 -0.002747 0.002864
v -0.011310 -0.003047 0.003756
v -0.014010 -0.004007 -0.001075
v -0.009715 -0.006764 -0.005307
v -0.009541 -0.006322 -0.005095
v -0.009880 -0.005890 -0.005067
v -0.009736 -0.006116 -0.005037
v -0.009667 -0.005371 -0.004988
v -0.009390 -0.004783 -0.004997
v -0.009110 -0.004581 -0.005084
v -0.008361 -0.004721 -0.005262
v -0.008952 -0.004456 -0.005090
v -0.008722 -0.004638 -0.005162
v -0.007758 -0.004950 -0.005326
v -0.007590 -0.005167 -0.005338
v -0.007891 -0.004696 -0.005274
v -0.007215 -0.005566 -0.005352
v -0.006581 -0.005729 -0.005257
v -0.005631 -0.007605 -0.004676
v -0.005962 -0.006894 -0.004937
v -0.005459 -0.009216 -0.004195
v -0.005310 -0.008476 -0.004247
v -0.010068 -0.006417 -0.005176
v -0.010199 -0.006187 -0.005226
v -0.009881 -0.006626 -0.005220
v -0.010738 -0.005980 -0.005451
v -0.010409 -0.005891 -0.005239
v -0.010343 -0.005961 -0.005255
v -0.014092 -0.005698 -0.004718
v -0.013440 -0.003940 -0.003970
v -0.011813 -0.003961 -0.005074
v -0.012728 -0.001904 -0.003417
v -0.012407 -0.002482 -0.004233
v -0.012007 -0.002599 -0.004583
v -0.011804 -0.004131 -0.005104
v -0.012090 -0.004528 -0.005062
v -0.011954 -0.004785 -0.005134
v -0.011506 -0.005347 -0.005183
v -0.011785 -0.005002 -0.005149
v -0.010717 -0.005543 -0.005168
v -0.011462 -0.005079 -0.005101
v -0.011259 -0.004907 -0.005066
v -0.011098 -0.005127 -0.005068
v -0.005486 -0.009663 -0.003715
v -0.005494 -0.009680 -0.003687
v -0.005133 -0.007044 -0.001487
v -0.005132 -0.006644 -0.001108
v -0.005112 -0.006587 -0.001085
v -0.005302 -0.006287 -0.000545
v -0.005238 -0.005650 -0.000080
v -0.005252 -0.009060 -0.003746
v -0.005092 -0.008335 -0.003795
v -0.004931 -0.008021 -0.003045
v -0.004677 -0.006912 -0.002231
v -0.004780 -0.007366 -0.002525
v -0.004657 -0.006483 -0.001974
v -0.004631 -0.006873 -0.002334
v -0.004587 -0.006492 -0.002229
v -0.004840 -0.007562 -0.002896
v -0.005472 -0.004879 0.001416
v -0.005576 -0.005349 0.000962
v -0.005400 -0.004281 0.002173
v -0.005408 -0.004254 0.002301
v -0.005376 -0.004335 0.001881
v -0.005622 -0.004540 0.002872
v -0.005234 -0.005165 0.000318
v -0.005171 -0.005341 0.000024
v -0.011552 -0.004426 0.004568
v -0.011136 -0.004372 0.004837
v -0.011040 -0.004615 0.004948
v -0.009854 -0.004934 0.005431
v -0.010478 -0.004785 0.005243
v -0.009624 -0.004392 0.005468
v -0.007004 -0.005256 0.004560
v -0.006609 -0.004911 0.004570
v -0.005905 -0.004574 0.004171
v -0.005705 -0.004408 0.003735
v -0.006427 -0.004961 0.004372
v -0.006050 -0.004588 0.004378
v -0.006518 -0.004938 0.004475
v -0.007584 -0.005547 0.004747
v -0.008596 -0.005779 0.004986
v -0.007870 -0.005574 0.004867
v -0.008239 -0.005717 0.004915
v -0.008672 -0.005432 0.005217
v -0.008761 -0.005130 0.005319
v -0.009156 -0.004344 0.005545
v -0.008718 -0.004351 0.005507
v -0.013598 -0.003443 -0.003367
v -0.013334 -0.002887 -0.003390
v -0.014448 -0.005053 -0.002435
v -0.014186 -0.004631 -0.001604
v -0.014155 -0.004510 -0.001560
v -0.014000 -0.003777 -0.001611
v -0.013576 -0.002989 -0.002964
v -0.013712 -0.003015 -0.001871
v -0.014154 -0.004577 -0.001493
v -0.013393 -0.002468 -0.001077
v -0.013417 -0.002754 -0.000760
v -0.013129 -0.002239 -0.000776
v -0.012158 -0.001019 -0.000645
v -0.012798 -0.001612 -0.000959
v -0.011175 -0.001510 0.001167
v -0.010880 -0.001222 0.001368
v -0.010804 -0.000653 0.000629
v -0.010555 -0.000749 0.001346
v -0.011738 -0.002451 0.001977
v -0.011530 -0.002507 0.002467
v -0.010944 -0.003011 0.004111
v -0.010741 -0.003732 0.004738
v -0.011157 -0.002478 0.002987
v -0.010046 -0.005673 -0.005059
v -0.009680 -0.005359 -0.004979
v -0.009627 -0.004942 -0.004875
v -0.009496 -0.004522 -0.005005
v -0.009623 -0.004602 -0.004922
v -0.009145 -0.004248 -0.005036
v -0.008531 -0.004122 -0.005104
v -0.008728 -0.004275 -0.005090
v -0.008740 -0.003921 -0.005023
v -0.007060 -0.004336 -0.005110
v -0.007573 -0.004425 -0.005213
v -0.006899 -0.004555 -0.005110
v -0.008350 -0.003597 -0.004985
v -0.006578 -0.004994 -0.005107
v -0.006131 -0.005663 -0.005045
v -0.005785 -0.006370 -0.004809
v -0.005578 -0.006849 -0.004613
v -0.005182 -0.007817 -0.004188
v -0.010152 -0.005569 -0.005020
v -0.011669 -0.004224 -0.005193
v -0.011541 -0.004135 -0.005245
v -0.011282 -0.003586 -0.005273
v -0.011276 -0.003756 -0.005304
v -0.012429 -0.001895 -0.003828
v -0.012486 -0.001667 -0.003520
v -0.012922 -0.001868 -0.002934
v -0.012078 -0.000745 -0.002792
v -0.012264 -0.001970 -0.004041
v -0.011532 -0.001623 -0.004421
v -0.011423 -0.002178 -0.004768
v -0.010822 -0.002466 -0.005063
v -0.010898 -0.003304 -0.005377
v -0.011712 -0.004595 -0.005147
v -0.011563 -0.004814 -0.005105
v -0.010845 -0.005274 -0.005073
v -0.010569 -0.005032 -0.004991
v -0.010415 -0.005253 -0.004979
v -0.011382 -0.004674 -0.005131
v -0.010884 -0.004945 -0.005027
v -0.010822 -0.004568 -0.005109
v -0.004975 -0.006565 -0.001294
v -0.004843 -0.006530 -0.001504
v -0.004883 -0.006104 -0.001144
v -0.005114 -0.006095 -0.000689
v -0.005089 -0.005338 -0.000221
v -0.005039 -0.005735 -0.000569
v -0.005019 -0.007578 -0.003762
v -0.004915 -0.007715 -0.003266
v -0.004693 -0.007046 -0.002702
v -0.004837 -0.006505 -0.001495
v -0.004670 -0.006319 -0.001947
v -0.004643 -0.006180 -0.002197
v -0.004595 -0.006580 -0.002547
v -0.004744 -0.007117 -0.002824
v -0.005294 -0.004822 0.000944
v -0.005223 -0.004420 0.001070
v -0.005298 -0.003968 0.001709
v -0.005243 -0.004887 0.000666
v -0.005377 -0.004198 0.002204
v -0.005236 -0.003690 0.003276
v -0.005302 -0.003830 0.003503
v -0.005284 -0.003350 0.002730
v -0.005242 -0.003595 0.002998
v -0.005341 -0.003871 0.003595
v -0.005182 -0.004905 0.000404
v -0.005164 -0.005032 0.000092
v -0.005111 -0.004993 -0.000163
v -0.009891 -0.003656 0.005097
v -0.010033 -0.004412 0.005308
v -0.009803 -0.003930 0.005250
v -0.008792 -0.003727 0.005456
v -0.009127 -0.003659 0.005410
v -0.007177 -0.005222 0.004760
v -0.006820 -0.004816 0.004760
v -0.006521 -0.004535 0.004700
v -0.005868 -0.004484 0.004212
v -0.005788 -0.004483 0.003965
v -0.005624 -0.004046 0.004152
v -0.006358 -0.004818 0.004443
v -0.006249 -0.004510 0.004571
v -0.006381 -0.004431 0.004668
v -0.007769 -0.005478 0.004928
v -0.007378 -0.005144 0.004952
v -0.008422 -0.005618 0.005065
v -0.007783 -0.005470 0.004940
v -0.008028 -0.005321 0.005122
v -0.008031 -0.004922 0.005203
v -0.008698 -0.004707 0.005414
v -0.008656 -0.003955 0.005498
v -0.008405 -0.004116 0.005445
v -0.013394 -0.002546 -0.002764
v -0.013091 -0.002052 -0.002778
v -0.013526 -0.002580 -0.001671
v -0.012999 -0.001706 -0.002062
v -0.012145 -0.000883 -0.000798
v -0.012461 -0.001109 -0.001031
v -0.011773 -0.000500 -0.000794
v -0.012761 -0.001358 -0.002144
v -0.012433 -0.001022 -0.001155
v -0.011048 -0.001604 0.001760
v -0.010599 -0.000924 0.001578
v -0.010505 -0.001346 0.002429
v -0.010345 -0.000844 0.002039
v -0.010543 -0.000887 0.001619
v -0.010024 0.000008 0.000765
v -0.010268 -0.000638 0.001732
v -0.010758 -0.001896 0.002754
v -0.010050 -0.001809 0.003484
v -0.010071 -0.002024 0.003722
v -0.010436 -0.003201 0.004497
v -0.009933 -0.005186 -0.004812
v -0.009992 -0.004862 -0.004779
v -0.009724 -0.004672 -0.004876
v -0.009722 -0.004362 -0.005031
v -0.009647 -0.004306 -0.005049
v -0.009297 -0.004026 -0.005052
v -0.009254 -0.003990 -0.005046
v -0.008909 -0.003704 -0.005010
v -0.006739 -0.004038 -0.004952
v -0.007585 -0.003694 -0.005038
v -0.006906 -0.003822 -0.004943
v -0.006424 -0.004480 -0.004941
v -0.006581 -0.004259 -0.004948
v -0.008203 -0.003086 -0.004807
v -0.008781 -0.003594 -0.004980
v -0.008172 -0.003121 -0.004816
v -0.005841 -0.005377 -0.004836
v -0.005525 -0.006095 -0.004550
v -0.005607 -0.006523 -0.004604
v -0.011434 -0.004394 -0.005236
v -0.011148 -0.003853 -0.005379
v -0.011174 -0.004213 -0.005339
v -0.010990 -0.003739 -0.005427
v -0.012033 -0.001062 -0.003421
v -0.011877 -0.001068 -0.003625
v -0.011938 -0.000724 -0.003000
v -0.012416 -0.000933 -0.002147
v -0.011343 -0.000212 -0.002542
v -0.011625 -0.000247 -0.002127
v -0.011709 -0.001124 -0.003833
v -0.011111 -0.001322 -0.004405
v -0.011016 -0.001847 -0.004753
v -0.010614 -0.001890 -0.004820
v -0.009806 -0.002366 -0.005129
v -0.010486 -0.002973 -0.005375
v -0.010669 -0.003507 -0.005484
v -0.010711 -0.004804 -0.005024
v -0.010267 -0.004771 -0.004922
v -0.010105 -0.004959 -0.004803
v -0.010970 -0.004375 -0.005254
v -0.010210 -0.004425 -0.005111
v -0.010689 -0.004171 -0.005340
v -0.004785 -0.006085 -0.001376
v -0.004807 -0.005740 -0.001318
v -0.004937 -0.005711 -0.000799
v -0.005039 -0.005478 -0.000516
v -0.004970 -0.005378 -0.000749
v -0.005029 -0.005069 -0.000719
v -0.005270 -0.006086 -0.004020
v -0.005018 -0.006985 -0.003469
v -0.004809 -0.006873 -0.003028
v -0.004614 -0.006612 -0.002614
v -0.004712 -0.006091 -0.001629
v -0.004661 -0.006119 -0.001900
v -0.004715 -0.005999 -0.002202
v -0.004634 -0.006251 -0.002501
v -0.004738 -0.005988 -0.002507
v -0.005175 -0.004451 0.000797
v -0.005204 -0.004112 0.000851
v -0.005304 -0.003687 0.001470
v -0.005302 -0.003525 0.002093
v -0.005173 -0.004528 0.000489
v -0.005172 -0.004527 0.000488
v -0.005194 -0.003468 0.003348
v -0.005373 -0.003857 0.003750
v -0.005246 -0.003440 0.003617
v -0.005233 -0.003218 0.003082
v -0.005368 -0.002698 0.002816
v -0.005160 -0.004674 -0.000125
v -0.005125 -0.004798 -0.000719
v -0.009565 -0.002522 0.004419
v -0.008852 -0.003173 0.005084
v -0.008702 -0.002158 0.004500
v -0.008861 -0.003471 0.005311
v -0.008080 -0.003565 0.005217
v -0.008218 -0.003337 0.005179
v -0.007089 -0.004948 0.004868
v -0.006870 -0.004789 0.004801
v -0.006808 -0.004744 0.004782
v -0.006856 -0.004425 0.004821
v -0.006560 -0.004255 0.004736
v -0.005968 -0.004138 0.004520
v -0.005770 -0.004054 0.004359
v -0.005604 -0.003930 0.004189
v -0.005474 -0.003879 0.003980
v -0.006216 -0.004308 0.004632
v -0.006563 -0.004210 0.004744
v -0.007624 -0.004967 0.005111
v -0.007655 -0.004991 0.005116
v -0.007373 -0.004786 0.005030
v -0.008017 -0.005275 0.005138
v -0.007675 -0.004908 0.005121
v -0.012094 -0.000717 -0.001028
v -0.011730 -0.000405 -0.000947
v -0.011349 -0.000127 -0.001055
v -0.009619 0.000301 0.000643
v -0.010571 0.000013 -0.000273
v -0.012412 -0.000942 -0.001262
v -0.009265 -0.000287 0.002684
v -0.009666 -0.001203 0.003248
v -0.009594 -0.000301 0.002299
v -0.009161 0.000189 0.002068
v -0.009865 -0.000146 0.001583
v -0.009174 0.000460 0.001233
v -0.009002 0.000554 0.001059
v -0.009285 -0.001083 0.003497
v -0.008805 -0.001329 0.003978
v -0.010176 -0.004792 -0.004873
v -0.009954 -0.004536 -0.004983
v -0.009817 -0.004119 -0.005143
v -0.009650 -0.003321 -0.005274
v -0.009202 -0.003256 -0.005059
v -0.006490 -0.003767 -0.004672
v -0.006674 -0.003556 -0.004634
v -0.007714 -0.003005 -0.004663
v -0.007039 -0.003550 -0.004828
v -0.006007 -0.004424 -0.004672
v -0.006323 -0.003984 -0.004684
v -0.009023 -0.002732 -0.004936
v -0.009073 -0.002015 -0.004697
v -0.007923 -0.002804 -0.004582
v -0.008630 -0.001951 -0.004474
v -0.005484 -0.005345 -0.004467
v -0.005380 -0.005585 -0.004368
v -0.010981 -0.004071 -0.005390
v -0.010882 -0.003998 -0.005418
v -0.010599 -0.003793 -0.005503
v -0.011083 -0.000876 -0.004001
v -0.011620 -0.000446 -0.002819
v -0.012038 -0.000563 -0.001257
v -0.011192 -0.000208 -0.002748
v -0.010711 0.000118 -0.002102
v -0.011532 -0.000153 -0.001463
v -0.010842 0.000145 -0.001584
v -0.010603 -0.001158 -0.004367
v -0.009958 -0.001677 -0.004684
v -0.010232 -0.003231 -0.005464
v -0.010277 -0.003175 -0.005459
v -0.009473 -0.002799 -0.005147
v -0.010100 -0.003388 -0.005484
v -0.009634 -0.001988 -0.004852
v -0.010483 -0.003708 -0.005535
v -0.010195 -0.004715 -0.004925
v -0.010398 -0.003958 -0.005419
v -0.004768 -0.005780 -0.001597
v -0.004867 -0.005432 -0.001289
v -0.005119 -0.004871 -0.001026
v -0.004949 -0.005226 -0.001589
v -0.005212 -0.005343 -0.003950
v -0.005181 -0.005280 -0.003799
v -0.005057 -0.006121 -0.003390
v -0.005206 -0.005225 -0.003507
v -0.004694 -0.006364 -0.002755
v -0.005026 -0.006068 -0.003283
v -0.005042 -0.005657 -0.002985
v -0.005124 -0.005352 -0.002897
v -0.005212 -0.004280 0.000222
v -0.005269 -0.003890 0.000563
v -0.005367 -0.003462 0.001184
v -0.005374 -0.003390 0.001490
v -0.005904 -0.001925 0.002073
v -0.005320 -0.003148 0.003635
v -0.005234 -0.003140 0.003392
v -0.005501 -0.003538 0.004036
v -0.005354 -0.003470 0.003842
v -0.005458 -0.003207 0.003836
v -0.005370 -0.002590 0.003249
v -0.005407 -0.002290 0.003173
v -0.005419 -0.002329 0.003057
v -0.005327 -0.002866 0.003395
v -0.005799 -0.001739 0.002468
v -0.005254 -0.004639 -0.001057
v -0.008232 -0.002708 0.004957
v -0.008146 -0.000813 0.003930
v -0.007019 -0.002817 0.004813
v -0.007090 -0.004592 0.004903
v -0.006702 -0.003614 0.004786
v -0.007064 -0.002507 0.004803
v -0.007727 -0.002647 0.004973
v -0.006027 -0.003888 0.004537
v -0.005765 -0.004012 0.004371
v -0.006274 -0.003998 0.004663
v -0.005829 -0.003710 0.004396
v -0.005661 -0.003619 0.004220
v -0.010971 0.000095 -0.001376
v -0.010486 0.000122 -0.000495
v -0.009444 0.000398 0.000471
v -0.009203 0.000013 0.002301
v -0.008833 -0.000094 0.002791
v -0.009204 0.000012 0.002300
v -0.009203 0.000013 0.002300
v -0.008904 0.000235 0.002229
v -0.008728 0.000541 0.001512
v -0.008308 0.000533 0.001464
v -0.008217 0.000529 0.001222
v -0.008891 0.000586 0.000837
v -0.008425 -0.000455 0.003482
v -0.009982 -0.003623 -0.005411
v -0.006399 -0.003642 -0.004470
v -0.006657 -0.003534 -0.004599
v -0.006871 -0.003351 -0.004574
v -0.007245 -0.002864 -0.004217
v -0.007055 -0.003120 -0.004453
v -0.005545 -0.004632 -0.004207
v -0.006007 -0.003984 -0.004311
v -0.005681 -0.004403 -0.004249
v -0.009229 -0.001759 -0.004566
v -0.008178 -0.002252 -0.004344
v -0.007900 -0.002338 -0.004191
v -0.009374 -0.001010 -0.003907
v -0.008994 -0.000995 -0.003679
v -0.008444 -0.001704 -0.004087
v -0.005415 -0.004861 -0.004154
v -0.005313 -0.005124 -0.004139
v -0.010910 -0.000320 -0.003194
v -0.010704 -0.000667 -0.003836
v -0.010237 0.000043 -0.002520
v -0.010274 0.000269 -0.001518
v -0.010194 0.000191 -0.002076
v -0.010170 -0.001028 -0.004198
v -0.005775 -0.004010 -0.002411
v -0.005261 -0.004993 -0.003787
v -0.005320 -0.004973 -0.003523
v -0.005506 -0.003995 -0.000472
v -0.005282 -0.004104 0.000217
v -0.006163 -0.001977 0.001320
v -0.007270 -0.000031 0.001508
v -0.005909 -0.001483 0.002457
v -0.005604 -0.002986 0.003796
v -0.005439 -0.002899 0.003616
v -0.005807 -0.003398 0.004180
v -0.005625 -0.003296 0.004013
v -0.005398 -0.002569 0.003415
v -0.005619 -0.002056 0.003392
v -0.005481 -0.002285 0.003426
v -0.005532 -0.002048 0.003150
v -0.005538 -0.002094 0.002985
v -0.005468 -0.002827 0.003615
v -0.005679 -0.001868 0.002950
v -0.005867 -0.001382 0.002721
v -0.005658 -0.003783 -0.000527
v -0.005978 -0.003515 -0.001198
v -0.007816 -0.002081 0.004744
v -0.008178 -0.000268 0.003436
v -0.007902 -0.000614 0.003820
v -0.007874 -0.000618 0.003836
v -0.007798 -0.001156 0.004217
v -0.006807 -0.003017 0.004726
v -0.006363 -0.003410 0.004517
v -0.006413 -0.003115 0.004471
v -0.007195 -0.002271 0.004776
v -0.006739 -0.002628 0.004675
v -0.006457 -0.002154 0.004281
v -0.006676 -0.001956 0.004380
v -0.007465 -0.002146 0.004749
v -0.006174 -0.003609 0.004509
v -0.005985 -0.003499 0.004348
v -0.009453 0.000359 -0.001015
v -0.008934 0.000562 0.000511
v -0.008741 0.000249 0.002328
v -0.008498 0.000275 0.002476
v -0.008511 0.000471 0.001920
v -0.008382 0.000522 0.001713
v -0.007679 0.000335 0.001498
v -0.007929 0.000410 0.001956
v -0.007479 0.000247 0.001892
v -0.008163 0.000504 0.000954
v -0.007917 0.000394 0.001075
v -0.008822 0.000576 0.000580
v -0.006012 -0.003968 -0.004235
v -0.006593 -0.003390 -0.004237
v -0.006395 -0.003559 -0.004156
v -0.006805 -0.003236 -0.004330
v -0.007064 -0.002970 -0.003838
v -0.005666 -0.004375 -0.004191
v -0.005529 -0.004607 -0.004159
v -0.008198 -0.001825 -0.003973
v -0.007125 -0.002425 -0.002876
v -0.009787 -0.000528 -0.003444
v -0.010206 -0.000582 -0.003707
v -0.008424 -0.001158 -0.003377
v -0.008863 -0.000289 -0.002276
v -0.008400 -0.000449 -0.002036
v -0.008173 -0.001245 -0.003140
v -0.008226 -0.001560 -0.003639
v -0.005396 -0.004900 -0.004141
v -0.005410 -0.004854 -0.004140
v -0.010279 -0.000212 -0.003094
v -0.009849 -0.000170 -0.002832
v -0.009531 -0.000036 -0.002322
v -0.009144 0.000165 -0.001463
v -0.006436 -0.003045 -0.002010
v -0.006654 -0.003190 -0.003257
v -0.005467 -0.004752 -0.003563
v -0.005945 -0.004050 -0.003403
v -0.005797 -0.004270 -0.003362
v -0.005550 -0.004548 -0.003864
v -0.005971 -0.002994 0.000042
v -0.007228 -0.000632 0.000384
v -0.007326 -0.000284 0.000694
v -0.007241 -0.000659 0.000322
v -0.007275 -0.000759 0.000035
v -0.007441 0.000127 0.001301
v -0.007101 -0.000067 0.002198
v -0.006794 -0.000440 0.002152
v -0.006227 -0.000864 0.002693
v -0.006002 -0.001154 0.002677
v -0.005983 -0.003208 0.004115
v -0.005723 -0.002737 0.003778
v -0.006086 -0.002944 0.004110
v -0.005625 -0.002351 0.003622
v -0.005758 -0.002117 0.003592
v -0.005799 -0.001870 0.003324
v -0.005690 -0.001839 0.003101
v -0.005848 -0.001343 0.002816
v -0.005815 -0.001597 0.003078
v -0.005977 -0.001104 0.002790
v -0.007911 -0.000112 0.003331
v -0.008012 0.000108 0.003022
v -0.007693 0.000061 0.003201
v -0.007883 -0.000339 0.003594
v -0.007116 -0.000671 0.003977
v -0.006982 -0.001192 0.004242
v -0.007150 -0.000993 0.004185
v -0.006252 -0.003032 0.004288
v -0.006067 -0.002269 0.003967
v -0.006521 -0.001543 0.004146
v -0.006833 -0.001409 0.004285
v -0.009087 0.000281 -0.001111
v -0.008775 0.000385 -0.000316
v -0.008312 0.000383 0.002314
v -0.007831 0.000210 0.002856
v -0.007865 0.000385 0.002283
v -0.007889 0.000333 0.000785
v -0.007602 0.000282 0.002416
v -0.008200 0.000148 -0.000321
v -0.008440 0.000434 0.000187
v -0.005704 -0.004334 -0.003910
v -0.007583 -0.001704 -0.002701
v -0.007349 -0.001996 -0.002624
v -0.007258 -0.002120 -0.002623
v -0.008897 -0.000134 -0.001969
v -0.008016 -0.000828 -0.002000
v -0.008390 -0.000409 -0.001912
v -0.007884 -0.001191 -0.002476
v -0.008567 -0.000090 -0.001470
v -0.007251 -0.002105 -0.002589
v -0.007371 -0.001779 -0.002297
v -0.007383 -0.001027 -0.000674
v -0.007402 -0.000440 0.000321
v -0.007557 -0.000219 0.000311
v -0.007434 -0.000551 -0.000016
v -0.007114 0.000038 0.002653
v -0.006525 -0.000473 0.002893
v -0.006157 -0.000918 0.002723
v -0.006339 -0.000653 0.002966
v -0.005802 -0.002449 0.003791
v -0.006167 -0.001713 0.003730
v -0.006072 -0.001697 0.003495
v -0.005946 -0.001650 0.003284
v -0.006022 -0.001071 0.003065
v -0.006168 -0.000850 0.003025
v -0.007627 -0.000161 0.003488
v -0.007438 -0.000050 0.003328
v -0.007286 0.000023 0.003138
v -0.006922 -0.000844 0.004055
v -0.006796 -0.000507 0.003611
v -0.006751 -0.000750 0.003881
v -0.007258 -0.000224 0.003446
v -0.006634 -0.001289 0.004132
v -0.006482 -0.001215 0.003943
v -0.008451 0.000264 -0.000444
v -0.007698 0.000265 0.002651
v -0.007177 0.000054 0.002914
v -0.008059 -0.000235 -0.000907
v -0.007563 -0.000234 0.000270
v -0.007817 -0.000280 -0.000479
v -0.008257 -0.000067 -0.000989
v -0.008356 -0.000325 -0.001690
v -0.008195 -0.000610 -0.001949
v -0.007990 -0.000772 -0.001862
v -0.008092 -0.000347 -0.001244
v -0.007709 -0.000633 -0.000837
v -0.007695 -0.000605 -0.000770
v -0.006578 -0.000447 0.003162
v -0.006411 -0.000647 0.003219
v -0.006259 -0.000862 0.003264
v -0.007058 -0.000115 0.003243
v -0.006605 -0.000972 0.003921
v -0.007834 -0.000477 -0.000825
v -0.008288 -0.000235 -0.001337
v -0.008140 -0.000475 -0.001594
vn -0.4763 -0.7300 0.4901
vn -0.6419 -0.5932 0.4859
vn -0.5067 -0.7307 0.4575
vn -0.3973 -0.7808 0.4821
vn -0.7334 -0.6161 0.2872
vn -0.4992 -0.7746 0.3883
vn -0.5259 -0.5618 0.6386
vn -0.5483 -0.4379 0.7125
vn -0.7926 -0.4840 0.3708
vn -0.7084 -0.4225 0.5654
vn -0.8085 -0.5359 0.2432
vn -0.5563 -0.6535 0.5133
vn -0.3388 -0.8572 0.3879
vn -0.3243 -0.8070 0.4936
vn -0.2815 -0.8292 0.4829
vn -0.2092 -0.9174 0.3386
vn -0.5636 -0.8209 0.0918
vn -0.4052 -0.8050 0.4334
vn -0.7879 -0.6152 -0.0271
vn -0.6276 -0.7733 0.0905
vn -0.5585 -0.8113 0.1728
vn -0.5501 -0.5353 0.6410
vn -0.6054 -0.4285 0.6708
vn -0.2673 -0.3468 0.8991
vn -0.4518 -0.4608 0.7639
vn -0.5475 -0.4681 0.6937
vn -0.7866 -0.4239 0.4489
vn -0.9164 -0.3869 0.1023
vn -0.8658 -0.4957 -0.0689
vn -0.9465 -0.3220 -0.0232
vn -0.7511 -0.6293 0.1996
vn -0.5912 -0.7143 0.3746
vn -0.7484 -0.5751 0.3304
vn -0.6718 -0.5211 0.5264
vn -0.1625 -0.9035 0.3966
vn -0.5947 -0.7623 0.2553
vn -0.5081 -0.7564 0.4120
vn -0.3798 -0.8927 0.2427
vn -0.1599 -0.9432 0.2912
vn -0.1685 -0.9432 0.2863
vn 0.1188 -0.9614 0.2481
vn -0.2590 -0.9404 0.2204
vn -0.4674 -0.8468 0.2540
vn -0.3736 -0.8290 0.4161
vn -0.2037 -0.9789 -0.0152
vn -0.2159 -0.9575 0.1912
vn -0.6704 -0.7334 -0.1125
vn -0.7594 -0.6471 0.0672
vn -0.6756 -0.7371 0.0161
vn -0.6229 -0.7789 -0.0734
vn -0.5551 -0.4767 0.6816
vn -0.6845 -0.4134 0.6004
vn -0.5870 -0.3853 0.7120
vn -0.5096 -0.4226 0.7495
vn -0.8623 -0.3546 0.3615
vn -0.9189 -0.3621 0.1567
vn -0.9370 -0.3407 0.0774
vn -0.9362 -0.3457 0.0634
vn -0.9680 -0.2273 0.1067
vn -0.8990 -0.4322 -0.0712
vn -0.9413 -0.3370 0.0202
vn -0.8556 -0.4943 0.1536
vn -0.9274 -0.3671 0.0717
vn -0.6910 -0.7213 0.0475
vn -0.8765 -0.4803 0.0324
vn -0.7942 -0.5872 -0.1564
vn -0.7823 -0.4769 0.4008
vn -0.9158 -0.3549 0.1879
vn -0.8095 -0.4026 0.4273
vn -0.0226 -0.9094 0.4154
vn -0.7069 -0.7032 -0.0756
vn -0.6912 -0.7202 0.0591
vn -0.6226 -0.7403 0.2535
vn -0.5641 -0.8251 0.0304
vn -0.4089 -0.9034 -0.1290
vn -0.2736 -0.9532 0.1287
vn -0.1515 -0.9700 0.1904
vn -0.0643 -0.9923 0.1059
vn -0.2109 -0.9765 0.0439
vn 0.3100 -0.9264 0.2136
vn 0.3789 -0.9187 0.1113
vn 0.2619 -0.9593 0.1059
vn 0.0243 -0.9850 0.1706
vn -0.4847 -0.8596 -0.1621
vn 0.1030 -0.9917 0.0767
vn 0.0765 -0.9878 -0.1354
vn -0.1344 -0.9710 -0.1976
vn -0.4901 -0.7859 0.3770
vn -0.7699 -0.6378 0.0203
vn -0.5830 -0.7724 0.2519
vn -0.6035 -0.7458 0.2821
vn -0.5700 -0.7980 -0.1956
vn -0.4189 -0.8776 0.2333
vn -0.4176 -0.8227 0.3856
vn -0.5178 -0.8539 -0.0517
vn -0.4323 -0.8873 -0.1604
vn -0.7347 -0.3924 0.5534
vn -0.8591 -0.3429 0.3800
vn -0.8490 -0.2644 0.4575
vn -0.7618 -0.2999 0.5742
vn -0.5006 -0.3951 0.7703
vn -0.4608 -0.3789 0.8026
vn -0.5542 -0.3902 0.7353
vn -0.7125 -0.3944 0.5804
vn -0.8815 -0.3172 0.3499
vn -0.9682 -0.1611 0.1914
vn -0.8608 -0.3586 0.3611
vn -0.8453 -0.4760 0.2428
vn -0.9570 -0.2716 0.1020
vn -0.8862 -0.3773 0.2689
vn -0.8493 -0.5270 -0.0307
vn -0.6872 -0.6715 0.2771
vn -0.6750 -0.5900 0.4431
vn -0.6328 -0.6096 0.4774
vn -0.7430 -0.6066 -0.2827
vn -0.9628 -0.2699 0.0132
vn -0.8818 -0.4112 -0.2310
vn -0.7699 -0.4449 -0.4576
vn -0.8473 -0.3757 0.3755
vn 0.1383 -0.9571 0.2545
vn -0.6936 -0.5806 -0.4264
vn -0.6957 -0.6550 -0.2949
vn -0.6735 -0.7216 -0.1604
vn -0.5537 -0.7383 -0.3851
vn -0.3431 -0.7815 -0.5211
vn -0.3160 -0.8825 -0.3484
vn -0.3764 -0.8810 -0.2866
vn -0.0908 -0.9880 -0.1249
vn -0.0179 -0.8937 -0.4484
vn 0.1853 -0.9786 -0.0899
vn 0.0206 -0.9508 -0.3091
vn -0.2014 -0.9143 -0.3513
vn 0.3979 -0.9066 0.1405
vn 0.5982 -0.7988 -0.0642
vn 0.4911 -0.8585 -0.1478
vn 0.5740 -0.8128 -0.0988
vn 0.2882 -0.9399 -0.1829
vn 0.1324 -0.9883 -0.0758
vn 0.0300 -0.9993 -0.0217
vn -0.1927 -0.9802 0.0462
vn -0.1727 -0.8319 0.5273
vn -0.3635 -0.7783 0.5120
vn -0.0487 -0.7836 0.6194
vn -0.6434 -0.7442 0.1796
vn -0.3838 -0.8248 0.4153
vn -0.1640 -0.7715 0.6147
vn -0.3813 -0.9237 0.0367
vn -0.2668 -0.8754 0.4032
vn -0.2353 -0.9356 0.2632
vn -0.0996 -0.8913 0.4424
vn -0.9721 -0.1866 0.1422
vn -0.9948 -0.0932 0.0406
vn -0.9515 -0.1506 0.2683
vn -0.9751 -0.0552 0.2147
vn -0.9266 -0.1168 0.3574
vn -0.6003 -0.3625 0.7129
vn -0.8174 -0.1941 0.5423
vn -0.4876 -0.4204 0.7652
vn -0.5975 -0.3999 0.6950
vn -0.8129 -0.3812 0.4403
vn -0.6351 -0.4065 0.6569
vn -0.9692 -0.1496 0.1958
vn -0.9837 -0.1029 0.1474
vn -0.6168 -0.5341 0.5782
vn -0.6922 -0.5356 0.4837
vn -0.8846 -0.3926 0.2518
vn -0.9111 -0.2549 0.3238
vn -0.5038 -0.6639 0.5526
vn -0.4453 -0.6370 0.6292
vn -0.2487 -0.6319 0.7341
vn -0.3857 -0.6119 0.6906
vn -0.6773 -0.4732 -0.5634
vn -0.9434 -0.2449 -0.2238
vn -0.9494 -0.0267 -0.3130
vn -0.9846 -0.1007 -0.1430
vn -0.9360 -0.2804 0.2127
vn -0.9705 -0.2173 0.1046
vn -0.8322 -0.2300 -0.5046
vn -0.6304 -0.3149 -0.7095
vn 0.1816 -0.9830 0.0265
vn -0.5890 -0.5205 -0.6181
vn -0.5904 -0.6119 -0.5264
vn -0.4460 -0.5710 -0.6892
vn -0.2401 -0.5783 -0.7797
vn -0.2697 -0.6811 -0.6807
vn -0.3537 -0.7023 -0.6178
vn -0.0741 -0.7230 -0.6868
vn -0.0097 -0.7326 -0.6806
vn 0.0451 -0.6542 -0.7550
vn 0.2114 -0.8196 -0.5325
vn 0.3811 -0.9181 -0.1090
vn 0.5569 -0.7945 -0.2423
vn 0.6118 -0.6810 -0.4025
vn 0.6344 -0.7208 -0.2791
vn 0.6431 -0.7570 -0.1156
vn 0.5243 -0.8484 -0.0722
vn 0.5935 -0.7826 -0.1879
vn 0.4951 -0.8616 -0.1116
vn 0.5747 -0.8180 -0.0241
vn 0.2426 -0.9654 0.0955
vn 0.5354 -0.8317 -0.1470
vn 0.5032 -0.8642 -0.0070
vn 0.2562 -0.9304 0.2621
vn 0.1858 -0.9304 0.3159
vn -0.0104 -0.9443 0.3288
vn -0.1058 -0.9330 0.3439
vn -0.0980 -0.7568 0.6463
vn 0.1256 -0.8549 0.5033
vn 0.1694 -0.7723 0.6123
vn 0.1321 -0.7449 0.6540
vn -0.3090 -0.7430 0.5937
vn 0.0776 -0.6951 0.7147
vn -0.0582 -0.6699 0.7402
vn -0.9968 -0.0221 -0.0766
vn -0.9902 0.0360 -0.1350
vn -0.9992 0.0093 0.0388
vn -0.9911 0.0234 -0.1308
vn -0.9541 0.0431 0.2962
vn -0.9740 0.1274 0.1873
vn -0.7155 -0.2264 0.6609
vn -0.5330 -0.3520 0.7694
vn -0.8613 -0.0725 0.5028
vn -0.5258 -0.3766 0.7627
vn -0.7653 -0.3664 0.5292
vn -0.9286 -0.2684 0.2563
vn -0.7705 -0.1541 0.6186
vn -0.9733 -0.1364 0.1844
vn -0.9508 -0.0900 0.2966
vn -0.9455 -0.1024 0.3092
vn -0.3102 -0.6441 0.6992
vn -0.7311 -0.4621 0.5020
vn -0.3453 -0.5830 0.7354
vn -0.5794 -0.4924 0.6494
vn -0.6413 -0.3994 0.6551
vn -0.8173 -0.2454 0.5214
vn -0.1847 -0.6781 0.7114
vn -0.8781 -0.0017 -0.4784
vn -0.8837 0.0534 -0.4651
vn -0.9599 0.0435 -0.2769
vn -0.6505 -0.1603 -0.7424
vn -0.7742 0.0210 -0.6325
vn -0.5159 -0.3149 -0.7967
vn -0.4650 -0.1737 -0.8681
vn -0.4581 -0.0785 -0.8855
vn 0.2391 -0.8994 -0.3659
vn -0.4606 -0.4672 -0.7547
vn -0.3001 -0.4095 -0.8615
vn -0.2373 -0.2929 -0.9262
vn -0.2291 -0.4363 -0.8701
vn -0.0134 -0.3681 -0.9297
vn 0.0435 -0.5162 -0.8554
vn 0.1015 -0.2899 -0.9516
vn 0.1908 -0.4471 -0.8739
vn 0.1637 -0.6095 -0.7757
vn 0.4235 -0.7193 -0.5507
vn 0.5007 -0.5525 -0.6664
vn 0.4878 -0.4574 -0.7435
vn 0.3993 -0.6146 -0.6803
vn 0.5041 -0.7563 -0.4170
vn 0.5232 -0.8384 -0.1530
vn 0.5283 -0.8351 0.1532
vn 0.3956 -0.9177 -0.0368
vn 0.6350 -0.7660 0.1003
vn 0.6262 -0.7734 0.0986
vn 0.6493 -0.7580 0.0628
vn 0.6033 -0.7936 0.0793
vn 0.4590 -0.8755 -0.1509
vn 0.2405 -0.8225 0.5154
vn 0.3714 -0.8751 0.3101
vn 0.3992 -0.8088 0.4319
vn 0.2757 -0.7610 0.5872
vn 0.1678 -0.6492 0.7418
vn 0.3627 -0.6674 0.6504
vn 0.3209 -0.7152 0.6209
vn -0.1594 -0.6480 0.7448
vn -0.0614 -0.5792 0.8129
vn -0.9516 0.1120 -0.2862
vn -0.9931 0.0955 -0.0675
vn -0.8982 0.0801 0.4323
vn -0.9510 0.1905 0.2436
vn -0.9820 0.1856 0.0342
vn -0.8088 -0.2912 0.5109
vn -0.9518 -0.1924 0.2390
vn -0.8014 -0.2151 0.5581
vn -0.9614 -0.1127 0.2511
vn -0.9126 -0.0722 0.4025
vn -0.9068 -0.1184 0.4046
vn -0.8248 -0.1779 0.5367
vn -0.9410 -0.1342 0.3106
vn -0.3921 -0.5116 0.7645
vn -0.2434 -0.4826 0.8414
vn -0.3625 -0.4651 0.8076
vn -0.5080 -0.3871 0.7694
vn -0.7174 -0.2345 0.6560
vn -0.8321 0.0306 -0.5538
vn -0.8869 0.0384 -0.4603
vn -0.6977 -0.0010 -0.7164
vn -0.2537 -0.1559 -0.9546
vn -0.2701 -0.2420 -0.9319
vn -0.3307 -0.3263 -0.8855
vn -0.2595 -0.0653 -0.9635
vn -0.4759 0.0819 -0.8756
vn -0.2260 0.0399 -0.9733
vn -0.1176 -0.1019 -0.9878
vn -0.0350 -0.1713 -0.9846
vn 0.0577 -0.1352 -0.9891
vn -0.0741 -0.2532 -0.9646
vn 0.1978 -0.0918 -0.9759
vn 0.2468 -0.2346 -0.9402
vn 0.3527 -0.4055 -0.8433
vn 0.3581 -0.2440 -0.9012
vn 0.4997 -0.4391 -0.7466
vn 0.3546 -0.3033 -0.8844
vn 0.3750 -0.3336 -0.8649
vn 0.2265 -0.4147 -0.8813
vn 0.2314 -0.5476 -0.8041
vn 0.4350 -0.6408 -0.6325
vn 0.4595 -0.7853 -0.4148
vn 0.6180 -0.7843 0.0540
vn 0.5152 -0.7865 0.3407
vn 0.3997 -0.7605 0.5118
vn 0.6588 -0.7376 0.1478
vn 0.6965 -0.7156 0.0534
vn 0.6498 -0.7399 0.1740
vn 0.5418 -0.8045 -0.2433
vn 0.6374 -0.7687 -0.0532
vn 0.5581 -0.7099 -0.4295
vn 0.1152 -0.5619 0.8192
vn 0.4039 -0.6068 0.6846
vn 0.2856 -0.6153 0.7347
vn 0.2778 -0.5316 0.8001
vn 0.5914 -0.6428 0.4869
vn 0.5256 -0.5825 0.6200
vn 0.4479 -0.7036 0.5517
vn -0.1662 -0.4691 0.8673
vn 0.0627 -0.4966 0.8657
vn -0.7765 0.0661 -0.6267
vn -0.9299 0.2868 -0.2304
vn -0.9433 0.2048 -0.2613
vn -0.8453 0.1544 -0.5116
vn -0.9611 0.1674 -0.2196
vn -0.9200 0.1684 0.3538
vn -0.8852 -0.0263 0.4645
vn -0.9296 0.3661 0.0425
vn -0.9538 0.2723 0.1270
vn -0.9247 0.2849 0.2524
vn -0.9338 0.3304 -0.1376
vn -0.7723 -0.1549 0.6161
vn -0.9480 0.0238 0.3173
vn -0.8827 0.1120 0.4565
vn -0.8577 -0.1794 0.4818
vn -0.6431 -0.2959 0.7063
vn -0.9075 -0.1417 0.3953
vn -0.3491 -0.4030 0.8460
vn -0.6633 0.1082 -0.7405
vn -0.7388 0.0297 -0.6733
vn -0.0582 0.0114 -0.9982
vn -0.0177 0.0402 -0.9990
vn -0.2793 0.0927 -0.9557
vn -0.2469 0.1013 -0.9637
vn 0.0631 -0.0094 -0.9980
vn 0.1478 -0.0067 -0.9890
vn 0.2241 -0.0157 -0.9744
vn 0.2137 -0.0189 -0.9767
vn 0.2819 -0.1500 -0.9476
vn 0.1842 -0.0485 -0.9817
vn 0.1955 -0.0577 -0.9790
vn 0.2250 -0.1670 -0.9599
vn 0.1510 -0.3963 -0.9056
vn 0.1915 -0.1890 -0.9631
vn 0.2804 -0.3587 -0.8903
vn 0.2008 -0.3104 -0.9292
vn 0.3916 -0.3440 -0.8534
vn 0.5281 -0.5752 -0.6247
vn 0.6650 -0.7156 0.2137
vn 0.7672 -0.6382 0.0646
vn 0.7298 -0.6819 0.0499
vn 0.7493 -0.6610 0.0401
vn 0.6672 -0.7441 0.0345
vn 0.6962 -0.6466 0.3118
vn 0.6150 -0.7240 0.3124
vn 0.5076 -0.5621 -0.6530
vn 0.5953 -0.7270 -0.3421
vn 0.6869 -0.6732 -0.2736
vn 0.3956 -0.5333 0.7478
vn 0.5465 -0.5679 0.6155
vn 0.6072 -0.5647 0.5590
vn 0.5643 -0.5203 0.6411
vn 0.5020 -0.5093 0.6990
vn 0.3109 -0.4931 0.8125
vn 0.7285 -0.5486 0.4103
vn -0.1955 -0.4239 0.8844
vn 0.3416 -0.4692 0.8144
vn 0.2965 -0.4553 0.8395
vn 0.0147 -0.4487 0.8936
vn 0.1845 -0.4226 0.8873
vn -0.5428 0.0587 -0.8378
vn -0.8920 0.3542 -0.2808
vn -0.9272 0.3444 -0.1475
vn -0.9502 0.3062 0.0584
vn -0.9023 0.2717 -0.3347
vn -0.9592 0.2283 -0.1669
vn -0.9667 0.2422 -0.0825
vn -0.6574 0.1468 -0.7391
vn -0.9132 0.3083 0.2664
vn -0.9211 0.2160 0.3238
vn -0.7765 -0.2630 0.5726
vn -0.8455 -0.0388 0.5326
vn -0.8242 0.5410 -0.1675
vn -0.8059 0.5919 -0.0122
vn -0.8972 0.4163 0.1478
vn -0.8306 0.5569 0.0062
vn -0.8981 0.4305 0.0898
vn -0.8975 0.4245 0.1198
vn -0.8870 0.4609 0.0268
vn -0.8581 0.5134 0.0004
vn -0.7893 0.0155 0.6138
vn -0.7291 -0.2918 0.6191
vn -0.9168 0.0241 0.3986
vn -0.9139 0.1616 0.3725
vn -0.9566 0.1960 0.2158
vn -0.9058 0.2025 0.3723
vn -0.8588 -0.1327 0.4949
vn -0.8657 -0.0938 0.4916
vn -0.7071 -0.2755 0.6512
vn -0.4651 -0.3586 0.8094
vn 0.1503 0.0292 -0.9882
vn 0.1170 -0.0560 -0.9916
vn -0.0318 0.0345 -0.9989
vn -0.0215 0.0580 -0.9981
vn -0.0932 -0.0897 -0.9916
vn -0.1751 0.0371 -0.9839
vn 0.1002 -0.1384 -0.9853
vn 0.0870 -0.1347 -0.9871
vn 0.1110 -0.1952 -0.9745
vn 0.3503 -0.2896 -0.8907
vn 0.4248 -0.4022 -0.8110
vn 0.4450 -0.3707 -0.8152
vn 0.3253 -0.2682 -0.9068
vn 0.7968 -0.4506 0.4025
vn 0.8270 -0.5268 0.1966
vn 0.7400 -0.5335 0.4097
vn 0.6940 -0.7184 -0.0466
vn 0.6342 -0.7474 0.1981
vn 0.6525 -0.6650 0.3635
vn 0.7475 -0.4225 0.5125
vn 0.5529 -0.6458 -0.5265
vn 0.5199 -0.4449 -0.7292
vn 0.6540 -0.5791 -0.4867
vn 0.7300 -0.6085 -0.3111
vn 0.4323 -0.4704 0.7693
vn 0.5629 -0.6567 0.5019
vn 0.5705 -0.4538 0.6846
vn 0.6336 -0.4922 0.5969
vn 0.7083 -0.4492 0.5445
vn 0.7628 -0.4704 0.4437
vn 0.6550 -0.3965 0.6432
vn -0.3423 -0.3194 0.8836
vn -0.1255 -0.3779 0.9173
vn -0.0566 -0.4197 0.9059
vn 0.4793 -0.4202 0.7705
vn 0.3272 -0.4102 0.8513
vn 0.1075 -0.4072 0.9070
vn -0.4202 0.0849 -0.9035
vn -0.7791 0.5803 -0.2372
vn -0.9538 0.2937 0.0640
vn -0.8926 0.4499 0.0298
vn -0.9032 0.3949 0.1684
vn -0.7293 0.6798 -0.0773
vn -0.7289 0.1609 -0.6655
vn -0.9331 0.2284 -0.2778
vn -0.8148 0.2185 -0.5370
vn -0.8521 0.2549 -0.4572
vn -0.8878 0.3003 -0.3488
vn -0.8931 0.2573 0.3691
vn -0.9393 0.0407 0.3407
vn -0.7105 -0.2906 0.6409
vn -0.8927 0.1684 0.4181
vn -0.8606 -0.0413 0.5076
vn -0.6682 0.7397 -0.0798
vn -0.5861 0.7908 -0.1767
vn -0.7543 0.6407 -0.1432
vn -0.8192 0.5629 -0.1100
vn -0.7451 0.6316 -0.2143
vn -0.9000 0.3406 0.2722
vn -0.8660 0.4902 0.0988
vn -0.7972 0.5831 -0.1562
vn -0.6804 0.6803 -0.2726
vn -0.5438 0.7703 -0.3331
vn -0.8829 -0.0280 0.4686
vn -0.9577 0.1746 0.2287
vn -0.7464 -0.4257 0.5115
vn -0.8696 -0.3760 0.3201
vn -0.9582 0.0378 0.2837
vn -0.9821 0.1579 0.1027
vn -0.9952 -0.0387 0.0896
vn -0.8267 -0.2240 0.5162
vn -0.7000 -0.2511 0.6685
vn -0.4971 -0.2734 0.8235
vn -0.1014 0.0271 -0.9945
vn -0.1041 0.0248 -0.9943
vn -0.0142 -0.0123 -0.9998
vn -0.0404 -0.1365 -0.9898
vn -0.1273 -0.1018 -0.9866
vn -0.1630 -0.1459 -0.9758
vn -0.0615 -0.1444 -0.9876
vn 0.0450 -0.1257 -0.9910
vn -0.0261 -0.0981 -0.9948
vn -0.0998 0.0267 -0.9946
vn -0.2070 0.0652 -0.9762
vn 0.0574 -0.2005 -0.9780
vn 0.1176 -0.1818 -0.9763
vn 0.1492 -0.1519 -0.9771
vn 0.1561 -0.1437 -0.9772
vn 0.2028 -0.1608 -0.9659
vn 0.3595 -0.2397 -0.9018
vn 0.7623 -0.4022 0.5071
vn 0.7350 -0.6611 0.1504
vn 0.7325 -0.6730 -0.1031
vn 0.7422 -0.5394 0.3977
vn 0.6859 -0.5192 0.5099
vn 0.6715 -0.5643 0.4802
vn 0.6930 -0.5090 0.5105
vn 0.7188 -0.4056 0.5646
vn 0.7210 -0.3973 0.5677
vn 0.7291 -0.3708 0.5753
vn 0.5714 -0.4344 -0.6963
vn 0.7096 -0.5312 -0.4629
vn 0.5210 -0.4292 0.7378
vn 0.6222 -0.3895 0.6790
vn 0.7205 -0.3742 0.5838
vn -0.6223 -0.2189 0.7516
vn -0.5640 -0.1110 0.8183
vn -0.2242 -0.3379 0.9141
vn -0.3525 -0.2576 0.8997
vn -0.2023 -0.2890 0.9357
vn 0.0296 -0.3839 0.9229
vn 0.4636 -0.4439 0.7668
vn 0.2507 -0.4215 0.8715
vn 0.1289 -0.4013 0.9069
vn 0.0869 -0.3817 0.9202
vn -0.5497 0.1422 -0.8232
vn -0.3632 0.1102 -0.9252
vn -0.9103 0.3245 -0.2569
vn -0.9042 0.3683 0.2162
vn -0.9006 0.3987 -0.1729
vn -0.8016 0.5931 -0.0749
vn -0.8319 0.5168 0.2020
vn -0.6712 0.7392 0.0556
vn -0.5986 0.2022 -0.7751
vn -0.6754 0.2669 -0.6875
vn -0.8964 0.2889 0.3363
vn -0.8026 -0.2261 0.5519
vn -0.8704 0.0747 0.4866
vn -0.5179 0.8521 0.0757
vn -0.3606 0.9270 -0.1030
vn -0.3375 0.8498 -0.4048
vn -0.6700 0.6377 -0.3801
vn -0.5078 0.7247 -0.4658
vn -0.5431 0.6297 -0.5554
vn -0.5424 0.6877 -0.4825
vn -0.8311 0.5555 -0.0256
vn -0.8736 0.2985 0.3843
vn -0.8763 0.4126 0.2487
vn -0.8365 0.4387 -0.3285
vn -0.6657 0.5210 -0.5342
vn -0.4401 0.6548 -0.6145
vn -0.3531 0.7738 -0.5258
vn -0.3257 0.8555 -0.4026
vn -0.9887 -0.0719 0.1314
vn -0.9034 -0.2206 0.3677
vn -0.9714 -0.1640 0.1718
vn -0.9803 0.1623 0.1127
vn -0.9987 -0.0044 0.0504
vn -0.9420 -0.0306 0.3343
vn -0.8675 -0.1565 0.4721
vn -0.9765 0.0637 0.2058
vn -0.9523 0.0685 0.2975
vn -0.1466 -0.0073 -0.9892
vn -0.1225 -0.0118 -0.9924
vn 0.0441 -0.1040 -0.9936
vn 0.1226 -0.1194 -0.9853
vn -0.2456 -0.0269 -0.9690
vn -0.1439 -0.0733 -0.9869
vn -0.0724 -0.0544 -0.9959
vn -0.0650 -0.0906 -0.9938
vn 0.1600 0.0108 -0.9871
vn -0.0138 -0.0315 -0.9994
vn 0.0569 -0.0665 -0.9962
vn -0.1560 0.0505 -0.9865
vn -0.1510 0.0866 -0.9847
vn -0.1430 0.0289 -0.9893
vn -0.2361 0.1088 -0.9656
vn 0.1699 -0.1710 -0.9705
vn 0.2297 -0.1525 -0.9612
vn 0.4852 -0.2865 -0.8261
vn 0.3422 -0.1972 -0.9187
vn 0.4249 -0.2888 -0.8580
vn 0.7602 -0.6096 -0.2246
vn 0.7785 -0.6276 0.0100
vn 0.7826 -0.5762 0.2355
vn 0.6965 -0.5863 -0.4137
vn 0.7651 -0.4609 0.4497
vn 0.7282 -0.3623 0.5818
vn 0.7400 -0.4436 0.5055
vn 0.7203 -0.3604 0.5927
vn 0.7104 -0.3592 0.6053
vn 0.6041 -0.3936 -0.6930
vn 0.6581 -0.4827 -0.5779
vn 0.6887 -0.4013 0.6038
vn 0.7271 -0.3827 0.5699
vn -0.7784 -0.0981 0.6201
vn -0.7742 0.1057 0.6241
vn -0.6731 0.1326 0.7276
vn -0.5295 -0.0819 0.8443
vn -0.4688 -0.0625 0.8811
vn 0.0519 -0.3814 0.9230
vn -0.0168 -0.4169 0.9088
vn -0.1448 -0.3426 0.9282
vn -0.3989 -0.1054 0.9109
vn 0.2810 -0.4544 0.8453
vn 0.4031 -0.5097 0.7601
vn 0.5869 -0.4983 0.6382
vn 0.1136 -0.4102 0.9049
vn -0.3992 0.1801 -0.8990
vn -0.7622 0.3763 -0.5267
vn -0.8841 0.4646 -0.0510
vn -0.8416 0.5223 0.1377
vn -0.8162 0.4288 0.3872
vn -0.8242 0.4322 0.3659
vn -0.7486 0.6187 0.2385
vn -0.5476 0.3295 -0.7691
vn -0.6003 0.3556 -0.7163
vn -0.8289 0.1463 0.5400
vn -0.9470 -0.0368 0.3190
vn -0.8516 0.0307 0.5233
vn -0.7623 0.0730 0.6431
vn -0.7701 0.0650 0.6345
vn -0.6620 0.6253 0.4133
vn -0.5200 0.8276 0.2114
vn -0.4781 0.8191 -0.3171
vn -0.4220 0.8013 -0.4241
vn -0.6638 0.6901 -0.2882
vn -0.5944 0.6380 -0.4896
vn -0.6736 0.6500 -0.3519
vn -0.6263 0.5009 -0.5973
vn -0.7970 0.4058 -0.4474
vn -0.9137 0.4007 -0.0671
vn -0.8515 0.4899 0.1871
vn -0.8185 0.5457 0.1797
vn -0.8177 0.2161 0.5335
vn -0.8402 0.4030 0.3630
vn -0.8264 0.3344 -0.4530
vn -0.9429 0.2030 -0.2640
vn -0.9725 0.2047 -0.1113
vn -0.6368 0.6256 -0.4506
vn -0.8065 0.5111 -0.2973
vn -0.8476 0.1432 0.5110
vn 0.2230 -0.0949 -0.9702
vn 0.1091 0.0251 -0.9937
vn 0.1927 0.0214 -0.9810
vn 0.2255 0.0051 -0.9742
vn -0.3514 0.0649 -0.9340
vn -0.1654 0.1049 -0.9806
vn -0.1963 0.0037 -0.9805
vn -0.0209 0.0575 -0.9981
vn -0.3902 0.0415 -0.9198
vn 0.2642 -0.1734 -0.9487
vn 0.2596 -0.1412 -0.9553
vn 0.2390 -0.1504 -0.9593
vn 0.4293 -0.3829 -0.8180
vn 0.8176 -0.5737 0.0502
vn 0.7416 -0.5563 -0.3749
vn 0.7940 -0.5502 0.2585
vn 0.6541 -0.4917 -0.5748
vn 0.7288 -0.3858 0.5657
vn 0.7349 -0.4341 0.5210
vn 0.6910 -0.3824 0.6134
vn 0.7426 -0.4220 0.5201
vn 0.6808 -0.3683 0.6331
vn 0.8726 -0.2192 0.4365
vn 0.7001 -0.4441 0.5592
vn 0.7272 -0.4057 0.5537
vn 0.7297 -0.4267 0.5343
vn -0.7389 0.1061 0.6654
vn -0.6258 0.1768 0.7597
vn -0.5959 0.0936 0.7976
vn 0.1180 -0.4265 0.8967
vn 0.2068 -0.5365 0.8182
vn 0.1176 -0.5477 0.8284
vn -0.3512 -0.1845 0.9179
vn -0.0823 -0.4223 0.9027
vn -0.5099 -0.0213 0.8600
vn 0.3029 -0.5119 0.8039
vn 0.5145 -0.6221 0.5901
vn 0.3484 -0.5976 0.7222
vn 0.6929 -0.4864 0.5323
vn 0.1006 -0.4130 0.9052
vn -0.3318 0.1594 -0.9298
vn -0.7717 0.4945 -0.3999
vn -0.8198 0.5498 -0.1600
vn -0.8569 0.4431 0.2633
vn -0.8717 0.4115 0.2660
vn -0.8586 0.3741 0.3504
vn -0.8743 0.3295 0.3564
vn -0.8854 0.3182 0.3389
vn -0.7096 0.4784 -0.5174
vn -0.6812 0.3674 -0.6332
vn -0.4988 0.1926 -0.8450
vn -0.4262 0.2064 -0.8808
vn -0.6835 0.0516 0.7281
vn -0.7319 0.0827 0.6763
vn -0.7850 0.6069 0.1239
vn -0.8747 0.4616 -0.1477
vn -0.4574 -0.7810 -0.4253
vn -0.8867 0.4511 -0.1015
vn -0.8388 0.5444 -0.0023
vn -0.7914 0.5616 -0.2417
vn -0.8401 0.5409 0.0414
vn -0.9108 0.4067 0.0706
vn -0.9378 0.0700 -0.3400
vn -0.9920 0.1264 0.0001
vn -0.9969 -0.0777 0.0133
vn -0.9361 0.3293 0.1236
vn -0.7933 0.5495 0.2621
vn -0.8066 0.5505 0.2154
vn -0.7911 0.5902 0.1608
vn -0.7703 0.6167 0.1620
vn -0.8107 0.2731 0.5179
vn -0.7938 0.5310 0.2964
vn -0.9908 -0.1006 -0.0908
vn -0.9937 0.0015 0.1121
vn -0.9142 0.4053 -0.0009
vn 0.1806 0.0876 -0.9796
vn 0.1901 0.0151 -0.9816
vn 0.1340 0.0547 -0.9895
vn 0.2487 0.1366 -0.9589
vn 0.1770 0.1255 -0.9762
vn 0.3042 0.1707 -0.9372
vn -0.4706 0.2381 -0.8496
vn -0.2650 0.2070 -0.9418
vn -0.0792 0.1717 -0.9820
vn -0.0679 0.0551 -0.9962
vn -0.1350 0.3443 -0.9291
vn -0.0206 0.2029 -0.9790
vn 0.1208 0.1750 -0.9771
vn 0.1720 -0.0293 -0.9847
vn 0.3173 -0.2771 -0.9069
vn 0.3336 -0.0859 -0.9388
vn 0.5599 -0.5418 -0.6268
vn 0.4591 -0.4602 -0.7599
vn 0.7730 -0.5941 0.2225
vn 0.7865 -0.4901 0.3758
vn 0.7546 -0.6533 -0.0624
vn 0.8734 -0.4855 0.0389
vn 0.6670 -0.6944 -0.2700
vn 0.6046 -0.5830 -0.5427
vn 0.7121 -0.3996 0.5772
vn 0.7145 -0.4091 0.5676
vn 0.7291 -0.4005 0.5550
vn 0.7087 -0.4028 0.5791
vn 0.7415 -0.5659 0.3604
vn 0.7969 -0.4354 0.4187
vn 0.7217 -0.5158 0.4617
vn 0.7438 -0.4527 0.4918
vn 0.7132 -0.4957 0.4957
vn 0.7262 -0.4636 0.5076
vn 0.6914 -0.4868 0.5339
vn -0.5563 -0.0227 0.8307
vn 0.1591 -0.5573 0.8149
vn -0.0590 -0.4499 0.8912
vn -0.4413 -0.1033 0.8914
vn -0.2869 -0.2284 0.9303
vn -0.0171 -0.4976 0.8672
vn 0.6539 -0.5796 0.4863
vn 0.6328 -0.6469 0.4255
vn 0.5535 -0.6709 0.4934
vn 0.4367 -0.6820 0.5867
vn 0.3131 -0.6848 0.6580
vn 0.0595 -0.6144 0.7868
vn 0.1449 -0.6298 0.7631
vn 0.7221 -0.5339 0.4400
vn -0.7882 0.4673 -0.4005
vn -0.8950 0.4450 0.0308
vn -0.8897 0.4562 -0.0178
vn -0.8666 0.4675 0.1743
vn -0.9649 0.2341 0.1190
vn -0.9426 0.2590 0.2106
vn -0.9413 0.2993 0.1562
vn -0.8282 0.4248 -0.3656
vn -0.6576 0.3486 -0.6678
vn -0.7083 0.0606 0.7033
vn -0.7945 0.3035 0.5260
vn -0.9593 0.2824 0.0077
vn -0.9510 0.3017 0.0683
vn -0.9025 0.4103 0.1314
vn -0.9116 0.1982 0.3603
vn -0.9343 0.0615 0.3511
vn -0.9424 -0.0703 0.3271
vn -0.9901 -0.1044 0.0941
vn -0.8889 0.3381 0.3092
vn -0.7435 0.5717 0.3468
vn -0.7672 0.4557 0.4515
vn -0.7478 0.6345 0.1952
vn -0.7370 0.6477 0.1929
vn -0.7593 0.5085 0.4061
vn -0.9586 0.1043 0.2649
vn -0.9578 0.2154 0.1901
vn 0.2485 0.1934 -0.9491
vn -0.0966 0.1147 -0.9887
vn 0.1649 0.0181 -0.9862
vn 0.0195 0.0212 -0.9996
vn 0.4126 -0.0179 -0.9107
vn 0.3856 0.2598 -0.8853
vn 0.3621 0.2776 -0.8899
vn 0.3959 0.3370 -0.8542
vn 0.2580 0.3270 -0.9091
vn 0.0628 0.3199 -0.9454
vn -0.4648 0.3669 -0.8058
vn -0.2035 0.3105 -0.9285
vn -0.3356 0.4191 -0.8437
vn -0.0884 0.3321 -0.9391
vn -0.1678 0.5395 -0.8251
vn -0.3356 0.5421 -0.7703
vn -0.3596 0.4503 -0.8173
vn -0.0974 0.4492 -0.8881
vn 0.0252 0.3940 -0.9188
vn 0.2129 0.3886 -0.8965
vn 0.5044 -0.3049 -0.8078
vn 0.4422 -0.2116 -0.8716
vn 0.5246 -0.0786 -0.8477
vn 0.5534 -0.6553 -0.5141
vn 0.5671 -0.4630 -0.6812
vn 0.5956 -0.5595 -0.5764
vn 0.7241 -0.6793 0.1194
vn 0.7248 -0.6637 -0.1850
vn 0.7100 -0.7034 0.0342
vn 0.6824 -0.4480 0.5775
vn 0.8506 -0.4151 0.3227
vn 0.7034 -0.4397 0.5585
vn 0.6796 -0.4502 0.5792
vn 0.7502 -0.4259 0.5058
vn 0.7698 -0.4349 0.4671
vn 0.7935 -0.5780 0.1904
vn 0.8141 -0.5806 0.0131
vn 0.8290 -0.4951 0.2600
vn 0.8811 -0.3876 0.2710
vn 0.7127 -0.5320 0.4572
vn 0.6823 -0.6414 0.3507
vn 0.6750 -0.6048 0.4226
vn 0.6972 -0.5682 0.4371
vn 0.6677 -0.5586 0.4921
vn -0.5593 -0.0305 0.8284
vn -0.2896 -0.2505 0.9238
vn -0.4052 -0.1164 0.9068
vn -0.2945 -0.2532 0.9215
vn -0.0815 -0.4230 0.9024
vn 0.6661 -0.7025 0.2504
vn 0.5207 -0.7088 0.4758
vn 0.6822 -0.6584 0.3179
vn 0.2808 -0.7318 0.6210
vn 0.0948 -0.4715 0.8768
vn -0.0594 -0.3828 0.9219
vn -0.8658 0.4998 0.0249
vn -0.8234 0.5126 -0.2436
vn -0.7786 0.6173 -0.1129
vn -0.8781 0.4778 -0.0272
vn -0.9800 0.1225 0.1566
vn -0.9738 0.2252 -0.0301
vn -0.9903 -0.0253 0.1369
vn -0.9121 0.3587 -0.1985
vn -0.6785 0.4866 -0.5504
vn -0.7257 0.2231 0.6508
vn -0.6730 0.1220 0.7295
vn -0.9505 -0.0362 0.3086
vn -0.9238 0.0118 0.3828
vn -0.9252 0.1524 0.3474
vn -0.9901 -0.0083 0.1398
vn -0.9659 -0.0362 0.2565
vn -0.8738 0.3635 0.3231
vn -0.7526 0.4263 0.5018
vn -0.7683 0.5833 0.2634
vn -0.7459 0.6480 0.1541
vn -0.7149 0.6555 0.2436
vn -0.6912 0.5661 0.4493
vn -0.6379 0.6613 0.3948
vn -0.7029 0.3738 0.6051
vn -0.9395 0.2226 0.2602
vn -0.1811 0.3821 -0.9062
vn -0.2453 -0.0724 -0.9667
vn -0.2680 0.1211 -0.9558
vn -0.3861 -0.0296 -0.9220
vn -0.1518 0.1288 -0.9800
vn -0.0181 0.0306 -0.9994
vn 0.1992 -0.0323 -0.9794
vn 0.0399 -0.1162 -0.9924
vn 0.3873 -0.0358 -0.9213
vn 0.6655 -0.1399 -0.7332
vn 0.5452 0.3851 -0.7447
vn 0.4553 0.4517 -0.7673
vn 0.3857 0.4478 -0.8067
vn 0.3381 0.5025 -0.7957
vn 0.1032 0.4829 -0.8696
vn -0.5240 0.5632 -0.6389
vn -0.3834 0.6093 -0.6941
vn -0.5814 0.4649 -0.6677
vn -0.4720 0.6245 -0.6223
vn -0.2671 0.3587 -0.8944
vn -0.5778 0.3568 -0.7340
vn -0.3819 0.3434 -0.8580
vn -0.2617 0.2759 -0.9249
vn 0.0811 0.4625 -0.8829
vn -0.1000 0.2957 -0.9500
vn 0.1032 0.4147 -0.9041
vn 0.6533 -0.3248 -0.6839
vn 0.6826 -0.6121 -0.3992
vn 0.7612 -0.4313 -0.4844
vn 0.8067 -0.4890 -0.3319
vn 0.6867 -0.4969 0.5306
vn 0.6868 -0.5101 0.5178
vn 0.6789 -0.5023 0.5356
vn 0.9204 -0.3608 0.1506
vn 0.9495 -0.3118 0.0359
vn 0.8984 -0.3510 0.2640
vn 0.8321 -0.4158 0.3670
vn 0.8673 -0.3192 0.3820
vn 0.7431 -0.4397 0.5044
vn 0.9135 -0.3287 0.2399
vn 0.8114 -0.5686 -0.1353
vn 0.9025 -0.4294 0.0342
vn 0.6986 -0.6058 0.3807
vn 0.7474 -0.6239 0.2283
vn 0.7797 -0.4558 0.4293
vn -0.6157 0.0867 0.7832
vn -0.4795 -0.0539 0.8759
vn -0.4842 0.1052 0.8686
vn -0.1587 -0.2277 0.9607
vn -0.3496 -0.0874 0.9328
vn -0.4316 -0.0659 0.8997
vn 0.5659 -0.7406 0.3622
vn 0.7211 -0.6797 0.1342
vn 0.5952 -0.7528 0.2812
vn 0.5383 -0.7354 0.4117
vn 0.7239 -0.6750 0.1426
vn 0.4063 -0.7716 0.4894
vn 0.2100 -0.5859 0.7827
vn 0.2907 -0.6871 0.6659
vn 0.1073 -0.3693 0.9231
vn 0.0624 -0.2029 0.9772
vn -0.7397 0.6030 -0.2986
vn -0.6784 0.5933 -0.4334
vn -0.7932 0.5923 -0.1413
vn -0.7603 0.4830 -0.4342
vn -0.9922 0.1128 -0.0541
vn -0.9920 -0.0762 0.1007
vn -0.9266 0.3506 -0.1363
vn -0.8781 0.3709 -0.3022
vn -0.6412 0.2824 0.7135
vn -0.8971 0.0390 0.4402
vn -0.9178 0.1225 0.3776
vn -0.9774 0.1432 0.1557
vn -0.9477 -0.0877 0.3069
vn -0.8810 -0.1111 0.4598
vn -0.9782 0.1001 0.1817
vn -0.9158 0.3676 0.1618
vn -0.8324 0.3892 0.3944
vn -0.7658 0.4157 0.4907
vn -0.7047 0.4712 0.5304
vn -0.7002 0.5535 0.4510
vn -0.7602 0.6183 0.1997
vn -0.7070 0.5963 0.3803
vn -0.7436 0.4091 0.5289
vn -0.5739 0.5410 0.6147
vn -0.6440 0.3814 0.6632
vn -0.5663 0.4383 0.6980
vn -0.6261 0.6844 0.3737
vn -0.5681 0.6759 0.4694
vn -0.9681 0.1822 0.1721
vn 0.0609 0.5680 -0.8208
vn -0.2529 0.1656 -0.9532
vn 0.0947 0.0964 -0.9908
vn -0.0382 0.0128 -0.9992
vn -0.3786 0.2465 -0.8921
vn -0.3898 0.0311 -0.9204
vn -0.2186 0.1133 -0.9692
vn -0.0973 0.1621 -0.9820
vn -0.1471 0.1770 -0.9732
vn -0.0587 0.3368 -0.9397
vn -0.1193 0.0860 -0.9891
vn 0.0729 0.1078 -0.9915
vn -0.0345 0.1756 -0.9839
vn 0.1164 0.0886 -0.9892
vn 0.3036 0.0726 -0.9500
vn 0.6281 -0.0371 -0.7772
vn 0.5322 -0.0351 -0.8459
vn 0.8301 -0.2945 -0.4734
vn 0.8432 -0.1475 -0.5169
vn 0.4622 0.3068 -0.8320
vn 0.5300 0.2219 -0.8185
vn 0.1816 0.5103 -0.8406
vn 0.1564 0.4637 -0.8721
vn 0.2950 0.4641 -0.8352
vn 0.4099 0.3526 -0.8412
vn -0.6467 0.5308 -0.5477
vn -0.6269 0.4318 -0.6485
vn -0.4568 0.1979 -0.8673
vn -0.7486 0.4921 -0.4442
vn -0.6479 0.3678 -0.6671
vn -0.5055 0.3142 -0.8036
vn -0.4418 0.1637 -0.8821
vn -0.3070 0.1737 -0.9357
vn -0.0604 0.1262 -0.9902
vn 0.1388 0.3416 -0.9296
vn 0.0941 0.1960 -0.9761
vn 0.2048 0.4132 -0.8873
vn 0.0680 0.1713 -0.9829
vn 0.1513 -0.0466 -0.9874
vn 0.1449 0.2039 -0.9682
vn 0.8943 -0.4239 -0.1430
vn 0.9020 -0.4268 -0.0655
vn 0.7446 -0.4667 0.4772
vn 0.7239 -0.4672 0.5077
vn 0.7616 -0.4216 0.4921
vn 0.7367 -0.4350 0.5177
vn 0.8583 -0.3562 0.3694
vn 0.9348 -0.2980 -0.1934
vn 0.9500 -0.1700 -0.2621
vn 0.9750 -0.2221 -0.0075
vn 0.8905 -0.3676 0.2680
vn 0.9312 -0.3347 0.1443
vn 0.9421 -0.1083 0.3174
vn 0.9626 -0.2404 0.1250
vn 0.9925 0.0110 0.1214
vn 0.9733 -0.2220 -0.0581
vn 0.8663 -0.4163 0.2759
vn 0.7658 -0.5156 0.3842
vn 0.8946 -0.4212 0.1491
vn 0.9148 -0.3895 0.1069
vn 0.9473 -0.2933 0.1284
vn 0.8024 -0.5872 0.1066
vn 0.9138 -0.2830 0.2915
vn 0.9208 -0.2113 0.3279
vn -0.5348 0.3384 0.7742
vn -0.4437 0.3220 0.8363
vn -0.4235 0.1884 0.8861
vn -0.1718 -0.1041 0.9796
vn -0.3399 0.1030 0.9348
vn -0.2620 0.1610 0.9515
vn 0.5321 -0.6707 0.5167
vn 0.5213 -0.5001 0.6915
vn 0.7511 -0.5894 0.2974
vn 0.8152 -0.5521 0.1749
vn 0.5407 -0.6861 0.4866
vn 0.6421 -0.4858 0.5931
vn 0.5096 -0.5651 0.6488
vn 0.4336 -0.7224 0.5386
vn 0.2281 -0.6503 0.7246
vn 0.3373 -0.7542 0.5634
vn 0.2979 -0.7238 0.6224
vn 0.2036 -0.3709 0.9061
vn 0.1758 -0.2618 0.9490
vn -0.0606 0.0472 0.9970
vn 0.2037 -0.1243 0.9711
vn -0.8491 0.3804 -0.3666
vn -0.7678 0.4311 -0.4739
vn -0.9390 0.3434 0.0178
vn -0.9664 0.2136 0.1429
vn -0.9726 0.1943 0.1273
vn -0.9519 0.3026 0.0488
vn -0.8763 0.4133 -0.2477
vn -0.9225 0.3858 -0.0103
vn -0.9545 0.0677 0.2904
vn -0.8452 0.4918 0.2091
vn -0.8291 0.4074 0.3829
vn -0.7842 0.5101 0.3534
vn -0.6722 0.5559 0.4891
vn -0.7984 0.5337 0.2788
vn -0.7313 0.5828 0.3543
vn -0.7556 0.5575 0.3438
vn -0.6644 0.6153 0.4243
vn -0.7068 0.6306 0.3204
vn -0.7042 0.6316 0.3244
vn -0.6757 0.6262 0.3889
vn -0.4865 0.6049 0.6303
vn -0.4322 0.4483 0.7825
vn -0.6005 0.6886 0.4064
vn 0.1299 0.2817 -0.9507
vn -0.2885 0.3165 -0.9036
vn -0.4190 0.0911 -0.9034
vn -0.2005 -0.1920 -0.9607
vn -0.2794 -0.3149 -0.9071
vn -0.0570 0.0546 -0.9969
vn -0.1278 0.2192 -0.9673
vn -0.1810 0.1839 -0.9661
vn -0.0663 0.1541 -0.9858
vn 0.2072 0.2010 -0.9574
vn 0.0817 0.2068 -0.9750
vn 0.2451 0.1782 -0.9530
vn -0.0292 0.2786 -0.9600
vn 0.3196 0.1806 -0.9302
vn 0.4868 0.0520 -0.8720
vn 0.6317 0.0145 -0.7750
vn 0.7713 0.0499 -0.6345
vn 0.8582 -0.0124 -0.5131
vn 0.1268 0.3980 -0.9086
vn -0.3602 0.0294 -0.9324
vn -0.3647 0.0130 -0.9310
vn -0.4324 0.2103 -0.8768
vn -0.4229 0.1508 -0.8936
vn -0.6741 0.4616 -0.5766
vn -0.6935 0.5650 -0.4470
vn -0.7838 0.5485 -0.2912
vn -0.6520 0.7104 -0.2650
vn -0.5880 0.4585 -0.6663
vn -0.4530 0.5000 -0.7381
vn -0.3952 0.3132 -0.8635
vn -0.2336 0.3807 -0.8947
vn -0.3259 0.2697 -0.9061
vn -0.1058 -0.1208 -0.9870
vn 0.0211 -0.0566 -0.9982
vn 0.1172 0.3018 -0.9461
vn 0.2773 0.0812 -0.9573
vn 0.3112 0.2592 -0.9143
vn 0.0350 -0.2646 -0.9637
vn 0.0413 -0.0089 -0.9991
vn 0.1147 -0.3990 -0.9098
vn 0.7997 -0.3812 0.4639
vn 0.8426 -0.3974 0.3635
vn 0.8954 -0.2090 0.3932
vn 0.8100 -0.3368 0.4800
vn 0.9567 -0.1010 0.2730
vn 0.8800 -0.2265 0.4174
vn 0.9511 0.0364 -0.3066
vn 0.9761 -0.0830 -0.2009
vn 0.9657 -0.1866 -0.1804
vn 0.8831 -0.2796 0.3768
vn 0.9791 -0.0347 0.2004
vn 0.9724 0.2324 0.0216
vn 0.9866 0.0149 -0.1623
vn 0.9431 -0.1018 -0.3165
vn 0.9064 -0.3319 0.2614
vn 0.9675 -0.1358 0.2133
vn 0.9942 -0.0744 0.0773
vn 0.9283 -0.2804 0.2441
vn 0.9658 -0.2286 0.1226
vn 0.9684 -0.2480 0.0264
vn 0.9233 -0.3498 0.1586
vn 0.9925 0.0478 -0.1128
vn 0.9888 -0.0794 -0.1266
vn 0.8671 -0.4563 0.1998
vn 0.9769 -0.1366 0.1644
vn 0.9671 -0.1730 0.1864
vn 0.9882 0.0740 0.1342
vn -0.3544 0.4585 0.8149
vn -0.3599 0.2814 0.8895
vn -0.3670 0.3140 0.8756
vn 0.0429 0.3310 0.9427
vn -0.1953 0.4184 0.8870
vn 0.5188 -0.5605 0.6455
vn 0.4932 -0.4066 0.7691
vn 0.4157 -0.2489 0.8748
vn 0.8122 -0.3975 0.4270
vn 0.7369 -0.6692 0.0960
vn 0.8080 -0.4094 0.4238
vn 0.5113 -0.5083 0.6929
vn 0.4640 -0.4044 0.7881
vn 0.3577 -0.2501 0.8997
vn 0.3462 -0.5999 0.7213
vn 0.4160 -0.4038 0.8148
vn 0.2275 -0.5109 0.8290
vn 0.3425 -0.5314 0.7748
vn 0.2505 -0.4310 0.8669
vn 0.2313 -0.1365 0.9633
vn 0.2143 -0.2240 0.9507
vn 0.1558 0.1547 0.9756
vn 0.3744 0.0091 0.9272
vn -0.8565 0.4723 -0.2083
vn -0.8263 0.5133 -0.2318
vn -0.8978 0.4386 0.0399
vn -0.8402 0.5420 -0.0174
vn -0.6779 0.6141 0.4043
vn -0.7456 0.5822 0.3244
vn -0.6045 0.7035 0.3736
vn -0.8020 0.5918 -0.0812
vn -0.7793 0.5837 0.2282
vn -0.7092 0.6312 0.3140
vn -0.7303 0.3236 0.6017
vn -0.6805 0.5811 0.4463
vn -0.6910 0.6129 0.3834
vn -0.7333 0.5645 0.3791
vn -0.5738 0.7621 0.2998
vn -0.6680 0.6760 0.3110
vn -0.6520 0.5824 0.4855
vn -0.6030 0.6087 0.5155
vn -0.5220 0.6150 0.5910
vn -0.3658 0.5598 0.7435
vn -0.0675 0.2994 -0.9518
vn 0.0554 -0.2080 -0.9766
vn -0.1359 -0.3106 -0.9408
vn 0.0550 -0.3873 -0.9203
vn 0.0858 -0.2610 -0.9615
vn 0.1563 -0.1199 -0.9804
vn 0.1911 -0.0486 -0.9804
vn 0.1151 0.0456 -0.9923
vn 0.3833 0.3078 -0.8708
vn 0.1041 0.3553 -0.9289
vn 0.3293 0.3882 -0.8607
vn 0.4166 0.2403 -0.8768
vn 0.3958 0.2668 -0.8787
vn 0.2195 0.3332 -0.9169
vn 0.1245 0.1165 -0.9854
vn 0.1187 0.3996 -0.9090
vn 0.5995 0.1269 -0.7902
vn 0.7835 -0.0051 -0.6214
vn 0.7840 0.0051 -0.6207
vn -0.1478 -0.2567 -0.9551
vn -0.3146 0.0263 -0.9489
vn -0.1169 -0.2831 -0.9519
vn -0.2855 0.0430 -0.9574
vn -0.6525 0.6301 -0.4209
vn -0.5329 0.6616 -0.5275
vn -0.5508 0.7422 -0.3818
vn -0.7308 0.6752 -0.1002
vn -0.4121 0.8808 -0.2333
vn -0.5210 0.8434 -0.1308
vn -0.4933 0.6266 -0.6034
vn -0.2662 0.5855 -0.7657
vn -0.2107 0.4666 -0.8590
vn -0.0645 0.4853 -0.8720
vn 0.1876 0.4191 -0.8884
vn -0.1451 0.3622 -0.9207
vn -0.1913 0.1522 -0.9697
vn 0.1685 -0.1743 -0.9702
vn 0.3284 -0.3508 -0.8770
vn 0.2952 0.0193 -0.9553
vn 0.0717 -0.4744 -0.8774
vn 0.1986 -0.4716 -0.8592
vn 0.0775 -0.4577 -0.8857
vn 0.9473 -0.0744 0.3116
vn 0.9792 0.0743 0.1890
vn 0.9356 -0.0875 0.3420
vn 0.9718 -0.0783 0.2225
vn 0.9692 0.0920 0.2286
vn 0.9594 0.2669 0.0913
vn 0.9372 0.0316 -0.3474
vn 0.9397 0.0760 -0.3336
vn 0.9132 -0.0057 -0.4075
vn 0.9475 -0.0089 -0.3195
vn 0.9711 -0.0094 0.2384
vn 0.9897 0.1186 0.0801
vn 0.9285 0.3682 -0.0473
vn 0.9537 0.2469 -0.1717
vn 0.9088 0.3661 -0.2000
vn 0.9930 -0.0590 0.1026
vn 0.9896 0.1416 0.0253
vn 0.9866 0.1632 0.0016
vn 0.9835 0.1659 -0.0724
vn 0.8541 0.2335 0.4648
vn 0.6988 0.4709 0.5385
vn 0.9969 -0.0354 0.0703
vn 0.8819 -0.3504 0.3152
vn 0.9460 0.0493 0.3205
vn 0.9865 0.1262 -0.1045
vn 0.9472 0.2473 -0.2040
vn 0.9857 0.1684 -0.0076
vn 0.9067 0.4207 -0.0289
vn -0.3155 0.5224 0.7922
vn -0.1486 0.5326 0.8332
vn -0.2706 0.4911 0.8280
vn -0.0262 0.5610 0.8274
vn 0.2870 0.1687 0.9430
vn 0.1083 0.3310 0.9374
vn 0.4675 -0.2924 0.8342
vn 0.4235 -0.2119 0.8807
vn 0.4159 -0.2034 0.8864
vn 0.3315 -0.0455 0.9424
vn 0.2825 -0.1294 0.9505
vn 0.5823 -0.1493 0.7992
vn 0.7358 -0.3343 0.5889
vn 0.8122 -0.0970 0.5752
vn 0.8799 -0.1847 0.4378
vn 0.4363 -0.1829 0.8810
vn 0.2802 -0.0573 0.9582
vn 0.3063 -0.1491 0.9402
vn 0.3202 -0.2364 0.9174
vn 0.3771 -0.0566 0.9244
vn 0.1728 -0.2796 0.9444
vn 0.2422 0.0135 0.9701
vn -0.6800 0.6674 0.3035
vn -0.5654 0.7785 0.2726
vn -0.4655 0.8542 0.2316
vn -0.4612 0.8665 0.1907
vn -0.4507 0.8613 0.2344
vn -0.7819 0.6015 0.1637
vn -0.5221 0.6616 0.5382
vn -0.5867 0.5911 0.5536
vn -0.6095 0.6705 0.4229
vn -0.4795 0.7985 0.3639
vn -0.6279 0.7038 0.3323
vn -0.4459 0.8771 0.1785
vn -0.2463 0.9647 0.0934
vn -0.4619 0.6043 0.6493
vn -0.3743 0.5396 0.7541
vn 0.3323 -0.3653 -0.8696
vn 0.1689 -0.5043 -0.8469
vn 0.2592 -0.3235 -0.9100
vn 0.4178 -0.0279 -0.9081
vn 0.3292 0.0446 -0.9432
vn 0.5069 0.4889 -0.7099
vn 0.4590 0.5585 -0.6909
vn 0.2677 0.5928 -0.7595
vn 0.2771 0.5252 -0.8046
vn 0.6246 0.3386 -0.7038
vn 0.5650 0.4276 -0.7057
vn 0.3141 0.2401 -0.9185
vn 0.3022 0.4588 -0.8356
vn 0.3548 0.5204 -0.7767
vn 0.4151 0.5434 -0.7297
vn 0.7576 0.1587 -0.6331
vn 0.8528 0.0157 -0.5220
vn -0.0825 -0.2548 -0.9635
vn -0.0897 -0.2574 -0.9621
vn -0.0942 -0.2250 -0.9698
vn -0.2897 0.7330 -0.6155
vn -0.5503 0.8056 -0.2197
vn -0.6624 0.7369 0.1347
vn -0.3132 0.8867 -0.3401
vn -0.2291 0.9498 -0.2133
vn -0.5156 0.8557 0.0440
vn -0.2922 0.9558 -0.0322
vn -0.0275 0.6377 -0.7698
vn 0.1101 0.5933 -0.7974
vn 0.1150 0.2002 -0.9730
vn 0.0324 0.2538 -0.9667
vn 0.3604 0.2146 -0.9078
vn 0.2390 0.0596 -0.9692
vn 0.2133 0.5186 -0.8280
vn 0.0192 -0.1299 -0.9913
vn 0.2694 -0.5032 -0.8211
vn 0.1831 -0.4125 -0.8924
vn 0.9733 0.2205 0.0642
vn 0.9595 0.2743 0.0643
vn 0.8907 0.4523 -0.0465
vn 0.9039 0.4213 -0.0739
vn 0.9577 0.0667 -0.2801
vn 0.9921 0.1069 -0.0655
vn 0.9446 0.0896 -0.3157
vn 0.9589 0.2787 -0.0527
vn 0.9049 0.1767 -0.3871
vn 0.9231 0.1594 -0.3501
vn 0.9269 0.2767 -0.2534
vn 0.9083 0.3986 -0.1272
vn 0.9602 0.2540 -0.1164
vn 0.9088 0.3722 -0.1886
vn 0.9204 0.3783 -0.0991
vn 0.9358 0.3438 -0.0784
vn 0.8536 0.3924 -0.3427
vn 0.8261 0.3079 0.4719
vn 0.9594 0.2310 0.1620
vn 0.7338 0.1732 0.6569
vn 0.8294 0.1049 0.5487
vn 0.6575 0.3817 0.6496
vn 0.9729 0.1774 0.1485
vn 0.9353 0.3526 0.0307
vn 0.9310 0.3027 -0.2039
vn 0.9311 0.2402 0.2744
vn 0.8961 0.3305 -0.2963
vn 0.8605 0.4987 -0.1044
vn -0.1441 0.4109 0.9002
vn -0.2643 0.5675 0.7798
vn 0.3630 0.0979 0.9266
vn 0.3657 -0.0277 0.9303
vn 0.3941 0.1129 0.9121
vn 0.3522 0.2071 0.9127
vn 0.0825 0.2668 0.9602
vn 0.4093 0.2123 0.8873
vn 0.6965 -0.0873 0.7122
vn 0.3671 0.0874 0.9261
vn 0.5439 0.2713 0.7941
vn 0.6532 0.2687 0.7079
vn -0.3418 0.9364 0.0791
vn -0.3703 0.9130 0.1714
vn -0.3451 0.9375 0.0444
vn -0.5738 0.7794 0.2515
vn -0.4102 0.7189 0.5612
vn -0.6408 0.7529 0.1500
vn -0.6383 0.7428 0.2020
vn -0.3658 0.8250 0.4308
vn -0.1590 0.9723 0.1713
vn 0.1462 0.9881 0.0473
vn 0.2173 0.9761 0.0031
vn -0.0977 0.9951 0.0162
vn -0.4327 0.6211 0.6535
vn 0.4009 -0.2239 -0.8883
vn 0.6344 0.6495 -0.4191
vn 0.5313 0.6538 -0.5388
vn 0.4473 0.6546 -0.6094
vn 0.5375 0.7736 -0.3356
vn 0.4339 0.7138 -0.5498
vn 0.7755 0.3382 -0.5331
vn 0.7250 0.6041 -0.3309
vn 0.7564 0.4199 -0.5015
vn 0.2568 0.6240 -0.7381
vn 0.5375 0.5465 -0.6422
vn 0.5924 0.6029 -0.5344
vn 0.2846 0.7155 -0.6380
vn 0.3946 0.7470 -0.5351
vn 0.5048 0.6376 -0.5819
vn 0.8019 0.2985 -0.5176
vn 0.8823 0.2285 -0.4115
vn -0.2244 0.8663 -0.4464
vn -0.0840 0.8003 -0.5937
vn 0.0275 0.9334 -0.3577
vn -0.1050 0.9924 -0.0645
vn 0.0299 0.9696 -0.2428
vn 0.1509 0.6884 -0.7094
vn 0.8200 0.5573 -0.1304
vn 0.9205 0.3906 -0.0143
vn 0.8885 0.4567 0.0452
vn 0.8408 0.4972 -0.2142
vn 0.8829 0.4005 -0.2453
vn 0.8339 0.4767 -0.2781
vn 0.7758 0.6039 -0.1831
vn 0.8248 0.4244 -0.3737
vn 0.5530 0.3899 0.7363
vn 0.7302 0.3372 0.5942
vn 0.4311 0.5075 0.7460
vn 0.4954 0.4342 0.7523
vn 0.8974 0.2180 0.3836
vn 0.6687 0.6069 0.4296
vn 0.8100 0.3791 0.4475
vn 0.8300 0.5516 0.0827
vn 0.8782 0.4544 -0.1493
vn 0.7094 0.2439 0.6613
vn 0.8868 0.4600 -0.0432
vn 0.8900 0.3565 -0.2842
vn 0.8296 0.5093 -0.2286
vn 0.8409 0.5164 -0.1619
vn -0.0872 0.4530 0.8872
vn -0.2744 0.7031 0.6560
vn -0.2680 0.6588 0.7029
vn -0.1758 0.6251 0.7605
vn -0.1196 0.4999 0.8578
vn 0.5153 0.1185 0.8488
vn 0.5122 0.2980 0.8055
vn 0.6361 0.1794 0.7505
vn 0.2490 0.4146 0.8753
vn 0.5276 0.1881 0.8284
vn 0.6199 0.2146 0.7547
vn 0.4567 0.3094 0.8341
vn 0.1170 0.4341 0.8932
vn 0.3835 0.3311 0.8621
vn 0.4302 0.5037 0.7491
vn 0.0288 0.9833 -0.1796
vn -0.1427 0.9845 -0.1024
vn -0.3425 0.8405 0.4199
vn -0.2835 0.8570 0.4304
vn -0.1314 0.9534 0.2717
vn 0.0647 0.9844 0.1634
vn 0.4493 0.8918 -0.0530
vn 0.2443 0.9690 0.0361
vn 0.5403 0.8410 -0.0283
vn 0.3112 0.9435 -0.1138
vn 0.4334 0.8949 -0.1062
vn 0.0581 0.9920 -0.1119
vn 0.7318 0.6806 -0.0351
vn 0.6424 0.7434 -0.1861
vn 0.7057 0.7004 -0.1070
vn 0.6031 0.7412 -0.2947
vn 0.6568 0.7290 -0.1929
vn 0.8181 0.5393 -0.1995
vn 0.8615 0.4464 -0.2419
vn 0.6253 0.6007 -0.4982
vn 0.7540 0.5879 -0.2931
vn 0.2764 0.8195 -0.5021
vn 0.1208 0.8048 -0.5811
vn 0.5515 0.6949 -0.4614
vn 0.4179 0.8110 -0.4094
vn 0.5775 0.7434 -0.3374
vn 0.6688 0.6261 -0.4009
vn 0.6361 0.6256 -0.4517
vn 0.9006 0.3129 -0.3016
vn 0.8726 0.3781 -0.3091
vn 0.0518 0.8887 -0.4556
vn 0.2545 0.8673 -0.4278
vn 0.2763 0.8861 -0.3722
vn 0.2593 0.9105 -0.3222
vn 0.8050 0.5612 -0.1922
vn 0.7402 0.6445 -0.1918
vn 0.8275 0.5612 0.0194
vn 0.8049 0.5771 -0.1379
vn 0.8046 0.5864 -0.0941
vn 0.8228 0.5656 0.0553
vn 0.8253 0.5043 -0.2541
vn 0.8018 0.4884 -0.3444
vn 0.7714 0.5664 -0.2900
vn 0.8005 0.5071 -0.3194
vn 0.8057 0.5222 -0.2795
vn 0.6912 0.6947 -0.1990
vn 0.6758 0.7249 -0.1332
vn 0.7554 0.6184 -0.2167
vn 0.7105 0.6210 -0.3310
vn 0.7447 0.5025 -0.4392
vn 0.4950 0.4113 0.7653
vn 0.5932 0.2177 0.7751
vn 0.6219 0.2063 0.7555
vn 0.6423 0.3101 0.7009
vn 0.6249 0.4861 0.6110
vn 0.6596 0.6104 0.4386
vn 0.8137 0.5451 0.2018
vn 0.9252 0.3726 -0.0713
vn 0.8423 0.3772 0.3850
vn 0.8263 0.5364 -0.1715
vn -0.1727 0.7073 0.6855
vn -0.2259 0.8323 0.5062
vn -0.0285 0.8593 0.5107
vn -0.4839 0.5930 0.6435
vn 0.1141 0.6623 0.7405
vn 0.2113 0.3982 0.8926
vn 0.0361 0.4315 0.9014
vn 0.6680 0.2100 0.7139
vn 0.6615 0.2449 0.7089
vn 0.6009 0.2772 0.7497
vn 0.3841 0.2981 0.8738
vn 0.2415 0.9253 -0.2925
vn 0.1966 0.9574 -0.2114
vn -0.1126 0.9438 0.3108
vn 0.0109 0.9313 0.3641
vn 0.1765 0.9732 0.1476
vn 0.5445 0.8013 -0.2477
vn 0.3972 0.9127 0.0957
vn 0.5725 0.7707 -0.2799
vn 0.3198 0.9213 -0.2211
vn 0.7907 0.6107 0.0431
vn 0.7485 0.5673 -0.3433
vn 0.6931 0.4013 -0.5987
vn 0.7808 0.5390 -0.3160
vn 0.3973 0.8436 -0.3612
vn 0.6929 0.6302 -0.3504
vn 0.5692 0.7494 -0.3382
vn 0.7170 0.6245 -0.3098
vn 0.4424 0.8240 -0.3541
vn 0.7849 0.5196 -0.3376
vn 0.7836 0.5584 -0.2723
vn 0.7803 0.5497 -0.2983
vn 0.7721 0.5465 -0.3243
vn 0.7092 0.6210 -0.3337
vn 0.7812 0.5524 -0.2909
vn 0.5537 0.8321 -0.0323
vn 0.6916 0.7183 -0.0762
vn 0.7042 0.6184 -0.3488
vn 0.7313 0.6819 -0.0141
vn 0.6270 0.2150 0.7487
vn 0.7989 0.4138 0.4364
vn 0.7699 0.4574 0.4450
vn 0.7390 0.4139 0.5316
vn 0.8422 0.4511 0.2952
vn 0.7753 0.6214 0.1128
vn -0.0403 0.7297 0.6825
vn 0.1665 0.7902 0.5898
vn 0.2542 0.8925 0.3726
vn 0.3220 0.5244 0.7882
vn 0.4832 0.7145 0.5059
vn 0.5172 0.6090 0.6013
vn 0.1727 0.7049 0.6879
vn 0.5313 0.3601 0.7668
vn 0.7412 0.3634 0.5644
vn 0.3988 0.8750 -0.2744
vn 0.1908 0.9458 0.2629
vn 0.4291 0.8875 0.1682
vn 0.7049 0.6445 -0.2963
vn 0.7409 0.6031 -0.2954
vn 0.7179 0.6247 -0.3073
vn 0.5808 0.7477 -0.3219
vn 0.5664 0.7431 -0.3563
vn 0.5033 0.5850 -0.6360
vn 0.7134 0.6162 -0.3336
vn 0.6803 0.6588 -0.3213
vn 0.7584 0.5671 -0.3214
vn 0.7573 0.5475 -0.3559
vn 0.6462 0.7274 0.2307
vn 0.7028 0.6323 0.3261
vn 0.7471 0.5240 0.4091
vn 0.4311 0.8024 0.4127
vn 0.6426 0.4700 0.6051
vn 0.6704 0.4281 -0.6060
vn 0.7451 0.5829 -0.3241
vn 0.6541 0.6776 -0.3362
s 1
f 1//1 2//2 3//3
f 4//4 1//1 3//3
f 5//5 2//2 1//1
f 6//6 1//1 4//4
f 1//1 6//6 5//5
f 3//3 2//2 7//7
f 8//8 7//7 2//2
f 2//2 9//9 10//10
f 2//2 10//10 8//8
f 11//11 9//9 2//2
f 11//11 2//2 5//5
f 3//3 7//7 12//12
f 3//3 13//13 14//14
f 13//13 3//3 12//12
f 3//3 14//14 15//15
f 15//15 4//4 3//3
f 4//4 15//15 16//16
f 17//17 4//4 16//16
f 6//6 4//4 18//18
f 18//18 4//4 17//17
f 19//19 11//11 5//5
f 5//5 6//6 20//20
f 5//5 20//20 19//19
f 21//21 20//20 6//6
f 18//18 21//21 6//6
f 7//7 22//22 12//12
f 8//8 22//22 7//7
f 8//8 23//23 24//24
f 8//8 25//25 26//26
f 24//24 25//25 8//8
f 8//8 26//26 22//22
f 10//10 23//23 8//8
f 27//27 10//10 9//9
f 9//9 11//11 28//28
f 27//27 9//9 28//28
f 27//27 23//23 10//10
f 29//29 11//11 19//19
f 11//11 30//30 28//28
f 29//29 30//30 11//11
f 12//12 31//31 32//32
f 33//33 31//31 12//12
f 13//13 12//12 32//32
f 33//33 12//12 34//34
f 22//22 34//34 12//12
f 13//13 35//35 14//14
f 32//32 36//36 13//13
f 37//37 38//38 13//13
f 37//37 13//13 36//36
f 39//39 35//35 13//13
f 13//13 40//40 39//39
f 13//13 38//38 40//40
f 15//15 14//14 35//35
f 16//16 15//15 35//35
f 16//16 35//35 41//41
f 16//16 42//42 17//17
f 41//41 42//42 16//16
f 17//17 43//43 44//44
f 44//44 18//18 17//17
f 45//45 17//17 46//46
f 46//46 17//17 42//42
f 43//43 17//17 45//45
f 21//21 18//18 44//44
f 19//19 20//20 47//47
f 48//48 19//19 49//49
f 29//29 19//19 48//48
f 49//49 19//19 47//47
f 47//47 20//20 21//21
f 44//44 43//43 21//21
f 50//50 47//47 21//21
f 50//50 21//21 43//43
f 34//34 22//22 26//26
f 51//51 24//24 23//23
f 51//51 23//23 27//27
f 24//24 51//51 25//25
f 26//26 25//25 52//52
f 25//25 53//53 52//52
f 54//54 53//53 25//25
f 54//54 25//25 51//51
f 52//52 34//34 26//26
f 51//51 27//27 55//55
f 27//27 28//28 55//55
f 28//28 56//56 55//55
f 28//28 30//30 57//57
f 28//28 58//58 59//59
f 57//57 58//58 28//28
f 59//59 56//56 28//28
f 48//48 60//60 29//29
f 60//60 30//30 29//29
f 61//61 62//62 30//30
f 62//62 63//63 30//30
f 63//63 57//57 30//30
f 30//30 60//60 61//61
f 32//32 31//31 64//64
f 65//65 31//31 33//33
f 64//64 31//31 66//66
f 66//66 31//31 65//65
f 32//32 64//64 36//36
f 33//33 67//67 68//68
f 65//65 33//33 68//68
f 34//34 67//67 33//33
f 69//69 67//67 34//34
f 34//34 52//52 69//69
f 70//70 35//35 39//39
f 35//35 70//70 41//41
f 36//36 64//64 71//71
f 72//72 36//36 71//71
f 36//36 72//72 73//73
f 36//36 73//73 37//37
f 37//37 74//74 38//38
f 73//73 74//74 37//37
f 38//38 74//74 75//75
f 38//38 75//75 76//76
f 38//38 76//76 40//40
f 39//39 40//40 77//77
f 78//78 70//70 39//39
f 39//39 77//77 78//78
f 40//40 76//76 79//79
f 40//40 79//79 77//77
f 41//41 70//70 80//80
f 41//41 81//81 82//82
f 41//41 46//46 42//42
f 82//82 83//83 41//41
f 41//41 80//80 81//81
f 41//41 83//83 46//46
f 45//45 84//84 43//43
f 84//84 50//50 43//43
f 45//45 46//46 83//83
f 45//45 83//83 85//85
f 45//45 85//85 86//86
f 45//45 86//86 87//87
f 84//84 45//45 87//87
f 47//47 50//50 49//49
f 48//48 49//49 88//88
f 89//89 48//48 90//90
f 91//91 90//90 48//48
f 60//60 48//48 89//89
f 48//48 88//88 91//91
f 49//49 50//50 92//92
f 49//49 93//93 94//94
f 94//94 88//88 49//49
f 93//93 49//49 95//95
f 92//92 95//95 49//49
f 50//50 96//96 92//92
f 96//96 50//50 84//84
f 55//55 97//97 51//51
f 51//51 97//97 54//54
f 52//52 98//98 69//69
f 99//99 98//98 52//52
f 99//99 52//52 53//53
f 53//53 100//100 99//99
f 100//100 53//53 101//101
f 102//102 101//101 53//53
f 54//54 102//102 53//53
f 103//103 102//102 54//54
f 103//103 54//54 104//104
f 97//97 104//104 54//54
f 97//97 55//55 105//105
f 106//106 55//55 56//56
f 105//105 55//55 106//106
f 56//56 59//59 106//106
f 107//107 58//58 57//57
f 57//57 108//108 107//107
f 108//108 57//57 63//63
f 58//58 109//109 59//59
f 110//110 58//58 107//107
f 109//109 58//58 110//110
f 109//109 106//106 59//59
f 60//60 111//111 61//61
f 89//89 111//111 60//60
f 62//62 61//61 111//111
f 112//112 62//62 111//111
f 63//63 62//62 113//113
f 114//114 113//113 62//62
f 62//62 112//112 114//114
f 113//113 108//108 63//63
f 64//64 66//66 115//115
f 71//71 64//64 115//115
f 116//116 117//117 65//65
f 117//117 66//66 65//65
f 65//65 68//68 116//116
f 117//117 118//118 66//66
f 115//115 66//66 118//118
f 68//68 67//67 119//119
f 69//69 119//119 67//67
f 116//116 68//68 119//119
f 98//98 119//119 69//69
f 70//70 78//78 120//120
f 70//70 120//120 80//80
f 71//71 115//115 121//121
f 122//122 71//71 121//121
f 72//72 71//71 122//122
f 123//123 72//72 122//122
f 73//73 72//72 123//123
f 74//74 73//73 123//123
f 74//74 123//123 124//124
f 75//75 74//74 124//124
f 75//75 124//124 125//125
f 126//126 75//75 125//125
f 75//75 126//126 76//76
f 127//127 76//76 126//126
f 79//79 76//76 127//127
f 79//79 128//128 77//77
f 78//78 77//77 128//128
f 128//128 129//129 78//78
f 78//78 130//130 120//120
f 131//131 78//78 129//129
f 130//130 78//78 131//131
f 79//79 127//127 132//132
f 128//128 79//79 132//132
f 120//120 133//133 80//80
f 134//134 81//81 80//80
f 80//80 133//133 134//134
f 82//82 81//81 135//135
f 135//135 81//81 136//136
f 81//81 134//134 136//136
f 85//85 83//83 82//82
f 82//82 135//135 86//86
f 86//86 85//85 82//82
f 87//87 96//96 84//84
f 137//137 138//138 86//86
f 139//139 87//87 86//86
f 138//138 139//139 86//86
f 135//135 137//137 86//86
f 140//140 96//96 87//87
f 140//140 87//87 139//139
f 94//94 141//141 88//88
f 88//88 142//142 91//91
f 141//141 143//143 88//88
f 143//143 142//142 88//88
f 90//90 144//144 89//89
f 89//89 112//112 111//111
f 89//89 144//144 112//112
f 145//145 144//144 90//90
f 91//91 142//142 90//90
f 142//142 146//146 90//90
f 146//146 145//145 90//90
f 147//147 95//95 92//92
f 147//147 92//92 96//96
f 148//148 94//94 93//93
f 93//93 149//149 150//150
f 150//150 148//148 93//93
f 149//149 93//93 95//95
f 148//148 141//141 94//94
f 149//149 95//95 147//147
f 140//140 147//147 96//96
f 104//104 97//97 105//105
f 151//151 119//119 98//98
f 152//152 151//151 98//98
f 98//98 153//153 152//152
f 99//99 153//153 98//98
f 99//99 154//154 153//153
f 100//100 155//155 99//99
f 155//155 154//154 99//99
f 101//101 156//156 100//100
f 155//155 100//100 157//157
f 156//156 157//157 100//100
f 101//101 158//158 156//156
f 102//102 158//158 101//101
f 103//103 158//158 102//102
f 159//159 158//158 103//103
f 104//104 159//159 103//103
f 105//105 160//160 104//104
f 104//104 161//161 159//159
f 161//161 104//104 160//160
f 162//162 105//105 106//106
f 160//160 105//105 162//162
f 106//106 109//109 163//163
f 163//163 162//162 106//106
f 110//110 107//107 164//164
f 164//164 107//107 165//165
f 165//165 107//107 108//108
f 113//113 165//165 108//108
f 166//166 167//167 109//109
f 109//109 110//110 166//166
f 167//167 163//163 109//109
f 164//164 166//166 110//110
f 168//168 114//114 112//112
f 112//112 144//144 145//145
f 145//145 168//168 112//112
f 169//169 113//113 170//170
f 169//169 165//165 113//113
f 114//114 171//171 113//113
f 113//113 171//171 170//170
f 168//168 171//171 114//114
f 121//121 115//115 172//172
f 172//172 115//115 118//118
f 117//117 116//116 173//173
f 174//174 173//173 116//116
f 116//116 175//175 174//174
f 176//176 177//177 116//116
f 177//177 175//175 116//116
f 116//116 119//119 176//176
f 117//117 173//173 178//178
f 178//178 118//118 117//117
f 118//118 178//178 179//179
f 172//172 118//118 179//179
f 119//119 151//151 176//176
f 180//180 120//120 130//130
f 120//120 180//180 133//133
f 122//122 121//121 181//181
f 181//181 121//121 172//172
f 182//182 122//122 181//181
f 123//123 122//122 182//182
f 124//124 123//123 182//182
f 124//124 182//182 183//183
f 125//125 124//124 183//183
f 125//125 183//183 184//184
f 185//185 125//125 184//184
f 126//126 125//125 185//185
f 185//185 127//127 126//126
f 186//186 127//127 185//185
f 132//132 127//127 186//186
f 128//128 132//132 187//187
f 187//187 129//129 128//128
f 188//188 129//129 187//187
f 189//189 131//131 129//129
f 189//189 129//129 188//188
f 130//130 131//131 190//190
f 190//190 180//180 130//130
f 190//190 131//131 189//189
f 132//132 186//186 187//187
f 133//133 191//191 192//192
f 180//180 191//191 133//133
f 133//133 192//192 134//134
f 134//134 192//192 193//193
f 194//194 195//195 134//134
f 134//134 193//193 194//194
f 136//136 134//134 195//195
f 137//137 135//135 196//196
f 136//136 197//197 135//135
f 135//135 197//197 198//198
f 199//199 196//196 135//135
f 199//199 135//135 198//198
f 195//195 197//197 136//136
f 200//200 138//138 137//137
f 196//196 201//201 137//137
f 201//201 202//202 137//137
f 202//202 200//200 137//137
f 203//203 204//204 138//138
f 204//204 139//139 138//138
f 203//203 138//138 200//200
f 204//204 205//205 139//139
f 139//139 205//205 140//140
f 206//206 147//147 140//140
f 206//206 140//140 205//205
f 141//141 148//148 150//150
f 150//150 143//143 141//141
f 146//146 142//142 207//207
f 143//143 207//207 142//142
f 208//208 143//143 150//150
f 209//209 210//210 143//143
f 207//207 143//143 210//210
f 143//143 208//208 209//209
f 211//211 145//145 146//146
f 145//145 211//211 168//168
f 210//210 146//146 207//207
f 212//212 213//213 146//146
f 213//213 211//211 146//146
f 146//146 210//210 212//212
f 206//206 149//149 147//147
f 150//150 149//149 206//206
f 150//150 206//206 208//208
f 214//214 176//176 151//151
f 215//215 214//214 151//151
f 151//151 152//152 215//215
f 152//152 153//153 216//216
f 216//216 217//217 152//152
f 152//152 217//217 215//215
f 153//153 154//154 216//216
f 218//218 219//219 154//154
f 219//219 216//216 154//154
f 154//154 155//155 218//218
f 218//218 155//155 157//157
f 156//156 220//220 157//157
f 221//221 220//220 156//156
f 156//156 158//158 221//221
f 218//218 157//157 222//222
f 220//220 222//222 157//157
f 158//158 161//161 223//223
f 161//161 158//158 159//159
f 224//224 160//160 225//225
f 226//226 160//160 224//224
f 161//161 160//160 226//226
f 162//162 225//225 160//160
f 226//226 223//223 161//161
f 225//225 162//162 227//227
f 163//163 227//227 162//162
f 228//228 229//229 163//163
f 229//229 227//227 163//163
f 167//167 228//228 163//163
f 164//164 169//169 230//230
f 164//164 231//231 166//166
f 232//232 164//164 230//230
f 164//164 232//232 233//233
f 164//164 165//165 169//169
f 233//233 231//231 164//164
f 231//231 167//167 166//166
f 167//167 231//231 234//234
f 234//234 235//235 167//167
f 235//235 228//228 167//167
f 211//211 236//236 168//168
f 168//168 236//236 170//170
f 168//168 170//170 171//171
f 170//170 230//230 169//169
f 170//170 236//236 213//213
f 213//213 230//230 170//170
f 172//172 179//179 181//181
f 237//237 178//178 173//173
f 173//173 174//174 237//237
f 237//237 174//174 238//238
f 239//239 238//238 174//174
f 239//239 174//174 175//175
f 175//175 177//177 214//214
f 239//239 175//175 214//214
f 177//177 176//176 214//214
f 240//240 178//178 241//241
f 178//178 237//237 241//241
f 179//179 178//178 240//240
f 242//242 179//179 243//243
f 179//179 240//240 244//244
f 179//179 244//244 243//243
f 181//181 179//179 242//242
f 245//245 180//180 190//190
f 191//191 180//180 245//245
f 242//242 246//246 181//181
f 182//182 181//181 246//246
f 183//183 182//182 246//246
f 183//183 246//246 247//247
f 184//184 183//183 247//247
f 184//184 247//247 248//248
f 248//248 249//249 184//184
f 249//249 185//185 184//184
f 249//249 186//186 185//185
f 187//187 186//186 249//249
f 249//249 250//250 187//187
f 250//250 251//251 187//187
f 188//188 187//187 251//251
f 189//189 188//188 251//251
f 251//251 252//252 189//189
f 253//253 189//189 252//252
f 190//190 189//189 253//253
f 254//254 190//190 253//253
f 254//254 245//245 190//190
f 255//255 192//192 191//191
f 191//191 245//245 255//255
f 192//192 255//255 256//256
f 256//256 193//193 192//192
f 257//257 193//193 256//256
f 257//257 258//258 193//193
f 194//194 193//193 258//258
f 259//259 195//195 194//194
f 258//258 259//259 194//194
f 259//259 260//260 195//195
f 195//195 260//260 197//197
f 196//196 261//261 201//201
f 196//196 199//199 261//261
f 260//260 198//198 197//197
f 262//262 198//198 260//260
f 199//199 198//198 262//262
f 199//199 263//263 264//264
f 264//264 265//265 199//199
f 261//261 199//199 265//265
f 199//199 266//266 263//263
f 199//199 262//262 267//267
f 266//266 199//199 267//267
f 203//203 200//200 268//268
f 268//268 200//200 269//269
f 200//200 202//202 269//269
f 201//201 261//261 202//202
f 202//202 270//270 269//269
f 261//261 270//270 202//202
f 204//204 203//203 268//268
f 208//208 205//205 204//204
f 209//209 208//208 204//204
f 209//209 204//204 268//268
f 206//206 205//205 208//208
f 271//271 210//210 209//209
f 209//209 268//268 271//271
f 272//272 212//212 210//210
f 273//273 272//272 210//210
f 274//274 210//210 271//271
f 210//210 274//274 273//273
f 213//213 236//236 211//211
f 275//275 213//213 212//212
f 212//212 272//272 276//276
f 276//276 275//275 212//212
f 213//213 232//232 230//230
f 275//275 232//232 213//213
f 214//214 215//215 239//239
f 215//215 277//277 239//239
f 215//215 217//217 277//277
f 217//217 216//216 278//278
f 278//278 216//216 219//219
f 277//277 217//217 278//278
f 279//279 219//219 218//218
f 218//218 222//222 279//279
f 219//219 280//280 281//281
f 219//219 281//281 278//278
f 219//219 279//279 280//280
f 223//223 220//220 221//221
f 226//226 220//220 223//223
f 226//226 222//222 220//220
f 223//223 221//221 158//158
f 279//279 222//222 226//226
f 225//225 282//282 224//224
f 226//226 224//224 282//282
f 225//225 283//283 282//282
f 227//227 283//283 225//225
f 284//284 226//226 282//282
f 279//279 226//226 284//284
f 285//285 227//227 229//229
f 286//286 283//283 227//227
f 227//227 285//285 286//286
f 229//229 228//228 287//287
f 287//287 228//228 235//235
f 288//288 229//229 287//287
f 229//229 289//289 285//285
f 231//231 290//290 234//234
f 290//290 231//231 233//233
f 232//232 275//275 276//276
f 290//290 232//232 291//291
f 232//232 290//290 233//233
f 232//232 276//276 291//291
f 292//292 293//293 234//234
f 293//293 294//294 234//234
f 234//234 294//294 235//235
f 234//234 290//290 292//292
f 235//235 288//288 287//287
f 294//294 288//288 235//235
f 241//241 237//237 238//238
f 238//238 295//295 241//241
f 295//295 238//238 296//296
f 238//238 239//239 296//296
f 277//277 296//296 239//239
f 241//241 295//295 240//240
f 297//297 244//244 240//240
f 240//240 295//295 297//297
f 298//298 242//242 243//243
f 242//242 298//298 299//299
f 242//242 299//299 300//300
f 300//300 246//246 242//242
f 243//243 301//301 298//298
f 243//243 244//244 301//301
f 297//297 302//302 244//244
f 301//301 244//244 303//303
f 303//303 244//244 302//302
f 255//255 245//245 254//254
f 247//247 246//246 300//300
f 248//248 247//247 304//304
f 247//247 300//300 304//304
f 304//304 305//305 248//248
f 248//248 305//305 306//306
f 249//249 248//248 307//307
f 306//306 307//307 248//248
f 250//250 249//249 307//307
f 252//252 250//250 308//308
f 252//252 251//251 250//250
f 308//308 250//250 307//307
f 309//309 253//253 252//252
f 309//309 252//252 308//308
f 254//254 253//253 309//309
f 310//310 254//254 309//309
f 255//255 254//254 310//310
f 310//310 256//256 255//255
f 311//311 256//256 310//310
f 256//256 311//311 312//312
f 312//312 257//257 256//256
f 257//257 312//312 313//313
f 313//313 314//314 257//257
f 258//258 257//257 314//314
f 314//314 315//315 258//258
f 315//315 316//316 258//258
f 259//259 258//258 317//317
f 316//316 317//317 258//258
f 259//259 317//317 318//318
f 318//318 260//260 259//259
f 267//267 260//260 318//318
f 262//262 260//260 267//267
f 319//319 320//320 261//261
f 265//265 319//319 261//261
f 261//261 321//321 270//270
f 320//320 321//321 261//261
f 263//263 322//322 264//264
f 266//266 322//322 263//263
f 265//265 264//264 323//323
f 322//322 323//323 264//264
f 319//319 265//265 323//323
f 324//324 322//322 266//266
f 266//266 267//267 325//325
f 266//266 325//325 326//326
f 326//326 324//324 266//266
f 267//267 318//318 327//327
f 325//325 267//267 327//327
f 269//269 271//271 268//268
f 270//270 271//271 269//269
f 271//271 270//270 321//321
f 271//271 321//321 274//274
f 328//328 276//276 272//272
f 329//329 330//330 272//272
f 272//272 273//273 329//329
f 331//331 272//272 330//330
f 328//328 272//272 331//331
f 332//332 273//273 274//274
f 333//333 273//273 332//332
f 329//329 273//273 333//333
f 321//321 334//334 274//274
f 274//274 334//334 332//332
f 335//335 291//291 276//276
f 276//276 336//336 335//335
f 336//336 276//276 328//328
f 296//296 277//277 337//337
f 338//338 277//277 278//278
f 277//277 339//339 340//340
f 277//277 340//340 337//337
f 338//338 339//339 277//277
f 338//338 278//278 341//341
f 341//341 278//278 281//281
f 342//342 280//280 279//279
f 279//279 343//343 342//342
f 343//343 279//279 284//284
f 281//281 280//280 344//344
f 280//280 345//345 344//344
f 346//346 345//345 280//280
f 280//280 342//342 346//346
f 347//347 341//341 281//281
f 344//344 347//347 281//281
f 286//286 282//282 283//283
f 286//286 284//284 282//282
f 284//284 286//286 348//348
f 343//343 284//284 348//348
f 285//285 289//289 349//349
f 349//349 286//286 285//285
f 349//349 350//350 286//286
f 348//348 286//286 350//350
f 351//351 229//229 288//288
f 351//351 288//288 352//352
f 293//293 352//352 288//288
f 288//288 294//294 293//293
f 351//351 289//289 229//229
f 353//353 289//289 351//351
f 289//289 353//353 349//349
f 291//291 292//292 290//290
f 291//291 335//335 354//354
f 291//291 354//354 293//293
f 293//293 292//292 291//291
f 354//354 352//352 293//293
f 295//295 355//355 297//297
f 355//355 295//295 356//356
f 356//356 295//295 296//296
f 337//337 356//356 296//296
f 355//355 302//302 297//297
f 298//298 301//301 357//357
f 298//298 357//357 358//358
f 304//304 298//298 358//358
f 299//299 298//298 304//304
f 300//300 299//299 304//304
f 303//303 357//357 301//301
f 359//359 302//302 355//355
f 359//359 303//303 302//302
f 303//303 358//358 357//357
f 303//303 359//359 360//360
f 358//358 303//303 360//360
f 305//305 304//304 361//361
f 361//361 304//304 358//358
f 306//306 305//305 361//361
f 306//306 308//308 307//307
f 362//362 306//306 361//361
f 308//308 306//306 362//362
f 363//363 308//308 362//362
f 364//364 309//309 308//308
f 308//308 363//363 364//364
f 309//309 365//365 310//310
f 309//309 364//364 366//366
f 309//309 366//366 367//367
f 365//365 309//309 367//367
f 310//310 365//365 311//311
f 313//313 312//312 311//311
f 313//313 311//311 367//367
f 367//367 311//311 365//365
f 314//314 313//313 368//368
f 367//367 368//368 313//313
f 314//314 368//368 315//315
f 369//369 315//315 370//370
f 315//315 368//368 370//370
f 369//369 316//316 315//315
f 316//316 369//369 371//371
f 372//372 317//317 316//316
f 373//373 372//372 316//316
f 373//373 316//316 371//371
f 372//372 374//374 317//317
f 327//327 318//318 317//317
f 317//317 374//374 327//327
f 320//320 319//319 375//375
f 323//323 375//375 319//319
f 375//375 332//332 320//320
f 320//320 334//334 321//321
f 334//334 320//320 332//332
f 376//376 323//323 377//377
f 322//322 377//377 323//323
f 375//375 323//323 376//376
f 378//378 322//322 324//324
f 324//324 326//326 379//379
f 380//380 378//378 324//324
f 381//381 324//324 379//379
f 380//380 324//324 381//381
f 322//322 378//378 377//377
f 374//374 325//325 327//327
f 325//325 374//374 382//382
f 326//326 325//325 383//383
f 383//383 325//325 382//382
f 384//384 326//326 383//383
f 379//379 326//326 384//384
f 336//336 328//328 331//331
f 385//385 330//330 329//329
f 386//386 329//329 387//387
f 329//329 386//386 388//388
f 333//333 387//387 329//329
f 329//329 389//389 385//385
f 389//389 329//329 388//388
f 385//385 331//331 330//330
f 331//331 390//390 336//336
f 390//390 331//331 385//385
f 391//391 332//332 375//375
f 391//391 333//333 332//332
f 387//387 333//333 391//391
f 392//392 354//354 335//335
f 336//336 392//392 335//335
f 390//390 393//393 336//336
f 393//393 394//394 336//336
f 392//392 336//336 395//395
f 394//394 396//396 336//336
f 395//395 336//336 396//396
f 356//356 337//337 359//359
f 337//337 397//397 360//360
f 360//360 359//359 337//337
f 337//337 340//340 397//397
f 341//341 398//398 338//338
f 399//399 338//338 398//398
f 338//338 399//399 400//400
f 400//400 339//339 338//338
f 339//339 401//401 340//340
f 402//402 401//401 339//339
f 339//339 400//400 403//403
f 402//402 339//339 403//403
f 401//401 404//404 340//340
f 404//404 397//397 340//340
f 341//341 347//347 398//398
f 346//346 342//342 405//405
f 342//342 343//343 406//406
f 406//406 405//405 342//342
f 348//348 407//407 343//343
f 343//343 407//407 408//408
f 406//406 343//343 408//408
f 347//347 344//344 409//409
f 410//410 344//344 411//411
f 409//409 344//344 410//410
f 345//345 411//411 344//344
f 411//411 345//345 346//346
f 346//346 412//412 411//411
f 413//413 412//412 346//346
f 405//405 414//414 346//346
f 415//415 346//346 414//414
f 416//416 413//413 346//346
f 415//415 416//416 346//346
f 409//409 398//398 347//347
f 350//350 417//417 348//348
f 407//407 348//348 418//418
f 348//348 417//417 418//418
f 419//419 420//420 349//349
f 349//349 353//353 419//419
f 421//421 422//422 349//349
f 422//422 350//350 349//349
f 349//349 420//420 421//421
f 422//422 417//417 350//350
f 423//423 424//424 351//351
f 424//424 353//353 351//351
f 351//351 425//425 423//423
f 351//351 352//352 425//425
f 426//426 352//352 354//354
f 426//426 425//425 352//352
f 419//419 353//353 424//424
f 426//426 354//354 392//392
f 356//356 359//359 355//355
f 427//427 361//361 358//358
f 358//358 428//428 427//427
f 358//358 360//360 429//429
f 430//430 431//431 358//358
f 428//428 358//358 431//431
f 430//430 358//358 429//429
f 432//432 360//360 397//397
f 429//429 360//360 432//432
f 427//427 362//362 361//361
f 363//363 362//362 427//427
f 364//364 363//363 427//427
f 427//427 428//428 364//364
f 366//366 364//364 433//433
f 364//364 428//428 433//433
f 367//367 366//366 434//434
f 434//434 366//366 433//433
f 367//367 434//434 368//368
f 370//370 368//368 434//434
f 435//435 369//369 370//370
f 435//435 371//371 369//369
f 370//370 434//434 435//435
f 371//371 436//436 373//373
f 436//436 371//371 435//435
f 373//373 437//437 372//372
f 374//374 372//372 437//437
f 438//438 437//437 373//373
f 373//373 436//436 439//439
f 439//439 438//438 373//373
f 382//382 374//374 437//437
f 375//375 376//376 391//391
f 377//377 378//378 376//376
f 376//376 378//378 380//380
f 376//376 440//440 441//441
f 442//442 440//440 376//376
f 441//441 391//391 376//376
f 376//376 380//380 442//442
f 443//443 379//379 384//384
f 379//379 444//444 381//381
f 444//444 379//379 443//443
f 442//442 380//380 381//381
f 381//381 444//444 445//445
f 446//446 381//381 445//445
f 381//381 446//446 442//442
f 382//382 447//447 383//383
f 437//437 438//438 382//382
f 447//447 382//382 448//448
f 448//448 382//382 438//438
f 384//384 383//383 447//447
f 384//384 447//447 449//449
f 443//443 384//384 450//450
f 450//450 384//384 449//449
f 385//385 451//451 390//390
f 451//451 385//385 452//452
f 453//453 452//452 385//385
f 453//453 385//385 389//389
f 387//387 454//454 386//386
f 388//388 386//386 454//454
f 454//454 387//387 455//455
f 456//456 455//455 387//387
f 387//387 391//391 456//456
f 455//455 457//457 388//388
f 388//388 454//454 455//455
f 453//453 389//389 388//388
f 457//457 453//453 388//388
f 393//393 390//390 451//451
f 391//391 441//441 456//456
f 392//392 458//458 426//426
f 459//459 458//458 392//392
f 395//395 460//460 392//392
f 459//459 392//392 460//460
f 394//394 393//393 461//461
f 451//451 461//461 393//393
f 396//396 394//394 462//462
f 462//462 394//394 461//461
f 463//463 460//460 395//395
f 463//463 395//395 396//396
f 462//462 463//463 396//396
f 397//397 404//404 464//464
f 432//432 397//397 464//464
f 398//398 465//465 399//399
f 398//398 409//409 465//465
f 400//400 399//399 465//465
f 466//466 403//403 400//400
f 400//400 467//467 468//468
f 467//467 400//400 469//469
f 465//465 469//469 400//400
f 468//468 466//466 400//400
f 470//470 401//401 471//471
f 471//471 401//401 402//402
f 470//470 404//404 401//401
f 403//403 471//471 402//402
f 471//471 403//403 472//472
f 473//473 472//472 403//403
f 466//466 474//474 403//403
f 403//403 474//474 473//473
f 470//470 464//464 404//404
f 414//414 405//405 475//475
f 405//405 406//406 475//475
f 475//475 406//406 476//476
f 406//406 408//408 476//476
f 418//418 477//477 407//407
f 477//477 408//408 407//407
f 476//476 408//408 478//478
f 478//478 408//408 479//479
f 477//477 479//479 408//408
f 469//469 465//465 409//409
f 409//409 410//410 469//469
f 412//412 410//410 411//411
f 469//469 410//410 480//480
f 480//480 410//410 412//412
f 481//481 480//480 412//412
f 482//482 412//412 413//413
f 481//481 412//412 482//482
f 482//482 413//413 416//416
f 414//414 483//483 484//484
f 414//414 484//484 415//415
f 485//485 414//414 475//475
f 486//486 487//487 414//414
f 486//486 414//414 485//485
f 487//487 483//483 414//414
f 416//416 415//415 484//484
f 416//416 488//488 489//489
f 489//489 482//482 416//416
f 488//488 416//416 484//484
f 490//490 418//418 417//417
f 491//491 417//417 422//422
f 490//490 417//417 491//491
f 477//477 418//418 492//492
f 493//493 492//492 418//418
f 490//490 493//493 418//418
f 420//420 419//419 494//494
f 421//421 420//420 494//494
f 495//495 422//422 421//421
f 494//494 496//496 421//421
f 495//495 421//421 496//496
f 422//422 495//495 491//491
f 419//419 424//424 423//423
f 425//425 497//497 423//423
f 497//497 419//419 423//423
f 425//425 426//426 498//498
f 498//498 497//497 425//425
f 458//458 499//499 426//426
f 499//499 498//498 426//426
f 428//428 431//431 433//433
f 429//429 500//500 501//501
f 501//501 430//430 429//429
f 429//429 432//432 500//500
f 431//431 430//430 502//502
f 502//502 430//430 501//501
f 433//433 431//431 503//503
f 504//504 505//505 431//431
f 431//431 502//502 504//504
f 431//431 505//505 506//506
f 431//431 506//506 507//507
f 508//508 503//503 431//431
f 507//507 508//508 431//431
f 432//432 509//509 500//500
f 509//509 432//432 510//510
f 432//432 464//464 510//510
f 433//433 503//503 434//434
f 503//503 511//511 434//434
f 434//434 511//511 512//512
f 512//512 435//435 434//434
f 439//439 436//436 435//435
f 513//513 514//514 435//435
f 435//435 512//512 513//513
f 439//439 435//435 515//515
f 514//514 515//515 435//435
f 448//448 438//438 439//439
f 516//516 448//448 439//439
f 439//439 515//515 516//516
f 440//440 456//456 441//441
f 440//440 455//455 456//456
f 446//446 517//517 440//440
f 517//517 455//455 440//440
f 446//446 440//440 442//442
f 444//444 443//443 518//518
f 443//443 519//519 518//518
f 519//519 443//443 450//450
f 445//445 444//444 518//518
f 518//518 520//520 445//445
f 445//445 521//521 522//522
f 446//446 445//445 522//522
f 521//521 445//445 520//520
f 523//523 524//524 446//446
f 446//446 522//522 523//523
f 525//525 446//446 524//524
f 526//526 446//446 525//525
f 526//526 517//517 446//446
f 449//449 447//447 448//448
f 449//449 448//448 527//527
f 527//527 448//448 516//516
f 449//449 528//528 450//450
f 528//528 449//449 527//527
f 450//450 528//528 519//519
f 461//461 451//451 529//529
f 451//451 452//452 529//529
f 452//452 453//453 529//529
f 457//457 530//530 453//453
f 529//529 453//453 530//530
f 455//455 526//526 457//457
f 526//526 455//455 517//517
f 457//457 526//526 531//531
f 531//531 530//530 457//457
f 532//532 499//499 458//458
f 458//458 533//533 532//532
f 459//459 534//534 458//458
f 458//458 535//535 533//533
f 535//535 458//458 534//534
f 536//536 534//534 459//459
f 459//459 460//460 536//536
f 463//463 537//537 460//460
f 536//536 460//460 537//537
f 530//530 461//461 529//529
f 538//538 461//461 530//530
f 462//462 461//461 538//538
f 539//539 463//463 462//462
f 538//538 539//539 462//462
f 539//539 540//540 463//463
f 463//463 541//541 537//537
f 540//540 541//541 463//463
f 464//464 470//470 542//542
f 464//464 542//542 543//543
f 543//543 510//510 464//464
f 544//544 474//474 466//466
f 545//545 546//546 466//466
f 466//466 546//546 544//544
f 466//466 468//468 545//545
f 467//467 547//547 468//468
f 469//469 547//547 467//467
f 545//545 468//468 548//548
f 548//548 468//468 547//547
f 480//480 549//549 469//469
f 469//469 549//549 548//548
f 548//548 547//547 469//469
f 472//472 470//470 471//471
f 472//472 542//542 470//470
f 473//473 550//550 472//472
f 542//542 472//472 550//550
f 550//550 473//473 551//551
f 474//474 551//551 473//473
f 544//544 551//551 474//474
f 475//475 476//476 478//478
f 552//552 485//485 475//475
f 552//552 475//475 478//478
f 553//553 479//479 477//477
f 553//553 477//477 492//492
f 478//478 479//479 554//554
f 478//478 554//554 552//552
f 554//554 479//479 553//553
f 555//555 549//549 480//480
f 480//480 481//481 555//555
f 481//481 556//556 555//555
f 556//556 481//481 557//557
f 482//482 489//489 481//481
f 481//481 489//489 557//557
f 483//483 558//558 484//484
f 487//487 558//558 483//483
f 559//559 488//488 484//484
f 560//560 484//484 558//558
f 561//561 484//484 560//560
f 561//561 559//559 484//484
f 486//486 485//485 552//552
f 562//562 487//487 486//486
f 552//552 563//563 486//486
f 564//564 486//486 563//563
f 562//562 486//486 564//564
f 487//487 565//565 566//566
f 487//487 562//562 565//565
f 566//566 558//558 487//487
f 489//489 488//488 559//559
f 489//489 567//567 568//568
f 557//557 489//489 569//569
f 568//568 569//569 489//489
f 567//567 489//489 559//559
f 570//570 493//493 490//490
f 491//491 570//570 490//490
f 495//495 570//570 491//491
f 492//492 571//571 553//553
f 571//571 492//492 572//572
f 572//572 492//492 493//493
f 570//570 572//572 493//493
f 494//494 419//419 573//573
f 574//574 496//496 494//494
f 573//573 574//574 494//494
f 575//575 419//419 576//576
f 573//573 419//419 575//575
f 576//576 419//419 497//497
f 496//496 577//577 495//495
f 572//572 570//570 495//495
f 495//495 577//577 572//572
f 578//578 577//577 496//496
f 574//574 578//578 496//496
f 498//498 576//576 497//497
f 576//576 498//498 532//532
f 499//499 532//532 498//498
f 579//579 501//501 500//500
f 509//509 579//579 500//500
f 504//504 502//502 501//501
f 501//501 580//580 504//504
f 580//580 501//501 579//579
f 581//581 503//503 508//508
f 503//503 581//581 582//582
f 511//511 503//503 582//582
f 505//505 504//504 583//583
f 580//580 584//584 504//504
f 584//584 583//583 504//504
f 505//505 583//583 585//585
f 506//506 505//505 586//586
f 585//585 586//586 505//505
f 586//586 587//587 506//506
f 507//507 506//506 587//587
f 507//507 587//587 508//508
f 586//586 508//508 587//587
f 588//588 508//508 586//586
f 508//508 589//589 581//581
f 589//589 508//508 588//588
f 590//590 509//509 591//591
f 592//592 509//509 590//590
f 579//579 509//509 592//592
f 510//510 591//591 509//509
f 593//593 510//510 543//543
f 591//591 510//510 593//593
f 582//582 512//512 511//511
f 513//513 512//512 582//582
f 594//594 513//513 582//582
f 594//594 514//514 513//513
f 514//514 595//595 515//515
f 514//514 594//594 595//595
f 516//516 515//515 595//595
f 527//527 516//516 596//596
f 595//595 597//597 516//516
f 598//598 596//596 516//516
f 598//598 516//516 597//597
f 599//599 518//518 519//519
f 599//599 600//600 518//518
f 518//518 600//600 601//601
f 601//601 520//520 518//518
f 519//519 528//528 602//602
f 602//602 599//599 519//519
f 520//520 603//603 521//521
f 603//603 520//520 601//601
f 522//522 521//521 523//523
f 524//524 523//523 521//521
f 524//524 531//531 525//525
f 604//604 531//531 524//524
f 524//524 521//521 605//605
f 524//524 606//606 604//604
f 607//607 606//606 524//524
f 524//524 605//605 607//607
f 531//531 526//526 525//525
f 596//596 608//608 527//527
f 527//527 608//608 528//528
f 608//608 609//609 528//528
f 528//528 609//609 602//602
f 610//610 530//530 531//531
f 538//538 530//530 610//610
f 531//531 604//604 611//611
f 611//611 610//610 531//531
f 575//575 576//576 532//532
f 532//532 612//612 575//575
f 533//533 612//612 532//532
f 613//613 533//533 614//614
f 613//613 612//612 533//533
f 615//615 614//614 533//533
f 535//535 615//615 533//533
f 536//536 535//535 534//534
f 535//535 616//616 615//615
f 616//616 535//535 536//536
f 617//617 618//618 536//536
f 619//619 620//620 536//536
f 536//536 618//618 619//619
f 537//537 617//617 536//536
f 616//616 536//536 620//620
f 537//537 541//541 617//617
f 538//538 621//621 539//539
f 622//622 538//538 623//623
f 610//610 623//623 538//538
f 621//621 538//538 622//622
f 540//540 539//539 621//621
f 540//540 624//624 541//541
f 621//621 624//624 540//540
f 543//543 542//542 550//550
f 625//625 543//543 550//550
f 593//593 543//543 625//625
f 551//551 544//544 626//626
f 546//546 626//626 544//544
f 627//627 546//546 545//545
f 628//628 627//627 545//545
f 545//545 548//548 628//628
f 627//627 626//626 546//546
f 628//628 548//548 629//629
f 630//630 629//629 548//548
f 631//631 630//630 548//548
f 548//548 549//549 631//631
f 631//631 549//549 555//555
f 550//550 632//632 625//625
f 632//632 550//550 551//551
f 551//551 633//633 632//632
f 551//551 626//626 633//633
f 554//554 634//634 552//552
f 563//563 552//552 634//634
f 554//554 553//553 571//571
f 635//635 636//636 554//554
f 571//571 635//635 554//554
f 637//637 638//638 554//554
f 554//554 636//636 637//637
f 554//554 638//638 634//634
f 631//631 555//555 639//639
f 640//640 639//639 555//555
f 555//555 556//556 640//640
f 557//557 641//641 556//556
f 641//641 640//640 556//556
f 569//569 642//642 557//557
f 643//643 557//557 642//642
f 557//557 643//643 641//641
f 558//558 566//566 560//560
f 567//567 559//559 644//644
f 561//561 644//644 559//559
f 561//561 560//560 645//645
f 566//566 646//646 560//560
f 647//647 645//645 560//560
f 560//560 646//646 647//647
f 645//645 644//644 561//561
f 648//648 565//565 562//562
f 562//562 649//649 650//650
f 562//562 564//564 649//649
f 648//648 562//562 650//650
f 563//563 651//651 564//564
f 634//634 651//651 563//563
f 652//652 649//649 564//564
f 564//564 651//651 652//652
f 565//565 653//653 566//566
f 654//654 653//653 565//565
f 565//565 655//655 654//654
f 648//648 655//655 565//565
f 566//566 653//653 646//646
f 568//568 567//567 642//642
f 642//642 567//567 656//656
f 656//656 567//567 657//657
f 644//644 657//657 567//567
f 642//642 569//569 568//568
f 571//571 572//572 635//635
f 635//635 572//572 577//577
f 575//575 574//574 573//573
f 578//578 574//574 575//575
f 575//575 612//612 578//578
f 577//577 658//658 635//635
f 613//613 658//658 577//577
f 577//577 578//578 613//613
f 578//578 612//612 613//613
f 579//579 584//584 580//580
f 582//582 581//581 589//589
f 582//582 659//659 594//594
f 660//660 661//661 582//582
f 582//582 589//589 660//660
f 582//582 661//661 662//662
f 659//659 582//582 662//662
f 584//584 663//663 583//583
f 664//664 583//583 663//663
f 585//585 583//583 664//664
f 663//663 584//584 665//665
f 584//584 579//579 665//665
f 585//585 666//666 586//586
f 666//666 585//585 664//664
f 586//586 666//666 588//588
f 660//660 589//589 588//588
f 588//588 666//666 660//660
f 593//593 590//590 591//591
f 590//590 593//593 667//667
f 592//592 590//590 667//667
f 667//667 665//665 592//592
f 665//665 579//579 592//592
f 659//659 668//668 594//594
f 668//668 595//595 594//594
f 595//595 668//668 669//669
f 597//597 595//595 669//669
f 608//608 596//596 598//598
f 670//670 598//598 597//597
f 597//597 669//669 670//670
f 671//671 608//608 598//598
f 671//671 598//598 670//670
f 600//600 599//599 672//672
f 602//602 673//673 599//599
f 672//672 599//599 673//673
f 674//674 601//601 600//600
f 672//672 674//674 600//600
f 605//605 603//603 601//601
f 601//601 674//674 605//605
f 675//675 673//673 602//602
f 675//675 602//602 609//609
f 605//605 521//521 603//603
f 604//604 606//606 676//676
f 611//611 604//604 676//676
f 605//605 674//674 677//677
f 677//677 607//607 605//605
f 676//676 606//606 607//607
f 678//678 607//607 679//679
f 679//679 607//607 677//677
f 680//680 607//607 678//678
f 607//607 680//680 681//681
f 681//681 676//676 607//607
f 609//609 608//608 671//671
f 671//671 675//675 609//609
f 623//623 610//610 682//682
f 611//611 683//683 610//610
f 610//610 683//683 682//682
f 676//676 684//684 611//611
f 683//683 611//611 684//684
f 658//658 613//613 614//614
f 614//614 685//685 658//658
f 685//685 614//614 686//686
f 615//615 686//686 614//614
f 616//616 686//686 615//615
f 616//616 687//687 686//686
f 620//620 687//687 616//616
f 618//618 617//617 688//688
f 541//541 688//688 617//617
f 689//689 618//618 688//688
f 619//619 618//618 690//690
f 689//689 690//690 618//618
f 619//619 691//691 620//620
f 690//690 692//692 619//619
f 692//692 691//691 619//619
f 687//687 620//620 693//693
f 693//693 620//620 691//691
f 624//624 621//621 689//689
f 694//694 689//689 621//621
f 694//694 621//621 622//622
f 695//695 622//622 623//623
f 695//695 696//696 622//622
f 622//622 696//696 694//694
f 697//697 695//695 623//623
f 682//682 697//697 623//623
f 698//698 624//624 689//689
f 541//541 624//624 698//698
f 698//698 688//688 541//541
f 699//699 593//593 625//625
f 632//632 699//699 625//625
f 700//700 626//626 627//627
f 700//700 633//633 626//626
f 627//627 628//628 700//700
f 701//701 700//700 628//628
f 629//629 702//702 628//628
f 702//702 701//701 628//628
f 703//703 702//702 629//629
f 629//629 630//630 703//703
f 639//639 704//704 630//630
f 639//639 630//630 631//631
f 630//630 705//705 706//706
f 705//705 630//630 704//704
f 703//703 630//630 706//706
f 632//632 633//633 707//707
f 707//707 708//708 632//632
f 709//709 632//632 708//708
f 710//710 699//699 632//632
f 710//710 632//632 709//709
f 633//633 700//700 707//707
f 634//634 638//638 711//711
f 651//651 634//634 712//712
f 711//711 712//712 634//634
f 658//658 636//636 635//635
f 685//685 636//636 658//658
f 637//637 636//636 685//685
f 638//638 637//637 685//685
f 711//711 638//638 685//685
f 704//704 639//639 713//713
f 713//713 639//639 640//640
f 640//640 641//641 713//713
f 641//641 643//643 714//714
f 641//641 714//714 713//713
f 642//642 656//656 643//643
f 643//643 656//656 715//715
f 714//714 643//643 716//716
f 643//643 715//715 716//716
f 717//717 718//718 644//644
f 644//644 645//645 717//717
f 644//644 718//718 657//657
f 717//717 645//645 719//719
f 647//647 720//720 645//645
f 645//645 720//720 719//719
f 646//646 721//721 647//647
f 653//653 721//721 646//646
f 722//722 720//720 647//647
f 647//647 723//723 722//722
f 721//721 723//723 647//647
f 724//724 655//655 648//648
f 724//724 648//648 650//650
f 652//652 650//650 649//649
f 650//650 725//725 724//724
f 726//726 650//650 652//652
f 727//727 728//728 650//650
f 725//725 650//650 728//728
f 727//727 650//650 726//726
f 651//651 712//712 729//729
f 729//729 652//652 651//651
f 730//730 652//652 729//729
f 730//730 726//726 652//652
f 653//653 731//731 721//721
f 731//731 653//653 654//654
f 654//654 655//655 731//731
f 724//724 732//732 655//655
f 655//655 732//732 731//731
f 656//656 657//657 716//716
f 716//716 715//715 656//656
f 716//716 657//657 733//733
f 718//718 733//733 657//657
f 734//734 659//659 662//662
f 669//669 659//659 735//735
f 735//735 659//659 736//736
f 669//669 668//668 659//659
f 736//736 659//659 734//734
f 737//737 661//661 660//660
f 660//660 666//666 738//738
f 660//660 738//738 737//737
f 739//739 662//662 661//661
f 661//661 737//737 739//739
f 662//662 739//739 734//734
f 665//665 667//667 663//663
f 663//663 709//709 740//740
f 667//667 709//709 663//663
f 741//741 663//663 740//740
f 664//664 663//663 741//741
f 664//664 742//742 743//743
f 743//743 666//666 664//664
f 742//742 664//664 744//744
f 664//664 741//741 744//744
f 666//666 743//743 745//745
f 745//745 746//746 666//666
f 746//746 738//738 666//666
f 593//593 699//699 667//667
f 699//699 710//710 667//667
f 667//667 710//710 709//709
f 669//669 735//735 670//670
f 735//735 747//747 670//670
f 670//670 748//748 671//671
f 748//748 670//670 749//749
f 749//749 670//670 747//747
f 750//750 671//671 751//751
f 750//750 675//675 671//671
f 671//671 748//748 751//751
f 752//752 753//753 672//672
f 672//672 673//673 754//754
f 754//754 755//755 672//672
f 672//672 755//755 752//752
f 753//753 674//674 672//672
f 673//673 756//756 754//754
f 757//757 756//756 673//673
f 757//757 673//673 675//675
f 674//674 753//753 677//677
f 757//757 675//675 750//750
f 681//681 758//758 676//676
f 759//759 676//676 758//758
f 759//759 684//684 676//676
f 677//677 753//753 679//679
f 678//678 679//679 760//760
f 761//761 758//758 678//678
f 760//760 761//761 678//678
f 678//678 758//758 680//680
f 679//679 762//762 763//763
f 752//752 679//679 753//753
f 679//679 752//752 762//762
f 679//679 763//763 760//760
f 681//681 680//680 758//758
f 697//697 682//682 683//683
f 764//764 683//683 765//765
f 765//765 683//683 684//684
f 697//697 683//683 764//764
f 766//766 767//767 684//684
f 768//768 684//684 759//759
f 765//765 684//684 767//767
f 768//768 766//766 684//684
f 711//711 685//685 687//687
f 685//685 686//686 687//687
f 687//687 769//769 711//711
f 769//769 687//687 693//693
f 689//689 688//688 698//698
f 770//770 690//690 689//689
f 694//694 770//770 689//689
f 692//692 690//690 771//771
f 770//770 771//771 690//690
f 693//693 691//691 769//769
f 769//769 691//691 772//772
f 773//773 772//772 691//691
f 692//692 773//773 691//691
f 771//771 773//773 692//692
f 774//774 770//770 694//694
f 694//694 696//696 774//774
f 697//697 775//775 695//695
f 695//695 775//775 776//776
f 776//776 777//777 695//695
f 695//695 778//778 779//779
f 778//778 695//695 777//777
f 779//779 696//696 695//695
f 780//780 774//774 696//696
f 696//696 781//781 780//780
f 779//779 781//781 696//696
f 782//782 775//775 697//697
f 764//764 782//782 697//697
f 701//701 707//707 700//700
f 783//783 707//707 701//701
f 701//701 702//702 784//784
f 701//701 784//784 783//783
f 703//703 784//784 702//702
f 784//784 703//703 785//785
f 703//703 786//786 785//785
f 786//786 703//703 706//706
f 713//713 787//787 704//704
f 704//704 788//788 705//705
f 788//788 704//704 787//787
f 706//706 705//705 788//788
f 786//786 706//706 789//789
f 789//789 706//706 788//788
f 783//783 708//708 707//707
f 790//790 708//708 783//783
f 708//708 790//790 791//791
f 791//791 709//709 708//708
f 791//791 740//740 709//709
f 712//712 711//711 769//769
f 712//712 792//792 793//793
f 793//793 729//729 712//712
f 769//769 792//792 712//712
f 713//713 714//714 794//794
f 713//713 794//794 787//787
f 794//794 714//714 795//795
f 716//716 795//795 714//714
f 795//795 716//716 733//733
f 733//733 718//718 717//717
f 733//733 717//717 796//796
f 719//719 796//796 717//717
f 796//796 719//719 720//720
f 720//720 722//722 797//797
f 720//720 797//797 796//796
f 721//721 731//731 723//723
f 722//722 798//798 797//797
f 722//722 799//799 798//798
f 722//722 723//723 799//799
f 800//800 799//799 723//723
f 723//723 731//731 800//800
f 724//724 801//801 732//732
f 725//725 801//801 724//724
f 725//725 802//802 803//803
f 803//803 801//801 725//725
f 725//725 804//804 802//802
f 728//728 804//804 725//725
f 727//727 726//726 730//730
f 804//804 728//728 727//727
f 804//804 727//727 805//805
f 805//805 727//727 730//730
f 729//729 793//793 730//730
f 730//730 806//806 805//805
f 806//806 730//730 793//793
f 731//731 732//732 800//800
f 801//801 807//807 732//732
f 800//800 732//732 807//807
f 796//796 797//797 733//733
f 808//808 795//795 733//733
f 808//808 733//733 797//797
f 739//739 809//809 734//734
f 810//810 734//734 809//809
f 811//811 736//736 734//734
f 812//812 734//734 810//810
f 811//811 734//734 812//812
f 735//735 736//736 811//811
f 735//735 811//811 813//813
f 813//813 747//747 735//735
f 737//737 814//814 739//739
f 738//738 814//814 737//737
f 738//738 815//815 814//814
f 746//746 815//815 738//738
f 739//739 816//816 817//817
f 739//739 814//814 816//816
f 809//809 739//739 818//818
f 739//739 817//817 818//818
f 819//819 740//740 791//791
f 741//741 740//740 819//819
f 820//820 741//741 821//821
f 819//819 821//821 741//741
f 741//741 820//820 744//744
f 743//743 742//742 822//822
f 742//742 744//744 822//822
f 822//822 745//745 743//743
f 823//823 744//744 820//820
f 823//823 824//824 744//744
f 744//744 824//824 825//825
f 826//826 822//822 744//744
f 826//826 744//744 825//825
f 822//822 827//827 745//745
f 746//746 745//745 827//827
f 746//746 828//828 815//815
f 828//828 746//746 827//827
f 747//747 813//813 749//749
f 751//751 748//748 829//829
f 748//748 830//830 829//829
f 830//830 748//748 749//749
f 831//831 749//749 813//813
f 830//830 749//749 831//831
f 751//751 832//832 750//750
f 750//750 832//832 757//757
f 751//751 833//833 834//834
f 834//834 832//832 751//751
f 833//833 751//751 829//829
f 835//835 752//752 754//754
f 754//754 752//752 755//755
f 752//752 835//835 762//762
f 756//756 835//835 754//754
f 836//836 756//756 832//832
f 756//756 757//757 832//832
f 837//837 835//835 756//756
f 756//756 836//836 837//837
f 761//761 759//759 758//758
f 761//761 838//838 759//759
f 768//768 759//759 838//838
f 760//760 763//763 839//839
f 760//760 840//840 761//761
f 841//841 840//840 760//760
f 841//841 760//760 842//842
f 760//760 839//839 843//843
f 842//842 760//760 843//843
f 838//838 761//761 840//840
f 763//763 762//762 844//844
f 837//837 762//762 835//835
f 844//844 762//762 837//837
f 763//763 844//844 845//845
f 846//846 847//847 763//763
f 839//839 763//763 847//847
f 846//846 763//763 845//845
f 848//848 764//764 765//765
f 848//848 849//849 764//764
f 764//764 849//849 850//850
f 850//850 782//782 764//764
f 765//765 767//767 848//848
f 848//848 767//767 766//766
f 766//766 768//768 851//851
f 766//766 851//851 848//848
f 768//768 852//852 851//851
f 838//838 852//852 768//768
f 853//853 792//792 769//769
f 769//769 772//772 853//853
f 770//770 774//774 771//771
f 773//773 771//771 854//854
f 774//774 854//854 771//771
f 772//772 855//855 853//853
f 773//773 855//855 772//772
f 855//855 773//773 854//854
f 856//856 774//774 857//857
f 774//774 856//856 854//854
f 774//774 780//780 857//857
f 850//850 775//775 782//782
f 850//850 776//776 775//775
f 858//858 859//859 776//776
f 859//859 777//777 776//776
f 776//776 850//850 860//860
f 776//776 860//860 858//858
f 777//777 859//859 778//778
f 778//778 861//861 779//779
f 861//861 778//778 859//859
f 779//779 862//862 781//781
f 862//862 779//779 861//861
f 857//857 780//780 781//781
f 781//781 862//862 863//863
f 863//863 857//857 781//781
f 790//790 783//783 784//784
f 785//785 790//790 784//784
f 785//785 786//786 864//864
f 790//790 785//785 865//865
f 864//864 865//865 785//785
f 864//864 786//786 866//866
f 867//867 866//866 786//786
f 789//789 867//867 786//786
f 787//787 794//794 788//788
f 794//794 795//795 788//788
f 788//788 868//868 789//789
f 795//795 868//868 788//788
f 869//869 789//789 870//870
f 789//789 869//869 871//871
f 789//789 868//868 870//870
f 867//867 789//789 871//871
f 790//790 872//872 791//791
f 872//872 790//790 865//865
f 819//819 791//791 872//872
f 793//793 792//792 873//873
f 874//874 873//873 792//792
f 853//853 874//874 792//792
f 793//793 873//873 806//806
f 795//795 808//808 868//868
f 797//797 875//875 808//808
f 876//876 875//875 797//797
f 797//797 798//798 877//877
f 797//797 877//877 876//876
f 800//800 798//798 799//799
f 877//877 798//798 800//800
f 878//878 800//800 879//879
f 878//878 877//877 800//800
f 800//800 807//807 879//879
f 880//880 801//801 803//803
f 880//880 807//807 801//801
f 881//881 803//803 802//802
f 802//802 804//804 805//805
f 802//802 882//882 881//881
f 883//883 882//882 802//802
f 805//805 884//884 802//802
f 802//802 884//884 883//883
f 803//803 881//881 880//880
f 884//884 805//805 806//806
f 806//806 885//885 886//886
f 806//806 873//873 887//887
f 806//806 886//886 884//884
f 885//885 806//806 887//887
f 888//888 879//879 807//807
f 880//880 888//888 807//807
f 870//870 868//868 808//808
f 808//808 875//875 870//870
f 809//809 818//818 810//810
f 818//818 889//889 810//810
f 810//810 890//890 891//891
f 810//810 889//889 892//892
f 892//892 890//890 810//810
f 810//810 893//893 894//894
f 810//810 891//891 893//893
f 894//894 812//812 810//810
f 811//811 895//895 813//813
f 812//812 895//895 811//811
f 894//894 896//896 812//812
f 812//812 896//896 895//895
f 813//813 897//897 898//898
f 813//813 895//895 897//897
f 898//898 831//831 813//813
f 899//899 900//900 814//814
f 814//814 900//900 816//816
f 899//899 814//814 815//815
f 828//828 901//901 815//815
f 815//815 901//901 899//899
f 816//816 902//902 817//817
f 902//902 816//816 900//900
f 817//817 903//903 818//818
f 902//902 903//903 817//817
f 903//903 889//889 818//818
f 821//821 819//819 904//904
f 904//904 819//819 872//872
f 820//820 821//821 823//823
f 823//823 821//821 905//905
f 821//821 904//904 905//905
f 822//822 826//826 827//827
f 824//824 823//823 905//905
f 906//906 824//824 907//907
f 905//905 907//907 824//824
f 825//825 824//824 906//906
f 825//825 908//908 826//826
f 825//825 909//909 910//910
f 909//909 825//825 906//906
f 825//825 910//910 911//911
f 908//908 825//825 911//911
f 827//827 826//826 912//912
f 913//913 912//912 826//826
f 826//826 908//908 913//913
f 828//828 827//827 912//912
f 914//914 901//901 828//828
f 828//828 912//912 914//914
f 829//829 831//831 898//898
f 829//829 830//830 831//831
f 915//915 829//829 898//898
f 829//829 915//915 833//833
f 834//834 916//916 832//832
f 836//836 832//832 916//916
f 833//833 917//917 834//834
f 917//917 833//833 915//915
f 834//834 917//917 918//918
f 918//918 916//916 834//834
f 836//836 844//844 837//837
f 836//836 916//916 845//845
f 844//844 836//836 845//845
f 919//919 920//920 838//838
f 838//838 841//841 919//919
f 838//838 840//840 841//841
f 921//921 852//852 838//838
f 838//838 920//920 921//921
f 847//847 922//922 839//839
f 923//923 839//839 922//922
f 924//924 843//843 839//839
f 924//924 839//839 923//923
f 919//919 841//841 842//842
f 925//925 926//926 842//842
f 842//842 927//927 919//919
f 927//927 842//842 926//926
f 842//842 928//928 925//925
f 928//928 842//842 843//843
f 843//843 924//924 928//928
f 916//916 929//929 845//845
f 845//845 929//929 846//846
f 846//846 922//922 847//847
f 930//930 846//846 929//929
f 930//930 922//922 846//846
f 848//848 851//851 849//849
f 851//851 931//931 849//849
f 932//932 860//860 849//849
f 850//850 849//849 860//860
f 849//849 931//931 932//932
f 851//851 852//852 931//931
f 933//933 852//852 921//921
f 852//852 933//933 931//931
f 853//853 934//934 874//874
f 853//853 935//935 936//936
f 936//936 934//934 853//853
f 935//935 853//853 855//855
f 854//854 856//856 935//935
f 935//935 855//855 854//854
f 937//937 856//856 857//857
f 856//856 938//938 939//939
f 856//856 939//939 935//935
f 937//937 938//938 856//856
f 863//863 937//937 857//857
f 940//940 859//859 858//858
f 941//941 942//942 858//858
f 858//858 942//942 943//943
f 858//858 943//943 940//940
f 858//858 944//944 941//941
f 858//858 860//860 932//932
f 944//944 858//858 932//932
f 945//945 859//859 940//940
f 861//861 859//859 945//945
f 862//862 861//861 946//946
f 861//861 947//947 946//946
f 945//945 947//947 861//861
f 862//862 948//948 949//949
f 946//946 948//948 862//862
f 937//937 863//863 862//862
f 949//949 937//937 862//862
f 866//866 865//865 864//864
f 865//865 950//950 872//872
f 865//865 866//866 950//950
f 951//951 950//950 866//866
f 952//952 866//866 867//867
f 866//866 952//952 951//951
f 953//953 867//867 871//871
f 952//952 867//867 953//953
f 869//869 870//870 954//954
f 871//871 869//869 954//954
f 875//875 955//955 870//870
f 870//870 955//955 954//954
f 954//954 956//956 871//871
f 957//957 871//871 956//956
f 871//871 957//957 953//953
f 904//904 872//872 950//950
f 887//887 873//873 874//874
f 958//958 874//874 934//934
f 887//887 874//874 958//958
f 876//876 955//955 875//875
f 876//876 877//877 959//959
f 959//959 960//960 876//876
f 961//961 955//955 876//876
f 961//961 876//876 960//960
f 877//877 878//878 959//959
f 878//878 879//879 962//962
f 878//878 962//962 963//963
f 959//959 878//878 963//963
f 962//962 879//879 964//964
f 879//879 888//888 964//964
f 965//965 888//888 880//880
f 965//965 880//880 966//966
f 881//881 966//966 880//880
f 881//881 967//967 966//966
f 968//968 967//967 881//881
f 881//881 882//882 969//969
f 968//968 881//881 969//969
f 882//882 883//883 970//970
f 882//882 970//970 969//969
f 971//971 972//972 883//883
f 883//883 972//972 970//970
f 971//971 883//883 884//884
f 886//886 971//971 884//884
f 886//886 885//885 973//973
f 885//885 958//958 974//974
f 887//887 958//958 885//885
f 885//885 974//974 975//975
f 975//975 973//973 885//885
f 971//971 886//886 976//976
f 973//973 977//977 886//886
f 976//976 886//886 977//977
f 965//965 978//978 888//888
f 888//888 978//978 964//964
f 889//889 979//979 980//980
f 979//979 889//889 903//903
f 980//980 892//892 889//889
f 891//891 890//890 981//981
f 981//981 890//890 982//982
f 890//890 892//892 982//982
f 981//981 983//983 891//891
f 984//984 891//891 983//983
f 891//891 984//984 985//985
f 985//985 893//893 891//891
f 982//982 892//892 980//980
f 894//894 893//893 986//986
f 985//985 987//987 893//893
f 987//987 988//988 893//893
f 988//988 986//986 893//893
f 989//989 990//990 894//894
f 986//986 991//991 894//894
f 894//894 992//992 896//896
f 894//894 990//990 992//992
f 894//894 991//991 989//989
f 896//896 993//993 895//895
f 897//897 895//895 993//993
f 896//896 992//992 993//993
f 898//898 897//897 994//994
f 897//897 995//995 994//994
f 995//995 897//897 993//993
f 898//898 996//996 915//915
f 898//898 997//997 996//996
f 994//994 997//997 898//898
f 899//899 998//998 900//900
f 999//999 899//899 901//901
f 899//899 999//999 998//998
f 900//900 998//998 1000//1000
f 900//900 1000//1000 902//902
f 901//901 1001//1001 1002//1002
f 1001//1001 901//901 914//914
f 901//901 1003//1003 999//999
f 1002//1002 1003//1003 901//901
f 902//902 1000//1000 979//979
f 979//979 903//903 902//902
f 907//907 905//905 904//904
f 904//904 950//950 951//951
f 907//907 904//904 951//951
f 907//907 1004//1004 906//906
f 906//906 1004//1004 953//953
f 909//909 906//906 1005//1005
f 1005//1005 906//906 953//953
f 951//951 1004//1004 907//907
f 911//911 913//913 908//908
f 1006//1006 910//910 909//909
f 909//909 1005//1005 1007//1007
f 1007//1007 1008//1008 909//909
f 909//909 1008//1008 1009//1009
f 909//909 1009//1009 1006//1006
f 1006//1006 1010//1010 910//910
f 1011//1011 911//911 910//910
f 910//910 1010//1010 1011//1011
f 911//911 1011//1011 1012//1012
f 1012//1012 913//913 911//911
f 1013//1013 914//914 912//912
f 912//912 913//913 1014//1014
f 1013//1013 912//912 1014//1014
f 913//913 1012//1012 1014//1014
f 914//914 1015//1015 1001//1001
f 1013//1013 1016//1016 914//914
f 1016//1016 1017//1017 914//914
f 914//914 1017//1017 1018//1018
f 1015//1015 914//914 1018//1018
f 915//915 996//996 917//917
f 918//918 929//929 916//916
f 996//996 1019//1019 917//917
f 918//918 917//917 1019//1019
f 1019//1019 1020//1020 918//918
f 1020//1020 930//930 918//918
f 918//918 930//930 929//929
f 920//920 919//919 1021//1021
f 927//927 1021//1021 919//919
f 1021//1021 1022//1022 920//920
f 920//920 1022//1022 1023//1023
f 1023//1023 921//921 920//920
f 1024//1024 921//921 1023//1023
f 921//921 1025//1025 933//933
f 1025//1025 921//921 1024//1024
f 1019//1019 922//922 1020//1020
f 1020//1020 922//922 930//930
f 922//922 1019//1019 923//923
f 1026//1026 923//923 1019//1019
f 1027//1027 1028//1028 923//923
f 923//923 1026//1026 1027//1027
f 1028//1028 924//924 923//923
f 924//924 1028//1028 928//928
f 1029//1029 926//926 925//925
f 928//928 1030//1030 925//925
f 925//925 1030//1030 1029//1029
f 1021//1021 926//926 1031//1031
f 1021//1021 927//927 926//926
f 1029//1029 1032//1032 926//926
f 1032//1032 1033//1033 926//926
f 926//926 1033//1033 1031//1031
f 1034//1034 928//928 1028//1028
f 928//928 1034//1034 1030//1030
f 931//931 1035//1035 932//932
f 1036//1036 931//931 933//933
f 1035//1035 931//931 1036//1036
f 932//932 1037//1037 1038//1038
f 932//932 1039//1039 1037//1037
f 1039//1039 932//932 1035//1035
f 1038//1038 1040//1040 932//932
f 932//932 1040//1040 944//944
f 1041//1041 1036//1036 933//933
f 1025//1025 1042//1042 933//933
f 933//933 1042//1042 1041//1041
f 1043//1043 934//934 936//936
f 958//958 934//934 1043//1043
f 936//936 935//935 939//939
f 1044//1044 1043//1043 936//936
f 936//936 1045//1045 1044//1044
f 1045//1045 936//936 939//939
f 938//938 937//937 1046//1046
f 1046//1046 937//937 949//949
f 1047//1047 939//939 938//938
f 1048//1048 938//938 1046//1046
f 1047//1047 938//938 1048//1048
f 1045//1045 939//939 1047//1047
f 940//940 1049//1049 945//945
f 1050//1050 1049//1049 940//940
f 1050//1050 940//940 943//943
f 941//941 1051//1051 942//942
f 941//941 944//944 1040//1040
f 1040//1040 1052//1052 941//941
f 1052//1052 1051//1051 941//941
f 942//942 1053//1053 943//943
f 942//942 1054//1054 1053//1053
f 1054//1054 942//942 1051//1051
f 1050//1050 943//943 1055//1055
f 1055//1055 943//943 1053//1053
f 1049//1049 1056//1056 945//945
f 1057//1057 947//947 945//945
f 1056//1056 1058//1058 945//945
f 945//945 1058//1058 1059//1059
f 945//945 1059//1059 1057//1057
f 948//948 946//946 1060//1060
f 946//946 947//947 1060//1060
f 947//947 1057//1057 1060//1060
f 1061//1061 949//949 948//948
f 948//948 1060//1060 1061//1061
f 1062//1062 949//949 1063//1063
f 949//949 1062//1062 1046//1046
f 1063//1063 949//949 1061//1061
f 951//951 952//952 953//953
f 953//953 1004//1004 951//951
f 953//953 957//957 1064//1064
f 1005//1005 953//953 1065//1065
f 1064//1064 1065//1065 953//953
f 961//961 954//954 955//955
f 961//961 1066//1066 954//954
f 954//954 1066//1066 956//956
f 956//956 1067//1067 1068//1068
f 1068//1068 1069//1069 956//956
f 1070//1070 957//957 956//956
f 956//956 1066//1066 1067//1067
f 956//956 1069//1069 1071//1071
f 1071//1071 1070//1070 956//956
f 1064//1064 957//957 1070//1070
f 974//974 958//958 1043//1043
f 959//959 963//963 960//960
f 960//960 1067//1067 1066//1066
f 1066//1066 961//961 960//960
f 963//963 1072//1072 960//960
f 1067//1067 960//960 1072//1072
f 1068//1068 1072//1072 962//962
f 962//962 1072//1072 963//963
f 962//962 964//964 1068//1068
f 1069//1069 1068//1068 964//964
f 1069//1069 964//964 978//978
f 978//978 965//965 1069//1069
f 1069//1069 965//965 1073//1073
f 1074//1074 1073//1073 965//965
f 965//965 966//966 1074//1074
f 967//967 1074//1074 966//966
f 1075//1075 1074//1074 967//967
f 968//968 1075//1075 967//967
f 968//968 969//969 1076//1076
f 1075//1075 968//968 1077//1077
f 1077//1077 968//968 1076//1076
f 970//970 1078//1078 969//969
f 969//969 1078//1078 1079//1079
f 1080//1080 1076//1076 969//969
f 1080//1080 969//969 1081//1081
f 1079//1079 1081//1081 969//969
f 970//970 972//972 1082//1082
f 970//970 1082//1082 1078//1078
f 971//971 1082//1082 972//972
f 976//976 1083//1083 971//971
f 1083//1083 1082//1082 971//971
f 1084//1084 977//977 973//973
f 1084//1084 973//973 1085//1085
f 1043//1043 1085//1085 973//973
f 975//975 1043//1043 973//973
f 1043//1043 975//975 974//974
f 977//977 1086//1086 976//976
f 1083//1083 976//976 1086//1086
f 1086//1086 977//977 1084//1084
f 1000//1000 980//980 979//979
f 1000//1000 982//982 980//980
f 999//999 1087//1087 981//981
f 998//998 981//981 982//982
f 999//999 981//981 998//998
f 1087//1087 1088//1088 981//981
f 981//981 1088//1088 983//983
f 998//998 982//982 1000//1000
f 983//983 1089//1089 984//984
f 983//983 1088//1088 1089//1089
f 1090//1090 984//984 1091//1091
f 1089//1089 1091//1091 984//984
f 1090//1090 985//985 984//984
f 1092//1092 985//985 1090//1090
f 987//987 985//985 1092//1092
f 991//991 986//986 1093//1093
f 1094//1094 1093//1093 986//986
f 986//986 988//988 1094//1094
f 1092//1092 1095//1095 987//987
f 1095//1095 1094//1094 987//987
f 1094//1094 988//988 987//987
f 990//990 989//989 1096//1096
f 991//991 1097//1097 989//989
f 1096//1096 989//989 1097//1097
f 992//992 990//990 1098//1098
f 1096//1096 1098//1098 990//990
f 991//991 1093//1093 1099//1099
f 1099//1099 1097//1097 991//991
f 993//993 992//992 1100//1100
f 1100//1100 992//992 1098//1098
f 993//993 1101//1101 1102//1102
f 1102//1102 995//995 993//993
f 1100//1100 1101//1101 993//993
f 994//994 995//995 1103//1103
f 1104//1104 997//997 994//994
f 994//994 1103//1103 1104//1104
f 1103//1103 995//995 1102//1102
f 997//997 1026//1026 996//996
f 1019//1019 996//996 1026//1026
f 1027//1027 997//997 1104//1104
f 1026//1026 997//997 1027//1027
f 1003//1003 1087//1087 999//999
f 1015//1015 1002//1002 1001//1001
f 1105//1105 1002//1002 1015//1015
f 1002//1002 1087//1087 1003//1003
f 1105//1105 1087//1087 1002//1002
f 1005//1005 1065//1065 1007//1007
f 1006//1006 1106//1106 1010//1010
f 1006//1006 1107//1107 1106//1106
f 1108//1108 1006//1006 1009//1009
f 1109//1109 1107//1107 1006//1006
f 1006//1006 1108//1108 1109//1109
f 1007//1007 1110//1110 1008//1008
f 1110//1110 1007//1007 1111//1111
f 1112//1112 1007//1007 1065//1065
f 1111//1111 1007//1007 1113//1113
f 1113//1113 1007//1007 1112//1112
f 1009//1009 1008//1008 1114//1114
f 1110//1110 1114//1114 1008//1008
f 1009//1009 1115//1115 1116//1116
f 1117//1117 1009//1009 1116//1116
f 1115//1115 1009//1009 1114//1114
f 1118//1118 1009//1009 1117//1117
f 1009//1009 1118//1118 1108//1108
f 1010//1010 1106//1106 1011//1011
f 1011//1011 1119//1119 1012//1012
f 1106//1106 1119//1119 1011//1011
f 1012//1012 1120//1120 1014//1014
f 1119//1119 1120//1120 1012//1012
f 1014//1014 1016//1016 1013//1013
f 1120//1120 1016//1016 1014//1014
f 1121//1121 1122//1122 1015//1015
f 1015//1015 1122//1122 1123//1123
f 1015//1015 1123//1123 1105//1105
f 1018//1018 1121//1121 1015//1015
f 1124//1124 1016//1016 1120//1120
f 1017//1017 1016//1016 1124//1124
f 1017//1017 1125//1125 1018//1018
f 1126//1126 1017//1017 1124//1124
f 1126//1126 1125//1125 1017//1017
f 1125//1125 1121//1121 1018//1018
f 1021//1021 1127//1127 1022//1022
f 1128//1128 1021//1021 1031//1031
f 1127//1127 1021//1021 1128//1128
f 1022//1022 1127//1127 1023//1023
f 1127//1127 1129//1129 1023//1023
f 1023//1023 1130//1130 1024//1024
f 1130//1130 1023//1023 1129//1129
f 1131//1131 1024//1024 1132//1132
f 1131//1131 1025//1025 1024//1024
f 1024//1024 1130//1130 1132//1132
f 1025//1025 1131//1131 1042//1042
f 1133//1133 1027//1027 1104//1104
f 1134//1134 1028//1028 1027//1027
f 1134//1134 1027//1027 1133//1133
f 1034//1034 1028//1028 1134//1134
f 1032//1032 1029//1029 1030//1030
f 1030//1030 1135//1135 1032//1032
f 1135//1135 1030//1030 1034//1034
f 1031//1031 1136//1136 1128//1128
f 1136//1136 1031//1031 1137//1137
f 1033//1033 1138//1138 1031//1031
f 1137//1137 1031//1031 1138//1138
f 1139//1139 1032//1032 1135//1135
f 1032//1032 1139//1139 1033//1033
f 1139//1139 1138//1138 1033//1033
f 1140//1140 1135//1135 1034//1034
f 1140//1140 1034//1034 1134//1134
f 1141//1141 1035//1035 1036//1036
f 1141//1141 1142//1142 1035//1035
f 1142//1142 1143//1143 1035//1035
f 1143//1143 1039//1039 1035//1035
f 1144//1144 1036//1036 1041//1041
f 1036//1036 1144//1144 1141//1141
f 1038//1038 1037//1037 1145//1145
f 1037//1037 1039//1039 1145//1145
f 1146//1146 1147//1147 1038//1038
f 1038//1038 1148//1148 1149//1149
f 1148//1148 1038//1038 1145//1145
f 1038//1038 1147//1147 1040//1040
f 1038//1038 1149//1149 1146//1146
f 1145//1145 1039//1039 1143//1143
f 1040//1040 1147//1147 1150//1150
f 1150//1150 1052//1052 1040//1040
f 1041//1041 1151//1151 1144//1144
f 1041//1041 1042//1042 1152//1152
f 1151//1151 1041//1041 1152//1152
f 1131//1131 1153//1153 1042//1042
f 1152//1152 1042//1042 1153//1153
f 1043//1043 1044//1044 1085//1085
f 1085//1085 1044//1044 1045//1045
f 1154//1154 1045//1045 1047//1047
f 1045//1045 1154//1154 1085//1085
f 1062//1062 1048//1048 1046//1046
f 1047//1047 1155//1155 1156//1156
f 1156//1156 1154//1154 1047//1047
f 1048//1048 1155//1155 1047//1047
f 1048//1048 1157//1157 1158//1158
f 1157//1157 1048//1048 1062//1062
f 1158//1158 1155//1155 1048//1048
f 1049//1049 1159//1159 1056//1056
f 1160//1160 1159//1159 1049//1049
f 1160//1160 1049//1049 1050//1050
f 1050//1050 1161//1161 1160//1160
f 1055//1055 1161//1161 1050//1050
f 1051//1051 1162//1162 1054//1054
f 1051//1051 1163//1163 1162//1162
f 1052//1052 1163//1163 1051//1051
f 1052//1052 1164//1164 1163//1163
f 1164//1164 1052//1052 1150//1150
f 1053//1053 1165//1165 1055//1055
f 1053//1053 1054//1054 1165//1165
f 1165//1165 1054//1054 1166//1166
f 1055//1055 1165//1165 1167//1167
f 1055//1055 1167//1167 1161//1161
f 1168//1168 1058//1058 1056//1056
f 1056//1056 1159//1159 1169//1169
f 1168//1168 1056//1056 1169//1169
f 1060//1060 1057//1057 1170//1170
f 1170//1170 1057//1057 1059//1059
f 1058//1058 1171//1171 1059//1059
f 1171//1171 1058//1058 1168//1168
f 1170//1170 1059//1059 1172//1172
f 1172//1172 1059//1059 1171//1171
f 1173//1173 1061//1061 1060//1060
f 1173//1173 1060//1060 1170//1170
f 1173//1173 1174//1174 1061//1061
f 1061//1061 1174//1174 1063//1063
f 1062//1062 1063//1063 1175//1175
f 1175//1175 1157//1157 1062//1062
f 1176//1176 1063//1063 1174//1174
f 1176//1176 1175//1175 1063//1063
f 1064//1064 1070//1070 1065//1065
f 1065//1065 1177//1177 1178//1178
f 1065//1065 1178//1178 1112//1112
f 1065//1065 1070//1070 1177//1177
f 1068//1068 1067//1067 1072//1072
f 1073//1073 1071//1071 1069//1069
f 1177//1177 1070//1070 1071//1071
f 1177//1177 1071//1071 1179//1179
f 1073//1073 1179//1179 1071//1071
f 1074//1074 1075//1075 1073//1073
f 1180//1180 1179//1179 1073//1073
f 1180//1180 1073//1073 1075//1075
f 1075//1075 1077//1077 1180//1180
f 1076//1076 1181//1181 1182//1182
f 1076//1076 1182//1182 1077//1077
f 1183//1183 1181//1181 1076//1076
f 1183//1183 1076//1076 1080//1080
f 1184//1184 1180//1180 1077//1077
f 1184//1184 1077//1077 1185//1185
f 1077//1077 1182//1182 1185//1185
f 1186//1186 1078//1078 1082//1082
f 1079//1079 1078//1078 1186//1186
f 1079//1079 1187//1187 1081//1081
f 1079//1079 1186//1186 1188//1188
f 1079//1079 1189//1189 1190//1190
f 1190//1190 1187//1187 1079//1079
f 1189//1189 1079//1079 1188//1188
f 1183//1183 1080//1080 1191//1191
f 1081//1081 1191//1191 1080//1080
f 1081//1081 1187//1187 1192//1192
f 1081//1081 1192//1192 1191//1191
f 1186//1186 1082//1082 1083//1083
f 1083//1083 1193//1193 1186//1186
f 1193//1193 1083//1083 1194//1194
f 1194//1194 1083//1083 1086//1086
f 1086//1086 1084//1084 1195//1195
f 1084//1084 1085//1085 1196//1196
f 1195//1195 1084//1084 1196//1196
f 1196//1196 1085//1085 1154//1154
f 1195//1195 1194//1194 1086//1086
f 1105//1105 1088//1088 1087//1087
f 1197//1197 1088//1088 1105//1105
f 1089//1089 1088//1088 1197//1197
f 1198//1198 1089//1089 1197//1197
f 1089//1089 1198//1198 1199//1199
f 1091//1091 1089//1089 1199//1199
f 1200//1200 1090//1090 1091//1091
f 1201//1201 1090//1090 1200//1200
f 1202//1202 1090//1090 1201//1201
f 1092//1092 1090//1090 1202//1202
f 1091//1091 1199//1199 1200//1200
f 1095//1095 1099//1099 1093//1093
f 1093//1093 1094//1094 1095//1095
f 1203//1203 1092//1092 1202//1202
f 1204//1204 1092//1092 1203//1203
f 1095//1095 1092//1092 1204//1204
f 1096//1096 1205//1205 1098//1098
f 1096//1096 1097//1097 1206//1206
f 1206//1206 1207//1207 1096//1096
f 1096//1096 1207//1207 1205//1205
f 1206//1206 1097//1097 1099//1099
f 1208//1208 1100//1100 1098//1098
f 1098//1098 1209//1209 1208//1208
f 1098//1098 1205//1205 1209//1209
f 1210//1210 1099//1099 1211//1211
f 1099//1099 1095//1095 1211//1211
f 1099//1099 1210//1210 1212//1212
f 1206//1206 1099//1099 1212//1212
f 1213//1213 1101//1101 1100//1100
f 1100//1100 1208//1208 1213//1213
f 1214//1214 1102//1102 1101//1101
f 1101//1101 1213//1213 1214//1214
f 1102//1102 1214//1214 1215//1215
f 1215//1215 1103//1103 1102//1102
f 1133//1133 1104//1104 1103//1103
f 1133//1133 1103//1103 1215//1215
f 1197//1197 1105//1105 1123//1123
f 1119//1119 1106//1106 1216//1216
f 1107//1107 1216//1216 1106//1106
f 1217//1217 1218//1218 1107//1107
f 1109//1109 1217//1217 1107//1107
f 1216//1216 1107//1107 1218//1218
f 1108//1108 1219//1219 1217//1217
f 1108//1108 1217//1217 1109//1109
f 1118//1118 1219//1219 1108//1108
f 1110//1110 1220//1220 1221//1221
f 1220//1220 1110//1110 1111//1111
f 1114//1114 1110//1110 1221//1221
f 1220//1220 1111//1111 1222//1222
f 1111//1111 1113//1113 1222//1222
f 1223//1223 1113//1113 1112//1112
f 1112//1112 1178//1178 1184//1184
f 1112//1112 1184//1184 1223//1223
f 1224//1224 1222//1222 1113//1113
f 1225//1225 1113//1113 1223//1223
f 1113//1113 1225//1225 1224//1224
f 1226//1226 1115//1115 1114//1114
f 1221//1221 1226//1226 1114//1114
f 1116//1116 1115//1115 1227//1227
f 1115//1115 1226//1226 1227//1227
f 1116//1116 1228//1228 1117//1117
f 1228//1228 1116//1116 1227//1227
f 1117//1117 1228//1228 1229//1229
f 1229//1229 1230//1230 1117//1117
f 1230//1230 1231//1231 1117//1117
f 1117//1117 1231//1231 1118//1118
f 1118//1118 1231//1231 1232//1232
f 1232//1232 1219//1219 1118//1118
f 1124//1124 1120//1120 1119//1119
f 1119//1119 1216//1216 1124//1124
f 1122//1122 1121//1121 1233//1233
f 1233//1233 1121//1121 1125//1125
f 1233//1233 1234//1234 1122//1122
f 1123//1123 1122//1122 1235//1235
f 1235//1235 1122//1122 1234//1234
f 1123//1123 1235//1235 1197//1197
f 1124//1124 1216//1216 1236//1236
f 1124//1124 1236//1236 1126//1126
f 1233//1233 1125//1125 1126//1126
f 1237//1237 1233//1233 1126//1126
f 1126//1126 1238//1238 1237//1237
f 1126//1126 1236//1236 1238//1238
f 1128//1128 1136//1136 1127//1127
f 1127//1127 1136//1136 1129//1129
f 1129//1129 1136//1136 1239//1239
f 1129//1129 1239//1239 1240//1240
f 1241//1241 1130//1130 1129//1129
f 1241//1241 1129//1129 1240//1240
f 1130//1130 1241//1241 1132//1132
f 1132//1132 1242//1242 1131//1131
f 1131//1131 1243//1243 1244//1244
f 1244//1244 1153//1153 1131//1131
f 1131//1131 1242//1242 1243//1243
f 1241//1241 1243//1243 1132//1132
f 1242//1242 1132//1132 1243//1243
f 1215//1215 1214//1214 1133//1133
f 1214//1214 1245//1245 1133//1133
f 1134//1134 1133//1133 1246//1246
f 1245//1245 1246//1246 1133//1133
f 1246//1246 1247//1247 1134//1134
f 1134//1134 1247//1247 1140//1140
f 1135//1135 1140//1140 1248//1248
f 1135//1135 1248//1248 1139//1139
f 1137//1137 1249//1249 1136//1136
f 1136//1136 1249//1249 1239//1239
f 1137//1137 1250//1250 1249//1249
f 1138//1138 1250//1250 1137//1137
f 1138//1138 1251//1251 1250//1250
f 1252//1252 1253//1253 1138//1138
f 1252//1252 1138//1138 1139//1139
f 1251//1251 1138//1138 1253//1253
f 1248//1248 1252//1252 1139//1139
f 1248//1248 1140//1140 1247//1247
f 1141//1141 1254//1254 1142//1142
f 1254//1254 1141//1141 1144//1144
f 1142//1142 1255//1255 1143//1143
f 1254//1254 1255//1255 1142//1142
f 1256//1256 1143//1143 1255//1255
f 1145//1145 1143//1143 1148//1148
f 1257//1257 1143//1143 1256//1256
f 1143//1143 1257//1257 1148//1148
f 1144//1144 1258//1258 1254//1254
f 1151//1151 1259//1259 1144//1144
f 1144//1144 1259//1259 1258//1258
f 1146//1146 1260//1260 1147//1147
f 1260//1260 1146//1146 1149//1149
f 1150//1150 1147//1147 1261//1261
f 1147//1147 1262//1262 1261//1261
f 1147//1147 1260//1260 1262//1262
f 1263//1263 1149//1149 1148//1148
f 1257//1257 1264//1264 1148//1148
f 1263//1263 1148//1148 1264//1264
f 1263//1263 1260//1260 1149//1149
f 1164//1164 1150//1150 1261//1261
f 1151//1151 1153//1153 1265//1265
f 1152//1152 1153//1153 1151//1151
f 1265//1265 1259//1259 1151//1151
f 1153//1153 1244//1244 1266//1266
f 1266//1266 1265//1265 1153//1153
f 1267//1267 1196//1196 1154//1154
f 1268//1268 1154//1154 1158//1158
f 1154//1154 1268//1268 1269//1269
f 1154//1154 1269//1269 1267//1267
f 1158//1158 1154//1154 1156//1156
f 1156//1156 1155//1155 1158//1158
f 1157//1157 1270//1270 1158//1158
f 1271//1271 1272//1272 1157//1157
f 1272//1272 1270//1270 1157//1157
f 1157//1157 1175//1175 1271//1271
f 1158//1158 1270//1270 1268//1268
f 1169//1169 1159//1159 1273//1273
f 1273//1273 1159//1159 1160//1160
f 1274//1274 1273//1273 1160//1160
f 1160//1160 1275//1275 1274//1274
f 1160//1160 1161//1161 1275//1275
f 1275//1275 1161//1161 1276//1276
f 1276//1276 1161//1161 1277//1277
f 1277//1277 1161//1161 1167//1167
f 1278//1278 1054//1054 1162//1162
f 1278//1278 1162//1162 1279//1279
f 1162//1162 1163//1163 1279//1279
f 1279//1279 1163//1163 1164//1164
f 1164//1164 1280//1280 1279//1279
f 1164//1164 1281//1281 1280//1280
f 1261//1261 1281//1281 1164//1164
f 1165//1165 1166//1166 1167//1167
f 1054//1054 1278//1278 1166//1166
f 1166//1166 1282//1282 1167//1167
f 1166//1166 1278//1278 1282//1282
f 1277//1277 1167//1167 1283//1283
f 1167//1167 1282//1282 1283//1283
f 1168//1168 1284//1284 1285//1285
f 1168//1168 1285//1285 1171//1171
f 1169//1169 1284//1284 1168//1168
f 1273//1273 1286//1286 1169//1169
f 1169//1169 1286//1286 1284//1284
f 1170//1170 1172//1172 1287//1287
f 1287//1287 1173//1173 1170//1170
f 1171//1171 1285//1285 1172//1172
f 1172//1172 1285//1285 1287//1287
f 1287//1287 1285//1285 1173//1173
f 1173//1173 1285//1285 1288//1288
f 1176//1176 1174//1174 1173//1173
f 1271//1271 1176//1176 1173//1173
f 1173//1173 1288//1288 1271//1271
f 1271//1271 1175//1175 1176//1176
f 1180//1180 1178//1178 1177//1177
f 1180//1180 1177//1177 1179//1179
f 1178//1178 1180//1180 1184//1184
f 1181//1181 1289//1289 1182//1182
f 1183//1183 1289//1289 1181//1181
f 1182//1182 1289//1289 1185//1185
f 1290//1290 1289//1289 1183//1183
f 1291//1291 1290//1290 1183//1183
f 1191//1191 1292//1292 1183//1183
f 1293//1293 1183//1183 1292//1292
f 1293//1293 1291//1291 1183//1183
f 1223//1223 1184//1184 1294//1294
f 1185//1185 1294//1294 1184//1184
f 1185//1185 1289//1289 1294//1294
f 1186//1186 1193//1193 1188//1188
f 1190//1190 1192//1192 1187//1187
f 1189//1189 1188//1188 1295//1295
f 1295//1295 1188//1188 1296//1296
f 1188//1188 1193//1193 1296//1296
f 1192//1192 1190//1190 1189//1189
f 1297//1297 1298//1298 1189//1189
f 1189//1189 1295//1295 1297//1297
f 1192//1192 1189//1189 1298//1298
f 1191//1191 1299//1299 1300//1300
f 1191//1191 1192//1192 1299//1299
f 1300//1300 1301//1301 1191//1191
f 1301//1301 1292//1292 1191//1191
f 1298//1298 1299//1299 1192//1192
f 1193//1193 1194//1194 1296//1296
f 1194//1194 1302//1302 1296//1296
f 1302//1302 1194//1194 1195//1195
f 1195//1195 1196//1196 1303//1303
f 1303//1303 1302//1302 1195//1195
f 1303//1303 1196//1196 1267//1267
f 1235//1235 1198//1198 1197//1197
f 1304//1304 1198//1198 1235//1235
f 1199//1199 1198//1198 1305//1305
f 1305//1305 1198//1198 1304//1304
f 1200//1200 1199//1199 1305//1305
f 1200//1200 1305//1305 1237//1237
f 1201//1201 1200//1200 1306//1306
f 1200//1200 1237//1237 1306//1306
f 1306//1306 1202//1202 1201//1201
f 1307//1307 1202//1202 1306//1306
f 1203//1203 1202//1202 1307//1307
f 1211//1211 1095//1095 1204//1204
f 1307//1307 1308//1308 1203//1203
f 1308//1308 1204//1204 1203//1203
f 1211//1211 1204//1204 1308//1308
f 1205//1205 1309//1309 1209//1209
f 1205//1205 1310//1310 1309//1309
f 1207//1207 1310//1310 1205//1205
f 1212//1212 1311//1311 1206//1206
f 1206//1206 1311//1311 1207//1207
f 1207//1207 1311//1311 1312//1312
f 1312//1312 1310//1310 1207//1207
f 1213//1213 1208//1208 1313//1313
f 1209//1209 1314//1314 1208//1208
f 1313//1313 1208//1208 1314//1314
f 1209//1209 1309//1309 1314//1314
f 1211//1211 1308//1308 1210//1210
f 1315//1315 1316//1316 1210//1210
f 1210//1210 1308//1308 1315//1315
f 1210//1210 1317//1317 1212//1212
f 1318//1318 1317//1317 1210//1210
f 1210//1210 1316//1316 1318//1318
f 1311//1311 1212//1212 1317//1317
f 1319//1319 1214//1214 1213//1213
f 1313//1313 1319//1319 1213//1213
f 1319//1319 1320//1320 1214//1214
f 1214//1214 1320//1320 1245//1245
f 1236//1236 1216//1216 1218//1218
f 1321//1321 1218//1218 1217//1217
f 1217//1217 1322//1322 1321//1321
f 1219//1219 1322//1322 1217//1217
f 1321//1321 1236//1236 1218//1218
f 1232//1232 1323//1323 1219//1219
f 1219//1219 1323//1323 1322//1322
f 1221//1221 1220//1220 1222//1222
f 1221//1221 1222//1222 1324//1324
f 1324//1324 1226//1226 1221//1221
f 1324//1324 1222//1222 1325//1325
f 1224//1224 1325//1325 1222//1222
f 1223//1223 1294//1294 1326//1326
f 1225//1225 1223//1223 1326//1326
f 1325//1325 1224//1224 1327//1327
f 1328//1328 1224//1224 1225//1225
f 1327//1327 1224//1224 1328//1328
f 1326//1326 1329//1329 1225//1225
f 1330//1330 1225//1225 1329//1329
f 1328//1328 1225//1225 1330//1330
f 1324//1324 1227//1227 1226//1226
f 1229//1229 1228//1228 1227//1227
f 1331//1331 1227//1227 1324//1324
f 1229//1229 1227//1227 1331//1331
f 1332//1332 1229//1229 1331//1331
f 1230//1230 1229//1229 1332//1332
f 1333//1333 1334//1334 1230//1230
f 1230//1230 1335//1335 1336//1336
f 1334//1334 1231//1231 1230//1230
f 1230//1230 1336//1336 1333//1333
f 1335//1335 1230//1230 1337//1337
f 1332//1332 1337//1337 1230//1230
f 1232//1232 1231//1231 1334//1334
f 1338//1338 1323//1323 1232//1232
f 1334//1334 1338//1338 1232//1232
f 1234//1234 1233//1233 1237//1237
f 1235//1235 1234//1234 1304//1304
f 1304//1304 1234//1234 1339//1339
f 1237//1237 1339//1339 1234//1234
f 1236//1236 1321//1321 1238//1238
f 1237//1237 1238//1238 1340//1340
f 1340//1340 1306//1306 1237//1237
f 1237//1237 1305//1305 1339//1339
f 1322//1322 1238//1238 1321//1321
f 1238//1238 1322//1322 1340//1340
f 1249//1249 1341//1341 1239//1239
f 1240//1240 1239//1239 1341//1341
f 1342//1342 1240//1240 1341//1341
f 1240//1240 1243//1243 1241//1241
f 1240//1240 1244//1244 1243//1243
f 1244//1244 1240//1240 1342//1342
f 1343//1343 1266//1266 1244//1244
f 1343//1343 1244//1244 1344//1344
f 1344//1344 1244//1244 1342//1342
f 1345//1345 1346//1346 1245//1245
f 1347//1347 1246//1246 1245//1245
f 1245//1245 1346//1346 1348//1348
f 1245//1245 1320//1320 1345//1345
f 1347//1347 1245//1245 1348//1348
f 1349//1349 1246//1246 1350//1350
f 1247//1247 1246//1246 1349//1349
f 1246//1246 1347//1347 1350//1350
f 1247//1247 1349//1349 1248//1248
f 1349//1349 1252//1252 1248//1248
f 1250//1250 1341//1341 1249//1249
f 1341//1341 1250//1250 1251//1251
f 1251//1251 1253//1253 1341//1341
f 1349//1349 1253//1253 1252//1252
f 1351//1351 1253//1253 1349//1349
f 1351//1351 1352//1352 1253//1253
f 1352//1352 1344//1344 1253//1253
f 1341//1341 1253//1253 1344//1344
f 1255//1255 1254//1254 1258//1258
f 1258//1258 1353//1353 1255//1255
f 1354//1354 1255//1255 1353//1353
f 1255//1255 1354//1354 1256//1256
f 1354//1354 1355//1355 1256//1256
f 1256//1256 1356//1356 1257//1257
f 1356//1356 1256//1256 1355//1355
f 1357//1357 1257//1257 1356//1356
f 1264//1264 1257//1257 1357//1357
f 1258//1258 1259//1259 1353//1353
f 1265//1265 1353//1353 1259//1259
f 1260//1260 1358//1358 1262//1262
f 1359//1359 1358//1358 1260//1260
f 1260//1260 1263//1263 1359//1359
f 1261//1261 1360//1360 1281//1281
f 1361//1361 1360//1360 1261//1261
f 1261//1261 1262//1262 1361//1361
f 1262//1262 1362//1362 1361//1361
f 1358//1358 1362//1362 1262//1262
f 1363//1363 1263//1263 1364//1364
f 1365//1365 1364//1364 1263//1263
f 1263//1263 1264//1264 1365//1365
f 1363//1363 1366//1366 1263//1263
f 1263//1263 1366//1366 1359//1359
f 1264//1264 1357//1357 1367//1367
f 1367//1367 1365//1365 1264//1264
f 1265//1265 1266//1266 1368//1368
f 1368//1368 1353//1353 1265//1265
f 1368//1368 1266//1266 1343//1343
f 1267//1267 1269//1269 1303//1303
f 1268//1268 1272//1272 1369//1369
f 1268//1268 1270//1270 1272//1272
f 1268//1268 1369//1369 1269//1269
f 1370//1370 1269//1269 1369//1369
f 1269//1269 1370//1370 1303//1303
f 1272//1272 1271//1271 1371//1371
f 1271//1271 1288//1288 1286//1286
f 1286//1286 1372//1372 1271//1271
f 1373//1373 1271//1271 1372//1372
f 1371//1371 1271//1271 1373//1373
f 1371//1371 1374//1374 1272//1272
f 1375//1375 1369//1369 1272//1272
f 1375//1375 1272//1272 1374//1374
f 1286//1286 1273//1273 1372//1372
f 1372//1372 1273//1273 1274//1274
f 1274//1274 1275//1275 1372//1372
f 1372//1372 1275//1275 1276//1276
f 1276//1276 1283//1283 1373//1373
f 1276//1276 1277//1277 1283//1283
f 1372//1372 1276//1276 1373//1373
f 1376//1376 1278//1278 1377//1377
f 1279//1279 1377//1377 1278//1278
f 1282//1282 1278//1278 1378//1378
f 1378//1378 1278//1278 1376//1376
f 1279//1279 1280//1280 1377//1377
f 1280//1280 1379//1379 1377//1377
f 1380//1380 1379//1379 1280//1280
f 1281//1281 1380//1380 1280//1280
f 1360//1360 1380//1380 1281//1281
f 1283//1283 1282//1282 1378//1378
f 1373//1373 1283//1283 1378//1378
f 1288//1288 1285//1285 1284//1284
f 1288//1288 1284//1284 1286//1286
f 1289//1289 1326//1326 1294//1294
f 1326//1326 1289//1289 1290//1290
f 1326//1326 1290//1290 1329//1329
f 1291//1291 1329//1329 1290//1290
f 1381//1381 1329//1329 1291//1291
f 1381//1381 1291//1291 1382//1382
f 1291//1291 1293//1293 1382//1382
f 1383//1383 1292//1292 1301//1301
f 1293//1293 1292//1292 1383//1383
f 1382//1382 1293//1293 1383//1383
f 1295//1295 1296//1296 1302//1302
f 1295//1295 1384//1384 1297//1297
f 1385//1385 1295//1295 1302//1302
f 1384//1384 1295//1295 1385//1385
f 1297//1297 1386//1386 1298//1298
f 1386//1386 1297//1297 1384//1384
f 1298//1298 1300//1300 1299//1299
f 1386//1386 1387//1387 1298//1298
f 1387//1387 1388//1388 1298//1298
f 1389//1389 1298//1298 1388//1388
f 1298//1298 1389//1389 1300//1300
f 1301//1301 1300//1300 1389//1389
f 1301//1301 1390//1390 1391//1391
f 1301//1301 1392//1392 1383//1383
f 1301//1301 1389//1389 1390//1390
f 1391//1391 1392//1392 1301//1301
f 1302//1302 1303//1303 1385//1385
f 1385//1385 1303//1303 1393//1393
f 1303//1303 1370//1370 1393//1393
f 1305//1305 1304//1304 1339//1339
f 1306//1306 1340//1340 1394//1394
f 1306//1306 1394//1394 1307//1307
f 1307//1307 1394//1394 1336//1336
f 1336//1336 1335//1335 1307//1307
f 1307//1307 1315//1315 1308//1308
f 1315//1315 1307//1307 1335//1335
f 1309//1309 1395//1395 1314//1314
f 1309//1309 1396//1396 1395//1395
f 1310//1310 1396//1396 1309//1309
f 1397//1397 1396//1396 1310//1310
f 1312//1312 1397//1397 1310//1310
f 1311//1311 1397//1397 1312//1312
f 1398//1398 1311//1311 1317//1317
f 1311//1311 1398//1398 1399//1399
f 1399//1399 1397//1397 1311//1311
f 1400//1400 1319//1319 1313//1313
f 1401//1401 1402//1402 1313//1313
f 1313//1313 1402//1402 1400//1400
f 1314//1314 1401//1401 1313//1313
f 1314//1314 1395//1395 1401//1401
f 1315//1315 1335//1335 1316//1316
f 1335//1335 1337//1337 1316//1316
f 1403//1403 1316//1316 1337//1337
f 1318//1318 1316//1316 1403//1403
f 1317//1317 1404//1404 1405//1405
f 1317//1317 1405//1405 1398//1398
f 1317//1317 1318//1318 1404//1404
f 1406//1406 1407//1407 1318//1318
f 1408//1408 1318//1318 1407//1407
f 1404//1404 1318//1318 1408//1408
f 1318//1318 1403//1403 1406//1406
f 1400//1400 1409//1409 1319//1319
f 1410//1410 1319//1319 1409//1409
f 1319//1319 1410//1410 1320//1320
f 1320//1320 1410//1410 1345//1345
f 1340//1340 1322//1322 1323//1323
f 1338//1338 1340//1340 1323//1323
f 1325//1325 1411//1411 1324//1324
f 1331//1331 1324//1324 1412//1412
f 1412//1412 1324//1324 1411//1411
f 1411//1411 1325//1325 1327//1327
f 1411//1411 1327//1327 1328//1328
f 1411//1411 1328//1328 1413//1413
f 1414//1414 1415//1415 1328//1328
f 1328//1328 1330//1330 1414//1414
f 1413//1413 1328//1328 1415//1415
f 1329//1329 1381//1381 1330//1330
f 1414//1414 1330//1330 1381//1381
f 1332//1332 1331//1331 1416//1416
f 1416//1416 1331//1331 1412//1412
f 1406//1406 1403//1403 1332//1332
f 1332//1332 1416//1416 1406//1406
f 1403//1403 1337//1337 1332//1332
f 1338//1338 1334//1334 1333//1333
f 1333//1333 1336//1336 1338//1338
f 1338//1338 1336//1336 1394//1394
f 1394//1394 1340//1340 1338//1338
f 1341//1341 1344//1344 1342//1342
f 1368//1368 1343//1343 1344//1344
f 1368//1368 1344//1344 1417//1417
f 1344//1344 1352//1352 1417//1417
f 1418//1418 1345//1345 1410//1410
f 1345//1345 1418//1418 1346//1346
f 1346//1346 1419//1419 1348//1348
f 1418//1418 1419//1419 1346//1346
f 1348//1348 1350//1350 1347//1347
f 1348//1348 1352//1352 1351//1351
f 1417//1417 1348//1348 1419//1419
f 1348//1348 1417//1417 1352//1352
f 1348//1348 1351//1351 1350//1350
f 1350//1350 1351//1351 1349//1349
f 1368//1368 1420//1420 1353//1353
f 1421//1421 1353//1353 1420//1420
f 1353//1353 1421//1421 1354//1354
f 1421//1421 1422//1422 1354//1354
f 1422//1422 1355//1355 1354//1354
f 1422//1422 1356//1356 1355//1355
f 1356//1356 1422//1422 1357//1357
f 1357//1357 1422//1422 1423//1423
f 1423//1423 1424//1424 1357//1357
f 1424//1424 1367//1367 1357//1357
f 1358//1358 1425//1425 1362//1362
f 1426//1426 1425//1425 1358//1358
f 1359//1359 1426//1426 1358//1358
f 1366//1366 1426//1426 1359//1359
f 1360//1360 1427//1427 1380//1380
f 1428//1428 1427//1427 1360//1360
f 1361//1361 1428//1428 1360//1360
f 1362//1362 1428//1428 1361//1361
f 1428//1428 1362//1362 1425//1425
f 1364//1364 1429//1429 1363//1363
f 1366//1366 1363//1363 1429//1429
f 1364//1364 1430//1430 1431//1431
f 1432//1432 1430//1430 1364//1364
f 1429//1429 1364//1364 1431//1431
f 1365//1365 1432//1432 1364//1364
f 1433//1433 1365//1365 1367//1367
f 1433//1433 1432//1432 1365//1365
f 1429//1429 1434//1434 1366//1366
f 1426//1426 1366//1366 1434//1434
f 1367//1367 1435//1435 1433//1433
f 1367//1367 1436//1436 1435//1435
f 1367//1367 1424//1424 1436//1436
f 1437//1437 1420//1420 1368//1368
f 1368//1368 1438//1438 1437//1437
f 1417//1417 1438//1438 1368//1368
f 1439//1439 1369//1369 1375//1375
f 1370//1370 1369//1369 1439//1439
f 1440//1440 1370//1370 1441//1441
f 1442//1442 1441//1441 1370//1370
f 1370//1370 1440//1440 1393//1393
f 1442//1442 1370//1370 1443//1443
f 1443//1443 1370//1370 1439//1439
f 1444//1444 1374//1374 1371//1371
f 1373//1373 1444//1444 1371//1371
f 1445//1445 1446//1446 1373//1373
f 1373//1373 1378//1378 1445//1445
f 1373//1373 1446//1446 1444//1444
f 1374//1374 1447//1447 1375//1375
f 1448//1448 1374//1374 1444//1444
f 1374//1374 1448//1448 1449//1449
f 1450//1450 1447//1447 1374//1374
f 1374//1374 1449//1449 1450//1450
f 1451//1451 1439//1439 1375//1375
f 1447//1447 1451//1451 1375//1375
f 1376//1376 1377//1377 1379//1379
f 1378//1378 1376//1376 1379//1379
f 1452//1452 1445//1445 1378//1378
f 1378//1378 1379//1379 1452//1452
f 1453//1453 1452//1452 1379//1379
f 1380//1380 1453//1453 1379//1379
f 1427//1427 1453//1453 1380//1380
f 1414//1414 1381//1381 1382//1382
f 1383//1383 1414//1414 1382//1382
f 1454//1454 1414//1414 1383//1383
f 1383//1383 1455//1455 1454//1454
f 1392//1392 1455//1455 1383//1383
f 1387//1387 1386//1386 1384//1384
f 1385//1385 1456//1456 1384//1384
f 1384//1384 1456//1456 1388//1388
f 1384//1384 1388//1388 1387//1387
f 1457//1457 1456//1456 1385//1385
f 1385//1385 1393//1393 1440//1440
f 1440//1440 1457//1457 1385//1385
f 1388//1388 1458//1458 1389//1389
f 1458//1458 1388//1388 1456//1456
f 1458//1458 1459//1459 1389//1389
f 1459//1459 1390//1390 1389//1389
f 1460//1460 1391//1391 1390//1390
f 1390//1390 1461//1461 1462//1462
f 1390//1390 1459//1459 1461//1461
f 1462//1462 1460//1460 1390//1390
f 1392//1392 1391//1391 1463//1463
f 1463//1463 1391//1391 1464//1464
f 1460//1460 1464//1464 1391//1391
f 1455//1455 1392//1392 1465//1465
f 1463//1463 1465//1465 1392//1392
f 1466//1466 1401//1401 1395//1395
f 1395//1395 1467//1467 1468//1468
f 1396//1396 1467//1467 1395//1395
f 1466//1466 1395//1395 1468//1468
f 1397//1397 1469//1469 1396//1396
f 1396//1396 1469//1469 1467//1467
f 1397//1397 1399//1399 1469//1469
f 1405//1405 1470//1470 1398//1398
f 1469//1469 1399//1399 1398//1398
f 1470//1470 1469//1469 1398//1398
f 1400//1400 1471//1471 1472//1472
f 1402//1402 1471//1471 1400//1400
f 1400//1400 1472//1472 1409//1409
f 1401//1401 1471//1471 1402//1402
f 1401//1401 1466//1466 1471//1471
f 1473//1473 1405//1405 1404//1404
f 1408//1408 1473//1473 1404//1404
f 1474//1474 1470//1470 1405//1405
f 1405//1405 1473//1473 1474//1474
f 1406//1406 1475//1475 1407//1407
f 1416//1416 1476//1476 1406//1406
f 1406//1406 1476//1476 1475//1475
f 1407//1407 1477//1477 1408//1408
f 1407//1407 1478//1478 1479//1479
f 1407//1407 1475//1475 1478//1478
f 1477//1477 1407//1407 1479//1479
f 1477//1477 1480//1480 1408//1408
f 1473//1473 1408//1408 1481//1481
f 1481//1481 1408//1408 1480//1480
f 1482//1482 1410//1410 1409//1409
f 1409//1409 1472//1472 1483//1483
f 1409//1409 1483//1483 1482//1482
f 1410//1410 1482//1482 1418//1418
f 1411//1411 1413//1413 1484//1484
f 1484//1484 1412//1412 1411//1411
f 1484//1484 1476//1476 1412//1412
f 1416//1416 1412//1412 1476//1476
f 1484//1484 1413//1413 1485//1485
f 1413//1413 1415//1415 1486//1486
f 1486//1486 1485//1485 1413//1413
f 1487//1487 1415//1415 1414//1414
f 1414//1414 1454//1454 1487//1487
f 1487//1487 1486//1486 1415//1415
f 1488//1488 1417//1417 1474//1474
f 1489//1489 1474//1474 1417//1417
f 1419//1419 1490//1490 1417//1417
f 1417//1417 1491//1491 1489//1489
f 1490//1490 1492//1492 1417//1417
f 1417//1417 1492//1492 1491//1491
f 1438//1438 1417//1417 1488//1488
f 1482//1482 1483//1483 1418//1418
f 1418//1418 1483//1483 1493//1493
f 1493//1493 1490//1490 1418//1418
f 1418//1418 1490//1490 1419//1419
f 1421//1421 1420//1420 1422//1422
f 1494//1494 1420//1420 1437//1437
f 1422//1422 1420//1420 1494//1494
f 1495//1495 1496//1496 1422//1422
f 1497//1497 1495//1495 1422//1422
f 1422//1422 1498//1498 1497//1497
f 1498//1498 1422//1422 1494//1494
f 1422//1422 1496//1496 1423//1423
f 1462//1462 1423//1423 1499//1499
f 1462//1462 1500//1500 1423//1423
f 1423//1423 1500//1500 1501//1501
f 1424//1424 1423//1423 1501//1501
f 1496//1496 1499//1499 1423//1423
f 1502//1502 1503//1503 1424//1424
f 1501//1501 1502//1502 1424//1424
f 1503//1503 1436//1436 1424//1424
f 1425//1425 1504//1504 1428//1428
f 1425//1425 1505//1505 1506//1506
f 1506//1506 1504//1504 1425//1425
f 1425//1425 1426//1426 1505//1505
f 1505//1505 1426//1426 1434//1434
f 1453//1453 1427//1427 1504//1504
f 1428//1428 1504//1504 1427//1427
f 1434//1434 1429//1429 1507//1507
f 1431//1431 1507//1507 1429//1429
f 1430//1430 1508//1508 1431//1431
f 1508//1508 1430//1430 1509//1509
f 1432//1432 1509//1509 1430//1430
f 1431//1431 1508//1508 1507//1507
f 1510//1510 1509//1509 1432//1432
f 1433//1433 1510//1510 1432//1432
f 1435//1435 1510//1510 1433//1433
f 1505//1505 1434//1434 1507//1507
f 1511//1511 1512//1512 1435//1435
f 1435//1435 1436//1436 1511//1511
f 1435//1435 1512//1512 1510//1510
f 1436//1436 1513//1513 1511//1511
f 1503//1503 1513//1513 1436//1436
f 1494//1494 1437//1437 1438//1438
f 1494//1494 1438//1438 1488//1488
f 1443//1443 1439//1439 1451//1451
f 1514//1514 1440//1440 1441//1441
f 1457//1457 1440//1440 1515//1515
f 1440//1440 1514//1514 1516//1516
f 1516//1516 1515//1515 1440//1440
f 1441//1441 1517//1517 1514//1514
f 1441//1441 1442//1442 1517//1517
f 1518//1518 1442//1442 1443//1443
f 1518//1518 1517//1517 1442//1442
f 1519//1519 1520//1520 1443//1443
f 1443//1443 1520//1520 1518//1518
f 1519//1519 1443//1443 1451//1451
f 1446//1446 1448//1448 1444//1444
f 1521//1521 1446//1446 1445//1445
f 1445//1445 1504//1504 1521//1521
f 1445//1445 1452//1452 1453//1453
f 1453//1453 1504//1504 1445//1445
f 1446//1446 1521//1521 1448//1448
f 1451//1451 1447//1447 1450//1450
f 1449//1449 1448//1448 1521//1521
f 1506//1506 1522//1522 1449//1449
f 1449//1449 1521//1521 1506//1506
f 1523//1523 1450//1450 1449//1449
f 1523//1523 1449//1449 1522//1522
f 1450//1450 1523//1523 1451//1451
f 1451//1451 1524//1524 1519//1519
f 1451//1451 1523//1523 1524//1524
f 1454//1454 1525//1525 1487//1487
f 1526//1526 1454//1454 1455//1455
f 1526//1526 1525//1525 1454//1454
f 1526//1526 1455//1455 1465//1465
f 1527//1527 1458//1458 1456//1456
f 1456//1456 1457//1457 1527//1527
f 1527//1527 1457//1457 1528//1528
f 1457//1457 1515//1515 1528//1528
f 1529//1529 1458//1458 1527//1527
f 1458//1458 1529//1529 1461//1461
f 1461//1461 1459//1459 1458//1458
f 1530//1530 1464//1464 1460//1460
f 1530//1530 1460//1460 1499//1499
f 1462//1462 1499//1499 1460//1460
f 1461//1461 1529//1529 1462//1462
f 1529//1529 1531//1531 1462//1462
f 1500//1500 1462//1462 1531//1531
f 1463//1463 1532//1532 1533//1533
f 1465//1465 1463//1463 1533//1533
f 1530//1530 1463//1463 1464//1464
f 1532//1532 1463//1463 1530//1530
f 1465//1465 1533//1533 1526//1526
f 1534//1534 1471//1471 1466//1466
f 1466//1466 1468//1468 1534//1534
f 1468//1468 1467//1467 1470//1470
f 1470//1470 1467//1467 1469//1469
f 1468//1468 1492//1492 1534//1534
f 1491//1491 1492//1492 1468//1468
f 1468//1468 1470//1470 1489//1489
f 1468//1468 1489//1489 1491//1491
f 1474//1474 1489//1489 1470//1470
f 1471//1471 1534//1534 1472//1472
f 1472//1472 1534//1534 1493//1493
f 1472//1472 1493//1493 1483//1483
f 1473//1473 1481//1481 1474//1474
f 1480//1480 1535//1535 1474//1474
f 1474//1474 1535//1535 1536//1536
f 1536//1536 1537//1537 1474//1474
f 1488//1488 1474//1474 1537//1537
f 1481//1481 1480//1480 1474//1474
f 1484//1484 1475//1475 1476//1476
f 1478//1478 1475//1475 1485//1485
f 1484//1484 1485//1485 1475//1475
f 1479//1479 1480//1480 1477//1477
f 1479//1479 1478//1478 1538//1538
f 1485//1485 1486//1486 1478//1478
f 1486//1486 1538//1538 1478//1478
f 1479//1479 1539//1539 1480//1480
f 1479//1479 1540//1540 1539//1539
f 1538//1538 1540//1540 1479//1479
f 1480//1480 1541//1541 1535//1535
f 1480//1480 1539//1539 1541//1541
f 1538//1538 1486//1486 1487//1487
f 1487//1487 1525//1525 1542//1542
f 1487//1487 1542//1542 1538//1538
f 1488//1488 1537//1537 1543//1543
f 1543//1543 1544//1544 1488//1488
f 1488//1488 1545//1545 1498//1498
f 1494//1494 1488//1488 1498//1498
f 1488//1488 1544//1544 1545//1545
f 1490//1490 1493//1493 1534//1534
f 1492//1492 1490//1490 1534//1534
f 1546//1546 1496//1496 1495//1495
f 1546//1546 1495//1495 1497//1497
f 1499//1499 1496//1496 1530//1530
f 1530//1530 1496//1496 1547//1547
f 1496//1496 1546//1546 1547//1547
f 1498//1498 1546//1546 1497//1497
f 1548//1548 1498//1498 1545//1545
f 1548//1548 1546//1546 1498//1498
f 1531//1531 1549//1549 1500//1500
f 1500//1500 1549//1549 1550//1550
f 1501//1501 1500//1500 1550//1550
f 1550//1550 1502//1502 1501//1501
f 1502//1502 1551//1551 1503//1503
f 1552//1552 1551//1551 1502//1502
f 1550//1550 1552//1552 1502//1502
f 1503//1503 1551//1551 1513//1513
f 1506//1506 1521//1521 1504//1504
f 1553//1553 1506//1506 1505//1505
f 1507//1507 1553//1553 1505//1505
f 1506//1506 1553//1553 1522//1522
f 1553//1553 1507//1507 1508//1508
f 1554//1554 1522//1522 1508//1508
f 1508//1508 1555//1555 1554//1554
f 1508//1508 1522//1522 1553//1553
f 1509//1509 1555//1555 1508//1508
f 1556//1556 1555//1555 1509//1509
f 1510//1510 1556//1556 1509//1509
f 1512//1512 1556//1556 1510//1510
f 1512//1512 1511//1511 1557//1557
f 1513//1513 1557//1557 1511//1511
f 1556//1556 1512//1512 1557//1557
f 1513//1513 1558//1558 1557//1557
f 1551//1551 1558//1558 1513//1513
f 1514//1514 1517//1517 1559//1559
f 1514//1514 1559//1559 1516//1516
f 1528//1528 1515//1515 1516//1516
f 1516//1516 1559//1559 1560//1560
f 1561//1561 1516//1516 1560//1560
f 1528//1528 1516//1516 1561//1561
f 1559//1559 1517//1517 1518//1518
f 1518//1518 1520//1520 1562//1562
f 1563//1563 1518//1518 1564//1564
f 1564//1564 1518//1518 1562//1562
f 1565//1565 1518//1518 1563//1563
f 1565//1565 1559//1559 1518//1518
f 1562//1562 1520//1520 1519//1519
f 1566//1566 1519//1519 1524//1524
f 1519//1519 1566//1566 1562//1562
f 1567//1567 1522//1522 1554//1554
f 1523//1523 1522//1522 1567//1567
f 1566//1566 1524//1524 1523//1523
f 1567//1567 1566//1566 1523//1523
f 1525//1525 1526//1526 1568//1568
f 1542//1542 1525//1525 1568//1568
f 1533//1533 1568//1568 1526//1526
f 1528//1528 1569//1569 1527//1527
f 1529//1529 1527//1527 1569//1569
f 1528//1528 1561//1561 1570//1570
f 1570//1570 1569//1569 1528//1528
f 1569//1569 1531//1531 1529//1529
f 1571//1571 1532//1532 1530//1530
f 1530//1530 1547//1547 1572//1572
f 1572//1572 1573//1573 1530//1530
f 1573//1573 1571//1571 1530//1530
f 1549//1549 1531//1531 1569//1569
f 1532//1532 1568//1568 1533//1533
f 1574//1574 1568//1568 1532//1532
f 1571//1571 1574//1574 1532//1532
f 1544//1544 1543//1543 1535//1535
f 1543//1543 1536//1536 1535//1535
f 1544//1544 1535//1535 1541//1541
f 1536//1536 1543//1543 1537//1537
f 1538//1538 1575//1575 1540//1540
f 1542//1542 1575//1575 1538//1538
f 1540//1540 1576//1576 1539//1539
f 1539//1539 1576//1576 1577//1577
f 1544//1544 1541//1541 1539//1539
f 1544//1544 1539//1539 1577//1577
f 1540//1540 1575//1575 1576//1576
f 1568//1568 1574//1574 1542//1542
f 1574//1574 1575//1575 1542//1542
f 1578//1578 1579//1579 1544//1544
f 1579//1579 1545//1545 1544//1544
f 1578//1578 1544//1544 1577//1577
f 1545//1545 1580//1580 1548//1548
f 1579//1579 1580//1580 1545//1545
f 1546//1546 1572//1572 1547//1547
f 1548//1548 1572//1572 1546//1546
f 1572//1572 1548//1548 1580//1580
f 1569//1569 1570//1570 1549//1549
f 1550//1550 1549//1549 1570//1570
f 1581//1581 1550//1550 1570//1570
f 1550//1550 1581//1581 1552//1552
f 1551//1551 1552//1552 1558//1558
f 1552//1552 1581//1581 1582//1582
f 1552//1552 1582//1582 1558//1558
f 1567//1567 1554//1554 1555//1555
f 1555//1555 1557//1557 1567//1567
f 1557//1557 1555//1555 1556//1556
f 1557//1557 1583//1583 1567//1567
f 1558//1558 1583//1583 1557//1557
f 1558//1558 1582//1582 1583//1583
f 1565//1565 1560//1560 1559//1559
f 1561//1561 1560//1560 1584//1584
f 1584//1584 1560//1560 1563//1563
f 1563//1563 1560//1560 1565//1565
f 1570//1570 1561//1561 1584//1584
f 1564//1564 1562//1562 1585//1585
f 1585//1585 1562//1562 1566//1566
f 1582//1582 1563//1563 1564//1564
f 1582//1582 1581//1581 1563//1563
f 1584//1584 1563//1563 1581//1581
f 1564//1564 1585//1585 1583//1583
f 1583//1583 1582//1582 1564//1564
f 1566//1566 1567//1567 1585//1585
f 1583//1583 1585//1585 1567//1567
f 1581//1581 1570//1570 1584//1584
f 1578//1578 1574//1574 1571//1571
f 1573//1573 1580//1580 1571//1571
f 1580//1580 1586//1586 1571//1571
f 1578//1578 1571//1571 1586//1586
f 1572//1572 1580//1580 1573//1573
f 1587//1587 1575//1575 1574//1574
f 1574//1574 1578//1578 1587//1587
f 1576//1576 1575//1575 1588//1588
f 1587//1587 1588//1588 1575//1575
f 1576//1576 1588//1588 1577//1577
f 1577//1577 1588//1588 1578//1578
f 1578//1578 1586//1586 1579//1579
f 1588//1588 1587//1587 1578//1578
f 1586//1586 1580//1580 1579//1579
